run_id,schema_version,event_id,trace_id,proc_id,module,edge,mono_ns,trace_valid,channel,input_seq,output_seq,data_ts_ns,object_count,primary_parent_trace_id,parent_trace_count,pid,tid
202607102214,e2e_trace_v3,0,17294075078819975993,0,prediction,in,3478596999168,1,/apollo/perception/obstacles,4926,0,1783692860827715723,0,72310103755199294,2,124286,124390
202607102214,e2e_trace_v3,11,17294075078819975993,0,prediction,out,3478602438880,1,/apollo/prediction,0,4681,1783692860827715723,3,72310103755199294,2,124286,124390
202607102214,e2e_trace_v3,12,17294075078819975994,0,prediction,in,3478702903072,1,/apollo/perception/obstacles,4927,0,1783692860927423291,0,72310103755199295,2,124286,124377
202607102214,e2e_trace_v3,23,17294075078819975994,0,prediction,out,3478707676000,1,/apollo/prediction,0,4682,1783692860927423291,2,72310103755199295,2,124286,124377
202607102214,e2e_trace_v3,24,17294075078819975995,0,prediction,in,3478801070144,1,/apollo/perception/obstacles,4928,0,1783692861027915446,0,72310103755199296,2,124286,124385
202607102214,e2e_trace_v3,35,17294075078819975995,0,prediction,out,3478806236864,1,/apollo/prediction,0,4683,1783692861027915446,3,72310103755199296,2,124286,124385
202607102214,e2e_trace_v3,36,17294075078819975996,0,prediction,in,3478900628832,1,/apollo/perception/obstacles,4929,0,1783692861127877382,0,72310103755199297,2,124286,124381
202607102214,e2e_trace_v3,47,17294075078819975996,0,prediction,out,3478903620992,1,/apollo/prediction,0,4684,1783692861127877382,2,72310103755199297,2,124286,124381
202607102214,e2e_trace_v3,48,17294075078819975997,0,prediction,in,3478996999040,1,/apollo/perception/obstacles,4930,0,1783692861227810253,0,72310103755199298,2,124286,124380
202607102214,e2e_trace_v3,59,17294075078819975997,0,prediction,out,3479002146752,1,/apollo/prediction,0,4685,1783692861227810253,3,72310103755199298,2,124286,124380
202607102214,e2e_trace_v3,60,17294075078819975998,0,prediction,in,3479096695040,1,/apollo/perception/obstacles,4931,0,1783692861327177461,0,72310103755199299,2,124286,124385
202607102214,e2e_trace_v3,71,17294075078819975998,0,prediction,out,3479100403936,1,/apollo/prediction,0,4686,1783692861327177461,2,72310103755199299,2,124286,124385
202607102214,e2e_trace_v3,72,17294075078819975999,0,prediction,in,3479197439232,1,/apollo/perception/obstacles,4932,0,1783692861427878103,0,72310103755199300,2,124286,124359
202607102214,e2e_trace_v3,83,17294075078819975999,0,prediction,out,3479201029024,1,/apollo/prediction,0,4687,1783692861427878103,2,72310103755199300,2,124286,124359
202607102214,e2e_trace_v3,84,17294075078819976000,0,prediction,in,3479330169728,1,/apollo/perception/obstacles,4933,0,1783692861527016620,0,72310103755199301,2,124286,124389
202607102214,e2e_trace_v3,95,17294075078819976000,0,prediction,out,3479334199104,1,/apollo/prediction,0,4688,1783692861527016620,2,72310103755199301,2,124286,124389
202607102214,e2e_trace_v3,96,17294075078819976001,0,prediction,in,3479397566400,1,/apollo/perception/obstacles,4934,0,1783692861628297151,0,72310103755199302,2,124286,124382
202607102214,e2e_trace_v3,107,17294075078819976001,0,prediction,out,3479401872288,1,/apollo/prediction,0,4689,1783692861628297151,2,72310103755199302,2,124286,124382
202607102214,e2e_trace_v3,108,17294075078819976002,0,prediction,in,3479495609728,1,/apollo/perception/obstacles,4935,0,1783692861726736328,0,72310103755199303,2,124286,124386
202607102214,e2e_trace_v3,119,17294075078819976002,0,prediction,out,3479500285920,1,/apollo/prediction,0,4690,1783692861726736328,3,72310103755199303,2,124286,124386
202607102214,e2e_trace_v3,120,17294075078819976003,0,prediction,in,3479596773856,1,/apollo/perception/obstacles,4936,0,1783692861826495598,0,72310103755199304,2,124286,124388
202607102214,e2e_trace_v3,131,17294075078819976003,0,prediction,out,3479604987552,1,/apollo/prediction,0,4691,1783692861826495598,3,72310103755199304,2,124286,124388
202607102214,e2e_trace_v3,132,17294075078819976004,0,prediction,in,3479694026976,1,/apollo/perception/obstacles,4937,0,1783692861926600682,0,72310103755199305,2,124286,124387
202607102214,e2e_trace_v3,143,17294075078819976004,0,prediction,out,3479699353120,1,/apollo/prediction,0,4692,1783692861926600682,4,72310103755199305,2,124286,124387
202607102214,e2e_trace_v3,144,17294075078819976005,0,prediction,in,3479803499680,1,/apollo/perception/obstacles,4938,0,1783692862033533879,0,72310103755199306,2,124286,124389
202607102214,e2e_trace_v3,155,17294075078819976005,0,prediction,out,3479808680032,1,/apollo/prediction,0,4693,1783692862033533879,4,72310103755199306,2,124286,124389
202607102214,e2e_trace_v3,156,17294075078819976006,0,prediction,in,3479896517856,1,/apollo/perception/obstacles,4939,0,1783692862127951543,0,72310103755199307,2,124286,124390
202607102214,e2e_trace_v3,167,17294075078819976006,0,prediction,out,3479899655296,1,/apollo/prediction,0,4694,1783692862127951543,4,72310103755199307,2,124286,124390
202607102214,e2e_trace_v3,168,17294075078819976007,0,prediction,in,3480008747232,1,/apollo/perception/obstacles,4940,0,1783692862241755200,0,72310103755199308,2,124286,124382
202607102214,e2e_trace_v3,179,17294075078819976007,0,prediction,out,3480013936384,1,/apollo/prediction,0,4695,1783692862241755200,4,72310103755199308,2,124286,124382
202607102214,e2e_trace_v3,180,17294075078819976008,0,prediction,in,3480101001824,1,/apollo/perception/obstacles,4941,0,1783692862334605323,0,72310103755199309,2,124286,124388
202607102214,e2e_trace_v3,191,17294075078819976008,0,prediction,out,3480104138880,1,/apollo/prediction,0,4696,1783692862334605323,4,72310103755199309,2,124286,124388
202607102214,e2e_trace_v3,192,17294075078819976009,0,prediction,in,3480193522880,1,/apollo/perception/obstacles,4942,0,1783692862427124748,0,72310103755199310,2,124286,124377
202607102214,e2e_trace_v3,203,17294075078819976009,0,prediction,out,3480196854560,1,/apollo/prediction,0,4697,1783692862427124748,3,72310103755199310,2,124286,124377
202607102214,e2e_trace_v3,204,17294075078819976010,0,prediction,in,3480334517920,1,/apollo/perception/obstacles,4943,0,1783692862528204136,0,72310103755199311,2,124286,124389
202607102214,e2e_trace_v3,215,17294075078819976010,0,prediction,out,3480340821408,1,/apollo/prediction,0,4698,1783692862528204136,4,72310103755199311,2,124286,124389
202607102214,e2e_trace_v3,216,17294075078819976011,0,prediction,in,3480400949568,1,/apollo/perception/obstacles,4944,0,1783692862632041176,0,72310103755199312,2,124286,124379
202607102214,e2e_trace_v3,227,17294075078819976011,0,prediction,out,3480405332608,1,/apollo/prediction,0,4699,1783692862632041176,5,72310103755199312,2,124286,124379
202607102214,e2e_trace_v3,228,17294075078819976012,0,prediction,in,3480492498048,1,/apollo/perception/obstacles,4945,0,1783692862727862371,0,72310103755199313,2,124286,124381
202607102214,e2e_trace_v3,239,17294075078819976012,0,prediction,out,3480497822048,1,/apollo/prediction,0,4700,1783692862727862371,4,72310103755199313,2,124286,124381
202607102214,e2e_trace_v3,240,17294075078819976013,0,prediction,in,3480588549248,1,/apollo/perception/obstacles,4946,0,1783692862826934205,0,72310103755199314,2,124286,124383
202607102214,e2e_trace_v3,251,17294075078819976013,0,prediction,out,3480596541120,1,/apollo/prediction,0,4701,1783692862826934205,3,72310103755199314,2,124286,124383
202607102214,e2e_trace_v3,252,17294075078819976014,0,prediction,in,3480704305760,1,/apollo/perception/obstacles,4947,0,1783692862927087606,0,72310103755199315,2,124286,124380
202607102214,e2e_trace_v3,263,17294075078819976014,0,prediction,out,3480712329280,1,/apollo/prediction,0,4702,1783692862927087606,3,72310103755199315,2,124286,124380
202607102214,e2e_trace_v3,264,17294075078819976015,0,prediction,in,3480792868672,1,/apollo/perception/obstacles,4948,0,1783692863026973221,0,72310103755199316,2,124286,124389
202607102214,e2e_trace_v3,275,17294075078819976015,0,prediction,out,3480801000992,1,/apollo/prediction,0,4703,1783692863026973221,5,72310103755199316,2,124286,124389
202607102214,e2e_trace_v3,276,17294075078819976016,0,prediction,in,3480902212000,1,/apollo/perception/obstacles,4949,0,1783692863128020838,0,72310103755199317,2,124286,124391
202607102214,e2e_trace_v3,287,17294075078819976016,0,prediction,out,3480905507072,1,/apollo/prediction,0,4704,1783692863128020838,4,72310103755199317,2,124286,124391
202607102214,e2e_trace_v3,288,17294075078819976017,0,prediction,in,3480986387584,1,/apollo/perception/obstacles,4950,0,1783692863225711456,0,72310103755199318,2,124286,124359
202607102214,e2e_trace_v3,299,17294075078819976017,0,prediction,out,3480989959968,1,/apollo/prediction,0,4705,1783692863225711456,6,72310103755199318,2,124286,124359
202607102214,e2e_trace_v3,300,17294075078819976018,0,prediction,in,3481092979520,1,/apollo/perception/obstacles,4951,0,1783692863327481792,0,72310103755199319,2,124286,124390
202607102214,e2e_trace_v3,311,17294075078819976018,0,prediction,out,3481097876512,1,/apollo/prediction,0,4706,1783692863327481792,4,72310103755199319,2,124286,124390
202607102214,e2e_trace_v3,312,17294075078819976019,0,prediction,in,3481197363200,1,/apollo/perception/obstacles,4952,0,1783692863427036171,0,72310103755199320,2,124286,124378
202607102214,e2e_trace_v3,323,17294075078819976019,0,prediction,out,3481201084832,1,/apollo/prediction,0,4707,1783692863427036171,4,72310103755199320,2,124286,124378
202607102214,e2e_trace_v3,324,17294075078819976020,0,prediction,in,3481331931552,1,/apollo/perception/obstacles,4953,0,1783692863526591993,0,72310103755199321,2,124286,124390
202607102214,e2e_trace_v3,335,17294075078819976020,0,prediction,out,3481340514944,1,/apollo/prediction,0,4708,1783692863526591993,5,72310103755199321,2,124286,124390
202607102214,e2e_trace_v3,336,17294075078819976021,0,prediction,in,3481401232672,1,/apollo/perception/obstacles,4954,0,1783692863630998197,0,72310103755199322,2,124286,124359
202607102214,e2e_trace_v3,347,17294075078819976021,0,prediction,out,3481408977312,1,/apollo/prediction,0,4709,1783692863630998197,4,72310103755199322,2,124286,124359
202607102214,e2e_trace_v3,348,17294075078819976022,0,prediction,in,3481491427552,1,/apollo/perception/obstacles,4955,0,1783692863726569766,0,72310103755199323,2,124286,124379
202607102214,e2e_trace_v3,359,17294075078819976022,0,prediction,out,3481497214432,1,/apollo/prediction,0,4710,1783692863726569766,3,72310103755199323,2,124286,124379
202607102214,e2e_trace_v3,360,17294075078819976023,0,prediction,in,3481593519104,1,/apollo/perception/obstacles,4956,0,1783692863827221411,0,72310103755199324,2,124286,124381
202607102214,e2e_trace_v3,371,17294075078819976023,0,prediction,out,3481598349440,1,/apollo/prediction,0,4711,1783692863827221411,3,72310103755199324,2,124286,124381
202607102214,e2e_trace_v3,372,17294075078819976024,0,prediction,in,3481694486560,1,/apollo/perception/obstacles,4957,0,1783692863926688315,0,72310103755199325,2,124286,124386
202607102214,e2e_trace_v3,383,17294075078819976024,0,prediction,out,3481700224768,1,/apollo/prediction,0,4712,1783692863926688315,4,72310103755199325,2,124286,124386
202607102214,e2e_trace_v3,384,17294075078819976025,0,prediction,in,3481795565184,1,/apollo/perception/obstacles,4958,0,1783692864026617589,0,72310103755199326,2,124286,124382
202607102214,e2e_trace_v3,395,17294075078819976025,0,prediction,out,3481801934304,1,/apollo/prediction,0,4713,1783692864026617589,6,72310103755199326,2,124286,124382
202607102214,e2e_trace_v3,396,17294075078819976026,0,prediction,in,3481896787552,1,/apollo/perception/obstacles,4959,0,1783692864127014243,0,72310103755199327,2,124286,124359
202607102214,e2e_trace_v3,407,17294075078819976026,0,prediction,out,3481904780960,1,/apollo/prediction,0,4714,1783692864127014243,4,72310103755199327,2,124286,124359
202607102214,e2e_trace_v3,408,17294075078819976027,0,prediction,in,3481994500160,1,/apollo/perception/obstacles,4960,0,1783692864226140796,0,72310103755199328,2,124286,124384
202607102214,e2e_trace_v3,419,17294075078819976027,0,prediction,out,3481999651200,1,/apollo/prediction,0,4715,1783692864226140796,4,72310103755199328,2,124286,124384
202607102214,e2e_trace_v3,420,17294075078819976028,0,prediction,in,3482090891520,1,/apollo/perception/obstacles,4961,0,1783692864327293490,0,72310103755199329,2,124286,124377
202607102214,e2e_trace_v3,431,17294075078819976028,0,prediction,out,3482099924992,1,/apollo/prediction,0,4716,1783692864327293490,4,72310103755199329,2,124286,124377
202607102214,e2e_trace_v3,432,17294075078819976029,0,prediction,in,3482195710176,1,/apollo/perception/obstacles,4962,0,1783692864427771989,0,72310103755199330,2,124286,124387
202607102214,e2e_trace_v3,443,17294075078819976029,0,prediction,out,3482200720480,1,/apollo/prediction,0,4717,1783692864427771989,5,72310103755199330,2,124286,124387
202607102214,e2e_trace_v3,444,17294075078819976030,0,prediction,in,3482297116480,1,/apollo/perception/obstacles,4963,0,1783692864527721181,0,72310103755199331,2,124286,124386
202607102214,e2e_trace_v3,455,17294075078819976030,0,prediction,out,3482302821184,1,/apollo/prediction,0,4718,1783692864527721181,5,72310103755199331,2,124286,124386
202607102214,e2e_trace_v3,456,17294075078819976031,0,prediction,in,3482461340640,1,/apollo/perception/obstacles,4964,0,1783692864626656473,0,72310103755199332,2,124286,124379
202607102214,e2e_trace_v3,467,17294075078819976031,0,prediction,out,3482469540928,1,/apollo/prediction,0,4719,1783692864626656473,3,72310103755199332,2,124286,124379
202607102214,e2e_trace_v3,468,17294075078819976032,0,prediction,in,3482607114656,1,/apollo/perception/obstacles,4965,0,1783692864726207317,0,72310103755199333,2,124286,124382
202607102214,e2e_trace_v3,479,17294075078819976032,0,prediction,out,3482611298816,1,/apollo/prediction,0,4720,1783692864726207317,3,72310103755199333,2,124286,124382
202607102214,e2e_trace_v3,480,17294075078819976033,0,prediction,in,3482760852608,1,/apollo/perception/obstacles,4966,0,1783692864826508579,0,72310103755199334,2,124286,124378
202607102214,e2e_trace_v3,491,17294075078819976033,0,prediction,out,3482765626368,1,/apollo/prediction,0,4721,1783692864826508579,2,72310103755199334,2,124286,124378
202607102214,e2e_trace_v3,492,17294075078819976034,0,prediction,in,3482944211072,1,/apollo/perception/obstacles,4967,0,1783692864927376814,0,72310103755199335,2,124286,124391
202607102214,e2e_trace_v3,503,17294075078819976034,0,prediction,out,3482949188352,1,/apollo/prediction,0,4722,1783692864927376814,2,72310103755199335,2,124286,124391
202607102214,e2e_trace_v3,504,17294075078819976035,0,prediction,in,3483111355104,1,/apollo/perception/obstacles,4968,0,1783692865025959936,0,72310103755199336,2,124286,124377
202607102214,e2e_trace_v3,515,17294075078819976035,0,prediction,out,3483115055136,1,/apollo/prediction,0,4723,1783692865025959936,2,72310103755199336,2,124286,124377
202607102214,e2e_trace_v3,516,17294075078819976036,0,prediction,in,3483197531552,1,/apollo/perception/obstacles,4969,0,1783692865128100644,0,72310103755199337,2,124286,124385
202607102214,e2e_trace_v3,527,17294075078819976036,0,prediction,out,3483202027296,1,/apollo/prediction,0,4724,1783692865128100644,3,72310103755199337,2,124286,124385
202607102214,e2e_trace_v3,528,17294075078819976037,0,prediction,in,3483274595392,1,/apollo/perception/obstacles,4970,0,1783692865227282548,0,72310103755199338,2,124286,124380
202607102214,e2e_trace_v3,539,17294075078819976037,0,prediction,out,3483279640096,1,/apollo/prediction,0,4725,1783692865227282548,4,72310103755199338,2,124286,124380
202607102214,e2e_trace_v3,540,17294075078819976038,0,prediction,in,3483437546688,1,/apollo/perception/obstacles,4971,0,1783692865327220848,0,72310103755199339,2,124286,124378
202607102214,e2e_trace_v3,551,17294075078819976038,0,prediction,out,3483442991712,1,/apollo/prediction,0,4726,1783692865327220848,3,72310103755199339,2,124286,124378
202607102214,e2e_trace_v3,552,17294075078819976039,0,prediction,in,3483601457440,1,/apollo/perception/obstacles,4972,0,1783692865426055553,0,72310103755199340,2,124286,124377
202607102214,e2e_trace_v3,563,17294075078819976039,0,prediction,out,3483608681728,1,/apollo/prediction,0,4727,1783692865426055553,4,72310103755199340,2,124286,124377
202607102214,e2e_trace_v3,564,17294075078819976040,0,prediction,in,3483765918624,1,/apollo/perception/obstacles,4973,0,1783692865527487871,0,72310103755199341,2,124286,124384
202607102214,e2e_trace_v3,575,17294075078819976040,0,prediction,out,3483772547552,1,/apollo/prediction,0,4728,1783692865527487871,5,72310103755199341,2,124286,124384
202607102214,e2e_trace_v3,576,17294075078819976041,0,prediction,in,3483930183616,1,/apollo/perception/obstacles,4974,0,1783692865626939720,0,72310103755199342,2,124286,124390
202607102214,e2e_trace_v3,587,17294075078819976041,0,prediction,out,3483935643744,1,/apollo/prediction,0,4729,1783692865626939720,2,72310103755199342,2,124286,124390
202607102214,e2e_trace_v3,588,17294075078819976042,0,prediction,in,3484094671552,1,/apollo/perception/obstacles,4975,0,1783692865726327530,0,72310103755199343,2,124286,124359
202607102214,e2e_trace_v3,599,17294075078819976042,0,prediction,out,3484098536608,1,/apollo/prediction,0,4730,1783692865726327530,2,72310103755199343,2,124286,124359
202607102214,e2e_trace_v3,600,17294075078819976043,0,prediction,in,3484260148672,1,/apollo/perception/obstacles,4976,0,1783692865826746112,0,72310103755199344,2,124286,124385
202607102214,e2e_trace_v3,611,17294075078819976043,0,prediction,out,3484267061376,1,/apollo/prediction,0,4731,1783692865826746112,2,72310103755199344,2,124286,124385
202607102214,e2e_trace_v3,612,17294075078819976044,0,prediction,in,3484427496576,1,/apollo/perception/obstacles,4977,0,1783692865925935770,0,72310103755199345,2,124286,124391
202607102214,e2e_trace_v3,623,17294075078819976044,0,prediction,out,3484431663424,1,/apollo/prediction,0,4732,1783692865925935770,2,72310103755199345,2,124286,124391
202607102214,e2e_trace_v3,624,17294075078819976045,0,prediction,in,3484595131840,1,/apollo/perception/obstacles,4978,0,1783692866027421415,0,72310103755199346,2,124286,124383
202607102214,e2e_trace_v3,635,17294075078819976045,0,prediction,out,3484601192256,1,/apollo/prediction,0,4733,1783692866027421415,1,72310103755199346,2,124286,124383
202607102214,e2e_trace_v3,636,17294075078819976046,0,prediction,in,3484761931680,1,/apollo/perception/obstacles,4979,0,1783692866126551706,0,72310103755199347,2,124286,124390
202607102214,e2e_trace_v3,647,17294075078819976046,0,prediction,out,3484767502208,1,/apollo/prediction,0,4734,1783692866126551706,1,72310103755199347,2,124286,124390
202607102214,e2e_trace_v3,648,17294075078819976047,0,prediction,in,3484839387648,1,/apollo/perception/obstacles,4980,0,1783692866226169806,0,72310103755199348,2,124286,124388
202607102214,e2e_trace_v3,659,17294075078819976047,0,prediction,out,3484843653472,1,/apollo/prediction,0,4735,1783692866226169806,0,72310103755199348,2,124286,124388
202607102214,e2e_trace_v3,660,17294075078819976048,0,prediction,in,3485007912704,1,/apollo/perception/obstacles,4981,0,1783692866329138518,0,72310103755199349,2,124286,124387
202607102214,e2e_trace_v3,671,17294075078819976048,0,prediction,out,3485011606336,1,/apollo/prediction,0,4736,1783692866329138518,1,72310103755199349,2,124286,124387
202607102214,e2e_trace_v3,672,17294075078819976049,0,prediction,in,3485175790400,1,/apollo/perception/obstacles,4982,0,1783692866426607087,0,72310103755199350,2,124286,124389
202607102214,e2e_trace_v3,683,17294075078819976049,0,prediction,out,3485180104928,1,/apollo/prediction,0,4737,1783692866426607087,2,72310103755199350,2,124286,124389
202607102214,e2e_trace_v3,684,17294075078819976050,0,prediction,in,3485343076416,1,/apollo/perception/obstacles,4983,0,1783692866525754730,0,72310103755199351,2,124286,124388
202607102214,e2e_trace_v3,695,17294075078819976050,0,prediction,out,3485347294112,1,/apollo/prediction,0,4738,1783692866525754730,1,72310103755199351,2,124286,124388
202607102214,e2e_trace_v3,696,17294075078819976051,0,prediction,in,3485513464928,1,/apollo/perception/obstacles,4984,0,1783692866627743103,0,72310103755199352,2,124286,124381
202607102214,e2e_trace_v3,707,17294075078819976051,0,prediction,out,3485520371488,1,/apollo/prediction,0,4739,1783692866627743103,1,72310103755199352,2,124286,124381
202607102214,e2e_trace_v3,708,17294075078819976052,0,prediction,in,3485682821056,1,/apollo/perception/obstacles,4985,0,1783692866726461560,0,72310103755199353,2,124286,124385
202607102214,e2e_trace_v3,719,17294075078819976052,0,prediction,out,3485687566880,1,/apollo/prediction,0,4740,1783692866726461560,1,72310103755199353,2,124286,124385
202607102214,e2e_trace_v3,720,17294075078819976053,0,prediction,in,3485853220864,1,/apollo/perception/obstacles,4986,0,1783692866827529551,0,72310103755199354,2,124286,124384
202607102214,e2e_trace_v3,731,17294075078819976053,0,prediction,out,3485856698944,1,/apollo/prediction,0,4741,1783692866827529551,1,72310103755199354,2,124286,124384
202607102214,e2e_trace_v3,732,17294075078819976054,0,prediction,in,3486024849472,1,/apollo/perception/obstacles,4987,0,1783692866928000793,0,72310103755199355,2,124286,124391
202607102214,e2e_trace_v3,743,17294075078819976054,0,prediction,out,3486032066240,1,/apollo/prediction,0,4742,1783692866928000793,2,72310103755199355,2,124286,124391
202607102214,e2e_trace_v3,744,17294075078819976055,0,prediction,in,3486195881312,1,/apollo/perception/obstacles,4988,0,1783692867026425076,0,72310103755199356,2,124286,124377
202607102214,e2e_trace_v3,755,17294075078819976055,0,prediction,out,3486203457184,1,/apollo/prediction,0,4743,1783692867026425076,2,72310103755199356,2,124286,124377
202607102214,e2e_trace_v3,756,17294075078819976056,0,prediction,in,3486368348832,1,/apollo/perception/obstacles,4989,0,1783692867126128433,0,72310103755199357,2,124286,124384
202607102214,e2e_trace_v3,767,17294075078819976056,0,prediction,out,3486373405024,1,/apollo/prediction,0,4744,1783692867126128433,2,72310103755199357,2,124286,124384
202607102214,e2e_trace_v3,768,17294075078819976057,0,prediction,in,3486445165664,1,/apollo/perception/obstacles,4990,0,1783692867225524097,0,72310103755199358,2,124286,124378
202607102214,e2e_trace_v3,779,17294075078819976057,0,prediction,out,3486448533280,1,/apollo/prediction,0,4745,1783692867225524097,1,72310103755199358,2,124286,124378
202607102214,e2e_trace_v3,780,17294075078819976058,0,prediction,in,3486522996672,1,/apollo/perception/obstacles,4991,0,1783692867325844682,0,72310103755199359,2,124286,124390
202607102214,e2e_trace_v3,791,17294075078819976058,0,prediction,out,3486526344320,1,/apollo/prediction,0,4746,1783692867325844682,1,72310103755199359,2,124286,124390
202607102214,e2e_trace_v3,792,17294075078819976059,0,prediction,in,3486603611392,1,/apollo/perception/obstacles,4992,0,1783692867426465456,0,72310103755199360,2,124286,124388
202607102214,e2e_trace_v3,803,17294075078819976059,0,prediction,out,3486609532736,1,/apollo/prediction,0,4747,1783692867426465456,2,72310103755199360,2,124286,124388
202607102214,e2e_trace_v3,804,17294075078819976060,0,prediction,in,3486683061440,1,/apollo/perception/obstacles,4993,0,1783692867532709990,0,72310103755199361,2,124286,124378
202607102214,e2e_trace_v3,815,17294075078819976060,0,prediction,out,3486686627840,1,/apollo/prediction,0,4748,1783692867532709990,3,72310103755199361,2,124286,124378
202607102214,e2e_trace_v3,816,17294075078819976061,0,prediction,in,3486773603296,1,/apollo/perception/obstacles,4994,0,1783692867626348587,0,72310103755199362,2,124286,124391
202607102214,e2e_trace_v3,827,17294075078819976061,0,prediction,out,3486779803968,1,/apollo/prediction,0,4749,1783692867626348587,2,72310103755199362,2,124286,124391
202607102214,e2e_trace_v3,828,17294075078819976062,0,prediction,in,3486858304256,1,/apollo/perception/obstacles,4995,0,1783692867726082098,0,72310103755199363,2,124286,124359
202607102214,e2e_trace_v3,839,17294075078819976062,0,prediction,out,3486866277408,1,/apollo/prediction,0,4750,1783692867726082098,2,72310103755199363,2,124286,124359
202607102214,e2e_trace_v3,840,17294075078819976063,0,prediction,in,3486936168704,1,/apollo/perception/obstacles,4996,0,1783692867833147792,0,72310103755199364,2,124286,124382
202607102214,e2e_trace_v3,851,17294075078819976063,0,prediction,out,3486939761472,1,/apollo/prediction,0,4751,1783692867833147792,2,72310103755199364,2,124286,124382
202607102214,e2e_trace_v3,852,17294075078819976064,0,prediction,in,3487015575200,1,/apollo/perception/obstacles,4997,0,1783692867926145230,0,72310103755199365,2,124286,124389
202607102214,e2e_trace_v3,863,17294075078819976064,0,prediction,out,3487019007328,1,/apollo/prediction,0,4752,1783692867926145230,1,72310103755199365,2,124286,124389
202607102214,e2e_trace_v3,864,17294075078819976065,0,prediction,in,3487096069056,1,/apollo/perception/obstacles,4998,0,1783692868026066945,0,72310103755199366,2,124286,124387
202607102214,e2e_trace_v3,875,17294075078819976065,0,prediction,out,3487099655680,1,/apollo/prediction,0,4753,1783692868026066945,1,72310103755199366,2,124286,124387
202607102214,e2e_trace_v3,876,17294075078819976066,0,prediction,in,3487173830464,1,/apollo/perception/obstacles,4999,0,1783692868126839258,0,72310103755199367,2,124286,124379
202607102214,e2e_trace_v3,887,17294075078819976066,0,prediction,out,3487177599488,1,/apollo/prediction,0,4754,1783692868126839258,3,72310103755199367,2,124286,124379
202607102214,e2e_trace_v3,888,17294075078819976067,0,prediction,in,3487252503936,1,/apollo/perception/obstacles,5000,0,1783692868226802601,0,72310103755199368,2,124286,124391
202607102214,e2e_trace_v3,899,17294075078819976067,0,prediction,out,3487257419392,1,/apollo/prediction,0,4755,1783692868226802601,2,72310103755199368,2,124286,124391
202607102214,e2e_trace_v3,900,17294075078819976068,0,prediction,in,3487330380352,1,/apollo/perception/obstacles,5001,0,1783692868326316373,0,72310103755199369,2,124286,124386
202607102214,e2e_trace_v3,911,17294075078819976068,0,prediction,out,3487334510656,1,/apollo/prediction,0,4756,1783692868326316373,3,72310103755199369,2,124286,124386
202607102214,e2e_trace_v3,912,17294075078819976069,0,prediction,in,3487410337920,1,/apollo/perception/obstacles,5002,0,1783692868426246946,0,72310103755199370,2,124286,124388
202607102214,e2e_trace_v3,923,17294075078819976069,0,prediction,out,3487413777600,1,/apollo/prediction,0,4757,1783692868426246946,1,72310103755199370,2,124286,124388
202607102214,e2e_trace_v3,924,17294075078819976070,0,prediction,in,3487491720320,1,/apollo/perception/obstacles,5003,0,1783692868525176250,0,72310103755199371,2,124286,124382
202607102214,e2e_trace_v3,935,17294075078819976070,0,prediction,out,3487495127776,1,/apollo/prediction,0,4758,1783692868525176250,0,72310103755199371,2,124286,124382
202607102214,e2e_trace_v3,936,17294075078819976071,0,prediction,in,3487570282144,1,/apollo/perception/obstacles,5004,0,1783692868625255891,0,72310103755199372,2,124286,124385
202607102214,e2e_trace_v3,947,17294075078819976071,0,prediction,out,3487574356256,1,/apollo/prediction,0,4759,1783692868625255891,3,72310103755199372,2,124286,124385
202607102214,e2e_trace_v3,948,17294075078819976072,0,prediction,in,3487649099264,1,/apollo/perception/obstacles,5005,0,1783692868724622628,0,72310103755199373,2,124286,124391
202607102214,e2e_trace_v3,959,17294075078819976072,0,prediction,out,3487653569024,1,/apollo/prediction,0,4760,1783692868724622628,1,72310103755199373,2,124286,124391
202607102214,e2e_trace_v3,960,17294075078819976073,0,prediction,in,3487727709376,1,/apollo/perception/obstacles,5006,0,1783692868825285570,0,72310103755199374,2,124286,124383
202607102214,e2e_trace_v3,971,17294075078819976073,0,prediction,out,3487731898336,1,/apollo/prediction,0,4761,1783692868825285570,1,72310103755199374,2,124286,124383
202607102214,e2e_trace_v3,972,17294075078819976074,0,prediction,in,3487805561952,1,/apollo/perception/obstacles,5007,0,1783692868925754076,0,72310103755199375,2,124286,124377
202607102214,e2e_trace_v3,983,17294075078819976074,0,prediction,out,3487813008832,1,/apollo/prediction,0,4762,1783692868925754076,1,72310103755199375,2,124286,124377
202607102214,e2e_trace_v3,984,17294075078819976075,0,prediction,in,3487892731488,1,/apollo/perception/obstacles,5008,0,1783692869025678056,0,72310103755199376,2,124286,124380
202607102214,e2e_trace_v3,995,17294075078819976075,0,prediction,out,3487897144896,1,/apollo/prediction,0,4763,1783692869025678056,1,72310103755199376,2,124286,124380
202607102214,e2e_trace_v3,996,17294075078819976076,0,prediction,in,3487971931840,1,/apollo/perception/obstacles,5009,0,1783692869125415926,0,72310103755199377,2,124286,124390
202607102214,e2e_trace_v3,1007,17294075078819976076,0,prediction,out,3487976658816,1,/apollo/prediction,0,4764,1783692869125415926,1,72310103755199377,2,124286,124390
202607102214,e2e_trace_v3,1008,17294075078819976077,0,prediction,in,3488048435552,1,/apollo/perception/obstacles,5010,0,1783692869228111773,0,72310103755199378,2,124286,124387
202607102214,e2e_trace_v3,1019,17294075078819976077,0,prediction,out,3488055046752,1,/apollo/prediction,0,4765,1783692869228111773,1,72310103755199378,2,124286,124387
202607102214,e2e_trace_v3,1020,17294075078819976078,0,prediction,in,3488124616800,1,/apollo/perception/obstacles,5011,0,1783692869331579644,0,72310103755199379,2,124286,124380
202607102214,e2e_trace_v3,1031,17294075078819976078,0,prediction,out,3488127353632,1,/apollo/prediction,0,4766,1783692869331579644,0,72310103755199379,2,124286,124380
202607102214,e2e_trace_v3,1032,17294075078819976079,0,prediction,in,3488202255808,1,/apollo/perception/obstacles,5012,0,1783692869426231554,0,72310103755199380,2,124286,124384
202607102214,e2e_trace_v3,1043,17294075078819976079,0,prediction,out,3488206297664,1,/apollo/prediction,0,4767,1783692869426231554,1,72310103755199380,2,124286,124384
202607102214,e2e_trace_v3,1044,17294075078819976080,0,prediction,in,3488279559520,1,/apollo/perception/obstacles,5013,0,1783692869525760690,0,72310103755199381,2,124286,124359
202607102214,e2e_trace_v3,1055,17294075078819976080,0,prediction,out,3488287258752,1,/apollo/prediction,0,4768,1783692869525760690,1,72310103755199381,2,124286,124359
202607102214,e2e_trace_v3,1056,17294075078819976081,0,prediction,in,3488356327456,1,/apollo/perception/obstacles,5014,0,1783692869626364701,0,72310103755199382,2,124286,124387
202607102214,e2e_trace_v3,1067,17294075078819976081,0,prediction,out,3488362953056,1,/apollo/prediction,0,4769,1783692869626364701,0,72310103755199382,2,124286,124387
202607102214,e2e_trace_v3,1068,17294075078819976082,0,prediction,in,3488434487712,1,/apollo/perception/obstacles,5015,0,1783692869726144547,0,72310103755199383,2,124286,124390
202607102214,e2e_trace_v3,1079,17294075078819976082,0,prediction,out,3488439799936,1,/apollo/prediction,0,4770,1783692869726144547,0,72310103755199383,2,124286,124390
202607102214,e2e_trace_v3,1080,17294075078819976083,0,prediction,in,3488514228000,1,/apollo/perception/obstacles,5016,0,1783692869826847091,0,72310103755199384,2,124286,124385
202607102214,e2e_trace_v3,1091,17294075078819976083,0,prediction,out,3488520902880,1,/apollo/prediction,0,4771,1783692869826847091,0,72310103755199384,2,124286,124385
202607102214,e2e_trace_v3,1092,17294075078819976084,0,prediction,in,3488596307296,1,/apollo/perception/obstacles,5017,0,1783692869925965300,0,72310103755199385,2,124286,124377
202607102214,e2e_trace_v3,1103,17294075078819976084,0,prediction,out,3488599463776,1,/apollo/prediction,0,4772,1783692869925965300,0,72310103755199385,2,124286,124377
202607102214,e2e_trace_v3,1104,17294075078819976085,0,prediction,in,3488672738272,1,/apollo/perception/obstacles,5018,0,1783692870025358507,0,72310103755199386,2,124286,124381
202607102214,e2e_trace_v3,1115,17294075078819976085,0,prediction,out,3488679637088,1,/apollo/prediction,0,4773,1783692870025358507,0,72310103755199386,2,124286,124381
202607102214,e2e_trace_v3,1116,17294075078819976086,0,prediction,in,3488749919968,1,/apollo/perception/obstacles,5019,0,1783692870125944595,0,72310103755199387,2,124286,124391
202607102214,e2e_trace_v3,1127,17294075078819976086,0,prediction,out,3488755920384,1,/apollo/prediction,0,4774,1783692870125944595,0,72310103755199387,2,124286,124391
202607102214,e2e_trace_v3,1128,17294075078819976087,0,prediction,in,3488826221632,1,/apollo/perception/obstacles,5020,0,1783692870225721664,0,72310103755199388,2,124286,124378
202607102214,e2e_trace_v3,1139,17294075078819976087,0,prediction,out,3488829962944,1,/apollo/prediction,0,4775,1783692870225721664,0,72310103755199388,2,124286,124378
202607102214,e2e_trace_v3,1140,17294075078819976088,0,prediction,in,3488902080288,1,/apollo/perception/obstacles,5021,0,1783692870325721327,0,72310103755199389,2,124286,124390
202607102214,e2e_trace_v3,1151,17294075078819976088,0,prediction,out,3488905620096,1,/apollo/prediction,0,4776,1783692870325721327,1,72310103755199389,2,124286,124390
202607102214,e2e_trace_v3,1152,17294075078819976089,0,prediction,in,3488980289600,1,/apollo/perception/obstacles,5022,0,1783692870429895076,0,72310103755199390,2,124286,124379
202607102214,e2e_trace_v3,1163,17294075078819976089,0,prediction,out,3488987483456,1,/apollo/prediction,0,4777,1783692870429895076,0,72310103755199390,2,124286,124379
202607102214,e2e_trace_v3,1164,17294075078819976090,0,prediction,in,3489054078464,1,/apollo/perception/obstacles,5023,0,1783692870537020867,0,72310103755199391,2,124286,124377
202607102214,e2e_trace_v3,1175,17294075078819976090,0,prediction,out,3489058367200,1,/apollo/prediction,0,4778,1783692870537020867,0,72310103755199391,2,124286,124377
202607102214,e2e_trace_v3,1176,17294075078819976091,0,prediction,in,3489128646560,1,/apollo/perception/obstacles,5024,0,1783692870625184104,0,72310103755199392,2,124286,124379
202607102214,e2e_trace_v3,1187,17294075078819976091,0,prediction,out,3489131262048,1,/apollo/prediction,0,4779,1783692870625184104,0,72310103755199392,2,124286,124379
202607102214,e2e_trace_v3,1188,17294075078819976092,0,prediction,in,3489203183488,1,/apollo/perception/obstacles,5025,0,1783692870724702300,0,72310103755199393,2,124286,124380
202607102214,e2e_trace_v3,1199,17294075078819976092,0,prediction,out,3489205724064,1,/apollo/prediction,0,4780,1783692870724702300,0,72310103755199393,2,124286,124380
202607102214,e2e_trace_v3,1200,17294075078819976093,0,prediction,in,3489280796448,1,/apollo/perception/obstacles,5026,0,1783692870824658539,0,72310103755199394,2,124286,124381
202607102214,e2e_trace_v3,1211,17294075078819976093,0,prediction,out,3489283915616,1,/apollo/prediction,0,4781,1783692870824658539,0,72310103755199394,2,124286,124381
202607102214,e2e_trace_v3,1212,17294075078819976094,0,prediction,in,3489354194976,1,/apollo/perception/obstacles,5027,0,1783692870924458172,0,72310103755199395,2,124286,124379
202607102214,e2e_trace_v3,1223,17294075078819976094,0,prediction,out,3489357321728,1,/apollo/prediction,0,4782,1783692870924458172,0,72310103755199395,2,124286,124379
202607102214,e2e_trace_v3,1224,17294075078819976095,0,prediction,in,3489439383712,1,/apollo/perception/obstacles,5028,0,1783692871024884573,0,72310103755199396,2,124286,124377
202607102214,e2e_trace_v3,1235,17294075078819976095,0,prediction,out,3489444928288,1,/apollo/prediction,0,4783,1783692871024884573,0,72310103755199396,2,124286,124377
202607102214,e2e_trace_v3,1236,17294075078819976096,0,prediction,in,3489515299040,1,/apollo/perception/obstacles,5029,0,1783692871124559972,0,72310103755199397,2,124286,124379
202607102214,e2e_trace_v3,1247,17294075078819976096,0,prediction,out,3489518524352,1,/apollo/prediction,0,4784,1783692871124559972,0,72310103755199397,2,124286,124379
202607102214,e2e_trace_v3,1248,17294075078819976097,0,prediction,in,3489591584096,1,/apollo/perception/obstacles,5030,0,1783692871223738420,0,72310103755199398,2,124286,124385
202607102214,e2e_trace_v3,1259,17294075078819976097,0,prediction,out,3489594599424,1,/apollo/prediction,0,4785,1783692871223738420,0,72310103755199398,2,124286,124385
202607102214,e2e_trace_v3,1260,17294075078819976098,0,prediction,in,3489668238016,1,/apollo/perception/obstacles,5031,0,1783692871324956460,0,72310103755199399,2,124286,124391
202607102214,e2e_trace_v3,1271,17294075078819976098,0,prediction,out,3489671428480,1,/apollo/prediction,0,4786,1783692871324956460,0,72310103755199399,2,124286,124391
202607102214,e2e_trace_v3,1272,17294075078819976099,0,prediction,in,3489743542112,1,/apollo/perception/obstacles,5032,0,1783692871424641264,0,72310103755199400,2,124286,124377
202607102214,e2e_trace_v3,1283,17294075078819976099,0,prediction,out,3489747625696,1,/apollo/prediction,0,4787,1783692871424641264,1,72310103755199400,2,124286,124377
202607102214,e2e_trace_v3,1284,17294075078819976100,0,prediction,in,3489819401408,1,/apollo/perception/obstacles,5033,0,1783692871525153284,0,72310103755199401,2,124286,124380
202607102214,e2e_trace_v3,1295,17294075078819976100,0,prediction,out,3489823488896,1,/apollo/prediction,0,4788,1783692871525153284,1,72310103755199401,2,124286,124380
202607102214,e2e_trace_v3,1296,17294075078819976101,0,prediction,in,3489895777088,1,/apollo/perception/obstacles,5034,0,1783692871625464936,0,72310103755199402,2,124286,124383
202607102214,e2e_trace_v3,1307,17294075078819976101,0,prediction,out,3489902291360,1,/apollo/prediction,0,4789,1783692871625464936,0,72310103755199402,2,124286,124383
202607102214,e2e_trace_v3,1308,17294075078819976102,0,prediction,in,3489970781888,1,/apollo/perception/obstacles,5035,0,1783692871723449211,0,72310103755199403,2,124286,124384
202607102214,e2e_trace_v3,1319,17294075078819976102,0,prediction,out,3489975508416,1,/apollo/prediction,0,4790,1783692871723449211,0,72310103755199403,2,124286,124384
202607102214,e2e_trace_v3,1320,17294075078819976103,0,prediction,in,3490046909792,1,/apollo/perception/obstacles,5036,0,1783692871829695624,0,72310103755199404,2,124286,124382
202607102214,e2e_trace_v3,1331,17294075078819976103,0,prediction,out,3490050849376,1,/apollo/prediction,0,4791,1783692871829695624,1,72310103755199404,2,124286,124382
202607102214,e2e_trace_v3,1332,17294075078819976104,0,prediction,in,3490122606368,1,/apollo/perception/obstacles,5037,0,1783692871925873603,0,72310103755199405,2,124286,124379
202607102214,e2e_trace_v3,1343,17294075078819976104,0,prediction,out,3490126286496,1,/apollo/prediction,0,4792,1783692871925873603,0,72310103755199405,2,124286,124379
202607102214,e2e_trace_v3,1344,17294075078819976105,0,prediction,in,3490196318432,1,/apollo/perception/obstacles,5038,0,1783692872024914882,0,72310103755199406,2,124286,124387
202607102214,e2e_trace_v3,1355,17294075078819976105,0,prediction,out,3490198859872,1,/apollo/prediction,0,4793,1783692872024914882,0,72310103755199406,2,124286,124387
202607102214,e2e_trace_v3,1356,17294075078819976106,0,prediction,in,3490271220544,1,/apollo/perception/obstacles,5039,0,1783692872125606834,0,72310103755199407,2,124286,124388
202607102214,e2e_trace_v3,1367,17294075078819976106,0,prediction,out,3490275593184,1,/apollo/prediction,0,4794,1783692872125606834,0,72310103755199407,2,124286,124388
202607102214,e2e_trace_v3,1368,17294075078819976107,0,prediction,in,3490347078272,1,/apollo/perception/obstacles,5040,0,1783692872224623238,0,72310103755199408,2,124286,124390
202607102214,e2e_trace_v3,1379,17294075078819976107,0,prediction,out,3490351524416,1,/apollo/prediction,0,4795,1783692872224623238,0,72310103755199408,2,124286,124390
202607102214,e2e_trace_v3,1380,17294075078819976108,0,prediction,in,3490422932160,1,/apollo/perception/obstacles,5041,0,1783692872325441802,0,72310103755199409,2,124286,124381
202607102214,e2e_trace_v3,1391,17294075078819976108,0,prediction,out,3490425941152,1,/apollo/prediction,0,4796,1783692872325441802,0,72310103755199409,2,124286,124381
202607102214,e2e_trace_v3,1392,17294075078819976109,0,prediction,in,3490499150464,1,/apollo/perception/obstacles,5042,0,1783692872428319690,0,72310103755199410,2,124286,124384
202607102214,e2e_trace_v3,1403,17294075078819976109,0,prediction,out,3490502272832,1,/apollo/prediction,0,4797,1783692872428319690,0,72310103755199410,2,124286,124384
202607102214,e2e_trace_v3,1404,17294075078819976110,0,prediction,in,3490576243200,1,/apollo/perception/obstacles,5043,0,1783692872525193991,0,72310103755199411,2,124286,124388
202607102214,e2e_trace_v3,1415,17294075078819976110,0,prediction,out,3490581779648,1,/apollo/prediction,0,4798,1783692872525193991,0,72310103755199411,2,124286,124388
202607102214,e2e_trace_v3,1416,17294075078819976111,0,prediction,in,3490650711008,1,/apollo/perception/obstacles,5044,0,1783692872625688419,0,72310103755199412,2,124286,124385
202607102214,e2e_trace_v3,1427,17294075078819976111,0,prediction,out,3490653929504,1,/apollo/prediction,0,4799,1783692872625688419,0,72310103755199412,2,124286,124385
202607102214,e2e_trace_v3,1428,17294075078819976112,0,prediction,in,3490727357472,1,/apollo/perception/obstacles,5045,0,1783692872724371125,0,72310103755199413,2,124286,124383
202607102214,e2e_trace_v3,1439,17294075078819976112,0,prediction,out,3490730597024,1,/apollo/prediction,0,4800,1783692872724371125,0,72310103755199413,2,124286,124383
202607102214,e2e_trace_v3,1440,17294075078819976113,0,prediction,in,3490802707712,1,/apollo/perception/obstacles,5046,0,1783692872825921699,0,72310103755199414,2,124286,124359
202607102214,e2e_trace_v3,1451,17294075078819976113,0,prediction,out,3490806154176,1,/apollo/prediction,0,4801,1783692872825921699,0,72310103755199414,2,124286,124359
202607102214,e2e_trace_v3,1452,17294075078819976114,0,prediction,in,3490878446720,1,/apollo/perception/obstacles,5047,0,1783692872925137159,0,72310103755199415,2,124286,124391
202607102214,e2e_trace_v3,1463,17294075078819976114,0,prediction,out,3490884470784,1,/apollo/prediction,0,4802,1783692872925137159,0,72310103755199415,2,124286,124391
202607102214,e2e_trace_v3,1464,17294075078819976115,0,prediction,in,3490952597504,1,/apollo/perception/obstacles,5048,0,1783692873024829908,0,72310103755199416,2,124286,124388
202607102214,e2e_trace_v3,1475,17294075078819976115,0,prediction,out,3490955991808,1,/apollo/prediction,0,4803,1783692873024829908,0,72310103755199416,2,124286,124388
202607102214,e2e_trace_v3,1476,17294075078819976116,0,prediction,in,3491031466176,1,/apollo/perception/obstacles,5049,0,1783692873126522271,0,72310103755199417,2,124286,124389
202607102214,e2e_trace_v3,1487,17294075078819976116,0,prediction,out,3491034082080,1,/apollo/prediction,0,4804,1783692873126522271,0,72310103755199417,2,124286,124389
202607102214,e2e_trace_v3,1488,17294075078819976117,0,prediction,in,3491106171744,1,/apollo/perception/obstacles,5050,0,1783692873225327632,0,72310103755199418,2,124286,124378
202607102214,e2e_trace_v3,1499,17294075078819976117,0,prediction,out,3491109901376,1,/apollo/prediction,0,4805,1783692873225327632,0,72310103755199418,2,124286,124378
202607102214,e2e_trace_v3,1500,17294075078819976118,0,prediction,in,3491180554752,1,/apollo/perception/obstacles,5051,0,1783692873334514729,0,72310103755199419,2,124286,124387
202607102214,e2e_trace_v3,1511,17294075078819976118,0,prediction,out,3491184110528,1,/apollo/prediction,0,4806,1783692873334514729,0,72310103755199419,2,124286,124387
202607102214,e2e_trace_v3,1512,17294075078819976119,0,prediction,in,3491255351200,1,/apollo/perception/obstacles,5052,0,1783692873426083055,0,72310103755199420,2,124286,124388
202607102214,e2e_trace_v3,1523,17294075078819976119,0,prediction,out,3491259015136,1,/apollo/prediction,0,4807,1783692873426083055,0,72310103755199420,2,124286,124388
202607102214,e2e_trace_v3,1524,17294075078819976120,0,prediction,in,3491334308512,1,/apollo/perception/obstacles,5053,0,1783692873526019749,0,72310103755199421,2,124286,124384
202607102214,e2e_trace_v3,1535,17294075078819976120,0,prediction,out,3491338125056,1,/apollo/prediction,0,4808,1783692873526019749,0,72310103755199421,2,124286,124384
202607102214,e2e_trace_v3,1536,17294075078819976121,0,prediction,in,3491408399328,1,/apollo/perception/obstacles,5054,0,1783692873625362114,0,72310103755199422,2,124286,124379
202607102214,e2e_trace_v3,1547,17294075078819976121,0,prediction,out,3491411937472,1,/apollo/prediction,0,4809,1783692873625362114,0,72310103755199422,2,124286,124379
202607102214,e2e_trace_v3,1548,17294075078819976122,0,prediction,in,3491497266112,1,/apollo/perception/obstacles,5055,0,1783692873725676834,0,72310103755199423,2,124286,124378
202607102214,e2e_trace_v3,1559,17294075078819976122,0,prediction,out,3491503595200,1,/apollo/prediction,0,4810,1783692873725676834,0,72310103755199423,2,124286,124378
202607102214,e2e_trace_v3,1560,17294075078819976123,0,prediction,in,3491599610816,1,/apollo/perception/obstacles,5056,0,1783692873826300329,0,72310103755199424,2,124286,124379
202607102214,e2e_trace_v3,1571,17294075078819976123,0,prediction,out,3491603232672,1,/apollo/prediction,0,4811,1783692873826300329,0,72310103755199424,2,124286,124379
202607102214,e2e_trace_v3,1572,17294075078819976124,0,prediction,in,3491698540000,1,/apollo/perception/obstacles,5057,0,1783692873926054667,0,72310103755199425,2,124286,124389
202607102214,e2e_trace_v3,1583,17294075078819976124,0,prediction,out,3491703565184,1,/apollo/prediction,0,4812,1783692873926054667,0,72310103755199425,2,124286,124389
202607102214,e2e_trace_v3,1584,17294075078819976125,0,prediction,in,3491796634752,1,/apollo/perception/obstacles,5058,0,1783692874025230622,0,72310103755199426,2,124286,124379
202607102214,e2e_trace_v3,1595,17294075078819976125,0,prediction,out,3491800208384,1,/apollo/prediction,0,4813,1783692874025230622,0,72310103755199426,2,124286,124379
202607102214,e2e_trace_v3,1596,17294075078819976126,0,prediction,in,3491912457984,1,/apollo/perception/obstacles,5059,0,1783692874124853738,0,72310103755199427,2,124286,124387
202607102214,e2e_trace_v3,1607,17294075078819976126,0,prediction,out,3491919254912,1,/apollo/prediction,0,4814,1783692874124853738,0,72310103755199427,2,124286,124387
202607102214,e2e_trace_v3,1608,17294075078819976127,0,prediction,in,3492004364032,1,/apollo/perception/obstacles,5060,0,1783692874226051672,0,72310103755199428,2,124286,124359
202607102214,e2e_trace_v3,1619,17294075078819976127,0,prediction,out,3492009312256,1,/apollo/prediction,0,4815,1783692874226051672,0,72310103755199428,2,124286,124359
202607102214,e2e_trace_v3,1620,17294075078819976128,0,prediction,in,3492105431904,1,/apollo/perception/obstacles,5061,0,1783692874325646488,0,72310103755199429,2,124286,124386
202607102214,e2e_trace_v3,1631,17294075078819976128,0,prediction,out,3492108101120,1,/apollo/prediction,0,4816,1783692874325646488,0,72310103755199429,2,124286,124386
202607102214,e2e_trace_v3,1632,17294075078819976129,0,prediction,in,3492195983456,1,/apollo/perception/obstacles,5062,0,1783692874425075488,0,72310103755199430,2,124286,124380
202607102214,e2e_trace_v3,1643,17294075078819976129,0,prediction,out,3492199284288,1,/apollo/prediction,0,4817,1783692874425075488,0,72310103755199430,2,124286,124380
202607102214,e2e_trace_v3,1644,17294075078819976130,0,prediction,in,3492300052608,1,/apollo/perception/obstacles,5063,0,1783692874526093132,0,72310103755199431,2,124286,124391
202607102214,e2e_trace_v3,1655,17294075078819976130,0,prediction,out,3492302686784,1,/apollo/prediction,0,4818,1783692874526093132,0,72310103755199431,2,124286,124391
202607102214,e2e_trace_v3,1656,17294075078819976131,0,prediction,in,3492406431488,1,/apollo/perception/obstacles,5064,0,1783692874625673023,0,72310103755199432,2,124286,124379
202607102214,e2e_trace_v3,1667,17294075078819976131,0,prediction,out,3492409842528,1,/apollo/prediction,0,4819,1783692874625673023,0,72310103755199432,2,124286,124379
202607102214,e2e_trace_v3,1668,17294075078819976132,0,prediction,in,3492504897856,1,/apollo/perception/obstacles,5065,0,1783692874726176568,0,72310103755199433,2,124286,124385
202607102214,e2e_trace_v3,1679,17294075078819976132,0,prediction,out,3492508362112,1,/apollo/prediction,0,4820,1783692874726176568,0,72310103755199433,2,124286,124385
202607102214,e2e_trace_v3,1680,17294075078819976133,0,prediction,in,3492601853536,1,/apollo/perception/obstacles,5066,0,1783692874824913251,0,72310103755199434,2,124286,124381
202607102214,e2e_trace_v3,1691,17294075078819976133,0,prediction,out,3492605213856,1,/apollo/prediction,0,4821,1783692874824913251,0,72310103755199434,2,124286,124381
202607102214,e2e_trace_v3,1692,17294075078819976134,0,prediction,in,3492710855872,1,/apollo/perception/obstacles,5067,0,1783692874924462799,0,72310103755199435,2,124286,124386
202607102214,e2e_trace_v3,1703,17294075078819976134,0,prediction,out,3492714293152,1,/apollo/prediction,0,4822,1783692874924462799,0,72310103755199435,2,124286,124386
202607102214,e2e_trace_v3,1704,17294075078819976135,0,prediction,in,3492802206304,1,/apollo/perception/obstacles,5068,0,1783692875025399616,0,72310103755199436,2,124286,124383
202607102214,e2e_trace_v3,1715,17294075078819976135,0,prediction,out,3492805496800,1,/apollo/prediction,0,4823,1783692875025399616,0,72310103755199436,2,124286,124383
202607102214,e2e_trace_v3,1716,17294075078819976136,0,prediction,in,3492900845856,1,/apollo/perception/obstacles,5069,0,1783692875124884205,0,72310103755199437,2,124286,124391
202607102214,e2e_trace_v3,1727,17294075078819976136,0,prediction,out,3492904308416,1,/apollo/prediction,0,4824,1783692875124884205,0,72310103755199437,2,124286,124391
202607102214,e2e_trace_v3,1728,17294075078819976137,0,prediction,in,3493001083360,1,/apollo/perception/obstacles,5070,0,1783692875228386049,0,72310103755199438,2,124286,124390
202607102214,e2e_trace_v3,1739,17294075078819976137,0,prediction,out,3493004551808,1,/apollo/prediction,0,4825,1783692875228386049,0,72310103755199438,2,124286,124390
202607102214,e2e_trace_v3,1740,17294075078819976138,0,prediction,in,3493099906464,1,/apollo/perception/obstacles,5071,0,1783692875327624935,0,72310103755199439,2,124286,124383
202607102214,e2e_trace_v3,1751,17294075078819976138,0,prediction,out,3493106541440,1,/apollo/prediction,0,4826,1783692875327624935,0,72310103755199439,2,124286,124383
202607102214,e2e_trace_v3,1752,17294075078819976139,0,prediction,in,3493201279168,1,/apollo/perception/obstacles,5072,0,1783692875425698911,0,72310103755199440,2,124286,124359
202607102214,e2e_trace_v3,1763,17294075078819976139,0,prediction,out,3493206180992,1,/apollo/prediction,0,4827,1783692875425698911,0,72310103755199440,2,124286,124359
202607102214,e2e_trace_v3,1764,17294075078819976140,0,prediction,in,3493293525760,1,/apollo/perception/obstacles,5073,0,1783692875526296191,0,72310103755199441,2,124286,124390
202607102214,e2e_trace_v3,1775,17294075078819976140,0,prediction,out,3493299060960,1,/apollo/prediction,0,4828,1783692875526296191,0,72310103755199441,2,124286,124390
202607102214,e2e_trace_v3,1776,17294075078819976141,0,prediction,in,3493397532448,1,/apollo/perception/obstacles,5074,0,1783692875625105184,0,72310103755199442,2,124286,124381
202607102214,e2e_trace_v3,1787,17294075078819976141,0,prediction,out,3493400628224,1,/apollo/prediction,0,4829,1783692875625105184,0,72310103755199442,2,124286,124381
202607102214,e2e_trace_v3,1788,17294075078819976142,0,prediction,in,3493504873568,1,/apollo/perception/obstacles,5075,0,1783692875725335597,0,72310103755199443,2,124286,124379
202607102214,e2e_trace_v3,1799,17294075078819976142,0,prediction,out,3493507838112,1,/apollo/prediction,0,4830,1783692875725335597,0,72310103755199443,2,124286,124379
202607102214,e2e_trace_v3,1800,17294075078819976143,0,prediction,in,3493606546880,1,/apollo/perception/obstacles,5076,0,1783692875825843295,0,72310103755199444,2,124286,124378
202607102214,e2e_trace_v3,1811,17294075078819976143,0,prediction,out,3493610549728,1,/apollo/prediction,0,4831,1783692875825843295,0,72310103755199444,2,124286,124378
202607102214,e2e_trace_v3,1812,17294075078819976144,0,prediction,in,3493697799136,1,/apollo/perception/obstacles,5077,0,1783692875925266024,0,72310103755199445,2,124286,124386
202607102214,e2e_trace_v3,1823,17294075078819976144,0,prediction,out,3493701243904,1,/apollo/prediction,0,4832,1783692875925266024,0,72310103755199445,2,124286,124386
202607102214,e2e_trace_v3,1824,17294075078819976145,0,prediction,in,3493800064832,1,/apollo/perception/obstacles,5078,0,1783692876026619385,0,72310103755199446,2,124286,124391
202607102214,e2e_trace_v3,1835,17294075078819976145,0,prediction,out,3493806912864,1,/apollo/prediction,0,4833,1783692876026619385,0,72310103755199446,2,124286,124391
202607102214,e2e_trace_v3,1836,17294075078819976146,0,prediction,in,3493900743104,1,/apollo/perception/obstacles,5079,0,1783692876126185973,0,72310103755199447,2,124286,124389
202607102214,e2e_trace_v3,1847,17294075078819976146,0,prediction,out,3493904512736,1,/apollo/prediction,0,4834,1783692876126185973,0,72310103755199447,2,124286,124389
202607102214,e2e_trace_v3,1848,17294075078819976147,0,prediction,in,3494002710176,1,/apollo/perception/obstacles,5080,0,1783692876227247331,0,72310103755199448,2,124286,124379
202607102214,e2e_trace_v3,1859,17294075078819976147,0,prediction,out,3494010112352,1,/apollo/prediction,0,4835,1783692876227247331,1,72310103755199448,2,124286,124379
202607102214,e2e_trace_v3,1860,17294075078819976148,0,prediction,in,3494106935840,1,/apollo/perception/obstacles,5081,0,1783692876326519932,0,72310103755199449,2,124286,124385
202607102214,e2e_trace_v3,1871,17294075078819976148,0,prediction,out,3494110585440,1,/apollo/prediction,0,4836,1783692876326519932,0,72310103755199449,2,124286,124385
202607102214,e2e_trace_v3,1872,17294075078819976149,0,prediction,in,3494202441088,1,/apollo/perception/obstacles,5082,0,1783692876426526684,0,72310103755199450,2,124286,124388
202607102214,e2e_trace_v3,1883,17294075078819976149,0,prediction,out,3494209246592,1,/apollo/prediction,0,4837,1783692876426526684,0,72310103755199450,2,124286,124388
202607102214,e2e_trace_v3,1884,17294075078819976150,0,prediction,in,3494299483328,1,/apollo/perception/obstacles,5083,0,1783692876525776166,0,72310103755199451,2,124286,124387
202607102214,e2e_trace_v3,1895,17294075078819976150,0,prediction,out,3494303299648,1,/apollo/prediction,0,4838,1783692876525776166,0,72310103755199451,2,124286,124387
202607102214,e2e_trace_v3,1896,17294075078819976151,0,prediction,in,3494394495680,1,/apollo/perception/obstacles,5084,0,1783692876624582407,0,72310103755199452,2,124286,124378
202607102214,e2e_trace_v3,1907,17294075078819976151,0,prediction,out,3494399945568,1,/apollo/prediction,0,4839,1783692876624582407,0,72310103755199452,2,124286,124378
202607102214,e2e_trace_v3,1908,17294075078819976152,0,prediction,in,3494501149504,1,/apollo/perception/obstacles,5085,0,1783692876726219351,0,72310103755199453,2,124286,124385
202607102214,e2e_trace_v3,1919,17294075078819976152,0,prediction,out,3494504856832,1,/apollo/prediction,0,4840,1783692876726219351,0,72310103755199453,2,124286,124385
202607102214,e2e_trace_v3,1920,17294075078819976153,0,prediction,in,3494610802816,1,/apollo/perception/obstacles,5086,0,1783692876825171903,0,72310103755199454,2,124286,124386
202607102214,e2e_trace_v3,1931,17294075078819976153,0,prediction,out,3494616735008,1,/apollo/prediction,0,4841,1783692876825171903,0,72310103755199454,2,124286,124386
202607102214,e2e_trace_v3,1932,17294075078819976154,0,prediction,in,3494698850080,1,/apollo/perception/obstacles,5087,0,1783692876923930295,0,72310103755199455,2,124286,124384
202607102214,e2e_trace_v3,1943,17294075078819976154,0,prediction,out,3494705907456,1,/apollo/prediction,0,4842,1783692876923930295,0,72310103755199455,2,124286,124384
202607102214,e2e_trace_v3,1944,17294075078819976155,0,prediction,in,3494797410144,1,/apollo/perception/obstacles,5088,0,1783692877025973620,0,72310103755199456,2,124286,124377
202607102214,e2e_trace_v3,1955,17294075078819976155,0,prediction,out,3494804539520,1,/apollo/prediction,0,4843,1783692877025973620,0,72310103755199456,2,124286,124377
202607102214,e2e_trace_v3,1956,17294075078819976156,0,prediction,in,3494927067104,1,/apollo/perception/obstacles,5089,0,1783692877126028627,0,72310103755199457,2,124286,124387
202607102214,e2e_trace_v3,1967,17294075078819976156,0,prediction,out,3494930499040,1,/apollo/prediction,0,4844,1783692877126028627,0,72310103755199457,2,124286,124387
202607102214,e2e_trace_v3,1968,17294075078819976157,0,prediction,in,3495004423424,1,/apollo/perception/obstacles,5090,0,1783692877226331140,0,72310103755199458,2,124286,124386
202607102214,e2e_trace_v3,1979,17294075078819976157,0,prediction,out,3495007829312,1,/apollo/prediction,0,4845,1783692877226331140,0,72310103755199458,2,124286,124386
202607102214,e2e_trace_v3,1980,17294075078819976158,0,prediction,in,3495097546048,1,/apollo/perception/obstacles,5091,0,1783692877325428234,0,72310103755199459,2,124286,124383
202607102214,e2e_trace_v3,1991,17294075078819976158,0,prediction,out,3495099964224,1,/apollo/prediction,0,4846,1783692877325428234,0,72310103755199459,2,124286,124383
202607102214,e2e_trace_v3,1992,17294075078819976159,0,prediction,in,3495196741088,1,/apollo/perception/obstacles,5092,0,1783692877424365584,0,72310103755199460,2,124286,124390
202607102214,e2e_trace_v3,2003,17294075078819976159,0,prediction,out,3495203524832,1,/apollo/prediction,0,4847,1783692877424365584,0,72310103755199460,2,124286,124390
202607102214,e2e_trace_v3,2004,17294075078819976160,0,prediction,in,3495297673472,1,/apollo/perception/obstacles,5093,0,1783692877525878880,0,72310103755199461,2,124286,124379
202607102214,e2e_trace_v3,2015,17294075078819976160,0,prediction,out,3495300142976,1,/apollo/prediction,0,4848,1783692877525878880,0,72310103755199461,2,124286,124379
202607102214,e2e_trace_v3,2016,17294075078819976161,0,prediction,in,3495397363072,1,/apollo/perception/obstacles,5094,0,1783692877625258726,0,72310103755199462,2,124286,124378
202607102214,e2e_trace_v3,2027,17294075078819976161,0,prediction,out,3495400118688,1,/apollo/prediction,0,4849,1783692877625258726,0,72310103755199462,2,124286,124378
202607102214,e2e_trace_v3,2028,17294075078819976162,0,prediction,in,3495496349952,1,/apollo/perception/obstacles,5095,0,1783692877725309711,0,72310103755199463,2,124286,124391
202607102214,e2e_trace_v3,2039,17294075078819976162,0,prediction,out,3495499173856,1,/apollo/prediction,0,4850,1783692877725309711,0,72310103755199463,2,124286,124391
202607102214,e2e_trace_v3,2040,17294075078819976163,0,prediction,in,3495601020704,1,/apollo/perception/obstacles,5096,0,1783692877826184666,0,72310103755199464,2,124286,124384
202607102214,e2e_trace_v3,2051,17294075078819976163,0,prediction,out,3495605890368,1,/apollo/prediction,0,4851,1783692877826184666,0,72310103755199464,2,124286,124384
202607102214,e2e_trace_v3,2052,17294075078819976164,0,prediction,in,3495699824576,1,/apollo/perception/obstacles,5097,0,1783692877924599900,0,72310103755199465,2,124286,124359
202607102214,e2e_trace_v3,2063,17294075078819976164,0,prediction,out,3495702961600,1,/apollo/prediction,0,4852,1783692877924599900,0,72310103755199465,2,124286,124359
202607102214,e2e_trace_v3,2064,17294075078819976165,0,prediction,in,3495898181824,1,/apollo/perception/obstacles,5098,0,1783692878024807900,0,72310103755199466,2,124286,124377
202607102214,e2e_trace_v3,2075,17294075078819976165,0,prediction,out,3495901900672,1,/apollo/prediction,0,4853,1783692878024807900,0,72310103755199466,2,124286,124377
202607102214,e2e_trace_v3,2076,17294075078819976166,0,prediction,in,3495975647840,1,/apollo/perception/obstacles,5099,0,1783692878125512817,0,72310103755199467,2,124286,124387
202607102214,e2e_trace_v3,2087,17294075078819976166,0,prediction,out,3495979202880,1,/apollo/prediction,0,4854,1783692878125512817,0,72310103755199467,2,124286,124387
202607102214,e2e_trace_v3,2088,17294075078819976167,0,prediction,in,3496054093312,1,/apollo/perception/obstacles,5100,0,1783692878225333420,0,72310103755199468,2,124286,124388
202607102214,e2e_trace_v3,2099,17294075078819976167,0,prediction,out,3496057467136,1,/apollo/prediction,0,4855,1783692878225333420,0,72310103755199468,2,124286,124388
202607102214,e2e_trace_v3,2100,17294075078819976168,0,prediction,in,3496227227392,1,/apollo/perception/obstacles,5101,0,1783692878325989794,0,72310103755199469,2,124286,124383
202607102214,e2e_trace_v3,2111,17294075078819976168,0,prediction,out,3496231648064,1,/apollo/prediction,0,4856,1783692878325989794,0,72310103755199469,2,124286,124383
202607102214,e2e_trace_v3,2112,17294075078819976169,0,prediction,in,3496303693568,1,/apollo/perception/obstacles,5102,0,1783692878425510609,0,72310103755199470,2,124286,124389
202607102214,e2e_trace_v3,2123,17294075078819976169,0,prediction,out,3496307347840,1,/apollo/prediction,0,4857,1783692878425510609,0,72310103755199470,2,124286,124389
202607102214,e2e_trace_v3,2124,17294075078819976170,0,prediction,in,3496381865824,1,/apollo/perception/obstacles,5103,0,1783692878526079448,0,72310103755199471,2,124286,124380
202607102214,e2e_trace_v3,2135,17294075078819976170,0,prediction,out,3496384661472,1,/apollo/prediction,0,4858,1783692878526079448,0,72310103755199471,2,124286,124380
202607102214,e2e_trace_v3,2136,17294075078819976171,0,prediction,in,3496461345984,1,/apollo/perception/obstacles,5104,0,1783692878626493856,0,72310103755199472,2,124286,124379
202607102214,e2e_trace_v3,2147,17294075078819976171,0,prediction,out,3496465806656,1,/apollo/prediction,0,4859,1783692878626493856,1,72310103755199472,2,124286,124379
202607102214,e2e_trace_v3,2148,17294075078819976172,0,prediction,in,3496538641824,1,/apollo/perception/obstacles,5105,0,1783692878726169312,0,72310103755199473,2,124286,124389
202607102214,e2e_trace_v3,2159,17294075078819976172,0,prediction,out,3496544402240,1,/apollo/prediction,0,4860,1783692878726169312,1,72310103755199473,2,124286,124389
202607102214,e2e_trace_v3,2160,17294075078819976173,0,prediction,in,3496617367392,1,/apollo/perception/obstacles,5106,0,1783692878825833151,0,72310103755199474,2,124286,124386
202607102214,e2e_trace_v3,2171,17294075078819976173,0,prediction,out,3496625894432,1,/apollo/prediction,0,4861,1783692878825833151,0,72310103755199474,2,124286,124386
202607102214,e2e_trace_v3,2172,17294075078819976174,0,prediction,in,3496712762528,1,/apollo/perception/obstacles,5107,0,1783692878925895497,0,72310103755199475,2,124286,124390
202607102214,e2e_trace_v3,2183,17294075078819976174,0,prediction,out,3496718881632,1,/apollo/prediction,0,4862,1783692878925895497,1,72310103755199475,2,124286,124390
202607102214,e2e_trace_v3,2184,17294075078819976175,0,prediction,in,3496796461120,1,/apollo/perception/obstacles,5108,0,1783692879025911017,0,72310103755199476,2,124286,124391
202607102214,e2e_trace_v3,2195,17294075078819976175,0,prediction,out,3496802662720,1,/apollo/prediction,0,4863,1783692879025911017,0,72310103755199476,2,124286,124391
202607102214,e2e_trace_v3,2196,17294075078819976176,0,prediction,in,3496899775712,1,/apollo/perception/obstacles,5109,0,1783692879125194157,0,72310103755199477,2,124286,124359
202607102214,e2e_trace_v3,2207,17294075078819976176,0,prediction,out,3496903769216,1,/apollo/prediction,0,4864,1783692879125194157,1,72310103755199477,2,124286,124359
202607102214,e2e_trace_v3,2208,17294075078819976177,0,prediction,in,3496999177280,1,/apollo/perception/obstacles,5110,0,1783692879226062813,0,72310103755199478,2,124286,124390
202607102214,e2e_trace_v3,2219,17294075078819976177,0,prediction,out,3497006064128,1,/apollo/prediction,0,4865,1783692879226062813,1,72310103755199478,2,124286,124390
202607102214,e2e_trace_v3,2220,17294075078819976178,0,prediction,in,3497100354720,1,/apollo/perception/obstacles,5111,0,1783692879325186368,0,72310103755199479,2,124286,124380
202607102214,e2e_trace_v3,2231,17294075078819976178,0,prediction,out,3497107546304,1,/apollo/prediction,0,4866,1783692879325186368,0,72310103755199479,2,124286,124380
202607102214,e2e_trace_v3,2232,17294075078819976179,0,prediction,in,3497205046432,1,/apollo/perception/obstacles,5112,0,1783692879425190108,0,72310103755199480,2,124286,124377
202607102214,e2e_trace_v3,2243,17294075078819976179,0,prediction,out,3497209248224,1,/apollo/prediction,0,4867,1783692879425190108,1,72310103755199480,2,124286,124377
202607102214,e2e_trace_v3,2244,17294075078819976180,0,prediction,in,3497299964896,1,/apollo/perception/obstacles,5113,0,1783692879525945047,0,72310103755199481,2,124286,124391
202607102214,e2e_trace_v3,2255,17294075078819976180,0,prediction,out,3497307715936,1,/apollo/prediction,0,4868,1783692879525945047,1,72310103755199481,2,124286,124391
202607102214,e2e_trace_v3,2256,17294075078819976181,0,prediction,in,3497394212160,1,/apollo/perception/obstacles,5114,0,1783692879626378943,0,72310103755199482,2,124286,124382
202607102214,e2e_trace_v3,2267,17294075078819976181,0,prediction,out,3497399751680,1,/apollo/prediction,0,4869,1783692879626378943,2,72310103755199482,2,124286,124382
202607102214,e2e_trace_v3,2268,17294075078819976182,0,prediction,in,3497529640288,1,/apollo/perception/obstacles,5115,0,1783692879726682924,0,72310103755199483,2,124286,124389
202607102214,e2e_trace_v3,2279,17294075078819976182,0,prediction,out,3497535851808,1,/apollo/prediction,0,4870,1783692879726682924,1,72310103755199483,2,124286,124389
202607102214,e2e_trace_v3,2280,17294075078819976183,0,prediction,in,3497609160480,1,/apollo/perception/obstacles,5116,0,1783692879826611582,0,72310103755199484,2,124286,124382
202607102214,e2e_trace_v3,2291,17294075078819976183,0,prediction,out,3497612928032,1,/apollo/prediction,0,4871,1783692879826611582,0,72310103755199484,2,124286,124382
202607102214,e2e_trace_v3,2292,17294075078819976184,0,prediction,in,3497703883232,1,/apollo/perception/obstacles,5117,0,1783692879926330050,0,72310103755199485,2,124286,124384
202607102214,e2e_trace_v3,2303,17294075078819976184,0,prediction,out,3497707897344,1,/apollo/prediction,0,4872,1783692879926330050,0,72310103755199485,2,124286,124384
202607102214,e2e_trace_v3,2304,17294075078819976185,0,prediction,in,3497801484864,1,/apollo/perception/obstacles,5118,0,1783692880025975773,0,72310103755199486,2,124286,124384
202607102214,e2e_trace_v3,2315,17294075078819976185,0,prediction,out,3497805330624,1,/apollo/prediction,0,4873,1783692880025975773,0,72310103755199486,2,124286,124384
202607102214,e2e_trace_v3,2316,17294075078819976186,0,prediction,in,3497901045824,1,/apollo/perception/obstacles,5119,0,1783692880125581555,0,72310103755199487,2,124286,124379
202607102214,e2e_trace_v3,2327,17294075078819976186,0,prediction,out,3497907556256,1,/apollo/prediction,0,4874,1783692880125581555,0,72310103755199487,2,124286,124379
202607102214,e2e_trace_v3,2328,17294075078819976187,0,prediction,in,3497996664864,1,/apollo/perception/obstacles,5120,0,1783692880226429516,0,72310103755199488,2,124286,124380
202607102214,e2e_trace_v3,2339,17294075078819976187,0,prediction,out,3498000164352,1,/apollo/prediction,0,4875,1783692880226429516,0,72310103755199488,2,124286,124380
202607102214,e2e_trace_v3,2340,17294075078819976188,0,prediction,in,3498096031616,1,/apollo/perception/obstacles,5121,0,1783692880325893108,0,72310103755199489,2,124286,124383
202607102214,e2e_trace_v3,2351,17294075078819976188,0,prediction,out,3498098452320,1,/apollo/prediction,0,4876,1783692880325893108,0,72310103755199489,2,124286,124383
202607102214,e2e_trace_v3,2352,17294075078819976189,0,prediction,in,3498196704704,1,/apollo/perception/obstacles,5122,0,1783692880425576376,0,72310103755199490,2,124286,124389
202607102214,e2e_trace_v3,2363,17294075078819976189,0,prediction,out,3498200294880,1,/apollo/prediction,0,4877,1783692880425576376,0,72310103755199490,2,124286,124389
202607102214,e2e_trace_v3,2364,17294075078819976190,0,prediction,in,3498298287200,1,/apollo/perception/obstacles,5123,0,1783692880525104548,0,72310103755199491,2,124286,124386
202607102214,e2e_trace_v3,2375,17294075078819976190,0,prediction,out,3498301918208,1,/apollo/prediction,0,4878,1783692880525104548,0,72310103755199491,2,124286,124386
202607102214,e2e_trace_v3,2376,17294075078819976191,0,prediction,in,3498394752320,1,/apollo/perception/obstacles,5124,0,1783692880625797919,0,72310103755199492,2,124286,124383
202607102214,e2e_trace_v3,2387,17294075078819976191,0,prediction,out,3498417605920,1,/apollo/prediction,0,4879,1783692880625797919,2,72310103755199492,2,124286,124383
202607102214,e2e_trace_v3,2388,17294075078819976192,0,prediction,in,3498497559872,1,/apollo/perception/obstacles,5125,0,1783692880727233958,0,72310103755199493,2,124286,124389
202607102214,e2e_trace_v3,2399,17294075078819976192,0,prediction,out,3498501052896,1,/apollo/prediction,0,4880,1783692880727233958,1,72310103755199493,2,124286,124389
202607102214,e2e_trace_v3,2400,17294075078819976193,0,prediction,in,3498592925696,1,/apollo/perception/obstacles,5126,0,1783692880826725564,0,72310103755199494,2,124286,124391
202607102214,e2e_trace_v3,2411,17294075078819976193,0,prediction,out,3498596407840,1,/apollo/prediction,0,4881,1783692880826725564,1,72310103755199494,2,124286,124391
202607102214,e2e_trace_v3,2412,17294075078819976194,0,prediction,in,3498696808032,1,/apollo/perception/obstacles,5127,0,1783692880928069494,0,72310103755199495,2,124286,124381
202607102214,e2e_trace_v3,2423,17294075078819976194,0,prediction,out,3498722693472,1,/apollo/prediction,0,4882,1783692880928069494,3,72310103755199495,2,124286,124381
202607102214,e2e_trace_v3,2424,17294075078819976195,0,prediction,in,3498795148544,1,/apollo/perception/obstacles,5128,0,1783692881026403287,0,72310103755199496,2,124286,124391
202607102214,e2e_trace_v3,2435,17294075078819976195,0,prediction,out,3498798230368,1,/apollo/prediction,0,4883,1783692881026403287,1,72310103755199496,2,124286,124391
202607102214,e2e_trace_v3,2436,17294075078819976196,0,prediction,in,3498897729536,1,/apollo/perception/obstacles,5129,0,1783692881126393262,0,72310103755199497,2,124286,124379
202607102214,e2e_trace_v3,2447,17294075078819976196,0,prediction,out,3498903015904,1,/apollo/prediction,0,4884,1783692881126393262,2,72310103755199497,2,124286,124379
202607102214,e2e_trace_v3,2448,17294075078819976197,0,prediction,in,3498989448544,1,/apollo/perception/obstacles,5130,0,1783692881225195565,0,72310103755199498,2,124286,124384
202607102214,e2e_trace_v3,2459,17294075078819976197,0,prediction,out,3498993062400,1,/apollo/prediction,0,4885,1783692881225195565,1,72310103755199498,2,124286,124384
202607102214,e2e_trace_v3,2460,17294075078819976198,0,prediction,in,3499098113184,1,/apollo/perception/obstacles,5131,0,1783692881325967253,0,72310103755199499,2,124286,124386
202607102214,e2e_trace_v3,2471,17294075078819976198,0,prediction,out,3499104077248,1,/apollo/prediction,0,4886,1783692881325967253,2,72310103755199499,2,124286,124386
202607102214,e2e_trace_v3,2472,17294075078819976199,0,prediction,in,3499196785696,1,/apollo/perception/obstacles,5132,0,1783692881426050412,0,72310103755199500,2,124286,124385
202607102214,e2e_trace_v3,2483,17294075078819976199,0,prediction,out,3499201011232,1,/apollo/prediction,0,4887,1783692881426050412,1,72310103755199500,2,124286,124385
202607102214,e2e_trace_v3,2484,17294075078819976200,0,prediction,in,3499326008672,1,/apollo/perception/obstacles,5133,0,1783692881534130457,0,72310103755199501,2,124286,124359
202607102214,e2e_trace_v3,2495,17294075078819976200,0,prediction,out,3499329601120,1,/apollo/prediction,0,4888,1783692881534130457,1,72310103755199501,2,124286,124359
202607102214,e2e_trace_v3,2496,17294075078819976201,0,prediction,in,3499397906976,1,/apollo/perception/obstacles,5134,0,1783692881625534506,0,72310103755199502,2,124286,124377
202607102214,e2e_trace_v3,2507,17294075078819976201,0,prediction,out,3499400464192,1,/apollo/prediction,0,4889,1783692881625534506,0,72310103755199502,2,124286,124377
202607102214,e2e_trace_v3,2508,17294075078819976202,0,prediction,in,3499493158272,1,/apollo/perception/obstacles,5135,0,1783692881726147074,0,72310103755199503,2,124286,124385
202607102214,e2e_trace_v3,2519,17294075078819976202,0,prediction,out,3499495991616,1,/apollo/prediction,0,4890,1783692881726147074,0,72310103755199503,2,124286,124385
202607102214,e2e_trace_v3,2520,17294075078819976203,0,prediction,in,3499606386464,1,/apollo/perception/obstacles,5136,0,1783692881825573314,0,72310103755199504,2,124286,124359
202607102214,e2e_trace_v3,2531,17294075078819976203,0,prediction,out,3499609305632,1,/apollo/prediction,0,4891,1783692881825573314,0,72310103755199504,2,124286,124359
202607102214,e2e_trace_v3,2532,17294075078819976204,0,prediction,in,3499703092064,1,/apollo/perception/obstacles,5137,0,1783692881926226754,0,72310103755199505,2,124286,124388
202607102214,e2e_trace_v3,2543,17294075078819976204,0,prediction,out,3499706111840,1,/apollo/prediction,0,4892,1783692881926226754,0,72310103755199505,2,124286,124388
202607102214,e2e_trace_v3,2544,17294075078819976205,0,prediction,in,3499799300352,1,/apollo/perception/obstacles,5138,0,1783692882030044268,0,72310103755199506,2,124286,124389
202607102214,e2e_trace_v3,2555,17294075078819976205,0,prediction,out,3499802557600,1,/apollo/prediction,0,4893,1783692882030044268,0,72310103755199506,2,124286,124389
202607102214,e2e_trace_v3,2556,17294075078819976206,0,prediction,in,3499895567168,1,/apollo/perception/obstacles,5139,0,1783692882124973343,0,72310103755199507,2,124286,124359
202607102214,e2e_trace_v3,2567,17294075078819976206,0,prediction,out,3499899585056,1,/apollo/prediction,0,4894,1783692882124973343,0,72310103755199507,2,124286,124359
202607102214,e2e_trace_v3,2568,17294075078819976207,0,prediction,in,3499998810080,1,/apollo/perception/obstacles,5140,0,1783692882225152813,0,72310103755199508,2,124286,124383
202607102214,e2e_trace_v3,2579,17294075078819976207,0,prediction,out,3500002331360,1,/apollo/prediction,0,4895,1783692882225152813,0,72310103755199508,2,124286,124383
202607102214,e2e_trace_v3,2580,17294075078819976208,0,prediction,in,3500098534624,1,/apollo/perception/obstacles,5141,0,1783692882325823863,0,72310103755199509,2,124286,124382
202607102214,e2e_trace_v3,2591,17294075078819976208,0,prediction,out,3500101623776,1,/apollo/prediction,0,4896,1783692882325823863,0,72310103755199509,2,124286,124382
202607102214,e2e_trace_v3,2592,17294075078819976209,0,prediction,in,3500197337312,1,/apollo/perception/obstacles,5142,0,1783692882424896949,0,72310103755199510,2,124286,124387
202607102214,e2e_trace_v3,2603,17294075078819976209,0,prediction,out,3500200744896,1,/apollo/prediction,0,4897,1783692882424896949,0,72310103755199510,2,124286,124387
202607102214,e2e_trace_v3,2604,17294075078819976210,0,prediction,in,3500295423808,1,/apollo/perception/obstacles,5143,0,1783692882525279157,0,72310103755199511,2,124286,124389
202607102214,e2e_trace_v3,2615,17294075078819976210,0,prediction,out,3500299060832,1,/apollo/prediction,0,4898,1783692882525279157,0,72310103755199511,2,124286,124389
202607102214,e2e_trace_v3,2616,17294075078819976211,0,prediction,in,3500396896704,1,/apollo/perception/obstacles,5144,0,1783692882626147032,0,72310103755199512,2,124286,124386
202607102214,e2e_trace_v3,2627,17294075078819976211,0,prediction,out,3500403243936,1,/apollo/prediction,0,4899,1783692882626147032,0,72310103755199512,2,124286,124386
202607102214,e2e_trace_v3,2628,17294075078819976212,0,prediction,in,3500498178944,1,/apollo/perception/obstacles,5145,0,1783692882725297426,0,72310103755199513,2,124286,124383
202607102214,e2e_trace_v3,2639,17294075078819976212,0,prediction,out,3500500977216,1,/apollo/prediction,0,4900,1783692882725297426,0,72310103755199513,2,124286,124383
202607102214,e2e_trace_v3,2640,17294075078819976213,0,prediction,in,3500595677824,1,/apollo/perception/obstacles,5146,0,1783692882824562597,0,72310103755199514,2,124286,124390
202607102214,e2e_trace_v3,2651,17294075078819976213,0,prediction,out,3500598820704,1,/apollo/prediction,0,4901,1783692882824562597,0,72310103755199514,2,124286,124390
202607102214,e2e_trace_v3,2652,17294075078819976214,0,prediction,in,3500696257632,1,/apollo/perception/obstacles,5147,0,1783692882925780458,0,72310103755199515,2,124286,124388
202607102214,e2e_trace_v3,2663,17294075078819976214,0,prediction,out,3500699842432,1,/apollo/prediction,0,4902,1783692882925780458,0,72310103755199515,2,124286,124388
202607102214,e2e_trace_v3,2664,17294075078819976215,0,prediction,in,3500797172768,1,/apollo/perception/obstacles,5148,0,1783692883025261814,0,72310103755199516,2,124286,124377
202607102214,e2e_trace_v3,2675,17294075078819976215,0,prediction,out,3500804176128,1,/apollo/prediction,0,4903,1783692883025261814,0,72310103755199516,2,124286,124377
202607102214,e2e_trace_v3,2676,17294075078819976216,0,prediction,in,3500897846720,1,/apollo/perception/obstacles,5149,0,1783692883125683650,0,72310103755199517,2,124286,124387
202607102214,e2e_trace_v3,2687,17294075078819976216,0,prediction,out,3500907499648,1,/apollo/prediction,0,4904,1783692883125683650,0,72310103755199517,2,124286,124387
202607102214,e2e_trace_v3,2688,17294075078819976217,0,prediction,in,3500994639680,1,/apollo/perception/obstacles,5150,0,1783692883225121863,0,72310103755199518,2,124286,124391
202607102214,e2e_trace_v3,2699,17294075078819976217,0,prediction,out,3500998480832,1,/apollo/prediction,0,4905,1783692883225121863,0,72310103755199518,2,124286,124391
202607102214,e2e_trace_v3,2700,17294075078819976218,0,prediction,in,3501094510464,1,/apollo/perception/obstacles,5151,0,1783692883325031432,0,72310103755199519,2,124286,124381
202607102214,e2e_trace_v3,2711,17294075078819976218,0,prediction,out,3501097496800,1,/apollo/prediction,0,4906,1783692883325031432,0,72310103755199519,2,124286,124381
202607102214,e2e_trace_v3,2712,17294075078819976219,0,prediction,in,3501192626048,1,/apollo/perception/obstacles,5152,0,1783692883424402718,0,72310103755199520,2,124286,124388
202607102214,e2e_trace_v3,2723,17294075078819976219,0,prediction,out,3501199227424,1,/apollo/prediction,0,4907,1783692883424402718,0,72310103755199520,2,124286,124388
202607102214,e2e_trace_v3,2724,17294075078819976220,0,prediction,in,3501297210464,1,/apollo/perception/obstacles,5153,0,1783692883524738695,0,72310103755199521,2,124286,124386
202607102214,e2e_trace_v3,2735,17294075078819976220,0,prediction,out,3501303401920,1,/apollo/prediction,0,4908,1783692883524738695,0,72310103755199521,2,124286,124386
202607102214,e2e_trace_v3,2736,17294075078819976221,0,prediction,in,3501402326112,1,/apollo/perception/obstacles,5154,0,1783692883624314959,0,72310103755199522,2,124286,124385
202607102214,e2e_trace_v3,2747,17294075078819976221,0,prediction,out,3501405746400,1,/apollo/prediction,0,4909,1783692883624314959,0,72310103755199522,2,124286,124385
202607102214,e2e_trace_v3,2748,17294075078819976222,0,prediction,in,3501509975744,1,/apollo/perception/obstacles,5155,0,1783692883725049055,0,72310103755199523,2,124286,124384
202607102214,e2e_trace_v3,2759,17294075078819976222,0,prediction,out,3501512725696,1,/apollo/prediction,0,4910,1783692883725049055,0,72310103755199523,2,124286,124384
202607102214,e2e_trace_v3,2760,17294075078819976223,0,prediction,in,3501592535456,1,/apollo/perception/obstacles,5156,0,1783692883824745204,0,72310103755199524,2,124286,124383
202607102214,e2e_trace_v3,2771,17294075078819976223,0,prediction,out,3501595145184,1,/apollo/prediction,0,4911,1783692883824745204,0,72310103755199524,2,124286,124383
202607102214,e2e_trace_v3,2772,17294075078819976224,0,prediction,in,3501691302944,1,/apollo/perception/obstacles,5157,0,1783692883925151616,0,72310103755199525,2,124286,124379
202607102214,e2e_trace_v3,2783,17294075078819976224,0,prediction,out,3501695312192,1,/apollo/prediction,0,4912,1783692883925151616,0,72310103755199525,2,124286,124379
202607102214,e2e_trace_v3,2784,17294075078819976225,0,prediction,in,3501797177344,1,/apollo/perception/obstacles,5158,0,1783692884025807605,0,72310103755199526,2,124286,124378
202607102214,e2e_trace_v3,2795,17294075078819976225,0,prediction,out,3501800585760,1,/apollo/prediction,0,4913,1783692884025807605,0,72310103755199526,2,124286,124378
202607102214,e2e_trace_v3,2796,17294075078819976226,0,prediction,in,3501895773568,1,/apollo/perception/obstacles,5159,0,1783692884124661969,0,72310103755199527,2,124286,124377
202607102214,e2e_trace_v3,2807,17294075078819976226,0,prediction,out,3501899536032,1,/apollo/prediction,0,4914,1783692884124661969,0,72310103755199527,2,124286,124377
202607102214,e2e_trace_v3,2808,17294075078819976227,0,prediction,in,3502036836160,1,/apollo/perception/obstacles,5160,0,1783692884226606352,0,72310103755199528,2,124286,124386
202607102214,e2e_trace_v3,2819,17294075078819976227,0,prediction,out,3502044339712,1,/apollo/prediction,0,4915,1783692884226606352,0,72310103755199528,2,124286,124386
202607102214,e2e_trace_v3,2820,17294075078819976228,0,prediction,in,3502110455392,1,/apollo/perception/obstacles,5161,0,1783692884331531624,0,72310103755199529,2,124286,124381
202607102214,e2e_trace_v3,2831,17294075078819976228,0,prediction,out,3502114231968,1,/apollo/prediction,0,4916,1783692884331531624,0,72310103755199529,2,124286,124381
202607102214,e2e_trace_v3,2832,17294075078819976229,0,prediction,in,3502198561920,1,/apollo/perception/obstacles,5162,0,1783692884425111339,0,72310103755199530,2,124286,124359
202607102214,e2e_trace_v3,2843,17294075078819976229,0,prediction,out,3502201860640,1,/apollo/prediction,0,4917,1783692884425111339,0,72310103755199530,2,124286,124359
202607102214,e2e_trace_v3,2844,17294075078819976230,0,prediction,in,3502294476320,1,/apollo/perception/obstacles,5163,0,1783692884525262632,0,72310103755199531,2,124286,124380
202607102214,e2e_trace_v3,2855,17294075078819976230,0,prediction,out,3502298627040,1,/apollo/prediction,0,4918,1783692884525262632,0,72310103755199531,2,124286,124380
202607102214,e2e_trace_v3,2856,17294075078819976231,0,prediction,in,3502396971136,1,/apollo/perception/obstacles,5164,0,1783692884626587478,0,72310103755199532,2,124286,124386
202607102214,e2e_trace_v3,2867,17294075078819976231,0,prediction,out,3502404210144,1,/apollo/prediction,0,4919,1783692884626587478,0,72310103755199532,2,124286,124386
202607102214,e2e_trace_v3,2868,17294075078819976232,0,prediction,in,3502493611648,1,/apollo/perception/obstacles,5165,0,1783692884725169989,0,72310103755199533,2,124286,124384
202607102214,e2e_trace_v3,2879,17294075078819976232,0,prediction,out,3502497109952,1,/apollo/prediction,0,4920,1783692884725169989,0,72310103755199533,2,124286,124384
202607102214,e2e_trace_v3,2880,17294075078819976233,0,prediction,in,3502611814432,1,/apollo/perception/obstacles,5166,0,1783692884824534893,0,72310103755199534,2,124286,124384
202607102214,e2e_trace_v3,2891,17294075078819976233,0,prediction,out,3502614588544,1,/apollo/prediction,0,4921,1783692884824534893,0,72310103755199534,2,124286,124384
202607102214,e2e_trace_v3,2892,17294075078819976234,0,prediction,in,3502729071072,1,/apollo/perception/obstacles,5167,0,1783692884924536206,0,72310103755199535,2,124286,124382
202607102214,e2e_trace_v3,2903,17294075078819976234,0,prediction,out,3502735870752,1,/apollo/prediction,0,4922,1783692884924536206,0,72310103755199535,2,124286,124382
202607102214,e2e_trace_v3,2904,17294075078819976235,0,prediction,in,3502803361024,1,/apollo/perception/obstacles,5168,0,1783692885025017802,0,72310103755199536,2,124286,124385
202607102214,e2e_trace_v3,2915,17294075078819976235,0,prediction,out,3502806625856,1,/apollo/prediction,0,4923,1783692885025017802,0,72310103755199536,2,124286,124385
202607102214,e2e_trace_v3,2916,17294075078819976236,0,prediction,in,3502890449664,1,/apollo/perception/obstacles,5169,0,1783692885125285325,0,72310103755199537,2,124286,124388
202607102214,e2e_trace_v3,2927,17294075078819976236,0,prediction,out,3502895475936,1,/apollo/prediction,0,4924,1783692885125285325,0,72310103755199537,2,124286,124388
202607102214,e2e_trace_v3,2928,17294075078819976237,0,prediction,in,3502992488128,1,/apollo/perception/obstacles,5170,0,1783692885226574428,0,72310103755199538,2,124286,124359
202607102214,e2e_trace_v3,2939,17294075078819976237,0,prediction,out,3502997975680,1,/apollo/prediction,0,4925,1783692885226574428,0,72310103755199538,2,124286,124359
202607102214,e2e_trace_v3,2940,17294075078819976238,0,prediction,in,3503106136576,1,/apollo/perception/obstacles,5171,0,1783692885326482098,0,72310103755199539,2,124286,124380
202607102214,e2e_trace_v3,2951,17294075078819976238,0,prediction,out,3503110693152,1,/apollo/prediction,0,4926,1783692885326482098,0,72310103755199539,2,124286,124380
202607102214,e2e_trace_v3,2952,17294075078819976239,0,prediction,in,3503216860064,1,/apollo/perception/obstacles,5172,0,1783692885424723680,0,72310103755199540,2,124286,124377
202607102214,e2e_trace_v3,2963,17294075078819976239,0,prediction,out,3503220491072,1,/apollo/prediction,0,4927,1783692885424723680,0,72310103755199540,2,124286,124377
202607102214,e2e_trace_v3,2964,17294075078819976240,0,prediction,in,3503301187456,1,/apollo/perception/obstacles,5173,0,1783692885524446988,0,72310103755199541,2,124286,124389
202607102214,e2e_trace_v3,2975,17294075078819976240,0,prediction,out,3503308216672,1,/apollo/prediction,0,4928,1783692885524446988,0,72310103755199541,2,124286,124389
202607102214,e2e_trace_v3,2976,17294075078819976241,0,prediction,in,3503392386720,1,/apollo/perception/obstacles,5174,0,1783692885624150507,0,72310103755199542,2,124286,124384
202607102214,e2e_trace_v3,2987,17294075078819976241,0,prediction,out,3503399691616,1,/apollo/prediction,0,4929,1783692885624150507,0,72310103755199542,2,124286,124384
202607102214,e2e_trace_v3,2988,17294075078819976242,0,prediction,in,3503494395808,1,/apollo/perception/obstacles,5175,0,1783692885729109586,0,72310103755199543,2,124286,124359
202607102214,e2e_trace_v3,2999,17294075078819976242,0,prediction,out,3503501551904,1,/apollo/prediction,0,4930,1783692885729109586,0,72310103755199543,2,124286,124359
202607102214,e2e_trace_v3,3000,17294075078819976243,0,prediction,in,3503589147552,1,/apollo/perception/obstacles,5176,0,1783692885824279050,0,72310103755199544,2,124286,124391
202607102214,e2e_trace_v3,3011,17294075078819976243,0,prediction,out,3503593570368,1,/apollo/prediction,0,4931,1783692885824279050,0,72310103755199544,2,124286,124391
202607102214,e2e_trace_v3,3012,17294075078819976244,0,prediction,in,3503690724032,1,/apollo/perception/obstacles,5177,0,1783692885924667279,0,72310103755199545,2,124286,124388
202607102214,e2e_trace_v3,3023,17294075078819976244,0,prediction,out,3503695136032,1,/apollo/prediction,0,4932,1783692885924667279,1,72310103755199545,2,124286,124388
202607102214,e2e_trace_v3,3024,17294075078819976245,0,prediction,in,3503793107328,1,/apollo/perception/obstacles,5178,0,1783692886024935740,0,72310103755199546,2,124286,124381
202607102214,e2e_trace_v3,3035,17294075078819976245,0,prediction,out,3503796782560,1,/apollo/prediction,0,4933,1783692886024935740,0,72310103755199546,2,124286,124381
202607102214,e2e_trace_v3,3036,17294075078819976246,0,prediction,in,3503897981152,1,/apollo/perception/obstacles,5179,0,1783692886125495541,0,72310103755199547,2,124286,124385
202607102214,e2e_trace_v3,3047,17294075078819976246,0,prediction,out,3503903435904,1,/apollo/prediction,0,4934,1783692886125495541,0,72310103755199547,2,124286,124385
202607102214,e2e_trace_v3,3048,17294075078819976247,0,prediction,in,3503992468640,1,/apollo/perception/obstacles,5180,0,1783692886224585155,0,72310103755199548,2,124286,124377
202607102214,e2e_trace_v3,3059,17294075078819976247,0,prediction,out,3503996206240,1,/apollo/prediction,0,4935,1783692886224585155,0,72310103755199548,2,124286,124377
202607102214,e2e_trace_v3,3060,17294075078819976248,0,prediction,in,3504091174976,1,/apollo/perception/obstacles,5181,0,1783692886324768110,0,72310103755199549,2,124286,124388
202607102214,e2e_trace_v3,3071,17294075078819976248,0,prediction,out,3504094580320,1,/apollo/prediction,0,4936,1783692886324768110,0,72310103755199549,2,124286,124388
202607102214,e2e_trace_v3,3072,17294075078819976249,0,prediction,in,3504192926016,1,/apollo/perception/obstacles,5182,0,1783692886423814203,0,72310103755199550,2,124286,124380
202607102214,e2e_trace_v3,3083,17294075078819976249,0,prediction,out,3504196399360,1,/apollo/prediction,0,4937,1783692886423814203,0,72310103755199550,2,124286,124380
202607102214,e2e_trace_v3,3084,17294075078819976250,0,prediction,in,3504305657088,1,/apollo/perception/obstacles,5183,0,1783692886525212560,0,72310103755199551,2,124286,124381
202607102214,e2e_trace_v3,3095,17294075078819976250,0,prediction,out,3504309382944,1,/apollo/prediction,0,4938,1783692886525212560,0,72310103755199551,2,124286,124381
202607102214,e2e_trace_v3,3096,17294075078819976251,0,prediction,in,3504420080992,1,/apollo/perception/obstacles,5184,0,1783692886624582634,0,72310103755199552,2,124286,124388
202607102214,e2e_trace_v3,3107,17294075078819976251,0,prediction,out,3504423561088,1,/apollo/prediction,0,4939,1783692886624582634,0,72310103755199552,2,124286,124388
202607102214,e2e_trace_v3,3108,17294075078819976252,0,prediction,in,3504502057280,1,/apollo/perception/obstacles,5185,0,1783692886724247075,0,72310103755199553,2,124286,124388
202607102214,e2e_trace_v3,3119,17294075078819976252,0,prediction,out,3504505347872,1,/apollo/prediction,0,4940,1783692886724247075,0,72310103755199553,2,124286,124388
202607102214,e2e_trace_v3,3120,17294075078819976253,0,prediction,in,3504597042112,1,/apollo/perception/obstacles,5186,0,1783692886824277379,0,72310103755199554,2,124286,124359
202607102214,e2e_trace_v3,3131,17294075078819976253,0,prediction,out,3504600048512,1,/apollo/prediction,0,4941,1783692886824277379,0,72310103755199554,2,124286,124359
202607102214,e2e_trace_v3,3132,17294075078819976254,0,prediction,in,3504693970656,1,/apollo/perception/obstacles,5187,0,1783692886925261233,0,72310103755199555,2,124286,124391
202607102214,e2e_trace_v3,3143,17294075078819976254,0,prediction,out,3504697795136,1,/apollo/prediction,0,4942,1783692886925261233,0,72310103755199555,2,124286,124391
202607102214,e2e_trace_v3,3144,17294075078819976255,0,prediction,in,3504799808352,1,/apollo/perception/obstacles,5188,0,1783692887028010062,0,72310103755199556,2,124286,124390
202607102214,e2e_trace_v3,3155,17294075078819976255,0,prediction,out,3504803433856,1,/apollo/prediction,0,4943,1783692887028010062,0,72310103755199556,2,124286,124390
202607102214,e2e_trace_v3,3156,17294075078819976256,0,prediction,in,3504901945088,1,/apollo/perception/obstacles,5189,0,1783692887125498348,0,72310103755199557,2,124286,124388
202607102214,e2e_trace_v3,3167,17294075078819976256,0,prediction,out,3504907559840,1,/apollo/prediction,0,4944,1783692887125498348,0,72310103755199557,2,124286,124388
202607102214,e2e_trace_v3,3168,17294075078819976257,0,prediction,in,3504995637344,1,/apollo/perception/obstacles,5190,0,1783692887224763487,0,72310103755199558,2,124286,124391
202607102214,e2e_trace_v3,3179,17294075078819976257,0,prediction,out,3504998875616,1,/apollo/prediction,0,4945,1783692887224763487,0,72310103755199558,2,124286,124391
202607102214,e2e_trace_v3,3180,17294075078819976258,0,prediction,in,3505098006880,1,/apollo/perception/obstacles,5191,0,1783692887325225728,0,72310103755199559,2,124286,124387
202607102214,e2e_trace_v3,3191,17294075078819976258,0,prediction,out,3505101644736,1,/apollo/prediction,0,4946,1783692887325225728,0,72310103755199559,2,124286,124387
202607102214,e2e_trace_v3,3192,17294075078819976259,0,prediction,in,3505195278720,1,/apollo/perception/obstacles,5192,0,1783692887425673195,0,72310103755199560,2,124286,124382
202607102214,e2e_trace_v3,3203,17294075078819976259,0,prediction,out,3505198699840,1,/apollo/prediction,0,4947,1783692887425673195,0,72310103755199560,2,124286,124382
202607102214,e2e_trace_v3,3204,17294075078819976260,0,prediction,in,3505298806880,1,/apollo/perception/obstacles,5193,0,1783692887526693411,0,72310103755199561,2,124286,124384
202607102214,e2e_trace_v3,3215,17294075078819976260,0,prediction,out,3505302422496,1,/apollo/prediction,0,4948,1783692887526693411,0,72310103755199561,2,124286,124384
202607102214,e2e_trace_v3,3216,17294075078819976261,0,prediction,in,3505393775456,1,/apollo/perception/obstacles,5194,0,1783692887623524217,0,72310103755199562,2,124286,124385
202607102214,e2e_trace_v3,3227,17294075078819976261,0,prediction,out,3505397627552,1,/apollo/prediction,0,4949,1783692887623524217,0,72310103755199562,2,124286,124385
202607102214,e2e_trace_v3,3228,17294075078819976262,0,prediction,in,3505497025024,1,/apollo/perception/obstacles,5195,0,1783692887724361130,0,72310103755199563,2,124286,124380
202607102214,e2e_trace_v3,3239,17294075078819976262,0,prediction,out,3505503426720,1,/apollo/prediction,0,4950,1783692887724361130,0,72310103755199563,2,124286,124380
202607102214,e2e_trace_v3,3240,17294075078819976263,0,prediction,in,3505595109568,1,/apollo/perception/obstacles,5196,0,1783692887824380921,0,72310103755199564,2,124286,124389
202607102214,e2e_trace_v3,3251,17294075078819976263,0,prediction,out,3505598788224,1,/apollo/prediction,0,4951,1783692887824380921,0,72310103755199564,2,124286,124389
202607102214,e2e_trace_v3,3252,17294075078819976264,0,prediction,in,3505697373888,1,/apollo/perception/obstacles,5197,0,1783692887925638703,0,72310103755199565,2,124286,124379
202607102214,e2e_trace_v3,3263,17294075078819976264,0,prediction,out,3505700942688,1,/apollo/prediction,0,4952,1783692887925638703,0,72310103755199565,2,124286,124379
202607102214,e2e_trace_v3,3264,17294075078819976265,0,prediction,in,3505800841888,1,/apollo/perception/obstacles,5198,0,1783692888026654588,0,72310103755199566,2,124286,124390
202607102214,e2e_trace_v3,3275,17294075078819976265,0,prediction,out,3505804892704,1,/apollo/prediction,0,4953,1783692888026654588,1,72310103755199566,2,124286,124390
202607102214,e2e_trace_v3,3276,17294075078819976266,0,prediction,in,3505899133952,1,/apollo/perception/obstacles,5199,0,1783692888125467734,0,72310103755199567,2,124286,124391
202607102214,e2e_trace_v3,3287,17294075078819976266,0,prediction,out,3505902718048,1,/apollo/prediction,0,4954,1783692888125467734,0,72310103755199567,2,124286,124391
202607102214,e2e_trace_v3,3288,17294075078819976267,0,prediction,in,3505987806688,1,/apollo/perception/obstacles,5200,0,1783692888225013759,0,72310103755199568,2,124286,124389
202607102214,e2e_trace_v3,3299,17294075078819976267,0,prediction,out,3505992080672,1,/apollo/prediction,0,4955,1783692888225013759,1,72310103755199568,2,124286,124389
202607102214,e2e_trace_v3,3300,17294075078819976268,0,prediction,in,3506091605216,1,/apollo/perception/obstacles,5201,0,1783692888324737455,0,72310103755199569,2,124286,124378
202607102214,e2e_trace_v3,3311,17294075078819976268,0,prediction,out,3506099196512,1,/apollo/prediction,0,4956,1783692888324737455,1,72310103755199569,2,124286,124378
202607102214,e2e_trace_v3,3312,17294075078819976269,0,prediction,in,3506193538336,1,/apollo/perception/obstacles,5202,0,1783692888425757262,0,72310103755199570,2,124286,124359
202607102214,e2e_trace_v3,3323,17294075078819976269,0,prediction,out,3506200798848,1,/apollo/prediction,0,4957,1783692888425757262,1,72310103755199570,2,124286,124359
202607102214,e2e_trace_v3,3324,17294075078819976270,0,prediction,in,3506292357408,1,/apollo/perception/obstacles,5203,0,1783692888525741079,0,72310103755199571,2,124286,124390
202607102214,e2e_trace_v3,3335,17294075078819976270,0,prediction,out,3506296748192,1,/apollo/prediction,0,4958,1783692888525741079,1,72310103755199571,2,124286,124390
202607102214,e2e_trace_v3,3336,17294075078819976271,0,prediction,in,3506392518752,1,/apollo/perception/obstacles,5204,0,1783692888626465641,0,72310103755199572,2,124286,124389
202607102214,e2e_trace_v3,3347,17294075078819976271,0,prediction,out,3506396400224,1,/apollo/prediction,0,4959,1783692888626465641,0,72310103755199572,2,124286,124389
202607102214,e2e_trace_v3,3348,17294075078819976272,0,prediction,in,3506499905504,1,/apollo/perception/obstacles,5205,0,1783692888725175922,0,72310103755199573,2,124286,124384
202607102214,e2e_trace_v3,3359,17294075078819976272,0,prediction,out,3506505728800,1,/apollo/prediction,0,4960,1783692888725175922,1,72310103755199573,2,124286,124384
202607102214,e2e_trace_v3,3360,17294075078819976273,0,prediction,in,3506608569664,1,/apollo/perception/obstacles,5206,0,1783692888824577995,0,72310103755199574,2,124286,124390
202607102214,e2e_trace_v3,3371,17294075078819976273,0,prediction,out,3506613009760,1,/apollo/prediction,0,4961,1783692888824577995,1,72310103755199574,2,124286,124390
202607102214,e2e_trace_v3,3372,17294075078819976274,0,prediction,in,3506690713024,1,/apollo/perception/obstacles,5207,0,1783692888924960802,0,72310103755199575,2,124286,124385
202607102214,e2e_trace_v3,3383,17294075078819976274,0,prediction,out,3506694917504,1,/apollo/prediction,0,4962,1783692888924960802,1,72310103755199575,2,124286,124385
202607102214,e2e_trace_v3,3384,17294075078819976275,0,prediction,in,3506796678880,1,/apollo/perception/obstacles,5208,0,1783692889026718493,0,72310103755199576,2,124286,124387
202607102214,e2e_trace_v3,3395,17294075078819976275,0,prediction,out,3506800887584,1,/apollo/prediction,0,4963,1783692889026718493,1,72310103755199576,2,124286,124387
202607102214,e2e_trace_v3,3396,17294075078819976276,0,prediction,in,3506900713920,1,/apollo/perception/obstacles,5209,0,1783692889126107595,0,72310103755199577,2,124286,124377
202607102214,e2e_trace_v3,3407,17294075078819976276,0,prediction,out,3506905104672,1,/apollo/prediction,0,4964,1783692889126107595,1,72310103755199577,2,124286,124377
202607102214,e2e_trace_v3,3408,17294075078819976277,0,prediction,in,3506991367136,1,/apollo/perception/obstacles,5210,0,1783692889225244614,0,72310103755199578,2,124286,124385
202607102214,e2e_trace_v3,3419,17294075078819976277,0,prediction,out,3506995766048,1,/apollo/prediction,0,4965,1783692889225244614,1,72310103755199578,2,124286,124385
202607102214,e2e_trace_v3,3420,17294075078819976278,0,prediction,in,3507101407488,1,/apollo/perception/obstacles,5211,0,1783692889326917137,0,72310103755199579,2,124286,124377
202607102214,e2e_trace_v3,3431,17294075078819976278,0,prediction,out,3507107845664,1,/apollo/prediction,0,4966,1783692889326917137,1,72310103755199579,2,124286,124377
202607102214,e2e_trace_v3,3432,17294075078819976279,0,prediction,in,3507197347552,1,/apollo/perception/obstacles,5212,0,1783692889427439288,0,72310103755199580,2,124286,124378
202607102214,e2e_trace_v3,3443,17294075078819976279,0,prediction,out,3507203852448,1,/apollo/prediction,0,4967,1783692889427439288,2,72310103755199580,2,124286,124378
202607102214,e2e_trace_v3,3444,17294075078819976280,0,prediction,in,3507296555264,1,/apollo/perception/obstacles,5213,0,1783692889525369031,0,72310103755199581,2,124286,124388
202607102214,e2e_trace_v3,3455,17294075078819976280,0,prediction,out,3507301136256,1,/apollo/prediction,0,4968,1783692889525369031,1,72310103755199581,2,124286,124388
202607102214,e2e_trace_v3,3456,17294075078819976281,0,prediction,in,3507426894240,1,/apollo/perception/obstacles,5214,0,1783692889625333011,0,72310103755199582,2,124286,124377
202607102214,e2e_trace_v3,3467,17294075078819976281,0,prediction,out,3507435002752,1,/apollo/prediction,0,4969,1783692889625333011,1,72310103755199582,2,124286,124377
202607102214,e2e_trace_v3,3468,17294075078819976282,0,prediction,in,3507495812384,1,/apollo/perception/obstacles,5215,0,1783692889733046497,0,72310103755199583,2,124286,124387
202607102214,e2e_trace_v3,3479,17294075078819976282,0,prediction,out,3507499493120,1,/apollo/prediction,0,4970,1783692889733046497,1,72310103755199583,2,124286,124387
202607102214,e2e_trace_v3,3480,17294075078819976283,0,prediction,in,3507586225760,1,/apollo/perception/obstacles,5216,0,1783692889827936456,0,72310103755199584,2,124286,124378
202607102214,e2e_trace_v3,3491,17294075078819976283,0,prediction,out,3507589456832,1,/apollo/prediction,0,4971,1783692889827936456,1,72310103755199584,2,124286,124378
202607102214,e2e_trace_v3,3492,17294075078819976284,0,prediction,in,3507684295648,1,/apollo/perception/obstacles,5217,0,1783692889926003769,0,72310103755199585,2,124286,124384
202607102214,e2e_trace_v3,3503,17294075078819976284,0,prediction,out,3507688136512,1,/apollo/prediction,0,4972,1783692889926003769,1,72310103755199585,2,124286,124384
202607102214,e2e_trace_v3,3504,17294075078819976285,0,prediction,in,3507788049568,1,/apollo/perception/obstacles,5218,0,1783692890025318377,0,72310103755199586,2,124286,124359
202607102214,e2e_trace_v3,3515,17294075078819976285,0,prediction,out,3507792390432,1,/apollo/prediction,0,4973,1783692890025318377,1,72310103755199586,2,124286,124359
202607102214,e2e_trace_v3,3516,17294075078819976286,0,prediction,in,3507885124224,1,/apollo/perception/obstacles,5219,0,1783692890125379336,0,72310103755199587,2,124286,124381
202607102214,e2e_trace_v3,3527,17294075078819976286,0,prediction,out,3507889882240,1,/apollo/prediction,0,4974,1783692890125379336,1,72310103755199587,2,124286,124381
202607102214,e2e_trace_v3,3528,17294075078819976287,0,prediction,in,3507980798080,1,/apollo/perception/obstacles,5220,0,1783692890224304416,0,72310103755199588,2,124286,124383
202607102214,e2e_trace_v3,3539,17294075078819976287,0,prediction,out,3507985500160,1,/apollo/prediction,0,4975,1783692890224304416,1,72310103755199588,2,124286,124383
202607102214,e2e_trace_v3,3540,17294075078819976288,0,prediction,in,3508081635872,1,/apollo/perception/obstacles,5221,0,1783692890324065223,0,72310103755199589,2,124286,124377
202607102214,e2e_trace_v3,3551,17294075078819976288,0,prediction,out,3508087744096,1,/apollo/prediction,0,4976,1783692890324065223,2,72310103755199589,2,124286,124377
202607102214,e2e_trace_v3,3552,17294075078819976289,0,prediction,in,3508191381184,1,/apollo/perception/obstacles,5222,0,1783692890427460266,0,72310103755199590,2,124286,124390
202607102214,e2e_trace_v3,3563,17294075078819976289,0,prediction,out,3508196206304,1,/apollo/prediction,0,4977,1783692890427460266,2,72310103755199590,2,124286,124390
202607102214,e2e_trace_v3,3564,17294075078819976290,0,prediction,in,3508285505920,1,/apollo/perception/obstacles,5223,0,1783692890525631311,0,72310103755199591,2,124286,124383
202607102214,e2e_trace_v3,3575,17294075078819976290,0,prediction,out,3508290766656,1,/apollo/prediction,0,4978,1783692890525631311,2,72310103755199591,2,124286,124383
202607102214,e2e_trace_v3,3576,17294075078819976291,0,prediction,in,3508385240576,1,/apollo/perception/obstacles,5224,0,1783692890625561812,0,72310103755199592,2,124286,124389
202607102214,e2e_trace_v3,3587,17294075078819976291,0,prediction,out,3508391820032,1,/apollo/prediction,0,4979,1783692890625561812,2,72310103755199592,2,124286,124389
202607102214,e2e_trace_v3,3588,17294075078819976292,0,prediction,in,3508484748800,1,/apollo/perception/obstacles,5225,0,1783692890725109328,0,72310103755199593,2,124286,124381
202607102214,e2e_trace_v3,3599,17294075078819976292,0,prediction,out,3508495701696,1,/apollo/prediction,0,4980,1783692890725109328,1,72310103755199593,2,124286,124381
202607102214,e2e_trace_v3,3600,17294075078819976293,0,prediction,in,3508588126080,1,/apollo/perception/obstacles,5226,0,1783692890825304170,0,72310103755199594,2,124286,124383
202607102214,e2e_trace_v3,3611,17294075078819976293,0,prediction,out,3508591091936,1,/apollo/prediction,0,4981,1783692890825304170,1,72310103755199594,2,124286,124383
202607102214,e2e_trace_v3,3612,17294075078819976294,0,prediction,in,3508684512448,1,/apollo/perception/obstacles,5227,0,1783692890925475723,0,72310103755199595,2,124286,124382
202607102214,e2e_trace_v3,3623,17294075078819976294,0,prediction,out,3508688845344,1,/apollo/prediction,0,4982,1783692890925475723,2,72310103755199595,2,124286,124382
202607102214,e2e_trace_v3,3624,17294075078819976295,0,prediction,in,3508789182816,1,/apollo/perception/obstacles,5228,0,1783692891025226501,0,72310103755199596,2,124286,124391
202607102214,e2e_trace_v3,3635,17294075078819976295,0,prediction,out,3508795971360,1,/apollo/prediction,0,4983,1783692891025226501,2,72310103755199596,2,124286,124391
202607102214,e2e_trace_v3,3636,17294075078819976296,0,prediction,in,3508887825088,1,/apollo/perception/obstacles,5229,0,1783692891123925301,0,72310103755199597,2,124286,124379
202607102214,e2e_trace_v3,3647,17294075078819976296,0,prediction,out,3508891742112,1,/apollo/prediction,0,4984,1783692891123925301,0,72310103755199597,2,124286,124379
202607102214,e2e_trace_v3,3648,17294075078819976297,0,prediction,in,3508989916000,1,/apollo/perception/obstacles,5230,0,1783692891224748666,0,72310103755199598,2,124286,124391
202607102214,e2e_trace_v3,3659,17294075078819976297,0,prediction,out,3508994288800,1,/apollo/prediction,0,4985,1783692891224748666,1,72310103755199598,2,124286,124391
202607102214,e2e_trace_v3,3660,17294075078819976298,0,prediction,in,3509093139072,1,/apollo/perception/obstacles,5231,0,1783692891324872598,0,72310103755199599,2,124286,124379
202607102214,e2e_trace_v3,3671,17294075078819976298,0,prediction,out,3509097407904,1,/apollo/prediction,0,4986,1783692891324872598,1,72310103755199599,2,124286,124379
202607102214,e2e_trace_v3,3672,17294075078819976299,0,prediction,in,3509201797376,1,/apollo/perception/obstacles,5232,0,1783692891425054506,0,72310103755199600,2,124286,124387
202607102214,e2e_trace_v3,3683,17294075078819976299,0,prediction,out,3509209463520,1,/apollo/prediction,0,4987,1783692891425054506,1,72310103755199600,2,124286,124387
202607102214,e2e_trace_v3,3684,17294075078819976300,0,prediction,in,3509291279072,1,/apollo/perception/obstacles,5233,0,1783692891524829347,0,72310103755199601,2,124286,124382
202607102214,e2e_trace_v3,3695,17294075078819976300,0,prediction,out,3509295569536,1,/apollo/prediction,0,4988,1783692891524829347,1,72310103755199601,2,124286,124382
202607102214,e2e_trace_v3,3696,17294075078819976301,0,prediction,in,3509405222880,1,/apollo/perception/obstacles,5234,0,1783692891623713789,0,72310103755199602,2,124286,124389
202607102214,e2e_trace_v3,3707,17294075078819976301,0,prediction,out,3509522153792,1,/apollo/prediction,0,4989,1783692891623713789,1,72310103755199602,2,124286,124389
202607102214,e2e_trace_v3,3708,17294075078819976302,0,prediction,in,3509541039040,1,/apollo/perception/obstacles,5235,0,1783692891725151636,0,72310103755199603,2,124286,124383
202607102214,e2e_trace_v3,3719,17294075078819976302,0,prediction,out,3509543872544,1,/apollo/prediction,0,4990,1783692891725151636,0,72310103755199603,2,124286,124383
202607102214,e2e_trace_v3,3720,17294075078819976303,0,prediction,in,3509607522016,1,/apollo/perception/obstacles,5236,0,1783692891828178513,0,72310103755199604,2,124286,124381
202607102214,e2e_trace_v3,3731,17294075078819976303,0,prediction,out,3509610265408,1,/apollo/prediction,0,4991,1783692891828178513,0,72310103755199604,2,124286,124381
202607102214,e2e_trace_v3,3732,17294075078819976304,0,prediction,in,3509683090944,1,/apollo/perception/obstacles,5237,0,1783692891923936694,0,72310103755199605,2,124286,124379
202607102214,e2e_trace_v3,3743,17294075078819976304,0,prediction,out,3509685952544,1,/apollo/prediction,0,4992,1783692891923936694,0,72310103755199605,2,124286,124379
202607102214,e2e_trace_v3,3744,17294075078819976305,0,prediction,in,3509787422368,1,/apollo/perception/obstacles,5238,0,1783692892024886552,0,72310103755199606,2,124286,124390
202607102214,e2e_trace_v3,3755,17294075078819976305,0,prediction,out,3509791202688,1,/apollo/prediction,0,4993,1783692892024886552,0,72310103755199606,2,124286,124390
202607102214,e2e_trace_v3,3756,17294075078819976306,0,prediction,in,3509888736736,1,/apollo/perception/obstacles,5239,0,1783692892124270801,0,72310103755199607,2,124286,124388
202607102214,e2e_trace_v3,3767,17294075078819976306,0,prediction,out,3509894754016,1,/apollo/prediction,0,4994,1783692892124270801,0,72310103755199607,2,124286,124388
202607102214,e2e_trace_v3,3768,17294075078819976307,0,prediction,in,3509995841024,1,/apollo/perception/obstacles,5240,0,1783692892224454739,0,72310103755199608,2,124286,124390
202607102214,e2e_trace_v3,3779,17294075078819976307,0,prediction,out,3509999413408,1,/apollo/prediction,0,4995,1783692892224454739,1,72310103755199608,2,124286,124390
202607102214,e2e_trace_v3,3780,17294075078819976308,0,prediction,in,3510088298464,1,/apollo/perception/obstacles,5241,0,1783692892325361279,0,72310103755199609,2,124286,124380
202607102214,e2e_trace_v3,3791,17294075078819976308,0,prediction,out,3510091916512,1,/apollo/prediction,0,4996,1783692892325361279,2,72310103755199609,2,124286,124380
202607102214,e2e_trace_v3,3792,17294075078819976309,0,prediction,in,3510187059136,1,/apollo/perception/obstacles,5242,0,1783692892424469097,0,72310103755199610,2,124286,124377
202607102214,e2e_trace_v3,3803,17294075078819976309,0,prediction,out,3510193387296,1,/apollo/prediction,0,4997,1783692892424469097,2,72310103755199610,2,124286,124377
202607102214,e2e_trace_v3,3804,17294075078819976310,0,prediction,in,3510296285184,1,/apollo/perception/obstacles,5243,0,1783692892531728345,0,72310103755199611,2,124286,124380
202607102214,e2e_trace_v3,3815,17294075078819976310,0,prediction,out,3510300629248,1,/apollo/prediction,0,4998,1783692892531728345,2,72310103755199611,2,124286,124380
202607102214,e2e_trace_v3,3816,17294075078819976311,0,prediction,in,3510391816640,1,/apollo/perception/obstacles,5244,0,1783692892624492409,0,72310103755199612,2,124286,124382
202607102214,e2e_trace_v3,3827,17294075078819976311,0,prediction,out,3510396422400,1,/apollo/prediction,0,4999,1783692892624492409,2,72310103755199612,2,124286,124382
202607102214,e2e_trace_v3,3828,17294075078819976312,0,prediction,in,3510492462720,1,/apollo/perception/obstacles,5245,0,1783692892724776731,0,72310103755199613,2,124286,124377
202607102214,e2e_trace_v3,3839,17294075078819976312,0,prediction,out,3510500161184,1,/apollo/prediction,0,5000,1783692892724776731,2,72310103755199613,2,124286,124377
202607102214,e2e_trace_v3,3840,17294075078819976313,0,prediction,in,3510589702560,1,/apollo/perception/obstacles,5246,0,1783692892823985837,0,72310103755199614,2,124286,124381
202607102214,e2e_trace_v3,3851,17294075078819976313,0,prediction,out,3510592933024,1,/apollo/prediction,0,5001,1783692892823985837,2,72310103755199614,2,124286,124381
202607102214,e2e_trace_v3,3852,17294075078819976314,0,prediction,in,3510688129312,1,/apollo/perception/obstacles,5247,0,1783692892925606006,0,72310103755199615,2,124286,124383
202607102214,e2e_trace_v3,3863,17294075078819976314,0,prediction,out,3510693963232,1,/apollo/prediction,0,5002,1783692892925606006,1,72310103755199615,2,124286,124383
202607102214,e2e_trace_v3,3864,17294075078819976315,0,prediction,in,3510815085472,1,/apollo/perception/obstacles,5248,0,1783692893024315505,0,72310103755199616,2,124286,124390
202607102214,e2e_trace_v3,3875,17294075078819976315,0,prediction,out,3510819923104,1,/apollo/prediction,0,5003,1783692893024315505,2,72310103755199616,2,124286,124390
202607102214,e2e_trace_v3,3876,17294075078819976316,0,prediction,in,3510894042848,1,/apollo/perception/obstacles,5249,0,1783692893124700755,0,72310103755199617,2,124286,124389
202607102214,e2e_trace_v3,3887,17294075078819976316,0,prediction,out,3510914182496,1,/apollo/prediction,0,5004,1783692893124700755,2,72310103755199617,2,124286,124389
202607102214,e2e_trace_v3,3888,17294075078819976317,0,prediction,in,3510991849536,1,/apollo/perception/obstacles,5250,0,1783692893224322153,0,72310103755199618,2,124286,124377
202607102214,e2e_trace_v3,3899,17294075078819976317,0,prediction,out,3511014463776,1,/apollo/prediction,0,5005,1783692893224322153,2,72310103755199618,2,124286,124377
202607102214,e2e_trace_v3,3900,17294075078819976318,0,prediction,in,3511085787296,1,/apollo/perception/obstacles,5251,0,1783692893324183547,0,72310103755199619,2,124286,124379
202607102214,e2e_trace_v3,3911,17294075078819976318,0,prediction,out,3511090632512,1,/apollo/prediction,0,5006,1783692893324183547,2,72310103755199619,2,124286,124379
202607102214,e2e_trace_v3,3912,17294075078819976319,0,prediction,in,3511187140960,1,/apollo/perception/obstacles,5252,0,1783692893423635355,0,72310103755199620,2,124286,124378
202607102214,e2e_trace_v3,3923,17294075078819976319,0,prediction,out,3511191905856,1,/apollo/prediction,0,5007,1783692893423635355,2,72310103755199620,2,124286,124378
202607102214,e2e_trace_v3,3924,17294075078819976320,0,prediction,in,3511286471456,1,/apollo/perception/obstacles,5253,0,1783692893523444692,0,72310103755199621,2,124286,124383
202607102214,e2e_trace_v3,3935,17294075078819976320,0,prediction,out,3511292188704,1,/apollo/prediction,0,5008,1783692893523444692,2,72310103755199621,2,124286,124383
202607102214,e2e_trace_v3,3936,17294075078819976321,0,prediction,in,3511396337216,1,/apollo/perception/obstacles,5254,0,1783692893625431219,0,72310103755199622,2,124286,124387
202607102214,e2e_trace_v3,3947,17294075078819976321,0,prediction,out,3511400820928,1,/apollo/prediction,0,5009,1783692893625431219,1,72310103755199622,2,124286,124387
202607102214,e2e_trace_v3,3948,17294075078819976322,0,prediction,in,3511494861024,1,/apollo/perception/obstacles,5255,0,1783692893724568607,0,72310103755199623,2,124286,124389
202607102214,e2e_trace_v3,3959,17294075078819976322,0,prediction,out,3511499709472,1,/apollo/prediction,0,5010,1783692893724568607,2,72310103755199623,2,124286,124389
202607102214,e2e_trace_v3,3960,17294075078819976323,0,prediction,in,3511588357440,1,/apollo/perception/obstacles,5256,0,1783692893824056538,0,72310103755199624,2,124286,124391
202607102214,e2e_trace_v3,3971,17294075078819976323,0,prediction,out,3511592777888,1,/apollo/prediction,0,5011,1783692893824056538,1,72310103755199624,2,124286,124391
202607102214,e2e_trace_v3,3972,17294075078819976324,0,prediction,in,3511682006464,1,/apollo/perception/obstacles,5257,0,1783692893923599433,0,72310103755199625,2,124286,124381
202607102214,e2e_trace_v3,3983,17294075078819976324,0,prediction,out,3511686313952,1,/apollo/prediction,0,5012,1783692893923599433,1,72310103755199625,2,124286,124381
202607102214,e2e_trace_v3,3984,17294075078819976325,0,prediction,in,3511822469504,1,/apollo/perception/obstacles,5258,0,1783692894024391425,0,72310103755199626,2,124286,124388
202607102214,e2e_trace_v3,3995,17294075078819976325,0,prediction,out,3511826571840,1,/apollo/prediction,0,5013,1783692894024391425,1,72310103755199626,2,124286,124388
202607102214,e2e_trace_v3,3996,17294075078819976326,0,prediction,in,3511891773312,1,/apollo/perception/obstacles,5259,0,1783692894127743719,0,72310103755199627,2,124286,124380
202607102214,e2e_trace_v3,4007,17294075078819976326,0,prediction,out,3511899522688,1,/apollo/prediction,0,5014,1783692894127743719,1,72310103755199627,2,124286,124380
202607102214,e2e_trace_v3,4008,17294075078819976327,0,prediction,in,3511986383904,1,/apollo/perception/obstacles,5260,0,1783692894224651121,0,72310103755199628,2,124286,124384
202607102214,e2e_trace_v3,4019,17294075078819976327,0,prediction,out,3511990928800,1,/apollo/prediction,0,5015,1783692894224651121,2,72310103755199628,2,124286,124384
202607102214,e2e_trace_v3,4020,17294075078819976328,0,prediction,in,3512096122944,1,/apollo/perception/obstacles,5261,0,1783692894324134416,0,72310103755199629,2,124286,124391
202607102214,e2e_trace_v3,4031,17294075078819976328,0,prediction,out,3512103646592,1,/apollo/prediction,0,5016,1783692894324134416,1,72310103755199629,2,124286,124391
202607102214,e2e_trace_v3,4032,17294075078819976329,0,prediction,in,3512190567840,1,/apollo/perception/obstacles,5262,0,1783692894424022134,0,72310103755199630,2,124286,124383
202607102214,e2e_trace_v3,4043,17294075078819976329,0,prediction,out,3512194707904,1,/apollo/prediction,0,5017,1783692894424022134,1,72310103755199630,2,124286,124383
202607102214,e2e_trace_v3,4044,17294075078819976330,0,prediction,in,3512287445184,1,/apollo/perception/obstacles,5263,0,1783692894523534936,0,72310103755199631,2,124286,124378
202607102214,e2e_trace_v3,4055,17294075078819976330,0,prediction,out,3512294134976,1,/apollo/prediction,0,5018,1783692894523534936,1,72310103755199631,2,124286,124378
202607102214,e2e_trace_v3,4056,17294075078819976331,0,prediction,in,3512387729152,1,/apollo/perception/obstacles,5264,0,1783692894624360321,0,72310103755199632,2,124286,124388
202607102214,e2e_trace_v3,4067,17294075078819976331,0,prediction,out,3512392548864,1,/apollo/prediction,0,5019,1783692894624360321,2,72310103755199632,2,124286,124388
202607102214,e2e_trace_v3,4068,17294075078819976332,0,prediction,in,3512490131488,1,/apollo/perception/obstacles,5265,0,1783692894725281615,0,72310103755199633,2,124286,124389
202607102214,e2e_trace_v3,4079,17294075078819976332,0,prediction,out,3512494830272,1,/apollo/prediction,0,5020,1783692894725281615,2,72310103755199633,2,124286,124389
202607102214,e2e_trace_v3,4080,17294075078819976333,0,prediction,in,3512590133568,1,/apollo/perception/obstacles,5266,0,1783692894824184437,0,72310103755199634,2,124286,124382
202607102214,e2e_trace_v3,4091,17294075078819976333,0,prediction,out,3512593918912,1,/apollo/prediction,0,5021,1783692894824184437,2,72310103755199634,2,124286,124382
202607102214,e2e_trace_v3,4092,17294075078819976334,0,prediction,in,3512692571008,1,/apollo/perception/obstacles,5267,0,1783692894924582710,0,72310103755199635,2,124286,124383
202607102214,e2e_trace_v3,4103,17294075078819976334,0,prediction,out,3512695944768,1,/apollo/prediction,0,5022,1783692894924582710,2,72310103755199635,2,124286,124383
202607102214,e2e_trace_v3,4104,17294075078819976335,0,prediction,in,3512786283008,1,/apollo/perception/obstacles,5268,0,1783692895024289519,0,72310103755199636,2,124286,124379
202607102214,e2e_trace_v3,4115,17294075078819976335,0,prediction,out,3512791710176,1,/apollo/prediction,0,5023,1783692895024289519,2,72310103755199636,2,124286,124379
202607102214,e2e_trace_v3,4116,17294075078819976336,0,prediction,in,3512901630144,1,/apollo/perception/obstacles,5269,0,1783692895124634955,0,72310103755199637,2,124286,124386
202607102214,e2e_trace_v3,4127,17294075078819976336,0,prediction,out,3512905227136,1,/apollo/prediction,0,5024,1783692895124634955,0,72310103755199637,2,124286,124386
202607102214,e2e_trace_v3,4128,17294075078819976337,0,prediction,in,3512996655680,1,/apollo/perception/obstacles,5270,0,1783692895225020345,0,72310103755199638,2,124286,124391
202607102214,e2e_trace_v3,4139,17294075078819976337,0,prediction,out,3513000923232,1,/apollo/prediction,0,5025,1783692895225020345,2,72310103755199638,2,124286,124391
202607102214,e2e_trace_v3,4140,17294075078819976338,0,prediction,in,3513086379552,1,/apollo/perception/obstacles,5271,0,1783692895323776470,0,72310103755199639,2,124286,124377
202607102214,e2e_trace_v3,4151,17294075078819976338,0,prediction,out,3513090128864,1,/apollo/prediction,0,5026,1783692895323776470,2,72310103755199639,2,124286,124377
202607102214,e2e_trace_v3,4152,17294075078819976339,0,prediction,in,3513190805088,1,/apollo/perception/obstacles,5272,0,1783692895424566283,0,72310103755199640,2,124286,124381
202607102214,e2e_trace_v3,4163,17294075078819976339,0,prediction,out,3513195262976,1,/apollo/prediction,0,5027,1783692895424566283,1,72310103755199640,2,124286,124381
202607102214,e2e_trace_v3,4164,17294075078819976340,0,prediction,in,3513292121312,1,/apollo/perception/obstacles,5273,0,1783692895524247513,0,72310103755199641,2,124286,124385
202607102214,e2e_trace_v3,4175,17294075078819976340,0,prediction,out,3513299609792,1,/apollo/prediction,0,5028,1783692895524247513,2,72310103755199641,2,124286,124385
202607102214,e2e_trace_v3,4176,17294075078819976341,0,prediction,in,3513402589888,1,/apollo/perception/obstacles,5274,0,1783692895623437589,0,72310103755199642,2,124286,124386
202607102214,e2e_trace_v3,4187,17294075078819976341,0,prediction,out,3513406621600,1,/apollo/prediction,0,5029,1783692895623437589,1,72310103755199642,2,124286,124386
202607102214,e2e_trace_v3,4188,17294075078819976342,0,prediction,in,3513496165184,1,/apollo/perception/obstacles,5275,0,1783692895724616943,0,72310103755199643,2,124286,124390
202607102214,e2e_trace_v3,4199,17294075078819976342,0,prediction,out,3513500560672,1,/apollo/prediction,0,5030,1783692895724616943,2,72310103755199643,2,124286,124390
202607102214,e2e_trace_v3,4200,17294075078819976343,0,prediction,in,3513588789216,1,/apollo/perception/obstacles,5276,0,1783692895824206807,0,72310103755199644,2,124286,124381
202607102214,e2e_trace_v3,4211,17294075078819976343,0,prediction,out,3513593529120,1,/apollo/prediction,0,5031,1783692895824206807,2,72310103755199644,2,124286,124381
202607102214,e2e_trace_v3,4212,17294075078819976344,0,prediction,in,3513685302048,1,/apollo/perception/obstacles,5277,0,1783692895924256127,0,72310103755199645,2,124286,124378
202607102214,e2e_trace_v3,4223,17294075078819976344,0,prediction,out,3513689490720,1,/apollo/prediction,0,5032,1783692895924256127,2,72310103755199645,2,124286,124378
202607102214,e2e_trace_v3,4224,17294075078819976345,0,prediction,in,3513780110560,1,/apollo/perception/obstacles,5278,0,1783692896024212796,0,72310103755199646,2,124286,124387
202607102214,e2e_trace_v3,4235,17294075078819976345,0,prediction,out,3513786399872,1,/apollo/prediction,0,5033,1783692896024212796,2,72310103755199646,2,124286,124387
202607102214,e2e_trace_v3,4236,17294075078819976346,0,prediction,in,3513882508544,1,/apollo/perception/obstacles,5279,0,1783692896124309866,0,72310103755199647,2,124286,124391
202607102214,e2e_trace_v3,4247,17294075078819976346,0,prediction,out,3513887331936,1,/apollo/prediction,0,5034,1783692896124309866,2,72310103755199647,2,124286,124391
202607102214,e2e_trace_v3,4248,17294075078819976347,0,prediction,in,3513984760704,1,/apollo/perception/obstacles,5280,0,1783692896224978577,0,72310103755199648,2,124286,124383
202607102214,e2e_trace_v3,4259,17294075078819976347,0,prediction,out,3513989199680,1,/apollo/prediction,0,5035,1783692896224978577,1,72310103755199648,2,124286,124383
202607102214,e2e_trace_v3,4260,17294075078819976348,0,prediction,in,3514088598400,1,/apollo/perception/obstacles,5281,0,1783692896324301579,0,72310103755199649,2,124286,124387
202607102214,e2e_trace_v3,4271,17294075078819976348,0,prediction,out,3514092982112,1,/apollo/prediction,0,5036,1783692896324301579,1,72310103755199649,2,124286,124387
202607102214,e2e_trace_v3,4272,17294075078819976349,0,prediction,in,3514193548768,1,/apollo/perception/obstacles,5282,0,1783692896424267312,0,72310103755199650,2,124286,124359
202607102214,e2e_trace_v3,4283,17294075078819976349,0,prediction,out,3514198348736,1,/apollo/prediction,0,5037,1783692896424267312,2,72310103755199650,2,124286,124359
202607102214,e2e_trace_v3,4284,17294075078819976350,0,prediction,in,3514292041984,1,/apollo/perception/obstacles,5283,0,1783692896524868508,0,72310103755199651,2,124286,124378
202607102214,e2e_trace_v3,4295,17294075078819976350,0,prediction,out,3514296630368,1,/apollo/prediction,0,5038,1783692896524868508,1,72310103755199651,2,124286,124378
202607102214,e2e_trace_v3,4296,17294075078819976351,0,prediction,in,3514396942400,1,/apollo/perception/obstacles,5284,0,1783692896623502430,0,72310103755199652,2,124286,124385
202607102214,e2e_trace_v3,4307,17294075078819976351,0,prediction,out,3514403123872,1,/apollo/prediction,0,5039,1783692896623502430,1,72310103755199652,2,124286,124385
202607102214,e2e_trace_v3,4308,17294075078819976352,0,prediction,in,3514490326688,1,/apollo/perception/obstacles,5285,0,1783692896724416944,0,72310103755199653,2,124286,124384
202607102214,e2e_trace_v3,4319,17294075078819976352,0,prediction,out,3514495645984,1,/apollo/prediction,0,5040,1783692896724416944,1,72310103755199653,2,124286,124384
202607102214,e2e_trace_v3,4320,17294075078819976353,0,prediction,in,3514590536160,1,/apollo/perception/obstacles,5286,0,1783692896824456305,0,72310103755199654,2,124286,124383
202607102214,e2e_trace_v3,4331,17294075078819976353,0,prediction,out,3514593403008,1,/apollo/prediction,0,5041,1783692896824456305,0,72310103755199654,2,124286,124383
202607102214,e2e_trace_v3,4332,17294075078819976354,0,prediction,in,3514689049120,1,/apollo/perception/obstacles,5287,0,1783692896924219056,0,72310103755199655,2,124286,124377
202607102214,e2e_trace_v3,4343,17294075078819976354,0,prediction,out,3514693244960,1,/apollo/prediction,0,5042,1783692896924219056,2,72310103755199655,2,124286,124377
202607102214,e2e_trace_v3,4344,17294075078819976355,0,prediction,in,3514787364832,1,/apollo/perception/obstacles,5288,0,1783692897023317784,0,72310103755199656,2,124286,124382
202607102214,e2e_trace_v3,4355,17294075078819976355,0,prediction,out,3514790573664,1,/apollo/prediction,0,5043,1783692897023317784,1,72310103755199656,2,124286,124382
202607102214,e2e_trace_v3,4356,17294075078819976356,0,prediction,in,3514890358688,1,/apollo/perception/obstacles,5289,0,1783692897123749937,0,72310103755199657,2,124286,124389
202607102214,e2e_trace_v3,4367,17294075078819976356,0,prediction,out,3514895303360,1,/apollo/prediction,0,5044,1783692897123749937,2,72310103755199657,2,124286,124389
202607102214,e2e_trace_v3,4368,17294075078819976357,0,prediction,in,3514991116608,1,/apollo/perception/obstacles,5290,0,1783692897224133234,0,72310103755199658,2,124286,124379
202607102214,e2e_trace_v3,4379,17294075078819976357,0,prediction,out,3514998469216,1,/apollo/prediction,0,5045,1783692897224133234,2,72310103755199658,2,124286,124379
202607102214,e2e_trace_v3,4380,17294075078819976358,0,prediction,in,3515090775200,1,/apollo/perception/obstacles,5291,0,1783692897322590203,0,72310103755199659,2,124286,124384
202607102214,e2e_trace_v3,4391,17294075078819976358,0,prediction,out,3515095432096,1,/apollo/prediction,0,5046,1783692897322590203,1,72310103755199659,2,124286,124384
202607102214,e2e_trace_v3,4392,17294075078819976359,0,prediction,in,3515197729664,1,/apollo/perception/obstacles,5292,0,1783692897423457095,0,72310103755199660,2,124286,124380
202607102214,e2e_trace_v3,4403,17294075078819976359,0,prediction,out,3515201590912,1,/apollo/prediction,0,5047,1783692897423457095,1,72310103755199660,2,124286,124380
202607102214,e2e_trace_v3,4404,17294075078819976360,0,prediction,in,3515292460704,1,/apollo/perception/obstacles,5293,0,1783692897523766984,0,72310103755199661,2,124286,124388
202607102214,e2e_trace_v3,4415,17294075078819976360,0,prediction,out,3515298981152,1,/apollo/prediction,0,5048,1783692897523766984,1,72310103755199661,2,124286,124388
202607102214,e2e_trace_v3,4416,17294075078819976361,0,prediction,in,3515396731584,1,/apollo/perception/obstacles,5294,0,1783692897624101872,0,72310103755199662,2,124286,124359
202607102214,e2e_trace_v3,4427,17294075078819976361,0,prediction,out,3515404846048,1,/apollo/prediction,0,5049,1783692897624101872,2,72310103755199662,2,124286,124359
202607102214,e2e_trace_v3,4428,17294075078819976362,0,prediction,in,3515487349728,1,/apollo/perception/obstacles,5295,0,1783692897723284458,0,72310103755199663,2,124286,124389
202607102214,e2e_trace_v3,4439,17294075078819976362,0,prediction,out,3515491340384,1,/apollo/prediction,0,5050,1783692897723284458,0,72310103755199663,2,124286,124389
202607102214,e2e_trace_v3,4440,17294075078819976363,0,prediction,in,3515586417120,1,/apollo/perception/obstacles,5296,0,1783692897823841227,0,72310103755199664,2,124286,124380
202607102214,e2e_trace_v3,4451,17294075078819976363,0,prediction,out,3515591529376,1,/apollo/prediction,0,5051,1783692897823841227,1,72310103755199664,2,124286,124380
202607102214,e2e_trace_v3,4452,17294075078819976364,0,prediction,in,3515685740704,1,/apollo/perception/obstacles,5297,0,1783692897924403719,0,72310103755199665,2,124286,124388
202607102214,e2e_trace_v3,4463,17294075078819976364,0,prediction,out,3515689396928,1,/apollo/prediction,0,5052,1783692897924403719,0,72310103755199665,2,124286,124388
202607102214,e2e_trace_v3,4464,17294075078819976365,0,prediction,in,3515793855712,1,/apollo/perception/obstacles,5298,0,1783692898027379291,0,72310103755199666,2,124286,124377
202607102214,e2e_trace_v3,4475,17294075078819976365,0,prediction,out,3515797333792,1,/apollo/prediction,0,5053,1783692898027379291,0,72310103755199666,2,124286,124377
202607102214,e2e_trace_v3,4476,17294075078819976366,0,prediction,in,3515886856096,1,/apollo/perception/obstacles,5299,0,1783692898124692089,0,72310103755199667,2,124286,124391
202607102214,e2e_trace_v3,4487,17294075078819976366,0,prediction,out,3515891048160,1,/apollo/prediction,0,5054,1783692898124692089,1,72310103755199667,2,124286,124391
202607102214,e2e_trace_v3,4488,17294075078819976367,0,prediction,in,3515991510240,1,/apollo/perception/obstacles,5300,0,1783692898224240520,0,72310103755199668,2,124286,124389
202607102214,e2e_trace_v3,4499,17294075078819976367,0,prediction,out,3515995932032,1,/apollo/prediction,0,5055,1783692898224240520,1,72310103755199668,2,124286,124389
202607102214,e2e_trace_v3,4500,17294075078819976368,0,prediction,in,3516101186752,1,/apollo/perception/obstacles,5301,0,1783692898324215274,0,72310103755199669,2,124286,124359
202607102214,e2e_trace_v3,4511,17294075078819976368,0,prediction,out,3516107722624,1,/apollo/prediction,0,5056,1783692898324215274,1,72310103755199669,2,124286,124359
202607102214,e2e_trace_v3,4512,17294075078819976369,0,prediction,in,3516191837792,1,/apollo/perception/obstacles,5302,0,1783692898424475491,0,72310103755199670,2,124286,124388
202607102214,e2e_trace_v3,4523,17294075078819976369,0,prediction,out,3516196382016,1,/apollo/prediction,0,5057,1783692898424475491,1,72310103755199670,2,124286,124388
202607102214,e2e_trace_v3,4524,17294075078819976370,0,prediction,in,3516287321728,1,/apollo/perception/obstacles,5303,0,1783692898522922200,0,72310103755199671,2,124286,124383
202607102214,e2e_trace_v3,4535,17294075078819976370,0,prediction,out,3516291838944,1,/apollo/prediction,0,5058,1783692898522922200,2,72310103755199671,2,124286,124383
202607102214,e2e_trace_v3,4536,17294075078819976371,0,prediction,in,3516386671776,1,/apollo/perception/obstacles,5304,0,1783692898624092459,0,72310103755199672,2,124286,124379
202607102214,e2e_trace_v3,4547,17294075078819976371,0,prediction,out,3516390079072,1,/apollo/prediction,0,5059,1783692898624092459,1,72310103755199672,2,124286,124379
202607102214,e2e_trace_v3,4548,17294075078819976372,0,prediction,in,3516486365184,1,/apollo/perception/obstacles,5305,0,1783692898724057573,0,72310103755199673,2,124286,124382
202607102214,e2e_trace_v3,4559,17294075078819976372,0,prediction,out,3516490822688,1,/apollo/prediction,0,5060,1783692898724057573,1,72310103755199673,2,124286,124382
202607102214,e2e_trace_v3,4560,17294075078819976373,0,prediction,in,3516582148832,1,/apollo/perception/obstacles,5306,0,1783692898823542161,0,72310103755199674,2,124286,124386
202607102214,e2e_trace_v3,4571,17294075078819976373,0,prediction,out,3516586278816,1,/apollo/prediction,0,5061,1783692898823542161,1,72310103755199674,2,124286,124386
202607102214,e2e_trace_v3,4572,17294075078819976374,0,prediction,in,3516716510112,1,/apollo/perception/obstacles,5307,0,1783692898924534093,0,72310103755199675,2,124286,124377
202607102214,e2e_trace_v3,4583,17294075078819976374,0,prediction,out,3516720009088,1,/apollo/prediction,0,5062,1783692898924534093,1,72310103755199675,2,124286,124377
202607102214,e2e_trace_v3,4584,17294075078819976375,0,prediction,in,3516788829728,1,/apollo/perception/obstacles,5308,0,1783692899023416043,0,72310103755199676,2,124286,124391
202607102214,e2e_trace_v3,4595,17294075078819976375,0,prediction,out,3516791808672,1,/apollo/prediction,0,5063,1783692899023416043,1,72310103755199676,2,124286,124391
202607102214,e2e_trace_v3,4596,17294075078819976376,0,prediction,in,3516887664384,1,/apollo/perception/obstacles,5309,0,1783692899124184605,0,72310103755199677,2,124286,124384
202607102214,e2e_trace_v3,4607,17294075078819976376,0,prediction,out,3516891246944,1,/apollo/prediction,0,5064,1783692899124184605,1,72310103755199677,2,124286,124384
202607102214,e2e_trace_v3,4608,17294075078819976377,0,prediction,in,3516986785344,1,/apollo/perception/obstacles,5310,0,1783692899223608401,0,72310103755199678,2,124286,124386
202607102214,e2e_trace_v3,4619,17294075078819976377,0,prediction,out,3516991315392,1,/apollo/prediction,0,5065,1783692899223608401,1,72310103755199678,2,124286,124386
202607102214,e2e_trace_v3,4620,17294075078819976378,0,prediction,in,3517083525152,1,/apollo/perception/obstacles,5311,0,1783692899323357718,0,72310103755199679,2,124286,124379
202607102214,e2e_trace_v3,4631,17294075078819976378,0,prediction,out,3517091459488,1,/apollo/prediction,0,5066,1783692899323357718,1,72310103755199679,2,124286,124379
202607102214,e2e_trace_v3,4632,17294075078819976379,0,prediction,in,3517188537632,1,/apollo/perception/obstacles,5312,0,1783692899423281486,0,72310103755199680,2,124286,124359
202607102214,e2e_trace_v3,4643,17294075078819976379,0,prediction,out,3517192136704,1,/apollo/prediction,0,5067,1783692899423281486,0,72310103755199680,2,124286,124359
202607102214,e2e_trace_v3,4644,17294075078819976380,0,prediction,in,3517283998528,1,/apollo/perception/obstacles,5313,0,1783692899521923026,0,72310103755199681,2,124286,124380
202607102214,e2e_trace_v3,4655,17294075078819976380,0,prediction,out,3517288199744,1,/apollo/prediction,0,5068,1783692899521923026,1,72310103755199681,2,124286,124380
202607102214,e2e_trace_v3,4656,17294075078819976381,0,prediction,in,3517387542336,1,/apollo/perception/obstacles,5314,0,1783692899622881513,0,72310103755199682,2,124286,124391
202607102214,e2e_trace_v3,4667,17294075078819976381,0,prediction,out,3517391360576,1,/apollo/prediction,0,5069,1783692899622881513,0,72310103755199682,2,124286,124391
202607102214,e2e_trace_v3,4668,17294075078819976382,0,prediction,in,3517487585504,1,/apollo/perception/obstacles,5315,0,1783692899723467306,0,72310103755199683,2,124286,124377
202607102214,e2e_trace_v3,4679,17294075078819976382,0,prediction,out,3517491683872,1,/apollo/prediction,0,5070,1783692899723467306,1,72310103755199683,2,124286,124377
202607102214,e2e_trace_v3,4680,17294075078819976383,0,prediction,in,3517587823104,1,/apollo/perception/obstacles,5316,0,1783692899823160453,0,72310103755199684,2,124286,124379
202607102214,e2e_trace_v3,4691,17294075078819976383,0,prediction,out,3517594969792,1,/apollo/prediction,0,5071,1783692899823160453,0,72310103755199684,2,124286,124379
202607102214,e2e_trace_v3,4692,17294075078819976384,0,prediction,in,3517684724512,1,/apollo/perception/obstacles,5317,0,1783692899923457293,0,72310103755199685,2,124286,124377
202607102214,e2e_trace_v3,4703,17294075078819976384,0,prediction,out,3517691528224,1,/apollo/prediction,0,5072,1783692899923457293,1,72310103755199685,2,124286,124377
202607102214,e2e_trace_v3,4704,17294075078819976385,0,prediction,in,3517788624480,1,/apollo/perception/obstacles,5318,0,1783692900023101270,0,72310103755199686,2,124286,124381
202607102214,e2e_trace_v3,4715,17294075078819976385,0,prediction,out,3517794873536,1,/apollo/prediction,0,5073,1783692900023101270,1,72310103755199686,2,124286,124381
202607102214,e2e_trace_v3,4716,17294075078819976386,0,prediction,in,3517903237280,1,/apollo/perception/obstacles,5319,0,1783692900125153022,0,72310103755199687,2,124286,124388
202607102214,e2e_trace_v3,4727,17294075078819976386,0,prediction,out,3517907316000,1,/apollo/prediction,0,5074,1783692900125153022,1,72310103755199687,2,124286,124388
202607102214,e2e_trace_v3,4728,17294075078819976387,0,prediction,in,3517985687104,1,/apollo/perception/obstacles,5320,0,1783692900223512523,0,72310103755199688,2,124286,124377
202607102214,e2e_trace_v3,4739,17294075078819976387,0,prediction,out,3517989930848,1,/apollo/prediction,0,5075,1783692900223512523,1,72310103755199688,2,124286,124377
202607102214,e2e_trace_v3,4740,17294075078819976388,0,prediction,in,3518089281408,1,/apollo/perception/obstacles,5321,0,1783692900323616646,0,72310103755199689,2,124286,124388
202607102214,e2e_trace_v3,4751,17294075078819976388,0,prediction,out,3518092987136,1,/apollo/prediction,0,5076,1783692900323616646,0,72310103755199689,2,124286,124388
202607102214,e2e_trace_v3,4752,17294075078819976389,0,prediction,in,3518212149568,1,/apollo/perception/obstacles,5322,0,1783692900423553058,0,72310103755199690,2,124286,124380
202607102214,e2e_trace_v3,4763,17294075078819976389,0,prediction,out,3518216164192,1,/apollo/prediction,0,5077,1783692900423553058,1,72310103755199690,2,124286,124380
202607102214,e2e_trace_v3,4764,17294075078819976390,0,prediction,in,3518294126176,1,/apollo/perception/obstacles,5323,0,1783692900523729669,0,72310103755199691,2,124286,124378
202607102214,e2e_trace_v3,4775,17294075078819976390,0,prediction,out,3518298836192,1,/apollo/prediction,0,5078,1783692900523729669,1,72310103755199691,2,124286,124378
202607102214,e2e_trace_v3,4776,17294075078819976391,0,prediction,in,3518396476736,1,/apollo/perception/obstacles,5324,0,1783692900623802032,0,72310103755199692,2,124286,124381
202607102214,e2e_trace_v3,4787,17294075078819976391,0,prediction,out,3518400647840,1,/apollo/prediction,0,5079,1783692900623802032,1,72310103755199692,2,124286,124381
202607102214,e2e_trace_v3,4788,17294075078819976392,0,prediction,in,3518515445792,1,/apollo/perception/obstacles,5325,0,1783692900723986146,0,72310103755199693,2,124286,124379
202607102214,e2e_trace_v3,4799,17294075078819976392,0,prediction,out,3518520115136,1,/apollo/prediction,0,5080,1783692900723986146,2,72310103755199693,2,124286,124379
202607102214,e2e_trace_v3,4800,17294075078819976393,0,prediction,in,3518592922016,1,/apollo/perception/obstacles,5326,0,1783692900828309082,0,72310103755199694,2,124286,124386
202607102214,e2e_trace_v3,4811,17294075078819976393,0,prediction,out,3518599424224,1,/apollo/prediction,0,5081,1783692900828309082,1,72310103755199694,2,124286,124386
202607102214,e2e_trace_v3,4812,17294075078819976394,0,prediction,in,3518687687712,1,/apollo/perception/obstacles,5327,0,1783692900921493114,0,72310103755199695,2,124286,124383
202607102214,e2e_trace_v3,4823,17294075078819976394,0,prediction,out,3518692299456,1,/apollo/prediction,0,5082,1783692900921493114,2,72310103755199695,2,124286,124383
202607102214,e2e_trace_v3,4824,17294075078819976395,0,prediction,in,3518792555584,1,/apollo/perception/obstacles,5328,0,1783692901023343012,0,72310103755199696,2,124286,124382
202607102214,e2e_trace_v3,4835,17294075078819976395,0,prediction,out,3518799130560,1,/apollo/prediction,0,5083,1783692901023343012,0,72310103755199696,2,124286,124382
202607102214,e2e_trace_v3,4836,17294075078819976396,0,prediction,in,3518888043936,1,/apollo/perception/obstacles,5329,0,1783692901122984468,0,72310103755199697,2,124286,124379
202607102214,e2e_trace_v3,4847,17294075078819976396,0,prediction,out,3518892645184,1,/apollo/prediction,0,5084,1783692901122984468,1,72310103755199697,2,124286,124379
202607102214,e2e_trace_v3,4848,17294075078819976397,0,prediction,in,3518985245152,1,/apollo/perception/obstacles,5330,0,1783692901223383911,0,72310103755199698,2,124286,124391
202607102214,e2e_trace_v3,4859,17294075078819976397,0,prediction,out,3518988799392,1,/apollo/prediction,0,5085,1783692901223383911,2,72310103755199698,2,124286,124391
202607102214,e2e_trace_v3,4860,17294075078819976398,0,prediction,in,3519099596544,1,/apollo/perception/obstacles,5331,0,1783692901321935908,0,72310103755199699,2,124286,124377
202607102214,e2e_trace_v3,4871,17294075078819976398,0,prediction,out,3519107455840,1,/apollo/prediction,0,5086,1783692901321935908,2,72310103755199699,2,124286,124377
202607102214,e2e_trace_v3,4872,17294075078819976399,0,prediction,in,3519189848128,1,/apollo/perception/obstacles,5332,0,1783692901426293405,0,72310103755199700,2,124286,124378
202607102214,e2e_trace_v3,4883,17294075078819976399,0,prediction,out,3519195774176,1,/apollo/prediction,0,5087,1783692901426293405,3,72310103755199700,2,124286,124378
202607102214,e2e_trace_v3,4884,17294075078819976400,0,prediction,in,3519289822944,1,/apollo/perception/obstacles,5333,0,1783692901523674785,0,72310103755199701,2,124286,124391
202607102214,e2e_trace_v3,4895,17294075078819976400,0,prediction,out,3519297873120,1,/apollo/prediction,0,5088,1783692901523674785,2,72310103755199701,2,124286,124391
202607102214,e2e_trace_v3,4896,17294075078819976401,0,prediction,in,3519392335136,1,/apollo/perception/obstacles,5334,0,1783692901622478105,0,72310103755199702,2,124286,124387
202607102214,e2e_trace_v3,4907,17294075078819976401,0,prediction,out,3519396634400,1,/apollo/prediction,0,5089,1783692901622478105,3,72310103755199702,2,124286,124387
202607102214,e2e_trace_v3,4908,17294075078819976402,0,prediction,in,3519492077024,1,/apollo/perception/obstacles,5335,0,1783692901723782049,0,72310103755199703,2,124286,124388
202607102214,e2e_trace_v3,4919,17294075078819976402,0,prediction,out,3519497235008,1,/apollo/prediction,0,5090,1783692901723782049,4,72310103755199703,2,124286,124388
202607102214,e2e_trace_v3,4920,17294075078819976403,0,prediction,in,3519593037792,1,/apollo/perception/obstacles,5336,0,1783692901824309058,0,72310103755199704,2,124286,124386
202607102214,e2e_trace_v3,4931,17294075078819976403,0,prediction,out,3519598083328,1,/apollo/prediction,0,5091,1783692901824309058,2,72310103755199704,2,124286,124386
202607102214,e2e_trace_v3,4932,17294075078819976404,0,prediction,in,3519689095680,1,/apollo/perception/obstacles,5337,0,1783692901923308939,0,72310103755199705,2,124286,124384
202607102214,e2e_trace_v3,4943,17294075078819976404,0,prediction,out,3519694989664,1,/apollo/prediction,0,5092,1783692901923308939,2,72310103755199705,2,124286,124384
202607102214,e2e_trace_v3,4944,17294075078819976405,0,prediction,in,3519785086688,1,/apollo/perception/obstacles,5338,0,1783692902024023288,0,72310103755199706,2,124286,124378
202607102214,e2e_trace_v3,4955,17294075078819976405,0,prediction,out,3519791287136,1,/apollo/prediction,0,5093,1783692902024023288,1,72310103755199706,2,124286,124378
202607102214,e2e_trace_v3,4956,17294075078819976406,0,prediction,in,3519886001120,1,/apollo/perception/obstacles,5339,0,1783692902124029834,0,72310103755199707,2,124286,124387
202607102214,e2e_trace_v3,4967,17294075078819976406,0,prediction,out,3519889693984,1,/apollo/prediction,0,5094,1783692902124029834,0,72310103755199707,2,124286,124387
202607102214,e2e_trace_v3,4968,17294075078819976407,0,prediction,in,3519986629216,1,/apollo/perception/obstacles,5340,0,1783692902223564112,0,72310103755199708,2,124286,124390
202607102214,e2e_trace_v3,4979,17294075078819976407,0,prediction,out,3519990131072,1,/apollo/prediction,0,5095,1783692902223564112,1,72310103755199708,2,124286,124390
202607102214,e2e_trace_v3,4980,17294075078819976408,0,prediction,in,3520087740384,1,/apollo/perception/obstacles,5341,0,1783692902325948162,0,72310103755199709,2,124286,124377
202607102214,e2e_trace_v3,4991,17294075078819976408,0,prediction,out,3520091051200,1,/apollo/prediction,0,5096,1783692902325948162,0,72310103755199709,2,124286,124377
202607102214,e2e_trace_v3,4992,17294075078819976409,0,prediction,in,3520187232576,1,/apollo/perception/obstacles,5342,0,1783692902424055832,0,72310103755199710,2,124286,124390
202607102214,e2e_trace_v3,5003,17294075078819976409,0,prediction,out,3520195473440,1,/apollo/prediction,0,5097,1783692902424055832,2,72310103755199710,2,124286,124390
202607102214,e2e_trace_v3,5004,17294075078819976410,0,prediction,in,3520290008544,1,/apollo/perception/obstacles,5343,0,1783692902524186313,0,72310103755199711,2,124286,124379
202607102214,e2e_trace_v3,5015,17294075078819976410,0,prediction,out,3520295387840,1,/apollo/prediction,0,5098,1783692902524186313,1,72310103755199711,2,124286,124379
202607102214,e2e_trace_v3,5016,17294075078819976411,0,prediction,in,3520388637792,1,/apollo/perception/obstacles,5344,0,1783692902624572356,0,72310103755199712,2,124286,124381
202607102214,e2e_trace_v3,5027,17294075078819976411,0,prediction,out,3520392992544,1,/apollo/prediction,0,5099,1783692902624572356,1,72310103755199712,2,124286,124381
202607102214,e2e_trace_v3,5028,17294075078819976412,0,prediction,in,3520489468544,1,/apollo/perception/obstacles,5345,0,1783692902723767712,0,72310103755199713,2,124286,124382
202607102214,e2e_trace_v3,5039,17294075078819976412,0,prediction,out,3520497122624,1,/apollo/prediction,0,5100,1783692902723767712,1,72310103755199713,2,124286,124382
202607102214,e2e_trace_v3,5040,17294075078819976413,0,prediction,in,3520585898912,1,/apollo/perception/obstacles,5346,0,1783692902824762509,0,72310103755199714,2,124286,124380
202607102214,e2e_trace_v3,5051,17294075078819976413,0,prediction,out,3520590055040,1,/apollo/prediction,0,5101,1783692902824762509,1,72310103755199714,2,124286,124380
202607102214,e2e_trace_v3,5052,17294075078819976414,0,prediction,in,3520691322464,1,/apollo/perception/obstacles,5347,0,1783692902925032644,0,72310103755199715,2,124286,124383
202607102214,e2e_trace_v3,5063,17294075078819976414,0,prediction,out,3520698005728,1,/apollo/prediction,0,5102,1783692902925032644,0,72310103755199715,2,124286,124383
202607102214,e2e_trace_v3,5064,17294075078819976415,0,prediction,in,3520789394816,1,/apollo/perception/obstacles,5348,0,1783692903024394576,0,72310103755199716,2,124286,124384
202607102214,e2e_trace_v3,5075,17294075078819976415,0,prediction,out,3520793793024,1,/apollo/prediction,0,5103,1783692903024394576,1,72310103755199716,2,124286,124384
202607102214,e2e_trace_v3,5076,17294075078819976416,0,prediction,in,3520890490528,1,/apollo/perception/obstacles,5349,0,1783692903123800855,0,72310103755199717,2,124286,124359
202607102214,e2e_trace_v3,5087,17294075078819976416,0,prediction,out,3520893427264,1,/apollo/prediction,0,5104,1783692903123800855,2,72310103755199717,2,124286,124359
202607102214,e2e_trace_v3,5088,17294075078819976417,0,prediction,in,3520989197216,1,/apollo/perception/obstacles,5350,0,1783692903224147923,0,72310103755199718,2,124286,124389
202607102214,e2e_trace_v3,5099,17294075078819976417,0,prediction,out,3520995206304,1,/apollo/prediction,0,5105,1783692903224147923,2,72310103755199718,2,124286,124389
202607102214,e2e_trace_v3,5100,17294075078819976418,0,prediction,in,3521089748384,1,/apollo/perception/obstacles,5351,0,1783692903324032082,0,72310103755199719,2,124286,124385
202607102214,e2e_trace_v3,5111,17294075078819976418,0,prediction,out,3521095625792,1,/apollo/prediction,0,5106,1783692903324032082,2,72310103755199719,2,124286,124385
202607102214,e2e_trace_v3,5112,17294075078819976419,0,prediction,in,3521199266464,1,/apollo/perception/obstacles,5352,0,1783692903424781808,0,72310103755199720,2,124286,124379
202607102214,e2e_trace_v3,5123,17294075078819976419,0,prediction,out,3521207259040,1,/apollo/prediction,0,5107,1783692903424781808,2,72310103755199720,2,124286,124379
202607102214,e2e_trace_v3,5124,17294075078819976420,0,prediction,in,3521295652448,1,/apollo/perception/obstacles,5353,0,1783692903525780466,0,72310103755199721,2,124286,124388
202607102214,e2e_trace_v3,5135,17294075078819976420,0,prediction,out,3521301260320,1,/apollo/prediction,0,5108,1783692903525780466,2,72310103755199721,2,124286,124388
202607102214,e2e_trace_v3,5136,17294075078819976421,0,prediction,in,3521391450464,1,/apollo/perception/obstacles,5354,0,1783692903624360419,0,72310103755199722,2,124286,124380
202607102214,e2e_trace_v3,5147,17294075078819976421,0,prediction,out,3521396859840,1,/apollo/prediction,0,5109,1783692903624360419,1,72310103755199722,2,124286,124380
202607102214,e2e_trace_v3,5148,17294075078819976422,0,prediction,in,3521493594592,1,/apollo/perception/obstacles,5355,0,1783692903724492743,0,72310103755199723,2,124286,124390
202607102214,e2e_trace_v3,5159,17294075078819976422,0,prediction,out,3521498144704,1,/apollo/prediction,0,5110,1783692903724492743,2,72310103755199723,2,124286,124390
202607102214,e2e_trace_v3,5160,17294075078819976423,0,prediction,in,3521595668704,1,/apollo/perception/obstacles,5356,0,1783692903824510549,0,72310103755199724,2,124286,124383
202607102214,e2e_trace_v3,5171,17294075078819976423,0,prediction,out,3521600783392,1,/apollo/prediction,0,5111,1783692903824510549,2,72310103755199724,2,124286,124383
202607102214,e2e_trace_v3,5172,17294075078819976424,0,prediction,in,3521689482688,1,/apollo/perception/obstacles,5357,0,1783692903923435073,0,72310103755199725,2,124286,124380
202607102214,e2e_trace_v3,5183,17294075078819976424,0,prediction,out,3521695252576,1,/apollo/prediction,0,5112,1783692903923435073,2,72310103755199725,2,124286,124380
202607102214,e2e_trace_v3,5184,17294075078819976425,0,prediction,in,3521793685472,1,/apollo/perception/obstacles,5358,0,1783692904025164492,0,72310103755199726,2,124286,124382
202607102214,e2e_trace_v3,5195,17294075078819976425,0,prediction,out,3521798344096,1,/apollo/prediction,0,5113,1783692904025164492,2,72310103755199726,2,124286,124382
202607102214,e2e_trace_v3,5196,17294075078819976426,0,prediction,in,3521890425632,1,/apollo/perception/obstacles,5359,0,1783692904123820930,0,72310103755199727,2,124286,124387
202607102214,e2e_trace_v3,5207,17294075078819976426,0,prediction,out,3521894801696,1,/apollo/prediction,0,5114,1783692904123820930,2,72310103755199727,2,124286,124387
202607102214,e2e_trace_v3,5208,17294075078819976427,0,prediction,in,3522001696736,1,/apollo/perception/obstacles,5360,0,1783692904224912078,0,72310103755199728,2,124286,124378
202607102214,e2e_trace_v3,5219,17294075078819976427,0,prediction,out,3522005955168,1,/apollo/prediction,0,5115,1783692904224912078,1,72310103755199728,2,124286,124378
202607102214,e2e_trace_v3,5220,17294075078819976428,0,prediction,in,3522103479328,1,/apollo/perception/obstacles,5361,0,1783692904326576410,0,72310103755199729,2,124286,124391
202607102214,e2e_trace_v3,5231,17294075078819976428,0,prediction,out,3522107790496,1,/apollo/prediction,0,5116,1783692904326576410,1,72310103755199729,2,124286,124391
202607102214,e2e_trace_v3,5232,17294075078819976429,0,prediction,in,3522188460064,1,/apollo/perception/obstacles,5362,0,1783692904425694965,0,72310103755199730,2,124286,124382
202607102214,e2e_trace_v3,5243,17294075078819976429,0,prediction,out,3522193211392,1,/apollo/prediction,0,5117,1783692904425694965,3,72310103755199730,2,124286,124382
202607102214,e2e_trace_v3,5244,17294075078819976430,0,prediction,in,3522297533536,1,/apollo/perception/obstacles,5363,0,1783692904524962924,0,72310103755199731,2,124286,124379
202607102214,e2e_trace_v3,5255,17294075078819976430,0,prediction,out,3522305065760,1,/apollo/prediction,0,5118,1783692904524962924,1,72310103755199731,2,124286,124379
202607102214,e2e_trace_v3,5256,17294075078819976431,0,prediction,in,3522413343424,1,/apollo/perception/obstacles,5364,0,1783692904624505354,0,72310103755199732,2,124286,124391
202607102214,e2e_trace_v3,5267,17294075078819976431,0,prediction,out,3522417887136,1,/apollo/prediction,0,5119,1783692904624505354,2,72310103755199732,2,124286,124391
202607102214,e2e_trace_v3,5268,17294075078819976432,0,prediction,in,3522515640768,1,/apollo/perception/obstacles,5365,0,1783692904725721956,0,72310103755199733,2,124286,124384
202607102214,e2e_trace_v3,5279,17294075078819976432,0,prediction,out,3522520548864,1,/apollo/prediction,0,5120,1783692904725721956,2,72310103755199733,2,124286,124384
202607102214,e2e_trace_v3,5280,17294075078819976433,0,prediction,in,3522602031488,1,/apollo/perception/obstacles,5366,0,1783692904825729078,0,72310103755199734,2,124286,124388
202607102214,e2e_trace_v3,5291,17294075078819976433,0,prediction,out,3522606739008,1,/apollo/prediction,0,5121,1783692904825729078,2,72310103755199734,2,124286,124388
202607102214,e2e_trace_v3,5292,17294075078819976434,0,prediction,in,3522692660000,1,/apollo/perception/obstacles,5367,0,1783692904924290912,0,72310103755199735,2,124286,124389
202607102214,e2e_trace_v3,5303,17294075078819976434,0,prediction,out,3522697182688,1,/apollo/prediction,0,5122,1783692904924290912,2,72310103755199735,2,124286,124389
202607102214,e2e_trace_v3,5304,17294075078819976435,0,prediction,in,3522792319648,1,/apollo/perception/obstacles,5368,0,1783692905025800940,0,72310103755199736,2,124286,124386
202607102214,e2e_trace_v3,5315,17294075078819976435,0,prediction,out,3522799600064,1,/apollo/prediction,0,5123,1783692905025800940,2,72310103755199736,2,124286,124386
202607102214,e2e_trace_v3,5316,17294075078819976436,0,prediction,in,3522891882080,1,/apollo/perception/obstacles,5369,0,1783692905125091345,0,72310103755199737,2,124286,124385
202607102214,e2e_trace_v3,5327,17294075078819976436,0,prediction,out,3522896479392,1,/apollo/prediction,0,5124,1783692905125091345,1,72310103755199737,2,124286,124385
202607102214,e2e_trace_v3,5328,17294075078819976437,0,prediction,in,3522995216448,1,/apollo/perception/obstacles,5370,0,1783692905225089472,0,72310103755199738,2,124286,124383
202607102214,e2e_trace_v3,5339,17294075078819976437,0,prediction,out,3522998810432,1,/apollo/prediction,0,5125,1783692905225089472,0,72310103755199738,2,124286,124383
202607102214,e2e_trace_v3,5340,17294075078819976438,0,prediction,in,3523090109504,1,/apollo/perception/obstacles,5371,0,1783692905325380005,0,72310103755199739,2,124286,124391
202607102214,e2e_trace_v3,5351,17294075078819976438,0,prediction,out,3523094457312,1,/apollo/prediction,0,5126,1783692905325380005,2,72310103755199739,2,124286,124391
202607102214,e2e_trace_v3,5352,17294075078819976439,0,prediction,in,3523197070912,1,/apollo/perception/obstacles,5372,0,1783692905424503695,0,72310103755199740,2,124286,124383
202607102214,e2e_trace_v3,5363,17294075078819976439,0,prediction,out,3523203233248,1,/apollo/prediction,0,5127,1783692905424503695,1,72310103755199740,2,124286,124383
202607102214,e2e_trace_v3,5364,17294075078819976440,0,prediction,in,3523302180160,1,/apollo/perception/obstacles,5373,0,1783692905525247035,0,72310103755199741,2,124286,124385
202607102214,e2e_trace_v3,5375,17294075078819976440,0,prediction,out,3523307386400,1,/apollo/prediction,0,5128,1783692905525247035,1,72310103755199741,2,124286,124385
202607102214,e2e_trace_v3,5376,17294075078819976441,0,prediction,in,3523396881696,1,/apollo/perception/obstacles,5374,0,1783692905625897383,0,72310103755199742,2,124286,124386
202607102214,e2e_trace_v3,5387,17294075078819976441,0,prediction,out,3523400186048,1,/apollo/prediction,0,5129,1783692905625897383,0,72310103755199742,2,124286,124386
202607102214,e2e_trace_v3,5388,17294075078819976442,0,prediction,in,3523503353440,1,/apollo/perception/obstacles,5375,0,1783692905725651917,0,72310103755199743,2,124286,124387
202607102214,e2e_trace_v3,5399,17294075078819976442,0,prediction,out,3523507015456,1,/apollo/prediction,0,5130,1783692905725651917,0,72310103755199743,2,124286,124387
202607102214,e2e_trace_v3,5400,17294075078819976443,0,prediction,in,3523597136960,1,/apollo/perception/obstacles,5376,0,1783692905825584192,0,72310103755199744,2,124286,124390
202607102214,e2e_trace_v3,5411,17294075078819976443,0,prediction,out,3523600702528,1,/apollo/prediction,0,5131,1783692905825584192,0,72310103755199744,2,124286,124390
202607102214,e2e_trace_v3,5412,17294075078819976444,0,prediction,in,3523693018208,1,/apollo/perception/obstacles,5377,0,1783692905924321046,0,72310103755199745,2,124286,124382
202607102214,e2e_trace_v3,5423,17294075078819976444,0,prediction,out,3523697209696,1,/apollo/prediction,0,5132,1783692905924321046,1,72310103755199745,2,124286,124382
202607102214,e2e_trace_v3,5424,17294075078819976445,0,prediction,in,3523794860864,1,/apollo/perception/obstacles,5378,0,1783692906025041302,0,72310103755199746,2,124286,124384
202607102214,e2e_trace_v3,5435,17294075078819976445,0,prediction,out,3523801386208,1,/apollo/prediction,0,5133,1783692906025041302,0,72310103755199746,2,124286,124384
202607102214,e2e_trace_v3,5436,17294075078819976446,0,prediction,in,3523890624256,1,/apollo/perception/obstacles,5379,0,1783692906124073238,0,72310103755199747,2,124286,124388
202607102214,e2e_trace_v3,5447,17294075078819976446,0,prediction,out,3523894001568,1,/apollo/prediction,0,5134,1783692906124073238,1,72310103755199747,2,124286,124388
202607102214,e2e_trace_v3,5448,17294075078819976447,0,prediction,in,3523994587936,1,/apollo/perception/obstacles,5380,0,1783692906226257368,0,72310103755199748,2,124286,124378
202607102214,e2e_trace_v3,5459,17294075078819976447,0,prediction,out,3523997501536,1,/apollo/prediction,0,5135,1783692906226257368,1,72310103755199748,2,124286,124378
202607102214,e2e_trace_v3,5460,17294075078819976448,0,prediction,in,3524090708128,1,/apollo/perception/obstacles,5381,0,1783692906325021296,0,72310103755199749,2,124286,124386
202607102214,e2e_trace_v3,5471,17294075078819976448,0,prediction,out,3524094562592,1,/apollo/prediction,0,5136,1783692906325021296,1,72310103755199749,2,124286,124386
202607102214,e2e_trace_v3,5472,17294075078819976449,0,prediction,in,3524191452192,1,/apollo/perception/obstacles,5382,0,1783692906424285870,0,72310103755199750,2,124286,124388
202607102214,e2e_trace_v3,5483,17294075078819976449,0,prediction,out,3524194861696,1,/apollo/prediction,0,5137,1783692906424285870,1,72310103755199750,2,124286,124388
202607102214,e2e_trace_v3,5484,17294075078819976450,0,prediction,in,3524292080832,1,/apollo/perception/obstacles,5383,0,1783692906525569985,0,72310103755199751,2,124286,124384
202607102214,e2e_trace_v3,5495,17294075078819976450,0,prediction,out,3524296495264,1,/apollo/prediction,0,5138,1783692906525569985,1,72310103755199751,2,124286,124384
202607102214,e2e_trace_v3,5496,17294075078819976451,0,prediction,in,3524393404768,1,/apollo/perception/obstacles,5384,0,1783692906625032671,0,72310103755199752,2,124286,124389
202607102214,e2e_trace_v3,5507,17294075078819976451,0,prediction,out,3524399428864,1,/apollo/prediction,0,5139,1783692906625032671,1,72310103755199752,2,124286,124389
202607102214,e2e_trace_v3,5508,17294075078819976452,0,prediction,in,3524492636064,1,/apollo/perception/obstacles,5385,0,1783692906724074268,0,72310103755199753,2,124286,124391
202607102214,e2e_trace_v3,5519,17294075078819976452,0,prediction,out,3524497084960,1,/apollo/prediction,0,5140,1783692906724074268,1,72310103755199753,2,124286,124391
202607102214,e2e_trace_v3,5520,17294075078819976453,0,prediction,in,3524602312896,1,/apollo/perception/obstacles,5386,0,1783692906825062046,0,72310103755199754,2,124286,124390
202607102214,e2e_trace_v3,5531,17294075078819976453,0,prediction,out,3524606237120,1,/apollo/prediction,0,5141,1783692906825062046,1,72310103755199754,2,124286,124390
202607102214,e2e_trace_v3,5532,17294075078819976454,0,prediction,in,3524696591264,1,/apollo/perception/obstacles,5387,0,1783692906925279014,0,72310103755199755,2,124286,124378
202607102214,e2e_trace_v3,5543,17294075078819976454,0,prediction,out,3524700754432,1,/apollo/prediction,0,5142,1783692906925279014,2,72310103755199755,2,124286,124378
202607102214,e2e_trace_v3,5544,17294075078819976455,0,prediction,in,3524790502208,1,/apollo/perception/obstacles,5388,0,1783692907024699127,0,72310103755199756,2,124286,124384
202607102214,e2e_trace_v3,5555,17294075078819976455,0,prediction,out,3524798626240,1,/apollo/prediction,0,5143,1783692907024699127,2,72310103755199756,2,124286,124384
202607102214,e2e_trace_v3,5556,17294075078819976456,0,prediction,in,3524891061504,1,/apollo/perception/obstacles,5389,0,1783692907124421463,0,72310103755199757,2,124286,124378
202607102214,e2e_trace_v3,5567,17294075078819976456,0,prediction,out,3524895720960,1,/apollo/prediction,0,5144,1783692907124421463,1,72310103755199757,2,124286,124378
202607102214,e2e_trace_v3,5568,17294075078819976457,0,prediction,in,3524992706016,1,/apollo/perception/obstacles,5390,0,1783692907225127779,0,72310103755199758,2,124286,124388
202607102214,e2e_trace_v3,5579,17294075078819976457,0,prediction,out,3524995558304,1,/apollo/prediction,0,5145,1783692907225127779,1,72310103755199758,2,124286,124388
202607102214,e2e_trace_v3,5580,17294075078819976458,0,prediction,in,3525087567264,1,/apollo/perception/obstacles,5391,0,1783692907324741943,0,72310103755199759,2,124286,124379
202607102214,e2e_trace_v3,5591,17294075078819976458,0,prediction,out,3525091546528,1,/apollo/prediction,0,5146,1783692907324741943,1,72310103755199759,2,124286,124379
202607102214,e2e_trace_v3,5592,17294075078819976459,0,prediction,in,3525194565344,1,/apollo/perception/obstacles,5392,0,1783692907425914108,0,72310103755199760,2,124286,124386
202607102214,e2e_trace_v3,5603,17294075078819976459,0,prediction,out,3525198317248,1,/apollo/prediction,0,5147,1783692907425914108,2,72310103755199760,2,124286,124386
202607102214,e2e_trace_v3,5604,17294075078819976460,0,prediction,in,3525290079360,1,/apollo/perception/obstacles,5393,0,1783692907525782657,0,72310103755199761,2,124286,124384
202607102214,e2e_trace_v3,5615,17294075078819976460,0,prediction,out,3525293758496,1,/apollo/prediction,0,5148,1783692907525782657,2,72310103755199761,2,124286,124384
202607102214,e2e_trace_v3,5616,17294075078819976461,0,prediction,in,3525389134592,1,/apollo/perception/obstacles,5394,0,1783692907625620562,0,72310103755199762,2,124286,124359
202607102214,e2e_trace_v3,5627,17294075078819976461,0,prediction,out,3525392536096,1,/apollo/prediction,0,5149,1783692907625620562,1,72310103755199762,2,124286,124359
202607102214,e2e_trace_v3,5628,17294075078819976462,0,prediction,in,3525490092704,1,/apollo/perception/obstacles,5395,0,1783692907725846094,0,72310103755199763,2,124286,124378
202607102214,e2e_trace_v3,5639,17294075078819976462,0,prediction,out,3525494469248,1,/apollo/prediction,0,5150,1783692907725846094,1,72310103755199763,2,124286,124378
202607102214,e2e_trace_v3,5640,17294075078819976463,0,prediction,in,3525596440160,1,/apollo/perception/obstacles,5396,0,1783692907825310639,0,72310103755199764,2,124286,124384
202607102214,e2e_trace_v3,5651,17294075078819976463,0,prediction,out,3525601012864,1,/apollo/prediction,0,5151,1783692907825310639,1,72310103755199764,2,124286,124384
202607102214,e2e_trace_v3,5652,17294075078819976464,0,prediction,in,3525706473568,1,/apollo/perception/obstacles,5397,0,1783692907925107216,0,72310103755199765,2,124286,124386
202607102214,e2e_trace_v3,5663,17294075078819976464,0,prediction,out,3525710060224,1,/apollo/prediction,0,5152,1783692907925107216,2,72310103755199765,2,124286,124386
202607102214,e2e_trace_v3,5664,17294075078819976465,0,prediction,in,3525788337632,1,/apollo/perception/obstacles,5398,0,1783692908024475019,0,72310103755199766,2,124286,124380
202607102214,e2e_trace_v3,5675,17294075078819976465,0,prediction,out,3525792019456,1,/apollo/prediction,0,5153,1783692908024475019,1,72310103755199766,2,124286,124380
202607102214,e2e_trace_v3,5676,17294075078819976466,0,prediction,in,3525888125408,1,/apollo/perception/obstacles,5399,0,1783692908125388770,0,72310103755199767,2,124286,124384
202607102214,e2e_trace_v3,5687,17294075078819976466,0,prediction,out,3525892303136,1,/apollo/prediction,0,5154,1783692908125388770,2,72310103755199767,2,124286,124384
202607102214,e2e_trace_v3,5688,17294075078819976467,0,prediction,in,3525988770752,1,/apollo/perception/obstacles,5400,0,1783692908225577692,0,72310103755199768,2,124286,124378
202607102214,e2e_trace_v3,5699,17294075078819976467,0,prediction,out,3525993853568,1,/apollo/prediction,0,5155,1783692908225577692,2,72310103755199768,2,124286,124378
202607102214,e2e_trace_v3,5700,17294075078819976468,0,prediction,in,3526085474688,1,/apollo/perception/obstacles,5401,0,1783692908325059692,0,72310103755199769,2,124286,124359
202607102214,e2e_trace_v3,5711,17294075078819976468,0,prediction,out,3526089973600,1,/apollo/prediction,0,5156,1783692908325059692,2,72310103755199769,2,124286,124359
202607102214,e2e_trace_v3,5712,17294075078819976469,0,prediction,in,3526189675552,1,/apollo/perception/obstacles,5402,0,1783692908425262169,0,72310103755199770,2,124286,124382
202607102214,e2e_trace_v3,5723,17294075078819976469,0,prediction,out,3526197580096,1,/apollo/prediction,0,5157,1783692908425262169,2,72310103755199770,2,124286,124382
202607102214,e2e_trace_v3,5724,17294075078819976470,0,prediction,in,3526289184160,1,/apollo/perception/obstacles,5403,0,1783692908525772813,0,72310103755199771,2,124286,124385
202607102214,e2e_trace_v3,5735,17294075078819976470,0,prediction,out,3526295836096,1,/apollo/prediction,0,5158,1783692908525772813,2,72310103755199771,2,124286,124385
202607102214,e2e_trace_v3,5736,17294075078819976471,0,prediction,in,3526392347616,1,/apollo/perception/obstacles,5404,0,1783692908626409872,0,72310103755199772,2,124286,124388
202607102214,e2e_trace_v3,5747,17294075078819976471,0,prediction,out,3526397204960,1,/apollo/prediction,0,5159,1783692908626409872,1,72310103755199772,2,124286,124388
202607102214,e2e_trace_v3,5748,17294075078819976472,0,prediction,in,3526490585856,1,/apollo/perception/obstacles,5405,0,1783692908724255669,0,72310103755199773,2,124286,124389
202607102214,e2e_trace_v3,5759,17294075078819976472,0,prediction,out,3526495262368,1,/apollo/prediction,0,5160,1783692908724255669,2,72310103755199773,2,124286,124389
202607102214,e2e_trace_v3,5760,17294075078819976473,0,prediction,in,3526594095456,1,/apollo/perception/obstacles,5406,0,1783692908824566487,0,72310103755199774,2,124286,124379
202607102214,e2e_trace_v3,5771,17294075078819976473,0,prediction,out,3526599205600,1,/apollo/prediction,0,5161,1783692908824566487,2,72310103755199774,2,124286,124379
202607102214,e2e_trace_v3,5772,17294075078819976474,0,prediction,in,3526688364640,1,/apollo/perception/obstacles,5407,0,1783692908924616270,0,72310103755199775,2,124286,124377
202607102214,e2e_trace_v3,5783,17294075078819976474,0,prediction,out,3526692644128,1,/apollo/prediction,0,5162,1783692908924616270,2,72310103755199775,2,124286,124377
202607102214,e2e_trace_v3,5784,17294075078819976475,0,prediction,in,3526791902816,1,/apollo/perception/obstacles,5408,0,1783692909030061173,0,72310103755199776,2,124286,124388
202607102214,e2e_trace_v3,5795,17294075078819976475,0,prediction,out,3526799511936,1,/apollo/prediction,0,5163,1783692909030061173,2,72310103755199776,2,124286,124388
202607102214,e2e_trace_v3,5796,17294075078819976476,0,prediction,in,3526894637216,1,/apollo/perception/obstacles,5409,0,1783692909124663514,0,72310103755199777,2,124286,124381
202607102214,e2e_trace_v3,5807,17294075078819976476,0,prediction,out,3526899999168,1,/apollo/prediction,0,5164,1783692909124663514,2,72310103755199777,2,124286,124381
202607102214,e2e_trace_v3,5808,17294075078819976477,0,prediction,in,3526990477376,1,/apollo/perception/obstacles,5410,0,1783692909225154206,0,72310103755199778,2,124286,124378
202607102214,e2e_trace_v3,5819,17294075078819976477,0,prediction,out,3526998160192,1,/apollo/prediction,0,5165,1783692909225154206,1,72310103755199778,2,124286,124378
202607102214,e2e_trace_v3,5820,17294075078819976478,0,prediction,in,3527084003328,1,/apollo/perception/obstacles,5411,0,1783692909324608410,0,72310103755199779,2,124286,124384
202607102214,e2e_trace_v3,5831,17294075078819976478,0,prediction,out,3527089144608,1,/apollo/prediction,0,5166,1783692909324608410,2,72310103755199779,2,124286,124384
202607102214,e2e_trace_v3,5832,17294075078819976479,0,prediction,in,3527203549920,1,/apollo/perception/obstacles,5412,0,1783692909424345702,0,72310103755199780,2,124286,124377
202607102214,e2e_trace_v3,5843,17294075078819976479,0,prediction,out,3527207769472,1,/apollo/prediction,0,5167,1783692909424345702,2,72310103755199780,2,124286,124377
202607102214,e2e_trace_v3,5844,17294075078819976480,0,prediction,in,3527310647456,1,/apollo/perception/obstacles,5413,0,1783692909525632313,0,72310103755199781,2,124286,124380
202607102214,e2e_trace_v3,5855,17294075078819976480,0,prediction,out,3527315320000,1,/apollo/prediction,0,5168,1783692909525632313,1,72310103755199781,2,124286,124380
202607102214,e2e_trace_v3,5856,17294075078819976481,0,prediction,in,3527388437088,1,/apollo/perception/obstacles,5414,0,1783692909625194372,0,72310103755199782,2,124286,124381
202607102214,e2e_trace_v3,5867,17294075078819976481,0,prediction,out,3527393242848,1,/apollo/prediction,0,5169,1783692909625194372,2,72310103755199782,2,124286,124381
202607102214,e2e_trace_v3,5868,17294075078819976482,0,prediction,in,3527492111392,1,/apollo/perception/obstacles,5415,0,1783692909725619776,0,72310103755199783,2,124286,124383
202607102214,e2e_trace_v3,5879,17294075078819976482,0,prediction,out,3527499144768,1,/apollo/prediction,0,5170,1783692909725619776,1,72310103755199783,2,124286,124383
202607102214,e2e_trace_v3,5880,17294075078819976483,0,prediction,in,3527591801568,1,/apollo/perception/obstacles,5416,0,1783692909824875953,0,72310103755199784,2,124286,124379
202607102214,e2e_trace_v3,5891,17294075078819976483,0,prediction,out,3527596463616,1,/apollo/prediction,0,5171,1783692909824875953,1,72310103755199784,2,124286,124379
202607102214,e2e_trace_v3,5892,17294075078819976484,0,prediction,in,3527689390528,1,/apollo/perception/obstacles,5417,0,1783692909924187141,0,72310103755199785,2,124286,124359
202607102214,e2e_trace_v3,5903,17294075078819976484,0,prediction,out,3527694363488,1,/apollo/prediction,0,5172,1783692909924187141,1,72310103755199785,2,124286,124359
202607102214,e2e_trace_v3,5904,17294075078819976485,0,prediction,in,3527796273824,1,/apollo/perception/obstacles,5418,0,1783692910025954131,0,72310103755199786,2,124286,124388
202607102214,e2e_trace_v3,5915,17294075078819976485,0,prediction,out,3527801388096,1,/apollo/prediction,0,5173,1783692910025954131,1,72310103755199786,2,124286,124388
202607102214,e2e_trace_v3,5916,17294075078819976486,0,prediction,in,3527911321984,1,/apollo/perception/obstacles,5419,0,1783692910125854586,0,72310103755199787,2,124286,124378
202607102214,e2e_trace_v3,5927,17294075078819976486,0,prediction,out,3527917932320,1,/apollo/prediction,0,5174,1783692910125854586,1,72310103755199787,2,124286,124378
202607102214,e2e_trace_v3,5928,17294075078819976487,0,prediction,in,3527988776000,1,/apollo/perception/obstacles,5420,0,1783692910227147286,0,72310103755199788,2,124286,124359
202607102214,e2e_trace_v3,5939,17294075078819976487,0,prediction,out,3527993246208,1,/apollo/prediction,0,5175,1783692910227147286,1,72310103755199788,2,124286,124359
202607102214,e2e_trace_v3,5940,17294075078819976488,0,prediction,in,3528087299360,1,/apollo/perception/obstacles,5421,0,1783692910326639376,0,72310103755199789,2,124286,124377
202607102214,e2e_trace_v3,5951,17294075078819976488,0,prediction,out,3528091987424,1,/apollo/prediction,0,5176,1783692910326639376,1,72310103755199789,2,124286,124377
202607102214,e2e_trace_v3,5952,17294075078819976489,0,prediction,in,3528184023104,1,/apollo/perception/obstacles,5422,0,1783692910425282291,0,72310103755199790,2,124286,124386
202607102214,e2e_trace_v3,5963,17294075078819976489,0,prediction,out,3528188564352,1,/apollo/prediction,0,5177,1783692910425282291,2,72310103755199790,2,124286,124386
202607102214,e2e_trace_v3,5964,17294075078819976490,0,prediction,in,3528288589248,1,/apollo/perception/obstacles,5423,0,1783692910526333245,0,72310103755199791,2,124286,124390
202607102214,e2e_trace_v3,5975,17294075078819976490,0,prediction,out,3528296739680,1,/apollo/prediction,0,5178,1783692910526333245,1,72310103755199791,2,124286,124390
202607102214,e2e_trace_v3,5976,17294075078819976491,0,prediction,in,3528386461344,1,/apollo/perception/obstacles,5424,0,1783692910625574648,0,72310103755199792,2,124286,124377
202607102214,e2e_trace_v3,5987,17294075078819976491,0,prediction,out,3528391430112,1,/apollo/prediction,0,5179,1783692910625574648,1,72310103755199792,2,124286,124377
202607102214,e2e_trace_v3,5988,17294075078819976492,0,prediction,in,3528495919424,1,/apollo/perception/obstacles,5425,0,1783692910724981902,0,72310103755199793,2,124286,124379
202607102214,e2e_trace_v3,5999,17294075078819976492,0,prediction,out,3528500502816,1,/apollo/prediction,0,5180,1783692910724981902,2,72310103755199793,2,124286,124379
202607102214,e2e_trace_v3,6000,17294075078819976493,0,prediction,in,3528586720032,1,/apollo/perception/obstacles,5426,0,1783692910824734340,0,72310103755199794,2,124286,124380
202607102214,e2e_trace_v3,6011,17294075078819976493,0,prediction,out,3528591465216,1,/apollo/prediction,0,5181,1783692910824734340,1,72310103755199794,2,124286,124380
202607102214,e2e_trace_v3,6012,17294075078819976494,0,prediction,in,3528683609952,1,/apollo/perception/obstacles,5427,0,1783692910926527983,0,72310103755199795,2,124286,124381
202607102214,e2e_trace_v3,6023,17294075078819976494,0,prediction,out,3528686854880,1,/apollo/prediction,0,5182,1783692910926527983,1,72310103755199795,2,124286,124381
202607102214,e2e_trace_v3,6024,17294075078819976495,0,prediction,in,3528781712672,1,/apollo/perception/obstacles,5428,0,1783692911026259229,0,72310103755199796,2,124286,124390
202607102214,e2e_trace_v3,6035,17294075078819976495,0,prediction,out,3528787010784,1,/apollo/prediction,0,5183,1783692911026259229,3,72310103755199796,2,124286,124390
202607102214,e2e_trace_v3,6036,17294075078819976496,0,prediction,in,3528881821024,1,/apollo/perception/obstacles,5429,0,1783692911124213947,0,72310103755199797,2,124286,124386
202607102214,e2e_trace_v3,6047,17294075078819976496,0,prediction,out,3528889493472,1,/apollo/prediction,0,5184,1783692911124213947,2,72310103755199797,2,124286,124386
202607102214,e2e_trace_v3,6048,17294075078819976497,0,prediction,in,3528980570560,1,/apollo/perception/obstacles,5430,0,1783692911225135452,0,72310103755199798,2,124286,124379
202607102214,e2e_trace_v3,6059,17294075078819976497,0,prediction,out,3528987684000,1,/apollo/prediction,0,5185,1783692911225135452,3,72310103755199798,2,124286,124379
202607102214,e2e_trace_v3,6060,17294075078819976498,0,prediction,in,3529088186592,1,/apollo/perception/obstacles,5431,0,1783692911325608492,0,72310103755199799,2,124286,124384
202607102214,e2e_trace_v3,6071,17294075078819976498,0,prediction,out,3529091561856,1,/apollo/prediction,0,5186,1783692911325608492,3,72310103755199799,2,124286,124384
202607102214,e2e_trace_v3,6072,17294075078819976499,0,prediction,in,3529186093728,1,/apollo/perception/obstacles,5432,0,1783692911424782427,0,72310103755199800,2,124286,124379
202607102214,e2e_trace_v3,6083,17294075078819976499,0,prediction,out,3529189683072,1,/apollo/prediction,0,5187,1783692911424782427,3,72310103755199800,2,124286,124379
202607102214,e2e_trace_v3,6084,17294075078819976500,0,prediction,in,3529277735840,1,/apollo/perception/obstacles,5433,0,1783692911523036722,0,72310103755199801,2,124286,124377
202607102214,e2e_trace_v3,6095,17294075078819976500,0,prediction,out,3529282125888,1,/apollo/prediction,0,5188,1783692911523036722,2,72310103755199801,2,124286,124377
202607102214,e2e_trace_v3,6096,17294075078819976501,0,prediction,in,3529383688928,1,/apollo/perception/obstacles,5434,0,1783692911624279783,0,72310103755199802,2,124286,124379
202607102214,e2e_trace_v3,6107,17294075078819976501,0,prediction,out,3529387303968,1,/apollo/prediction,0,5189,1783692911624279783,2,72310103755199802,2,124286,124379
202607102214,e2e_trace_v3,6108,17294075078819976502,0,prediction,in,3529482507712,1,/apollo/perception/obstacles,5435,0,1783692911725464026,0,72310103755199803,2,124286,124378
202607102214,e2e_trace_v3,6119,17294075078819976502,0,prediction,out,3529486387456,1,/apollo/prediction,0,5190,1783692911725464026,2,72310103755199803,2,124286,124378
202607102214,e2e_trace_v3,6120,17294075078819976503,0,prediction,in,3529584389536,1,/apollo/perception/obstacles,5436,0,1783692911825427357,0,72310103755199804,2,124286,124381
202607102214,e2e_trace_v3,6131,17294075078819976503,0,prediction,out,3529588497632,1,/apollo/prediction,0,5191,1783692911825427357,2,72310103755199804,2,124286,124381
202607102214,e2e_trace_v3,6132,17294075078819976504,0,prediction,in,3529682718336,1,/apollo/perception/obstacles,5437,0,1783692911924187939,0,72310103755199805,2,124286,124359
202607102214,e2e_trace_v3,6143,17294075078819976504,0,prediction,out,3529686907712,1,/apollo/prediction,0,5192,1783692911924187939,2,72310103755199805,2,124286,124359
202607102214,e2e_trace_v3,6144,17294075078819976505,0,prediction,in,3529786079040,1,/apollo/perception/obstacles,5438,0,1783692912026253089,0,72310103755199806,2,124286,124382
202607102214,e2e_trace_v3,6155,17294075078819976505,0,prediction,out,3529790804640,1,/apollo/prediction,0,5193,1783692912026253089,2,72310103755199806,2,124286,124382
202607102214,e2e_trace_v3,6156,17294075078819976506,0,prediction,in,3529887503552,1,/apollo/perception/obstacles,5439,0,1783692912123654360,0,72310103755199807,2,124286,124380
202607102214,e2e_trace_v3,6167,17294075078819976506,0,prediction,out,3529891644448,1,/apollo/prediction,0,5194,1783692912123654360,2,72310103755199807,2,124286,124380
202607102214,e2e_trace_v3,6168,17294075078819976507,0,prediction,in,3529982938560,1,/apollo/perception/obstacles,5440,0,1783692912225005269,0,72310103755199808,2,124286,124388
202607102214,e2e_trace_v3,6179,17294075078819976507,0,prediction,out,3529987774336,1,/apollo/prediction,0,5195,1783692912225005269,1,72310103755199808,2,124286,124388
202607102214,e2e_trace_v3,6180,17294075078819976508,0,prediction,in,3530121977632,1,/apollo/perception/obstacles,5441,0,1783692912324430894,0,72310103755199809,2,124286,124386
202607102214,e2e_trace_v3,6191,17294075078819976508,0,prediction,out,3530127324512,1,/apollo/prediction,0,5196,1783692912324430894,2,72310103755199809,2,124286,124386
202607102214,e2e_trace_v3,6192,17294075078819976509,0,prediction,in,3530194491072,1,/apollo/perception/obstacles,5442,0,1783692912425025025,0,72310103755199810,2,124286,124382
202607102214,e2e_trace_v3,6203,17294075078819976509,0,prediction,out,3530198252288,1,/apollo/prediction,0,5197,1783692912425025025,2,72310103755199810,2,124286,124382
202607102214,e2e_trace_v3,6204,17294075078819976510,0,prediction,in,3530280171136,1,/apollo/perception/obstacles,5443,0,1783692912523857846,0,72310103755199811,2,124286,124359
202607102214,e2e_trace_v3,6215,17294075078819976510,0,prediction,out,3530285557664,1,/apollo/prediction,0,5198,1783692912523857846,3,72310103755199811,2,124286,124359
202607102214,e2e_trace_v3,6216,17294075078819976511,0,prediction,in,3530385572640,1,/apollo/perception/obstacles,5444,0,1783692912624211183,0,72310103755199812,2,124286,124382
202607102214,e2e_trace_v3,6227,17294075078819976511,0,prediction,out,3530390843776,1,/apollo/prediction,0,5199,1783692912624211183,3,72310103755199812,2,124286,124382
202607102214,e2e_trace_v3,6228,17294075078819976512,0,prediction,in,3530508927936,1,/apollo/perception/obstacles,5445,0,1783692912723840620,0,72310103755199813,2,124286,124378
202607102214,e2e_trace_v3,6239,17294075078819976512,0,prediction,out,3530514527520,1,/apollo/prediction,0,5200,1783692912723840620,3,72310103755199813,2,124286,124378
202607102214,e2e_trace_v3,6240,17294075078819976513,0,prediction,in,3530584286240,1,/apollo/perception/obstacles,5446,0,1783692912825099186,0,72310103755199814,2,124286,124380
202607102214,e2e_trace_v3,6251,17294075078819976513,0,prediction,out,3530590961440,1,/apollo/prediction,0,5201,1783692912825099186,3,72310103755199814,2,124286,124380
202607102214,e2e_trace_v3,6252,17294075078819976514,0,prediction,in,3530694036096,1,/apollo/perception/obstacles,5447,0,1783692912926122696,0,72310103755199815,2,124286,124381
202607102214,e2e_trace_v3,6263,17294075078819976514,0,prediction,out,3530699629760,1,/apollo/prediction,0,5202,1783692912926122696,2,72310103755199815,2,124286,124381
202607102214,e2e_trace_v3,6264,17294075078819976515,0,prediction,in,3530791781696,1,/apollo/perception/obstacles,5448,0,1783692913024985387,0,72310103755199816,2,124286,124378
202607102214,e2e_trace_v3,6275,17294075078819976515,0,prediction,out,3530796432576,1,/apollo/prediction,0,5203,1783692913024985387,1,72310103755199816,2,124286,124378
202607102214,e2e_trace_v3,6276,17294075078819976516,0,prediction,in,3530890670112,1,/apollo/perception/obstacles,5449,0,1783692913125190443,0,72310103755199817,2,124286,124387
202607102214,e2e_trace_v3,6287,17294075078819976516,0,prediction,out,3530898443680,1,/apollo/prediction,0,5204,1783692913125190443,1,72310103755199817,2,124286,124387
202607102214,e2e_trace_v3,6288,17294075078819976517,0,prediction,in,3530985606816,1,/apollo/perception/obstacles,5450,0,1783692913224760347,0,72310103755199818,2,124286,124386
202607102214,e2e_trace_v3,6299,17294075078819976517,0,prediction,out,3530993493632,1,/apollo/prediction,0,5205,1783692913224760347,1,72310103755199818,2,124286,124386
202607102214,e2e_trace_v3,6300,17294075078819976518,0,prediction,in,3531087880896,1,/apollo/perception/obstacles,5451,0,1783692913325512652,0,72310103755199819,2,124286,124385
202607102214,e2e_trace_v3,6311,17294075078819976518,0,prediction,out,3531095417792,1,/apollo/prediction,0,5206,1783692913325512652,1,72310103755199819,2,124286,124385
202607102214,e2e_trace_v3,6312,17294075078819976519,0,prediction,in,3531180011392,1,/apollo/perception/obstacles,5452,0,1783692913423911474,0,72310103755199820,2,124286,124389
202607102214,e2e_trace_v3,6323,17294075078819976519,0,prediction,out,3531186614784,1,/apollo/prediction,0,5207,1783692913423911474,1,72310103755199820,2,124286,124389
202607102214,e2e_trace_v3,6324,17294075078819976520,0,prediction,in,3531285520672,1,/apollo/perception/obstacles,5453,0,1783692913525076523,0,72310103755199821,2,124286,124388
202607102214,e2e_trace_v3,6335,17294075078819976520,0,prediction,out,3531290507104,1,/apollo/prediction,0,5208,1783692913525076523,1,72310103755199821,2,124286,124388
202607102214,e2e_trace_v3,6336,17294075078819976521,0,prediction,in,3531379673440,1,/apollo/perception/obstacles,5454,0,1783692913624402928,0,72310103755199822,2,124286,124379
202607102214,e2e_trace_v3,6347,17294075078819976521,0,prediction,out,3531383663168,1,/apollo/prediction,0,5209,1783692913624402928,2,72310103755199822,2,124286,124379
202607102214,e2e_trace_v3,6348,17294075078819976522,0,prediction,in,3531488080288,1,/apollo/perception/obstacles,5455,0,1783692913724526862,0,72310103755199823,2,124286,124391
202607102214,e2e_trace_v3,6359,17294075078819976522,0,prediction,out,3531496621120,1,/apollo/prediction,0,5210,1783692913724526862,3,72310103755199823,2,124286,124391
202607102214,e2e_trace_v3,6360,17294075078819976523,0,prediction,in,3531583676672,1,/apollo/perception/obstacles,5456,0,1783692913824039223,0,72310103755199824,2,124286,124388
202607102214,e2e_trace_v3,6371,17294075078819976523,0,prediction,out,3531591478112,1,/apollo/prediction,0,5211,1783692913824039223,3,72310103755199824,2,124286,124388
202607102214,e2e_trace_v3,6372,17294075078819976524,0,prediction,in,3531679840448,1,/apollo/perception/obstacles,5457,0,1783692913925249384,0,72310103755199825,2,124286,124378
202607102214,e2e_trace_v3,6383,17294075078819976524,0,prediction,out,3531685034176,1,/apollo/prediction,0,5212,1783692913925249384,3,72310103755199825,2,124286,124378
202607102214,e2e_trace_v3,6384,17294075078819976525,0,prediction,in,3531780171648,1,/apollo/perception/obstacles,5458,0,1783692914024419235,0,72310103755199826,2,124286,124380
202607102214,e2e_trace_v3,6395,17294075078819976525,0,prediction,out,3531784934752,1,/apollo/prediction,0,5213,1783692914024419235,2,72310103755199826,2,124286,124380
202607102214,e2e_trace_v3,6396,17294075078819976526,0,prediction,in,3531883059968,1,/apollo/perception/obstacles,5459,0,1783692914125048358,0,72310103755199827,2,124286,124389
202607102214,e2e_trace_v3,6407,17294075078819976526,0,prediction,out,3531891629888,1,/apollo/prediction,0,5214,1783692914125048358,3,72310103755199827,2,124286,124389
202607102214,e2e_trace_v3,6408,17294075078819976527,0,prediction,in,3531985695264,1,/apollo/perception/obstacles,5460,0,1783692914223989335,0,72310103755199828,2,124286,124386
202607102214,e2e_trace_v3,6419,17294075078819976527,0,prediction,out,3531991292736,1,/apollo/prediction,0,5215,1783692914223989335,3,72310103755199828,2,124286,124386
202607102214,e2e_trace_v3,6420,17294075078819976528,0,prediction,in,3532083184032,1,/apollo/perception/obstacles,5461,0,1783692914323331039,0,72310103755199829,2,124286,124390
202607102214,e2e_trace_v3,6431,17294075078819976528,0,prediction,out,3532091242400,1,/apollo/prediction,0,5216,1783692914323331039,3,72310103755199829,2,124286,124390
202607102214,e2e_trace_v3,6432,17294075078819976529,0,prediction,in,3532181163808,1,/apollo/perception/obstacles,5462,0,1783692914423153626,0,72310103755199830,2,124286,124391
202607102214,e2e_trace_v3,6443,17294075078819976529,0,prediction,out,3532186503712,1,/apollo/prediction,0,5217,1783692914423153626,3,72310103755199830,2,124286,124391
202607102214,e2e_trace_v3,6444,17294075078819976530,0,prediction,in,3532280027232,1,/apollo/perception/obstacles,5463,0,1783692914527698450,0,72310103755199831,2,124286,124383
202607102214,e2e_trace_v3,6455,17294075078819976530,0,prediction,out,3532285208416,1,/apollo/prediction,0,5218,1783692914527698450,2,72310103755199831,2,124286,124383
202607102214,e2e_trace_v3,6456,17294075078819976531,0,prediction,in,3532379840096,1,/apollo/perception/obstacles,5464,0,1783692914624864504,0,72310103755199832,2,124286,124385
202607102214,e2e_trace_v3,6467,17294075078819976531,0,prediction,out,3532385101280,1,/apollo/prediction,0,5219,1783692914624864504,3,72310103755199832,2,124286,124385
202607102214,e2e_trace_v3,6468,17294075078819976532,0,prediction,in,3532486284768,1,/apollo/perception/obstacles,5465,0,1783692914724174566,0,72310103755199833,2,124286,124381
202607102214,e2e_trace_v3,6479,17294075078819976532,0,prediction,out,3532491488032,1,/apollo/prediction,0,5220,1783692914724174566,3,72310103755199833,2,124286,124381
202607102214,e2e_trace_v3,6480,17294075078819976533,0,prediction,in,3532583329024,1,/apollo/perception/obstacles,5466,0,1783692914824819121,0,72310103755199834,2,124286,124390
202607102214,e2e_trace_v3,6491,17294075078819976533,0,prediction,out,3532588181728,1,/apollo/prediction,0,5221,1783692914824819121,2,72310103755199834,2,124286,124390
202607102214,e2e_trace_v3,6492,17294075078819976534,0,prediction,in,3532682612448,1,/apollo/perception/obstacles,5467,0,1783692914923959239,0,72310103755199835,2,124286,124380
202607102214,e2e_trace_v3,6503,17294075078819976534,0,prediction,out,3532687498848,1,/apollo/prediction,0,5222,1783692914923959239,4,72310103755199835,2,124286,124380
202607102214,e2e_trace_v3,6504,17294075078819976535,0,prediction,in,3532783290144,1,/apollo/perception/obstacles,5468,0,1783692915024218383,0,72310103755199836,2,124286,124379
202607102214,e2e_trace_v3,6515,17294075078819976535,0,prediction,out,3532788405184,1,/apollo/prediction,0,5223,1783692915024218383,4,72310103755199836,2,124286,124379
202607102214,e2e_trace_v3,6516,17294075078819976536,0,prediction,in,3532877535968,1,/apollo/perception/obstacles,5469,0,1783692915123530373,0,72310103755199837,2,124286,124385
202607102214,e2e_trace_v3,6527,17294075078819976536,0,prediction,out,3532885370656,1,/apollo/prediction,0,5224,1783692915123530373,2,72310103755199837,2,124286,124385
202607102214,e2e_trace_v3,6528,17294075078819976537,0,prediction,in,3532982429376,1,/apollo/perception/obstacles,5470,0,1783692915224030704,0,72310103755199838,2,124286,124389
202607102214,e2e_trace_v3,6539,17294075078819976537,0,prediction,out,3532989949440,1,/apollo/prediction,0,5225,1783692915224030704,3,72310103755199838,2,124286,124389
202607102214,e2e_trace_v3,6540,17294075078819976538,0,prediction,in,3533080597440,1,/apollo/perception/obstacles,5471,0,1783692915322692952,0,72310103755199839,2,124286,124391
202607102214,e2e_trace_v3,6551,17294075078819976538,0,prediction,out,3533086870496,1,/apollo/prediction,0,5226,1783692915322692952,2,72310103755199839,2,124286,124391
202607102214,e2e_trace_v3,6552,17294075078819976539,0,prediction,in,3533180313312,1,/apollo/perception/obstacles,5472,0,1783692915425093847,0,72310103755199840,2,124286,124377
202607102214,e2e_trace_v3,6563,17294075078819976539,0,prediction,out,3533184327424,1,/apollo/prediction,0,5227,1783692915425093847,2,72310103755199840,2,124286,124377
202607102214,e2e_trace_v3,6564,17294075078819976540,0,prediction,in,3533276790656,1,/apollo/perception/obstacles,5473,0,1783692915522981710,0,72310103755199841,2,124286,124386
202607102214,e2e_trace_v3,6575,17294075078819976540,0,prediction,out,3533283840448,1,/apollo/prediction,0,5228,1783692915522981710,2,72310103755199841,2,124286,124386
202607102214,e2e_trace_v3,6576,17294075078819976541,0,prediction,in,3533377868032,1,/apollo/perception/obstacles,5474,0,1783692915624395960,0,72310103755199842,2,124286,124378
202607102214,e2e_trace_v3,6587,17294075078819976541,0,prediction,out,3533381735584,1,/apollo/prediction,0,5229,1783692915624395960,1,72310103755199842,2,124286,124378
202607102214,e2e_trace_v3,6588,17294075078819976542,0,prediction,in,3533477956768,1,/apollo/perception/obstacles,5475,0,1783692915724451254,0,72310103755199843,2,124286,124386
202607102214,e2e_trace_v3,6599,17294075078819976542,0,prediction,out,3533482910912,1,/apollo/prediction,0,5230,1783692915724451254,2,72310103755199843,2,124286,124386
202607102214,e2e_trace_v3,6600,17294075078819976543,0,prediction,in,3533592857024,1,/apollo/perception/obstacles,5476,0,1783692915823749308,0,72310103755199844,2,124286,124382
202607102214,e2e_trace_v3,6611,17294075078819976543,0,prediction,out,3533597727008,1,/apollo/prediction,0,5231,1783692915823749308,1,72310103755199844,2,124286,124382
202607102214,e2e_trace_v3,6612,17294075078819976544,0,prediction,in,3533683744480,1,/apollo/perception/obstacles,5477,0,1783692915924426673,0,72310103755199845,2,124286,124383
202607102214,e2e_trace_v3,6623,17294075078819976544,0,prediction,out,3533688833664,1,/apollo/prediction,0,5232,1783692915924426673,2,72310103755199845,2,124286,124383
202607102214,e2e_trace_v3,6624,17294075078819976545,0,prediction,in,3533802916384,1,/apollo/perception/obstacles,5478,0,1783692916023815573,0,72310103755199846,2,124286,124384
202607102214,e2e_trace_v3,6635,17294075078819976545,0,prediction,out,3533808116960,1,/apollo/prediction,0,5233,1783692916023815573,3,72310103755199846,2,124286,124384
202607102214,e2e_trace_v3,6636,17294075078819976546,0,prediction,in,3533921740384,1,/apollo/perception/obstacles,5479,0,1783692916123748789,0,72310103755199847,2,124286,124382
202607102214,e2e_trace_v3,6647,17294075078819976546,0,prediction,out,3533926066016,1,/apollo/prediction,0,5234,1783692916123748789,2,72310103755199847,2,124286,124382
202607102214,e2e_trace_v3,6648,17294075078819976547,0,prediction,in,3533998452736,1,/apollo/perception/obstacles,5480,0,1783692916225044986,0,72310103755199848,2,124286,124377
202607102214,e2e_trace_v3,6659,17294075078819976547,0,prediction,out,3534004587680,1,/apollo/prediction,0,5235,1783692916225044986,2,72310103755199848,2,124286,124377
202607102214,e2e_trace_v3,6660,17294075078819976548,0,prediction,in,3534079853856,1,/apollo/perception/obstacles,5481,0,1783692916323164653,0,72310103755199849,2,124286,124359
202607102214,e2e_trace_v3,6671,17294075078819976548,0,prediction,out,3534084570176,1,/apollo/prediction,0,5236,1783692916323164653,2,72310103755199849,2,124286,124359
202607102214,e2e_trace_v3,6672,17294075078819976549,0,prediction,in,3534178975616,1,/apollo/perception/obstacles,5482,0,1783692916424302038,0,72310103755199850,2,124286,124387
202607102214,e2e_trace_v3,6683,17294075078819976549,0,prediction,out,3534182381248,1,/apollo/prediction,0,5237,1783692916424302038,3,72310103755199850,2,124286,124387
202607102214,e2e_trace_v3,6684,17294075078819976550,0,prediction,in,3534281061056,1,/apollo/perception/obstacles,5483,0,1783692916524083825,0,72310103755199851,2,124286,124385
202607102214,e2e_trace_v3,6695,17294075078819976550,0,prediction,out,3534284263520,1,/apollo/prediction,0,5238,1783692916524083825,2,72310103755199851,2,124286,124385
202607102214,e2e_trace_v3,6696,17294075078819976551,0,prediction,in,3534387422112,1,/apollo/perception/obstacles,5484,0,1783692916622548525,0,72310103755199852,2,124286,124391
202607102214,e2e_trace_v3,6707,17294075078819976551,0,prediction,out,3534391181504,1,/apollo/prediction,0,5239,1783692916622548525,3,72310103755199852,2,124286,124391
202607102214,e2e_trace_v3,6708,17294075078819976552,0,prediction,in,3534493631808,1,/apollo/perception/obstacles,5485,0,1783692916723654543,0,72310103755199853,2,124286,124389
202607102214,e2e_trace_v3,6719,17294075078819976552,0,prediction,out,3534497122464,1,/apollo/prediction,0,5240,1783692916723654543,1,72310103755199853,2,124286,124389
202607102214,e2e_trace_v3,6720,17294075078819976553,0,prediction,in,3534585482112,1,/apollo/perception/obstacles,5486,0,1783692916825843257,0,72310103755199854,2,124286,124384
202607102214,e2e_trace_v3,6731,17294075078819976553,0,prediction,out,3534589164224,1,/apollo/prediction,0,5241,1783692916825843257,1,72310103755199854,2,124286,124384
202607102214,e2e_trace_v3,6732,17294075078819976554,0,prediction,in,3534683920256,1,/apollo/perception/obstacles,5487,0,1783692916926061184,0,72310103755199855,2,124286,124387
202607102214,e2e_trace_v3,6743,17294075078819976554,0,prediction,out,3534687269984,1,/apollo/prediction,0,5242,1783692916926061184,1,72310103755199855,2,124286,124387
202607102214,e2e_trace_v3,6744,17294075078819976555,0,prediction,in,3534804309472,1,/apollo/perception/obstacles,5488,0,1783692917024321144,0,72310103755199856,2,124286,124378
202607102214,e2e_trace_v3,6755,17294075078819976555,0,prediction,out,3534808077088,1,/apollo/prediction,0,5243,1783692917024321144,1,72310103755199856,2,124286,124378
202607102214,e2e_trace_v3,6756,17294075078819976556,0,prediction,in,3534880813696,1,/apollo/perception/obstacles,5489,0,1783692917124981664,0,72310103755199857,2,124286,124386
202607102214,e2e_trace_v3,6767,17294075078819976556,0,prediction,out,3534884331776,1,/apollo/prediction,0,5244,1783692917124981664,1,72310103755199857,2,124286,124386
202607102214,e2e_trace_v3,6768,17294075078819976557,0,prediction,in,3534991858048,1,/apollo/perception/obstacles,5490,0,1783692917225347216,0,72310103755199858,2,124286,124359
202607102214,e2e_trace_v3,6779,17294075078819976557,0,prediction,out,3534998986720,1,/apollo/prediction,0,5245,1783692917225347216,2,72310103755199858,2,124286,124359
202607102214,e2e_trace_v3,6780,17294075078819976558,0,prediction,in,3535081734784,1,/apollo/perception/obstacles,5491,0,1783692917325061598,0,72310103755199859,2,124286,124389
202607102214,e2e_trace_v3,6791,17294075078819976558,0,prediction,out,3535088813440,1,/apollo/prediction,0,5246,1783692917325061598,2,72310103755199859,2,124286,124389
202607102214,e2e_trace_v3,6792,17294075078819976559,0,prediction,in,3535183495008,1,/apollo/perception/obstacles,5492,0,1783692917426043962,0,72310103755199860,2,124286,124385
202607102214,e2e_trace_v3,6803,17294075078819976559,0,prediction,out,3535191961120,1,/apollo/prediction,0,5247,1783692917426043962,3,72310103755199860,2,124286,124385
202607102214,e2e_trace_v3,6804,17294075078819976560,0,prediction,in,3535293383936,1,/apollo/perception/obstacles,5493,0,1783692917526008918,0,72310103755199861,2,124286,124383
202607102214,e2e_trace_v3,6815,17294075078819976560,0,prediction,out,3535296583456,1,/apollo/prediction,0,5248,1783692917526008918,2,72310103755199861,2,124286,124383
202607102214,e2e_trace_v3,6816,17294075078819976561,0,prediction,in,3535396526592,1,/apollo/perception/obstacles,5494,0,1783692917624256212,0,72310103755199862,2,124286,124359
202607102214,e2e_trace_v3,6827,17294075078819976561,0,prediction,out,3535400050464,1,/apollo/prediction,0,5249,1783692917624256212,2,72310103755199862,2,124286,124359
202607102214,e2e_trace_v3,6828,17294075078819976562,0,prediction,in,3535486634976,1,/apollo/perception/obstacles,5495,0,1783692917725028162,0,72310103755199863,2,124286,124386
202607102214,e2e_trace_v3,6839,17294075078819976562,0,prediction,out,3535490042944,1,/apollo/prediction,0,5250,1783692917725028162,2,72310103755199863,2,124286,124386
202607102214,e2e_trace_v3,6840,17294075078819976563,0,prediction,in,3535584460608,1,/apollo/perception/obstacles,5496,0,1783692917826120031,0,72310103755199864,2,124286,124382
202607102214,e2e_trace_v3,6851,17294075078819976563,0,prediction,out,3535591241184,1,/apollo/prediction,0,5251,1783692917826120031,3,72310103755199864,2,124286,124382
202607102214,e2e_trace_v3,6852,17294075078819976564,0,prediction,in,3535683565312,1,/apollo/perception/obstacles,5497,0,1783692917925832916,0,72310103755199865,2,124286,124378
202607102214,e2e_trace_v3,6863,17294075078819976564,0,prediction,out,3535687788000,1,/apollo/prediction,0,5252,1783692917925832916,1,72310103755199865,2,124286,124378
202607102214,e2e_trace_v3,6864,17294075078819976565,0,prediction,in,3535783084640,1,/apollo/perception/obstacles,5498,0,1783692918024965259,0,72310103755199866,2,124286,124386
202607102214,e2e_trace_v3,6875,17294075078819976565,0,prediction,out,3535787469856,1,/apollo/prediction,0,5253,1783692918024965259,2,72310103755199866,2,124286,124386
202607102214,e2e_trace_v3,6876,17294075078819976566,0,prediction,in,3535880367776,1,/apollo/perception/obstacles,5499,0,1783692918124571465,0,72310103755199867,2,124286,124379
202607102214,e2e_trace_v3,6887,17294075078819976566,0,prediction,out,3535884536544,1,/apollo/prediction,0,5254,1783692918124571465,3,72310103755199867,2,124286,124379
202607102214,e2e_trace_v3,6888,17294075078819976567,0,prediction,in,3535990834848,1,/apollo/perception/obstacles,5500,0,1783692918228155313,0,72310103755199868,2,124286,124389
202607102214,e2e_trace_v3,6899,17294075078819976567,0,prediction,out,3535998484320,1,/apollo/prediction,0,5255,1783692918228155313,2,72310103755199868,2,124286,124389
202607102214,e2e_trace_v3,6900,17294075078819976568,0,prediction,in,3536081294112,1,/apollo/perception/obstacles,5501,0,1783692918325335232,0,72310103755199869,2,124286,124391
202607102214,e2e_trace_v3,6911,17294075078819976568,0,prediction,out,3536086811008,1,/apollo/prediction,0,5256,1783692918325335232,3,72310103755199869,2,124286,124391
202607102214,e2e_trace_v3,6912,17294075078819976569,0,prediction,in,3536192176224,1,/apollo/perception/obstacles,5502,0,1783692918424539827,0,72310103755199870,2,124286,124382
202607102214,e2e_trace_v3,6923,17294075078819976569,0,prediction,out,3536199439552,1,/apollo/prediction,0,5257,1783692918424539827,3,72310103755199870,2,124286,124382
202607102214,e2e_trace_v3,6924,17294075078819976570,0,prediction,in,3536286959648,1,/apollo/perception/obstacles,5503,0,1783692918526448234,0,72310103755199871,2,124286,124386
202607102214,e2e_trace_v3,6935,17294075078819976570,0,prediction,out,3536290336416,1,/apollo/prediction,0,5258,1783692918526448234,3,72310103755199871,2,124286,124386
202607102214,e2e_trace_v3,6936,17294075078819976571,0,prediction,in,3536381451424,1,/apollo/perception/obstacles,5504,0,1783692918625352670,0,72310103755199872,2,124286,124377
202607102214,e2e_trace_v3,6947,17294075078819976571,0,prediction,out,3536386131360,1,/apollo/prediction,0,5259,1783692918625352670,2,72310103755199872,2,124286,124377
202607102214,e2e_trace_v3,6948,17294075078819976572,0,prediction,in,3536508371072,1,/apollo/perception/obstacles,5505,0,1783692918724613599,0,72310103755199873,2,124286,124384
202607102214,e2e_trace_v3,6959,17294075078819976572,0,prediction,out,3536513003104,1,/apollo/prediction,0,5260,1783692918724613599,2,72310103755199873,2,124286,124384
202607102214,e2e_trace_v3,6960,17294075078819976573,0,prediction,in,3536596398496,1,/apollo/perception/obstacles,5506,0,1783692918824515881,0,72310103755199874,2,124286,124382
202607102214,e2e_trace_v3,6971,17294075078819976573,0,prediction,out,3536600864160,1,/apollo/prediction,0,5261,1783692918824515881,2,72310103755199874,2,124286,124382
202607102214,e2e_trace_v3,6972,17294075078819976574,0,prediction,in,3536692837440,1,/apollo/perception/obstacles,5507,0,1783692918924168260,0,72310103755199875,2,124286,124377
202607102214,e2e_trace_v3,6983,17294075078819976574,0,prediction,out,3536698050752,1,/apollo/prediction,0,5262,1783692918924168260,2,72310103755199875,2,124286,124377
202607102214,e2e_trace_v3,6984,17294075078819976575,0,prediction,in,3536795478496,1,/apollo/perception/obstacles,5508,0,1783692919025760166,0,72310103755199876,2,124286,124378
202607102214,e2e_trace_v3,6995,17294075078819976575,0,prediction,out,3536800537056,1,/apollo/prediction,0,5263,1783692919025760166,2,72310103755199876,2,124286,124378
202607102214,e2e_trace_v3,6996,17294075078819976576,0,prediction,in,3536889742304,1,/apollo/perception/obstacles,5509,0,1783692919124463552,0,72310103755199877,2,124286,124380
202607102214,e2e_trace_v3,7007,17294075078819976576,0,prediction,out,3536893051840,1,/apollo/prediction,0,5264,1783692919124463552,2,72310103755199877,2,124286,124380
202607102214,e2e_trace_v3,7008,17294075078819976577,0,prediction,in,3536989080480,1,/apollo/perception/obstacles,5510,0,1783692919224431177,0,72310103755199878,2,124286,124382
202607102214,e2e_trace_v3,7019,17294075078819976577,0,prediction,out,3536994085248,1,/apollo/prediction,0,5265,1783692919224431177,2,72310103755199878,2,124286,124382
202607102214,e2e_trace_v3,7020,17294075078819976578,0,prediction,in,3537112038560,1,/apollo/perception/obstacles,5511,0,1783692919324233852,0,72310103755199879,2,124286,124377
202607102214,e2e_trace_v3,7031,17294075078819976578,0,prediction,out,3537116482816,1,/apollo/prediction,0,5266,1783692919324233852,1,72310103755199879,2,124286,124377
202607102214,e2e_trace_v3,7032,17294075078819976579,0,prediction,in,3537191739744,1,/apollo/perception/obstacles,5512,0,1783692919424321334,0,72310103755199880,2,124286,124380
202607102214,e2e_trace_v3,7043,17294075078819976579,0,prediction,out,3537196620992,1,/apollo/prediction,0,5267,1783692919424321334,2,72310103755199880,2,124286,124380
202607102214,e2e_trace_v3,7044,17294075078819976580,0,prediction,in,3537291673408,1,/apollo/perception/obstacles,5513,0,1783692919526160545,0,72310103755199881,2,124286,124381
202607102214,e2e_trace_v3,7055,17294075078819976580,0,prediction,out,3537294960128,1,/apollo/prediction,0,5268,1783692919526160545,3,72310103755199881,2,124286,124381
202607102214,e2e_trace_v3,7056,17294075078819976581,0,prediction,in,3537399010272,1,/apollo/perception/obstacles,5514,0,1783692919626854754,0,72310103755199882,2,124286,124384
202607102214,e2e_trace_v3,7067,17294075078819976581,0,prediction,out,3537403698720,1,/apollo/prediction,0,5269,1783692919626854754,2,72310103755199882,2,124286,124384
202607102214,e2e_trace_v3,7068,17294075078819976582,0,prediction,in,3537495219040,1,/apollo/perception/obstacles,5515,0,1783692919725713870,0,72310103755199883,2,124286,124382
202607102214,e2e_trace_v3,7079,17294075078819976582,0,prediction,out,3537499954432,1,/apollo/prediction,0,5270,1783692919725713870,2,72310103755199883,2,124286,124382
202607102214,e2e_trace_v3,7080,17294075078819976583,0,prediction,in,3537604689312,1,/apollo/perception/obstacles,5516,0,1783692919825048940,0,72310103755199884,2,124286,124391
202607102214,e2e_trace_v3,7091,17294075078819976583,0,prediction,out,3537611970496,1,/apollo/prediction,0,5271,1783692919825048940,3,72310103755199884,2,124286,124391
202607102214,e2e_trace_v3,7092,17294075078819976584,0,prediction,in,3537690442848,1,/apollo/perception/obstacles,5517,0,1783692919924776177,0,72310103755199885,2,124286,124387
202607102214,e2e_trace_v3,7103,17294075078819976584,0,prediction,out,3537694304864,1,/apollo/prediction,0,5272,1783692919924776177,2,72310103755199885,2,124286,124387
202607102214,e2e_trace_v3,7104,17294075078819976585,0,prediction,in,3537815348224,1,/apollo/perception/obstacles,5518,0,1783692920027614895,0,72310103755199886,2,124286,124389
202607102214,e2e_trace_v3,7115,17294075078819976585,0,prediction,out,3537819637952,1,/apollo/prediction,0,5273,1783692920027614895,3,72310103755199886,2,124286,124389
202607102214,e2e_trace_v3,7116,17294075078819976586,0,prediction,in,3537888454656,1,/apollo/perception/obstacles,5519,0,1783692920125323654,0,72310103755199887,2,124286,124381
202607102214,e2e_trace_v3,7127,17294075078819976586,0,prediction,out,3537892249184,1,/apollo/prediction,0,5274,1783692920125323654,2,72310103755199887,2,124286,124381
202607102214,e2e_trace_v3,7128,17294075078819976587,0,prediction,in,3538015153280,1,/apollo/perception/obstacles,5520,0,1783692920226428317,0,72310103755199888,2,124286,124359
202607102214,e2e_trace_v3,7139,17294075078819976587,0,prediction,out,3538019639232,1,/apollo/prediction,0,5275,1783692920226428317,2,72310103755199888,2,124286,124359
202607102214,e2e_trace_v3,7140,17294075078819976588,0,prediction,in,3538098142944,1,/apollo/perception/obstacles,5521,0,1783692920327329532,0,72310103755199889,2,124286,124384
202607102214,e2e_trace_v3,7151,17294075078819976588,0,prediction,out,3538101741280,1,/apollo/prediction,0,5276,1783692920327329532,3,72310103755199889,2,124286,124384
202607102214,e2e_trace_v3,7152,17294075078819976589,0,prediction,in,3538194615936,1,/apollo/perception/obstacles,5522,0,1783692920425481329,0,72310103755199890,2,124286,124386
202607102214,e2e_trace_v3,7163,17294075078819976589,0,prediction,out,3538201132576,1,/apollo/prediction,0,5277,1783692920425481329,3,72310103755199890,2,124286,124386
202607102214,e2e_trace_v3,7164,17294075078819976590,0,prediction,in,3538295624704,1,/apollo/perception/obstacles,5523,0,1783692920525642763,0,72310103755199891,2,124286,124388
202607102214,e2e_trace_v3,7175,17294075078819976590,0,prediction,out,3538301390560,1,/apollo/prediction,0,5278,1783692920525642763,3,72310103755199891,2,124286,124388
202607102214,e2e_trace_v3,7176,17294075078819976591,0,prediction,in,3538389434272,1,/apollo/perception/obstacles,5524,0,1783692920625405832,0,72310103755199892,2,124286,124389
202607102214,e2e_trace_v3,7187,17294075078819976591,0,prediction,out,3538394599264,1,/apollo/prediction,0,5279,1783692920625405832,2,72310103755199892,2,124286,124389
202607102214,e2e_trace_v3,7188,17294075078819976592,0,prediction,in,3538502440800,1,/apollo/perception/obstacles,5525,0,1783692920727150211,0,72310103755199893,2,124286,124381
202607102214,e2e_trace_v3,7199,17294075078819976592,0,prediction,out,3538506521440,1,/apollo/prediction,0,5280,1783692920727150211,2,72310103755199893,2,124286,124381
202607102214,e2e_trace_v3,7200,17294075078819976593,0,prediction,in,3538593176096,1,/apollo/perception/obstacles,5526,0,1783692920825073686,0,72310103755199894,2,124286,124380
202607102214,e2e_trace_v3,7211,17294075078819976593,0,prediction,out,3538597320000,1,/apollo/prediction,0,5281,1783692920825073686,2,72310103755199894,2,124286,124380
202607102214,e2e_trace_v3,7212,17294075078819976594,0,prediction,in,3538706233536,1,/apollo/perception/obstacles,5527,0,1783692920941026950,0,72310103755199895,2,124286,124387
202607102214,e2e_trace_v3,7223,17294075078819976594,0,prediction,out,3538712338048,1,/apollo/prediction,0,5282,1783692920941026950,2,72310103755199895,2,124286,124387
202607102214,e2e_trace_v3,7224,17294075078819976595,0,prediction,in,3538790961408,1,/apollo/perception/obstacles,5528,0,1783692921023715957,0,72310103755199896,2,124286,124359
202607102214,e2e_trace_v3,7235,17294075078819976595,0,prediction,out,3538796202432,1,/apollo/prediction,0,5283,1783692921023715957,2,72310103755199896,2,124286,124359
202607102214,e2e_trace_v3,7236,17294075078819976596,0,prediction,in,3538892312736,1,/apollo/perception/obstacles,5529,0,1783692921125930515,0,72310103755199897,2,124286,124384
202607102214,e2e_trace_v3,7247,17294075078819976596,0,prediction,out,3538900511904,1,/apollo/prediction,0,5284,1783692921125930515,2,72310103755199897,2,124286,124384
202607102214,e2e_trace_v3,7248,17294075078819976597,0,prediction,in,3538991508960,1,/apollo/perception/obstacles,5530,0,1783692921225543453,0,72310103755199898,2,124286,124379
202607102214,e2e_trace_v3,7259,17294075078819976597,0,prediction,out,3538996078112,1,/apollo/prediction,0,5285,1783692921225543453,2,72310103755199898,2,124286,124379
202607102214,e2e_trace_v3,7260,17294075078819976598,0,prediction,in,3539093717248,1,/apollo/perception/obstacles,5531,0,1783692921325664310,0,72310103755199899,2,124286,124381
202607102214,e2e_trace_v3,7271,17294075078819976598,0,prediction,out,3539098814176,1,/apollo/prediction,0,5286,1783692921325664310,2,72310103755199899,2,124286,124381
202607102214,e2e_trace_v3,7272,17294075078819976599,0,prediction,in,3539192451072,1,/apollo/perception/obstacles,5532,0,1783692921425475310,0,72310103755199900,2,124286,124385
202607102214,e2e_trace_v3,7283,17294075078819976599,0,prediction,out,3539197357952,1,/apollo/prediction,0,5287,1783692921425475310,2,72310103755199900,2,124286,124385
202607102214,e2e_trace_v3,7284,17294075078819976600,0,prediction,in,3539295966528,1,/apollo/perception/obstacles,5533,0,1783692921524680202,0,72310103755199901,2,124286,124378
202607102214,e2e_trace_v3,7295,17294075078819976600,0,prediction,out,3539300194592,1,/apollo/prediction,0,5288,1783692921524680202,2,72310103755199901,2,124286,124378
202607102214,e2e_trace_v3,7296,17294075078819976601,0,prediction,in,3539394659616,1,/apollo/perception/obstacles,5534,0,1783692921624783624,0,72310103755199902,2,124286,124359
202607102214,e2e_trace_v3,7307,17294075078819976601,0,prediction,out,3539402919424,1,/apollo/prediction,0,5289,1783692921624783624,1,72310103755199902,2,124286,124359
202607102214,e2e_trace_v3,7308,17294075078819976602,0,prediction,in,3539484527104,1,/apollo/perception/obstacles,5535,0,1783692921725171685,0,72310103755199903,2,124286,124388
202607102214,e2e_trace_v3,7319,17294075078819976602,0,prediction,out,3539489399968,1,/apollo/prediction,0,5290,1783692921725171685,2,72310103755199903,2,124286,124388
202607102214,e2e_trace_v3,7320,17294075078819976603,0,prediction,in,3539591411584,1,/apollo/perception/obstacles,5536,0,1783692921825298544,0,72310103755199904,2,124286,124385
202607102214,e2e_trace_v3,7331,17294075078819976603,0,prediction,out,3539596521824,1,/apollo/prediction,0,5291,1783692921825298544,2,72310103755199904,2,124286,124385
202607102214,e2e_trace_v3,7332,17294075078819976604,0,prediction,in,3539685943616,1,/apollo/perception/obstacles,5537,0,1783692921925349504,0,72310103755199905,2,124286,124386
202607102214,e2e_trace_v3,7343,17294075078819976604,0,prediction,out,3539690917696,1,/apollo/prediction,0,5292,1783692921925349504,2,72310103755199905,2,124286,124386
202607102214,e2e_trace_v3,7344,17294075078819976605,0,prediction,in,3539783125856,1,/apollo/perception/obstacles,5538,0,1783692922024882795,0,72310103755199906,2,124286,124383
202607102214,e2e_trace_v3,7355,17294075078819976605,0,prediction,out,3539789531392,1,/apollo/prediction,0,5293,1783692922024882795,2,72310103755199906,2,124286,124383
202607102214,e2e_trace_v3,7356,17294075078819976606,0,prediction,in,3539901719072,1,/apollo/perception/obstacles,5539,0,1783692922124712803,0,72310103755199907,2,124286,124389
202607102214,e2e_trace_v3,7367,17294075078819976606,0,prediction,out,3539906591584,1,/apollo/prediction,0,5294,1783692922124712803,2,72310103755199907,2,124286,124389
202607102214,e2e_trace_v3,7368,17294075078819976607,0,prediction,in,3539988638400,1,/apollo/perception/obstacles,5540,0,1783692922225639357,0,72310103755199908,2,124286,124379
202607102214,e2e_trace_v3,7379,17294075078819976607,0,prediction,out,3540018851968,1,/apollo/prediction,0,5295,1783692922225639357,3,72310103755199908,2,124286,124379
202607102214,e2e_trace_v3,7380,17294075078819976608,0,prediction,in,3540096026528,1,/apollo/perception/obstacles,5541,0,1783692922324909871,0,72310103755199909,2,124286,124391
202607102214,e2e_trace_v3,7391,17294075078819976608,0,prediction,out,3540101706304,1,/apollo/prediction,0,5296,1783692922324909871,3,72310103755199909,2,124286,124391
202607102214,e2e_trace_v3,7392,17294075078819976609,0,prediction,in,3540195924960,1,/apollo/perception/obstacles,5542,0,1783692922425436342,0,72310103755199910,2,124286,124384
202607102214,e2e_trace_v3,7403,17294075078819976609,0,prediction,out,3540203489120,1,/apollo/prediction,0,5297,1783692922425436342,3,72310103755199910,2,124286,124384
202607102214,e2e_trace_v3,7404,17294075078819976610,0,prediction,in,3540291752608,1,/apollo/perception/obstacles,5543,0,1783692922525942650,0,72310103755199911,2,124286,124383
202607102214,e2e_trace_v3,7415,17294075078819976610,0,prediction,out,3540296821024,1,/apollo/prediction,0,5298,1783692922525942650,2,72310103755199911,2,124286,124383
202607102214,e2e_trace_v3,7416,17294075078819976611,0,prediction,in,3540429751520,1,/apollo/perception/obstacles,5544,0,1783692922625036566,0,72310103755199912,2,124286,124377
202607102214,e2e_trace_v3,7427,17294075078819976611,0,prediction,out,3540437539904,1,/apollo/prediction,0,5299,1783692922625036566,2,72310103755199912,2,124286,124377
202607102214,e2e_trace_v3,7428,17294075078819976612,0,prediction,in,3540514538144,1,/apollo/perception/obstacles,5545,0,1783692922733356738,0,72310103755199913,2,124286,124384
202607102214,e2e_trace_v3,7439,17294075078819976612,0,prediction,out,3540519668320,1,/apollo/prediction,0,5300,1783692922733356738,2,72310103755199913,2,124286,124384
202607102214,e2e_trace_v3,7440,17294075078819976613,0,prediction,in,3540601178720,1,/apollo/perception/obstacles,5546,0,1783692922825505335,0,72310103755199914,2,124286,124382
202607102214,e2e_trace_v3,7451,17294075078819976613,0,prediction,out,3540607282944,1,/apollo/prediction,0,5301,1783692922825505335,2,72310103755199914,2,124286,124382
202607102214,e2e_trace_v3,7452,17294075078819976614,0,prediction,in,3540698072512,1,/apollo/perception/obstacles,5547,0,1783692922925837013,0,72310103755199915,2,124286,124378
202607102214,e2e_trace_v3,7463,17294075078819976614,0,prediction,out,3540702903392,1,/apollo/prediction,0,5302,1783692922925837013,2,72310103755199915,2,124286,124378
202607102214,e2e_trace_v3,7464,17294075078819976615,0,prediction,in,3540790094336,1,/apollo/perception/obstacles,5548,0,1783692923025252835,0,72310103755199916,2,124286,124390
202607102214,e2e_trace_v3,7475,17294075078819976615,0,prediction,out,3540797895200,1,/apollo/prediction,0,5303,1783692923025252835,2,72310103755199916,2,124286,124390
202607102214,e2e_trace_v3,7476,17294075078819976616,0,prediction,in,3540895250816,1,/apollo/perception/obstacles,5549,0,1783692923124746972,0,72310103755199917,2,124286,124388
202607102214,e2e_trace_v3,7487,17294075078819976616,0,prediction,out,3540899557024,1,/apollo/prediction,0,5304,1783692923124746972,1,72310103755199917,2,124286,124388
202607102214,e2e_trace_v3,7488,17294075078819976617,0,prediction,in,3540994274880,1,/apollo/perception/obstacles,5550,0,1783692923227421850,0,72310103755199918,2,124286,124391
202607102214,e2e_trace_v3,7499,17294075078819976617,0,prediction,out,3540998995552,1,/apollo/prediction,0,5305,1783692923227421850,2,72310103755199918,2,124286,124391
202607102214,e2e_trace_v3,7500,17294075078819976618,0,prediction,in,3541102930496,1,/apollo/perception/obstacles,5551,0,1783692923325080604,0,72310103755199919,2,124286,124359
202607102214,e2e_trace_v3,7511,17294075078819976618,0,prediction,out,3541107579872,1,/apollo/prediction,0,5306,1783692923325080604,2,72310103755199919,2,124286,124359
202607102214,e2e_trace_v3,7512,17294075078819976619,0,prediction,in,3541193119648,1,/apollo/perception/obstacles,5552,0,1783692923424099046,0,72310103755199920,2,124286,124386
202607102214,e2e_trace_v3,7523,17294075078819976619,0,prediction,out,3541199309824,1,/apollo/prediction,0,5307,1783692923424099046,2,72310103755199920,2,124286,124386
202607102214,e2e_trace_v3,7524,17294075078819976620,0,prediction,in,3541289431104,1,/apollo/perception/obstacles,5553,0,1783692923525621295,0,72310103755199921,2,124286,124389
202607102214,e2e_trace_v3,7535,17294075078819976620,0,prediction,out,3541294493056,1,/apollo/prediction,0,5308,1783692923525621295,2,72310103755199921,2,124286,124389
202607102214,e2e_trace_v3,7536,17294075078819976621,0,prediction,in,3541390311488,1,/apollo/perception/obstacles,5554,0,1783692923624460221,0,72310103755199922,2,124286,124381
202607102214,e2e_trace_v3,7547,17294075078819976621,0,prediction,out,3541394852864,1,/apollo/prediction,0,5309,1783692923624460221,3,72310103755199922,2,124286,124381
202607102214,e2e_trace_v3,7548,17294075078819976622,0,prediction,in,3541486911456,1,/apollo/perception/obstacles,5555,0,1783692923724713866,0,72310103755199923,2,124286,124382
202607102214,e2e_trace_v3,7559,17294075078819976622,0,prediction,out,3541491099584,1,/apollo/prediction,0,5310,1783692923724713866,3,72310103755199923,2,124286,124382
202607102214,e2e_trace_v3,7560,17294075078819976623,0,prediction,in,3541591499872,1,/apollo/perception/obstacles,5556,0,1783692923824793493,0,72310103755199924,2,124286,124378
202607102214,e2e_trace_v3,7571,17294075078819976623,0,prediction,out,3541596559232,1,/apollo/prediction,0,5311,1783692923824793493,2,72310103755199924,2,124286,124378
202607102214,e2e_trace_v3,7572,17294075078819976624,0,prediction,in,3541692328160,1,/apollo/perception/obstacles,5557,0,1783692923925489501,0,72310103755199925,2,124286,124380
202607102214,e2e_trace_v3,7583,17294075078819976624,0,prediction,out,3541696941216,1,/apollo/prediction,0,5312,1783692923925489501,2,72310103755199925,2,124286,124380
202607102214,e2e_trace_v3,7584,17294075078819976625,0,prediction,in,3541817350816,1,/apollo/perception/obstacles,5558,0,1783692924024546772,0,72310103755199926,2,124286,124389
202607102214,e2e_trace_v3,7595,17294075078819976625,0,prediction,out,3541823192640,1,/apollo/prediction,0,5313,1783692924024546772,1,72310103755199926,2,124286,124389
202607102214,e2e_trace_v3,7596,17294075078819976626,0,prediction,in,3541916045920,1,/apollo/perception/obstacles,5559,0,1783692924125898999,0,72310103755199927,2,124286,124390
202607102214,e2e_trace_v3,7607,17294075078819976626,0,prediction,out,3541922076544,1,/apollo/prediction,0,5314,1783692924125898999,2,72310103755199927,2,124286,124390
202607102214,e2e_trace_v3,7608,17294075078819976627,0,prediction,in,3541998254688,1,/apollo/perception/obstacles,5560,0,1783692924224328478,0,72310103755199928,2,124286,124382
202607102214,e2e_trace_v3,7619,17294075078819976627,0,prediction,out,3542003314880,1,/apollo/prediction,0,5315,1783692924224328478,2,72310103755199928,2,124286,124382
202607102214,e2e_trace_v3,7620,17294075078819976628,0,prediction,in,3542096586816,1,/apollo/perception/obstacles,5561,0,1783692924325256519,0,72310103755199929,2,124286,124389
202607102214,e2e_trace_v3,7631,17294075078819976628,0,prediction,out,3542101343872,1,/apollo/prediction,0,5316,1783692924325256519,2,72310103755199929,2,124286,124389
202607102214,e2e_trace_v3,7632,17294075078819976629,0,prediction,in,3542211587008,1,/apollo/perception/obstacles,5562,0,1783692924424696341,0,72310103755199930,2,124286,124383
202607102214,e2e_trace_v3,7643,17294075078819976629,0,prediction,out,3542216469536,1,/apollo/prediction,0,5317,1783692924424696341,2,72310103755199930,2,124286,124383
202607102214,e2e_trace_v3,7644,17294075078819976630,0,prediction,in,3542291824480,1,/apollo/perception/obstacles,5563,0,1783692924525587859,0,72310103755199931,2,124286,124381
202607102214,e2e_trace_v3,7655,17294075078819976630,0,prediction,out,3542296162496,1,/apollo/prediction,0,5318,1783692924525587859,1,72310103755199931,2,124286,124381
