run_id,schema_version,event_id,trace_id,proc_id,module,edge,mono_ns,trace_valid,channel,input_seq,output_seq,data_ts_ns,object_count,primary_parent_trace_id,parent_trace_count,pid,tid
202607171738,e2e_trace_v3,2,216399771135378073,0,perception.radar_detection,in,7039437412672,1,/apollo/sensor/radar/front,0,0,1784281081877222182,0,0,0,839282,839459
202607171738,e2e_trace_v3,14,216399771135378073,0,perception.radar_detection,out,7039451619968,1,/perception/inner/PrefusedObjects,0,666,1784281081877222182,0,0,0,839282,839459
202607171738,e2e_trace_v3,19,216399771135378074,0,perception.radar_detection,in,7039549000640,1,/apollo/sensor/radar/front,0,0,1784281081988856969,0,0,0,839282,839471
202607171738,e2e_trace_v3,31,216399771135378074,0,perception.radar_detection,out,7039561542304,1,/perception/inner/PrefusedObjects,0,667,1784281081988856969,0,0,0,839282,839471
202607171738,e2e_trace_v3,36,216399771135378075,0,perception.radar_detection,in,7039662514592,1,/apollo/sensor/radar/front,0,0,1784281082102731953,0,0,0,839282,839465
202607171738,e2e_trace_v3,48,216399771135378075,0,perception.radar_detection,out,7039675389760,1,/perception/inner/PrefusedObjects,0,668,1784281082102731953,0,0,0,839282,839465
202607171738,e2e_trace_v3,53,216399771135378076,0,perception.radar_detection,in,7039775803648,1,/apollo/sensor/radar/front,0,0,1784281082213453071,0,0,0,839282,839454
202607171738,e2e_trace_v3,65,216399771135378076,0,perception.radar_detection,out,7039788462368,1,/perception/inner/PrefusedObjects,0,669,1784281082213453071,0,0,0,839282,839454
202607171738,e2e_trace_v3,70,216399771135378077,0,perception.radar_detection,in,7039881867328,1,/apollo/sensor/radar/front,0,0,1784281082321354882,0,0,0,839282,839466
202607171738,e2e_trace_v3,75,216399771135378077,0,perception.radar_detection,out,7039894763296,1,/perception/inner/PrefusedObjects,0,670,1784281082321354882,0,0,0,839282,839466
202607171738,e2e_trace_v3,79,216399771135378078,0,perception.radar_detection,in,7039993738208,1,/apollo/sensor/radar/front,0,0,1784281082431978409,0,0,0,839282,839470
202607171738,e2e_trace_v3,84,216399771135378078,0,perception.radar_detection,out,7040006640512,1,/perception/inner/PrefusedObjects,0,671,1784281082431978409,0,0,0,839282,839470
202607171738,e2e_trace_v3,96,216399771135378079,0,perception.radar_detection,in,7040101093216,1,/apollo/sensor/radar/front,0,0,1784281082540522814,0,0,0,839282,839466
202607171738,e2e_trace_v3,107,216399771135378079,0,perception.radar_detection,out,7040113976192,1,/perception/inner/PrefusedObjects,0,672,1784281082540522814,0,0,0,839282,839466
202607171738,e2e_trace_v3,139,216399771135378080,0,perception.radar_detection,in,7040332029664,1,/apollo/sensor/radar/front,0,0,1784281082757776349,0,0,0,839282,839470
202607171738,e2e_trace_v3,141,216399771135378080,0,perception.radar_detection,out,7040344759744,1,/perception/inner/PrefusedObjects,0,673,1784281082757776349,0,0,0,839282,839470
202607171738,e2e_trace_v3,152,216399771135378081,0,perception.radar_detection,in,7040437474240,1,/apollo/sensor/radar/front,0,0,1784281082875155836,0,0,0,839282,839464
202607171738,e2e_trace_v3,157,216399771135378081,0,perception.radar_detection,out,7040450260032,1,/perception/inner/PrefusedObjects,0,674,1784281082875155836,0,0,0,839282,839464
202607171738,e2e_trace_v3,168,216399771135378082,0,perception.radar_detection,in,7040544455776,1,/apollo/sensor/radar/front,0,0,1784281082986593003,0,0,0,839282,839463
202607171738,e2e_trace_v3,169,216399771135378082,0,perception.radar_detection,out,7040557526592,1,/perception/inner/PrefusedObjects,0,675,1784281082986593003,0,0,0,839282,839463
202607171738,e2e_trace_v3,188,216399771135378083,0,perception.radar_detection,in,7040674852256,1,/apollo/sensor/radar/front,0,0,1784281083111704163,0,0,0,839282,839458
202607171738,e2e_trace_v3,191,216399771135378083,0,perception.radar_detection,out,7040687560992,1,/perception/inner/PrefusedObjects,0,676,1784281083111704163,0,0,0,839282,839458
202607171738,e2e_trace_v3,195,216399771135378084,0,perception.radar_detection,in,7040790446336,1,/apollo/sensor/radar/front,0,0,1784281083228702007,0,0,0,839282,839460
202607171738,e2e_trace_v3,208,216399771135378084,0,perception.radar_detection,out,7040803151712,1,/perception/inner/PrefusedObjects,0,677,1784281083228702007,0,0,0,839282,839460
202607171738,e2e_trace_v3,220,216399771135378085,0,perception.radar_detection,in,7040912163552,1,/apollo/sensor/radar/front,0,0,1784281083351638280,0,0,0,839282,839464
202607171738,e2e_trace_v3,225,216399771135378085,0,perception.radar_detection,out,7040924803296,1,/perception/inner/PrefusedObjects,0,678,1784281083351638280,0,0,0,839282,839464
202607171738,e2e_trace_v3,241,216399771135378086,0,perception.radar_detection,in,7041035345696,1,/apollo/sensor/radar/front,0,0,1784281083459490185,0,0,0,839282,839470
202607171738,e2e_trace_v3,243,216399771135378086,0,perception.radar_detection,out,7041048011008,1,/perception/inner/PrefusedObjects,0,679,1784281083459490185,0,0,0,839282,839470
202607171738,e2e_trace_v3,259,216399771135378087,0,perception.radar_detection,in,7041232644192,1,/apollo/sensor/radar/front,0,0,1784281083570435673,0,0,0,839282,839465
202607171738,e2e_trace_v3,261,216399771135378087,0,perception.radar_detection,out,7041245560192,1,/perception/inner/PrefusedObjects,0,680,1784281083570435673,0,0,0,839282,839465
202607171738,e2e_trace_v3,264,216399771135378088,0,perception.radar_detection,in,7041245684352,1,/apollo/sensor/radar/front,0,0,1784281083679086097,0,0,0,839282,839469
202607171738,e2e_trace_v3,268,216399771135378088,0,perception.radar_detection,out,7041258665632,1,/perception/inner/PrefusedObjects,0,681,1784281083679086097,0,0,0,839282,839469
202607171738,e2e_trace_v3,280,216399771135378089,0,perception.radar_detection,in,7041347135808,1,/apollo/sensor/radar/front,0,0,1784281083786687831,0,0,0,839282,839471
202607171738,e2e_trace_v3,285,216399771135378089,0,perception.radar_detection,out,7041359912224,1,/perception/inner/PrefusedObjects,0,682,1784281083786687831,0,0,0,839282,839471
202607171738,e2e_trace_v3,289,216399771135378090,0,perception.radar_detection,in,7041457121376,1,/apollo/sensor/radar/front,0,0,1784281083895660355,0,0,0,839282,839461
202607171738,e2e_trace_v3,294,216399771135378090,0,perception.radar_detection,out,7041470009856,1,/perception/inner/PrefusedObjects,0,683,1784281083895660355,0,0,0,839282,839461
202607171738,e2e_trace_v3,306,216399771135378091,0,perception.radar_detection,in,7041563437568,1,/apollo/sensor/radar/front,0,0,1784281084004308192,0,0,0,839282,839464
202607171738,e2e_trace_v3,311,216399771135378091,0,perception.radar_detection,out,7041576349120,1,/perception/inner/PrefusedObjects,0,684,1784281084004308192,0,0,0,839282,839464
202607171738,e2e_trace_v3,333,216399771135378092,0,perception.radar_detection,in,7041698773664,1,/apollo/sensor/radar/front,0,0,1784281084123668111,0,0,0,839282,839465
202607171738,e2e_trace_v3,336,216399771135378092,0,perception.radar_detection,out,7041711761056,1,/perception/inner/PrefusedObjects,0,685,1784281084123668111,0,0,0,839282,839465
202607171738,e2e_trace_v3,348,216399771135378093,0,perception.radar_detection,in,7041796092960,1,/apollo/sensor/radar/front,0,0,1784281084232772231,0,0,0,839282,839465
202607171738,e2e_trace_v3,353,216399771135378093,0,perception.radar_detection,out,7041809079264,1,/perception/inner/PrefusedObjects,0,686,1784281084232772231,0,0,0,839282,839465
202607171738,e2e_trace_v3,357,216399771135378094,0,perception.radar_detection,in,7041903548640,1,/apollo/sensor/radar/front,0,0,1784281084343233565,0,0,0,839282,839457
202607171738,e2e_trace_v3,362,216399771135378094,0,perception.radar_detection,out,7041916286080,1,/perception/inner/PrefusedObjects,0,687,1784281084343233565,0,0,0,839282,839457
202607171738,e2e_trace_v3,374,216399771135378095,0,perception.radar_detection,in,7042015500064,1,/apollo/sensor/radar/front,0,0,1784281084451715416,0,0,0,839282,839464
202607171738,e2e_trace_v3,379,216399771135378095,0,perception.radar_detection,out,7042028227552,1,/perception/inner/PrefusedObjects,0,688,1784281084451715416,0,0,0,839282,839464
202607171738,e2e_trace_v3,391,216399771135378096,0,perception.radar_detection,in,7042126073024,1,/apollo/sensor/radar/front,0,0,1784281084563051871,0,0,0,839282,839471
202607171738,e2e_trace_v3,396,216399771135378096,0,perception.radar_detection,out,7042138953824,1,/perception/inner/PrefusedObjects,0,689,1784281084563051871,0,0,0,839282,839471
202607171738,e2e_trace_v3,400,216399771135378097,0,perception.radar_detection,in,7042234137728,1,/apollo/sensor/radar/front,0,0,1784281084670836751,0,0,0,839282,839464
202607171738,e2e_trace_v3,403,216399771135378097,0,perception.radar_detection,out,7042247014144,1,/perception/inner/PrefusedObjects,0,690,1784281084670836751,0,0,0,839282,839464
202607171738,e2e_trace_v3,417,216399771135378098,0,perception.radar_detection,in,7042344423840,1,/apollo/sensor/radar/front,0,0,1784281084777755141,0,0,0,839282,839471
202607171738,e2e_trace_v3,422,216399771135378098,0,perception.radar_detection,out,7042357227968,1,/perception/inner/PrefusedObjects,0,691,1784281084777755141,0,0,0,839282,839471
202607171738,e2e_trace_v3,426,216399771135378099,0,perception.radar_detection,in,7042450056128,1,/apollo/sensor/radar/front,0,0,1784281084884412816,0,0,0,839282,839454
202607171738,e2e_trace_v3,428,216399771135378099,0,perception.radar_detection,out,7042462615712,1,/perception/inner/PrefusedObjects,0,692,1784281084884412816,0,0,0,839282,839454
202607171738,e2e_trace_v3,443,216399771135378100,0,perception.radar_detection,in,7042565708800,1,/apollo/sensor/radar/front,0,0,1784281085006015591,0,0,0,839282,839460
202607171738,e2e_trace_v3,448,216399771135378100,0,perception.radar_detection,out,7042578396480,1,/perception/inner/PrefusedObjects,0,693,1784281085006015591,0,0,0,839282,839460
202607171738,e2e_trace_v3,460,216399771135378101,0,perception.radar_detection,in,7042674773792,1,/apollo/sensor/radar/front,0,0,1784281085113617745,0,0,0,839282,839457
202607171738,e2e_trace_v3,465,216399771135378101,0,perception.radar_detection,out,7042687495904,1,/perception/inner/PrefusedObjects,0,694,1784281085113617745,0,0,0,839282,839457
202607171738,e2e_trace_v3,477,216399771135378102,0,perception.radar_detection,in,7042782509568,1,/apollo/sensor/radar/front,0,0,1784281085222390734,0,0,0,839282,839462
202607171738,e2e_trace_v3,483,216399771135378102,0,perception.radar_detection,out,7042795939008,1,/perception/inner/PrefusedObjects,0,695,1784281085222390734,0,0,0,839282,839462
202607171738,e2e_trace_v3,494,216399771135378103,0,perception.radar_detection,in,7042890207776,1,/apollo/sensor/radar/front,0,0,1784281085329584432,0,0,0,839282,839462
202607171738,e2e_trace_v3,508,216399771135378103,0,perception.radar_detection,out,7042903028640,1,/perception/inner/PrefusedObjects,0,696,1784281085329584432,0,0,0,839282,839462
202607171738,e2e_trace_v3,521,216399771135378104,0,perception.radar_detection,in,7043007664800,1,/apollo/sensor/radar/front,0,0,1784281085437251891,0,0,0,839282,839460
202607171738,e2e_trace_v3,524,216399771135378104,0,perception.radar_detection,out,7043020496864,1,/perception/inner/PrefusedObjects,0,697,1784281085437251891,0,0,0,839282,839460
202607171738,e2e_trace_v3,536,216399771135378105,0,perception.radar_detection,in,7043107624512,1,/apollo/sensor/radar/front,0,0,1784281085545553429,0,0,0,839282,839454
202607171738,e2e_trace_v3,541,216399771135378105,0,perception.radar_detection,out,7043120366752,1,/perception/inner/PrefusedObjects,0,698,1784281085545553429,0,0,0,839282,839454
202607171738,e2e_trace_v3,561,216399771135378106,0,perception.radar_detection,in,7043342983296,1,/apollo/sensor/radar/front,0,0,1784281085766810379,0,0,0,839282,839469
202607171738,e2e_trace_v3,563,216399771135378106,0,perception.radar_detection,out,7043356404352,1,/perception/inner/PrefusedObjects,0,699,1784281085766810379,0,0,0,839282,839469
202607171738,e2e_trace_v3,580,216399771135378107,0,perception.radar_detection,in,7043449785728,1,/apollo/sensor/radar/front,0,0,1784281085878637092,0,0,0,839282,839458
202607171738,e2e_trace_v3,582,216399771135378107,0,perception.radar_detection,out,7043462673952,1,/perception/inner/PrefusedObjects,0,700,1784281085878637092,0,0,0,839282,839458
202607171738,e2e_trace_v3,593,216399771135378108,0,perception.radar_detection,in,7043561802464,1,/apollo/sensor/radar/front,0,0,1784281085988537859,0,0,0,839282,839470
202607171738,e2e_trace_v3,597,216399771135378108,0,perception.radar_detection,out,7043574666624,1,/perception/inner/PrefusedObjects,0,701,1784281085988537859,0,0,0,839282,839470
202607171738,e2e_trace_v3,602,216399771135378109,0,perception.radar_detection,in,7043659303968,1,/apollo/sensor/radar/front,0,0,1784281086096231739,0,0,0,839282,839464
202607171738,e2e_trace_v3,607,216399771135378109,0,perception.radar_detection,out,7043672073792,1,/perception/inner/PrefusedObjects,0,702,1784281086096231739,0,0,0,839282,839464
202607171738,e2e_trace_v3,619,216399771135378110,0,perception.radar_detection,in,7043765482336,1,/apollo/sensor/radar/front,0,0,1784281086203692707,0,0,0,839282,839464
202607171738,e2e_trace_v3,624,216399771135378110,0,perception.radar_detection,out,7043778299328,1,/perception/inner/PrefusedObjects,0,703,1784281086203692707,0,0,0,839282,839464
202607171738,e2e_trace_v3,636,216399771135378111,0,perception.radar_detection,in,7043873230496,1,/apollo/sensor/radar/front,0,0,1784281086312335871,0,0,0,839282,839459
202607171738,e2e_trace_v3,641,216399771135378111,0,perception.radar_detection,out,7043886028640,1,/perception/inner/PrefusedObjects,0,704,1784281086312335871,0,0,0,839282,839459
202607171738,e2e_trace_v3,653,216399771135378112,0,perception.radar_detection,in,7043986769152,1,/apollo/sensor/radar/front,0,0,1784281086423137242,0,0,0,839282,839460
202607171738,e2e_trace_v3,658,216399771135378112,0,perception.radar_detection,out,7043999543872,1,/perception/inner/PrefusedObjects,0,705,1784281086423137242,0,0,0,839282,839460
202607171738,e2e_trace_v3,662,216399771135378113,0,perception.radar_detection,in,7044095910208,1,/apollo/sensor/radar/front,0,0,1784281086531541076,0,0,0,839282,839471
202607171738,e2e_trace_v3,675,216399771135378113,0,perception.radar_detection,out,7044110180224,1,/perception/inner/PrefusedObjects,0,706,1784281086531541076,0,0,0,839282,839471
202607171738,e2e_trace_v3,705,216399771135378114,0,perception.radar_detection,in,7044331990304,1,/apollo/sensor/radar/front,0,0,1784281086755728724,0,0,0,839282,839463
202607171738,e2e_trace_v3,707,216399771135378114,0,perception.radar_detection,out,7044344794976,1,/perception/inner/PrefusedObjects,0,707,1784281086755728724,0,0,0,839282,839463
202607171738,e2e_trace_v3,710,216399771135378115,0,perception.radar_detection,in,7044423783712,1,/apollo/sensor/radar/front,0,0,1784281086862930170,0,0,0,839282,839471
202607171738,e2e_trace_v3,715,216399771135378115,0,perception.radar_detection,out,7044436447552,1,/perception/inner/PrefusedObjects,0,708,1784281086862930170,0,0,0,839282,839471
202607171738,e2e_trace_v3,727,216399771135378116,0,perception.radar_detection,in,7044537130592,1,/apollo/sensor/radar/front,0,0,1784281086974946928,0,0,0,839282,839462
202607171738,e2e_trace_v3,732,216399771135378116,0,perception.radar_detection,out,7044550961888,1,/perception/inner/PrefusedObjects,0,709,1784281086974946928,0,0,0,839282,839462
202607171738,e2e_trace_v3,744,216399771135378117,0,perception.radar_detection,in,7044642531552,1,/apollo/sensor/radar/front,0,0,1784281087081031423,0,0,0,839282,839462
202607171738,e2e_trace_v3,749,216399771135378117,0,perception.radar_detection,out,7044655217568,1,/perception/inner/PrefusedObjects,0,710,1784281087081031423,0,0,0,839282,839462
202607171738,e2e_trace_v3,761,216399771135378118,0,perception.radar_detection,in,7044759704096,1,/apollo/sensor/radar/front,0,0,1784281087200194164,0,0,0,839282,839462
202607171738,e2e_trace_v3,765,216399771135378118,0,perception.radar_detection,out,7044772472704,1,/perception/inner/PrefusedObjects,0,711,1784281087200194164,0,0,0,839282,839462
202607171738,e2e_trace_v3,774,216399771135378119,0,perception.radar_detection,in,7044884998752,1,/apollo/sensor/radar/front,0,0,1784281087306986704,0,0,0,839282,839462
202607171738,e2e_trace_v3,776,216399771135378119,0,perception.radar_detection,out,7044897661824,1,/perception/inner/PrefusedObjects,0,712,1784281087306986704,0,0,0,839282,839462
202607171738,e2e_trace_v3,787,216399771135378120,0,perception.radar_detection,in,7044977350304,1,/apollo/sensor/radar/front,0,0,1784281087417104417,0,0,0,839282,839461
202607171738,e2e_trace_v3,792,216399771135378120,0,perception.radar_detection,out,7044990006016,1,/perception/inner/PrefusedObjects,0,713,1784281087417104417,0,0,0,839282,839461
202607171738,e2e_trace_v3,796,216399771135378121,0,perception.radar_detection,in,7045091410560,1,/apollo/sensor/radar/front,0,0,1784281087527178143,0,0,0,839282,839470
202607171738,e2e_trace_v3,801,216399771135378121,0,perception.radar_detection,out,7045104170240,1,/perception/inner/PrefusedObjects,0,714,1784281087527178143,0,0,0,839282,839470
202607171738,e2e_trace_v3,813,216399771135378122,0,perception.radar_detection,in,7045193591488,1,/apollo/sensor/radar/front,0,0,1784281087634561646,0,0,0,839282,839460
202607171738,e2e_trace_v3,818,216399771135378122,0,perception.radar_detection,out,7045206411520,1,/perception/inner/PrefusedObjects,0,715,1784281087634561646,0,0,0,839282,839460
202607171738,e2e_trace_v3,830,216399771135378123,0,perception.radar_detection,in,7045303126304,1,/apollo/sensor/radar/front,0,0,1784281087743315628,0,0,0,839282,839459
202607171738,e2e_trace_v3,843,216399771135378123,0,perception.radar_detection,out,7045315880128,1,/perception/inner/PrefusedObjects,0,716,1784281087743315628,0,0,0,839282,839459
202607171738,e2e_trace_v3,847,216399771135378124,0,perception.radar_detection,in,7045409585408,1,/apollo/sensor/radar/front,0,0,1784281087850526609,0,0,0,839282,839461
202607171738,e2e_trace_v3,859,216399771135378124,0,perception.radar_detection,out,7045420628288,1,/perception/inner/PrefusedObjects,0,717,1784281087850526609,0,0,0,839282,839461
202607171738,e2e_trace_v3,874,216399771135378125,0,perception.radar_detection,in,7045543809088,1,/apollo/sensor/radar/front,0,0,1784281087977502530,0,0,0,839282,839463
202607171738,e2e_trace_v3,877,216399771135378125,0,perception.radar_detection,out,7045556519936,1,/perception/inner/PrefusedObjects,0,718,1784281087977502530,0,0,0,839282,839463
202607171738,e2e_trace_v3,905,216399771135378126,0,perception.radar_detection,in,7045796287808,1,/apollo/sensor/radar/front,0,0,1784281088224544685,0,0,0,839282,839467
202607171738,e2e_trace_v3,917,216399771135378126,0,perception.radar_detection,out,7045809045536,1,/perception/inner/PrefusedObjects,0,719,1784281088224544685,0,0,0,839282,839467
202607171738,e2e_trace_v3,920,216399771135378127,0,perception.radar_detection,in,7045892967936,1,/apollo/sensor/radar/front,0,0,1784281088332658703,0,0,0,839282,839471
202607171738,e2e_trace_v3,933,216399771135378127,0,perception.radar_detection,out,7045906264544,1,/perception/inner/PrefusedObjects,0,720,1784281088332658703,0,0,0,839282,839471
202607171738,e2e_trace_v3,945,216399771135378128,0,perception.radar_detection,in,7046020534080,1,/apollo/sensor/radar/front,0,0,1784281088463828101,0,0,0,839282,839470
202607171738,e2e_trace_v3,948,216399771135378128,0,perception.radar_detection,out,7046033500800,1,/perception/inner/PrefusedObjects,0,721,1784281088463828101,0,0,0,839282,839470
202607171738,e2e_trace_v3,962,216399771135378129,0,perception.radar_detection,in,7046136382624,1,/apollo/sensor/radar/front,0,0,1784281088576082412,0,0,0,839282,839464
202607171738,e2e_trace_v3,967,216399771135378129,0,perception.radar_detection,out,7046149052256,1,/perception/inner/PrefusedObjects,0,722,1784281088576082412,0,0,0,839282,839464
202607171738,e2e_trace_v3,979,216399771135378130,0,perception.radar_detection,in,7046245907104,1,/apollo/sensor/radar/front,0,0,1784281088686987566,0,0,0,839282,839467
202607171738,e2e_trace_v3,984,216399771135378130,0,perception.radar_detection,out,7046258709408,1,/perception/inner/PrefusedObjects,0,723,1784281088686987566,0,0,0,839282,839467
202607171738,e2e_trace_v3,996,216399771135378131,0,perception.radar_detection,in,7046356805120,1,/apollo/sensor/radar/front,0,0,1784281088796103357,0,0,0,839282,839469
202607171738,e2e_trace_v3,1001,216399771135378131,0,perception.radar_detection,out,7046369501504,1,/perception/inner/PrefusedObjects,0,724,1784281088796103357,0,0,0,839282,839469
202607171738,e2e_trace_v3,1021,216399771135378132,0,perception.radar_detection,in,7046475166944,1,/apollo/sensor/radar/front,0,0,1784281088910740664,0,0,0,839282,839462
202607171738,e2e_trace_v3,1026,216399771135378132,0,perception.radar_detection,out,7046487802208,1,/perception/inner/PrefusedObjects,0,725,1784281088910740664,0,0,0,839282,839462
202607171738,e2e_trace_v3,1038,216399771135378133,0,perception.radar_detection,in,7046589759904,1,/apollo/sensor/radar/front,0,0,1784281089024102920,0,0,0,839282,839462
202607171738,e2e_trace_v3,1043,216399771135378133,0,perception.radar_detection,out,7046602520448,1,/perception/inner/PrefusedObjects,0,726,1784281089024102920,0,0,0,839282,839462
202607171738,e2e_trace_v3,1054,216399771135378134,0,perception.radar_detection,in,7046692757088,1,/apollo/sensor/radar/front,0,0,1784281089135410977,0,0,0,839282,839460
202607171738,e2e_trace_v3,1055,216399771135378134,0,perception.radar_detection,out,7046705426624,1,/perception/inner/PrefusedObjects,0,727,1784281089135410977,0,0,0,839282,839460
202607171738,e2e_trace_v3,1072,216399771135378135,0,perception.radar_detection,in,7046807588064,1,/apollo/sensor/radar/front,0,0,1784281089243999474,0,0,0,839282,839459
202607171738,e2e_trace_v3,1077,216399771135378135,0,perception.radar_detection,out,7046820185536,1,/perception/inner/PrefusedObjects,0,728,1784281089243999474,0,0,0,839282,839459
202607171738,e2e_trace_v3,1089,216399771135378136,0,perception.radar_detection,in,7046913673888,1,/apollo/sensor/radar/front,0,0,1784281089354977651,0,0,0,839282,839458
202607171738,e2e_trace_v3,1094,216399771135378136,0,perception.radar_detection,out,7046926280448,1,/perception/inner/PrefusedObjects,0,729,1784281089354977651,0,0,0,839282,839458
202607171738,e2e_trace_v3,1106,216399771135378137,0,perception.radar_detection,in,7047023881280,1,/apollo/sensor/radar/front,0,0,1784281089461955064,0,0,0,839282,839460
202607171738,e2e_trace_v3,1111,216399771135378137,0,perception.radar_detection,out,7047036538144,1,/perception/inner/PrefusedObjects,0,730,1784281089461955064,0,0,0,839282,839460
202607171738,e2e_trace_v3,1123,216399771135378138,0,perception.radar_detection,in,7047126733216,1,/apollo/sensor/radar/front,0,0,1784281089567864538,0,0,0,839282,839455
202607171738,e2e_trace_v3,1128,216399771135378138,0,perception.radar_detection,out,7047139547936,1,/perception/inner/PrefusedObjects,0,731,1784281089567864538,0,0,0,839282,839455
202607171738,e2e_trace_v3,1140,216399771135378139,0,perception.radar_detection,in,7047237389888,1,/apollo/sensor/radar/front,0,0,1784281089675683894,0,0,0,839282,839466
202607171738,e2e_trace_v3,1153,216399771135378139,0,perception.radar_detection,out,7047251057696,1,/perception/inner/PrefusedObjects,0,732,1784281089675683894,0,0,0,839282,839466
202607171738,e2e_trace_v3,1164,216399771135378140,0,perception.radar_detection,in,7047343742592,1,/apollo/sensor/radar/front,0,0,1784281089781404102,0,0,0,839282,839455
202607171738,e2e_trace_v3,1170,216399771135378140,0,perception.radar_detection,out,7047356500096,1,/perception/inner/PrefusedObjects,0,733,1784281089781404102,0,0,0,839282,839455
202607171738,e2e_trace_v3,1182,216399771135378141,0,perception.radar_detection,in,7047490057824,1,/apollo/sensor/radar/front,0,0,1784281089931613240,0,0,0,839282,839458
202607171738,e2e_trace_v3,1187,216399771135378141,0,perception.radar_detection,out,7047503100896,1,/perception/inner/PrefusedObjects,0,734,1784281089931613240,0,0,0,839282,839458
202607171738,e2e_trace_v3,1199,216399771135378142,0,perception.radar_detection,in,7047595566880,1,/apollo/sensor/radar/front,0,0,1784281090038828513,0,0,0,839282,839465
202607171738,e2e_trace_v3,1202,216399771135378142,0,perception.radar_detection,out,7047608551264,1,/perception/inner/PrefusedObjects,0,735,1784281090038828513,0,0,0,839282,839465
202607171738,e2e_trace_v3,1216,216399771135378143,0,perception.radar_detection,in,7047715139712,1,/apollo/sensor/radar/front,0,0,1784281090155507454,0,0,0,839282,839462
202607171738,e2e_trace_v3,1219,216399771135378143,0,perception.radar_detection,out,7047728583456,1,/perception/inner/PrefusedObjects,0,736,1784281090155507454,0,0,0,839282,839462
202607171738,e2e_trace_v3,1233,216399771135378144,0,perception.radar_detection,in,7047821805664,1,/apollo/sensor/radar/front,0,0,1784281090261300523,0,0,0,839282,839471
202607171738,e2e_trace_v3,1238,216399771135378144,0,perception.radar_detection,out,7047834611840,1,/perception/inner/PrefusedObjects,0,737,1784281090261300523,0,0,0,839282,839471
202607171738,e2e_trace_v3,1250,216399771135378145,0,perception.radar_detection,in,7047928372128,1,/apollo/sensor/radar/front,0,0,1784281090367621636,0,0,0,839282,839457
202607171738,e2e_trace_v3,1262,216399771135378145,0,perception.radar_detection,out,7047941092320,1,/perception/inner/PrefusedObjects,0,738,1784281090367621636,0,0,0,839282,839457
202607171738,e2e_trace_v3,1271,216399771135378146,0,perception.radar_detection,in,7048036399744,1,/apollo/sensor/radar/front,0,0,1784281090474700588,0,0,0,839282,839464
202607171738,e2e_trace_v3,1278,216399771135378146,0,perception.radar_detection,out,7048049691008,1,/perception/inner/PrefusedObjects,0,739,1784281090474700588,0,0,0,839282,839464
202607171738,e2e_trace_v3,1304,216399771135378147,0,perception.radar_detection,in,7048236058976,1,/apollo/sensor/radar/front,0,0,1784281090580902537,0,0,0,839282,839461
202607171738,e2e_trace_v3,1306,216399771135378147,0,perception.radar_detection,out,7048248770176,1,/perception/inner/PrefusedObjects,0,740,1784281090580902537,0,0,0,839282,839461
202607171738,e2e_trace_v3,1309,216399771135378148,0,perception.radar_detection,in,7048249160480,1,/apollo/sensor/radar/front,0,0,1784281090683252496,0,0,0,839282,839455
202607171738,e2e_trace_v3,1314,216399771135378148,0,perception.radar_detection,out,7048262779552,1,/perception/inner/PrefusedObjects,0,741,1784281090683252496,0,0,0,839282,839455
202607171738,e2e_trace_v3,1326,216399771135378149,0,perception.radar_detection,in,7048350102464,1,/apollo/sensor/radar/front,0,0,1784281090790221435,0,0,0,839282,839469
202607171738,e2e_trace_v3,1331,216399771135378149,0,perception.radar_detection,out,7048363007008,1,/perception/inner/PrefusedObjects,0,742,1784281090790221435,0,0,0,839282,839469
202607171738,e2e_trace_v3,1335,216399771135378150,0,perception.radar_detection,in,7048460564992,1,/apollo/sensor/radar/front,0,0,1784281090896233909,0,0,0,839282,839455
202607171738,e2e_trace_v3,1340,216399771135378150,0,perception.radar_detection,out,7048473271584,1,/perception/inner/PrefusedObjects,0,743,1784281090896233909,0,0,0,839282,839455
202607171738,e2e_trace_v3,1352,216399771135378151,0,perception.radar_detection,in,7048560647872,1,/apollo/sensor/radar/front,0,0,1784281091001079904,0,0,0,839282,839455
202607171738,e2e_trace_v3,1357,216399771135378151,0,perception.radar_detection,out,7048573494624,1,/perception/inner/PrefusedObjects,0,744,1784281091001079904,0,0,0,839282,839455
202607171738,e2e_trace_v3,1361,216399771135378152,0,perception.radar_detection,in,7048666892416,1,/apollo/sensor/radar/front,0,0,1784281091104628705,0,0,0,839282,839463
202607171738,e2e_trace_v3,1366,216399771135378152,0,perception.radar_detection,out,7048679608064,1,/perception/inner/PrefusedObjects,0,745,1784281091104628705,0,0,0,839282,839463
202607171738,e2e_trace_v3,1370,216399771135378153,0,perception.radar_detection,in,7048768979552,1,/apollo/sensor/radar/front,0,0,1784281091208600902,0,0,0,839282,839470
202607171738,e2e_trace_v3,1383,216399771135378153,0,perception.radar_detection,out,7048781863616,1,/perception/inner/PrefusedObjects,0,746,1784281091208600902,0,0,0,839282,839470
202607171738,e2e_trace_v3,1391,216399771135378154,0,perception.radar_detection,in,7048888577088,1,/apollo/sensor/radar/front,0,0,1784281091313555756,0,0,0,839282,839470
202607171738,e2e_trace_v3,1393,216399771135378154,0,perception.radar_detection,out,7048901266816,1,/perception/inner/PrefusedObjects,0,747,1784281091313555756,0,0,0,839282,839470
202607171738,e2e_trace_v3,1396,216399771135378155,0,perception.radar_detection,in,7048977732064,1,/apollo/sensor/radar/front,0,0,1784281091417972027,0,0,0,839282,839460
202607171738,e2e_trace_v3,1401,216399771135378155,0,perception.radar_detection,out,7048990646592,1,/perception/inner/PrefusedObjects,0,748,1784281091417972027,0,0,0,839282,839460
202607171738,e2e_trace_v3,1413,216399771135378156,0,perception.radar_detection,in,7049088595328,1,/apollo/sensor/radar/front,0,0,1784281091524548794,0,0,0,839282,839459
202607171738,e2e_trace_v3,1419,216399771135378156,0,perception.radar_detection,out,7049102254624,1,/perception/inner/PrefusedObjects,0,749,1784281091524548794,0,0,0,839282,839459
202607171738,e2e_trace_v3,1422,216399771135378157,0,perception.radar_detection,in,7049192090016,1,/apollo/sensor/radar/front,0,0,1784281091631305626,0,0,0,839282,839464
202607171738,e2e_trace_v3,1427,216399771135378157,0,perception.radar_detection,out,7049204983104,1,/perception/inner/PrefusedObjects,0,750,1784281091631305626,0,0,0,839282,839464
202607171738,e2e_trace_v3,1439,216399771135378158,0,perception.radar_detection,in,7049301369120,1,/apollo/sensor/radar/front,0,0,1784281091740462474,0,0,0,839282,839467
202607171738,e2e_trace_v3,1444,216399771135378158,0,perception.radar_detection,out,7049314151008,1,/perception/inner/PrefusedObjects,0,751,1784281091740462474,0,0,0,839282,839467
202607171738,e2e_trace_v3,1448,216399771135378159,0,perception.radar_detection,in,7049411309184,1,/apollo/sensor/radar/front,0,0,1784281091847825057,0,0,0,839282,839464
202607171738,e2e_trace_v3,1453,216399771135378159,0,perception.radar_detection,out,7049424113792,1,/perception/inner/PrefusedObjects,0,752,1784281091847825057,0,0,0,839282,839464
202607171738,e2e_trace_v3,1465,216399771135378160,0,perception.radar_detection,in,7049517768992,1,/apollo/sensor/radar/front,0,0,1784281091954683489,0,0,0,839282,839469
202607171738,e2e_trace_v3,1470,216399771135378160,0,perception.radar_detection,out,7049530509760,1,/perception/inner/PrefusedObjects,0,753,1784281091954683489,0,0,0,839282,839469
202607171738,e2e_trace_v3,1477,216399771135378161,0,perception.radar_detection,in,7049632729888,1,/apollo/sensor/radar/front,0,0,1784281092060849476,0,0,0,839282,839471
202607171738,e2e_trace_v3,1480,216399771135378161,0,perception.radar_detection,out,7049647529984,1,/perception/inner/PrefusedObjects,0,754,1784281092060849476,0,0,0,839282,839471
202607171738,e2e_trace_v3,1491,216399771135378162,0,perception.radar_detection,in,7049731117152,1,/apollo/sensor/radar/front,0,0,1784281092165943139,0,0,0,839282,839469
202607171738,e2e_trace_v3,1496,216399771135378162,0,perception.radar_detection,out,7049743910880,1,/perception/inner/PrefusedObjects,0,755,1784281092165943139,0,0,0,839282,839469
202607171738,e2e_trace_v3,1500,216399771135378163,0,perception.radar_detection,in,7049835999872,1,/apollo/sensor/radar/front,0,0,1784281092271547677,0,0,0,839282,839459
202607171738,e2e_trace_v3,1503,216399771135378163,0,perception.radar_detection,out,7049848773920,1,/perception/inner/PrefusedObjects,0,756,1784281092271547677,0,0,0,839282,839459
202607171738,e2e_trace_v3,1517,216399771135378164,0,perception.radar_detection,in,7049940202688,1,/apollo/sensor/radar/front,0,0,1784281092378133180,0,0,0,839282,839457
202607171738,e2e_trace_v3,1523,216399771135378164,0,perception.radar_detection,out,7049953479904,1,/perception/inner/PrefusedObjects,0,757,1784281092378133180,0,0,0,839282,839457
202607171738,e2e_trace_v3,1526,216399771135378165,0,perception.radar_detection,in,7050050984608,1,/apollo/sensor/radar/front,0,0,1784281092484737891,0,0,0,839282,839461
202607171738,e2e_trace_v3,1529,216399771135378165,0,perception.radar_detection,out,7050064276320,1,/perception/inner/PrefusedObjects,0,758,1784281092484737891,0,0,0,839282,839461
202607171738,e2e_trace_v3,1543,216399771135378166,0,perception.radar_detection,in,7050160763584,1,/apollo/sensor/radar/front,0,0,1784281092592351714,0,0,0,839282,839470
202607171738,e2e_trace_v3,1548,216399771135378166,0,perception.radar_detection,out,7050174151104,1,/perception/inner/PrefusedObjects,0,759,1784281092592351714,0,0,0,839282,839470
202607171738,e2e_trace_v3,1552,216399771135378167,0,perception.radar_detection,in,7050263535712,1,/apollo/sensor/radar/front,0,0,1784281092699679625,0,0,0,839282,839457
202607171738,e2e_trace_v3,1557,216399771135378167,0,perception.radar_detection,out,7050276182208,1,/perception/inner/PrefusedObjects,0,760,1784281092699679625,0,0,0,839282,839457
202607171738,e2e_trace_v3,1574,216399771135378168,0,perception.radar_detection,in,7050461056288,1,/apollo/sensor/radar/front,0,0,1784281092804061015,0,0,0,839282,839458
202607171738,e2e_trace_v3,1575,216399771135378168,0,perception.radar_detection,out,7050473715904,1,/perception/inner/PrefusedObjects,0,761,1784281092804061015,0,0,0,839282,839458
202607171738,e2e_trace_v3,1578,216399771135378169,0,perception.radar_detection,in,7050522613920,1,/apollo/sensor/radar/front,0,0,1784281092958271214,0,0,0,839282,839457
202607171738,e2e_trace_v3,1583,216399771135378169,0,perception.radar_detection,out,7050535617696,1,/perception/inner/PrefusedObjects,0,762,1784281092958271214,0,0,0,839282,839457
202607171738,e2e_trace_v3,1595,216399771135378170,0,perception.radar_detection,in,7050629128768,1,/apollo/sensor/radar/front,0,0,1784281093066005313,0,0,0,839282,839463
202607171738,e2e_trace_v3,1600,216399771135378170,0,perception.radar_detection,out,7050641928544,1,/perception/inner/PrefusedObjects,0,763,1784281093066005313,0,0,0,839282,839463
202607171738,e2e_trace_v3,1604,216399771135378171,0,perception.radar_detection,in,7050735832992,1,/apollo/sensor/radar/front,0,0,1784281093172239031,0,0,0,839282,839457
202607171738,e2e_trace_v3,1609,216399771135378171,0,perception.radar_detection,out,7050748733184,1,/perception/inner/PrefusedObjects,0,764,1784281093172239031,0,0,0,839282,839457
202607171738,e2e_trace_v3,1629,216399771135378172,0,perception.radar_detection,in,7050959876192,1,/apollo/sensor/radar/front,0,0,1784281093389682464,0,0,0,839282,839457
202607171738,e2e_trace_v3,1631,216399771135378172,0,perception.radar_detection,out,7050972574368,1,/perception/inner/PrefusedObjects,0,765,1784281093389682464,0,0,0,839282,839457
202607171738,e2e_trace_v3,1644,216399771135378173,0,perception.radar_detection,in,7051077193312,1,/apollo/sensor/radar/front,0,0,1784281093509323877,0,0,0,839282,839463
202607171738,e2e_trace_v3,1649,216399771135378173,0,perception.radar_detection,out,7051089801632,1,/perception/inner/PrefusedObjects,0,766,1784281093509323877,0,0,0,839282,839463
202607171738,e2e_trace_v3,1653,216399771135378174,0,perception.radar_detection,in,7051176471840,1,/apollo/sensor/radar/front,0,0,1784281093614537097,0,0,0,839282,839457
202607171738,e2e_trace_v3,1658,216399771135378174,0,perception.radar_detection,out,7051189245568,1,/perception/inner/PrefusedObjects,0,767,1784281093614537097,0,0,0,839282,839457
202607171738,e2e_trace_v3,1662,216399771135378175,0,perception.radar_detection,in,7051280024704,1,/apollo/sensor/radar/front,0,0,1784281093718418361,0,0,0,839282,839467
202607171738,e2e_trace_v3,1667,216399771135378175,0,perception.radar_detection,out,7051292896928,1,/perception/inner/PrefusedObjects,0,768,1784281093718418361,0,0,0,839282,839467
202607171738,e2e_trace_v3,1679,216399771135378176,0,perception.radar_detection,in,7051390190144,1,/apollo/sensor/radar/front,0,0,1784281093830239885,0,0,0,839282,839457
202607171738,e2e_trace_v3,1692,216399771135378176,0,perception.radar_detection,out,7051402991840,1,/perception/inner/PrefusedObjects,0,769,1784281093830239885,0,0,0,839282,839457
202607171738,e2e_trace_v3,1696,216399771135378177,0,perception.radar_detection,in,7051493965632,1,/apollo/sensor/radar/front,0,0,1784281093932974150,0,0,0,839282,839469
202607171738,e2e_trace_v3,1709,216399771135378177,0,perception.radar_detection,out,7051506901344,1,/perception/inner/PrefusedObjects,0,770,1784281093932974150,0,0,0,839282,839469
202607171738,e2e_trace_v3,1718,216399771135378178,0,perception.radar_detection,in,7051602247392,1,/apollo/sensor/radar/front,0,0,1784281094041370502,0,0,0,839282,839463
202607171738,e2e_trace_v3,1726,216399771135378178,0,perception.radar_detection,out,7051614989600,1,/perception/inner/PrefusedObjects,0,771,1784281094041370502,0,0,0,839282,839463
202607171738,e2e_trace_v3,1737,216399771135378179,0,perception.radar_detection,in,7051706728192,1,/apollo/sensor/radar/front,0,0,1784281094148122216,0,0,0,839282,839455
202607171738,e2e_trace_v3,1743,216399771135378179,0,perception.radar_detection,out,7051719498368,1,/perception/inner/PrefusedObjects,0,772,1784281094148122216,0,0,0,839282,839455
202607171738,e2e_trace_v3,1755,216399771135378180,0,perception.radar_detection,in,7051815605408,1,/apollo/sensor/radar/front,0,0,1784281094255879373,0,0,0,839282,839458
202607171738,e2e_trace_v3,1760,216399771135378180,0,perception.radar_detection,out,7051828478624,1,/perception/inner/PrefusedObjects,0,773,1784281094255879373,0,0,0,839282,839458
202607171738,e2e_trace_v3,1772,216399771135378181,0,perception.radar_detection,in,7051922424992,1,/apollo/sensor/radar/front,0,0,1784281094363487316,0,0,0,839282,839458
202607171738,e2e_trace_v3,1777,216399771135378181,0,perception.radar_detection,out,7051935133792,1,/perception/inner/PrefusedObjects,0,774,1784281094363487316,0,0,0,839282,839458
202607171738,e2e_trace_v3,1789,216399771135378182,0,perception.radar_detection,in,7052029135744,1,/apollo/sensor/radar/front,0,0,1784281094469697508,0,0,0,839282,839458
202607171738,e2e_trace_v3,1792,216399771135378182,0,perception.radar_detection,out,7052041892096,1,/perception/inner/PrefusedObjects,0,775,1784281094469697508,0,0,0,839282,839458
202607171738,e2e_trace_v3,1806,216399771135378183,0,perception.radar_detection,in,7052135327712,1,/apollo/sensor/radar/front,0,0,1784281094573624163,0,0,0,839282,839459
202607171738,e2e_trace_v3,1811,216399771135378183,0,perception.radar_detection,out,7052148098592,1,/perception/inner/PrefusedObjects,0,776,1784281094573624163,0,0,0,839282,839459
202607171738,e2e_trace_v3,1823,216399771135378184,0,perception.radar_detection,in,7052236163040,1,/apollo/sensor/radar/front,0,0,1784281094676219787,0,0,0,839282,839471
202607171738,e2e_trace_v3,1828,216399771135378184,0,perception.radar_detection,out,7052248918560,1,/perception/inner/PrefusedObjects,0,777,1784281094676219787,0,0,0,839282,839471
202607171738,e2e_trace_v3,1840,216399771135378185,0,perception.radar_detection,in,7052345798496,1,/apollo/sensor/radar/front,0,0,1784281094779654187,0,0,0,839282,839470
202607171738,e2e_trace_v3,1845,216399771135378185,0,perception.radar_detection,out,7052358563616,1,/perception/inner/PrefusedObjects,0,778,1784281094779654187,0,0,0,839282,839470
202607171738,e2e_trace_v3,1857,216399771135378186,0,perception.radar_detection,in,7052449183520,1,/apollo/sensor/radar/front,0,0,1784281094887965098,0,0,0,839282,839470
202607171738,e2e_trace_v3,1862,216399771135378186,0,perception.radar_detection,out,7052462024160,1,/perception/inner/PrefusedObjects,0,779,1784281094887965098,0,0,0,839282,839470
202607171738,e2e_trace_v3,1874,216399771135378187,0,perception.radar_detection,in,7052555524672,1,/apollo/sensor/radar/front,0,0,1784281094991632611,0,0,0,839282,839454
202607171738,e2e_trace_v3,1879,216399771135378187,0,perception.radar_detection,out,7052568354368,1,/perception/inner/PrefusedObjects,0,780,1784281094991632611,0,0,0,839282,839454
202607171738,e2e_trace_v3,1891,216399771135378188,0,perception.radar_detection,in,7052660848448,1,/apollo/sensor/radar/front,0,0,1784281095098670292,0,0,0,839282,839454
202607171738,e2e_trace_v3,1894,216399771135378188,0,perception.radar_detection,out,7052673528096,1,/perception/inner/PrefusedObjects,0,781,1784281095098670292,0,0,0,839282,839454
202607171738,e2e_trace_v3,1908,216399771135378189,0,perception.radar_detection,in,7052761837344,1,/apollo/sensor/radar/front,0,0,1784281095201586832,0,0,0,839282,839470
202607171738,e2e_trace_v3,1913,216399771135378189,0,perception.radar_detection,out,7052774845312,1,/perception/inner/PrefusedObjects,0,782,1784281095201586832,0,0,0,839282,839470
202607171738,e2e_trace_v3,1925,216399771135378190,0,perception.radar_detection,in,7052878914208,1,/apollo/sensor/radar/front,0,0,1784281095323194380,0,0,0,839282,839463
202607171738,e2e_trace_v3,1930,216399771135378190,0,perception.radar_detection,out,7052891696096,1,/perception/inner/PrefusedObjects,0,783,1784281095323194380,0,0,0,839282,839463
202607171738,e2e_trace_v3,1942,216399771135378191,0,perception.radar_detection,in,7052986149344,1,/apollo/sensor/radar/front,0,0,1784281095426808736,0,0,0,839282,839458
202607171738,e2e_trace_v3,1947,216399771135378191,0,perception.radar_detection,out,7052998847328,1,/perception/inner/PrefusedObjects,0,784,1784281095426808736,0,0,0,839282,839458
202607171738,e2e_trace_v3,1959,216399771135378192,0,perception.radar_detection,in,7053094322656,1,/apollo/sensor/radar/front,0,0,1784281095533531811,0,0,0,839282,839470
202607171738,e2e_trace_v3,1964,216399771135378192,0,perception.radar_detection,out,7053107011168,1,/perception/inner/PrefusedObjects,0,785,1784281095533531811,0,0,0,839282,839470
202607171738,e2e_trace_v3,1976,216399771135378193,0,perception.radar_detection,in,7053200566496,1,/apollo/sensor/radar/front,0,0,1784281095639927977,0,0,0,839282,839470
202607171738,e2e_trace_v3,1989,216399771135378193,0,perception.radar_detection,out,7053213709184,1,/perception/inner/PrefusedObjects,0,786,1784281095639927977,0,0,0,839282,839470
202607171738,e2e_trace_v3,1993,216399771135378194,0,perception.radar_detection,in,7053303979840,1,/apollo/sensor/radar/front,0,0,1784281095744365100,0,0,0,839282,839462
202607171738,e2e_trace_v3,2006,216399771135378194,0,perception.radar_detection,out,7053316693376,1,/perception/inner/PrefusedObjects,0,787,1784281095744365100,0,0,0,839282,839462
202607171738,e2e_trace_v3,2018,216399771135378195,0,perception.radar_detection,in,7053421886496,1,/apollo/sensor/radar/front,0,0,1784281095861015354,0,0,0,839282,839462
202607171738,e2e_trace_v3,2023,216399771135378195,0,perception.radar_detection,out,7053434637440,1,/perception/inner/PrefusedObjects,0,788,1784281095861015354,0,0,0,839282,839462
202607171738,e2e_trace_v3,2035,216399771135378196,0,perception.radar_detection,in,7053526983648,1,/apollo/sensor/radar/front,0,0,1784281095964869732,0,0,0,839282,839458
202607171738,e2e_trace_v3,2040,216399771135378196,0,perception.radar_detection,out,7053539844384,1,/perception/inner/PrefusedObjects,0,789,1784281095964869732,0,0,0,839282,839458
202607171738,e2e_trace_v3,2052,216399771135378197,0,perception.radar_detection,in,7053627096352,1,/apollo/sensor/radar/front,0,0,1784281096069144229,0,0,0,839282,839457
202607171738,e2e_trace_v3,2057,216399771135378197,0,perception.radar_detection,out,7053639796704,1,/perception/inner/PrefusedObjects,0,790,1784281096069144229,0,0,0,839282,839457
202607171738,e2e_trace_v3,2069,216399771135378198,0,perception.radar_detection,in,7053733814112,1,/apollo/sensor/radar/front,0,0,1784281096173458773,0,0,0,839282,839470
202607171738,e2e_trace_v3,2074,216399771135378198,0,perception.radar_detection,out,7053746679104,1,/perception/inner/PrefusedObjects,0,791,1784281096173458773,0,0,0,839282,839470
202607171738,e2e_trace_v3,2086,216399771135378199,0,perception.radar_detection,in,7053834795328,1,/apollo/sensor/radar/front,0,0,1784281096277470827,0,0,0,839282,839470
202607171738,e2e_trace_v3,2091,216399771135378199,0,perception.radar_detection,out,7053846081088,1,/perception/inner/PrefusedObjects,0,792,1784281096277470827,0,0,0,839282,839470
202607171738,e2e_trace_v3,2103,216399771135378200,0,perception.radar_detection,in,7053940154624,1,/apollo/sensor/radar/front,0,0,1784281096381742242,0,0,0,839282,839454
202607171738,e2e_trace_v3,2108,216399771135378200,0,perception.radar_detection,out,7053952894496,1,/perception/inner/PrefusedObjects,0,793,1784281096381742242,0,0,0,839282,839454
202607171738,e2e_trace_v3,2120,216399771135378201,0,perception.radar_detection,in,7054043308096,1,/apollo/sensor/radar/front,0,0,1784281096484908589,0,0,0,839282,839454
202607171738,e2e_trace_v3,2125,216399771135378201,0,perception.radar_detection,out,7054055904576,1,/perception/inner/PrefusedObjects,0,794,1784281096484908589,0,0,0,839282,839454
202607171738,e2e_trace_v3,2139,216399771135378202,0,perception.radar_detection,in,7054160103456,1,/apollo/sensor/radar/front,0,0,1784281096591010262,0,0,0,839282,839459
202607171738,e2e_trace_v3,2150,216399771135378202,0,perception.radar_detection,out,7054173724032,1,/perception/inner/PrefusedObjects,0,795,1784281096591010262,0,0,0,839282,839459
202607171738,e2e_trace_v3,2154,216399771135378203,0,perception.radar_detection,in,7054256191584,1,/apollo/sensor/radar/front,0,0,1784281096694954960,0,0,0,839282,839463
202607171738,e2e_trace_v3,2161,216399771135378203,0,perception.radar_detection,out,7054269918720,1,/perception/inner/PrefusedObjects,0,796,1784281096694954960,0,0,0,839282,839463
202607171738,e2e_trace_v3,2171,216399771135378204,0,perception.radar_detection,in,7054357571872,1,/apollo/sensor/radar/front,0,0,1784281096799820740,0,0,0,839282,839464
202607171738,e2e_trace_v3,2184,216399771135378204,0,perception.radar_detection,out,7054370254656,1,/perception/inner/PrefusedObjects,0,797,1784281096799820740,0,0,0,839282,839464
202607171738,e2e_trace_v3,2196,216399771135378205,0,perception.radar_detection,in,7054467023872,1,/apollo/sensor/radar/front,0,0,1784281096905690419,0,0,0,839282,839464
202607171738,e2e_trace_v3,2201,216399771135378205,0,perception.radar_detection,out,7054479994432,1,/perception/inner/PrefusedObjects,0,798,1784281096905690419,0,0,0,839282,839464
202607171738,e2e_trace_v3,2213,216399771135378206,0,perception.radar_detection,in,7054571372960,1,/apollo/sensor/radar/front,0,0,1784281097011083941,0,0,0,839282,839461
202607171738,e2e_trace_v3,2216,216399771135378206,0,perception.radar_detection,out,7054584285664,1,/perception/inner/PrefusedObjects,0,799,1784281097011083941,0,0,0,839282,839461
202607171738,e2e_trace_v3,2230,216399771135378207,0,perception.radar_detection,in,7054678248768,1,/apollo/sensor/radar/front,0,0,1784281097117351199,0,0,0,839282,839462
202607171738,e2e_trace_v3,2235,216399771135378207,0,perception.radar_detection,out,7054691077920,1,/perception/inner/PrefusedObjects,0,800,1784281097117351199,0,0,0,839282,839462
202607171738,e2e_trace_v3,2247,216399771135378208,0,perception.radar_detection,in,7054787170176,1,/apollo/sensor/radar/front,0,0,1784281097226912687,0,0,0,839282,839463
202607171738,e2e_trace_v3,2252,216399771135378208,0,perception.radar_detection,out,7054799884704,1,/perception/inner/PrefusedObjects,0,801,1784281097226912687,0,0,0,839282,839463
202607171738,e2e_trace_v3,2264,216399771135378209,0,perception.radar_detection,in,7054892061632,1,/apollo/sensor/radar/front,0,0,1784281097332453671,0,0,0,839282,839461
202607171738,e2e_trace_v3,2269,216399771135378209,0,perception.radar_detection,out,7054904644992,1,/perception/inner/PrefusedObjects,0,802,1784281097332453671,0,0,0,839282,839461
202607171738,e2e_trace_v3,2281,216399771135378210,0,perception.radar_detection,in,7055014803584,1,/apollo/sensor/radar/front,0,0,1784281097452470760,0,0,0,839282,839458
202607171738,e2e_trace_v3,2286,216399771135378210,0,perception.radar_detection,out,7055027602240,1,/perception/inner/PrefusedObjects,0,803,1784281097452470760,0,0,0,839282,839458
202607171738,e2e_trace_v3,2298,216399771135378211,0,perception.radar_detection,in,7055120109248,1,/apollo/sensor/radar/front,0,0,1784281097556829305,0,0,0,839282,839469
202607171738,e2e_trace_v3,2302,216399771135378211,0,perception.radar_detection,out,7055132895968,1,/perception/inner/PrefusedObjects,0,804,1784281097556829305,0,0,0,839282,839469
202607171738,e2e_trace_v3,2315,216399771135378212,0,perception.radar_detection,in,7055223191104,1,/apollo/sensor/radar/front,0,0,1784281097660525743,0,0,0,839282,839459
202607171738,e2e_trace_v3,2320,216399771135378212,0,perception.radar_detection,out,7055235804832,1,/perception/inner/PrefusedObjects,0,805,1784281097660525743,0,0,0,839282,839459
202607171738,e2e_trace_v3,2332,216399771135378213,0,perception.radar_detection,in,7055328679584,1,/apollo/sensor/radar/front,0,0,1784281097767583819,0,0,0,839282,839471
202607171738,e2e_trace_v3,2337,216399771135378213,0,perception.radar_detection,out,7055341494080,1,/perception/inner/PrefusedObjects,0,806,1784281097767583819,0,0,0,839282,839471
202607171738,e2e_trace_v3,2349,216399771135378214,0,perception.radar_detection,in,7055444205408,1,/apollo/sensor/radar/front,0,0,1784281097884557399,0,0,0,839282,839471
202607171738,e2e_trace_v3,2354,216399771135378214,0,perception.radar_detection,out,7055456862976,1,/perception/inner/PrefusedObjects,0,807,1784281097884557399,0,0,0,839282,839471
202607171738,e2e_trace_v3,2366,216399771135378215,0,perception.radar_detection,in,7055551492416,1,/apollo/sensor/radar/front,0,0,1784281097991349061,0,0,0,839282,839471
202607171738,e2e_trace_v3,2371,216399771135378215,0,perception.radar_detection,out,7055564427104,1,/perception/inner/PrefusedObjects,0,808,1784281097991349061,0,0,0,839282,839471
202607171738,e2e_trace_v3,2383,216399771135378216,0,perception.radar_detection,in,7055662371488,1,/apollo/sensor/radar/front,0,0,1784281098101410709,0,0,0,839282,839471
202607171738,e2e_trace_v3,2396,216399771135378216,0,perception.radar_detection,out,7055675160512,1,/perception/inner/PrefusedObjects,0,809,1784281098101410709,0,0,0,839282,839471
202607171738,e2e_trace_v3,2408,216399771135378217,0,perception.radar_detection,in,7055770246656,1,/apollo/sensor/radar/front,0,0,1784281098207389450,0,0,0,839282,839458
202607171738,e2e_trace_v3,2413,216399771135378217,0,perception.radar_detection,out,7055783001920,1,/perception/inner/PrefusedObjects,0,810,1784281098207389450,0,0,0,839282,839458
202607171738,e2e_trace_v3,2425,216399771135378218,0,perception.radar_detection,in,7055886964320,1,/apollo/sensor/radar/front,0,0,1784281098321191194,0,0,0,839282,839470
202607171738,e2e_trace_v3,2430,216399771135378218,0,perception.radar_detection,out,7055899666368,1,/perception/inner/PrefusedObjects,0,811,1784281098321191194,0,0,0,839282,839470
202607171738,e2e_trace_v3,2442,216399771135378219,0,perception.radar_detection,in,7055992536704,1,/apollo/sensor/radar/front,0,0,1784281098431872445,0,0,0,839282,839460
202607171738,e2e_trace_v3,2447,216399771135378219,0,perception.radar_detection,out,7056005423424,1,/perception/inner/PrefusedObjects,0,812,1784281098431872445,0,0,0,839282,839460
202607171738,e2e_trace_v3,2458,216399771135378220,0,perception.radar_detection,in,7056096393216,1,/apollo/sensor/radar/front,0,0,1784281098539260777,0,0,0,839282,839457
202607171738,e2e_trace_v3,2459,216399771135378220,0,perception.radar_detection,out,7056109474176,1,/perception/inner/PrefusedObjects,0,813,1784281098539260777,0,0,0,839282,839457
202607171738,e2e_trace_v3,2476,216399771135378221,0,perception.radar_detection,in,7056206017952,1,/apollo/sensor/radar/front,0,0,1784281098648463290,0,0,0,839282,839458
202607171738,e2e_trace_v3,2482,216399771135378221,0,perception.radar_detection,out,7056219393248,1,/perception/inner/PrefusedObjects,0,814,1784281098648463290,0,0,0,839282,839458
202607171738,e2e_trace_v3,2493,216399771135378222,0,perception.radar_detection,in,7056318579904,1,/apollo/sensor/radar/front,0,0,1784281098757396598,0,0,0,839282,839458
202607171738,e2e_trace_v3,2498,216399771135378222,0,perception.radar_detection,out,7056331365280,1,/perception/inner/PrefusedObjects,0,815,1784281098757396598,0,0,0,839282,839458
202607171738,e2e_trace_v3,2510,216399771135378223,0,perception.radar_detection,in,7056423887808,1,/apollo/sensor/radar/front,0,0,1784281098863993061,0,0,0,839282,839460
202607171738,e2e_trace_v3,2515,216399771135378223,0,perception.radar_detection,out,7056436800512,1,/perception/inner/PrefusedObjects,0,816,1784281098863993061,0,0,0,839282,839460
202607171738,e2e_trace_v3,2527,216399771135378224,0,perception.radar_detection,in,7056530696800,1,/apollo/sensor/radar/front,0,0,1784281098972529271,0,0,0,839282,839463
202607171738,e2e_trace_v3,2539,216399771135378224,0,perception.radar_detection,out,7056542219392,1,/perception/inner/PrefusedObjects,0,817,1784281098972529271,0,0,0,839282,839463
202607171738,e2e_trace_v3,2552,216399771135378225,0,perception.radar_detection,in,7056643080992,1,/apollo/sensor/radar/front,0,0,1784281099080559173,0,0,0,839282,839463
202607171738,e2e_trace_v3,2557,216399771135378225,0,perception.radar_detection,out,7056656056576,1,/perception/inner/PrefusedObjects,0,818,1784281099080559173,0,0,0,839282,839463
202607171738,e2e_trace_v3,2569,216399771135378226,0,perception.radar_detection,in,7056752779840,1,/apollo/sensor/radar/front,0,0,1784281099193415457,0,0,0,839282,839461
202607171738,e2e_trace_v3,2574,216399771135378226,0,perception.radar_detection,out,7056765481408,1,/perception/inner/PrefusedObjects,0,819,1784281099193415457,0,0,0,839282,839461
202607171738,e2e_trace_v3,2586,216399771135378227,0,perception.radar_detection,in,7056890167296,1,/apollo/sensor/radar/front,0,0,1784281099330152838,0,0,0,839282,839460
202607171738,e2e_trace_v3,2591,216399771135378227,0,perception.radar_detection,out,7056902825664,1,/perception/inner/PrefusedObjects,0,820,1784281099330152838,0,0,0,839282,839460
202607171738,e2e_trace_v3,2603,216399771135378228,0,perception.radar_detection,in,7057001556448,1,/apollo/sensor/radar/front,0,0,1784281099443061809,0,0,0,839282,839467
202607171738,e2e_trace_v3,2608,216399771135378228,0,perception.radar_detection,out,7057014341504,1,/perception/inner/PrefusedObjects,0,821,1784281099443061809,0,0,0,839282,839467
202607171738,e2e_trace_v3,2620,216399771135378229,0,perception.radar_detection,in,7057113323584,1,/apollo/sensor/radar/front,0,0,1784281099553943140,0,0,0,839282,839467
202607171738,e2e_trace_v3,2633,216399771135378229,0,perception.radar_detection,out,7057127088768,1,/perception/inner/PrefusedObjects,0,822,1784281099553943140,0,0,0,839282,839467
202607171738,e2e_trace_v3,2645,216399771135378230,0,perception.radar_detection,in,7057222332384,1,/apollo/sensor/radar/front,0,0,1784281099663400989,0,0,0,839282,839454
202607171738,e2e_trace_v3,2648,216399771135378230,0,perception.radar_detection,out,7057233685408,1,/perception/inner/PrefusedObjects,0,823,1784281099663400989,0,0,0,839282,839454
202607171738,e2e_trace_v3,2662,216399771135378231,0,perception.radar_detection,in,7057333331552,1,/apollo/sensor/radar/front,0,0,1784281099773031159,0,0,0,839282,839459
202607171738,e2e_trace_v3,2667,216399771135378231,0,perception.radar_detection,out,7057346516384,1,/perception/inner/PrefusedObjects,0,824,1784281099773031159,0,0,0,839282,839459
202607171738,e2e_trace_v3,2679,216399771135378232,0,perception.radar_detection,in,7057446488064,1,/apollo/sensor/radar/front,0,0,1784281099882822814,0,0,0,839282,839459
202607171738,e2e_trace_v3,2684,216399771135378232,0,perception.radar_detection,out,7057459214176,1,/perception/inner/PrefusedObjects,0,825,1784281099882822814,0,0,0,839282,839459
202607171738,e2e_trace_v3,2696,216399771135378233,0,perception.radar_detection,in,7057553869824,1,/apollo/sensor/radar/front,0,0,1784281099993491671,0,0,0,839282,839454
202607171738,e2e_trace_v3,2699,216399771135378233,0,perception.radar_detection,out,7057566440448,1,/perception/inner/PrefusedObjects,0,826,1784281099993491671,0,0,0,839282,839454
202607171738,e2e_trace_v3,2713,216399771135378234,0,perception.radar_detection,in,7057664845952,1,/apollo/sensor/radar/front,0,0,1784281100102975354,0,0,0,839282,839458
202607171738,e2e_trace_v3,2718,216399771135378234,0,perception.radar_detection,out,7057677564288,1,/perception/inner/PrefusedObjects,0,827,1784281100102975354,0,0,0,839282,839458
202607171738,e2e_trace_v3,2742,216399771135378235,0,perception.radar_detection,in,7057785998688,1,/apollo/sensor/radar/front,0,0,1784281100210780239,0,0,0,839282,839469
202607171738,e2e_trace_v3,2744,216399771135378235,0,perception.radar_detection,out,7057798667744,1,/perception/inner/PrefusedObjects,0,828,1784281100210780239,0,0,0,839282,839469
202607171738,e2e_trace_v3,2755,216399771135378236,0,perception.radar_detection,in,7057883364576,1,/apollo/sensor/radar/front,0,0,1784281100321418459,0,0,0,839282,839457
202607171738,e2e_trace_v3,2759,216399771135378236,0,perception.radar_detection,out,7057896136320,1,/perception/inner/PrefusedObjects,0,829,1784281100321418459,0,0,0,839282,839457
202607171738,e2e_trace_v3,2774,216399771135378237,0,perception.radar_detection,in,7058006145824,1,/apollo/sensor/radar/front,0,0,1784281100432112033,0,0,0,839282,839464
202607171738,e2e_trace_v3,2777,216399771135378237,0,perception.radar_detection,out,7058019041312,1,/perception/inner/PrefusedObjects,0,830,1784281100432112033,0,0,0,839282,839464
202607171738,e2e_trace_v3,2811,216399771135378238,0,perception.radar_detection,in,7058230555040,1,/apollo/sensor/radar/front,0,0,1784281100666791218,0,0,0,839282,839465
202607171738,e2e_trace_v3,2814,216399771135378238,0,perception.radar_detection,out,7058243549600,1,/perception/inner/PrefusedObjects,0,831,1784281100666791218,0,0,0,839282,839465
202607171738,e2e_trace_v3,2828,216399771135378239,0,perception.radar_detection,in,7058338158688,1,/apollo/sensor/radar/front,0,0,1784281100777473549,0,0,0,839282,839460
202607171738,e2e_trace_v3,2832,216399771135378239,0,perception.radar_detection,out,7058351297504,1,/perception/inner/PrefusedObjects,0,832,1784281100777473549,0,0,0,839282,839460
202607171738,e2e_trace_v3,2845,216399771135378240,0,perception.radar_detection,in,7058449633824,1,/apollo/sensor/radar/front,0,0,1784281100890190384,0,0,0,839282,839461
202607171738,e2e_trace_v3,2850,216399771135378240,0,perception.radar_detection,out,7058462413248,1,/perception/inner/PrefusedObjects,0,833,1784281100890190384,0,0,0,839282,839461
202607171738,e2e_trace_v3,2862,216399771135378241,0,perception.radar_detection,in,7058560797760,1,/apollo/sensor/radar/front,0,0,1784281101002768984,0,0,0,839282,839464
202607171738,e2e_trace_v3,2875,216399771135378241,0,perception.radar_detection,out,7058573545120,1,/perception/inner/PrefusedObjects,0,834,1784281101002768984,0,0,0,839282,839464
202607171738,e2e_trace_v3,2887,216399771135378242,0,perception.radar_detection,in,7058677606176,1,/apollo/sensor/radar/front,0,0,1784281101115599303,0,0,0,839282,839459
202607171738,e2e_trace_v3,2891,216399771135378242,0,perception.radar_detection,out,7058690483104,1,/perception/inner/PrefusedObjects,0,835,1784281101115599303,0,0,0,839282,839459
202607171738,e2e_trace_v3,2904,216399771135378243,0,perception.radar_detection,in,7058790949184,1,/apollo/sensor/radar/front,0,0,1784281101230008776,0,0,0,839282,839470
202607171738,e2e_trace_v3,2909,216399771135378243,0,perception.radar_detection,out,7058803857376,1,/perception/inner/PrefusedObjects,0,836,1784281101230008776,0,0,0,839282,839470
202607171738,e2e_trace_v3,2921,216399771135378244,0,perception.radar_detection,in,7058897211808,1,/apollo/sensor/radar/front,0,0,1784281101338075010,0,0,0,839282,839454
202607171738,e2e_trace_v3,2934,216399771135378244,0,perception.radar_detection,out,7058909843072,1,/perception/inner/PrefusedObjects,0,837,1784281101338075010,0,0,0,839282,839454
202607171738,e2e_trace_v3,2946,216399771135378245,0,perception.radar_detection,in,7059007734944,1,/apollo/sensor/radar/front,0,0,1784281101446040876,0,0,0,839282,839454
202607171738,e2e_trace_v3,2950,216399771135378245,0,perception.radar_detection,out,7059021067360,1,/perception/inner/PrefusedObjects,0,838,1784281101446040876,0,0,0,839282,839454
202607171738,e2e_trace_v3,2963,216399771135378246,0,perception.radar_detection,in,7059158786400,1,/apollo/sensor/radar/front,0,0,1784281101599631275,0,0,0,839282,839470
202607171738,e2e_trace_v3,2976,216399771135378246,0,perception.radar_detection,out,7059171606784,1,/perception/inner/PrefusedObjects,0,839,1784281101599631275,0,0,0,839282,839470
202607171738,e2e_trace_v3,2992,216399771135378247,0,perception.radar_detection,in,7059294507584,1,/apollo/sensor/radar/front,0,0,1784281101719119631,0,0,0,839282,839457
202607171738,e2e_trace_v3,2994,216399771135378247,0,perception.radar_detection,out,7059307204064,1,/perception/inner/PrefusedObjects,0,840,1784281101719119631,0,0,0,839282,839457
202607171738,e2e_trace_v3,3005,216399771135378248,0,perception.radar_detection,in,7059389428992,1,/apollo/sensor/radar/front,0,0,1784281101829400827,0,0,0,839282,839458
202607171738,e2e_trace_v3,3008,216399771135378248,0,perception.radar_detection,out,7059401944192,1,/perception/inner/PrefusedObjects,0,841,1784281101829400827,0,0,0,839282,839458
202607171738,e2e_trace_v3,3030,216399771135378249,0,perception.radar_detection,in,7059514169088,1,/apollo/sensor/radar/front,0,0,1784281101951318399,0,0,0,839282,839460
202607171738,e2e_trace_v3,3035,216399771135378249,0,perception.radar_detection,out,7059527092544,1,/perception/inner/PrefusedObjects,0,842,1784281101951318399,0,0,0,839282,839460
202607171738,e2e_trace_v3,3047,216399771135378250,0,perception.radar_detection,in,7059621427040,1,/apollo/sensor/radar/front,0,0,1784281102063447247,0,0,0,839282,839458
202607171738,e2e_trace_v3,3052,216399771135378250,0,perception.radar_detection,out,7059634055840,1,/perception/inner/PrefusedObjects,0,843,1784281102063447247,0,0,0,839282,839458
202607171738,e2e_trace_v3,3064,216399771135378251,0,perception.radar_detection,in,7059738061280,1,/apollo/sensor/radar/front,0,0,1784281102177140833,0,0,0,839282,839458
202607171738,e2e_trace_v3,3069,216399771135378251,0,perception.radar_detection,out,7059750862048,1,/perception/inner/PrefusedObjects,0,844,1784281102177140833,0,0,0,839282,839458
202607171738,e2e_trace_v3,3089,216399771135378252,0,perception.radar_detection,in,7059851207776,1,/apollo/sensor/radar/front,0,0,1784281102288603553,0,0,0,839282,839469
202607171738,e2e_trace_v3,3094,216399771135378252,0,perception.radar_detection,out,7059863962240,1,/perception/inner/PrefusedObjects,0,845,1784281102288603553,0,0,0,839282,839469
202607171738,e2e_trace_v3,3106,216399771135378253,0,perception.radar_detection,in,7059962926528,1,/apollo/sensor/radar/front,0,0,1784281102400811636,0,0,0,839282,839462
202607171738,e2e_trace_v3,3111,216399771135378253,0,perception.radar_detection,out,7059978506656,1,/perception/inner/PrefusedObjects,0,846,1784281102400811636,0,0,0,839282,839462
202607171738,e2e_trace_v3,3123,216399771135378254,0,perception.radar_detection,in,7060070427104,1,/apollo/sensor/radar/front,0,0,1784281102509306845,0,0,0,839282,839465
202607171738,e2e_trace_v3,3128,216399771135378254,0,perception.radar_detection,out,7060083435008,1,/perception/inner/PrefusedObjects,0,847,1784281102509306845,0,0,0,839282,839465
202607171738,e2e_trace_v3,3148,216399771135378255,0,perception.radar_detection,in,7060178524768,1,/apollo/sensor/radar/front,0,0,1784281102619620745,0,0,0,839282,839467
202607171738,e2e_trace_v3,3151,216399771135378255,0,perception.radar_detection,out,7060191681664,1,/perception/inner/PrefusedObjects,0,848,1784281102619620745,0,0,0,839282,839467
202607171738,e2e_trace_v3,3167,216399771135378256,0,perception.radar_detection,in,7060300285920,1,/apollo/sensor/radar/front,0,0,1784281102728835109,0,0,0,839282,839471
202607171738,e2e_trace_v3,3170,216399771135378256,0,perception.radar_detection,out,7060313183872,1,/perception/inner/PrefusedObjects,0,849,1784281102728835109,0,0,0,839282,839471
202607171738,e2e_trace_v3,3205,216399771135378257,0,perception.radar_detection,in,7060521835040,1,/apollo/sensor/radar/front,0,0,1784281102951510161,0,0,0,839282,839470
202607171738,e2e_trace_v3,3209,216399771135378257,0,perception.radar_detection,out,7060535045152,1,/perception/inner/PrefusedObjects,0,850,1784281102951510161,0,0,0,839282,839470
202607171738,e2e_trace_v3,3221,216399771135378258,0,perception.radar_detection,in,7060636829664,1,/apollo/sensor/radar/front,0,0,1784281103076472847,0,0,0,839282,839470
202607171738,e2e_trace_v3,3226,216399771135378258,0,perception.radar_detection,out,7060649887776,1,/perception/inner/PrefusedObjects,0,851,1784281103076472847,0,0,0,839282,839470
202607171738,e2e_trace_v3,3237,216399771135378259,0,perception.radar_detection,in,7060748132128,1,/apollo/sensor/radar/front,0,0,1784281103190528666,0,0,0,839282,839466
202607171738,e2e_trace_v3,3238,216399771135378259,0,perception.radar_detection,out,7060760843040,1,/perception/inner/PrefusedObjects,0,852,1784281103190528666,0,0,0,839282,839466
202607171738,e2e_trace_v3,3263,216399771135378260,0,perception.radar_detection,in,7060878311936,1,/apollo/sensor/radar/front,0,0,1784281103314517304,0,0,0,839282,839463
202607171738,e2e_trace_v3,3269,216399771135378260,0,perception.radar_detection,out,7060891624064,1,/perception/inner/PrefusedObjects,0,853,1784281103314517304,0,0,0,839282,839463
202607171738,e2e_trace_v3,3280,216399771135378261,0,perception.radar_detection,in,7060987555936,1,/apollo/sensor/radar/front,0,0,1784281103428099899,0,0,0,839282,839455
202607171738,e2e_trace_v3,3285,216399771135378261,0,perception.radar_detection,out,7061000514912,1,/perception/inner/PrefusedObjects,0,854,1784281103428099899,0,0,0,839282,839455
202607171738,e2e_trace_v3,3297,216399771135378262,0,perception.radar_detection,in,7061096716768,1,/apollo/sensor/radar/front,0,0,1784281103538754268,0,0,0,839282,839465
202607171738,e2e_trace_v3,3303,216399771135378262,0,perception.radar_detection,out,7061110109856,1,/perception/inner/PrefusedObjects,0,855,1784281103538754268,0,0,0,839282,839465
202607171738,e2e_trace_v3,3324,216399771135378263,0,perception.radar_detection,in,7061257084608,1,/apollo/sensor/radar/front,0,0,1784281103680495414,0,0,0,839282,839454
202607171738,e2e_trace_v3,3327,216399771135378263,0,perception.radar_detection,out,7061270001600,1,/perception/inner/PrefusedObjects,0,856,1784281103680495414,0,0,0,839282,839454
202607171738,e2e_trace_v3,3339,216399771135378264,0,perception.radar_detection,in,7061358401952,1,/apollo/sensor/radar/front,0,0,1784281103796267872,0,0,0,839282,839462
202607171738,e2e_trace_v3,3342,216399771135378264,0,perception.radar_detection,out,7061371495072,1,/perception/inner/PrefusedObjects,0,857,1784281103796267872,0,0,0,839282,839462
202607171738,e2e_trace_v3,3356,216399771135378265,0,perception.radar_detection,in,7061468404608,1,/apollo/sensor/radar/front,0,0,1784281103906747580,0,0,0,839282,839463
202607171738,e2e_trace_v3,3369,216399771135378265,0,perception.radar_detection,out,7061481736128,1,/perception/inner/PrefusedObjects,0,858,1784281103906747580,0,0,0,839282,839463
202607171738,e2e_trace_v3,3381,216399771135378266,0,perception.radar_detection,in,7061583983584,1,/apollo/sensor/radar/front,0,0,1784281104019339337,0,0,0,839282,839463
202607171738,e2e_trace_v3,3386,216399771135378266,0,perception.radar_detection,out,7061596795680,1,/perception/inner/PrefusedObjects,0,859,1784281104019339337,0,0,0,839282,839463
202607171738,e2e_trace_v3,3398,216399771135378267,0,perception.radar_detection,in,7061690375904,1,/apollo/sensor/radar/front,0,0,1784281104132070430,0,0,0,839282,839465
202607171738,e2e_trace_v3,3403,216399771135378267,0,perception.radar_detection,out,7061703057152,1,/perception/inner/PrefusedObjects,0,860,1784281104132070430,0,0,0,839282,839465
202607171738,e2e_trace_v3,3415,216399771135378268,0,perception.radar_detection,in,7061808862304,1,/apollo/sensor/radar/front,0,0,1784281104244498914,0,0,0,839282,839469
202607171738,e2e_trace_v3,3420,216399771135378268,0,perception.radar_detection,out,7061821573600,1,/perception/inner/PrefusedObjects,0,861,1784281104244498914,0,0,0,839282,839469
202607171738,e2e_trace_v3,3432,216399771135378269,0,perception.radar_detection,in,7061918865216,1,/apollo/sensor/radar/front,0,0,1784281104357044485,0,0,0,839282,839471
202607171738,e2e_trace_v3,3444,216399771135378269,0,perception.radar_detection,out,7061931523168,1,/perception/inner/PrefusedObjects,0,862,1784281104357044485,0,0,0,839282,839471
202607171738,e2e_trace_v3,3456,216399771135378270,0,perception.radar_detection,in,7062052045120,1,/apollo/sensor/radar/front,0,0,1784281104492311118,0,0,0,839282,839471
202607171738,e2e_trace_v3,3461,216399771135378270,0,perception.radar_detection,out,7062064754304,1,/perception/inner/PrefusedObjects,0,863,1784281104492311118,0,0,0,839282,839471
202607171738,e2e_trace_v3,3473,216399771135378271,0,perception.radar_detection,in,7062169166816,1,/apollo/sensor/radar/front,0,0,1784281104606769787,0,0,0,839282,839471
202607171738,e2e_trace_v3,3478,216399771135378271,0,perception.radar_detection,out,7062181901152,1,/perception/inner/PrefusedObjects,0,864,1784281104606769787,0,0,0,839282,839471
202607171738,e2e_trace_v3,3489,216399771135378272,0,perception.radar_detection,in,7062274132960,1,/apollo/sensor/radar/front,0,0,1784281104715593873,0,0,0,839282,839460
202607171738,e2e_trace_v3,3495,216399771135378272,0,perception.radar_detection,out,7062286962624,1,/perception/inner/PrefusedObjects,0,865,1784281104715593873,0,0,0,839282,839460
202607171738,e2e_trace_v3,3507,216399771135378273,0,perception.radar_detection,in,7062382259456,1,/apollo/sensor/radar/front,0,0,1784281104823697553,0,0,0,839282,839460
202607171738,e2e_trace_v3,3512,216399771135378273,0,perception.radar_detection,out,7062394885888,1,/perception/inner/PrefusedObjects,0,866,1784281104823697553,0,0,0,839282,839460
202607171738,e2e_trace_v3,3524,216399771135378274,0,perception.radar_detection,in,7062495438336,1,/apollo/sensor/radar/front,0,0,1784281104935912810,0,0,0,839282,839455
202607171738,e2e_trace_v3,3529,216399771135378274,0,perception.radar_detection,out,7062508096768,1,/perception/inner/PrefusedObjects,0,867,1784281104935912810,0,0,0,839282,839455
202607171738,e2e_trace_v3,3541,216399771135378275,0,perception.radar_detection,in,7062605752896,1,/apollo/sensor/radar/front,0,0,1784281105043920070,0,0,0,839282,839471
202607171738,e2e_trace_v3,3547,216399771135378275,0,perception.radar_detection,out,7062618584544,1,/perception/inner/PrefusedObjects,0,868,1784281105043920070,0,0,0,839282,839471
202607171738,e2e_trace_v3,3551,216399771135378276,0,perception.radar_detection,in,7062714105504,1,/apollo/sensor/radar/front,0,0,1784281105153392570,0,0,0,839282,839455
202607171738,e2e_trace_v3,3563,216399771135378276,0,perception.radar_detection,out,7062726775904,1,/perception/inner/PrefusedObjects,0,869,1784281105153392570,0,0,0,839282,839455
202607171738,e2e_trace_v3,3575,216399771135378277,0,perception.radar_detection,in,7062824473344,1,/apollo/sensor/radar/front,0,0,1784281105261541646,0,0,0,839282,839465
202607171738,e2e_trace_v3,3580,216399771135378277,0,perception.radar_detection,out,7062837429696,1,/perception/inner/PrefusedObjects,0,870,1784281105261541646,0,0,0,839282,839465
202607171738,e2e_trace_v3,3594,216399771135378278,0,perception.radar_detection,in,7062942880960,1,/apollo/sensor/radar/front,0,0,1784281105371147168,0,0,0,839282,839462
202607171738,e2e_trace_v3,3597,216399771135378278,0,perception.radar_detection,out,7062955727808,1,/perception/inner/PrefusedObjects,0,871,1784281105371147168,0,0,0,839282,839462
202607171738,e2e_trace_v3,3602,216399771135378279,0,perception.radar_detection,in,7063042961088,1,/apollo/sensor/radar/front,0,0,1784281105482448503,0,0,0,839282,839470
202607171738,e2e_trace_v3,3614,216399771135378279,0,perception.radar_detection,out,7063055738528,1,/perception/inner/PrefusedObjects,0,872,1784281105482448503,0,0,0,839282,839470
202607171738,e2e_trace_v3,3623,216399771135378280,0,perception.radar_detection,in,7063153108544,1,/apollo/sensor/radar/front,0,0,1784281105595416958,0,0,0,839282,839455
202607171738,e2e_trace_v3,3629,216399771135378280,0,perception.radar_detection,out,7063165739712,1,/perception/inner/PrefusedObjects,0,873,1784281105595416958,0,0,0,839282,839455
202607171738,e2e_trace_v3,3636,216399771135378281,0,perception.radar_detection,in,7063268197824,1,/apollo/sensor/radar/front,0,0,1784281105707115368,0,0,0,839282,839470
202607171738,e2e_trace_v3,3646,216399771135378281,0,perception.radar_detection,out,7063281053984,1,/perception/inner/PrefusedObjects,0,874,1784281105707115368,0,0,0,839282,839470
202607171738,e2e_trace_v3,3653,216399771135378282,0,perception.radar_detection,in,7063381030336,1,/apollo/sensor/radar/front,0,0,1784281105818695224,0,0,0,839282,839467
202607171738,e2e_trace_v3,3657,216399771135378282,0,perception.radar_detection,out,7063394038592,1,/perception/inner/PrefusedObjects,0,875,1784281105818695224,0,0,0,839282,839467
202607171738,e2e_trace_v3,3670,216399771135378283,0,perception.radar_detection,in,7063491320384,1,/apollo/sensor/radar/front,0,0,1784281105929395199,0,0,0,839282,839462
202607171738,e2e_trace_v3,3682,216399771135378283,0,perception.radar_detection,out,7063502174368,1,/perception/inner/PrefusedObjects,0,876,1784281105929395199,0,0,0,839282,839462
202607171738,e2e_trace_v3,3687,216399771135378284,0,perception.radar_detection,in,7063599212512,1,/apollo/sensor/radar/front,0,0,1784281106039563308,0,0,0,839282,839466
202607171738,e2e_trace_v3,3699,216399771135378284,0,perception.radar_detection,out,7063612059296,1,/perception/inner/PrefusedObjects,0,877,1784281106039563308,0,0,0,839282,839466
202607171738,e2e_trace_v3,3704,216399771135378285,0,perception.radar_detection,in,7063710806304,1,/apollo/sensor/radar/front,0,0,1784281106151547834,0,0,0,839282,839462
202607171738,e2e_trace_v3,3716,216399771135378285,0,perception.radar_detection,out,7063723645344,1,/perception/inner/PrefusedObjects,0,878,1784281106151547834,0,0,0,839282,839462
202607171738,e2e_trace_v3,3721,216399771135378286,0,perception.radar_detection,in,7063823673504,1,/apollo/sensor/radar/front,0,0,1784281106261386615,0,0,0,839282,839454
202607171738,e2e_trace_v3,3733,216399771135378286,0,perception.radar_detection,out,7063836357408,1,/perception/inner/PrefusedObjects,0,879,1784281106261386615,0,0,0,839282,839454
202607171738,e2e_trace_v3,3745,216399771135378287,0,perception.radar_detection,in,7063934218304,1,/apollo/sensor/radar/front,0,0,1784281106373531204,0,0,0,839282,839454
202607171738,e2e_trace_v3,3750,216399771135378287,0,perception.radar_detection,out,7063947044160,1,/perception/inner/PrefusedObjects,0,880,1784281106373531204,0,0,0,839282,839454
202607171738,e2e_trace_v3,3755,216399771135378288,0,perception.radar_detection,in,7064042646528,1,/apollo/sensor/radar/front,0,0,1784281106481450671,0,0,0,839282,839471
202607171738,e2e_trace_v3,3767,216399771135378288,0,perception.radar_detection,out,7064056078848,1,/perception/inner/PrefusedObjects,0,881,1784281106481450671,0,0,0,839282,839471
202607171738,e2e_trace_v3,3779,216399771135378289,0,perception.radar_detection,in,7064158427232,1,/apollo/sensor/radar/front,0,0,1784281106597949786,0,0,0,839282,839467
202607171738,e2e_trace_v3,3784,216399771135378289,0,perception.radar_detection,out,7064171954240,1,/perception/inner/PrefusedObjects,0,882,1784281106597949786,0,0,0,839282,839467
202607171738,e2e_trace_v3,3789,216399771135378290,0,perception.radar_detection,in,7064268107072,1,/apollo/sensor/radar/front,0,0,1784281106708689621,0,0,0,839282,839465
202607171738,e2e_trace_v3,3800,216399771135378290,0,perception.radar_detection,out,7064286867264,1,/perception/inner/PrefusedObjects,0,883,1784281106708689621,0,0,0,839282,839465
202607171738,e2e_trace_v3,3815,216399771135378291,0,perception.radar_detection,in,7064381126112,1,/apollo/sensor/radar/front,0,0,1784281106816616907,0,0,0,839282,839457
202607171738,e2e_trace_v3,3818,216399771135378291,0,perception.radar_detection,out,7064393938304,1,/perception/inner/PrefusedObjects,0,884,1784281106816616907,0,0,0,839282,839457
202607171738,e2e_trace_v3,3823,216399771135378292,0,perception.radar_detection,in,7064487240992,1,/apollo/sensor/radar/front,0,0,1784281106927908951,0,0,0,839282,839458
202607171738,e2e_trace_v3,3835,216399771135378292,0,perception.radar_detection,out,7064499888992,1,/perception/inner/PrefusedObjects,0,885,1784281106927908951,0,0,0,839282,839458
202607171738,e2e_trace_v3,3840,216399771135378293,0,perception.radar_detection,in,7064600622752,1,/apollo/sensor/radar/front,0,0,1784281107039136907,0,0,0,839282,839454
202607171738,e2e_trace_v3,3852,216399771135378293,0,perception.radar_detection,out,7064613372320,1,/perception/inner/PrefusedObjects,0,886,1784281107039136907,0,0,0,839282,839454
202607171738,e2e_trace_v3,3857,216399771135378294,0,perception.radar_detection,in,7064707221024,1,/apollo/sensor/radar/front,0,0,1784281107148035284,0,0,0,839282,839458
202607171738,e2e_trace_v3,3869,216399771135378294,0,perception.radar_detection,out,7064719888192,1,/perception/inner/PrefusedObjects,0,887,1784281107148035284,0,0,0,839282,839458
202607171738,e2e_trace_v3,3881,216399771135378295,0,perception.radar_detection,in,7064817363840,1,/apollo/sensor/radar/front,0,0,1784281107256558570,0,0,0,839282,839463
202607171738,e2e_trace_v3,3886,216399771135378295,0,perception.radar_detection,out,7064830088160,1,/perception/inner/PrefusedObjects,0,888,1784281107256558570,0,0,0,839282,839463
202607171738,e2e_trace_v3,3898,216399771135378296,0,perception.radar_detection,in,7064927953984,1,/apollo/sensor/radar/front,0,0,1784281107365223375,0,0,0,839282,839459
202607171738,e2e_trace_v3,3903,216399771135378296,0,perception.radar_detection,out,7064940625376,1,/perception/inner/PrefusedObjects,0,889,1784281107365223375,0,0,0,839282,839459
202607171738,e2e_trace_v3,3915,216399771135378297,0,perception.radar_detection,in,7065037243488,1,/apollo/sensor/radar/front,0,0,1784281107475901062,0,0,0,839282,839462
202607171738,e2e_trace_v3,3918,216399771135378297,0,perception.radar_detection,out,7065049998592,1,/perception/inner/PrefusedObjects,0,890,1784281107475901062,0,0,0,839282,839462
202607171738,e2e_trace_v3,3925,216399771135378298,0,perception.radar_detection,in,7065148587712,1,/apollo/sensor/radar/front,0,0,1784281107588123313,0,0,0,839282,839461
202607171738,e2e_trace_v3,3934,216399771135378298,0,perception.radar_detection,out,7065161464544,1,/perception/inner/PrefusedObjects,0,891,1784281107588123313,0,0,0,839282,839461
202607171738,e2e_trace_v3,3942,216399771135378299,0,perception.radar_detection,in,7065260259040,1,/apollo/sensor/radar/front,0,0,1784281107697499924,0,0,0,839282,839460
202607171738,e2e_trace_v3,3952,216399771135378299,0,perception.radar_detection,out,7065272973248,1,/perception/inner/PrefusedObjects,0,892,1784281107697499924,0,0,0,839282,839460
202607171738,e2e_trace_v3,3959,216399771135378300,0,perception.radar_detection,in,7065373482496,1,/apollo/sensor/radar/front,0,0,1784281107813773642,0,0,0,839282,839455
202607171738,e2e_trace_v3,3971,216399771135378300,0,perception.radar_detection,out,7065386631808,1,/perception/inner/PrefusedObjects,0,893,1784281107813773642,0,0,0,839282,839455
202607171738,e2e_trace_v3,3976,216399771135378301,0,perception.radar_detection,in,7065482022208,1,/apollo/sensor/radar/front,0,0,1784281107923440652,0,0,0,839282,839471
202607171738,e2e_trace_v3,3985,216399771135378301,0,perception.radar_detection,out,7065494757984,1,/perception/inner/PrefusedObjects,0,894,1784281107923440652,0,0,0,839282,839471
202607171738,e2e_trace_v3,4011,216399771135378302,0,perception.radar_detection,in,7065723514528,1,/apollo/sensor/radar/front,0,0,1784281108150469429,0,0,0,839282,839459
202607171738,e2e_trace_v3,4019,216399771135378302,0,perception.radar_detection,out,7065736182272,1,/perception/inner/PrefusedObjects,0,895,1784281108150469429,0,0,0,839282,839459
202607171738,e2e_trace_v3,4024,216399771135378303,0,perception.radar_detection,in,7065823386496,1,/apollo/sensor/radar/front,0,0,1784281108260565215,0,0,0,839282,839455
202607171738,e2e_trace_v3,4037,216399771135378303,0,perception.radar_detection,out,7065837380512,1,/perception/inner/PrefusedObjects,0,896,1784281108260565215,0,0,0,839282,839455
202607171738,e2e_trace_v3,4047,216399771135378304,0,perception.radar_detection,in,7065933595904,1,/apollo/sensor/radar/front,0,0,1784281108371159872,0,0,0,839282,839467
202607171738,e2e_trace_v3,4053,216399771135378304,0,perception.radar_detection,out,7065946530368,1,/perception/inner/PrefusedObjects,0,897,1784281108371159872,0,0,0,839282,839467
202607171738,e2e_trace_v3,4071,216399771135378305,0,perception.radar_detection,in,7066147585856,1,/apollo/sensor/radar/front,0,0,1784281108485627485,0,0,0,839282,839454
202607171738,e2e_trace_v3,4073,216399771135378305,0,perception.radar_detection,out,7066160657024,1,/perception/inner/PrefusedObjects,0,898,1784281108485627485,0,0,0,839282,839454
202607171738,e2e_trace_v3,4100,216399771135378306,0,perception.radar_detection,in,7066287303296,1,/apollo/sensor/radar/front,0,0,1784281108708404884,0,0,0,839282,839458
202607171738,e2e_trace_v3,4101,216399771135378306,0,perception.radar_detection,out,7066300480096,1,/perception/inner/PrefusedObjects,0,899,1784281108708404884,0,0,0,839282,839458
202607171738,e2e_trace_v3,4106,216399771135378307,0,perception.radar_detection,in,7066383615040,1,/apollo/sensor/radar/front,0,0,1784281108819671429,0,0,0,839282,839471
202607171738,e2e_trace_v3,4112,216399771135378307,0,perception.radar_detection,out,7066396441632,1,/perception/inner/PrefusedObjects,0,900,1784281108819671429,0,0,0,839282,839471
202607171738,e2e_trace_v3,4123,216399771135378308,0,perception.radar_detection,in,7066497003264,1,/apollo/sensor/radar/front,0,0,1784281108934283342,0,0,0,839282,839458
202607171738,e2e_trace_v3,4135,216399771135378308,0,perception.radar_detection,out,7066510171072,1,/perception/inner/PrefusedObjects,0,901,1784281108934283342,0,0,0,839282,839458
202607171738,e2e_trace_v3,4140,216399771135378309,0,perception.radar_detection,in,7066605493920,1,/apollo/sensor/radar/front,0,0,1784281109044889956,0,0,0,839282,839463
202607171738,e2e_trace_v3,4143,216399771135378309,0,perception.radar_detection,out,7066618485120,1,/perception/inner/PrefusedObjects,0,902,1784281109044889956,0,0,0,839282,839463
202607171738,e2e_trace_v3,4157,216399771135378310,0,perception.radar_detection,in,7066713005824,1,/apollo/sensor/radar/front,0,0,1784281109152936330,0,0,0,839282,839462
202607171738,e2e_trace_v3,4162,216399771135378310,0,perception.radar_detection,out,7066725661568,1,/perception/inner/PrefusedObjects,0,903,1784281109152936330,0,0,0,839282,839462
202607171738,e2e_trace_v3,4174,216399771135378311,0,perception.radar_detection,in,7066821788544,1,/apollo/sensor/radar/front,0,0,1784281109259708532,0,0,0,839282,839455
202607171738,e2e_trace_v3,4186,216399771135378311,0,perception.radar_detection,out,7066833233088,1,/perception/inner/PrefusedObjects,0,904,1784281109259708532,0,0,0,839282,839455
202607171738,e2e_trace_v3,4191,216399771135378312,0,perception.radar_detection,in,7066929944896,1,/apollo/sensor/radar/front,0,0,1784281109369782643,0,0,0,839282,839469
202607171738,e2e_trace_v3,4203,216399771135378312,0,perception.radar_detection,out,7066942677984,1,/perception/inner/PrefusedObjects,0,905,1784281109369782643,0,0,0,839282,839469
202607171738,e2e_trace_v3,4215,216399771135378313,0,perception.radar_detection,in,7067043636640,1,/apollo/sensor/radar/front,0,0,1784281109485278113,0,0,0,839282,839469
202607171738,e2e_trace_v3,4220,216399771135378313,0,perception.radar_detection,out,7067056322464,1,/perception/inner/PrefusedObjects,0,906,1784281109485278113,0,0,0,839282,839469
202607171738,e2e_trace_v3,4232,216399771135378314,0,perception.radar_detection,in,7067187407264,1,/apollo/sensor/radar/front,0,0,1784281109625202471,0,0,0,839282,839463
202607171738,e2e_trace_v3,4235,216399771135378314,0,perception.radar_detection,out,7067200428864,1,/perception/inner/PrefusedObjects,0,907,1784281109625202471,0,0,0,839282,839463
202607171738,e2e_trace_v3,4258,216399771135378315,0,perception.radar_detection,in,7067414275872,1,/apollo/sensor/radar/front,0,0,1784281109844981606,0,0,0,839282,839462
202607171738,e2e_trace_v3,4268,216399771135378315,0,perception.radar_detection,out,7067427036000,1,/perception/inner/PrefusedObjects,0,908,1784281109844981606,0,0,0,839282,839462
202607171738,e2e_trace_v3,4273,216399771135378316,0,perception.radar_detection,in,7067515476192,1,/apollo/sensor/radar/front,0,0,1784281109957696529,0,0,0,839282,839458
202607171738,e2e_trace_v3,4282,216399771135378316,0,perception.radar_detection,out,7067528179840,1,/perception/inner/PrefusedObjects,0,909,1784281109957696529,0,0,0,839282,839458
202607171738,e2e_trace_v3,4290,216399771135378317,0,perception.radar_detection,in,7067629455488,1,/apollo/sensor/radar/front,0,0,1784281110068563594,0,0,0,839282,839469
202607171738,e2e_trace_v3,4295,216399771135378317,0,perception.radar_detection,out,7067642383616,1,/perception/inner/PrefusedObjects,0,910,1784281110068563594,0,0,0,839282,839469
202607171738,e2e_trace_v3,4307,216399771135378318,0,perception.radar_detection,in,7067737320672,1,/apollo/sensor/radar/front,0,0,1784281110176699964,0,0,0,839282,839466
202607171738,e2e_trace_v3,4319,216399771135378318,0,perception.radar_detection,out,7067751740384,1,/perception/inner/PrefusedObjects,0,911,1784281110176699964,0,0,0,839282,839466
202607171738,e2e_trace_v3,4331,216399771135378319,0,perception.radar_detection,in,7067865748608,1,/apollo/sensor/radar/front,0,0,1784281110305282453,0,0,0,839282,839466
202607171738,e2e_trace_v3,4336,216399771135378319,0,perception.radar_detection,out,7067879651584,1,/perception/inner/PrefusedObjects,0,912,1784281110305282453,0,0,0,839282,839466
202607171738,e2e_trace_v3,4341,216399771135378320,0,perception.radar_detection,in,7067973881760,1,/apollo/sensor/radar/front,0,0,1784281110411917903,0,0,0,839282,839465
202607171738,e2e_trace_v3,4350,216399771135378320,0,perception.radar_detection,out,7067986727712,1,/perception/inner/PrefusedObjects,0,913,1784281110411917903,0,0,0,839282,839465
202607171738,e2e_trace_v3,4358,216399771135378321,0,perception.radar_detection,in,7068085586336,1,/apollo/sensor/radar/front,0,0,1784281110520484378,0,0,0,839282,839461
202607171738,e2e_trace_v3,4370,216399771135378321,0,perception.radar_detection,out,7068098412896,1,/perception/inner/PrefusedObjects,0,914,1784281110520484378,0,0,0,839282,839461
202607171738,e2e_trace_v3,4375,216399771135378322,0,perception.radar_detection,in,7068194029760,1,/apollo/sensor/radar/front,0,0,1784281110631645027,0,0,0,839282,839454
202607171738,e2e_trace_v3,4386,216399771135378322,0,perception.radar_detection,out,7068206724288,1,/perception/inner/PrefusedObjects,0,915,1784281110631645027,0,0,0,839282,839454
202607171738,e2e_trace_v3,4392,216399771135378323,0,perception.radar_detection,in,7068300933056,1,/apollo/sensor/radar/front,0,0,1784281110738847900,0,0,0,839282,839463
202607171738,e2e_trace_v3,4403,216399771135378323,0,perception.radar_detection,out,7068313613344,1,/perception/inner/PrefusedObjects,0,916,1784281110738847900,0,0,0,839282,839463
202607171738,e2e_trace_v3,4409,216399771135378324,0,perception.radar_detection,in,7068408131776,1,/apollo/sensor/radar/front,0,0,1784281110847853868,0,0,0,839282,839467
202607171738,e2e_trace_v3,4415,216399771135378324,0,perception.radar_detection,out,7068421613696,1,/perception/inner/PrefusedObjects,0,917,1784281110847853868,0,0,0,839282,839467
202607171738,e2e_trace_v3,4426,216399771135378325,0,perception.radar_detection,in,7068516518272,1,/apollo/sensor/radar/front,0,0,1784281110956526146,0,0,0,839282,839467
202607171738,e2e_trace_v3,4429,216399771135378325,0,perception.radar_detection,out,7068530207936,1,/perception/inner/PrefusedObjects,0,918,1784281110956526146,0,0,0,839282,839467
202607171738,e2e_trace_v3,4443,216399771135378326,0,perception.radar_detection,in,7068635594560,1,/apollo/sensor/radar/front,0,0,1784281111073855893,0,0,0,839282,839460
202607171738,e2e_trace_v3,4453,216399771135378326,0,perception.radar_detection,out,7068648569248,1,/perception/inner/PrefusedObjects,0,919,1784281111073855893,0,0,0,839282,839460
202607171738,e2e_trace_v3,4460,216399771135378327,0,perception.radar_detection,in,7068748332800,1,/apollo/sensor/radar/front,0,0,1784281111187466307,0,0,0,839282,839462
202607171738,e2e_trace_v3,4463,216399771135378327,0,perception.radar_detection,out,7068761018624,1,/perception/inner/PrefusedObjects,0,920,1784281111187466307,0,0,0,839282,839462
202607171738,e2e_trace_v3,4477,216399771135378328,0,perception.radar_detection,in,7068856647136,1,/apollo/sensor/radar/front,0,0,1784281111295009884,0,0,0,839282,839462
202607171738,e2e_trace_v3,4482,216399771135378328,0,perception.radar_detection,out,7068869666848,1,/perception/inner/PrefusedObjects,0,921,1784281111295009884,0,0,0,839282,839462
202607171738,e2e_trace_v3,4494,216399771135378329,0,perception.radar_detection,in,7068983374208,1,/apollo/sensor/radar/front,0,0,1784281111424028406,0,0,0,839282,839462
202607171738,e2e_trace_v3,4506,216399771135378329,0,perception.radar_detection,out,7068996115200,1,/perception/inner/PrefusedObjects,0,922,1784281111424028406,0,0,0,839282,839462
202607171738,e2e_trace_v3,4518,216399771135378330,0,perception.radar_detection,in,7069094314080,1,/apollo/sensor/radar/front,0,0,1784281111534629831,0,0,0,839282,839462
202607171738,e2e_trace_v3,4523,216399771135378330,0,perception.radar_detection,out,7069106944224,1,/perception/inner/PrefusedObjects,0,923,1784281111534629831,0,0,0,839282,839462
202607171738,e2e_trace_v3,4528,216399771135378331,0,perception.radar_detection,in,7069202996128,1,/apollo/sensor/radar/front,0,0,1784281111644665992,0,0,0,839282,839457
202607171738,e2e_trace_v3,4539,216399771135378331,0,perception.radar_detection,out,7069215872768,1,/perception/inner/PrefusedObjects,0,924,1784281111644665992,0,0,0,839282,839457
202607171738,e2e_trace_v3,4552,216399771135378332,0,perception.radar_detection,in,7069316269280,1,/apollo/sensor/radar/front,0,0,1784281111755936365,0,0,0,839282,839471
202607171738,e2e_trace_v3,4558,216399771135378332,0,perception.radar_detection,out,7069329057824,1,/perception/inner/PrefusedObjects,0,925,1784281111755936365,0,0,0,839282,839471
202607171738,e2e_trace_v3,4569,216399771135378333,0,perception.radar_detection,in,7069428460416,1,/apollo/sensor/radar/front,0,0,1784281111867451557,0,0,0,839282,839454
202607171738,e2e_trace_v3,4574,216399771135378333,0,perception.radar_detection,out,7069441270496,1,/perception/inner/PrefusedObjects,0,926,1784281111867451557,0,0,0,839282,839454
202607171738,e2e_trace_v3,4601,216399771135378334,0,perception.radar_detection,in,7069660635200,1,/apollo/sensor/radar/front,0,0,1784281112088791661,0,0,0,839282,839466
202607171738,e2e_trace_v3,4606,216399771135378334,0,perception.radar_detection,out,7069674033568,1,/perception/inner/PrefusedObjects,0,927,1784281112088791661,0,0,0,839282,839466
202607171738,e2e_trace_v3,4610,216399771135378335,0,perception.radar_detection,in,7069761383232,1,/apollo/sensor/radar/front,0,0,1784281112199302410,0,0,0,839282,839463
202607171738,e2e_trace_v3,4620,216399771135378335,0,perception.radar_detection,out,7069774109184,1,/perception/inner/PrefusedObjects,0,928,1784281112199302410,0,0,0,839282,839463
202607171738,e2e_trace_v3,4634,216399771135378336,0,perception.radar_detection,in,7069905622816,1,/apollo/sensor/radar/front,0,0,1784281112342966937,0,0,0,839282,839463
202607171738,e2e_trace_v3,4639,216399771135378336,0,perception.radar_detection,out,7069918419936,1,/perception/inner/PrefusedObjects,0,929,1784281112342966937,0,0,0,839282,839463
202607171738,e2e_trace_v3,4644,216399771135378337,0,perception.radar_detection,in,7070026568000,1,/apollo/sensor/radar/front,0,0,1784281112467310978,0,0,0,839282,839459
202607171738,e2e_trace_v3,4656,216399771135378337,0,perception.radar_detection,out,7070039249216,1,/perception/inner/PrefusedObjects,0,930,1784281112467310978,0,0,0,839282,839459
202607171738,e2e_trace_v3,4668,216399771135378338,0,perception.radar_detection,in,7070141794208,1,/apollo/sensor/radar/front,0,0,1784281112579992511,0,0,0,839282,839459
202607171738,e2e_trace_v3,4673,216399771135378338,0,perception.radar_detection,out,7070154611904,1,/perception/inner/PrefusedObjects,0,931,1784281112579992511,0,0,0,839282,839459
202607171738,e2e_trace_v3,4701,216399771135378339,0,perception.radar_detection,in,7070371286688,1,/apollo/sensor/radar/front,0,0,1784281112799470043,0,0,0,839282,839455
202607171738,e2e_trace_v3,4704,216399771135378339,0,perception.radar_detection,out,7070383953440,1,/perception/inner/PrefusedObjects,0,932,1784281112799470043,0,0,0,839282,839455
202607171738,e2e_trace_v3,4709,216399771135378340,0,perception.radar_detection,in,7070472776352,1,/apollo/sensor/radar/front,0,0,1784281112910995659,0,0,0,839282,839462
202607171738,e2e_trace_v3,4721,216399771135378340,0,perception.radar_detection,out,7070485746016,1,/perception/inner/PrefusedObjects,0,933,1784281112910995659,0,0,0,839282,839462
202607171738,e2e_trace_v3,4726,216399771135378341,0,perception.radar_detection,in,7070584780896,1,/apollo/sensor/radar/front,0,0,1784281113024533731,0,0,0,839282,839455
202607171738,e2e_trace_v3,4738,216399771135378341,0,perception.radar_detection,out,7070597545056,1,/perception/inner/PrefusedObjects,0,934,1784281113024533731,0,0,0,839282,839455
202607171738,e2e_trace_v3,4750,216399771135378342,0,perception.radar_detection,in,7070698697152,1,/apollo/sensor/radar/front,0,0,1784281113138423144,0,0,0,839282,839455
202607171738,e2e_trace_v3,4755,216399771135378342,0,perception.radar_detection,out,7070711399936,1,/perception/inner/PrefusedObjects,0,935,1784281113138423144,0,0,0,839282,839455
202607171738,e2e_trace_v3,4766,216399771135378343,0,perception.radar_detection,in,7070809628544,1,/apollo/sensor/radar/front,0,0,1784281113248889319,0,0,0,839282,839467
202607171738,e2e_trace_v3,4772,216399771135378343,0,perception.radar_detection,out,7070822387776,1,/perception/inner/PrefusedObjects,0,936,1784281113248889319,0,0,0,839282,839467
202607171738,e2e_trace_v3,4786,216399771135378344,0,perception.radar_detection,in,7070951879584,1,/apollo/sensor/radar/front,0,0,1784281113386875437,0,0,0,839282,839471
202607171738,e2e_trace_v3,4791,216399771135378344,0,perception.radar_detection,out,7070964641472,1,/perception/inner/PrefusedObjects,0,937,1784281113386875437,0,0,0,839282,839471
202607171738,e2e_trace_v3,4801,216399771135378345,0,perception.radar_detection,in,7071059439616,1,/apollo/sensor/radar/front,0,0,1784281113501761667,0,0,0,839282,839464
202607171738,e2e_trace_v3,4806,216399771135378345,0,perception.radar_detection,out,7071072128224,1,/perception/inner/PrefusedObjects,0,938,1784281113501761667,0,0,0,839282,839464
202607171738,e2e_trace_v3,4818,216399771135378346,0,perception.radar_detection,in,7071188514304,1,/apollo/sensor/radar/front,0,0,1784281113627818919,0,0,0,839282,839464
202607171738,e2e_trace_v3,4823,216399771135378346,0,perception.radar_detection,out,7071201261632,1,/perception/inner/PrefusedObjects,0,939,1784281113627818919,0,0,0,839282,839464
202607171738,e2e_trace_v3,4835,216399771135378347,0,perception.radar_detection,in,7071310804576,1,/apollo/sensor/radar/front,0,0,1784281113750643776,0,0,0,839282,839464
202607171738,e2e_trace_v3,4840,216399771135378347,0,perception.radar_detection,out,7071323491968,1,/perception/inner/PrefusedObjects,0,940,1784281113750643776,0,0,0,839282,839464
202607171738,e2e_trace_v3,4852,216399771135378348,0,perception.radar_detection,in,7071432546016,1,/apollo/sensor/radar/front,0,0,1784281113870880972,0,0,0,839282,839454
202607171738,e2e_trace_v3,4857,216399771135378348,0,perception.radar_detection,out,7071445324512,1,/perception/inner/PrefusedObjects,0,941,1784281113870880972,0,0,0,839282,839454
202607171738,e2e_trace_v3,4869,216399771135378349,0,perception.radar_detection,in,7071552215328,1,/apollo/sensor/radar/front,0,0,1784281113991065195,0,0,0,839282,839461
202607171738,e2e_trace_v3,4874,216399771135378349,0,perception.radar_detection,out,7071565004416,1,/perception/inner/PrefusedObjects,0,942,1784281113991065195,0,0,0,839282,839461
202607171738,e2e_trace_v3,4879,216399771135378350,0,perception.radar_detection,in,7071662539392,1,/apollo/sensor/radar/front,0,0,1784281114103105441,0,0,0,839282,839467
202607171738,e2e_trace_v3,4891,216399771135378350,0,perception.radar_detection,out,7071675201024,1,/perception/inner/PrefusedObjects,0,943,1784281114103105441,0,0,0,839282,839467
202607171738,e2e_trace_v3,4921,216399771135378351,0,perception.radar_detection,in,7071900623008,1,/apollo/sensor/radar/front,0,0,1784281114326403887,0,0,0,839282,839469
202607171738,e2e_trace_v3,4924,216399771135378351,0,perception.radar_detection,out,7071913461760,1,/perception/inner/PrefusedObjects,0,944,1784281114326403887,0,0,0,839282,839469
202607171738,e2e_trace_v3,4934,216399771135378352,0,perception.radar_detection,in,7071999414496,1,/apollo/sensor/radar/front,0,0,1784281114440871865,0,0,0,839282,839454
202607171738,e2e_trace_v3,4939,216399771135378352,0,perception.radar_detection,out,7072012107104,1,/perception/inner/PrefusedObjects,0,945,1784281114440871865,0,0,0,839282,839454
202607171738,e2e_trace_v3,4951,216399771135378353,0,perception.radar_detection,in,7072113328192,1,/apollo/sensor/radar/front,0,0,1784281114551969863,0,0,0,839282,839454
202607171738,e2e_trace_v3,4956,216399771135378353,0,perception.radar_detection,out,7072125988224,1,/perception/inner/PrefusedObjects,0,946,1784281114551969863,0,0,0,839282,839454
202607171738,e2e_trace_v3,4968,216399771135378354,0,perception.radar_detection,in,7072223749408,1,/apollo/sensor/radar/front,0,0,1784281114665596659,0,0,0,839282,839463
202607171738,e2e_trace_v3,4973,216399771135378354,0,perception.radar_detection,out,7072236762528,1,/perception/inner/PrefusedObjects,0,947,1784281114665596659,0,0,0,839282,839463
202607171738,e2e_trace_v3,4985,216399771135378355,0,perception.radar_detection,in,7072335260352,1,/apollo/sensor/radar/front,0,0,1784281114776263451,0,0,0,839282,839463
202607171738,e2e_trace_v3,4990,216399771135378355,0,perception.radar_detection,out,7072348243200,1,/perception/inner/PrefusedObjects,0,948,1784281114776263451,0,0,0,839282,839463
202607171738,e2e_trace_v3,5002,216399771135378356,0,perception.radar_detection,in,7072452335488,1,/apollo/sensor/radar/front,0,0,1784281114890982859,0,0,0,839282,839463
202607171738,e2e_trace_v3,5007,216399771135378356,0,perception.radar_detection,out,7072465097600,1,/perception/inner/PrefusedObjects,0,949,1784281114890982859,0,0,0,839282,839463
202607171738,e2e_trace_v3,5019,216399771135378357,0,perception.radar_detection,in,7072562135904,1,/apollo/sensor/radar/front,0,0,1784281115002704534,0,0,0,839282,839463
202607171738,e2e_trace_v3,5024,216399771135378357,0,perception.radar_detection,out,7072579023744,1,/perception/inner/PrefusedObjects,0,950,1784281115002704534,0,0,0,839282,839463
202607171738,e2e_trace_v3,5036,216399771135378358,0,perception.radar_detection,in,7072678036288,1,/apollo/sensor/radar/front,0,0,1784281115112274334,0,0,0,839282,839471
202607171738,e2e_trace_v3,5041,216399771135378358,0,perception.radar_detection,out,7072690752960,1,/perception/inner/PrefusedObjects,0,951,1784281115112274334,0,0,0,839282,839471
202607171738,e2e_trace_v3,5052,216399771135378359,0,perception.radar_detection,in,7072785558528,1,/apollo/sensor/radar/front,0,0,1784281115226564424,0,0,0,839282,839454
202607171738,e2e_trace_v3,5059,216399771135378359,0,perception.radar_detection,out,7072798888608,1,/perception/inner/PrefusedObjects,0,952,1784281115226564424,0,0,0,839282,839454
202607171738,e2e_trace_v3,5076,216399771135378360,0,perception.radar_detection,in,7073003561600,1,/apollo/sensor/radar/front,0,0,1784281115335867483,0,0,0,839282,839465
202607171738,e2e_trace_v3,5078,216399771135378360,0,perception.radar_detection,out,7073016298272,1,/perception/inner/PrefusedObjects,0,953,1784281115335867483,0,0,0,839282,839465
202607171738,e2e_trace_v3,5080,216399771135378361,0,perception.radar_detection,in,7073016358560,1,/apollo/sensor/radar/front,0,0,1784281115451136151,0,0,0,839282,839465
202607171738,e2e_trace_v3,5092,216399771135378361,0,perception.radar_detection,out,7073029323328,1,/perception/inner/PrefusedObjects,0,954,1784281115451136151,0,0,0,839282,839465
202607171738,e2e_trace_v3,5097,216399771135378362,0,perception.radar_detection,in,7073126112384,1,/apollo/sensor/radar/front,0,0,1784281115563685769,0,0,0,839282,839460
202607171738,e2e_trace_v3,5102,216399771135378362,0,perception.radar_detection,out,7073138932928,1,/perception/inner/PrefusedObjects,0,955,1784281115563685769,0,0,0,839282,839460
202607171738,e2e_trace_v3,5121,216399771135378363,0,perception.radar_detection,in,7073233815648,1,/apollo/sensor/radar/front,0,0,1784281115676189921,0,0,0,839282,839463
202607171738,e2e_trace_v3,5126,216399771135378363,0,perception.radar_detection,out,7073246526464,1,/perception/inner/PrefusedObjects,0,956,1784281115676189921,0,0,0,839282,839463
202607171738,e2e_trace_v3,5138,216399771135378364,0,perception.radar_detection,in,7073350549056,1,/apollo/sensor/radar/front,0,0,1784281115788211758,0,0,0,839282,839462
202607171738,e2e_trace_v3,5144,216399771135378364,0,perception.radar_detection,out,7073363673184,1,/perception/inner/PrefusedObjects,0,957,1784281115788211758,0,0,0,839282,839462
202607171738,e2e_trace_v3,5155,216399771135378365,0,perception.radar_detection,in,7073464989280,1,/apollo/sensor/radar/front,0,0,1784281115900610287,0,0,0,839282,839458
202607171738,e2e_trace_v3,5160,216399771135378365,0,perception.radar_detection,out,7073477725696,1,/perception/inner/PrefusedObjects,0,958,1784281115900610287,0,0,0,839282,839458
202607171738,e2e_trace_v3,5179,216399771135378366,0,perception.radar_detection,in,7073682295488,1,/apollo/sensor/radar/front,0,0,1784281116011297236,0,0,0,839282,839463
202607171738,e2e_trace_v3,5191,216399771135378366,0,perception.radar_detection,out,7073695029088,1,/perception/inner/PrefusedObjects,0,959,1784281116011297236,0,0,0,839282,839463
202607171738,e2e_trace_v3,5193,216399771135378367,0,perception.radar_detection,in,7073695083424,1,/apollo/sensor/radar/front,0,0,1784281116124996354,0,0,0,839282,839463
202607171738,e2e_trace_v3,5196,216399771135378367,0,perception.radar_detection,out,7073707969312,1,/perception/inner/PrefusedObjects,0,960,1784281116124996354,0,0,0,839282,839463
202607171738,e2e_trace_v3,5206,216399771135378368,0,perception.radar_detection,in,7073809553792,1,/apollo/sensor/radar/front,0,0,1784281116246043273,0,0,0,839282,839464
202607171738,e2e_trace_v3,5211,216399771135378368,0,perception.radar_detection,out,7073822537856,1,/perception/inner/PrefusedObjects,0,961,1784281116246043273,0,0,0,839282,839464
202607171738,e2e_trace_v3,5223,216399771135378369,0,perception.radar_detection,in,7073920854784,1,/apollo/sensor/radar/front,0,0,1784281116359692145,0,0,0,839282,839464
202607171738,e2e_trace_v3,5228,216399771135378369,0,perception.radar_detection,out,7073933568256,1,/perception/inner/PrefusedObjects,0,962,1784281116359692145,0,0,0,839282,839464
202607171738,e2e_trace_v3,5235,216399771135378370,0,perception.radar_detection,in,7074032644096,1,/apollo/sensor/radar/front,0,0,1784281116469944066,0,0,0,839282,839462
202607171738,e2e_trace_v3,5245,216399771135378370,0,perception.radar_detection,out,7074044072256,1,/perception/inner/PrefusedObjects,0,963,1784281116469944066,0,0,0,839282,839462
202607171738,e2e_trace_v3,5259,216399771135378371,0,perception.radar_detection,in,7074144394400,1,/apollo/sensor/radar/front,0,0,1784281116578816060,0,0,0,839282,839457
202607171738,e2e_trace_v3,5262,216399771135378371,0,perception.radar_detection,out,7074157182880,1,/perception/inner/PrefusedObjects,0,964,1784281116578816060,0,0,0,839282,839457
202607171738,e2e_trace_v3,5274,216399771135378372,0,perception.radar_detection,in,7074249038432,1,/apollo/sensor/radar/front,0,0,1784281116690973718,0,0,0,839282,839463
202607171738,e2e_trace_v3,5279,216399771135378372,0,perception.radar_detection,out,7074261748416,1,/perception/inner/PrefusedObjects,0,965,1784281116690973718,0,0,0,839282,839463
202607171738,e2e_trace_v3,5291,216399771135378373,0,perception.radar_detection,in,7074366295200,1,/apollo/sensor/radar/front,0,0,1784281116808574157,0,0,0,839282,839459
202607171738,e2e_trace_v3,5296,216399771135378373,0,perception.radar_detection,out,7074379043008,1,/perception/inner/PrefusedObjects,0,966,1784281116808574157,0,0,0,839282,839459
202607171738,e2e_trace_v3,5308,216399771135378374,0,perception.radar_detection,in,7074484440448,1,/apollo/sensor/radar/front,0,0,1784281116921334312,0,0,0,839282,839460
202607171738,e2e_trace_v3,5313,216399771135378374,0,perception.radar_detection,out,7074497170528,1,/perception/inner/PrefusedObjects,0,967,1784281116921334312,0,0,0,839282,839460
202607171738,e2e_trace_v3,5325,216399771135378375,0,perception.radar_detection,in,7074596146272,1,/apollo/sensor/radar/front,0,0,1784281117033814630,0,0,0,839282,839460
202607171738,e2e_trace_v3,5330,216399771135378375,0,perception.radar_detection,out,7074609069984,1,/perception/inner/PrefusedObjects,0,968,1784281117033814630,0,0,0,839282,839460
202607171738,e2e_trace_v3,5335,216399771135378376,0,perception.radar_detection,in,7074708310432,1,/apollo/sensor/radar/front,0,0,1784281117147028052,0,0,0,839282,839471
202607171738,e2e_trace_v3,5347,216399771135378376,0,perception.radar_detection,out,7074721062112,1,/perception/inner/PrefusedObjects,0,969,1784281117147028052,0,0,0,839282,839471
202607171738,e2e_trace_v3,5352,216399771135378377,0,perception.radar_detection,in,7074822923552,1,/apollo/sensor/radar/front,0,0,1784281117260589420,0,0,0,839282,839467
202607171738,e2e_trace_v3,5364,216399771135378377,0,perception.radar_detection,out,7074836004352,1,/perception/inner/PrefusedObjects,0,970,1784281117260589420,0,0,0,839282,839467
202607171738,e2e_trace_v3,5369,216399771135378378,0,perception.radar_detection,in,7074937185824,1,/apollo/sensor/radar/front,0,0,1784281117376973445,0,0,0,839282,839470
202607171738,e2e_trace_v3,5382,216399771135378378,0,perception.radar_detection,out,7074950567648,1,/perception/inner/PrefusedObjects,0,971,1784281117376973445,0,0,0,839282,839470
202607171738,e2e_trace_v3,5386,216399771135378379,0,perception.radar_detection,in,7075050813632,1,/apollo/sensor/radar/front,0,0,1784281117489678667,0,0,0,839282,839454
202607171738,e2e_trace_v3,5396,216399771135378379,0,perception.radar_detection,out,7075063467520,1,/perception/inner/PrefusedObjects,0,972,1784281117489678667,0,0,0,839282,839454
202607171738,e2e_trace_v3,5403,216399771135378380,0,perception.radar_detection,in,7075160107520,1,/apollo/sensor/radar/front,0,0,1784281117598333051,0,0,0,839282,839470
202607171738,e2e_trace_v3,5416,216399771135378380,0,perception.radar_detection,out,7075173552000,1,/perception/inner/PrefusedObjects,0,973,1784281117598333051,0,0,0,839282,839470
202607171738,e2e_trace_v3,5427,216399771135378381,0,perception.radar_detection,in,7075278254624,1,/apollo/sensor/radar/front,0,0,1784281117715692811,0,0,0,839282,839470
202607171738,e2e_trace_v3,5432,216399771135378381,0,perception.radar_detection,out,7075290919904,1,/perception/inner/PrefusedObjects,0,974,1784281117715692811,0,0,0,839282,839470
202607171738,e2e_trace_v3,5444,216399771135378382,0,perception.radar_detection,in,7075389716864,1,/apollo/sensor/radar/front,0,0,1784281117828460318,0,0,0,839282,839463
202607171738,e2e_trace_v3,5449,216399771135378382,0,perception.radar_detection,out,7075402366336,1,/perception/inner/PrefusedObjects,0,975,1784281117828460318,0,0,0,839282,839463
202607171738,e2e_trace_v3,5461,216399771135378383,0,perception.radar_detection,in,7075503713728,1,/apollo/sensor/radar/front,0,0,1784281117941759105,0,0,0,839282,839454
202607171738,e2e_trace_v3,5467,216399771135378383,0,perception.radar_detection,out,7075516569824,1,/perception/inner/PrefusedObjects,0,976,1784281117941759105,0,0,0,839282,839454
202607171738,e2e_trace_v3,5485,216399771135378384,0,perception.radar_detection,in,7075724833792,1,/apollo/sensor/radar/front,0,0,1784281118052051665,0,0,0,839282,839469
202607171738,e2e_trace_v3,5497,216399771135378384,0,perception.radar_detection,out,7075737695008,1,/perception/inner/PrefusedObjects,0,977,1784281118052051665,0,0,0,839282,839469
202607171738,e2e_trace_v3,5509,216399771135378385,0,perception.radar_detection,in,7075850445184,1,/apollo/sensor/radar/front,0,0,1784281118289310423,0,0,0,839282,839469
202607171738,e2e_trace_v3,5514,216399771135378385,0,perception.radar_detection,out,7075863293376,1,/perception/inner/PrefusedObjects,0,978,1784281118289310423,0,0,0,839282,839469
202607171738,e2e_trace_v3,5526,216399771135378386,0,perception.radar_detection,in,7075970213120,1,/apollo/sensor/radar/front,0,0,1784281118412754539,0,0,0,839282,839463
202607171738,e2e_trace_v3,5531,216399771135378386,0,perception.radar_detection,out,7075983760320,1,/perception/inner/PrefusedObjects,0,979,1784281118412754539,0,0,0,839282,839463
202607171738,e2e_trace_v3,5542,216399771135378387,0,perception.radar_detection,in,7076086219584,1,/apollo/sensor/radar/front,0,0,1784281118527616488,0,0,0,839282,839460
202607171738,e2e_trace_v3,5544,216399771135378387,0,perception.radar_detection,out,7076098917344,1,/perception/inner/PrefusedObjects,0,980,1784281118527616488,0,0,0,839282,839460
202607171738,e2e_trace_v3,5553,216399771135378388,0,perception.radar_detection,in,7076201728192,1,/apollo/sensor/radar/front,0,0,1784281118641901391,0,0,0,839282,839458
202607171738,e2e_trace_v3,5565,216399771135378388,0,perception.radar_detection,out,7076214429888,1,/perception/inner/PrefusedObjects,0,981,1784281118641901391,0,0,0,839282,839458
202607171738,e2e_trace_v3,5577,216399771135378389,0,perception.radar_detection,in,7076311408896,1,/apollo/sensor/radar/front,0,0,1784281118753488193,0,0,0,839282,839470
202607171738,e2e_trace_v3,5582,216399771135378389,0,perception.radar_detection,out,7076324295776,1,/perception/inner/PrefusedObjects,0,982,1784281118753488193,0,0,0,839282,839470
202607171738,e2e_trace_v3,5594,216399771135378390,0,perception.radar_detection,in,7076425499936,1,/apollo/sensor/radar/front,0,0,1784281118867408188,0,0,0,839282,839462
202607171738,e2e_trace_v3,5599,216399771135378390,0,perception.radar_detection,out,7076438314048,1,/perception/inner/PrefusedObjects,0,983,1784281118867408188,0,0,0,839282,839462
202607171738,e2e_trace_v3,5611,216399771135378391,0,perception.radar_detection,in,7076549331552,1,/apollo/sensor/radar/front,0,0,1784281118988604146,0,0,0,839282,839462
202607171738,e2e_trace_v3,5616,216399771135378391,0,perception.radar_detection,out,7076562142400,1,/perception/inner/PrefusedObjects,0,984,1784281118988604146,0,0,0,839282,839462
202607171738,e2e_trace_v3,5634,216399771135378392,0,perception.radar_detection,in,7076759223872,1,/apollo/sensor/radar/front,0,0,1784281119097832181,0,0,0,839282,839470
202607171738,e2e_trace_v3,5636,216399771135378392,0,perception.radar_detection,out,7076771282688,1,/perception/inner/PrefusedObjects,0,985,1784281119097832181,0,0,0,839282,839470
202607171738,e2e_trace_v3,5638,216399771135378393,0,perception.radar_detection,in,7076771336608,1,/apollo/sensor/radar/front,0,0,1784281119208012552,0,0,0,839282,839470
202607171738,e2e_trace_v3,5650,216399771135378393,0,perception.radar_detection,out,7076784444256,1,/perception/inner/PrefusedObjects,0,986,1784281119208012552,0,0,0,839282,839470
202607171738,e2e_trace_v3,5662,216399771135378394,0,perception.radar_detection,in,7076882685248,1,/apollo/sensor/radar/front,0,0,1784281119323352312,0,0,0,839282,839470
202607171738,e2e_trace_v3,5667,216399771135378394,0,perception.radar_detection,out,7076895489888,1,/perception/inner/PrefusedObjects,0,987,1784281119323352312,0,0,0,839282,839470
202607171738,e2e_trace_v3,5679,216399771135378395,0,perception.radar_detection,in,7076999199872,1,/apollo/sensor/radar/front,0,0,1784281119436554198,0,0,0,839282,839467
202607171738,e2e_trace_v3,5684,216399771135378395,0,perception.radar_detection,out,7077012259936,1,/perception/inner/PrefusedObjects,0,988,1784281119436554198,0,0,0,839282,839467
202607171738,e2e_trace_v3,5696,216399771135378396,0,perception.radar_detection,in,7077108587104,1,/apollo/sensor/radar/front,0,0,1784281119547008155,0,0,0,839282,839464
202607171738,e2e_trace_v3,5701,216399771135378396,0,perception.radar_detection,out,7077121533280,1,/perception/inner/PrefusedObjects,0,989,1784281119547008155,0,0,0,839282,839464
202607171738,e2e_trace_v3,5713,216399771135378397,0,perception.radar_detection,in,7077216664000,1,/apollo/sensor/radar/front,0,0,1784281119657964739,0,0,0,839282,839459
202607171738,e2e_trace_v3,5718,216399771135378397,0,perception.radar_detection,out,7077229387488,1,/perception/inner/PrefusedObjects,0,990,1784281119657964739,0,0,0,839282,839459
202607171738,e2e_trace_v3,5730,216399771135378398,0,perception.radar_detection,in,7077332717856,1,/apollo/sensor/radar/front,0,0,1784281119772175952,0,0,0,839282,839471
202607171738,e2e_trace_v3,5735,216399771135378398,0,perception.radar_detection,out,7077345541408,1,/perception/inner/PrefusedObjects,0,991,1784281119772175952,0,0,0,839282,839471
202607171738,e2e_trace_v3,5747,216399771135378399,0,perception.radar_detection,in,7077440361312,1,/apollo/sensor/radar/front,0,0,1784281119882017520,0,0,0,839282,839471
202607171738,e2e_trace_v3,5752,216399771135378399,0,perception.radar_detection,out,7077453041312,1,/perception/inner/PrefusedObjects,0,992,1784281119882017520,0,0,0,839282,839471
202607171738,e2e_trace_v3,5764,216399771135378400,0,perception.radar_detection,in,7077558441408,1,/apollo/sensor/radar/front,0,0,1784281120000195787,0,0,0,839282,839471
202607171738,e2e_trace_v3,5769,216399771135378400,0,perception.radar_detection,out,7077571195264,1,/perception/inner/PrefusedObjects,0,993,1784281120000195787,0,0,0,839282,839471
202607171738,e2e_trace_v3,5774,216399771135378401,0,perception.radar_detection,in,7077670054432,1,/apollo/sensor/radar/front,0,0,1784281120109005014,0,0,0,839282,839467
202607171738,e2e_trace_v3,5786,216399771135378401,0,perception.radar_detection,out,7077683101984,1,/perception/inner/PrefusedObjects,0,994,1784281120109005014,0,0,0,839282,839467
202607171738,e2e_trace_v3,5791,216399771135378402,0,perception.radar_detection,in,7077778581600,1,/apollo/sensor/radar/front,0,0,1784281120216873373,0,0,0,839282,839464
202607171738,e2e_trace_v3,5796,216399771135378402,0,perception.radar_detection,out,7077791478240,1,/perception/inner/PrefusedObjects,0,995,1784281120216873373,0,0,0,839282,839464
202607171738,e2e_trace_v3,5808,216399771135378403,0,perception.radar_detection,in,7077889446432,1,/apollo/sensor/radar/front,0,0,1784281120329777247,0,0,0,839282,839464
202607171738,e2e_trace_v3,5820,216399771135378403,0,perception.radar_detection,out,7077902222720,1,/perception/inner/PrefusedObjects,0,996,1784281120329777247,0,0,0,839282,839464
202607171738,e2e_trace_v3,5832,216399771135378404,0,perception.radar_detection,in,7078008211296,1,/apollo/sensor/radar/front,0,0,1784281120441500137,0,0,0,839282,839471
202607171738,e2e_trace_v3,5837,216399771135378404,0,perception.radar_detection,out,7078019713440,1,/perception/inner/PrefusedObjects,0,997,1784281120441500137,0,0,0,839282,839471
202607171738,e2e_trace_v3,5842,216399771135378405,0,perception.radar_detection,in,7078114249248,1,/apollo/sensor/radar/front,0,0,1784281120553090495,0,0,0,839282,839459
202607171738,e2e_trace_v3,5852,216399771135378405,0,perception.radar_detection,out,7078126825344,1,/perception/inner/PrefusedObjects,0,998,1784281120553090495,0,0,0,839282,839459
202607171738,e2e_trace_v3,5859,216399771135378406,0,perception.radar_detection,in,7078221444224,1,/apollo/sensor/radar/front,0,0,1784281120663632789,0,0,0,839282,839465
202607171738,e2e_trace_v3,5871,216399771135378406,0,perception.radar_detection,out,7078234069024,1,/perception/inner/PrefusedObjects,0,999,1784281120663632789,0,0,0,839282,839465
202607171738,e2e_trace_v3,5883,216399771135378407,0,perception.radar_detection,in,7078343434496,1,/apollo/sensor/radar/front,0,0,1784281120782207554,0,0,0,839282,839465
202607171738,e2e_trace_v3,5888,216399771135378407,0,perception.radar_detection,out,7078356096000,1,/perception/inner/PrefusedObjects,0,1000,1784281120782207554,0,0,0,839282,839465
202607171738,e2e_trace_v3,5900,216399771135378408,0,perception.radar_detection,in,7078469208256,1,/apollo/sensor/radar/front,0,0,1784281120907781873,0,0,0,839282,839465
202607171738,e2e_trace_v3,5905,216399771135378408,0,perception.radar_detection,out,7078481966336,1,/perception/inner/PrefusedObjects,0,1001,1784281120907781873,0,0,0,839282,839465
202607171738,e2e_trace_v3,5917,216399771135378409,0,perception.radar_detection,in,7078593354464,1,/apollo/sensor/radar/front,0,0,1784281121031205659,0,0,0,839282,839457
202607171738,e2e_trace_v3,5922,216399771135378409,0,perception.radar_detection,out,7078606030304,1,/perception/inner/PrefusedObjects,0,1002,1784281121031205659,0,0,0,839282,839457
202607171738,e2e_trace_v3,5934,216399771135378410,0,perception.radar_detection,in,7078702006368,1,/apollo/sensor/radar/front,0,0,1784281121140692822,0,0,0,839282,839457
202607171738,e2e_trace_v3,5939,216399771135378410,0,perception.radar_detection,out,7078714688352,1,/perception/inner/PrefusedObjects,0,1003,1784281121140692822,0,0,0,839282,839457
202607171738,e2e_trace_v3,5944,216399771135378411,0,perception.radar_detection,in,7078813234016,1,/apollo/sensor/radar/front,0,0,1784281121250846198,0,0,0,839282,839460
202607171738,e2e_trace_v3,5956,216399771135378411,0,perception.radar_detection,out,7078825913376,1,/perception/inner/PrefusedObjects,0,1004,1784281121250846198,0,0,0,839282,839460
202607171738,e2e_trace_v3,5967,216399771135378412,0,perception.radar_detection,in,7078924323584,1,/apollo/sensor/radar/front,0,0,1784281121363944873,0,0,0,839282,839459
202607171738,e2e_trace_v3,5973,216399771135378412,0,perception.radar_detection,out,7078937543424,1,/perception/inner/PrefusedObjects,0,1005,1784281121363944873,0,0,0,839282,839459
202607171738,e2e_trace_v3,5978,216399771135378413,0,perception.radar_detection,in,7079034423616,1,/apollo/sensor/radar/front,0,0,1784281121476402296,0,0,0,839282,839469
202607171738,e2e_trace_v3,5988,216399771135378413,0,perception.radar_detection,out,7079047536576,1,/perception/inner/PrefusedObjects,0,1006,1784281121476402296,0,0,0,839282,839469
202607171738,e2e_trace_v3,6004,216399771135378414,0,perception.radar_detection,in,7079158137152,1,/apollo/sensor/radar/front,0,0,1784281121588879074,0,0,0,839282,839454
202607171738,e2e_trace_v3,6007,216399771135378414,0,perception.radar_detection,out,7079170750880,1,/perception/inner/PrefusedObjects,0,1007,1784281121588879074,0,0,0,839282,839454
202607171738,e2e_trace_v3,6012,216399771135378415,0,perception.radar_detection,in,7079256582208,1,/apollo/sensor/radar/front,0,0,1784281121698055825,0,0,0,839282,839466
202607171738,e2e_trace_v3,6024,216399771135378415,0,perception.radar_detection,out,7079267509632,1,/perception/inner/PrefusedObjects,0,1008,1784281121698055825,0,0,0,839282,839466
202607171738,e2e_trace_v3,6036,216399771135378416,0,perception.radar_detection,in,7079369426144,1,/apollo/sensor/radar/front,0,0,1784281121808681862,0,0,0,839282,839466
202607171738,e2e_trace_v3,6041,216399771135378416,0,perception.radar_detection,out,7079382217344,1,/perception/inner/PrefusedObjects,0,1009,1784281121808681862,0,0,0,839282,839466
202607171738,e2e_trace_v3,6053,216399771135378417,0,perception.radar_detection,in,7079478268864,1,/apollo/sensor/radar/front,0,0,1784281121920711302,0,0,0,839282,839458
202607171738,e2e_trace_v3,6058,216399771135378417,0,perception.radar_detection,out,7079491075328,1,/perception/inner/PrefusedObjects,0,1010,1784281121920711302,0,0,0,839282,839458
202607171738,e2e_trace_v3,6070,216399771135378418,0,perception.radar_detection,in,7079591106048,1,/apollo/sensor/radar/front,0,0,1784281122031246090,0,0,0,839282,839458
202607171738,e2e_trace_v3,6075,216399771135378418,0,perception.radar_detection,out,7079603927104,1,/perception/inner/PrefusedObjects,0,1011,1784281122031246090,0,0,0,839282,839458
202607171738,e2e_trace_v3,6087,216399771135378419,0,perception.radar_detection,in,7079702925088,1,/apollo/sensor/radar/front,0,0,1784281122144225670,0,0,0,839282,839466
202607171738,e2e_trace_v3,6092,216399771135378419,0,perception.radar_detection,out,7079715847360,1,/perception/inner/PrefusedObjects,0,1012,1784281122144225670,0,0,0,839282,839466
202607171738,e2e_trace_v3,6104,216399771135378420,0,perception.radar_detection,in,7079816099808,1,/apollo/sensor/radar/front,0,0,1784281122255884936,0,0,0,839282,839469
202607171738,e2e_trace_v3,6109,216399771135378420,0,perception.radar_detection,out,7079829223200,1,/perception/inner/PrefusedObjects,0,1013,1784281122255884936,0,0,0,839282,839469
202607171738,e2e_trace_v3,6121,216399771135378421,0,perception.radar_detection,in,7079924830528,1,/apollo/sensor/radar/front,0,0,1784281122365305240,0,0,0,839282,839454
202607171738,e2e_trace_v3,6126,216399771135378421,0,perception.radar_detection,out,7079940463488,1,/perception/inner/PrefusedObjects,0,1014,1784281122365305240,0,0,0,839282,839454
202607171738,e2e_trace_v3,6138,216399771135378422,0,perception.radar_detection,in,7080037131488,1,/apollo/sensor/radar/front,0,0,1784281122473815545,0,0,0,839282,839454
202607171738,e2e_trace_v3,6143,216399771135378422,0,perception.radar_detection,out,7080050828672,1,/perception/inner/PrefusedObjects,0,1015,1784281122473815545,0,0,0,839282,839454
202607171738,e2e_trace_v3,6148,216399771135378423,0,perception.radar_detection,in,7080145347488,1,/apollo/sensor/radar/front,0,0,1784281122583046566,0,0,0,839282,839459
202607171738,e2e_trace_v3,6160,216399771135378423,0,perception.radar_detection,out,7080157596448,1,/perception/inner/PrefusedObjects,0,1016,1784281122583046566,0,0,0,839282,839459
202607171738,e2e_trace_v3,6172,216399771135378424,0,perception.radar_detection,in,7080257116192,1,/apollo/sensor/radar/front,0,0,1784281122698227302,0,0,0,839282,839459
202607171738,e2e_trace_v3,6177,216399771135378424,0,perception.radar_detection,out,7080269877600,1,/perception/inner/PrefusedObjects,0,1017,1784281122698227302,0,0,0,839282,839459
202607171738,e2e_trace_v3,6189,216399771135378425,0,perception.radar_detection,in,7080376558432,1,/apollo/sensor/radar/front,0,0,1784281122816522228,0,0,0,839282,839459
202607171738,e2e_trace_v3,6194,216399771135378425,0,perception.radar_detection,out,7080389447360,1,/perception/inner/PrefusedObjects,0,1018,1784281122816522228,0,0,0,839282,839459
202607171738,e2e_trace_v3,6206,216399771135378426,0,perception.radar_detection,in,7080503140608,1,/apollo/sensor/radar/front,0,0,1784281122942952520,0,0,0,839282,839461
202607171738,e2e_trace_v3,6211,216399771135378426,0,perception.radar_detection,out,7080515895712,1,/perception/inner/PrefusedObjects,0,1019,1784281122942952520,0,0,0,839282,839461
202607171738,e2e_trace_v3,6223,216399771135378427,0,perception.radar_detection,in,7080630464608,1,/apollo/sensor/radar/front,0,0,1784281123072136820,0,0,0,839282,839461
202607171738,e2e_trace_v3,6228,216399771135378427,0,perception.radar_detection,out,7080643151104,1,/perception/inner/PrefusedObjects,0,1020,1784281123072136820,0,0,0,839282,839461
202607171738,e2e_trace_v3,6240,216399771135378428,0,perception.radar_detection,in,7080744201344,1,/apollo/sensor/radar/front,0,0,1784281123183965272,0,0,0,839282,839461
202607171738,e2e_trace_v3,6245,216399771135378428,0,perception.radar_detection,out,7080756903680,1,/perception/inner/PrefusedObjects,0,1021,1784281123183965272,0,0,0,839282,839461
202607171738,e2e_trace_v3,6250,216399771135378429,0,perception.radar_detection,in,7080855498080,1,/apollo/sensor/radar/front,0,0,1784281123293432457,0,0,0,839282,839464
202607171738,e2e_trace_v3,6262,216399771135378429,0,perception.radar_detection,out,7080868299296,1,/perception/inner/PrefusedObjects,0,1022,1784281123293432457,0,0,0,839282,839464
202607171738,e2e_trace_v3,6267,216399771135378430,0,perception.radar_detection,in,7080963879424,1,/apollo/sensor/radar/front,0,0,1784281123403299204,0,0,0,839282,839461
202607171738,e2e_trace_v3,6279,216399771135378430,0,perception.radar_detection,out,7080975332544,1,/perception/inner/PrefusedObjects,0,1023,1784281123403299204,0,0,0,839282,839461
202607171738,e2e_trace_v3,6290,216399771135378431,0,perception.radar_detection,in,7081075041280,1,/apollo/sensor/radar/front,0,0,1784281123515119243,0,0,0,839282,839466
202607171738,e2e_trace_v3,6296,216399771135378431,0,perception.radar_detection,out,7081087985216,1,/perception/inner/PrefusedObjects,0,1024,1784281123515119243,0,0,0,839282,839466
202607171738,e2e_trace_v3,6308,216399771135378432,0,perception.radar_detection,in,7081223815936,1,/apollo/sensor/radar/front,0,0,1784281123660422044,0,0,0,839282,839466
202607171738,e2e_trace_v3,6313,216399771135378432,0,perception.radar_detection,out,7081236568640,1,/perception/inner/PrefusedObjects,0,1025,1784281123660422044,0,0,0,839282,839466
202607171738,e2e_trace_v3,6325,216399771135378433,0,perception.radar_detection,in,7081330348320,1,/apollo/sensor/radar/front,0,0,1784281123770326899,0,0,0,839282,839466
202607171738,e2e_trace_v3,6330,216399771135378433,0,perception.radar_detection,out,7081342993152,1,/perception/inner/PrefusedObjects,0,1026,1784281123770326899,0,0,0,839282,839466
202607171738,e2e_trace_v3,6342,216399771135378434,0,perception.radar_detection,in,7081442030528,1,/apollo/sensor/radar/front,0,0,1784281123882308356,0,0,0,839282,839466
202607171738,e2e_trace_v3,6347,216399771135378434,0,perception.radar_detection,out,7081452332736,1,/perception/inner/PrefusedObjects,0,1027,1784281123882308356,0,0,0,839282,839466
202607171738,e2e_trace_v3,6359,216399771135378435,0,perception.radar_detection,in,7081555870624,1,/apollo/sensor/radar/front,0,0,1784281123994823434,0,0,0,839282,839465
202607171738,e2e_trace_v3,6364,216399771135378435,0,perception.radar_detection,out,7081568430112,1,/perception/inner/PrefusedObjects,0,1028,1784281123994823434,0,0,0,839282,839465
202607171738,e2e_trace_v3,6376,216399771135378436,0,perception.radar_detection,in,7081666376608,1,/apollo/sensor/radar/front,0,0,1784281124107326892,0,0,0,839282,839463
202607171738,e2e_trace_v3,6381,216399771135378436,0,perception.radar_detection,out,7081679038752,1,/perception/inner/PrefusedObjects,0,1029,1784281124107326892,0,0,0,839282,839463
202607171738,e2e_trace_v3,6386,216399771135378437,0,perception.radar_detection,in,7081778501824,1,/apollo/sensor/radar/front,0,0,1784281124216694240,0,0,0,839282,839458
202607171738,e2e_trace_v3,6397,216399771135378437,0,perception.radar_detection,out,7081793156288,1,/perception/inner/PrefusedObjects,0,1030,1784281124216694240,0,0,0,839282,839458
202607171738,e2e_trace_v3,6403,216399771135378438,0,perception.radar_detection,in,7081886185280,1,/apollo/sensor/radar/front,0,0,1784281124324394206,0,0,0,839282,839461
202607171738,e2e_trace_v3,6416,216399771135378438,0,perception.radar_detection,out,7081899511040,1,/perception/inner/PrefusedObjects,0,1031,1784281124324394206,0,0,0,839282,839461
202607171738,e2e_trace_v3,6420,216399771135378439,0,perception.radar_detection,in,7082000397184,1,/apollo/sensor/radar/front,0,0,1784281124438956625,0,0,0,839282,839462
202607171738,e2e_trace_v3,6432,216399771135378439,0,perception.radar_detection,out,7082013672128,1,/perception/inner/PrefusedObjects,0,1032,1784281124438956625,0,0,0,839282,839462
202607171738,e2e_trace_v3,6450,216399771135378440,0,perception.radar_detection,in,7082191894304,1,/apollo/sensor/radar/front,0,0,1784281124547486159,0,0,0,839282,839463
202607171738,e2e_trace_v3,6451,216399771135378440,0,perception.radar_detection,out,7082204514688,1,/perception/inner/PrefusedObjects,0,1033,1784281124547486159,0,0,0,839282,839463
202607171738,e2e_trace_v3,6461,216399771135378441,0,perception.radar_detection,in,7082262961728,1,/apollo/sensor/radar/front,0,0,1784281124704645335,0,0,0,839282,839467
202607171738,e2e_trace_v3,6466,216399771135378441,0,perception.radar_detection,out,7082275693152,1,/perception/inner/PrefusedObjects,0,1034,1784281124704645335,0,0,0,839282,839467
202607171738,e2e_trace_v3,6478,216399771135378442,0,perception.radar_detection,in,7082376761600,1,/apollo/sensor/radar/front,0,0,1784281124817139712,0,0,0,839282,839459
202607171738,e2e_trace_v3,6483,216399771135378442,0,perception.radar_detection,out,7082389598432,1,/perception/inner/PrefusedObjects,0,1035,1784281124817139712,0,0,0,839282,839459
202607171738,e2e_trace_v3,6495,216399771135378443,0,perception.radar_detection,in,7082490076832,1,/apollo/sensor/radar/front,0,0,1784281124929138296,0,0,0,839282,839459
202607171738,e2e_trace_v3,6500,216399771135378443,0,perception.radar_detection,out,7082502772320,1,/perception/inner/PrefusedObjects,0,1036,1784281124929138296,0,0,0,839282,839459
202607171738,e2e_trace_v3,6530,216399771135378444,0,perception.radar_detection,in,7082733218656,1,/apollo/sensor/radar/front,0,0,1784281125158784445,0,0,0,839282,839460
202607171738,e2e_trace_v3,6533,216399771135378444,0,perception.radar_detection,out,7082745879488,1,/perception/inner/PrefusedObjects,0,1037,1784281125158784445,0,0,0,839282,839460
202607171738,e2e_trace_v3,6547,216399771135378445,0,perception.radar_detection,in,7082841588416,1,/apollo/sensor/radar/front,0,0,1784281125269084632,0,0,0,839282,839464
202607171738,e2e_trace_v3,6550,216399771135378445,0,perception.radar_detection,out,7082854311904,1,/perception/inner/PrefusedObjects,0,1038,1784281125269084632,0,0,0,839282,839464
202607171738,e2e_trace_v3,6560,216399771135378446,0,perception.radar_detection,in,7082944944512,1,/apollo/sensor/radar/front,0,0,1784281125381122550,0,0,0,839282,839463
202607171738,e2e_trace_v3,6565,216399771135378446,0,perception.radar_detection,out,7082957719680,1,/perception/inner/PrefusedObjects,0,1039,1784281125381122550,0,0,0,839282,839463
202607171738,e2e_trace_v3,6570,216399771135378447,0,perception.radar_detection,in,7083051102368,1,/apollo/sensor/radar/front,0,0,1784281125490609824,0,0,0,839282,839460
202607171738,e2e_trace_v3,6582,216399771135378447,0,perception.radar_detection,out,7083063871904,1,/perception/inner/PrefusedObjects,0,1040,1784281125490609824,0,0,0,839282,839460
202607171738,e2e_trace_v3,6612,216399771135378448,0,perception.radar_detection,in,7083286898976,1,/apollo/sensor/radar/front,0,0,1784281125713008631,0,0,0,839282,839463
202607171738,e2e_trace_v3,6615,216399771135378448,0,perception.radar_detection,out,7083299703136,1,/perception/inner/PrefusedObjects,0,1041,1784281125713008631,0,0,0,839282,839463
202607171738,e2e_trace_v3,6625,216399771135378449,0,perception.radar_detection,in,7083387652864,1,/apollo/sensor/radar/front,0,0,1784281125825437399,0,0,0,839282,839465
202607171738,e2e_trace_v3,6630,216399771135378449,0,perception.radar_detection,out,7083400631424,1,/perception/inner/PrefusedObjects,0,1042,1784281125825437399,0,0,0,839282,839465
202607171738,e2e_trace_v3,6635,216399771135378450,0,perception.radar_detection,in,7083493877824,1,/apollo/sensor/radar/front,0,0,1784281125936268928,0,0,0,839282,839460
202607171738,e2e_trace_v3,6647,216399771135378450,0,perception.radar_detection,out,7083504781920,1,/perception/inner/PrefusedObjects,0,1043,1784281125936268928,0,0,0,839282,839460
202607171738,e2e_trace_v3,6661,216399771135378451,0,perception.radar_detection,in,7083614774144,1,/apollo/sensor/radar/front,0,0,1784281126048683383,0,0,0,839282,839462
202607171738,e2e_trace_v3,6664,216399771135378451,0,perception.radar_detection,out,7083627552448,1,/perception/inner/PrefusedObjects,0,1044,1784281126048683383,0,0,0,839282,839462
202607171738,e2e_trace_v3,6676,216399771135378452,0,perception.radar_detection,in,7083718689568,1,/apollo/sensor/radar/front,0,0,1784281126157968636,0,0,0,839282,839462
202607171738,e2e_trace_v3,6681,216399771135378452,0,perception.radar_detection,out,7083731530720,1,/perception/inner/PrefusedObjects,0,1045,1784281126157968636,0,0,0,839282,839462
202607171738,e2e_trace_v3,6686,216399771135378453,0,perception.radar_detection,in,7083828561600,1,/apollo/sensor/radar/front,0,0,1784281126269000558,0,0,0,839282,839461
202607171738,e2e_trace_v3,6699,216399771135378453,0,perception.radar_detection,out,7083841523200,1,/perception/inner/PrefusedObjects,0,1046,1784281126269000558,0,0,0,839282,839461
202607171738,e2e_trace_v3,6714,216399771135378454,0,perception.radar_detection,in,7083950496448,1,/apollo/sensor/radar/front,0,0,1784281126379849961,0,0,0,839282,839455
202607171738,e2e_trace_v3,6717,216399771135378454,0,perception.radar_detection,out,7083963255488,1,/perception/inner/PrefusedObjects,0,1047,1784281126379849961,0,0,0,839282,839455
202607171738,e2e_trace_v3,6727,216399771135378455,0,perception.radar_detection,in,7084048195104,1,/apollo/sensor/radar/front,0,0,1784281126487309526,0,0,0,839282,839460
202607171738,e2e_trace_v3,6732,216399771135378455,0,perception.radar_detection,out,7084060850016,1,/perception/inner/PrefusedObjects,0,1048,1784281126487309526,0,0,0,839282,839460
202607171738,e2e_trace_v3,6737,216399771135378456,0,perception.radar_detection,in,7084159158880,1,/apollo/sensor/radar/front,0,0,1784281126599832369,0,0,0,839282,839461
202607171738,e2e_trace_v3,6749,216399771135378456,0,perception.radar_detection,out,7084171902400,1,/perception/inner/PrefusedObjects,0,1049,1784281126599832369,0,0,0,839282,839461
202607171738,e2e_trace_v3,6761,216399771135378457,0,perception.radar_detection,in,7084278913920,1,/apollo/sensor/radar/front,0,0,1784281126718837541,0,0,0,839282,839461
202607171738,e2e_trace_v3,6766,216399771135378457,0,perception.radar_detection,out,7084291645120,1,/perception/inner/PrefusedObjects,0,1050,1784281126718837541,0,0,0,839282,839461
202607171738,e2e_trace_v3,6782,216399771135378458,0,perception.radar_detection,in,7084399784128,1,/apollo/sensor/radar/front,0,0,1784281126830677817,0,0,0,839282,839465
202607171738,e2e_trace_v3,6783,216399771135378458,0,perception.radar_detection,out,7084413272160,1,/perception/inner/PrefusedObjects,0,1051,1784281126830677817,0,0,0,839282,839465
202607171738,e2e_trace_v3,6795,216399771135378459,0,perception.radar_detection,in,7084504853728,1,/apollo/sensor/radar/front,0,0,1784281126947156390,0,0,0,839282,839459
202607171738,e2e_trace_v3,6800,216399771135378459,0,perception.radar_detection,out,7084517528064,1,/perception/inner/PrefusedObjects,0,1052,1784281126947156390,0,0,0,839282,839459
202607171738,e2e_trace_v3,6811,216399771135378460,0,perception.radar_detection,in,7084618954048,1,/apollo/sensor/radar/front,0,0,1784281127060627426,0,0,0,839282,839454
202607171738,e2e_trace_v3,6817,216399771135378460,0,perception.radar_detection,out,7084631818592,1,/perception/inner/PrefusedObjects,0,1053,1784281127060627426,0,0,0,839282,839454
202607171738,e2e_trace_v3,6829,216399771135378461,0,perception.radar_detection,in,7084728774912,1,/apollo/sensor/radar/front,0,0,1784281127169759491,0,0,0,839282,839470
202607171738,e2e_trace_v3,6834,216399771135378461,0,perception.radar_detection,out,7084741581888,1,/perception/inner/PrefusedObjects,0,1054,1784281127169759491,0,0,0,839282,839470
202607171738,e2e_trace_v3,6839,216399771135378462,0,perception.radar_detection,in,7084840647296,1,/apollo/sensor/radar/front,0,0,1784281127277511229,0,0,0,839282,839454
202607171738,e2e_trace_v3,6850,216399771135378462,0,perception.radar_detection,out,7084853419072,1,/perception/inner/PrefusedObjects,0,1055,1784281127277511229,0,0,0,839282,839454
202607171738,e2e_trace_v3,6860,216399771135378463,0,perception.radar_detection,in,7084950152480,1,/apollo/sensor/radar/front,0,0,1784281127389233950,0,0,0,839282,839459
202607171738,e2e_trace_v3,6868,216399771135378463,0,perception.radar_detection,out,7084962782464,1,/perception/inner/PrefusedObjects,0,1056,1784281127389233950,0,0,0,839282,839459
202607171738,e2e_trace_v3,6873,216399771135378464,0,perception.radar_detection,in,7085060516032,1,/apollo/sensor/radar/front,0,0,1784281127498405296,0,0,0,839282,839462
202607171738,e2e_trace_v3,6885,216399771135378464,0,perception.radar_detection,out,7085073649056,1,/perception/inner/PrefusedObjects,0,1057,1784281127498405296,0,0,0,839282,839462
202607171738,e2e_trace_v3,6890,216399771135378465,0,perception.radar_detection,in,7085168426336,1,/apollo/sensor/radar/front,0,0,1784281127608656735,0,0,0,839282,839467
202607171738,e2e_trace_v3,6895,216399771135378465,0,perception.radar_detection,out,7085181134816,1,/perception/inner/PrefusedObjects,0,1058,1784281127608656735,0,0,0,839282,839467
202607171738,e2e_trace_v3,6914,216399771135378466,0,perception.radar_detection,in,7085278781216,1,/apollo/sensor/radar/front,0,0,1784281127718015846,0,0,0,839282,839458
202607171738,e2e_trace_v3,6919,216399771135378466,0,perception.radar_detection,out,7085291488064,1,/perception/inner/PrefusedObjects,0,1059,1784281127718015846,0,0,0,839282,839458
202607171738,e2e_trace_v3,6931,216399771135378467,0,perception.radar_detection,in,7085390488352,1,/apollo/sensor/radar/front,0,0,1784281127829056130,0,0,0,839282,839458
202607171738,e2e_trace_v3,6936,216399771135378467,0,perception.radar_detection,out,7085403246880,1,/perception/inner/PrefusedObjects,0,1060,1784281127829056130,0,0,0,839282,839458
202607171738,e2e_trace_v3,6941,216399771135378468,0,perception.radar_detection,in,7085497485920,1,/apollo/sensor/radar/front,0,0,1784281127938531446,0,0,0,839282,839467
202607171738,e2e_trace_v3,6955,216399771135378468,0,perception.radar_detection,out,7085514284288,1,/perception/inner/PrefusedObjects,0,1061,1784281127938531446,0,0,0,839282,839467
202607171738,e2e_trace_v3,6965,216399771135378469,0,perception.radar_detection,in,7085612464256,1,/apollo/sensor/radar/front,0,0,1784281128050632224,0,0,0,839282,839457
202607171738,e2e_trace_v3,6970,216399771135378469,0,perception.radar_detection,out,7085625036960,1,/perception/inner/PrefusedObjects,0,1062,1784281128050632224,0,0,0,839282,839457
