run_id,schema_version,event_id,trace_id,proc_id,module,edge,mono_ns,trace_valid,channel,input_seq,output_seq,data_ts_ns,object_count,primary_parent_trace_id,parent_trace_count,pid,tid
202607182021,e2e_trace_v3,7,72214807020831914,0,perception.pointcloud_preprocess,in,6939901229632,1,/apollo/sensor/velodyne64/compensator/PointCloud2,0,0,1784377295376590149,0,0,0,429820,429999
202607182021,e2e_trace_v3,9,72214807020831914,0,perception.pointcloud_preprocess,out,6939906626592,1,/perception/lidar/pointcloud_preprocess,0,0,1784377295376590149,0,0,0,429820,429999
202607182021,e2e_trace_v3,17,72214807020831915,0,perception.pointcloud_preprocess,in,6940018581920,1,/apollo/sensor/velodyne64/compensator/PointCloud2,0,0,1784377295497098434,0,0,0,429820,429994
202607182021,e2e_trace_v3,26,72214807020831915,0,perception.pointcloud_preprocess,out,6940028076992,1,/perception/lidar/pointcloud_preprocess,0,0,1784377295497098434,0,0,0,429820,429994
202607182021,e2e_trace_v3,34,72214807020831916,0,perception.pointcloud_preprocess,in,6940129797728,1,/apollo/sensor/velodyne64/compensator/PointCloud2,0,0,1784377295613072397,0,0,0,429820,429991
202607182021,e2e_trace_v3,36,72214807020831916,0,perception.pointcloud_preprocess,out,6940139277888,1,/perception/lidar/pointcloud_preprocess,0,0,1784377295613072397,0,0,0,429820,429991
202607182021,e2e_trace_v3,51,72214807020831917,0,perception.pointcloud_preprocess,in,6940243906848,1,/apollo/sensor/velodyne64/compensator/PointCloud2,0,0,1784377295726145930,0,0,0,429820,430000
202607182021,e2e_trace_v3,53,72214807020831917,0,perception.pointcloud_preprocess,out,6940252643968,1,/perception/lidar/pointcloud_preprocess,0,0,1784377295726145930,0,0,0,429820,430000
202607182021,e2e_trace_v3,75,72214807020831918,0,perception.pointcloud_preprocess,in,6940358860992,1,/apollo/sensor/velodyne64/compensator/PointCloud2,0,0,1784377295841362164,0,0,0,429820,430006
202607182021,e2e_trace_v3,77,72214807020831918,0,perception.pointcloud_preprocess,out,6940364224832,1,/perception/lidar/pointcloud_preprocess,0,0,1784377295841362164,0,0,0,429820,430006
202607182021,e2e_trace_v3,92,72214807020831919,0,perception.pointcloud_preprocess,in,6940474336864,1,/apollo/sensor/velodyne64/compensator/PointCloud2,0,0,1784377295955041465,0,0,0,429820,429996
202607182021,e2e_trace_v3,94,72214807020831919,0,perception.pointcloud_preprocess,out,6940478829920,1,/perception/lidar/pointcloud_preprocess,0,0,1784377295955041465,0,0,0,429820,429996
202607182021,e2e_trace_v3,109,72214807020831920,0,perception.pointcloud_preprocess,in,6940587899040,1,/apollo/sensor/velodyne64/compensator/PointCloud2,0,0,1784377296067585095,0,0,0,429820,430007
202607182021,e2e_trace_v3,111,72214807020831920,0,perception.pointcloud_preprocess,out,6940592831424,1,/perception/lidar/pointcloud_preprocess,0,0,1784377296067585095,0,0,0,429820,430007
202607182021,e2e_trace_v3,126,72214807020831921,0,perception.pointcloud_preprocess,in,6940701087968,1,/apollo/sensor/velodyne64/compensator/PointCloud2,0,0,1784377296184531631,0,0,0,429820,429994
202607182021,e2e_trace_v3,129,72214807020831921,0,perception.pointcloud_preprocess,out,6940712574432,1,/perception/lidar/pointcloud_preprocess,0,0,1784377296184531631,0,0,0,429820,429994
202607182021,e2e_trace_v3,142,72214807020831922,0,perception.pointcloud_preprocess,in,6940813347968,1,/apollo/sensor/velodyne64/compensator/PointCloud2,0,0,1784377296297519487,0,0,0,429820,429998
202607182021,e2e_trace_v3,146,72214807020831922,0,perception.pointcloud_preprocess,out,6940822594144,1,/perception/lidar/pointcloud_preprocess,0,0,1784377296297519487,0,0,0,429820,429998
202607182021,e2e_trace_v3,153,72214807020831923,0,perception.pointcloud_preprocess,in,6940935190912,1,/apollo/sensor/velodyne64/compensator/PointCloud2,0,0,1784377296412539504,0,0,0,429820,430006
202607182021,e2e_trace_v3,154,72214807020831923,0,perception.pointcloud_preprocess,out,6940941661824,1,/perception/lidar/pointcloud_preprocess,0,0,1784377296412539504,0,0,0,429820,430006
202607182021,e2e_trace_v3,167,72214807020831924,0,perception.pointcloud_preprocess,in,6941053695360,1,/apollo/sensor/velodyne64/compensator/PointCloud2,0,0,1784377296531732162,0,0,0,429820,430006
202607182021,e2e_trace_v3,179,72214807020831924,0,perception.pointcloud_preprocess,out,6941065728384,1,/perception/lidar/pointcloud_preprocess,0,0,1784377296531732162,0,0,0,429820,430006
202607182021,e2e_trace_v3,184,72214807020831925,0,perception.pointcloud_preprocess,in,6941164316224,1,/apollo/sensor/velodyne64/compensator/PointCloud2,0,0,1784377296647893640,0,0,0,429820,430000
202607182021,e2e_trace_v3,193,72214807020831925,0,perception.pointcloud_preprocess,out,6941172858016,1,/perception/lidar/pointcloud_preprocess,0,0,1784377296647893640,0,0,0,429820,430000
202607182021,e2e_trace_v3,201,72214807020831926,0,perception.pointcloud_preprocess,in,6941276362240,1,/apollo/sensor/velodyne64/compensator/PointCloud2,0,0,1784377296760140625,0,0,0,429820,430004
202607182021,e2e_trace_v3,203,72214807020831926,0,perception.pointcloud_preprocess,out,6941280368544,1,/perception/lidar/pointcloud_preprocess,0,0,1784377296760140625,0,0,0,429820,430004
202607182021,e2e_trace_v3,225,72214807020831927,0,perception.pointcloud_preprocess,in,6941391653856,1,/apollo/sensor/velodyne64/compensator/PointCloud2,0,0,1784377296875859864,0,0,0,429820,429996
202607182021,e2e_trace_v3,227,72214807020831927,0,perception.pointcloud_preprocess,out,6941396435680,1,/perception/lidar/pointcloud_preprocess,0,0,1784377296875859864,0,0,0,429820,429996
202607182021,e2e_trace_v3,242,72214807020831928,0,perception.pointcloud_preprocess,in,6941507359712,1,/apollo/sensor/velodyne64/compensator/PointCloud2,0,0,1784377296988529048,0,0,0,429820,429998
202607182021,e2e_trace_v3,244,72214807020831928,0,perception.pointcloud_preprocess,out,6941514976512,1,/perception/lidar/pointcloud_preprocess,0,0,1784377296988529048,0,0,0,429820,429998
202607182021,e2e_trace_v3,252,72214807020831929,0,perception.pointcloud_preprocess,in,6941620569760,1,/apollo/sensor/velodyne64/compensator/PointCloud2,0,0,1784377297101346297,0,0,0,429820,429996
202607182021,e2e_trace_v3,261,72214807020831929,0,perception.pointcloud_preprocess,out,6941628141472,1,/perception/lidar/pointcloud_preprocess,0,0,1784377297101346297,0,0,0,429820,429996
202607182021,e2e_trace_v3,269,72214807020831930,0,perception.pointcloud_preprocess,in,6941741587712,1,/apollo/sensor/velodyne64/compensator/PointCloud2,0,0,1784377297218668553,0,0,0,429820,430006
202607182021,e2e_trace_v3,278,72214807020831930,0,perception.pointcloud_preprocess,out,6941745760704,1,/perception/lidar/pointcloud_preprocess,0,0,1784377297218668553,0,0,0,429820,430006
202607182021,e2e_trace_v3,286,72214807020831931,0,perception.pointcloud_preprocess,in,6941848734560,1,/apollo/sensor/velodyne64/compensator/PointCloud2,0,0,1784377297332911987,0,0,0,429820,430000
202607182021,e2e_trace_v3,288,72214807020831931,0,perception.pointcloud_preprocess,out,6941854427840,1,/perception/lidar/pointcloud_preprocess,0,0,1784377297332911987,0,0,0,429820,430000
202607182021,e2e_trace_v3,303,72214807020831932,0,perception.pointcloud_preprocess,in,6941961812416,1,/apollo/sensor/velodyne64/compensator/PointCloud2,0,0,1784377297446282383,0,0,0,429820,429995
202607182021,e2e_trace_v3,313,72214807020831932,0,perception.pointcloud_preprocess,out,6941968555040,1,/perception/lidar/pointcloud_preprocess,0,0,1784377297446282383,0,0,0,429820,429995
202607182021,e2e_trace_v3,320,72214807020831933,0,perception.pointcloud_preprocess,in,6942077574560,1,/apollo/sensor/velodyne64/compensator/PointCloud2,0,0,1784377297557496239,0,0,0,429820,429992
202607182021,e2e_trace_v3,326,72214807020831933,0,perception.pointcloud_preprocess,out,6942084723488,1,/perception/lidar/pointcloud_preprocess,0,0,1784377297557496239,0,0,0,429820,429992
202607182021,e2e_trace_v3,337,72214807020831934,0,perception.pointcloud_preprocess,in,6942189778176,1,/apollo/sensor/velodyne64/compensator/PointCloud2,0,0,1784377297670110274,0,0,0,429820,430006
202607182021,e2e_trace_v3,339,72214807020831934,0,perception.pointcloud_preprocess,out,6942199227200,1,/perception/lidar/pointcloud_preprocess,0,0,1784377297670110274,0,0,0,429820,430006
202607182021,e2e_trace_v3,361,72214807020831935,0,perception.pointcloud_preprocess,in,6942310902656,1,/apollo/sensor/velodyne64/compensator/PointCloud2,0,0,1784377297783425069,0,0,0,429820,429995
202607182021,e2e_trace_v3,364,72214807020831935,0,perception.pointcloud_preprocess,out,6942321091040,1,/perception/lidar/pointcloud_preprocess,0,0,1784377297783425069,0,0,0,429820,429995
202607182021,e2e_trace_v3,378,72214807020831936,0,perception.pointcloud_preprocess,in,6942441723872,1,/apollo/sensor/velodyne64/compensator/PointCloud2,0,0,1784377297905721974,0,0,0,429820,429992
202607182021,e2e_trace_v3,383,72214807020831936,0,perception.pointcloud_preprocess,out,6942456588608,1,/perception/lidar/pointcloud_preprocess,0,0,1784377297905721974,0,0,0,429820,429992
202607182021,e2e_trace_v3,388,72214807020831937,0,perception.pointcloud_preprocess,in,6942558974336,1,/apollo/sensor/velodyne64/compensator/PointCloud2,0,0,1784377298036447355,0,0,0,429820,429995
202607182021,e2e_trace_v3,397,72214807020831937,0,perception.pointcloud_preprocess,out,6942565671328,1,/perception/lidar/pointcloud_preprocess,0,0,1784377298036447355,0,0,0,429820,429995
202607182021,e2e_trace_v3,405,72214807020831938,0,perception.pointcloud_preprocess,in,6942671371872,1,/apollo/sensor/velodyne64/compensator/PointCloud2,0,0,1784377298155872514,0,0,0,429820,429997
202607182021,e2e_trace_v3,415,72214807020831938,0,perception.pointcloud_preprocess,out,6942682753696,1,/perception/lidar/pointcloud_preprocess,0,0,1784377298155872514,0,0,0,429820,429997
202607182021,e2e_trace_v3,429,72214807020831939,0,perception.pointcloud_preprocess,in,6942815157760,1,/apollo/sensor/velodyne64/compensator/PointCloud2,0,0,1784377298267611880,0,0,0,429820,429992
202607182021,e2e_trace_v3,431,72214807020831939,0,perception.pointcloud_preprocess,out,6942821290656,1,/perception/lidar/pointcloud_preprocess,0,0,1784377298267611880,0,0,0,429820,429992
202607182021,e2e_trace_v3,446,72214807020831940,0,perception.pointcloud_preprocess,in,6942934549184,1,/apollo/sensor/velodyne64/compensator/PointCloud2,0,0,1784377298413798168,0,0,0,429820,430003
202607182021,e2e_trace_v3,453,72214807020831940,0,perception.pointcloud_preprocess,out,6942950779104,1,/perception/lidar/pointcloud_preprocess,0,0,1784377298413798168,0,0,0,429820,430003
202607182021,e2e_trace_v3,456,72214807020831941,0,perception.pointcloud_preprocess,in,6943049384480,1,/apollo/sensor/velodyne64/compensator/PointCloud2,0,0,1784377298528289645,0,0,0,429820,430001
202607182021,e2e_trace_v3,466,72214807020831941,0,perception.pointcloud_preprocess,out,6943056882144,1,/perception/lidar/pointcloud_preprocess,0,0,1784377298528289645,0,0,0,429820,430001
202607182021,e2e_trace_v3,480,72214807020831942,0,perception.pointcloud_preprocess,in,6943184313760,1,/apollo/sensor/velodyne64/compensator/PointCloud2,0,0,1784377298645832652,0,0,0,429820,429995
202607182021,e2e_trace_v3,482,72214807020831942,0,perception.pointcloud_preprocess,out,6943189695616,1,/perception/lidar/pointcloud_preprocess,0,0,1784377298645832652,0,0,0,429820,429995
202607182021,e2e_trace_v3,490,72214807020831943,0,perception.pointcloud_preprocess,in,6943304084448,1,/apollo/sensor/velodyne64/compensator/PointCloud2,0,0,1784377298781661399,0,0,0,429820,430001
202607182021,e2e_trace_v3,499,72214807020831943,0,perception.pointcloud_preprocess,out,6943314479808,1,/perception/lidar/pointcloud_preprocess,0,0,1784377298781661399,0,0,0,429820,430001
202607182021,e2e_trace_v3,514,72214807020831944,0,perception.pointcloud_preprocess,in,6943414233792,1,/apollo/sensor/velodyne64/compensator/PointCloud2,0,0,1784377298899775093,0,0,0,429820,429992
202607182021,e2e_trace_v3,518,72214807020831944,0,perception.pointcloud_preprocess,out,6943423279328,1,/perception/lidar/pointcloud_preprocess,0,0,1784377298899775093,0,0,0,429820,429992
202607182021,e2e_trace_v3,528,72214807020831945,0,perception.pointcloud_preprocess,in,6943527456064,1,/apollo/sensor/velodyne64/compensator/PointCloud2,0,0,1784377299012334358,0,0,0,429820,430007
202607182021,e2e_trace_v3,530,72214807020831945,0,perception.pointcloud_preprocess,out,6943536521408,1,/perception/lidar/pointcloud_preprocess,0,0,1784377299012334358,0,0,0,429820,430007
202607182021,e2e_trace_v3,545,72214807020831946,0,perception.pointcloud_preprocess,in,6943650682432,1,/apollo/sensor/velodyne64/compensator/PointCloud2,0,0,1784377299125433942,0,0,0,429820,430004
202607182021,e2e_trace_v3,547,72214807020831946,0,perception.pointcloud_preprocess,out,6943654900416,1,/perception/lidar/pointcloud_preprocess,0,0,1784377299125433942,0,0,0,429820,430004
202607182021,e2e_trace_v3,555,72214807020831947,0,perception.pointcloud_preprocess,in,6943768149280,1,/apollo/sensor/velodyne64/compensator/PointCloud2,0,0,1784377299249453866,0,0,0,429820,429992
202607182021,e2e_trace_v3,564,72214807020831947,0,perception.pointcloud_preprocess,out,6943773080576,1,/perception/lidar/pointcloud_preprocess,0,0,1784377299249453866,0,0,0,429820,429992
202607182021,e2e_trace_v3,579,72214807020831948,0,perception.pointcloud_preprocess,in,6943881351232,1,/apollo/sensor/velodyne64/compensator/PointCloud2,0,0,1784377299360767337,0,0,0,429820,430000
202607182021,e2e_trace_v3,580,72214807020831948,0,perception.pointcloud_preprocess,out,6943885978016,1,/perception/lidar/pointcloud_preprocess,0,0,1784377299360767337,0,0,0,429820,430000
202607182021,e2e_trace_v3,589,72214807020831949,0,perception.pointcloud_preprocess,in,6943995821792,1,/apollo/sensor/velodyne64/compensator/PointCloud2,0,0,1784377299477866915,0,0,0,429820,430006
202607182021,e2e_trace_v3,598,72214807020831949,0,perception.pointcloud_preprocess,out,6944002102432,1,/perception/lidar/pointcloud_preprocess,0,0,1784377299477866915,0,0,0,429820,430006
202607182021,e2e_trace_v3,613,72214807020831950,0,perception.pointcloud_preprocess,in,6944106347424,1,/apollo/sensor/velodyne64/compensator/PointCloud2,0,0,1784377299591646689,0,0,0,429820,430004
202607182021,e2e_trace_v3,614,72214807020831950,0,perception.pointcloud_preprocess,out,6944110758208,1,/perception/lidar/pointcloud_preprocess,0,0,1784377299591646689,0,0,0,429820,430004
202607182021,e2e_trace_v3,620,72214807020831951,0,perception.pointcloud_preprocess,in,6944224784544,1,/apollo/sensor/velodyne64/compensator/PointCloud2,0,0,1784377299704457582,0,0,0,429820,430002
202607182021,e2e_trace_v3,621,72214807020831951,0,perception.pointcloud_preprocess,out,6944230941440,1,/perception/lidar/pointcloud_preprocess,0,0,1784377299704457582,0,0,0,429820,430002
202607182021,e2e_trace_v3,641,72214807020831952,0,perception.pointcloud_preprocess,in,6944354829856,1,/apollo/sensor/velodyne64/compensator/PointCloud2,0,0,1784377299819387515,0,0,0,429820,429994
202607182021,e2e_trace_v3,645,72214807020831952,0,perception.pointcloud_preprocess,out,6944363378880,1,/perception/lidar/pointcloud_preprocess,0,0,1784377299819387515,0,0,0,429820,429994
202607182021,e2e_trace_v3,658,72214807020831953,0,perception.pointcloud_preprocess,in,6944457577120,1,/apollo/sensor/velodyne64/compensator/PointCloud2,0,0,1784377299944442350,0,0,0,429820,429996
202607182021,e2e_trace_v3,663,72214807020831953,0,perception.pointcloud_preprocess,out,6944466565216,1,/perception/lidar/pointcloud_preprocess,0,0,1784377299944442350,0,0,0,429820,429996
202607182021,e2e_trace_v3,675,72214807020831954,0,perception.pointcloud_preprocess,in,6944574773728,1,/apollo/sensor/velodyne64/compensator/PointCloud2,0,0,1784377300056016106,0,0,0,429820,430001
202607182021,e2e_trace_v3,677,72214807020831954,0,perception.pointcloud_preprocess,out,6944580769664,1,/perception/lidar/pointcloud_preprocess,0,0,1784377300056016106,0,0,0,429820,430001
202607182021,e2e_trace_v3,685,72214807020831955,0,perception.pointcloud_preprocess,in,6944689716768,1,/apollo/sensor/velodyne64/compensator/PointCloud2,0,0,1784377300171560489,0,0,0,429820,430006
202607182021,e2e_trace_v3,699,72214807020831955,0,perception.pointcloud_preprocess,out,6944703820640,1,/perception/lidar/pointcloud_preprocess,0,0,1784377300171560489,0,0,0,429820,430006
202607182021,e2e_trace_v3,709,72214807020831956,0,perception.pointcloud_preprocess,in,6944802249472,1,/apollo/sensor/velodyne64/compensator/PointCloud2,0,0,1784377300284197548,0,0,0,429820,429992
202607182021,e2e_trace_v3,711,72214807020831956,0,perception.pointcloud_preprocess,out,6944807002528,1,/perception/lidar/pointcloud_preprocess,0,0,1784377300284197548,0,0,0,429820,429992
202607182021,e2e_trace_v3,726,72214807020831957,0,perception.pointcloud_preprocess,in,6944925709088,1,/apollo/sensor/velodyne64/compensator/PointCloud2,0,0,1784377300399758583,0,0,0,429820,429994
202607182021,e2e_trace_v3,728,72214807020831957,0,perception.pointcloud_preprocess,out,6944930904096,1,/perception/lidar/pointcloud_preprocess,0,0,1784377300399758583,0,0,0,429820,429994
202607182021,e2e_trace_v3,736,72214807020831958,0,perception.pointcloud_preprocess,in,6945036142688,1,/apollo/sensor/velodyne64/compensator/PointCloud2,0,0,1784377300514866889,0,0,0,429820,430005
202607182021,e2e_trace_v3,743,72214807020831958,0,perception.pointcloud_preprocess,out,6945042005248,1,/perception/lidar/pointcloud_preprocess,0,0,1784377300514866889,0,0,0,429820,430005
202607182021,e2e_trace_v3,753,72214807020831959,0,perception.pointcloud_preprocess,in,6945148613408,1,/apollo/sensor/velodyne64/compensator/PointCloud2,0,0,1784377300631926484,0,0,0,429820,429996
202607182021,e2e_trace_v3,761,72214807020831959,0,perception.pointcloud_preprocess,out,6945154366240,1,/perception/lidar/pointcloud_preprocess,0,0,1784377300631926484,0,0,0,429820,429996
202607182021,e2e_trace_v3,777,72214807020831960,0,perception.pointcloud_preprocess,in,6945263361728,1,/apollo/sensor/velodyne64/compensator/PointCloud2,0,0,1784377300747170305,0,0,0,429820,429992
202607182021,e2e_trace_v3,779,72214807020831960,0,perception.pointcloud_preprocess,out,6945271468992,1,/perception/lidar/pointcloud_preprocess,0,0,1784377300747170305,0,0,0,429820,429992
202607182021,e2e_trace_v3,787,72214807020831961,0,perception.pointcloud_preprocess,in,6945381590656,1,/apollo/sensor/velodyne64/compensator/PointCloud2,0,0,1784377300862620786,0,0,0,429820,430001
202607182021,e2e_trace_v3,788,72214807020831961,0,perception.pointcloud_preprocess,out,6945387019168,1,/perception/lidar/pointcloud_preprocess,0,0,1784377300862620786,0,0,0,429820,430001
202607182021,e2e_trace_v3,801,72214807020831962,0,perception.pointcloud_preprocess,in,6945492164832,1,/apollo/sensor/velodyne64/compensator/PointCloud2,0,0,1784377300978369055,0,0,0,429820,430001
202607182021,e2e_trace_v3,803,72214807020831962,0,perception.pointcloud_preprocess,out,6945497168704,1,/perception/lidar/pointcloud_preprocess,0,0,1784377300978369055,0,0,0,429820,430001
202607182021,e2e_trace_v3,825,72214807020831963,0,perception.pointcloud_preprocess,in,6945612069472,1,/apollo/sensor/velodyne64/compensator/PointCloud2,0,0,1784377301090478807,0,0,0,429820,430003
202607182021,e2e_trace_v3,827,72214807020831963,0,perception.pointcloud_preprocess,out,6945617827104,1,/perception/lidar/pointcloud_preprocess,0,0,1784377301090478807,0,0,0,429820,430003
202607182021,e2e_trace_v3,842,72214807020831964,0,perception.pointcloud_preprocess,in,6945742490592,1,/apollo/sensor/velodyne64/compensator/PointCloud2,0,0,1784377301208362299,0,0,0,429820,429999
202607182021,e2e_trace_v3,844,72214807020831964,0,perception.pointcloud_preprocess,out,6945746393824,1,/perception/lidar/pointcloud_preprocess,0,0,1784377301208362299,0,0,0,429820,429999
202607182021,e2e_trace_v3,852,72214807020831965,0,perception.pointcloud_preprocess,in,6945854689312,1,/apollo/sensor/velodyne64/compensator/PointCloud2,0,0,1784377301336691882,0,0,0,429820,430003
202607182021,e2e_trace_v3,862,72214807020831965,0,perception.pointcloud_preprocess,out,6945860165440,1,/perception/lidar/pointcloud_preprocess,0,0,1784377301336691882,0,0,0,429820,430003
202607182021,e2e_trace_v3,876,72214807020831966,0,perception.pointcloud_preprocess,in,6945968749920,1,/apollo/sensor/velodyne64/compensator/PointCloud2,0,0,1784377301451850706,0,0,0,429820,429998
202607182021,e2e_trace_v3,878,72214807020831966,0,perception.pointcloud_preprocess,out,6945974056384,1,/perception/lidar/pointcloud_preprocess,0,0,1784377301451850706,0,0,0,429820,429998
202607182021,e2e_trace_v3,886,72214807020831967,0,perception.pointcloud_preprocess,in,6946079619744,1,/apollo/sensor/velodyne64/compensator/PointCloud2,0,0,1784377301564632248,0,0,0,429820,429995
202607182021,e2e_trace_v3,894,72214807020831967,0,perception.pointcloud_preprocess,out,6946088206784,1,/perception/lidar/pointcloud_preprocess,0,0,1784377301564632248,0,0,0,429820,429995
202607182021,e2e_trace_v3,900,72214807020831968,0,perception.pointcloud_preprocess,in,6946197287040,1,/apollo/sensor/velodyne64/compensator/PointCloud2,0,0,1784377301678817788,0,0,0,429820,430001
202607182021,e2e_trace_v3,902,72214807020831968,0,perception.pointcloud_preprocess,out,6946201643072,1,/perception/lidar/pointcloud_preprocess,0,0,1784377301678817788,0,0,0,429820,430001
202607182021,e2e_trace_v3,917,72214807020831969,0,perception.pointcloud_preprocess,in,6946310351808,1,/apollo/sensor/velodyne64/compensator/PointCloud2,0,0,1784377301793660057,0,0,0,429820,430002
202607182021,e2e_trace_v3,919,72214807020831969,0,perception.pointcloud_preprocess,out,6946315075392,1,/perception/lidar/pointcloud_preprocess,0,0,1784377301793660057,0,0,0,429820,430002
202607182021,e2e_trace_v3,934,72214807020831970,0,perception.pointcloud_preprocess,in,6946421738528,1,/apollo/sensor/velodyne64/compensator/PointCloud2,0,0,1784377301907748512,0,0,0,429820,430001
202607182021,e2e_trace_v3,944,72214807020831970,0,perception.pointcloud_preprocess,out,6946428501120,1,/perception/lidar/pointcloud_preprocess,0,0,1784377301907748512,0,0,0,429820,430001
202607182021,e2e_trace_v3,958,72214807020831971,0,perception.pointcloud_preprocess,in,6946546271424,1,/apollo/sensor/velodyne64/compensator/PointCloud2,0,0,1784377302020325387,0,0,0,429820,430005
202607182021,e2e_trace_v3,960,72214807020831971,0,perception.pointcloud_preprocess,out,6946550299680,1,/perception/lidar/pointcloud_preprocess,0,0,1784377302020325387,0,0,0,429820,430005
202607182021,e2e_trace_v3,975,72214807020831972,0,perception.pointcloud_preprocess,in,6946665931232,1,/apollo/sensor/velodyne64/compensator/PointCloud2,0,0,1784377302133595793,0,0,0,429820,430002
202607182021,e2e_trace_v3,977,72214807020831972,0,perception.pointcloud_preprocess,out,6946669990528,1,/perception/lidar/pointcloud_preprocess,0,0,1784377302133595793,0,0,0,429820,430002
202607182021,e2e_trace_v3,992,72214807020831973,0,perception.pointcloud_preprocess,in,6946781613984,1,/apollo/sensor/velodyne64/compensator/PointCloud2,0,0,1784377302262746311,0,0,0,429820,429997
202607182021,e2e_trace_v3,993,72214807020831973,0,perception.pointcloud_preprocess,out,6946787139968,1,/perception/lidar/pointcloud_preprocess,0,0,1784377302262746311,0,0,0,429820,429997
202607182021,e2e_trace_v3,1006,72214807020831974,0,perception.pointcloud_preprocess,in,6946906625024,1,/apollo/sensor/velodyne64/compensator/PointCloud2,0,0,1784377302376927342,0,0,0,429820,429992
202607182021,e2e_trace_v3,1007,72214807020831974,0,perception.pointcloud_preprocess,out,6946911520000,1,/perception/lidar/pointcloud_preprocess,0,0,1784377302376927342,0,0,0,429820,429992
202607182021,e2e_trace_v3,1023,72214807020831975,0,perception.pointcloud_preprocess,in,6947020033280,1,/apollo/sensor/velodyne64/compensator/PointCloud2,0,0,1784377302505043752,0,0,0,429820,429991
202607182021,e2e_trace_v3,1025,72214807020831975,0,perception.pointcloud_preprocess,out,6947025346240,1,/perception/lidar/pointcloud_preprocess,0,0,1784377302505043752,0,0,0,429820,429991
202607182021,e2e_trace_v3,1033,72214807020831976,0,perception.pointcloud_preprocess,in,6947138819168,1,/apollo/sensor/velodyne64/compensator/PointCloud2,0,0,1784377302618226265,0,0,0,429820,430001
202607182021,e2e_trace_v3,1042,72214807020831976,0,perception.pointcloud_preprocess,out,6947144881824,1,/perception/lidar/pointcloud_preprocess,0,0,1784377302618226265,0,0,0,429820,430001
202607182021,e2e_trace_v3,1050,72214807020831977,0,perception.pointcloud_preprocess,in,6947255711680,1,/apollo/sensor/velodyne64/compensator/PointCloud2,0,0,1784377302736584647,0,0,0,429820,429995
202607182021,e2e_trace_v3,1054,72214807020831977,0,perception.pointcloud_preprocess,out,6947260462208,1,/perception/lidar/pointcloud_preprocess,0,0,1784377302736584647,0,0,0,429820,429995
202607182021,e2e_trace_v3,1067,72214807020831978,0,perception.pointcloud_preprocess,in,6947365240704,1,/apollo/sensor/velodyne64/compensator/PointCloud2,0,0,1784377302849908536,0,0,0,429820,429997
202607182021,e2e_trace_v3,1069,72214807020831978,0,perception.pointcloud_preprocess,out,6947369229216,1,/perception/lidar/pointcloud_preprocess,0,0,1784377302849908536,0,0,0,429820,429997
202607182021,e2e_trace_v3,1089,72214807020831979,0,perception.pointcloud_preprocess,in,6947479134848,1,/apollo/sensor/velodyne64/compensator/PointCloud2,0,0,1784377302962425780,0,0,0,429820,429995
202607182021,e2e_trace_v3,1092,72214807020831979,0,perception.pointcloud_preprocess,out,6947483213216,1,/perception/lidar/pointcloud_preprocess,0,0,1784377302962425780,0,0,0,429820,429995
202607182021,e2e_trace_v3,1108,72214807020831980,0,perception.pointcloud_preprocess,in,6947599549920,1,/apollo/sensor/velodyne64/compensator/PointCloud2,0,0,1784377303078243952,0,0,0,429820,430003
202607182021,e2e_trace_v3,1109,72214807020831980,0,perception.pointcloud_preprocess,out,6947604998176,1,/perception/lidar/pointcloud_preprocess,0,0,1784377303078243952,0,0,0,429820,430003
202607182021,e2e_trace_v3,1125,72214807020831981,0,perception.pointcloud_preprocess,in,6947721891488,1,/apollo/sensor/velodyne64/compensator/PointCloud2,0,0,1784377303195911293,0,0,0,429820,430003
202607182021,e2e_trace_v3,1127,72214807020831981,0,perception.pointcloud_preprocess,out,6947730883008,1,/perception/lidar/pointcloud_preprocess,0,0,1784377303195911293,0,0,0,429820,430003
202607182021,e2e_trace_v3,1135,72214807020831982,0,perception.pointcloud_preprocess,in,6947855568000,1,/apollo/sensor/velodyne64/compensator/PointCloud2,0,0,1784377303320376226,0,0,0,429820,429992
202607182021,e2e_trace_v3,1142,72214807020831982,0,perception.pointcloud_preprocess,out,6947859452544,1,/perception/lidar/pointcloud_preprocess,0,0,1784377303320376226,0,0,0,429820,429992
202607182021,e2e_trace_v3,1159,72214807020831983,0,perception.pointcloud_preprocess,in,6947981493920,1,/apollo/sensor/velodyne64/compensator/PointCloud2,0,0,1784377303452248525,0,0,0,429820,429999
202607182021,e2e_trace_v3,1161,72214807020831983,0,perception.pointcloud_preprocess,out,6947990996736,1,/perception/lidar/pointcloud_preprocess,0,0,1784377303452248525,0,0,0,429820,429999
202607182021,e2e_trace_v3,1169,72214807020831984,0,perception.pointcloud_preprocess,in,6948097028352,1,/apollo/sensor/velodyne64/compensator/PointCloud2,0,0,1784377303577554692,0,0,0,429820,430003
202607182021,e2e_trace_v3,1170,72214807020831984,0,perception.pointcloud_preprocess,out,6948102056704,1,/perception/lidar/pointcloud_preprocess,0,0,1784377303577554692,0,0,0,429820,430003
202607182021,e2e_trace_v3,1190,72214807020831985,0,perception.pointcloud_preprocess,in,6948229770752,1,/apollo/sensor/velodyne64/compensator/PointCloud2,0,0,1784377303691281516,0,0,0,429820,430001
202607182021,e2e_trace_v3,1191,72214807020831985,0,perception.pointcloud_preprocess,out,6948234414240,1,/perception/lidar/pointcloud_preprocess,0,0,1784377303691281516,0,0,0,429820,430001
202607182021,e2e_trace_v3,1207,72214807020831986,0,perception.pointcloud_preprocess,in,6948349265568,1,/apollo/sensor/velodyne64/compensator/PointCloud2,0,0,1784377303825097740,0,0,0,429820,429995
202607182021,e2e_trace_v3,1209,72214807020831986,0,perception.pointcloud_preprocess,out,6948354634784,1,/perception/lidar/pointcloud_preprocess,0,0,1784377303825097740,0,0,0,429820,429995
202607182021,e2e_trace_v3,1217,72214807020831987,0,perception.pointcloud_preprocess,in,6948463222368,1,/apollo/sensor/velodyne64/compensator/PointCloud2,0,0,1784377303943600977,0,0,0,429820,429997
202607182021,e2e_trace_v3,1226,72214807020831987,0,perception.pointcloud_preprocess,out,6948467217152,1,/perception/lidar/pointcloud_preprocess,0,0,1784377303943600977,0,0,0,429820,429997
202607182021,e2e_trace_v3,1241,72214807020831988,0,perception.pointcloud_preprocess,in,6948581484320,1,/apollo/sensor/velodyne64/compensator/PointCloud2,0,0,1784377304059127936,0,0,0,429820,429998
202607182021,e2e_trace_v3,1243,72214807020831988,0,perception.pointcloud_preprocess,out,6948588453280,1,/perception/lidar/pointcloud_preprocess,0,0,1784377304059127936,0,0,0,429820,429998
202607182021,e2e_trace_v3,1251,72214807020831989,0,perception.pointcloud_preprocess,in,6948695483968,1,/apollo/sensor/velodyne64/compensator/PointCloud2,0,0,1784377304177383701,0,0,0,429820,430005
202607182021,e2e_trace_v3,1260,72214807020831989,0,perception.pointcloud_preprocess,out,6948703206144,1,/perception/lidar/pointcloud_preprocess,0,0,1784377304177383701,0,0,0,429820,430005
202607182021,e2e_trace_v3,1274,72214807020831990,0,perception.pointcloud_preprocess,in,6948820892064,1,/apollo/sensor/velodyne64/compensator/PointCloud2,0,0,1784377304293167170,0,0,0,429820,430002
202607182021,e2e_trace_v3,1278,72214807020831990,0,perception.pointcloud_preprocess,out,6948824801664,1,/perception/lidar/pointcloud_preprocess,0,0,1784377304293167170,0,0,0,429820,430002
202607182021,e2e_trace_v3,1292,72214807020831991,0,perception.pointcloud_preprocess,in,6948932920576,1,/apollo/sensor/velodyne64/compensator/PointCloud2,0,0,1784377304416472441,0,0,0,429820,430002
202607182021,e2e_trace_v3,1294,72214807020831991,0,perception.pointcloud_preprocess,out,6948940763104,1,/perception/lidar/pointcloud_preprocess,0,0,1784377304416472441,0,0,0,429820,430002
202607182021,e2e_trace_v3,1309,72214807020831992,0,perception.pointcloud_preprocess,in,6949049104320,1,/apollo/sensor/velodyne64/compensator/PointCloud2,0,0,1784377304528726186,0,0,0,429820,429995
202607182021,e2e_trace_v3,1311,72214807020831992,0,perception.pointcloud_preprocess,out,6949056897088,1,/perception/lidar/pointcloud_preprocess,0,0,1784377304528726186,0,0,0,429820,429995
202607182021,e2e_trace_v3,1319,72214807020831993,0,perception.pointcloud_preprocess,in,6949160801824,1,/apollo/sensor/velodyne64/compensator/PointCloud2,0,0,1784377304641628590,0,0,0,429820,430002
202607182021,e2e_trace_v3,1328,72214807020831993,0,perception.pointcloud_preprocess,out,6949169182240,1,/perception/lidar/pointcloud_preprocess,0,0,1784377304641628590,0,0,0,429820,430002
202607182021,e2e_trace_v3,1336,72214807020831994,0,perception.pointcloud_preprocess,in,6949273715584,1,/apollo/sensor/velodyne64/compensator/PointCloud2,0,0,1784377304756365823,0,0,0,429820,430001
202607182021,e2e_trace_v3,1338,72214807020831994,0,perception.pointcloud_preprocess,out,6949277869248,1,/perception/lidar/pointcloud_preprocess,0,0,1784377304756365823,0,0,0,429820,430001
202607182021,e2e_trace_v3,1353,72214807020831995,0,perception.pointcloud_preprocess,in,6949386779392,1,/apollo/sensor/velodyne64/compensator/PointCloud2,0,0,1784377304869348621,0,0,0,429820,429994
202607182021,e2e_trace_v3,1355,72214807020831995,0,perception.pointcloud_preprocess,out,6949391082496,1,/perception/lidar/pointcloud_preprocess,0,0,1784377304869348621,0,0,0,429820,429994
202607182021,e2e_trace_v3,1370,72214807020831996,0,perception.pointcloud_preprocess,in,6949504325920,1,/apollo/sensor/velodyne64/compensator/PointCloud2,0,0,1784377304981218752,0,0,0,429820,430003
202607182021,e2e_trace_v3,1372,72214807020831996,0,perception.pointcloud_preprocess,out,6949508214080,1,/perception/lidar/pointcloud_preprocess,0,0,1784377304981218752,0,0,0,429820,430003
202607182021,e2e_trace_v3,1394,72214807020831997,0,perception.pointcloud_preprocess,in,6949616461600,1,/apollo/sensor/velodyne64/compensator/PointCloud2,0,0,1784377305099728703,0,0,0,429820,429994
202607182021,e2e_trace_v3,1396,72214807020831997,0,perception.pointcloud_preprocess,out,6949621442240,1,/perception/lidar/pointcloud_preprocess,0,0,1784377305099728703,0,0,0,429820,429994
202607182021,e2e_trace_v3,1404,72214807020831998,0,perception.pointcloud_preprocess,in,6949733823616,1,/apollo/sensor/velodyne64/compensator/PointCloud2,0,0,1784377305214103442,0,0,0,429820,429996
202607182021,e2e_trace_v3,1413,72214807020831998,0,perception.pointcloud_preprocess,out,6949741304896,1,/perception/lidar/pointcloud_preprocess,0,0,1784377305214103442,0,0,0,429820,429996
202607182021,e2e_trace_v3,1421,72214807020831999,0,perception.pointcloud_preprocess,in,6949848144096,1,/apollo/sensor/velodyne64/compensator/PointCloud2,0,0,1784377305328178142,0,0,0,429820,429997
202607182021,e2e_trace_v3,1423,72214807020831999,0,perception.pointcloud_preprocess,out,6949852543392,1,/perception/lidar/pointcloud_preprocess,0,0,1784377305328178142,0,0,0,429820,429997
202607182021,e2e_trace_v3,1445,72214807020832000,0,perception.pointcloud_preprocess,in,6949967359168,1,/apollo/sensor/velodyne64/compensator/PointCloud2,0,0,1784377305442635337,0,0,0,429820,429996
202607182021,e2e_trace_v3,1447,72214807020832000,0,perception.pointcloud_preprocess,out,6949975745536,1,/perception/lidar/pointcloud_preprocess,0,0,1784377305442635337,0,0,0,429820,429996
202607182021,e2e_trace_v3,1462,72214807020832001,0,perception.pointcloud_preprocess,in,6950097577152,1,/apollo/sensor/velodyne64/compensator/PointCloud2,0,0,1784377305564590986,0,0,0,429820,429997
202607182021,e2e_trace_v3,1464,72214807020832001,0,perception.pointcloud_preprocess,out,6950101978880,1,/perception/lidar/pointcloud_preprocess,0,0,1784377305564590986,0,0,0,429820,429997
202607182021,e2e_trace_v3,1472,72214807020832002,0,perception.pointcloud_preprocess,in,6950212466784,1,/apollo/sensor/velodyne64/compensator/PointCloud2,0,0,1784377305694769493,0,0,0,429820,429996
202607182021,e2e_trace_v3,1481,72214807020832002,0,perception.pointcloud_preprocess,out,6950221419488,1,/perception/lidar/pointcloud_preprocess,0,0,1784377305694769493,0,0,0,429820,429996
202607182021,e2e_trace_v3,1489,72214807020832003,0,perception.pointcloud_preprocess,in,6950324667840,1,/apollo/sensor/velodyne64/compensator/PointCloud2,0,0,1784377305809620803,0,0,0,429820,429995
202607182021,e2e_trace_v3,1491,72214807020832003,0,perception.pointcloud_preprocess,out,6950335983264,1,/perception/lidar/pointcloud_preprocess,0,0,1784377305809620803,0,0,0,429820,429995
202607182021,e2e_trace_v3,1506,72214807020832004,0,perception.pointcloud_preprocess,in,6950442019328,1,/apollo/sensor/velodyne64/compensator/PointCloud2,0,0,1784377305924265207,0,0,0,429820,430006
202607182021,e2e_trace_v3,1507,72214807020832004,0,perception.pointcloud_preprocess,out,6950446544352,1,/perception/lidar/pointcloud_preprocess,0,0,1784377305924265207,0,0,0,429820,430006
202607182021,e2e_trace_v3,1527,72214807020832005,0,perception.pointcloud_preprocess,in,6950555475168,1,/apollo/sensor/velodyne64/compensator/PointCloud2,0,0,1784377306038520911,0,0,0,429820,430000
202607182021,e2e_trace_v3,1528,72214807020832005,0,perception.pointcloud_preprocess,out,6950559459296,1,/perception/lidar/pointcloud_preprocess,0,0,1784377306038520911,0,0,0,429820,430000
202607182021,e2e_trace_v3,1544,72214807020832006,0,perception.pointcloud_preprocess,in,6950668268384,1,/apollo/sensor/velodyne64/compensator/PointCloud2,0,0,1784377306152076217,0,0,0,429820,430001
202607182021,e2e_trace_v3,1546,72214807020832006,0,perception.pointcloud_preprocess,out,6950672245888,1,/perception/lidar/pointcloud_preprocess,0,0,1784377306152076217,0,0,0,429820,430001
202607182021,e2e_trace_v3,1554,72214807020832007,0,perception.pointcloud_preprocess,in,6950780857984,1,/apollo/sensor/velodyne64/compensator/PointCloud2,0,0,1784377306265743880,0,0,0,429820,429996
202607182021,e2e_trace_v3,1563,72214807020832007,0,perception.pointcloud_preprocess,out,6950788136736,1,/perception/lidar/pointcloud_preprocess,0,0,1784377306265743880,0,0,0,429820,429996
202607182021,e2e_trace_v3,1571,72214807020832008,0,perception.pointcloud_preprocess,in,6950895459200,1,/apollo/sensor/velodyne64/compensator/PointCloud2,0,0,1784377306378150823,0,0,0,429820,429999
202607182021,e2e_trace_v3,1573,72214807020832008,0,perception.pointcloud_preprocess,out,6950903408992,1,/perception/lidar/pointcloud_preprocess,0,0,1784377306378150823,0,0,0,429820,429999
202607182021,e2e_trace_v3,1588,72214807020832009,0,perception.pointcloud_preprocess,in,6951006907648,1,/apollo/sensor/velodyne64/compensator/PointCloud2,0,0,1784377306490954402,0,0,0,429820,430007
202607182021,e2e_trace_v3,1590,72214807020832009,0,perception.pointcloud_preprocess,out,6951011436928,1,/perception/lidar/pointcloud_preprocess,0,0,1784377306490954402,0,0,0,429820,430007
202607182021,e2e_trace_v3,1612,72214807020832010,0,perception.pointcloud_preprocess,in,6951137837408,1,/apollo/sensor/velodyne64/compensator/PointCloud2,0,0,1784377306605196282,0,0,0,429820,430005
202607182021,e2e_trace_v3,1614,72214807020832010,0,perception.pointcloud_preprocess,out,6951146772448,1,/perception/lidar/pointcloud_preprocess,0,0,1784377306605196282,0,0,0,429820,430005
202607182021,e2e_trace_v3,1622,72214807020832011,0,perception.pointcloud_preprocess,in,6951254905024,1,/apollo/sensor/velodyne64/compensator/PointCloud2,0,0,1784377306737452392,0,0,0,429820,430004
202607182021,e2e_trace_v3,1623,72214807020832011,0,perception.pointcloud_preprocess,out,6951264372192,1,/perception/lidar/pointcloud_preprocess,0,0,1784377306737452392,0,0,0,429820,430004
202607182021,e2e_trace_v3,1636,72214807020832012,0,perception.pointcloud_preprocess,in,6951369659360,1,/apollo/sensor/velodyne64/compensator/PointCloud2,0,0,1784377306853735016,0,0,0,429820,430004
202607182021,e2e_trace_v3,1641,72214807020832012,0,perception.pointcloud_preprocess,out,6951376528032,1,/perception/lidar/pointcloud_preprocess,0,0,1784377306853735016,0,0,0,429820,430004
202607182021,e2e_trace_v3,1653,72214807020832013,0,perception.pointcloud_preprocess,in,6951482456160,1,/apollo/sensor/velodyne64/compensator/PointCloud2,0,0,1784377306966219562,0,0,0,429820,430003
202607182021,e2e_trace_v3,1659,72214807020832013,0,perception.pointcloud_preprocess,out,6951488709088,1,/perception/lidar/pointcloud_preprocess,0,0,1784377306966219562,0,0,0,429820,430003
202607182021,e2e_trace_v3,1667,72214807020832014,0,perception.pointcloud_preprocess,in,6951593611648,1,/apollo/sensor/velodyne64/compensator/PointCloud2,0,0,1784377307079159443,0,0,0,429820,429992
202607182021,e2e_trace_v3,1668,72214807020832014,0,perception.pointcloud_preprocess,out,6951599012224,1,/perception/lidar/pointcloud_preprocess,0,0,1784377307079159443,0,0,0,429820,429992
202607182021,e2e_trace_v3,1691,72214807020832015,0,perception.pointcloud_preprocess,in,6951710038752,1,/apollo/sensor/velodyne64/compensator/PointCloud2,0,0,1784377307192351613,0,0,0,429820,429994
202607182021,e2e_trace_v3,1693,72214807020832015,0,perception.pointcloud_preprocess,out,6951714091104,1,/perception/lidar/pointcloud_preprocess,0,0,1784377307192351613,0,0,0,429820,429994
202607182021,e2e_trace_v3,1708,72214807020832016,0,perception.pointcloud_preprocess,in,6951833066016,1,/apollo/sensor/velodyne64/compensator/PointCloud2,0,0,1784377307308739290,0,0,0,429820,429998
202607182021,e2e_trace_v3,1710,72214807020832016,0,perception.pointcloud_preprocess,out,6951836970848,1,/perception/lidar/pointcloud_preprocess,0,0,1784377307308739290,0,0,0,429820,429998
202607182021,e2e_trace_v3,1725,72214807020832017,0,perception.pointcloud_preprocess,in,6951955905440,1,/apollo/sensor/velodyne64/compensator/PointCloud2,0,0,1784377307424158671,0,0,0,429820,429992
202607182021,e2e_trace_v3,1727,72214807020832017,0,perception.pointcloud_preprocess,out,6951959866688,1,/perception/lidar/pointcloud_preprocess,0,0,1784377307424158671,0,0,0,429820,429992
202607182021,e2e_trace_v3,1742,72214807020832018,0,perception.pointcloud_preprocess,in,6952088152736,1,/apollo/sensor/velodyne64/compensator/PointCloud2,0,0,1784377307551653258,0,0,0,429820,429999
202607182021,e2e_trace_v3,1745,72214807020832018,0,perception.pointcloud_preprocess,out,6952094609472,1,/perception/lidar/pointcloud_preprocess,0,0,1784377307551653258,0,0,0,429820,429999
202607182021,e2e_trace_v3,1752,72214807020832019,0,perception.pointcloud_preprocess,in,6952200724128,1,/apollo/sensor/velodyne64/compensator/PointCloud2,0,0,1784377307685780473,0,0,0,429820,429992
202607182021,e2e_trace_v3,1761,72214807020832019,0,perception.pointcloud_preprocess,out,6952210021920,1,/perception/lidar/pointcloud_preprocess,0,0,1784377307685780473,0,0,0,429820,429992
202607182021,e2e_trace_v3,1769,72214807020832020,0,perception.pointcloud_preprocess,in,6952317926048,1,/apollo/sensor/velodyne64/compensator/PointCloud2,0,0,1784377307798541927,0,0,0,429820,429995
202607182021,e2e_trace_v3,1771,72214807020832020,0,perception.pointcloud_preprocess,out,6952322515392,1,/perception/lidar/pointcloud_preprocess,0,0,1784377307798541927,0,0,0,429820,429995
202607182021,e2e_trace_v3,1786,72214807020832021,0,perception.pointcloud_preprocess,in,6952445721408,1,/apollo/sensor/velodyne64/compensator/PointCloud2,0,0,1784377307916895007,0,0,0,429820,430005
202607182021,e2e_trace_v3,1795,72214807020832021,0,perception.pointcloud_preprocess,out,6952449986400,1,/perception/lidar/pointcloud_preprocess,0,0,1784377307916895007,0,0,0,429820,430005
202607182021,e2e_trace_v3,1810,72214807020832022,0,perception.pointcloud_preprocess,in,6952559030016,1,/apollo/sensor/velodyne64/compensator/PointCloud2,0,0,1784377308042272863,0,0,0,429820,429994
202607182021,e2e_trace_v3,1812,72214807020832022,0,perception.pointcloud_preprocess,out,6952563158752,1,/perception/lidar/pointcloud_preprocess,0,0,1784377308042272863,0,0,0,429820,429994
202607182021,e2e_trace_v3,1820,72214807020832023,0,perception.pointcloud_preprocess,in,6952671198688,1,/apollo/sensor/velodyne64/compensator/PointCloud2,0,0,1784377308155872960,0,0,0,429820,429996
202607182021,e2e_trace_v3,1822,72214807020832023,0,perception.pointcloud_preprocess,out,6952676434400,1,/perception/lidar/pointcloud_preprocess,0,0,1784377308155872960,0,0,0,429820,429996
202607182021,e2e_trace_v3,1844,72214807020832024,0,perception.pointcloud_preprocess,in,6952789841536,1,/apollo/sensor/velodyne64/compensator/PointCloud2,0,0,1784377308268418211,0,0,0,429820,430002
202607182021,e2e_trace_v3,1846,72214807020832024,0,perception.pointcloud_preprocess,out,6952796215456,1,/perception/lidar/pointcloud_preprocess,0,0,1784377308268418211,0,0,0,429820,430002
202607182021,e2e_trace_v3,1854,72214807020832025,0,perception.pointcloud_preprocess,in,6952912033536,1,/apollo/sensor/velodyne64/compensator/PointCloud2,0,0,1784377308389173378,0,0,0,429820,429999
202607182021,e2e_trace_v3,1863,72214807020832025,0,perception.pointcloud_preprocess,out,6952917473440,1,/perception/lidar/pointcloud_preprocess,0,0,1784377308389173378,0,0,0,429820,429999
202607182021,e2e_trace_v3,1871,72214807020832026,0,perception.pointcloud_preprocess,in,6953029854176,1,/apollo/sensor/velodyne64/compensator/PointCloud2,0,0,1784377308509067916,0,0,0,429820,430003
202607182021,e2e_trace_v3,1880,72214807020832026,0,perception.pointcloud_preprocess,out,6953037557888,1,/perception/lidar/pointcloud_preprocess,0,0,1784377308509067916,0,0,0,429820,430003
202607182021,e2e_trace_v3,1888,72214807020832027,0,perception.pointcloud_preprocess,in,6953145727776,1,/apollo/sensor/velodyne64/compensator/PointCloud2,0,0,1784377308623419164,0,0,0,429820,429997
202607182021,e2e_trace_v3,1890,72214807020832027,0,perception.pointcloud_preprocess,out,6953152533952,1,/perception/lidar/pointcloud_preprocess,0,0,1784377308623419164,0,0,0,429820,429997
202607182021,e2e_trace_v3,1912,72214807020832028,0,perception.pointcloud_preprocess,in,6953300623840,1,/apollo/sensor/velodyne64/compensator/PointCloud2,0,0,1784377308738878467,0,0,0,429820,429996
202607182021,e2e_trace_v3,1913,72214807020832028,0,perception.pointcloud_preprocess,out,6953307234112,1,/perception/lidar/pointcloud_preprocess,0,0,1784377308738878467,0,0,0,429820,429996
202607182021,e2e_trace_v3,1919,72214807020832029,0,perception.pointcloud_preprocess,in,6953407543936,1,/apollo/sensor/velodyne64/compensator/PointCloud2,0,0,1784377308891964710,0,0,0,429820,430001
202607182021,e2e_trace_v3,1920,72214807020832029,0,perception.pointcloud_preprocess,out,6953417116128,1,/perception/lidar/pointcloud_preprocess,0,0,1784377308891964710,0,0,0,429820,430001
202607182021,e2e_trace_v3,1933,72214807020832030,0,perception.pointcloud_preprocess,in,6953520582016,1,/apollo/sensor/velodyne64/compensator/PointCloud2,0,0,1784377309004359886,0,0,0,429820,429991
202607182021,e2e_trace_v3,1934,72214807020832030,0,perception.pointcloud_preprocess,out,6953526453856,1,/perception/lidar/pointcloud_preprocess,0,0,1784377309004359886,0,0,0,429820,429991
202607182021,e2e_trace_v3,1956,72214807020832031,0,perception.pointcloud_preprocess,in,6953634997632,1,/apollo/sensor/velodyne64/compensator/PointCloud2,0,0,1784377309118296428,0,0,0,429820,429998
202607182021,e2e_trace_v3,1959,72214807020832031,0,perception.pointcloud_preprocess,out,6953639305280,1,/perception/lidar/pointcloud_preprocess,0,0,1784377309118296428,0,0,0,429820,429998
202607182021,e2e_trace_v3,1974,72214807020832032,0,perception.pointcloud_preprocess,in,6953754901024,1,/apollo/sensor/velodyne64/compensator/PointCloud2,0,0,1784377309234014948,0,0,0,429820,429991
202607182021,e2e_trace_v3,1976,72214807020832032,0,perception.pointcloud_preprocess,out,6953760700640,1,/perception/lidar/pointcloud_preprocess,0,0,1784377309234014948,0,0,0,429820,429991
202607182021,e2e_trace_v3,1991,72214807020832033,0,perception.pointcloud_preprocess,in,6953866953856,1,/apollo/sensor/velodyne64/compensator/PointCloud2,0,0,1784377309348763893,0,0,0,429820,430006
202607182021,e2e_trace_v3,1993,72214807020832033,0,perception.pointcloud_preprocess,out,6953872484928,1,/perception/lidar/pointcloud_preprocess,0,0,1784377309348763893,0,0,0,429820,430006
202607182021,e2e_trace_v3,2007,72214807020832034,0,perception.pointcloud_preprocess,in,6953978381088,1,/apollo/sensor/velodyne64/compensator/PointCloud2,0,0,1784377309462077195,0,0,0,429820,430007
202607182021,e2e_trace_v3,2010,72214807020832034,0,perception.pointcloud_preprocess,out,6953982254912,1,/perception/lidar/pointcloud_preprocess,0,0,1784377309462077195,0,0,0,429820,430007
202607182021,e2e_trace_v3,2025,72214807020832035,0,perception.pointcloud_preprocess,in,6954090570656,1,/apollo/sensor/velodyne64/compensator/PointCloud2,0,0,1784377309576223108,0,0,0,429820,430005
202607182021,e2e_trace_v3,2027,72214807020832035,0,perception.pointcloud_preprocess,out,6954094475392,1,/perception/lidar/pointcloud_preprocess,0,0,1784377309576223108,0,0,0,429820,430005
202607182021,e2e_trace_v3,2042,72214807020832036,0,perception.pointcloud_preprocess,in,6954211971744,1,/apollo/sensor/velodyne64/compensator/PointCloud2,0,0,1784377309687437446,0,0,0,429820,429998
202607182021,e2e_trace_v3,2044,72214807020832036,0,perception.pointcloud_preprocess,out,6954217513504,1,/perception/lidar/pointcloud_preprocess,0,0,1784377309687437446,0,0,0,429820,429998
202607182021,e2e_trace_v3,2059,72214807020832037,0,perception.pointcloud_preprocess,in,6954328950336,1,/apollo/sensor/velodyne64/compensator/PointCloud2,0,0,1784377309807533728,0,0,0,429820,429997
202607182021,e2e_trace_v3,2061,72214807020832037,0,perception.pointcloud_preprocess,out,6954333333152,1,/perception/lidar/pointcloud_preprocess,0,0,1784377309807533728,0,0,0,429820,429997
202607182021,e2e_trace_v3,2076,72214807020832038,0,perception.pointcloud_preprocess,in,6954455741568,1,/apollo/sensor/velodyne64/compensator/PointCloud2,0,0,1784377309923174226,0,0,0,429820,429995
202607182021,e2e_trace_v3,2077,72214807020832038,0,perception.pointcloud_preprocess,out,6954465111008,1,/perception/lidar/pointcloud_preprocess,0,0,1784377309923174226,0,0,0,429820,429995
202607182021,e2e_trace_v3,2086,72214807020832039,0,perception.pointcloud_preprocess,in,6954569848608,1,/apollo/sensor/velodyne64/compensator/PointCloud2,0,0,1784377310047018960,0,0,0,429820,430003
202607182021,e2e_trace_v3,2096,72214807020832039,0,perception.pointcloud_preprocess,out,6954580455648,1,/perception/lidar/pointcloud_preprocess,0,0,1784377310047018960,0,0,0,429820,430003
202607182021,e2e_trace_v3,2103,72214807020832040,0,perception.pointcloud_preprocess,in,6954683330048,1,/apollo/sensor/velodyne64/compensator/PointCloud2,0,0,1784377310164164116,0,0,0,429820,429998
202607182021,e2e_trace_v3,2105,72214807020832040,0,perception.pointcloud_preprocess,out,6954688860192,1,/perception/lidar/pointcloud_preprocess,0,0,1784377310164164116,0,0,0,429820,429998
202607182021,e2e_trace_v3,2120,72214807020832041,0,perception.pointcloud_preprocess,in,6954799790208,1,/apollo/sensor/velodyne64/compensator/PointCloud2,0,0,1784377310279717634,0,0,0,429820,430004
202607182021,e2e_trace_v3,2128,72214807020832041,0,perception.pointcloud_preprocess,out,6954803652704,1,/perception/lidar/pointcloud_preprocess,0,0,1784377310279717634,0,0,0,429820,430004
202607182021,e2e_trace_v3,2137,72214807020832042,0,perception.pointcloud_preprocess,in,6954909739968,1,/apollo/sensor/velodyne64/compensator/PointCloud2,0,0,1784377310395930229,0,0,0,429820,429995
202607182021,e2e_trace_v3,2139,72214807020832042,0,perception.pointcloud_preprocess,out,6954915202528,1,/perception/lidar/pointcloud_preprocess,0,0,1784377310395930229,0,0,0,429820,429995
202607182021,e2e_trace_v3,2161,72214807020832043,0,perception.pointcloud_preprocess,in,6955028600576,1,/apollo/sensor/velodyne64/compensator/PointCloud2,0,0,1784377310509108649,0,0,0,429820,430000
202607182021,e2e_trace_v3,2163,72214807020832043,0,perception.pointcloud_preprocess,out,6955034349312,1,/perception/lidar/pointcloud_preprocess,0,0,1784377310509108649,0,0,0,429820,430000
202607182021,e2e_trace_v3,2178,72214807020832044,0,perception.pointcloud_preprocess,in,6955179646432,1,/apollo/sensor/velodyne64/compensator/PointCloud2,0,0,1784377310625031707,0,0,0,429820,430004
202607182021,e2e_trace_v3,2180,72214807020832044,0,perception.pointcloud_preprocess,out,6955184841472,1,/perception/lidar/pointcloud_preprocess,0,0,1784377310625031707,0,0,0,429820,430004
202607182021,e2e_trace_v3,2192,72214807020832045,0,perception.pointcloud_preprocess,in,6955291733728,1,/apollo/sensor/velodyne64/compensator/PointCloud2,0,0,1784377310774486172,0,0,0,429820,430004
202607182021,e2e_trace_v3,2197,72214807020832045,0,perception.pointcloud_preprocess,out,6955296495264,1,/perception/lidar/pointcloud_preprocess,0,0,1784377310774486172,0,0,0,429820,430004
202607182021,e2e_trace_v3,2211,72214807020832046,0,perception.pointcloud_preprocess,in,6955402902048,1,/apollo/sensor/velodyne64/compensator/PointCloud2,0,0,1784377310886530647,0,0,0,429820,429994
202607182021,e2e_trace_v3,2214,72214807020832046,0,perception.pointcloud_preprocess,out,6955411375488,1,/perception/lidar/pointcloud_preprocess,0,0,1784377310886530647,0,0,0,429820,429994
202607182021,e2e_trace_v3,2222,72214807020832047,0,perception.pointcloud_preprocess,in,6955518244704,1,/apollo/sensor/velodyne64/compensator/PointCloud2,0,0,1784377310998185783,0,0,0,429820,430002
202607182021,e2e_trace_v3,2228,72214807020832047,0,perception.pointcloud_preprocess,out,6955522199104,1,/perception/lidar/pointcloud_preprocess,0,0,1784377310998185783,0,0,0,429820,430002
202607182021,e2e_trace_v3,2246,72214807020832048,0,perception.pointcloud_preprocess,in,6955631962272,1,/apollo/sensor/velodyne64/compensator/PointCloud2,0,0,1784377311111794772,0,0,0,429820,430006
202607182021,e2e_trace_v3,2249,72214807020832048,0,perception.pointcloud_preprocess,out,6955640349856,1,/perception/lidar/pointcloud_preprocess,0,0,1784377311111794772,0,0,0,429820,430006
202607182021,e2e_trace_v3,2256,72214807020832049,0,perception.pointcloud_preprocess,in,6955749491296,1,/apollo/sensor/velodyne64/compensator/PointCloud2,0,0,1784377311227042384,0,0,0,429820,429997
202607182021,e2e_trace_v3,2265,72214807020832049,0,perception.pointcloud_preprocess,out,6955753340032,1,/perception/lidar/pointcloud_preprocess,0,0,1784377311227042384,0,0,0,429820,429997
202607182021,e2e_trace_v3,2280,72214807020832050,0,perception.pointcloud_preprocess,in,6955863002080,1,/apollo/sensor/velodyne64/compensator/PointCloud2,0,0,1784377311344436859,0,0,0,429820,429991
202607182021,e2e_trace_v3,2282,72214807020832050,0,perception.pointcloud_preprocess,out,6955869928000,1,/perception/lidar/pointcloud_preprocess,0,0,1784377311344436859,0,0,0,429820,429991
202607182021,e2e_trace_v3,2297,72214807020832051,0,perception.pointcloud_preprocess,in,6956006628544,1,/apollo/sensor/velodyne64/compensator/PointCloud2,0,0,1784377311457975565,0,0,0,429820,429991
202607182021,e2e_trace_v3,2300,72214807020832051,0,perception.pointcloud_preprocess,out,6956016366336,1,/perception/lidar/pointcloud_preprocess,0,0,1784377311457975565,0,0,0,429820,429991
202607182021,e2e_trace_v3,2314,72214807020832052,0,perception.pointcloud_preprocess,in,6956144758336,1,/apollo/sensor/velodyne64/compensator/PointCloud2,0,0,1784377311602112068,0,0,0,429820,429998
202607182021,e2e_trace_v3,2316,72214807020832052,0,perception.pointcloud_preprocess,out,6956149275520,1,/perception/lidar/pointcloud_preprocess,0,0,1784377311602112068,0,0,0,429820,429998
202607182021,e2e_trace_v3,2324,72214807020832053,0,perception.pointcloud_preprocess,in,6956252574208,1,/apollo/sensor/velodyne64/compensator/PointCloud2,0,0,1784377311736924393,0,0,0,429820,429991
202607182021,e2e_trace_v3,2333,72214807020832053,0,perception.pointcloud_preprocess,out,6956261850176,1,/perception/lidar/pointcloud_preprocess,0,0,1784377311736924393,0,0,0,429820,429991
202607182021,e2e_trace_v3,2341,72214807020832054,0,perception.pointcloud_preprocess,in,6956368095936,1,/apollo/sensor/velodyne64/compensator/PointCloud2,0,0,1784377311848220668,0,0,0,429820,430001
202607182021,e2e_trace_v3,2343,72214807020832054,0,perception.pointcloud_preprocess,out,6956373516576,1,/perception/lidar/pointcloud_preprocess,0,0,1784377311848220668,0,0,0,429820,430001
202607182021,e2e_trace_v3,2358,72214807020832055,0,perception.pointcloud_preprocess,in,6956479106752,1,/apollo/sensor/velodyne64/compensator/PointCloud2,0,0,1784377311961842675,0,0,0,429820,429999
202607182021,e2e_trace_v3,2366,72214807020832055,0,perception.pointcloud_preprocess,out,6956484106848,1,/perception/lidar/pointcloud_preprocess,0,0,1784377311961842675,0,0,0,429820,429999
202607182021,e2e_trace_v3,2375,72214807020832056,0,perception.pointcloud_preprocess,in,6956591800000,1,/apollo/sensor/velodyne64/compensator/PointCloud2,0,0,1784377312075524531,0,0,0,429820,429996
202607182021,e2e_trace_v3,2377,72214807020832056,0,perception.pointcloud_preprocess,out,6956595712320,1,/perception/lidar/pointcloud_preprocess,0,0,1784377312075524531,0,0,0,429820,429996
202607182021,e2e_trace_v3,2392,72214807020832057,0,perception.pointcloud_preprocess,in,6956701865920,1,/apollo/sensor/velodyne64/compensator/PointCloud2,0,0,1784377312188037391,0,0,0,429820,429994
202607182021,e2e_trace_v3,2394,72214807020832057,0,perception.pointcloud_preprocess,out,6956707103296,1,/perception/lidar/pointcloud_preprocess,0,0,1784377312188037391,0,0,0,429820,429994
202607182021,e2e_trace_v3,2416,72214807020832058,0,perception.pointcloud_preprocess,in,6956818111904,1,/apollo/sensor/velodyne64/compensator/PointCloud2,0,0,1784377312300679608,0,0,0,429820,429995
202607182021,e2e_trace_v3,2418,72214807020832058,0,perception.pointcloud_preprocess,out,6956822498752,1,/perception/lidar/pointcloud_preprocess,0,0,1784377312300679608,0,0,0,429820,429995
202607182021,e2e_trace_v3,2430,72214807020832059,0,perception.pointcloud_preprocess,in,6956937745408,1,/apollo/sensor/velodyne64/compensator/PointCloud2,0,0,1784377312417131017,0,0,0,429820,429997
202607182021,e2e_trace_v3,2431,72214807020832059,0,perception.pointcloud_preprocess,out,6956944137216,1,/perception/lidar/pointcloud_preprocess,0,0,1784377312417131017,0,0,0,429820,429997
202607182021,e2e_trace_v3,2440,72214807020832060,0,perception.pointcloud_preprocess,in,6957053694816,1,/apollo/sensor/velodyne64/compensator/PointCloud2,0,0,1784377312534350310,0,0,0,429820,429998
202607182021,e2e_trace_v3,2442,72214807020832060,0,perception.pointcloud_preprocess,out,6957058231232,1,/perception/lidar/pointcloud_preprocess,0,0,1784377312534350310,0,0,0,429820,429998
202607182021,e2e_trace_v3,2457,72214807020832061,0,perception.pointcloud_preprocess,in,6957170804480,1,/apollo/sensor/velodyne64/compensator/PointCloud2,0,0,1784377312647389593,0,0,0,429820,430007
202607182021,e2e_trace_v3,2460,72214807020832061,0,perception.pointcloud_preprocess,out,6957176301376,1,/perception/lidar/pointcloud_preprocess,0,0,1784377312647389593,0,0,0,429820,430007
202607182021,e2e_trace_v3,2474,72214807020832062,0,perception.pointcloud_preprocess,in,6957278557056,1,/apollo/sensor/velodyne64/compensator/PointCloud2,0,0,1784377312762766212,0,0,0,429820,429995
202607182021,e2e_trace_v3,2476,72214807020832062,0,perception.pointcloud_preprocess,out,6957287254112,1,/perception/lidar/pointcloud_preprocess,0,0,1784377312762766212,0,0,0,429820,429995
202607182021,e2e_trace_v3,2491,72214807020832063,0,perception.pointcloud_preprocess,in,6957393498048,1,/apollo/sensor/velodyne64/compensator/PointCloud2,0,0,1784377312876571977,0,0,0,429820,430000
202607182021,e2e_trace_v3,2493,72214807020832063,0,perception.pointcloud_preprocess,out,6957398890208,1,/perception/lidar/pointcloud_preprocess,0,0,1784377312876571977,0,0,0,429820,430000
202607182021,e2e_trace_v3,2508,72214807020832064,0,perception.pointcloud_preprocess,in,6957506223296,1,/apollo/sensor/velodyne64/compensator/PointCloud2,0,0,1784377312989242636,0,0,0,429820,429994
202607182021,e2e_trace_v3,2517,72214807020832064,0,perception.pointcloud_preprocess,out,6957515643584,1,/perception/lidar/pointcloud_preprocess,0,0,1784377312989242636,0,0,0,429820,429994
202607182021,e2e_trace_v3,2525,72214807020832065,0,perception.pointcloud_preprocess,in,6957624563296,1,/apollo/sensor/velodyne64/compensator/PointCloud2,0,0,1784377313105052052,0,0,0,429820,429999
202607182021,e2e_trace_v3,2526,72214807020832065,0,perception.pointcloud_preprocess,out,6957628846848,1,/perception/lidar/pointcloud_preprocess,0,0,1784377313105052052,0,0,0,429820,429999
202607182021,e2e_trace_v3,2539,72214807020832066,0,perception.pointcloud_preprocess,in,6957734008480,1,/apollo/sensor/velodyne64/compensator/PointCloud2,0,0,1784377313219448973,0,0,0,429820,430003
202607182021,e2e_trace_v3,2540,72214807020832066,0,perception.pointcloud_preprocess,out,6957739555520,1,/perception/lidar/pointcloud_preprocess,0,0,1784377313219448973,0,0,0,429820,430003
202607182021,e2e_trace_v3,2563,72214807020832067,0,perception.pointcloud_preprocess,in,6957851054144,1,/apollo/sensor/velodyne64/compensator/PointCloud2,0,0,1784377313331163927,0,0,0,429820,430007
202607182021,e2e_trace_v3,2565,72214807020832067,0,perception.pointcloud_preprocess,out,6957856077984,1,/perception/lidar/pointcloud_preprocess,0,0,1784377313331163927,0,0,0,429820,430007
202607182021,e2e_trace_v3,2580,72214807020832068,0,perception.pointcloud_preprocess,in,6957965411360,1,/apollo/sensor/velodyne64/compensator/PointCloud2,0,0,1784377313447241033,0,0,0,429820,429995
202607182021,e2e_trace_v3,2582,72214807020832068,0,perception.pointcloud_preprocess,out,6957971002368,1,/perception/lidar/pointcloud_preprocess,0,0,1784377313447241033,0,0,0,429820,429995
202607182021,e2e_trace_v3,2597,72214807020832069,0,perception.pointcloud_preprocess,in,6958083964992,1,/apollo/sensor/velodyne64/compensator/PointCloud2,0,0,1784377313564034908,0,0,0,429820,430004
202607182021,e2e_trace_v3,2599,72214807020832069,0,perception.pointcloud_preprocess,out,6958090053088,1,/perception/lidar/pointcloud_preprocess,0,0,1784377313564034908,0,0,0,429820,430004
202607182021,e2e_trace_v3,2614,72214807020832070,0,perception.pointcloud_preprocess,in,6958212303296,1,/apollo/sensor/velodyne64/compensator/PointCloud2,0,0,1784377313679811079,0,0,0,429820,429997
202607182021,e2e_trace_v3,2616,72214807020832070,0,perception.pointcloud_preprocess,out,6958217268320,1,/perception/lidar/pointcloud_preprocess,0,0,1784377313679811079,0,0,0,429820,429997
202607182021,e2e_trace_v3,2624,72214807020832071,0,perception.pointcloud_preprocess,in,6958328884576,1,/apollo/sensor/velodyne64/compensator/PointCloud2,0,0,1784377313805637187,0,0,0,429820,429992
202607182021,e2e_trace_v3,2633,72214807020832071,0,perception.pointcloud_preprocess,out,6958337036640,1,/perception/lidar/pointcloud_preprocess,0,0,1784377313805637187,0,0,0,429820,429992
202607182021,e2e_trace_v3,2641,72214807020832072,0,perception.pointcloud_preprocess,in,6958439371584,1,/apollo/sensor/velodyne64/compensator/PointCloud2,0,0,1784377313921961243,0,0,0,429820,429999
202607182021,e2e_trace_v3,2650,72214807020832072,0,perception.pointcloud_preprocess,out,6958448373760,1,/perception/lidar/pointcloud_preprocess,0,0,1784377313921961243,0,0,0,429820,429999
202607182021,e2e_trace_v3,2658,72214807020832073,0,perception.pointcloud_preprocess,in,6958549530624,1,/apollo/sensor/velodyne64/compensator/PointCloud2,0,0,1784377314035073415,0,0,0,429820,429991
202607182021,e2e_trace_v3,2666,72214807020832073,0,perception.pointcloud_preprocess,out,6958558759008,1,/perception/lidar/pointcloud_preprocess,0,0,1784377314035073415,0,0,0,429820,429991
202607182021,e2e_trace_v3,2672,72214807020832074,0,perception.pointcloud_preprocess,in,6958667118496,1,/apollo/sensor/velodyne64/compensator/PointCloud2,0,0,1784377314147561251,0,0,0,429820,429996
202607182021,e2e_trace_v3,2680,72214807020832074,0,perception.pointcloud_preprocess,out,6958671653568,1,/perception/lidar/pointcloud_preprocess,0,0,1784377314147561251,0,0,0,429820,429996
202607182021,e2e_trace_v3,2696,72214807020832075,0,perception.pointcloud_preprocess,in,6958806497280,1,/apollo/sensor/velodyne64/compensator/PointCloud2,0,0,1784377314266105935,0,0,0,429820,430005
202607182021,e2e_trace_v3,2698,72214807020832075,0,perception.pointcloud_preprocess,out,6958810427552,1,/perception/lidar/pointcloud_preprocess,0,0,1784377314266105935,0,0,0,429820,430005
202607182021,e2e_trace_v3,2713,72214807020832076,0,perception.pointcloud_preprocess,in,6958921279648,1,/apollo/sensor/velodyne64/compensator/PointCloud2,0,0,1784377314404195936,0,0,0,429820,430000
202607182021,e2e_trace_v3,2716,72214807020832076,0,perception.pointcloud_preprocess,out,6958925334720,1,/perception/lidar/pointcloud_preprocess,0,0,1784377314404195936,0,0,0,429820,430000
202607182021,e2e_trace_v3,2730,72214807020832077,0,perception.pointcloud_preprocess,in,6959038951040,1,/apollo/sensor/velodyne64/compensator/PointCloud2,0,0,1784377314519470858,0,0,0,429820,430007
202607182021,e2e_trace_v3,2732,72214807020832077,0,perception.pointcloud_preprocess,out,6959043926432,1,/perception/lidar/pointcloud_preprocess,0,0,1784377314519470858,0,0,0,429820,430007
202607182021,e2e_trace_v3,2747,72214807020832078,0,perception.pointcloud_preprocess,in,6959165515936,1,/apollo/sensor/velodyne64/compensator/PointCloud2,0,0,1784377314633070562,0,0,0,429820,429998
202607182021,e2e_trace_v3,2749,72214807020832078,0,perception.pointcloud_preprocess,out,6959173733312,1,/perception/lidar/pointcloud_preprocess,0,0,1784377314633070562,0,0,0,429820,429998
202607182021,e2e_trace_v3,2764,72214807020832079,0,perception.pointcloud_preprocess,in,6959309785504,1,/apollo/sensor/velodyne64/compensator/PointCloud2,0,0,1784377314766301442,0,0,0,429820,430004
202607182021,e2e_trace_v3,2766,72214807020832079,0,perception.pointcloud_preprocess,out,6959316486240,1,/perception/lidar/pointcloud_preprocess,0,0,1784377314766301442,0,0,0,429820,430004
202607182021,e2e_trace_v3,2781,72214807020832080,0,perception.pointcloud_preprocess,in,6959426887936,1,/apollo/sensor/velodyne64/compensator/PointCloud2,0,0,1784377314904606207,0,0,0,429820,430000
202607182021,e2e_trace_v3,2783,72214807020832080,0,perception.pointcloud_preprocess,out,6959431840800,1,/perception/lidar/pointcloud_preprocess,0,0,1784377314904606207,0,0,0,429820,430000
202607182021,e2e_trace_v3,2791,72214807020832081,0,perception.pointcloud_preprocess,in,6959543368576,1,/apollo/sensor/velodyne64/compensator/PointCloud2,0,0,1784377315024993235,0,0,0,429820,430005
202607182021,e2e_trace_v3,2800,72214807020832081,0,perception.pointcloud_preprocess,out,6959549883648,1,/perception/lidar/pointcloud_preprocess,0,0,1784377315024993235,0,0,0,429820,430005
202607182021,e2e_trace_v3,2808,72214807020832082,0,perception.pointcloud_preprocess,in,6959654513248,1,/apollo/sensor/velodyne64/compensator/PointCloud2,0,0,1784377315138722318,0,0,0,429820,430007
202607182021,e2e_trace_v3,2809,72214807020832082,0,perception.pointcloud_preprocess,out,6959660492000,1,/perception/lidar/pointcloud_preprocess,0,0,1784377315138722318,0,0,0,429820,430007
202607182021,e2e_trace_v3,2829,72214807020832083,0,perception.pointcloud_preprocess,in,6959767708448,1,/apollo/sensor/velodyne64/compensator/PointCloud2,0,0,1784377315252040438,0,0,0,429820,429991
202607182021,e2e_trace_v3,2830,72214807020832083,0,perception.pointcloud_preprocess,out,6959771974688,1,/perception/lidar/pointcloud_preprocess,0,0,1784377315252040438,0,0,0,429820,429991
202607182021,e2e_trace_v3,2846,72214807020832084,0,perception.pointcloud_preprocess,in,6959884684064,1,/apollo/sensor/velodyne64/compensator/PointCloud2,0,0,1784377315364768274,0,0,0,429820,429996
202607182021,e2e_trace_v3,2848,72214807020832084,0,perception.pointcloud_preprocess,out,6959892265568,1,/perception/lidar/pointcloud_preprocess,0,0,1784377315364768274,0,0,0,429820,429996
202607182021,e2e_trace_v3,2863,72214807020832085,0,perception.pointcloud_preprocess,in,6959997048192,1,/apollo/sensor/velodyne64/compensator/PointCloud2,0,0,1784377315481981549,0,0,0,429820,429996
202607182021,e2e_trace_v3,2864,72214807020832085,0,perception.pointcloud_preprocess,out,6960000988160,1,/perception/lidar/pointcloud_preprocess,0,0,1784377315481981549,0,0,0,429820,429996
202607182021,e2e_trace_v3,2877,72214807020832086,0,perception.pointcloud_preprocess,in,6960114293600,1,/apollo/sensor/velodyne64/compensator/PointCloud2,0,0,1784377315595687071,0,0,0,429820,429997
202607182021,e2e_trace_v3,2878,72214807020832086,0,perception.pointcloud_preprocess,out,6960121190208,1,/perception/lidar/pointcloud_preprocess,0,0,1784377315595687071,0,0,0,429820,429997
202607182021,e2e_trace_v3,2887,72214807020832087,0,perception.pointcloud_preprocess,in,6960228615904,1,/apollo/sensor/velodyne64/compensator/PointCloud2,0,0,1784377315711492181,0,0,0,429820,430007
202607182021,e2e_trace_v3,2895,72214807020832087,0,perception.pointcloud_preprocess,out,6960232710464,1,/perception/lidar/pointcloud_preprocess,0,0,1784377315711492181,0,0,0,429820,430007
202607182021,e2e_trace_v3,2911,72214807020832088,0,perception.pointcloud_preprocess,in,6960355883488,1,/apollo/sensor/velodyne64/compensator/PointCloud2,0,0,1784377315824660521,0,0,0,429820,430003
202607182021,e2e_trace_v3,2913,72214807020832088,0,perception.pointcloud_preprocess,out,6960364683136,1,/perception/lidar/pointcloud_preprocess,0,0,1784377315824660521,0,0,0,429820,430003
202607182021,e2e_trace_v3,2921,72214807020832089,0,perception.pointcloud_preprocess,in,6960470200320,1,/apollo/sensor/velodyne64/compensator/PointCloud2,0,0,1784377315951853191,0,0,0,429820,430001
202607182021,e2e_trace_v3,2923,72214807020832089,0,perception.pointcloud_preprocess,out,6960474397984,1,/perception/lidar/pointcloud_preprocess,0,0,1784377315951853191,0,0,0,429820,430001
202607182021,e2e_trace_v3,2938,72214807020832090,0,perception.pointcloud_preprocess,in,6960577175232,1,/apollo/sensor/velodyne64/compensator/PointCloud2,0,0,1784377316063372732,0,0,0,429820,429991
202607182021,e2e_trace_v3,2940,72214807020832090,0,perception.pointcloud_preprocess,out,6960582940896,1,/perception/lidar/pointcloud_preprocess,0,0,1784377316063372732,0,0,0,429820,429991
202607182021,e2e_trace_v3,2955,72214807020832091,0,perception.pointcloud_preprocess,in,6960687466144,1,/apollo/sensor/velodyne64/compensator/PointCloud2,0,0,1784377316174527708,0,0,0,429820,429999
202607182021,e2e_trace_v3,2964,72214807020832091,0,perception.pointcloud_preprocess,out,6960695566432,1,/perception/lidar/pointcloud_preprocess,0,0,1784377316174527708,0,0,0,429820,429999
202607182021,e2e_trace_v3,2972,72214807020832092,0,perception.pointcloud_preprocess,in,6960800325952,1,/apollo/sensor/velodyne64/compensator/PointCloud2,0,0,1784377316285890698,0,0,0,429820,430003
202607182021,e2e_trace_v3,2974,72214807020832092,0,perception.pointcloud_preprocess,out,6960804734496,1,/perception/lidar/pointcloud_preprocess,0,0,1784377316285890698,0,0,0,429820,430003
202607182021,e2e_trace_v3,2996,72214807020832093,0,perception.pointcloud_preprocess,in,6960914331936,1,/apollo/sensor/velodyne64/compensator/PointCloud2,0,0,1784377316395040691,0,0,0,429820,429991
202607182021,e2e_trace_v3,2998,72214807020832093,0,perception.pointcloud_preprocess,out,6960919902656,1,/perception/lidar/pointcloud_preprocess,0,0,1784377316395040691,0,0,0,429820,429991
202607182021,e2e_trace_v3,3012,72214807020832094,0,perception.pointcloud_preprocess,in,6961024998432,1,/apollo/sensor/velodyne64/compensator/PointCloud2,0,0,1784377316509374516,0,0,0,429820,430007
202607182021,e2e_trace_v3,3015,72214807020832094,0,perception.pointcloud_preprocess,out,6961029025664,1,/perception/lidar/pointcloud_preprocess,0,0,1784377316509374516,0,0,0,429820,430007
202607182021,e2e_trace_v3,3030,72214807020832095,0,perception.pointcloud_preprocess,in,6961135286624,1,/apollo/sensor/velodyne64/compensator/PointCloud2,0,0,1784377316620482245,0,0,0,429820,429996
202607182021,e2e_trace_v3,3032,72214807020832095,0,perception.pointcloud_preprocess,out,6961144735776,1,/perception/lidar/pointcloud_preprocess,0,0,1784377316620482245,0,0,0,429820,429996
202607182021,e2e_trace_v3,3040,72214807020832096,0,perception.pointcloud_preprocess,in,6961258490016,1,/apollo/sensor/velodyne64/compensator/PointCloud2,0,0,1784377316732689323,0,0,0,429820,429999
202607182021,e2e_trace_v3,3041,72214807020832096,0,perception.pointcloud_preprocess,out,6961264683840,1,/perception/lidar/pointcloud_preprocess,0,0,1784377316732689323,0,0,0,429820,429999
202607182021,e2e_trace_v3,3057,72214807020832097,0,perception.pointcloud_preprocess,in,6961365529088,1,/apollo/sensor/velodyne64/compensator/PointCloud2,0,0,1784377316852115702,0,0,0,429820,430005
202607182021,e2e_trace_v3,3059,72214807020832097,0,perception.pointcloud_preprocess,out,6961372138880,1,/perception/lidar/pointcloud_preprocess,0,0,1784377316852115702,0,0,0,429820,430005
202607182021,e2e_trace_v3,3074,72214807020832098,0,perception.pointcloud_preprocess,in,6961486591456,1,/apollo/sensor/velodyne64/compensator/PointCloud2,0,0,1784377316961663092,0,0,0,429820,429997
202607182021,e2e_trace_v3,3082,72214807020832098,0,perception.pointcloud_preprocess,out,6961491916640,1,/perception/lidar/pointcloud_preprocess,0,0,1784377316961663092,0,0,0,429820,429997
202607182021,e2e_trace_v3,3091,72214807020832099,0,perception.pointcloud_preprocess,in,6961587435904,1,/apollo/sensor/velodyne64/compensator/PointCloud2,0,0,1784377317077108099,0,0,0,429820,429999
202607182021,e2e_trace_v3,3093,72214807020832099,0,perception.pointcloud_preprocess,out,6961594058464,1,/perception/lidar/pointcloud_preprocess,0,0,1784377317077108099,0,0,0,429820,429999
202607182021,e2e_trace_v3,3108,72214807020832100,0,perception.pointcloud_preprocess,in,6961702012512,1,/apollo/sensor/velodyne64/compensator/PointCloud2,0,0,1784377317184948739,0,0,0,429820,429994
202607182021,e2e_trace_v3,3116,72214807020832100,0,perception.pointcloud_preprocess,out,6961707347584,1,/perception/lidar/pointcloud_preprocess,0,0,1784377317184948739,0,0,0,429820,429994
202607182021,e2e_trace_v3,3125,72214807020832101,0,perception.pointcloud_preprocess,in,6961816843552,1,/apollo/sensor/velodyne64/compensator/PointCloud2,0,0,1784377317296526160,0,0,0,429820,430003
202607182021,e2e_trace_v3,3127,72214807020832101,0,perception.pointcloud_preprocess,out,6961820836576,1,/perception/lidar/pointcloud_preprocess,0,0,1784377317296526160,0,0,0,429820,430003
202607182021,e2e_trace_v3,3148,72214807020832102,0,perception.pointcloud_preprocess,in,6961920906944,1,/apollo/sensor/velodyne64/compensator/PointCloud2,0,0,1784377317408713266,0,0,0,429820,429996
202607182021,e2e_trace_v3,3151,72214807020832102,0,perception.pointcloud_preprocess,out,6961928084352,1,/perception/lidar/pointcloud_preprocess,0,0,1784377317408713266,0,0,0,429820,429996
202607182021,e2e_trace_v3,3165,72214807020832103,0,perception.pointcloud_preprocess,in,6962033946144,1,/apollo/sensor/velodyne64/compensator/PointCloud2,0,0,1784377317519173851,0,0,0,429820,430002
202607182021,e2e_trace_v3,3168,72214807020832103,0,perception.pointcloud_preprocess,out,6962039147840,1,/perception/lidar/pointcloud_preprocess,0,0,1784377317519173851,0,0,0,429820,430002
202607182021,e2e_trace_v3,3176,72214807020832104,0,perception.pointcloud_preprocess,in,6962145510912,1,/apollo/sensor/velodyne64/compensator/PointCloud2,0,0,1784377317628868555,0,0,0,429820,429992
202607182021,e2e_trace_v3,3178,72214807020832104,0,perception.pointcloud_preprocess,out,6962154802528,1,/perception/lidar/pointcloud_preprocess,0,0,1784377317628868555,0,0,0,429820,429992
202607182021,e2e_trace_v3,3193,72214807020832105,0,perception.pointcloud_preprocess,in,6962254637024,1,/apollo/sensor/velodyne64/compensator/PointCloud2,0,0,1784377317740216746,0,0,0,429820,429991
202607182021,e2e_trace_v3,3195,72214807020832105,0,perception.pointcloud_preprocess,out,6962263635232,1,/perception/lidar/pointcloud_preprocess,0,0,1784377317740216746,0,0,0,429820,429991
202607182021,e2e_trace_v3,3210,72214807020832106,0,perception.pointcloud_preprocess,in,6962368627072,1,/apollo/sensor/velodyne64/compensator/PointCloud2,0,0,1784377317851783734,0,0,0,429820,429997
202607182021,e2e_trace_v3,3212,72214807020832106,0,perception.pointcloud_preprocess,out,6962374889920,1,/perception/lidar/pointcloud_preprocess,0,0,1784377317851783734,0,0,0,429820,429997
202607182021,e2e_trace_v3,3227,72214807020832107,0,perception.pointcloud_preprocess,in,6962477256288,1,/apollo/sensor/velodyne64/compensator/PointCloud2,0,0,1784377317963547666,0,0,0,429820,430006
202607182021,e2e_trace_v3,3235,72214807020832107,0,perception.pointcloud_preprocess,out,6962487309792,1,/perception/lidar/pointcloud_preprocess,0,0,1784377317963547666,0,0,0,429820,430006
202607182021,e2e_trace_v3,3244,72214807020832108,0,perception.pointcloud_preprocess,in,6962587863776,1,/apollo/sensor/velodyne64/compensator/PointCloud2,0,0,1784377318073987709,0,0,0,429820,429991
202607182021,e2e_trace_v3,3246,72214807020832108,0,perception.pointcloud_preprocess,out,6962596780768,1,/perception/lidar/pointcloud_preprocess,0,0,1784377318073987709,0,0,0,429820,429991
202607182021,e2e_trace_v3,3260,72214807020832109,0,perception.pointcloud_preprocess,in,6962698219808,1,/apollo/sensor/velodyne64/compensator/PointCloud2,0,0,1784377318184809574,0,0,0,429820,429997
202607182021,e2e_trace_v3,3261,72214807020832109,0,perception.pointcloud_preprocess,out,6962706031936,1,/perception/lidar/pointcloud_preprocess,0,0,1784377318184809574,0,0,0,429820,429997
202607182021,e2e_trace_v3,3277,72214807020832110,0,perception.pointcloud_preprocess,in,6962811480640,1,/apollo/sensor/velodyne64/compensator/PointCloud2,0,0,1784377318296675524,0,0,0,429820,430005
202607182021,e2e_trace_v3,3279,72214807020832110,0,perception.pointcloud_preprocess,out,6962820637248,1,/perception/lidar/pointcloud_preprocess,0,0,1784377318296675524,0,0,0,429820,430005
202607182021,e2e_trace_v3,3294,72214807020832111,0,perception.pointcloud_preprocess,in,6962924023648,1,/apollo/sensor/velodyne64/compensator/PointCloud2,0,0,1784377318406076260,0,0,0,429820,429991
202607182021,e2e_trace_v3,3306,72214807020832111,0,perception.pointcloud_preprocess,out,6962932749984,1,/perception/lidar/pointcloud_preprocess,0,0,1784377318406076260,0,0,0,429820,429991
202607182021,e2e_trace_v3,3318,72214807020832112,0,perception.pointcloud_preprocess,in,6963038091616,1,/apollo/sensor/velodyne64/compensator/PointCloud2,0,0,1784377318522562421,0,0,0,429820,429999
202607182021,e2e_trace_v3,3320,72214807020832112,0,perception.pointcloud_preprocess,out,6963045975232,1,/perception/lidar/pointcloud_preprocess,0,0,1784377318522562421,0,0,0,429820,429999
202607182021,e2e_trace_v3,3328,72214807020832113,0,perception.pointcloud_preprocess,in,6963156606912,1,/apollo/sensor/velodyne64/compensator/PointCloud2,0,0,1784377318639091256,0,0,0,429820,429991
202607182021,e2e_trace_v3,3337,72214807020832113,0,perception.pointcloud_preprocess,out,6963165683776,1,/perception/lidar/pointcloud_preprocess,0,0,1784377318639091256,0,0,0,429820,429991
202607182021,e2e_trace_v3,3352,72214807020832114,0,perception.pointcloud_preprocess,in,6963269342560,1,/apollo/sensor/velodyne64/compensator/PointCloud2,0,0,1784377318748973001,0,0,0,429820,429997
202607182021,e2e_trace_v3,3354,72214807020832114,0,perception.pointcloud_preprocess,out,6963274024352,1,/perception/lidar/pointcloud_preprocess,0,0,1784377318748973001,0,0,0,429820,429997
202607182021,e2e_trace_v3,3362,72214807020832115,0,perception.pointcloud_preprocess,in,6963393491904,1,/apollo/sensor/velodyne64/compensator/PointCloud2,0,0,1784377318860428499,0,0,0,429820,430002
202607182021,e2e_trace_v3,3371,72214807020832115,0,perception.pointcloud_preprocess,out,6963401351872,1,/perception/lidar/pointcloud_preprocess,0,0,1784377318860428499,0,0,0,429820,430002
202607182021,e2e_trace_v3,3379,72214807020832116,0,perception.pointcloud_preprocess,in,6963504935200,1,/apollo/sensor/velodyne64/compensator/PointCloud2,0,0,1784377318988438145,0,0,0,429820,430001
202607182021,e2e_trace_v3,3381,72214807020832116,0,perception.pointcloud_preprocess,out,6963510868832,1,/perception/lidar/pointcloud_preprocess,0,0,1784377318988438145,0,0,0,429820,430001
202607182021,e2e_trace_v3,3396,72214807020832117,0,perception.pointcloud_preprocess,in,6963615765760,1,/apollo/sensor/velodyne64/compensator/PointCloud2,0,0,1784377319100808250,0,0,0,429820,430002
202607182021,e2e_trace_v3,3398,72214807020832117,0,perception.pointcloud_preprocess,out,6963620106848,1,/perception/lidar/pointcloud_preprocess,0,0,1784377319100808250,0,0,0,429820,430002
202607182021,e2e_trace_v3,3413,72214807020832118,0,perception.pointcloud_preprocess,in,6963722328160,1,/apollo/sensor/velodyne64/compensator/PointCloud2,0,0,1784377319209836402,0,0,0,429820,430005
202607182021,e2e_trace_v3,3414,72214807020832118,0,perception.pointcloud_preprocess,out,6963727935968,1,/perception/lidar/pointcloud_preprocess,0,0,1784377319209836402,0,0,0,429820,430005
202607182021,e2e_trace_v3,3434,72214807020832119,0,perception.pointcloud_preprocess,in,6963835120672,1,/apollo/sensor/velodyne64/compensator/PointCloud2,0,0,1784377319318974241,0,0,0,429820,429995
202607182021,e2e_trace_v3,3435,72214807020832119,0,perception.pointcloud_preprocess,out,6963840222240,1,/perception/lidar/pointcloud_preprocess,0,0,1784377319318974241,0,0,0,429820,429995
202607182021,e2e_trace_v3,3450,72214807020832120,0,perception.pointcloud_preprocess,in,6963946516640,1,/apollo/sensor/velodyne64/compensator/PointCloud2,0,0,1784377319431616854,0,0,0,429820,429994
202607182021,e2e_trace_v3,3453,72214807020832120,0,perception.pointcloud_preprocess,out,6963951310944,1,/perception/lidar/pointcloud_preprocess,0,0,1784377319431616854,0,0,0,429820,429994
202607182021,e2e_trace_v3,3468,72214807020832121,0,perception.pointcloud_preprocess,in,6964057257504,1,/apollo/sensor/velodyne64/compensator/PointCloud2,0,0,1784377319543241700,0,0,0,429820,430005
202607182021,e2e_trace_v3,3471,72214807020832121,0,perception.pointcloud_preprocess,out,6964064582528,1,/perception/lidar/pointcloud_preprocess,0,0,1784377319543241700,0,0,0,429820,430005
202607182021,e2e_trace_v3,3485,72214807020832122,0,perception.pointcloud_preprocess,in,6964178649920,1,/apollo/sensor/velodyne64/compensator/PointCloud2,0,0,1784377319658006605,0,0,0,429820,430003
202607182021,e2e_trace_v3,3492,72214807020832122,0,perception.pointcloud_preprocess,out,6964194035424,1,/perception/lidar/pointcloud_preprocess,0,0,1784377319658006605,0,0,0,429820,430003
202607182021,e2e_trace_v3,3495,72214807020832123,0,perception.pointcloud_preprocess,in,6964291512672,1,/apollo/sensor/velodyne64/compensator/PointCloud2,0,0,1784377319775284031,0,0,0,429820,429998
202607182021,e2e_trace_v3,3497,72214807020832123,0,perception.pointcloud_preprocess,out,6964297078624,1,/perception/lidar/pointcloud_preprocess,0,0,1784377319775284031,0,0,0,429820,429998
202607182021,e2e_trace_v3,3519,72214807020832124,0,perception.pointcloud_preprocess,in,6964403634112,1,/apollo/sensor/velodyne64/compensator/PointCloud2,0,0,1784377319887453750,0,0,0,429820,430005
202607182021,e2e_trace_v3,3520,72214807020832124,0,perception.pointcloud_preprocess,out,6964410872864,1,/perception/lidar/pointcloud_preprocess,0,0,1784377319887453750,0,0,0,429820,430005
202607182021,e2e_trace_v3,3526,72214807020832125,0,perception.pointcloud_preprocess,in,6964516348800,1,/apollo/sensor/velodyne64/compensator/PointCloud2,0,0,1784377320001650798,0,0,0,429820,430006
202607182021,e2e_trace_v3,3534,72214807020832125,0,perception.pointcloud_preprocess,out,6964525154656,1,/perception/lidar/pointcloud_preprocess,0,0,1784377320001650798,0,0,0,429820,430006
202607182021,e2e_trace_v3,3543,72214807020832126,0,perception.pointcloud_preprocess,in,6964623817664,1,/apollo/sensor/velodyne64/compensator/PointCloud2,0,0,1784377320114088042,0,0,0,429820,429999
202607182021,e2e_trace_v3,3545,72214807020832126,0,perception.pointcloud_preprocess,out,6964633403808,1,/perception/lidar/pointcloud_preprocess,0,0,1784377320114088042,0,0,0,429820,429999
202607182021,e2e_trace_v3,3560,72214807020832127,0,perception.pointcloud_preprocess,in,6964740289696,1,/apollo/sensor/velodyne64/compensator/PointCloud2,0,0,1784377320222760387,0,0,0,429820,430007
202607182021,e2e_trace_v3,3562,72214807020832127,0,perception.pointcloud_preprocess,out,6964745437536,1,/perception/lidar/pointcloud_preprocess,0,0,1784377320222760387,0,0,0,429820,430007
202607182021,e2e_trace_v3,3577,72214807020832128,0,perception.pointcloud_preprocess,in,6964846679008,1,/apollo/sensor/velodyne64/compensator/PointCloud2,0,0,1784377320332157864,0,0,0,429820,430000
202607182021,e2e_trace_v3,3579,72214807020832128,0,perception.pointcloud_preprocess,out,6964851684224,1,/perception/lidar/pointcloud_preprocess,0,0,1784377320332157864,0,0,0,429820,430000
202607182021,e2e_trace_v3,3601,72214807020832129,0,perception.pointcloud_preprocess,in,6964958169344,1,/apollo/sensor/velodyne64/compensator/PointCloud2,0,0,1784377320441650726,0,0,0,429820,429991
202607182021,e2e_trace_v3,3603,72214807020832129,0,perception.pointcloud_preprocess,out,6964962109728,1,/perception/lidar/pointcloud_preprocess,0,0,1784377320441650726,0,0,0,429820,429991
202607182021,e2e_trace_v3,3618,72214807020832130,0,perception.pointcloud_preprocess,in,6965076206752,1,/apollo/sensor/velodyne64/compensator/PointCloud2,0,0,1784377320556646451,0,0,0,429820,430007
202607182021,e2e_trace_v3,3620,72214807020832130,0,perception.pointcloud_preprocess,out,6965083403968,1,/perception/lidar/pointcloud_preprocess,0,0,1784377320556646451,0,0,0,429820,430007
202607182021,e2e_trace_v3,3635,72214807020832131,0,perception.pointcloud_preprocess,in,6965193342336,1,/apollo/sensor/velodyne64/compensator/PointCloud2,0,0,1784377320673556723,0,0,0,429820,429995
202607182021,e2e_trace_v3,3637,72214807020832131,0,perception.pointcloud_preprocess,out,6965199013440,1,/perception/lidar/pointcloud_preprocess,0,0,1784377320673556723,0,0,0,429820,429995
202607182021,e2e_trace_v3,3652,72214807020832132,0,perception.pointcloud_preprocess,in,6965311765184,1,/apollo/sensor/velodyne64/compensator/PointCloud2,0,0,1784377320787379050,0,0,0,429820,429994
202607182021,e2e_trace_v3,3653,72214807020832132,0,perception.pointcloud_preprocess,out,6965317090656,1,/perception/lidar/pointcloud_preprocess,0,0,1784377320787379050,0,0,0,429820,429994
202607182021,e2e_trace_v3,3662,72214807020832133,0,perception.pointcloud_preprocess,in,6965420547872,1,/apollo/sensor/velodyne64/compensator/PointCloud2,0,0,1784377320908907277,0,0,0,429820,429995
202607182021,e2e_trace_v3,3672,72214807020832133,0,perception.pointcloud_preprocess,out,6965428176288,1,/perception/lidar/pointcloud_preprocess,0,0,1784377320908907277,0,0,0,429820,429995
202607182021,e2e_trace_v3,3686,72214807020832134,0,perception.pointcloud_preprocess,in,6965534155456,1,/apollo/sensor/velodyne64/compensator/PointCloud2,0,0,1784377321018691767,0,0,0,429820,430000
202607182021,e2e_trace_v3,3688,72214807020832134,0,perception.pointcloud_preprocess,out,6965538966976,1,/perception/lidar/pointcloud_preprocess,0,0,1784377321018691767,0,0,0,429820,430000
202607182021,e2e_trace_v3,3703,72214807020832135,0,perception.pointcloud_preprocess,in,6965644152864,1,/apollo/sensor/velodyne64/compensator/PointCloud2,0,0,1784377321129263022,0,0,0,429820,429999
202607182021,e2e_trace_v3,3705,72214807020832135,0,perception.pointcloud_preprocess,out,6965649287840,1,/perception/lidar/pointcloud_preprocess,0,0,1784377321129263022,0,0,0,429820,429999
202607182021,e2e_trace_v3,3719,72214807020832136,0,perception.pointcloud_preprocess,in,6965753436384,1,/apollo/sensor/velodyne64/compensator/PointCloud2,0,0,1784377321240626143,0,0,0,429820,430002
202607182021,e2e_trace_v3,3722,72214807020832136,0,perception.pointcloud_preprocess,out,6965757915296,1,/perception/lidar/pointcloud_preprocess,0,0,1784377321240626143,0,0,0,429820,430002
202607182021,e2e_trace_v3,3737,72214807020832137,0,perception.pointcloud_preprocess,in,6965895256448,1,/apollo/sensor/velodyne64/compensator/PointCloud2,0,0,1784377321349217152,0,0,0,429820,430001
202607182021,e2e_trace_v3,3739,72214807020832137,0,perception.pointcloud_preprocess,out,6965899763232,1,/perception/lidar/pointcloud_preprocess,0,0,1784377321349217152,0,0,0,429820,430001
202607182021,e2e_trace_v3,3753,72214807020832138,0,perception.pointcloud_preprocess,in,6966003895104,1,/apollo/sensor/velodyne64/compensator/PointCloud2,0,0,1784377321492153038,0,0,0,429820,430003
202607182021,e2e_trace_v3,3756,72214807020832138,0,perception.pointcloud_preprocess,out,6966010220672,1,/perception/lidar/pointcloud_preprocess,0,0,1784377321492153038,0,0,0,429820,430003
202607182021,e2e_trace_v3,3771,72214807020832139,0,perception.pointcloud_preprocess,in,6966109922976,1,/apollo/sensor/velodyne64/compensator/PointCloud2,0,0,1784377321599843792,0,0,0,429820,430004
202607182021,e2e_trace_v3,3772,72214807020832139,0,perception.pointcloud_preprocess,out,6966114346016,1,/perception/lidar/pointcloud_preprocess,0,0,1784377321599843792,0,0,0,429820,430004
202607182021,e2e_trace_v3,3781,72214807020832140,0,perception.pointcloud_preprocess,in,6966217304512,1,/apollo/sensor/velodyne64/compensator/PointCloud2,0,0,1784377321708092359,0,0,0,429820,429992
202607182021,e2e_trace_v3,3790,72214807020832140,0,perception.pointcloud_preprocess,out,6966221599392,1,/perception/lidar/pointcloud_preprocess,0,0,1784377321708092359,0,0,0,429820,429992
202607182021,e2e_trace_v3,3805,72214807020832141,0,perception.pointcloud_preprocess,in,6966338695168,1,/apollo/sensor/velodyne64/compensator/PointCloud2,0,0,1784377321817895655,0,0,0,429820,430007
202607182021,e2e_trace_v3,3808,72214807020832141,0,perception.pointcloud_preprocess,out,6966347798688,1,/perception/lidar/pointcloud_preprocess,0,0,1784377321817895655,0,0,0,429820,430007
202607182021,e2e_trace_v3,3815,72214807020832142,0,perception.pointcloud_preprocess,in,6966450078880,1,/apollo/sensor/velodyne64/compensator/PointCloud2,0,0,1784377321931396090,0,0,0,429820,429994
202607182021,e2e_trace_v3,3817,72214807020832142,0,perception.pointcloud_preprocess,out,6966455389472,1,/perception/lidar/pointcloud_preprocess,0,0,1784377321931396090,0,0,0,429820,429994
202607182021,e2e_trace_v3,3832,72214807020832143,0,perception.pointcloud_preprocess,in,6966561356928,1,/apollo/sensor/velodyne64/compensator/PointCloud2,0,0,1784377322045719761,0,0,0,429820,429999
202607182021,e2e_trace_v3,3841,72214807020832143,0,perception.pointcloud_preprocess,out,6966567189920,1,/perception/lidar/pointcloud_preprocess,0,0,1784377322045719761,0,0,0,429820,429999
202607182021,e2e_trace_v3,3849,72214807020832144,0,perception.pointcloud_preprocess,in,6966668719168,1,/apollo/sensor/velodyne64/compensator/PointCloud2,0,0,1784377322156163241,0,0,0,429820,430004
202607182021,e2e_trace_v3,3850,72214807020832144,0,perception.pointcloud_preprocess,out,6966674340064,1,/perception/lidar/pointcloud_preprocess,0,0,1784377322156163241,0,0,0,429820,430004
202607182021,e2e_trace_v3,3866,72214807020832145,0,perception.pointcloud_preprocess,in,6966790099808,1,/apollo/sensor/velodyne64/compensator/PointCloud2,0,0,1784377322266322223,0,0,0,429820,429999
202607182021,e2e_trace_v3,3874,72214807020832145,0,perception.pointcloud_preprocess,out,6966794116704,1,/perception/lidar/pointcloud_preprocess,0,0,1784377322266322223,0,0,0,429820,429999
202607182021,e2e_trace_v3,3880,72214807020832146,0,perception.pointcloud_preprocess,in,6966899782144,1,/apollo/sensor/velodyne64/compensator/PointCloud2,0,0,1784377322389298888,0,0,0,429820,429994
202607182021,e2e_trace_v3,3888,72214807020832146,0,perception.pointcloud_preprocess,out,6966909266496,1,/perception/lidar/pointcloud_preprocess,0,0,1784377322389298888,0,0,0,429820,429994
202607182021,e2e_trace_v3,3897,72214807020832147,0,perception.pointcloud_preprocess,in,6967008528992,1,/apollo/sensor/velodyne64/compensator/PointCloud2,0,0,1784377322497948495,0,0,0,429820,429995
202607182021,e2e_trace_v3,3899,72214807020832147,0,perception.pointcloud_preprocess,out,6967013317376,1,/perception/lidar/pointcloud_preprocess,0,0,1784377322497948495,0,0,0,429820,429995
202607182021,e2e_trace_v3,3920,72214807020832148,0,perception.pointcloud_preprocess,in,6967116927296,1,/apollo/sensor/velodyne64/compensator/PointCloud2,0,0,1784377322606970869,0,0,0,429820,430002
202607182021,e2e_trace_v3,3922,72214807020832148,0,perception.pointcloud_preprocess,out,6967120933024,1,/perception/lidar/pointcloud_preprocess,0,0,1784377322606970869,0,0,0,429820,430002
202607182021,e2e_trace_v3,3931,72214807020832149,0,perception.pointcloud_preprocess,in,6967228588000,1,/apollo/sensor/velodyne64/compensator/PointCloud2,0,0,1784377322716277035,0,0,0,429820,429999
202607182021,e2e_trace_v3,3940,72214807020832149,0,perception.pointcloud_preprocess,out,6967233857472,1,/perception/lidar/pointcloud_preprocess,0,0,1784377322716277035,0,0,0,429820,429999
202607182021,e2e_trace_v3,3948,72214807020832150,0,perception.pointcloud_preprocess,in,6967338106464,1,/apollo/sensor/velodyne64/compensator/PointCloud2,0,0,1784377322824473456,0,0,0,429820,429991
202607182021,e2e_trace_v3,3956,72214807020832150,0,perception.pointcloud_preprocess,out,6967344956096,1,/perception/lidar/pointcloud_preprocess,0,0,1784377322824473456,0,0,0,429820,429991
202607182021,e2e_trace_v3,3965,72214807020832151,0,perception.pointcloud_preprocess,in,6967459812352,1,/apollo/sensor/velodyne64/compensator/PointCloud2,0,0,1784377322937298599,0,0,0,429820,430001
202607182021,e2e_trace_v3,3974,72214807020832151,0,perception.pointcloud_preprocess,out,6967467889888,1,/perception/lidar/pointcloud_preprocess,0,0,1784377322937298599,0,0,0,429820,430001
202607182021,e2e_trace_v3,3989,72214807020832152,0,perception.pointcloud_preprocess,in,6967606307968,1,/apollo/sensor/velodyne64/compensator/PointCloud2,0,0,1784377323054909997,0,0,0,429820,429999
202607182021,e2e_trace_v3,3991,72214807020832152,0,perception.pointcloud_preprocess,out,6967613198112,1,/perception/lidar/pointcloud_preprocess,0,0,1784377323054909997,0,0,0,429820,429999
202607182021,e2e_trace_v3,3999,72214807020832153,0,perception.pointcloud_preprocess,in,6967716283808,1,/apollo/sensor/velodyne64/compensator/PointCloud2,0,0,1784377323200713649,0,0,0,429820,429992
202607182021,e2e_trace_v3,4001,72214807020832153,0,perception.pointcloud_preprocess,out,6967723791904,1,/perception/lidar/pointcloud_preprocess,0,0,1784377323200713649,0,0,0,429820,429992
202607182021,e2e_trace_v3,4016,72214807020832154,0,perception.pointcloud_preprocess,in,6967822932768,1,/apollo/sensor/velodyne64/compensator/PointCloud2,0,0,1784377323311913352,0,0,0,429820,430007
202607182021,e2e_trace_v3,4018,72214807020832154,0,perception.pointcloud_preprocess,out,6967831428672,1,/perception/lidar/pointcloud_preprocess,0,0,1784377323311913352,0,0,0,429820,430007
202607182021,e2e_trace_v3,4033,72214807020832155,0,perception.pointcloud_preprocess,in,6967931176544,1,/apollo/sensor/velodyne64/compensator/PointCloud2,0,0,1784377323418769718,0,0,0,429820,430005
202607182021,e2e_trace_v3,4035,72214807020832155,0,perception.pointcloud_preprocess,out,6967940050336,1,/perception/lidar/pointcloud_preprocess,0,0,1784377323418769718,0,0,0,429820,430005
202607182021,e2e_trace_v3,4050,72214807020832156,0,perception.pointcloud_preprocess,in,6968036976800,1,/apollo/sensor/velodyne64/compensator/PointCloud2,0,0,1784377323527425196,0,0,0,429820,429992
202607182021,e2e_trace_v3,4052,72214807020832156,0,perception.pointcloud_preprocess,out,6968041130400,1,/perception/lidar/pointcloud_preprocess,0,0,1784377323527425196,0,0,0,429820,429992
202607182021,e2e_trace_v3,4074,72214807020832157,0,perception.pointcloud_preprocess,in,6968170933984,1,/apollo/sensor/velodyne64/compensator/PointCloud2,0,0,1784377323635168665,0,0,0,429820,429999
202607182021,e2e_trace_v3,4076,72214807020832157,0,perception.pointcloud_preprocess,out,6968174991520,1,/perception/lidar/pointcloud_preprocess,0,0,1784377323635168665,0,0,0,429820,429999
202607182021,e2e_trace_v3,4084,72214807020832158,0,perception.pointcloud_preprocess,in,6968274139200,1,/apollo/sensor/velodyne64/compensator/PointCloud2,0,0,1784377323767304686,0,0,0,429820,429994
202607182021,e2e_trace_v3,4086,72214807020832158,0,perception.pointcloud_preprocess,out,6968281527968,1,/perception/lidar/pointcloud_preprocess,0,0,1784377323767304686,0,0,0,429820,429994
202607182021,e2e_trace_v3,4101,72214807020832159,0,perception.pointcloud_preprocess,in,6968379080352,1,/apollo/sensor/velodyne64/compensator/PointCloud2,0,0,1784377323873303732,0,0,0,429820,429991
202607182021,e2e_trace_v3,4103,72214807020832159,0,perception.pointcloud_preprocess,out,6968385863616,1,/perception/lidar/pointcloud_preprocess,0,0,1784377323873303732,0,0,0,429820,429991
202607182021,e2e_trace_v3,4118,72214807020832160,0,perception.pointcloud_preprocess,in,6968492709856,1,/apollo/sensor/velodyne64/compensator/PointCloud2,0,0,1784377323979250299,0,0,0,429820,429999
202607182021,e2e_trace_v3,4120,72214807020832160,0,perception.pointcloud_preprocess,out,6968500839392,1,/perception/lidar/pointcloud_preprocess,0,0,1784377323979250299,0,0,0,429820,429999
202607182021,e2e_trace_v3,4135,72214807020832161,0,perception.pointcloud_preprocess,in,6968595980064,1,/apollo/sensor/velodyne64/compensator/PointCloud2,0,0,1784377324085720416,0,0,0,429820,429996
202607182021,e2e_trace_v3,4137,72214807020832161,0,perception.pointcloud_preprocess,out,6968600758848,1,/perception/lidar/pointcloud_preprocess,0,0,1784377324085720416,0,0,0,429820,429996
202607182021,e2e_trace_v3,4152,72214807020832162,0,perception.pointcloud_preprocess,in,6968699274400,1,/apollo/sensor/velodyne64/compensator/PointCloud2,0,0,1784377324192778004,0,0,0,429820,429998
202607182021,e2e_trace_v3,4154,72214807020832162,0,perception.pointcloud_preprocess,out,6968704583776,1,/perception/lidar/pointcloud_preprocess,0,0,1784377324192778004,0,0,0,429820,429998
202607182021,e2e_trace_v3,4169,72214807020832163,0,perception.pointcloud_preprocess,in,6968806865184,1,/apollo/sensor/velodyne64/compensator/PointCloud2,0,0,1784377324297534997,0,0,0,429820,430000
202607182021,e2e_trace_v3,4171,72214807020832163,0,perception.pointcloud_preprocess,out,6968811948960,1,/perception/lidar/pointcloud_preprocess,0,0,1784377324297534997,0,0,0,429820,430000
202607182021,e2e_trace_v3,4186,72214807020832164,0,perception.pointcloud_preprocess,in,6968913940736,1,/apollo/sensor/velodyne64/compensator/PointCloud2,0,0,1784377324404431666,0,0,0,429820,430004
202607182021,e2e_trace_v3,4188,72214807020832164,0,perception.pointcloud_preprocess,out,6968918696128,1,/perception/lidar/pointcloud_preprocess,0,0,1784377324404431666,0,0,0,429820,430004
202607182021,e2e_trace_v3,4203,72214807020832165,0,perception.pointcloud_preprocess,in,6969014741888,1,/apollo/sensor/velodyne64/compensator/PointCloud2,0,0,1784377324509965666,0,0,0,429820,430003
202607182021,e2e_trace_v3,4205,72214807020832165,0,perception.pointcloud_preprocess,out,6969018658368,1,/perception/lidar/pointcloud_preprocess,0,0,1784377324509965666,0,0,0,429820,430003
202607182021,e2e_trace_v3,4220,72214807020832166,0,perception.pointcloud_preprocess,in,6969129106016,1,/apollo/sensor/velodyne64/compensator/PointCloud2,0,0,1784377324612950895,0,0,0,429820,429996
202607182021,e2e_trace_v3,4228,72214807020832166,0,perception.pointcloud_preprocess,out,6969135123328,1,/perception/lidar/pointcloud_preprocess,0,0,1784377324612950895,0,0,0,429820,429996
202607182021,e2e_trace_v3,4237,72214807020832167,0,perception.pointcloud_preprocess,in,6969235119584,1,/apollo/sensor/velodyne64/compensator/PointCloud2,0,0,1784377324726763429,0,0,0,429820,430001
202607182021,e2e_trace_v3,4239,72214807020832167,0,perception.pointcloud_preprocess,out,6969239882528,1,/perception/lidar/pointcloud_preprocess,0,0,1784377324726763429,0,0,0,429820,430001
202607182021,e2e_trace_v3,4254,72214807020832168,0,perception.pointcloud_preprocess,in,6969342524512,1,/apollo/sensor/velodyne64/compensator/PointCloud2,0,0,1784377324832697402,0,0,0,429820,430004
202607182021,e2e_trace_v3,4256,72214807020832168,0,perception.pointcloud_preprocess,out,6969348831200,1,/perception/lidar/pointcloud_preprocess,0,0,1784377324832697402,0,0,0,429820,430004
202607182021,e2e_trace_v3,4271,72214807020832169,0,perception.pointcloud_preprocess,in,6969445078336,1,/apollo/sensor/velodyne64/compensator/PointCloud2,0,0,1784377324938678841,0,0,0,429820,429994
202607182021,e2e_trace_v3,4273,72214807020832169,0,perception.pointcloud_preprocess,out,6969453219168,1,/perception/lidar/pointcloud_preprocess,0,0,1784377324938678841,0,0,0,429820,429994
202607182021,e2e_trace_v3,4288,72214807020832170,0,perception.pointcloud_preprocess,in,6969550701824,1,/apollo/sensor/velodyne64/compensator/PointCloud2,0,0,1784377325043325600,0,0,0,429820,430000
202607182021,e2e_trace_v3,4290,72214807020832170,0,perception.pointcloud_preprocess,out,6969555018304,1,/perception/lidar/pointcloud_preprocess,0,0,1784377325043325600,0,0,0,429820,430000
202607182021,e2e_trace_v3,4305,72214807020832171,0,perception.pointcloud_preprocess,in,6969659239488,1,/apollo/sensor/velodyne64/compensator/PointCloud2,0,0,1784377325147604929,0,0,0,429820,429999
202607182021,e2e_trace_v3,4307,72214807020832171,0,perception.pointcloud_preprocess,out,6969666496992,1,/perception/lidar/pointcloud_preprocess,0,0,1784377325147604929,0,0,0,429820,429999
202607182021,e2e_trace_v3,4322,72214807020832172,0,perception.pointcloud_preprocess,in,6969765622944,1,/apollo/sensor/velodyne64/compensator/PointCloud2,0,0,1784377325256651603,0,0,0,429820,430005
202607182021,e2e_trace_v3,4325,72214807020832172,0,perception.pointcloud_preprocess,out,6969773973888,1,/perception/lidar/pointcloud_preprocess,0,0,1784377325256651603,0,0,0,429820,430005
202607182021,e2e_trace_v3,4336,72214807020832173,0,perception.pointcloud_preprocess,in,6969872943744,1,/apollo/sensor/velodyne64/compensator/PointCloud2,0,0,1784377325365021139,0,0,0,429820,430000
202607182021,e2e_trace_v3,4337,72214807020832173,0,perception.pointcloud_preprocess,out,6969877371488,1,/perception/lidar/pointcloud_preprocess,0,0,1784377325365021139,0,0,0,429820,430000
202607182021,e2e_trace_v3,4353,72214807020832174,0,perception.pointcloud_preprocess,in,6969976522816,1,/apollo/sensor/velodyne64/compensator/PointCloud2,0,0,1784377325470256791,0,0,0,429820,429998
202607182021,e2e_trace_v3,4354,72214807020832174,0,perception.pointcloud_preprocess,out,6969980603136,1,/perception/lidar/pointcloud_preprocess,0,0,1784377325470256791,0,0,0,429820,429998
202607182021,e2e_trace_v3,4377,72214807020832175,0,perception.pointcloud_preprocess,in,6970105923424,1,/apollo/sensor/velodyne64/compensator/PointCloud2,0,0,1784377325575351790,0,0,0,429820,430005
202607182021,e2e_trace_v3,4379,72214807020832175,0,perception.pointcloud_preprocess,out,6970111056512,1,/perception/lidar/pointcloud_preprocess,0,0,1784377325575351790,0,0,0,429820,430005
202607182021,e2e_trace_v3,4387,72214807020832176,0,perception.pointcloud_preprocess,in,6970212526272,1,/apollo/sensor/velodyne64/compensator/PointCloud2,0,0,1784377325706869951,0,0,0,429820,430001
202607182021,e2e_trace_v3,4389,72214807020832176,0,perception.pointcloud_preprocess,out,6970216442240,1,/perception/lidar/pointcloud_preprocess,0,0,1784377325706869951,0,0,0,429820,430001
202607182021,e2e_trace_v3,4404,72214807020832177,0,perception.pointcloud_preprocess,in,6970318876096,1,/apollo/sensor/velodyne64/compensator/PointCloud2,0,0,1784377325812963041,0,0,0,429820,430004
202607182021,e2e_trace_v3,4406,72214807020832177,0,perception.pointcloud_preprocess,out,6970325412320,1,/perception/lidar/pointcloud_preprocess,0,0,1784377325812963041,0,0,0,429820,430004
202607182021,e2e_trace_v3,4421,72214807020832178,0,perception.pointcloud_preprocess,in,6970429059712,1,/apollo/sensor/velodyne64/compensator/PointCloud2,0,0,1784377325918512531,0,0,0,429820,429992
202607182021,e2e_trace_v3,4423,72214807020832178,0,perception.pointcloud_preprocess,out,6970433446304,1,/perception/lidar/pointcloud_preprocess,0,0,1784377325918512531,0,0,0,429820,429992
202607182021,e2e_trace_v3,4438,72214807020832179,0,perception.pointcloud_preprocess,in,6970540635200,1,/apollo/sensor/velodyne64/compensator/PointCloud2,0,0,1784377326027522960,0,0,0,429820,430004
202607182021,e2e_trace_v3,4440,72214807020832179,0,perception.pointcloud_preprocess,out,6970546213696,1,/perception/lidar/pointcloud_preprocess,0,0,1784377326027522960,0,0,0,429820,430004
202607182021,e2e_trace_v3,4455,72214807020832180,0,perception.pointcloud_preprocess,in,6970648498176,1,/apollo/sensor/velodyne64/compensator/PointCloud2,0,0,1784377326136676951,0,0,0,429820,430005
202607182021,e2e_trace_v3,4457,72214807020832180,0,perception.pointcloud_preprocess,out,6970656009664,1,/perception/lidar/pointcloud_preprocess,0,0,1784377326136676951,0,0,0,429820,430005
202607182021,e2e_trace_v3,4472,72214807020832181,0,perception.pointcloud_preprocess,in,6970750363648,1,/apollo/sensor/velodyne64/compensator/PointCloud2,0,0,1784377326244583807,0,0,0,429820,430000
202607182021,e2e_trace_v3,4474,72214807020832181,0,perception.pointcloud_preprocess,out,6970755227008,1,/perception/lidar/pointcloud_preprocess,0,0,1784377326244583807,0,0,0,429820,430000
202607182021,e2e_trace_v3,4489,72214807020832182,0,perception.pointcloud_preprocess,in,6970861623136,1,/apollo/sensor/velodyne64/compensator/PointCloud2,0,0,1784377326350670625,0,0,0,429820,429995
202607182021,e2e_trace_v3,4491,72214807020832182,0,perception.pointcloud_preprocess,out,6970870847968,1,/perception/lidar/pointcloud_preprocess,0,0,1784377326350670625,0,0,0,429820,429995
202607182021,e2e_trace_v3,4506,72214807020832183,0,perception.pointcloud_preprocess,in,6970965756928,1,/apollo/sensor/velodyne64/compensator/PointCloud2,0,0,1784377326458853573,0,0,0,429820,430006
202607182021,e2e_trace_v3,4508,72214807020832183,0,perception.pointcloud_preprocess,out,6970974845056,1,/perception/lidar/pointcloud_preprocess,0,0,1784377326458853573,0,0,0,429820,430006
202607182021,e2e_trace_v3,4523,72214807020832184,0,perception.pointcloud_preprocess,in,6971087566176,1,/apollo/sensor/velodyne64/compensator/PointCloud2,0,0,1784377326564449560,0,0,0,429820,430003
202607182021,e2e_trace_v3,4525,72214807020832184,0,perception.pointcloud_preprocess,out,6971091597888,1,/perception/lidar/pointcloud_preprocess,0,0,1784377326564449560,0,0,0,429820,430003
202607182021,e2e_trace_v3,4540,72214807020832185,0,perception.pointcloud_preprocess,in,6971191548064,1,/apollo/sensor/velodyne64/compensator/PointCloud2,0,0,1784377326683577510,0,0,0,429820,430007
202607182021,e2e_trace_v3,4542,72214807020832185,0,perception.pointcloud_preprocess,out,6971195342496,1,/perception/lidar/pointcloud_preprocess,0,0,1784377326683577510,0,0,0,429820,430007
202607182021,e2e_trace_v3,4563,72214807020832186,0,perception.pointcloud_preprocess,in,6971303566432,1,/apollo/sensor/velodyne64/compensator/PointCloud2,0,0,1784377326788893052,0,0,0,429820,429992
202607182021,e2e_trace_v3,4566,72214807020832186,0,perception.pointcloud_preprocess,out,6971307792448,1,/perception/lidar/pointcloud_preprocess,0,0,1784377326788893052,0,0,0,429820,429992
202607182021,e2e_trace_v3,4574,72214807020832187,0,perception.pointcloud_preprocess,in,6971411026880,1,/apollo/sensor/velodyne64/compensator/PointCloud2,0,0,1784377326903520630,0,0,0,429820,430001
202607182021,e2e_trace_v3,4583,72214807020832187,0,perception.pointcloud_preprocess,out,6971415703136,1,/perception/lidar/pointcloud_preprocess,0,0,1784377326903520630,0,0,0,429820,430001
202607182021,e2e_trace_v3,4598,72214807020832188,0,perception.pointcloud_preprocess,in,6971528695200,1,/apollo/sensor/velodyne64/compensator/PointCloud2,0,0,1784377327008793378,0,0,0,429820,430001
202607182021,e2e_trace_v3,4601,72214807020832188,0,perception.pointcloud_preprocess,out,6971540127680,1,/perception/lidar/pointcloud_preprocess,0,0,1784377327008793378,0,0,0,429820,430001
202607182021,e2e_trace_v3,4608,72214807020832189,0,perception.pointcloud_preprocess,in,6971637594496,1,/apollo/sensor/velodyne64/compensator/PointCloud2,0,0,1784377327129237168,0,0,0,429820,429997
202607182021,e2e_trace_v3,4609,72214807020832189,0,perception.pointcloud_preprocess,out,6971642030336,1,/perception/lidar/pointcloud_preprocess,0,0,1784377327129237168,0,0,0,429820,429997
202607182021,e2e_trace_v3,4622,72214807020832190,0,perception.pointcloud_preprocess,in,6971747018304,1,/apollo/sensor/velodyne64/compensator/PointCloud2,0,0,1784377327237077687,0,0,0,429820,429997
202607182021,e2e_trace_v3,4624,72214807020832190,0,perception.pointcloud_preprocess,out,6971751788256,1,/perception/lidar/pointcloud_preprocess,0,0,1784377327237077687,0,0,0,429820,429997
202607182021,e2e_trace_v3,4642,72214807020832191,0,perception.pointcloud_preprocess,in,6971853950912,1,/apollo/sensor/velodyne64/compensator/PointCloud2,0,0,1784377327345517332,0,0,0,429820,430003
202607182021,e2e_trace_v3,4644,72214807020832191,0,perception.pointcloud_preprocess,out,6971858156192,1,/perception/lidar/pointcloud_preprocess,0,0,1784377327345517332,0,0,0,429820,430003
202607182021,e2e_trace_v3,4659,72214807020832192,0,perception.pointcloud_preprocess,in,6971957842144,1,/apollo/sensor/velodyne64/compensator/PointCloud2,0,0,1784377327452652773,0,0,0,429820,430003
202607182021,e2e_trace_v3,4661,72214807020832192,0,perception.pointcloud_preprocess,out,6971962072224,1,/perception/lidar/pointcloud_preprocess,0,0,1784377327452652773,0,0,0,429820,430003
202607182021,e2e_trace_v3,4676,72214807020832193,0,perception.pointcloud_preprocess,in,6972066868800,1,/apollo/sensor/velodyne64/compensator/PointCloud2,0,0,1784377327559189643,0,0,0,429820,429992
202607182021,e2e_trace_v3,4685,72214807020832193,0,perception.pointcloud_preprocess,out,6972072191680,1,/perception/lidar/pointcloud_preprocess,0,0,1784377327559189643,0,0,0,429820,429992
202607182021,e2e_trace_v3,4693,72214807020832194,0,perception.pointcloud_preprocess,in,6972174102784,1,/apollo/sensor/velodyne64/compensator/PointCloud2,0,0,1784377327667768157,0,0,0,429820,430004
202607182021,e2e_trace_v3,4695,72214807020832194,0,perception.pointcloud_preprocess,out,6972178691744,1,/perception/lidar/pointcloud_preprocess,0,0,1784377327667768157,0,0,0,429820,430004
202607182021,e2e_trace_v3,4710,72214807020832195,0,perception.pointcloud_preprocess,in,6972279274496,1,/apollo/sensor/velodyne64/compensator/PointCloud2,0,0,1784377327770865492,0,0,0,429820,429991
202607182021,e2e_trace_v3,4712,72214807020832195,0,perception.pointcloud_preprocess,out,6972283814816,1,/perception/lidar/pointcloud_preprocess,0,0,1784377327770865492,0,0,0,429820,429991
202607182021,e2e_trace_v3,4727,72214807020832196,0,perception.pointcloud_preprocess,in,6972383548096,1,/apollo/sensor/velodyne64/compensator/PointCloud2,0,0,1784377327875439898,0,0,0,429820,429998
202607182021,e2e_trace_v3,4729,72214807020832196,0,perception.pointcloud_preprocess,out,6972388602880,1,/perception/lidar/pointcloud_preprocess,0,0,1784377327875439898,0,0,0,429820,429998
202607182021,e2e_trace_v3,4744,72214807020832197,0,perception.pointcloud_preprocess,in,6972487536448,1,/apollo/sensor/velodyne64/compensator/PointCloud2,0,0,1784377327980568442,0,0,0,429820,430001
202607182021,e2e_trace_v3,4746,72214807020832197,0,perception.pointcloud_preprocess,out,6972495572032,1,/perception/lidar/pointcloud_preprocess,0,0,1784377327980568442,0,0,0,429820,430001
202607182021,e2e_trace_v3,4761,72214807020832198,0,perception.pointcloud_preprocess,in,6972594154176,1,/apollo/sensor/velodyne64/compensator/PointCloud2,0,0,1784377328084269991,0,0,0,429820,429997
202607182021,e2e_trace_v3,4769,72214807020832198,0,perception.pointcloud_preprocess,out,6972602602112,1,/perception/lidar/pointcloud_preprocess,0,0,1784377328084269991,0,0,0,429820,429997
202607182021,e2e_trace_v3,4778,72214807020832199,0,perception.pointcloud_preprocess,in,6972700647232,1,/apollo/sensor/velodyne64/compensator/PointCloud2,0,0,1784377328190166498,0,0,0,429820,429994
202607182021,e2e_trace_v3,4781,72214807020832199,0,perception.pointcloud_preprocess,out,6972708217664,1,/perception/lidar/pointcloud_preprocess,0,0,1784377328190166498,0,0,0,429820,429994
202607182021,e2e_trace_v3,4795,72214807020832200,0,perception.pointcloud_preprocess,in,6972802450656,1,/apollo/sensor/velodyne64/compensator/PointCloud2,0,0,1784377328295928950,0,0,0,429820,429996
202607182021,e2e_trace_v3,4797,72214807020832200,0,perception.pointcloud_preprocess,out,6972806552160,1,/perception/lidar/pointcloud_preprocess,0,0,1784377328295928950,0,0,0,429820,429996
202607182021,e2e_trace_v3,4812,72214807020832201,0,perception.pointcloud_preprocess,in,6972908167680,1,/apollo/sensor/velodyne64/compensator/PointCloud2,0,0,1784377328401823304,0,0,0,429820,430007
202607182021,e2e_trace_v3,4814,72214807020832201,0,perception.pointcloud_preprocess,out,6972912736640,1,/perception/lidar/pointcloud_preprocess,0,0,1784377328401823304,0,0,0,429820,430007
202607182021,e2e_trace_v3,4829,72214807020832202,0,perception.pointcloud_preprocess,in,6973014685792,1,/apollo/sensor/velodyne64/compensator/PointCloud2,0,0,1784377328506919434,0,0,0,429820,429991
202607182021,e2e_trace_v3,4831,72214807020832202,0,perception.pointcloud_preprocess,out,6973018692512,1,/perception/lidar/pointcloud_preprocess,0,0,1784377328506919434,0,0,0,429820,429991
202607182021,e2e_trace_v3,4846,72214807020832203,0,perception.pointcloud_preprocess,in,6973125363904,1,/apollo/sensor/velodyne64/compensator/PointCloud2,0,0,1784377328612592919,0,0,0,429820,430006
202607182021,e2e_trace_v3,4852,72214807020832203,0,perception.pointcloud_preprocess,out,6973129031744,1,/perception/lidar/pointcloud_preprocess,0,0,1784377328612592919,0,0,0,429820,430006
202607182021,e2e_trace_v3,4870,72214807020832204,0,perception.pointcloud_preprocess,in,6973238564160,1,/apollo/sensor/velodyne64/compensator/PointCloud2,0,0,1784377328721687584,0,0,0,429820,430004
202607182021,e2e_trace_v3,4873,72214807020832204,0,perception.pointcloud_preprocess,out,6973243297344,1,/perception/lidar/pointcloud_preprocess,0,0,1784377328721687584,0,0,0,429820,430004
202607182021,e2e_trace_v3,4880,72214807020832205,0,perception.pointcloud_preprocess,in,6973349713952,1,/apollo/sensor/velodyne64/compensator/PointCloud2,0,0,1784377328832803682,0,0,0,429820,429999
202607182021,e2e_trace_v3,4882,72214807020832205,0,perception.pointcloud_preprocess,out,6973353453952,1,/perception/lidar/pointcloud_preprocess,0,0,1784377328832803682,0,0,0,429820,429999
202607182021,e2e_trace_v3,4897,72214807020832206,0,perception.pointcloud_preprocess,in,6973451580288,1,/apollo/sensor/velodyne64/compensator/PointCloud2,0,0,1784377328942355784,0,0,0,429820,430001
202607182021,e2e_trace_v3,4899,72214807020832206,0,perception.pointcloud_preprocess,out,6973455776352,1,/perception/lidar/pointcloud_preprocess,0,0,1784377328942355784,0,0,0,429820,430001
202607182021,e2e_trace_v3,4914,72214807020832207,0,perception.pointcloud_preprocess,in,6973561919712,1,/apollo/sensor/velodyne64/compensator/PointCloud2,0,0,1784377329049266646,0,0,0,429820,430004
202607182021,e2e_trace_v3,4916,72214807020832207,0,perception.pointcloud_preprocess,out,6973567690624,1,/perception/lidar/pointcloud_preprocess,0,0,1784377329049266646,0,0,0,429820,430004
202607182021,e2e_trace_v3,4931,72214807020832208,0,perception.pointcloud_preprocess,in,6973667920544,1,/apollo/sensor/velodyne64/compensator/PointCloud2,0,0,1784377329157790514,0,0,0,429820,430000
202607182021,e2e_trace_v3,4933,72214807020832208,0,perception.pointcloud_preprocess,out,6973672248544,1,/perception/lidar/pointcloud_preprocess,0,0,1784377329157790514,0,0,0,429820,430000
202607182021,e2e_trace_v3,4948,72214807020832209,0,perception.pointcloud_preprocess,in,6973775725216,1,/apollo/sensor/velodyne64/compensator/PointCloud2,0,0,1784377329266383017,0,0,0,429820,429991
202607182021,e2e_trace_v3,4950,72214807020832209,0,perception.pointcloud_preprocess,out,6973779693152,1,/perception/lidar/pointcloud_preprocess,0,0,1784377329266383017,0,0,0,429820,429991
202607182021,e2e_trace_v3,4965,72214807020832210,0,perception.pointcloud_preprocess,in,6973882970816,1,/apollo/sensor/velodyne64/compensator/PointCloud2,0,0,1784377329374384192,0,0,0,429820,429994
202607182021,e2e_trace_v3,4967,72214807020832210,0,perception.pointcloud_preprocess,out,6973891887616,1,/perception/lidar/pointcloud_preprocess,0,0,1784377329374384192,0,0,0,429820,429994
202607182021,e2e_trace_v3,4982,72214807020832211,0,perception.pointcloud_preprocess,in,6973986115168,1,/apollo/sensor/velodyne64/compensator/PointCloud2,0,0,1784377329480233059,0,0,0,429820,429997
202607182021,e2e_trace_v3,4984,72214807020832211,0,perception.pointcloud_preprocess,out,6973990155488,1,/perception/lidar/pointcloud_preprocess,0,0,1784377329480233059,0,0,0,429820,429997
202607182021,e2e_trace_v3,4999,72214807020832212,0,perception.pointcloud_preprocess,in,6974092598496,1,/apollo/sensor/velodyne64/compensator/PointCloud2,0,0,1784377329585136206,0,0,0,429820,429997
202607182021,e2e_trace_v3,5000,72214807020832212,0,perception.pointcloud_preprocess,out,6974097312384,1,/perception/lidar/pointcloud_preprocess,0,0,1784377329585136206,0,0,0,429820,429997
202607182021,e2e_trace_v3,5013,72214807020832213,0,perception.pointcloud_preprocess,in,6974194094656,1,/apollo/sensor/velodyne64/compensator/PointCloud2,0,0,1784377329691519826,0,0,0,429820,430007
202607182021,e2e_trace_v3,5014,72214807020832213,0,perception.pointcloud_preprocess,out,6974198174464,1,/perception/lidar/pointcloud_preprocess,0,0,1784377329691519826,0,0,0,429820,430007
202607182021,e2e_trace_v3,5036,72214807020832214,0,perception.pointcloud_preprocess,in,6974303843648,1,/apollo/sensor/velodyne64/compensator/PointCloud2,0,0,1784377329795539203,0,0,0,429820,429992
202607182021,e2e_trace_v3,5039,72214807020832214,0,perception.pointcloud_preprocess,out,6974307927744,1,/perception/lidar/pointcloud_preprocess,0,0,1784377329795539203,0,0,0,429820,429992
202607182021,e2e_trace_v3,5047,72214807020832215,0,perception.pointcloud_preprocess,in,6974408293856,1,/apollo/sensor/velodyne64/compensator/PointCloud2,0,0,1784377329904890165,0,0,0,429820,430006
202607182021,e2e_trace_v3,5049,72214807020832215,0,perception.pointcloud_preprocess,out,6974412716512,1,/perception/lidar/pointcloud_preprocess,0,0,1784377329904890165,0,0,0,429820,430006
202607182021,e2e_trace_v3,5071,72214807020832216,0,perception.pointcloud_preprocess,in,6974521101664,1,/apollo/sensor/velodyne64/compensator/PointCloud2,0,0,1784377330009556351,0,0,0,429820,430001
202607182021,e2e_trace_v3,5073,72214807020832216,0,perception.pointcloud_preprocess,out,6974524932832,1,/perception/lidar/pointcloud_preprocess,0,0,1784377330009556351,0,0,0,429820,430001
202607182021,e2e_trace_v3,5081,72214807020832217,0,perception.pointcloud_preprocess,in,6974630347840,1,/apollo/sensor/velodyne64/compensator/PointCloud2,0,0,1784377330118327868,0,0,0,429820,429991
202607182021,e2e_trace_v3,5089,72214807020832217,0,perception.pointcloud_preprocess,out,6974636785728,1,/perception/lidar/pointcloud_preprocess,0,0,1784377330118327868,0,0,0,429820,429991
202607182021,e2e_trace_v3,5098,72214807020832218,0,perception.pointcloud_preprocess,in,6974736883072,1,/apollo/sensor/velodyne64/compensator/PointCloud2,0,0,1784377330228542368,0,0,0,429820,430007
202607182021,e2e_trace_v3,5100,72214807020832218,0,perception.pointcloud_preprocess,out,6974745827264,1,/perception/lidar/pointcloud_preprocess,0,0,1784377330228542368,0,0,0,429820,430007
202607182021,e2e_trace_v3,5115,72214807020832219,0,perception.pointcloud_preprocess,in,6974844713568,1,/apollo/sensor/velodyne64/compensator/PointCloud2,0,0,1784377330333526888,0,0,0,429820,430005
202607182021,e2e_trace_v3,5118,72214807020832219,0,perception.pointcloud_preprocess,out,6974852043872,1,/perception/lidar/pointcloud_preprocess,0,0,1784377330333526888,0,0,0,429820,430005
202607182021,e2e_trace_v3,5132,72214807020832220,0,perception.pointcloud_preprocess,in,6974949686368,1,/apollo/sensor/velodyne64/compensator/PointCloud2,0,0,1784377330442360960,0,0,0,429820,430004
202607182021,e2e_trace_v3,5134,72214807020832220,0,perception.pointcloud_preprocess,out,6974953712160,1,/perception/lidar/pointcloud_preprocess,0,0,1784377330442360960,0,0,0,429820,430004
202607182021,e2e_trace_v3,5149,72214807020832221,0,perception.pointcloud_preprocess,in,6975053078048,1,/apollo/sensor/velodyne64/compensator/PointCloud2,0,0,1784377330546071946,0,0,0,429820,430000
202607182021,e2e_trace_v3,5158,72214807020832221,0,perception.pointcloud_preprocess,out,6975059636224,1,/perception/lidar/pointcloud_preprocess,0,0,1784377330546071946,0,0,0,429820,430000
202607182021,e2e_trace_v3,5166,72214807020832222,0,perception.pointcloud_preprocess,in,6975160696352,1,/apollo/sensor/velodyne64/compensator/PointCloud2,0,0,1784377330651393650,0,0,0,429820,429992
202607182021,e2e_trace_v3,5168,72214807020832222,0,perception.pointcloud_preprocess,out,6975164913696,1,/perception/lidar/pointcloud_preprocess,0,0,1784377330651393650,0,0,0,429820,429992
202607182021,e2e_trace_v3,5183,72214807020832223,0,perception.pointcloud_preprocess,in,6975264369312,1,/apollo/sensor/velodyne64/compensator/PointCloud2,0,0,1784377330757433005,0,0,0,429820,430002
202607182021,e2e_trace_v3,5185,72214807020832223,0,perception.pointcloud_preprocess,out,6975268311648,1,/perception/lidar/pointcloud_preprocess,0,0,1784377330757433005,0,0,0,429820,430002
202607182021,e2e_trace_v3,5200,72214807020832224,0,perception.pointcloud_preprocess,in,6975368317504,1,/apollo/sensor/velodyne64/compensator/PointCloud2,0,0,1784377330862616692,0,0,0,429820,430006
202607182021,e2e_trace_v3,5208,72214807020832224,0,perception.pointcloud_preprocess,out,6975374008896,1,/perception/lidar/pointcloud_preprocess,0,0,1784377330862616692,0,0,0,429820,430006
202607182021,e2e_trace_v3,5217,72214807020832225,0,perception.pointcloud_preprocess,in,6975474763136,1,/apollo/sensor/velodyne64/compensator/PointCloud2,0,0,1784377330968414275,0,0,0,429820,429992
202607182021,e2e_trace_v3,5219,72214807020832225,0,perception.pointcloud_preprocess,out,6975478822688,1,/perception/lidar/pointcloud_preprocess,0,0,1784377330968414275,0,0,0,429820,429992
202607182021,e2e_trace_v3,5234,72214807020832226,0,perception.pointcloud_preprocess,in,6975588190816,1,/apollo/sensor/velodyne64/compensator/PointCloud2,0,0,1784377331073613984,0,0,0,429820,430005
202607182021,e2e_trace_v3,5236,72214807020832226,0,perception.pointcloud_preprocess,out,6975592503808,1,/perception/lidar/pointcloud_preprocess,0,0,1784377331073613984,0,0,0,429820,430005
202607182021,e2e_trace_v3,5251,72214807020832227,0,perception.pointcloud_preprocess,in,6975690177760,1,/apollo/sensor/velodyne64/compensator/PointCloud2,0,0,1784377331182665925,0,0,0,429820,429991
202607182021,e2e_trace_v3,5253,72214807020832227,0,perception.pointcloud_preprocess,out,6975694370880,1,/perception/lidar/pointcloud_preprocess,0,0,1784377331182665925,0,0,0,429820,429991
202607182021,e2e_trace_v3,5275,72214807020832228,0,perception.pointcloud_preprocess,in,6975836825504,1,/apollo/sensor/velodyne64/compensator/PointCloud2,0,0,1784377331287623480,0,0,0,429820,429994
202607182021,e2e_trace_v3,5277,72214807020832228,0,perception.pointcloud_preprocess,out,6975840856832,1,/perception/lidar/pointcloud_preprocess,0,0,1784377331287623480,0,0,0,429820,429994
202607182021,e2e_trace_v3,5285,72214807020832229,0,perception.pointcloud_preprocess,in,6975944767136,1,/apollo/sensor/velodyne64/compensator/PointCloud2,0,0,1784377331436800451,0,0,0,429820,430007
202607182021,e2e_trace_v3,5289,72214807020832229,0,perception.pointcloud_preprocess,out,6975948465920,1,/perception/lidar/pointcloud_preprocess,0,0,1784377331436800451,0,0,0,429820,430007
202607182021,e2e_trace_v3,5312,72214807020832230,0,perception.pointcloud_preprocess,in,6976066937312,1,/apollo/sensor/velodyne64/compensator/PointCloud2,0,0,1784377331541323984,0,0,0,429820,430005
202607182021,e2e_trace_v3,5314,72214807020832230,0,perception.pointcloud_preprocess,out,6976071906048,1,/perception/lidar/pointcloud_preprocess,0,0,1784377331541323984,0,0,0,429820,430005
202607182021,e2e_trace_v3,5319,72214807020832231,0,perception.pointcloud_preprocess,in,6976157653184,1,/apollo/sensor/velodyne64/compensator/PointCloud2,0,0,1784377331644334772,0,0,0,429820,429991
202607182021,e2e_trace_v3,5321,72214807020832231,0,perception.pointcloud_preprocess,out,6976164928736,1,/perception/lidar/pointcloud_preprocess,0,0,1784377331644334772,0,0,0,429820,429991
202607182021,e2e_trace_v3,5336,72214807020832232,0,perception.pointcloud_preprocess,in,6976261377696,1,/apollo/sensor/velodyne64/compensator/PointCloud2,0,0,1784377331755507775,0,0,0,429820,430004
202607182021,e2e_trace_v3,5338,72214807020832232,0,perception.pointcloud_preprocess,out,6976265982368,1,/perception/lidar/pointcloud_preprocess,0,0,1784377331755507775,0,0,0,429820,430004
202607182021,e2e_trace_v3,5353,72214807020832233,0,perception.pointcloud_preprocess,in,6976366576768,1,/apollo/sensor/velodyne64/compensator/PointCloud2,0,0,1784377331859510846,0,0,0,429820,429992
202607182021,e2e_trace_v3,5355,72214807020832233,0,perception.pointcloud_preprocess,out,6976370692224,1,/perception/lidar/pointcloud_preprocess,0,0,1784377331859510846,0,0,0,429820,429992
202607182021,e2e_trace_v3,5377,72214807020832234,0,perception.pointcloud_preprocess,in,6976480485312,1,/apollo/sensor/velodyne64/compensator/PointCloud2,0,0,1784377331963873577,0,0,0,429820,429994
202607182021,e2e_trace_v3,5379,72214807020832234,0,perception.pointcloud_preprocess,out,6976484666112,1,/perception/lidar/pointcloud_preprocess,0,0,1784377331963873577,0,0,0,429820,429994
202607182021,e2e_trace_v3,5387,72214807020832235,0,perception.pointcloud_preprocess,in,6976590474144,1,/apollo/sensor/velodyne64/compensator/PointCloud2,0,0,1784377332081074137,0,0,0,429820,430003
202607182021,e2e_trace_v3,5389,72214807020832235,0,perception.pointcloud_preprocess,out,6976599643936,1,/perception/lidar/pointcloud_preprocess,0,0,1784377332081074137,0,0,0,429820,430003
202607182021,e2e_trace_v3,5404,72214807020832236,0,perception.pointcloud_preprocess,in,6976702241248,1,/apollo/sensor/velodyne64/compensator/PointCloud2,0,0,1784377332190536098,0,0,0,429820,429995
202607182021,e2e_trace_v3,5405,72214807020832236,0,perception.pointcloud_preprocess,out,6976707695680,1,/perception/lidar/pointcloud_preprocess,0,0,1784377332190536098,0,0,0,429820,429995
202607182021,e2e_trace_v3,5425,72214807020832237,0,perception.pointcloud_preprocess,in,6976837608640,1,/apollo/sensor/velodyne64/compensator/PointCloud2,0,0,1784377332301366034,0,0,0,429820,430001
202607182021,e2e_trace_v3,5426,72214807020832237,0,perception.pointcloud_preprocess,out,6976843270016,1,/perception/lidar/pointcloud_preprocess,0,0,1784377332301366034,0,0,0,429820,430001
202607182021,e2e_trace_v3,5435,72214807020832238,0,perception.pointcloud_preprocess,in,6976947008128,1,/apollo/sensor/velodyne64/compensator/PointCloud2,0,0,1784377332436584360,0,0,0,429820,429991
202607182021,e2e_trace_v3,5437,72214807020832238,0,perception.pointcloud_preprocess,out,6976952863264,1,/perception/lidar/pointcloud_preprocess,0,0,1784377332436584360,0,0,0,429820,429991
202607182021,e2e_trace_v3,5452,72214807020832239,0,perception.pointcloud_preprocess,in,6977048867616,1,/apollo/sensor/velodyne64/compensator/PointCloud2,0,0,1784377332542650656,0,0,0,429820,429991
202607182021,e2e_trace_v3,5454,72214807020832239,0,perception.pointcloud_preprocess,out,6977053351840,1,/perception/lidar/pointcloud_preprocess,0,0,1784377332542650656,0,0,0,429820,429991
202607182021,e2e_trace_v3,5469,72214807020832240,0,perception.pointcloud_preprocess,in,6977153259808,1,/apollo/sensor/velodyne64/compensator/PointCloud2,0,0,1784377332649147600,0,0,0,429820,429991
202607182021,e2e_trace_v3,5471,72214807020832240,0,perception.pointcloud_preprocess,out,6977161621600,1,/perception/lidar/pointcloud_preprocess,0,0,1784377332649147600,0,0,0,429820,429991
202607182021,e2e_trace_v3,5486,72214807020832241,0,perception.pointcloud_preprocess,in,6977269496544,1,/apollo/sensor/velodyne64/compensator/PointCloud2,0,0,1784377332753484988,0,0,0,429820,429991
202607182021,e2e_trace_v3,5491,72214807020832241,0,perception.pointcloud_preprocess,out,6977273273568,1,/perception/lidar/pointcloud_preprocess,0,0,1784377332753484988,0,0,0,429820,429991
202607182021,e2e_trace_v3,5500,72214807020832242,0,perception.pointcloud_preprocess,in,6977376130208,1,/apollo/sensor/velodyne64/compensator/PointCloud2,0,0,1784377332870135163,0,0,0,429820,430004
202607182021,e2e_trace_v3,5505,72214807020832242,0,perception.pointcloud_preprocess,out,6977380139968,1,/perception/lidar/pointcloud_preprocess,0,0,1784377332870135163,0,0,0,429820,430004
202607182021,e2e_trace_v3,5517,72214807020832243,0,perception.pointcloud_preprocess,in,6977483997440,1,/apollo/sensor/velodyne64/compensator/PointCloud2,0,0,1784377332975303357,0,0,0,429820,430004
202607182021,e2e_trace_v3,5519,72214807020832243,0,perception.pointcloud_preprocess,out,6977488354848,1,/perception/lidar/pointcloud_preprocess,0,0,1784377332975303357,0,0,0,429820,430004
202607182021,e2e_trace_v3,5534,72214807020832244,0,perception.pointcloud_preprocess,in,6977586937408,1,/apollo/sensor/velodyne64/compensator/PointCloud2,0,0,1784377333079325715,0,0,0,429820,430005
202607182021,e2e_trace_v3,5536,72214807020832244,0,perception.pointcloud_preprocess,out,6977591854880,1,/perception/lidar/pointcloud_preprocess,0,0,1784377333079325715,0,0,0,429820,430005
202607182021,e2e_trace_v3,5551,72214807020832245,0,perception.pointcloud_preprocess,in,6977701239680,1,/apollo/sensor/velodyne64/compensator/PointCloud2,0,0,1784377333185850129,0,0,0,429820,430007
202607182021,e2e_trace_v3,5553,72214807020832245,0,perception.pointcloud_preprocess,out,6977705750912,1,/perception/lidar/pointcloud_preprocess,0,0,1784377333185850129,0,0,0,429820,430007
202607182021,e2e_trace_v3,5568,72214807020832246,0,perception.pointcloud_preprocess,in,6977809835360,1,/apollo/sensor/velodyne64/compensator/PointCloud2,0,0,1784377333294093497,0,0,0,429820,429995
202607182021,e2e_trace_v3,5570,72214807020832246,0,perception.pointcloud_preprocess,out,6977815356960,1,/perception/lidar/pointcloud_preprocess,0,0,1784377333294093497,0,0,0,429820,429995
202607182021,e2e_trace_v3,5585,72214807020832247,0,perception.pointcloud_preprocess,in,6977908251488,1,/apollo/sensor/velodyne64/compensator/PointCloud2,0,0,1784377333403368950,0,0,0,429820,430006
202607182021,e2e_trace_v3,5587,72214807020832247,0,perception.pointcloud_preprocess,out,6977913112096,1,/perception/lidar/pointcloud_preprocess,0,0,1784377333403368950,0,0,0,429820,430006
202607182021,e2e_trace_v3,5602,72214807020832248,0,perception.pointcloud_preprocess,in,6978013923616,1,/apollo/sensor/velodyne64/compensator/PointCloud2,0,0,1784377333507073114,0,0,0,429820,429997
202607182021,e2e_trace_v3,5604,72214807020832248,0,perception.pointcloud_preprocess,out,6978018127392,1,/perception/lidar/pointcloud_preprocess,0,0,1784377333507073114,0,0,0,429820,429997
202607182021,e2e_trace_v3,5619,72214807020832249,0,perception.pointcloud_preprocess,in,6978118417536,1,/apollo/sensor/velodyne64/compensator/PointCloud2,0,0,1784377333610794543,0,0,0,429820,429995
202607182021,e2e_trace_v3,5627,72214807020832249,0,perception.pointcloud_preprocess,out,6978125721152,1,/perception/lidar/pointcloud_preprocess,0,0,1784377333610794543,0,0,0,429820,429995
202607182021,e2e_trace_v3,5636,72214807020832250,0,perception.pointcloud_preprocess,in,6978222369728,1,/apollo/sensor/velodyne64/compensator/PointCloud2,0,0,1784377333715729990,0,0,0,429820,430001
202607182021,e2e_trace_v3,5638,72214807020832250,0,perception.pointcloud_preprocess,out,6978229182272,1,/perception/lidar/pointcloud_preprocess,0,0,1784377333715729990,0,0,0,429820,430001
202607182021,e2e_trace_v3,5653,72214807020832251,0,perception.pointcloud_preprocess,in,6978335929536,1,/apollo/sensor/velodyne64/compensator/PointCloud2,0,0,1784377333824159177,0,0,0,429820,429991
202607182021,e2e_trace_v3,5662,72214807020832251,0,perception.pointcloud_preprocess,out,6978340160896,1,/perception/lidar/pointcloud_preprocess,0,0,1784377333824159177,0,0,0,429820,429991
202607182021,e2e_trace_v3,5670,72214807020832252,0,perception.pointcloud_preprocess,in,6978440069696,1,/apollo/sensor/velodyne64/compensator/PointCloud2,0,0,1784377333932481709,0,0,0,429820,429992
202607182021,e2e_trace_v3,5672,72214807020832252,0,perception.pointcloud_preprocess,out,6978444419200,1,/perception/lidar/pointcloud_preprocess,0,0,1784377333932481709,0,0,0,429820,429992
202607182021,e2e_trace_v3,5687,72214807020832253,0,perception.pointcloud_preprocess,in,6978555405184,1,/apollo/sensor/velodyne64/compensator/PointCloud2,0,0,1784377334037291306,0,0,0,429820,429994
202607182021,e2e_trace_v3,5696,72214807020832253,0,perception.pointcloud_preprocess,out,6978560204064,1,/perception/lidar/pointcloud_preprocess,0,0,1784377334037291306,0,0,0,429820,429994
202607182021,e2e_trace_v3,5704,72214807020832254,0,perception.pointcloud_preprocess,in,6978670795104,1,/apollo/sensor/velodyne64/compensator/PointCloud2,0,0,1784377334153797239,0,0,0,429820,430000
202607182021,e2e_trace_v3,5706,72214807020832254,0,perception.pointcloud_preprocess,out,6978675453696,1,/perception/lidar/pointcloud_preprocess,0,0,1784377334153797239,0,0,0,429820,430000
202607182021,e2e_trace_v3,5721,72214807020832255,0,perception.pointcloud_preprocess,in,6978772370112,1,/apollo/sensor/velodyne64/compensator/PointCloud2,0,0,1784377334265668082,0,0,0,429820,429996
202607182021,e2e_trace_v3,5723,72214807020832255,0,perception.pointcloud_preprocess,out,6978776416096,1,/perception/lidar/pointcloud_preprocess,0,0,1784377334265668082,0,0,0,429820,429996
202607182021,e2e_trace_v3,5738,72214807020832256,0,perception.pointcloud_preprocess,in,6978875177920,1,/apollo/sensor/velodyne64/compensator/PointCloud2,0,0,1784377334370750075,0,0,0,429820,429997
202607182021,e2e_trace_v3,5740,72214807020832256,0,perception.pointcloud_preprocess,out,6978879312000,1,/perception/lidar/pointcloud_preprocess,0,0,1784377334370750075,0,0,0,429820,429997
202607182021,e2e_trace_v3,5762,72214807020832257,0,perception.pointcloud_preprocess,in,6978998861888,1,/apollo/sensor/velodyne64/compensator/PointCloud2,0,0,1784377334474458316,0,0,0,429820,429994
202607182021,e2e_trace_v3,5765,72214807020832257,0,perception.pointcloud_preprocess,out,6979003490624,1,/perception/lidar/pointcloud_preprocess,0,0,1784377334474458316,0,0,0,429820,429994
202607182021,e2e_trace_v3,5771,72214807020832258,0,perception.pointcloud_preprocess,in,6979093906144,1,/apollo/sensor/velodyne64/compensator/PointCloud2,0,0,1784377334586851354,0,0,0,429820,429992
202607182021,e2e_trace_v3,5773,72214807020832258,0,perception.pointcloud_preprocess,out,6979099240288,1,/perception/lidar/pointcloud_preprocess,0,0,1784377334586851354,0,0,0,429820,429992
202607182021,e2e_trace_v3,5788,72214807020832259,0,perception.pointcloud_preprocess,in,6979201591616,1,/apollo/sensor/velodyne64/compensator/PointCloud2,0,0,1784377334690919789,0,0,0,429820,429991
202607182021,e2e_trace_v3,5790,72214807020832259,0,perception.pointcloud_preprocess,out,6979208077856,1,/perception/lidar/pointcloud_preprocess,0,0,1784377334690919789,0,0,0,429820,429991
202607182021,e2e_trace_v3,5805,72214807020832260,0,perception.pointcloud_preprocess,in,6979317924800,1,/apollo/sensor/velodyne64/compensator/PointCloud2,0,0,1784377334796686349,0,0,0,429820,430007
202607182021,e2e_trace_v3,5807,72214807020832260,0,perception.pointcloud_preprocess,out,6979322041344,1,/perception/lidar/pointcloud_preprocess,0,0,1784377334796686349,0,0,0,429820,430007
202607182021,e2e_trace_v3,5828,72214807020832261,0,perception.pointcloud_preprocess,in,6979425313024,1,/apollo/sensor/velodyne64/compensator/PointCloud2,0,0,1784377334915771971,0,0,0,429820,429991
202607182021,e2e_trace_v3,5831,72214807020832261,0,perception.pointcloud_preprocess,out,6979429436800,1,/perception/lidar/pointcloud_preprocess,0,0,1784377334915771971,0,0,0,429820,429991
202607182021,e2e_trace_v3,5839,72214807020832262,0,perception.pointcloud_preprocess,in,6979529143968,1,/apollo/sensor/velodyne64/compensator/PointCloud2,0,0,1784377335024498323,0,0,0,429820,429996
202607182021,e2e_trace_v3,5849,72214807020832262,0,perception.pointcloud_preprocess,out,6979540050880,1,/perception/lidar/pointcloud_preprocess,0,0,1784377335024498323,0,0,0,429820,429996
202607182021,e2e_trace_v3,5856,72214807020832263,0,perception.pointcloud_preprocess,in,6979635702560,1,/apollo/sensor/velodyne64/compensator/PointCloud2,0,0,1784377335129705406,0,0,0,429820,430000
202607182021,e2e_trace_v3,5858,72214807020832263,0,perception.pointcloud_preprocess,out,6979639737824,1,/perception/lidar/pointcloud_preprocess,0,0,1784377335129705406,0,0,0,429820,430000
202607182021,e2e_trace_v3,5873,72214807020832264,0,perception.pointcloud_preprocess,in,6979749150464,1,/apollo/sensor/velodyne64/compensator/PointCloud2,0,0,1784377335236653245,0,0,0,429820,429997
202607182021,e2e_trace_v3,5875,72214807020832264,0,perception.pointcloud_preprocess,out,6979753223264,1,/perception/lidar/pointcloud_preprocess,0,0,1784377335236653245,0,0,0,429820,429997
202607182021,e2e_trace_v3,5890,72214807020832265,0,perception.pointcloud_preprocess,in,6979854628256,1,/apollo/sensor/velodyne64/compensator/PointCloud2,0,0,1784377335343276622,0,0,0,429820,429999
202607182021,e2e_trace_v3,5892,72214807020832265,0,perception.pointcloud_preprocess,out,6979859604960,1,/perception/lidar/pointcloud_preprocess,0,0,1784377335343276622,0,0,0,429820,429999
202607182021,e2e_trace_v3,5907,72214807020832266,0,perception.pointcloud_preprocess,in,6979960932640,1,/apollo/sensor/velodyne64/compensator/PointCloud2,0,0,1784377335452427764,0,0,0,429820,429995
202607182021,e2e_trace_v3,5909,72214807020832266,0,perception.pointcloud_preprocess,out,6979965504672,1,/perception/lidar/pointcloud_preprocess,0,0,1784377335452427764,0,0,0,429820,429995
202607182021,e2e_trace_v3,5924,72214807020832267,0,perception.pointcloud_preprocess,in,6980066939392,1,/apollo/sensor/velodyne64/compensator/PointCloud2,0,0,1784377335557666590,0,0,0,429820,429991
202607182021,e2e_trace_v3,5926,72214807020832267,0,perception.pointcloud_preprocess,out,6980071893920,1,/perception/lidar/pointcloud_preprocess,0,0,1784377335557666590,0,0,0,429820,429991
202607182021,e2e_trace_v3,5941,72214807020832268,0,perception.pointcloud_preprocess,in,6980178413600,1,/apollo/sensor/velodyne64/compensator/PointCloud2,0,0,1784377335664890021,0,0,0,429820,430006
202607182021,e2e_trace_v3,5949,72214807020832268,0,perception.pointcloud_preprocess,out,6980183208128,1,/perception/lidar/pointcloud_preprocess,0,0,1784377335664890021,0,0,0,429820,430006
