run_id,schema_version,event_id,trace_id,proc_id,module,phase,mono_ns,pid,tid
202607181815,e2e_trace_v3,10,72323048786625681,0,perception.pointcloud_map_based_roi,proc_enter,1892614306080,61806,61990
202607181815,e2e_trace_v3,14,72323048786625681,0,perception.pointcloud_map_based_roi,output_pub,1892627862624,61806,61990
202607181815,e2e_trace_v3,20,72323048786625682,0,perception.pointcloud_map_based_roi,proc_enter,1892715245376,61806,61994
202607181815,e2e_trace_v3,21,72323048786625682,0,perception.pointcloud_map_based_roi,output_pub,1892721526816,61806,61994
202607181815,e2e_trace_v3,37,72323048786625683,0,perception.pointcloud_map_based_roi,proc_enter,1892842619712,61806,61990
202607181815,e2e_trace_v3,40,72323048786625683,0,perception.pointcloud_map_based_roi,output_pub,1892853591040,61806,61990
202607181815,e2e_trace_v3,46,72323048786625684,0,perception.pointcloud_map_based_roi,proc_enter,1892956280512,61806,61980
202607181815,e2e_trace_v3,49,72323048786625684,0,perception.pointcloud_map_based_roi,output_pub,1892967000928,61806,61980
202607181815,e2e_trace_v3,63,72323048786625685,0,perception.pointcloud_map_based_roi,proc_enter,1893060062272,61806,61989
202607181815,e2e_trace_v3,64,72323048786625685,0,perception.pointcloud_map_based_roi,output_pub,1893065639616,61806,61989
202607181815,e2e_trace_v3,88,72323048786625686,0,perception.pointcloud_map_based_roi,proc_enter,1893175436512,61806,61988
202607181815,e2e_trace_v3,92,72323048786625686,0,perception.pointcloud_map_based_roi,output_pub,1893183925760,61806,61988
202607181815,e2e_trace_v3,97,72323048786625687,0,perception.pointcloud_map_based_roi,proc_enter,1893291591392,61806,61990
202607181815,e2e_trace_v3,100,72323048786625687,0,perception.pointcloud_map_based_roi,output_pub,1893301370272,61806,61990
202607181815,e2e_trace_v3,114,72323048786625688,0,perception.pointcloud_map_based_roi,proc_enter,1893401261728,61806,61974
202607181815,e2e_trace_v3,117,72323048786625688,0,perception.pointcloud_map_based_roi,output_pub,1893412012384,61806,61974
202607181815,e2e_trace_v3,130,72323048786625689,0,perception.pointcloud_map_based_roi,proc_enter,1893517933760,61806,61978
202607181815,e2e_trace_v3,131,72323048786625689,0,perception.pointcloud_map_based_roi,output_pub,1893525681760,61806,61978
202607181815,e2e_trace_v3,137,72323048786625690,0,perception.pointcloud_map_based_roi,proc_enter,1893623632352,61806,61977
202607181815,e2e_trace_v3,138,72323048786625690,0,perception.pointcloud_map_based_roi,output_pub,1893630842688,61806,61977
202607181815,e2e_trace_v3,156,72323048786625691,0,perception.pointcloud_map_based_roi,proc_enter,1893730801248,61806,61976
202607181815,e2e_trace_v3,158,72323048786625691,0,perception.pointcloud_map_based_roi,output_pub,1893737785984,61806,61976
202607181815,e2e_trace_v3,173,72323048786625692,0,perception.pointcloud_map_based_roi,proc_enter,1893839531776,61806,61989
202607181815,e2e_trace_v3,175,72323048786625692,0,perception.pointcloud_map_based_roi,output_pub,1893851811520,61806,61989
202607181815,e2e_trace_v3,190,72323048786625693,0,perception.pointcloud_map_based_roi,proc_enter,1893954841280,61806,61994
202607181815,e2e_trace_v3,194,72323048786625693,0,perception.pointcloud_map_based_roi,output_pub,1893964395744,61806,61994
202607181815,e2e_trace_v3,200,72323048786625694,0,perception.pointcloud_map_based_roi,proc_enter,1894068636160,61806,61978
202607181815,e2e_trace_v3,203,72323048786625694,0,perception.pointcloud_map_based_roi,output_pub,1894079340544,61806,61978
202607181815,e2e_trace_v3,217,72323048786625695,0,perception.pointcloud_map_based_roi,proc_enter,1894171149312,61806,61988
202607181815,e2e_trace_v3,220,72323048786625695,0,perception.pointcloud_map_based_roi,output_pub,1894176337184,61806,61988
202607181815,e2e_trace_v3,234,72323048786625696,0,perception.pointcloud_map_based_roi,proc_enter,1894291562112,61806,61989
202607181815,e2e_trace_v3,237,72323048786625696,0,perception.pointcloud_map_based_roi,output_pub,1894300404192,61806,61989
202607181815,e2e_trace_v3,251,72323048786625697,0,perception.pointcloud_map_based_roi,proc_enter,1894404746496,61806,61976
202607181815,e2e_trace_v3,254,72323048786625697,0,perception.pointcloud_map_based_roi,output_pub,1894414075936,61806,61976
202607181815,e2e_trace_v3,268,72323048786625698,0,perception.pointcloud_map_based_roi,proc_enter,1894509168736,61806,61988
202607181815,e2e_trace_v3,269,72323048786625698,0,perception.pointcloud_map_based_roi,output_pub,1894515519520,61806,61988
202607181815,e2e_trace_v3,284,72323048786625699,0,perception.pointcloud_map_based_roi,proc_enter,1894618245440,61806,61978
202607181815,e2e_trace_v3,288,72323048786625699,0,perception.pointcloud_map_based_roi,output_pub,1894625708608,61806,61978
202607181815,e2e_trace_v3,302,72323048786625700,0,perception.pointcloud_map_based_roi,proc_enter,1894722975744,61806,61989
202607181815,e2e_trace_v3,305,72323048786625700,0,perception.pointcloud_map_based_roi,output_pub,1894733592800,61806,61989
202607181815,e2e_trace_v3,319,72323048786625701,0,perception.pointcloud_map_based_roi,proc_enter,1894845585248,61806,61995
202607181815,e2e_trace_v3,322,72323048786625701,0,perception.pointcloud_map_based_roi,output_pub,1894854930848,61806,61995
202607181815,e2e_trace_v3,328,72323048786625702,0,perception.pointcloud_map_based_roi,proc_enter,1894951843456,61806,61977
202607181815,e2e_trace_v3,331,72323048786625702,0,perception.pointcloud_map_based_roi,output_pub,1894962420384,61806,61977
202607181815,e2e_trace_v3,345,72323048786625703,0,perception.pointcloud_map_based_roi,proc_enter,1895057699104,61806,61992
202607181815,e2e_trace_v3,346,72323048786625703,0,perception.pointcloud_map_based_roi,output_pub,1895064177344,61806,61992
202607181815,e2e_trace_v3,353,72323048786625704,0,perception.pointcloud_map_based_roi,proc_enter,1895160231136,61806,61996
202607181815,e2e_trace_v3,357,72323048786625704,0,perception.pointcloud_map_based_roi,output_pub,1895170621824,61806,61996
202607181815,e2e_trace_v3,379,72323048786625705,0,perception.pointcloud_map_based_roi,proc_enter,1895278545984,61806,61988
202607181815,e2e_trace_v3,380,72323048786625705,0,perception.pointcloud_map_based_roi,output_pub,1895284737152,61806,61988
202607181815,e2e_trace_v3,388,72323048786625706,0,perception.pointcloud_map_based_roi,proc_enter,1895398252960,61806,61975
202607181815,e2e_trace_v3,391,72323048786625706,0,perception.pointcloud_map_based_roi,output_pub,1895409011552,61806,61975
202607181815,e2e_trace_v3,405,72323048786625707,0,perception.pointcloud_map_based_roi,proc_enter,1895500991744,61806,61992
202607181815,e2e_trace_v3,408,72323048786625707,0,perception.pointcloud_map_based_roi,output_pub,1895514894560,61806,61992
202607181815,e2e_trace_v3,414,72323048786625708,0,perception.pointcloud_map_based_roi,proc_enter,1895618856448,61806,61988
202607181815,e2e_trace_v3,417,72323048786625708,0,perception.pointcloud_map_based_roi,output_pub,1895629594560,61806,61988
202607181815,e2e_trace_v3,430,72323048786625709,0,perception.pointcloud_map_based_roi,proc_enter,1895722249728,61806,61996
202607181815,e2e_trace_v3,435,72323048786625709,0,perception.pointcloud_map_based_roi,output_pub,1895735784544,61806,61996
202607181815,e2e_trace_v3,448,72323048786625710,0,perception.pointcloud_map_based_roi,proc_enter,1895832055680,61806,61979
202607181815,e2e_trace_v3,449,72323048786625710,0,perception.pointcloud_map_based_roi,output_pub,1895838219808,61806,61979
202607181815,e2e_trace_v3,457,72323048786625711,0,perception.pointcloud_map_based_roi,proc_enter,1895943060960,61806,61975
202607181815,e2e_trace_v3,460,72323048786625711,0,perception.pointcloud_map_based_roi,output_pub,1895949318976,61806,61975
202607181815,e2e_trace_v3,473,72323048786625712,0,perception.pointcloud_map_based_roi,proc_enter,1896045404000,61806,61977
202607181815,e2e_trace_v3,475,72323048786625712,0,perception.pointcloud_map_based_roi,output_pub,1896052068320,61806,61977
202607181815,e2e_trace_v3,491,72323048786625713,0,perception.pointcloud_map_based_roi,proc_enter,1896162567680,61806,61974
202607181815,e2e_trace_v3,494,72323048786625713,0,perception.pointcloud_map_based_roi,output_pub,1896171326240,61806,61974
202607181815,e2e_trace_v3,507,72323048786625714,0,perception.pointcloud_map_based_roi,proc_enter,1896268710656,61806,61989
202607181815,e2e_trace_v3,517,72323048786625714,0,perception.pointcloud_map_based_roi,output_pub,1896275804544,61806,61989
202607181815,e2e_trace_v3,520,72323048786625715,0,perception.pointcloud_map_based_roi,proc_enter,1896386123264,61806,61975
202607181815,e2e_trace_v3,523,72323048786625715,0,perception.pointcloud_map_based_roi,output_pub,1896392601056,61806,61975
202607181815,e2e_trace_v3,539,72323048786625716,0,perception.pointcloud_map_based_roi,proc_enter,1896488600640,61806,61976
202607181815,e2e_trace_v3,540,72323048786625716,0,perception.pointcloud_map_based_roi,output_pub,1896495182944,61806,61976
202607181815,e2e_trace_v3,556,72323048786625717,0,perception.pointcloud_map_based_roi,proc_enter,1896597329248,61806,61974
202607181815,e2e_trace_v3,557,72323048786625717,0,perception.pointcloud_map_based_roi,output_pub,1896604047456,61806,61974
202607181815,e2e_trace_v3,573,72323048786625718,0,perception.pointcloud_map_based_roi,proc_enter,1896705176160,61806,61990
202607181815,e2e_trace_v3,577,72323048786625718,0,perception.pointcloud_map_based_roi,output_pub,1896711970496,61806,61990
202607181815,e2e_trace_v3,589,72323048786625719,0,perception.pointcloud_map_based_roi,proc_enter,1896818385536,61806,61988
202607181815,e2e_trace_v3,593,72323048786625719,0,perception.pointcloud_map_based_roi,output_pub,1896827482112,61806,61988
202607181815,e2e_trace_v3,607,72323048786625720,0,perception.pointcloud_map_based_roi,proc_enter,1896931011584,61806,61995
202607181815,e2e_trace_v3,610,72323048786625720,0,perception.pointcloud_map_based_roi,output_pub,1896940537984,61806,61995
202607181815,e2e_trace_v3,624,72323048786625721,0,perception.pointcloud_map_based_roi,proc_enter,1897038629600,61806,61976
202607181815,e2e_trace_v3,633,72323048786625721,0,perception.pointcloud_map_based_roi,output_pub,1897048990560,61806,61976
202607181815,e2e_trace_v3,649,72323048786625722,0,perception.pointcloud_map_based_roi,proc_enter,1897147200672,61806,61994
202607181815,e2e_trace_v3,652,72323048786625722,0,perception.pointcloud_map_based_roi,output_pub,1897156688128,61806,61994
202607181815,e2e_trace_v3,666,72323048786625723,0,perception.pointcloud_map_based_roi,proc_enter,1897253881856,61806,61977
202607181815,e2e_trace_v3,667,72323048786625723,0,perception.pointcloud_map_based_roi,output_pub,1897258809056,61806,61977
202607181815,e2e_trace_v3,682,72323048786625724,0,perception.pointcloud_map_based_roi,proc_enter,1897365353056,61806,61989
202607181815,e2e_trace_v3,684,72323048786625724,0,perception.pointcloud_map_based_roi,output_pub,1897374166784,61806,61989
202607181815,e2e_trace_v3,699,72323048786625725,0,perception.pointcloud_map_based_roi,proc_enter,1897475698848,61806,61995
202607181815,e2e_trace_v3,700,72323048786625725,0,perception.pointcloud_map_based_roi,output_pub,1897480942304,61806,61995
202607181815,e2e_trace_v3,717,72323048786625726,0,perception.pointcloud_map_based_roi,proc_enter,1897587208864,61806,61992
202607181815,e2e_trace_v3,718,72323048786625726,0,perception.pointcloud_map_based_roi,output_pub,1897593805984,61806,61992
202607181815,e2e_trace_v3,734,72323048786625727,0,perception.pointcloud_map_based_roi,proc_enter,1897695707808,61806,61980
202607181815,e2e_trace_v3,738,72323048786625727,0,perception.pointcloud_map_based_roi,output_pub,1897705894784,61806,61980
202607181815,e2e_trace_v3,759,72323048786625728,0,perception.pointcloud_map_based_roi,proc_enter,1897809217536,61806,61989
202607181815,e2e_trace_v3,762,72323048786625728,0,perception.pointcloud_map_based_roi,output_pub,1897816303648,61806,61989
202607181815,e2e_trace_v3,778,72323048786625729,0,perception.pointcloud_map_based_roi,proc_enter,1897969415776,61806,61992
202607181815,e2e_trace_v3,779,72323048786625729,0,perception.pointcloud_map_based_roi,output_pub,1897977356160,61806,61992
202607181815,e2e_trace_v3,793,72323048786625730,0,perception.pointcloud_map_based_roi,proc_enter,1898041107456,61806,61990
202607181815,e2e_trace_v3,794,72323048786625730,0,perception.pointcloud_map_based_roi,output_pub,1898046356320,61806,61990
202607181815,e2e_trace_v3,810,72323048786625731,0,perception.pointcloud_map_based_roi,proc_enter,1898146417984,61806,61988
202607181815,e2e_trace_v3,811,72323048786625731,0,perception.pointcloud_map_based_roi,output_pub,1898153273248,61806,61988
202607181815,e2e_trace_v3,827,72323048786625732,0,perception.pointcloud_map_based_roi,proc_enter,1898252848448,61806,61979
202607181815,e2e_trace_v3,828,72323048786625732,0,perception.pointcloud_map_based_roi,output_pub,1898257051360,61806,61979
202607181815,e2e_trace_v3,844,72323048786625733,0,perception.pointcloud_map_based_roi,proc_enter,1898361853088,61806,61989
202607181815,e2e_trace_v3,856,72323048786625733,0,perception.pointcloud_map_based_roi,output_pub,1898375736704,61806,61989
202607181815,e2e_trace_v3,868,72323048786625734,0,perception.pointcloud_map_based_roi,proc_enter,1898466121792,61806,61976
202607181815,e2e_trace_v3,870,72323048786625734,0,perception.pointcloud_map_based_roi,output_pub,1898471123968,61806,61976
202607181815,e2e_trace_v3,885,72323048786625735,0,perception.pointcloud_map_based_roi,proc_enter,1898580215552,61806,61977
202607181815,e2e_trace_v3,887,72323048786625735,0,perception.pointcloud_map_based_roi,output_pub,1898586196352,61806,61977
202607181815,e2e_trace_v3,899,72323048786625736,0,perception.pointcloud_map_based_roi,proc_enter,1898682782528,61806,61992
202607181815,e2e_trace_v3,902,72323048786625736,0,perception.pointcloud_map_based_roi,output_pub,1898691860736,61806,61992
202607181815,e2e_trace_v3,917,72323048786625737,0,perception.pointcloud_map_based_roi,proc_enter,1898794442144,61806,61993
202607181815,e2e_trace_v3,918,72323048786625737,0,perception.pointcloud_map_based_roi,output_pub,1898799864096,61806,61993
202607181815,e2e_trace_v3,934,72323048786625738,0,perception.pointcloud_map_based_roi,proc_enter,1898917251392,61806,61980
202607181815,e2e_trace_v3,935,72323048786625738,0,perception.pointcloud_map_based_roi,output_pub,1898922220832,61806,61980
202607181815,e2e_trace_v3,951,72323048786625739,0,perception.pointcloud_map_based_roi,proc_enter,1899028872064,61806,61991
202607181815,e2e_trace_v3,952,72323048786625739,0,perception.pointcloud_map_based_roi,output_pub,1899033582848,61806,61991
202607181815,e2e_trace_v3,968,72323048786625740,0,perception.pointcloud_map_based_roi,proc_enter,1899132425728,61806,61996
202607181815,e2e_trace_v3,971,72323048786625740,0,perception.pointcloud_map_based_roi,output_pub,1899141331200,61806,61996
202607181815,e2e_trace_v3,985,72323048786625741,0,perception.pointcloud_map_based_roi,proc_enter,1899246442496,61806,61980
202607181815,e2e_trace_v3,996,72323048786625741,0,perception.pointcloud_map_based_roi,output_pub,1899254511488,61806,61980
202607181815,e2e_trace_v3,1007,72323048786625742,0,perception.pointcloud_map_based_roi,proc_enter,1899344847776,61806,61988
202607181815,e2e_trace_v3,1011,72323048786625742,0,perception.pointcloud_map_based_roi,output_pub,1899349167584,61806,61988
202607181815,e2e_trace_v3,1027,72323048786625743,0,perception.pointcloud_map_based_roi,proc_enter,1899454664032,61806,61996
202607181815,e2e_trace_v3,1030,72323048786625743,0,perception.pointcloud_map_based_roi,output_pub,1899462503296,61806,61996
202607181815,e2e_trace_v3,1044,72323048786625744,0,perception.pointcloud_map_based_roi,proc_enter,1899557690592,61806,61979
202607181815,e2e_trace_v3,1048,72323048786625744,0,perception.pointcloud_map_based_roi,output_pub,1899567191648,61806,61979
202607181815,e2e_trace_v3,1060,72323048786625745,0,perception.pointcloud_map_based_roi,proc_enter,1899663754112,61806,61977
202607181815,e2e_trace_v3,1062,72323048786625745,0,perception.pointcloud_map_based_roi,output_pub,1899668281376,61806,61977
202607181815,e2e_trace_v3,1077,72323048786625746,0,perception.pointcloud_map_based_roi,proc_enter,1899775232064,61806,61991
202607181815,e2e_trace_v3,1078,72323048786625746,0,perception.pointcloud_map_based_roi,output_pub,1899782103104,61806,61991
202607181815,e2e_trace_v3,1092,72323048786625747,0,perception.pointcloud_map_based_roi,proc_enter,1899882478944,61806,61979
202607181815,e2e_trace_v3,1093,72323048786625747,0,perception.pointcloud_map_based_roi,output_pub,1899888900672,61806,61979
202607181815,e2e_trace_v3,1112,72323048786625748,0,perception.pointcloud_map_based_roi,proc_enter,1900010685664,61806,61994
202607181815,e2e_trace_v3,1115,72323048786625748,0,perception.pointcloud_map_based_roi,output_pub,1900019913280,61806,61994
202607181815,e2e_trace_v3,1121,72323048786625749,0,perception.pointcloud_map_based_roi,proc_enter,1900121539680,61806,61975
202607181815,e2e_trace_v3,1124,72323048786625749,0,perception.pointcloud_map_based_roi,output_pub,1900129504800,61806,61975
202607181815,e2e_trace_v3,1138,72323048786625750,0,perception.pointcloud_map_based_roi,proc_enter,1900226552736,61806,61996
202607181815,e2e_trace_v3,1141,72323048786625750,0,perception.pointcloud_map_based_roi,output_pub,1900233197440,61806,61996
202607181815,e2e_trace_v3,1147,72323048786625751,0,perception.pointcloud_map_based_roi,proc_enter,1900331295456,61806,61994
202607181815,e2e_trace_v3,1148,72323048786625751,0,perception.pointcloud_map_based_roi,output_pub,1900335700096,61806,61994
202607181815,e2e_trace_v3,1164,72323048786625752,0,perception.pointcloud_map_based_roi,proc_enter,1900438059392,61806,61992
202607181815,e2e_trace_v3,1165,72323048786625752,0,perception.pointcloud_map_based_roi,output_pub,1900443405568,61806,61992
202607181815,e2e_trace_v3,1173,72323048786625753,0,perception.pointcloud_map_based_roi,proc_enter,1900548460608,61806,61996
202607181815,e2e_trace_v3,1174,72323048786625753,0,perception.pointcloud_map_based_roi,output_pub,1900555137024,61806,61996
202607181815,e2e_trace_v3,1190,72323048786625754,0,perception.pointcloud_map_based_roi,proc_enter,1900645951520,61806,61988
202607181815,e2e_trace_v3,1191,72323048786625754,0,perception.pointcloud_map_based_roi,output_pub,1900651373728,61806,61988
202607181815,e2e_trace_v3,1199,72323048786625755,0,perception.pointcloud_map_based_roi,proc_enter,1900755550496,61806,61988
202607181815,e2e_trace_v3,1202,72323048786625755,0,perception.pointcloud_map_based_roi,output_pub,1900764086944,61806,61988
202607181815,e2e_trace_v3,1216,72323048786625756,0,perception.pointcloud_map_based_roi,proc_enter,1900861136288,61806,61974
202607181815,e2e_trace_v3,1219,72323048786625756,0,perception.pointcloud_map_based_roi,output_pub,1900866003008,61806,61974
202607181815,e2e_trace_v3,1225,72323048786625757,0,perception.pointcloud_map_based_roi,proc_enter,1900976640832,61806,61994
202607181815,e2e_trace_v3,1228,72323048786625757,0,perception.pointcloud_map_based_roi,output_pub,1900985944672,61806,61994
202607181815,e2e_trace_v3,1242,72323048786625758,0,perception.pointcloud_map_based_roi,proc_enter,1901098502016,61806,61976
202607181815,e2e_trace_v3,1243,72323048786625758,0,perception.pointcloud_map_based_roi,output_pub,1901103233760,61806,61976
202607181815,e2e_trace_v3,1251,72323048786625759,0,perception.pointcloud_map_based_roi,proc_enter,1901211390304,61806,61995
202607181815,e2e_trace_v3,1254,72323048786625759,0,perception.pointcloud_map_based_roi,output_pub,1901220763360,61806,61995
202607181815,e2e_trace_v3,1268,72323048786625760,0,perception.pointcloud_map_based_roi,proc_enter,1901309609504,61806,61979
202607181815,e2e_trace_v3,1269,72323048786625760,0,perception.pointcloud_map_based_roi,output_pub,1901317334112,61806,61979
202607181815,e2e_trace_v3,1277,72323048786625761,0,perception.pointcloud_map_based_roi,proc_enter,1901414965952,61806,61991
202607181815,e2e_trace_v3,1278,72323048786625761,0,perception.pointcloud_map_based_roi,output_pub,1901419073440,61806,61991
202607181815,e2e_trace_v3,1294,72323048786625762,0,perception.pointcloud_map_based_roi,proc_enter,1901528075584,61806,61989
202607181815,e2e_trace_v3,1295,72323048786625762,0,perception.pointcloud_map_based_roi,output_pub,1901534736288,61806,61989
202607181815,e2e_trace_v3,1302,72323048786625763,0,perception.pointcloud_map_based_roi,proc_enter,1901630988064,61806,61979
202607181815,e2e_trace_v3,1303,72323048786625763,0,perception.pointcloud_map_based_roi,output_pub,1901636138848,61806,61979
202607181815,e2e_trace_v3,1316,72323048786625764,0,perception.pointcloud_map_based_roi,proc_enter,1901743764544,61806,61979
202607181815,e2e_trace_v3,1317,72323048786625764,0,perception.pointcloud_map_based_roi,output_pub,1901748786400,61806,61979
202607181815,e2e_trace_v3,1326,72323048786625765,0,perception.pointcloud_map_based_roi,proc_enter,1901848293376,61806,61978
202607181815,e2e_trace_v3,1327,72323048786625765,0,perception.pointcloud_map_based_roi,output_pub,1901856019104,61806,61978
202607181815,e2e_trace_v3,1335,72323048786625766,0,perception.pointcloud_map_based_roi,proc_enter,1901958146496,61806,61979
202607181815,e2e_trace_v3,1338,72323048786625766,0,perception.pointcloud_map_based_roi,output_pub,1901967206208,61806,61979
202607181815,e2e_trace_v3,1352,72323048786625767,0,perception.pointcloud_map_based_roi,proc_enter,1902074139936,61806,61995
202607181815,e2e_trace_v3,1355,72323048786625767,0,perception.pointcloud_map_based_roi,output_pub,1902082322016,61806,61995
202607181815,e2e_trace_v3,1360,72323048786625768,0,perception.pointcloud_map_based_roi,proc_enter,1902174975008,61806,61991
202607181815,e2e_trace_v3,1364,72323048786625768,0,perception.pointcloud_map_based_roi,output_pub,1902180248928,61806,61991
202607181815,e2e_trace_v3,1378,72323048786625769,0,perception.pointcloud_map_based_roi,proc_enter,1902281586912,61806,61974
202607181815,e2e_trace_v3,1381,72323048786625769,0,perception.pointcloud_map_based_roi,output_pub,1902289169280,61806,61974
202607181815,e2e_trace_v3,1387,72323048786625770,0,perception.pointcloud_map_based_roi,proc_enter,1902389102240,61806,61989
202607181815,e2e_trace_v3,1391,72323048786625770,0,perception.pointcloud_map_based_roi,output_pub,1902403674336,61806,61989
202607181815,e2e_trace_v3,1404,72323048786625771,0,perception.pointcloud_map_based_roi,proc_enter,1902499024000,61806,61992
202607181815,e2e_trace_v3,1405,72323048786625771,0,perception.pointcloud_map_based_roi,output_pub,1902503682624,61806,61992
202607181815,e2e_trace_v3,1413,72323048786625772,0,perception.pointcloud_map_based_roi,proc_enter,1902608833696,61806,61980
202607181815,e2e_trace_v3,1416,72323048786625772,0,perception.pointcloud_map_based_roi,output_pub,1902616560320,61806,61980
202607181815,e2e_trace_v3,1429,72323048786625773,0,perception.pointcloud_map_based_roi,proc_enter,1902713971136,61806,61990
202607181815,e2e_trace_v3,1430,72323048786625773,0,perception.pointcloud_map_based_roi,output_pub,1902719030208,61806,61990
202607181815,e2e_trace_v3,1439,72323048786625774,0,perception.pointcloud_map_based_roi,proc_enter,1902819863360,61806,61990
202607181815,e2e_trace_v3,1442,72323048786625774,0,perception.pointcloud_map_based_roi,output_pub,1902828387520,61806,61990
202607181815,e2e_trace_v3,1456,72323048786625775,0,perception.pointcloud_map_based_roi,proc_enter,1902927006112,61806,61993
202607181815,e2e_trace_v3,1457,72323048786625775,0,perception.pointcloud_map_based_roi,output_pub,1902934604288,61806,61993
202607181815,e2e_trace_v3,1473,72323048786625776,0,perception.pointcloud_map_based_roi,proc_enter,1903044959648,61806,61975
202607181815,e2e_trace_v3,1474,72323048786625776,0,perception.pointcloud_map_based_roi,output_pub,1903051023680,61806,61975
202607181815,e2e_trace_v3,1482,72323048786625777,0,perception.pointcloud_map_based_roi,proc_enter,1903154987392,61806,61989
202607181815,e2e_trace_v3,1486,72323048786625777,0,perception.pointcloud_map_based_roi,output_pub,1903167741504,61806,61989
202607181815,e2e_trace_v3,1498,72323048786625778,0,perception.pointcloud_map_based_roi,proc_enter,1903270256128,61806,61995
202607181815,e2e_trace_v3,1502,72323048786625778,0,perception.pointcloud_map_based_roi,output_pub,1903277312352,61806,61995
202607181815,e2e_trace_v3,1515,72323048786625779,0,perception.pointcloud_map_based_roi,proc_enter,1903374910144,61806,61991
202607181815,e2e_trace_v3,1516,72323048786625779,0,perception.pointcloud_map_based_roi,output_pub,1903379851328,61806,61991
202607181815,e2e_trace_v3,1525,72323048786625780,0,perception.pointcloud_map_based_roi,proc_enter,1903480597568,61806,61990
202607181815,e2e_trace_v3,1526,72323048786625780,0,perception.pointcloud_map_based_roi,output_pub,1903485524800,61806,61990
202607181815,e2e_trace_v3,1534,72323048786625781,0,perception.pointcloud_map_based_roi,proc_enter,1903590220928,61806,61992
202607181815,e2e_trace_v3,1537,72323048786625781,0,perception.pointcloud_map_based_roi,output_pub,1903598372896,61806,61992
202607181815,e2e_trace_v3,1558,72323048786625782,0,perception.pointcloud_map_based_roi,proc_enter,1903710701440,61806,61991
202607181815,e2e_trace_v3,1562,72323048786625782,0,perception.pointcloud_map_based_roi,output_pub,1903717252160,61806,61991
202607181815,e2e_trace_v3,1575,72323048786625783,0,perception.pointcloud_map_based_roi,proc_enter,1903814122560,61806,61992
202607181815,e2e_trace_v3,1579,72323048786625783,0,perception.pointcloud_map_based_roi,output_pub,1903821732544,61806,61992
202607181815,e2e_trace_v3,1592,72323048786625784,0,perception.pointcloud_map_based_roi,proc_enter,1903918476288,61806,61995
202607181815,e2e_trace_v3,1594,72323048786625784,0,perception.pointcloud_map_based_roi,output_pub,1903925665152,61806,61995
202607181815,e2e_trace_v3,1609,72323048786625785,0,perception.pointcloud_map_based_roi,proc_enter,1904023913728,61806,61990
202607181815,e2e_trace_v3,1613,72323048786625785,0,perception.pointcloud_map_based_roi,output_pub,1904033251264,61806,61990
202607181815,e2e_trace_v3,1626,72323048786625786,0,perception.pointcloud_map_based_roi,proc_enter,1904131272512,61806,61991
202607181815,e2e_trace_v3,1630,72323048786625786,0,perception.pointcloud_map_based_roi,output_pub,1904140651200,61806,61991
202607181815,e2e_trace_v3,1643,72323048786625787,0,perception.pointcloud_map_based_roi,proc_enter,1904238917696,61806,61976
202607181815,e2e_trace_v3,1645,72323048786625787,0,perception.pointcloud_map_based_roi,output_pub,1904247686976,61806,61976
202607181815,e2e_trace_v3,1661,72323048786625788,0,perception.pointcloud_map_based_roi,proc_enter,1904343211744,61806,61988
202607181815,e2e_trace_v3,1664,72323048786625788,0,perception.pointcloud_map_based_roi,output_pub,1904352548576,61806,61988
202607181815,e2e_trace_v3,1678,72323048786625789,0,perception.pointcloud_map_based_roi,proc_enter,1904445966112,61806,61996
202607181815,e2e_trace_v3,1681,72323048786625789,0,perception.pointcloud_map_based_roi,output_pub,1904455450336,61806,61996
202607181815,e2e_trace_v3,1694,72323048786625790,0,perception.pointcloud_map_based_roi,proc_enter,1904554336224,61806,61975
202607181815,e2e_trace_v3,1696,72323048786625790,0,perception.pointcloud_map_based_roi,output_pub,1904560597120,61806,61975
202607181815,e2e_trace_v3,1712,72323048786625791,0,perception.pointcloud_map_based_roi,proc_enter,1904659365088,61806,61993
202607181815,e2e_trace_v3,1713,72323048786625791,0,perception.pointcloud_map_based_roi,output_pub,1904665040096,61806,61993
202607181815,e2e_trace_v3,1729,72323048786625792,0,perception.pointcloud_map_based_roi,proc_enter,1904765754528,61806,61996
202607181815,e2e_trace_v3,1732,72323048786625792,0,perception.pointcloud_map_based_roi,output_pub,1904772980352,61806,61996
202607181815,e2e_trace_v3,1746,72323048786625793,0,perception.pointcloud_map_based_roi,proc_enter,1904873415808,61806,61980
202607181815,e2e_trace_v3,1747,72323048786625793,0,perception.pointcloud_map_based_roi,output_pub,1904879601472,61806,61980
202607181815,e2e_trace_v3,1763,72323048786625794,0,perception.pointcloud_map_based_roi,proc_enter,1904987722304,61806,61994
202607181815,e2e_trace_v3,1766,72323048786625794,0,perception.pointcloud_map_based_roi,output_pub,1904996471648,61806,61994
202607181815,e2e_trace_v3,1780,72323048786625795,0,perception.pointcloud_map_based_roi,proc_enter,1905097503488,61806,61974
202607181815,e2e_trace_v3,1783,72323048786625795,0,perception.pointcloud_map_based_roi,output_pub,1905106126176,61806,61974
202607181815,e2e_trace_v3,1797,72323048786625796,0,perception.pointcloud_map_based_roi,proc_enter,1905205226592,61806,61977
202607181815,e2e_trace_v3,1798,72323048786625796,0,perception.pointcloud_map_based_roi,output_pub,1905209716736,61806,61977
202607181815,e2e_trace_v3,1814,72323048786625797,0,perception.pointcloud_map_based_roi,proc_enter,1905304516064,61806,61995
202607181815,e2e_trace_v3,1815,72323048786625797,0,perception.pointcloud_map_based_roi,output_pub,1905309241280,61806,61995
202607181815,e2e_trace_v3,1831,72323048786625798,0,perception.pointcloud_map_based_roi,proc_enter,1905417536096,61806,61989
202607181815,e2e_trace_v3,1834,72323048786625798,0,perception.pointcloud_map_based_roi,output_pub,1905424896352,61806,61989
202607181815,e2e_trace_v3,1848,72323048786625799,0,perception.pointcloud_map_based_roi,proc_enter,1905521875712,61806,61978
202607181815,e2e_trace_v3,1857,72323048786625799,0,perception.pointcloud_map_based_roi,output_pub,1905527116512,61806,61978
202607181815,e2e_trace_v3,1873,72323048786625800,0,perception.pointcloud_map_based_roi,proc_enter,1905634949696,61806,61989
202607181815,e2e_trace_v3,1874,72323048786625800,0,perception.pointcloud_map_based_roi,output_pub,1905640291584,61806,61989
202607181815,e2e_trace_v3,1890,72323048786625801,0,perception.pointcloud_map_based_roi,proc_enter,1905744430720,61806,61995
202607181815,e2e_trace_v3,1893,72323048786625801,0,perception.pointcloud_map_based_roi,output_pub,1905751794912,61806,61995
202607181815,e2e_trace_v3,1907,72323048786625802,0,perception.pointcloud_map_based_roi,proc_enter,1905855463680,61806,61991
202607181815,e2e_trace_v3,1908,72323048786625802,0,perception.pointcloud_map_based_roi,output_pub,1905859694016,61806,61991
202607181815,e2e_trace_v3,1924,72323048786625803,0,perception.pointcloud_map_based_roi,proc_enter,1905964066048,61806,61993
202607181815,e2e_trace_v3,1925,72323048786625803,0,perception.pointcloud_map_based_roi,output_pub,1905968412064,61806,61993
202607181815,e2e_trace_v3,1941,72323048786625804,0,perception.pointcloud_map_based_roi,proc_enter,1906066962880,61806,61977
202607181815,e2e_trace_v3,1942,72323048786625804,0,perception.pointcloud_map_based_roi,output_pub,1906072674112,61806,61977
202607181815,e2e_trace_v3,1958,72323048786625805,0,perception.pointcloud_map_based_roi,proc_enter,1906173727616,61806,61994
202607181815,e2e_trace_v3,1959,72323048786625805,0,perception.pointcloud_map_based_roi,output_pub,1906178864192,61806,61994
202607181815,e2e_trace_v3,1975,72323048786625806,0,perception.pointcloud_map_based_roi,proc_enter,1906276947584,61806,61993
202607181815,e2e_trace_v3,1976,72323048786625806,0,perception.pointcloud_map_based_roi,output_pub,1906282551744,61806,61993
202607181815,e2e_trace_v3,2000,72323048786625807,0,perception.pointcloud_map_based_roi,proc_enter,1906386475360,61806,61988
202607181815,e2e_trace_v3,2003,72323048786625807,0,perception.pointcloud_map_based_roi,output_pub,1906395473568,61806,61988
202607181815,e2e_trace_v3,2017,72323048786625808,0,perception.pointcloud_map_based_roi,proc_enter,1906491954176,61806,61995
202607181815,e2e_trace_v3,2018,72323048786625808,0,perception.pointcloud_map_based_roi,output_pub,1906496442016,61806,61995
202607181815,e2e_trace_v3,2033,72323048786625809,0,perception.pointcloud_map_based_roi,proc_enter,1906597535136,61806,61990
202607181815,e2e_trace_v3,2035,72323048786625809,0,perception.pointcloud_map_based_roi,output_pub,1906603182016,61806,61990
202607181815,e2e_trace_v3,2051,72323048786625810,0,perception.pointcloud_map_based_roi,proc_enter,1906703180256,61806,61993
202607181815,e2e_trace_v3,2052,72323048786625810,0,perception.pointcloud_map_based_roi,output_pub,1906710178464,61806,61993
202607181815,e2e_trace_v3,2068,72323048786625811,0,perception.pointcloud_map_based_roi,proc_enter,1906833403424,61806,61974
202607181815,e2e_trace_v3,2069,72323048786625811,0,perception.pointcloud_map_based_roi,output_pub,1906838642816,61806,61974
202607181815,e2e_trace_v3,2085,72323048786625812,0,perception.pointcloud_map_based_roi,proc_enter,1906942123680,61806,61980
202607181815,e2e_trace_v3,2089,72323048786625812,0,perception.pointcloud_map_based_roi,output_pub,1906951615744,61806,61980
202607181815,e2e_trace_v3,2102,72323048786625813,0,perception.pointcloud_map_based_roi,proc_enter,1907050993184,61806,61976
202607181815,e2e_trace_v3,2114,72323048786625813,0,perception.pointcloud_map_based_roi,output_pub,1907063612448,61806,61976
202607181815,e2e_trace_v3,2126,72323048786625814,0,perception.pointcloud_map_based_roi,proc_enter,1907158433696,61806,61978
202607181815,e2e_trace_v3,2127,72323048786625814,0,perception.pointcloud_map_based_roi,output_pub,1907163536576,61806,61978
202607181815,e2e_trace_v3,2140,72323048786625815,0,perception.pointcloud_map_based_roi,proc_enter,1907258998400,61806,61977
202607181815,e2e_trace_v3,2141,72323048786625815,0,perception.pointcloud_map_based_roi,output_pub,1907265278944,61806,61977
202607181815,e2e_trace_v3,2157,72323048786625816,0,perception.pointcloud_map_based_roi,proc_enter,1907374576384,61806,61975
202607181815,e2e_trace_v3,2161,72323048786625816,0,perception.pointcloud_map_based_roi,output_pub,1907380391712,61806,61975
202607181815,e2e_trace_v3,2175,72323048786625817,0,perception.pointcloud_map_based_roi,proc_enter,1907479090976,61806,61979
202607181815,e2e_trace_v3,2176,72323048786625817,0,perception.pointcloud_map_based_roi,output_pub,1907483496960,61806,61979
202607181815,e2e_trace_v3,2192,72323048786625818,0,perception.pointcloud_map_based_roi,proc_enter,1907586491360,61806,61993
202607181815,e2e_trace_v3,2193,72323048786625818,0,perception.pointcloud_map_based_roi,output_pub,1907592924864,61806,61993
202607181815,e2e_trace_v3,2208,72323048786625819,0,perception.pointcloud_map_based_roi,proc_enter,1907689593632,61806,61976
202607181815,e2e_trace_v3,2210,72323048786625819,0,perception.pointcloud_map_based_roi,output_pub,1907695287936,61806,61976
202607181815,e2e_trace_v3,2225,72323048786625820,0,perception.pointcloud_map_based_roi,proc_enter,1907829771040,61806,61979
202607181815,e2e_trace_v3,2229,72323048786625820,0,perception.pointcloud_map_based_roi,output_pub,1907838743296,61806,61979
202607181815,e2e_trace_v3,2243,72323048786625821,0,perception.pointcloud_map_based_roi,proc_enter,1907932899392,61806,61988
202607181815,e2e_trace_v3,2253,72323048786625821,0,perception.pointcloud_map_based_roi,output_pub,1907941753024,61806,61988
202607181815,e2e_trace_v3,2268,72323048786625822,0,perception.pointcloud_map_based_roi,proc_enter,1908038929600,61806,61980
202607181815,e2e_trace_v3,2272,72323048786625822,0,perception.pointcloud_map_based_roi,output_pub,1908051792096,61806,61980
202607181815,e2e_trace_v3,2285,72323048786625823,0,perception.pointcloud_map_based_roi,proc_enter,1908150971680,61806,61976
202607181815,e2e_trace_v3,2288,72323048786625823,0,perception.pointcloud_map_based_roi,output_pub,1908158796544,61806,61976
202607181815,e2e_trace_v3,2302,72323048786625824,0,perception.pointcloud_map_based_roi,proc_enter,1908258952096,61806,61974
202607181815,e2e_trace_v3,2305,72323048786625824,0,perception.pointcloud_map_based_roi,output_pub,1908269525344,61806,61974
202607181815,e2e_trace_v3,2318,72323048786625825,0,perception.pointcloud_map_based_roi,proc_enter,1908365273440,61806,61989
202607181815,e2e_trace_v3,2323,72323048786625825,0,perception.pointcloud_map_based_roi,output_pub,1908379602816,61806,61989
202607181815,e2e_trace_v3,2335,72323048786625826,0,perception.pointcloud_map_based_roi,proc_enter,1908468157888,61806,61975
202607181815,e2e_trace_v3,2338,72323048786625826,0,perception.pointcloud_map_based_roi,output_pub,1908474967456,61806,61975
202607181815,e2e_trace_v3,2352,72323048786625827,0,perception.pointcloud_map_based_roi,proc_enter,1908579212608,61806,61994
202607181815,e2e_trace_v3,2353,72323048786625827,0,perception.pointcloud_map_based_roi,output_pub,1908584048032,61806,61994
202607181815,e2e_trace_v3,2370,72323048786625828,0,perception.pointcloud_map_based_roi,proc_enter,1908684804288,61806,61989
202607181815,e2e_trace_v3,2371,72323048786625828,0,perception.pointcloud_map_based_roi,output_pub,1908692754144,61806,61989
202607181815,e2e_trace_v3,2386,72323048786625829,0,perception.pointcloud_map_based_roi,proc_enter,1908796701952,61806,61975
202607181815,e2e_trace_v3,2387,72323048786625829,0,perception.pointcloud_map_based_roi,output_pub,1908803004704,61806,61975
202607181815,e2e_trace_v3,2400,72323048786625830,0,perception.pointcloud_map_based_roi,proc_enter,1908902121184,61806,61975
202607181815,e2e_trace_v3,2402,72323048786625830,0,perception.pointcloud_map_based_roi,output_pub,1908909877856,61806,61975
202607181815,e2e_trace_v3,2418,72323048786625831,0,perception.pointcloud_map_based_roi,proc_enter,1909011311904,61806,61976
202607181815,e2e_trace_v3,2427,72323048786625831,0,perception.pointcloud_map_based_roi,output_pub,1909016726784,61806,61976
202607181815,e2e_trace_v3,2442,72323048786625832,0,perception.pointcloud_map_based_roi,proc_enter,1909121267072,61806,61979
202607181815,e2e_trace_v3,2448,72323048786625832,0,perception.pointcloud_map_based_roi,output_pub,1909137265408,61806,61979
202607181815,e2e_trace_v3,2460,72323048786625833,0,perception.pointcloud_map_based_roi,proc_enter,1909233330816,61806,61979
202607181815,e2e_trace_v3,2461,72323048786625833,0,perception.pointcloud_map_based_roi,output_pub,1909239248320,61806,61979
202607181815,e2e_trace_v3,2477,72323048786625834,0,perception.pointcloud_map_based_roi,proc_enter,1909344992256,61806,61980
202607181815,e2e_trace_v3,2478,72323048786625834,0,perception.pointcloud_map_based_roi,output_pub,1909352805152,61806,61980
202607181815,e2e_trace_v3,2494,72323048786625835,0,perception.pointcloud_map_based_roi,proc_enter,1909452546080,61806,61990
202607181815,e2e_trace_v3,2495,72323048786625835,0,perception.pointcloud_map_based_roi,output_pub,1909459180224,61806,61990
202607181815,e2e_trace_v3,2511,72323048786625836,0,perception.pointcloud_map_based_roi,proc_enter,1909559747008,61806,61974
202607181815,e2e_trace_v3,2512,72323048786625836,0,perception.pointcloud_map_based_roi,output_pub,1909566411840,61806,61974
202607181815,e2e_trace_v3,2528,72323048786625837,0,perception.pointcloud_map_based_roi,proc_enter,1909674776864,61806,61991
202607181815,e2e_trace_v3,2534,72323048786625837,0,perception.pointcloud_map_based_roi,output_pub,1909684482112,61806,61991
202607181815,e2e_trace_v3,2545,72323048786625838,0,perception.pointcloud_map_based_roi,proc_enter,1909777351168,61806,61989
202607181815,e2e_trace_v3,2548,72323048786625838,0,perception.pointcloud_map_based_roi,output_pub,1909784538944,61806,61989
202607181815,e2e_trace_v3,2572,72323048786625839,0,perception.pointcloud_map_based_roi,proc_enter,1909915990016,61806,61977
202607181815,e2e_trace_v3,2573,72323048786625839,0,perception.pointcloud_map_based_roi,output_pub,1909923066368,61806,61977
202607181815,e2e_trace_v3,2587,72323048786625840,0,perception.pointcloud_map_based_roi,proc_enter,1910009328480,61806,61975
202607181815,e2e_trace_v3,2590,72323048786625840,0,perception.pointcloud_map_based_roi,output_pub,1910017889120,61806,61975
202607181815,e2e_trace_v3,2604,72323048786625841,0,perception.pointcloud_map_based_roi,proc_enter,1910114465216,61806,61993
202607181815,e2e_trace_v3,2607,72323048786625841,0,perception.pointcloud_map_based_roi,output_pub,1910124010688,61806,61993
202607181815,e2e_trace_v3,2620,72323048786625842,0,perception.pointcloud_map_based_roi,proc_enter,1910224982112,61806,61990
202607181815,e2e_trace_v3,2622,72323048786625842,0,perception.pointcloud_map_based_roi,output_pub,1910232153312,61806,61990
202607181815,e2e_trace_v3,2646,72323048786625843,0,perception.pointcloud_map_based_roi,proc_enter,1910334505824,61806,61994
202607181815,e2e_trace_v3,2649,72323048786625843,0,perception.pointcloud_map_based_roi,output_pub,1910345073920,61806,61994
202607181815,e2e_trace_v3,2663,72323048786625844,0,perception.pointcloud_map_based_roi,proc_enter,1910448852960,61806,61980
202607181815,e2e_trace_v3,2664,72323048786625844,0,perception.pointcloud_map_based_roi,output_pub,1910454262816,61806,61980
202607181815,e2e_trace_v3,2680,72323048786625845,0,perception.pointcloud_map_based_roi,proc_enter,1910555401792,61806,61991
202607181815,e2e_trace_v3,2681,72323048786625845,0,perception.pointcloud_map_based_roi,output_pub,1910560367264,61806,61991
202607181815,e2e_trace_v3,2705,72323048786625846,0,perception.pointcloud_map_based_roi,proc_enter,1910680260736,61806,61994
202607181815,e2e_trace_v3,2708,72323048786625846,0,perception.pointcloud_map_based_roi,output_pub,1910687383456,61806,61994
202607181815,e2e_trace_v3,2721,72323048786625847,0,perception.pointcloud_map_based_roi,proc_enter,1910781569120,61806,61990
202607181815,e2e_trace_v3,2722,72323048786625847,0,perception.pointcloud_map_based_roi,output_pub,1910791893504,61806,61990
202607181815,e2e_trace_v3,2735,72323048786625848,0,perception.pointcloud_map_based_roi,proc_enter,1910893440032,61806,61992
202607181815,e2e_trace_v3,2738,72323048786625848,0,perception.pointcloud_map_based_roi,output_pub,1910907530784,61806,61992
202607181815,e2e_trace_v3,2761,72323048786625849,0,perception.pointcloud_map_based_roi,proc_enter,1911012036288,61806,61990
202607181815,e2e_trace_v3,2764,72323048786625849,0,perception.pointcloud_map_based_roi,output_pub,1911022212352,61806,61990
202607181815,e2e_trace_v3,2778,72323048786625850,0,perception.pointcloud_map_based_roi,proc_enter,1911129151392,61806,61991
202607181815,e2e_trace_v3,2780,72323048786625850,0,perception.pointcloud_map_based_roi,output_pub,1911134924416,61806,61991
202607181815,e2e_trace_v3,2794,72323048786625851,0,perception.pointcloud_map_based_roi,proc_enter,1911239716800,61806,61993
202607181815,e2e_trace_v3,2798,72323048786625851,0,perception.pointcloud_map_based_roi,output_pub,1911249235456,61806,61993
202607181815,e2e_trace_v3,2819,72323048786625852,0,perception.pointcloud_map_based_roi,proc_enter,1911350454560,61806,61980
202607181815,e2e_trace_v3,2824,72323048786625852,0,perception.pointcloud_map_based_roi,output_pub,1911359562400,61806,61980
202607181815,e2e_trace_v3,2837,72323048786625853,0,perception.pointcloud_map_based_roi,proc_enter,1911460105664,61806,61990
202607181815,e2e_trace_v3,2838,72323048786625853,0,perception.pointcloud_map_based_roi,output_pub,1911465546432,61806,61990
202607181815,e2e_trace_v3,2853,72323048786625854,0,perception.pointcloud_map_based_roi,proc_enter,1911570847520,61806,61996
202607181815,e2e_trace_v3,2855,72323048786625854,0,perception.pointcloud_map_based_roi,output_pub,1911575238624,61806,61996
202607181815,e2e_trace_v3,2871,72323048786625855,0,perception.pointcloud_map_based_roi,proc_enter,1911683018752,61806,61988
202607181815,e2e_trace_v3,2872,72323048786625855,0,perception.pointcloud_map_based_roi,output_pub,1911687445504,61806,61988
202607181815,e2e_trace_v3,2896,72323048786625856,0,perception.pointcloud_map_based_roi,proc_enter,1911798198688,61806,61993
202607181815,e2e_trace_v3,2899,72323048786625856,0,perception.pointcloud_map_based_roi,output_pub,1911804953984,61806,61993
202607181815,e2e_trace_v3,2913,72323048786625857,0,perception.pointcloud_map_based_roi,proc_enter,1911909316832,61806,61978
202607181815,e2e_trace_v3,2914,72323048786625857,0,perception.pointcloud_map_based_roi,output_pub,1911915116576,61806,61978
202607181815,e2e_trace_v3,2930,72323048786625858,0,perception.pointcloud_map_based_roi,proc_enter,1912020590496,61806,61994
202607181815,e2e_trace_v3,2933,72323048786625858,0,perception.pointcloud_map_based_roi,output_pub,1912025257760,61806,61994
202607181815,e2e_trace_v3,2947,72323048786625859,0,perception.pointcloud_map_based_roi,proc_enter,1912126183424,61806,61988
202607181815,e2e_trace_v3,2958,72323048786625859,0,perception.pointcloud_map_based_roi,output_pub,1912135515456,61806,61988
202607181815,e2e_trace_v3,2972,72323048786625860,0,perception.pointcloud_map_based_roi,proc_enter,1912241293248,61806,61974
202607181815,e2e_trace_v3,2973,72323048786625860,0,perception.pointcloud_map_based_roi,output_pub,1912245539104,61806,61974
202607181815,e2e_trace_v3,2989,72323048786625861,0,perception.pointcloud_map_based_roi,proc_enter,1912350087680,61806,61996
202607181815,e2e_trace_v3,2990,72323048786625861,0,perception.pointcloud_map_based_roi,output_pub,1912354210048,61806,61996
202607181815,e2e_trace_v3,3005,72323048786625862,0,perception.pointcloud_map_based_roi,proc_enter,1912455698880,61806,61979
202607181815,e2e_trace_v3,3007,72323048786625862,0,perception.pointcloud_map_based_roi,output_pub,1912460369984,61806,61979
202607181815,e2e_trace_v3,3031,72323048786625863,0,perception.pointcloud_map_based_roi,proc_enter,1912568237920,61806,61995
202607181815,e2e_trace_v3,3032,72323048786625863,0,perception.pointcloud_map_based_roi,output_pub,1912572473504,61806,61995
202607181815,e2e_trace_v3,3048,72323048786625864,0,perception.pointcloud_map_based_roi,proc_enter,1912677908864,61806,61979
202607181815,e2e_trace_v3,3049,72323048786625864,0,perception.pointcloud_map_based_roi,output_pub,1912683863776,61806,61979
202607181815,e2e_trace_v3,3065,72323048786625865,0,perception.pointcloud_map_based_roi,proc_enter,1912808528832,61806,61996
202607181815,e2e_trace_v3,3066,72323048786625865,0,perception.pointcloud_map_based_roi,output_pub,1912813160544,61806,61996
202607181815,e2e_trace_v3,3090,72323048786625866,0,perception.pointcloud_map_based_roi,proc_enter,1912927390368,61806,61979
202607181815,e2e_trace_v3,3093,72323048786625866,0,perception.pointcloud_map_based_roi,output_pub,1912935992800,61806,61979
202607181815,e2e_trace_v3,3107,72323048786625867,0,perception.pointcloud_map_based_roi,proc_enter,1913034088224,61806,61995
202607181815,e2e_trace_v3,3110,72323048786625867,0,perception.pointcloud_map_based_roi,output_pub,1913041312960,61806,61995
202607181815,e2e_trace_v3,3123,72323048786625868,0,perception.pointcloud_map_based_roi,proc_enter,1913150537152,61806,61995
202607181815,e2e_trace_v3,3124,72323048786625868,0,perception.pointcloud_map_based_roi,output_pub,1913159328160,61806,61995
202607181815,e2e_trace_v3,3137,72323048786625869,0,perception.pointcloud_map_based_roi,proc_enter,1913250168480,61806,61977
202607181815,e2e_trace_v3,3145,72323048786625869,0,perception.pointcloud_map_based_roi,output_pub,1913255668256,61806,61977
202607181815,e2e_trace_v3,3163,72323048786625870,0,perception.pointcloud_map_based_roi,proc_enter,1913366342304,61806,61990
202607181815,e2e_trace_v3,3164,72323048786625870,0,perception.pointcloud_map_based_roi,output_pub,1913373929440,61806,61990
202607181815,e2e_trace_v3,3178,72323048786625871,0,perception.pointcloud_map_based_roi,proc_enter,1913475371424,61806,61994
202607181815,e2e_trace_v3,3180,72323048786625871,0,perception.pointcloud_map_based_roi,output_pub,1913480226656,61806,61994
202607181815,e2e_trace_v3,3193,72323048786625872,0,perception.pointcloud_map_based_roi,proc_enter,1913589450368,61806,61994
202607181815,e2e_trace_v3,3202,72323048786625872,0,perception.pointcloud_map_based_roi,output_pub,1913594940512,61806,61994
202607181815,e2e_trace_v3,3219,72323048786625873,0,perception.pointcloud_map_based_roi,proc_enter,1913700569792,61806,61988
202607181815,e2e_trace_v3,3221,72323048786625873,0,perception.pointcloud_map_based_roi,output_pub,1913704843872,61806,61988
202607181815,e2e_trace_v3,3235,72323048786625874,0,perception.pointcloud_map_based_roi,proc_enter,1913813808544,61806,61993
202607181815,e2e_trace_v3,3236,72323048786625874,0,perception.pointcloud_map_based_roi,output_pub,1913818353216,61806,61993
202607181815,e2e_trace_v3,3249,72323048786625875,0,perception.pointcloud_map_based_roi,proc_enter,1913919357696,61806,61993
202607181815,e2e_trace_v3,3251,72323048786625875,0,perception.pointcloud_map_based_roi,output_pub,1913925191264,61806,61993
202607181815,e2e_trace_v3,3274,72323048786625876,0,perception.pointcloud_map_based_roi,proc_enter,1914035535744,61806,61990
202607181815,e2e_trace_v3,3276,72323048786625876,0,perception.pointcloud_map_based_roi,output_pub,1914047529504,61806,61990
202607181815,e2e_trace_v3,3288,72323048786625877,0,perception.pointcloud_map_based_roi,proc_enter,1914141726944,61806,61979
202607181815,e2e_trace_v3,3289,72323048786625877,0,perception.pointcloud_map_based_roi,output_pub,1914146516128,61806,61979
202607181815,e2e_trace_v3,3305,72323048786625878,0,perception.pointcloud_map_based_roi,proc_enter,1914258355040,61806,61978
202607181815,e2e_trace_v3,3306,72323048786625878,0,perception.pointcloud_map_based_roi,output_pub,1914265612160,61806,61978
202607181815,e2e_trace_v3,3323,72323048786625879,0,perception.pointcloud_map_based_roi,proc_enter,1914366058720,61806,61995
202607181815,e2e_trace_v3,3334,72323048786625879,0,perception.pointcloud_map_based_roi,output_pub,1914377538016,61806,61995
202607181815,e2e_trace_v3,3348,72323048786625880,0,perception.pointcloud_map_based_roi,proc_enter,1914470245024,61806,61996
202607181815,e2e_trace_v3,3350,72323048786625880,0,perception.pointcloud_map_based_roi,output_pub,1914479506176,61806,61996
202607181815,e2e_trace_v3,3365,72323048786625881,0,perception.pointcloud_map_based_roi,proc_enter,1914583157472,61806,61978
202607181815,e2e_trace_v3,3366,72323048786625881,0,perception.pointcloud_map_based_roi,output_pub,1914592095328,61806,61978
202607181815,e2e_trace_v3,3382,72323048786625882,0,perception.pointcloud_map_based_roi,proc_enter,1914692450272,61806,61994
202607181815,e2e_trace_v3,3383,72323048786625882,0,perception.pointcloud_map_based_roi,output_pub,1914697036288,61806,61994
202607181815,e2e_trace_v3,3404,72323048786625883,0,perception.pointcloud_map_based_roi,proc_enter,1914813132448,61806,61977
202607181815,e2e_trace_v3,3411,72323048786625883,0,perception.pointcloud_map_based_roi,output_pub,1914820356672,61806,61977
202607181815,e2e_trace_v3,3424,72323048786625884,0,perception.pointcloud_map_based_roi,proc_enter,1914921392192,61806,61980
202607181815,e2e_trace_v3,3427,72323048786625884,0,perception.pointcloud_map_based_roi,output_pub,1914925605440,61806,61980
202607181815,e2e_trace_v3,3440,72323048786625885,0,perception.pointcloud_map_based_roi,proc_enter,1915026810976,61806,61980
202607181815,e2e_trace_v3,3441,72323048786625885,0,perception.pointcloud_map_based_roi,output_pub,1915031840640,61806,61980
202607181815,e2e_trace_v3,3454,72323048786625886,0,perception.pointcloud_map_based_roi,proc_enter,1915141586624,61806,61995
202607181815,e2e_trace_v3,3456,72323048786625886,0,perception.pointcloud_map_based_roi,output_pub,1915150289536,61806,61995
202607181815,e2e_trace_v3,3472,72323048786625887,0,perception.pointcloud_map_based_roi,proc_enter,1915253667328,61806,61991
202607181815,e2e_trace_v3,3475,72323048786625887,0,perception.pointcloud_map_based_roi,output_pub,1915262526656,61806,61991
202607181815,e2e_trace_v3,3489,72323048786625888,0,perception.pointcloud_map_based_roi,proc_enter,1915358054176,61806,61996
202607181815,e2e_trace_v3,3490,72323048786625888,0,perception.pointcloud_map_based_roi,output_pub,1915363423872,61806,61996
202607181815,e2e_trace_v3,3506,72323048786625889,0,perception.pointcloud_map_based_roi,proc_enter,1915466624992,61806,61988
202607181815,e2e_trace_v3,3513,72323048786625889,0,perception.pointcloud_map_based_roi,output_pub,1915474146944,61806,61988
202607181815,e2e_trace_v3,3530,72323048786625890,0,perception.pointcloud_map_based_roi,proc_enter,1915578850496,61806,61991
202607181815,e2e_trace_v3,3533,72323048786625890,0,perception.pointcloud_map_based_roi,output_pub,1915585601056,61806,61991
202607181815,e2e_trace_v3,3546,72323048786625891,0,perception.pointcloud_map_based_roi,proc_enter,1915691286336,61806,61979
202607181815,e2e_trace_v3,3547,72323048786625891,0,perception.pointcloud_map_based_roi,output_pub,1915695182880,61806,61979
202607181815,e2e_trace_v3,3553,72323048786625892,0,perception.pointcloud_map_based_roi,proc_enter,1915799974752,61806,61976
202607181815,e2e_trace_v3,3561,72323048786625892,0,perception.pointcloud_map_based_roi,output_pub,1915807570944,61806,61976
202607181815,e2e_trace_v3,3575,72323048786625893,0,perception.pointcloud_map_based_roi,proc_enter,1915910162464,61806,61976
202607181815,e2e_trace_v3,3577,72323048786625893,0,perception.pointcloud_map_based_roi,output_pub,1915919241792,61806,61976
202607181815,e2e_trace_v3,3592,72323048786625894,0,perception.pointcloud_map_based_roi,proc_enter,1916023734528,61806,61995
202607181815,e2e_trace_v3,3595,72323048786625894,0,perception.pointcloud_map_based_roi,output_pub,1916033087712,61806,61995
202607181815,e2e_trace_v3,3604,72323048786625895,0,perception.pointcloud_map_based_roi,proc_enter,1916135252896,61806,61989
202607181815,e2e_trace_v3,3613,72323048786625895,0,perception.pointcloud_map_based_roi,output_pub,1916143446080,61806,61989
202607181815,e2e_trace_v3,3626,72323048786625896,0,perception.pointcloud_map_based_roi,proc_enter,1916251308896,61806,61978
202607181815,e2e_trace_v3,3629,72323048786625896,0,perception.pointcloud_map_based_roi,output_pub,1916259034752,61806,61978
202607181815,e2e_trace_v3,3636,72323048786625897,0,perception.pointcloud_map_based_roi,proc_enter,1916357874784,61806,61979
202607181815,e2e_trace_v3,3637,72323048786625897,0,perception.pointcloud_map_based_roi,output_pub,1916362315456,61806,61979
202607181815,e2e_trace_v3,3660,72323048786625898,0,perception.pointcloud_map_based_roi,proc_enter,1916483784064,61806,61995
202607181815,e2e_trace_v3,3661,72323048786625898,0,perception.pointcloud_map_based_roi,output_pub,1916492261472,61806,61995
202607181815,e2e_trace_v3,3676,72323048786625899,0,perception.pointcloud_map_based_roi,proc_enter,1916595570976,61806,61979
202607181815,e2e_trace_v3,3678,72323048786625899,0,perception.pointcloud_map_based_roi,output_pub,1916601214464,61806,61979
202607181815,e2e_trace_v3,3687,72323048786625900,0,perception.pointcloud_map_based_roi,proc_enter,1916702613792,61806,61978
202607181815,e2e_trace_v3,3688,72323048786625900,0,perception.pointcloud_map_based_roi,output_pub,1916707203040,61806,61978
202607181815,e2e_trace_v3,3711,72323048786625901,0,perception.pointcloud_map_based_roi,proc_enter,1916814532864,61806,61980
202607181815,e2e_trace_v3,3712,72323048786625901,0,perception.pointcloud_map_based_roi,output_pub,1916819922720,61806,61980
202607181815,e2e_trace_v3,3728,72323048786625902,0,perception.pointcloud_map_based_roi,proc_enter,1916932971168,61806,61974
202607181815,e2e_trace_v3,3730,72323048786625902,0,perception.pointcloud_map_based_roi,output_pub,1916937475904,61806,61974
202607181815,e2e_trace_v3,3745,72323048786625903,0,perception.pointcloud_map_based_roi,proc_enter,1917042072768,61806,61974
202607181815,e2e_trace_v3,3747,72323048786625903,0,perception.pointcloud_map_based_roi,output_pub,1917047251904,61806,61974
202607181815,e2e_trace_v3,3762,72323048786625904,0,perception.pointcloud_map_based_roi,proc_enter,1917154643232,61806,61991
202607181815,e2e_trace_v3,3763,72323048786625904,0,perception.pointcloud_map_based_roi,output_pub,1917159111008,61806,61991
202607181815,e2e_trace_v3,3772,72323048786625905,0,perception.pointcloud_map_based_roi,proc_enter,1917263823744,61806,61975
202607181815,e2e_trace_v3,3779,72323048786625905,0,perception.pointcloud_map_based_roi,output_pub,1917268831040,61806,61975
202607181815,e2e_trace_v3,3796,72323048786625906,0,perception.pointcloud_map_based_roi,proc_enter,1917372227360,61806,61988
202607181815,e2e_trace_v3,3797,72323048786625906,0,perception.pointcloud_map_based_roi,output_pub,1917380007616,61806,61988
202607181815,e2e_trace_v3,3811,72323048786625907,0,perception.pointcloud_map_based_roi,proc_enter,1917488642848,61806,61991
202607181815,e2e_trace_v3,3816,72323048786625907,0,perception.pointcloud_map_based_roi,output_pub,1917496448224,61806,61991
202607181815,e2e_trace_v3,3823,72323048786625908,0,perception.pointcloud_map_based_roi,proc_enter,1917594682560,61806,61980
202607181815,e2e_trace_v3,3826,72323048786625908,0,perception.pointcloud_map_based_roi,output_pub,1917600487072,61806,61980
202607181815,e2e_trace_v3,3845,72323048786625909,0,perception.pointcloud_map_based_roi,proc_enter,1917707093824,61806,61996
202607181815,e2e_trace_v3,3848,72323048786625909,0,perception.pointcloud_map_based_roi,output_pub,1917713412672,61806,61996
202607181815,e2e_trace_v3,3864,72323048786625910,0,perception.pointcloud_map_based_roi,proc_enter,1917831437696,61806,61974
202607181815,e2e_trace_v3,3865,72323048786625910,0,perception.pointcloud_map_based_roi,output_pub,1917836057504,61806,61974
202607181815,e2e_trace_v3,3880,72323048786625911,0,perception.pointcloud_map_based_roi,proc_enter,1917949978432,61806,61989
202607181815,e2e_trace_v3,3884,72323048786625911,0,perception.pointcloud_map_based_roi,output_pub,1917957342816,61806,61989
202607181815,e2e_trace_v3,3897,72323048786625912,0,perception.pointcloud_map_based_roi,proc_enter,1918067995456,61806,61992
202607181815,e2e_trace_v3,3902,72323048786625912,0,perception.pointcloud_map_based_roi,output_pub,1918075428224,61806,61992
202607181815,e2e_trace_v3,3908,72323048786625913,0,perception.pointcloud_map_based_roi,proc_enter,1918167149888,61806,61996
202607181815,e2e_trace_v3,3913,72323048786625913,0,perception.pointcloud_map_based_roi,output_pub,1918173591360,61806,61996
202607181815,e2e_trace_v3,3925,72323048786625914,0,perception.pointcloud_map_based_roi,proc_enter,1918291269024,61806,61996
202607181815,e2e_trace_v3,3933,72323048786625914,0,perception.pointcloud_map_based_roi,output_pub,1918297923008,61806,61996
202607181815,e2e_trace_v3,3942,72323048786625915,0,perception.pointcloud_map_based_roi,proc_enter,1918393049888,61806,61995
202607181815,e2e_trace_v3,3945,72323048786625915,0,perception.pointcloud_map_based_roi,output_pub,1918402068800,61806,61995
202607181815,e2e_trace_v3,3959,72323048786625916,0,perception.pointcloud_map_based_roi,proc_enter,1918509842592,61806,61988
202607181815,e2e_trace_v3,3967,72323048786625916,0,perception.pointcloud_map_based_roi,output_pub,1918514027200,61806,61988
202607181815,e2e_trace_v3,3983,72323048786625917,0,perception.pointcloud_map_based_roi,proc_enter,1918620237856,61806,61980
202607181815,e2e_trace_v3,3986,72323048786625917,0,perception.pointcloud_map_based_roi,output_pub,1918628592096,61806,61980
202607181815,e2e_trace_v3,3993,72323048786625918,0,perception.pointcloud_map_based_roi,proc_enter,1918730532512,61806,61977
202607181815,e2e_trace_v3,4003,72323048786625918,0,perception.pointcloud_map_based_roi,output_pub,1918738038048,61806,61977
202607181815,e2e_trace_v3,4010,72323048786625919,0,perception.pointcloud_map_based_roi,proc_enter,1918839221952,61806,61991
202607181815,e2e_trace_v3,4011,72323048786625919,0,perception.pointcloud_map_based_roi,output_pub,1918844812096,61806,61991
202607181815,e2e_trace_v3,4027,72323048786625920,0,perception.pointcloud_map_based_roi,proc_enter,1918950257408,61806,61975
202607181815,e2e_trace_v3,4028,72323048786625920,0,perception.pointcloud_map_based_roi,output_pub,1918955256960,61806,61975
202607181815,e2e_trace_v3,4044,72323048786625921,0,perception.pointcloud_map_based_roi,proc_enter,1919056454592,61806,61994
202607181815,e2e_trace_v3,4045,72323048786625921,0,perception.pointcloud_map_based_roi,output_pub,1919060929280,61806,61994
202607181815,e2e_trace_v3,4068,72323048786625922,0,perception.pointcloud_map_based_roi,proc_enter,1919208375392,61806,61974
202607181815,e2e_trace_v3,4072,72323048786625922,0,perception.pointcloud_map_based_roi,output_pub,1919215387904,61806,61974
202607181815,e2e_trace_v3,4078,72323048786625923,0,perception.pointcloud_map_based_roi,proc_enter,1919312101792,61806,61992
202607181815,e2e_trace_v3,4081,72323048786625923,0,perception.pointcloud_map_based_roi,output_pub,1919320878112,61806,61992
202607181815,e2e_trace_v3,4095,72323048786625924,0,perception.pointcloud_map_based_roi,proc_enter,1919416754080,61806,61974
202607181815,e2e_trace_v3,4096,72323048786625924,0,perception.pointcloud_map_based_roi,output_pub,1919422579744,61806,61974
202607181815,e2e_trace_v3,4112,72323048786625925,0,perception.pointcloud_map_based_roi,proc_enter,1919534962272,61806,61976
202607181815,e2e_trace_v3,4113,72323048786625925,0,perception.pointcloud_map_based_roi,output_pub,1919539493472,61806,61976
202607181815,e2e_trace_v3,4129,72323048786625926,0,perception.pointcloud_map_based_roi,proc_enter,1919643027488,61806,61992
202607181815,e2e_trace_v3,4130,72323048786625926,0,perception.pointcloud_map_based_roi,output_pub,1919649235424,61806,61992
202607181815,e2e_trace_v3,4146,72323048786625927,0,perception.pointcloud_map_based_roi,proc_enter,1919756797408,61806,61988
202607181815,e2e_trace_v3,4147,72323048786625927,0,perception.pointcloud_map_based_roi,output_pub,1919764215552,61806,61988
202607181815,e2e_trace_v3,4163,72323048786625928,0,perception.pointcloud_map_based_roi,proc_enter,1919865918688,61806,61991
202607181815,e2e_trace_v3,4166,72323048786625928,0,perception.pointcloud_map_based_roi,output_pub,1919873635040,61806,61991
202607181815,e2e_trace_v3,4180,72323048786625929,0,perception.pointcloud_map_based_roi,proc_enter,1919977585696,61806,61975
202607181815,e2e_trace_v3,4184,72323048786625929,0,perception.pointcloud_map_based_roi,output_pub,1919987375776,61806,61975
202607181815,e2e_trace_v3,4196,72323048786625930,0,perception.pointcloud_map_based_roi,proc_enter,1920084416640,61806,61975
202607181815,e2e_trace_v3,4197,72323048786625930,0,perception.pointcloud_map_based_roi,output_pub,1920089417184,61806,61975
202607181815,e2e_trace_v3,4210,72323048786625931,0,perception.pointcloud_map_based_roi,proc_enter,1920195261568,61806,61993
202607181815,e2e_trace_v3,4212,72323048786625931,0,perception.pointcloud_map_based_roi,output_pub,1920199949856,61806,61993
202607181815,e2e_trace_v3,4228,72323048786625932,0,perception.pointcloud_map_based_roi,proc_enter,1920306219648,61806,61979
202607181815,e2e_trace_v3,4233,72323048786625932,0,perception.pointcloud_map_based_roi,output_pub,1920312983296,61806,61979
202607181815,e2e_trace_v3,4245,72323048786625933,0,perception.pointcloud_map_based_roi,proc_enter,1920421735520,61806,61979
202607181815,e2e_trace_v3,4248,72323048786625933,0,perception.pointcloud_map_based_roi,output_pub,1920430496448,61806,61979
202607181815,e2e_trace_v3,4262,72323048786625934,0,perception.pointcloud_map_based_roi,proc_enter,1920527308192,61806,61990
202607181815,e2e_trace_v3,4263,72323048786625934,0,perception.pointcloud_map_based_roi,output_pub,1920533818976,61806,61990
202607181815,e2e_trace_v3,4278,72323048786625935,0,perception.pointcloud_map_based_roi,proc_enter,1920643009504,61806,61991
202607181815,e2e_trace_v3,4285,72323048786625935,0,perception.pointcloud_map_based_roi,output_pub,1920647526144,61806,61991
202607181815,e2e_trace_v3,4295,72323048786625936,0,perception.pointcloud_map_based_roi,proc_enter,1920751504832,61806,61991
202607181815,e2e_trace_v3,4299,72323048786625936,0,perception.pointcloud_map_based_roi,output_pub,1920756316288,61806,61991
202607181815,e2e_trace_v3,4319,72323048786625937,0,perception.pointcloud_map_based_roi,proc_enter,1920875792480,61806,61994
202607181815,e2e_trace_v3,4321,72323048786625937,0,perception.pointcloud_map_based_roi,output_pub,1920879749472,61806,61994
202607181815,e2e_trace_v3,4337,72323048786625938,0,perception.pointcloud_map_based_roi,proc_enter,1920988262848,61806,61980
202607181815,e2e_trace_v3,4340,72323048786625938,0,perception.pointcloud_map_based_roi,output_pub,1920992840704,61806,61980
202607181815,e2e_trace_v3,4347,72323048786625939,0,perception.pointcloud_map_based_roi,proc_enter,1921091965504,61806,61976
202607181815,e2e_trace_v3,4348,72323048786625939,0,perception.pointcloud_map_based_roi,output_pub,1921101063328,61806,61976
202607181815,e2e_trace_v3,4364,72323048786625940,0,perception.pointcloud_map_based_roi,proc_enter,1921207251008,61806,61978
202607181815,e2e_trace_v3,4367,72323048786625940,0,perception.pointcloud_map_based_roi,output_pub,1921212324128,61806,61978
202607181815,e2e_trace_v3,4381,72323048786625941,0,perception.pointcloud_map_based_roi,proc_enter,1921321522304,61806,61975
202607181815,e2e_trace_v3,4392,72323048786625941,0,perception.pointcloud_map_based_roi,output_pub,1921331361728,61806,61975
202607181815,e2e_trace_v3,4398,72323048786625942,0,perception.pointcloud_map_based_roi,proc_enter,1921428455072,61806,61991
202607181815,e2e_trace_v3,4399,72323048786625942,0,perception.pointcloud_map_based_roi,output_pub,1921433274336,61806,61991
202607181815,e2e_trace_v3,4415,72323048786625943,0,perception.pointcloud_map_based_roi,proc_enter,1921541790848,61806,61993
202607181815,e2e_trace_v3,4416,72323048786625943,0,perception.pointcloud_map_based_roi,output_pub,1921545846592,61806,61993
202607181815,e2e_trace_v3,4439,72323048786625944,0,perception.pointcloud_map_based_roi,proc_enter,1921657904224,61806,61991
202607181815,e2e_trace_v3,4440,72323048786625944,0,perception.pointcloud_map_based_roi,output_pub,1921663027584,61806,61991
202607181815,e2e_trace_v3,4449,72323048786625945,0,perception.pointcloud_map_based_roi,proc_enter,1921763691712,61806,61979
202607181815,e2e_trace_v3,4451,72323048786625945,0,perception.pointcloud_map_based_roi,output_pub,1921768581568,61806,61979
202607181815,e2e_trace_v3,4473,72323048786625946,0,perception.pointcloud_map_based_roi,proc_enter,1921873869888,61806,61993
202607181815,e2e_trace_v3,4474,72323048786625946,0,perception.pointcloud_map_based_roi,output_pub,1921880607456,61806,61993
202607181815,e2e_trace_v3,4482,72323048786625947,0,perception.pointcloud_map_based_roi,proc_enter,1921988751360,61806,61990
202607181815,e2e_trace_v3,4490,72323048786625947,0,perception.pointcloud_map_based_roi,output_pub,1921994299680,61806,61990
202607181815,e2e_trace_v3,4500,72323048786625948,0,perception.pointcloud_map_based_roi,proc_enter,1922099186080,61806,61990
202607181815,e2e_trace_v3,4507,72323048786625948,0,perception.pointcloud_map_based_roi,output_pub,1922104745824,61806,61990
202607181815,e2e_trace_v3,4524,72323048786625949,0,perception.pointcloud_map_based_roi,proc_enter,1922211054144,61806,61993
202607181815,e2e_trace_v3,4525,72323048786625949,0,perception.pointcloud_map_based_roi,output_pub,1922216432512,61806,61993
202607181815,e2e_trace_v3,4541,72323048786625950,0,perception.pointcloud_map_based_roi,proc_enter,1922323464512,61806,61992
202607181815,e2e_trace_v3,4544,72323048786625950,0,perception.pointcloud_map_based_roi,output_pub,1922329830240,61806,61992
202607181815,e2e_trace_v3,4550,72323048786625951,0,perception.pointcloud_map_based_roi,proc_enter,1922435327776,61806,61979
202607181815,e2e_trace_v3,4551,72323048786625951,0,perception.pointcloud_map_based_roi,output_pub,1922440923200,61806,61979
202607181815,e2e_trace_v3,4564,72323048786625952,0,perception.pointcloud_map_based_roi,proc_enter,1922546711040,61806,61979
202607181815,e2e_trace_v3,4565,72323048786625952,0,perception.pointcloud_map_based_roi,output_pub,1922551591520,61806,61979
202607181815,e2e_trace_v3,4589,72323048786625953,0,perception.pointcloud_map_based_roi,proc_enter,1922656003744,61806,61995
202607181815,e2e_trace_v3,4592,72323048786625953,0,perception.pointcloud_map_based_roi,output_pub,1922663576800,61806,61995
202607181815,e2e_trace_v3,4599,72323048786625954,0,perception.pointcloud_map_based_roi,proc_enter,1922770187008,61806,61974
202607181815,e2e_trace_v3,4610,72323048786625954,0,perception.pointcloud_map_based_roi,output_pub,1922778249024,61806,61974
202607181815,e2e_trace_v3,4623,72323048786625955,0,perception.pointcloud_map_based_roi,proc_enter,1922890759168,61806,61980
202607181815,e2e_trace_v3,4626,72323048786625955,0,perception.pointcloud_map_based_roi,output_pub,1922898519808,61806,61980
202607181815,e2e_trace_v3,4632,72323048786625956,0,perception.pointcloud_map_based_roi,proc_enter,1922997798240,61806,61977
202607181815,e2e_trace_v3,4633,72323048786625956,0,perception.pointcloud_map_based_roi,output_pub,1923005748608,61806,61977
202607181815,e2e_trace_v3,4652,72323048786625957,0,perception.pointcloud_map_based_roi,proc_enter,1923130888704,61806,61994
202607181815,e2e_trace_v3,4659,72323048786625957,0,perception.pointcloud_map_based_roi,output_pub,1923138688128,61806,61994
202607181815,e2e_trace_v3,4667,72323048786625958,0,perception.pointcloud_map_based_roi,proc_enter,1923218782720,61806,61979
202607181815,e2e_trace_v3,4668,72323048786625958,0,perception.pointcloud_map_based_roi,output_pub,1923227336288,61806,61979
202607181815,e2e_trace_v3,4684,72323048786625959,0,perception.pointcloud_map_based_roi,proc_enter,1923324152000,61806,61988
202607181815,e2e_trace_v3,4685,72323048786625959,0,perception.pointcloud_map_based_roi,output_pub,1923328388192,61806,61988
202607181815,e2e_trace_v3,4700,72323048786625960,0,perception.pointcloud_map_based_roi,proc_enter,1923436263840,61806,61980
202607181815,e2e_trace_v3,4702,72323048786625960,0,perception.pointcloud_map_based_roi,output_pub,1923441831136,61806,61980
202607181815,e2e_trace_v3,4719,72323048786625961,0,perception.pointcloud_map_based_roi,proc_enter,1923547161632,61806,61979
202607181815,e2e_trace_v3,4722,72323048786625961,0,perception.pointcloud_map_based_roi,output_pub,1923553601024,61806,61979
202607181815,e2e_trace_v3,4728,72323048786625962,0,perception.pointcloud_map_based_roi,proc_enter,1923656412064,61806,61995
202607181815,e2e_trace_v3,4729,72323048786625962,0,perception.pointcloud_map_based_roi,output_pub,1923660907200,61806,61995
202607181815,e2e_trace_v3,4752,72323048786625963,0,perception.pointcloud_map_based_roi,proc_enter,1923769120736,61806,61976
202607181815,e2e_trace_v3,4753,72323048786625963,0,perception.pointcloud_map_based_roi,output_pub,1923776038976,61806,61976
202607181815,e2e_trace_v3,4759,72323048786625964,0,perception.pointcloud_map_based_roi,proc_enter,1923883802624,61806,61993
202607181815,e2e_trace_v3,4760,72323048786625964,0,perception.pointcloud_map_based_roi,output_pub,1923889044096,61806,61993
202607181815,e2e_trace_v3,4784,72323048786625965,0,perception.pointcloud_map_based_roi,proc_enter,1923991783872,61806,61995
202607181815,e2e_trace_v3,4785,72323048786625965,0,perception.pointcloud_map_based_roi,output_pub,1923995358912,61806,61995
202607181815,e2e_trace_v3,4801,72323048786625966,0,perception.pointcloud_map_based_roi,proc_enter,1924103260864,61806,61976
202607181815,e2e_trace_v3,4802,72323048786625966,0,perception.pointcloud_map_based_roi,output_pub,1924107219968,61806,61976
202607181815,e2e_trace_v3,4817,72323048786625967,0,perception.pointcloud_map_based_roi,proc_enter,1924210580416,61806,61974
202607181815,e2e_trace_v3,4819,72323048786625967,0,perception.pointcloud_map_based_roi,output_pub,1924216854880,61806,61974
202607181815,e2e_trace_v3,4835,72323048786625968,0,perception.pointcloud_map_based_roi,proc_enter,1924333574464,61806,61991
202607181815,e2e_trace_v3,4838,72323048786625968,0,perception.pointcloud_map_based_roi,output_pub,1924340661440,61806,61991
202607181815,e2e_trace_v3,4845,72323048786625969,0,perception.pointcloud_map_based_roi,proc_enter,1924434783424,61806,61974
202607181815,e2e_trace_v3,4846,72323048786625969,0,perception.pointcloud_map_based_roi,output_pub,1924443014208,61806,61974
202607181815,e2e_trace_v3,4869,72323048786625970,0,perception.pointcloud_map_based_roi,proc_enter,1924552054880,61806,61993
202607181815,e2e_trace_v3,4870,72323048786625970,0,perception.pointcloud_map_based_roi,output_pub,1924556664960,61806,61993
202607181815,e2e_trace_v3,4885,72323048786625971,0,perception.pointcloud_map_based_roi,proc_enter,1924663179488,61806,61979
202607181815,e2e_trace_v3,4886,72323048786625971,0,perception.pointcloud_map_based_roi,output_pub,1924668688960,61806,61979
202607181815,e2e_trace_v3,4896,72323048786625972,0,perception.pointcloud_map_based_roi,proc_enter,1924778082304,61806,61988
202607181815,e2e_trace_v3,4898,72323048786625972,0,perception.pointcloud_map_based_roi,output_pub,1924782445696,61806,61988
202607181815,e2e_trace_v3,4912,72323048786625973,0,perception.pointcloud_map_based_roi,proc_enter,1924902184864,61806,61989
202607181815,e2e_trace_v3,4921,72323048786625973,0,perception.pointcloud_map_based_roi,output_pub,1924907340928,61806,61989
202607181815,e2e_trace_v3,4930,72323048786625974,0,perception.pointcloud_map_based_roi,proc_enter,1925011473504,61806,61980
202607181815,e2e_trace_v3,4938,72323048786625974,0,perception.pointcloud_map_based_roi,output_pub,1925018673632,61806,61980
202607181815,e2e_trace_v3,4947,72323048786625975,0,perception.pointcloud_map_based_roi,proc_enter,1925128568992,61806,61977
202607181815,e2e_trace_v3,4955,72323048786625975,0,perception.pointcloud_map_based_roi,output_pub,1925134811136,61806,61977
202607181815,e2e_trace_v3,4970,72323048786625976,0,perception.pointcloud_map_based_roi,proc_enter,1925242739136,61806,61978
202607181815,e2e_trace_v3,4972,72323048786625976,0,perception.pointcloud_map_based_roi,output_pub,1925247442144,61806,61978
202607181815,e2e_trace_v3,4988,72323048786625977,0,perception.pointcloud_map_based_roi,proc_enter,1925355096992,61806,61992
202607181815,e2e_trace_v3,4989,72323048786625977,0,perception.pointcloud_map_based_roi,output_pub,1925358735616,61806,61992
202607181815,e2e_trace_v3,5005,72323048786625978,0,perception.pointcloud_map_based_roi,proc_enter,1925472722592,61806,61980
202607181815,e2e_trace_v3,5007,72323048786625978,0,perception.pointcloud_map_based_roi,output_pub,1925478213216,61806,61980
202607181815,e2e_trace_v3,5015,72323048786625979,0,perception.pointcloud_map_based_roi,proc_enter,1925582259904,61806,61993
202607181815,e2e_trace_v3,5016,72323048786625979,0,perception.pointcloud_map_based_roi,output_pub,1925586040480,61806,61993
202607181815,e2e_trace_v3,5039,72323048786625980,0,perception.pointcloud_map_based_roi,proc_enter,1925699506144,61806,61990
202607181815,e2e_trace_v3,5042,72323048786625980,0,perception.pointcloud_map_based_roi,output_pub,1925706686720,61806,61990
202607181815,e2e_trace_v3,5048,72323048786625981,0,perception.pointcloud_map_based_roi,proc_enter,1925807277440,61806,61976
202607181815,e2e_trace_v3,5050,72323048786625981,0,perception.pointcloud_map_based_roi,output_pub,1925811926976,61806,61976
202607181815,e2e_trace_v3,5069,72323048786625982,0,perception.pointcloud_map_based_roi,proc_enter,1925921410624,61806,61989
202607181815,e2e_trace_v3,5071,72323048786625982,0,perception.pointcloud_map_based_roi,output_pub,1925927976160,61806,61989
202607181815,e2e_trace_v3,5085,72323048786625983,0,perception.pointcloud_map_based_roi,proc_enter,1926034143008,61806,61988
202607181815,e2e_trace_v3,5088,72323048786625983,0,perception.pointcloud_map_based_roi,output_pub,1926042440416,61806,61988
202607181815,e2e_trace_v3,5097,72323048786625984,0,perception.pointcloud_map_based_roi,proc_enter,1926148299904,61806,61991
202607181815,e2e_trace_v3,5107,72323048786625984,0,perception.pointcloud_map_based_roi,output_pub,1926153683168,61806,61991
202607181815,e2e_trace_v3,5120,72323048786625985,0,perception.pointcloud_map_based_roi,proc_enter,1926258754880,61806,61974
202607181815,e2e_trace_v3,5121,72323048786625985,0,perception.pointcloud_map_based_roi,output_pub,1926265189856,61806,61974
202607181815,e2e_trace_v3,5134,72323048786625986,0,perception.pointcloud_map_based_roi,proc_enter,1926382869504,61806,61975
202607181815,e2e_trace_v3,5135,72323048786625986,0,perception.pointcloud_map_based_roi,output_pub,1926388331008,61806,61975
202607181815,e2e_trace_v3,5145,72323048786625987,0,perception.pointcloud_map_based_roi,proc_enter,1926488819360,61806,61974
202607181815,e2e_trace_v3,5146,72323048786625987,0,perception.pointcloud_map_based_roi,output_pub,1926492464448,61806,61974
202607181815,e2e_trace_v3,5162,72323048786625988,0,perception.pointcloud_map_based_roi,proc_enter,1926593572512,61806,61992
202607181815,e2e_trace_v3,5163,72323048786625988,0,perception.pointcloud_map_based_roi,output_pub,1926597364160,61806,61992
202607181815,e2e_trace_v3,5186,72323048786625989,0,perception.pointcloud_map_based_roi,proc_enter,1926702962080,61806,61994
202607181815,e2e_trace_v3,5187,72323048786625989,0,perception.pointcloud_map_based_roi,output_pub,1926706776160,61806,61994
202607181815,e2e_trace_v3,5202,72323048786625990,0,perception.pointcloud_map_based_roi,proc_enter,1926820912864,61806,61991
202607181815,e2e_trace_v3,5205,72323048786625990,0,perception.pointcloud_map_based_roi,output_pub,1926826795872,61806,61991
202607181815,e2e_trace_v3,5213,72323048786625991,0,perception.pointcloud_map_based_roi,proc_enter,1926927369312,61806,61992
202607181815,e2e_trace_v3,5214,72323048786625991,0,perception.pointcloud_map_based_roi,output_pub,1926931387936,61806,61992
202607181815,e2e_trace_v3,5235,72323048786625992,0,perception.pointcloud_map_based_roi,proc_enter,1927041677792,61806,61980
202607181815,e2e_trace_v3,5239,72323048786625992,0,perception.pointcloud_map_based_roi,output_pub,1927047284864,61806,61980
202607181815,e2e_trace_v3,5254,72323048786625993,0,perception.pointcloud_map_based_roi,proc_enter,1927157323008,61806,61990
202607181815,e2e_trace_v3,5255,72323048786625993,0,perception.pointcloud_map_based_roi,output_pub,1927161306592,61806,61990
202607181815,e2e_trace_v3,5270,72323048786625994,0,perception.pointcloud_map_based_roi,proc_enter,1927266811008,61806,61975
202607181815,e2e_trace_v3,5274,72323048786625994,0,perception.pointcloud_map_based_roi,output_pub,1927273527552,61806,61975
202607181815,e2e_trace_v3,5287,72323048786625995,0,perception.pointcloud_map_based_roi,proc_enter,1927378632352,61806,61975
202607181815,e2e_trace_v3,5291,72323048786625995,0,perception.pointcloud_map_based_roi,output_pub,1927386309376,61806,61975
202607181815,e2e_trace_v3,5298,72323048786625996,0,perception.pointcloud_map_based_roi,proc_enter,1927479126144,61806,61980
202607181815,e2e_trace_v3,5299,72323048786625996,0,perception.pointcloud_map_based_roi,output_pub,1927482630208,61806,61980
202607181815,e2e_trace_v3,5321,72323048786625997,0,perception.pointcloud_map_based_roi,proc_enter,1927588274048,61806,61995
202607181815,e2e_trace_v3,5323,72323048786625997,0,perception.pointcloud_map_based_roi,output_pub,1927593649888,61806,61995
202607181815,e2e_trace_v3,5334,72323048786625998,0,perception.pointcloud_map_based_roi,proc_enter,1927699852096,61806,61995
202607181815,e2e_trace_v3,5340,72323048786625998,0,perception.pointcloud_map_based_roi,output_pub,1927707005376,61806,61995
202607181815,e2e_trace_v3,5347,72323048786625999,0,perception.pointcloud_map_based_roi,proc_enter,1927813087616,61806,61977
202607181815,e2e_trace_v3,5349,72323048786625999,0,perception.pointcloud_map_based_roi,output_pub,1927819307936,61806,61977
202607181815,e2e_trace_v3,5369,72323048786626000,0,perception.pointcloud_map_based_roi,proc_enter,1927923756224,61806,61994
202607181815,e2e_trace_v3,5370,72323048786626000,0,perception.pointcloud_map_based_roi,output_pub,1927927400576,61806,61994
202607181815,e2e_trace_v3,5387,72323048786626001,0,perception.pointcloud_map_based_roi,proc_enter,1928062574080,61806,61989
202607181815,e2e_trace_v3,5388,72323048786626001,0,perception.pointcloud_map_based_roi,output_pub,1928066516992,61806,61989
202607181815,e2e_trace_v3,5404,72323048786626002,0,perception.pointcloud_map_based_roi,proc_enter,1928178977280,61806,61995
202607181815,e2e_trace_v3,5405,72323048786626002,0,perception.pointcloud_map_based_roi,output_pub,1928182816352,61806,61995
202607181815,e2e_trace_v3,5421,72323048786626003,0,perception.pointcloud_map_based_roi,proc_enter,1928293282656,61806,61976
202607181815,e2e_trace_v3,5422,72323048786626003,0,perception.pointcloud_map_based_roi,output_pub,1928296592352,61806,61976
202607181815,e2e_trace_v3,5438,72323048786626004,0,perception.pointcloud_map_based_roi,proc_enter,1928417478624,61806,61993
202607181815,e2e_trace_v3,5439,72323048786626004,0,perception.pointcloud_map_based_roi,output_pub,1928421070560,61806,61993
202607181815,e2e_trace_v3,5454,72323048786626005,0,perception.pointcloud_map_based_roi,proc_enter,1928534121728,61806,61976
202607181815,e2e_trace_v3,5455,72323048786626005,0,perception.pointcloud_map_based_roi,output_pub,1928537620192,61806,61976
202607181815,e2e_trace_v3,5472,72323048786626006,0,perception.pointcloud_map_based_roi,proc_enter,1928643468576,61806,61995
202607181815,e2e_trace_v3,5475,72323048786626006,0,perception.pointcloud_map_based_roi,output_pub,1928648928192,61806,61995
202607181815,e2e_trace_v3,5488,72323048786626007,0,perception.pointcloud_map_based_roi,proc_enter,1928755009600,61806,61990
202607181815,e2e_trace_v3,5489,72323048786626007,0,perception.pointcloud_map_based_roi,output_pub,1928759642176,61806,61990
202607181815,e2e_trace_v3,5506,72323048786626008,0,perception.pointcloud_map_based_roi,proc_enter,1928874518112,61806,61996
202607181815,e2e_trace_v3,5507,72323048786626008,0,perception.pointcloud_map_based_roi,output_pub,1928878188480,61806,61996
202607181815,e2e_trace_v3,5522,72323048786626009,0,perception.pointcloud_map_based_roi,proc_enter,1928990623552,61806,61993
202607181815,e2e_trace_v3,5523,72323048786626009,0,perception.pointcloud_map_based_roi,output_pub,1928997423168,61806,61993
202607181815,e2e_trace_v3,5529,72323048786626010,0,perception.pointcloud_map_based_roi,proc_enter,1929099855328,61806,61994
202607181815,e2e_trace_v3,5530,72323048786626010,0,perception.pointcloud_map_based_roi,output_pub,1929103234272,61806,61994
202607181815,e2e_trace_v3,5554,72323048786626011,0,perception.pointcloud_map_based_roi,proc_enter,1929213576192,61806,61980
202607181815,e2e_trace_v3,5557,72323048786626011,0,perception.pointcloud_map_based_roi,output_pub,1929220405408,61806,61980
202607181815,e2e_trace_v3,5563,72323048786626012,0,perception.pointcloud_map_based_roi,proc_enter,1929321893312,61806,61990
202607181815,e2e_trace_v3,5571,72323048786626012,0,perception.pointcloud_map_based_roi,output_pub,1929329298944,61806,61990
202607181815,e2e_trace_v3,5577,72323048786626013,0,perception.pointcloud_map_based_roi,proc_enter,1929437698144,61806,61993
202607181815,e2e_trace_v3,5585,72323048786626013,0,perception.pointcloud_map_based_roi,output_pub,1929441095328,61806,61993
202607181815,e2e_trace_v3,5595,72323048786626014,0,perception.pointcloud_map_based_roi,proc_enter,1929544076096,61806,61975
202607181815,e2e_trace_v3,5596,72323048786626014,0,perception.pointcloud_map_based_roi,output_pub,1929547531168,61806,61975
202607181815,e2e_trace_v3,5619,72323048786626015,0,perception.pointcloud_map_based_roi,proc_enter,1929652960928,61806,61994
202607181815,e2e_trace_v3,5620,72323048786626015,0,perception.pointcloud_map_based_roi,output_pub,1929656183264,61806,61994
202607181815,e2e_trace_v3,5636,72323048786626016,0,perception.pointcloud_map_based_roi,proc_enter,1929769098720,61806,61996
202607181815,e2e_trace_v3,5637,72323048786626016,0,perception.pointcloud_map_based_roi,output_pub,1929773167104,61806,61996
202607181815,e2e_trace_v3,5653,72323048786626017,0,perception.pointcloud_map_based_roi,proc_enter,1929887921280,61806,61991
202607181815,e2e_trace_v3,5654,72323048786626017,0,perception.pointcloud_map_based_roi,output_pub,1929892525920,61806,61991
202607181815,e2e_trace_v3,5663,72323048786626018,0,perception.pointcloud_map_based_roi,proc_enter,1929986580544,61806,61993
202607181815,e2e_trace_v3,5664,72323048786626018,0,perception.pointcloud_map_based_roi,output_pub,1929990426336,61806,61993
202607181815,e2e_trace_v3,5681,72323048786626019,0,perception.pointcloud_map_based_roi,proc_enter,1930095120096,61806,61974
202607181815,e2e_trace_v3,5688,72323048786626019,0,perception.pointcloud_map_based_roi,output_pub,1930098138912,61806,61974
202607181815,e2e_trace_v3,5703,72323048786626020,0,perception.pointcloud_map_based_roi,proc_enter,1930206231040,61806,61993
202607181815,e2e_trace_v3,5705,72323048786626020,0,perception.pointcloud_map_based_roi,output_pub,1930209627360,61806,61993
202607181815,e2e_trace_v3,5721,72323048786626021,0,perception.pointcloud_map_based_roi,proc_enter,1930315210048,61806,61978
202607181815,e2e_trace_v3,5722,72323048786626021,0,perception.pointcloud_map_based_roi,output_pub,1930319201472,61806,61978
202607181815,e2e_trace_v3,5736,72323048786626022,0,perception.pointcloud_map_based_roi,proc_enter,1930433192384,61806,61977
202607181815,e2e_trace_v3,5739,72323048786626022,0,perception.pointcloud_map_based_roi,output_pub,1930437146912,61806,61977
202607181815,e2e_trace_v3,5755,72323048786626023,0,perception.pointcloud_map_based_roi,proc_enter,1930550135776,61806,61976
202607181815,e2e_trace_v3,5756,72323048786626023,0,perception.pointcloud_map_based_roi,output_pub,1930554809440,61806,61976
202607181815,e2e_trace_v3,5772,72323048786626024,0,perception.pointcloud_map_based_roi,proc_enter,1930668451392,61806,61990
202607181815,e2e_trace_v3,5773,72323048786626024,0,perception.pointcloud_map_based_roi,output_pub,1930672490688,61806,61990
202607181815,e2e_trace_v3,5788,72323048786626025,0,perception.pointcloud_map_based_roi,proc_enter,1930777234784,61806,61975
202607181815,e2e_trace_v3,5790,72323048786626025,0,perception.pointcloud_map_based_roi,output_pub,1930781345088,61806,61975
202607181815,e2e_trace_v3,5805,72323048786626026,0,perception.pointcloud_map_based_roi,proc_enter,1930889406144,61806,61994
202607181815,e2e_trace_v3,5807,72323048786626026,0,perception.pointcloud_map_based_roi,output_pub,1930893184096,61806,61994
202607181815,e2e_trace_v3,5825,72323048786626027,0,perception.pointcloud_map_based_roi,proc_enter,1931032891424,61806,61993
202607181815,e2e_trace_v3,5826,72323048786626027,0,perception.pointcloud_map_based_roi,output_pub,1931038655008,61806,61993
202607181815,e2e_trace_v3,5832,72323048786626028,0,perception.pointcloud_map_based_roi,proc_enter,1931109099808,61806,61994
202607181815,e2e_trace_v3,5833,72323048786626028,0,perception.pointcloud_map_based_roi,output_pub,1931113159616,61806,61994
202607181815,e2e_trace_v3,5850,72323048786626029,0,perception.pointcloud_map_based_roi,proc_enter,1931223922880,61806,61993
202607181815,e2e_trace_v3,5853,72323048786626029,0,perception.pointcloud_map_based_roi,output_pub,1931230493248,61806,61993
202607181815,e2e_trace_v3,5866,72323048786626030,0,perception.pointcloud_map_based_roi,proc_enter,1931328050752,61806,61979
202607181815,e2e_trace_v3,5867,72323048786626030,0,perception.pointcloud_map_based_roi,output_pub,1931334751584,61806,61979
202607181815,e2e_trace_v3,5887,72323048786626031,0,perception.pointcloud_map_based_roi,proc_enter,1931479757184,61806,61996
202607181815,e2e_trace_v3,5888,72323048786626031,0,perception.pointcloud_map_based_roi,output_pub,1931484755744,61806,61996
202607181815,e2e_trace_v3,5897,72323048786626032,0,perception.pointcloud_map_based_roi,proc_enter,1931585420352,61806,61994
202607181815,e2e_trace_v3,5898,72323048786626032,0,perception.pointcloud_map_based_roi,output_pub,1931589112896,61806,61994
202607181815,e2e_trace_v3,5918,72323048786626033,0,perception.pointcloud_map_based_roi,proc_enter,1931696711264,61806,61974
202607181815,e2e_trace_v3,5919,72323048786626033,0,perception.pointcloud_map_based_roi,output_pub,1931699710240,61806,61974
202607181815,e2e_trace_v3,5933,72323048786626034,0,perception.pointcloud_map_based_roi,proc_enter,1931811753888,61806,61975
202607181815,e2e_trace_v3,5937,72323048786626034,0,perception.pointcloud_map_based_roi,output_pub,1931820332352,61806,61975
202607181815,e2e_trace_v3,5946,72323048786626035,0,perception.pointcloud_map_based_roi,proc_enter,1931923921024,61806,61979
202607181815,e2e_trace_v3,5951,72323048786626035,0,perception.pointcloud_map_based_roi,output_pub,1931929429696,61806,61979
202607181815,e2e_trace_v3,5963,72323048786626036,0,perception.pointcloud_map_based_roi,proc_enter,1932029051072,61806,61979
202607181815,e2e_trace_v3,5964,72323048786626036,0,perception.pointcloud_map_based_roi,output_pub,1932032776768,61806,61979
202607181815,e2e_trace_v3,5987,72323048786626037,0,perception.pointcloud_map_based_roi,proc_enter,1932145210880,61806,61977
202607181815,e2e_trace_v3,5988,72323048786626037,0,perception.pointcloud_map_based_roi,output_pub,1932151920224,61806,61977
202607181815,e2e_trace_v3,6004,72323048786626038,0,perception.pointcloud_map_based_roi,proc_enter,1932253193248,61806,61995
202607181815,e2e_trace_v3,6005,72323048786626038,0,perception.pointcloud_map_based_roi,output_pub,1932257155296,61806,61995
202607181815,e2e_trace_v3,6021,72323048786626039,0,perception.pointcloud_map_based_roi,proc_enter,1932364681344,61806,61989
202607181815,e2e_trace_v3,6022,72323048786626039,0,perception.pointcloud_map_based_roi,output_pub,1932367703776,61806,61989
202607181815,e2e_trace_v3,6031,72323048786626040,0,perception.pointcloud_map_based_roi,proc_enter,1932483453920,61806,61988
202607181815,e2e_trace_v3,6032,72323048786626040,0,perception.pointcloud_map_based_roi,output_pub,1932487297984,61806,61988
202607181815,e2e_trace_v3,6053,72323048786626041,0,perception.pointcloud_map_based_roi,proc_enter,1932594653376,61806,61975
202607181815,e2e_trace_v3,6054,72323048786626041,0,perception.pointcloud_map_based_roi,output_pub,1932603253504,61806,61975
202607181815,e2e_trace_v3,6066,72323048786626042,0,perception.pointcloud_map_based_roi,proc_enter,1932709352928,61806,61992
202607181815,e2e_trace_v3,6068,72323048786626042,0,perception.pointcloud_map_based_roi,output_pub,1932715656672,61806,61992
202607181815,e2e_trace_v3,6084,72323048786626043,0,perception.pointcloud_map_based_roi,proc_enter,1932824200928,61806,61988
202607181815,e2e_trace_v3,6086,72323048786626043,0,perception.pointcloud_map_based_roi,output_pub,1932827462848,61806,61988
202607181815,e2e_trace_v3,6101,72323048786626044,0,perception.pointcloud_map_based_roi,proc_enter,1932949476032,61806,61974
202607181815,e2e_trace_v3,6105,72323048786626044,0,perception.pointcloud_map_based_roi,output_pub,1932953812416,61806,61974
202607181815,e2e_trace_v3,6118,72323048786626045,0,perception.pointcloud_map_based_roi,proc_enter,1933060071456,61806,61977
202607181815,e2e_trace_v3,6119,72323048786626045,0,perception.pointcloud_map_based_roi,output_pub,1933066769792,61806,61977
202607181815,e2e_trace_v3,6129,72323048786626046,0,perception.pointcloud_map_based_roi,proc_enter,1933177472576,61806,61992
202607181815,e2e_trace_v3,6130,72323048786626046,0,perception.pointcloud_map_based_roi,output_pub,1933180805312,61806,61992
202607181815,e2e_trace_v3,6153,72323048786626047,0,perception.pointcloud_map_based_roi,proc_enter,1933290744032,61806,61993
202607181815,e2e_trace_v3,6156,72323048786626047,0,perception.pointcloud_map_based_roi,output_pub,1933296313024,61806,61993
202607181815,e2e_trace_v3,6169,72323048786626048,0,perception.pointcloud_map_based_roi,proc_enter,1933407760032,61806,61996
202607181815,e2e_trace_v3,6171,72323048786626048,0,perception.pointcloud_map_based_roi,output_pub,1933413582784,61806,61996
202607181815,e2e_trace_v3,6180,72323048786626049,0,perception.pointcloud_map_based_roi,proc_enter,1933512340160,61806,61989
202607181815,e2e_trace_v3,6181,72323048786626049,0,perception.pointcloud_map_based_roi,output_pub,1933517203808,61806,61989
202607181815,e2e_trace_v3,6197,72323048786626050,0,perception.pointcloud_map_based_roi,proc_enter,1933625984096,61806,61992
202607181815,e2e_trace_v3,6207,72323048786626050,0,perception.pointcloud_map_based_roi,output_pub,1933631475360,61806,61992
202607181815,e2e_trace_v3,6212,72323048786626051,0,perception.pointcloud_map_based_roi,proc_enter,1933733588416,61806,61995
202607181815,e2e_trace_v3,6213,72323048786626051,0,perception.pointcloud_map_based_roi,output_pub,1933738886944,61806,61995
202607181815,e2e_trace_v3,6228,72323048786626052,0,perception.pointcloud_map_based_roi,proc_enter,1933846399328,61806,61996
202607181815,e2e_trace_v3,6236,72323048786626052,0,perception.pointcloud_map_based_roi,output_pub,1933853272384,61806,61996
202607181815,e2e_trace_v3,6255,72323048786626053,0,perception.pointcloud_map_based_roi,proc_enter,1933982735328,61806,61980
202607181815,e2e_trace_v3,6256,72323048786626053,0,perception.pointcloud_map_based_roi,output_pub,1933988036288,61806,61980
202607181815,e2e_trace_v3,6265,72323048786626054,0,perception.pointcloud_map_based_roi,proc_enter,1934089928416,61806,61995
202607181815,e2e_trace_v3,6268,72323048786626054,0,perception.pointcloud_map_based_roi,output_pub,1934097090560,61806,61995
202607181815,e2e_trace_v3,6281,72323048786626055,0,perception.pointcloud_map_based_roi,proc_enter,1934197322304,61806,61990
202607181815,e2e_trace_v3,6282,72323048786626055,0,perception.pointcloud_map_based_roi,output_pub,1934203905600,61806,61990
202607181815,e2e_trace_v3,6303,72323048786626056,0,perception.pointcloud_map_based_roi,proc_enter,1934322181376,61806,61989
202607181815,e2e_trace_v3,6304,72323048786626056,0,perception.pointcloud_map_based_roi,output_pub,1934326014528,61806,61989
202607181815,e2e_trace_v3,6313,72323048786626057,0,perception.pointcloud_map_based_roi,proc_enter,1934437134784,61806,61979
202607181815,e2e_trace_v3,6321,72323048786626057,0,perception.pointcloud_map_based_roi,output_pub,1934442926336,61806,61979
202607181815,e2e_trace_v3,6337,72323048786626058,0,perception.pointcloud_map_based_roi,proc_enter,1934549597280,61806,61977
202607181815,e2e_trace_v3,6340,72323048786626058,0,perception.pointcloud_map_based_roi,output_pub,1934556808736,61806,61977
202607181815,e2e_trace_v3,6347,72323048786626059,0,perception.pointcloud_map_based_roi,proc_enter,1934656347392,61806,61975
202607181815,e2e_trace_v3,6351,72323048786626059,0,perception.pointcloud_map_based_roi,output_pub,1934661554912,61806,61975
202607181815,e2e_trace_v3,6364,72323048786626060,0,perception.pointcloud_map_based_roi,proc_enter,1934767947360,61806,61993
202607181815,e2e_trace_v3,6372,72323048786626060,0,perception.pointcloud_map_based_roi,output_pub,1934775032256,61806,61993
202607181815,e2e_trace_v3,6381,72323048786626061,0,perception.pointcloud_map_based_roi,proc_enter,1934881361568,61806,61989
202607181815,e2e_trace_v3,6382,72323048786626061,0,perception.pointcloud_map_based_roi,output_pub,1934886846944,61806,61989
202607181815,e2e_trace_v3,6398,72323048786626062,0,perception.pointcloud_map_based_roi,proc_enter,1934987367520,61806,61990
202607181815,e2e_trace_v3,6399,72323048786626062,0,perception.pointcloud_map_based_roi,output_pub,1934990990592,61806,61990
202607181815,e2e_trace_v3,6422,72323048786626063,0,perception.pointcloud_map_based_roi,proc_enter,1935094121408,61806,61989
202607181815,e2e_trace_v3,6423,72323048786626063,0,perception.pointcloud_map_based_roi,output_pub,1935100784352,61806,61989
202607181815,e2e_trace_v3,6432,72323048786626064,0,perception.pointcloud_map_based_roi,proc_enter,1935202359936,61806,61990
202607181815,e2e_trace_v3,6433,72323048786626064,0,perception.pointcloud_map_based_roi,output_pub,1935205497472,61806,61990
202607181815,e2e_trace_v3,6456,72323048786626065,0,perception.pointcloud_map_based_roi,proc_enter,1935313677152,61806,61993
202607181815,e2e_trace_v3,6457,72323048786626065,0,perception.pointcloud_map_based_roi,output_pub,1935316712832,61806,61993
202607181815,e2e_trace_v3,6472,72323048786626066,0,perception.pointcloud_map_based_roi,proc_enter,1935427233152,61806,61995
202607181815,e2e_trace_v3,6474,72323048786626066,0,perception.pointcloud_map_based_roi,output_pub,1935430904416,61806,61995
202607181815,e2e_trace_v3,6490,72323048786626067,0,perception.pointcloud_map_based_roi,proc_enter,1935539268064,61806,61978
202607181815,e2e_trace_v3,6491,72323048786626067,0,perception.pointcloud_map_based_roi,output_pub,1935542270272,61806,61978
202607181815,e2e_trace_v3,6507,72323048786626068,0,perception.pointcloud_map_based_roi,proc_enter,1935648903168,61806,61977
202607181815,e2e_trace_v3,6508,72323048786626068,0,perception.pointcloud_map_based_roi,output_pub,1935653567200,61806,61977
202607181815,e2e_trace_v3,6524,72323048786626069,0,perception.pointcloud_map_based_roi,proc_enter,1935758484864,61806,61990
202607181815,e2e_trace_v3,6525,72323048786626069,0,perception.pointcloud_map_based_roi,output_pub,1935762077920,61806,61990
202607181815,e2e_trace_v3,6540,72323048786626070,0,perception.pointcloud_map_based_roi,proc_enter,1935872618752,61806,61976
202607181815,e2e_trace_v3,6541,72323048786626070,0,perception.pointcloud_map_based_roi,output_pub,1935876619520,61806,61976
202607181815,e2e_trace_v3,6554,72323048786626071,0,perception.pointcloud_map_based_roi,proc_enter,1935983130976,61806,61990
202607181815,e2e_trace_v3,6555,72323048786626071,0,perception.pointcloud_map_based_roi,output_pub,1935988982880,61806,61990
202607181815,e2e_trace_v3,6565,72323048786626072,0,perception.pointcloud_map_based_roi,proc_enter,1936094780928,61806,61991
202607181815,e2e_trace_v3,6572,72323048786626072,0,perception.pointcloud_map_based_roi,output_pub,1936100283392,61806,61991
202607181815,e2e_trace_v3,6582,72323048786626073,0,perception.pointcloud_map_based_roi,proc_enter,1936208215104,61806,61991
202607181815,e2e_trace_v3,6583,72323048786626073,0,perception.pointcloud_map_based_roi,output_pub,1936213185696,61806,61991
202607181815,e2e_trace_v3,6606,72323048786626074,0,perception.pointcloud_map_based_roi,proc_enter,1936316435360,61806,61992
202607181815,e2e_trace_v3,6607,72323048786626074,0,perception.pointcloud_map_based_roi,output_pub,1936319519392,61806,61992
202607181815,e2e_trace_v3,6623,72323048786626075,0,perception.pointcloud_map_based_roi,proc_enter,1936424371680,61806,61991
202607181815,e2e_trace_v3,6624,72323048786626075,0,perception.pointcloud_map_based_roi,output_pub,1936428140832,61806,61991
202607181815,e2e_trace_v3,6639,72323048786626076,0,perception.pointcloud_map_based_roi,proc_enter,1936537989184,61806,61974
202607181815,e2e_trace_v3,6642,72323048786626076,0,perception.pointcloud_map_based_roi,output_pub,1936542016224,61806,61974
202607181815,e2e_trace_v3,6650,72323048786626077,0,perception.pointcloud_map_based_roi,proc_enter,1936646158368,61806,61990
202607181815,e2e_trace_v3,6658,72323048786626077,0,perception.pointcloud_map_based_roi,output_pub,1936651776192,61806,61990
202607181815,e2e_trace_v3,6674,72323048786626078,0,perception.pointcloud_map_based_roi,proc_enter,1936767202688,61806,61980
202607181815,e2e_trace_v3,6675,72323048786626078,0,perception.pointcloud_map_based_roi,output_pub,1936771202720,61806,61980
202607181815,e2e_trace_v3,6691,72323048786626079,0,perception.pointcloud_map_based_roi,proc_enter,1936879171360,61806,61996
202607181815,e2e_trace_v3,6692,72323048786626079,0,perception.pointcloud_map_based_roi,output_pub,1936882698272,61806,61996
202607181815,e2e_trace_v3,6708,72323048786626080,0,perception.pointcloud_map_based_roi,proc_enter,1936996046912,61806,61989
202607181815,e2e_trace_v3,6710,72323048786626080,0,perception.pointcloud_map_based_roi,output_pub,1937003301056,61806,61989
202607181815,e2e_trace_v3,6718,72323048786626081,0,perception.pointcloud_map_based_roi,proc_enter,1937106261248,61806,61977
202607181815,e2e_trace_v3,6726,72323048786626081,0,perception.pointcloud_map_based_roi,output_pub,1937111773376,61806,61977
202607181815,e2e_trace_v3,6735,72323048786626082,0,perception.pointcloud_map_based_roi,proc_enter,1937220383008,61806,61992
202607181815,e2e_trace_v3,6743,72323048786626082,0,perception.pointcloud_map_based_roi,output_pub,1937224483232,61806,61992
202607181815,e2e_trace_v3,6758,72323048786626083,0,perception.pointcloud_map_based_roi,proc_enter,1937324708736,61806,61975
202607181815,e2e_trace_v3,6760,72323048786626083,0,perception.pointcloud_map_based_roi,output_pub,1937328291552,61806,61975
202607181815,e2e_trace_v3,6776,72323048786626084,0,perception.pointcloud_map_based_roi,proc_enter,1937439499424,61806,61974
202607181815,e2e_trace_v3,6779,72323048786626084,0,perception.pointcloud_map_based_roi,output_pub,1937446346880,61806,61974
202607181815,e2e_trace_v3,6786,72323048786626085,0,perception.pointcloud_map_based_roi,proc_enter,1937547681728,61806,61996
202607181815,e2e_trace_v3,6794,72323048786626085,0,perception.pointcloud_map_based_roi,output_pub,1937550736704,61806,61996
202607181815,e2e_trace_v3,6810,72323048786626086,0,perception.pointcloud_map_based_roi,proc_enter,1937653083296,61806,61995
202607181815,e2e_trace_v3,6812,72323048786626086,0,perception.pointcloud_map_based_roi,output_pub,1937657002912,61806,61995
202607181815,e2e_trace_v3,6827,72323048786626087,0,perception.pointcloud_map_based_roi,proc_enter,1937770134176,61806,61979
202607181815,e2e_trace_v3,6828,72323048786626087,0,perception.pointcloud_map_based_roi,output_pub,1937774274496,61806,61979
202607181815,e2e_trace_v3,6844,72323048786626088,0,perception.pointcloud_map_based_roi,proc_enter,1937883785248,61806,61980
202607181815,e2e_trace_v3,6847,72323048786626088,0,perception.pointcloud_map_based_roi,output_pub,1937889843616,61806,61980
202607181815,e2e_trace_v3,6854,72323048786626089,0,perception.pointcloud_map_based_roi,proc_enter,1937992334912,61806,61991
202607181815,e2e_trace_v3,6855,72323048786626089,0,perception.pointcloud_map_based_roi,output_pub,1937997171968,61806,61991
