2026-06-22 16:49:39.269 | INFO     | __main__:main:213 - Trying to connect to 127.0.0.1:2000
2026-06-22 16:49:41.172 | INFO     | __main__:main:226 - Connect to 127.0.0.1:2000 successfully.
2026-06-22 16:49:41.594 | DEBUG    | carla_bridge.core.carla_spawn_objects:setup_sensors:144 - sensor: {'type': 'sensor.pseudo.traffic_lights', 'id': 'traffic_lights'}, attach: None
2026-06-22 16:49:41.594 | INFO     | carla_bridge.core.carla_spawn_objects:setup_vehicles:111 - Spawn point from configuration file
2026-06-22 16:49:41.608 | INFO     | carla_bridge.core.actor_factory:_create_object:365 - Created Static(id=196)
2026-06-22 16:49:41.624 | INFO     | carla_bridge.core.actor_factory:_create_object:365 - Created Static(id=195)
2026-06-22 16:49:41.636 | INFO     | carla_bridge.core.actor_factory:_create_object:365 - Created Static(id=194)
2026-06-22 16:49:41.641 | INFO     | carla_bridge.core.actor_factory:_create_object:365 - Created Static(id=193)
2026-06-22 16:49:41.652 | INFO     | carla_bridge.core.actor_factory:_create_object:365 - Created Static(id=192)
2026-06-22 16:49:41.664 | INFO     | carla_bridge.core.actor_factory:_create_object:365 - Created Static(id=191)
2026-06-22 16:49:41.676 | INFO     | carla_bridge.core.actor_factory:_create_object:365 - Created Static(id=190)
2026-06-22 16:49:41.682 | INFO     | carla_bridge.core.actor_factory:_create_object:365 - Created Static(id=189)
2026-06-22 16:49:41.689 | INFO     | carla_bridge.core.actor_factory:_create_object:365 - Created Static(id=188)
2026-06-22 16:49:41.694 | INFO     | carla_bridge.core.actor_factory:_create_object:365 - Created Static(id=187)
2026-06-22 16:49:41.705 | INFO     | carla_bridge.core.actor_factory:_create_object:365 - Created Static(id=186)
2026-06-22 16:49:41.727 | INFO     | carla_bridge.core.actor_factory:_create_object:365 - Created Static(id=185)
2026-06-22 16:49:41.738 | INFO     | carla_bridge.core.actor_factory:_create_object:365 - Created Static(id=184)
2026-06-22 16:49:41.760 | INFO     | carla_bridge.core.actor_factory:_create_object:365 - Created Static(id=183)
2026-06-22 16:49:41.770 | INFO     | carla_bridge.core.actor_factory:_create_object:365 - Created Static(id=182)
2026-06-22 16:49:41.771 | INFO     | carla_bridge.core.actor_factory:_create_object:365 - Created Static(id=181)
2026-06-22 16:49:41.782 | INFO     | carla_bridge.core.actor_factory:_create_object:365 - Created Static(id=180)
2026-06-22 16:49:41.803 | INFO     | carla_bridge.core.actor_factory:_create_object:365 - Created Static(id=179)
2026-06-22 16:49:41.826 | INFO     | carla_bridge.core.actor_factory:_create_object:365 - Created Static(id=178)
2026-06-22 16:49:41.841 | INFO     | carla_bridge.core.actor_factory:_create_object:365 - Created Static(id=177)
2026-06-22 16:49:41.847 | INFO     | carla_bridge.core.actor_factory:_create_object:365 - Created Static(id=176)
2026-06-22 16:49:41.862 | INFO     | carla_bridge.core.actor_factory:_create_object:365 - Created Static(id=175)
2026-06-22 16:49:41.873 | INFO     | carla_bridge.core.actor_factory:_create_object:365 - Created Static(id=174)
2026-06-22 16:49:41.878 | INFO     | carla_bridge.core.actor_factory:_create_object:365 - Created Static(id=173)
2026-06-22 16:49:41.883 | INFO     | carla_bridge.core.actor_factory:_create_object:365 - Created Static(id=172)
2026-06-22 16:49:41.883 | INFO     | carla_bridge.core.actor_factory:_create_object:365 - Created Static(id=171)
2026-06-22 16:49:41.884 | INFO     | carla_bridge.core.actor_factory:_create_object:365 - Created Static(id=170)
2026-06-22 16:49:41.884 | INFO     | carla_bridge.core.actor_factory:_create_object:365 - Created Static(id=169)
2026-06-22 16:49:41.889 | INFO     | carla_bridge.core.actor_factory:_create_object:365 - Created Static(id=168)
2026-06-22 16:49:41.889 | INFO     | carla_bridge.core.actor_factory:_create_object:365 - Created Static(id=167)
2026-06-22 16:49:41.905 | INFO     | carla_bridge.core.actor_factory:_create_object:365 - Created Static(id=166)
2026-06-22 16:49:41.915 | INFO     | carla_bridge.core.actor_factory:_create_object:365 - Created Static(id=165)
2026-06-22 16:49:41.925 | INFO     | carla_bridge.core.actor_factory:_create_object:365 - Created Static(id=164)
2026-06-22 16:49:41.943 | INFO     | carla_bridge.core.actor_factory:_create_object:365 - Created Static(id=163)
2026-06-22 16:49:41.948 | INFO     | carla_bridge.core.actor_factory:_create_object:365 - Created Static(id=162)
2026-06-22 16:49:41.953 | INFO     | carla_bridge.core.actor_factory:_create_object:365 - Created Static(id=161)
2026-06-22 16:49:41.969 | INFO     | carla_bridge.core.actor_factory:_create_object:365 - Created Static(id=160)
2026-06-22 16:49:41.979 | INFO     | carla_bridge.core.actor_factory:_create_object:365 - Created Static(id=159)
2026-06-22 16:49:41.984 | INFO     | carla_bridge.core.actor_factory:_create_object:365 - Created Static(id=158)
2026-06-22 16:49:41.989 | INFO     | carla_bridge.core.actor_factory:_create_object:365 - Created Static(id=157)
2026-06-22 16:49:42.010 | INFO     | carla_bridge.core.actor_factory:_create_object:365 - Created Static(id=156)
2026-06-22 16:49:42.010 | INFO     | carla_bridge.core.actor_factory:_create_object:365 - Created Static(id=155)
2026-06-22 16:49:42.020 | INFO     | carla_bridge.core.actor_factory:_create_object:365 - Created Static(id=154)
2026-06-22 16:49:42.020 | INFO     | carla_bridge.core.actor_factory:_create_object:365 - Created Static(id=153)
2026-06-22 16:49:42.043 | INFO     | carla_bridge.core.actor_factory:_create_object:365 - Created Static(id=152)
2026-06-22 16:49:42.043 | INFO     | carla_bridge.core.actor_factory:_create_object:365 - Created Static(id=151)
2026-06-22 16:49:42.043 | INFO     | carla_bridge.core.actor_factory:_create_object:365 - Created Static(id=150)
2026-06-22 16:49:42.043 | INFO     | carla_bridge.core.actor_factory:_create_object:365 - Created Static(id=149)
2026-06-22 16:49:42.043 | INFO     | carla_bridge.core.actor_factory:_create_object:365 - Created Static(id=148)
2026-06-22 16:49:42.049 | INFO     | carla_bridge.core.actor_factory:_create_object:365 - Created Static(id=147)
2026-06-22 16:49:42.054 | INFO     | carla_bridge.core.actor_factory:_create_object:365 - Created Static(id=146)
2026-06-22 16:49:42.059 | INFO     | carla_bridge.core.actor_factory:_create_object:365 - Created Static(id=145)
2026-06-22 16:49:42.059 | INFO     | carla_bridge.core.actor_factory:_create_object:365 - Created Static(id=144)
2026-06-22 16:49:42.069 | INFO     | carla_bridge.core.actor_factory:_create_object:365 - Created Static(id=143)
2026-06-22 16:49:42.085 | INFO     | carla_bridge.core.actor_factory:_create_object:365 - Created Static(id=142)
2026-06-22 16:49:42.095 | INFO     | carla_bridge.core.actor_factory:_create_object:365 - Created Static(id=141)
2026-06-22 16:49:42.100 | INFO     | carla_bridge.core.actor_factory:_create_object:365 - Created Static(id=140)
2026-06-22 16:49:42.101 | INFO     | carla_bridge.core.actor_factory:_create_object:365 - Created Static(id=139)
2026-06-22 16:49:42.101 | INFO     | carla_bridge.core.actor_factory:_create_object:365 - Created Static(id=138)
2026-06-22 16:49:42.116 | INFO     | carla_bridge.core.actor_factory:_create_object:365 - Created Static(id=137)
2026-06-22 16:49:42.134 | INFO     | carla_bridge.core.actor_factory:_create_object:365 - Created Static(id=136)
2026-06-22 16:49:42.139 | INFO     | carla_bridge.core.actor_factory:_create_object:365 - Created Static(id=135)
2026-06-22 16:49:42.144 | INFO     | carla_bridge.core.actor_factory:_create_object:365 - Created Static(id=134)
2026-06-22 16:49:42.161 | INFO     | carla_bridge.core.actor_factory:_create_object:365 - Created Static(id=133)
2026-06-22 16:49:42.172 | INFO     | carla_bridge.core.actor_factory:_create_object:365 - Created Static(id=132)
2026-06-22 16:49:42.172 | INFO     | carla_bridge.core.actor_factory:_create_object:365 - Created Static(id=131)
2026-06-22 16:49:42.178 | INFO     | carla_bridge.core.actor_factory:_create_object:365 - Created Static(id=130)
2026-06-22 16:49:42.183 | INFO     | carla_bridge.core.actor_factory:_create_object:365 - Created Static(id=129)
2026-06-22 16:49:42.188 | INFO     | carla_bridge.core.actor_factory:_create_object:365 - Created Static(id=128)
2026-06-22 16:49:42.209 | INFO     | carla_bridge.core.actor_factory:_create_object:365 - Created Static(id=127)
2026-06-22 16:49:42.240 | INFO     | carla_bridge.core.actor_factory:_create_object:365 - Created Static(id=126)
2026-06-22 16:49:42.245 | INFO     | carla_bridge.core.actor_factory:_create_object:365 - Created Static(id=125)
2026-06-22 16:49:42.250 | INFO     | carla_bridge.core.actor_factory:_create_object:365 - Created Static(id=124)
2026-06-22 16:49:42.250 | INFO     | carla_bridge.core.actor_factory:_create_object:365 - Created Static(id=123)
2026-06-22 16:49:42.261 | INFO     | carla_bridge.core.actor_factory:_create_object:365 - Created Static(id=122)
2026-06-22 16:49:42.290 | INFO     | carla_bridge.core.actor_factory:_create_object:365 - Created Static(id=121)
2026-06-22 16:49:42.306 | INFO     | carla_bridge.core.actor_factory:_create_object:365 - Created Static(id=120)
2026-06-22 16:49:42.317 | INFO     | carla_bridge.core.actor_factory:_create_object:365 - Created Static(id=119)
2026-06-22 16:49:42.333 | INFO     | carla_bridge.core.actor_factory:_create_object:365 - Created Static(id=118)
2026-06-22 16:49:42.358 | INFO     | carla_bridge.core.actor_factory:_create_object:365 - Created Static(id=117)
2026-06-22 16:49:42.359 | INFO     | carla_bridge.core.actor_factory:_create_object:365 - Created Static(id=116)
2026-06-22 16:49:42.359 | INFO     | carla_bridge.core.actor_factory:_create_object:365 - Created Static(id=115)
2026-06-22 16:49:42.359 | INFO     | carla_bridge.core.actor_factory:_create_object:365 - Created Static(id=114)
2026-06-22 16:49:42.364 | INFO     | carla_bridge.core.actor_factory:_create_object:365 - Created Static(id=113)
2026-06-22 16:49:42.387 | INFO     | carla_bridge.core.actor_factory:_create_object:365 - Created Static(id=112)
2026-06-22 16:49:42.388 | INFO     | carla_bridge.core.actor_factory:_create_object:365 - Created Static(id=111)
2026-06-22 16:49:42.388 | INFO     | carla_bridge.core.actor_factory:_create_object:365 - Created Static(id=110)
2026-06-22 16:49:42.393 | INFO     | carla_bridge.core.actor_factory:_create_object:365 - Created Static(id=109)
2026-06-22 16:49:42.404 | INFO     | carla_bridge.core.actor_factory:_create_object:365 - Created Static(id=108)
2026-06-22 16:49:42.414 | INFO     | carla_bridge.core.actor_factory:_create_object:365 - Created Static(id=107)
2026-06-22 16:49:42.419 | INFO     | carla_bridge.core.actor_factory:_create_object:365 - Created Static(id=106)
2026-06-22 16:49:42.424 | INFO     | carla_bridge.core.actor_factory:_create_object:365 - Created Static(id=105)
2026-06-22 16:49:42.445 | INFO     | carla_bridge.core.actor_factory:_create_object:365 - Created Static(id=104)
2026-06-22 16:49:42.463 | INFO     | carla_bridge.core.actor_factory:_create_object:365 - Created Static(id=103)
2026-06-22 16:49:42.478 | INFO     | carla_bridge.core.actor_factory:_create_object:365 - Created Static(id=102)
2026-06-22 16:49:42.501 | INFO     | carla_bridge.core.actor_factory:_create_object:365 - Created Static(id=101)
2026-06-22 16:49:42.513 | INFO     | carla_bridge.core.actor_factory:_create_object:365 - Created Static(id=100)
2026-06-22 16:49:42.513 | INFO     | carla_bridge.core.actor_factory:_create_object:365 - Created Static(id=99)
2026-06-22 16:49:42.521 | INFO     | carla_bridge.core.actor_factory:_create_object:365 - Created Static(id=98)
2026-06-22 16:49:42.536 | INFO     | carla_bridge.core.actor_factory:_create_object:365 - Created Static(id=97)
2026-06-22 16:49:42.559 | INFO     | carla_bridge.core.actor_factory:_create_object:365 - Created Static(id=96)
2026-06-22 16:49:42.575 | INFO     | carla_bridge.core.actor_factory:_create_object:365 - Created Static(id=95)
2026-06-22 16:49:42.575 | INFO     | carla_bridge.core.actor_factory:_create_object:365 - Created Static(id=94)
2026-06-22 16:49:42.575 | INFO     | carla_bridge.core.actor_factory:_create_object:365 - Created Static(id=93)
2026-06-22 16:49:42.575 | INFO     | carla_bridge.core.actor_factory:_create_object:365 - Created Static(id=92)
2026-06-22 16:49:42.575 | INFO     | carla_bridge.core.actor_factory:_create_object:365 - Created Static(id=91)
2026-06-22 16:49:42.580 | INFO     | carla_bridge.core.actor_factory:_create_object:365 - Created Static(id=90)
2026-06-22 16:49:42.586 | INFO     | carla_bridge.core.actor_factory:_create_object:365 - Created Static(id=89)
2026-06-22 16:49:42.586 | INFO     | carla_bridge.core.actor_factory:_create_object:365 - Created Static(id=88)
2026-06-22 16:49:42.596 | INFO     | carla_bridge.core.actor_factory:_create_object:365 - Created Static(id=87)
2026-06-22 16:49:42.606 | INFO     | carla_bridge.core.actor_factory:_create_object:365 - Created Static(id=86)
2026-06-22 16:49:42.611 | INFO     | carla_bridge.core.actor_factory:_create_object:365 - Created Static(id=85)
2026-06-22 16:49:42.629 | INFO     | carla_bridge.core.actor_factory:_create_object:365 - Created Static(id=84)
2026-06-22 16:49:42.634 | INFO     | carla_bridge.core.actor_factory:_create_object:365 - Created Static(id=83)
2026-06-22 16:49:42.651 | INFO     | carla_bridge.core.actor_factory:_create_object:365 - Created Static(id=82)
2026-06-22 16:49:42.657 | INFO     | carla_bridge.core.actor_factory:_create_object:365 - Created Traffic(id=81)
2026-06-22 16:49:42.662 | INFO     | carla_bridge.core.actor_factory:_create_object:365 - Created Traffic(id=80)
2026-06-22 16:49:42.662 | INFO     | carla_bridge.core.actor_factory:_create_object:365 - Created Traffic(id=79)
2026-06-22 16:49:42.673 | INFO     | carla_bridge.core.actor_factory:_create_object:365 - Created Traffic(id=78)
2026-06-22 16:49:42.673 | INFO     | carla_bridge.core.actor_factory:_create_object:365 - Created Traffic(id=77)
2026-06-22 16:49:42.699 | INFO     | carla_bridge.core.actor_factory:_create_object:365 - Created Traffic(id=76)
2026-06-22 16:49:42.699 | INFO     | carla_bridge.core.actor_factory:_create_object:365 - Created Traffic(id=75)
2026-06-22 16:49:42.705 | INFO     | carla_bridge.core.actor_factory:_create_object:365 - Created Traffic(id=74)
2026-06-22 16:49:42.705 | INFO     | carla_bridge.core.actor_factory:_create_object:365 - Created Traffic(id=73)
2026-06-22 16:49:42.715 | INFO     | carla_bridge.core.actor_factory:_create_object:365 - Created Traffic(id=72)
2026-06-22 16:49:42.721 | INFO     | carla_bridge.core.actor_factory:_create_object:365 - Created Traffic(id=71)
2026-06-22 16:49:42.726 | INFO     | carla_bridge.core.actor_factory:_create_object:365 - Created Traffic(id=70)
2026-06-22 16:49:42.726 | INFO     | carla_bridge.core.actor_factory:_create_object:365 - Created Traffic(id=69)
2026-06-22 16:49:42.738 | INFO     | carla_bridge.core.actor_factory:_create_object:365 - Created Traffic(id=68)
2026-06-22 16:49:42.739 | INFO     | carla_bridge.core.actor_factory:_create_object:365 - Created Traffic(id=67)
2026-06-22 16:49:42.739 | INFO     | carla_bridge.core.actor_factory:_create_object:365 - Created Traffic(id=66)
2026-06-22 16:49:42.744 | INFO     | carla_bridge.core.actor_factory:_create_object:365 - Created Traffic(id=65)
2026-06-22 16:49:42.749 | INFO     | carla_bridge.core.actor_factory:_create_object:365 - Created Traffic(id=64)
2026-06-22 16:49:42.762 | INFO     | carla_bridge.core.actor_factory:_create_object:365 - Created Traffic(id=63)
2026-06-22 16:49:42.762 | INFO     | carla_bridge.core.actor_factory:_create_object:365 - Created Traffic(id=62)
2026-06-22 16:49:42.767 | INFO     | carla_bridge.core.actor_factory:_create_object:365 - Created Traffic(id=61)
2026-06-22 16:49:42.773 | INFO     | carla_bridge.core.actor_factory:_create_object:365 - Created TrafficLight(id=60)
2026-06-22 16:49:42.778 | INFO     | carla_bridge.core.actor_factory:_create_object:365 - Created TrafficLight(id=59)
2026-06-22 16:49:42.778 | INFO     | carla_bridge.core.actor_factory:_create_object:365 - Created TrafficLight(id=58)
2026-06-22 16:49:42.785 | INFO     | carla_bridge.core.actor_factory:_create_object:365 - Created TrafficLight(id=57)
2026-06-22 16:49:42.834 | INFO     | carla_bridge.core.actor_factory:_create_object:365 - Created TrafficLight(id=56)
2026-06-22 16:49:42.856 | INFO     | carla_bridge.core.actor_factory:_create_object:365 - Created TrafficLight(id=55)
2026-06-22 16:49:42.877 | INFO     | carla_bridge.core.actor_factory:_create_object:365 - Created TrafficLight(id=54)
2026-06-22 16:49:42.925 | INFO     | carla_bridge.core.actor_factory:_create_object:365 - Created TrafficLight(id=53)
2026-06-22 16:49:42.972 | INFO     | carla_bridge.core.actor_factory:_create_object:365 - Created TrafficLight(id=52)
2026-06-22 16:49:42.988 | INFO     | carla_bridge.core.actor_factory:_create_object:365 - Created TrafficLight(id=51)
2026-06-22 16:49:43.004 | INFO     | carla_bridge.core.actor_factory:_create_object:365 - Created TrafficLight(id=50)
2026-06-22 16:49:43.025 | INFO     | carla_bridge.core.actor_factory:_create_object:365 - Created TrafficLight(id=49)
2026-06-22 16:49:43.051 | INFO     | carla_bridge.core.actor_factory:_create_object:365 - Created TrafficLight(id=48)
2026-06-22 16:49:43.057 | INFO     | carla_bridge.core.actor_factory:_create_object:365 - Created TrafficLight(id=47)
2026-06-22 16:49:43.057 | INFO     | carla_bridge.core.actor_factory:_create_object:365 - Created TrafficLight(id=46)
2026-06-22 16:49:43.063 | INFO     | carla_bridge.core.actor_factory:_create_object:365 - Created TrafficLight(id=45)
2026-06-22 16:49:43.068 | INFO     | carla_bridge.core.actor_factory:_create_object:365 - Created TrafficLight(id=44)
2026-06-22 16:49:43.074 | INFO     | carla_bridge.core.actor_factory:_create_object:365 - Created TrafficLight(id=43)
2026-06-22 16:49:43.106 | INFO     | carla_bridge.core.actor_factory:_create_object:365 - Created TrafficLight(id=42)
2026-06-22 16:49:43.111 | INFO     | carla_bridge.core.actor_factory:_create_object:365 - Created TrafficLight(id=41)
2026-06-22 16:49:43.122 | INFO     | carla_bridge.core.actor_factory:_create_object:365 - Created TrafficLight(id=40)
2026-06-22 16:49:43.128 | INFO     | carla_bridge.core.actor_factory:_create_object:365 - Created TrafficLight(id=39)
2026-06-22 16:49:43.128 | INFO     | carla_bridge.core.actor_factory:_create_object:365 - Created TrafficLight(id=38)
2026-06-22 16:49:43.139 | INFO     | carla_bridge.core.actor_factory:_create_object:365 - Created TrafficLight(id=37)
2026-06-22 16:49:43.154 | INFO     | carla_bridge.core.actor_factory:_create_object:365 - Created TrafficLight(id=36)
2026-06-22 16:49:43.159 | INFO     | carla_bridge.core.actor_factory:_create_object:365 - Created TrafficLight(id=35)
2026-06-22 16:49:43.165 | INFO     | carla_bridge.core.actor_factory:_create_object:365 - Created TrafficLight(id=34)
2026-06-22 16:49:43.170 | INFO     | carla_bridge.core.actor_factory:_create_object:365 - Created TrafficLight(id=33)
2026-06-22 16:49:43.170 | INFO     | carla_bridge.core.actor_factory:_create_object:365 - Created TrafficLight(id=32)
2026-06-22 16:49:43.170 | INFO     | carla_bridge.core.actor_factory:_create_object:365 - Created TrafficLight(id=31)
2026-06-22 16:49:43.176 | INFO     | carla_bridge.core.actor_factory:_create_object:365 - Created TrafficLight(id=30)
2026-06-22 16:49:43.181 | INFO     | carla_bridge.core.actor_factory:_create_object:365 - Created TrafficLight(id=29)
2026-06-22 16:49:43.186 | INFO     | carla_bridge.core.actor_factory:_create_object:365 - Created TrafficLight(id=28)
2026-06-22 16:49:43.209 | INFO     | carla_bridge.core.actor_factory:_create_object:365 - Created TrafficLight(id=27)
2026-06-22 16:49:43.214 | INFO     | carla_bridge.core.actor_factory:_create_object:365 - Created TrafficLight(id=26)
2026-06-22 16:49:43.219 | INFO     | carla_bridge.core.actor_factory:_create_object:365 - Created TrafficLight(id=25)
2026-06-22 16:49:43.235 | INFO     | carla_bridge.core.actor_factory:_create_object:365 - Created Spectator(id=24)
2026-06-22 16:49:43.241 | INFO     | carla_bridge.core.actor_factory:_create_object:365 - Created TrafficLightsSensor(id=10000)
2026-06-22 16:49:43.253 | INFO     | carla_bridge.core.actor_factory:_create_object:365 - Created EgoVehicle(id=197)
2026-06-22 16:49:43.253 | DEBUG    | carla_bridge.core.carla_spawn_objects:setup_sensors:144 - sensor: {'type': 'sensor.other.gnss', 'id': 'gnss', 'spawn_point': {'x': 1.0, 'y': 0.0, 'z': 2.0}, 'noise_alt_stddev': 0.0, 'noise_lat_stddev': 0.0, 'noise_lon_stddev': 0.0, 'noise_alt_bias': 0.0, 'noise_lat_bias': 0.0, 'noise_lon_bias': 0.0}, attach: 197
2026-06-22 16:49:43.256 | DEBUG    | carla_bridge.core.carla_spawn_objects:setup_sensors:144 - sensor: {'type': 'sensor.other.imu', 'id': 'gnss/imu', 'spawn_point': {'x': 2.0, 'y': 0.0, 'z': 2.0, 'roll': 0.0, 'pitch': 0.0, 'yaw': 0.0}, 'noise_accel_stddev_x': 0.0, 'noise_accel_stddev_y': 0.0, 'noise_accel_stddev_z': 0.0, 'noise_gyro_stddev_x': 0.0, 'noise_gyro_stddev_y': 0.0, 'noise_gyro_stddev_z': 0.0, 'noise_gyro_bias_x': 0.0, 'noise_gyro_bias_y': 0.0, 'noise_gyro_bias_z': 0.0}, attach: 197
2026-06-22 16:49:43.261 | DEBUG    | carla_bridge.core.carla_spawn_objects:setup_sensors:144 - sensor: {'type': 'sensor.camera.rgb', 'id': 'front_6mm', 'spawn_point': {'x': 2.0, 'y': 0.0, 'z': 2.0, 'roll': 0.0, 'pitch': 0.0, 'yaw': 0.0}, 'image_size_x': 800, 'image_size_y': 600, 'fov': 90.0, 'fstop': 8.0}, attach: 197
2026-06-22 16:49:43.262 | DEBUG    | carla_bridge.core.carla_spawn_objects:setup_sensors:144 - sensor: {'type': 'sensor.camera.rgb', 'id': 'front_12mm', 'spawn_point': {'x': 2.5, 'y': 0.0, 'z': 2.8, 'roll': 0.0, 'pitch': 0.0, 'yaw': 0.0}, 'image_size_x': 800, 'image_size_y': 600, 'focal_distance': 2000, 'fov': 90.0, 'fstop': 8.0}, attach: 197
2026-06-22 16:49:43.263 | DEBUG    | carla_bridge.core.carla_spawn_objects:setup_sensors:144 - sensor: {'type': 'sensor.lidar.ray_cast', 'id': 'velodyne64', 'spawn_point': {'x': 0.0, 'y': 0.0, 'z': 2.4, 'roll': 0.0, 'pitch': 0.0, 'yaw': -90.0}, 'range': 50, 'channels': 64, 'points_per_second': 320000, 'upper_fov': 2.0, 'lower_fov': -26.8, 'rotation_frequency': 10, 'noise_stddev': 0.0}, attach: 197
2026-06-22 16:49:43.263 | DEBUG    | carla_bridge.core.carla_spawn_objects:setup_sensors:144 - sensor: {'type': 'sensor.other.radar', 'id': 'radar/front', 'spawn_point': {'x': 2.0, 'y': 0.0, 'z': 2.0, 'roll': 0.0, 'pitch': 0.0, 'yaw': 0.0}, 'horizontal_fov': 30.0, 'vertical_fov': 10.0, 'points_per_second': 1500, 'range': 100.0}, attach: 197
2026-06-22 16:49:43.264 | INFO     | carla_bridge.core.carla_spawn_objects:spawn_objects:88 - All objects spawned.
2026-06-22 16:49:43.281 | INFO     | carla_bridge.core.actor_factory:_create_object:365 - Created Gnss(id=198)
2026-06-22 16:49:43.282 | INFO     | carla_bridge.core.actor_factory:_create_object:365 - Created ImuSensor(id=199)
2026-06-22 16:49:43.283 | INFO     | carla_bridge.core.actor_factory:_create_object:365 - Created RgbCamera(id=200)
2026-06-22 16:49:43.283 | INFO     | carla_bridge.core.actor_factory:_create_object:365 - Created RgbCamera(id=201)
2026-06-22 16:49:43.284 | INFO     | carla_bridge.core.actor_factory:_create_object:365 - Created Lidar(id=202)
2026-06-22 16:49:43.285 | INFO     | carla_bridge.core.actor_factory:_create_object:365 - Created Radar(id=203)
2026-06-22 16:52:41.143 | WARNING  | __main__:main:242 - Shutting down.
2026-06-22 16:52:41.155 | INFO     | __main__:destroy:185 - Shutting down...
2026-06-22 16:52:41.158 | INFO     | __main__:destroy:191 - Object update finished.
2026-06-22 16:52:41.159 | INFO     | carla_bridge.core.actor_factory:_destroy_object:261 - Removed TrafficLightsSensor(id=10000)
2026-06-22 16:52:41.163 | INFO     | carla_bridge.core.actor_factory:_destroy_object:261 - Removed EgoVehicle(id=197)
2026-06-22 16:52:41.174 | INFO     | carla_bridge.core.actor_factory:_destroy_object:261 - Removed Gnss(id=198)
2026-06-22 16:52:41.183 | INFO     | carla_bridge.core.actor_factory:_destroy_object:261 - Removed ImuSensor(id=199)
2026-06-22 16:52:41.209 | INFO     | carla_bridge.core.actor_factory:_destroy_object:261 - Removed RgbCamera(id=200)
2026-06-22 16:52:41.217 | INFO     | carla_bridge.core.actor_factory:_destroy_object:261 - Removed RgbCamera(id=201)
2026-06-22 16:52:41.219 | INFO     | carla_bridge.core.actor_factory:_destroy_object:261 - Removed Lidar(id=202)
2026-06-22 16:52:41.221 | INFO     | carla_bridge.core.actor_factory:_destroy_object:261 - Removed Radar(id=203)
2026-06-22 16:52:43.561 | INFO     | __main__:main:213 - Trying to connect to 127.0.0.1:2000
2026-06-22 16:52:45.469 | INFO     | __main__:main:226 - Connect to 127.0.0.1:2000 successfully.
2026-06-22 16:52:45.744 | DEBUG    | carla_bridge.core.carla_spawn_objects:setup_sensors:144 - sensor: {'type': 'sensor.pseudo.traffic_lights', 'id': 'traffic_lights'}, attach: None
2026-06-22 16:52:45.744 | INFO     | carla_bridge.core.carla_spawn_objects:setup_vehicles:111 - Spawn point from configuration file
2026-06-22 16:52:45.758 | INFO     | carla_bridge.core.actor_factory:_create_object:365 - Created Static(id=376)
2026-06-22 16:52:45.774 | INFO     | carla_bridge.core.actor_factory:_create_object:365 - Created Static(id=375)
2026-06-22 16:52:45.792 | INFO     | carla_bridge.core.actor_factory:_create_object:365 - Created Static(id=374)
2026-06-22 16:52:45.802 | INFO     | carla_bridge.core.actor_factory:_create_object:365 - Created Static(id=373)
2026-06-22 16:52:45.808 | INFO     | carla_bridge.core.actor_factory:_create_object:365 - Created Static(id=372)
2026-06-22 16:52:45.813 | INFO     | carla_bridge.core.actor_factory:_create_object:365 - Created Static(id=371)
2026-06-22 16:52:45.813 | INFO     | carla_bridge.core.actor_factory:_create_object:365 - Created Static(id=370)
2026-06-22 16:52:45.834 | INFO     | carla_bridge.core.actor_factory:_create_object:365 - Created Static(id=369)
2026-06-22 16:52:45.844 | INFO     | carla_bridge.core.actor_factory:_create_object:365 - Created Static(id=368)
2026-06-22 16:52:45.860 | INFO     | carla_bridge.core.actor_factory:_create_object:365 - Created Static(id=367)
2026-06-22 16:52:45.870 | INFO     | carla_bridge.core.actor_factory:_create_object:365 - Created Static(id=366)
2026-06-22 16:52:45.870 | INFO     | carla_bridge.core.actor_factory:_create_object:365 - Created Static(id=365)
2026-06-22 16:52:45.871 | INFO     | carla_bridge.core.actor_factory:_create_object:365 - Created Static(id=364)
2026-06-22 16:52:45.871 | INFO     | carla_bridge.core.actor_factory:_create_object:365 - Created Static(id=363)
2026-06-22 16:52:45.876 | INFO     | carla_bridge.core.actor_factory:_create_object:365 - Created Static(id=362)
2026-06-22 16:52:45.881 | INFO     | carla_bridge.core.actor_factory:_create_object:365 - Created Static(id=361)
2026-06-22 16:52:45.886 | INFO     | carla_bridge.core.actor_factory:_create_object:365 - Created Static(id=360)
2026-06-22 16:52:45.892 | INFO     | carla_bridge.core.actor_factory:_create_object:365 - Created Static(id=359)
2026-06-22 16:52:45.897 | INFO     | carla_bridge.core.actor_factory:_create_object:365 - Created Static(id=358)
2026-06-22 16:52:45.912 | INFO     | carla_bridge.core.actor_factory:_create_object:365 - Created Static(id=357)
2026-06-22 16:52:45.941 | INFO     | carla_bridge.core.actor_factory:_create_object:365 - Created Static(id=356)
2026-06-22 16:52:45.972 | INFO     | carla_bridge.core.actor_factory:_create_object:365 - Created Static(id=355)
2026-06-22 16:52:45.982 | INFO     | carla_bridge.core.actor_factory:_create_object:365 - Created Static(id=354)
2026-06-22 16:52:45.982 | INFO     | carla_bridge.core.actor_factory:_create_object:365 - Created Static(id=353)
2026-06-22 16:52:45.983 | INFO     | carla_bridge.core.actor_factory:_create_object:365 - Created Static(id=352)
2026-06-22 16:52:45.998 | INFO     | carla_bridge.core.actor_factory:_create_object:365 - Created Static(id=351)
2026-06-22 16:52:46.009 | INFO     | carla_bridge.core.actor_factory:_create_object:365 - Created Static(id=350)
2026-06-22 16:52:46.019 | INFO     | carla_bridge.core.actor_factory:_create_object:365 - Created Static(id=349)
2026-06-22 16:52:46.019 | INFO     | carla_bridge.core.actor_factory:_create_object:365 - Created Static(id=348)
2026-06-22 16:52:46.025 | INFO     | carla_bridge.core.actor_factory:_create_object:365 - Created Static(id=347)
2026-06-22 16:52:46.025 | INFO     | carla_bridge.core.actor_factory:_create_object:365 - Created Static(id=346)
2026-06-22 16:52:46.045 | INFO     | carla_bridge.core.actor_factory:_create_object:365 - Created Static(id=345)
2026-06-22 16:52:46.051 | INFO     | carla_bridge.core.actor_factory:_create_object:365 - Created Static(id=344)
2026-06-22 16:52:46.086 | INFO     | carla_bridge.core.actor_factory:_create_object:365 - Created Static(id=343)
2026-06-22 16:52:46.096 | INFO     | carla_bridge.core.actor_factory:_create_object:365 - Created Static(id=342)
2026-06-22 16:52:46.107 | INFO     | carla_bridge.core.actor_factory:_create_object:365 - Created Static(id=341)
2026-06-22 16:52:46.112 | INFO     | carla_bridge.core.actor_factory:_create_object:365 - Created Static(id=340)
2026-06-22 16:52:46.122 | INFO     | carla_bridge.core.actor_factory:_create_object:365 - Created Static(id=339)
2026-06-22 16:52:46.135 | INFO     | carla_bridge.core.actor_factory:_create_object:365 - Created Static(id=338)
2026-06-22 16:52:46.151 | INFO     | carla_bridge.core.actor_factory:_create_object:365 - Created Static(id=337)
2026-06-22 16:52:46.168 | INFO     | carla_bridge.core.actor_factory:_create_object:365 - Created Static(id=336)
2026-06-22 16:52:46.191 | INFO     | carla_bridge.core.actor_factory:_create_object:365 - Created Static(id=335)
2026-06-22 16:52:46.206 | INFO     | carla_bridge.core.actor_factory:_create_object:365 - Created Static(id=334)
2026-06-22 16:52:46.222 | INFO     | carla_bridge.core.actor_factory:_create_object:365 - Created Static(id=333)
2026-06-22 16:52:46.233 | INFO     | carla_bridge.core.actor_factory:_create_object:365 - Created Static(id=332)
2026-06-22 16:52:46.243 | INFO     | carla_bridge.core.actor_factory:_create_object:365 - Created Static(id=331)
2026-06-22 16:52:46.254 | INFO     | carla_bridge.core.actor_factory:_create_object:365 - Created Static(id=330)
2026-06-22 16:52:46.264 | INFO     | carla_bridge.core.actor_factory:_create_object:365 - Created Static(id=329)
2026-06-22 16:52:46.274 | INFO     | carla_bridge.core.actor_factory:_create_object:365 - Created Static(id=328)
2026-06-22 16:52:46.290 | INFO     | carla_bridge.core.actor_factory:_create_object:365 - Created Static(id=327)
2026-06-22 16:52:46.300 | INFO     | carla_bridge.core.actor_factory:_create_object:365 - Created Static(id=326)
2026-06-22 16:52:46.306 | INFO     | carla_bridge.core.actor_factory:_create_object:365 - Created Static(id=325)
2026-06-22 16:52:46.311 | INFO     | carla_bridge.core.actor_factory:_create_object:365 - Created Static(id=324)
2026-06-22 16:52:46.334 | INFO     | carla_bridge.core.actor_factory:_create_object:365 - Created Static(id=323)
2026-06-22 16:52:46.339 | INFO     | carla_bridge.core.actor_factory:_create_object:365 - Created Static(id=322)
2026-06-22 16:52:46.339 | INFO     | carla_bridge.core.actor_factory:_create_object:365 - Created Static(id=321)
2026-06-22 16:52:46.360 | INFO     | carla_bridge.core.actor_factory:_create_object:365 - Created Static(id=320)
2026-06-22 16:52:46.370 | INFO     | carla_bridge.core.actor_factory:_create_object:365 - Created Static(id=319)
2026-06-22 16:52:46.381 | INFO     | carla_bridge.core.actor_factory:_create_object:365 - Created Static(id=318)
2026-06-22 16:52:46.391 | INFO     | carla_bridge.core.actor_factory:_create_object:365 - Created Static(id=317)
2026-06-22 16:52:46.409 | INFO     | carla_bridge.core.actor_factory:_create_object:365 - Created Static(id=316)
2026-06-22 16:52:46.414 | INFO     | carla_bridge.core.actor_factory:_create_object:365 - Created Static(id=315)
2026-06-22 16:52:46.419 | INFO     | carla_bridge.core.actor_factory:_create_object:365 - Created Static(id=314)
2026-06-22 16:52:46.430 | INFO     | carla_bridge.core.actor_factory:_create_object:365 - Created Static(id=313)
2026-06-22 16:52:46.447 | INFO     | carla_bridge.core.actor_factory:_create_object:365 - Created Static(id=312)
2026-06-22 16:52:46.490 | INFO     | carla_bridge.core.actor_factory:_create_object:365 - Created Static(id=311)
2026-06-22 16:52:46.506 | INFO     | carla_bridge.core.actor_factory:_create_object:365 - Created Static(id=310)
2026-06-22 16:52:46.532 | INFO     | carla_bridge.core.actor_factory:_create_object:365 - Created Static(id=309)
2026-06-22 16:52:46.552 | INFO     | carla_bridge.core.actor_factory:_create_object:365 - Created Static(id=308)
2026-06-22 16:52:46.563 | INFO     | carla_bridge.core.actor_factory:_create_object:365 - Created Static(id=307)
2026-06-22 16:52:46.578 | INFO     | carla_bridge.core.actor_factory:_create_object:365 - Created Static(id=306)
2026-06-22 16:52:46.589 | INFO     | carla_bridge.core.actor_factory:_create_object:365 - Created Static(id=305)
2026-06-22 16:52:46.612 | INFO     | carla_bridge.core.actor_factory:_create_object:365 - Created Static(id=304)
2026-06-22 16:52:46.627 | INFO     | carla_bridge.core.actor_factory:_create_object:365 - Created Static(id=303)
2026-06-22 16:52:46.648 | INFO     | carla_bridge.core.actor_factory:_create_object:365 - Created Static(id=302)
2026-06-22 16:52:46.658 | INFO     | carla_bridge.core.actor_factory:_create_object:365 - Created Static(id=301)
2026-06-22 16:52:46.674 | INFO     | carla_bridge.core.actor_factory:_create_object:365 - Created Static(id=300)
2026-06-22 16:52:46.686 | INFO     | carla_bridge.core.actor_factory:_create_object:365 - Created Static(id=299)
2026-06-22 16:52:46.697 | INFO     | carla_bridge.core.actor_factory:_create_object:365 - Created Static(id=298)
2026-06-22 16:52:46.719 | INFO     | carla_bridge.core.actor_factory:_create_object:365 - Created Static(id=297)
2026-06-22 16:52:46.725 | INFO     | carla_bridge.core.actor_factory:_create_object:365 - Created Static(id=296)
2026-06-22 16:52:46.740 | INFO     | carla_bridge.core.actor_factory:_create_object:365 - Created Static(id=295)
2026-06-22 16:52:46.758 | INFO     | carla_bridge.core.actor_factory:_create_object:365 - Created Static(id=294)
2026-06-22 16:52:46.791 | INFO     | carla_bridge.core.actor_factory:_create_object:365 - Created Static(id=293)
2026-06-22 16:52:46.801 | INFO     | carla_bridge.core.actor_factory:_create_object:365 - Created Static(id=292)
2026-06-22 16:52:46.821 | INFO     | carla_bridge.core.actor_factory:_create_object:365 - Created Static(id=291)
2026-06-22 16:52:46.848 | INFO     | carla_bridge.core.actor_factory:_create_object:365 - Created Static(id=290)
2026-06-22 16:52:46.864 | INFO     | carla_bridge.core.actor_factory:_create_object:365 - Created Static(id=289)
2026-06-22 16:52:46.884 | INFO     | carla_bridge.core.actor_factory:_create_object:365 - Created Static(id=288)
2026-06-22 16:52:46.897 | INFO     | carla_bridge.core.actor_factory:_create_object:365 - Created Static(id=287)
2026-06-22 16:52:46.902 | INFO     | carla_bridge.core.actor_factory:_create_object:365 - Created Static(id=286)
2026-06-22 16:52:46.907 | INFO     | carla_bridge.core.actor_factory:_create_object:365 - Created Static(id=285)
2026-06-22 16:52:46.908 | INFO     | carla_bridge.core.actor_factory:_create_object:365 - Created Static(id=284)
2026-06-22 16:52:46.913 | INFO     | carla_bridge.core.actor_factory:_create_object:365 - Created Static(id=283)
2026-06-22 16:52:46.918 | INFO     | carla_bridge.core.actor_factory:_create_object:365 - Created Static(id=282)
2026-06-22 16:52:46.929 | INFO     | carla_bridge.core.actor_factory:_create_object:365 - Created Static(id=281)
2026-06-22 16:52:46.934 | INFO     | carla_bridge.core.actor_factory:_create_object:365 - Created Static(id=280)
2026-06-22 16:52:46.960 | INFO     | carla_bridge.core.actor_factory:_create_object:365 - Created Static(id=279)
2026-06-22 16:52:46.970 | INFO     | carla_bridge.core.actor_factory:_create_object:365 - Created Static(id=278)
2026-06-22 16:52:46.981 | INFO     | carla_bridge.core.actor_factory:_create_object:365 - Created Static(id=277)
2026-06-22 16:52:46.986 | INFO     | carla_bridge.core.actor_factory:_create_object:365 - Created Static(id=276)
2026-06-22 16:52:46.992 | INFO     | carla_bridge.core.actor_factory:_create_object:365 - Created Static(id=275)
2026-06-22 16:52:47.004 | INFO     | carla_bridge.core.actor_factory:_create_object:365 - Created Static(id=274)
2026-06-22 16:52:47.010 | INFO     | carla_bridge.core.actor_factory:_create_object:365 - Created Static(id=273)
2026-06-22 16:52:47.020 | INFO     | carla_bridge.core.actor_factory:_create_object:365 - Created Static(id=272)
2026-06-22 16:52:47.031 | INFO     | carla_bridge.core.actor_factory:_create_object:365 - Created Static(id=271)
2026-06-22 16:52:47.041 | INFO     | carla_bridge.core.actor_factory:_create_object:365 - Created Static(id=270)
2026-06-22 16:52:47.046 | INFO     | carla_bridge.core.actor_factory:_create_object:365 - Created Static(id=269)
2026-06-22 16:52:47.051 | INFO     | carla_bridge.core.actor_factory:_create_object:365 - Created Static(id=268)
2026-06-22 16:52:47.064 | INFO     | carla_bridge.core.actor_factory:_create_object:365 - Created Static(id=267)
2026-06-22 16:52:47.074 | INFO     | carla_bridge.core.actor_factory:_create_object:365 - Created Static(id=266)
2026-06-22 16:52:47.090 | INFO     | carla_bridge.core.actor_factory:_create_object:365 - Created Static(id=265)
2026-06-22 16:52:47.110 | INFO     | carla_bridge.core.actor_factory:_create_object:365 - Created Static(id=264)
2026-06-22 16:52:47.120 | INFO     | carla_bridge.core.actor_factory:_create_object:365 - Created Static(id=263)
2026-06-22 16:52:47.126 | INFO     | carla_bridge.core.actor_factory:_create_object:365 - Created Static(id=262)
2026-06-22 16:52:47.141 | INFO     | carla_bridge.core.actor_factory:_create_object:365 - Created Traffic(id=261)
2026-06-22 16:52:47.157 | INFO     | carla_bridge.core.actor_factory:_create_object:365 - Created Traffic(id=260)
2026-06-22 16:52:47.162 | INFO     | carla_bridge.core.actor_factory:_create_object:365 - Created Traffic(id=259)
2026-06-22 16:52:47.198 | INFO     | carla_bridge.core.actor_factory:_create_object:365 - Created Traffic(id=258)
2026-06-22 16:52:47.219 | INFO     | carla_bridge.core.actor_factory:_create_object:365 - Created Traffic(id=257)
2026-06-22 16:52:47.232 | INFO     | carla_bridge.core.actor_factory:_create_object:365 - Created Traffic(id=256)
2026-06-22 16:52:47.232 | INFO     | carla_bridge.core.actor_factory:_create_object:365 - Created Traffic(id=255)
2026-06-22 16:52:47.233 | INFO     | carla_bridge.core.actor_factory:_create_object:365 - Created Traffic(id=254)
2026-06-22 16:52:47.245 | INFO     | carla_bridge.core.actor_factory:_create_object:365 - Created Traffic(id=253)
2026-06-22 16:52:47.251 | INFO     | carla_bridge.core.actor_factory:_create_object:365 - Created Traffic(id=252)
2026-06-22 16:52:47.256 | INFO     | carla_bridge.core.actor_factory:_create_object:365 - Created Traffic(id=251)
2026-06-22 16:52:47.262 | INFO     | carla_bridge.core.actor_factory:_create_object:365 - Created Traffic(id=250)
2026-06-22 16:52:47.267 | INFO     | carla_bridge.core.actor_factory:_create_object:365 - Created Traffic(id=249)
2026-06-22 16:52:47.267 | INFO     | carla_bridge.core.actor_factory:_create_object:365 - Created Traffic(id=248)
2026-06-22 16:52:47.277 | INFO     | carla_bridge.core.actor_factory:_create_object:365 - Created Traffic(id=247)
2026-06-22 16:52:47.288 | INFO     | carla_bridge.core.actor_factory:_create_object:365 - Created Traffic(id=246)
2026-06-22 16:52:47.288 | INFO     | carla_bridge.core.actor_factory:_create_object:365 - Created Traffic(id=245)
2026-06-22 16:52:47.298 | INFO     | carla_bridge.core.actor_factory:_create_object:365 - Created Traffic(id=244)
2026-06-22 16:52:47.304 | INFO     | carla_bridge.core.actor_factory:_create_object:365 - Created Traffic(id=243)
2026-06-22 16:52:47.309 | INFO     | carla_bridge.core.actor_factory:_create_object:365 - Created Traffic(id=242)
2026-06-22 16:52:47.314 | INFO     | carla_bridge.core.actor_factory:_create_object:365 - Created Traffic(id=241)
2026-06-22 16:52:47.330 | INFO     | carla_bridge.core.actor_factory:_create_object:365 - Created TrafficLight(id=240)
2026-06-22 16:52:47.351 | INFO     | carla_bridge.core.actor_factory:_create_object:365 - Created TrafficLight(id=239)
2026-06-22 16:52:47.366 | INFO     | carla_bridge.core.actor_factory:_create_object:365 - Created TrafficLight(id=238)
2026-06-22 16:52:47.384 | INFO     | carla_bridge.core.actor_factory:_create_object:365 - Created TrafficLight(id=237)
2026-06-22 16:52:47.399 | INFO     | carla_bridge.core.actor_factory:_create_object:365 - Created TrafficLight(id=236)
2026-06-22 16:52:47.425 | INFO     | carla_bridge.core.actor_factory:_create_object:365 - Created TrafficLight(id=235)
2026-06-22 16:52:47.425 | INFO     | carla_bridge.core.actor_factory:_create_object:365 - Created TrafficLight(id=234)
2026-06-22 16:52:47.431 | INFO     | carla_bridge.core.actor_factory:_create_object:365 - Created TrafficLight(id=233)
2026-06-22 16:52:47.431 | INFO     | carla_bridge.core.actor_factory:_create_object:365 - Created TrafficLight(id=232)
2026-06-22 16:52:47.446 | INFO     | carla_bridge.core.actor_factory:_create_object:365 - Created TrafficLight(id=231)
2026-06-22 16:52:47.464 | INFO     | carla_bridge.core.actor_factory:_create_object:365 - Created TrafficLight(id=230)
2026-06-22 16:52:47.465 | INFO     | carla_bridge.core.actor_factory:_create_object:365 - Created TrafficLight(id=229)
2026-06-22 16:52:47.485 | INFO     | carla_bridge.core.actor_factory:_create_object:365 - Created TrafficLight(id=228)
2026-06-22 16:52:47.491 | INFO     | carla_bridge.core.actor_factory:_create_object:365 - Created TrafficLight(id=227)
2026-06-22 16:52:47.517 | INFO     | carla_bridge.core.actor_factory:_create_object:365 - Created TrafficLight(id=226)
2026-06-22 16:52:47.522 | INFO     | carla_bridge.core.actor_factory:_create_object:365 - Created TrafficLight(id=225)
2026-06-22 16:52:47.533 | INFO     | carla_bridge.core.actor_factory:_create_object:365 - Created TrafficLight(id=224)
2026-06-22 16:52:47.544 | INFO     | carla_bridge.core.actor_factory:_create_object:365 - Created TrafficLight(id=223)
2026-06-22 16:52:47.561 | INFO     | carla_bridge.core.actor_factory:_create_object:365 - Created TrafficLight(id=222)
2026-06-22 16:52:47.561 | INFO     | carla_bridge.core.actor_factory:_create_object:365 - Created TrafficLight(id=221)
2026-06-22 16:52:47.572 | INFO     | carla_bridge.core.actor_factory:_create_object:365 - Created TrafficLight(id=220)
2026-06-22 16:52:47.582 | INFO     | carla_bridge.core.actor_factory:_create_object:365 - Created TrafficLight(id=219)
2026-06-22 16:52:47.606 | INFO     | carla_bridge.core.actor_factory:_create_object:365 - Created TrafficLight(id=218)
2026-06-22 16:52:47.611 | INFO     | carla_bridge.core.actor_factory:_create_object:365 - Created TrafficLight(id=217)
2026-06-22 16:52:47.611 | INFO     | carla_bridge.core.actor_factory:_create_object:365 - Created TrafficLight(id=216)
2026-06-22 16:52:47.611 | INFO     | carla_bridge.core.actor_factory:_create_object:365 - Created TrafficLight(id=215)
2026-06-22 16:52:47.624 | INFO     | carla_bridge.core.actor_factory:_create_object:365 - Created TrafficLight(id=214)
2026-06-22 16:52:47.624 | INFO     | carla_bridge.core.actor_factory:_create_object:365 - Created TrafficLight(id=213)
2026-06-22 16:52:47.629 | INFO     | carla_bridge.core.actor_factory:_create_object:365 - Created TrafficLight(id=212)
2026-06-22 16:52:47.635 | INFO     | carla_bridge.core.actor_factory:_create_object:365 - Created TrafficLight(id=211)
2026-06-22 16:52:47.635 | INFO     | carla_bridge.core.actor_factory:_create_object:365 - Created TrafficLight(id=210)
2026-06-22 16:52:47.645 | INFO     | carla_bridge.core.actor_factory:_create_object:365 - Created TrafficLight(id=209)
2026-06-22 16:52:47.645 | INFO     | carla_bridge.core.actor_factory:_create_object:365 - Created TrafficLight(id=208)
2026-06-22 16:52:47.651 | INFO     | carla_bridge.core.actor_factory:_create_object:365 - Created TrafficLight(id=207)
2026-06-22 16:52:47.656 | INFO     | carla_bridge.core.actor_factory:_create_object:365 - Created TrafficLight(id=206)
2026-06-22 16:52:47.666 | INFO     | carla_bridge.core.actor_factory:_create_object:365 - Created TrafficLight(id=205)
2026-06-22 16:52:47.679 | INFO     | carla_bridge.core.actor_factory:_create_object:365 - Created Spectator(id=204)
2026-06-22 16:52:47.685 | INFO     | carla_bridge.core.actor_factory:_create_object:365 - Created TrafficLightsSensor(id=10000)
2026-06-22 16:52:47.697 | INFO     | carla_bridge.core.actor_factory:_create_object:365 - Created EgoVehicle(id=377)
2026-06-22 16:52:47.697 | DEBUG    | carla_bridge.core.carla_spawn_objects:setup_sensors:144 - sensor: {'type': 'sensor.other.gnss', 'id': 'gnss', 'spawn_point': {'x': 1.0, 'y': 0.0, 'z': 2.0}, 'noise_alt_stddev': 0.0, 'noise_lat_stddev': 0.0, 'noise_lon_stddev': 0.0, 'noise_alt_bias': 0.0, 'noise_lat_bias': 0.0, 'noise_lon_bias': 0.0}, attach: 377
2026-06-22 16:52:47.701 | DEBUG    | carla_bridge.core.carla_spawn_objects:setup_sensors:144 - sensor: {'type': 'sensor.other.imu', 'id': 'gnss/imu', 'spawn_point': {'x': 2.0, 'y': 0.0, 'z': 2.0, 'roll': 0.0, 'pitch': 0.0, 'yaw': 0.0}, 'noise_accel_stddev_x': 0.0, 'noise_accel_stddev_y': 0.0, 'noise_accel_stddev_z': 0.0, 'noise_gyro_stddev_x': 0.0, 'noise_gyro_stddev_y': 0.0, 'noise_gyro_stddev_z': 0.0, 'noise_gyro_bias_x': 0.0, 'noise_gyro_bias_y': 0.0, 'noise_gyro_bias_z': 0.0}, attach: 377
2026-06-22 16:52:47.705 | DEBUG    | carla_bridge.core.carla_spawn_objects:setup_sensors:144 - sensor: {'type': 'sensor.camera.rgb', 'id': 'front_6mm', 'spawn_point': {'x': 2.0, 'y': 0.0, 'z': 2.0, 'roll': 0.0, 'pitch': 0.0, 'yaw': 0.0}, 'image_size_x': 800, 'image_size_y': 600, 'fov': 90.0, 'fstop': 8.0}, attach: 377
2026-06-22 16:52:47.707 | DEBUG    | carla_bridge.core.carla_spawn_objects:setup_sensors:144 - sensor: {'type': 'sensor.camera.rgb', 'id': 'front_12mm', 'spawn_point': {'x': 2.5, 'y': 0.0, 'z': 2.8, 'roll': 0.0, 'pitch': 0.0, 'yaw': 0.0}, 'image_size_x': 800, 'image_size_y': 600, 'focal_distance': 2000, 'fov': 90.0, 'fstop': 8.0}, attach: 377
2026-06-22 16:52:47.707 | DEBUG    | carla_bridge.core.carla_spawn_objects:setup_sensors:144 - sensor: {'type': 'sensor.lidar.ray_cast', 'id': 'velodyne64', 'spawn_point': {'x': 0.0, 'y': 0.0, 'z': 2.4, 'roll': 0.0, 'pitch': 0.0, 'yaw': -90.0}, 'range': 50, 'channels': 64, 'points_per_second': 320000, 'upper_fov': 2.0, 'lower_fov': -26.8, 'rotation_frequency': 10, 'noise_stddev': 0.0}, attach: 377
2026-06-22 16:52:47.707 | DEBUG    | carla_bridge.core.carla_spawn_objects:setup_sensors:144 - sensor: {'type': 'sensor.other.radar', 'id': 'radar/front', 'spawn_point': {'x': 2.0, 'y': 0.0, 'z': 2.0, 'roll': 0.0, 'pitch': 0.0, 'yaw': 0.0}, 'horizontal_fov': 30.0, 'vertical_fov': 10.0, 'points_per_second': 1500, 'range': 100.0}, attach: 377
2026-06-22 16:52:47.708 | INFO     | carla_bridge.core.carla_spawn_objects:spawn_objects:88 - All objects spawned.
2026-06-22 16:52:47.721 | INFO     | carla_bridge.core.actor_factory:_create_object:365 - Created Gnss(id=378)
2026-06-22 16:52:47.722 | INFO     | carla_bridge.core.actor_factory:_create_object:365 - Created ImuSensor(id=379)
2026-06-22 16:52:47.723 | INFO     | carla_bridge.core.actor_factory:_create_object:365 - Created RgbCamera(id=380)
2026-06-22 16:52:47.724 | INFO     | carla_bridge.core.actor_factory:_create_object:365 - Created RgbCamera(id=381)
2026-06-22 16:52:47.724 | INFO     | carla_bridge.core.actor_factory:_create_object:365 - Created Lidar(id=382)
2026-06-22 16:52:47.725 | INFO     | carla_bridge.core.actor_factory:_create_object:365 - Created Radar(id=383)
2026-06-22 16:54:30.420 | WARNING  | __main__:main:242 - Shutting down.
2026-06-22 16:54:30.425 | INFO     | __main__:destroy:185 - Shutting down...
2026-06-22 16:54:30.484 | INFO     | __main__:destroy:191 - Object update finished.
2026-06-22 16:54:30.485 | INFO     | carla_bridge.core.actor_factory:_destroy_object:261 - Removed TrafficLightsSensor(id=10000)
2026-06-22 16:54:30.488 | INFO     | carla_bridge.core.actor_factory:_destroy_object:261 - Removed EgoVehicle(id=377)
2026-06-22 16:54:30.497 | INFO     | carla_bridge.core.actor_factory:_destroy_object:261 - Removed Gnss(id=378)
2026-06-22 16:54:30.507 | INFO     | carla_bridge.core.actor_factory:_destroy_object:261 - Removed ImuSensor(id=379)
2026-06-22 16:54:30.532 | INFO     | carla_bridge.core.actor_factory:_destroy_object:261 - Removed RgbCamera(id=380)
2026-06-22 16:54:30.542 | INFO     | carla_bridge.core.actor_factory:_destroy_object:261 - Removed RgbCamera(id=381)
2026-06-22 16:54:30.544 | INFO     | carla_bridge.core.actor_factory:_destroy_object:261 - Removed Lidar(id=382)
2026-06-22 16:54:30.547 | INFO     | carla_bridge.core.actor_factory:_destroy_object:261 - Removed Radar(id=383)
2026-06-22 16:54:34.079 | INFO     | __main__:main:213 - Trying to connect to 127.0.0.1:2000
2026-06-22 16:54:36.022 | INFO     | __main__:main:226 - Connect to 127.0.0.1:2000 successfully.
2026-06-22 16:54:36.293 | DEBUG    | carla_bridge.core.carla_spawn_objects:setup_sensors:144 - sensor: {'type': 'sensor.pseudo.traffic_lights', 'id': 'traffic_lights'}, attach: None
2026-06-22 16:54:36.293 | INFO     | carla_bridge.core.carla_spawn_objects:setup_vehicles:111 - Spawn point from configuration file
2026-06-22 16:54:36.307 | INFO     | carla_bridge.core.actor_factory:_create_object:365 - Created Static(id=556)
2026-06-22 16:54:36.317 | INFO     | carla_bridge.core.actor_factory:_create_object:365 - Created Static(id=555)
2026-06-22 16:54:36.335 | INFO     | carla_bridge.core.actor_factory:_create_object:365 - Created Static(id=554)
2026-06-22 16:54:36.351 | INFO     | carla_bridge.core.actor_factory:_create_object:365 - Created Static(id=553)
2026-06-22 16:54:36.374 | INFO     | carla_bridge.core.actor_factory:_create_object:365 - Created Static(id=552)
2026-06-22 16:54:36.384 | INFO     | carla_bridge.core.actor_factory:_create_object:365 - Created Static(id=551)
2026-06-22 16:54:36.399 | INFO     | carla_bridge.core.actor_factory:_create_object:365 - Created Static(id=550)
2026-06-22 16:54:36.415 | INFO     | carla_bridge.core.actor_factory:_create_object:365 - Created Static(id=549)
2026-06-22 16:54:36.432 | INFO     | carla_bridge.core.actor_factory:_create_object:365 - Created Static(id=548)
2026-06-22 16:54:36.450 | INFO     | carla_bridge.core.actor_factory:_create_object:365 - Created Static(id=547)
2026-06-22 16:54:36.461 | INFO     | carla_bridge.core.actor_factory:_create_object:365 - Created Static(id=546)
2026-06-22 16:54:36.466 | INFO     | carla_bridge.core.actor_factory:_create_object:365 - Created Static(id=545)
2026-06-22 16:54:36.471 | INFO     | carla_bridge.core.actor_factory:_create_object:365 - Created Static(id=544)
2026-06-22 16:54:36.492 | INFO     | carla_bridge.core.actor_factory:_create_object:365 - Created Static(id=543)
2026-06-22 16:54:36.502 | INFO     | carla_bridge.core.actor_factory:_create_object:365 - Created Static(id=542)
2026-06-22 16:54:36.508 | INFO     | carla_bridge.core.actor_factory:_create_object:365 - Created Static(id=541)
2026-06-22 16:54:36.513 | INFO     | carla_bridge.core.actor_factory:_create_object:365 - Created Static(id=540)
2026-06-22 16:54:36.531 | INFO     | carla_bridge.core.actor_factory:_create_object:365 - Created Static(id=539)
2026-06-22 16:54:36.559 | INFO     | carla_bridge.core.actor_factory:_create_object:365 - Created Static(id=538)
2026-06-22 16:54:36.564 | INFO     | carla_bridge.core.actor_factory:_create_object:365 - Created Static(id=537)
2026-06-22 16:54:36.592 | INFO     | carla_bridge.core.actor_factory:_create_object:365 - Created Static(id=536)
2026-06-22 16:54:36.598 | INFO     | carla_bridge.core.actor_factory:_create_object:365 - Created Static(id=535)
2026-06-22 16:54:36.615 | INFO     | carla_bridge.core.actor_factory:_create_object:365 - Created Static(id=534)
2026-06-22 16:54:36.641 | INFO     | carla_bridge.core.actor_factory:_create_object:365 - Created Static(id=533)
2026-06-22 16:54:36.662 | INFO     | carla_bridge.core.actor_factory:_create_object:365 - Created Static(id=532)
2026-06-22 16:54:36.673 | INFO     | carla_bridge.core.actor_factory:_create_object:365 - Created Static(id=531)
2026-06-22 16:54:36.673 | INFO     | carla_bridge.core.actor_factory:_create_object:365 - Created Static(id=530)
2026-06-22 16:54:36.673 | INFO     | carla_bridge.core.actor_factory:_create_object:365 - Created Static(id=529)
2026-06-22 16:54:36.679 | INFO     | carla_bridge.core.actor_factory:_create_object:365 - Created Static(id=528)
2026-06-22 16:54:36.684 | INFO     | carla_bridge.core.actor_factory:_create_object:365 - Created Static(id=527)
2026-06-22 16:54:36.700 | INFO     | carla_bridge.core.actor_factory:_create_object:365 - Created Static(id=526)
2026-06-22 16:54:36.710 | INFO     | carla_bridge.core.actor_factory:_create_object:365 - Created Static(id=525)
2026-06-22 16:54:36.715 | INFO     | carla_bridge.core.actor_factory:_create_object:365 - Created Static(id=524)
2026-06-22 16:54:36.726 | INFO     | carla_bridge.core.actor_factory:_create_object:365 - Created Static(id=523)
2026-06-22 16:54:36.736 | INFO     | carla_bridge.core.actor_factory:_create_object:365 - Created Static(id=522)
2026-06-22 16:54:36.752 | INFO     | carla_bridge.core.actor_factory:_create_object:365 - Created Static(id=521)
2026-06-22 16:54:36.762 | INFO     | carla_bridge.core.actor_factory:_create_object:365 - Created Static(id=520)
2026-06-22 16:54:36.778 | INFO     | carla_bridge.core.actor_factory:_create_object:365 - Created Static(id=519)
2026-06-22 16:54:36.796 | INFO     | carla_bridge.core.actor_factory:_create_object:365 - Created Static(id=518)
2026-06-22 16:54:36.823 | INFO     | carla_bridge.core.actor_factory:_create_object:365 - Created Static(id=517)
2026-06-22 16:54:36.834 | INFO     | carla_bridge.core.actor_factory:_create_object:365 - Created Static(id=516)
2026-06-22 16:54:36.857 | INFO     | carla_bridge.core.actor_factory:_create_object:365 - Created Static(id=515)
2026-06-22 16:54:36.872 | INFO     | carla_bridge.core.actor_factory:_create_object:365 - Created Static(id=514)
2026-06-22 16:54:36.883 | INFO     | carla_bridge.core.actor_factory:_create_object:365 - Created Static(id=513)
2026-06-22 16:54:36.895 | INFO     | carla_bridge.core.actor_factory:_create_object:365 - Created Static(id=512)
2026-06-22 16:54:36.911 | INFO     | carla_bridge.core.actor_factory:_create_object:365 - Created Static(id=511)
2026-06-22 16:54:36.911 | INFO     | carla_bridge.core.actor_factory:_create_object:365 - Created Static(id=510)
2026-06-22 16:54:36.924 | INFO     | carla_bridge.core.actor_factory:_create_object:365 - Created Static(id=509)
2026-06-22 16:54:36.924 | INFO     | carla_bridge.core.actor_factory:_create_object:365 - Created Static(id=508)
2026-06-22 16:54:36.929 | INFO     | carla_bridge.core.actor_factory:_create_object:365 - Created Static(id=507)
2026-06-22 16:54:36.940 | INFO     | carla_bridge.core.actor_factory:_create_object:365 - Created Static(id=506)
2026-06-22 16:54:36.962 | INFO     | carla_bridge.core.actor_factory:_create_object:365 - Created Static(id=505)
2026-06-22 16:54:36.978 | INFO     | carla_bridge.core.actor_factory:_create_object:365 - Created Static(id=504)
2026-06-22 16:54:37.001 | INFO     | carla_bridge.core.actor_factory:_create_object:365 - Created Static(id=503)
2026-06-22 16:54:37.024 | INFO     | carla_bridge.core.actor_factory:_create_object:365 - Created Static(id=502)
2026-06-22 16:54:37.034 | INFO     | carla_bridge.core.actor_factory:_create_object:365 - Created Static(id=501)
2026-06-22 16:54:37.039 | INFO     | carla_bridge.core.actor_factory:_create_object:365 - Created Static(id=500)
2026-06-22 16:54:37.047 | INFO     | carla_bridge.core.actor_factory:_create_object:365 - Created Static(id=499)
2026-06-22 16:54:37.052 | INFO     | carla_bridge.core.actor_factory:_create_object:365 - Created Static(id=498)
2026-06-22 16:54:37.063 | INFO     | carla_bridge.core.actor_factory:_create_object:365 - Created Static(id=497)
2026-06-22 16:54:37.080 | INFO     | carla_bridge.core.actor_factory:_create_object:365 - Created Static(id=496)
2026-06-22 16:54:37.098 | INFO     | carla_bridge.core.actor_factory:_create_object:365 - Created Static(id=495)
2026-06-22 16:54:37.098 | INFO     | carla_bridge.core.actor_factory:_create_object:365 - Created Static(id=494)
2026-06-22 16:54:37.104 | INFO     | carla_bridge.core.actor_factory:_create_object:365 - Created Static(id=493)
2026-06-22 16:54:37.111 | INFO     | carla_bridge.core.actor_factory:_create_object:365 - Created Static(id=492)
2026-06-22 16:54:37.111 | INFO     | carla_bridge.core.actor_factory:_create_object:365 - Created Static(id=491)
2026-06-22 16:54:37.122 | INFO     | carla_bridge.core.actor_factory:_create_object:365 - Created Static(id=490)
2026-06-22 16:54:37.132 | INFO     | carla_bridge.core.actor_factory:_create_object:365 - Created Static(id=489)
2026-06-22 16:54:37.155 | INFO     | carla_bridge.core.actor_factory:_create_object:365 - Created Static(id=488)
2026-06-22 16:54:37.172 | INFO     | carla_bridge.core.actor_factory:_create_object:365 - Created Static(id=487)
2026-06-22 16:54:37.173 | INFO     | carla_bridge.core.actor_factory:_create_object:365 - Created Static(id=486)
2026-06-22 16:54:37.185 | INFO     | carla_bridge.core.actor_factory:_create_object:365 - Created Static(id=485)
2026-06-22 16:54:37.206 | INFO     | carla_bridge.core.actor_factory:_create_object:365 - Created Static(id=484)
2026-06-22 16:54:37.223 | INFO     | carla_bridge.core.actor_factory:_create_object:365 - Created Static(id=483)
2026-06-22 16:54:37.234 | INFO     | carla_bridge.core.actor_factory:_create_object:365 - Created Static(id=482)
2026-06-22 16:54:37.259 | INFO     | carla_bridge.core.actor_factory:_create_object:365 - Created Static(id=481)
2026-06-22 16:54:37.270 | INFO     | carla_bridge.core.actor_factory:_create_object:365 - Created Static(id=480)
2026-06-22 16:54:37.275 | INFO     | carla_bridge.core.actor_factory:_create_object:365 - Created Static(id=479)
2026-06-22 16:54:37.281 | INFO     | carla_bridge.core.actor_factory:_create_object:365 - Created Static(id=478)
2026-06-22 16:54:37.293 | INFO     | carla_bridge.core.actor_factory:_create_object:365 - Created Static(id=477)
2026-06-22 16:54:37.314 | INFO     | carla_bridge.core.actor_factory:_create_object:365 - Created Static(id=476)
2026-06-22 16:54:37.324 | INFO     | carla_bridge.core.actor_factory:_create_object:365 - Created Static(id=475)
2026-06-22 16:54:37.330 | INFO     | carla_bridge.core.actor_factory:_create_object:365 - Created Static(id=474)
2026-06-22 16:54:37.335 | INFO     | carla_bridge.core.actor_factory:_create_object:365 - Created Static(id=473)
2026-06-22 16:54:37.350 | INFO     | carla_bridge.core.actor_factory:_create_object:365 - Created Static(id=472)
2026-06-22 16:54:37.361 | INFO     | carla_bridge.core.actor_factory:_create_object:365 - Created Static(id=471)
2026-06-22 16:54:37.372 | INFO     | carla_bridge.core.actor_factory:_create_object:365 - Created Static(id=470)
2026-06-22 16:54:37.377 | INFO     | carla_bridge.core.actor_factory:_create_object:365 - Created Static(id=469)
2026-06-22 16:54:37.394 | INFO     | carla_bridge.core.actor_factory:_create_object:365 - Created Static(id=468)
2026-06-22 16:54:37.405 | INFO     | carla_bridge.core.actor_factory:_create_object:365 - Created Static(id=467)
2026-06-22 16:54:37.420 | INFO     | carla_bridge.core.actor_factory:_create_object:365 - Created Static(id=466)
2026-06-22 16:54:37.431 | INFO     | carla_bridge.core.actor_factory:_create_object:365 - Created Static(id=465)
2026-06-22 16:54:37.459 | INFO     | carla_bridge.core.actor_factory:_create_object:365 - Created Static(id=464)
2026-06-22 16:54:37.474 | INFO     | carla_bridge.core.actor_factory:_create_object:365 - Created Static(id=463)
2026-06-22 16:54:37.485 | INFO     | carla_bridge.core.actor_factory:_create_object:365 - Created Static(id=462)
2026-06-22 16:54:37.495 | INFO     | carla_bridge.core.actor_factory:_create_object:365 - Created Static(id=461)
2026-06-22 16:54:37.500 | INFO     | carla_bridge.core.actor_factory:_create_object:365 - Created Static(id=460)
2026-06-22 16:54:37.521 | INFO     | carla_bridge.core.actor_factory:_create_object:365 - Created Static(id=459)
2026-06-22 16:54:37.521 | INFO     | carla_bridge.core.actor_factory:_create_object:365 - Created Static(id=458)
2026-06-22 16:54:37.522 | INFO     | carla_bridge.core.actor_factory:_create_object:365 - Created Static(id=457)
2026-06-22 16:54:37.537 | INFO     | carla_bridge.core.actor_factory:_create_object:365 - Created Static(id=456)
2026-06-22 16:54:37.547 | INFO     | carla_bridge.core.actor_factory:_create_object:365 - Created Static(id=455)
2026-06-22 16:54:37.560 | INFO     | carla_bridge.core.actor_factory:_create_object:365 - Created Static(id=454)
2026-06-22 16:54:37.576 | INFO     | carla_bridge.core.actor_factory:_create_object:365 - Created Static(id=453)
2026-06-22 16:54:37.586 | INFO     | carla_bridge.core.actor_factory:_create_object:365 - Created Static(id=452)
2026-06-22 16:54:37.599 | INFO     | carla_bridge.core.actor_factory:_create_object:365 - Created Static(id=451)
2026-06-22 16:54:37.609 | INFO     | carla_bridge.core.actor_factory:_create_object:365 - Created Static(id=450)
2026-06-22 16:54:37.625 | INFO     | carla_bridge.core.actor_factory:_create_object:365 - Created Static(id=449)
2026-06-22 16:54:37.635 | INFO     | carla_bridge.core.actor_factory:_create_object:365 - Created Static(id=448)
2026-06-22 16:54:37.640 | INFO     | carla_bridge.core.actor_factory:_create_object:365 - Created Static(id=447)
2026-06-22 16:54:37.646 | INFO     | carla_bridge.core.actor_factory:_create_object:365 - Created Static(id=446)
2026-06-22 16:54:37.656 | INFO     | carla_bridge.core.actor_factory:_create_object:365 - Created Static(id=445)
2026-06-22 16:54:37.668 | INFO     | carla_bridge.core.actor_factory:_create_object:365 - Created Static(id=444)
2026-06-22 16:54:37.679 | INFO     | carla_bridge.core.actor_factory:_create_object:365 - Created Static(id=443)
2026-06-22 16:54:37.689 | INFO     | carla_bridge.core.actor_factory:_create_object:365 - Created Static(id=442)
2026-06-22 16:54:37.702 | INFO     | carla_bridge.core.actor_factory:_create_object:365 - Created Traffic(id=441)
2026-06-22 16:54:37.707 | INFO     | carla_bridge.core.actor_factory:_create_object:365 - Created Traffic(id=440)
2026-06-22 16:54:37.717 | INFO     | carla_bridge.core.actor_factory:_create_object:365 - Created Traffic(id=439)
2026-06-22 16:54:37.730 | INFO     | carla_bridge.core.actor_factory:_create_object:365 - Created Traffic(id=438)
2026-06-22 16:54:37.740 | INFO     | carla_bridge.core.actor_factory:_create_object:365 - Created Traffic(id=437)
2026-06-22 16:54:37.756 | INFO     | carla_bridge.core.actor_factory:_create_object:365 - Created Traffic(id=436)
2026-06-22 16:54:37.777 | INFO     | carla_bridge.core.actor_factory:_create_object:365 - Created Traffic(id=435)
2026-06-22 16:54:37.787 | INFO     | carla_bridge.core.actor_factory:_create_object:365 - Created Traffic(id=434)
2026-06-22 16:54:37.787 | INFO     | carla_bridge.core.actor_factory:_create_object:365 - Created Traffic(id=433)
2026-06-22 16:54:37.800 | INFO     | carla_bridge.core.actor_factory:_create_object:365 - Created Traffic(id=432)
2026-06-22 16:54:37.821 | INFO     | carla_bridge.core.actor_factory:_create_object:365 - Created Traffic(id=431)
2026-06-22 16:54:37.826 | INFO     | carla_bridge.core.actor_factory:_create_object:365 - Created Traffic(id=430)
2026-06-22 16:54:37.826 | INFO     | carla_bridge.core.actor_factory:_create_object:365 - Created Traffic(id=429)
2026-06-22 16:54:37.832 | INFO     | carla_bridge.core.actor_factory:_create_object:365 - Created Traffic(id=428)
2026-06-22 16:54:37.852 | INFO     | carla_bridge.core.actor_factory:_create_object:365 - Created Traffic(id=427)
2026-06-22 16:54:37.853 | INFO     | carla_bridge.core.actor_factory:_create_object:365 - Created Traffic(id=426)
2026-06-22 16:54:37.870 | INFO     | carla_bridge.core.actor_factory:_create_object:365 - Created Traffic(id=425)
2026-06-22 16:54:37.886 | INFO     | carla_bridge.core.actor_factory:_create_object:365 - Created Traffic(id=424)
2026-06-22 16:54:37.891 | INFO     | carla_bridge.core.actor_factory:_create_object:365 - Created Traffic(id=423)
2026-06-22 16:54:37.892 | INFO     | carla_bridge.core.actor_factory:_create_object:365 - Created Traffic(id=422)
2026-06-22 16:54:37.897 | INFO     | carla_bridge.core.actor_factory:_create_object:365 - Created Traffic(id=421)
2026-06-22 16:54:37.930 | INFO     | carla_bridge.core.actor_factory:_create_object:365 - Created TrafficLight(id=420)
2026-06-22 16:54:37.945 | INFO     | carla_bridge.core.actor_factory:_create_object:365 - Created TrafficLight(id=419)
2026-06-22 16:54:37.963 | INFO     | carla_bridge.core.actor_factory:_create_object:365 - Created TrafficLight(id=418)
2026-06-22 16:54:37.989 | INFO     | carla_bridge.core.actor_factory:_create_object:365 - Created TrafficLight(id=417)
2026-06-22 16:54:38.001 | INFO     | carla_bridge.core.actor_factory:_create_object:365 - Created TrafficLight(id=416)
2026-06-22 16:54:38.012 | INFO     | carla_bridge.core.actor_factory:_create_object:365 - Created TrafficLight(id=415)
2026-06-22 16:54:38.022 | INFO     | carla_bridge.core.actor_factory:_create_object:365 - Created TrafficLight(id=414)
2026-06-22 16:54:38.022 | INFO     | carla_bridge.core.actor_factory:_create_object:365 - Created TrafficLight(id=413)
2026-06-22 16:54:38.040 | INFO     | carla_bridge.core.actor_factory:_create_object:365 - Created TrafficLight(id=412)
2026-06-22 16:54:38.057 | INFO     | carla_bridge.core.actor_factory:_create_object:365 - Created TrafficLight(id=411)
2026-06-22 16:54:38.068 | INFO     | carla_bridge.core.actor_factory:_create_object:365 - Created TrafficLight(id=410)
2026-06-22 16:54:38.078 | INFO     | carla_bridge.core.actor_factory:_create_object:365 - Created TrafficLight(id=409)
2026-06-22 16:54:38.084 | INFO     | carla_bridge.core.actor_factory:_create_object:365 - Created TrafficLight(id=408)
2026-06-22 16:54:38.094 | INFO     | carla_bridge.core.actor_factory:_create_object:365 - Created TrafficLight(id=407)
2026-06-22 16:54:38.099 | INFO     | carla_bridge.core.actor_factory:_create_object:365 - Created TrafficLight(id=406)
2026-06-22 16:54:38.105 | INFO     | carla_bridge.core.actor_factory:_create_object:365 - Created TrafficLight(id=405)
2026-06-22 16:54:38.115 | INFO     | carla_bridge.core.actor_factory:_create_object:365 - Created TrafficLight(id=404)
2026-06-22 16:54:38.143 | INFO     | carla_bridge.core.actor_factory:_create_object:365 - Created TrafficLight(id=403)
2026-06-22 16:54:38.148 | INFO     | carla_bridge.core.actor_factory:_create_object:365 - Created TrafficLight(id=402)
2026-06-22 16:54:38.164 | INFO     | carla_bridge.core.actor_factory:_create_object:365 - Created TrafficLight(id=401)
2026-06-22 16:54:38.197 | INFO     | carla_bridge.core.actor_factory:_create_object:365 - Created TrafficLight(id=400)
2026-06-22 16:54:38.213 | INFO     | carla_bridge.core.actor_factory:_create_object:365 - Created TrafficLight(id=399)
2026-06-22 16:54:38.213 | INFO     | carla_bridge.core.actor_factory:_create_object:365 - Created TrafficLight(id=398)
2026-06-22 16:54:38.230 | INFO     | carla_bridge.core.actor_factory:_create_object:365 - Created TrafficLight(id=397)
2026-06-22 16:54:38.243 | INFO     | carla_bridge.core.actor_factory:_create_object:365 - Created TrafficLight(id=396)
2026-06-22 16:54:38.263 | INFO     | carla_bridge.core.actor_factory:_create_object:365 - Created TrafficLight(id=395)
2026-06-22 16:54:38.274 | INFO     | carla_bridge.core.actor_factory:_create_object:365 - Created TrafficLight(id=394)
2026-06-22 16:54:38.295 | INFO     | carla_bridge.core.actor_factory:_create_object:365 - Created TrafficLight(id=393)
2026-06-22 16:54:38.315 | INFO     | carla_bridge.core.actor_factory:_create_object:365 - Created TrafficLight(id=392)
2026-06-22 16:54:38.326 | INFO     | carla_bridge.core.actor_factory:_create_object:365 - Created TrafficLight(id=391)
2026-06-22 16:54:38.336 | INFO     | carla_bridge.core.actor_factory:_create_object:365 - Created TrafficLight(id=390)
2026-06-22 16:54:38.342 | INFO     | carla_bridge.core.actor_factory:_create_object:365 - Created TrafficLight(id=389)
2026-06-22 16:54:38.355 | INFO     | carla_bridge.core.actor_factory:_create_object:365 - Created TrafficLight(id=388)
2026-06-22 16:54:38.383 | INFO     | carla_bridge.core.actor_factory:_create_object:365 - Created TrafficLight(id=387)
2026-06-22 16:54:38.390 | INFO     | carla_bridge.core.actor_factory:_create_object:365 - Created TrafficLight(id=386)
2026-06-22 16:54:38.397 | INFO     | carla_bridge.core.actor_factory:_create_object:365 - Created TrafficLight(id=385)
2026-06-22 16:54:38.403 | INFO     | carla_bridge.core.actor_factory:_create_object:365 - Created Spectator(id=384)
2026-06-22 16:54:38.408 | INFO     | carla_bridge.core.actor_factory:_create_object:365 - Created TrafficLightsSensor(id=10000)
2026-06-22 16:54:38.421 | INFO     | carla_bridge.core.actor_factory:_create_object:365 - Created EgoVehicle(id=557)
2026-06-22 16:54:38.421 | DEBUG    | carla_bridge.core.carla_spawn_objects:setup_sensors:144 - sensor: {'type': 'sensor.other.gnss', 'id': 'gnss', 'spawn_point': {'x': 1.0, 'y': 0.0, 'z': 2.0}, 'noise_alt_stddev': 0.0, 'noise_lat_stddev': 0.0, 'noise_lon_stddev': 0.0, 'noise_alt_bias': 0.0, 'noise_lat_bias': 0.0, 'noise_lon_bias': 0.0}, attach: 557
2026-06-22 16:54:38.426 | DEBUG    | carla_bridge.core.carla_spawn_objects:setup_sensors:144 - sensor: {'type': 'sensor.other.imu', 'id': 'gnss/imu', 'spawn_point': {'x': 2.0, 'y': 0.0, 'z': 2.0, 'roll': 0.0, 'pitch': 0.0, 'yaw': 0.0}, 'noise_accel_stddev_x': 0.0, 'noise_accel_stddev_y': 0.0, 'noise_accel_stddev_z': 0.0, 'noise_gyro_stddev_x': 0.0, 'noise_gyro_stddev_y': 0.0, 'noise_gyro_stddev_z': 0.0, 'noise_gyro_bias_x': 0.0, 'noise_gyro_bias_y': 0.0, 'noise_gyro_bias_z': 0.0}, attach: 557
2026-06-22 16:54:38.431 | DEBUG    | carla_bridge.core.carla_spawn_objects:setup_sensors:144 - sensor: {'type': 'sensor.camera.rgb', 'id': 'front_6mm', 'spawn_point': {'x': 2.0, 'y': 0.0, 'z': 2.0, 'roll': 0.0, 'pitch': 0.0, 'yaw': 0.0}, 'image_size_x': 800, 'image_size_y': 600, 'fov': 90.0, 'fstop': 8.0}, attach: 557
2026-06-22 16:54:38.431 | DEBUG    | carla_bridge.core.carla_spawn_objects:setup_sensors:144 - sensor: {'type': 'sensor.camera.rgb', 'id': 'front_12mm', 'spawn_point': {'x': 2.5, 'y': 0.0, 'z': 2.8, 'roll': 0.0, 'pitch': 0.0, 'yaw': 0.0}, 'image_size_x': 800, 'image_size_y': 600, 'focal_distance': 2000, 'fov': 90.0, 'fstop': 8.0}, attach: 557
2026-06-22 16:54:38.432 | DEBUG    | carla_bridge.core.carla_spawn_objects:setup_sensors:144 - sensor: {'type': 'sensor.lidar.ray_cast', 'id': 'velodyne64', 'spawn_point': {'x': 0.0, 'y': 0.0, 'z': 2.4, 'roll': 0.0, 'pitch': 0.0, 'yaw': -90.0}, 'range': 50, 'channels': 64, 'points_per_second': 320000, 'upper_fov': 2.0, 'lower_fov': -26.8, 'rotation_frequency': 10, 'noise_stddev': 0.0}, attach: 557
2026-06-22 16:54:38.432 | DEBUG    | carla_bridge.core.carla_spawn_objects:setup_sensors:144 - sensor: {'type': 'sensor.other.radar', 'id': 'radar/front', 'spawn_point': {'x': 2.0, 'y': 0.0, 'z': 2.0, 'roll': 0.0, 'pitch': 0.0, 'yaw': 0.0}, 'horizontal_fov': 30.0, 'vertical_fov': 10.0, 'points_per_second': 1500, 'range': 100.0}, attach: 557
2026-06-22 16:54:38.433 | INFO     | carla_bridge.core.carla_spawn_objects:spawn_objects:88 - All objects spawned.
2026-06-22 16:54:38.446 | INFO     | carla_bridge.core.actor_factory:_create_object:365 - Created Gnss(id=558)
2026-06-22 16:54:38.446 | INFO     | carla_bridge.core.actor_factory:_create_object:365 - Created ImuSensor(id=559)
2026-06-22 16:54:38.447 | INFO     | carla_bridge.core.actor_factory:_create_object:365 - Created RgbCamera(id=560)
2026-06-22 16:54:38.448 | INFO     | carla_bridge.core.actor_factory:_create_object:365 - Created RgbCamera(id=561)
2026-06-22 16:54:38.449 | INFO     | carla_bridge.core.actor_factory:_create_object:365 - Created Lidar(id=562)
2026-06-22 16:54:38.450 | INFO     | carla_bridge.core.actor_factory:_create_object:365 - Created Radar(id=563)
2026-06-22 16:56:47.252 | WARNING  | __main__:main:242 - Shutting down.
2026-06-22 16:56:47.269 | INFO     | __main__:destroy:185 - Shutting down...
2026-06-22 16:56:47.289 | INFO     | __main__:destroy:191 - Object update finished.
2026-06-22 16:56:47.290 | INFO     | carla_bridge.core.actor_factory:_destroy_object:261 - Removed TrafficLightsSensor(id=10000)
2026-06-22 16:56:47.307 | INFO     | carla_bridge.core.actor_factory:_destroy_object:261 - Removed EgoVehicle(id=557)
2026-06-22 16:56:47.328 | INFO     | carla_bridge.core.actor_factory:_destroy_object:261 - Removed Gnss(id=558)
2026-06-22 16:56:47.352 | INFO     | carla_bridge.core.actor_factory:_destroy_object:261 - Removed ImuSensor(id=559)
2026-06-22 16:56:47.384 | INFO     | carla_bridge.core.actor_factory:_destroy_object:261 - Removed RgbCamera(id=560)
2026-06-22 16:56:47.390 | INFO     | carla_bridge.core.actor_factory:_destroy_object:261 - Removed RgbCamera(id=561)
2026-06-22 16:56:47.391 | INFO     | carla_bridge.core.actor_factory:_destroy_object:261 - Removed Lidar(id=562)
2026-06-22 16:56:47.392 | INFO     | carla_bridge.core.actor_factory:_destroy_object:261 - Removed Radar(id=563)
2026-06-22 16:56:50.346 | INFO     | __main__:main:213 - Trying to connect to 127.0.0.1:2000
2026-06-22 16:56:52.263 | INFO     | __main__:main:226 - Connect to 127.0.0.1:2000 successfully.
2026-06-22 16:56:52.530 | DEBUG    | carla_bridge.core.carla_spawn_objects:setup_sensors:144 - sensor: {'type': 'sensor.pseudo.traffic_lights', 'id': 'traffic_lights'}, attach: None
2026-06-22 16:56:52.531 | INFO     | carla_bridge.core.carla_spawn_objects:setup_vehicles:111 - Spawn point from configuration file
2026-06-22 16:56:52.547 | INFO     | carla_bridge.core.actor_factory:_create_object:365 - Created Static(id=736)
2026-06-22 16:56:52.557 | INFO     | carla_bridge.core.actor_factory:_create_object:365 - Created Static(id=735)
2026-06-22 16:56:52.562 | INFO     | carla_bridge.core.actor_factory:_create_object:365 - Created Static(id=734)
2026-06-22 16:56:52.588 | INFO     | carla_bridge.core.actor_factory:_create_object:365 - Created Static(id=733)
2026-06-22 16:56:52.599 | INFO     | carla_bridge.core.actor_factory:_create_object:365 - Created Static(id=732)
2026-06-22 16:56:52.599 | INFO     | carla_bridge.core.actor_factory:_create_object:365 - Created Static(id=731)
2026-06-22 16:56:52.604 | INFO     | carla_bridge.core.actor_factory:_create_object:365 - Created Static(id=730)
2026-06-22 16:56:52.620 | INFO     | carla_bridge.core.actor_factory:_create_object:365 - Created Static(id=729)
2026-06-22 16:56:52.638 | INFO     | carla_bridge.core.actor_factory:_create_object:365 - Created Static(id=728)
2026-06-22 16:56:52.653 | INFO     | carla_bridge.core.actor_factory:_create_object:365 - Created Static(id=727)
2026-06-22 16:56:52.658 | INFO     | carla_bridge.core.actor_factory:_create_object:365 - Created Static(id=726)
2026-06-22 16:56:52.669 | INFO     | carla_bridge.core.actor_factory:_create_object:365 - Created Static(id=725)
2026-06-22 16:56:52.679 | INFO     | carla_bridge.core.actor_factory:_create_object:365 - Created Static(id=724)
2026-06-22 16:56:52.689 | INFO     | carla_bridge.core.actor_factory:_create_object:365 - Created Static(id=723)
2026-06-22 16:56:52.695 | INFO     | carla_bridge.core.actor_factory:_create_object:365 - Created Static(id=722)
2026-06-22 16:56:52.710 | INFO     | carla_bridge.core.actor_factory:_create_object:365 - Created Static(id=721)
2026-06-22 16:56:52.715 | INFO     | carla_bridge.core.actor_factory:_create_object:365 - Created Static(id=720)
2026-06-22 16:56:52.721 | INFO     | carla_bridge.core.actor_factory:_create_object:365 - Created Static(id=719)
2026-06-22 16:56:52.743 | INFO     | carla_bridge.core.actor_factory:_create_object:365 - Created Static(id=718)
2026-06-22 16:56:52.744 | INFO     | carla_bridge.core.actor_factory:_create_object:365 - Created Static(id=717)
2026-06-22 16:56:52.744 | INFO     | carla_bridge.core.actor_factory:_create_object:365 - Created Static(id=716)
2026-06-22 16:56:52.764 | INFO     | carla_bridge.core.actor_factory:_create_object:365 - Created Static(id=715)
2026-06-22 16:56:52.770 | INFO     | carla_bridge.core.actor_factory:_create_object:365 - Created Static(id=714)
2026-06-22 16:56:52.775 | INFO     | carla_bridge.core.actor_factory:_create_object:365 - Created Static(id=713)
2026-06-22 16:56:52.785 | INFO     | carla_bridge.core.actor_factory:_create_object:365 - Created Static(id=712)
2026-06-22 16:56:52.791 | INFO     | carla_bridge.core.actor_factory:_create_object:365 - Created Static(id=711)
2026-06-22 16:56:52.796 | INFO     | carla_bridge.core.actor_factory:_create_object:365 - Created Static(id=710)
2026-06-22 16:56:52.801 | INFO     | carla_bridge.core.actor_factory:_create_object:365 - Created Static(id=709)
2026-06-22 16:56:52.824 | INFO     | carla_bridge.core.actor_factory:_create_object:365 - Created Static(id=708)
2026-06-22 16:56:52.834 | INFO     | carla_bridge.core.actor_factory:_create_object:365 - Created Static(id=707)
2026-06-22 16:56:52.839 | INFO     | carla_bridge.core.actor_factory:_create_object:365 - Created Static(id=706)
2026-06-22 16:56:52.850 | INFO     | carla_bridge.core.actor_factory:_create_object:365 - Created Static(id=705)
2026-06-22 16:56:52.862 | INFO     | carla_bridge.core.actor_factory:_create_object:365 - Created Static(id=704)
2026-06-22 16:56:52.872 | INFO     | carla_bridge.core.actor_factory:_create_object:365 - Created Static(id=703)
2026-06-22 16:56:52.898 | INFO     | carla_bridge.core.actor_factory:_create_object:365 - Created Static(id=702)
2026-06-22 16:56:52.916 | INFO     | carla_bridge.core.actor_factory:_create_object:365 - Created Static(id=701)
2026-06-22 16:56:52.926 | INFO     | carla_bridge.core.actor_factory:_create_object:365 - Created Static(id=700)
2026-06-22 16:56:52.944 | INFO     | carla_bridge.core.actor_factory:_create_object:365 - Created Static(id=699)
2026-06-22 16:56:52.949 | INFO     | carla_bridge.core.actor_factory:_create_object:365 - Created Static(id=698)
2026-06-22 16:56:52.954 | INFO     | carla_bridge.core.actor_factory:_create_object:365 - Created Static(id=697)
2026-06-22 16:56:52.977 | INFO     | carla_bridge.core.actor_factory:_create_object:365 - Created Static(id=696)
2026-06-22 16:56:52.987 | INFO     | carla_bridge.core.actor_factory:_create_object:365 - Created Static(id=695)
2026-06-22 16:56:53.010 | INFO     | carla_bridge.core.actor_factory:_create_object:365 - Created Static(id=694)
2026-06-22 16:56:53.036 | INFO     | carla_bridge.core.actor_factory:_create_object:365 - Created Static(id=693)
2026-06-22 16:56:53.046 | INFO     | carla_bridge.core.actor_factory:_create_object:365 - Created Static(id=692)
2026-06-22 16:56:53.057 | INFO     | carla_bridge.core.actor_factory:_create_object:365 - Created Static(id=691)
2026-06-22 16:56:53.074 | INFO     | carla_bridge.core.actor_factory:_create_object:365 - Created Static(id=690)
2026-06-22 16:56:53.075 | INFO     | carla_bridge.core.actor_factory:_create_object:365 - Created Static(id=689)
2026-06-22 16:56:53.087 | INFO     | carla_bridge.core.actor_factory:_create_object:365 - Created Static(id=688)
2026-06-22 16:56:53.107 | INFO     | carla_bridge.core.actor_factory:_create_object:365 - Created Static(id=687)
2026-06-22 16:56:53.108 | INFO     | carla_bridge.core.actor_factory:_create_object:365 - Created Static(id=686)
2026-06-22 16:56:53.125 | INFO     | carla_bridge.core.actor_factory:_create_object:365 - Created Static(id=685)
2026-06-22 16:56:53.135 | INFO     | carla_bridge.core.actor_factory:_create_object:365 - Created Static(id=684)
2026-06-22 16:56:53.141 | INFO     | carla_bridge.core.actor_factory:_create_object:365 - Created Static(id=683)
2026-06-22 16:56:53.151 | INFO     | carla_bridge.core.actor_factory:_create_object:365 - Created Static(id=682)
2026-06-22 16:56:53.162 | INFO     | carla_bridge.core.actor_factory:_create_object:365 - Created Static(id=681)
2026-06-22 16:56:53.167 | INFO     | carla_bridge.core.actor_factory:_create_object:365 - Created Static(id=680)
2026-06-22 16:56:53.172 | INFO     | carla_bridge.core.actor_factory:_create_object:365 - Created Static(id=679)
2026-06-22 16:56:53.172 | INFO     | carla_bridge.core.actor_factory:_create_object:365 - Created Static(id=678)
2026-06-22 16:56:53.178 | INFO     | carla_bridge.core.actor_factory:_create_object:365 - Created Static(id=677)
2026-06-22 16:56:53.200 | INFO     | carla_bridge.core.actor_factory:_create_object:365 - Created Static(id=676)
2026-06-22 16:56:53.211 | INFO     | carla_bridge.core.actor_factory:_create_object:365 - Created Static(id=675)
2026-06-22 16:56:53.233 | INFO     | carla_bridge.core.actor_factory:_create_object:365 - Created Static(id=674)
2026-06-22 16:56:53.249 | INFO     | carla_bridge.core.actor_factory:_create_object:365 - Created Static(id=673)
2026-06-22 16:56:53.267 | INFO     | carla_bridge.core.actor_factory:_create_object:365 - Created Static(id=672)
2026-06-22 16:56:53.267 | INFO     | carla_bridge.core.actor_factory:_create_object:365 - Created Static(id=671)
2026-06-22 16:56:53.277 | INFO     | carla_bridge.core.actor_factory:_create_object:365 - Created Static(id=670)
2026-06-22 16:56:53.288 | INFO     | carla_bridge.core.actor_factory:_create_object:365 - Created Static(id=669)
2026-06-22 16:56:53.293 | INFO     | carla_bridge.core.actor_factory:_create_object:365 - Created Static(id=668)
2026-06-22 16:56:53.303 | INFO     | carla_bridge.core.actor_factory:_create_object:365 - Created Static(id=667)
2026-06-22 16:56:53.314 | INFO     | carla_bridge.core.actor_factory:_create_object:365 - Created Static(id=666)
2026-06-22 16:56:53.340 | INFO     | carla_bridge.core.actor_factory:_create_object:365 - Created Static(id=665)
2026-06-22 16:56:53.361 | INFO     | carla_bridge.core.actor_factory:_create_object:365 - Created Static(id=664)
2026-06-22 16:56:53.373 | INFO     | carla_bridge.core.actor_factory:_create_object:365 - Created Static(id=663)
2026-06-22 16:56:53.383 | INFO     | carla_bridge.core.actor_factory:_create_object:365 - Created Static(id=662)
2026-06-22 16:56:53.389 | INFO     | carla_bridge.core.actor_factory:_create_object:365 - Created Static(id=661)
2026-06-22 16:56:53.401 | INFO     | carla_bridge.core.actor_factory:_create_object:365 - Created Static(id=660)
2026-06-22 16:56:53.412 | INFO     | carla_bridge.core.actor_factory:_create_object:365 - Created Static(id=659)
2026-06-22 16:56:53.417 | INFO     | carla_bridge.core.actor_factory:_create_object:365 - Created Static(id=658)
2026-06-22 16:56:53.430 | INFO     | carla_bridge.core.actor_factory:_create_object:365 - Created Static(id=657)
2026-06-22 16:56:53.440 | INFO     | carla_bridge.core.actor_factory:_create_object:365 - Created Static(id=656)
2026-06-22 16:56:53.446 | INFO     | carla_bridge.core.actor_factory:_create_object:365 - Created Static(id=655)
2026-06-22 16:56:53.456 | INFO     | carla_bridge.core.actor_factory:_create_object:365 - Created Static(id=654)
2026-06-22 16:56:53.477 | INFO     | carla_bridge.core.actor_factory:_create_object:365 - Created Static(id=653)
2026-06-22 16:56:53.487 | INFO     | carla_bridge.core.actor_factory:_create_object:365 - Created Static(id=652)
2026-06-22 16:56:53.515 | INFO     | carla_bridge.core.actor_factory:_create_object:365 - Created Static(id=651)
2026-06-22 16:56:53.527 | INFO     | carla_bridge.core.actor_factory:_create_object:365 - Created Static(id=650)
2026-06-22 16:56:53.545 | INFO     | carla_bridge.core.actor_factory:_create_object:365 - Created Static(id=649)
2026-06-22 16:56:53.555 | INFO     | carla_bridge.core.actor_factory:_create_object:365 - Created Static(id=648)
2026-06-22 16:56:53.566 | INFO     | carla_bridge.core.actor_factory:_create_object:365 - Created Static(id=647)
2026-06-22 16:56:53.581 | INFO     | carla_bridge.core.actor_factory:_create_object:365 - Created Static(id=646)
2026-06-22 16:56:53.594 | INFO     | carla_bridge.core.actor_factory:_create_object:365 - Created Static(id=645)
2026-06-22 16:56:53.611 | INFO     | carla_bridge.core.actor_factory:_create_object:365 - Created Static(id=644)
2026-06-22 16:56:53.627 | INFO     | carla_bridge.core.actor_factory:_create_object:365 - Created Static(id=643)
2026-06-22 16:56:53.639 | INFO     | carla_bridge.core.actor_factory:_create_object:365 - Created Static(id=642)
2026-06-22 16:56:53.649 | INFO     | carla_bridge.core.actor_factory:_create_object:365 - Created Static(id=641)
2026-06-22 16:56:53.655 | INFO     | carla_bridge.core.actor_factory:_create_object:365 - Created Static(id=640)
2026-06-22 16:56:53.667 | INFO     | carla_bridge.core.actor_factory:_create_object:365 - Created Static(id=639)
2026-06-22 16:56:53.667 | INFO     | carla_bridge.core.actor_factory:_create_object:365 - Created Static(id=638)
2026-06-22 16:56:53.678 | INFO     | carla_bridge.core.actor_factory:_create_object:365 - Created Static(id=637)
2026-06-22 16:56:53.706 | INFO     | carla_bridge.core.actor_factory:_create_object:365 - Created Static(id=636)
2026-06-22 16:56:53.716 | INFO     | carla_bridge.core.actor_factory:_create_object:365 - Created Static(id=635)
2026-06-22 16:56:53.717 | INFO     | carla_bridge.core.actor_factory:_create_object:365 - Created Static(id=634)
2026-06-22 16:56:53.732 | INFO     | carla_bridge.core.actor_factory:_create_object:365 - Created Static(id=633)
2026-06-22 16:56:53.747 | INFO     | carla_bridge.core.actor_factory:_create_object:365 - Created Static(id=632)
2026-06-22 16:56:53.758 | INFO     | carla_bridge.core.actor_factory:_create_object:365 - Created Static(id=631)
2026-06-22 16:56:53.768 | INFO     | carla_bridge.core.actor_factory:_create_object:365 - Created Static(id=630)
2026-06-22 16:56:53.768 | INFO     | carla_bridge.core.actor_factory:_create_object:365 - Created Static(id=629)
2026-06-22 16:56:53.774 | INFO     | carla_bridge.core.actor_factory:_create_object:365 - Created Static(id=628)
2026-06-22 16:56:53.774 | INFO     | carla_bridge.core.actor_factory:_create_object:365 - Created Static(id=627)
2026-06-22 16:56:53.790 | INFO     | carla_bridge.core.actor_factory:_create_object:365 - Created Static(id=626)
2026-06-22 16:56:53.790 | INFO     | carla_bridge.core.actor_factory:_create_object:365 - Created Static(id=625)
2026-06-22 16:56:53.800 | INFO     | carla_bridge.core.actor_factory:_create_object:365 - Created Static(id=624)
2026-06-22 16:56:53.816 | INFO     | carla_bridge.core.actor_factory:_create_object:365 - Created Static(id=623)
2026-06-22 16:56:53.821 | INFO     | carla_bridge.core.actor_factory:_create_object:365 - Created Static(id=622)
2026-06-22 16:56:53.832 | INFO     | carla_bridge.core.actor_factory:_create_object:365 - Created Traffic(id=621)
2026-06-22 16:56:53.842 | INFO     | carla_bridge.core.actor_factory:_create_object:365 - Created Traffic(id=620)
2026-06-22 16:56:53.853 | INFO     | carla_bridge.core.actor_factory:_create_object:365 - Created Traffic(id=619)
2026-06-22 16:56:53.853 | INFO     | carla_bridge.core.actor_factory:_create_object:365 - Created Traffic(id=618)
2026-06-22 16:56:53.858 | INFO     | carla_bridge.core.actor_factory:_create_object:365 - Created Traffic(id=617)
2026-06-22 16:56:53.884 | INFO     | carla_bridge.core.actor_factory:_create_object:365 - Created Traffic(id=616)
2026-06-22 16:56:53.907 | INFO     | carla_bridge.core.actor_factory:_create_object:365 - Created Traffic(id=615)
2026-06-22 16:56:53.922 | INFO     | carla_bridge.core.actor_factory:_create_object:365 - Created Traffic(id=614)
2026-06-22 16:56:53.933 | INFO     | carla_bridge.core.actor_factory:_create_object:365 - Created Traffic(id=613)
2026-06-22 16:56:53.953 | INFO     | carla_bridge.core.actor_factory:_create_object:365 - Created Traffic(id=612)
2026-06-22 16:56:53.964 | INFO     | carla_bridge.core.actor_factory:_create_object:365 - Created Traffic(id=611)
2026-06-22 16:56:53.984 | INFO     | carla_bridge.core.actor_factory:_create_object:365 - Created Traffic(id=610)
2026-06-22 16:56:53.995 | INFO     | carla_bridge.core.actor_factory:_create_object:365 - Created Traffic(id=609)
2026-06-22 16:56:54.000 | INFO     | carla_bridge.core.actor_factory:_create_object:365 - Created Traffic(id=608)
2026-06-22 16:56:54.010 | INFO     | carla_bridge.core.actor_factory:_create_object:365 - Created Traffic(id=607)
2026-06-22 16:56:54.023 | INFO     | carla_bridge.core.actor_factory:_create_object:365 - Created Traffic(id=606)
2026-06-22 16:56:54.028 | INFO     | carla_bridge.core.actor_factory:_create_object:365 - Created Traffic(id=605)
2026-06-22 16:56:54.028 | INFO     | carla_bridge.core.actor_factory:_create_object:365 - Created Traffic(id=604)
2026-06-22 16:56:54.034 | INFO     | carla_bridge.core.actor_factory:_create_object:365 - Created Traffic(id=603)
2026-06-22 16:56:54.039 | INFO     | carla_bridge.core.actor_factory:_create_object:365 - Created Traffic(id=602)
2026-06-22 16:56:54.049 | INFO     | carla_bridge.core.actor_factory:_create_object:365 - Created Traffic(id=601)
2026-06-22 16:56:54.054 | INFO     | carla_bridge.core.actor_factory:_create_object:365 - Created TrafficLight(id=600)
2026-06-22 16:56:54.060 | INFO     | carla_bridge.core.actor_factory:_create_object:365 - Created TrafficLight(id=599)
2026-06-22 16:56:54.065 | INFO     | carla_bridge.core.actor_factory:_create_object:365 - Created TrafficLight(id=598)
2026-06-22 16:56:54.077 | INFO     | carla_bridge.core.actor_factory:_create_object:365 - Created TrafficLight(id=597)
2026-06-22 16:56:54.083 | INFO     | carla_bridge.core.actor_factory:_create_object:365 - Created TrafficLight(id=596)
2026-06-22 16:56:54.088 | INFO     | carla_bridge.core.actor_factory:_create_object:365 - Created TrafficLight(id=595)
2026-06-22 16:56:54.093 | INFO     | carla_bridge.core.actor_factory:_create_object:365 - Created TrafficLight(id=594)
2026-06-22 16:56:54.106 | INFO     | carla_bridge.core.actor_factory:_create_object:365 - Created TrafficLight(id=593)
2026-06-22 16:56:54.116 | INFO     | carla_bridge.core.actor_factory:_create_object:365 - Created TrafficLight(id=592)
2026-06-22 16:56:54.142 | INFO     | carla_bridge.core.actor_factory:_create_object:365 - Created TrafficLight(id=591)
2026-06-22 16:56:54.149 | INFO     | carla_bridge.core.actor_factory:_create_object:365 - Created TrafficLight(id=590)
2026-06-22 16:56:54.165 | INFO     | carla_bridge.core.actor_factory:_create_object:365 - Created TrafficLight(id=589)
2026-06-22 16:56:54.177 | INFO     | carla_bridge.core.actor_factory:_create_object:365 - Created TrafficLight(id=588)
2026-06-22 16:56:54.190 | INFO     | carla_bridge.core.actor_factory:_create_object:365 - Created TrafficLight(id=587)
2026-06-22 16:56:54.200 | INFO     | carla_bridge.core.actor_factory:_create_object:365 - Created TrafficLight(id=586)
2026-06-22 16:56:54.212 | INFO     | carla_bridge.core.actor_factory:_create_object:365 - Created TrafficLight(id=585)
2026-06-22 16:56:54.242 | INFO     | carla_bridge.core.actor_factory:_create_object:365 - Created TrafficLight(id=584)
2026-06-22 16:56:54.243 | INFO     | carla_bridge.core.actor_factory:_create_object:365 - Created TrafficLight(id=583)
2026-06-22 16:56:54.243 | INFO     | carla_bridge.core.actor_factory:_create_object:365 - Created TrafficLight(id=582)
2026-06-22 16:56:54.253 | INFO     | carla_bridge.core.actor_factory:_create_object:365 - Created TrafficLight(id=581)
2026-06-22 16:56:54.253 | INFO     | carla_bridge.core.actor_factory:_create_object:365 - Created TrafficLight(id=580)
2026-06-22 16:56:54.271 | INFO     | carla_bridge.core.actor_factory:_create_object:365 - Created TrafficLight(id=579)
2026-06-22 16:56:54.276 | INFO     | carla_bridge.core.actor_factory:_create_object:365 - Created TrafficLight(id=578)
2026-06-22 16:56:54.281 | INFO     | carla_bridge.core.actor_factory:_create_object:365 - Created TrafficLight(id=577)
2026-06-22 16:56:54.294 | INFO     | carla_bridge.core.actor_factory:_create_object:365 - Created TrafficLight(id=576)
2026-06-22 16:56:54.299 | INFO     | carla_bridge.core.actor_factory:_create_object:365 - Created TrafficLight(id=575)
2026-06-22 16:56:54.299 | INFO     | carla_bridge.core.actor_factory:_create_object:365 - Created TrafficLight(id=574)
2026-06-22 16:56:54.299 | INFO     | carla_bridge.core.actor_factory:_create_object:365 - Created TrafficLight(id=573)
2026-06-22 16:56:54.310 | INFO     | carla_bridge.core.actor_factory:_create_object:365 - Created TrafficLight(id=572)
2026-06-22 16:56:54.320 | INFO     | carla_bridge.core.actor_factory:_create_object:365 - Created TrafficLight(id=571)
2026-06-22 16:56:54.326 | INFO     | carla_bridge.core.actor_factory:_create_object:365 - Created TrafficLight(id=570)
2026-06-22 16:56:54.331 | INFO     | carla_bridge.core.actor_factory:_create_object:365 - Created TrafficLight(id=569)
2026-06-22 16:56:54.336 | INFO     | carla_bridge.core.actor_factory:_create_object:365 - Created TrafficLight(id=568)
2026-06-22 16:56:54.346 | INFO     | carla_bridge.core.actor_factory:_create_object:365 - Created TrafficLight(id=567)
2026-06-22 16:56:54.359 | INFO     | carla_bridge.core.actor_factory:_create_object:365 - Created TrafficLight(id=566)
2026-06-22 16:56:54.390 | INFO     | carla_bridge.core.actor_factory:_create_object:365 - Created TrafficLight(id=565)
2026-06-22 16:56:54.406 | INFO     | carla_bridge.core.actor_factory:_create_object:365 - Created Spectator(id=564)
2026-06-22 16:56:54.412 | INFO     | carla_bridge.core.actor_factory:_create_object:365 - Created TrafficLightsSensor(id=10000)
2026-06-22 16:56:54.436 | INFO     | carla_bridge.core.actor_factory:_create_object:365 - Created EgoVehicle(id=737)
2026-06-22 16:56:54.436 | DEBUG    | carla_bridge.core.carla_spawn_objects:setup_sensors:144 - sensor: {'type': 'sensor.other.gnss', 'id': 'gnss', 'spawn_point': {'x': 1.0, 'y': 0.0, 'z': 2.0}, 'noise_alt_stddev': 0.0, 'noise_lat_stddev': 0.0, 'noise_lon_stddev': 0.0, 'noise_alt_bias': 0.0, 'noise_lat_bias': 0.0, 'noise_lon_bias': 0.0}, attach: 737
2026-06-22 16:56:54.439 | DEBUG    | carla_bridge.core.carla_spawn_objects:setup_sensors:144 - sensor: {'type': 'sensor.other.imu', 'id': 'gnss/imu', 'spawn_point': {'x': 2.0, 'y': 0.0, 'z': 2.0, 'roll': 0.0, 'pitch': 0.0, 'yaw': 0.0}, 'noise_accel_stddev_x': 0.0, 'noise_accel_stddev_y': 0.0, 'noise_accel_stddev_z': 0.0, 'noise_gyro_stddev_x': 0.0, 'noise_gyro_stddev_y': 0.0, 'noise_gyro_stddev_z': 0.0, 'noise_gyro_bias_x': 0.0, 'noise_gyro_bias_y': 0.0, 'noise_gyro_bias_z': 0.0}, attach: 737
2026-06-22 16:56:54.444 | DEBUG    | carla_bridge.core.carla_spawn_objects:setup_sensors:144 - sensor: {'type': 'sensor.camera.rgb', 'id': 'front_6mm', 'spawn_point': {'x': 2.0, 'y': 0.0, 'z': 2.0, 'roll': 0.0, 'pitch': 0.0, 'yaw': 0.0}, 'image_size_x': 800, 'image_size_y': 600, 'fov': 90.0, 'fstop': 8.0}, attach: 737
2026-06-22 16:56:54.445 | DEBUG    | carla_bridge.core.carla_spawn_objects:setup_sensors:144 - sensor: {'type': 'sensor.camera.rgb', 'id': 'front_12mm', 'spawn_point': {'x': 2.5, 'y': 0.0, 'z': 2.8, 'roll': 0.0, 'pitch': 0.0, 'yaw': 0.0}, 'image_size_x': 800, 'image_size_y': 600, 'focal_distance': 2000, 'fov': 90.0, 'fstop': 8.0}, attach: 737
2026-06-22 16:56:54.446 | DEBUG    | carla_bridge.core.carla_spawn_objects:setup_sensors:144 - sensor: {'type': 'sensor.lidar.ray_cast', 'id': 'velodyne64', 'spawn_point': {'x': 0.0, 'y': 0.0, 'z': 2.4, 'roll': 0.0, 'pitch': 0.0, 'yaw': -90.0}, 'range': 50, 'channels': 64, 'points_per_second': 320000, 'upper_fov': 2.0, 'lower_fov': -26.8, 'rotation_frequency': 10, 'noise_stddev': 0.0}, attach: 737
2026-06-22 16:56:54.446 | DEBUG    | carla_bridge.core.carla_spawn_objects:setup_sensors:144 - sensor: {'type': 'sensor.other.radar', 'id': 'radar/front', 'spawn_point': {'x': 2.0, 'y': 0.0, 'z': 2.0, 'roll': 0.0, 'pitch': 0.0, 'yaw': 0.0}, 'horizontal_fov': 30.0, 'vertical_fov': 10.0, 'points_per_second': 1500, 'range': 100.0}, attach: 737
2026-06-22 16:56:54.447 | INFO     | carla_bridge.core.carla_spawn_objects:spawn_objects:88 - All objects spawned.
2026-06-22 16:56:54.460 | INFO     | carla_bridge.core.actor_factory:_create_object:365 - Created Gnss(id=738)
2026-06-22 16:56:54.460 | INFO     | carla_bridge.core.actor_factory:_create_object:365 - Created ImuSensor(id=739)
2026-06-22 16:56:54.461 | INFO     | carla_bridge.core.actor_factory:_create_object:365 - Created RgbCamera(id=740)
2026-06-22 16:56:54.462 | INFO     | carla_bridge.core.actor_factory:_create_object:365 - Created RgbCamera(id=741)
2026-06-22 16:56:54.463 | INFO     | carla_bridge.core.actor_factory:_create_object:365 - Created Lidar(id=742)
2026-06-22 16:56:54.464 | INFO     | carla_bridge.core.actor_factory:_create_object:365 - Created Radar(id=743)
2026-06-22 16:58:01.010 | WARNING  | __main__:main:242 - Shutting down.
2026-06-22 16:58:01.010 | INFO     | __main__:destroy:185 - Shutting down...
2026-06-22 16:58:01.072 | INFO     | __main__:destroy:191 - Object update finished.
2026-06-22 16:58:01.073 | INFO     | carla_bridge.core.actor_factory:_destroy_object:261 - Removed TrafficLightsSensor(id=10000)
2026-06-22 16:58:01.075 | INFO     | carla_bridge.core.actor_factory:_destroy_object:261 - Removed EgoVehicle(id=737)
2026-06-22 16:58:01.085 | INFO     | carla_bridge.core.actor_factory:_destroy_object:261 - Removed Gnss(id=738)
2026-06-22 16:58:01.096 | INFO     | carla_bridge.core.actor_factory:_destroy_object:261 - Removed ImuSensor(id=739)
2026-06-22 16:58:01.114 | INFO     | carla_bridge.core.actor_factory:_destroy_object:261 - Removed RgbCamera(id=740)
2026-06-22 16:58:01.120 | INFO     | carla_bridge.core.actor_factory:_destroy_object:261 - Removed RgbCamera(id=741)
2026-06-22 16:58:01.121 | INFO     | carla_bridge.core.actor_factory:_destroy_object:261 - Removed Lidar(id=742)
2026-06-22 16:58:01.122 | INFO     | carla_bridge.core.actor_factory:_destroy_object:261 - Removed Radar(id=743)
2026-06-22 16:58:03.535 | INFO     | __main__:main:213 - Trying to connect to 127.0.0.1:2000
2026-06-22 16:58:05.483 | INFO     | __main__:main:226 - Connect to 127.0.0.1:2000 successfully.
2026-06-22 16:58:05.760 | DEBUG    | carla_bridge.core.carla_spawn_objects:setup_sensors:144 - sensor: {'type': 'sensor.pseudo.traffic_lights', 'id': 'traffic_lights'}, attach: None
2026-06-22 16:58:05.761 | INFO     | carla_bridge.core.carla_spawn_objects:setup_vehicles:111 - Spawn point from configuration file
2026-06-22 16:58:05.775 | INFO     | carla_bridge.core.actor_factory:_create_object:365 - Created Static(id=916)
2026-06-22 16:58:05.781 | INFO     | carla_bridge.core.actor_factory:_create_object:365 - Created Static(id=915)
2026-06-22 16:58:05.796 | INFO     | carla_bridge.core.actor_factory:_create_object:365 - Created Static(id=914)
2026-06-22 16:58:05.807 | INFO     | carla_bridge.core.actor_factory:_create_object:365 - Created Static(id=913)
2026-06-22 16:58:05.812 | INFO     | carla_bridge.core.actor_factory:_create_object:365 - Created Static(id=912)
2026-06-22 16:58:05.822 | INFO     | carla_bridge.core.actor_factory:_create_object:365 - Created Static(id=911)
2026-06-22 16:58:05.835 | INFO     | carla_bridge.core.actor_factory:_create_object:365 - Created Static(id=910)
2026-06-22 16:58:05.840 | INFO     | carla_bridge.core.actor_factory:_create_object:365 - Created Static(id=909)
2026-06-22 16:58:05.861 | INFO     | carla_bridge.core.actor_factory:_create_object:365 - Created Static(id=908)
2026-06-22 16:58:05.883 | INFO     | carla_bridge.core.actor_factory:_create_object:365 - Created Static(id=907)
2026-06-22 16:58:05.894 | INFO     | carla_bridge.core.actor_factory:_create_object:365 - Created Static(id=906)
2026-06-22 16:58:05.894 | INFO     | carla_bridge.core.actor_factory:_create_object:365 - Created Static(id=905)
2026-06-22 16:58:05.899 | INFO     | carla_bridge.core.actor_factory:_create_object:365 - Created Static(id=904)
2026-06-22 16:58:05.922 | INFO     | carla_bridge.core.actor_factory:_create_object:365 - Created Static(id=903)
2026-06-22 16:58:05.935 | INFO     | carla_bridge.core.actor_factory:_create_object:365 - Created Static(id=902)
2026-06-22 16:58:05.947 | INFO     | carla_bridge.core.actor_factory:_create_object:365 - Created Static(id=901)
2026-06-22 16:58:05.960 | INFO     | carla_bridge.core.actor_factory:_create_object:365 - Created Static(id=900)
2026-06-22 16:58:05.972 | INFO     | carla_bridge.core.actor_factory:_create_object:365 - Created Static(id=899)
2026-06-22 16:58:05.977 | INFO     | carla_bridge.core.actor_factory:_create_object:365 - Created Static(id=898)
2026-06-22 16:58:05.993 | INFO     | carla_bridge.core.actor_factory:_create_object:365 - Created Static(id=897)
2026-06-22 16:58:05.998 | INFO     | carla_bridge.core.actor_factory:_create_object:365 - Created Static(id=896)
2026-06-22 16:58:06.009 | INFO     | carla_bridge.core.actor_factory:_create_object:365 - Created Static(id=895)
2026-06-22 16:58:06.029 | INFO     | carla_bridge.core.actor_factory:_create_object:365 - Created Static(id=894)
2026-06-22 16:58:06.045 | INFO     | carla_bridge.core.actor_factory:_create_object:365 - Created Static(id=893)
2026-06-22 16:58:06.061 | INFO     | carla_bridge.core.actor_factory:_create_object:365 - Created Static(id=892)
2026-06-22 16:58:06.079 | INFO     | carla_bridge.core.actor_factory:_create_object:365 - Created Static(id=891)
2026-06-22 16:58:06.091 | INFO     | carla_bridge.core.actor_factory:_create_object:365 - Created Static(id=890)
2026-06-22 16:58:06.092 | INFO     | carla_bridge.core.actor_factory:_create_object:365 - Created Static(id=889)
2026-06-22 16:58:06.120 | INFO     | carla_bridge.core.actor_factory:_create_object:365 - Created Static(id=888)
2026-06-22 16:58:06.125 | INFO     | carla_bridge.core.actor_factory:_create_object:365 - Created Static(id=887)
2026-06-22 16:58:06.135 | INFO     | carla_bridge.core.actor_factory:_create_object:365 - Created Static(id=886)
2026-06-22 16:58:06.146 | INFO     | carla_bridge.core.actor_factory:_create_object:365 - Created Static(id=885)
2026-06-22 16:58:06.151 | INFO     | carla_bridge.core.actor_factory:_create_object:365 - Created Static(id=884)
2026-06-22 16:58:06.152 | INFO     | carla_bridge.core.actor_factory:_create_object:365 - Created Static(id=883)
2026-06-22 16:58:06.157 | INFO     | carla_bridge.core.actor_factory:_create_object:365 - Created Static(id=882)
2026-06-22 16:58:06.162 | INFO     | carla_bridge.core.actor_factory:_create_object:365 - Created Static(id=881)
2026-06-22 16:58:06.167 | INFO     | carla_bridge.core.actor_factory:_create_object:365 - Created Static(id=880)
2026-06-22 16:58:06.202 | INFO     | carla_bridge.core.actor_factory:_create_object:365 - Created Static(id=879)
2026-06-22 16:58:06.208 | INFO     | carla_bridge.core.actor_factory:_create_object:365 - Created Static(id=878)
2026-06-22 16:58:06.218 | INFO     | carla_bridge.core.actor_factory:_create_object:365 - Created Static(id=877)
2026-06-22 16:58:06.228 | INFO     | carla_bridge.core.actor_factory:_create_object:365 - Created Static(id=876)
2026-06-22 16:58:06.234 | INFO     | carla_bridge.core.actor_factory:_create_object:365 - Created Static(id=875)
2026-06-22 16:58:06.249 | INFO     | carla_bridge.core.actor_factory:_create_object:365 - Created Static(id=874)
2026-06-22 16:58:06.270 | INFO     | carla_bridge.core.actor_factory:_create_object:365 - Created Static(id=873)
2026-06-22 16:58:06.280 | INFO     | carla_bridge.core.actor_factory:_create_object:365 - Created Static(id=872)
2026-06-22 16:58:06.285 | INFO     | carla_bridge.core.actor_factory:_create_object:365 - Created Static(id=871)
2026-06-22 16:58:06.311 | INFO     | carla_bridge.core.actor_factory:_create_object:365 - Created Static(id=870)
2026-06-22 16:58:06.317 | INFO     | carla_bridge.core.actor_factory:_create_object:365 - Created Static(id=869)
2026-06-22 16:58:06.322 | INFO     | carla_bridge.core.actor_factory:_create_object:365 - Created Static(id=868)
2026-06-22 16:58:06.339 | INFO     | carla_bridge.core.actor_factory:_create_object:365 - Created Static(id=867)
2026-06-22 16:58:06.357 | INFO     | carla_bridge.core.actor_factory:_create_object:365 - Created Static(id=866)
2026-06-22 16:58:06.368 | INFO     | carla_bridge.core.actor_factory:_create_object:365 - Created Static(id=865)
2026-06-22 16:58:06.406 | INFO     | carla_bridge.core.actor_factory:_create_object:365 - Created Static(id=864)
2026-06-22 16:58:06.406 | INFO     | carla_bridge.core.actor_factory:_create_object:365 - Created Static(id=863)
2026-06-22 16:58:06.424 | INFO     | carla_bridge.core.actor_factory:_create_object:365 - Created Static(id=862)
2026-06-22 16:58:06.429 | INFO     | carla_bridge.core.actor_factory:_create_object:365 - Created Static(id=861)
2026-06-22 16:58:06.434 | INFO     | carla_bridge.core.actor_factory:_create_object:365 - Created Static(id=860)
2026-06-22 16:58:06.445 | INFO     | carla_bridge.core.actor_factory:_create_object:365 - Created Static(id=859)
2026-06-22 16:58:06.455 | INFO     | carla_bridge.core.actor_factory:_create_object:365 - Created Static(id=858)
2026-06-22 16:58:06.468 | INFO     | carla_bridge.core.actor_factory:_create_object:365 - Created Static(id=857)
2026-06-22 16:58:06.480 | INFO     | carla_bridge.core.actor_factory:_create_object:365 - Created Static(id=856)
2026-06-22 16:58:06.486 | INFO     | carla_bridge.core.actor_factory:_create_object:365 - Created Static(id=855)
2026-06-22 16:58:06.498 | INFO     | carla_bridge.core.actor_factory:_create_object:365 - Created Static(id=854)
2026-06-22 16:58:06.509 | INFO     | carla_bridge.core.actor_factory:_create_object:365 - Created Static(id=853)
2026-06-22 16:58:06.521 | INFO     | carla_bridge.core.actor_factory:_create_object:365 - Created Static(id=852)
2026-06-22 16:58:06.546 | INFO     | carla_bridge.core.actor_factory:_create_object:365 - Created Static(id=851)
2026-06-22 16:58:06.551 | INFO     | carla_bridge.core.actor_factory:_create_object:365 - Created Static(id=850)
2026-06-22 16:58:06.567 | INFO     | carla_bridge.core.actor_factory:_create_object:365 - Created Static(id=849)
2026-06-22 16:58:06.588 | INFO     | carla_bridge.core.actor_factory:_create_object:365 - Created Static(id=848)
2026-06-22 16:58:06.603 | INFO     | carla_bridge.core.actor_factory:_create_object:365 - Created Static(id=847)
2026-06-22 16:58:06.621 | INFO     | carla_bridge.core.actor_factory:_create_object:365 - Created Static(id=846)
2026-06-22 16:58:06.636 | INFO     | carla_bridge.core.actor_factory:_create_object:365 - Created Static(id=845)
2026-06-22 16:58:06.652 | INFO     | carla_bridge.core.actor_factory:_create_object:365 - Created Static(id=844)
2026-06-22 16:58:06.668 | INFO     | carla_bridge.core.actor_factory:_create_object:365 - Created Static(id=843)
2026-06-22 16:58:06.673 | INFO     | carla_bridge.core.actor_factory:_create_object:365 - Created Static(id=842)
2026-06-22 16:58:06.696 | INFO     | carla_bridge.core.actor_factory:_create_object:365 - Created Static(id=841)
2026-06-22 16:58:06.711 | INFO     | carla_bridge.core.actor_factory:_create_object:365 - Created Static(id=840)
2026-06-22 16:58:06.727 | INFO     | carla_bridge.core.actor_factory:_create_object:365 - Created Static(id=839)
2026-06-22 16:58:06.750 | INFO     | carla_bridge.core.actor_factory:_create_object:365 - Created Static(id=838)
2026-06-22 16:58:06.779 | INFO     | carla_bridge.core.actor_factory:_create_object:365 - Created Static(id=837)
2026-06-22 16:58:06.807 | INFO     | carla_bridge.core.actor_factory:_create_object:365 - Created Static(id=836)
2026-06-22 16:58:06.823 | INFO     | carla_bridge.core.actor_factory:_create_object:365 - Created Static(id=835)
2026-06-22 16:58:06.828 | INFO     | carla_bridge.core.actor_factory:_create_object:365 - Created Static(id=834)
2026-06-22 16:58:06.858 | INFO     | carla_bridge.core.actor_factory:_create_object:365 - Created Static(id=833)
2026-06-22 16:58:06.876 | INFO     | carla_bridge.core.actor_factory:_create_object:365 - Created Static(id=832)
2026-06-22 16:58:06.886 | INFO     | carla_bridge.core.actor_factory:_create_object:365 - Created Static(id=831)
2026-06-22 16:58:06.896 | INFO     | carla_bridge.core.actor_factory:_create_object:365 - Created Static(id=830)
2026-06-22 16:58:06.919 | INFO     | carla_bridge.core.actor_factory:_create_object:365 - Created Static(id=829)
2026-06-22 16:58:06.924 | INFO     | carla_bridge.core.actor_factory:_create_object:365 - Created Static(id=828)
2026-06-22 16:58:06.942 | INFO     | carla_bridge.core.actor_factory:_create_object:365 - Created Static(id=827)
2026-06-22 16:58:06.963 | INFO     | carla_bridge.core.actor_factory:_create_object:365 - Created Static(id=826)
2026-06-22 16:58:06.978 | INFO     | carla_bridge.core.actor_factory:_create_object:365 - Created Static(id=825)
2026-06-22 16:58:06.989 | INFO     | carla_bridge.core.actor_factory:_create_object:365 - Created Static(id=824)
2026-06-22 16:58:06.999 | INFO     | carla_bridge.core.actor_factory:_create_object:365 - Created Static(id=823)
2026-06-22 16:58:07.000 | INFO     | carla_bridge.core.actor_factory:_create_object:365 - Created Static(id=822)
2026-06-22 16:58:07.000 | INFO     | carla_bridge.core.actor_factory:_create_object:365 - Created Static(id=821)
2026-06-22 16:58:07.000 | INFO     | carla_bridge.core.actor_factory:_create_object:365 - Created Static(id=820)
2026-06-22 16:58:07.005 | INFO     | carla_bridge.core.actor_factory:_create_object:365 - Created Static(id=819)
2026-06-22 16:58:07.011 | INFO     | carla_bridge.core.actor_factory:_create_object:365 - Created Static(id=818)
2026-06-22 16:58:07.011 | INFO     | carla_bridge.core.actor_factory:_create_object:365 - Created Static(id=817)
2026-06-22 16:58:07.016 | INFO     | carla_bridge.core.actor_factory:_create_object:365 - Created Static(id=816)
2026-06-22 16:58:07.022 | INFO     | carla_bridge.core.actor_factory:_create_object:365 - Created Static(id=815)
2026-06-22 16:58:07.032 | INFO     | carla_bridge.core.actor_factory:_create_object:365 - Created Static(id=814)
2026-06-22 16:58:07.037 | INFO     | carla_bridge.core.actor_factory:_create_object:365 - Created Static(id=813)
2026-06-22 16:58:07.048 | INFO     | carla_bridge.core.actor_factory:_create_object:365 - Created Static(id=812)
2026-06-22 16:58:07.068 | INFO     | carla_bridge.core.actor_factory:_create_object:365 - Created Static(id=811)
2026-06-22 16:58:07.084 | INFO     | carla_bridge.core.actor_factory:_create_object:365 - Created Static(id=810)
2026-06-22 16:58:07.094 | INFO     | carla_bridge.core.actor_factory:_create_object:365 - Created Static(id=809)
2026-06-22 16:58:07.110 | INFO     | carla_bridge.core.actor_factory:_create_object:365 - Created Static(id=808)
2026-06-22 16:58:07.115 | INFO     | carla_bridge.core.actor_factory:_create_object:365 - Created Static(id=807)
2026-06-22 16:58:07.133 | INFO     | carla_bridge.core.actor_factory:_create_object:365 - Created Static(id=806)
2026-06-22 16:58:07.148 | INFO     | carla_bridge.core.actor_factory:_create_object:365 - Created Static(id=805)
2026-06-22 16:58:07.164 | INFO     | carla_bridge.core.actor_factory:_create_object:365 - Created Static(id=804)
2026-06-22 16:58:07.174 | INFO     | carla_bridge.core.actor_factory:_create_object:365 - Created Static(id=803)
2026-06-22 16:58:07.192 | INFO     | carla_bridge.core.actor_factory:_create_object:365 - Created Static(id=802)
2026-06-22 16:58:07.197 | INFO     | carla_bridge.core.actor_factory:_create_object:365 - Created Traffic(id=801)
2026-06-22 16:58:07.202 | INFO     | carla_bridge.core.actor_factory:_create_object:365 - Created Traffic(id=800)
2026-06-22 16:58:07.213 | INFO     | carla_bridge.core.actor_factory:_create_object:365 - Created Traffic(id=799)
2026-06-22 16:58:07.228 | INFO     | carla_bridge.core.actor_factory:_create_object:365 - Created Traffic(id=798)
2026-06-22 16:58:07.234 | INFO     | carla_bridge.core.actor_factory:_create_object:365 - Created Traffic(id=797)
2026-06-22 16:58:07.244 | INFO     | carla_bridge.core.actor_factory:_create_object:365 - Created Traffic(id=796)
2026-06-22 16:58:07.255 | INFO     | carla_bridge.core.actor_factory:_create_object:365 - Created Traffic(id=795)
2026-06-22 16:58:07.272 | INFO     | carla_bridge.core.actor_factory:_create_object:365 - Created Traffic(id=794)
2026-06-22 16:58:07.283 | INFO     | carla_bridge.core.actor_factory:_create_object:365 - Created Traffic(id=793)
2026-06-22 16:58:07.295 | INFO     | carla_bridge.core.actor_factory:_create_object:365 - Created Traffic(id=792)
2026-06-22 16:58:07.311 | INFO     | carla_bridge.core.actor_factory:_create_object:365 - Created Traffic(id=791)
2026-06-22 16:58:07.316 | INFO     | carla_bridge.core.actor_factory:_create_object:365 - Created Traffic(id=790)
2026-06-22 16:58:07.339 | INFO     | carla_bridge.core.actor_factory:_create_object:365 - Created Traffic(id=789)
2026-06-22 16:58:07.349 | INFO     | carla_bridge.core.actor_factory:_create_object:365 - Created Traffic(id=788)
2026-06-22 16:58:07.365 | INFO     | carla_bridge.core.actor_factory:_create_object:365 - Created Traffic(id=787)
2026-06-22 16:58:07.375 | INFO     | carla_bridge.core.actor_factory:_create_object:365 - Created Traffic(id=786)
2026-06-22 16:58:07.380 | INFO     | carla_bridge.core.actor_factory:_create_object:365 - Created Traffic(id=785)
2026-06-22 16:58:07.403 | INFO     | carla_bridge.core.actor_factory:_create_object:365 - Created Traffic(id=784)
2026-06-22 16:58:07.426 | INFO     | carla_bridge.core.actor_factory:_create_object:365 - Created Traffic(id=783)
2026-06-22 16:58:07.448 | INFO     | carla_bridge.core.actor_factory:_create_object:365 - Created Traffic(id=782)
2026-06-22 16:58:07.469 | INFO     | carla_bridge.core.actor_factory:_create_object:365 - Created Traffic(id=781)
2026-06-22 16:58:07.479 | INFO     | carla_bridge.core.actor_factory:_create_object:365 - Created TrafficLight(id=780)
2026-06-22 16:58:07.480 | INFO     | carla_bridge.core.actor_factory:_create_object:365 - Created TrafficLight(id=779)
2026-06-22 16:58:07.485 | INFO     | carla_bridge.core.actor_factory:_create_object:365 - Created TrafficLight(id=778)
2026-06-22 16:58:07.495 | INFO     | carla_bridge.core.actor_factory:_create_object:365 - Created TrafficLight(id=777)
2026-06-22 16:58:07.511 | INFO     | carla_bridge.core.actor_factory:_create_object:365 - Created TrafficLight(id=776)
2026-06-22 16:58:07.526 | INFO     | carla_bridge.core.actor_factory:_create_object:365 - Created TrafficLight(id=775)
2026-06-22 16:58:07.544 | INFO     | carla_bridge.core.actor_factory:_create_object:365 - Created TrafficLight(id=774)
2026-06-22 16:58:07.564 | INFO     | carla_bridge.core.actor_factory:_create_object:365 - Created TrafficLight(id=773)
2026-06-22 16:58:07.580 | INFO     | carla_bridge.core.actor_factory:_create_object:365 - Created TrafficLight(id=772)
2026-06-22 16:58:07.591 | INFO     | carla_bridge.core.actor_factory:_create_object:365 - Created TrafficLight(id=771)
2026-06-22 16:58:07.601 | INFO     | carla_bridge.core.actor_factory:_create_object:365 - Created TrafficLight(id=770)
2026-06-22 16:58:07.612 | INFO     | carla_bridge.core.actor_factory:_create_object:365 - Created TrafficLight(id=769)
2026-06-22 16:58:07.627 | INFO     | carla_bridge.core.actor_factory:_create_object:365 - Created TrafficLight(id=768)
2026-06-22 16:58:07.633 | INFO     | carla_bridge.core.actor_factory:_create_object:365 - Created TrafficLight(id=767)
2026-06-22 16:58:07.655 | INFO     | carla_bridge.core.actor_factory:_create_object:365 - Created TrafficLight(id=766)
2026-06-22 16:58:07.666 | INFO     | carla_bridge.core.actor_factory:_create_object:365 - Created TrafficLight(id=765)
2026-06-22 16:58:07.671 | INFO     | carla_bridge.core.actor_factory:_create_object:365 - Created TrafficLight(id=764)
2026-06-22 16:58:07.676 | INFO     | carla_bridge.core.actor_factory:_create_object:365 - Created TrafficLight(id=763)
2026-06-22 16:58:07.677 | INFO     | carla_bridge.core.actor_factory:_create_object:365 - Created TrafficLight(id=762)
2026-06-22 16:58:07.689 | INFO     | carla_bridge.core.actor_factory:_create_object:365 - Created TrafficLight(id=761)
2026-06-22 16:58:07.712 | INFO     | carla_bridge.core.actor_factory:_create_object:365 - Created TrafficLight(id=760)
2026-06-22 16:58:07.724 | INFO     | carla_bridge.core.actor_factory:_create_object:365 - Created TrafficLight(id=759)
2026-06-22 16:58:07.735 | INFO     | carla_bridge.core.actor_factory:_create_object:365 - Created TrafficLight(id=758)
2026-06-22 16:58:07.750 | INFO     | carla_bridge.core.actor_factory:_create_object:365 - Created TrafficLight(id=757)
2026-06-22 16:58:07.766 | INFO     | carla_bridge.core.actor_factory:_create_object:365 - Created TrafficLight(id=756)
2026-06-22 16:58:07.785 | INFO     | carla_bridge.core.actor_factory:_create_object:365 - Created TrafficLight(id=755)
2026-06-22 16:58:07.786 | INFO     | carla_bridge.core.actor_factory:_create_object:365 - Created TrafficLight(id=754)
2026-06-22 16:58:07.791 | INFO     | carla_bridge.core.actor_factory:_create_object:365 - Created TrafficLight(id=753)
2026-06-22 16:58:07.801 | INFO     | carla_bridge.core.actor_factory:_create_object:365 - Created TrafficLight(id=752)
2026-06-22 16:58:07.814 | INFO     | carla_bridge.core.actor_factory:_create_object:365 - Created TrafficLight(id=751)
2026-06-22 16:58:07.824 | INFO     | carla_bridge.core.actor_factory:_create_object:365 - Created TrafficLight(id=750)
2026-06-22 16:58:07.840 | INFO     | carla_bridge.core.actor_factory:_create_object:365 - Created TrafficLight(id=749)
2026-06-22 16:58:07.850 | INFO     | carla_bridge.core.actor_factory:_create_object:365 - Created TrafficLight(id=748)
2026-06-22 16:58:07.868 | INFO     | carla_bridge.core.actor_factory:_create_object:365 - Created TrafficLight(id=747)
2026-06-22 16:58:07.878 | INFO     | carla_bridge.core.actor_factory:_create_object:365 - Created TrafficLight(id=746)
2026-06-22 16:58:07.899 | INFO     | carla_bridge.core.actor_factory:_create_object:365 - Created TrafficLight(id=745)
2026-06-22 16:58:07.909 | INFO     | carla_bridge.core.actor_factory:_create_object:365 - Created Spectator(id=744)
2026-06-22 16:58:07.920 | INFO     | carla_bridge.core.actor_factory:_create_object:365 - Created TrafficLightsSensor(id=10000)
2026-06-22 16:58:07.932 | INFO     | carla_bridge.core.actor_factory:_create_object:365 - Created EgoVehicle(id=917)
2026-06-22 16:58:07.933 | DEBUG    | carla_bridge.core.carla_spawn_objects:setup_sensors:144 - sensor: {'type': 'sensor.other.gnss', 'id': 'gnss', 'spawn_point': {'x': 1.0, 'y': 0.0, 'z': 2.0}, 'noise_alt_stddev': 0.0, 'noise_lat_stddev': 0.0, 'noise_lon_stddev': 0.0, 'noise_alt_bias': 0.0, 'noise_lat_bias': 0.0, 'noise_lon_bias': 0.0}, attach: 917
2026-06-22 16:58:07.935 | DEBUG    | carla_bridge.core.carla_spawn_objects:setup_sensors:144 - sensor: {'type': 'sensor.other.imu', 'id': 'gnss/imu', 'spawn_point': {'x': 2.0, 'y': 0.0, 'z': 2.0, 'roll': 0.0, 'pitch': 0.0, 'yaw': 0.0}, 'noise_accel_stddev_x': 0.0, 'noise_accel_stddev_y': 0.0, 'noise_accel_stddev_z': 0.0, 'noise_gyro_stddev_x': 0.0, 'noise_gyro_stddev_y': 0.0, 'noise_gyro_stddev_z': 0.0, 'noise_gyro_bias_x': 0.0, 'noise_gyro_bias_y': 0.0, 'noise_gyro_bias_z': 0.0}, attach: 917
2026-06-22 16:58:07.940 | DEBUG    | carla_bridge.core.carla_spawn_objects:setup_sensors:144 - sensor: {'type': 'sensor.camera.rgb', 'id': 'front_6mm', 'spawn_point': {'x': 2.0, 'y': 0.0, 'z': 2.0, 'roll': 0.0, 'pitch': 0.0, 'yaw': 0.0}, 'image_size_x': 800, 'image_size_y': 600, 'fov': 90.0, 'fstop': 8.0}, attach: 917
2026-06-22 16:58:07.941 | DEBUG    | carla_bridge.core.carla_spawn_objects:setup_sensors:144 - sensor: {'type': 'sensor.camera.rgb', 'id': 'front_12mm', 'spawn_point': {'x': 2.5, 'y': 0.0, 'z': 2.8, 'roll': 0.0, 'pitch': 0.0, 'yaw': 0.0}, 'image_size_x': 800, 'image_size_y': 600, 'focal_distance': 2000, 'fov': 90.0, 'fstop': 8.0}, attach: 917
2026-06-22 16:58:07.942 | DEBUG    | carla_bridge.core.carla_spawn_objects:setup_sensors:144 - sensor: {'type': 'sensor.lidar.ray_cast', 'id': 'velodyne64', 'spawn_point': {'x': 0.0, 'y': 0.0, 'z': 2.4, 'roll': 0.0, 'pitch': 0.0, 'yaw': -90.0}, 'range': 50, 'channels': 64, 'points_per_second': 320000, 'upper_fov': 2.0, 'lower_fov': -26.8, 'rotation_frequency': 10, 'noise_stddev': 0.0}, attach: 917
2026-06-22 16:58:07.942 | DEBUG    | carla_bridge.core.carla_spawn_objects:setup_sensors:144 - sensor: {'type': 'sensor.other.radar', 'id': 'radar/front', 'spawn_point': {'x': 2.0, 'y': 0.0, 'z': 2.0, 'roll': 0.0, 'pitch': 0.0, 'yaw': 0.0}, 'horizontal_fov': 30.0, 'vertical_fov': 10.0, 'points_per_second': 1500, 'range': 100.0}, attach: 917
2026-06-22 16:58:07.942 | INFO     | carla_bridge.core.carla_spawn_objects:spawn_objects:88 - All objects spawned.
2026-06-22 16:58:07.957 | INFO     | carla_bridge.core.actor_factory:_create_object:365 - Created Gnss(id=918)
2026-06-22 16:58:07.958 | INFO     | carla_bridge.core.actor_factory:_create_object:365 - Created ImuSensor(id=919)
2026-06-22 16:58:07.959 | INFO     | carla_bridge.core.actor_factory:_create_object:365 - Created RgbCamera(id=920)
2026-06-22 16:58:07.960 | INFO     | carla_bridge.core.actor_factory:_create_object:365 - Created RgbCamera(id=921)
2026-06-22 16:58:07.961 | INFO     | carla_bridge.core.actor_factory:_create_object:365 - Created Lidar(id=922)
2026-06-22 16:58:07.962 | INFO     | carla_bridge.core.actor_factory:_create_object:365 - Created Radar(id=923)
2026-06-22 16:59:06.638 | WARNING  | __main__:main:242 - Shutting down.
2026-06-22 16:59:06.638 | INFO     | __main__:destroy:185 - Shutting down...
2026-06-22 16:59:06.714 | INFO     | __main__:destroy:191 - Object update finished.
2026-06-22 16:59:06.714 | INFO     | carla_bridge.core.actor_factory:_destroy_object:261 - Removed TrafficLightsSensor(id=10000)
2026-06-22 16:59:06.717 | INFO     | carla_bridge.core.actor_factory:_destroy_object:261 - Removed EgoVehicle(id=917)
2026-06-22 16:59:06.726 | INFO     | carla_bridge.core.actor_factory:_destroy_object:261 - Removed Gnss(id=918)
2026-06-22 16:59:06.734 | INFO     | carla_bridge.core.actor_factory:_destroy_object:261 - Removed ImuSensor(id=919)
2026-06-22 16:59:06.755 | INFO     | carla_bridge.core.actor_factory:_destroy_object:261 - Removed RgbCamera(id=920)
2026-06-22 16:59:06.764 | INFO     | carla_bridge.core.actor_factory:_destroy_object:261 - Removed RgbCamera(id=921)
2026-06-22 16:59:06.765 | INFO     | carla_bridge.core.actor_factory:_destroy_object:261 - Removed Lidar(id=922)
2026-06-22 16:59:06.767 | INFO     | carla_bridge.core.actor_factory:_destroy_object:261 - Removed Radar(id=923)
2026-06-22 16:59:08.511 | INFO     | __main__:main:213 - Trying to connect to 127.0.0.1:2000
2026-06-22 16:59:10.490 | INFO     | __main__:main:226 - Connect to 127.0.0.1:2000 successfully.
2026-06-22 16:59:10.785 | DEBUG    | carla_bridge.core.carla_spawn_objects:setup_sensors:144 - sensor: {'type': 'sensor.pseudo.traffic_lights', 'id': 'traffic_lights'}, attach: None
2026-06-22 16:59:10.786 | INFO     | carla_bridge.core.carla_spawn_objects:setup_vehicles:111 - Spawn point from configuration file
2026-06-22 16:59:10.802 | INFO     | carla_bridge.core.actor_factory:_create_object:365 - Created Static(id=1096)
2026-06-22 16:59:10.817 | INFO     | carla_bridge.core.actor_factory:_create_object:365 - Created Static(id=1095)
2026-06-22 16:59:10.840 | INFO     | carla_bridge.core.actor_factory:_create_object:365 - Created Static(id=1094)
2026-06-22 16:59:10.857 | INFO     | carla_bridge.core.actor_factory:_create_object:365 - Created Static(id=1093)
2026-06-22 16:59:10.858 | INFO     | carla_bridge.core.actor_factory:_create_object:365 - Created Static(id=1092)
2026-06-22 16:59:10.863 | INFO     | carla_bridge.core.actor_factory:_create_object:365 - Created Static(id=1091)
2026-06-22 16:59:10.875 | INFO     | carla_bridge.core.actor_factory:_create_object:365 - Created Static(id=1090)
2026-06-22 16:59:10.876 | INFO     | carla_bridge.core.actor_factory:_create_object:365 - Created Static(id=1089)
2026-06-22 16:59:10.886 | INFO     | carla_bridge.core.actor_factory:_create_object:365 - Created Static(id=1088)
2026-06-22 16:59:10.886 | INFO     | carla_bridge.core.actor_factory:_create_object:365 - Created Static(id=1087)
2026-06-22 16:59:10.886 | INFO     | carla_bridge.core.actor_factory:_create_object:365 - Created Static(id=1086)
2026-06-22 16:59:10.892 | INFO     | carla_bridge.core.actor_factory:_create_object:365 - Created Static(id=1085)
2026-06-22 16:59:10.892 | INFO     | carla_bridge.core.actor_factory:_create_object:365 - Created Static(id=1084)
2026-06-22 16:59:10.902 | INFO     | carla_bridge.core.actor_factory:_create_object:365 - Created Static(id=1083)
2026-06-22 16:59:10.908 | INFO     | carla_bridge.core.actor_factory:_create_object:365 - Created Static(id=1082)
2026-06-22 16:59:10.908 | INFO     | carla_bridge.core.actor_factory:_create_object:365 - Created Static(id=1081)
2026-06-22 16:59:10.933 | INFO     | carla_bridge.core.actor_factory:_create_object:365 - Created Static(id=1080)
2026-06-22 16:59:10.944 | INFO     | carla_bridge.core.actor_factory:_create_object:365 - Created Static(id=1079)
2026-06-22 16:59:10.949 | INFO     | carla_bridge.core.actor_factory:_create_object:365 - Created Static(id=1078)
2026-06-22 16:59:10.959 | INFO     | carla_bridge.core.actor_factory:_create_object:365 - Created Static(id=1077)
2026-06-22 16:59:10.970 | INFO     | carla_bridge.core.actor_factory:_create_object:365 - Created Static(id=1076)
2026-06-22 16:59:10.975 | INFO     | carla_bridge.core.actor_factory:_create_object:365 - Created Static(id=1075)
2026-06-22 16:59:10.990 | INFO     | carla_bridge.core.actor_factory:_create_object:365 - Created Static(id=1074)
2026-06-22 16:59:11.008 | INFO     | carla_bridge.core.actor_factory:_create_object:365 - Created Static(id=1073)
2026-06-22 16:59:11.013 | INFO     | carla_bridge.core.actor_factory:_create_object:365 - Created Static(id=1072)
2026-06-22 16:59:11.024 | INFO     | carla_bridge.core.actor_factory:_create_object:365 - Created Static(id=1071)
2026-06-22 16:59:11.041 | INFO     | carla_bridge.core.actor_factory:_create_object:365 - Created Static(id=1070)
2026-06-22 16:59:11.069 | INFO     | carla_bridge.core.actor_factory:_create_object:365 - Created Static(id=1069)
2026-06-22 16:59:11.084 | INFO     | carla_bridge.core.actor_factory:_create_object:365 - Created Static(id=1068)
2026-06-22 16:59:11.097 | INFO     | carla_bridge.core.actor_factory:_create_object:365 - Created Static(id=1067)
2026-06-22 16:59:11.107 | INFO     | carla_bridge.core.actor_factory:_create_object:365 - Created Static(id=1066)
2026-06-22 16:59:11.120 | INFO     | carla_bridge.core.actor_factory:_create_object:365 - Created Static(id=1065)
2026-06-22 16:59:11.125 | INFO     | carla_bridge.core.actor_factory:_create_object:365 - Created Static(id=1064)
2026-06-22 16:59:11.146 | INFO     | carla_bridge.core.actor_factory:_create_object:365 - Created Static(id=1063)
2026-06-22 16:59:11.151 | INFO     | carla_bridge.core.actor_factory:_create_object:365 - Created Static(id=1062)
2026-06-22 16:59:11.162 | INFO     | carla_bridge.core.actor_factory:_create_object:365 - Created Static(id=1061)
2026-06-22 16:59:11.172 | INFO     | carla_bridge.core.actor_factory:_create_object:365 - Created Static(id=1060)
2026-06-22 16:59:11.195 | INFO     | carla_bridge.core.actor_factory:_create_object:365 - Created Static(id=1059)
2026-06-22 16:59:11.211 | INFO     | carla_bridge.core.actor_factory:_create_object:365 - Created Static(id=1058)
2026-06-22 16:59:11.216 | INFO     | carla_bridge.core.actor_factory:_create_object:365 - Created Static(id=1057)
2026-06-22 16:59:11.216 | INFO     | carla_bridge.core.actor_factory:_create_object:365 - Created Static(id=1056)
2026-06-22 16:59:11.232 | INFO     | carla_bridge.core.actor_factory:_create_object:365 - Created Static(id=1055)
2026-06-22 16:59:11.244 | INFO     | carla_bridge.core.actor_factory:_create_object:365 - Created Static(id=1054)
2026-06-22 16:59:11.249 | INFO     | carla_bridge.core.actor_factory:_create_object:365 - Created Static(id=1053)
2026-06-22 16:59:11.265 | INFO     | carla_bridge.core.actor_factory:_create_object:365 - Created Static(id=1052)
2026-06-22 16:59:11.270 | INFO     | carla_bridge.core.actor_factory:_create_object:365 - Created Static(id=1051)
2026-06-22 16:59:11.286 | INFO     | carla_bridge.core.actor_factory:_create_object:365 - Created Static(id=1050)
2026-06-22 16:59:11.291 | INFO     | carla_bridge.core.actor_factory:_create_object:365 - Created Static(id=1049)
2026-06-22 16:59:11.296 | INFO     | carla_bridge.core.actor_factory:_create_object:365 - Created Static(id=1048)
2026-06-22 16:59:11.312 | INFO     | carla_bridge.core.actor_factory:_create_object:365 - Created Static(id=1047)
2026-06-22 16:59:11.322 | INFO     | carla_bridge.core.actor_factory:_create_object:365 - Created Static(id=1046)
2026-06-22 16:59:11.333 | INFO     | carla_bridge.core.actor_factory:_create_object:365 - Created Static(id=1045)
2026-06-22 16:59:11.340 | INFO     | carla_bridge.core.actor_factory:_create_object:365 - Created Static(id=1044)
2026-06-22 16:59:11.350 | INFO     | carla_bridge.core.actor_factory:_create_object:365 - Created Static(id=1043)
2026-06-22 16:59:11.361 | INFO     | carla_bridge.core.actor_factory:_create_object:365 - Created Static(id=1042)
2026-06-22 16:59:11.371 | INFO     | carla_bridge.core.actor_factory:_create_object:365 - Created Static(id=1041)
2026-06-22 16:59:11.371 | INFO     | carla_bridge.core.actor_factory:_create_object:365 - Created Static(id=1040)
2026-06-22 16:59:11.377 | INFO     | carla_bridge.core.actor_factory:_create_object:365 - Created Static(id=1039)
2026-06-22 16:59:11.377 | INFO     | carla_bridge.core.actor_factory:_create_object:365 - Created Static(id=1038)
2026-06-22 16:59:11.387 | INFO     | carla_bridge.core.actor_factory:_create_object:365 - Created Static(id=1037)
2026-06-22 16:59:11.403 | INFO     | carla_bridge.core.actor_factory:_create_object:365 - Created Static(id=1036)
2026-06-22 16:59:11.413 | INFO     | carla_bridge.core.actor_factory:_create_object:365 - Created Static(id=1035)
2026-06-22 16:59:11.426 | INFO     | carla_bridge.core.actor_factory:_create_object:365 - Created Static(id=1034)
2026-06-22 16:59:11.431 | INFO     | carla_bridge.core.actor_factory:_create_object:365 - Created Static(id=1033)
2026-06-22 16:59:11.451 | INFO     | carla_bridge.core.actor_factory:_create_object:365 - Created Static(id=1032)
2026-06-22 16:59:11.462 | INFO     | carla_bridge.core.actor_factory:_create_object:365 - Created Static(id=1031)
2026-06-22 16:59:11.467 | INFO     | carla_bridge.core.actor_factory:_create_object:365 - Created Static(id=1030)
2026-06-22 16:59:11.467 | INFO     | carla_bridge.core.actor_factory:_create_object:365 - Created Static(id=1029)
2026-06-22 16:59:11.467 | INFO     | carla_bridge.core.actor_factory:_create_object:365 - Created Static(id=1028)
2026-06-22 16:59:11.468 | INFO     | carla_bridge.core.actor_factory:_create_object:365 - Created Static(id=1027)
2026-06-22 16:59:11.473 | INFO     | carla_bridge.core.actor_factory:_create_object:365 - Created Static(id=1026)
2026-06-22 16:59:11.489 | INFO     | carla_bridge.core.actor_factory:_create_object:365 - Created Static(id=1025)
2026-06-22 16:59:11.499 | INFO     | carla_bridge.core.actor_factory:_create_object:365 - Created Static(id=1024)
2026-06-22 16:59:11.500 | INFO     | carla_bridge.core.actor_factory:_create_object:365 - Created Static(id=1023)
2026-06-22 16:59:11.505 | INFO     | carla_bridge.core.actor_factory:_create_object:365 - Created Static(id=1022)
2026-06-22 16:59:11.522 | INFO     | carla_bridge.core.actor_factory:_create_object:365 - Created Static(id=1021)
2026-06-22 16:59:11.540 | INFO     | carla_bridge.core.actor_factory:_create_object:365 - Created Static(id=1020)
2026-06-22 16:59:11.545 | INFO     | carla_bridge.core.actor_factory:_create_object:365 - Created Static(id=1019)
2026-06-22 16:59:11.566 | INFO     | carla_bridge.core.actor_factory:_create_object:365 - Created Static(id=1018)
2026-06-22 16:59:11.576 | INFO     | carla_bridge.core.actor_factory:_create_object:365 - Created Static(id=1017)
2026-06-22 16:59:11.606 | INFO     | carla_bridge.core.actor_factory:_create_object:365 - Created Static(id=1016)
2026-06-22 16:59:11.611 | INFO     | carla_bridge.core.actor_factory:_create_object:365 - Created Static(id=1015)
2026-06-22 16:59:11.617 | INFO     | carla_bridge.core.actor_factory:_create_object:365 - Created Static(id=1014)
2026-06-22 16:59:11.627 | INFO     | carla_bridge.core.actor_factory:_create_object:365 - Created Static(id=1013)
2026-06-22 16:59:11.638 | INFO     | carla_bridge.core.actor_factory:_create_object:365 - Created Static(id=1012)
2026-06-22 16:59:11.648 | INFO     | carla_bridge.core.actor_factory:_create_object:365 - Created Static(id=1011)
2026-06-22 16:59:11.664 | INFO     | carla_bridge.core.actor_factory:_create_object:365 - Created Static(id=1010)
2026-06-22 16:59:11.669 | INFO     | carla_bridge.core.actor_factory:_create_object:365 - Created Static(id=1009)
2026-06-22 16:59:11.679 | INFO     | carla_bridge.core.actor_factory:_create_object:365 - Created Static(id=1008)
2026-06-22 16:59:11.697 | INFO     | carla_bridge.core.actor_factory:_create_object:365 - Created Static(id=1007)
2026-06-22 16:59:11.702 | INFO     | carla_bridge.core.actor_factory:_create_object:365 - Created Static(id=1006)
2026-06-22 16:59:11.707 | INFO     | carla_bridge.core.actor_factory:_create_object:365 - Created Static(id=1005)
2026-06-22 16:59:11.733 | INFO     | carla_bridge.core.actor_factory:_create_object:365 - Created Static(id=1004)
2026-06-22 16:59:11.749 | INFO     | carla_bridge.core.actor_factory:_create_object:365 - Created Static(id=1003)
2026-06-22 16:59:11.766 | INFO     | carla_bridge.core.actor_factory:_create_object:365 - Created Static(id=1002)
2026-06-22 16:59:11.777 | INFO     | carla_bridge.core.actor_factory:_create_object:365 - Created Static(id=1001)
2026-06-22 16:59:11.782 | INFO     | carla_bridge.core.actor_factory:_create_object:365 - Created Static(id=1000)
2026-06-22 16:59:11.782 | INFO     | carla_bridge.core.actor_factory:_create_object:365 - Created Static(id=999)
2026-06-22 16:59:11.800 | INFO     | carla_bridge.core.actor_factory:_create_object:365 - Created Static(id=998)
2026-06-22 16:59:11.800 | INFO     | carla_bridge.core.actor_factory:_create_object:365 - Created Static(id=997)
2026-06-22 16:59:11.825 | INFO     | carla_bridge.core.actor_factory:_create_object:365 - Created Static(id=996)
2026-06-22 16:59:11.842 | INFO     | carla_bridge.core.actor_factory:_create_object:365 - Created Static(id=995)
2026-06-22 16:59:11.860 | INFO     | carla_bridge.core.actor_factory:_create_object:365 - Created Static(id=994)
2026-06-22 16:59:11.872 | INFO     | carla_bridge.core.actor_factory:_create_object:365 - Created Static(id=993)
2026-06-22 16:59:11.883 | INFO     | carla_bridge.core.actor_factory:_create_object:365 - Created Static(id=992)
2026-06-22 16:59:11.906 | INFO     | carla_bridge.core.actor_factory:_create_object:365 - Created Static(id=991)
2026-06-22 16:59:11.928 | INFO     | carla_bridge.core.actor_factory:_create_object:365 - Created Static(id=990)
2026-06-22 16:59:11.938 | INFO     | carla_bridge.core.actor_factory:_create_object:365 - Created Static(id=989)
2026-06-22 16:59:11.956 | INFO     | carla_bridge.core.actor_factory:_create_object:365 - Created Static(id=988)
2026-06-22 16:59:11.961 | INFO     | carla_bridge.core.actor_factory:_create_object:365 - Created Static(id=987)
2026-06-22 16:59:11.984 | INFO     | carla_bridge.core.actor_factory:_create_object:365 - Created Static(id=986)
2026-06-22 16:59:11.989 | INFO     | carla_bridge.core.actor_factory:_create_object:365 - Created Static(id=985)
2026-06-22 16:59:12.005 | INFO     | carla_bridge.core.actor_factory:_create_object:365 - Created Static(id=984)
2026-06-22 16:59:12.042 | INFO     | carla_bridge.core.actor_factory:_create_object:365 - Created Static(id=983)
2026-06-22 16:59:12.057 | INFO     | carla_bridge.core.actor_factory:_create_object:365 - Created Static(id=982)
2026-06-22 16:59:12.078 | INFO     | carla_bridge.core.actor_factory:_create_object:365 - Created Traffic(id=981)
2026-06-22 16:59:12.088 | INFO     | carla_bridge.core.actor_factory:_create_object:365 - Created Traffic(id=980)
2026-06-22 16:59:12.111 | INFO     | carla_bridge.core.actor_factory:_create_object:365 - Created Traffic(id=979)
2026-06-22 16:59:12.132 | INFO     | carla_bridge.core.actor_factory:_create_object:365 - Created Traffic(id=978)
2026-06-22 16:59:12.142 | INFO     | carla_bridge.core.actor_factory:_create_object:365 - Created Traffic(id=977)
2026-06-22 16:59:12.152 | INFO     | carla_bridge.core.actor_factory:_create_object:365 - Created Traffic(id=976)
2026-06-22 16:59:12.158 | INFO     | carla_bridge.core.actor_factory:_create_object:365 - Created Traffic(id=975)
2026-06-22 16:59:12.163 | INFO     | carla_bridge.core.actor_factory:_create_object:365 - Created Traffic(id=974)
2026-06-22 16:59:12.179 | INFO     | carla_bridge.core.actor_factory:_create_object:365 - Created Traffic(id=973)
2026-06-22 16:59:12.189 | INFO     | carla_bridge.core.actor_factory:_create_object:365 - Created Traffic(id=972)
2026-06-22 16:59:12.212 | INFO     | carla_bridge.core.actor_factory:_create_object:365 - Created Traffic(id=971)
2026-06-22 16:59:12.222 | INFO     | carla_bridge.core.actor_factory:_create_object:365 - Created Traffic(id=970)
2026-06-22 16:59:12.233 | INFO     | carla_bridge.core.actor_factory:_create_object:365 - Created Traffic(id=969)
2026-06-22 16:59:12.250 | INFO     | carla_bridge.core.actor_factory:_create_object:365 - Created Traffic(id=968)
2026-06-22 16:59:12.266 | INFO     | carla_bridge.core.actor_factory:_create_object:365 - Created Traffic(id=967)
2026-06-22 16:59:12.281 | INFO     | carla_bridge.core.actor_factory:_create_object:365 - Created Traffic(id=966)
2026-06-22 16:59:12.304 | INFO     | carla_bridge.core.actor_factory:_create_object:365 - Created Traffic(id=965)
2026-06-22 16:59:12.335 | INFO     | carla_bridge.core.actor_factory:_create_object:365 - Created Traffic(id=964)
2026-06-22 16:59:12.345 | INFO     | carla_bridge.core.actor_factory:_create_object:365 - Created Traffic(id=963)
2026-06-22 16:59:12.351 | INFO     | carla_bridge.core.actor_factory:_create_object:365 - Created Traffic(id=962)
2026-06-22 16:59:12.356 | INFO     | carla_bridge.core.actor_factory:_create_object:365 - Created Traffic(id=961)
2026-06-22 16:59:12.379 | INFO     | carla_bridge.core.actor_factory:_create_object:365 - Created TrafficLight(id=960)
2026-06-22 16:59:12.384 | INFO     | carla_bridge.core.actor_factory:_create_object:365 - Created TrafficLight(id=959)
2026-06-22 16:59:12.400 | INFO     | carla_bridge.core.actor_factory:_create_object:365 - Created TrafficLight(id=958)
2026-06-22 16:59:12.415 | INFO     | carla_bridge.core.actor_factory:_create_object:365 - Created TrafficLight(id=957)
2026-06-22 16:59:12.426 | INFO     | carla_bridge.core.actor_factory:_create_object:365 - Created TrafficLight(id=956)
2026-06-22 16:59:12.453 | INFO     | carla_bridge.core.actor_factory:_create_object:365 - Created TrafficLight(id=955)
2026-06-22 16:59:12.458 | INFO     | carla_bridge.core.actor_factory:_create_object:365 - Created TrafficLight(id=954)
2026-06-22 16:59:12.459 | INFO     | carla_bridge.core.actor_factory:_create_object:365 - Created TrafficLight(id=953)
2026-06-22 16:59:12.459 | INFO     | carla_bridge.core.actor_factory:_create_object:365 - Created TrafficLight(id=952)
2026-06-22 16:59:12.477 | INFO     | carla_bridge.core.actor_factory:_create_object:365 - Created TrafficLight(id=951)
2026-06-22 16:59:12.489 | INFO     | carla_bridge.core.actor_factory:_create_object:365 - Created TrafficLight(id=950)
2026-06-22 16:59:12.512 | INFO     | carla_bridge.core.actor_factory:_create_object:365 - Created TrafficLight(id=949)
2026-06-22 16:59:12.518 | INFO     | carla_bridge.core.actor_factory:_create_object:365 - Created TrafficLight(id=948)
2026-06-22 16:59:12.518 | INFO     | carla_bridge.core.actor_factory:_create_object:365 - Created TrafficLight(id=947)
2026-06-22 16:59:12.529 | INFO     | carla_bridge.core.actor_factory:_create_object:365 - Created TrafficLight(id=946)
2026-06-22 16:59:12.544 | INFO     | carla_bridge.core.actor_factory:_create_object:365 - Created TrafficLight(id=945)
2026-06-22 16:59:12.556 | INFO     | carla_bridge.core.actor_factory:_create_object:365 - Created TrafficLight(id=944)
2026-06-22 16:59:12.574 | INFO     | carla_bridge.core.actor_factory:_create_object:365 - Created TrafficLight(id=943)
2026-06-22 16:59:12.574 | INFO     | carla_bridge.core.actor_factory:_create_object:365 - Created TrafficLight(id=942)
2026-06-22 16:59:12.586 | INFO     | carla_bridge.core.actor_factory:_create_object:365 - Created TrafficLight(id=941)
2026-06-22 16:59:12.602 | INFO     | carla_bridge.core.actor_factory:_create_object:365 - Created TrafficLight(id=940)
2026-06-22 16:59:12.612 | INFO     | carla_bridge.core.actor_factory:_create_object:365 - Created TrafficLight(id=939)
2026-06-22 16:59:12.613 | INFO     | carla_bridge.core.actor_factory:_create_object:365 - Created TrafficLight(id=938)
2026-06-22 16:59:12.613 | INFO     | carla_bridge.core.actor_factory:_create_object:365 - Created TrafficLight(id=937)
2026-06-22 16:59:12.623 | INFO     | carla_bridge.core.actor_factory:_create_object:365 - Created TrafficLight(id=936)
2026-06-22 16:59:12.628 | INFO     | carla_bridge.core.actor_factory:_create_object:365 - Created TrafficLight(id=935)
2026-06-22 16:59:12.629 | INFO     | carla_bridge.core.actor_factory:_create_object:365 - Created TrafficLight(id=934)
2026-06-22 16:59:12.629 | INFO     | carla_bridge.core.actor_factory:_create_object:365 - Created TrafficLight(id=933)
2026-06-22 16:59:12.634 | INFO     | carla_bridge.core.actor_factory:_create_object:365 - Created TrafficLight(id=932)
2026-06-22 16:59:12.639 | INFO     | carla_bridge.core.actor_factory:_create_object:365 - Created TrafficLight(id=931)
2026-06-22 16:59:12.650 | INFO     | carla_bridge.core.actor_factory:_create_object:365 - Created TrafficLight(id=930)
2026-06-22 16:59:12.672 | INFO     | carla_bridge.core.actor_factory:_create_object:365 - Created TrafficLight(id=929)
2026-06-22 16:59:12.678 | INFO     | carla_bridge.core.actor_factory:_create_object:365 - Created TrafficLight(id=928)
2026-06-22 16:59:12.690 | INFO     | carla_bridge.core.actor_factory:_create_object:365 - Created TrafficLight(id=927)
2026-06-22 16:59:12.701 | INFO     | carla_bridge.core.actor_factory:_create_object:365 - Created TrafficLight(id=926)
2026-06-22 16:59:12.711 | INFO     | carla_bridge.core.actor_factory:_create_object:365 - Created TrafficLight(id=925)
2026-06-22 16:59:12.727 | INFO     | carla_bridge.core.actor_factory:_create_object:365 - Created Spectator(id=924)
2026-06-22 16:59:12.727 | INFO     | carla_bridge.core.actor_factory:_create_object:365 - Created TrafficLightsSensor(id=10000)
2026-06-22 16:59:12.729 | INFO     | carla_bridge.core.actor_factory:_create_object:365 - Created EgoVehicle(id=1097)
2026-06-22 16:59:12.729 | DEBUG    | carla_bridge.core.carla_spawn_objects:setup_sensors:144 - sensor: {'type': 'sensor.other.gnss', 'id': 'gnss', 'spawn_point': {'x': 1.0, 'y': 0.0, 'z': 2.0}, 'noise_alt_stddev': 0.0, 'noise_lat_stddev': 0.0, 'noise_lon_stddev': 0.0, 'noise_alt_bias': 0.0, 'noise_lat_bias': 0.0, 'noise_lon_bias': 0.0}, attach: 1097
2026-06-22 16:59:12.732 | DEBUG    | carla_bridge.core.carla_spawn_objects:setup_sensors:144 - sensor: {'type': 'sensor.other.imu', 'id': 'gnss/imu', 'spawn_point': {'x': 2.0, 'y': 0.0, 'z': 2.0, 'roll': 0.0, 'pitch': 0.0, 'yaw': 0.0}, 'noise_accel_stddev_x': 0.0, 'noise_accel_stddev_y': 0.0, 'noise_accel_stddev_z': 0.0, 'noise_gyro_stddev_x': 0.0, 'noise_gyro_stddev_y': 0.0, 'noise_gyro_stddev_z': 0.0, 'noise_gyro_bias_x': 0.0, 'noise_gyro_bias_y': 0.0, 'noise_gyro_bias_z': 0.0}, attach: 1097
2026-06-22 16:59:12.736 | DEBUG    | carla_bridge.core.carla_spawn_objects:setup_sensors:144 - sensor: {'type': 'sensor.camera.rgb', 'id': 'front_6mm', 'spawn_point': {'x': 2.0, 'y': 0.0, 'z': 2.0, 'roll': 0.0, 'pitch': 0.0, 'yaw': 0.0}, 'image_size_x': 800, 'image_size_y': 600, 'fov': 90.0, 'fstop': 8.0}, attach: 1097
2026-06-22 16:59:12.738 | DEBUG    | carla_bridge.core.carla_spawn_objects:setup_sensors:144 - sensor: {'type': 'sensor.camera.rgb', 'id': 'front_12mm', 'spawn_point': {'x': 2.5, 'y': 0.0, 'z': 2.8, 'roll': 0.0, 'pitch': 0.0, 'yaw': 0.0}, 'image_size_x': 800, 'image_size_y': 600, 'focal_distance': 2000, 'fov': 90.0, 'fstop': 8.0}, attach: 1097
2026-06-22 16:59:12.738 | DEBUG    | carla_bridge.core.carla_spawn_objects:setup_sensors:144 - sensor: {'type': 'sensor.lidar.ray_cast', 'id': 'velodyne64', 'spawn_point': {'x': 0.0, 'y': 0.0, 'z': 2.4, 'roll': 0.0, 'pitch': 0.0, 'yaw': -90.0}, 'range': 50, 'channels': 64, 'points_per_second': 320000, 'upper_fov': 2.0, 'lower_fov': -26.8, 'rotation_frequency': 10, 'noise_stddev': 0.0}, attach: 1097
2026-06-22 16:59:12.739 | DEBUG    | carla_bridge.core.carla_spawn_objects:setup_sensors:144 - sensor: {'type': 'sensor.other.radar', 'id': 'radar/front', 'spawn_point': {'x': 2.0, 'y': 0.0, 'z': 2.0, 'roll': 0.0, 'pitch': 0.0, 'yaw': 0.0}, 'horizontal_fov': 30.0, 'vertical_fov': 10.0, 'points_per_second': 1500, 'range': 100.0}, attach: 1097
2026-06-22 16:59:12.739 | INFO     | carla_bridge.core.carla_spawn_objects:spawn_objects:88 - All objects spawned.
2026-06-22 16:59:12.751 | INFO     | carla_bridge.core.actor_factory:_create_object:365 - Created Gnss(id=1098)
2026-06-22 16:59:12.752 | INFO     | carla_bridge.core.actor_factory:_create_object:365 - Created ImuSensor(id=1099)
2026-06-22 16:59:12.752 | INFO     | carla_bridge.core.actor_factory:_create_object:365 - Created RgbCamera(id=1100)
2026-06-22 16:59:12.753 | INFO     | carla_bridge.core.actor_factory:_create_object:365 - Created RgbCamera(id=1101)
2026-06-22 16:59:12.754 | INFO     | carla_bridge.core.actor_factory:_create_object:365 - Created Lidar(id=1102)
2026-06-22 16:59:12.754 | INFO     | carla_bridge.core.actor_factory:_create_object:365 - Created Radar(id=1103)
2026-06-22 17:00:05.159 | WARNING  | __main__:main:242 - Shutting down.
2026-06-22 17:00:05.175 | INFO     | __main__:destroy:185 - Shutting down...
2026-06-22 17:00:05.207 | INFO     | __main__:destroy:191 - Object update finished.
2026-06-22 17:00:05.208 | INFO     | carla_bridge.core.actor_factory:_destroy_object:261 - Removed TrafficLightsSensor(id=10000)
2026-06-22 17:00:05.212 | INFO     | carla_bridge.core.actor_factory:_destroy_object:261 - Removed EgoVehicle(id=1097)
2026-06-22 17:00:05.222 | INFO     | carla_bridge.core.actor_factory:_destroy_object:261 - Removed Gnss(id=1098)
2026-06-22 17:00:05.234 | INFO     | carla_bridge.core.actor_factory:_destroy_object:261 - Removed ImuSensor(id=1099)
2026-06-22 17:00:05.257 | INFO     | carla_bridge.core.actor_factory:_destroy_object:261 - Removed RgbCamera(id=1100)
2026-06-22 17:00:05.268 | INFO     | carla_bridge.core.actor_factory:_destroy_object:261 - Removed RgbCamera(id=1101)
2026-06-22 17:00:05.270 | INFO     | carla_bridge.core.actor_factory:_destroy_object:261 - Removed Lidar(id=1102)
2026-06-22 17:00:05.272 | INFO     | carla_bridge.core.actor_factory:_destroy_object:261 - Removed Radar(id=1103)
2026-06-22 17:00:07.068 | INFO     | __main__:main:213 - Trying to connect to 127.0.0.1:2000
2026-06-22 17:00:09.026 | INFO     | __main__:main:226 - Connect to 127.0.0.1:2000 successfully.
2026-06-22 17:00:09.316 | DEBUG    | carla_bridge.core.carla_spawn_objects:setup_sensors:144 - sensor: {'type': 'sensor.pseudo.traffic_lights', 'id': 'traffic_lights'}, attach: None
2026-06-22 17:00:09.316 | INFO     | carla_bridge.core.carla_spawn_objects:setup_vehicles:111 - Spawn point from configuration file
2026-06-22 17:00:09.330 | INFO     | carla_bridge.core.actor_factory:_create_object:365 - Created Static(id=1276)
2026-06-22 17:00:09.348 | INFO     | carla_bridge.core.actor_factory:_create_object:365 - Created Static(id=1275)
2026-06-22 17:00:09.358 | INFO     | carla_bridge.core.actor_factory:_create_object:365 - Created Static(id=1274)
2026-06-22 17:00:09.369 | INFO     | carla_bridge.core.actor_factory:_create_object:365 - Created Static(id=1273)
2026-06-22 17:00:09.384 | INFO     | carla_bridge.core.actor_factory:_create_object:365 - Created Static(id=1272)
2026-06-22 17:00:09.402 | INFO     | carla_bridge.core.actor_factory:_create_object:365 - Created Static(id=1271)
2026-06-22 17:00:09.425 | INFO     | carla_bridge.core.actor_factory:_create_object:365 - Created Static(id=1270)
2026-06-22 17:00:09.437 | INFO     | carla_bridge.core.actor_factory:_create_object:365 - Created Static(id=1269)
2026-06-22 17:00:09.447 | INFO     | carla_bridge.core.actor_factory:_create_object:365 - Created Static(id=1268)
2026-06-22 17:00:09.465 | INFO     | carla_bridge.core.actor_factory:_create_object:365 - Created Static(id=1267)
2026-06-22 17:00:09.477 | INFO     | carla_bridge.core.actor_factory:_create_object:365 - Created Static(id=1266)
2026-06-22 17:00:09.488 | INFO     | carla_bridge.core.actor_factory:_create_object:365 - Created Static(id=1265)
2026-06-22 17:00:09.498 | INFO     | carla_bridge.core.actor_factory:_create_object:365 - Created Static(id=1264)
2026-06-22 17:00:09.509 | INFO     | carla_bridge.core.actor_factory:_create_object:365 - Created Static(id=1263)
2026-06-22 17:00:09.514 | INFO     | carla_bridge.core.actor_factory:_create_object:365 - Created Static(id=1262)
2026-06-22 17:00:09.542 | INFO     | carla_bridge.core.actor_factory:_create_object:365 - Created Static(id=1261)
2026-06-22 17:00:09.552 | INFO     | carla_bridge.core.actor_factory:_create_object:365 - Created Static(id=1260)
2026-06-22 17:00:09.578 | INFO     | carla_bridge.core.actor_factory:_create_object:365 - Created Static(id=1259)
2026-06-22 17:00:09.588 | INFO     | carla_bridge.core.actor_factory:_create_object:365 - Created Static(id=1258)
2026-06-22 17:00:09.588 | INFO     | carla_bridge.core.actor_factory:_create_object:365 - Created Static(id=1257)
2026-06-22 17:00:09.593 | INFO     | carla_bridge.core.actor_factory:_create_object:365 - Created Static(id=1256)
2026-06-22 17:00:09.609 | INFO     | carla_bridge.core.actor_factory:_create_object:365 - Created Static(id=1255)
2026-06-22 17:00:09.614 | INFO     | carla_bridge.core.actor_factory:_create_object:365 - Created Static(id=1254)
2026-06-22 17:00:09.625 | INFO     | carla_bridge.core.actor_factory:_create_object:365 - Created Static(id=1253)
2026-06-22 17:00:09.630 | INFO     | carla_bridge.core.actor_factory:_create_object:365 - Created Static(id=1252)
2026-06-22 17:00:09.648 | INFO     | carla_bridge.core.actor_factory:_create_object:365 - Created Static(id=1251)
2026-06-22 17:00:09.663 | INFO     | carla_bridge.core.actor_factory:_create_object:365 - Created Static(id=1250)
2026-06-22 17:00:09.674 | INFO     | carla_bridge.core.actor_factory:_create_object:365 - Created Static(id=1249)
2026-06-22 17:00:09.679 | INFO     | carla_bridge.core.actor_factory:_create_object:365 - Created Static(id=1248)
2026-06-22 17:00:09.679 | INFO     | carla_bridge.core.actor_factory:_create_object:365 - Created Static(id=1247)
2026-06-22 17:00:09.684 | INFO     | carla_bridge.core.actor_factory:_create_object:365 - Created Static(id=1246)
2026-06-22 17:00:09.689 | INFO     | carla_bridge.core.actor_factory:_create_object:365 - Created Static(id=1245)
2026-06-22 17:00:09.695 | INFO     | carla_bridge.core.actor_factory:_create_object:365 - Created Static(id=1244)
2026-06-22 17:00:09.695 | INFO     | carla_bridge.core.actor_factory:_create_object:365 - Created Static(id=1243)
2026-06-22 17:00:09.700 | INFO     | carla_bridge.core.actor_factory:_create_object:365 - Created Static(id=1242)
2026-06-22 17:00:09.728 | INFO     | carla_bridge.core.actor_factory:_create_object:365 - Created Static(id=1241)
2026-06-22 17:00:09.734 | INFO     | carla_bridge.core.actor_factory:_create_object:365 - Created Static(id=1240)
2026-06-22 17:00:09.759 | INFO     | carla_bridge.core.actor_factory:_create_object:365 - Created Static(id=1239)
2026-06-22 17:00:09.770 | INFO     | carla_bridge.core.actor_factory:_create_object:365 - Created Static(id=1238)
2026-06-22 17:00:09.787 | INFO     | carla_bridge.core.actor_factory:_create_object:365 - Created Static(id=1237)
2026-06-22 17:00:09.808 | INFO     | carla_bridge.core.actor_factory:_create_object:365 - Created Static(id=1236)
2026-06-22 17:00:09.825 | INFO     | carla_bridge.core.actor_factory:_create_object:365 - Created Static(id=1235)
2026-06-22 17:00:09.850 | INFO     | carla_bridge.core.actor_factory:_create_object:365 - Created Static(id=1234)
2026-06-22 17:00:09.861 | INFO     | carla_bridge.core.actor_factory:_create_object:365 - Created Static(id=1233)
2026-06-22 17:00:09.866 | INFO     | carla_bridge.core.actor_factory:_create_object:365 - Created Static(id=1232)
2026-06-22 17:00:09.892 | INFO     | carla_bridge.core.actor_factory:_create_object:365 - Created Static(id=1231)
2026-06-22 17:00:09.919 | INFO     | carla_bridge.core.actor_factory:_create_object:365 - Created Static(id=1230)
2026-06-22 17:00:09.930 | INFO     | carla_bridge.core.actor_factory:_create_object:365 - Created Static(id=1229)
2026-06-22 17:00:09.940 | INFO     | carla_bridge.core.actor_factory:_create_object:365 - Created Static(id=1228)
2026-06-22 17:00:09.946 | INFO     | carla_bridge.core.actor_factory:_create_object:365 - Created Static(id=1227)
2026-06-22 17:00:09.968 | INFO     | carla_bridge.core.actor_factory:_create_object:365 - Created Static(id=1226)
2026-06-22 17:00:09.989 | INFO     | carla_bridge.core.actor_factory:_create_object:365 - Created Static(id=1225)
2026-06-22 17:00:10.005 | INFO     | carla_bridge.core.actor_factory:_create_object:365 - Created Static(id=1224)
2026-06-22 17:00:10.028 | INFO     | carla_bridge.core.actor_factory:_create_object:365 - Created Static(id=1223)
2026-06-22 17:00:10.048 | INFO     | carla_bridge.core.actor_factory:_create_object:365 - Created Static(id=1222)
2026-06-22 17:00:10.069 | INFO     | carla_bridge.core.actor_factory:_create_object:365 - Created Static(id=1221)
2026-06-22 17:00:10.080 | INFO     | carla_bridge.core.actor_factory:_create_object:365 - Created Static(id=1220)
2026-06-22 17:00:10.090 | INFO     | carla_bridge.core.actor_factory:_create_object:365 - Created Static(id=1219)
2026-06-22 17:00:10.096 | INFO     | carla_bridge.core.actor_factory:_create_object:365 - Created Static(id=1218)
2026-06-22 17:00:10.108 | INFO     | carla_bridge.core.actor_factory:_create_object:365 - Created Static(id=1217)
2026-06-22 17:00:10.134 | INFO     | carla_bridge.core.actor_factory:_create_object:365 - Created Static(id=1216)
2026-06-22 17:00:10.157 | INFO     | carla_bridge.core.actor_factory:_create_object:365 - Created Static(id=1215)
2026-06-22 17:00:10.162 | INFO     | carla_bridge.core.actor_factory:_create_object:365 - Created Static(id=1214)
2026-06-22 17:00:10.168 | INFO     | carla_bridge.core.actor_factory:_create_object:365 - Created Static(id=1213)
2026-06-22 17:00:10.185 | INFO     | carla_bridge.core.actor_factory:_create_object:365 - Created Static(id=1212)
2026-06-22 17:00:10.191 | INFO     | carla_bridge.core.actor_factory:_create_object:365 - Created Static(id=1211)
2026-06-22 17:00:10.196 | INFO     | carla_bridge.core.actor_factory:_create_object:365 - Created Static(id=1210)
2026-06-22 17:00:10.196 | INFO     | carla_bridge.core.actor_factory:_create_object:365 - Created Static(id=1209)
2026-06-22 17:00:10.214 | INFO     | carla_bridge.core.actor_factory:_create_object:365 - Created Static(id=1208)
2026-06-22 17:00:10.229 | INFO     | carla_bridge.core.actor_factory:_create_object:365 - Created Static(id=1207)
2026-06-22 17:00:10.252 | INFO     | carla_bridge.core.actor_factory:_create_object:365 - Created Static(id=1206)
2026-06-22 17:00:10.282 | INFO     | carla_bridge.core.actor_factory:_create_object:365 - Created Static(id=1205)
2026-06-22 17:00:10.292 | INFO     | carla_bridge.core.actor_factory:_create_object:365 - Created Static(id=1204)
2026-06-22 17:00:10.308 | INFO     | carla_bridge.core.actor_factory:_create_object:365 - Created Static(id=1203)
2026-06-22 17:00:10.330 | INFO     | carla_bridge.core.actor_factory:_create_object:365 - Created Static(id=1202)
2026-06-22 17:00:10.351 | INFO     | carla_bridge.core.actor_factory:_create_object:365 - Created Static(id=1201)
2026-06-22 17:00:10.361 | INFO     | carla_bridge.core.actor_factory:_create_object:365 - Created Static(id=1200)
2026-06-22 17:00:10.389 | INFO     | carla_bridge.core.actor_factory:_create_object:365 - Created Static(id=1199)
2026-06-22 17:00:10.400 | INFO     | carla_bridge.core.actor_factory:_create_object:365 - Created Static(id=1198)
2026-06-22 17:00:10.412 | INFO     | carla_bridge.core.actor_factory:_create_object:365 - Created Static(id=1197)
2026-06-22 17:00:10.417 | INFO     | carla_bridge.core.actor_factory:_create_object:365 - Created Static(id=1196)
2026-06-22 17:00:10.423 | INFO     | carla_bridge.core.actor_factory:_create_object:365 - Created Static(id=1195)
2026-06-22 17:00:10.448 | INFO     | carla_bridge.core.actor_factory:_create_object:365 - Created Static(id=1194)
2026-06-22 17:00:10.448 | INFO     | carla_bridge.core.actor_factory:_create_object:365 - Created Static(id=1193)
2026-06-22 17:00:10.459 | INFO     | carla_bridge.core.actor_factory:_create_object:365 - Created Static(id=1192)
2026-06-22 17:00:10.469 | INFO     | carla_bridge.core.actor_factory:_create_object:365 - Created Static(id=1191)
2026-06-22 17:00:10.487 | INFO     | carla_bridge.core.actor_factory:_create_object:365 - Created Static(id=1190)
2026-06-22 17:00:10.492 | INFO     | carla_bridge.core.actor_factory:_create_object:365 - Created Static(id=1189)
2026-06-22 17:00:10.503 | INFO     | carla_bridge.core.actor_factory:_create_object:365 - Created Static(id=1188)
2026-06-22 17:00:10.523 | INFO     | carla_bridge.core.actor_factory:_create_object:365 - Created Static(id=1187)
2026-06-22 17:00:10.539 | INFO     | carla_bridge.core.actor_factory:_create_object:365 - Created Static(id=1186)
2026-06-22 17:00:10.557 | INFO     | carla_bridge.core.actor_factory:_create_object:365 - Created Static(id=1185)
2026-06-22 17:00:10.577 | INFO     | carla_bridge.core.actor_factory:_create_object:365 - Created Static(id=1184)
2026-06-22 17:00:10.588 | INFO     | carla_bridge.core.actor_factory:_create_object:365 - Created Static(id=1183)
2026-06-22 17:00:10.603 | INFO     | carla_bridge.core.actor_factory:_create_object:365 - Created Static(id=1182)
2026-06-22 17:00:10.621 | INFO     | carla_bridge.core.actor_factory:_create_object:365 - Created Static(id=1181)
2026-06-22 17:00:10.631 | INFO     | carla_bridge.core.actor_factory:_create_object:365 - Created Static(id=1180)
2026-06-22 17:00:10.649 | INFO     | carla_bridge.core.actor_factory:_create_object:365 - Created Static(id=1179)
2026-06-22 17:00:10.659 | INFO     | carla_bridge.core.actor_factory:_create_object:365 - Created Static(id=1178)
2026-06-22 17:00:10.660 | INFO     | carla_bridge.core.actor_factory:_create_object:365 - Created Static(id=1177)
2026-06-22 17:00:10.665 | INFO     | carla_bridge.core.actor_factory:_create_object:365 - Created Static(id=1176)
2026-06-22 17:00:10.675 | INFO     | carla_bridge.core.actor_factory:_create_object:365 - Created Static(id=1175)
2026-06-22 17:00:10.708 | INFO     | carla_bridge.core.actor_factory:_create_object:365 - Created Static(id=1174)
2026-06-22 17:00:10.720 | INFO     | carla_bridge.core.actor_factory:_create_object:365 - Created Static(id=1173)
2026-06-22 17:00:10.731 | INFO     | carla_bridge.core.actor_factory:_create_object:365 - Created Static(id=1172)
2026-06-22 17:00:10.731 | INFO     | carla_bridge.core.actor_factory:_create_object:365 - Created Static(id=1171)
2026-06-22 17:00:10.738 | INFO     | carla_bridge.core.actor_factory:_create_object:365 - Created Static(id=1170)
2026-06-22 17:00:10.749 | INFO     | carla_bridge.core.actor_factory:_create_object:365 - Created Static(id=1169)
2026-06-22 17:00:10.749 | INFO     | carla_bridge.core.actor_factory:_create_object:365 - Created Static(id=1168)
2026-06-22 17:00:10.754 | INFO     | carla_bridge.core.actor_factory:_create_object:365 - Created Static(id=1167)
2026-06-22 17:00:10.777 | INFO     | carla_bridge.core.actor_factory:_create_object:365 - Created Static(id=1166)
2026-06-22 17:00:10.787 | INFO     | carla_bridge.core.actor_factory:_create_object:365 - Created Static(id=1165)
2026-06-22 17:00:10.798 | INFO     | carla_bridge.core.actor_factory:_create_object:365 - Created Static(id=1164)
2026-06-22 17:00:10.815 | INFO     | carla_bridge.core.actor_factory:_create_object:365 - Created Static(id=1163)
2026-06-22 17:00:10.821 | INFO     | carla_bridge.core.actor_factory:_create_object:365 - Created Static(id=1162)
2026-06-22 17:00:10.831 | INFO     | carla_bridge.core.actor_factory:_create_object:365 - Created Traffic(id=1161)
2026-06-22 17:00:10.841 | INFO     | carla_bridge.core.actor_factory:_create_object:365 - Created Traffic(id=1160)
2026-06-22 17:00:10.852 | INFO     | carla_bridge.core.actor_factory:_create_object:365 - Created Traffic(id=1159)
2026-06-22 17:00:10.867 | INFO     | carla_bridge.core.actor_factory:_create_object:365 - Created Traffic(id=1158)
2026-06-22 17:00:10.880 | INFO     | carla_bridge.core.actor_factory:_create_object:365 - Created Traffic(id=1157)
2026-06-22 17:00:10.890 | INFO     | carla_bridge.core.actor_factory:_create_object:365 - Created Traffic(id=1156)
2026-06-22 17:00:10.896 | INFO     | carla_bridge.core.actor_factory:_create_object:365 - Created Traffic(id=1155)
2026-06-22 17:00:10.906 | INFO     | carla_bridge.core.actor_factory:_create_object:365 - Created Traffic(id=1154)
2026-06-22 17:00:10.911 | INFO     | carla_bridge.core.actor_factory:_create_object:365 - Created Traffic(id=1153)
2026-06-22 17:00:10.922 | INFO     | carla_bridge.core.actor_factory:_create_object:365 - Created Traffic(id=1152)
2026-06-22 17:00:10.932 | INFO     | carla_bridge.core.actor_factory:_create_object:365 - Created Traffic(id=1151)
2026-06-22 17:00:10.938 | INFO     | carla_bridge.core.actor_factory:_create_object:365 - Created Traffic(id=1150)
2026-06-22 17:00:10.955 | INFO     | carla_bridge.core.actor_factory:_create_object:365 - Created Traffic(id=1149)
2026-06-22 17:00:10.971 | INFO     | carla_bridge.core.actor_factory:_create_object:365 - Created Traffic(id=1148)
2026-06-22 17:00:10.981 | INFO     | carla_bridge.core.actor_factory:_create_object:365 - Created Traffic(id=1147)
2026-06-22 17:00:10.991 | INFO     | carla_bridge.core.actor_factory:_create_object:365 - Created Traffic(id=1146)
2026-06-22 17:00:10.997 | INFO     | carla_bridge.core.actor_factory:_create_object:365 - Created Traffic(id=1145)
2026-06-22 17:00:11.007 | INFO     | carla_bridge.core.actor_factory:_create_object:365 - Created Traffic(id=1144)
2026-06-22 17:00:11.023 | INFO     | carla_bridge.core.actor_factory:_create_object:365 - Created Traffic(id=1143)
2026-06-22 17:00:11.040 | INFO     | carla_bridge.core.actor_factory:_create_object:365 - Created Traffic(id=1142)
2026-06-22 17:00:11.051 | INFO     | carla_bridge.core.actor_factory:_create_object:365 - Created Traffic(id=1141)
2026-06-22 17:00:11.051 | INFO     | carla_bridge.core.actor_factory:_create_object:365 - Created TrafficLight(id=1140)
2026-06-22 17:00:11.056 | INFO     | carla_bridge.core.actor_factory:_create_object:365 - Created TrafficLight(id=1139)
2026-06-22 17:00:11.069 | INFO     | carla_bridge.core.actor_factory:_create_object:365 - Created TrafficLight(id=1138)
2026-06-22 17:00:11.074 | INFO     | carla_bridge.core.actor_factory:_create_object:365 - Created TrafficLight(id=1137)
2026-06-22 17:00:11.085 | INFO     | carla_bridge.core.actor_factory:_create_object:365 - Created TrafficLight(id=1136)
2026-06-22 17:00:11.095 | INFO     | carla_bridge.core.actor_factory:_create_object:365 - Created TrafficLight(id=1135)
2026-06-22 17:00:11.108 | INFO     | carla_bridge.core.actor_factory:_create_object:365 - Created TrafficLight(id=1134)
2026-06-22 17:00:11.113 | INFO     | carla_bridge.core.actor_factory:_create_object:365 - Created TrafficLight(id=1133)
2026-06-22 17:00:11.134 | INFO     | carla_bridge.core.actor_factory:_create_object:365 - Created TrafficLight(id=1132)
2026-06-22 17:00:11.149 | INFO     | carla_bridge.core.actor_factory:_create_object:365 - Created TrafficLight(id=1131)
2026-06-22 17:00:11.150 | INFO     | carla_bridge.core.actor_factory:_create_object:365 - Created TrafficLight(id=1130)
2026-06-22 17:00:11.155 | INFO     | carla_bridge.core.actor_factory:_create_object:365 - Created TrafficLight(id=1129)
2026-06-22 17:00:11.165 | INFO     | carla_bridge.core.actor_factory:_create_object:365 - Created TrafficLight(id=1128)
2026-06-22 17:00:11.181 | INFO     | carla_bridge.core.actor_factory:_create_object:365 - Created TrafficLight(id=1127)
2026-06-22 17:00:11.191 | INFO     | carla_bridge.core.actor_factory:_create_object:365 - Created TrafficLight(id=1126)
2026-06-22 17:00:11.197 | INFO     | carla_bridge.core.actor_factory:_create_object:365 - Created TrafficLight(id=1125)
2026-06-22 17:00:11.202 | INFO     | carla_bridge.core.actor_factory:_create_object:365 - Created TrafficLight(id=1124)
2026-06-22 17:00:11.207 | INFO     | carla_bridge.core.actor_factory:_create_object:365 - Created TrafficLight(id=1123)
2026-06-22 17:00:11.213 | INFO     | carla_bridge.core.actor_factory:_create_object:365 - Created TrafficLight(id=1122)
2026-06-22 17:00:11.218 | INFO     | carla_bridge.core.actor_factory:_create_object:365 - Created TrafficLight(id=1121)
2026-06-22 17:00:11.223 | INFO     | carla_bridge.core.actor_factory:_create_object:365 - Created TrafficLight(id=1120)
2026-06-22 17:00:11.228 | INFO     | carla_bridge.core.actor_factory:_create_object:365 - Created TrafficLight(id=1119)
2026-06-22 17:00:11.271 | INFO     | carla_bridge.core.actor_factory:_create_object:365 - Created TrafficLight(id=1118)
2026-06-22 17:00:11.286 | INFO     | carla_bridge.core.actor_factory:_create_object:365 - Created TrafficLight(id=1117)
2026-06-22 17:00:11.297 | INFO     | carla_bridge.core.actor_factory:_create_object:365 - Created TrafficLight(id=1116)
2026-06-22 17:00:11.307 | INFO     | carla_bridge.core.actor_factory:_create_object:365 - Created TrafficLight(id=1115)
2026-06-22 17:00:11.318 | INFO     | carla_bridge.core.actor_factory:_create_object:365 - Created TrafficLight(id=1114)
2026-06-22 17:00:11.339 | INFO     | carla_bridge.core.actor_factory:_create_object:365 - Created TrafficLight(id=1113)
2026-06-22 17:00:11.344 | INFO     | carla_bridge.core.actor_factory:_create_object:365 - Created TrafficLight(id=1112)
2026-06-22 17:00:11.360 | INFO     | carla_bridge.core.actor_factory:_create_object:365 - Created TrafficLight(id=1111)
2026-06-22 17:00:11.375 | INFO     | carla_bridge.core.actor_factory:_create_object:365 - Created TrafficLight(id=1110)
2026-06-22 17:00:11.391 | INFO     | carla_bridge.core.actor_factory:_create_object:365 - Created TrafficLight(id=1109)
2026-06-22 17:00:11.408 | INFO     | carla_bridge.core.actor_factory:_create_object:365 - Created TrafficLight(id=1108)
2026-06-22 17:00:11.418 | INFO     | carla_bridge.core.actor_factory:_create_object:365 - Created TrafficLight(id=1107)
2026-06-22 17:00:11.436 | INFO     | carla_bridge.core.actor_factory:_create_object:365 - Created TrafficLight(id=1106)
2026-06-22 17:00:11.448 | INFO     | carla_bridge.core.actor_factory:_create_object:365 - Created TrafficLight(id=1105)
2026-06-22 17:00:11.458 | INFO     | carla_bridge.core.actor_factory:_create_object:365 - Created Spectator(id=1104)
2026-06-22 17:00:11.459 | INFO     | carla_bridge.core.actor_factory:_create_object:365 - Created TrafficLightsSensor(id=10000)
2026-06-22 17:00:11.481 | INFO     | carla_bridge.core.actor_factory:_create_object:365 - Created EgoVehicle(id=1277)
2026-06-22 17:00:11.481 | DEBUG    | carla_bridge.core.carla_spawn_objects:setup_sensors:144 - sensor: {'type': 'sensor.other.gnss', 'id': 'gnss', 'spawn_point': {'x': 1.0, 'y': 0.0, 'z': 2.0}, 'noise_alt_stddev': 0.0, 'noise_lat_stddev': 0.0, 'noise_lon_stddev': 0.0, 'noise_alt_bias': 0.0, 'noise_lat_bias': 0.0, 'noise_lon_bias': 0.0}, attach: 1277
2026-06-22 17:00:11.485 | DEBUG    | carla_bridge.core.carla_spawn_objects:setup_sensors:144 - sensor: {'type': 'sensor.other.imu', 'id': 'gnss/imu', 'spawn_point': {'x': 2.0, 'y': 0.0, 'z': 2.0, 'roll': 0.0, 'pitch': 0.0, 'yaw': 0.0}, 'noise_accel_stddev_x': 0.0, 'noise_accel_stddev_y': 0.0, 'noise_accel_stddev_z': 0.0, 'noise_gyro_stddev_x': 0.0, 'noise_gyro_stddev_y': 0.0, 'noise_gyro_stddev_z': 0.0, 'noise_gyro_bias_x': 0.0, 'noise_gyro_bias_y': 0.0, 'noise_gyro_bias_z': 0.0}, attach: 1277
2026-06-22 17:00:11.490 | DEBUG    | carla_bridge.core.carla_spawn_objects:setup_sensors:144 - sensor: {'type': 'sensor.camera.rgb', 'id': 'front_6mm', 'spawn_point': {'x': 2.0, 'y': 0.0, 'z': 2.0, 'roll': 0.0, 'pitch': 0.0, 'yaw': 0.0}, 'image_size_x': 800, 'image_size_y': 600, 'fov': 90.0, 'fstop': 8.0}, attach: 1277
2026-06-22 17:00:11.491 | DEBUG    | carla_bridge.core.carla_spawn_objects:setup_sensors:144 - sensor: {'type': 'sensor.camera.rgb', 'id': 'front_12mm', 'spawn_point': {'x': 2.5, 'y': 0.0, 'z': 2.8, 'roll': 0.0, 'pitch': 0.0, 'yaw': 0.0}, 'image_size_x': 800, 'image_size_y': 600, 'focal_distance': 2000, 'fov': 90.0, 'fstop': 8.0}, attach: 1277
2026-06-22 17:00:11.492 | DEBUG    | carla_bridge.core.carla_spawn_objects:setup_sensors:144 - sensor: {'type': 'sensor.lidar.ray_cast', 'id': 'velodyne64', 'spawn_point': {'x': 0.0, 'y': 0.0, 'z': 2.4, 'roll': 0.0, 'pitch': 0.0, 'yaw': -90.0}, 'range': 50, 'channels': 64, 'points_per_second': 320000, 'upper_fov': 2.0, 'lower_fov': -26.8, 'rotation_frequency': 10, 'noise_stddev': 0.0}, attach: 1277
2026-06-22 17:00:11.492 | DEBUG    | carla_bridge.core.carla_spawn_objects:setup_sensors:144 - sensor: {'type': 'sensor.other.radar', 'id': 'radar/front', 'spawn_point': {'x': 2.0, 'y': 0.0, 'z': 2.0, 'roll': 0.0, 'pitch': 0.0, 'yaw': 0.0}, 'horizontal_fov': 30.0, 'vertical_fov': 10.0, 'points_per_second': 1500, 'range': 100.0}, attach: 1277
2026-06-22 17:00:11.492 | INFO     | carla_bridge.core.carla_spawn_objects:spawn_objects:88 - All objects spawned.
2026-06-22 17:00:11.505 | INFO     | carla_bridge.core.actor_factory:_create_object:365 - Created Gnss(id=1278)
2026-06-22 17:00:11.506 | INFO     | carla_bridge.core.actor_factory:_create_object:365 - Created ImuSensor(id=1279)
2026-06-22 17:00:11.507 | INFO     | carla_bridge.core.actor_factory:_create_object:365 - Created RgbCamera(id=1280)
2026-06-22 17:00:11.507 | INFO     | carla_bridge.core.actor_factory:_create_object:365 - Created RgbCamera(id=1281)
2026-06-22 17:00:11.508 | INFO     | carla_bridge.core.actor_factory:_create_object:365 - Created Lidar(id=1282)
2026-06-22 17:00:11.509 | INFO     | carla_bridge.core.actor_factory:_create_object:365 - Created Radar(id=1283)
2026-06-22 17:00:54.971 | WARNING  | __main__:main:242 - Shutting down.
2026-06-22 17:00:54.972 | INFO     | __main__:destroy:185 - Shutting down...
2026-06-22 17:00:55.035 | INFO     | __main__:destroy:191 - Object update finished.
2026-06-22 17:00:55.036 | INFO     | carla_bridge.core.actor_factory:_destroy_object:261 - Removed TrafficLightsSensor(id=10000)
2026-06-22 17:00:55.080 | INFO     | carla_bridge.core.actor_factory:_destroy_object:261 - Removed RgbCamera(id=1280)
2026-06-22 17:00:55.101 | INFO     | carla_bridge.core.actor_factory:_destroy_object:261 - Removed RgbCamera(id=1281)
2026-06-22 17:00:55.106 | INFO     | carla_bridge.core.actor_factory:_destroy_object:261 - Removed Lidar(id=1282)
2026-06-22 17:00:55.108 | INFO     | carla_bridge.core.actor_factory:_destroy_object:261 - Removed Radar(id=1283)
2026-06-22 17:00:55.112 | INFO     | carla_bridge.core.actor_factory:_destroy_object:261 - Removed EgoVehicle(id=1277)
2026-06-22 17:00:55.116 | INFO     | carla_bridge.core.actor_factory:_destroy_object:261 - Removed Gnss(id=1278)
2026-06-22 17:00:55.120 | INFO     | carla_bridge.core.actor_factory:_destroy_object:261 - Removed ImuSensor(id=1279)
2026-06-22 17:00:56.785 | INFO     | __main__:main:213 - Trying to connect to 127.0.0.1:2000
2026-06-22 17:00:58.741 | INFO     | __main__:main:226 - Connect to 127.0.0.1:2000 successfully.
2026-06-22 17:00:59.009 | DEBUG    | carla_bridge.core.carla_spawn_objects:setup_sensors:144 - sensor: {'type': 'sensor.pseudo.traffic_lights', 'id': 'traffic_lights'}, attach: None
2026-06-22 17:00:59.010 | INFO     | carla_bridge.core.carla_spawn_objects:setup_vehicles:111 - Spawn point from configuration file
2026-06-22 17:00:59.024 | INFO     | carla_bridge.core.actor_factory:_create_object:365 - Created Static(id=1456)
2026-06-22 17:00:59.047 | INFO     | carla_bridge.core.actor_factory:_create_object:365 - Created Static(id=1455)
2026-06-22 17:00:59.057 | INFO     | carla_bridge.core.actor_factory:_create_object:365 - Created Static(id=1454)
2026-06-22 17:00:59.068 | INFO     | carla_bridge.core.actor_factory:_create_object:365 - Created Static(id=1453)
2026-06-22 17:00:59.078 | INFO     | carla_bridge.core.actor_factory:_create_object:365 - Created Static(id=1452)
2026-06-22 17:00:59.089 | INFO     | carla_bridge.core.actor_factory:_create_object:365 - Created Static(id=1451)
2026-06-22 17:00:59.094 | INFO     | carla_bridge.core.actor_factory:_create_object:365 - Created Static(id=1450)
2026-06-22 17:00:59.111 | INFO     | carla_bridge.core.actor_factory:_create_object:365 - Created Static(id=1449)
2026-06-22 17:00:59.117 | INFO     | carla_bridge.core.actor_factory:_create_object:365 - Created Static(id=1448)
2026-06-22 17:00:59.127 | INFO     | carla_bridge.core.actor_factory:_create_object:365 - Created Static(id=1447)
2026-06-22 17:00:59.127 | INFO     | carla_bridge.core.actor_factory:_create_object:365 - Created Static(id=1446)
2026-06-22 17:00:59.133 | INFO     | carla_bridge.core.actor_factory:_create_object:365 - Created Static(id=1445)
2026-06-22 17:00:59.133 | INFO     | carla_bridge.core.actor_factory:_create_object:365 - Created Static(id=1444)
2026-06-22 17:00:59.153 | INFO     | carla_bridge.core.actor_factory:_create_object:365 - Created Static(id=1443)
2026-06-22 17:00:59.169 | INFO     | carla_bridge.core.actor_factory:_create_object:365 - Created Static(id=1442)
2026-06-22 17:00:59.179 | INFO     | carla_bridge.core.actor_factory:_create_object:365 - Created Static(id=1441)
2026-06-22 17:00:59.190 | INFO     | carla_bridge.core.actor_factory:_create_object:365 - Created Static(id=1440)
2026-06-22 17:00:59.195 | INFO     | carla_bridge.core.actor_factory:_create_object:365 - Created Static(id=1439)
2026-06-22 17:00:59.201 | INFO     | carla_bridge.core.actor_factory:_create_object:365 - Created Static(id=1438)
2026-06-22 17:00:59.211 | INFO     | carla_bridge.core.actor_factory:_create_object:365 - Created Static(id=1437)
2026-06-22 17:00:59.222 | INFO     | carla_bridge.core.actor_factory:_create_object:365 - Created Static(id=1436)
2026-06-22 17:00:59.243 | INFO     | carla_bridge.core.actor_factory:_create_object:365 - Created Static(id=1435)
2026-06-22 17:00:59.255 | INFO     | carla_bridge.core.actor_factory:_create_object:365 - Created Static(id=1434)
2026-06-22 17:00:59.255 | INFO     | carla_bridge.core.actor_factory:_create_object:365 - Created Static(id=1433)
2026-06-22 17:00:59.271 | INFO     | carla_bridge.core.actor_factory:_create_object:365 - Created Static(id=1432)
2026-06-22 17:00:59.283 | INFO     | carla_bridge.core.actor_factory:_create_object:365 - Created Static(id=1431)
2026-06-22 17:00:59.299 | INFO     | carla_bridge.core.actor_factory:_create_object:365 - Created Static(id=1430)
2026-06-22 17:00:59.309 | INFO     | carla_bridge.core.actor_factory:_create_object:365 - Created Static(id=1429)
2026-06-22 17:00:59.320 | INFO     | carla_bridge.core.actor_factory:_create_object:365 - Created Static(id=1428)
2026-06-22 17:00:59.330 | INFO     | carla_bridge.core.actor_factory:_create_object:365 - Created Static(id=1427)
2026-06-22 17:00:59.335 | INFO     | carla_bridge.core.actor_factory:_create_object:365 - Created Static(id=1426)
2026-06-22 17:00:59.356 | INFO     | carla_bridge.core.actor_factory:_create_object:365 - Created Static(id=1425)
2026-06-22 17:00:59.373 | INFO     | carla_bridge.core.actor_factory:_create_object:365 - Created Static(id=1424)
2026-06-22 17:00:59.389 | INFO     | carla_bridge.core.actor_factory:_create_object:365 - Created Static(id=1423)
2026-06-22 17:00:59.410 | INFO     | carla_bridge.core.actor_factory:_create_object:365 - Created Static(id=1422)
2026-06-22 17:00:59.437 | INFO     | carla_bridge.core.actor_factory:_create_object:365 - Created Static(id=1421)
2026-06-22 17:00:59.455 | INFO     | carla_bridge.core.actor_factory:_create_object:365 - Created Static(id=1420)
2026-06-22 17:00:59.467 | INFO     | carla_bridge.core.actor_factory:_create_object:365 - Created Static(id=1419)
2026-06-22 17:00:59.478 | INFO     | carla_bridge.core.actor_factory:_create_object:365 - Created Static(id=1418)
2026-06-22 17:00:59.483 | INFO     | carla_bridge.core.actor_factory:_create_object:365 - Created Static(id=1417)
2026-06-22 17:00:59.483 | INFO     | carla_bridge.core.actor_factory:_create_object:365 - Created Static(id=1416)
2026-06-22 17:00:59.501 | INFO     | carla_bridge.core.actor_factory:_create_object:365 - Created Static(id=1415)
2026-06-22 17:00:59.506 | INFO     | carla_bridge.core.actor_factory:_create_object:365 - Created Static(id=1414)
2026-06-22 17:00:59.512 | INFO     | carla_bridge.core.actor_factory:_create_object:365 - Created Static(id=1413)
2026-06-22 17:00:59.534 | INFO     | carla_bridge.core.actor_factory:_create_object:365 - Created Static(id=1412)
2026-06-22 17:00:59.567 | INFO     | carla_bridge.core.actor_factory:_create_object:365 - Created Static(id=1411)
2026-06-22 17:00:59.578 | INFO     | carla_bridge.core.actor_factory:_create_object:365 - Created Static(id=1410)
2026-06-22 17:00:59.590 | INFO     | carla_bridge.core.actor_factory:_create_object:365 - Created Static(id=1409)
2026-06-22 17:00:59.611 | INFO     | carla_bridge.core.actor_factory:_create_object:365 - Created Static(id=1408)
2026-06-22 17:00:59.621 | INFO     | carla_bridge.core.actor_factory:_create_object:365 - Created Static(id=1407)
2026-06-22 17:00:59.622 | INFO     | carla_bridge.core.actor_factory:_create_object:365 - Created Static(id=1406)
2026-06-22 17:00:59.634 | INFO     | carla_bridge.core.actor_factory:_create_object:365 - Created Static(id=1405)
2026-06-22 17:00:59.634 | INFO     | carla_bridge.core.actor_factory:_create_object:365 - Created Static(id=1404)
2026-06-22 17:00:59.640 | INFO     | carla_bridge.core.actor_factory:_create_object:365 - Created Static(id=1403)
2026-06-22 17:00:59.650 | INFO     | carla_bridge.core.actor_factory:_create_object:365 - Created Static(id=1402)
2026-06-22 17:00:59.655 | INFO     | carla_bridge.core.actor_factory:_create_object:365 - Created Static(id=1401)
2026-06-22 17:00:59.666 | INFO     | carla_bridge.core.actor_factory:_create_object:365 - Created Static(id=1400)
2026-06-22 17:00:59.676 | INFO     | carla_bridge.core.actor_factory:_create_object:365 - Created Static(id=1399)
2026-06-22 17:00:59.699 | INFO     | carla_bridge.core.actor_factory:_create_object:365 - Created Static(id=1398)
2026-06-22 17:00:59.716 | INFO     | carla_bridge.core.actor_factory:_create_object:365 - Created Static(id=1397)
2026-06-22 17:00:59.721 | INFO     | carla_bridge.core.actor_factory:_create_object:365 - Created Static(id=1396)
2026-06-22 17:00:59.727 | INFO     | carla_bridge.core.actor_factory:_create_object:365 - Created Static(id=1395)
2026-06-22 17:00:59.756 | INFO     | carla_bridge.core.actor_factory:_create_object:365 - Created Static(id=1394)
2026-06-22 17:00:59.772 | INFO     | carla_bridge.core.actor_factory:_create_object:365 - Created Static(id=1393)
2026-06-22 17:00:59.782 | INFO     | carla_bridge.core.actor_factory:_create_object:365 - Created Static(id=1392)
2026-06-22 17:00:59.795 | INFO     | carla_bridge.core.actor_factory:_create_object:365 - Created Static(id=1391)
2026-06-22 17:00:59.805 | INFO     | carla_bridge.core.actor_factory:_create_object:365 - Created Static(id=1390)
2026-06-22 17:00:59.816 | INFO     | carla_bridge.core.actor_factory:_create_object:365 - Created Static(id=1389)
2026-06-22 17:00:59.821 | INFO     | carla_bridge.core.actor_factory:_create_object:365 - Created Static(id=1388)
2026-06-22 17:00:59.833 | INFO     | carla_bridge.core.actor_factory:_create_object:365 - Created Static(id=1387)
2026-06-22 17:00:59.861 | INFO     | carla_bridge.core.actor_factory:_create_object:365 - Created Static(id=1386)
2026-06-22 17:00:59.877 | INFO     | carla_bridge.core.actor_factory:_create_object:365 - Created Static(id=1385)
2026-06-22 17:00:59.882 | INFO     | carla_bridge.core.actor_factory:_create_object:365 - Created Static(id=1384)
2026-06-22 17:00:59.893 | INFO     | carla_bridge.core.actor_factory:_create_object:365 - Created Static(id=1383)
2026-06-22 17:00:59.898 | INFO     | carla_bridge.core.actor_factory:_create_object:365 - Created Static(id=1382)
2026-06-22 17:00:59.903 | INFO     | carla_bridge.core.actor_factory:_create_object:365 - Created Static(id=1381)
2026-06-22 17:00:59.911 | INFO     | carla_bridge.core.actor_factory:_create_object:365 - Created Static(id=1380)
2026-06-22 17:00:59.923 | INFO     | carla_bridge.core.actor_factory:_create_object:365 - Created Static(id=1379)
2026-06-22 17:00:59.934 | INFO     | carla_bridge.core.actor_factory:_create_object:365 - Created Static(id=1378)
2026-06-22 17:00:59.954 | INFO     | carla_bridge.core.actor_factory:_create_object:365 - Created Static(id=1377)
2026-06-22 17:00:59.965 | INFO     | carla_bridge.core.actor_factory:_create_object:365 - Created Static(id=1376)
2026-06-22 17:00:59.975 | INFO     | carla_bridge.core.actor_factory:_create_object:365 - Created Static(id=1375)
2026-06-22 17:00:59.991 | INFO     | carla_bridge.core.actor_factory:_create_object:365 - Created Static(id=1374)
2026-06-22 17:01:00.003 | INFO     | carla_bridge.core.actor_factory:_create_object:365 - Created Static(id=1373)
2026-06-22 17:01:00.011 | INFO     | carla_bridge.core.actor_factory:_create_object:365 - Created Static(id=1372)
2026-06-22 17:01:00.016 | INFO     | carla_bridge.core.actor_factory:_create_object:365 - Created Static(id=1371)
2026-06-22 17:01:00.026 | INFO     | carla_bridge.core.actor_factory:_create_object:365 - Created Static(id=1370)
2026-06-22 17:01:00.054 | INFO     | carla_bridge.core.actor_factory:_create_object:365 - Created Static(id=1369)
2026-06-22 17:01:00.074 | INFO     | carla_bridge.core.actor_factory:_create_object:365 - Created Static(id=1368)
2026-06-22 17:01:00.093 | INFO     | carla_bridge.core.actor_factory:_create_object:365 - Created Static(id=1367)
2026-06-22 17:01:00.116 | INFO     | carla_bridge.core.actor_factory:_create_object:365 - Created Static(id=1366)
2026-06-22 17:01:00.121 | INFO     | carla_bridge.core.actor_factory:_create_object:365 - Created Static(id=1365)
2026-06-22 17:01:00.151 | INFO     | carla_bridge.core.actor_factory:_create_object:365 - Created Static(id=1364)
2026-06-22 17:01:00.161 | INFO     | carla_bridge.core.actor_factory:_create_object:365 - Created Static(id=1363)
2026-06-22 17:01:00.174 | INFO     | carla_bridge.core.actor_factory:_create_object:365 - Created Static(id=1362)
2026-06-22 17:01:00.184 | INFO     | carla_bridge.core.actor_factory:_create_object:365 - Created Static(id=1361)
2026-06-22 17:01:00.196 | INFO     | carla_bridge.core.actor_factory:_create_object:365 - Created Static(id=1360)
2026-06-22 17:01:00.216 | INFO     | carla_bridge.core.actor_factory:_create_object:365 - Created Static(id=1359)
2026-06-22 17:01:00.237 | INFO     | carla_bridge.core.actor_factory:_create_object:365 - Created Static(id=1358)
2026-06-22 17:01:00.242 | INFO     | carla_bridge.core.actor_factory:_create_object:365 - Created Static(id=1357)
2026-06-22 17:01:00.253 | INFO     | carla_bridge.core.actor_factory:_create_object:365 - Created Static(id=1356)
2026-06-22 17:01:00.258 | INFO     | carla_bridge.core.actor_factory:_create_object:365 - Created Static(id=1355)
2026-06-22 17:01:00.276 | INFO     | carla_bridge.core.actor_factory:_create_object:365 - Created Static(id=1354)
2026-06-22 17:01:00.293 | INFO     | carla_bridge.core.actor_factory:_create_object:365 - Created Static(id=1353)
2026-06-22 17:01:00.304 | INFO     | carla_bridge.core.actor_factory:_create_object:365 - Created Static(id=1352)
2026-06-22 17:01:00.309 | INFO     | carla_bridge.core.actor_factory:_create_object:365 - Created Static(id=1351)
2026-06-22 17:01:00.310 | INFO     | carla_bridge.core.actor_factory:_create_object:365 - Created Static(id=1350)
2026-06-22 17:01:00.320 | INFO     | carla_bridge.core.actor_factory:_create_object:365 - Created Static(id=1349)
2026-06-22 17:01:00.325 | INFO     | carla_bridge.core.actor_factory:_create_object:365 - Created Static(id=1348)
2026-06-22 17:01:00.341 | INFO     | carla_bridge.core.actor_factory:_create_object:365 - Created Static(id=1347)
2026-06-22 17:01:00.359 | INFO     | carla_bridge.core.actor_factory:_create_object:365 - Created Static(id=1346)
2026-06-22 17:01:00.370 | INFO     | carla_bridge.core.actor_factory:_create_object:365 - Created Static(id=1345)
2026-06-22 17:01:00.382 | INFO     | carla_bridge.core.actor_factory:_create_object:365 - Created Static(id=1344)
2026-06-22 17:01:00.398 | INFO     | carla_bridge.core.actor_factory:_create_object:365 - Created Static(id=1343)
2026-06-22 17:01:00.408 | INFO     | carla_bridge.core.actor_factory:_create_object:365 - Created Static(id=1342)
2026-06-22 17:01:00.424 | INFO     | carla_bridge.core.actor_factory:_create_object:365 - Created Traffic(id=1341)
2026-06-22 17:01:00.439 | INFO     | carla_bridge.core.actor_factory:_create_object:365 - Created Traffic(id=1340)
2026-06-22 17:01:00.445 | INFO     | carla_bridge.core.actor_factory:_create_object:365 - Created Traffic(id=1339)
2026-06-22 17:01:00.455 | INFO     | carla_bridge.core.actor_factory:_create_object:365 - Created Traffic(id=1338)
2026-06-22 17:01:00.471 | INFO     | carla_bridge.core.actor_factory:_create_object:365 - Created Traffic(id=1337)
2026-06-22 17:01:00.488 | INFO     | carla_bridge.core.actor_factory:_create_object:365 - Created Traffic(id=1336)
2026-06-22 17:01:00.511 | INFO     | carla_bridge.core.actor_factory:_create_object:365 - Created Traffic(id=1335)
2026-06-22 17:01:00.534 | INFO     | carla_bridge.core.actor_factory:_create_object:365 - Created Traffic(id=1334)
2026-06-22 17:01:00.554 | INFO     | carla_bridge.core.actor_factory:_create_object:365 - Created Traffic(id=1333)
2026-06-22 17:01:00.567 | INFO     | carla_bridge.core.actor_factory:_create_object:365 - Created Traffic(id=1332)
2026-06-22 17:01:00.588 | INFO     | carla_bridge.core.actor_factory:_create_object:365 - Created Traffic(id=1331)
2026-06-22 17:01:00.598 | INFO     | carla_bridge.core.actor_factory:_create_object:365 - Created Traffic(id=1330)
2026-06-22 17:01:00.598 | INFO     | carla_bridge.core.actor_factory:_create_object:365 - Created Traffic(id=1329)
2026-06-22 17:01:00.599 | INFO     | carla_bridge.core.actor_factory:_create_object:365 - Created Traffic(id=1328)
2026-06-22 17:01:00.604 | INFO     | carla_bridge.core.actor_factory:_create_object:365 - Created Traffic(id=1327)
2026-06-22 17:01:00.614 | INFO     | carla_bridge.core.actor_factory:_create_object:365 - Created Traffic(id=1326)
2026-06-22 17:01:00.620 | INFO     | carla_bridge.core.actor_factory:_create_object:365 - Created Traffic(id=1325)
2026-06-22 17:01:00.625 | INFO     | carla_bridge.core.actor_factory:_create_object:365 - Created Traffic(id=1324)
2026-06-22 17:01:00.631 | INFO     | carla_bridge.core.actor_factory:_create_object:365 - Created Traffic(id=1323)
2026-06-22 17:01:00.646 | INFO     | carla_bridge.core.actor_factory:_create_object:365 - Created Traffic(id=1322)
2026-06-22 17:01:00.651 | INFO     | carla_bridge.core.actor_factory:_create_object:365 - Created Traffic(id=1321)
2026-06-22 17:01:00.667 | INFO     | carla_bridge.core.actor_factory:_create_object:365 - Created TrafficLight(id=1320)
2026-06-22 17:01:00.672 | INFO     | carla_bridge.core.actor_factory:_create_object:365 - Created TrafficLight(id=1319)
2026-06-22 17:01:00.688 | INFO     | carla_bridge.core.actor_factory:_create_object:365 - Created TrafficLight(id=1318)
2026-06-22 17:01:00.698 | INFO     | carla_bridge.core.actor_factory:_create_object:365 - Created TrafficLight(id=1317)
2026-06-22 17:01:00.703 | INFO     | carla_bridge.core.actor_factory:_create_object:365 - Created TrafficLight(id=1316)
2026-06-22 17:01:00.726 | INFO     | carla_bridge.core.actor_factory:_create_object:365 - Created TrafficLight(id=1315)
2026-06-22 17:01:00.731 | INFO     | carla_bridge.core.actor_factory:_create_object:365 - Created TrafficLight(id=1314)
2026-06-22 17:01:00.744 | INFO     | carla_bridge.core.actor_factory:_create_object:365 - Created TrafficLight(id=1313)
2026-06-22 17:01:00.754 | INFO     | carla_bridge.core.actor_factory:_create_object:365 - Created TrafficLight(id=1312)
2026-06-22 17:01:00.777 | INFO     | carla_bridge.core.actor_factory:_create_object:365 - Created TrafficLight(id=1311)
2026-06-22 17:01:00.793 | INFO     | carla_bridge.core.actor_factory:_create_object:365 - Created TrafficLight(id=1310)
2026-06-22 17:01:00.798 | INFO     | carla_bridge.core.actor_factory:_create_object:365 - Created TrafficLight(id=1309)
2026-06-22 17:01:00.813 | INFO     | carla_bridge.core.actor_factory:_create_object:365 - Created TrafficLight(id=1308)
2026-06-22 17:01:00.819 | INFO     | carla_bridge.core.actor_factory:_create_object:365 - Created TrafficLight(id=1307)
2026-06-22 17:01:00.834 | INFO     | carla_bridge.core.actor_factory:_create_object:365 - Created TrafficLight(id=1306)
2026-06-22 17:01:00.845 | INFO     | carla_bridge.core.actor_factory:_create_object:365 - Created TrafficLight(id=1305)
2026-06-22 17:01:00.865 | INFO     | carla_bridge.core.actor_factory:_create_object:365 - Created TrafficLight(id=1304)
2026-06-22 17:01:00.876 | INFO     | carla_bridge.core.actor_factory:_create_object:365 - Created TrafficLight(id=1303)
2026-06-22 17:01:00.891 | INFO     | carla_bridge.core.actor_factory:_create_object:365 - Created TrafficLight(id=1302)
2026-06-22 17:01:00.902 | INFO     | carla_bridge.core.actor_factory:_create_object:365 - Created TrafficLight(id=1301)
2026-06-22 17:01:00.902 | INFO     | carla_bridge.core.actor_factory:_create_object:365 - Created TrafficLight(id=1300)
2026-06-22 17:01:00.913 | INFO     | carla_bridge.core.actor_factory:_create_object:365 - Created TrafficLight(id=1299)
2026-06-22 17:01:00.930 | INFO     | carla_bridge.core.actor_factory:_create_object:365 - Created TrafficLight(id=1298)
2026-06-22 17:01:00.941 | INFO     | carla_bridge.core.actor_factory:_create_object:365 - Created TrafficLight(id=1297)
2026-06-22 17:01:00.956 | INFO     | carla_bridge.core.actor_factory:_create_object:365 - Created TrafficLight(id=1296)
2026-06-22 17:01:00.974 | INFO     | carla_bridge.core.actor_factory:_create_object:365 - Created TrafficLight(id=1295)
2026-06-22 17:01:00.990 | INFO     | carla_bridge.core.actor_factory:_create_object:365 - Created TrafficLight(id=1294)
2026-06-22 17:01:01.012 | INFO     | carla_bridge.core.actor_factory:_create_object:365 - Created TrafficLight(id=1293)
2026-06-22 17:01:01.020 | INFO     | carla_bridge.core.actor_factory:_create_object:365 - Created TrafficLight(id=1292)
2026-06-22 17:01:01.036 | INFO     | carla_bridge.core.actor_factory:_create_object:365 - Created TrafficLight(id=1291)
2026-06-22 17:01:01.056 | INFO     | carla_bridge.core.actor_factory:_create_object:365 - Created TrafficLight(id=1290)
2026-06-22 17:01:01.072 | INFO     | carla_bridge.core.actor_factory:_create_object:365 - Created TrafficLight(id=1289)
2026-06-22 17:01:01.088 | INFO     | carla_bridge.core.actor_factory:_create_object:365 - Created TrafficLight(id=1288)
2026-06-22 17:01:01.098 | INFO     | carla_bridge.core.actor_factory:_create_object:365 - Created TrafficLight(id=1287)
2026-06-22 17:01:01.098 | INFO     | carla_bridge.core.actor_factory:_create_object:365 - Created TrafficLight(id=1286)
2026-06-22 17:01:01.104 | INFO     | carla_bridge.core.actor_factory:_create_object:365 - Created TrafficLight(id=1285)
2026-06-22 17:01:01.130 | INFO     | carla_bridge.core.actor_factory:_create_object:365 - Created Spectator(id=1284)
2026-06-22 17:01:01.135 | INFO     | carla_bridge.core.actor_factory:_create_object:365 - Created TrafficLightsSensor(id=10000)
2026-06-22 17:01:01.147 | INFO     | carla_bridge.core.actor_factory:_create_object:365 - Created EgoVehicle(id=1457)
2026-06-22 17:01:01.148 | DEBUG    | carla_bridge.core.carla_spawn_objects:setup_sensors:144 - sensor: {'type': 'sensor.other.gnss', 'id': 'gnss', 'spawn_point': {'x': 1.0, 'y': 0.0, 'z': 2.0}, 'noise_alt_stddev': 0.0, 'noise_lat_stddev': 0.0, 'noise_lon_stddev': 0.0, 'noise_alt_bias': 0.0, 'noise_lat_bias': 0.0, 'noise_lon_bias': 0.0}, attach: 1457
2026-06-22 17:01:01.151 | DEBUG    | carla_bridge.core.carla_spawn_objects:setup_sensors:144 - sensor: {'type': 'sensor.other.imu', 'id': 'gnss/imu', 'spawn_point': {'x': 2.0, 'y': 0.0, 'z': 2.0, 'roll': 0.0, 'pitch': 0.0, 'yaw': 0.0}, 'noise_accel_stddev_x': 0.0, 'noise_accel_stddev_y': 0.0, 'noise_accel_stddev_z': 0.0, 'noise_gyro_stddev_x': 0.0, 'noise_gyro_stddev_y': 0.0, 'noise_gyro_stddev_z': 0.0, 'noise_gyro_bias_x': 0.0, 'noise_gyro_bias_y': 0.0, 'noise_gyro_bias_z': 0.0}, attach: 1457
2026-06-22 17:01:01.157 | DEBUG    | carla_bridge.core.carla_spawn_objects:setup_sensors:144 - sensor: {'type': 'sensor.camera.rgb', 'id': 'front_6mm', 'spawn_point': {'x': 2.0, 'y': 0.0, 'z': 2.0, 'roll': 0.0, 'pitch': 0.0, 'yaw': 0.0}, 'image_size_x': 800, 'image_size_y': 600, 'fov': 90.0, 'fstop': 8.0}, attach: 1457
2026-06-22 17:01:01.159 | DEBUG    | carla_bridge.core.carla_spawn_objects:setup_sensors:144 - sensor: {'type': 'sensor.camera.rgb', 'id': 'front_12mm', 'spawn_point': {'x': 2.5, 'y': 0.0, 'z': 2.8, 'roll': 0.0, 'pitch': 0.0, 'yaw': 0.0}, 'image_size_x': 800, 'image_size_y': 600, 'focal_distance': 2000, 'fov': 90.0, 'fstop': 8.0}, attach: 1457
2026-06-22 17:01:01.160 | DEBUG    | carla_bridge.core.carla_spawn_objects:setup_sensors:144 - sensor: {'type': 'sensor.lidar.ray_cast', 'id': 'velodyne64', 'spawn_point': {'x': 0.0, 'y': 0.0, 'z': 2.4, 'roll': 0.0, 'pitch': 0.0, 'yaw': -90.0}, 'range': 50, 'channels': 64, 'points_per_second': 320000, 'upper_fov': 2.0, 'lower_fov': -26.8, 'rotation_frequency': 10, 'noise_stddev': 0.0}, attach: 1457
2026-06-22 17:01:01.160 | DEBUG    | carla_bridge.core.carla_spawn_objects:setup_sensors:144 - sensor: {'type': 'sensor.other.radar', 'id': 'radar/front', 'spawn_point': {'x': 2.0, 'y': 0.0, 'z': 2.0, 'roll': 0.0, 'pitch': 0.0, 'yaw': 0.0}, 'horizontal_fov': 30.0, 'vertical_fov': 10.0, 'points_per_second': 1500, 'range': 100.0}, attach: 1457
2026-06-22 17:01:01.161 | INFO     | carla_bridge.core.carla_spawn_objects:spawn_objects:88 - All objects spawned.
2026-06-22 17:01:01.173 | INFO     | carla_bridge.core.actor_factory:_create_object:365 - Created Gnss(id=1458)
2026-06-22 17:01:01.174 | INFO     | carla_bridge.core.actor_factory:_create_object:365 - Created ImuSensor(id=1459)
2026-06-22 17:01:01.175 | INFO     | carla_bridge.core.actor_factory:_create_object:365 - Created RgbCamera(id=1460)
2026-06-22 17:01:01.176 | INFO     | carla_bridge.core.actor_factory:_create_object:365 - Created RgbCamera(id=1461)
2026-06-22 17:01:01.177 | INFO     | carla_bridge.core.actor_factory:_create_object:365 - Created Lidar(id=1462)
2026-06-22 17:01:01.177 | INFO     | carla_bridge.core.actor_factory:_create_object:365 - Created Radar(id=1463)
2026-06-22 17:02:48.347 | WARNING  | __main__:main:242 - Shutting down.
2026-06-22 17:02:48.347 | INFO     | __main__:destroy:185 - Shutting down...
2026-06-22 17:02:48.409 | INFO     | __main__:destroy:191 - Object update finished.
2026-06-22 17:02:48.410 | INFO     | carla_bridge.core.actor_factory:_destroy_object:261 - Removed TrafficLightsSensor(id=10000)
2026-06-22 17:02:48.418 | INFO     | carla_bridge.core.actor_factory:_destroy_object:261 - Removed EgoVehicle(id=1457)
2026-06-22 17:02:48.426 | INFO     | carla_bridge.core.actor_factory:_destroy_object:261 - Removed Gnss(id=1458)
2026-06-22 17:02:48.435 | INFO     | carla_bridge.core.actor_factory:_destroy_object:261 - Removed ImuSensor(id=1459)
2026-06-22 17:02:48.458 | INFO     | carla_bridge.core.actor_factory:_destroy_object:261 - Removed RgbCamera(id=1460)
2026-06-22 17:02:48.464 | INFO     | carla_bridge.core.actor_factory:_destroy_object:261 - Removed RgbCamera(id=1461)
2026-06-22 17:02:48.465 | INFO     | carla_bridge.core.actor_factory:_destroy_object:261 - Removed Lidar(id=1462)
2026-06-22 17:02:48.466 | INFO     | carla_bridge.core.actor_factory:_destroy_object:261 - Removed Radar(id=1463)
2026-06-22 17:28:53.439 | INFO     | __main__:main:213 - Trying to connect to 127.0.0.1:2000
2026-06-22 17:28:55.333 | INFO     | __main__:main:226 - Connect to 127.0.0.1:2000 successfully.
2026-06-22 17:28:55.677 | DEBUG    | carla_bridge.core.carla_spawn_objects:setup_sensors:144 - sensor: {'type': 'sensor.pseudo.traffic_lights', 'id': 'traffic_lights'}, attach: None
2026-06-22 17:28:55.677 | INFO     | carla_bridge.core.carla_spawn_objects:setup_vehicles:111 - Spawn point from configuration file
2026-06-22 17:28:55.691 | INFO     | carla_bridge.core.actor_factory:_create_object:365 - Created Static(id=196)
2026-06-22 17:28:55.704 | INFO     | carla_bridge.core.actor_factory:_create_object:365 - Created Static(id=195)
2026-06-22 17:28:55.722 | INFO     | carla_bridge.core.actor_factory:_create_object:365 - Created Static(id=194)
2026-06-22 17:28:55.739 | INFO     | carla_bridge.core.actor_factory:_create_object:365 - Created Static(id=193)
2026-06-22 17:28:55.769 | INFO     | carla_bridge.core.actor_factory:_create_object:365 - Created Static(id=192)
2026-06-22 17:28:55.774 | INFO     | carla_bridge.core.actor_factory:_create_object:365 - Created Static(id=191)
2026-06-22 17:28:55.779 | INFO     | carla_bridge.core.actor_factory:_create_object:365 - Created Static(id=190)
2026-06-22 17:28:55.805 | INFO     | carla_bridge.core.actor_factory:_create_object:365 - Created Static(id=189)
2026-06-22 17:28:55.810 | INFO     | carla_bridge.core.actor_factory:_create_object:365 - Created Static(id=188)
2026-06-22 17:28:55.826 | INFO     | carla_bridge.core.actor_factory:_create_object:365 - Created Static(id=187)
2026-06-22 17:28:55.846 | INFO     | carla_bridge.core.actor_factory:_create_object:365 - Created Static(id=186)
2026-06-22 17:28:55.852 | INFO     | carla_bridge.core.actor_factory:_create_object:365 - Created Static(id=185)
2026-06-22 17:28:55.864 | INFO     | carla_bridge.core.actor_factory:_create_object:365 - Created Static(id=184)
2026-06-22 17:28:55.880 | INFO     | carla_bridge.core.actor_factory:_create_object:365 - Created Static(id=183)
2026-06-22 17:28:55.892 | INFO     | carla_bridge.core.actor_factory:_create_object:365 - Created Static(id=182)
2026-06-22 17:28:55.892 | INFO     | carla_bridge.core.actor_factory:_create_object:365 - Created Static(id=181)
2026-06-22 17:28:55.903 | INFO     | carla_bridge.core.actor_factory:_create_object:365 - Created Static(id=180)
2026-06-22 17:28:55.938 | INFO     | carla_bridge.core.actor_factory:_create_object:365 - Created Static(id=179)
2026-06-22 17:28:55.948 | INFO     | carla_bridge.core.actor_factory:_create_object:365 - Created Static(id=178)
2026-06-22 17:28:55.961 | INFO     | carla_bridge.core.actor_factory:_create_object:365 - Created Static(id=177)
2026-06-22 17:28:55.978 | INFO     | carla_bridge.core.actor_factory:_create_object:365 - Created Static(id=176)
2026-06-22 17:28:55.994 | INFO     | carla_bridge.core.actor_factory:_create_object:365 - Created Static(id=175)
2026-06-22 17:28:55.999 | INFO     | carla_bridge.core.actor_factory:_create_object:365 - Created Static(id=174)
2026-06-22 17:28:56.005 | INFO     | carla_bridge.core.actor_factory:_create_object:365 - Created Static(id=173)
2026-06-22 17:28:56.025 | INFO     | carla_bridge.core.actor_factory:_create_object:365 - Created Static(id=172)
2026-06-22 17:28:56.041 | INFO     | carla_bridge.core.actor_factory:_create_object:365 - Created Static(id=171)
2026-06-22 17:28:56.057 | INFO     | carla_bridge.core.actor_factory:_create_object:365 - Created Static(id=170)
2026-06-22 17:28:56.072 | INFO     | carla_bridge.core.actor_factory:_create_object:365 - Created Static(id=169)
2026-06-22 17:28:56.082 | INFO     | carla_bridge.core.actor_factory:_create_object:365 - Created Static(id=168)
2026-06-22 17:28:56.083 | INFO     | carla_bridge.core.actor_factory:_create_object:365 - Created Static(id=167)
2026-06-22 17:28:56.093 | INFO     | carla_bridge.core.actor_factory:_create_object:365 - Created Static(id=166)
2026-06-22 17:28:56.108 | INFO     | carla_bridge.core.actor_factory:_create_object:365 - Created Static(id=165)
2026-06-22 17:28:56.114 | INFO     | carla_bridge.core.actor_factory:_create_object:365 - Created Static(id=164)
2026-06-22 17:28:56.124 | INFO     | carla_bridge.core.actor_factory:_create_object:365 - Created Static(id=163)
2026-06-22 17:28:56.139 | INFO     | carla_bridge.core.actor_factory:_create_object:365 - Created Static(id=162)
2026-06-22 17:28:56.160 | INFO     | carla_bridge.core.actor_factory:_create_object:365 - Created Static(id=161)
2026-06-22 17:28:56.165 | INFO     | carla_bridge.core.actor_factory:_create_object:365 - Created Static(id=160)
2026-06-22 17:28:56.170 | INFO     | carla_bridge.core.actor_factory:_create_object:365 - Created Static(id=159)
2026-06-22 17:28:56.196 | INFO     | carla_bridge.core.actor_factory:_create_object:365 - Created Static(id=158)
2026-06-22 17:28:56.222 | INFO     | carla_bridge.core.actor_factory:_create_object:365 - Created Static(id=157)
2026-06-22 17:28:56.232 | INFO     | carla_bridge.core.actor_factory:_create_object:365 - Created Static(id=156)
2026-06-22 17:28:56.250 | INFO     | carla_bridge.core.actor_factory:_create_object:365 - Created Static(id=155)
2026-06-22 17:28:56.260 | INFO     | carla_bridge.core.actor_factory:_create_object:365 - Created Static(id=154)
2026-06-22 17:28:56.282 | INFO     | carla_bridge.core.actor_factory:_create_object:365 - Created Static(id=153)
2026-06-22 17:28:56.303 | INFO     | carla_bridge.core.actor_factory:_create_object:365 - Created Static(id=152)
2026-06-22 17:28:56.313 | INFO     | carla_bridge.core.actor_factory:_create_object:365 - Created Static(id=151)
2026-06-22 17:28:56.324 | INFO     | carla_bridge.core.actor_factory:_create_object:365 - Created Static(id=150)
2026-06-22 17:28:56.329 | INFO     | carla_bridge.core.actor_factory:_create_object:365 - Created Static(id=149)
2026-06-22 17:28:56.344 | INFO     | carla_bridge.core.actor_factory:_create_object:365 - Created Static(id=148)
2026-06-22 17:28:56.355 | INFO     | carla_bridge.core.actor_factory:_create_object:365 - Created Static(id=147)
2026-06-22 17:28:56.362 | INFO     | carla_bridge.core.actor_factory:_create_object:365 - Created Static(id=146)
2026-06-22 17:28:56.378 | INFO     | carla_bridge.core.actor_factory:_create_object:365 - Created Static(id=145)
2026-06-22 17:28:56.383 | INFO     | carla_bridge.core.actor_factory:_create_object:365 - Created Static(id=144)
2026-06-22 17:28:56.383 | INFO     | carla_bridge.core.actor_factory:_create_object:365 - Created Static(id=143)
2026-06-22 17:28:56.393 | INFO     | carla_bridge.core.actor_factory:_create_object:365 - Created Static(id=142)
2026-06-22 17:28:56.399 | INFO     | carla_bridge.core.actor_factory:_create_object:365 - Created Static(id=141)
2026-06-22 17:28:56.404 | INFO     | carla_bridge.core.actor_factory:_create_object:365 - Created Static(id=140)
2026-06-22 17:28:56.432 | INFO     | carla_bridge.core.actor_factory:_create_object:365 - Created Static(id=139)
2026-06-22 17:28:56.447 | INFO     | carla_bridge.core.actor_factory:_create_object:365 - Created Static(id=138)
2026-06-22 17:28:56.465 | INFO     | carla_bridge.core.actor_factory:_create_object:365 - Created Static(id=137)
2026-06-22 17:28:56.480 | INFO     | carla_bridge.core.actor_factory:_create_object:365 - Created Static(id=136)
2026-06-22 17:28:56.485 | INFO     | carla_bridge.core.actor_factory:_create_object:365 - Created Static(id=135)
2026-06-22 17:28:56.491 | INFO     | carla_bridge.core.actor_factory:_create_object:365 - Created Static(id=134)
2026-06-22 17:28:56.508 | INFO     | carla_bridge.core.actor_factory:_create_object:365 - Created Static(id=133)
2026-06-22 17:28:56.525 | INFO     | carla_bridge.core.actor_factory:_create_object:365 - Created Static(id=132)
2026-06-22 17:28:56.543 | INFO     | carla_bridge.core.actor_factory:_create_object:365 - Created Static(id=131)
2026-06-22 17:28:56.548 | INFO     | carla_bridge.core.actor_factory:_create_object:365 - Created Static(id=130)
2026-06-22 17:28:56.566 | INFO     | carla_bridge.core.actor_factory:_create_object:365 - Created Static(id=129)
2026-06-22 17:28:56.581 | INFO     | carla_bridge.core.actor_factory:_create_object:365 - Created Static(id=128)
2026-06-22 17:28:56.591 | INFO     | carla_bridge.core.actor_factory:_create_object:365 - Created Static(id=127)
2026-06-22 17:28:56.602 | INFO     | carla_bridge.core.actor_factory:_create_object:365 - Created Static(id=126)
2026-06-22 17:28:56.612 | INFO     | carla_bridge.core.actor_factory:_create_object:365 - Created Static(id=125)
2026-06-22 17:28:56.617 | INFO     | carla_bridge.core.actor_factory:_create_object:365 - Created Static(id=124)
2026-06-22 17:28:56.630 | INFO     | carla_bridge.core.actor_factory:_create_object:365 - Created Static(id=123)
2026-06-22 17:28:56.635 | INFO     | carla_bridge.core.actor_factory:_create_object:365 - Created Static(id=122)
2026-06-22 17:28:56.658 | INFO     | carla_bridge.core.actor_factory:_create_object:365 - Created Static(id=121)
2026-06-22 17:28:56.673 | INFO     | carla_bridge.core.actor_factory:_create_object:365 - Created Static(id=120)
2026-06-22 17:28:56.673 | INFO     | carla_bridge.core.actor_factory:_create_object:365 - Created Static(id=119)
2026-06-22 17:28:56.691 | INFO     | carla_bridge.core.actor_factory:_create_object:365 - Created Static(id=118)
2026-06-22 17:28:56.696 | INFO     | carla_bridge.core.actor_factory:_create_object:365 - Created Static(id=117)
2026-06-22 17:28:56.706 | INFO     | carla_bridge.core.actor_factory:_create_object:365 - Created Static(id=116)
2026-06-22 17:28:56.711 | INFO     | carla_bridge.core.actor_factory:_create_object:365 - Created Static(id=115)
2026-06-22 17:28:56.722 | INFO     | carla_bridge.core.actor_factory:_create_object:365 - Created Static(id=114)
2026-06-22 17:28:56.742 | INFO     | carla_bridge.core.actor_factory:_create_object:365 - Created Static(id=113)
2026-06-22 17:28:56.760 | INFO     | carla_bridge.core.actor_factory:_create_object:365 - Created Static(id=112)
2026-06-22 17:28:56.765 | INFO     | carla_bridge.core.actor_factory:_create_object:365 - Created Static(id=111)
2026-06-22 17:28:56.765 | INFO     | carla_bridge.core.actor_factory:_create_object:365 - Created Static(id=110)
2026-06-22 17:28:56.776 | INFO     | carla_bridge.core.actor_factory:_create_object:365 - Created Static(id=109)
2026-06-22 17:28:56.781 | INFO     | carla_bridge.core.actor_factory:_create_object:365 - Created Static(id=108)
2026-06-22 17:28:56.791 | INFO     | carla_bridge.core.actor_factory:_create_object:365 - Created Static(id=107)
2026-06-22 17:28:56.796 | INFO     | carla_bridge.core.actor_factory:_create_object:365 - Created Static(id=106)
2026-06-22 17:28:56.807 | INFO     | carla_bridge.core.actor_factory:_create_object:365 - Created Static(id=105)
2026-06-22 17:28:56.822 | INFO     | carla_bridge.core.actor_factory:_create_object:365 - Created Static(id=104)
2026-06-22 17:28:56.832 | INFO     | carla_bridge.core.actor_factory:_create_object:365 - Created Static(id=103)
2026-06-22 17:28:56.870 | INFO     | carla_bridge.core.actor_factory:_create_object:365 - Created Static(id=102)
2026-06-22 17:28:56.881 | INFO     | carla_bridge.core.actor_factory:_create_object:365 - Created Static(id=101)
2026-06-22 17:28:56.891 | INFO     | carla_bridge.core.actor_factory:_create_object:365 - Created Static(id=100)
2026-06-22 17:28:56.896 | INFO     | carla_bridge.core.actor_factory:_create_object:365 - Created Static(id=99)
2026-06-22 17:28:56.901 | INFO     | carla_bridge.core.actor_factory:_create_object:365 - Created Static(id=98)
2026-06-22 17:28:56.912 | INFO     | carla_bridge.core.actor_factory:_create_object:365 - Created Static(id=97)
2026-06-22 17:28:56.935 | INFO     | carla_bridge.core.actor_factory:_create_object:365 - Created Static(id=96)
2026-06-22 17:28:56.940 | INFO     | carla_bridge.core.actor_factory:_create_object:365 - Created Static(id=95)
2026-06-22 17:28:56.946 | INFO     | carla_bridge.core.actor_factory:_create_object:365 - Created Static(id=94)
2026-06-22 17:28:56.956 | INFO     | carla_bridge.core.actor_factory:_create_object:365 - Created Static(id=93)
2026-06-22 17:28:56.961 | INFO     | carla_bridge.core.actor_factory:_create_object:365 - Created Static(id=92)
2026-06-22 17:28:56.972 | INFO     | carla_bridge.core.actor_factory:_create_object:365 - Created Static(id=91)
2026-06-22 17:28:56.977 | INFO     | carla_bridge.core.actor_factory:_create_object:365 - Created Static(id=90)
2026-06-22 17:28:56.999 | INFO     | carla_bridge.core.actor_factory:_create_object:365 - Created Static(id=89)
2026-06-22 17:28:57.005 | INFO     | carla_bridge.core.actor_factory:_create_object:365 - Created Static(id=88)
2026-06-22 17:28:57.022 | INFO     | carla_bridge.core.actor_factory:_create_object:365 - Created Static(id=87)
2026-06-22 17:28:57.033 | INFO     | carla_bridge.core.actor_factory:_create_object:365 - Created Static(id=86)
2026-06-22 17:28:57.048 | INFO     | carla_bridge.core.actor_factory:_create_object:365 - Created Static(id=85)
2026-06-22 17:28:57.069 | INFO     | carla_bridge.core.actor_factory:_create_object:365 - Created Static(id=84)
2026-06-22 17:28:57.084 | INFO     | carla_bridge.core.actor_factory:_create_object:365 - Created Static(id=83)
2026-06-22 17:28:57.094 | INFO     | carla_bridge.core.actor_factory:_create_object:365 - Created Static(id=82)
2026-06-22 17:28:57.107 | INFO     | carla_bridge.core.actor_factory:_create_object:365 - Created Traffic(id=81)
2026-06-22 17:28:57.117 | INFO     | carla_bridge.core.actor_factory:_create_object:365 - Created Traffic(id=80)
2026-06-22 17:28:57.128 | INFO     | carla_bridge.core.actor_factory:_create_object:365 - Created Traffic(id=79)
2026-06-22 17:28:57.133 | INFO     | carla_bridge.core.actor_factory:_create_object:365 - Created Traffic(id=78)
2026-06-22 17:28:57.148 | INFO     | carla_bridge.core.actor_factory:_create_object:365 - Created Traffic(id=77)
2026-06-22 17:28:57.164 | INFO     | carla_bridge.core.actor_factory:_create_object:365 - Created Traffic(id=76)
2026-06-22 17:28:57.196 | INFO     | carla_bridge.core.actor_factory:_create_object:365 - Created Traffic(id=75)
2026-06-22 17:28:57.202 | INFO     | carla_bridge.core.actor_factory:_create_object:365 - Created Traffic(id=74)
2026-06-22 17:28:57.212 | INFO     | carla_bridge.core.actor_factory:_create_object:365 - Created Traffic(id=73)
2026-06-22 17:28:57.212 | INFO     | carla_bridge.core.actor_factory:_create_object:365 - Created Traffic(id=72)
2026-06-22 17:28:57.217 | INFO     | carla_bridge.core.actor_factory:_create_object:365 - Created Traffic(id=71)
2026-06-22 17:28:57.230 | INFO     | carla_bridge.core.actor_factory:_create_object:365 - Created Traffic(id=70)
2026-06-22 17:28:57.242 | INFO     | carla_bridge.core.actor_factory:_create_object:365 - Created Traffic(id=69)
2026-06-22 17:28:57.257 | INFO     | carla_bridge.core.actor_factory:_create_object:365 - Created Traffic(id=68)
2026-06-22 17:28:57.285 | INFO     | carla_bridge.core.actor_factory:_create_object:365 - Created Traffic(id=67)
2026-06-22 17:28:57.285 | INFO     | carla_bridge.core.actor_factory:_create_object:365 - Created Traffic(id=66)
2026-06-22 17:28:57.286 | INFO     | carla_bridge.core.actor_factory:_create_object:365 - Created Traffic(id=65)
2026-06-22 17:28:57.303 | INFO     | carla_bridge.core.actor_factory:_create_object:365 - Created Traffic(id=64)
2026-06-22 17:28:57.313 | INFO     | carla_bridge.core.actor_factory:_create_object:365 - Created Traffic(id=63)
2026-06-22 17:28:57.334 | INFO     | carla_bridge.core.actor_factory:_create_object:365 - Created Traffic(id=62)
2026-06-22 17:28:57.339 | INFO     | carla_bridge.core.actor_factory:_create_object:365 - Created Traffic(id=61)
2026-06-22 17:28:57.357 | INFO     | carla_bridge.core.actor_factory:_create_object:365 - Created TrafficLight(id=60)
2026-06-22 17:28:57.369 | INFO     | carla_bridge.core.actor_factory:_create_object:365 - Created TrafficLight(id=59)
2026-06-22 17:28:57.374 | INFO     | carla_bridge.core.actor_factory:_create_object:365 - Created TrafficLight(id=58)
2026-06-22 17:28:57.385 | INFO     | carla_bridge.core.actor_factory:_create_object:365 - Created TrafficLight(id=57)
2026-06-22 17:28:57.407 | INFO     | carla_bridge.core.actor_factory:_create_object:365 - Created TrafficLight(id=56)
2026-06-22 17:28:57.420 | INFO     | carla_bridge.core.actor_factory:_create_object:365 - Created TrafficLight(id=55)
2026-06-22 17:28:57.425 | INFO     | carla_bridge.core.actor_factory:_create_object:365 - Created TrafficLight(id=54)
2026-06-22 17:28:57.435 | INFO     | carla_bridge.core.actor_factory:_create_object:365 - Created TrafficLight(id=53)
2026-06-22 17:28:57.451 | INFO     | carla_bridge.core.actor_factory:_create_object:365 - Created TrafficLight(id=52)
2026-06-22 17:28:57.461 | INFO     | carla_bridge.core.actor_factory:_create_object:365 - Created TrafficLight(id=51)
2026-06-22 17:28:57.472 | INFO     | carla_bridge.core.actor_factory:_create_object:365 - Created TrafficLight(id=50)
2026-06-22 17:28:57.484 | INFO     | carla_bridge.core.actor_factory:_create_object:365 - Created TrafficLight(id=49)
2026-06-22 17:28:57.499 | INFO     | carla_bridge.core.actor_factory:_create_object:365 - Created TrafficLight(id=48)
2026-06-22 17:28:57.510 | INFO     | carla_bridge.core.actor_factory:_create_object:365 - Created TrafficLight(id=47)
2026-06-22 17:28:57.532 | INFO     | carla_bridge.core.actor_factory:_create_object:365 - Created TrafficLight(id=46)
2026-06-22 17:28:57.537 | INFO     | carla_bridge.core.actor_factory:_create_object:365 - Created TrafficLight(id=45)
2026-06-22 17:28:57.548 | INFO     | carla_bridge.core.actor_factory:_create_object:365 - Created TrafficLight(id=44)
2026-06-22 17:28:57.563 | INFO     | carla_bridge.core.actor_factory:_create_object:365 - Created TrafficLight(id=43)
2026-06-22 17:28:57.569 | INFO     | carla_bridge.core.actor_factory:_create_object:365 - Created TrafficLight(id=42)
2026-06-22 17:28:57.574 | INFO     | carla_bridge.core.actor_factory:_create_object:365 - Created TrafficLight(id=41)
2026-06-22 17:28:57.602 | INFO     | carla_bridge.core.actor_factory:_create_object:365 - Created TrafficLight(id=40)
2026-06-22 17:28:57.629 | INFO     | carla_bridge.core.actor_factory:_create_object:365 - Created TrafficLight(id=39)
2026-06-22 17:28:57.645 | INFO     | carla_bridge.core.actor_factory:_create_object:365 - Created TrafficLight(id=38)
2026-06-22 17:28:57.660 | INFO     | carla_bridge.core.actor_factory:_create_object:365 - Created TrafficLight(id=37)
2026-06-22 17:28:57.678 | INFO     | carla_bridge.core.actor_factory:_create_object:365 - Created TrafficLight(id=36)
2026-06-22 17:28:57.688 | INFO     | carla_bridge.core.actor_factory:_create_object:365 - Created TrafficLight(id=35)
2026-06-22 17:28:57.711 | INFO     | carla_bridge.core.actor_factory:_create_object:365 - Created TrafficLight(id=34)
2026-06-22 17:28:57.716 | INFO     | carla_bridge.core.actor_factory:_create_object:365 - Created TrafficLight(id=33)
2026-06-22 17:28:57.721 | INFO     | carla_bridge.core.actor_factory:_create_object:365 - Created TrafficLight(id=32)
2026-06-22 17:28:57.732 | INFO     | carla_bridge.core.actor_factory:_create_object:365 - Created TrafficLight(id=31)
2026-06-22 17:28:57.742 | INFO     | carla_bridge.core.actor_factory:_create_object:365 - Created TrafficLight(id=30)
2026-06-22 17:28:57.747 | INFO     | carla_bridge.core.actor_factory:_create_object:365 - Created TrafficLight(id=29)
2026-06-22 17:28:57.748 | INFO     | carla_bridge.core.actor_factory:_create_object:365 - Created TrafficLight(id=28)
2026-06-22 17:28:57.753 | INFO     | carla_bridge.core.actor_factory:_create_object:365 - Created TrafficLight(id=27)
2026-06-22 17:28:57.763 | INFO     | carla_bridge.core.actor_factory:_create_object:365 - Created TrafficLight(id=26)
2026-06-22 17:28:57.786 | INFO     | carla_bridge.core.actor_factory:_create_object:365 - Created TrafficLight(id=25)
2026-06-22 17:28:57.791 | INFO     | carla_bridge.core.actor_factory:_create_object:365 - Created Spectator(id=24)
2026-06-22 17:28:57.797 | INFO     | carla_bridge.core.actor_factory:_create_object:365 - Created TrafficLightsSensor(id=10000)
2026-06-22 17:28:57.810 | INFO     | carla_bridge.core.actor_factory:_create_object:365 - Created EgoVehicle(id=197)
2026-06-22 17:28:57.810 | DEBUG    | carla_bridge.core.carla_spawn_objects:setup_sensors:144 - sensor: {'type': 'sensor.other.gnss', 'id': 'gnss', 'spawn_point': {'x': 1.0, 'y': 0.0, 'z': 2.0}, 'noise_alt_stddev': 0.0, 'noise_lat_stddev': 0.0, 'noise_lon_stddev': 0.0, 'noise_alt_bias': 0.0, 'noise_lat_bias': 0.0, 'noise_lon_bias': 0.0}, attach: 197
2026-06-22 17:28:57.813 | DEBUG    | carla_bridge.core.carla_spawn_objects:setup_sensors:144 - sensor: {'type': 'sensor.other.imu', 'id': 'gnss/imu', 'spawn_point': {'x': 2.0, 'y': 0.0, 'z': 2.0, 'roll': 0.0, 'pitch': 0.0, 'yaw': 0.0}, 'noise_accel_stddev_x': 0.0, 'noise_accel_stddev_y': 0.0, 'noise_accel_stddev_z': 0.0, 'noise_gyro_stddev_x': 0.0, 'noise_gyro_stddev_y': 0.0, 'noise_gyro_stddev_z': 0.0, 'noise_gyro_bias_x': 0.0, 'noise_gyro_bias_y': 0.0, 'noise_gyro_bias_z': 0.0}, attach: 197
2026-06-22 17:28:57.818 | DEBUG    | carla_bridge.core.carla_spawn_objects:setup_sensors:144 - sensor: {'type': 'sensor.camera.rgb', 'id': 'front_6mm', 'spawn_point': {'x': 2.0, 'y': 0.0, 'z': 2.0, 'roll': 0.0, 'pitch': 0.0, 'yaw': 0.0}, 'image_size_x': 800, 'image_size_y': 600, 'fov': 90.0, 'fstop': 8.0}, attach: 197
2026-06-22 17:28:57.819 | DEBUG    | carla_bridge.core.carla_spawn_objects:setup_sensors:144 - sensor: {'type': 'sensor.camera.rgb', 'id': 'front_12mm', 'spawn_point': {'x': 2.5, 'y': 0.0, 'z': 2.8, 'roll': 0.0, 'pitch': 0.0, 'yaw': 0.0}, 'image_size_x': 800, 'image_size_y': 600, 'focal_distance': 2000, 'fov': 90.0, 'fstop': 8.0}, attach: 197
2026-06-22 17:28:57.820 | DEBUG    | carla_bridge.core.carla_spawn_objects:setup_sensors:144 - sensor: {'type': 'sensor.lidar.ray_cast', 'id': 'velodyne64', 'spawn_point': {'x': 0.0, 'y': 0.0, 'z': 2.4, 'roll': 0.0, 'pitch': 0.0, 'yaw': -90.0}, 'range': 50, 'channels': 64, 'points_per_second': 320000, 'upper_fov': 2.0, 'lower_fov': -26.8, 'rotation_frequency': 10, 'noise_stddev': 0.0}, attach: 197
2026-06-22 17:28:57.820 | DEBUG    | carla_bridge.core.carla_spawn_objects:setup_sensors:144 - sensor: {'type': 'sensor.other.radar', 'id': 'radar/front', 'spawn_point': {'x': 2.0, 'y': 0.0, 'z': 2.0, 'roll': 0.0, 'pitch': 0.0, 'yaw': 0.0}, 'horizontal_fov': 30.0, 'vertical_fov': 10.0, 'points_per_second': 1500, 'range': 100.0}, attach: 197
2026-06-22 17:28:57.821 | INFO     | carla_bridge.core.carla_spawn_objects:spawn_objects:88 - All objects spawned.
2026-06-22 17:28:57.833 | INFO     | carla_bridge.core.actor_factory:_create_object:365 - Created Gnss(id=198)
2026-06-22 17:28:57.834 | INFO     | carla_bridge.core.actor_factory:_create_object:365 - Created ImuSensor(id=199)
2026-06-22 17:28:57.835 | INFO     | carla_bridge.core.actor_factory:_create_object:365 - Created RgbCamera(id=200)
2026-06-22 17:28:57.835 | INFO     | carla_bridge.core.actor_factory:_create_object:365 - Created RgbCamera(id=201)
2026-06-22 17:28:57.836 | INFO     | carla_bridge.core.actor_factory:_create_object:365 - Created Lidar(id=202)
2026-06-22 17:28:57.837 | INFO     | carla_bridge.core.actor_factory:_create_object:365 - Created Radar(id=203)
2026-06-22 18:01:29.955 | INFO     | __main__:main:213 - Trying to connect to 127.0.0.1:2000
2026-06-22 18:01:31.856 | INFO     | __main__:main:226 - Connect to 127.0.0.1:2000 successfully.
2026-06-22 18:01:32.141 | DEBUG    | carla_bridge.core.carla_spawn_objects:setup_sensors:144 - sensor: {'type': 'sensor.pseudo.traffic_lights', 'id': 'traffic_lights'}, attach: None
2026-06-22 18:01:32.142 | INFO     | carla_bridge.core.carla_spawn_objects:setup_vehicles:111 - Spawn point from configuration file
2026-06-22 18:01:32.162 | INFO     | carla_bridge.core.actor_factory:_create_object:365 - Created Static(id=1096)
2026-06-22 18:01:32.173 | INFO     | carla_bridge.core.actor_factory:_create_object:365 - Created Static(id=1095)
2026-06-22 18:01:32.183 | INFO     | carla_bridge.core.actor_factory:_create_object:365 - Created Static(id=1094)
2026-06-22 18:01:32.194 | INFO     | carla_bridge.core.actor_factory:_create_object:365 - Created Static(id=1093)
2026-06-22 18:01:32.194 | INFO     | carla_bridge.core.actor_factory:_create_object:365 - Created Static(id=1092)
2026-06-22 18:01:32.199 | INFO     | carla_bridge.core.actor_factory:_create_object:365 - Created Static(id=1091)
2026-06-22 18:01:32.204 | INFO     | carla_bridge.core.actor_factory:_create_object:365 - Created Static(id=1090)
2026-06-22 18:01:32.222 | INFO     | carla_bridge.core.actor_factory:_create_object:365 - Created Static(id=1089)
2026-06-22 18:01:32.232 | INFO     | carla_bridge.core.actor_factory:_create_object:365 - Created Static(id=1088)
2026-06-22 18:01:32.243 | INFO     | carla_bridge.core.actor_factory:_create_object:365 - Created Static(id=1087)
2026-06-22 18:01:32.248 | INFO     | carla_bridge.core.actor_factory:_create_object:365 - Created Static(id=1086)
2026-06-22 18:01:32.260 | INFO     | carla_bridge.core.actor_factory:_create_object:365 - Created Static(id=1085)
2026-06-22 18:01:32.261 | INFO     | carla_bridge.core.actor_factory:_create_object:365 - Created Static(id=1084)
2026-06-22 18:01:32.271 | INFO     | carla_bridge.core.actor_factory:_create_object:365 - Created Static(id=1083)
2026-06-22 18:01:32.287 | INFO     | carla_bridge.core.actor_factory:_create_object:365 - Created Static(id=1082)
2026-06-22 18:01:32.302 | INFO     | carla_bridge.core.actor_factory:_create_object:365 - Created Static(id=1081)
2026-06-22 18:01:32.325 | INFO     | carla_bridge.core.actor_factory:_create_object:365 - Created Static(id=1080)
2026-06-22 18:01:32.347 | INFO     | carla_bridge.core.actor_factory:_create_object:365 - Created Static(id=1079)
2026-06-22 18:01:32.360 | INFO     | carla_bridge.core.actor_factory:_create_object:365 - Created Static(id=1078)
2026-06-22 18:01:32.375 | INFO     | carla_bridge.core.actor_factory:_create_object:365 - Created Static(id=1077)
2026-06-22 18:01:32.386 | INFO     | carla_bridge.core.actor_factory:_create_object:365 - Created Static(id=1076)
2026-06-22 18:01:32.404 | INFO     | carla_bridge.core.actor_factory:_create_object:365 - Created Static(id=1075)
2026-06-22 18:01:32.404 | INFO     | carla_bridge.core.actor_factory:_create_object:365 - Created Static(id=1074)
2026-06-22 18:01:32.404 | INFO     | carla_bridge.core.actor_factory:_create_object:365 - Created Static(id=1073)
2026-06-22 18:01:32.410 | INFO     | carla_bridge.core.actor_factory:_create_object:365 - Created Static(id=1072)
2026-06-22 18:01:32.425 | INFO     | carla_bridge.core.actor_factory:_create_object:365 - Created Static(id=1071)
2026-06-22 18:01:32.443 | INFO     | carla_bridge.core.actor_factory:_create_object:365 - Created Static(id=1070)
2026-06-22 18:01:32.456 | INFO     | carla_bridge.core.actor_factory:_create_object:365 - Created Static(id=1069)
2026-06-22 18:01:32.466 | INFO     | carla_bridge.core.actor_factory:_create_object:365 - Created Static(id=1068)
2026-06-22 18:01:32.467 | INFO     | carla_bridge.core.actor_factory:_create_object:365 - Created Static(id=1067)
2026-06-22 18:01:32.495 | INFO     | carla_bridge.core.actor_factory:_create_object:365 - Created Static(id=1066)
2026-06-22 18:01:32.517 | INFO     | carla_bridge.core.actor_factory:_create_object:365 - Created Static(id=1065)
2026-06-22 18:01:32.538 | INFO     | carla_bridge.core.actor_factory:_create_object:365 - Created Static(id=1064)
2026-06-22 18:01:32.543 | INFO     | carla_bridge.core.actor_factory:_create_object:365 - Created Static(id=1063)
2026-06-22 18:01:32.561 | INFO     | carla_bridge.core.actor_factory:_create_object:365 - Created Static(id=1062)
2026-06-22 18:01:32.585 | INFO     | carla_bridge.core.actor_factory:_create_object:365 - Created Static(id=1061)
2026-06-22 18:01:32.596 | INFO     | carla_bridge.core.actor_factory:_create_object:365 - Created Static(id=1060)
2026-06-22 18:01:32.601 | INFO     | carla_bridge.core.actor_factory:_create_object:365 - Created Static(id=1059)
2026-06-22 18:01:32.606 | INFO     | carla_bridge.core.actor_factory:_create_object:365 - Created Static(id=1058)
2026-06-22 18:01:32.617 | INFO     | carla_bridge.core.actor_factory:_create_object:365 - Created Static(id=1057)
2026-06-22 18:01:32.622 | INFO     | carla_bridge.core.actor_factory:_create_object:365 - Created Static(id=1056)
2026-06-22 18:01:32.627 | INFO     | carla_bridge.core.actor_factory:_create_object:365 - Created Static(id=1055)
2026-06-22 18:01:32.633 | INFO     | carla_bridge.core.actor_factory:_create_object:365 - Created Static(id=1054)
2026-06-22 18:01:32.643 | INFO     | carla_bridge.core.actor_factory:_create_object:365 - Created Static(id=1053)
2026-06-22 18:01:32.648 | INFO     | carla_bridge.core.actor_factory:_create_object:365 - Created Static(id=1052)
2026-06-22 18:01:32.669 | INFO     | carla_bridge.core.actor_factory:_create_object:365 - Created Static(id=1051)
2026-06-22 18:01:32.684 | INFO     | carla_bridge.core.actor_factory:_create_object:365 - Created Static(id=1050)
2026-06-22 18:01:32.707 | INFO     | carla_bridge.core.actor_factory:_create_object:365 - Created Static(id=1049)
2026-06-22 18:01:32.717 | INFO     | carla_bridge.core.actor_factory:_create_object:365 - Created Static(id=1048)
2026-06-22 18:01:32.723 | INFO     | carla_bridge.core.actor_factory:_create_object:365 - Created Static(id=1047)
2026-06-22 18:01:32.735 | INFO     | carla_bridge.core.actor_factory:_create_object:365 - Created Static(id=1046)
2026-06-22 18:01:32.746 | INFO     | carla_bridge.core.actor_factory:_create_object:365 - Created Static(id=1045)
2026-06-22 18:01:32.779 | INFO     | carla_bridge.core.actor_factory:_create_object:365 - Created Static(id=1044)
2026-06-22 18:01:32.779 | INFO     | carla_bridge.core.actor_factory:_create_object:365 - Created Static(id=1043)
2026-06-22 18:01:32.780 | INFO     | carla_bridge.core.actor_factory:_create_object:365 - Created Static(id=1042)
2026-06-22 18:01:32.785 | INFO     | carla_bridge.core.actor_factory:_create_object:365 - Created Static(id=1041)
2026-06-22 18:01:32.790 | INFO     | carla_bridge.core.actor_factory:_create_object:365 - Created Static(id=1040)
2026-06-22 18:01:32.808 | INFO     | carla_bridge.core.actor_factory:_create_object:365 - Created Static(id=1039)
2026-06-22 18:01:32.813 | INFO     | carla_bridge.core.actor_factory:_create_object:365 - Created Static(id=1038)
2026-06-22 18:01:32.829 | INFO     | carla_bridge.core.actor_factory:_create_object:365 - Created Static(id=1037)
2026-06-22 18:01:32.863 | INFO     | carla_bridge.core.actor_factory:_create_object:365 - Created Static(id=1036)
2026-06-22 18:01:32.874 | INFO     | carla_bridge.core.actor_factory:_create_object:365 - Created Static(id=1035)
2026-06-22 18:01:32.884 | INFO     | carla_bridge.core.actor_factory:_create_object:365 - Created Static(id=1034)
2026-06-22 18:01:32.890 | INFO     | carla_bridge.core.actor_factory:_create_object:365 - Created Static(id=1033)
2026-06-22 18:01:32.902 | INFO     | carla_bridge.core.actor_factory:_create_object:365 - Created Static(id=1032)
2026-06-22 18:01:32.913 | INFO     | carla_bridge.core.actor_factory:_create_object:365 - Created Static(id=1031)
2026-06-22 18:01:32.923 | INFO     | carla_bridge.core.actor_factory:_create_object:365 - Created Static(id=1030)
2026-06-22 18:01:32.946 | INFO     | carla_bridge.core.actor_factory:_create_object:365 - Created Static(id=1029)
2026-06-22 18:01:32.958 | INFO     | carla_bridge.core.actor_factory:_create_object:365 - Created Static(id=1028)
2026-06-22 18:01:32.969 | INFO     | carla_bridge.core.actor_factory:_create_object:365 - Created Static(id=1027)
2026-06-22 18:01:32.981 | INFO     | carla_bridge.core.actor_factory:_create_object:365 - Created Static(id=1026)
2026-06-22 18:01:32.991 | INFO     | carla_bridge.core.actor_factory:_create_object:365 - Created Static(id=1025)
2026-06-22 18:01:32.997 | INFO     | carla_bridge.core.actor_factory:_create_object:365 - Created Static(id=1024)
2026-06-22 18:01:32.997 | INFO     | carla_bridge.core.actor_factory:_create_object:365 - Created Static(id=1023)
2026-06-22 18:01:33.002 | INFO     | carla_bridge.core.actor_factory:_create_object:365 - Created Static(id=1022)
2026-06-22 18:01:33.012 | INFO     | carla_bridge.core.actor_factory:_create_object:365 - Created Static(id=1021)
2026-06-22 18:01:33.023 | INFO     | carla_bridge.core.actor_factory:_create_object:365 - Created Static(id=1020)
2026-06-22 18:01:33.023 | INFO     | carla_bridge.core.actor_factory:_create_object:365 - Created Static(id=1019)
2026-06-22 18:01:33.035 | INFO     | carla_bridge.core.actor_factory:_create_object:365 - Created Static(id=1018)
2026-06-22 18:01:33.041 | INFO     | carla_bridge.core.actor_factory:_create_object:365 - Created Static(id=1017)
2026-06-22 18:01:33.046 | INFO     | carla_bridge.core.actor_factory:_create_object:365 - Created Static(id=1016)
2026-06-22 18:01:33.056 | INFO     | carla_bridge.core.actor_factory:_create_object:365 - Created Static(id=1015)
2026-06-22 18:01:33.062 | INFO     | carla_bridge.core.actor_factory:_create_object:365 - Created Static(id=1014)
2026-06-22 18:01:33.072 | INFO     | carla_bridge.core.actor_factory:_create_object:365 - Created Static(id=1013)
2026-06-22 18:01:33.088 | INFO     | carla_bridge.core.actor_factory:_create_object:365 - Created Static(id=1012)
2026-06-22 18:01:33.110 | INFO     | carla_bridge.core.actor_factory:_create_object:365 - Created Static(id=1011)
2026-06-22 18:01:33.121 | INFO     | carla_bridge.core.actor_factory:_create_object:365 - Created Static(id=1010)
2026-06-22 18:01:33.138 | INFO     | carla_bridge.core.actor_factory:_create_object:365 - Created Static(id=1009)
2026-06-22 18:01:33.151 | INFO     | carla_bridge.core.actor_factory:_create_object:365 - Created Static(id=1008)
2026-06-22 18:01:33.161 | INFO     | carla_bridge.core.actor_factory:_create_object:365 - Created Static(id=1007)
2026-06-22 18:01:33.166 | INFO     | carla_bridge.core.actor_factory:_create_object:365 - Created Static(id=1006)
2026-06-22 18:01:33.172 | INFO     | carla_bridge.core.actor_factory:_create_object:365 - Created Static(id=1005)
2026-06-22 18:01:33.177 | INFO     | carla_bridge.core.actor_factory:_create_object:365 - Created Static(id=1004)
2026-06-22 18:01:33.198 | INFO     | carla_bridge.core.actor_factory:_create_object:365 - Created Static(id=1003)
2026-06-22 18:01:33.220 | INFO     | carla_bridge.core.actor_factory:_create_object:365 - Created Static(id=1002)
2026-06-22 18:01:33.248 | INFO     | carla_bridge.core.actor_factory:_create_object:365 - Created Static(id=1001)
2026-06-22 18:01:33.263 | INFO     | carla_bridge.core.actor_factory:_create_object:365 - Created Static(id=1000)
2026-06-22 18:01:33.279 | INFO     | carla_bridge.core.actor_factory:_create_object:365 - Created Static(id=999)
2026-06-22 18:01:33.299 | INFO     | carla_bridge.core.actor_factory:_create_object:365 - Created Static(id=998)
2026-06-22 18:01:33.322 | INFO     | carla_bridge.core.actor_factory:_create_object:365 - Created Static(id=997)
2026-06-22 18:01:33.332 | INFO     | carla_bridge.core.actor_factory:_create_object:365 - Created Static(id=996)
2026-06-22 18:01:33.338 | INFO     | carla_bridge.core.actor_factory:_create_object:365 - Created Static(id=995)
2026-06-22 18:01:33.353 | INFO     | carla_bridge.core.actor_factory:_create_object:365 - Created Static(id=994)
2026-06-22 18:01:33.369 | INFO     | carla_bridge.core.actor_factory:_create_object:365 - Created Static(id=993)
2026-06-22 18:01:33.379 | INFO     | carla_bridge.core.actor_factory:_create_object:365 - Created Static(id=992)
2026-06-22 18:01:33.389 | INFO     | carla_bridge.core.actor_factory:_create_object:365 - Created Static(id=991)
2026-06-22 18:01:33.407 | INFO     | carla_bridge.core.actor_factory:_create_object:365 - Created Static(id=990)
2026-06-22 18:01:33.419 | INFO     | carla_bridge.core.actor_factory:_create_object:365 - Created Static(id=989)
2026-06-22 18:01:33.435 | INFO     | carla_bridge.core.actor_factory:_create_object:365 - Created Static(id=988)
2026-06-22 18:01:33.459 | INFO     | carla_bridge.core.actor_factory:_create_object:365 - Created Static(id=987)
2026-06-22 18:01:33.475 | INFO     | carla_bridge.core.actor_factory:_create_object:365 - Created Static(id=986)
2026-06-22 18:01:33.485 | INFO     | carla_bridge.core.actor_factory:_create_object:365 - Created Static(id=985)
2026-06-22 18:01:33.491 | INFO     | carla_bridge.core.actor_factory:_create_object:365 - Created Static(id=984)
2026-06-22 18:01:33.506 | INFO     | carla_bridge.core.actor_factory:_create_object:365 - Created Static(id=983)
2026-06-22 18:01:33.517 | INFO     | carla_bridge.core.actor_factory:_create_object:365 - Created Static(id=982)
2026-06-22 18:01:33.522 | INFO     | carla_bridge.core.actor_factory:_create_object:365 - Created Traffic(id=981)
2026-06-22 18:01:33.527 | INFO     | carla_bridge.core.actor_factory:_create_object:365 - Created Traffic(id=980)
2026-06-22 18:01:33.537 | INFO     | carla_bridge.core.actor_factory:_create_object:365 - Created Traffic(id=979)
2026-06-22 18:01:33.543 | INFO     | carla_bridge.core.actor_factory:_create_object:365 - Created Traffic(id=978)
2026-06-22 18:01:33.553 | INFO     | carla_bridge.core.actor_factory:_create_object:365 - Created Traffic(id=977)
2026-06-22 18:01:33.576 | INFO     | carla_bridge.core.actor_factory:_create_object:365 - Created Traffic(id=976)
2026-06-22 18:01:33.581 | INFO     | carla_bridge.core.actor_factory:_create_object:365 - Created Traffic(id=975)
2026-06-22 18:01:33.586 | INFO     | carla_bridge.core.actor_factory:_create_object:365 - Created Traffic(id=974)
2026-06-22 18:01:33.602 | INFO     | carla_bridge.core.actor_factory:_create_object:365 - Created Traffic(id=973)
2026-06-22 18:01:33.612 | INFO     | carla_bridge.core.actor_factory:_create_object:365 - Created Traffic(id=972)
2026-06-22 18:01:33.618 | INFO     | carla_bridge.core.actor_factory:_create_object:365 - Created Traffic(id=971)
2026-06-22 18:01:33.628 | INFO     | carla_bridge.core.actor_factory:_create_object:365 - Created Traffic(id=970)
2026-06-22 18:01:33.633 | INFO     | carla_bridge.core.actor_factory:_create_object:365 - Created Traffic(id=969)
2026-06-22 18:01:33.649 | INFO     | carla_bridge.core.actor_factory:_create_object:365 - Created Traffic(id=968)
2026-06-22 18:01:33.659 | INFO     | carla_bridge.core.actor_factory:_create_object:365 - Created Traffic(id=967)
2026-06-22 18:01:33.659 | INFO     | carla_bridge.core.actor_factory:_create_object:365 - Created Traffic(id=966)
2026-06-22 18:01:33.660 | INFO     | carla_bridge.core.actor_factory:_create_object:365 - Created Traffic(id=965)
2026-06-22 18:01:33.660 | INFO     | carla_bridge.core.actor_factory:_create_object:365 - Created Traffic(id=964)
2026-06-22 18:01:33.680 | INFO     | carla_bridge.core.actor_factory:_create_object:365 - Created Traffic(id=963)
2026-06-22 18:01:33.710 | INFO     | carla_bridge.core.actor_factory:_create_object:365 - Created Traffic(id=962)
2026-06-22 18:01:33.715 | INFO     | carla_bridge.core.actor_factory:_create_object:365 - Created Traffic(id=961)
2026-06-22 18:01:33.721 | INFO     | carla_bridge.core.actor_factory:_create_object:365 - Created TrafficLight(id=960)
2026-06-22 18:01:33.743 | INFO     | carla_bridge.core.actor_factory:_create_object:365 - Created TrafficLight(id=959)
2026-06-22 18:01:33.753 | INFO     | carla_bridge.core.actor_factory:_create_object:365 - Created TrafficLight(id=958)
2026-06-22 18:01:33.766 | INFO     | carla_bridge.core.actor_factory:_create_object:365 - Created TrafficLight(id=957)
2026-06-22 18:01:33.766 | INFO     | carla_bridge.core.actor_factory:_create_object:365 - Created TrafficLight(id=956)
2026-06-22 18:01:33.783 | INFO     | carla_bridge.core.actor_factory:_create_object:365 - Created TrafficLight(id=955)
2026-06-22 18:01:33.794 | INFO     | carla_bridge.core.actor_factory:_create_object:365 - Created TrafficLight(id=954)
2026-06-22 18:01:33.804 | INFO     | carla_bridge.core.actor_factory:_create_object:365 - Created TrafficLight(id=953)
2026-06-22 18:01:33.814 | INFO     | carla_bridge.core.actor_factory:_create_object:365 - Created TrafficLight(id=952)
2026-06-22 18:01:33.827 | INFO     | carla_bridge.core.actor_factory:_create_object:365 - Created TrafficLight(id=951)
2026-06-22 18:01:33.848 | INFO     | carla_bridge.core.actor_factory:_create_object:365 - Created TrafficLight(id=950)
2026-06-22 18:01:33.858 | INFO     | carla_bridge.core.actor_factory:_create_object:365 - Created TrafficLight(id=949)
2026-06-22 18:01:33.890 | INFO     | carla_bridge.core.actor_factory:_create_object:365 - Created TrafficLight(id=948)
2026-06-22 18:01:33.900 | INFO     | carla_bridge.core.actor_factory:_create_object:365 - Created TrafficLight(id=947)
2026-06-22 18:01:33.913 | INFO     | carla_bridge.core.actor_factory:_create_object:365 - Created TrafficLight(id=946)
2026-06-22 18:01:33.930 | INFO     | carla_bridge.core.actor_factory:_create_object:365 - Created TrafficLight(id=945)
2026-06-22 18:01:33.940 | INFO     | carla_bridge.core.actor_factory:_create_object:365 - Created TrafficLight(id=944)
2026-06-22 18:01:33.951 | INFO     | carla_bridge.core.actor_factory:_create_object:365 - Created TrafficLight(id=943)
2026-06-22 18:01:33.961 | INFO     | carla_bridge.core.actor_factory:_create_object:365 - Created TrafficLight(id=942)
2026-06-22 18:01:33.976 | INFO     | carla_bridge.core.actor_factory:_create_object:365 - Created TrafficLight(id=941)
2026-06-22 18:01:33.987 | INFO     | carla_bridge.core.actor_factory:_create_object:365 - Created TrafficLight(id=940)
2026-06-22 18:01:33.992 | INFO     | carla_bridge.core.actor_factory:_create_object:365 - Created TrafficLight(id=939)
2026-06-22 18:01:34.003 | INFO     | carla_bridge.core.actor_factory:_create_object:365 - Created TrafficLight(id=938)
2026-06-22 18:01:34.025 | INFO     | carla_bridge.core.actor_factory:_create_object:365 - Created TrafficLight(id=937)
2026-06-22 18:01:34.035 | INFO     | carla_bridge.core.actor_factory:_create_object:365 - Created TrafficLight(id=936)
2026-06-22 18:01:34.046 | INFO     | carla_bridge.core.actor_factory:_create_object:365 - Created TrafficLight(id=935)
2026-06-22 18:01:34.056 | INFO     | carla_bridge.core.actor_factory:_create_object:365 - Created TrafficLight(id=934)
2026-06-22 18:01:34.068 | INFO     | carla_bridge.core.actor_factory:_create_object:365 - Created TrafficLight(id=933)
2026-06-22 18:01:34.079 | INFO     | carla_bridge.core.actor_factory:_create_object:365 - Created TrafficLight(id=932)
2026-06-22 18:01:34.089 | INFO     | carla_bridge.core.actor_factory:_create_object:365 - Created TrafficLight(id=931)
2026-06-22 18:01:34.105 | INFO     | carla_bridge.core.actor_factory:_create_object:365 - Created TrafficLight(id=930)
2026-06-22 18:01:34.115 | INFO     | carla_bridge.core.actor_factory:_create_object:365 - Created TrafficLight(id=929)
2026-06-22 18:01:34.121 | INFO     | carla_bridge.core.actor_factory:_create_object:365 - Created TrafficLight(id=928)
2026-06-22 18:01:34.126 | INFO     | carla_bridge.core.actor_factory:_create_object:365 - Created TrafficLight(id=927)
2026-06-22 18:01:34.131 | INFO     | carla_bridge.core.actor_factory:_create_object:365 - Created TrafficLight(id=926)
2026-06-22 18:01:34.142 | INFO     | carla_bridge.core.actor_factory:_create_object:365 - Created TrafficLight(id=925)
2026-06-22 18:01:34.159 | INFO     | carla_bridge.core.actor_factory:_create_object:365 - Created Spectator(id=924)
2026-06-22 18:01:34.160 | INFO     | carla_bridge.core.actor_factory:_create_object:365 - Created TrafficLightsSensor(id=10000)
2026-06-22 18:01:34.174 | INFO     | carla_bridge.core.actor_factory:_create_object:365 - Created EgoVehicle(id=1097)
2026-06-22 18:01:34.174 | DEBUG    | carla_bridge.core.carla_spawn_objects:setup_sensors:144 - sensor: {'type': 'sensor.other.gnss', 'id': 'gnss', 'spawn_point': {'x': 1.0, 'y': 0.0, 'z': 2.0}, 'noise_alt_stddev': 0.0, 'noise_lat_stddev': 0.0, 'noise_lon_stddev': 0.0, 'noise_alt_bias': 0.0, 'noise_lat_bias': 0.0, 'noise_lon_bias': 0.0}, attach: 1097
2026-06-22 18:01:34.177 | DEBUG    | carla_bridge.core.carla_spawn_objects:setup_sensors:144 - sensor: {'type': 'sensor.other.imu', 'id': 'gnss/imu', 'spawn_point': {'x': 2.0, 'y': 0.0, 'z': 2.0, 'roll': 0.0, 'pitch': 0.0, 'yaw': 0.0}, 'noise_accel_stddev_x': 0.0, 'noise_accel_stddev_y': 0.0, 'noise_accel_stddev_z': 0.0, 'noise_gyro_stddev_x': 0.0, 'noise_gyro_stddev_y': 0.0, 'noise_gyro_stddev_z': 0.0, 'noise_gyro_bias_x': 0.0, 'noise_gyro_bias_y': 0.0, 'noise_gyro_bias_z': 0.0}, attach: 1097
2026-06-22 18:01:34.184 | DEBUG    | carla_bridge.core.carla_spawn_objects:setup_sensors:144 - sensor: {'type': 'sensor.camera.rgb', 'id': 'front_6mm', 'spawn_point': {'x': 2.0, 'y': 0.0, 'z': 2.0, 'roll': 0.0, 'pitch': 0.0, 'yaw': 0.0}, 'image_size_x': 800, 'image_size_y': 600, 'fov': 90.0, 'fstop': 8.0}, attach: 1097
2026-06-22 18:01:34.185 | DEBUG    | carla_bridge.core.carla_spawn_objects:setup_sensors:144 - sensor: {'type': 'sensor.camera.rgb', 'id': 'front_12mm', 'spawn_point': {'x': 2.5, 'y': 0.0, 'z': 2.8, 'roll': 0.0, 'pitch': 0.0, 'yaw': 0.0}, 'image_size_x': 800, 'image_size_y': 600, 'focal_distance': 2000, 'fov': 90.0, 'fstop': 8.0}, attach: 1097
2026-06-22 18:01:34.185 | DEBUG    | carla_bridge.core.carla_spawn_objects:setup_sensors:144 - sensor: {'type': 'sensor.lidar.ray_cast', 'id': 'velodyne64', 'spawn_point': {'x': 0.0, 'y': 0.0, 'z': 2.4, 'roll': 0.0, 'pitch': 0.0, 'yaw': -90.0}, 'range': 50, 'channels': 64, 'points_per_second': 320000, 'upper_fov': 2.0, 'lower_fov': -26.8, 'rotation_frequency': 10, 'noise_stddev': 0.0}, attach: 1097
2026-06-22 18:01:34.186 | DEBUG    | carla_bridge.core.carla_spawn_objects:setup_sensors:144 - sensor: {'type': 'sensor.other.radar', 'id': 'radar/front', 'spawn_point': {'x': 2.0, 'y': 0.0, 'z': 2.0, 'roll': 0.0, 'pitch': 0.0, 'yaw': 0.0}, 'horizontal_fov': 30.0, 'vertical_fov': 10.0, 'points_per_second': 1500, 'range': 100.0}, attach: 1097
2026-06-22 18:01:34.186 | INFO     | carla_bridge.core.carla_spawn_objects:spawn_objects:88 - All objects spawned.
2026-06-22 18:01:34.199 | INFO     | carla_bridge.core.actor_factory:_create_object:365 - Created Gnss(id=1098)
2026-06-22 18:01:34.200 | INFO     | carla_bridge.core.actor_factory:_create_object:365 - Created ImuSensor(id=1099)
2026-06-22 18:01:34.202 | INFO     | carla_bridge.core.actor_factory:_create_object:365 - Created RgbCamera(id=1100)
2026-06-22 18:01:34.203 | INFO     | carla_bridge.core.actor_factory:_create_object:365 - Created RgbCamera(id=1101)
2026-06-22 18:01:34.204 | INFO     | carla_bridge.core.actor_factory:_create_object:365 - Created Lidar(id=1102)
2026-06-22 18:01:34.206 | INFO     | carla_bridge.core.actor_factory:_create_object:365 - Created Radar(id=1103)
2026-06-22 18:05:27.802 | WARNING  | __main__:main:242 - Shutting down.
2026-06-22 18:05:27.818 | INFO     | __main__:destroy:185 - Shutting down...
2026-06-22 18:05:27.831 | INFO     | __main__:destroy:191 - Object update finished.
2026-06-22 18:05:27.833 | INFO     | carla_bridge.core.actor_factory:_destroy_object:261 - Removed TrafficLightsSensor(id=10000)
2026-06-22 18:05:27.837 | INFO     | carla_bridge.core.actor_factory:_destroy_object:261 - Removed EgoVehicle(id=1097)
2026-06-22 18:05:27.860 | INFO     | carla_bridge.core.actor_factory:_destroy_object:261 - Removed Gnss(id=1098)
2026-06-22 18:05:27.885 | INFO     | carla_bridge.core.actor_factory:_destroy_object:261 - Removed ImuSensor(id=1099)
2026-06-22 18:05:27.931 | INFO     | carla_bridge.core.actor_factory:_destroy_object:261 - Removed RgbCamera(id=1100)
2026-06-22 18:05:27.951 | INFO     | carla_bridge.core.actor_factory:_destroy_object:261 - Removed RgbCamera(id=1101)
2026-06-22 18:05:27.955 | INFO     | carla_bridge.core.actor_factory:_destroy_object:261 - Removed Lidar(id=1102)
2026-06-22 18:05:27.957 | INFO     | carla_bridge.core.actor_factory:_destroy_object:261 - Removed Radar(id=1103)
2026-07-03 14:50:57.490 | INFO     | __main__:main:223 - Trying to connect to 127.0.0.1:2000
2026-07-03 14:50:59.953 | INFO     | __main__:main:236 - Connect to 127.0.0.1:2000 successfully.
2026-07-03 14:50:59.953 | INFO     | carla_bridge.collision_sensor_logger:_log_info:118 - Collision logger file output will be created on first collision: dir=/apollo/data/collision_log, jsonl=carla_collision_events_{wall_time_iso}.jsonl, csv=carla_collision_events_{wall_time_iso}.csv
2026-07-03 14:50:59.956 | INFO     | carla_bridge.collision_sensor_logger:_log_info:118 - Collision events will be published to Cyber topic /apollo/carla/collision as StringValue JSON.
2026-07-03 14:51:00.411 | DEBUG    | carla_bridge.core.carla_spawn_objects:setup_sensors:144 - sensor: {'type': 'sensor.pseudo.traffic_lights', 'id': 'traffic_lights'}, attach: None
2026-07-03 14:51:00.411 | INFO     | carla_bridge.core.carla_spawn_objects:setup_vehicles:118 - Spawn point selected at random
2026-07-03 14:51:00.419 | WARNING  | __main__:main:252 - Shutting down.
2026-07-03 14:51:00.425 | INFO     | carla_bridge.core.actor_factory:_create_object:371 - Created Static(id=377)
2026-07-03 14:51:00.431 | INFO     | __main__:destroy:193 - Shutting down...
2026-07-03 14:51:00.451 | INFO     | carla_bridge.core.actor_factory:_create_object:371 - Created Static(id=376)
2026-07-03 14:51:00.472 | INFO     | carla_bridge.core.actor_factory:_create_object:371 - Created Static(id=375)
2026-07-03 14:51:00.488 | INFO     | carla_bridge.core.actor_factory:_create_object:371 - Created Static(id=374)
2026-07-03 14:51:00.514 | INFO     | carla_bridge.core.actor_factory:_create_object:371 - Created Static(id=373)
2026-07-03 14:51:00.535 | INFO     | carla_bridge.core.actor_factory:_create_object:371 - Created Static(id=372)
2026-07-03 14:51:00.561 | INFO     | carla_bridge.core.actor_factory:_create_object:371 - Created Static(id=371)
2026-07-03 14:51:00.577 | INFO     | carla_bridge.core.actor_factory:_create_object:371 - Created Static(id=370)
2026-07-03 14:51:00.593 | INFO     | carla_bridge.core.actor_factory:_create_object:371 - Created Static(id=369)
2026-07-03 14:51:00.608 | INFO     | carla_bridge.core.actor_factory:_create_object:371 - Created Static(id=368)
2026-07-03 14:51:00.619 | INFO     | carla_bridge.core.actor_factory:_create_object:371 - Created Static(id=367)
2026-07-03 14:51:00.640 | INFO     | carla_bridge.core.actor_factory:_create_object:371 - Created Static(id=366)
2026-07-03 14:51:00.656 | INFO     | carla_bridge.core.actor_factory:_create_object:371 - Created Static(id=365)
2026-07-03 14:51:00.662 | INFO     | carla_bridge.core.actor_factory:_create_object:371 - Created Static(id=364)
2026-07-03 14:51:00.672 | INFO     | carla_bridge.core.actor_factory:_create_object:371 - Created Static(id=363)
2026-07-03 14:51:00.688 | INFO     | carla_bridge.core.actor_factory:_create_object:371 - Created Static(id=362)
2026-07-03 14:51:00.699 | INFO     | carla_bridge.core.actor_factory:_create_object:371 - Created Static(id=361)
2026-07-03 14:51:00.704 | INFO     | carla_bridge.core.actor_factory:_create_object:371 - Created Static(id=360)
2026-07-03 14:51:00.720 | INFO     | carla_bridge.core.actor_factory:_create_object:371 - Created Static(id=359)
2026-07-03 14:51:00.731 | INFO     | carla_bridge.core.actor_factory:_create_object:371 - Created Static(id=358)
2026-07-03 14:51:00.746 | INFO     | carla_bridge.core.actor_factory:_create_object:371 - Created Static(id=357)
2026-07-03 14:51:00.762 | INFO     | carla_bridge.core.actor_factory:_create_object:371 - Created Static(id=356)
2026-07-03 14:51:00.768 | INFO     | carla_bridge.core.actor_factory:_create_object:371 - Created Static(id=355)
2026-07-03 14:51:00.799 | INFO     | carla_bridge.core.actor_factory:_create_object:371 - Created Static(id=354)
2026-07-03 14:51:00.804 | INFO     | carla_bridge.core.actor_factory:_create_object:371 - Created Static(id=353)
2026-07-03 14:51:00.815 | INFO     | carla_bridge.core.actor_factory:_create_object:371 - Created Static(id=352)
2026-07-03 14:51:00.825 | INFO     | carla_bridge.core.actor_factory:_create_object:371 - Created Static(id=351)
2026-07-03 14:51:00.846 | INFO     | carla_bridge.core.actor_factory:_create_object:371 - Created Static(id=350)
2026-07-03 14:51:00.867 | INFO     | carla_bridge.core.actor_factory:_create_object:371 - Created Static(id=349)
2026-07-03 14:51:00.883 | INFO     | carla_bridge.core.actor_factory:_create_object:371 - Created Static(id=348)
2026-07-03 14:51:00.899 | INFO     | carla_bridge.core.actor_factory:_create_object:371 - Created Static(id=347)
2026-07-03 14:51:00.920 | INFO     | carla_bridge.core.actor_factory:_create_object:371 - Created Static(id=346)
2026-07-03 14:51:00.930 | INFO     | carla_bridge.core.actor_factory:_create_object:371 - Created Static(id=345)
2026-07-03 14:51:00.951 | INFO     | carla_bridge.core.actor_factory:_create_object:371 - Created Static(id=344)
2026-07-03 14:51:00.972 | INFO     | carla_bridge.core.actor_factory:_create_object:371 - Created Static(id=343)
2026-07-03 14:51:00.972 | INFO     | carla_bridge.core.actor_factory:_create_object:371 - Created Static(id=342)
2026-07-03 14:51:00.978 | INFO     | carla_bridge.core.actor_factory:_create_object:371 - Created Static(id=341)
2026-07-03 14:51:00.993 | INFO     | carla_bridge.core.actor_factory:_create_object:371 - Created Static(id=340)
2026-07-03 14:51:01.019 | INFO     | carla_bridge.core.actor_factory:_create_object:371 - Created Static(id=339)
2026-07-03 14:51:01.035 | INFO     | carla_bridge.core.actor_factory:_create_object:371 - Created Static(id=338)
2026-07-03 14:51:01.041 | INFO     | carla_bridge.core.actor_factory:_create_object:371 - Created Static(id=337)
2026-07-03 14:51:01.051 | INFO     | carla_bridge.core.actor_factory:_create_object:371 - Created Static(id=336)
2026-07-03 14:51:01.062 | INFO     | carla_bridge.core.actor_factory:_create_object:371 - Created Static(id=335)
2026-07-03 14:51:01.083 | INFO     | carla_bridge.core.actor_factory:_create_object:371 - Created Static(id=334)
2026-07-03 14:51:01.094 | INFO     | carla_bridge.core.actor_factory:_create_object:371 - Created Static(id=333)
2026-07-03 14:51:01.114 | INFO     | carla_bridge.core.actor_factory:_create_object:371 - Created Static(id=332)
2026-07-03 14:51:01.130 | INFO     | carla_bridge.core.actor_factory:_create_object:371 - Created Static(id=331)
2026-07-03 14:51:01.146 | INFO     | carla_bridge.core.actor_factory:_create_object:371 - Created Static(id=330)
2026-07-03 14:51:01.146 | INFO     | carla_bridge.core.actor_factory:_create_object:371 - Created Static(id=329)
2026-07-03 14:51:01.162 | INFO     | carla_bridge.core.actor_factory:_create_object:371 - Created Static(id=328)
2026-07-03 14:51:01.173 | INFO     | carla_bridge.core.actor_factory:_create_object:371 - Created Static(id=327)
2026-07-03 14:51:01.194 | INFO     | carla_bridge.core.actor_factory:_create_object:371 - Created Static(id=326)
2026-07-03 14:51:01.209 | INFO     | carla_bridge.core.actor_factory:_create_object:371 - Created Static(id=325)
2026-07-03 14:51:01.231 | INFO     | carla_bridge.core.actor_factory:_create_object:371 - Created Static(id=324)
2026-07-03 14:51:01.246 | INFO     | carla_bridge.core.actor_factory:_create_object:371 - Created Static(id=323)
2026-07-03 14:51:01.252 | INFO     | carla_bridge.core.actor_factory:_create_object:371 - Created Static(id=322)
2026-07-03 14:51:01.273 | INFO     | carla_bridge.core.actor_factory:_create_object:371 - Created Static(id=321)
2026-07-03 14:51:01.274 | INFO     | carla_bridge.core.actor_factory:_create_object:371 - Created Static(id=320)
2026-07-03 14:51:01.289 | INFO     | carla_bridge.core.actor_factory:_create_object:371 - Created Static(id=319)
2026-07-03 14:51:01.310 | INFO     | carla_bridge.core.actor_factory:_create_object:371 - Created Static(id=318)
2026-07-03 14:51:01.326 | INFO     | carla_bridge.core.actor_factory:_create_object:371 - Created Static(id=317)
2026-07-03 14:51:01.337 | INFO     | carla_bridge.core.actor_factory:_create_object:371 - Created Static(id=316)
2026-07-03 14:51:01.353 | INFO     | carla_bridge.core.actor_factory:_create_object:371 - Created Static(id=315)
2026-07-03 14:51:01.368 | INFO     | carla_bridge.core.actor_factory:_create_object:371 - Created Static(id=314)
2026-07-03 14:51:01.389 | INFO     | carla_bridge.core.actor_factory:_create_object:371 - Created Static(id=313)
2026-07-03 14:51:01.400 | INFO     | carla_bridge.core.actor_factory:_create_object:371 - Created Static(id=312)
2026-07-03 14:51:01.411 | INFO     | carla_bridge.core.actor_factory:_create_object:371 - Created Static(id=311)
2026-07-03 14:51:01.426 | INFO     | carla_bridge.core.actor_factory:_create_object:371 - Created Static(id=310)
2026-07-03 14:51:01.442 | INFO     | carla_bridge.core.actor_factory:_create_object:371 - Created Static(id=309)
2026-07-03 14:51:01.463 | INFO     | carla_bridge.core.actor_factory:_create_object:371 - Created Static(id=308)
2026-07-03 14:51:01.474 | INFO     | carla_bridge.core.actor_factory:_create_object:371 - Created Static(id=307)
2026-07-03 14:51:01.484 | INFO     | carla_bridge.core.actor_factory:_create_object:371 - Created Static(id=306)
2026-07-03 14:51:01.500 | INFO     | carla_bridge.core.actor_factory:_create_object:371 - Created Static(id=305)
2026-07-03 14:51:01.500 | INFO     | carla_bridge.core.actor_factory:_create_object:371 - Created Static(id=304)
2026-07-03 14:51:01.501 | INFO     | carla_bridge.core.actor_factory:_create_object:371 - Created Static(id=303)
2026-07-03 14:51:01.516 | INFO     | carla_bridge.core.actor_factory:_create_object:371 - Created Static(id=302)
2026-07-03 14:51:01.532 | INFO     | carla_bridge.core.actor_factory:_create_object:371 - Created Static(id=301)
2026-07-03 14:51:01.532 | INFO     | carla_bridge.core.actor_factory:_create_object:371 - Created Static(id=300)
2026-07-03 14:51:01.538 | INFO     | carla_bridge.core.actor_factory:_create_object:371 - Created Static(id=299)
2026-07-03 14:51:01.549 | INFO     | carla_bridge.core.actor_factory:_create_object:371 - Created Static(id=298)
2026-07-03 14:51:01.570 | INFO     | carla_bridge.core.actor_factory:_create_object:371 - Created Static(id=297)
2026-07-03 14:51:01.591 | INFO     | carla_bridge.core.actor_factory:_create_object:371 - Created Static(id=296)
2026-07-03 14:51:01.607 | INFO     | carla_bridge.core.actor_factory:_create_object:371 - Created Static(id=295)
2026-07-03 14:51:01.612 | INFO     | carla_bridge.core.actor_factory:_create_object:371 - Created Static(id=294)
2026-07-03 14:51:01.612 | INFO     | carla_bridge.core.actor_factory:_create_object:371 - Created Static(id=293)
2026-07-03 14:51:01.618 | INFO     | carla_bridge.core.actor_factory:_create_object:371 - Created Static(id=292)
2026-07-03 14:51:01.634 | INFO     | carla_bridge.core.actor_factory:_create_object:371 - Created Static(id=291)
2026-07-03 14:51:01.644 | INFO     | carla_bridge.core.actor_factory:_create_object:371 - Created Static(id=290)
2026-07-03 14:51:01.660 | INFO     | carla_bridge.core.actor_factory:_create_object:371 - Created Static(id=289)
2026-07-03 14:51:01.660 | INFO     | carla_bridge.core.actor_factory:_create_object:371 - Created Static(id=288)
2026-07-03 14:51:01.661 | INFO     | carla_bridge.core.actor_factory:_create_object:371 - Created Static(id=287)
2026-07-03 14:51:01.677 | INFO     | carla_bridge.core.actor_factory:_create_object:371 - Created Static(id=286)
2026-07-03 14:51:01.692 | INFO     | carla_bridge.core.actor_factory:_create_object:371 - Created Static(id=285)
2026-07-03 14:51:01.719 | INFO     | carla_bridge.core.actor_factory:_create_object:371 - Created Static(id=284)
2026-07-03 14:51:01.735 | INFO     | carla_bridge.core.actor_factory:_create_object:371 - Created Static(id=283)
2026-07-03 14:51:01.756 | INFO     | carla_bridge.core.actor_factory:_create_object:371 - Created Static(id=282)
2026-07-03 14:51:01.787 | INFO     | carla_bridge.core.actor_factory:_create_object:371 - Created Static(id=281)
2026-07-03 14:51:01.803 | INFO     | carla_bridge.core.actor_factory:_create_object:371 - Created Static(id=280)
2026-07-03 14:51:01.829 | INFO     | carla_bridge.core.actor_factory:_create_object:371 - Created Static(id=279)
2026-07-03 14:51:01.845 | INFO     | carla_bridge.core.actor_factory:_create_object:371 - Created Static(id=278)
2026-07-03 14:51:01.855 | INFO     | carla_bridge.core.actor_factory:_create_object:371 - Created Static(id=277)
2026-07-03 14:51:01.871 | INFO     | carla_bridge.core.actor_factory:_create_object:371 - Created Static(id=276)
2026-07-03 14:51:01.892 | INFO     | carla_bridge.core.actor_factory:_create_object:371 - Created Static(id=275)
2026-07-03 14:51:01.908 | INFO     | carla_bridge.core.actor_factory:_create_object:371 - Created Static(id=274)
2026-07-03 14:51:01.924 | INFO     | carla_bridge.core.actor_factory:_create_object:371 - Created Static(id=273)
2026-07-03 14:51:01.935 | INFO     | carla_bridge.core.actor_factory:_create_object:371 - Created Static(id=272)
2026-07-03 14:51:01.951 | INFO     | carla_bridge.core.actor_factory:_create_object:371 - Created Static(id=271)
2026-07-03 14:51:01.967 | INFO     | carla_bridge.core.actor_factory:_create_object:371 - Created Static(id=270)
2026-07-03 14:51:01.977 | INFO     | carla_bridge.core.actor_factory:_create_object:371 - Created Static(id=269)
2026-07-03 14:51:01.993 | INFO     | carla_bridge.core.actor_factory:_create_object:371 - Created Static(id=268)
2026-07-03 14:51:02.009 | INFO     | carla_bridge.core.actor_factory:_create_object:371 - Created Static(id=267)
2026-07-03 14:51:02.025 | INFO     | carla_bridge.core.actor_factory:_create_object:371 - Created Static(id=266)
2026-07-03 14:51:02.040 | INFO     | carla_bridge.core.actor_factory:_create_object:371 - Created Static(id=265)
2026-07-03 14:51:02.066 | INFO     | carla_bridge.core.actor_factory:_create_object:371 - Created Static(id=264)
2026-07-03 14:51:02.077 | INFO     | carla_bridge.core.actor_factory:_create_object:371 - Created Static(id=263)
2026-07-03 14:51:02.088 | INFO     | carla_bridge.core.actor_factory:_create_object:371 - Created Traffic(id=262)
2026-07-03 14:51:02.109 | INFO     | carla_bridge.core.actor_factory:_create_object:371 - Created Traffic(id=261)
2026-07-03 14:51:02.124 | INFO     | carla_bridge.core.actor_factory:_create_object:371 - Created Traffic(id=260)
2026-07-03 14:51:02.140 | INFO     | carla_bridge.core.actor_factory:_create_object:371 - Created Traffic(id=259)
2026-07-03 14:51:02.156 | INFO     | carla_bridge.core.actor_factory:_create_object:371 - Created Traffic(id=258)
2026-07-03 14:51:02.177 | INFO     | carla_bridge.core.actor_factory:_create_object:371 - Created Traffic(id=257)
2026-07-03 14:51:02.187 | INFO     | carla_bridge.core.actor_factory:_create_object:371 - Created Traffic(id=256)
2026-07-03 14:51:02.198 | INFO     | carla_bridge.core.actor_factory:_create_object:371 - Created Traffic(id=255)
2026-07-03 14:51:02.198 | INFO     | carla_bridge.core.actor_factory:_create_object:371 - Created Traffic(id=254)
2026-07-03 14:51:02.204 | INFO     | carla_bridge.core.actor_factory:_create_object:371 - Created Traffic(id=253)
2026-07-03 14:51:02.214 | INFO     | carla_bridge.core.actor_factory:_create_object:371 - Created Traffic(id=252)
2026-07-03 14:51:02.235 | INFO     | carla_bridge.core.actor_factory:_create_object:371 - Created Traffic(id=251)
2026-07-03 14:51:02.256 | INFO     | carla_bridge.core.actor_factory:_create_object:371 - Created Traffic(id=250)
2026-07-03 14:51:02.277 | INFO     | carla_bridge.core.actor_factory:_create_object:371 - Created Traffic(id=249)
2026-07-03 14:51:02.288 | INFO     | carla_bridge.core.actor_factory:_create_object:371 - Created Traffic(id=248)
2026-07-03 14:51:02.293 | INFO     | carla_bridge.core.actor_factory:_create_object:371 - Created Traffic(id=247)
2026-07-03 14:51:02.309 | INFO     | carla_bridge.core.actor_factory:_create_object:371 - Created Traffic(id=246)
2026-07-03 14:51:02.330 | INFO     | carla_bridge.core.actor_factory:_create_object:371 - Created Traffic(id=245)
2026-07-03 14:51:02.346 | INFO     | carla_bridge.core.actor_factory:_create_object:371 - Created Traffic(id=244)
2026-07-03 14:51:02.362 | INFO     | carla_bridge.core.actor_factory:_create_object:371 - Created Traffic(id=243)
2026-07-03 14:51:02.368 | INFO     | carla_bridge.core.actor_factory:_create_object:371 - Created Traffic(id=242)
2026-07-03 14:51:02.373 | INFO     | carla_bridge.core.actor_factory:_create_object:371 - Created TrafficLight(id=241)
2026-07-03 14:51:02.384 | INFO     | carla_bridge.core.actor_factory:_create_object:371 - Created TrafficLight(id=240)
2026-07-03 14:51:02.410 | INFO     | carla_bridge.core.actor_factory:_create_object:371 - Created TrafficLight(id=239)
2026-07-03 14:51:02.421 | INFO     | carla_bridge.core.actor_factory:_create_object:371 - Created TrafficLight(id=238)
2026-07-03 14:51:02.437 | INFO     | carla_bridge.core.actor_factory:_create_object:371 - Created TrafficLight(id=237)
2026-07-03 14:51:02.447 | INFO     | carla_bridge.core.actor_factory:_create_object:371 - Created TrafficLight(id=236)
2026-07-03 14:51:02.463 | INFO     | carla_bridge.core.actor_factory:_create_object:371 - Created TrafficLight(id=235)
2026-07-03 14:51:02.479 | INFO     | carla_bridge.core.actor_factory:_create_object:371 - Created TrafficLight(id=234)
2026-07-03 14:51:02.500 | INFO     | carla_bridge.core.actor_factory:_create_object:371 - Created TrafficLight(id=233)
2026-07-03 14:51:02.500 | INFO     | carla_bridge.core.actor_factory:_create_object:371 - Created TrafficLight(id=232)
2026-07-03 14:51:02.506 | INFO     | carla_bridge.core.actor_factory:_create_object:371 - Created TrafficLight(id=231)
2026-07-03 14:51:02.522 | INFO     | carla_bridge.core.actor_factory:_create_object:371 - Created TrafficLight(id=230)
2026-07-03 14:51:02.538 | INFO     | carla_bridge.core.actor_factory:_create_object:371 - Created TrafficLight(id=229)
2026-07-03 14:51:02.554 | INFO     | carla_bridge.core.actor_factory:_create_object:371 - Created TrafficLight(id=228)
2026-07-03 14:51:02.570 | INFO     | carla_bridge.core.actor_factory:_create_object:371 - Created TrafficLight(id=227)
2026-07-03 14:51:02.581 | INFO     | carla_bridge.core.actor_factory:_create_object:371 - Created TrafficLight(id=226)
2026-07-03 14:51:02.591 | INFO     | carla_bridge.core.actor_factory:_create_object:371 - Created TrafficLight(id=225)
2026-07-03 14:51:02.607 | INFO     | carla_bridge.core.actor_factory:_create_object:371 - Created TrafficLight(id=224)
2026-07-03 14:51:02.649 | INFO     | carla_bridge.core.actor_factory:_create_object:371 - Created TrafficLight(id=223)
2026-07-03 14:51:02.664 | INFO     | carla_bridge.core.actor_factory:_create_object:371 - Created TrafficLight(id=222)
2026-07-03 14:51:02.680 | INFO     | carla_bridge.core.actor_factory:_create_object:371 - Created TrafficLight(id=221)
2026-07-03 14:51:02.701 | INFO     | carla_bridge.core.actor_factory:_create_object:371 - Created TrafficLight(id=220)
2026-07-03 14:51:02.712 | INFO     | carla_bridge.core.actor_factory:_create_object:371 - Created TrafficLight(id=219)
2026-07-03 14:51:02.728 | INFO     | carla_bridge.core.actor_factory:_create_object:371 - Created TrafficLight(id=218)
2026-07-03 14:51:02.734 | INFO     | carla_bridge.core.actor_factory:_create_object:371 - Created TrafficLight(id=217)
2026-07-03 14:51:02.734 | INFO     | carla_bridge.core.actor_factory:_create_object:371 - Created TrafficLight(id=216)
2026-07-03 14:51:02.745 | INFO     | carla_bridge.core.actor_factory:_create_object:371 - Created TrafficLight(id=215)
2026-07-03 14:51:02.766 | INFO     | carla_bridge.core.actor_factory:_create_object:371 - Created TrafficLight(id=214)
2026-07-03 14:51:02.782 | INFO     | carla_bridge.core.actor_factory:_create_object:371 - Created TrafficLight(id=213)
2026-07-03 14:51:02.798 | INFO     | carla_bridge.core.actor_factory:_create_object:371 - Created TrafficLight(id=212)
2026-07-03 14:51:02.819 | INFO     | carla_bridge.core.actor_factory:_create_object:371 - Created TrafficLight(id=211)
2026-07-03 14:51:02.840 | INFO     | carla_bridge.core.actor_factory:_create_object:371 - Created TrafficLight(id=210)
2026-07-03 14:51:02.856 | INFO     | carla_bridge.core.actor_factory:_create_object:371 - Created TrafficLight(id=209)
2026-07-03 14:51:02.871 | INFO     | carla_bridge.core.actor_factory:_create_object:371 - Created TrafficLight(id=208)
2026-07-03 14:51:02.887 | INFO     | carla_bridge.core.actor_factory:_create_object:371 - Created TrafficLight(id=207)
2026-07-03 14:51:02.893 | INFO     | carla_bridge.core.actor_factory:_create_object:371 - Created TrafficLight(id=206)
2026-07-03 14:51:02.919 | INFO     | carla_bridge.core.actor_factory:_create_object:371 - Created Spectator(id=205)
2026-07-03 14:51:02.940 | INFO     | __main__:destroy:199 - Object update finished.
2026-07-03 14:51:02.962 | INFO     | carla_bridge.collision_sensor_logger:_log_info:118 - Collision sensor attached to ego vehicle id=378, type_id=vehicle.lincoln.mkz_2017, log_path=pending_first_collision
2026-07-03 14:51:02.962 | INFO     | carla_bridge.core.actor_factory:_create_object:371 - Created EgoVehicle(id=378)
2026-07-03 14:51:02.963 | DEBUG    | carla_bridge.core.carla_spawn_objects:setup_sensors:144 - sensor: {'type': 'sensor.other.gnss', 'id': 'gnss', 'spawn_point': {'x': 1.0, 'y': 0.0, 'z': 2.0}, 'noise_alt_stddev': 0.0, 'noise_lat_stddev': 0.0, 'noise_lon_stddev': 0.0, 'noise_alt_bias': 0.0, 'noise_lat_bias': 0.0, 'noise_lon_bias': 0.0}, attach: 378
2026-07-03 14:51:02.963 | INFO     | carla_bridge.core.carla_spawn_objects:spawn_objects:88 - All objects spawned.
2026-07-03 14:51:02.963 | INFO     | carla_bridge.core.actor_factory:_create_object:371 - Created Sensor(id=379)
2026-07-03 14:51:02.969 | INFO     | carla_bridge.core.actor_factory:_destroy_object:265 - Removed EgoVehicle(id=378)
