================================================================================
[CONFIG] P3单机全量采集 - 20260708_102348
[CONFIG] CARLA: 127.0.0.1:2000
[CONFIG] 外参: t=(0.000,0.000,2.175) q=(0.0000,0.0000,0.0000,0.0000)
[CONFIG] 外参文件: /apollo_workspace/modules/drivers/lidar/velodyne/params/velodyne64_novatel_extrinsics.yaml
[CONFIG] 话题: PC=/apollo/sensor/velodyne64/compensator/PointCloud2（P3本地Bridge发布）
[CONFIG] 话题: OBS=/apollo/perception/obstacles（跨机器→Orin）
[CONFIG] 话题: LOC=/apollo/localization/pose（跨机器→Orin）
[CONFIG] CARLA可用: True
================================================================================

# ═══════════════════════════════════════════
# 采集脚本说明
#
# 数据来源：
#   [GT]    CARLA Ground Truth（P3本地只读连接）
#   [PC]    原始点云（P3本地Bridge发布的补偿后点云）
#   [OBS]   Apollo感知结果（跨机器订阅Orin的CenterPoint输出）
#   [LOC]   Apollo定位位姿（跨机器订阅Orin的localization模块）
#
# 标签约定：
#   以 [TAG] 开头的是数据行，可使用 grep '^\[TAG\]' 过滤
#   以 # 开头的是中文注释行，解释字段含义和正常指标范围
#
# 数据流：Bridge tick CARLA → 发点云 → Orin推理 → 感知结果回传
# 注意：感知结果比GT/点云滞后约1~2帧，已取最新值
# ═══════════════════════════════════════════

[CONFIG] CARLA已连接: True
[FRAME] frame=1 ts=1783477430.322 gt_frame=22 ego_pose=False n_pc_pts=0 n_gt_npc=2 n_obs=1 pc_dt_ms=0
# 帧号=1 | 仿真时间=1783477430.322s | GT帧=22 | 点云=0点 | 帧间隔=0ms | CARLA NPC=2个 | 感知障碍物=1个
# 注：感知回调触发写入，点云和GT可能滞后0~2帧（取最新值）
# 注：点云帧间隔应稳定在 100ms（10Hz），如出现 300ms+ 说明有点云丢帧

[GT_EGO] id=197 x=107.000 y=-133.500 z=0.034 yaw=-0.000 vel=0.00
# 自车位姿（Apollo 坐标系）| 位置=(107.00, -133.50, 0.03)m | 朝向=-0.00rad | 速度=0.00m/s
# 注：坐标经 CARLA→Apollo 转换（y取反，yaw取反转弧度）

[GT_NPC] id=208 type=VEHICLE cx=132.943 cy=-133.429 cz=-499.071 half_l=2.302 half_w=0.966 half_h=0.927 yaw=-0.000 vel=0.00 dist=25.94 rel_fwd=25.94 rel_right=0.07
# GT_NPC: id=208 | 类型=VEHICLE | bbox中心=(132.94, -133.43, -499.07) | 尺寸=4.60×1.93×1.85m | 距自车=25.9m | 相对方位 前/右=(+25.9, +0.1)m
# 注：bbox中心是几何中心（t.transform(bbox.location)），不是rear axle在地面的位置
# 注：dist<30m 且 rel_fwd>0（前方）的目标是本次关注重点
[GT_NPC] id=209 type=VEHICLE cx=174.000 cy=-133.447 cz=-499.038 half_l=0.828 half_w=0.291 half_h=0.810 yaw=-1.571 vel=0.00 dist=67.00 rel_fwd=67.00 rel_right=0.05
# GT_NPC: id=209 | 类型=VEHICLE | bbox中心=(174.00, -133.45, -499.04) | 尺寸=1.66×0.58×1.62m | 距自车=67.0m | 相对方位 前/右=(+67.0, +0.1)m
# 注：bbox中心是几何中心（t.transform(bbox.location)），不是rear axle在地面的位置
# 注：dist<30m 且 rel_fwd>0（前方）的目标是本次关注重点

[PC_ON_NPC] 无世界坐标点云（可能ego_pose未就绪）
# 注：世界坐标点云为空（可能是定位位姿还没收到，或点云还没来）

[OBS] id=235 type=PEDESTRIAN(3) sub=0 pos=(102.72,-127.08,0.67) box=(0.01,0.01,1.18) theta=2.911 conf=0.313 tt=14.90 vel=0.00 dist=0.00 pts_in=0 pts_near=0 int_mean=0.0 gt=None(假阳性)
# OBS: id=235 | 类型=PEDESTRIAN | 置信度=0.313 | 位置=(102.72, -127.08, 0.67)m | 尺寸=0.01×0.01×1.18m | 朝向=2.911rad | 跟踪时长=14.90s | 距自车=0.0m | OBS框内点数=0 | gt=None(假阳性)
# 注：未匹配到GT，可能是假阳性或超出GT范围的远距离目标
# 注：⚠️ 置信度 0.313 < 0.5，可能被后处理滤掉

[MISS] npc_id=208 type=VEHICLE dist=25.94 rel_fwd=25.94 rel_right=0.07 pts_on_gt=0 pts_near_gt=0 reason=pts_in_box=0(完全无点云)
# 漏检: GT_NPC_208 | 类型=VEHICLE | 距自车=25.9m | 方位 前/右=(+25.9, +0.1)m | GT框内点数=0 | 根因=pts_in_box=0(完全无点云)
# 诊断：物理层问题：点没打到车上，请检查外参或LiDAR安装
# ⚠️ 重点关注：距自车仅25.9m的目标漏检，点云覆盖=0点

[MISS] npc_id=209 type=VEHICLE dist=67.00 rel_fwd=67.00 rel_right=0.05 pts_on_gt=0 pts_near_gt=0 reason=pts_in_box=0(完全无点云)
# 漏检: GT_NPC_209 | 类型=VEHICLE | 距自车=67.0m | 方位 前/右=(+67.0, +0.1)m | GT框内点数=0 | 根因=pts_in_box=0(完全无点云)
# 诊断：物理层问题：点没打到车上，请检查外参或LiDAR安装

[MATCH] frame=1 total_gt=2 detected=0 missed=2 missed_with_pts=0 missed_no_pts=2 false_positive=1
# 帧匹配汇总 | GT总数=2 | 检测到=0 | 漏检=2 | 误报=1
# 漏检中：有点云=0个 | 无点云=2个
# 注：有点云但漏检 → 模型或参数问题；无点云漏检 → 物理或坐标变换问题
# 距离分桶 | 近(0-15m): 0/0 | 中(15-30m): 0/1 | 远(>30m): 0/1

[FRAME] frame=2 ts=1783477430.414 gt_frame=23 ego_pose=False n_pc_pts=6092 n_gt_npc=2 n_obs=1 pc_dt_ms=0
# 帧号=2 | 仿真时间=1783477430.414s | GT帧=23 | 点云=6092点 | 帧间隔=0ms | CARLA NPC=2个 | 感知障碍物=1个
# 注：感知回调触发写入，点云和GT可能滞后0~2帧（取最新值）
# 注：点云帧间隔应稳定在 100ms（10Hz），如出现 300ms+ 说明有点云丢帧

[GT_EGO] id=197 x=107.000 y=-133.500 z=0.034 yaw=-0.000 vel=0.00
# 自车位姿（Apollo 坐标系）| 位置=(107.00, -133.50, 0.03)m | 朝向=-0.00rad | 速度=0.00m/s
# 注：坐标经 CARLA→Apollo 转换（y取反，yaw取反转弧度）

[GT_NPC] id=208 type=VEHICLE cx=132.943 cy=-133.429 cz=-499.071 half_l=2.302 half_w=0.966 half_h=0.927 yaw=-0.000 vel=0.00 dist=25.94 rel_fwd=25.94 rel_right=0.07
# GT_NPC: id=208 | 类型=VEHICLE | bbox中心=(132.94, -133.43, -499.07) | 尺寸=4.60×1.93×1.85m | 距自车=25.9m | 相对方位 前/右=(+25.9, +0.1)m
# 注：bbox中心是几何中心（t.transform(bbox.location)），不是rear axle在地面的位置
# 注：dist<30m 且 rel_fwd>0（前方）的目标是本次关注重点
[GT_NPC] id=209 type=VEHICLE cx=174.000 cy=-133.447 cz=-499.038 half_l=0.828 half_w=0.291 half_h=0.810 yaw=-1.571 vel=0.00 dist=67.00 rel_fwd=67.00 rel_right=0.05
# GT_NPC: id=209 | 类型=VEHICLE | bbox中心=(174.00, -133.45, -499.04) | 尺寸=1.66×0.58×1.62m | 距自车=67.0m | 相对方位 前/右=(+67.0, +0.1)m
# 注：bbox中心是几何中心（t.transform(bbox.location)），不是rear axle在地面的位置
# 注：dist<30m 且 rel_fwd>0（前方）的目标是本次关注重点

[PC] total=6092 x=[-43.98,49.47] y=[-47.09,47.22] z=[-8.58,1.61] int_mean=242.5 int_med=246.0 ground_pct=85.9
# 原始点云（LiDAR坐标系）| 总点数=6092 | x范围=[-43.98, 49.47]m | y范围=[-47.09, 47.22]m | z范围=[-8.58, 1.61]m | 强度均值=242.5 | 地面点比例=85.9%
# 注：64线激光雷达 ~13000点/帧 为正常，~6500点可能是 rotation_frequency 偏高（20Hz）
# 注：地面点比例 >70% 说明车体上点少，检测会困难

[PC_ON_NPC] 无世界坐标点云（可能ego_pose未就绪）
# 注：世界坐标点云为空（可能是定位位姿还没收到，或点云还没来）

[OBS] id=235 type=PEDESTRIAN(3) sub=0 pos=(102.72,-127.08,0.97) box=(0.01,0.01,0.76) theta=2.882 conf=0.336 tt=15.00 vel=0.00 dist=0.00 pts_in=0 pts_near=0 int_mean=0.0 gt=None(假阳性)
# OBS: id=235 | 类型=PEDESTRIAN | 置信度=0.336 | 位置=(102.72, -127.08, 0.97)m | 尺寸=0.01×0.01×0.76m | 朝向=2.882rad | 跟踪时长=15.00s | 距自车=0.0m | OBS框内点数=0 | gt=None(假阳性)
# 注：未匹配到GT，可能是假阳性或超出GT范围的远距离目标
# 注：⚠️ 置信度 0.336 < 0.5，可能被后处理滤掉

[MISS] npc_id=208 type=VEHICLE dist=25.94 rel_fwd=25.94 rel_right=0.07 pts_on_gt=0 pts_near_gt=0 reason=pts_in_box=0(完全无点云)
# 漏检: GT_NPC_208 | 类型=VEHICLE | 距自车=25.9m | 方位 前/右=(+25.9, +0.1)m | GT框内点数=0 | 根因=pts_in_box=0(完全无点云)
# 诊断：物理层问题：点没打到车上，请检查外参或LiDAR安装
# ⚠️ 重点关注：距自车仅25.9m的目标漏检，点云覆盖=0点

[MISS] npc_id=209 type=VEHICLE dist=67.00 rel_fwd=67.00 rel_right=0.05 pts_on_gt=0 pts_near_gt=0 reason=pts_in_box=0(完全无点云)
# 漏检: GT_NPC_209 | 类型=VEHICLE | 距自车=67.0m | 方位 前/右=(+67.0, +0.1)m | GT框内点数=0 | 根因=pts_in_box=0(完全无点云)
# 诊断：物理层问题：点没打到车上，请检查外参或LiDAR安装

[MATCH] frame=2 total_gt=2 detected=0 missed=2 missed_with_pts=0 missed_no_pts=2 false_positive=1
# 帧匹配汇总 | GT总数=2 | 检测到=0 | 漏检=2 | 误报=1
# 漏检中：有点云=0个 | 无点云=2个
# 注：有点云但漏检 → 模型或参数问题；无点云漏检 → 物理或坐标变换问题
# 距离分桶 | 近(0-15m): 0/0 | 中(15-30m): 0/1 | 远(>30m): 0/1

[FRAME] frame=3 ts=1783477430.517 gt_frame=24 ego_pose=False n_pc_pts=5992 n_gt_npc=2 n_obs=1 pc_dt_ms=100.1
# 帧号=3 | 仿真时间=1783477430.517s | GT帧=24 | 点云=5992点 | 帧间隔=100.1ms | CARLA NPC=2个 | 感知障碍物=1个
# 注：感知回调触发写入，点云和GT可能滞后0~2帧（取最新值）
# 注：点云帧间隔应稳定在 100ms（10Hz），如出现 300ms+ 说明有点云丢帧

[GT_EGO] id=197 x=107.000 y=-133.500 z=0.034 yaw=-0.000 vel=0.00
# 自车位姿（Apollo 坐标系）| 位置=(107.00, -133.50, 0.03)m | 朝向=-0.00rad | 速度=0.00m/s
# 注：坐标经 CARLA→Apollo 转换（y取反，yaw取反转弧度）

[GT_NPC] id=208 type=VEHICLE cx=132.943 cy=-133.429 cz=-499.071 half_l=2.302 half_w=0.966 half_h=0.927 yaw=-0.000 vel=0.00 dist=25.94 rel_fwd=25.94 rel_right=0.07
# GT_NPC: id=208 | 类型=VEHICLE | bbox中心=(132.94, -133.43, -499.07) | 尺寸=4.60×1.93×1.85m | 距自车=25.9m | 相对方位 前/右=(+25.9, +0.1)m
# 注：bbox中心是几何中心（t.transform(bbox.location)），不是rear axle在地面的位置
# 注：dist<30m 且 rel_fwd>0（前方）的目标是本次关注重点
[GT_NPC] id=209 type=VEHICLE cx=174.000 cy=-133.447 cz=-499.038 half_l=0.828 half_w=0.291 half_h=0.810 yaw=-1.571 vel=0.00 dist=67.00 rel_fwd=67.00 rel_right=0.05
# GT_NPC: id=209 | 类型=VEHICLE | bbox中心=(174.00, -133.45, -499.04) | 尺寸=1.66×0.58×1.62m | 距自车=67.0m | 相对方位 前/右=(+67.0, +0.1)m
# 注：bbox中心是几何中心（t.transform(bbox.location)），不是rear axle在地面的位置
# 注：dist<30m 且 rel_fwd>0（前方）的目标是本次关注重点

[PC] total=5992 x=[-44.96,49.47] y=[-47.09,47.22] z=[-8.58,1.68] int_mean=242.7 int_med=246.0 ground_pct=85.9
# 原始点云（LiDAR坐标系）| 总点数=5992 | x范围=[-44.96, 49.47]m | y范围=[-47.09, 47.22]m | z范围=[-8.58, 1.68]m | 强度均值=242.7 | 地面点比例=85.9%
# 注：64线激光雷达 ~13000点/帧 为正常，~6500点可能是 rotation_frequency 偏高（20Hz）
# 注：地面点比例 >70% 说明车体上点少，检测会困难

[PC_ON_NPC] 无世界坐标点云（可能ego_pose未就绪）
# 注：世界坐标点云为空（可能是定位位姿还没收到，或点云还没来）

[OBS] id=235 type=PEDESTRIAN(3) sub=0 pos=(102.72,-127.08,0.73) box=(0.01,0.01,1.23) theta=2.918 conf=0.312 tt=15.10 vel=0.00 dist=0.00 pts_in=0 pts_near=0 int_mean=0.0 gt=None(假阳性)
# OBS: id=235 | 类型=PEDESTRIAN | 置信度=0.312 | 位置=(102.72, -127.08, 0.73)m | 尺寸=0.01×0.01×1.23m | 朝向=2.918rad | 跟踪时长=15.10s | 距自车=0.0m | OBS框内点数=0 | gt=None(假阳性)
# 注：未匹配到GT，可能是假阳性或超出GT范围的远距离目标
# 注：⚠️ 置信度 0.312 < 0.5，可能被后处理滤掉

[MISS] npc_id=208 type=VEHICLE dist=25.94 rel_fwd=25.94 rel_right=0.07 pts_on_gt=0 pts_near_gt=0 reason=pts_in_box=0(完全无点云)
# 漏检: GT_NPC_208 | 类型=VEHICLE | 距自车=25.9m | 方位 前/右=(+25.9, +0.1)m | GT框内点数=0 | 根因=pts_in_box=0(完全无点云)
# 诊断：物理层问题：点没打到车上，请检查外参或LiDAR安装
# ⚠️ 重点关注：距自车仅25.9m的目标漏检，点云覆盖=0点

[MISS] npc_id=209 type=VEHICLE dist=67.00 rel_fwd=67.00 rel_right=0.05 pts_on_gt=0 pts_near_gt=0 reason=pts_in_box=0(完全无点云)
# 漏检: GT_NPC_209 | 类型=VEHICLE | 距自车=67.0m | 方位 前/右=(+67.0, +0.1)m | GT框内点数=0 | 根因=pts_in_box=0(完全无点云)
# 诊断：物理层问题：点没打到车上，请检查外参或LiDAR安装

[MATCH] frame=3 total_gt=2 detected=0 missed=2 missed_with_pts=0 missed_no_pts=2 false_positive=1
# 帧匹配汇总 | GT总数=2 | 检测到=0 | 漏检=2 | 误报=1
# 漏检中：有点云=0个 | 无点云=2个
# 注：有点云但漏检 → 模型或参数问题；无点云漏检 → 物理或坐标变换问题
# 距离分桶 | 近(0-15m): 0/0 | 中(15-30m): 0/1 | 远(>30m): 0/1

[FRAME] frame=4 ts=1783477430.616 gt_frame=25 ego_pose=False n_pc_pts=6003 n_gt_npc=2 n_obs=1 pc_dt_ms=99.9
# 帧号=4 | 仿真时间=1783477430.616s | GT帧=25 | 点云=6003点 | 帧间隔=99.9ms | CARLA NPC=2个 | 感知障碍物=1个
# 注：感知回调触发写入，点云和GT可能滞后0~2帧（取最新值）
# 注：点云帧间隔应稳定在 100ms（10Hz），如出现 300ms+ 说明有点云丢帧

[GT_EGO] id=197 x=107.000 y=-133.500 z=0.034 yaw=-0.000 vel=0.00
# 自车位姿（Apollo 坐标系）| 位置=(107.00, -133.50, 0.03)m | 朝向=-0.00rad | 速度=0.00m/s
# 注：坐标经 CARLA→Apollo 转换（y取反，yaw取反转弧度）

[GT_NPC] id=208 type=VEHICLE cx=132.943 cy=-133.429 cz=-499.071 half_l=2.302 half_w=0.966 half_h=0.927 yaw=-0.000 vel=0.00 dist=25.94 rel_fwd=25.94 rel_right=0.07
# GT_NPC: id=208 | 类型=VEHICLE | bbox中心=(132.94, -133.43, -499.07) | 尺寸=4.60×1.93×1.85m | 距自车=25.9m | 相对方位 前/右=(+25.9, +0.1)m
# 注：bbox中心是几何中心（t.transform(bbox.location)），不是rear axle在地面的位置
# 注：dist<30m 且 rel_fwd>0（前方）的目标是本次关注重点
[GT_NPC] id=209 type=VEHICLE cx=174.000 cy=-133.447 cz=-499.038 half_l=0.828 half_w=0.291 half_h=0.810 yaw=-1.571 vel=0.00 dist=67.00 rel_fwd=67.00 rel_right=0.05
# GT_NPC: id=209 | 类型=VEHICLE | bbox中心=(174.00, -133.45, -499.04) | 尺寸=1.66×0.58×1.62m | 距自车=67.0m | 相对方位 前/右=(+67.0, +0.1)m
# 注：bbox中心是几何中心（t.transform(bbox.location)），不是rear axle在地面的位置
# 注：dist<30m 且 rel_fwd>0（前方）的目标是本次关注重点

[PC] total=6003 x=[-45.17,49.47] y=[-46.48,47.16] z=[-8.58,1.37] int_mean=242.6 int_med=246.0 ground_pct=86.2
# 原始点云（LiDAR坐标系）| 总点数=6003 | x范围=[-45.17, 49.47]m | y范围=[-46.48, 47.16]m | z范围=[-8.58, 1.37]m | 强度均值=242.6 | 地面点比例=86.2%
# 注：64线激光雷达 ~13000点/帧 为正常，~6500点可能是 rotation_frequency 偏高（20Hz）
# 注：地面点比例 >70% 说明车体上点少，检测会困难

[PC_ON_NPC] 无世界坐标点云（可能ego_pose未就绪）
# 注：世界坐标点云为空（可能是定位位姿还没收到，或点云还没来）

[OBS] id=235 type=PEDESTRIAN(3) sub=0 pos=(102.72,-127.08,0.91) box=(0.01,0.01,1.11) theta=2.875 conf=0.368 tt=15.20 vel=0.00 dist=0.00 pts_in=0 pts_near=0 int_mean=0.0 gt=None(假阳性)
# OBS: id=235 | 类型=PEDESTRIAN | 置信度=0.368 | 位置=(102.72, -127.08, 0.91)m | 尺寸=0.01×0.01×1.11m | 朝向=2.875rad | 跟踪时长=15.20s | 距自车=0.0m | OBS框内点数=0 | gt=None(假阳性)
# 注：未匹配到GT，可能是假阳性或超出GT范围的远距离目标
# 注：⚠️ 置信度 0.368 < 0.5，可能被后处理滤掉

[MISS] npc_id=208 type=VEHICLE dist=25.94 rel_fwd=25.94 rel_right=0.07 pts_on_gt=0 pts_near_gt=0 reason=pts_in_box=0(完全无点云)
# 漏检: GT_NPC_208 | 类型=VEHICLE | 距自车=25.9m | 方位 前/右=(+25.9, +0.1)m | GT框内点数=0 | 根因=pts_in_box=0(完全无点云)
# 诊断：物理层问题：点没打到车上，请检查外参或LiDAR安装
# ⚠️ 重点关注：距自车仅25.9m的目标漏检，点云覆盖=0点

[MISS] npc_id=209 type=VEHICLE dist=67.00 rel_fwd=67.00 rel_right=0.05 pts_on_gt=0 pts_near_gt=0 reason=pts_in_box=0(完全无点云)
# 漏检: GT_NPC_209 | 类型=VEHICLE | 距自车=67.0m | 方位 前/右=(+67.0, +0.1)m | GT框内点数=0 | 根因=pts_in_box=0(完全无点云)
# 诊断：物理层问题：点没打到车上，请检查外参或LiDAR安装

[MATCH] frame=4 total_gt=2 detected=0 missed=2 missed_with_pts=0 missed_no_pts=2 false_positive=1
# 帧匹配汇总 | GT总数=2 | 检测到=0 | 漏检=2 | 误报=1
# 漏检中：有点云=0个 | 无点云=2个
# 注：有点云但漏检 → 模型或参数问题；无点云漏检 → 物理或坐标变换问题
# 距离分桶 | 近(0-15m): 0/0 | 中(15-30m): 0/1 | 远(>30m): 0/1

[FRAME] frame=5 ts=1783477430.727 gt_frame=26 ego_pose=False n_pc_pts=6061 n_gt_npc=2 n_obs=1 pc_dt_ms=100.0
# 帧号=5 | 仿真时间=1783477430.727s | GT帧=26 | 点云=6061点 | 帧间隔=100.0ms | CARLA NPC=2个 | 感知障碍物=1个
# 注：感知回调触发写入，点云和GT可能滞后0~2帧（取最新值）
# 注：点云帧间隔应稳定在 100ms（10Hz），如出现 300ms+ 说明有点云丢帧

[GT_EGO] id=197 x=107.000 y=-133.500 z=0.034 yaw=-0.000 vel=0.00
# 自车位姿（Apollo 坐标系）| 位置=(107.00, -133.50, 0.03)m | 朝向=-0.00rad | 速度=0.00m/s
# 注：坐标经 CARLA→Apollo 转换（y取反，yaw取反转弧度）

[GT_NPC] id=208 type=VEHICLE cx=132.943 cy=-133.429 cz=-499.071 half_l=2.302 half_w=0.966 half_h=0.927 yaw=-0.000 vel=0.00 dist=25.94 rel_fwd=25.94 rel_right=0.07
# GT_NPC: id=208 | 类型=VEHICLE | bbox中心=(132.94, -133.43, -499.07) | 尺寸=4.60×1.93×1.85m | 距自车=25.9m | 相对方位 前/右=(+25.9, +0.1)m
# 注：bbox中心是几何中心（t.transform(bbox.location)），不是rear axle在地面的位置
# 注：dist<30m 且 rel_fwd>0（前方）的目标是本次关注重点
[GT_NPC] id=209 type=VEHICLE cx=174.000 cy=-133.447 cz=-499.038 half_l=0.828 half_w=0.291 half_h=0.810 yaw=-1.571 vel=0.00 dist=67.00 rel_fwd=67.00 rel_right=0.05
# GT_NPC: id=209 | 类型=VEHICLE | bbox中心=(174.00, -133.45, -499.04) | 尺寸=1.66×0.58×1.62m | 距自车=67.0m | 相对方位 前/右=(+67.0, +0.1)m
# 注：bbox中心是几何中心（t.transform(bbox.location)），不是rear axle在地面的位置
# 注：dist<30m 且 rel_fwd>0（前方）的目标是本次关注重点

[PC] total=6061 x=[-43.98,49.35] y=[-47.09,47.22] z=[-8.58,1.61] int_mean=242.5 int_med=246.0 ground_pct=85.4
# 原始点云（LiDAR坐标系）| 总点数=6061 | x范围=[-43.98, 49.35]m | y范围=[-47.09, 47.22]m | z范围=[-8.58, 1.61]m | 强度均值=242.5 | 地面点比例=85.4%
# 注：64线激光雷达 ~13000点/帧 为正常，~6500点可能是 rotation_frequency 偏高（20Hz）
# 注：地面点比例 >70% 说明车体上点少，检测会困难

[PC_ON_NPC] 无世界坐标点云（可能ego_pose未就绪）
# 注：世界坐标点云为空（可能是定位位姿还没收到，或点云还没来）

[OBS] id=235 type=PEDESTRIAN(3) sub=0 pos=(102.72,-127.08,0.79) box=(0.01,0.01,1.17) theta=2.881 conf=0.348 tt=15.30 vel=0.00 dist=0.00 pts_in=0 pts_near=0 int_mean=0.0 gt=None(假阳性)
# OBS: id=235 | 类型=PEDESTRIAN | 置信度=0.348 | 位置=(102.72, -127.08, 0.79)m | 尺寸=0.01×0.01×1.17m | 朝向=2.881rad | 跟踪时长=15.30s | 距自车=0.0m | OBS框内点数=0 | gt=None(假阳性)
# 注：未匹配到GT，可能是假阳性或超出GT范围的远距离目标
# 注：⚠️ 置信度 0.348 < 0.5，可能被后处理滤掉

[MISS] npc_id=208 type=VEHICLE dist=25.94 rel_fwd=25.94 rel_right=0.07 pts_on_gt=0 pts_near_gt=0 reason=pts_in_box=0(完全无点云)
# 漏检: GT_NPC_208 | 类型=VEHICLE | 距自车=25.9m | 方位 前/右=(+25.9, +0.1)m | GT框内点数=0 | 根因=pts_in_box=0(完全无点云)
# 诊断：物理层问题：点没打到车上，请检查外参或LiDAR安装
# ⚠️ 重点关注：距自车仅25.9m的目标漏检，点云覆盖=0点

[MISS] npc_id=209 type=VEHICLE dist=67.00 rel_fwd=67.00 rel_right=0.05 pts_on_gt=0 pts_near_gt=0 reason=pts_in_box=0(完全无点云)
# 漏检: GT_NPC_209 | 类型=VEHICLE | 距自车=67.0m | 方位 前/右=(+67.0, +0.1)m | GT框内点数=0 | 根因=pts_in_box=0(完全无点云)
# 诊断：物理层问题：点没打到车上，请检查外参或LiDAR安装

[MATCH] frame=5 total_gt=2 detected=0 missed=2 missed_with_pts=0 missed_no_pts=2 false_positive=1
# 帧匹配汇总 | GT总数=2 | 检测到=0 | 漏检=2 | 误报=1
# 漏检中：有点云=0个 | 无点云=2个
# 注：有点云但漏检 → 模型或参数问题；无点云漏检 → 物理或坐标变换问题
# 距离分桶 | 近(0-15m): 0/0 | 中(15-30m): 0/1 | 远(>30m): 0/1

[FRAME] frame=6 ts=1783477430.813 gt_frame=27 ego_pose=False n_pc_pts=6033 n_gt_npc=2 n_obs=1 pc_dt_ms=100.0
# 帧号=6 | 仿真时间=1783477430.813s | GT帧=27 | 点云=6033点 | 帧间隔=100.0ms | CARLA NPC=2个 | 感知障碍物=1个
# 注：感知回调触发写入，点云和GT可能滞后0~2帧（取最新值）
# 注：点云帧间隔应稳定在 100ms（10Hz），如出现 300ms+ 说明有点云丢帧

[GT_EGO] id=197 x=107.000 y=-133.500 z=0.034 yaw=-0.000 vel=0.00
# 自车位姿（Apollo 坐标系）| 位置=(107.00, -133.50, 0.03)m | 朝向=-0.00rad | 速度=0.00m/s
# 注：坐标经 CARLA→Apollo 转换（y取反，yaw取反转弧度）

[GT_NPC] id=208 type=VEHICLE cx=132.943 cy=-133.429 cz=-499.071 half_l=2.302 half_w=0.966 half_h=0.927 yaw=-0.000 vel=0.00 dist=25.94 rel_fwd=25.94 rel_right=0.07
# GT_NPC: id=208 | 类型=VEHICLE | bbox中心=(132.94, -133.43, -499.07) | 尺寸=4.60×1.93×1.85m | 距自车=25.9m | 相对方位 前/右=(+25.9, +0.1)m
# 注：bbox中心是几何中心（t.transform(bbox.location)），不是rear axle在地面的位置
# 注：dist<30m 且 rel_fwd>0（前方）的目标是本次关注重点
[GT_NPC] id=209 type=VEHICLE cx=174.000 cy=-133.447 cz=-499.038 half_l=0.828 half_w=0.291 half_h=0.810 yaw=-1.571 vel=0.00 dist=67.00 rel_fwd=67.00 rel_right=0.05
# GT_NPC: id=209 | 类型=VEHICLE | bbox中心=(174.00, -133.45, -499.04) | 尺寸=1.66×0.58×1.62m | 距自车=67.0m | 相对方位 前/右=(+67.0, +0.1)m
# 注：bbox中心是几何中心（t.transform(bbox.location)），不是rear axle在地面的位置
# 注：dist<30m 且 rel_fwd>0（前方）的目标是本次关注重点

[PC] total=6033 x=[-45.17,49.47] y=[-47.09,47.19] z=[-8.58,1.68] int_mean=242.7 int_med=246.0 ground_pct=86.0
# 原始点云（LiDAR坐标系）| 总点数=6033 | x范围=[-45.17, 49.47]m | y范围=[-47.09, 47.19]m | z范围=[-8.58, 1.68]m | 强度均值=242.7 | 地面点比例=86.0%
# 注：64线激光雷达 ~13000点/帧 为正常，~6500点可能是 rotation_frequency 偏高（20Hz）
# 注：地面点比例 >70% 说明车体上点少，检测会困难

[PC_ON_NPC] 无世界坐标点云（可能ego_pose未就绪）
# 注：世界坐标点云为空（可能是定位位姿还没收到，或点云还没来）

[OBS] id=235 type=PEDESTRIAN(3) sub=0 pos=(102.72,-127.08,0.91) box=(0.01,0.01,0.99) theta=2.917 conf=0.282 tt=15.40 vel=0.00 dist=0.00 pts_in=0 pts_near=0 int_mean=0.0 gt=None(假阳性)
# OBS: id=235 | 类型=PEDESTRIAN | 置信度=0.282 | 位置=(102.72, -127.08, 0.91)m | 尺寸=0.01×0.01×0.99m | 朝向=2.917rad | 跟踪时长=15.40s | 距自车=0.0m | OBS框内点数=0 | gt=None(假阳性)
# 注：未匹配到GT，可能是假阳性或超出GT范围的远距离目标
# 注：⚠️ 置信度 0.282 < 0.5，可能被后处理滤掉

[MISS] npc_id=208 type=VEHICLE dist=25.94 rel_fwd=25.94 rel_right=0.07 pts_on_gt=0 pts_near_gt=0 reason=pts_in_box=0(完全无点云)
# 漏检: GT_NPC_208 | 类型=VEHICLE | 距自车=25.9m | 方位 前/右=(+25.9, +0.1)m | GT框内点数=0 | 根因=pts_in_box=0(完全无点云)
# 诊断：物理层问题：点没打到车上，请检查外参或LiDAR安装
# ⚠️ 重点关注：距自车仅25.9m的目标漏检，点云覆盖=0点

[MISS] npc_id=209 type=VEHICLE dist=67.00 rel_fwd=67.00 rel_right=0.05 pts_on_gt=0 pts_near_gt=0 reason=pts_in_box=0(完全无点云)
# 漏检: GT_NPC_209 | 类型=VEHICLE | 距自车=67.0m | 方位 前/右=(+67.0, +0.1)m | GT框内点数=0 | 根因=pts_in_box=0(完全无点云)
# 诊断：物理层问题：点没打到车上，请检查外参或LiDAR安装

[MATCH] frame=6 total_gt=2 detected=0 missed=2 missed_with_pts=0 missed_no_pts=2 false_positive=1
# 帧匹配汇总 | GT总数=2 | 检测到=0 | 漏检=2 | 误报=1
# 漏检中：有点云=0个 | 无点云=2个
# 注：有点云但漏检 → 模型或参数问题；无点云漏检 → 物理或坐标变换问题
# 距离分桶 | 近(0-15m): 0/0 | 中(15-30m): 0/1 | 远(>30m): 0/1

[FRAME] frame=7 ts=1783477430.914 gt_frame=28 ego_pose=False n_pc_pts=6031 n_gt_npc=2 n_obs=2 pc_dt_ms=100.5
# 帧号=7 | 仿真时间=1783477430.914s | GT帧=28 | 点云=6031点 | 帧间隔=100.5ms | CARLA NPC=2个 | 感知障碍物=2个
# 注：感知回调触发写入，点云和GT可能滞后0~2帧（取最新值）
# 注：点云帧间隔应稳定在 100ms（10Hz），如出现 300ms+ 说明有点云丢帧

[GT_EGO] id=197 x=107.000 y=-133.500 z=0.034 yaw=-0.000 vel=0.00
# 自车位姿（Apollo 坐标系）| 位置=(107.00, -133.50, 0.03)m | 朝向=-0.00rad | 速度=0.00m/s
# 注：坐标经 CARLA→Apollo 转换（y取反，yaw取反转弧度）

[GT_NPC] id=208 type=VEHICLE cx=132.943 cy=-133.429 cz=-499.071 half_l=2.302 half_w=0.966 half_h=0.927 yaw=-0.000 vel=0.00 dist=25.94 rel_fwd=25.94 rel_right=0.07
# GT_NPC: id=208 | 类型=VEHICLE | bbox中心=(132.94, -133.43, -499.07) | 尺寸=4.60×1.93×1.85m | 距自车=25.9m | 相对方位 前/右=(+25.9, +0.1)m
# 注：bbox中心是几何中心（t.transform(bbox.location)），不是rear axle在地面的位置
# 注：dist<30m 且 rel_fwd>0（前方）的目标是本次关注重点
[GT_NPC] id=209 type=VEHICLE cx=174.000 cy=-133.447 cz=-499.038 half_l=0.828 half_w=0.291 half_h=0.810 yaw=-1.571 vel=0.00 dist=67.00 rel_fwd=67.00 rel_right=0.05
# GT_NPC: id=209 | 类型=VEHICLE | bbox中心=(174.00, -133.45, -499.04) | 尺寸=1.66×0.58×1.62m | 距自车=67.0m | 相对方位 前/右=(+67.0, +0.1)m
# 注：bbox中心是几何中心（t.transform(bbox.location)），不是rear axle在地面的位置
# 注：dist<30m 且 rel_fwd>0（前方）的目标是本次关注重点

[PC] total=6031 x=[-45.17,49.47] y=[-46.48,47.22] z=[-8.58,1.59] int_mean=242.5 int_med=246.0 ground_pct=85.7
# 原始点云（LiDAR坐标系）| 总点数=6031 | x范围=[-45.17, 49.47]m | y范围=[-46.48, 47.22]m | z范围=[-8.58, 1.59]m | 强度均值=242.5 | 地面点比例=85.7%
# 注：64线激光雷达 ~13000点/帧 为正常，~6500点可能是 rotation_frequency 偏高（20Hz）
# 注：地面点比例 >70% 说明车体上点少，检测会困难

[PC_ON_NPC] 无世界坐标点云（可能ego_pose未就绪）
# 注：世界坐标点云为空（可能是定位位姿还没收到，或点云还没来）

[OBS] id=235 type=PEDESTRIAN(3) sub=0 pos=(102.72,-127.08,0.73) box=(0.01,0.01,1.23) theta=2.910 conf=0.271 tt=15.50 vel=0.00 dist=0.00 pts_in=0 pts_near=0 int_mean=0.0 gt=None(假阳性)
# OBS: id=235 | 类型=PEDESTRIAN | 置信度=0.271 | 位置=(102.72, -127.08, 0.73)m | 尺寸=0.01×0.01×1.23m | 朝向=2.910rad | 跟踪时长=15.50s | 距自车=0.0m | OBS框内点数=0 | gt=None(假阳性)
# 注：未匹配到GT，可能是假阳性或超出GT范围的远距离目标
# 注：⚠️ 置信度 0.271 < 0.5，可能被后处理滤掉

[OBS] id=248 type=UNKNOWN(0) sub=0 pos=(118.51,-127.40,0.66) box=(0.11,0.08,0.38) theta=1.087 conf=0.571 tt=0.30 vel=0.00 dist=0.00 pts_in=0 pts_near=0 int_mean=0.0 gt=None(假阳性)
# OBS: id=248 | 类型=UNKNOWN | 置信度=0.571 | 位置=(118.51, -127.40, 0.66)m | 尺寸=0.11×0.08×0.38m | 朝向=1.087rad | 跟踪时长=0.30s | 距自车=0.0m | OBS框内点数=0 | gt=None(假阳性)
# 注：未匹配到GT，可能是假阳性或超出GT范围的远距离目标
# 注：⚠️ 跟踪时长 0.30s < 1s，刚出现的不稳定目标

[MISS] npc_id=208 type=VEHICLE dist=25.94 rel_fwd=25.94 rel_right=0.07 pts_on_gt=0 pts_near_gt=0 reason=pts_in_box=0(完全无点云)
# 漏检: GT_NPC_208 | 类型=VEHICLE | 距自车=25.9m | 方位 前/右=(+25.9, +0.1)m | GT框内点数=0 | 根因=pts_in_box=0(完全无点云)
# 诊断：物理层问题：点没打到车上，请检查外参或LiDAR安装
# ⚠️ 重点关注：距自车仅25.9m的目标漏检，点云覆盖=0点

[MISS] npc_id=209 type=VEHICLE dist=67.00 rel_fwd=67.00 rel_right=0.05 pts_on_gt=0 pts_near_gt=0 reason=pts_in_box=0(完全无点云)
# 漏检: GT_NPC_209 | 类型=VEHICLE | 距自车=67.0m | 方位 前/右=(+67.0, +0.1)m | GT框内点数=0 | 根因=pts_in_box=0(完全无点云)
# 诊断：物理层问题：点没打到车上，请检查外参或LiDAR安装

[MATCH] frame=7 total_gt=2 detected=0 missed=2 missed_with_pts=0 missed_no_pts=2 false_positive=2
# 帧匹配汇总 | GT总数=2 | 检测到=0 | 漏检=2 | 误报=2
# 漏检中：有点云=0个 | 无点云=2个
# 注：有点云但漏检 → 模型或参数问题；无点云漏检 → 物理或坐标变换问题
# 距离分桶 | 近(0-15m): 0/0 | 中(15-30m): 0/1 | 远(>30m): 0/1

[FRAME] frame=8 ts=1783477431.024 gt_frame=29 ego_pose=False n_pc_pts=6055 n_gt_npc=2 n_obs=2 pc_dt_ms=99.6
# 帧号=8 | 仿真时间=1783477431.024s | GT帧=29 | 点云=6055点 | 帧间隔=99.6ms | CARLA NPC=2个 | 感知障碍物=2个
# 注：感知回调触发写入，点云和GT可能滞后0~2帧（取最新值）
# 注：点云帧间隔应稳定在 100ms（10Hz），如出现 300ms+ 说明有点云丢帧

[GT_EGO] id=197 x=107.000 y=-133.500 z=0.034 yaw=-0.000 vel=0.00
# 自车位姿（Apollo 坐标系）| 位置=(107.00, -133.50, 0.03)m | 朝向=-0.00rad | 速度=0.00m/s
# 注：坐标经 CARLA→Apollo 转换（y取反，yaw取反转弧度）

[GT_NPC] id=208 type=VEHICLE cx=132.943 cy=-133.429 cz=-499.071 half_l=2.302 half_w=0.966 half_h=0.927 yaw=-0.000 vel=0.00 dist=25.94 rel_fwd=25.94 rel_right=0.07
# GT_NPC: id=208 | 类型=VEHICLE | bbox中心=(132.94, -133.43, -499.07) | 尺寸=4.60×1.93×1.85m | 距自车=25.9m | 相对方位 前/右=(+25.9, +0.1)m
# 注：bbox中心是几何中心（t.transform(bbox.location)），不是rear axle在地面的位置
# 注：dist<30m 且 rel_fwd>0（前方）的目标是本次关注重点
[GT_NPC] id=209 type=VEHICLE cx=174.000 cy=-133.447 cz=-499.038 half_l=0.828 half_w=0.291 half_h=0.810 yaw=-1.571 vel=0.00 dist=67.00 rel_fwd=67.00 rel_right=0.05
# GT_NPC: id=209 | 类型=VEHICLE | bbox中心=(174.00, -133.45, -499.04) | 尺寸=1.66×0.58×1.62m | 距自车=67.0m | 相对方位 前/右=(+67.0, +0.1)m
# 注：bbox中心是几何中心（t.transform(bbox.location)），不是rear axle在地面的位置
# 注：dist<30m 且 rel_fwd>0（前方）的目标是本次关注重点

[PC] total=6055 x=[-44.96,49.47] y=[-47.09,47.22] z=[-8.58,1.59] int_mean=242.6 int_med=246.0 ground_pct=86.0
# 原始点云（LiDAR坐标系）| 总点数=6055 | x范围=[-44.96, 49.47]m | y范围=[-47.09, 47.22]m | z范围=[-8.58, 1.59]m | 强度均值=242.6 | 地面点比例=86.0%
# 注：64线激光雷达 ~13000点/帧 为正常，~6500点可能是 rotation_frequency 偏高（20Hz）
# 注：地面点比例 >70% 说明车体上点少，检测会困难

[PC_ON_NPC] 无世界坐标点云（可能ego_pose未就绪）
# 注：世界坐标点云为空（可能是定位位姿还没收到，或点云还没来）

[OBS] id=235 type=PEDESTRIAN(3) sub=0 pos=(102.72,-127.08,0.79) box=(0.01,0.01,1.23) theta=2.943 conf=0.277 tt=15.60 vel=0.00 dist=0.00 pts_in=0 pts_near=0 int_mean=0.0 gt=None(假阳性)
# OBS: id=235 | 类型=PEDESTRIAN | 置信度=0.277 | 位置=(102.72, -127.08, 0.79)m | 尺寸=0.01×0.01×1.23m | 朝向=2.943rad | 跟踪时长=15.60s | 距自车=0.0m | OBS框内点数=0 | gt=None(假阳性)
# 注：未匹配到GT，可能是假阳性或超出GT范围的远距离目标
# 注：⚠️ 置信度 0.277 < 0.5，可能被后处理滤掉

[OBS] id=248 type=UNKNOWN(0) sub=0 pos=(118.48,-127.42,0.66) box=(0.05,0.03,0.29) theta=1.059 conf=0.553 tt=0.40 vel=0.00 dist=0.00 pts_in=0 pts_near=0 int_mean=0.0 gt=None(假阳性)
# OBS: id=248 | 类型=UNKNOWN | 置信度=0.553 | 位置=(118.48, -127.42, 0.66)m | 尺寸=0.05×0.03×0.29m | 朝向=1.059rad | 跟踪时长=0.40s | 距自车=0.0m | OBS框内点数=0 | gt=None(假阳性)
# 注：未匹配到GT，可能是假阳性或超出GT范围的远距离目标
# 注：⚠️ 跟踪时长 0.40s < 1s，刚出现的不稳定目标

[MISS] npc_id=208 type=VEHICLE dist=25.94 rel_fwd=25.94 rel_right=0.07 pts_on_gt=0 pts_near_gt=0 reason=pts_in_box=0(完全无点云)
# 漏检: GT_NPC_208 | 类型=VEHICLE | 距自车=25.9m | 方位 前/右=(+25.9, +0.1)m | GT框内点数=0 | 根因=pts_in_box=0(完全无点云)
# 诊断：物理层问题：点没打到车上，请检查外参或LiDAR安装
# ⚠️ 重点关注：距自车仅25.9m的目标漏检，点云覆盖=0点

[MISS] npc_id=209 type=VEHICLE dist=67.00 rel_fwd=67.00 rel_right=0.05 pts_on_gt=0 pts_near_gt=0 reason=pts_in_box=0(完全无点云)
# 漏检: GT_NPC_209 | 类型=VEHICLE | 距自车=67.0m | 方位 前/右=(+67.0, +0.1)m | GT框内点数=0 | 根因=pts_in_box=0(完全无点云)
# 诊断：物理层问题：点没打到车上，请检查外参或LiDAR安装

[MATCH] frame=8 total_gt=2 detected=0 missed=2 missed_with_pts=0 missed_no_pts=2 false_positive=2
# 帧匹配汇总 | GT总数=2 | 检测到=0 | 漏检=2 | 误报=2
# 漏检中：有点云=0个 | 无点云=2个
# 注：有点云但漏检 → 模型或参数问题；无点云漏检 → 物理或坐标变换问题
# 距离分桶 | 近(0-15m): 0/0 | 中(15-30m): 0/1 | 远(>30m): 0/1

[FRAME] frame=9 ts=1783477431.114 gt_frame=30 ego_pose=False n_pc_pts=6032 n_gt_npc=2 n_obs=2 pc_dt_ms=100.0
# 帧号=9 | 仿真时间=1783477431.114s | GT帧=30 | 点云=6032点 | 帧间隔=100.0ms | CARLA NPC=2个 | 感知障碍物=2个
# 注：感知回调触发写入，点云和GT可能滞后0~2帧（取最新值）
# 注：点云帧间隔应稳定在 100ms（10Hz），如出现 300ms+ 说明有点云丢帧

[GT_EGO] id=197 x=107.000 y=-133.500 z=0.034 yaw=-0.000 vel=0.00
# 自车位姿（Apollo 坐标系）| 位置=(107.00, -133.50, 0.03)m | 朝向=-0.00rad | 速度=0.00m/s
# 注：坐标经 CARLA→Apollo 转换（y取反，yaw取反转弧度）

[GT_NPC] id=208 type=VEHICLE cx=132.943 cy=-133.429 cz=-499.071 half_l=2.302 half_w=0.966 half_h=0.927 yaw=-0.000 vel=0.00 dist=25.94 rel_fwd=25.94 rel_right=0.07
# GT_NPC: id=208 | 类型=VEHICLE | bbox中心=(132.94, -133.43, -499.07) | 尺寸=4.60×1.93×1.85m | 距自车=25.9m | 相对方位 前/右=(+25.9, +0.1)m
# 注：bbox中心是几何中心（t.transform(bbox.location)），不是rear axle在地面的位置
# 注：dist<30m 且 rel_fwd>0（前方）的目标是本次关注重点
[GT_NPC] id=209 type=VEHICLE cx=174.000 cy=-133.447 cz=-499.038 half_l=0.828 half_w=0.291 half_h=0.810 yaw=-1.571 vel=0.00 dist=67.00 rel_fwd=67.00 rel_right=0.05
# GT_NPC: id=209 | 类型=VEHICLE | bbox中心=(174.00, -133.45, -499.04) | 尺寸=1.66×0.58×1.62m | 距自车=67.0m | 相对方位 前/右=(+67.0, +0.1)m
# 注：bbox中心是几何中心（t.transform(bbox.location)），不是rear axle在地面的位置
# 注：dist<30m 且 rel_fwd>0（前方）的目标是本次关注重点

[PC] total=6032 x=[-45.17,49.47] y=[-47.09,47.20] z=[-8.58,1.59] int_mean=242.7 int_med=246.0 ground_pct=86.2
# 原始点云（LiDAR坐标系）| 总点数=6032 | x范围=[-45.17, 49.47]m | y范围=[-47.09, 47.20]m | z范围=[-8.58, 1.59]m | 强度均值=242.7 | 地面点比例=86.2%
# 注：64线激光雷达 ~13000点/帧 为正常，~6500点可能是 rotation_frequency 偏高（20Hz）
# 注：地面点比例 >70% 说明车体上点少，检测会困难

[PC_ON_NPC] 无世界坐标点云（可能ego_pose未就绪）
# 注：世界坐标点云为空（可能是定位位姿还没收到，或点云还没来）

[OBS] id=235 type=PEDESTRIAN(3) sub=0 pos=(102.72,-127.08,0.67) box=(0.01,0.01,1.29) theta=2.931 conf=0.254 tt=15.70 vel=0.00 dist=0.00 pts_in=0 pts_near=0 int_mean=0.0 gt=None(假阳性)
# OBS: id=235 | 类型=PEDESTRIAN | 置信度=0.254 | 位置=(102.72, -127.08, 0.67)m | 尺寸=0.01×0.01×1.29m | 朝向=2.931rad | 跟踪时长=15.70s | 距自车=0.0m | OBS框内点数=0 | gt=None(假阳性)
# 注：未匹配到GT，可能是假阳性或超出GT范围的远距离目标
# 注：⚠️ 置信度 0.254 < 0.5，可能被后处理滤掉

[OBS] id=248 type=UNKNOWN(0) sub=0 pos=(118.45,-127.43,0.26) box=(0.09,0.07,0.68) theta=1.085 conf=0.571 tt=0.50 vel=0.00 dist=0.00 pts_in=0 pts_near=0 int_mean=0.0 gt=None(假阳性)
# OBS: id=248 | 类型=UNKNOWN | 置信度=0.571 | 位置=(118.45, -127.43, 0.26)m | 尺寸=0.09×0.07×0.68m | 朝向=1.085rad | 跟踪时长=0.50s | 距自车=0.0m | OBS框内点数=0 | gt=None(假阳性)
# 注：未匹配到GT，可能是假阳性或超出GT范围的远距离目标
# 注：⚠️ 跟踪时长 0.50s < 1s，刚出现的不稳定目标

[MISS] npc_id=208 type=VEHICLE dist=25.94 rel_fwd=25.94 rel_right=0.07 pts_on_gt=0 pts_near_gt=0 reason=pts_in_box=0(完全无点云)
# 漏检: GT_NPC_208 | 类型=VEHICLE | 距自车=25.9m | 方位 前/右=(+25.9, +0.1)m | GT框内点数=0 | 根因=pts_in_box=0(完全无点云)
# 诊断：物理层问题：点没打到车上，请检查外参或LiDAR安装
# ⚠️ 重点关注：距自车仅25.9m的目标漏检，点云覆盖=0点

[MISS] npc_id=209 type=VEHICLE dist=67.00 rel_fwd=67.00 rel_right=0.05 pts_on_gt=0 pts_near_gt=0 reason=pts_in_box=0(完全无点云)
# 漏检: GT_NPC_209 | 类型=VEHICLE | 距自车=67.0m | 方位 前/右=(+67.0, +0.1)m | GT框内点数=0 | 根因=pts_in_box=0(完全无点云)
# 诊断：物理层问题：点没打到车上，请检查外参或LiDAR安装

[MATCH] frame=9 total_gt=2 detected=0 missed=2 missed_with_pts=0 missed_no_pts=2 false_positive=2
# 帧匹配汇总 | GT总数=2 | 检测到=0 | 漏检=2 | 误报=2
# 漏检中：有点云=0个 | 无点云=2个
# 注：有点云但漏检 → 模型或参数问题；无点云漏检 → 物理或坐标变换问题
# 距离分桶 | 近(0-15m): 0/0 | 中(15-30m): 0/1 | 远(>30m): 0/1

[FRAME] frame=10 ts=1783477431.225 gt_frame=31 ego_pose=False n_pc_pts=6052 n_gt_npc=2 n_obs=1 pc_dt_ms=100.1
# 帧号=10 | 仿真时间=1783477431.225s | GT帧=31 | 点云=6052点 | 帧间隔=100.1ms | CARLA NPC=2个 | 感知障碍物=1个
# 注：感知回调触发写入，点云和GT可能滞后0~2帧（取最新值）
# 注：点云帧间隔应稳定在 100ms（10Hz），如出现 300ms+ 说明有点云丢帧

[GT_EGO] id=197 x=107.000 y=-133.500 z=0.034 yaw=-0.000 vel=0.00
# 自车位姿（Apollo 坐标系）| 位置=(107.00, -133.50, 0.03)m | 朝向=-0.00rad | 速度=0.00m/s
# 注：坐标经 CARLA→Apollo 转换（y取反，yaw取反转弧度）

[GT_NPC] id=208 type=VEHICLE cx=132.943 cy=-133.429 cz=-499.071 half_l=2.302 half_w=0.966 half_h=0.927 yaw=-0.000 vel=0.00 dist=25.94 rel_fwd=25.94 rel_right=0.07
# GT_NPC: id=208 | 类型=VEHICLE | bbox中心=(132.94, -133.43, -499.07) | 尺寸=4.60×1.93×1.85m | 距自车=25.9m | 相对方位 前/右=(+25.9, +0.1)m
# 注：bbox中心是几何中心（t.transform(bbox.location)），不是rear axle在地面的位置
# 注：dist<30m 且 rel_fwd>0（前方）的目标是本次关注重点
[GT_NPC] id=209 type=VEHICLE cx=174.000 cy=-133.447 cz=-499.038 half_l=0.828 half_w=0.291 half_h=0.810 yaw=-1.571 vel=0.00 dist=67.00 rel_fwd=67.00 rel_right=0.05
# GT_NPC: id=209 | 类型=VEHICLE | bbox中心=(174.00, -133.45, -499.04) | 尺寸=1.66×0.58×1.62m | 距自车=67.0m | 相对方位 前/右=(+67.0, +0.1)m
# 注：bbox中心是几何中心（t.transform(bbox.location)），不是rear axle在地面的位置
# 注：dist<30m 且 rel_fwd>0（前方）的目标是本次关注重点

[PC] total=6052 x=[-45.17,49.35] y=[-46.48,47.22] z=[-8.58,1.59] int_mean=242.6 int_med=246.0 ground_pct=85.7
# 原始点云（LiDAR坐标系）| 总点数=6052 | x范围=[-45.17, 49.35]m | y范围=[-46.48, 47.22]m | z范围=[-8.58, 1.59]m | 强度均值=242.6 | 地面点比例=85.7%
# 注：64线激光雷达 ~13000点/帧 为正常，~6500点可能是 rotation_frequency 偏高（20Hz）
# 注：地面点比例 >70% 说明车体上点少，检测会困难

[PC_ON_NPC] 无世界坐标点云（可能ego_pose未就绪）
# 注：世界坐标点云为空（可能是定位位姿还没收到，或点云还没来）

[OBS] id=248 type=UNKNOWN(0) sub=0 pos=(118.49,-127.41,0.26) box=(0.03,0.02,0.68) theta=1.117 conf=0.575 tt=0.60 vel=0.00 dist=0.00 pts_in=0 pts_near=0 int_mean=0.0 gt=None(假阳性)
# OBS: id=248 | 类型=UNKNOWN | 置信度=0.575 | 位置=(118.49, -127.41, 0.26)m | 尺寸=0.03×0.02×0.68m | 朝向=1.117rad | 跟踪时长=0.60s | 距自车=0.0m | OBS框内点数=0 | gt=None(假阳性)
# 注：未匹配到GT，可能是假阳性或超出GT范围的远距离目标
# 注：⚠️ 跟踪时长 0.60s < 1s，刚出现的不稳定目标

[MISS] npc_id=208 type=VEHICLE dist=25.94 rel_fwd=25.94 rel_right=0.07 pts_on_gt=0 pts_near_gt=0 reason=pts_in_box=0(完全无点云)
# 漏检: GT_NPC_208 | 类型=VEHICLE | 距自车=25.9m | 方位 前/右=(+25.9, +0.1)m | GT框内点数=0 | 根因=pts_in_box=0(完全无点云)
# 诊断：物理层问题：点没打到车上，请检查外参或LiDAR安装
# ⚠️ 重点关注：距自车仅25.9m的目标漏检，点云覆盖=0点

[MISS] npc_id=209 type=VEHICLE dist=67.00 rel_fwd=67.00 rel_right=0.05 pts_on_gt=0 pts_near_gt=0 reason=pts_in_box=0(完全无点云)
# 漏检: GT_NPC_209 | 类型=VEHICLE | 距自车=67.0m | 方位 前/右=(+67.0, +0.1)m | GT框内点数=0 | 根因=pts_in_box=0(完全无点云)
# 诊断：物理层问题：点没打到车上，请检查外参或LiDAR安装

[MATCH] frame=10 total_gt=2 detected=0 missed=2 missed_with_pts=0 missed_no_pts=2 false_positive=1
# 帧匹配汇总 | GT总数=2 | 检测到=0 | 漏检=2 | 误报=1
# 漏检中：有点云=0个 | 无点云=2个
# 注：有点云但漏检 → 模型或参数问题；无点云漏检 → 物理或坐标变换问题
# 距离分桶 | 近(0-15m): 0/0 | 中(15-30m): 0/1 | 远(>30m): 0/1

[FRAME] frame=11 ts=1783477431.325 gt_frame=32 ego_pose=False n_pc_pts=6126 n_gt_npc=2 n_obs=2 pc_dt_ms=100.0
# 帧号=11 | 仿真时间=1783477431.325s | GT帧=32 | 点云=6126点 | 帧间隔=100.0ms | CARLA NPC=2个 | 感知障碍物=2个
# 注：感知回调触发写入，点云和GT可能滞后0~2帧（取最新值）
# 注：点云帧间隔应稳定在 100ms（10Hz），如出现 300ms+ 说明有点云丢帧

[GT_EGO] id=197 x=107.000 y=-133.500 z=0.034 yaw=-0.000 vel=0.00
# 自车位姿（Apollo 坐标系）| 位置=(107.00, -133.50, 0.03)m | 朝向=-0.00rad | 速度=0.00m/s
# 注：坐标经 CARLA→Apollo 转换（y取反，yaw取反转弧度）

[GT_NPC] id=208 type=VEHICLE cx=132.943 cy=-133.429 cz=-499.071 half_l=2.302 half_w=0.966 half_h=0.927 yaw=-0.000 vel=0.00 dist=25.94 rel_fwd=25.94 rel_right=0.07
# GT_NPC: id=208 | 类型=VEHICLE | bbox中心=(132.94, -133.43, -499.07) | 尺寸=4.60×1.93×1.85m | 距自车=25.9m | 相对方位 前/右=(+25.9, +0.1)m
# 注：bbox中心是几何中心（t.transform(bbox.location)），不是rear axle在地面的位置
# 注：dist<30m 且 rel_fwd>0（前方）的目标是本次关注重点
[GT_NPC] id=209 type=VEHICLE cx=174.000 cy=-133.447 cz=-499.038 half_l=0.828 half_w=0.291 half_h=0.810 yaw=-1.571 vel=0.00 dist=67.00 rel_fwd=67.00 rel_right=0.05
# GT_NPC: id=209 | 类型=VEHICLE | bbox中心=(174.00, -133.45, -499.04) | 尺寸=1.66×0.58×1.62m | 距自车=67.0m | 相对方位 前/右=(+67.0, +0.1)m
# 注：bbox中心是几何中心（t.transform(bbox.location)），不是rear axle在地面的位置
# 注：dist<30m 且 rel_fwd>0（前方）的目标是本次关注重点

[PC] total=6126 x=[-45.17,49.47] y=[-47.09,47.20] z=[-8.58,1.68] int_mean=242.6 int_med=246.0 ground_pct=86.3
# 原始点云（LiDAR坐标系）| 总点数=6126 | x范围=[-45.17, 49.47]m | y范围=[-47.09, 47.20]m | z范围=[-8.58, 1.68]m | 强度均值=242.6 | 地面点比例=86.3%
# 注：64线激光雷达 ~13000点/帧 为正常，~6500点可能是 rotation_frequency 偏高（20Hz）
# 注：地面点比例 >70% 说明车体上点少，检测会困难

[PC_ON_NPC] 无世界坐标点云（可能ego_pose未就绪）
# 注：世界坐标点云为空（可能是定位位姿还没收到，或点云还没来）

[OBS] id=235 type=PEDESTRIAN(3) sub=0 pos=(102.72,-127.08,0.67) box=(0.01,0.01,1.23) theta=2.942 conf=0.281 tt=15.90 vel=0.00 dist=0.00 pts_in=0 pts_near=0 int_mean=0.0 gt=None(假阳性)
# OBS: id=235 | 类型=PEDESTRIAN | 置信度=0.281 | 位置=(102.72, -127.08, 0.67)m | 尺寸=0.01×0.01×1.23m | 朝向=2.942rad | 跟踪时长=15.90s | 距自车=0.0m | OBS框内点数=0 | gt=None(假阳性)
# 注：未匹配到GT，可能是假阳性或超出GT范围的远距离目标
# 注：⚠️ 置信度 0.281 < 0.5，可能被后处理滤掉

[OBS] id=248 type=UNKNOWN(0) sub=0 pos=(118.47,-127.42,0.26) box=(0.04,0.03,0.59) theta=0.434 conf=0.574 tt=0.70 vel=0.00 dist=0.00 pts_in=0 pts_near=0 int_mean=0.0 gt=None(假阳性)
# OBS: id=248 | 类型=UNKNOWN | 置信度=0.574 | 位置=(118.47, -127.42, 0.26)m | 尺寸=0.04×0.03×0.59m | 朝向=0.434rad | 跟踪时长=0.70s | 距自车=0.0m | OBS框内点数=0 | gt=None(假阳性)
# 注：未匹配到GT，可能是假阳性或超出GT范围的远距离目标
# 注：⚠️ 跟踪时长 0.70s < 1s，刚出现的不稳定目标

[MISS] npc_id=208 type=VEHICLE dist=25.94 rel_fwd=25.94 rel_right=0.07 pts_on_gt=0 pts_near_gt=0 reason=pts_in_box=0(完全无点云)
# 漏检: GT_NPC_208 | 类型=VEHICLE | 距自车=25.9m | 方位 前/右=(+25.9, +0.1)m | GT框内点数=0 | 根因=pts_in_box=0(完全无点云)
# 诊断：物理层问题：点没打到车上，请检查外参或LiDAR安装
# ⚠️ 重点关注：距自车仅25.9m的目标漏检，点云覆盖=0点

[MISS] npc_id=209 type=VEHICLE dist=67.00 rel_fwd=67.00 rel_right=0.05 pts_on_gt=0 pts_near_gt=0 reason=pts_in_box=0(完全无点云)
# 漏检: GT_NPC_209 | 类型=VEHICLE | 距自车=67.0m | 方位 前/右=(+67.0, +0.1)m | GT框内点数=0 | 根因=pts_in_box=0(完全无点云)
# 诊断：物理层问题：点没打到车上，请检查外参或LiDAR安装

[MATCH] frame=11 total_gt=2 detected=0 missed=2 missed_with_pts=0 missed_no_pts=2 false_positive=2
# 帧匹配汇总 | GT总数=2 | 检测到=0 | 漏检=2 | 误报=2
# 漏检中：有点云=0个 | 无点云=2个
# 注：有点云但漏检 → 模型或参数问题；无点云漏检 → 物理或坐标变换问题
# 距离分桶 | 近(0-15m): 0/0 | 中(15-30m): 0/1 | 远(>30m): 0/1

[FRAME] frame=12 ts=1783477431.421 gt_frame=33 ego_pose=False n_pc_pts=5969 n_gt_npc=2 n_obs=2 pc_dt_ms=100.5
# 帧号=12 | 仿真时间=1783477431.421s | GT帧=33 | 点云=5969点 | 帧间隔=100.5ms | CARLA NPC=2个 | 感知障碍物=2个
# 注：感知回调触发写入，点云和GT可能滞后0~2帧（取最新值）
# 注：点云帧间隔应稳定在 100ms（10Hz），如出现 300ms+ 说明有点云丢帧

[GT_EGO] id=197 x=107.000 y=-133.500 z=0.034 yaw=-0.000 vel=0.00
# 自车位姿（Apollo 坐标系）| 位置=(107.00, -133.50, 0.03)m | 朝向=-0.00rad | 速度=0.00m/s
# 注：坐标经 CARLA→Apollo 转换（y取反，yaw取反转弧度）

[GT_NPC] id=208 type=VEHICLE cx=132.943 cy=-133.429 cz=-499.071 half_l=2.302 half_w=0.966 half_h=0.927 yaw=-0.000 vel=0.00 dist=25.94 rel_fwd=25.94 rel_right=0.07
# GT_NPC: id=208 | 类型=VEHICLE | bbox中心=(132.94, -133.43, -499.07) | 尺寸=4.60×1.93×1.85m | 距自车=25.9m | 相对方位 前/右=(+25.9, +0.1)m
# 注：bbox中心是几何中心（t.transform(bbox.location)），不是rear axle在地面的位置
# 注：dist<30m 且 rel_fwd>0（前方）的目标是本次关注重点
[GT_NPC] id=209 type=VEHICLE cx=174.000 cy=-133.447 cz=-499.038 half_l=0.828 half_w=0.291 half_h=0.810 yaw=-1.571 vel=0.00 dist=67.00 rel_fwd=67.00 rel_right=0.05
# GT_NPC: id=209 | 类型=VEHICLE | bbox中心=(174.00, -133.45, -499.04) | 尺寸=1.66×0.58×1.62m | 距自车=67.0m | 相对方位 前/右=(+67.0, +0.1)m
# 注：bbox中心是几何中心（t.transform(bbox.location)），不是rear axle在地面的位置
# 注：dist<30m 且 rel_fwd>0（前方）的目标是本次关注重点

[PC] total=5969 x=[-44.49,49.47] y=[-46.48,47.22] z=[-8.58,1.59] int_mean=242.5 int_med=246.0 ground_pct=85.7
# 原始点云（LiDAR坐标系）| 总点数=5969 | x范围=[-44.49, 49.47]m | y范围=[-46.48, 47.22]m | z范围=[-8.58, 1.59]m | 强度均值=242.5 | 地面点比例=85.7%
# 注：64线激光雷达 ~13000点/帧 为正常，~6500点可能是 rotation_frequency 偏高（20Hz）
# 注：地面点比例 >70% 说明车体上点少，检测会困难

[PC_ON_NPC] 无世界坐标点云（可能ego_pose未就绪）
# 注：世界坐标点云为空（可能是定位位姿还没收到，或点云还没来）

[OBS] id=235 type=PEDESTRIAN(3) sub=0 pos=(102.72,-127.08,0.79) box=(0.01,0.01,1.17) theta=2.890 conf=0.312 tt=16.00 vel=0.00 dist=0.00 pts_in=0 pts_near=0 int_mean=0.0 gt=None(假阳性)
# OBS: id=235 | 类型=PEDESTRIAN | 置信度=0.312 | 位置=(102.72, -127.08, 0.79)m | 尺寸=0.01×0.01×1.17m | 朝向=2.890rad | 跟踪时长=16.00s | 距自车=0.0m | OBS框内点数=0 | gt=None(假阳性)
# 注：未匹配到GT，可能是假阳性或超出GT范围的远距离目标
# 注：⚠️ 置信度 0.312 < 0.5，可能被后处理滤掉

[OBS] id=248 type=UNKNOWN(0) sub=0 pos=(118.45,-127.43,0.26) box=(0.11,0.04,0.68) theta=0.861 conf=0.575 tt=0.80 vel=0.00 dist=0.00 pts_in=0 pts_near=0 int_mean=0.0 gt=None(假阳性)
# OBS: id=248 | 类型=UNKNOWN | 置信度=0.575 | 位置=(118.45, -127.43, 0.26)m | 尺寸=0.11×0.04×0.68m | 朝向=0.861rad | 跟踪时长=0.80s | 距自车=0.0m | OBS框内点数=0 | gt=None(假阳性)
# 注：未匹配到GT，可能是假阳性或超出GT范围的远距离目标
# 注：⚠️ 跟踪时长 0.80s < 1s，刚出现的不稳定目标

[MISS] npc_id=208 type=VEHICLE dist=25.94 rel_fwd=25.94 rel_right=0.07 pts_on_gt=0 pts_near_gt=0 reason=pts_in_box=0(完全无点云)
# 漏检: GT_NPC_208 | 类型=VEHICLE | 距自车=25.9m | 方位 前/右=(+25.9, +0.1)m | GT框内点数=0 | 根因=pts_in_box=0(完全无点云)
# 诊断：物理层问题：点没打到车上，请检查外参或LiDAR安装
# ⚠️ 重点关注：距自车仅25.9m的目标漏检，点云覆盖=0点

[MISS] npc_id=209 type=VEHICLE dist=67.00 rel_fwd=67.00 rel_right=0.05 pts_on_gt=0 pts_near_gt=0 reason=pts_in_box=0(完全无点云)
# 漏检: GT_NPC_209 | 类型=VEHICLE | 距自车=67.0m | 方位 前/右=(+67.0, +0.1)m | GT框内点数=0 | 根因=pts_in_box=0(完全无点云)
# 诊断：物理层问题：点没打到车上，请检查外参或LiDAR安装

[MATCH] frame=12 total_gt=2 detected=0 missed=2 missed_with_pts=0 missed_no_pts=2 false_positive=2
# 帧匹配汇总 | GT总数=2 | 检测到=0 | 漏检=2 | 误报=2
# 漏检中：有点云=0个 | 无点云=2个
# 注：有点云但漏检 → 模型或参数问题；无点云漏检 → 物理或坐标变换问题
# 距离分桶 | 近(0-15m): 0/0 | 中(15-30m): 0/1 | 远(>30m): 0/1

[FRAME] frame=13 ts=1783477431.515 gt_frame=34 ego_pose=False n_pc_pts=6032 n_gt_npc=2 n_obs=1 pc_dt_ms=99.5
# 帧号=13 | 仿真时间=1783477431.515s | GT帧=34 | 点云=6032点 | 帧间隔=99.5ms | CARLA NPC=2个 | 感知障碍物=1个
# 注：感知回调触发写入，点云和GT可能滞后0~2帧（取最新值）
# 注：点云帧间隔应稳定在 100ms（10Hz），如出现 300ms+ 说明有点云丢帧

[GT_EGO] id=197 x=107.000 y=-133.500 z=0.034 yaw=-0.000 vel=0.00
# 自车位姿（Apollo 坐标系）| 位置=(107.00, -133.50, 0.03)m | 朝向=-0.00rad | 速度=0.00m/s
# 注：坐标经 CARLA→Apollo 转换（y取反，yaw取反转弧度）

[GT_NPC] id=208 type=VEHICLE cx=132.943 cy=-133.429 cz=-499.071 half_l=2.302 half_w=0.966 half_h=0.927 yaw=-0.000 vel=0.00 dist=25.94 rel_fwd=25.94 rel_right=0.07
# GT_NPC: id=208 | 类型=VEHICLE | bbox中心=(132.94, -133.43, -499.07) | 尺寸=4.60×1.93×1.85m | 距自车=25.9m | 相对方位 前/右=(+25.9, +0.1)m
# 注：bbox中心是几何中心（t.transform(bbox.location)），不是rear axle在地面的位置
# 注：dist<30m 且 rel_fwd>0（前方）的目标是本次关注重点
[GT_NPC] id=209 type=VEHICLE cx=174.000 cy=-133.447 cz=-499.038 half_l=0.828 half_w=0.291 half_h=0.810 yaw=-1.571 vel=0.00 dist=67.00 rel_fwd=67.00 rel_right=0.05
# GT_NPC: id=209 | 类型=VEHICLE | bbox中心=(174.00, -133.45, -499.04) | 尺寸=1.66×0.58×1.62m | 距自车=67.0m | 相对方位 前/右=(+67.0, +0.1)m
# 注：bbox中心是几何中心（t.transform(bbox.location)），不是rear axle在地面的位置
# 注：dist<30m 且 rel_fwd>0（前方）的目标是本次关注重点

[PC] total=6032 x=[-45.17,49.47] y=[-47.09,47.22] z=[-8.58,1.68] int_mean=242.5 int_med=246.0 ground_pct=86.1
# 原始点云（LiDAR坐标系）| 总点数=6032 | x范围=[-45.17, 49.47]m | y范围=[-47.09, 47.22]m | z范围=[-8.58, 1.68]m | 强度均值=242.5 | 地面点比例=86.1%
# 注：64线激光雷达 ~13000点/帧 为正常，~6500点可能是 rotation_frequency 偏高（20Hz）
# 注：地面点比例 >70% 说明车体上点少，检测会困难

[PC_ON_NPC] 无世界坐标点云（可能ego_pose未就绪）
# 注：世界坐标点云为空（可能是定位位姿还没收到，或点云还没来）

[OBS] id=235 type=PEDESTRIAN(3) sub=0 pos=(102.72,-127.08,0.97) box=(0.01,0.01,0.93) theta=2.779 conf=0.376 tt=16.10 vel=0.00 dist=0.00 pts_in=0 pts_near=0 int_mean=0.0 gt=None(假阳性)
# OBS: id=235 | 类型=PEDESTRIAN | 置信度=0.376 | 位置=(102.72, -127.08, 0.97)m | 尺寸=0.01×0.01×0.93m | 朝向=2.779rad | 跟踪时长=16.10s | 距自车=0.0m | OBS框内点数=0 | gt=None(假阳性)
# 注：未匹配到GT，可能是假阳性或超出GT范围的远距离目标
# 注：⚠️ 置信度 0.376 < 0.5，可能被后处理滤掉

[MISS] npc_id=208 type=VEHICLE dist=25.94 rel_fwd=25.94 rel_right=0.07 pts_on_gt=0 pts_near_gt=0 reason=pts_in_box=0(完全无点云)
# 漏检: GT_NPC_208 | 类型=VEHICLE | 距自车=25.9m | 方位 前/右=(+25.9, +0.1)m | GT框内点数=0 | 根因=pts_in_box=0(完全无点云)
# 诊断：物理层问题：点没打到车上，请检查外参或LiDAR安装
# ⚠️ 重点关注：距自车仅25.9m的目标漏检，点云覆盖=0点

[MISS] npc_id=209 type=VEHICLE dist=67.00 rel_fwd=67.00 rel_right=0.05 pts_on_gt=0 pts_near_gt=0 reason=pts_in_box=0(完全无点云)
# 漏检: GT_NPC_209 | 类型=VEHICLE | 距自车=67.0m | 方位 前/右=(+67.0, +0.1)m | GT框内点数=0 | 根因=pts_in_box=0(完全无点云)
# 诊断：物理层问题：点没打到车上，请检查外参或LiDAR安装

[MATCH] frame=13 total_gt=2 detected=0 missed=2 missed_with_pts=0 missed_no_pts=2 false_positive=1
# 帧匹配汇总 | GT总数=2 | 检测到=0 | 漏检=2 | 误报=1
# 漏检中：有点云=0个 | 无点云=2个
# 注：有点云但漏检 → 模型或参数问题；无点云漏检 → 物理或坐标变换问题
# 距离分桶 | 近(0-15m): 0/0 | 中(15-30m): 0/1 | 远(>30m): 0/1

[FRAME] frame=14 ts=1783477431.619 gt_frame=35 ego_pose=False n_pc_pts=6073 n_gt_npc=2 n_obs=1 pc_dt_ms=100.1
# 帧号=14 | 仿真时间=1783477431.619s | GT帧=35 | 点云=6073点 | 帧间隔=100.1ms | CARLA NPC=2个 | 感知障碍物=1个
# 注：感知回调触发写入，点云和GT可能滞后0~2帧（取最新值）
# 注：点云帧间隔应稳定在 100ms（10Hz），如出现 300ms+ 说明有点云丢帧

[GT_EGO] id=197 x=107.000 y=-133.500 z=0.034 yaw=-0.000 vel=0.00
# 自车位姿（Apollo 坐标系）| 位置=(107.00, -133.50, 0.03)m | 朝向=-0.00rad | 速度=0.00m/s
# 注：坐标经 CARLA→Apollo 转换（y取反，yaw取反转弧度）

[GT_NPC] id=208 type=VEHICLE cx=132.943 cy=-133.429 cz=-499.071 half_l=2.302 half_w=0.966 half_h=0.927 yaw=-0.000 vel=0.00 dist=25.94 rel_fwd=25.94 rel_right=0.07
# GT_NPC: id=208 | 类型=VEHICLE | bbox中心=(132.94, -133.43, -499.07) | 尺寸=4.60×1.93×1.85m | 距自车=25.9m | 相对方位 前/右=(+25.9, +0.1)m
# 注：bbox中心是几何中心（t.transform(bbox.location)），不是rear axle在地面的位置
# 注：dist<30m 且 rel_fwd>0（前方）的目标是本次关注重点
[GT_NPC] id=209 type=VEHICLE cx=174.000 cy=-133.447 cz=-499.038 half_l=0.828 half_w=0.291 half_h=0.810 yaw=-1.571 vel=0.00 dist=67.00 rel_fwd=67.00 rel_right=0.05
# GT_NPC: id=209 | 类型=VEHICLE | bbox中心=(174.00, -133.45, -499.04) | 尺寸=1.66×0.58×1.62m | 距自车=67.0m | 相对方位 前/右=(+67.0, +0.1)m
# 注：bbox中心是几何中心（t.transform(bbox.location)），不是rear axle在地面的位置
# 注：dist<30m 且 rel_fwd>0（前方）的目标是本次关注重点

[PC] total=6073 x=[-44.96,49.47] y=[-47.09,47.20] z=[-8.58,1.68] int_mean=242.7 int_med=246.0 ground_pct=86.0
# 原始点云（LiDAR坐标系）| 总点数=6073 | x范围=[-44.96, 49.47]m | y范围=[-47.09, 47.20]m | z范围=[-8.58, 1.68]m | 强度均值=242.7 | 地面点比例=86.0%
# 注：64线激光雷达 ~13000点/帧 为正常，~6500点可能是 rotation_frequency 偏高（20Hz）
# 注：地面点比例 >70% 说明车体上点少，检测会困难

[PC_ON_NPC] 无世界坐标点云（可能ego_pose未就绪）
# 注：世界坐标点云为空（可能是定位位姿还没收到，或点云还没来）

[OBS] id=235 type=PEDESTRIAN(3) sub=0 pos=(102.72,-127.08,0.73) box=(0.01,0.01,1.12) theta=2.746 conf=0.330 tt=16.20 vel=0.00 dist=0.00 pts_in=0 pts_near=0 int_mean=0.0 gt=None(假阳性)
# OBS: id=235 | 类型=PEDESTRIAN | 置信度=0.330 | 位置=(102.72, -127.08, 0.73)m | 尺寸=0.01×0.01×1.12m | 朝向=2.746rad | 跟踪时长=16.20s | 距自车=0.0m | OBS框内点数=0 | gt=None(假阳性)
# 注：未匹配到GT，可能是假阳性或超出GT范围的远距离目标
# 注：⚠️ 置信度 0.330 < 0.5，可能被后处理滤掉

[MISS] npc_id=208 type=VEHICLE dist=25.94 rel_fwd=25.94 rel_right=0.07 pts_on_gt=0 pts_near_gt=0 reason=pts_in_box=0(完全无点云)
# 漏检: GT_NPC_208 | 类型=VEHICLE | 距自车=25.9m | 方位 前/右=(+25.9, +0.1)m | GT框内点数=0 | 根因=pts_in_box=0(完全无点云)
# 诊断：物理层问题：点没打到车上，请检查外参或LiDAR安装
# ⚠️ 重点关注：距自车仅25.9m的目标漏检，点云覆盖=0点

[MISS] npc_id=209 type=VEHICLE dist=67.00 rel_fwd=67.00 rel_right=0.05 pts_on_gt=0 pts_near_gt=0 reason=pts_in_box=0(完全无点云)
# 漏检: GT_NPC_209 | 类型=VEHICLE | 距自车=67.0m | 方位 前/右=(+67.0, +0.1)m | GT框内点数=0 | 根因=pts_in_box=0(完全无点云)
# 诊断：物理层问题：点没打到车上，请检查外参或LiDAR安装

[MATCH] frame=14 total_gt=2 detected=0 missed=2 missed_with_pts=0 missed_no_pts=2 false_positive=1
# 帧匹配汇总 | GT总数=2 | 检测到=0 | 漏检=2 | 误报=1
# 漏检中：有点云=0个 | 无点云=2个
# 注：有点云但漏检 → 模型或参数问题；无点云漏检 → 物理或坐标变换问题
# 距离分桶 | 近(0-15m): 0/0 | 中(15-30m): 0/1 | 远(>30m): 0/1

[FRAME] frame=15 ts=1783477431.713 gt_frame=36 ego_pose=False n_pc_pts=6050 n_gt_npc=2 n_obs=1 pc_dt_ms=100.0
# 帧号=15 | 仿真时间=1783477431.713s | GT帧=36 | 点云=6050点 | 帧间隔=100.0ms | CARLA NPC=2个 | 感知障碍物=1个
# 注：感知回调触发写入，点云和GT可能滞后0~2帧（取最新值）
# 注：点云帧间隔应稳定在 100ms（10Hz），如出现 300ms+ 说明有点云丢帧

[GT_EGO] id=197 x=107.000 y=-133.500 z=0.034 yaw=-0.000 vel=0.00
# 自车位姿（Apollo 坐标系）| 位置=(107.00, -133.50, 0.03)m | 朝向=-0.00rad | 速度=0.00m/s
# 注：坐标经 CARLA→Apollo 转换（y取反，yaw取反转弧度）

[GT_NPC] id=208 type=VEHICLE cx=132.943 cy=-133.429 cz=-499.071 half_l=2.302 half_w=0.966 half_h=0.927 yaw=-0.000 vel=0.00 dist=25.94 rel_fwd=25.94 rel_right=0.07
# GT_NPC: id=208 | 类型=VEHICLE | bbox中心=(132.94, -133.43, -499.07) | 尺寸=4.60×1.93×1.85m | 距自车=25.9m | 相对方位 前/右=(+25.9, +0.1)m
# 注：bbox中心是几何中心（t.transform(bbox.location)），不是rear axle在地面的位置
# 注：dist<30m 且 rel_fwd>0（前方）的目标是本次关注重点
[GT_NPC] id=209 type=VEHICLE cx=174.000 cy=-133.447 cz=-499.038 half_l=0.828 half_w=0.291 half_h=0.810 yaw=-1.571 vel=0.00 dist=67.00 rel_fwd=67.00 rel_right=0.05
# GT_NPC: id=209 | 类型=VEHICLE | bbox中心=(174.00, -133.45, -499.04) | 尺寸=1.66×0.58×1.62m | 距自车=67.0m | 相对方位 前/右=(+67.0, +0.1)m
# 注：bbox中心是几何中心（t.transform(bbox.location)），不是rear axle在地面的位置
# 注：dist<30m 且 rel_fwd>0（前方）的目标是本次关注重点

[PC] total=6050 x=[-45.17,49.31] y=[-47.09,47.16] z=[-8.51,1.61] int_mean=242.7 int_med=246.0 ground_pct=86.0
# 原始点云（LiDAR坐标系）| 总点数=6050 | x范围=[-45.17, 49.31]m | y范围=[-47.09, 47.16]m | z范围=[-8.51, 1.61]m | 强度均值=242.7 | 地面点比例=86.0%
# 注：64线激光雷达 ~13000点/帧 为正常，~6500点可能是 rotation_frequency 偏高（20Hz）
# 注：地面点比例 >70% 说明车体上点少，检测会困难

[PC_ON_NPC] 无世界坐标点云（可能ego_pose未就绪）
# 注：世界坐标点云为空（可能是定位位姿还没收到，或点云还没来）

[OBS] id=235 type=PEDESTRIAN(3) sub=0 pos=(102.72,-127.08,0.85) box=(0.01,0.01,1.17) theta=2.796 conf=0.371 tt=16.30 vel=0.00 dist=0.00 pts_in=0 pts_near=0 int_mean=0.0 gt=None(假阳性)
# OBS: id=235 | 类型=PEDESTRIAN | 置信度=0.371 | 位置=(102.72, -127.08, 0.85)m | 尺寸=0.01×0.01×1.17m | 朝向=2.796rad | 跟踪时长=16.30s | 距自车=0.0m | OBS框内点数=0 | gt=None(假阳性)
# 注：未匹配到GT，可能是假阳性或超出GT范围的远距离目标
# 注：⚠️ 置信度 0.371 < 0.5，可能被后处理滤掉

[MISS] npc_id=208 type=VEHICLE dist=25.94 rel_fwd=25.94 rel_right=0.07 pts_on_gt=0 pts_near_gt=0 reason=pts_in_box=0(完全无点云)
# 漏检: GT_NPC_208 | 类型=VEHICLE | 距自车=25.9m | 方位 前/右=(+25.9, +0.1)m | GT框内点数=0 | 根因=pts_in_box=0(完全无点云)
# 诊断：物理层问题：点没打到车上，请检查外参或LiDAR安装
# ⚠️ 重点关注：距自车仅25.9m的目标漏检，点云覆盖=0点

[MISS] npc_id=209 type=VEHICLE dist=67.00 rel_fwd=67.00 rel_right=0.05 pts_on_gt=0 pts_near_gt=0 reason=pts_in_box=0(完全无点云)
# 漏检: GT_NPC_209 | 类型=VEHICLE | 距自车=67.0m | 方位 前/右=(+67.0, +0.1)m | GT框内点数=0 | 根因=pts_in_box=0(完全无点云)
# 诊断：物理层问题：点没打到车上，请检查外参或LiDAR安装

[MATCH] frame=15 total_gt=2 detected=0 missed=2 missed_with_pts=0 missed_no_pts=2 false_positive=1
# 帧匹配汇总 | GT总数=2 | 检测到=0 | 漏检=2 | 误报=1
# 漏检中：有点云=0个 | 无点云=2个
# 注：有点云但漏检 → 模型或参数问题；无点云漏检 → 物理或坐标变换问题
# 距离分桶 | 近(0-15m): 0/0 | 中(15-30m): 0/1 | 远(>30m): 0/1

[FRAME] frame=16 ts=1783477431.854 gt_frame=37 ego_pose=False n_pc_pts=5997 n_gt_npc=2 n_obs=1 pc_dt_ms=100.0
# 帧号=16 | 仿真时间=1783477431.854s | GT帧=37 | 点云=5997点 | 帧间隔=100.0ms | CARLA NPC=2个 | 感知障碍物=1个
# 注：感知回调触发写入，点云和GT可能滞后0~2帧（取最新值）
# 注：点云帧间隔应稳定在 100ms（10Hz），如出现 300ms+ 说明有点云丢帧

[GT_EGO] id=197 x=107.000 y=-133.500 z=0.034 yaw=-0.000 vel=0.00
# 自车位姿（Apollo 坐标系）| 位置=(107.00, -133.50, 0.03)m | 朝向=-0.00rad | 速度=0.00m/s
# 注：坐标经 CARLA→Apollo 转换（y取反，yaw取反转弧度）

[GT_NPC] id=208 type=VEHICLE cx=132.943 cy=-133.429 cz=-499.071 half_l=2.302 half_w=0.966 half_h=0.927 yaw=-0.000 vel=0.00 dist=25.94 rel_fwd=25.94 rel_right=0.07
# GT_NPC: id=208 | 类型=VEHICLE | bbox中心=(132.94, -133.43, -499.07) | 尺寸=4.60×1.93×1.85m | 距自车=25.9m | 相对方位 前/右=(+25.9, +0.1)m
# 注：bbox中心是几何中心（t.transform(bbox.location)），不是rear axle在地面的位置
# 注：dist<30m 且 rel_fwd>0（前方）的目标是本次关注重点
[GT_NPC] id=209 type=VEHICLE cx=174.000 cy=-133.447 cz=-499.038 half_l=0.828 half_w=0.291 half_h=0.810 yaw=-1.571 vel=0.00 dist=67.00 rel_fwd=67.00 rel_right=0.05
# GT_NPC: id=209 | 类型=VEHICLE | bbox中心=(174.00, -133.45, -499.04) | 尺寸=1.66×0.58×1.62m | 距自车=67.0m | 相对方位 前/右=(+67.0, +0.1)m
# 注：bbox中心是几何中心（t.transform(bbox.location)），不是rear axle在地面的位置
# 注：dist<30m 且 rel_fwd>0（前方）的目标是本次关注重点

[PC] total=5997 x=[-45.17,49.47] y=[-47.09,47.22] z=[-8.58,1.61] int_mean=242.4 int_med=246.0 ground_pct=85.5
# 原始点云（LiDAR坐标系）| 总点数=5997 | x范围=[-45.17, 49.47]m | y范围=[-47.09, 47.22]m | z范围=[-8.58, 1.61]m | 强度均值=242.4 | 地面点比例=85.5%
# 注：64线激光雷达 ~13000点/帧 为正常，~6500点可能是 rotation_frequency 偏高（20Hz）
# 注：地面点比例 >70% 说明车体上点少，检测会困难

[PC_ON_NPC] 无世界坐标点云（可能ego_pose未就绪）
# 注：世界坐标点云为空（可能是定位位姿还没收到，或点云还没来）

[OBS] id=235 type=PEDESTRIAN(3) sub=0 pos=(102.72,-127.08,0.73) box=(0.01,0.01,1.17) theta=2.883 conf=0.328 tt=16.40 vel=0.00 dist=0.00 pts_in=0 pts_near=0 int_mean=0.0 gt=None(假阳性)
# OBS: id=235 | 类型=PEDESTRIAN | 置信度=0.328 | 位置=(102.72, -127.08, 0.73)m | 尺寸=0.01×0.01×1.17m | 朝向=2.883rad | 跟踪时长=16.40s | 距自车=0.0m | OBS框内点数=0 | gt=None(假阳性)
# 注：未匹配到GT，可能是假阳性或超出GT范围的远距离目标
# 注：⚠️ 置信度 0.328 < 0.5，可能被后处理滤掉

[MISS] npc_id=208 type=VEHICLE dist=25.94 rel_fwd=25.94 rel_right=0.07 pts_on_gt=0 pts_near_gt=0 reason=pts_in_box=0(完全无点云)
# 漏检: GT_NPC_208 | 类型=VEHICLE | 距自车=25.9m | 方位 前/右=(+25.9, +0.1)m | GT框内点数=0 | 根因=pts_in_box=0(完全无点云)
# 诊断：物理层问题：点没打到车上，请检查外参或LiDAR安装
# ⚠️ 重点关注：距自车仅25.9m的目标漏检，点云覆盖=0点

[MISS] npc_id=209 type=VEHICLE dist=67.00 rel_fwd=67.00 rel_right=0.05 pts_on_gt=0 pts_near_gt=0 reason=pts_in_box=0(完全无点云)
# 漏检: GT_NPC_209 | 类型=VEHICLE | 距自车=67.0m | 方位 前/右=(+67.0, +0.1)m | GT框内点数=0 | 根因=pts_in_box=0(完全无点云)
# 诊断：物理层问题：点没打到车上，请检查外参或LiDAR安装

[MATCH] frame=16 total_gt=2 detected=0 missed=2 missed_with_pts=0 missed_no_pts=2 false_positive=1
# 帧匹配汇总 | GT总数=2 | 检测到=0 | 漏检=2 | 误报=1
# 漏检中：有点云=0个 | 无点云=2个
# 注：有点云但漏检 → 模型或参数问题；无点云漏检 → 物理或坐标变换问题
# 距离分桶 | 近(0-15m): 0/0 | 中(15-30m): 0/1 | 远(>30m): 0/1

[FRAME] frame=17 ts=1783477431.934 gt_frame=38 ego_pose=False n_pc_pts=5997 n_gt_npc=2 n_obs=1 pc_dt_ms=100.0
# 帧号=17 | 仿真时间=1783477431.934s | GT帧=38 | 点云=5997点 | 帧间隔=100.0ms | CARLA NPC=2个 | 感知障碍物=1个
# 注：感知回调触发写入，点云和GT可能滞后0~2帧（取最新值）
# 注：点云帧间隔应稳定在 100ms（10Hz），如出现 300ms+ 说明有点云丢帧

[GT_EGO] id=197 x=107.000 y=-133.500 z=0.034 yaw=-0.000 vel=0.00
# 自车位姿（Apollo 坐标系）| 位置=(107.00, -133.50, 0.03)m | 朝向=-0.00rad | 速度=0.00m/s
# 注：坐标经 CARLA→Apollo 转换（y取反，yaw取反转弧度）

[GT_NPC] id=208 type=VEHICLE cx=132.943 cy=-133.429 cz=-499.071 half_l=2.302 half_w=0.966 half_h=0.927 yaw=-0.000 vel=0.00 dist=25.94 rel_fwd=25.94 rel_right=0.07
# GT_NPC: id=208 | 类型=VEHICLE | bbox中心=(132.94, -133.43, -499.07) | 尺寸=4.60×1.93×1.85m | 距自车=25.9m | 相对方位 前/右=(+25.9, +0.1)m
# 注：bbox中心是几何中心（t.transform(bbox.location)），不是rear axle在地面的位置
# 注：dist<30m 且 rel_fwd>0（前方）的目标是本次关注重点
[GT_NPC] id=209 type=VEHICLE cx=174.000 cy=-133.447 cz=-499.038 half_l=0.828 half_w=0.291 half_h=0.810 yaw=-1.571 vel=0.00 dist=67.00 rel_fwd=67.00 rel_right=0.05
# GT_NPC: id=209 | 类型=VEHICLE | bbox中心=(174.00, -133.45, -499.04) | 尺寸=1.66×0.58×1.62m | 距自车=67.0m | 相对方位 前/右=(+67.0, +0.1)m
# 注：bbox中心是几何中心（t.transform(bbox.location)），不是rear axle在地面的位置
# 注：dist<30m 且 rel_fwd>0（前方）的目标是本次关注重点

[PC] total=5997 x=[-45.17,49.47] y=[-47.09,47.22] z=[-8.58,1.61] int_mean=242.4 int_med=246.0 ground_pct=85.5
# 原始点云（LiDAR坐标系）| 总点数=5997 | x范围=[-45.17, 49.47]m | y范围=[-47.09, 47.22]m | z范围=[-8.58, 1.61]m | 强度均值=242.4 | 地面点比例=85.5%
# 注：64线激光雷达 ~13000点/帧 为正常，~6500点可能是 rotation_frequency 偏高（20Hz）
# 注：地面点比例 >70% 说明车体上点少，检测会困难

[PC_ON_NPC] 无世界坐标点云（可能ego_pose未就绪）
# 注：世界坐标点云为空（可能是定位位姿还没收到，或点云还没来）

[OBS] id=235 type=PEDESTRIAN(3) sub=0 pos=(102.72,-127.08,0.85) box=(0.01,0.01,1.11) theta=2.853 conf=0.343 tt=16.50 vel=0.00 dist=0.00 pts_in=0 pts_near=0 int_mean=0.0 gt=None(假阳性)
# OBS: id=235 | 类型=PEDESTRIAN | 置信度=0.343 | 位置=(102.72, -127.08, 0.85)m | 尺寸=0.01×0.01×1.11m | 朝向=2.853rad | 跟踪时长=16.50s | 距自车=0.0m | OBS框内点数=0 | gt=None(假阳性)
# 注：未匹配到GT，可能是假阳性或超出GT范围的远距离目标
# 注：⚠️ 置信度 0.343 < 0.5，可能被后处理滤掉

[MISS] npc_id=208 type=VEHICLE dist=25.94 rel_fwd=25.94 rel_right=0.07 pts_on_gt=0 pts_near_gt=0 reason=pts_in_box=0(完全无点云)
# 漏检: GT_NPC_208 | 类型=VEHICLE | 距自车=25.9m | 方位 前/右=(+25.9, +0.1)m | GT框内点数=0 | 根因=pts_in_box=0(完全无点云)
# 诊断：物理层问题：点没打到车上，请检查外参或LiDAR安装
# ⚠️ 重点关注：距自车仅25.9m的目标漏检，点云覆盖=0点

[MISS] npc_id=209 type=VEHICLE dist=67.00 rel_fwd=67.00 rel_right=0.05 pts_on_gt=0 pts_near_gt=0 reason=pts_in_box=0(完全无点云)
# 漏检: GT_NPC_209 | 类型=VEHICLE | 距自车=67.0m | 方位 前/右=(+67.0, +0.1)m | GT框内点数=0 | 根因=pts_in_box=0(完全无点云)
# 诊断：物理层问题：点没打到车上，请检查外参或LiDAR安装

[MATCH] frame=17 total_gt=2 detected=0 missed=2 missed_with_pts=0 missed_no_pts=2 false_positive=1
# 帧匹配汇总 | GT总数=2 | 检测到=0 | 漏检=2 | 误报=1
# 漏检中：有点云=0个 | 无点云=2个
# 注：有点云但漏检 → 模型或参数问题；无点云漏检 → 物理或坐标变换问题
# 距离分桶 | 近(0-15m): 0/0 | 中(15-30m): 0/1 | 远(>30m): 0/1

[FRAME] frame=18 ts=1783477432.024 gt_frame=39 ego_pose=False n_pc_pts=6011 n_gt_npc=2 n_obs=1 pc_dt_ms=100.0
# 帧号=18 | 仿真时间=1783477432.024s | GT帧=39 | 点云=6011点 | 帧间隔=100.0ms | CARLA NPC=2个 | 感知障碍物=1个
# 注：感知回调触发写入，点云和GT可能滞后0~2帧（取最新值）
# 注：点云帧间隔应稳定在 100ms（10Hz），如出现 300ms+ 说明有点云丢帧

[GT_EGO] id=197 x=107.000 y=-133.500 z=0.034 yaw=-0.000 vel=0.00
# 自车位姿（Apollo 坐标系）| 位置=(107.00, -133.50, 0.03)m | 朝向=-0.00rad | 速度=0.00m/s
# 注：坐标经 CARLA→Apollo 转换（y取反，yaw取反转弧度）

[GT_NPC] id=208 type=VEHICLE cx=132.943 cy=-133.429 cz=-499.071 half_l=2.302 half_w=0.966 half_h=0.927 yaw=-0.000 vel=0.00 dist=25.94 rel_fwd=25.94 rel_right=0.07
# GT_NPC: id=208 | 类型=VEHICLE | bbox中心=(132.94, -133.43, -499.07) | 尺寸=4.60×1.93×1.85m | 距自车=25.9m | 相对方位 前/右=(+25.9, +0.1)m
# 注：bbox中心是几何中心（t.transform(bbox.location)），不是rear axle在地面的位置
# 注：dist<30m 且 rel_fwd>0（前方）的目标是本次关注重点
[GT_NPC] id=209 type=VEHICLE cx=174.000 cy=-133.447 cz=-499.038 half_l=0.828 half_w=0.291 half_h=0.810 yaw=-1.571 vel=0.00 dist=67.00 rel_fwd=67.00 rel_right=0.05
# GT_NPC: id=209 | 类型=VEHICLE | bbox中心=(174.00, -133.45, -499.04) | 尺寸=1.66×0.58×1.62m | 距自车=67.0m | 相对方位 前/右=(+67.0, +0.1)m
# 注：bbox中心是几何中心（t.transform(bbox.location)），不是rear axle在地面的位置
# 注：dist<30m 且 rel_fwd>0（前方）的目标是本次关注重点

[PC] total=6011 x=[-45.17,49.47] y=[-45.44,47.22] z=[-8.58,1.61] int_mean=242.5 int_med=246.0 ground_pct=85.8
# 原始点云（LiDAR坐标系）| 总点数=6011 | x范围=[-45.17, 49.47]m | y范围=[-45.44, 47.22]m | z范围=[-8.58, 1.61]m | 强度均值=242.5 | 地面点比例=85.8%
# 注：64线激光雷达 ~13000点/帧 为正常，~6500点可能是 rotation_frequency 偏高（20Hz）
# 注：地面点比例 >70% 说明车体上点少，检测会困难

[PC_ON_NPC] 无世界坐标点云（可能ego_pose未就绪）
# 注：世界坐标点云为空（可能是定位位姿还没收到，或点云还没来）

[OBS] id=235 type=PEDESTRIAN(3) sub=0 pos=(102.72,-127.08,0.97) box=(0.01,0.01,1.05) theta=2.811 conf=0.368 tt=16.60 vel=0.00 dist=0.00 pts_in=0 pts_near=0 int_mean=0.0 gt=None(假阳性)
# OBS: id=235 | 类型=PEDESTRIAN | 置信度=0.368 | 位置=(102.72, -127.08, 0.97)m | 尺寸=0.01×0.01×1.05m | 朝向=2.811rad | 跟踪时长=16.60s | 距自车=0.0m | OBS框内点数=0 | gt=None(假阳性)
# 注：未匹配到GT，可能是假阳性或超出GT范围的远距离目标
# 注：⚠️ 置信度 0.368 < 0.5，可能被后处理滤掉

[MISS] npc_id=208 type=VEHICLE dist=25.94 rel_fwd=25.94 rel_right=0.07 pts_on_gt=0 pts_near_gt=0 reason=pts_in_box=0(完全无点云)
# 漏检: GT_NPC_208 | 类型=VEHICLE | 距自车=25.9m | 方位 前/右=(+25.9, +0.1)m | GT框内点数=0 | 根因=pts_in_box=0(完全无点云)
# 诊断：物理层问题：点没打到车上，请检查外参或LiDAR安装
# ⚠️ 重点关注：距自车仅25.9m的目标漏检，点云覆盖=0点

[MISS] npc_id=209 type=VEHICLE dist=67.00 rel_fwd=67.00 rel_right=0.05 pts_on_gt=0 pts_near_gt=0 reason=pts_in_box=0(完全无点云)
# 漏检: GT_NPC_209 | 类型=VEHICLE | 距自车=67.0m | 方位 前/右=(+67.0, +0.1)m | GT框内点数=0 | 根因=pts_in_box=0(完全无点云)
# 诊断：物理层问题：点没打到车上，请检查外参或LiDAR安装

[MATCH] frame=18 total_gt=2 detected=0 missed=2 missed_with_pts=0 missed_no_pts=2 false_positive=1
# 帧匹配汇总 | GT总数=2 | 检测到=0 | 漏检=2 | 误报=1
# 漏检中：有点云=0个 | 无点云=2个
# 注：有点云但漏检 → 模型或参数问题；无点云漏检 → 物理或坐标变换问题
# 距离分桶 | 近(0-15m): 0/0 | 中(15-30m): 0/1 | 远(>30m): 0/1

[FRAME] frame=19 ts=1783477432.111 gt_frame=39 ego_pose=False n_pc_pts=6083 n_gt_npc=2 n_obs=1 pc_dt_ms=100.1
# 帧号=19 | 仿真时间=1783477432.111s | GT帧=39 | 点云=6083点 | 帧间隔=100.1ms | CARLA NPC=2个 | 感知障碍物=1个
# 注：感知回调触发写入，点云和GT可能滞后0~2帧（取最新值）
# 注：点云帧间隔应稳定在 100ms（10Hz），如出现 300ms+ 说明有点云丢帧

[GT_EGO] id=197 x=107.000 y=-133.500 z=0.034 yaw=-0.000 vel=0.00
# 自车位姿（Apollo 坐标系）| 位置=(107.00, -133.50, 0.03)m | 朝向=-0.00rad | 速度=0.00m/s
# 注：坐标经 CARLA→Apollo 转换（y取反，yaw取反转弧度）

[GT_NPC] id=208 type=VEHICLE cx=132.943 cy=-133.429 cz=-499.071 half_l=2.302 half_w=0.966 half_h=0.927 yaw=-0.000 vel=0.00 dist=25.94 rel_fwd=25.94 rel_right=0.07
# GT_NPC: id=208 | 类型=VEHICLE | bbox中心=(132.94, -133.43, -499.07) | 尺寸=4.60×1.93×1.85m | 距自车=25.9m | 相对方位 前/右=(+25.9, +0.1)m
# 注：bbox中心是几何中心（t.transform(bbox.location)），不是rear axle在地面的位置
# 注：dist<30m 且 rel_fwd>0（前方）的目标是本次关注重点
[GT_NPC] id=209 type=VEHICLE cx=174.000 cy=-133.447 cz=-499.038 half_l=0.828 half_w=0.291 half_h=0.810 yaw=-1.571 vel=0.00 dist=67.00 rel_fwd=67.00 rel_right=0.05
# GT_NPC: id=209 | 类型=VEHICLE | bbox中心=(174.00, -133.45, -499.04) | 尺寸=1.66×0.58×1.62m | 距自车=67.0m | 相对方位 前/右=(+67.0, +0.1)m
# 注：bbox中心是几何中心（t.transform(bbox.location)），不是rear axle在地面的位置
# 注：dist<30m 且 rel_fwd>0（前方）的目标是本次关注重点

[PC] total=6083 x=[-45.17,49.47] y=[-46.48,47.20] z=[-8.58,1.61] int_mean=242.5 int_med=246.0 ground_pct=86.0
# 原始点云（LiDAR坐标系）| 总点数=6083 | x范围=[-45.17, 49.47]m | y范围=[-46.48, 47.20]m | z范围=[-8.58, 1.61]m | 强度均值=242.5 | 地面点比例=86.0%
# 注：64线激光雷达 ~13000点/帧 为正常，~6500点可能是 rotation_frequency 偏高（20Hz）
# 注：地面点比例 >70% 说明车体上点少，检测会困难

[PC_ON_NPC] 无世界坐标点云（可能ego_pose未就绪）
# 注：世界坐标点云为空（可能是定位位姿还没收到，或点云还没来）

[OBS] id=235 type=PEDESTRIAN(3) sub=0 pos=(102.72,-127.08,0.73) box=(0.01,0.01,1.06) theta=2.924 conf=0.301 tt=16.70 vel=0.00 dist=0.00 pts_in=0 pts_near=0 int_mean=0.0 gt=None(假阳性)
# OBS: id=235 | 类型=PEDESTRIAN | 置信度=0.301 | 位置=(102.72, -127.08, 0.73)m | 尺寸=0.01×0.01×1.06m | 朝向=2.924rad | 跟踪时长=16.70s | 距自车=0.0m | OBS框内点数=0 | gt=None(假阳性)
# 注：未匹配到GT，可能是假阳性或超出GT范围的远距离目标
# 注：⚠️ 置信度 0.301 < 0.5，可能被后处理滤掉

[MISS] npc_id=208 type=VEHICLE dist=25.94 rel_fwd=25.94 rel_right=0.07 pts_on_gt=0 pts_near_gt=0 reason=pts_in_box=0(完全无点云)
# 漏检: GT_NPC_208 | 类型=VEHICLE | 距自车=25.9m | 方位 前/右=(+25.9, +0.1)m | GT框内点数=0 | 根因=pts_in_box=0(完全无点云)
# 诊断：物理层问题：点没打到车上，请检查外参或LiDAR安装
# ⚠️ 重点关注：距自车仅25.9m的目标漏检，点云覆盖=0点

[MISS] npc_id=209 type=VEHICLE dist=67.00 rel_fwd=67.00 rel_right=0.05 pts_on_gt=0 pts_near_gt=0 reason=pts_in_box=0(完全无点云)
# 漏检: GT_NPC_209 | 类型=VEHICLE | 距自车=67.0m | 方位 前/右=(+67.0, +0.1)m | GT框内点数=0 | 根因=pts_in_box=0(完全无点云)
# 诊断：物理层问题：点没打到车上，请检查外参或LiDAR安装

[MATCH] frame=19 total_gt=2 detected=0 missed=2 missed_with_pts=0 missed_no_pts=2 false_positive=1
# 帧匹配汇总 | GT总数=2 | 检测到=0 | 漏检=2 | 误报=1
# 漏检中：有点云=0个 | 无点云=2个
# 注：有点云但漏检 → 模型或参数问题；无点云漏检 → 物理或坐标变换问题
# 距离分桶 | 近(0-15m): 0/0 | 中(15-30m): 0/1 | 远(>30m): 0/1

[FRAME] frame=20 ts=1783477432.227 gt_frame=41 ego_pose=False n_pc_pts=6101 n_gt_npc=2 n_obs=1 pc_dt_ms=100.0
# 帧号=20 | 仿真时间=1783477432.227s | GT帧=41 | 点云=6101点 | 帧间隔=100.0ms | CARLA NPC=2个 | 感知障碍物=1个
# 注：感知回调触发写入，点云和GT可能滞后0~2帧（取最新值）
# 注：点云帧间隔应稳定在 100ms（10Hz），如出现 300ms+ 说明有点云丢帧

[GT_EGO] id=197 x=107.000 y=-133.500 z=0.034 yaw=-0.000 vel=0.00
# 自车位姿（Apollo 坐标系）| 位置=(107.00, -133.50, 0.03)m | 朝向=-0.00rad | 速度=0.00m/s
# 注：坐标经 CARLA→Apollo 转换（y取反，yaw取反转弧度）

[GT_NPC] id=208 type=VEHICLE cx=132.943 cy=-133.429 cz=-499.071 half_l=2.302 half_w=0.966 half_h=0.927 yaw=-0.000 vel=0.00 dist=25.94 rel_fwd=25.94 rel_right=0.07
# GT_NPC: id=208 | 类型=VEHICLE | bbox中心=(132.94, -133.43, -499.07) | 尺寸=4.60×1.93×1.85m | 距自车=25.9m | 相对方位 前/右=(+25.9, +0.1)m
# 注：bbox中心是几何中心（t.transform(bbox.location)），不是rear axle在地面的位置
# 注：dist<30m 且 rel_fwd>0（前方）的目标是本次关注重点
[GT_NPC] id=209 type=VEHICLE cx=174.000 cy=-133.447 cz=-499.038 half_l=0.828 half_w=0.291 half_h=0.810 yaw=-1.571 vel=0.00 dist=67.00 rel_fwd=67.00 rel_right=0.05
# GT_NPC: id=209 | 类型=VEHICLE | bbox中心=(174.00, -133.45, -499.04) | 尺寸=1.66×0.58×1.62m | 距自车=67.0m | 相对方位 前/右=(+67.0, +0.1)m
# 注：bbox中心是几何中心（t.transform(bbox.location)），不是rear axle在地面的位置
# 注：dist<30m 且 rel_fwd>0（前方）的目标是本次关注重点

[PC] total=6101 x=[-43.98,49.47] y=[-47.09,47.22] z=[-8.58,1.68] int_mean=242.5 int_med=246.0 ground_pct=86.1
# 原始点云（LiDAR坐标系）| 总点数=6101 | x范围=[-43.98, 49.47]m | y范围=[-47.09, 47.22]m | z范围=[-8.58, 1.68]m | 强度均值=242.5 | 地面点比例=86.1%
# 注：64线激光雷达 ~13000点/帧 为正常，~6500点可能是 rotation_frequency 偏高（20Hz）
# 注：地面点比例 >70% 说明车体上点少，检测会困难

[PC_ON_NPC] 无世界坐标点云（可能ego_pose未就绪）
# 注：世界坐标点云为空（可能是定位位姿还没收到，或点云还没来）

[OBS] id=235 type=PEDESTRIAN(3) sub=0 pos=(102.72,-127.08,0.79) box=(0.01,0.01,1.17) theta=2.883 conf=0.327 tt=16.80 vel=0.00 dist=0.00 pts_in=0 pts_near=0 int_mean=0.0 gt=None(假阳性)
# OBS: id=235 | 类型=PEDESTRIAN | 置信度=0.327 | 位置=(102.72, -127.08, 0.79)m | 尺寸=0.01×0.01×1.17m | 朝向=2.883rad | 跟踪时长=16.80s | 距自车=0.0m | OBS框内点数=0 | gt=None(假阳性)
# 注：未匹配到GT，可能是假阳性或超出GT范围的远距离目标
# 注：⚠️ 置信度 0.327 < 0.5，可能被后处理滤掉

[MISS] npc_id=208 type=VEHICLE dist=25.94 rel_fwd=25.94 rel_right=0.07 pts_on_gt=0 pts_near_gt=0 reason=pts_in_box=0(完全无点云)
# 漏检: GT_NPC_208 | 类型=VEHICLE | 距自车=25.9m | 方位 前/右=(+25.9, +0.1)m | GT框内点数=0 | 根因=pts_in_box=0(完全无点云)
# 诊断：物理层问题：点没打到车上，请检查外参或LiDAR安装
# ⚠️ 重点关注：距自车仅25.9m的目标漏检，点云覆盖=0点

[MISS] npc_id=209 type=VEHICLE dist=67.00 rel_fwd=67.00 rel_right=0.05 pts_on_gt=0 pts_near_gt=0 reason=pts_in_box=0(完全无点云)
# 漏检: GT_NPC_209 | 类型=VEHICLE | 距自车=67.0m | 方位 前/右=(+67.0, +0.1)m | GT框内点数=0 | 根因=pts_in_box=0(完全无点云)
# 诊断：物理层问题：点没打到车上，请检查外参或LiDAR安装

[MATCH] frame=20 total_gt=2 detected=0 missed=2 missed_with_pts=0 missed_no_pts=2 false_positive=1
# 帧匹配汇总 | GT总数=2 | 检测到=0 | 漏检=2 | 误报=1
# 漏检中：有点云=0个 | 无点云=2个
# 注：有点云但漏检 → 模型或参数问题；无点云漏检 → 物理或坐标变换问题
# 距离分桶 | 近(0-15m): 0/0 | 中(15-30m): 0/1 | 远(>30m): 0/1

[FRAME] frame=21 ts=1783477432.321 gt_frame=42 ego_pose=False n_pc_pts=5998 n_gt_npc=2 n_obs=1 pc_dt_ms=99.9
# 帧号=21 | 仿真时间=1783477432.321s | GT帧=42 | 点云=5998点 | 帧间隔=99.9ms | CARLA NPC=2个 | 感知障碍物=1个
# 注：感知回调触发写入，点云和GT可能滞后0~2帧（取最新值）
# 注：点云帧间隔应稳定在 100ms（10Hz），如出现 300ms+ 说明有点云丢帧

[GT_EGO] id=197 x=107.000 y=-133.500 z=0.034 yaw=-0.000 vel=0.00
# 自车位姿（Apollo 坐标系）| 位置=(107.00, -133.50, 0.03)m | 朝向=-0.00rad | 速度=0.00m/s
# 注：坐标经 CARLA→Apollo 转换（y取反，yaw取反转弧度）

[GT_NPC] id=208 type=VEHICLE cx=132.943 cy=-133.429 cz=-499.071 half_l=2.302 half_w=0.966 half_h=0.927 yaw=-0.000 vel=0.00 dist=25.94 rel_fwd=25.94 rel_right=0.07
# GT_NPC: id=208 | 类型=VEHICLE | bbox中心=(132.94, -133.43, -499.07) | 尺寸=4.60×1.93×1.85m | 距自车=25.9m | 相对方位 前/右=(+25.9, +0.1)m
# 注：bbox中心是几何中心（t.transform(bbox.location)），不是rear axle在地面的位置
# 注：dist<30m 且 rel_fwd>0（前方）的目标是本次关注重点
[GT_NPC] id=209 type=VEHICLE cx=174.000 cy=-133.447 cz=-499.038 half_l=0.828 half_w=0.291 half_h=0.810 yaw=-1.571 vel=0.00 dist=67.00 rel_fwd=67.00 rel_right=0.05
# GT_NPC: id=209 | 类型=VEHICLE | bbox中心=(174.00, -133.45, -499.04) | 尺寸=1.66×0.58×1.62m | 距自车=67.0m | 相对方位 前/右=(+67.0, +0.1)m
# 注：bbox中心是几何中心（t.transform(bbox.location)），不是rear axle在地面的位置
# 注：dist<30m 且 rel_fwd>0（前方）的目标是本次关注重点

[PC] total=5998 x=[-44.49,49.47] y=[-47.09,47.22] z=[-8.58,1.61] int_mean=242.5 int_med=246.0 ground_pct=86.0
# 原始点云（LiDAR坐标系）| 总点数=5998 | x范围=[-44.49, 49.47]m | y范围=[-47.09, 47.22]m | z范围=[-8.58, 1.61]m | 强度均值=242.5 | 地面点比例=86.0%
# 注：64线激光雷达 ~13000点/帧 为正常，~6500点可能是 rotation_frequency 偏高（20Hz）
# 注：地面点比例 >70% 说明车体上点少，检测会困难

[PC_ON_NPC] 无世界坐标点云（可能ego_pose未就绪）
# 注：世界坐标点云为空（可能是定位位姿还没收到，或点云还没来）

[OBS] id=235 type=PEDESTRIAN(3) sub=0 pos=(102.72,-127.08,0.91) box=(0.01,0.01,0.99) theta=2.890 conf=0.335 tt=16.90 vel=0.00 dist=0.00 pts_in=0 pts_near=0 int_mean=0.0 gt=None(假阳性)
# OBS: id=235 | 类型=PEDESTRIAN | 置信度=0.335 | 位置=(102.72, -127.08, 0.91)m | 尺寸=0.01×0.01×0.99m | 朝向=2.890rad | 跟踪时长=16.90s | 距自车=0.0m | OBS框内点数=0 | gt=None(假阳性)
# 注：未匹配到GT，可能是假阳性或超出GT范围的远距离目标
# 注：⚠️ 置信度 0.335 < 0.5，可能被后处理滤掉

[MISS] npc_id=208 type=VEHICLE dist=25.94 rel_fwd=25.94 rel_right=0.07 pts_on_gt=0 pts_near_gt=0 reason=pts_in_box=0(完全无点云)
# 漏检: GT_NPC_208 | 类型=VEHICLE | 距自车=25.9m | 方位 前/右=(+25.9, +0.1)m | GT框内点数=0 | 根因=pts_in_box=0(完全无点云)
# 诊断：物理层问题：点没打到车上，请检查外参或LiDAR安装
# ⚠️ 重点关注：距自车仅25.9m的目标漏检，点云覆盖=0点

[MISS] npc_id=209 type=VEHICLE dist=67.00 rel_fwd=67.00 rel_right=0.05 pts_on_gt=0 pts_near_gt=0 reason=pts_in_box=0(完全无点云)
# 漏检: GT_NPC_209 | 类型=VEHICLE | 距自车=67.0m | 方位 前/右=(+67.0, +0.1)m | GT框内点数=0 | 根因=pts_in_box=0(完全无点云)
# 诊断：物理层问题：点没打到车上，请检查外参或LiDAR安装

[MATCH] frame=21 total_gt=2 detected=0 missed=2 missed_with_pts=0 missed_no_pts=2 false_positive=1
# 帧匹配汇总 | GT总数=2 | 检测到=0 | 漏检=2 | 误报=1
# 漏检中：有点云=0个 | 无点云=2个
# 注：有点云但漏检 → 模型或参数问题；无点云漏检 → 物理或坐标变换问题
# 距离分桶 | 近(0-15m): 0/0 | 中(15-30m): 0/1 | 远(>30m): 0/1

[FRAME] frame=22 ts=1783477432.427 gt_frame=43 ego_pose=False n_pc_pts=6018 n_gt_npc=2 n_obs=1 pc_dt_ms=101.0
# 帧号=22 | 仿真时间=1783477432.427s | GT帧=43 | 点云=6018点 | 帧间隔=101.0ms | CARLA NPC=2个 | 感知障碍物=1个
# 注：感知回调触发写入，点云和GT可能滞后0~2帧（取最新值）
# 注：点云帧间隔应稳定在 100ms（10Hz），如出现 300ms+ 说明有点云丢帧

[GT_EGO] id=197 x=107.000 y=-133.500 z=0.034 yaw=-0.000 vel=0.00
# 自车位姿（Apollo 坐标系）| 位置=(107.00, -133.50, 0.03)m | 朝向=-0.00rad | 速度=0.00m/s
# 注：坐标经 CARLA→Apollo 转换（y取反，yaw取反转弧度）

[GT_NPC] id=208 type=VEHICLE cx=132.943 cy=-133.429 cz=-499.071 half_l=2.302 half_w=0.966 half_h=0.927 yaw=-0.000 vel=0.00 dist=25.94 rel_fwd=25.94 rel_right=0.07
# GT_NPC: id=208 | 类型=VEHICLE | bbox中心=(132.94, -133.43, -499.07) | 尺寸=4.60×1.93×1.85m | 距自车=25.9m | 相对方位 前/右=(+25.9, +0.1)m
# 注：bbox中心是几何中心（t.transform(bbox.location)），不是rear axle在地面的位置
# 注：dist<30m 且 rel_fwd>0（前方）的目标是本次关注重点
[GT_NPC] id=209 type=VEHICLE cx=174.000 cy=-133.447 cz=-499.038 half_l=0.828 half_w=0.291 half_h=0.810 yaw=-1.571 vel=0.00 dist=67.00 rel_fwd=67.00 rel_right=0.05
# GT_NPC: id=209 | 类型=VEHICLE | bbox中心=(174.00, -133.45, -499.04) | 尺寸=1.66×0.58×1.62m | 距自车=67.0m | 相对方位 前/右=(+67.0, +0.1)m
# 注：bbox中心是几何中心（t.transform(bbox.location)），不是rear axle在地面的位置
# 注：dist<30m 且 rel_fwd>0（前方）的目标是本次关注重点

[PC] total=6018 x=[-44.96,49.47] y=[-47.09,47.22] z=[-8.58,1.54] int_mean=242.6 int_med=246.0 ground_pct=86.5
# 原始点云（LiDAR坐标系）| 总点数=6018 | x范围=[-44.96, 49.47]m | y范围=[-47.09, 47.22]m | z范围=[-8.58, 1.54]m | 强度均值=242.6 | 地面点比例=86.5%
# 注：64线激光雷达 ~13000点/帧 为正常，~6500点可能是 rotation_frequency 偏高（20Hz）
# 注：地面点比例 >70% 说明车体上点少，检测会困难

[PC_ON_NPC] 无世界坐标点云（可能ego_pose未就绪）
# 注：世界坐标点云为空（可能是定位位姿还没收到，或点云还没来）

[OBS] id=235 type=PEDESTRIAN(3) sub=0 pos=(102.72,-127.08,0.73) box=(0.01,0.01,1.29) theta=3.039 conf=0.269 tt=17.00 vel=0.00 dist=0.00 pts_in=0 pts_near=0 int_mean=0.0 gt=None(假阳性)
# OBS: id=235 | 类型=PEDESTRIAN | 置信度=0.269 | 位置=(102.72, -127.08, 0.73)m | 尺寸=0.01×0.01×1.29m | 朝向=3.039rad | 跟踪时长=17.00s | 距自车=0.0m | OBS框内点数=0 | gt=None(假阳性)
# 注：未匹配到GT，可能是假阳性或超出GT范围的远距离目标
# 注：⚠️ 置信度 0.269 < 0.5，可能被后处理滤掉

[MISS] npc_id=208 type=VEHICLE dist=25.94 rel_fwd=25.94 rel_right=0.07 pts_on_gt=0 pts_near_gt=0 reason=pts_in_box=0(完全无点云)
# 漏检: GT_NPC_208 | 类型=VEHICLE | 距自车=25.9m | 方位 前/右=(+25.9, +0.1)m | GT框内点数=0 | 根因=pts_in_box=0(完全无点云)
# 诊断：物理层问题：点没打到车上，请检查外参或LiDAR安装
# ⚠️ 重点关注：距自车仅25.9m的目标漏检，点云覆盖=0点

[MISS] npc_id=209 type=VEHICLE dist=67.00 rel_fwd=67.00 rel_right=0.05 pts_on_gt=0 pts_near_gt=0 reason=pts_in_box=0(完全无点云)
# 漏检: GT_NPC_209 | 类型=VEHICLE | 距自车=67.0m | 方位 前/右=(+67.0, +0.1)m | GT框内点数=0 | 根因=pts_in_box=0(完全无点云)
# 诊断：物理层问题：点没打到车上，请检查外参或LiDAR安装

[MATCH] frame=22 total_gt=2 detected=0 missed=2 missed_with_pts=0 missed_no_pts=2 false_positive=1
# 帧匹配汇总 | GT总数=2 | 检测到=0 | 漏检=2 | 误报=1
# 漏检中：有点云=0个 | 无点云=2个
# 注：有点云但漏检 → 模型或参数问题；无点云漏检 → 物理或坐标变换问题
# 距离分桶 | 近(0-15m): 0/0 | 中(15-30m): 0/1 | 远(>30m): 0/1

[FRAME] frame=23 ts=1783477432.515 gt_frame=44 ego_pose=False n_pc_pts=6073 n_gt_npc=2 n_obs=2 pc_dt_ms=99.2
# 帧号=23 | 仿真时间=1783477432.515s | GT帧=44 | 点云=6073点 | 帧间隔=99.2ms | CARLA NPC=2个 | 感知障碍物=2个
# 注：感知回调触发写入，点云和GT可能滞后0~2帧（取最新值）
# 注：点云帧间隔应稳定在 100ms（10Hz），如出现 300ms+ 说明有点云丢帧

[GT_EGO] id=197 x=107.000 y=-133.500 z=0.034 yaw=-0.000 vel=0.00
# 自车位姿（Apollo 坐标系）| 位置=(107.00, -133.50, 0.03)m | 朝向=-0.00rad | 速度=0.00m/s
# 注：坐标经 CARLA→Apollo 转换（y取反，yaw取反转弧度）

[GT_NPC] id=208 type=VEHICLE cx=132.943 cy=-133.429 cz=-499.071 half_l=2.302 half_w=0.966 half_h=0.927 yaw=-0.000 vel=0.00 dist=25.94 rel_fwd=25.94 rel_right=0.07
# GT_NPC: id=208 | 类型=VEHICLE | bbox中心=(132.94, -133.43, -499.07) | 尺寸=4.60×1.93×1.85m | 距自车=25.9m | 相对方位 前/右=(+25.9, +0.1)m
# 注：bbox中心是几何中心（t.transform(bbox.location)），不是rear axle在地面的位置
# 注：dist<30m 且 rel_fwd>0（前方）的目标是本次关注重点
[GT_NPC] id=209 type=VEHICLE cx=174.000 cy=-133.447 cz=-499.038 half_l=0.828 half_w=0.291 half_h=0.810 yaw=-1.571 vel=0.00 dist=67.00 rel_fwd=67.00 rel_right=0.05
# GT_NPC: id=209 | 类型=VEHICLE | bbox中心=(174.00, -133.45, -499.04) | 尺寸=1.66×0.58×1.62m | 距自车=67.0m | 相对方位 前/右=(+67.0, +0.1)m
# 注：bbox中心是几何中心（t.transform(bbox.location)），不是rear axle在地面的位置
# 注：dist<30m 且 rel_fwd>0（前方）的目标是本次关注重点

[PC] total=6073 x=[-45.17,49.47] y=[-46.48,47.22] z=[-8.58,1.59] int_mean=242.6 int_med=246.0 ground_pct=85.2
# 原始点云（LiDAR坐标系）| 总点数=6073 | x范围=[-45.17, 49.47]m | y范围=[-46.48, 47.22]m | z范围=[-8.58, 1.59]m | 强度均值=242.6 | 地面点比例=85.2%
# 注：64线激光雷达 ~13000点/帧 为正常，~6500点可能是 rotation_frequency 偏高（20Hz）
# 注：地面点比例 >70% 说明车体上点少，检测会困难

[PC_ON_NPC] 无世界坐标点云（可能ego_pose未就绪）
# 注：世界坐标点云为空（可能是定位位姿还没收到，或点云还没来）

[OBS] id=235 type=PEDESTRIAN(3) sub=0 pos=(102.72,-127.08,0.79) box=(0.01,0.01,1.17) theta=3.008 conf=0.320 tt=17.10 vel=0.00 dist=0.00 pts_in=0 pts_near=0 int_mean=0.0 gt=None(假阳性)
# OBS: id=235 | 类型=PEDESTRIAN | 置信度=0.320 | 位置=(102.72, -127.08, 0.79)m | 尺寸=0.01×0.01×1.17m | 朝向=3.008rad | 跟踪时长=17.10s | 距自车=0.0m | OBS框内点数=0 | gt=None(假阳性)
# 注：未匹配到GT，可能是假阳性或超出GT范围的远距离目标
# 注：⚠️ 置信度 0.320 < 0.5，可能被后处理滤掉

[OBS] id=249 type=UNKNOWN(0) sub=0 pos=(118.53,-127.39,0.26) box=(0.09,0.03,0.77) theta=0.854 conf=0.576 tt=0.30 vel=0.00 dist=0.00 pts_in=0 pts_near=0 int_mean=0.0 gt=None(假阳性)
# OBS: id=249 | 类型=UNKNOWN | 置信度=0.576 | 位置=(118.53, -127.39, 0.26)m | 尺寸=0.09×0.03×0.77m | 朝向=0.854rad | 跟踪时长=0.30s | 距自车=0.0m | OBS框内点数=0 | gt=None(假阳性)
# 注：未匹配到GT，可能是假阳性或超出GT范围的远距离目标
# 注：⚠️ 跟踪时长 0.30s < 1s，刚出现的不稳定目标

[MISS] npc_id=208 type=VEHICLE dist=25.94 rel_fwd=25.94 rel_right=0.07 pts_on_gt=0 pts_near_gt=0 reason=pts_in_box=0(完全无点云)
# 漏检: GT_NPC_208 | 类型=VEHICLE | 距自车=25.9m | 方位 前/右=(+25.9, +0.1)m | GT框内点数=0 | 根因=pts_in_box=0(完全无点云)
# 诊断：物理层问题：点没打到车上，请检查外参或LiDAR安装
# ⚠️ 重点关注：距自车仅25.9m的目标漏检，点云覆盖=0点

[MISS] npc_id=209 type=VEHICLE dist=67.00 rel_fwd=67.00 rel_right=0.05 pts_on_gt=0 pts_near_gt=0 reason=pts_in_box=0(完全无点云)
# 漏检: GT_NPC_209 | 类型=VEHICLE | 距自车=67.0m | 方位 前/右=(+67.0, +0.1)m | GT框内点数=0 | 根因=pts_in_box=0(完全无点云)
# 诊断：物理层问题：点没打到车上，请检查外参或LiDAR安装

[MATCH] frame=23 total_gt=2 detected=0 missed=2 missed_with_pts=0 missed_no_pts=2 false_positive=2
# 帧匹配汇总 | GT总数=2 | 检测到=0 | 漏检=2 | 误报=2
# 漏检中：有点云=0个 | 无点云=2个
# 注：有点云但漏检 → 模型或参数问题；无点云漏检 → 物理或坐标变换问题
# 距离分桶 | 近(0-15m): 0/0 | 中(15-30m): 0/1 | 远(>30m): 0/1

[FRAME] frame=24 ts=1783477432.616 gt_frame=45 ego_pose=False n_pc_pts=5984 n_gt_npc=2 n_obs=2 pc_dt_ms=100.2
# 帧号=24 | 仿真时间=1783477432.616s | GT帧=45 | 点云=5984点 | 帧间隔=100.2ms | CARLA NPC=2个 | 感知障碍物=2个
# 注：感知回调触发写入，点云和GT可能滞后0~2帧（取最新值）
# 注：点云帧间隔应稳定在 100ms（10Hz），如出现 300ms+ 说明有点云丢帧

[GT_EGO] id=197 x=107.000 y=-133.500 z=0.034 yaw=-0.000 vel=0.00
# 自车位姿（Apollo 坐标系）| 位置=(107.00, -133.50, 0.03)m | 朝向=-0.00rad | 速度=0.00m/s
# 注：坐标经 CARLA→Apollo 转换（y取反，yaw取反转弧度）

[GT_NPC] id=208 type=VEHICLE cx=132.943 cy=-133.429 cz=-499.071 half_l=2.302 half_w=0.966 half_h=0.927 yaw=-0.000 vel=0.00 dist=25.94 rel_fwd=25.94 rel_right=0.07
# GT_NPC: id=208 | 类型=VEHICLE | bbox中心=(132.94, -133.43, -499.07) | 尺寸=4.60×1.93×1.85m | 距自车=25.9m | 相对方位 前/右=(+25.9, +0.1)m
# 注：bbox中心是几何中心（t.transform(bbox.location)），不是rear axle在地面的位置
# 注：dist<30m 且 rel_fwd>0（前方）的目标是本次关注重点
[GT_NPC] id=209 type=VEHICLE cx=174.000 cy=-133.447 cz=-499.038 half_l=0.828 half_w=0.291 half_h=0.810 yaw=-1.571 vel=0.00 dist=67.00 rel_fwd=67.00 rel_right=0.05
# GT_NPC: id=209 | 类型=VEHICLE | bbox中心=(174.00, -133.45, -499.04) | 尺寸=1.66×0.58×1.62m | 距自车=67.0m | 相对方位 前/右=(+67.0, +0.1)m
# 注：bbox中心是几何中心（t.transform(bbox.location)），不是rear axle在地面的位置
# 注：dist<30m 且 rel_fwd>0（前方）的目标是本次关注重点

[PC] total=5984 x=[-44.96,49.47] y=[-47.09,47.22] z=[-8.58,1.59] int_mean=242.6 int_med=246.0 ground_pct=86.0
# 原始点云（LiDAR坐标系）| 总点数=5984 | x范围=[-44.96, 49.47]m | y范围=[-47.09, 47.22]m | z范围=[-8.58, 1.59]m | 强度均值=242.6 | 地面点比例=86.0%
# 注：64线激光雷达 ~13000点/帧 为正常，~6500点可能是 rotation_frequency 偏高（20Hz）
# 注：地面点比例 >70% 说明车体上点少，检测会困难

[PC_ON_NPC] 无世界坐标点云（可能ego_pose未就绪）
# 注：世界坐标点云为空（可能是定位位姿还没收到，或点云还没来）

[OBS] id=235 type=PEDESTRIAN(3) sub=0 pos=(102.72,-127.08,0.91) box=(0.01,0.01,0.99) theta=2.940 conf=0.353 tt=17.20 vel=0.00 dist=0.00 pts_in=0 pts_near=0 int_mean=0.0 gt=None(假阳性)
# OBS: id=235 | 类型=PEDESTRIAN | 置信度=0.353 | 位置=(102.72, -127.08, 0.91)m | 尺寸=0.01×0.01×0.99m | 朝向=2.940rad | 跟踪时长=17.20s | 距自车=0.0m | OBS框内点数=0 | gt=None(假阳性)
# 注：未匹配到GT，可能是假阳性或超出GT范围的远距离目标
# 注：⚠️ 置信度 0.353 < 0.5，可能被后处理滤掉

[OBS] id=249 type=UNKNOWN(0) sub=0 pos=(118.51,-127.40,0.66) box=(0.12,0.07,0.38) theta=1.017 conf=0.552 tt=0.40 vel=0.00 dist=0.00 pts_in=0 pts_near=0 int_mean=0.0 gt=None(假阳性)
# OBS: id=249 | 类型=UNKNOWN | 置信度=0.552 | 位置=(118.51, -127.40, 0.66)m | 尺寸=0.12×0.07×0.38m | 朝向=1.017rad | 跟踪时长=0.40s | 距自车=0.0m | OBS框内点数=0 | gt=None(假阳性)
# 注：未匹配到GT，可能是假阳性或超出GT范围的远距离目标
# 注：⚠️ 跟踪时长 0.40s < 1s，刚出现的不稳定目标

[MISS] npc_id=208 type=VEHICLE dist=25.94 rel_fwd=25.94 rel_right=0.07 pts_on_gt=0 pts_near_gt=0 reason=pts_in_box=0(完全无点云)
# 漏检: GT_NPC_208 | 类型=VEHICLE | 距自车=25.9m | 方位 前/右=(+25.9, +0.1)m | GT框内点数=0 | 根因=pts_in_box=0(完全无点云)
# 诊断：物理层问题：点没打到车上，请检查外参或LiDAR安装
# ⚠️ 重点关注：距自车仅25.9m的目标漏检，点云覆盖=0点

[MISS] npc_id=209 type=VEHICLE dist=67.00 rel_fwd=67.00 rel_right=0.05 pts_on_gt=0 pts_near_gt=0 reason=pts_in_box=0(完全无点云)
# 漏检: GT_NPC_209 | 类型=VEHICLE | 距自车=67.0m | 方位 前/右=(+67.0, +0.1)m | GT框内点数=0 | 根因=pts_in_box=0(完全无点云)
# 诊断：物理层问题：点没打到车上，请检查外参或LiDAR安装

[MATCH] frame=24 total_gt=2 detected=0 missed=2 missed_with_pts=0 missed_no_pts=2 false_positive=2
# 帧匹配汇总 | GT总数=2 | 检测到=0 | 漏检=2 | 误报=2
# 漏检中：有点云=0个 | 无点云=2个
# 注：有点云但漏检 → 模型或参数问题；无点云漏检 → 物理或坐标变换问题
# 距离分桶 | 近(0-15m): 0/0 | 中(15-30m): 0/1 | 远(>30m): 0/1

[FRAME] frame=25 ts=1783477432.714 gt_frame=46 ego_pose=False n_pc_pts=6033 n_gt_npc=2 n_obs=2 pc_dt_ms=99.9
# 帧号=25 | 仿真时间=1783477432.714s | GT帧=46 | 点云=6033点 | 帧间隔=99.9ms | CARLA NPC=2个 | 感知障碍物=2个
# 注：感知回调触发写入，点云和GT可能滞后0~2帧（取最新值）
# 注：点云帧间隔应稳定在 100ms（10Hz），如出现 300ms+ 说明有点云丢帧

[GT_EGO] id=197 x=107.000 y=-133.500 z=0.034 yaw=-0.000 vel=0.00
# 自车位姿（Apollo 坐标系）| 位置=(107.00, -133.50, 0.03)m | 朝向=-0.00rad | 速度=0.00m/s
# 注：坐标经 CARLA→Apollo 转换（y取反，yaw取反转弧度）

[GT_NPC] id=208 type=VEHICLE cx=132.943 cy=-133.429 cz=-499.071 half_l=2.302 half_w=0.966 half_h=0.927 yaw=-0.000 vel=0.00 dist=25.94 rel_fwd=25.94 rel_right=0.07
# GT_NPC: id=208 | 类型=VEHICLE | bbox中心=(132.94, -133.43, -499.07) | 尺寸=4.60×1.93×1.85m | 距自车=25.9m | 相对方位 前/右=(+25.9, +0.1)m
# 注：bbox中心是几何中心（t.transform(bbox.location)），不是rear axle在地面的位置
# 注：dist<30m 且 rel_fwd>0（前方）的目标是本次关注重点
[GT_NPC] id=209 type=VEHICLE cx=174.000 cy=-133.447 cz=-499.038 half_l=0.828 half_w=0.291 half_h=0.810 yaw=-1.571 vel=0.00 dist=67.00 rel_fwd=67.00 rel_right=0.05
# GT_NPC: id=209 | 类型=VEHICLE | bbox中心=(174.00, -133.45, -499.04) | 尺寸=1.66×0.58×1.62m | 距自车=67.0m | 相对方位 前/右=(+67.0, +0.1)m
# 注：bbox中心是几何中心（t.transform(bbox.location)），不是rear axle在地面的位置
# 注：dist<30m 且 rel_fwd>0（前方）的目标是本次关注重点

[PC] total=6033 x=[-43.98,49.47] y=[-47.09,47.22] z=[-8.58,1.68] int_mean=242.4 int_med=246.0 ground_pct=85.4
# 原始点云（LiDAR坐标系）| 总点数=6033 | x范围=[-43.98, 49.47]m | y范围=[-47.09, 47.22]m | z范围=[-8.58, 1.68]m | 强度均值=242.4 | 地面点比例=85.4%
# 注：64线激光雷达 ~13000点/帧 为正常，~6500点可能是 rotation_frequency 偏高（20Hz）
# 注：地面点比例 >70% 说明车体上点少，检测会困难

[PC_ON_NPC] 无世界坐标点云（可能ego_pose未就绪）
# 注：世界坐标点云为空（可能是定位位姿还没收到，或点云还没来）

[OBS] id=235 type=PEDESTRIAN(3) sub=0 pos=(102.72,-127.08,1.26) box=(0.01,0.01,0.75) theta=2.896 conf=0.337 tt=17.30 vel=0.00 dist=0.00 pts_in=0 pts_near=0 int_mean=0.0 gt=None(假阳性)
# OBS: id=235 | 类型=PEDESTRIAN | 置信度=0.337 | 位置=(102.72, -127.08, 1.26)m | 尺寸=0.01×0.01×0.75m | 朝向=2.896rad | 跟踪时长=17.30s | 距自车=0.0m | OBS框内点数=0 | gt=None(假阳性)
# 注：未匹配到GT，可能是假阳性或超出GT范围的远距离目标
# 注：⚠️ 置信度 0.337 < 0.5，可能被后处理滤掉

[OBS] id=249 type=UNKNOWN(0) sub=0 pos=(118.51,-127.40,0.66) box=(0.11,0.08,0.38) theta=1.080 conf=0.556 tt=0.50 vel=0.00 dist=0.00 pts_in=0 pts_near=0 int_mean=0.0 gt=None(假阳性)
# OBS: id=249 | 类型=UNKNOWN | 置信度=0.556 | 位置=(118.51, -127.40, 0.66)m | 尺寸=0.11×0.08×0.38m | 朝向=1.080rad | 跟踪时长=0.50s | 距自车=0.0m | OBS框内点数=0 | gt=None(假阳性)
# 注：未匹配到GT，可能是假阳性或超出GT范围的远距离目标
# 注：⚠️ 跟踪时长 0.50s < 1s，刚出现的不稳定目标

[MISS] npc_id=208 type=VEHICLE dist=25.94 rel_fwd=25.94 rel_right=0.07 pts_on_gt=0 pts_near_gt=0 reason=pts_in_box=0(完全无点云)
# 漏检: GT_NPC_208 | 类型=VEHICLE | 距自车=25.9m | 方位 前/右=(+25.9, +0.1)m | GT框内点数=0 | 根因=pts_in_box=0(完全无点云)
# 诊断：物理层问题：点没打到车上，请检查外参或LiDAR安装
# ⚠️ 重点关注：距自车仅25.9m的目标漏检，点云覆盖=0点

[MISS] npc_id=209 type=VEHICLE dist=67.00 rel_fwd=67.00 rel_right=0.05 pts_on_gt=0 pts_near_gt=0 reason=pts_in_box=0(完全无点云)
# 漏检: GT_NPC_209 | 类型=VEHICLE | 距自车=67.0m | 方位 前/右=(+67.0, +0.1)m | GT框内点数=0 | 根因=pts_in_box=0(完全无点云)
# 诊断：物理层问题：点没打到车上，请检查外参或LiDAR安装

[MATCH] frame=25 total_gt=2 detected=0 missed=2 missed_with_pts=0 missed_no_pts=2 false_positive=2
# 帧匹配汇总 | GT总数=2 | 检测到=0 | 漏检=2 | 误报=2
# 漏检中：有点云=0个 | 无点云=2个
# 注：有点云但漏检 → 模型或参数问题；无点云漏检 → 物理或坐标变换问题
# 距离分桶 | 近(0-15m): 0/0 | 中(15-30m): 0/1 | 远(>30m): 0/1

[FRAME] frame=26 ts=1783477432.814 gt_frame=47 ego_pose=False n_pc_pts=6009 n_gt_npc=2 n_obs=1 pc_dt_ms=99.9
# 帧号=26 | 仿真时间=1783477432.814s | GT帧=47 | 点云=6009点 | 帧间隔=99.9ms | CARLA NPC=2个 | 感知障碍物=1个
# 注：感知回调触发写入，点云和GT可能滞后0~2帧（取最新值）
# 注：点云帧间隔应稳定在 100ms（10Hz），如出现 300ms+ 说明有点云丢帧

[GT_EGO] id=197 x=107.000 y=-133.500 z=0.034 yaw=-0.000 vel=0.00
# 自车位姿（Apollo 坐标系）| 位置=(107.00, -133.50, 0.03)m | 朝向=-0.00rad | 速度=0.00m/s
# 注：坐标经 CARLA→Apollo 转换（y取反，yaw取反转弧度）

[GT_NPC] id=208 type=VEHICLE cx=132.943 cy=-133.429 cz=-499.071 half_l=2.302 half_w=0.966 half_h=0.927 yaw=-0.000 vel=0.00 dist=25.94 rel_fwd=25.94 rel_right=0.07
# GT_NPC: id=208 | 类型=VEHICLE | bbox中心=(132.94, -133.43, -499.07) | 尺寸=4.60×1.93×1.85m | 距自车=25.9m | 相对方位 前/右=(+25.9, +0.1)m
# 注：bbox中心是几何中心（t.transform(bbox.location)），不是rear axle在地面的位置
# 注：dist<30m 且 rel_fwd>0（前方）的目标是本次关注重点
[GT_NPC] id=209 type=VEHICLE cx=174.000 cy=-133.447 cz=-499.038 half_l=0.828 half_w=0.291 half_h=0.810 yaw=-1.571 vel=0.00 dist=67.00 rel_fwd=67.00 rel_right=0.05
# GT_NPC: id=209 | 类型=VEHICLE | bbox中心=(174.00, -133.45, -499.04) | 尺寸=1.66×0.58×1.62m | 距自车=67.0m | 相对方位 前/右=(+67.0, +0.1)m
# 注：bbox中心是几何中心（t.transform(bbox.location)），不是rear axle在地面的位置
# 注：dist<30m 且 rel_fwd>0（前方）的目标是本次关注重点

[PC] total=6009 x=[-45.17,49.47] y=[-45.91,47.20] z=[-8.58,1.61] int_mean=242.4 int_med=246.0 ground_pct=85.7
# 原始点云（LiDAR坐标系）| 总点数=6009 | x范围=[-45.17, 49.47]m | y范围=[-45.91, 47.20]m | z范围=[-8.58, 1.61]m | 强度均值=242.4 | 地面点比例=85.7%
# 注：64线激光雷达 ~13000点/帧 为正常，~6500点可能是 rotation_frequency 偏高（20Hz）
# 注：地面点比例 >70% 说明车体上点少，检测会困难

[PC_ON_NPC] 无世界坐标点云（可能ego_pose未就绪）
# 注：世界坐标点云为空（可能是定位位姿还没收到，或点云还没来）

[OBS] id=235 type=PEDESTRIAN(3) sub=0 pos=(102.72,-127.08,0.97) box=(0.01,0.01,1.11) theta=2.841 conf=0.374 tt=17.40 vel=0.00 dist=0.00 pts_in=0 pts_near=0 int_mean=0.0 gt=None(假阳性)
# OBS: id=235 | 类型=PEDESTRIAN | 置信度=0.374 | 位置=(102.72, -127.08, 0.97)m | 尺寸=0.01×0.01×1.11m | 朝向=2.841rad | 跟踪时长=17.40s | 距自车=0.0m | OBS框内点数=0 | gt=None(假阳性)
# 注：未匹配到GT，可能是假阳性或超出GT范围的远距离目标
# 注：⚠️ 置信度 0.374 < 0.5，可能被后处理滤掉

[MISS] npc_id=208 type=VEHICLE dist=25.94 rel_fwd=25.94 rel_right=0.07 pts_on_gt=0 pts_near_gt=0 reason=pts_in_box=0(完全无点云)
# 漏检: GT_NPC_208 | 类型=VEHICLE | 距自车=25.9m | 方位 前/右=(+25.9, +0.1)m | GT框内点数=0 | 根因=pts_in_box=0(完全无点云)
# 诊断：物理层问题：点没打到车上，请检查外参或LiDAR安装
# ⚠️ 重点关注：距自车仅25.9m的目标漏检，点云覆盖=0点

[MISS] npc_id=209 type=VEHICLE dist=67.00 rel_fwd=67.00 rel_right=0.05 pts_on_gt=0 pts_near_gt=0 reason=pts_in_box=0(完全无点云)
# 漏检: GT_NPC_209 | 类型=VEHICLE | 距自车=67.0m | 方位 前/右=(+67.0, +0.1)m | GT框内点数=0 | 根因=pts_in_box=0(完全无点云)
# 诊断：物理层问题：点没打到车上，请检查外参或LiDAR安装

[MATCH] frame=26 total_gt=2 detected=0 missed=2 missed_with_pts=0 missed_no_pts=2 false_positive=1
# 帧匹配汇总 | GT总数=2 | 检测到=0 | 漏检=2 | 误报=1
# 漏检中：有点云=0个 | 无点云=2个
# 注：有点云但漏检 → 模型或参数问题；无点云漏检 → 物理或坐标变换问题
# 距离分桶 | 近(0-15m): 0/0 | 中(15-30m): 0/1 | 远(>30m): 0/1

[FRAME] frame=27 ts=1783477432.919 gt_frame=48 ego_pose=False n_pc_pts=5965 n_gt_npc=2 n_obs=1 pc_dt_ms=100.0
# 帧号=27 | 仿真时间=1783477432.919s | GT帧=48 | 点云=5965点 | 帧间隔=100.0ms | CARLA NPC=2个 | 感知障碍物=1个
# 注：感知回调触发写入，点云和GT可能滞后0~2帧（取最新值）
# 注：点云帧间隔应稳定在 100ms（10Hz），如出现 300ms+ 说明有点云丢帧

[GT_EGO] id=197 x=107.000 y=-133.500 z=0.034 yaw=-0.000 vel=0.00
# 自车位姿（Apollo 坐标系）| 位置=(107.00, -133.50, 0.03)m | 朝向=-0.00rad | 速度=0.00m/s
# 注：坐标经 CARLA→Apollo 转换（y取反，yaw取反转弧度）

[GT_NPC] id=208 type=VEHICLE cx=132.943 cy=-133.429 cz=-499.071 half_l=2.302 half_w=0.966 half_h=0.927 yaw=-0.000 vel=0.00 dist=25.94 rel_fwd=25.94 rel_right=0.07
# GT_NPC: id=208 | 类型=VEHICLE | bbox中心=(132.94, -133.43, -499.07) | 尺寸=4.60×1.93×1.85m | 距自车=25.9m | 相对方位 前/右=(+25.9, +0.1)m
# 注：bbox中心是几何中心（t.transform(bbox.location)），不是rear axle在地面的位置
# 注：dist<30m 且 rel_fwd>0（前方）的目标是本次关注重点
[GT_NPC] id=209 type=VEHICLE cx=174.000 cy=-133.447 cz=-499.038 half_l=0.828 half_w=0.291 half_h=0.810 yaw=-1.571 vel=0.00 dist=67.00 rel_fwd=67.00 rel_right=0.05
# GT_NPC: id=209 | 类型=VEHICLE | bbox中心=(174.00, -133.45, -499.04) | 尺寸=1.66×0.58×1.62m | 距自车=67.0m | 相对方位 前/右=(+67.0, +0.1)m
# 注：bbox中心是几何中心（t.transform(bbox.location)），不是rear axle在地面的位置
# 注：dist<30m 且 rel_fwd>0（前方）的目标是本次关注重点

[PC] total=5965 x=[-45.17,49.47] y=[-46.48,47.19] z=[-8.58,1.61] int_mean=242.6 int_med=246.0 ground_pct=86.4
# 原始点云（LiDAR坐标系）| 总点数=5965 | x范围=[-45.17, 49.47]m | y范围=[-46.48, 47.19]m | z范围=[-8.58, 1.61]m | 强度均值=242.6 | 地面点比例=86.4%
# 注：64线激光雷达 ~13000点/帧 为正常，~6500点可能是 rotation_frequency 偏高（20Hz）
# 注：地面点比例 >70% 说明车体上点少，检测会困难

[PC_ON_NPC] 无世界坐标点云（可能ego_pose未就绪）
# 注：世界坐标点云为空（可能是定位位姿还没收到，或点云还没来）

[OBS] id=235 type=PEDESTRIAN(3) sub=0 pos=(102.72,-127.08,0.91) box=(0.01,0.01,1.11) theta=2.784 conf=0.344 tt=17.50 vel=0.00 dist=0.00 pts_in=0 pts_near=0 int_mean=0.0 gt=None(假阳性)
# OBS: id=235 | 类型=PEDESTRIAN | 置信度=0.344 | 位置=(102.72, -127.08, 0.91)m | 尺寸=0.01×0.01×1.11m | 朝向=2.784rad | 跟踪时长=17.50s | 距自车=0.0m | OBS框内点数=0 | gt=None(假阳性)
# 注：未匹配到GT，可能是假阳性或超出GT范围的远距离目标
# 注：⚠️ 置信度 0.344 < 0.5，可能被后处理滤掉

[MISS] npc_id=208 type=VEHICLE dist=25.94 rel_fwd=25.94 rel_right=0.07 pts_on_gt=0 pts_near_gt=0 reason=pts_in_box=0(完全无点云)
# 漏检: GT_NPC_208 | 类型=VEHICLE | 距自车=25.9m | 方位 前/右=(+25.9, +0.1)m | GT框内点数=0 | 根因=pts_in_box=0(完全无点云)
# 诊断：物理层问题：点没打到车上，请检查外参或LiDAR安装
# ⚠️ 重点关注：距自车仅25.9m的目标漏检，点云覆盖=0点

[MISS] npc_id=209 type=VEHICLE dist=67.00 rel_fwd=67.00 rel_right=0.05 pts_on_gt=0 pts_near_gt=0 reason=pts_in_box=0(完全无点云)
# 漏检: GT_NPC_209 | 类型=VEHICLE | 距自车=67.0m | 方位 前/右=(+67.0, +0.1)m | GT框内点数=0 | 根因=pts_in_box=0(完全无点云)
# 诊断：物理层问题：点没打到车上，请检查外参或LiDAR安装

[MATCH] frame=27 total_gt=2 detected=0 missed=2 missed_with_pts=0 missed_no_pts=2 false_positive=1
# 帧匹配汇总 | GT总数=2 | 检测到=0 | 漏检=2 | 误报=1
# 漏检中：有点云=0个 | 无点云=2个
# 注：有点云但漏检 → 模型或参数问题；无点云漏检 → 物理或坐标变换问题
# 距离分桶 | 近(0-15m): 0/0 | 中(15-30m): 0/1 | 远(>30m): 0/1

[FRAME] frame=28 ts=1783477433.017 gt_frame=49 ego_pose=False n_pc_pts=6089 n_gt_npc=2 n_obs=2 pc_dt_ms=100.0
# 帧号=28 | 仿真时间=1783477433.017s | GT帧=49 | 点云=6089点 | 帧间隔=100.0ms | CARLA NPC=2个 | 感知障碍物=2个
# 注：感知回调触发写入，点云和GT可能滞后0~2帧（取最新值）
# 注：点云帧间隔应稳定在 100ms（10Hz），如出现 300ms+ 说明有点云丢帧

[GT_EGO] id=197 x=107.000 y=-133.500 z=0.034 yaw=-0.000 vel=0.00
# 自车位姿（Apollo 坐标系）| 位置=(107.00, -133.50, 0.03)m | 朝向=-0.00rad | 速度=0.00m/s
# 注：坐标经 CARLA→Apollo 转换（y取反，yaw取反转弧度）

[GT_NPC] id=208 type=VEHICLE cx=132.943 cy=-133.429 cz=-499.071 half_l=2.302 half_w=0.966 half_h=0.927 yaw=-0.000 vel=0.00 dist=25.94 rel_fwd=25.94 rel_right=0.07
# GT_NPC: id=208 | 类型=VEHICLE | bbox中心=(132.94, -133.43, -499.07) | 尺寸=4.60×1.93×1.85m | 距自车=25.9m | 相对方位 前/右=(+25.9, +0.1)m
# 注：bbox中心是几何中心（t.transform(bbox.location)），不是rear axle在地面的位置
# 注：dist<30m 且 rel_fwd>0（前方）的目标是本次关注重点
[GT_NPC] id=209 type=VEHICLE cx=174.000 cy=-133.447 cz=-499.038 half_l=0.828 half_w=0.291 half_h=0.810 yaw=-1.571 vel=0.00 dist=67.00 rel_fwd=67.00 rel_right=0.05
# GT_NPC: id=209 | 类型=VEHICLE | bbox中心=(174.00, -133.45, -499.04) | 尺寸=1.66×0.58×1.62m | 距自车=67.0m | 相对方位 前/右=(+67.0, +0.1)m
# 注：bbox中心是几何中心（t.transform(bbox.location)），不是rear axle在地面的位置
# 注：dist<30m 且 rel_fwd>0（前方）的目标是本次关注重点

[PC] total=6089 x=[-44.96,49.47] y=[-45.91,47.20] z=[-8.58,1.68] int_mean=242.6 int_med=246.0 ground_pct=86.1
# 原始点云（LiDAR坐标系）| 总点数=6089 | x范围=[-44.96, 49.47]m | y范围=[-45.91, 47.20]m | z范围=[-8.58, 1.68]m | 强度均值=242.6 | 地面点比例=86.1%
# 注：64线激光雷达 ~13000点/帧 为正常，~6500点可能是 rotation_frequency 偏高（20Hz）
# 注：地面点比例 >70% 说明车体上点少，检测会困难

[PC_ON_NPC] 无世界坐标点云（可能ego_pose未就绪）
# 注：世界坐标点云为空（可能是定位位姿还没收到，或点云还没来）

[OBS] id=235 type=PEDESTRIAN(3) sub=0 pos=(102.72,-127.08,0.79) box=(0.01,0.01,1.11) theta=2.909 conf=0.256 tt=17.60 vel=0.00 dist=0.00 pts_in=0 pts_near=0 int_mean=0.0 gt=None(假阳性)
# OBS: id=235 | 类型=PEDESTRIAN | 置信度=0.256 | 位置=(102.72, -127.08, 0.79)m | 尺寸=0.01×0.01×1.11m | 朝向=2.909rad | 跟踪时长=17.60s | 距自车=0.0m | OBS框内点数=0 | gt=None(假阳性)
# 注：未匹配到GT，可能是假阳性或超出GT范围的远距离目标
# 注：⚠️ 置信度 0.256 < 0.5，可能被后处理滤掉

[OBS] id=249 type=UNKNOWN(0) sub=0 pos=(118.51,-127.40,0.26) box=(0.11,0.08,0.77) theta=1.101 conf=0.500 tt=0.80 vel=0.00 dist=0.00 pts_in=0 pts_near=0 int_mean=0.0 gt=None(假阳性)
# OBS: id=249 | 类型=UNKNOWN | 置信度=0.500 | 位置=(118.51, -127.40, 0.26)m | 尺寸=0.11×0.08×0.77m | 朝向=1.101rad | 跟踪时长=0.80s | 距自车=0.0m | OBS框内点数=0 | gt=None(假阳性)
# 注：未匹配到GT，可能是假阳性或超出GT范围的远距离目标
# 注：⚠️ 跟踪时长 0.80s < 1s，刚出现的不稳定目标

[MISS] npc_id=208 type=VEHICLE dist=25.94 rel_fwd=25.94 rel_right=0.07 pts_on_gt=0 pts_near_gt=0 reason=pts_in_box=0(完全无点云)
# 漏检: GT_NPC_208 | 类型=VEHICLE | 距自车=25.9m | 方位 前/右=(+25.9, +0.1)m | GT框内点数=0 | 根因=pts_in_box=0(完全无点云)
# 诊断：物理层问题：点没打到车上，请检查外参或LiDAR安装
# ⚠️ 重点关注：距自车仅25.9m的目标漏检，点云覆盖=0点

[MISS] npc_id=209 type=VEHICLE dist=67.00 rel_fwd=67.00 rel_right=0.05 pts_on_gt=0 pts_near_gt=0 reason=pts_in_box=0(完全无点云)
# 漏检: GT_NPC_209 | 类型=VEHICLE | 距自车=67.0m | 方位 前/右=(+67.0, +0.1)m | GT框内点数=0 | 根因=pts_in_box=0(完全无点云)
# 诊断：物理层问题：点没打到车上，请检查外参或LiDAR安装

[MATCH] frame=28 total_gt=2 detected=0 missed=2 missed_with_pts=0 missed_no_pts=2 false_positive=2
# 帧匹配汇总 | GT总数=2 | 检测到=0 | 漏检=2 | 误报=2
# 漏检中：有点云=0个 | 无点云=2个
# 注：有点云但漏检 → 模型或参数问题；无点云漏检 → 物理或坐标变换问题
# 距离分桶 | 近(0-15m): 0/0 | 中(15-30m): 0/1 | 远(>30m): 0/1

[FRAME] frame=29 ts=1783477433.113 gt_frame=50 ego_pose=False n_pc_pts=5999 n_gt_npc=2 n_obs=1 pc_dt_ms=100.0
# 帧号=29 | 仿真时间=1783477433.113s | GT帧=50 | 点云=5999点 | 帧间隔=100.0ms | CARLA NPC=2个 | 感知障碍物=1个
# 注：感知回调触发写入，点云和GT可能滞后0~2帧（取最新值）
# 注：点云帧间隔应稳定在 100ms（10Hz），如出现 300ms+ 说明有点云丢帧

[GT_EGO] id=197 x=107.000 y=-133.500 z=0.034 yaw=-0.000 vel=0.00
# 自车位姿（Apollo 坐标系）| 位置=(107.00, -133.50, 0.03)m | 朝向=-0.00rad | 速度=0.00m/s
# 注：坐标经 CARLA→Apollo 转换（y取反，yaw取反转弧度）

[GT_NPC] id=208 type=VEHICLE cx=132.943 cy=-133.429 cz=-499.071 half_l=2.302 half_w=0.966 half_h=0.927 yaw=-0.000 vel=0.00 dist=25.94 rel_fwd=25.94 rel_right=0.07
# GT_NPC: id=208 | 类型=VEHICLE | bbox中心=(132.94, -133.43, -499.07) | 尺寸=4.60×1.93×1.85m | 距自车=25.9m | 相对方位 前/右=(+25.9, +0.1)m
# 注：bbox中心是几何中心（t.transform(bbox.location)），不是rear axle在地面的位置
# 注：dist<30m 且 rel_fwd>0（前方）的目标是本次关注重点
[GT_NPC] id=209 type=VEHICLE cx=174.000 cy=-133.447 cz=-499.038 half_l=0.828 half_w=0.291 half_h=0.810 yaw=-1.571 vel=0.00 dist=67.00 rel_fwd=67.00 rel_right=0.05
# GT_NPC: id=209 | 类型=VEHICLE | bbox中心=(174.00, -133.45, -499.04) | 尺寸=1.66×0.58×1.62m | 距自车=67.0m | 相对方位 前/右=(+67.0, +0.1)m
# 注：bbox中心是几何中心（t.transform(bbox.location)），不是rear axle在地面的位置
# 注：dist<30m 且 rel_fwd>0（前方）的目标是本次关注重点

[PC] total=5999 x=[-44.96,49.47] y=[-46.48,47.22] z=[-8.58,1.61] int_mean=242.6 int_med=246.0 ground_pct=85.7
# 原始点云（LiDAR坐标系）| 总点数=5999 | x范围=[-44.96, 49.47]m | y范围=[-46.48, 47.22]m | z范围=[-8.58, 1.61]m | 强度均值=242.6 | 地面点比例=85.7%
# 注：64线激光雷达 ~13000点/帧 为正常，~6500点可能是 rotation_frequency 偏高（20Hz）
# 注：地面点比例 >70% 说明车体上点少，检测会困难

[PC_ON_NPC] 无世界坐标点云（可能ego_pose未就绪）
# 注：世界坐标点云为空（可能是定位位姿还没收到，或点云还没来）

[OBS] id=235 type=PEDESTRIAN(3) sub=0 pos=(102.72,-127.08,0.79) box=(0.01,0.01,1.17) theta=2.953 conf=0.303 tt=17.70 vel=0.00 dist=0.00 pts_in=0 pts_near=0 int_mean=0.0 gt=None(假阳性)
# OBS: id=235 | 类型=PEDESTRIAN | 置信度=0.303 | 位置=(102.72, -127.08, 0.79)m | 尺寸=0.01×0.01×1.17m | 朝向=2.953rad | 跟踪时长=17.70s | 距自车=0.0m | OBS框内点数=0 | gt=None(假阳性)
# 注：未匹配到GT，可能是假阳性或超出GT范围的远距离目标
# 注：⚠️ 置信度 0.303 < 0.5，可能被后处理滤掉

[MISS] npc_id=208 type=VEHICLE dist=25.94 rel_fwd=25.94 rel_right=0.07 pts_on_gt=0 pts_near_gt=0 reason=pts_in_box=0(完全无点云)
# 漏检: GT_NPC_208 | 类型=VEHICLE | 距自车=25.9m | 方位 前/右=(+25.9, +0.1)m | GT框内点数=0 | 根因=pts_in_box=0(完全无点云)
# 诊断：物理层问题：点没打到车上，请检查外参或LiDAR安装
# ⚠️ 重点关注：距自车仅25.9m的目标漏检，点云覆盖=0点

[MISS] npc_id=209 type=VEHICLE dist=67.00 rel_fwd=67.00 rel_right=0.05 pts_on_gt=0 pts_near_gt=0 reason=pts_in_box=0(完全无点云)
# 漏检: GT_NPC_209 | 类型=VEHICLE | 距自车=67.0m | 方位 前/右=(+67.0, +0.1)m | GT框内点数=0 | 根因=pts_in_box=0(完全无点云)
# 诊断：物理层问题：点没打到车上，请检查外参或LiDAR安装

[MATCH] frame=29 total_gt=2 detected=0 missed=2 missed_with_pts=0 missed_no_pts=2 false_positive=1
# 帧匹配汇总 | GT总数=2 | 检测到=0 | 漏检=2 | 误报=1
# 漏检中：有点云=0个 | 无点云=2个
# 注：有点云但漏检 → 模型或参数问题；无点云漏检 → 物理或坐标变换问题
# 距离分桶 | 近(0-15m): 0/0 | 中(15-30m): 0/1 | 远(>30m): 0/1

[FRAME] frame=30 ts=1783477433.231 gt_frame=51 ego_pose=False n_pc_pts=6069 n_gt_npc=2 n_obs=2 pc_dt_ms=99.9
# 帧号=30 | 仿真时间=1783477433.231s | GT帧=51 | 点云=6069点 | 帧间隔=99.9ms | CARLA NPC=2个 | 感知障碍物=2个
# 注：感知回调触发写入，点云和GT可能滞后0~2帧（取最新值）
# 注：点云帧间隔应稳定在 100ms（10Hz），如出现 300ms+ 说明有点云丢帧

[GT_EGO] id=197 x=107.000 y=-133.500 z=0.034 yaw=-0.000 vel=0.00
# 自车位姿（Apollo 坐标系）| 位置=(107.00, -133.50, 0.03)m | 朝向=-0.00rad | 速度=0.00m/s
# 注：坐标经 CARLA→Apollo 转换（y取反，yaw取反转弧度）

[GT_NPC] id=208 type=VEHICLE cx=132.943 cy=-133.429 cz=-499.071 half_l=2.302 half_w=0.966 half_h=0.927 yaw=-0.000 vel=0.00 dist=25.94 rel_fwd=25.94 rel_right=0.07
# GT_NPC: id=208 | 类型=VEHICLE | bbox中心=(132.94, -133.43, -499.07) | 尺寸=4.60×1.93×1.85m | 距自车=25.9m | 相对方位 前/右=(+25.9, +0.1)m
# 注：bbox中心是几何中心（t.transform(bbox.location)），不是rear axle在地面的位置
# 注：dist<30m 且 rel_fwd>0（前方）的目标是本次关注重点
[GT_NPC] id=209 type=VEHICLE cx=174.000 cy=-133.447 cz=-499.038 half_l=0.828 half_w=0.291 half_h=0.810 yaw=-1.571 vel=0.00 dist=67.00 rel_fwd=67.00 rel_right=0.05
# GT_NPC: id=209 | 类型=VEHICLE | bbox中心=(174.00, -133.45, -499.04) | 尺寸=1.66×0.58×1.62m | 距自车=67.0m | 相对方位 前/右=(+67.0, +0.1)m
# 注：bbox中心是几何中心（t.transform(bbox.location)），不是rear axle在地面的位置
# 注：dist<30m 且 rel_fwd>0（前方）的目标是本次关注重点

[PC] total=6069 x=[-45.17,49.33] y=[-47.09,47.20] z=[-8.58,1.68] int_mean=242.5 int_med=246.0 ground_pct=85.6
# 原始点云（LiDAR坐标系）| 总点数=6069 | x范围=[-45.17, 49.33]m | y范围=[-47.09, 47.20]m | z范围=[-8.58, 1.68]m | 强度均值=242.5 | 地面点比例=85.6%
# 注：64线激光雷达 ~13000点/帧 为正常，~6500点可能是 rotation_frequency 偏高（20Hz）
# 注：地面点比例 >70% 说明车体上点少，检测会困难

[PC_ON_NPC] 无世界坐标点云（可能ego_pose未就绪）
# 注：世界坐标点云为空（可能是定位位姿还没收到，或点云还没来）

[OBS] id=235 type=PEDESTRIAN(3) sub=0 pos=(102.72,-127.08,0.91) box=(0.01,0.01,1.05) theta=2.852 conf=0.320 tt=17.80 vel=0.00 dist=0.00 pts_in=0 pts_near=0 int_mean=0.0 gt=None(假阳性)
# OBS: id=235 | 类型=PEDESTRIAN | 置信度=0.320 | 位置=(102.72, -127.08, 0.91)m | 尺寸=0.01×0.01×1.05m | 朝向=2.852rad | 跟踪时长=17.80s | 距自车=0.0m | OBS框内点数=0 | gt=None(假阳性)
# 注：未匹配到GT，可能是假阳性或超出GT范围的远距离目标
# 注：⚠️ 置信度 0.320 < 0.5，可能被后处理滤掉

[OBS] id=249 type=UNKNOWN(0) sub=0 pos=(118.49,-127.41,0.26) box=(0.15,0.11,0.77) theta=1.101 conf=0.568 tt=1.00 vel=0.00 dist=0.00 pts_in=0 pts_near=0 int_mean=0.0 gt=None(假阳性)
# OBS: id=249 | 类型=UNKNOWN | 置信度=0.568 | 位置=(118.49, -127.41, 0.26)m | 尺寸=0.15×0.11×0.77m | 朝向=1.101rad | 跟踪时长=1.00s | 距自车=0.0m | OBS框内点数=0 | gt=None(假阳性)
# 注：未匹配到GT，可能是假阳性或超出GT范围的远距离目标
# 注：⚠️ 跟踪时长 1.00s < 1s，刚出现的不稳定目标

[MISS] npc_id=208 type=VEHICLE dist=25.94 rel_fwd=25.94 rel_right=0.07 pts_on_gt=0 pts_near_gt=0 reason=pts_in_box=0(完全无点云)
# 漏检: GT_NPC_208 | 类型=VEHICLE | 距自车=25.9m | 方位 前/右=(+25.9, +0.1)m | GT框内点数=0 | 根因=pts_in_box=0(完全无点云)
# 诊断：物理层问题：点没打到车上，请检查外参或LiDAR安装
# ⚠️ 重点关注：距自车仅25.9m的目标漏检，点云覆盖=0点

[MISS] npc_id=209 type=VEHICLE dist=67.00 rel_fwd=67.00 rel_right=0.05 pts_on_gt=0 pts_near_gt=0 reason=pts_in_box=0(完全无点云)
# 漏检: GT_NPC_209 | 类型=VEHICLE | 距自车=67.0m | 方位 前/右=(+67.0, +0.1)m | GT框内点数=0 | 根因=pts_in_box=0(完全无点云)
# 诊断：物理层问题：点没打到车上，请检查外参或LiDAR安装

[MATCH] frame=30 total_gt=2 detected=0 missed=2 missed_with_pts=0 missed_no_pts=2 false_positive=2
# 帧匹配汇总 | GT总数=2 | 检测到=0 | 漏检=2 | 误报=2
# 漏检中：有点云=0个 | 无点云=2个
# 注：有点云但漏检 → 模型或参数问题；无点云漏检 → 物理或坐标变换问题
# 距离分桶 | 近(0-15m): 0/0 | 中(15-30m): 0/1 | 远(>30m): 0/1

[FRAME] frame=31 ts=1783477433.313 gt_frame=52 ego_pose=False n_pc_pts=5985 n_gt_npc=2 n_obs=2 pc_dt_ms=100.0
# 帧号=31 | 仿真时间=1783477433.313s | GT帧=52 | 点云=5985点 | 帧间隔=100.0ms | CARLA NPC=2个 | 感知障碍物=2个
# 注：感知回调触发写入，点云和GT可能滞后0~2帧（取最新值）
# 注：点云帧间隔应稳定在 100ms（10Hz），如出现 300ms+ 说明有点云丢帧

[GT_EGO] id=197 x=107.000 y=-133.500 z=0.034 yaw=-0.000 vel=0.00
# 自车位姿（Apollo 坐标系）| 位置=(107.00, -133.50, 0.03)m | 朝向=-0.00rad | 速度=0.00m/s
# 注：坐标经 CARLA→Apollo 转换（y取反，yaw取反转弧度）

[GT_NPC] id=208 type=VEHICLE cx=132.943 cy=-133.429 cz=-499.071 half_l=2.302 half_w=0.966 half_h=0.927 yaw=-0.000 vel=0.00 dist=25.94 rel_fwd=25.94 rel_right=0.07
# GT_NPC: id=208 | 类型=VEHICLE | bbox中心=(132.94, -133.43, -499.07) | 尺寸=4.60×1.93×1.85m | 距自车=25.9m | 相对方位 前/右=(+25.9, +0.1)m
# 注：bbox中心是几何中心（t.transform(bbox.location)），不是rear axle在地面的位置
# 注：dist<30m 且 rel_fwd>0（前方）的目标是本次关注重点
[GT_NPC] id=209 type=VEHICLE cx=174.000 cy=-133.447 cz=-499.038 half_l=0.828 half_w=0.291 half_h=0.810 yaw=-1.571 vel=0.00 dist=67.00 rel_fwd=67.00 rel_right=0.05
# GT_NPC: id=209 | 类型=VEHICLE | bbox中心=(174.00, -133.45, -499.04) | 尺寸=1.66×0.58×1.62m | 距自车=67.0m | 相对方位 前/右=(+67.0, +0.1)m
# 注：bbox中心是几何中心（t.transform(bbox.location)），不是rear axle在地面的位置
# 注：dist<30m 且 rel_fwd>0（前方）的目标是本次关注重点

[PC] total=5985 x=[-45.17,49.35] y=[-46.48,47.22] z=[-8.58,1.61] int_mean=242.6 int_med=246.0 ground_pct=86.5
# 原始点云（LiDAR坐标系）| 总点数=5985 | x范围=[-45.17, 49.35]m | y范围=[-46.48, 47.22]m | z范围=[-8.58, 1.61]m | 强度均值=242.6 | 地面点比例=86.5%
# 注：64线激光雷达 ~13000点/帧 为正常，~6500点可能是 rotation_frequency 偏高（20Hz）
# 注：地面点比例 >70% 说明车体上点少，检测会困难

[PC_ON_NPC] 无世界坐标点云（可能ego_pose未就绪）
# 注：世界坐标点云为空（可能是定位位姿还没收到，或点云还没来）

[OBS] id=235 type=PEDESTRIAN(3) sub=0 pos=(102.72,-127.08,0.97) box=(0.01,0.01,0.99) theta=2.821 conf=0.337 tt=17.90 vel=0.00 dist=0.00 pts_in=0 pts_near=0 int_mean=0.0 gt=None(假阳性)
# OBS: id=235 | 类型=PEDESTRIAN | 置信度=0.337 | 位置=(102.72, -127.08, 0.97)m | 尺寸=0.01×0.01×0.99m | 朝向=2.821rad | 跟踪时长=17.90s | 距自车=0.0m | OBS框内点数=0 | gt=None(假阳性)
# 注：未匹配到GT，可能是假阳性或超出GT范围的远距离目标
# 注：⚠️ 置信度 0.337 < 0.5，可能被后处理滤掉

[OBS] id=249 type=UNKNOWN(0) sub=0 pos=(118.45,-127.43,0.26) box=(0.09,0.07,0.68) theta=1.118 conf=0.565 tt=1.10 vel=0.00 dist=0.00 pts_in=0 pts_near=0 int_mean=0.0 gt=None(假阳性)
# OBS: id=249 | 类型=UNKNOWN | 置信度=0.565 | 位置=(118.45, -127.43, 0.26)m | 尺寸=0.09×0.07×0.68m | 朝向=1.118rad | 跟踪时长=1.10s | 距自车=0.0m | OBS框内点数=0 | gt=None(假阳性)
# 注：未匹配到GT，可能是假阳性或超出GT范围的远距离目标

[MISS] npc_id=208 type=VEHICLE dist=25.94 rel_fwd=25.94 rel_right=0.07 pts_on_gt=0 pts_near_gt=0 reason=pts_in_box=0(完全无点云)
# 漏检: GT_NPC_208 | 类型=VEHICLE | 距自车=25.9m | 方位 前/右=(+25.9, +0.1)m | GT框内点数=0 | 根因=pts_in_box=0(完全无点云)
# 诊断：物理层问题：点没打到车上，请检查外参或LiDAR安装
# ⚠️ 重点关注：距自车仅25.9m的目标漏检，点云覆盖=0点

[MISS] npc_id=209 type=VEHICLE dist=67.00 rel_fwd=67.00 rel_right=0.05 pts_on_gt=0 pts_near_gt=0 reason=pts_in_box=0(完全无点云)
# 漏检: GT_NPC_209 | 类型=VEHICLE | 距自车=67.0m | 方位 前/右=(+67.0, +0.1)m | GT框内点数=0 | 根因=pts_in_box=0(完全无点云)
# 诊断：物理层问题：点没打到车上，请检查外参或LiDAR安装

[MATCH] frame=31 total_gt=2 detected=0 missed=2 missed_with_pts=0 missed_no_pts=2 false_positive=2
# 帧匹配汇总 | GT总数=2 | 检测到=0 | 漏检=2 | 误报=2
# 漏检中：有点云=0个 | 无点云=2个
# 注：有点云但漏检 → 模型或参数问题；无点云漏检 → 物理或坐标变换问题
# 距离分桶 | 近(0-15m): 0/0 | 中(15-30m): 0/1 | 远(>30m): 0/1

[FRAME] frame=32 ts=1783477433.440 gt_frame=53 ego_pose=False n_pc_pts=6116 n_gt_npc=2 n_obs=2 pc_dt_ms=99.7
# 帧号=32 | 仿真时间=1783477433.440s | GT帧=53 | 点云=6116点 | 帧间隔=99.7ms | CARLA NPC=2个 | 感知障碍物=2个
# 注：感知回调触发写入，点云和GT可能滞后0~2帧（取最新值）
# 注：点云帧间隔应稳定在 100ms（10Hz），如出现 300ms+ 说明有点云丢帧

[GT_EGO] id=197 x=107.000 y=-133.500 z=0.034 yaw=-0.000 vel=0.00
# 自车位姿（Apollo 坐标系）| 位置=(107.00, -133.50, 0.03)m | 朝向=-0.00rad | 速度=0.00m/s
# 注：坐标经 CARLA→Apollo 转换（y取反，yaw取反转弧度）

[GT_NPC] id=208 type=VEHICLE cx=132.943 cy=-133.429 cz=-499.071 half_l=2.302 half_w=0.966 half_h=0.927 yaw=-0.000 vel=0.00 dist=25.94 rel_fwd=25.94 rel_right=0.07
# GT_NPC: id=208 | 类型=VEHICLE | bbox中心=(132.94, -133.43, -499.07) | 尺寸=4.60×1.93×1.85m | 距自车=25.9m | 相对方位 前/右=(+25.9, +0.1)m
# 注：bbox中心是几何中心（t.transform(bbox.location)），不是rear axle在地面的位置
# 注：dist<30m 且 rel_fwd>0（前方）的目标是本次关注重点
[GT_NPC] id=209 type=VEHICLE cx=174.000 cy=-133.447 cz=-499.038 half_l=0.828 half_w=0.291 half_h=0.810 yaw=-1.571 vel=0.00 dist=67.00 rel_fwd=67.00 rel_right=0.05
# GT_NPC: id=209 | 类型=VEHICLE | bbox中心=(174.00, -133.45, -499.04) | 尺寸=1.66×0.58×1.62m | 距自车=67.0m | 相对方位 前/右=(+67.0, +0.1)m
# 注：bbox中心是几何中心（t.transform(bbox.location)），不是rear axle在地面的位置
# 注：dist<30m 且 rel_fwd>0（前方）的目标是本次关注重点

[PC] total=6116 x=[-45.17,49.47] y=[-47.09,47.22] z=[-8.58,1.37] int_mean=242.6 int_med=246.0 ground_pct=85.4
# 原始点云（LiDAR坐标系）| 总点数=6116 | x范围=[-45.17, 49.47]m | y范围=[-47.09, 47.22]m | z范围=[-8.58, 1.37]m | 强度均值=242.6 | 地面点比例=85.4%
# 注：64线激光雷达 ~13000点/帧 为正常，~6500点可能是 rotation_frequency 偏高（20Hz）
# 注：地面点比例 >70% 说明车体上点少，检测会困难

[PC_ON_NPC] 无世界坐标点云（可能ego_pose未就绪）
# 注：世界坐标点云为空（可能是定位位姿还没收到，或点云还没来）

[OBS] id=235 type=PEDESTRIAN(3) sub=0 pos=(102.72,-127.08,0.91) box=(0.01,0.01,1.11) theta=2.738 conf=0.377 tt=18.00 vel=0.00 dist=0.00 pts_in=0 pts_near=0 int_mean=0.0 gt=None(假阳性)
# OBS: id=235 | 类型=PEDESTRIAN | 置信度=0.377 | 位置=(102.72, -127.08, 0.91)m | 尺寸=0.01×0.01×1.11m | 朝向=2.738rad | 跟踪时长=18.00s | 距自车=0.0m | OBS框内点数=0 | gt=None(假阳性)
# 注：未匹配到GT，可能是假阳性或超出GT范围的远距离目标
# 注：⚠️ 置信度 0.377 < 0.5，可能被后处理滤掉

[OBS] id=249 type=UNKNOWN(0) sub=0 pos=(118.43,-127.44,0.26) box=(0.05,0.04,0.40) theta=0.434 conf=0.572 tt=1.20 vel=0.00 dist=0.00 pts_in=0 pts_near=0 int_mean=0.0 gt=None(假阳性)
# OBS: id=249 | 类型=UNKNOWN | 置信度=0.572 | 位置=(118.43, -127.44, 0.26)m | 尺寸=0.05×0.04×0.40m | 朝向=0.434rad | 跟踪时长=1.20s | 距自车=0.0m | OBS框内点数=0 | gt=None(假阳性)
# 注：未匹配到GT，可能是假阳性或超出GT范围的远距离目标

[MISS] npc_id=208 type=VEHICLE dist=25.94 rel_fwd=25.94 rel_right=0.07 pts_on_gt=0 pts_near_gt=0 reason=pts_in_box=0(完全无点云)
# 漏检: GT_NPC_208 | 类型=VEHICLE | 距自车=25.9m | 方位 前/右=(+25.9, +0.1)m | GT框内点数=0 | 根因=pts_in_box=0(完全无点云)
# 诊断：物理层问题：点没打到车上，请检查外参或LiDAR安装
# ⚠️ 重点关注：距自车仅25.9m的目标漏检，点云覆盖=0点

[MISS] npc_id=209 type=VEHICLE dist=67.00 rel_fwd=67.00 rel_right=0.05 pts_on_gt=0 pts_near_gt=0 reason=pts_in_box=0(完全无点云)
# 漏检: GT_NPC_209 | 类型=VEHICLE | 距自车=67.0m | 方位 前/右=(+67.0, +0.1)m | GT框内点数=0 | 根因=pts_in_box=0(完全无点云)
# 诊断：物理层问题：点没打到车上，请检查外参或LiDAR安装

[MATCH] frame=32 total_gt=2 detected=0 missed=2 missed_with_pts=0 missed_no_pts=2 false_positive=2
# 帧匹配汇总 | GT总数=2 | 检测到=0 | 漏检=2 | 误报=2
# 漏检中：有点云=0个 | 无点云=2个
# 注：有点云但漏检 → 模型或参数问题；无点云漏检 → 物理或坐标变换问题
# 距离分桶 | 近(0-15m): 0/0 | 中(15-30m): 0/1 | 远(>30m): 0/1

[FRAME] frame=33 ts=1783477433.513 gt_frame=54 ego_pose=False n_pc_pts=6116 n_gt_npc=2 n_obs=2 pc_dt_ms=99.7
# 帧号=33 | 仿真时间=1783477433.513s | GT帧=54 | 点云=6116点 | 帧间隔=99.7ms | CARLA NPC=2个 | 感知障碍物=2个
# 注：感知回调触发写入，点云和GT可能滞后0~2帧（取最新值）
# 注：点云帧间隔应稳定在 100ms（10Hz），如出现 300ms+ 说明有点云丢帧

[GT_EGO] id=197 x=107.000 y=-133.500 z=0.034 yaw=-0.000 vel=0.00
# 自车位姿（Apollo 坐标系）| 位置=(107.00, -133.50, 0.03)m | 朝向=-0.00rad | 速度=0.00m/s
# 注：坐标经 CARLA→Apollo 转换（y取反，yaw取反转弧度）

[GT_NPC] id=208 type=VEHICLE cx=132.943 cy=-133.429 cz=-499.071 half_l=2.302 half_w=0.966 half_h=0.927 yaw=-0.000 vel=0.00 dist=25.94 rel_fwd=25.94 rel_right=0.07
# GT_NPC: id=208 | 类型=VEHICLE | bbox中心=(132.94, -133.43, -499.07) | 尺寸=4.60×1.93×1.85m | 距自车=25.9m | 相对方位 前/右=(+25.9, +0.1)m
# 注：bbox中心是几何中心（t.transform(bbox.location)），不是rear axle在地面的位置
# 注：dist<30m 且 rel_fwd>0（前方）的目标是本次关注重点
[GT_NPC] id=209 type=VEHICLE cx=174.000 cy=-133.447 cz=-499.038 half_l=0.828 half_w=0.291 half_h=0.810 yaw=-1.571 vel=0.00 dist=67.00 rel_fwd=67.00 rel_right=0.05
# GT_NPC: id=209 | 类型=VEHICLE | bbox中心=(174.00, -133.45, -499.04) | 尺寸=1.66×0.58×1.62m | 距自车=67.0m | 相对方位 前/右=(+67.0, +0.1)m
# 注：bbox中心是几何中心（t.transform(bbox.location)），不是rear axle在地面的位置
# 注：dist<30m 且 rel_fwd>0（前方）的目标是本次关注重点

[PC] total=6116 x=[-45.17,49.47] y=[-47.09,47.22] z=[-8.58,1.37] int_mean=242.6 int_med=246.0 ground_pct=85.4
# 原始点云（LiDAR坐标系）| 总点数=6116 | x范围=[-45.17, 49.47]m | y范围=[-47.09, 47.22]m | z范围=[-8.58, 1.37]m | 强度均值=242.6 | 地面点比例=85.4%
# 注：64线激光雷达 ~13000点/帧 为正常，~6500点可能是 rotation_frequency 偏高（20Hz）
# 注：地面点比例 >70% 说明车体上点少，检测会困难

[PC_ON_NPC] 无世界坐标点云（可能ego_pose未就绪）
# 注：世界坐标点云为空（可能是定位位姿还没收到，或点云还没来）

[OBS] id=235 type=PEDESTRIAN(3) sub=0 pos=(102.72,-127.08,0.73) box=(0.01,0.01,1.23) theta=2.580 conf=0.439 tt=18.10 vel=0.00 dist=0.00 pts_in=0 pts_near=0 int_mean=0.0 gt=None(假阳性)
# OBS: id=235 | 类型=PEDESTRIAN | 置信度=0.439 | 位置=(102.72, -127.08, 0.73)m | 尺寸=0.01×0.01×1.23m | 朝向=2.580rad | 跟踪时长=18.10s | 距自车=0.0m | OBS框内点数=0 | gt=None(假阳性)
# 注：未匹配到GT，可能是假阳性或超出GT范围的远距离目标
# 注：⚠️ 置信度 0.439 < 0.5，可能被后处理滤掉

[OBS] id=249 type=UNKNOWN(0) sub=0 pos=(118.45,-127.43,0.26) box=(0.11,0.04,0.68) theta=0.849 conf=0.579 tt=1.30 vel=0.00 dist=0.00 pts_in=0 pts_near=0 int_mean=0.0 gt=None(假阳性)
# OBS: id=249 | 类型=UNKNOWN | 置信度=0.579 | 位置=(118.45, -127.43, 0.26)m | 尺寸=0.11×0.04×0.68m | 朝向=0.849rad | 跟踪时长=1.30s | 距自车=0.0m | OBS框内点数=0 | gt=None(假阳性)
# 注：未匹配到GT，可能是假阳性或超出GT范围的远距离目标

[MISS] npc_id=208 type=VEHICLE dist=25.94 rel_fwd=25.94 rel_right=0.07 pts_on_gt=0 pts_near_gt=0 reason=pts_in_box=0(完全无点云)
# 漏检: GT_NPC_208 | 类型=VEHICLE | 距自车=25.9m | 方位 前/右=(+25.9, +0.1)m | GT框内点数=0 | 根因=pts_in_box=0(完全无点云)
# 诊断：物理层问题：点没打到车上，请检查外参或LiDAR安装
# ⚠️ 重点关注：距自车仅25.9m的目标漏检，点云覆盖=0点

[MISS] npc_id=209 type=VEHICLE dist=67.00 rel_fwd=67.00 rel_right=0.05 pts_on_gt=0 pts_near_gt=0 reason=pts_in_box=0(完全无点云)
# 漏检: GT_NPC_209 | 类型=VEHICLE | 距自车=67.0m | 方位 前/右=(+67.0, +0.1)m | GT框内点数=0 | 根因=pts_in_box=0(完全无点云)
# 诊断：物理层问题：点没打到车上，请检查外参或LiDAR安装

[MATCH] frame=33 total_gt=2 detected=0 missed=2 missed_with_pts=0 missed_no_pts=2 false_positive=2
# 帧匹配汇总 | GT总数=2 | 检测到=0 | 漏检=2 | 误报=2
# 漏检中：有点云=0个 | 无点云=2个
# 注：有点云但漏检 → 模型或参数问题；无点云漏检 → 物理或坐标变换问题
# 距离分桶 | 近(0-15m): 0/0 | 中(15-30m): 0/1 | 远(>30m): 0/1

[FRAME] frame=34 ts=1783477433.617 gt_frame=55 ego_pose=False n_pc_pts=6159 n_gt_npc=2 n_obs=2 pc_dt_ms=99.9
# 帧号=34 | 仿真时间=1783477433.617s | GT帧=55 | 点云=6159点 | 帧间隔=99.9ms | CARLA NPC=2个 | 感知障碍物=2个
# 注：感知回调触发写入，点云和GT可能滞后0~2帧（取最新值）
# 注：点云帧间隔应稳定在 100ms（10Hz），如出现 300ms+ 说明有点云丢帧

[GT_EGO] id=197 x=107.000 y=-133.500 z=0.034 yaw=-0.000 vel=0.00
# 自车位姿（Apollo 坐标系）| 位置=(107.00, -133.50, 0.03)m | 朝向=-0.00rad | 速度=0.00m/s
# 注：坐标经 CARLA→Apollo 转换（y取反，yaw取反转弧度）

[GT_NPC] id=208 type=VEHICLE cx=132.943 cy=-133.429 cz=-499.071 half_l=2.302 half_w=0.966 half_h=0.927 yaw=-0.000 vel=0.00 dist=25.94 rel_fwd=25.94 rel_right=0.07
# GT_NPC: id=208 | 类型=VEHICLE | bbox中心=(132.94, -133.43, -499.07) | 尺寸=4.60×1.93×1.85m | 距自车=25.9m | 相对方位 前/右=(+25.9, +0.1)m
# 注：bbox中心是几何中心（t.transform(bbox.location)），不是rear axle在地面的位置
# 注：dist<30m 且 rel_fwd>0（前方）的目标是本次关注重点
[GT_NPC] id=209 type=VEHICLE cx=174.000 cy=-133.447 cz=-499.038 half_l=0.828 half_w=0.291 half_h=0.810 yaw=-1.571 vel=0.00 dist=67.00 rel_fwd=67.00 rel_right=0.05
# GT_NPC: id=209 | 类型=VEHICLE | bbox中心=(174.00, -133.45, -499.04) | 尺寸=1.66×0.58×1.62m | 距自车=67.0m | 相对方位 前/右=(+67.0, +0.1)m
# 注：bbox中心是几何中心（t.transform(bbox.location)），不是rear axle在地面的位置
# 注：dist<30m 且 rel_fwd>0（前方）的目标是本次关注重点

[PC] total=6159 x=[-44.96,49.47] y=[-47.09,47.20] z=[-8.58,1.68] int_mean=242.7 int_med=246.0 ground_pct=86.1
# 原始点云（LiDAR坐标系）| 总点数=6159 | x范围=[-44.96, 49.47]m | y范围=[-47.09, 47.20]m | z范围=[-8.58, 1.68]m | 强度均值=242.7 | 地面点比例=86.1%
# 注：64线激光雷达 ~13000点/帧 为正常，~6500点可能是 rotation_frequency 偏高（20Hz）
# 注：地面点比例 >70% 说明车体上点少，检测会困难

[PC_ON_NPC] 无世界坐标点云（可能ego_pose未就绪）
# 注：世界坐标点云为空（可能是定位位姿还没收到，或点云还没来）

[OBS] id=235 type=PEDESTRIAN(3) sub=0 pos=(102.72,-127.08,0.67) box=(0.01,0.01,1.29) theta=2.767 conf=0.304 tt=18.20 vel=0.00 dist=0.00 pts_in=0 pts_near=0 int_mean=0.0 gt=None(假阳性)
# OBS: id=235 | 类型=PEDESTRIAN | 置信度=0.304 | 位置=(102.72, -127.08, 0.67)m | 尺寸=0.01×0.01×1.29m | 朝向=2.767rad | 跟踪时长=18.20s | 距自车=0.0m | OBS框内点数=0 | gt=None(假阳性)
# 注：未匹配到GT，可能是假阳性或超出GT范围的远距离目标
# 注：⚠️ 置信度 0.304 < 0.5，可能被后处理滤掉

[OBS] id=249 type=UNKNOWN(0) sub=0 pos=(118.43,-127.44,0.26) box=(0.07,0.05,0.49) theta=0.334 conf=0.593 tt=1.40 vel=0.00 dist=0.00 pts_in=0 pts_near=0 int_mean=0.0 gt=None(假阳性)
# OBS: id=249 | 类型=UNKNOWN | 置信度=0.593 | 位置=(118.43, -127.44, 0.26)m | 尺寸=0.07×0.05×0.49m | 朝向=0.334rad | 跟踪时长=1.40s | 距自车=0.0m | OBS框内点数=0 | gt=None(假阳性)
# 注：未匹配到GT，可能是假阳性或超出GT范围的远距离目标

[MISS] npc_id=208 type=VEHICLE dist=25.94 rel_fwd=25.94 rel_right=0.07 pts_on_gt=0 pts_near_gt=0 reason=pts_in_box=0(完全无点云)
# 漏检: GT_NPC_208 | 类型=VEHICLE | 距自车=25.9m | 方位 前/右=(+25.9, +0.1)m | GT框内点数=0 | 根因=pts_in_box=0(完全无点云)
# 诊断：物理层问题：点没打到车上，请检查外参或LiDAR安装
# ⚠️ 重点关注：距自车仅25.9m的目标漏检，点云覆盖=0点

[MISS] npc_id=209 type=VEHICLE dist=67.00 rel_fwd=67.00 rel_right=0.05 pts_on_gt=0 pts_near_gt=0 reason=pts_in_box=0(完全无点云)
# 漏检: GT_NPC_209 | 类型=VEHICLE | 距自车=67.0m | 方位 前/右=(+67.0, +0.1)m | GT框内点数=0 | 根因=pts_in_box=0(完全无点云)
# 诊断：物理层问题：点没打到车上，请检查外参或LiDAR安装

[MATCH] frame=34 total_gt=2 detected=0 missed=2 missed_with_pts=0 missed_no_pts=2 false_positive=2
# 帧匹配汇总 | GT总数=2 | 检测到=0 | 漏检=2 | 误报=2
# 漏检中：有点云=0个 | 无点云=2个
# 注：有点云但漏检 → 模型或参数问题；无点云漏检 → 物理或坐标变换问题
# 距离分桶 | 近(0-15m): 0/0 | 中(15-30m): 0/1 | 远(>30m): 0/1

[FRAME] frame=35 ts=1783477433.714 gt_frame=56 ego_pose=False n_pc_pts=6089 n_gt_npc=2 n_obs=1 pc_dt_ms=100.1
# 帧号=35 | 仿真时间=1783477433.714s | GT帧=56 | 点云=6089点 | 帧间隔=100.1ms | CARLA NPC=2个 | 感知障碍物=1个
# 注：感知回调触发写入，点云和GT可能滞后0~2帧（取最新值）
# 注：点云帧间隔应稳定在 100ms（10Hz），如出现 300ms+ 说明有点云丢帧

[GT_EGO] id=197 x=107.000 y=-133.500 z=0.034 yaw=-0.000 vel=0.00
# 自车位姿（Apollo 坐标系）| 位置=(107.00, -133.50, 0.03)m | 朝向=-0.00rad | 速度=0.00m/s
# 注：坐标经 CARLA→Apollo 转换（y取反，yaw取反转弧度）

[GT_NPC] id=208 type=VEHICLE cx=132.943 cy=-133.429 cz=-499.071 half_l=2.302 half_w=0.966 half_h=0.927 yaw=-0.000 vel=0.00 dist=25.94 rel_fwd=25.94 rel_right=0.07
# GT_NPC: id=208 | 类型=VEHICLE | bbox中心=(132.94, -133.43, -499.07) | 尺寸=4.60×1.93×1.85m | 距自车=25.9m | 相对方位 前/右=(+25.9, +0.1)m
# 注：bbox中心是几何中心（t.transform(bbox.location)），不是rear axle在地面的位置
# 注：dist<30m 且 rel_fwd>0（前方）的目标是本次关注重点
[GT_NPC] id=209 type=VEHICLE cx=174.000 cy=-133.447 cz=-499.038 half_l=0.828 half_w=0.291 half_h=0.810 yaw=-1.571 vel=0.00 dist=67.00 rel_fwd=67.00 rel_right=0.05
# GT_NPC: id=209 | 类型=VEHICLE | bbox中心=(174.00, -133.45, -499.04) | 尺寸=1.66×0.58×1.62m | 距自车=67.0m | 相对方位 前/右=(+67.0, +0.1)m
# 注：bbox中心是几何中心（t.transform(bbox.location)），不是rear axle在地面的位置
# 注：dist<30m 且 rel_fwd>0（前方）的目标是本次关注重点

[PC] total=6089 x=[-44.96,49.47] y=[-45.30,47.22] z=[-8.58,1.59] int_mean=242.5 int_med=246.0 ground_pct=85.9
# 原始点云（LiDAR坐标系）| 总点数=6089 | x范围=[-44.96, 49.47]m | y范围=[-45.30, 47.22]m | z范围=[-8.58, 1.59]m | 强度均值=242.5 | 地面点比例=85.9%
# 注：64线激光雷达 ~13000点/帧 为正常，~6500点可能是 rotation_frequency 偏高（20Hz）
# 注：地面点比例 >70% 说明车体上点少，检测会困难

[PC_ON_NPC] 无世界坐标点云（可能ego_pose未就绪）
# 注：世界坐标点云为空（可能是定位位姿还没收到，或点云还没来）

[OBS] id=249 type=UNKNOWN(0) sub=0 pos=(118.43,-127.44,0.57) box=(0.07,0.03,0.19) theta=0.133 conf=0.585 tt=1.50 vel=0.00 dist=0.00 pts_in=0 pts_near=0 int_mean=0.0 gt=None(假阳性)
# OBS: id=249 | 类型=UNKNOWN | 置信度=0.585 | 位置=(118.43, -127.44, 0.57)m | 尺寸=0.07×0.03×0.19m | 朝向=0.133rad | 跟踪时长=1.50s | 距自车=0.0m | OBS框内点数=0 | gt=None(假阳性)
# 注：未匹配到GT，可能是假阳性或超出GT范围的远距离目标

[MISS] npc_id=208 type=VEHICLE dist=25.94 rel_fwd=25.94 rel_right=0.07 pts_on_gt=0 pts_near_gt=0 reason=pts_in_box=0(完全无点云)
# 漏检: GT_NPC_208 | 类型=VEHICLE | 距自车=25.9m | 方位 前/右=(+25.9, +0.1)m | GT框内点数=0 | 根因=pts_in_box=0(完全无点云)
# 诊断：物理层问题：点没打到车上，请检查外参或LiDAR安装
# ⚠️ 重点关注：距自车仅25.9m的目标漏检，点云覆盖=0点

[MISS] npc_id=209 type=VEHICLE dist=67.00 rel_fwd=67.00 rel_right=0.05 pts_on_gt=0 pts_near_gt=0 reason=pts_in_box=0(完全无点云)
# 漏检: GT_NPC_209 | 类型=VEHICLE | 距自车=67.0m | 方位 前/右=(+67.0, +0.1)m | GT框内点数=0 | 根因=pts_in_box=0(完全无点云)
# 诊断：物理层问题：点没打到车上，请检查外参或LiDAR安装

[MATCH] frame=35 total_gt=2 detected=0 missed=2 missed_with_pts=0 missed_no_pts=2 false_positive=1
# 帧匹配汇总 | GT总数=2 | 检测到=0 | 漏检=2 | 误报=1
# 漏检中：有点云=0个 | 无点云=2个
# 注：有点云但漏检 → 模型或参数问题；无点云漏检 → 物理或坐标变换问题
# 距离分桶 | 近(0-15m): 0/0 | 中(15-30m): 0/1 | 远(>30m): 0/1

[FRAME] frame=36 ts=1783477433.840 gt_frame=57 ego_pose=False n_pc_pts=6097 n_gt_npc=2 n_obs=2 pc_dt_ms=100.0
# 帧号=36 | 仿真时间=1783477433.840s | GT帧=57 | 点云=6097点 | 帧间隔=100.0ms | CARLA NPC=2个 | 感知障碍物=2个
# 注：感知回调触发写入，点云和GT可能滞后0~2帧（取最新值）
# 注：点云帧间隔应稳定在 100ms（10Hz），如出现 300ms+ 说明有点云丢帧

[GT_EGO] id=197 x=107.000 y=-133.500 z=0.034 yaw=-0.000 vel=0.00
# 自车位姿（Apollo 坐标系）| 位置=(107.00, -133.50, 0.03)m | 朝向=-0.00rad | 速度=0.00m/s
# 注：坐标经 CARLA→Apollo 转换（y取反，yaw取反转弧度）

[GT_NPC] id=208 type=VEHICLE cx=132.943 cy=-133.429 cz=-499.071 half_l=2.302 half_w=0.966 half_h=0.927 yaw=-0.000 vel=0.00 dist=25.94 rel_fwd=25.94 rel_right=0.07
# GT_NPC: id=208 | 类型=VEHICLE | bbox中心=(132.94, -133.43, -499.07) | 尺寸=4.60×1.93×1.85m | 距自车=25.9m | 相对方位 前/右=(+25.9, +0.1)m
# 注：bbox中心是几何中心（t.transform(bbox.location)），不是rear axle在地面的位置
# 注：dist<30m 且 rel_fwd>0（前方）的目标是本次关注重点
[GT_NPC] id=209 type=VEHICLE cx=174.000 cy=-133.447 cz=-499.038 half_l=0.828 half_w=0.291 half_h=0.810 yaw=-1.571 vel=0.00 dist=67.00 rel_fwd=67.00 rel_right=0.05
# GT_NPC: id=209 | 类型=VEHICLE | bbox中心=(174.00, -133.45, -499.04) | 尺寸=1.66×0.58×1.62m | 距自车=67.0m | 相对方位 前/右=(+67.0, +0.1)m
# 注：bbox中心是几何中心（t.transform(bbox.location)），不是rear axle在地面的位置
# 注：dist<30m 且 rel_fwd>0（前方）的目标是本次关注重点

[PC] total=6097 x=[-44.96,49.47] y=[-45.91,47.20] z=[-8.58,1.68] int_mean=242.6 int_med=246.0 ground_pct=85.7
# 原始点云（LiDAR坐标系）| 总点数=6097 | x范围=[-44.96, 49.47]m | y范围=[-45.91, 47.20]m | z范围=[-8.58, 1.68]m | 强度均值=242.6 | 地面点比例=85.7%
# 注：64线激光雷达 ~13000点/帧 为正常，~6500点可能是 rotation_frequency 偏高（20Hz）
# 注：地面点比例 >70% 说明车体上点少，检测会困难

[PC_ON_NPC] 无世界坐标点云（可能ego_pose未就绪）
# 注：世界坐标点云为空（可能是定位位姿还没收到，或点云还没来）

[OBS] id=235 type=PEDESTRIAN(3) sub=0 pos=(102.72,-127.08,0.73) box=(0.01,0.01,1.23) theta=2.860 conf=0.311 tt=18.40 vel=0.00 dist=0.00 pts_in=0 pts_near=0 int_mean=0.0 gt=None(假阳性)
# OBS: id=235 | 类型=PEDESTRIAN | 置信度=0.311 | 位置=(102.72, -127.08, 0.73)m | 尺寸=0.01×0.01×1.23m | 朝向=2.860rad | 跟踪时长=18.40s | 距自车=0.0m | OBS框内点数=0 | gt=None(假阳性)
# 注：未匹配到GT，可能是假阳性或超出GT范围的远距离目标
# 注：⚠️ 置信度 0.311 < 0.5，可能被后处理滤掉

[OBS] id=249 type=UNKNOWN(0) sub=0 pos=(118.49,-127.41,0.57) box=(0.18,0.06,0.47) theta=0.790 conf=0.556 tt=1.60 vel=0.00 dist=0.00 pts_in=0 pts_near=0 int_mean=0.0 gt=None(假阳性)
# OBS: id=249 | 类型=UNKNOWN | 置信度=0.556 | 位置=(118.49, -127.41, 0.57)m | 尺寸=0.18×0.06×0.47m | 朝向=0.790rad | 跟踪时长=1.60s | 距自车=0.0m | OBS框内点数=0 | gt=None(假阳性)
# 注：未匹配到GT，可能是假阳性或超出GT范围的远距离目标

[MISS] npc_id=208 type=VEHICLE dist=25.94 rel_fwd=25.94 rel_right=0.07 pts_on_gt=0 pts_near_gt=0 reason=pts_in_box=0(完全无点云)
# 漏检: GT_NPC_208 | 类型=VEHICLE | 距自车=25.9m | 方位 前/右=(+25.9, +0.1)m | GT框内点数=0 | 根因=pts_in_box=0(完全无点云)
# 诊断：物理层问题：点没打到车上，请检查外参或LiDAR安装
# ⚠️ 重点关注：距自车仅25.9m的目标漏检，点云覆盖=0点

[MISS] npc_id=209 type=VEHICLE dist=67.00 rel_fwd=67.00 rel_right=0.05 pts_on_gt=0 pts_near_gt=0 reason=pts_in_box=0(完全无点云)
# 漏检: GT_NPC_209 | 类型=VEHICLE | 距自车=67.0m | 方位 前/右=(+67.0, +0.1)m | GT框内点数=0 | 根因=pts_in_box=0(完全无点云)
# 诊断：物理层问题：点没打到车上，请检查外参或LiDAR安装

[MATCH] frame=36 total_gt=2 detected=0 missed=2 missed_with_pts=0 missed_no_pts=2 false_positive=2
# 帧匹配汇总 | GT总数=2 | 检测到=0 | 漏检=2 | 误报=2
# 漏检中：有点云=0个 | 无点云=2个
# 注：有点云但漏检 → 模型或参数问题；无点云漏检 → 物理或坐标变换问题
# 距离分桶 | 近(0-15m): 0/0 | 中(15-30m): 0/1 | 远(>30m): 0/1

[FRAME] frame=37 ts=1783477433.924 gt_frame=58 ego_pose=False n_pc_pts=5986 n_gt_npc=2 n_obs=2 pc_dt_ms=100.2
# 帧号=37 | 仿真时间=1783477433.924s | GT帧=58 | 点云=5986点 | 帧间隔=100.2ms | CARLA NPC=2个 | 感知障碍物=2个
# 注：感知回调触发写入，点云和GT可能滞后0~2帧（取最新值）
# 注：点云帧间隔应稳定在 100ms（10Hz），如出现 300ms+ 说明有点云丢帧

[GT_EGO] id=197 x=107.000 y=-133.500 z=0.034 yaw=-0.000 vel=0.00
# 自车位姿（Apollo 坐标系）| 位置=(107.00, -133.50, 0.03)m | 朝向=-0.00rad | 速度=0.00m/s
# 注：坐标经 CARLA→Apollo 转换（y取反，yaw取反转弧度）

[GT_NPC] id=208 type=VEHICLE cx=132.943 cy=-133.429 cz=-499.071 half_l=2.302 half_w=0.966 half_h=0.927 yaw=-0.000 vel=0.00 dist=25.94 rel_fwd=25.94 rel_right=0.07
# GT_NPC: id=208 | 类型=VEHICLE | bbox中心=(132.94, -133.43, -499.07) | 尺寸=4.60×1.93×1.85m | 距自车=25.9m | 相对方位 前/右=(+25.9, +0.1)m
# 注：bbox中心是几何中心（t.transform(bbox.location)），不是rear axle在地面的位置
# 注：dist<30m 且 rel_fwd>0（前方）的目标是本次关注重点
[GT_NPC] id=209 type=VEHICLE cx=174.000 cy=-133.447 cz=-499.038 half_l=0.828 half_w=0.291 half_h=0.810 yaw=-1.571 vel=0.00 dist=67.00 rel_fwd=67.00 rel_right=0.05
# GT_NPC: id=209 | 类型=VEHICLE | bbox中心=(174.00, -133.45, -499.04) | 尺寸=1.66×0.58×1.62m | 距自车=67.0m | 相对方位 前/右=(+67.0, +0.1)m
# 注：bbox中心是几何中心（t.transform(bbox.location)），不是rear axle在地面的位置
# 注：dist<30m 且 rel_fwd>0（前方）的目标是本次关注重点

[PC] total=5986 x=[-44.49,49.47] y=[-47.09,47.20] z=[-8.58,1.61] int_mean=242.4 int_med=246.0 ground_pct=85.9
# 原始点云（LiDAR坐标系）| 总点数=5986 | x范围=[-44.49, 49.47]m | y范围=[-47.09, 47.20]m | z范围=[-8.58, 1.61]m | 强度均值=242.4 | 地面点比例=85.9%
# 注：64线激光雷达 ~13000点/帧 为正常，~6500点可能是 rotation_frequency 偏高（20Hz）
# 注：地面点比例 >70% 说明车体上点少，检测会困难

[PC_ON_NPC] 无世界坐标点云（可能ego_pose未就绪）
# 注：世界坐标点云为空（可能是定位位姿还没收到，或点云还没来）

[OBS] id=235 type=PEDESTRIAN(3) sub=0 pos=(102.72,-127.08,0.79) box=(0.01,0.01,1.17) theta=2.873 conf=0.347 tt=18.50 vel=0.00 dist=0.00 pts_in=0 pts_near=0 int_mean=0.0 gt=None(假阳性)
# OBS: id=235 | 类型=PEDESTRIAN | 置信度=0.347 | 位置=(102.72, -127.08, 0.79)m | 尺寸=0.01×0.01×1.17m | 朝向=2.873rad | 跟踪时长=18.50s | 距自车=0.0m | OBS框内点数=0 | gt=None(假阳性)
# 注：未匹配到GT，可能是假阳性或超出GT范围的远距离目标
# 注：⚠️ 置信度 0.347 < 0.5，可能被后处理滤掉

[OBS] id=249 type=UNKNOWN(0) sub=0 pos=(118.49,-127.41,0.57) box=(0.16,0.10,0.47) theta=1.020 conf=0.559 tt=1.70 vel=0.00 dist=0.00 pts_in=0 pts_near=0 int_mean=0.0 gt=None(假阳性)
# OBS: id=249 | 类型=UNKNOWN | 置信度=0.559 | 位置=(118.49, -127.41, 0.57)m | 尺寸=0.16×0.10×0.47m | 朝向=1.020rad | 跟踪时长=1.70s | 距自车=0.0m | OBS框内点数=0 | gt=None(假阳性)
# 注：未匹配到GT，可能是假阳性或超出GT范围的远距离目标

[MISS] npc_id=208 type=VEHICLE dist=25.94 rel_fwd=25.94 rel_right=0.07 pts_on_gt=0 pts_near_gt=0 reason=pts_in_box=0(完全无点云)
# 漏检: GT_NPC_208 | 类型=VEHICLE | 距自车=25.9m | 方位 前/右=(+25.9, +0.1)m | GT框内点数=0 | 根因=pts_in_box=0(完全无点云)
# 诊断：物理层问题：点没打到车上，请检查外参或LiDAR安装
# ⚠️ 重点关注：距自车仅25.9m的目标漏检，点云覆盖=0点

[MISS] npc_id=209 type=VEHICLE dist=67.00 rel_fwd=67.00 rel_right=0.05 pts_on_gt=0 pts_near_gt=0 reason=pts_in_box=0(完全无点云)
# 漏检: GT_NPC_209 | 类型=VEHICLE | 距自车=67.0m | 方位 前/右=(+67.0, +0.1)m | GT框内点数=0 | 根因=pts_in_box=0(完全无点云)
# 诊断：物理层问题：点没打到车上，请检查外参或LiDAR安装

[MATCH] frame=37 total_gt=2 detected=0 missed=2 missed_with_pts=0 missed_no_pts=2 false_positive=2
# 帧匹配汇总 | GT总数=2 | 检测到=0 | 漏检=2 | 误报=2
# 漏检中：有点云=0个 | 无点云=2个
# 注：有点云但漏检 → 模型或参数问题；无点云漏检 → 物理或坐标变换问题
# 距离分桶 | 近(0-15m): 0/0 | 中(15-30m): 0/1 | 远(>30m): 0/1

[FRAME] frame=38 ts=1783477434.021 gt_frame=59 ego_pose=False n_pc_pts=6028 n_gt_npc=2 n_obs=1 pc_dt_ms=99.9
# 帧号=38 | 仿真时间=1783477434.021s | GT帧=59 | 点云=6028点 | 帧间隔=99.9ms | CARLA NPC=2个 | 感知障碍物=1个
# 注：感知回调触发写入，点云和GT可能滞后0~2帧（取最新值）
# 注：点云帧间隔应稳定在 100ms（10Hz），如出现 300ms+ 说明有点云丢帧

[GT_EGO] id=197 x=107.000 y=-133.500 z=0.034 yaw=-0.000 vel=0.00
# 自车位姿（Apollo 坐标系）| 位置=(107.00, -133.50, 0.03)m | 朝向=-0.00rad | 速度=0.00m/s
# 注：坐标经 CARLA→Apollo 转换（y取反，yaw取反转弧度）

[GT_NPC] id=208 type=VEHICLE cx=132.943 cy=-133.429 cz=-499.071 half_l=2.302 half_w=0.966 half_h=0.927 yaw=-0.000 vel=0.00 dist=25.94 rel_fwd=25.94 rel_right=0.07
# GT_NPC: id=208 | 类型=VEHICLE | bbox中心=(132.94, -133.43, -499.07) | 尺寸=4.60×1.93×1.85m | 距自车=25.9m | 相对方位 前/右=(+25.9, +0.1)m
# 注：bbox中心是几何中心（t.transform(bbox.location)），不是rear axle在地面的位置
# 注：dist<30m 且 rel_fwd>0（前方）的目标是本次关注重点
[GT_NPC] id=209 type=VEHICLE cx=174.000 cy=-133.447 cz=-499.038 half_l=0.828 half_w=0.291 half_h=0.810 yaw=-1.571 vel=0.00 dist=67.00 rel_fwd=67.00 rel_right=0.05
# GT_NPC: id=209 | 类型=VEHICLE | bbox中心=(174.00, -133.45, -499.04) | 尺寸=1.66×0.58×1.62m | 距自车=67.0m | 相对方位 前/右=(+67.0, +0.1)m
# 注：bbox中心是几何中心（t.transform(bbox.location)），不是rear axle在地面的位置
# 注：dist<30m 且 rel_fwd>0（前方）的目标是本次关注重点

[PC] total=6028 x=[-45.17,49.47] y=[-45.91,47.19] z=[-8.58,1.61] int_mean=242.6 int_med=246.0 ground_pct=85.9
# 原始点云（LiDAR坐标系）| 总点数=6028 | x范围=[-45.17, 49.47]m | y范围=[-45.91, 47.19]m | z范围=[-8.58, 1.61]m | 强度均值=242.6 | 地面点比例=85.9%
# 注：64线激光雷达 ~13000点/帧 为正常，~6500点可能是 rotation_frequency 偏高（20Hz）
# 注：地面点比例 >70% 说明车体上点少，检测会困难

[PC_ON_NPC] 无世界坐标点云（可能ego_pose未就绪）
# 注：世界坐标点云为空（可能是定位位姿还没收到，或点云还没来）

[OBS] id=235 type=PEDESTRIAN(3) sub=0 pos=(102.72,-127.08,0.85) box=(0.01,0.01,1.11) theta=2.822 conf=0.368 tt=18.60 vel=0.00 dist=0.00 pts_in=0 pts_near=0 int_mean=0.0 gt=None(假阳性)
# OBS: id=235 | 类型=PEDESTRIAN | 置信度=0.368 | 位置=(102.72, -127.08, 0.85)m | 尺寸=0.01×0.01×1.11m | 朝向=2.822rad | 跟踪时长=18.60s | 距自车=0.0m | OBS框内点数=0 | gt=None(假阳性)
# 注：未匹配到GT，可能是假阳性或超出GT范围的远距离目标
# 注：⚠️ 置信度 0.368 < 0.5，可能被后处理滤掉

[MISS] npc_id=208 type=VEHICLE dist=25.94 rel_fwd=25.94 rel_right=0.07 pts_on_gt=0 pts_near_gt=0 reason=pts_in_box=0(完全无点云)
# 漏检: GT_NPC_208 | 类型=VEHICLE | 距自车=25.9m | 方位 前/右=(+25.9, +0.1)m | GT框内点数=0 | 根因=pts_in_box=0(完全无点云)
# 诊断：物理层问题：点没打到车上，请检查外参或LiDAR安装
# ⚠️ 重点关注：距自车仅25.9m的目标漏检，点云覆盖=0点

[MISS] npc_id=209 type=VEHICLE dist=67.00 rel_fwd=67.00 rel_right=0.05 pts_on_gt=0 pts_near_gt=0 reason=pts_in_box=0(完全无点云)
# 漏检: GT_NPC_209 | 类型=VEHICLE | 距自车=67.0m | 方位 前/右=(+67.0, +0.1)m | GT框内点数=0 | 根因=pts_in_box=0(完全无点云)
# 诊断：物理层问题：点没打到车上，请检查外参或LiDAR安装

[MATCH] frame=38 total_gt=2 detected=0 missed=2 missed_with_pts=0 missed_no_pts=2 false_positive=1
# 帧匹配汇总 | GT总数=2 | 检测到=0 | 漏检=2 | 误报=1
# 漏检中：有点云=0个 | 无点云=2个
# 注：有点云但漏检 → 模型或参数问题；无点云漏检 → 物理或坐标变换问题
# 距离分桶 | 近(0-15m): 0/0 | 中(15-30m): 0/1 | 远(>30m): 0/1

[FRAME] frame=39 ts=1783477434.116 gt_frame=60 ego_pose=False n_pc_pts=6048 n_gt_npc=2 n_obs=1 pc_dt_ms=100.0
# 帧号=39 | 仿真时间=1783477434.116s | GT帧=60 | 点云=6048点 | 帧间隔=100.0ms | CARLA NPC=2个 | 感知障碍物=1个
# 注：感知回调触发写入，点云和GT可能滞后0~2帧（取最新值）
# 注：点云帧间隔应稳定在 100ms（10Hz），如出现 300ms+ 说明有点云丢帧

[GT_EGO] id=197 x=107.000 y=-133.500 z=0.034 yaw=-0.000 vel=0.00
# 自车位姿（Apollo 坐标系）| 位置=(107.00, -133.50, 0.03)m | 朝向=-0.00rad | 速度=0.00m/s
# 注：坐标经 CARLA→Apollo 转换（y取反，yaw取反转弧度）

[GT_NPC] id=208 type=VEHICLE cx=132.943 cy=-133.429 cz=-499.071 half_l=2.302 half_w=0.966 half_h=0.927 yaw=-0.000 vel=0.00 dist=25.94 rel_fwd=25.94 rel_right=0.07
# GT_NPC: id=208 | 类型=VEHICLE | bbox中心=(132.94, -133.43, -499.07) | 尺寸=4.60×1.93×1.85m | 距自车=25.9m | 相对方位 前/右=(+25.9, +0.1)m
# 注：bbox中心是几何中心（t.transform(bbox.location)），不是rear axle在地面的位置
# 注：dist<30m 且 rel_fwd>0（前方）的目标是本次关注重点
[GT_NPC] id=209 type=VEHICLE cx=174.000 cy=-133.447 cz=-499.038 half_l=0.828 half_w=0.291 half_h=0.810 yaw=-1.571 vel=0.00 dist=67.00 rel_fwd=67.00 rel_right=0.05
# GT_NPC: id=209 | 类型=VEHICLE | bbox中心=(174.00, -133.45, -499.04) | 尺寸=1.66×0.58×1.62m | 距自车=67.0m | 相对方位 前/右=(+67.0, +0.1)m
# 注：bbox中心是几何中心（t.transform(bbox.location)），不是rear axle在地面的位置
# 注：dist<30m 且 rel_fwd>0（前方）的目标是本次关注重点

[PC] total=6048 x=[-44.49,49.47] y=[-46.48,47.22] z=[-8.58,1.61] int_mean=242.6 int_med=246.0 ground_pct=85.4
# 原始点云（LiDAR坐标系）| 总点数=6048 | x范围=[-44.49, 49.47]m | y范围=[-46.48, 47.22]m | z范围=[-8.58, 1.61]m | 强度均值=242.6 | 地面点比例=85.4%
# 注：64线激光雷达 ~13000点/帧 为正常，~6500点可能是 rotation_frequency 偏高（20Hz）
# 注：地面点比例 >70% 说明车体上点少，检测会困难

[PC_ON_NPC] 无世界坐标点云（可能ego_pose未就绪）
# 注：世界坐标点云为空（可能是定位位姿还没收到，或点云还没来）

[OBS] id=235 type=PEDESTRIAN(3) sub=0 pos=(102.72,-127.08,0.73) box=(0.01,0.01,1.23) theta=2.913 conf=0.308 tt=18.70 vel=0.00 dist=0.00 pts_in=0 pts_near=0 int_mean=0.0 gt=None(假阳性)
# OBS: id=235 | 类型=PEDESTRIAN | 置信度=0.308 | 位置=(102.72, -127.08, 0.73)m | 尺寸=0.01×0.01×1.23m | 朝向=2.913rad | 跟踪时长=18.70s | 距自车=0.0m | OBS框内点数=0 | gt=None(假阳性)
# 注：未匹配到GT，可能是假阳性或超出GT范围的远距离目标
# 注：⚠️ 置信度 0.308 < 0.5，可能被后处理滤掉

[MISS] npc_id=208 type=VEHICLE dist=25.94 rel_fwd=25.94 rel_right=0.07 pts_on_gt=0 pts_near_gt=0 reason=pts_in_box=0(完全无点云)
# 漏检: GT_NPC_208 | 类型=VEHICLE | 距自车=25.9m | 方位 前/右=(+25.9, +0.1)m | GT框内点数=0 | 根因=pts_in_box=0(完全无点云)
# 诊断：物理层问题：点没打到车上，请检查外参或LiDAR安装
# ⚠️ 重点关注：距自车仅25.9m的目标漏检，点云覆盖=0点

[MISS] npc_id=209 type=VEHICLE dist=67.00 rel_fwd=67.00 rel_right=0.05 pts_on_gt=0 pts_near_gt=0 reason=pts_in_box=0(完全无点云)
# 漏检: GT_NPC_209 | 类型=VEHICLE | 距自车=67.0m | 方位 前/右=(+67.0, +0.1)m | GT框内点数=0 | 根因=pts_in_box=0(完全无点云)
# 诊断：物理层问题：点没打到车上，请检查外参或LiDAR安装

[MATCH] frame=39 total_gt=2 detected=0 missed=2 missed_with_pts=0 missed_no_pts=2 false_positive=1
# 帧匹配汇总 | GT总数=2 | 检测到=0 | 漏检=2 | 误报=1
# 漏检中：有点云=0个 | 无点云=2个
# 注：有点云但漏检 → 模型或参数问题；无点云漏检 → 物理或坐标变换问题
# 距离分桶 | 近(0-15m): 0/0 | 中(15-30m): 0/1 | 远(>30m): 0/1

[FRAME] frame=40 ts=1783477434.224 gt_frame=61 ego_pose=False n_pc_pts=6096 n_gt_npc=2 n_obs=1 pc_dt_ms=100.0
# 帧号=40 | 仿真时间=1783477434.224s | GT帧=61 | 点云=6096点 | 帧间隔=100.0ms | CARLA NPC=2个 | 感知障碍物=1个
# 注：感知回调触发写入，点云和GT可能滞后0~2帧（取最新值）
# 注：点云帧间隔应稳定在 100ms（10Hz），如出现 300ms+ 说明有点云丢帧

[GT_EGO] id=197 x=107.000 y=-133.500 z=0.034 yaw=-0.000 vel=0.00
# 自车位姿（Apollo 坐标系）| 位置=(107.00, -133.50, 0.03)m | 朝向=-0.00rad | 速度=0.00m/s
# 注：坐标经 CARLA→Apollo 转换（y取反，yaw取反转弧度）

[GT_NPC] id=208 type=VEHICLE cx=132.943 cy=-133.429 cz=-499.071 half_l=2.302 half_w=0.966 half_h=0.927 yaw=-0.000 vel=0.00 dist=25.94 rel_fwd=25.94 rel_right=0.07
# GT_NPC: id=208 | 类型=VEHICLE | bbox中心=(132.94, -133.43, -499.07) | 尺寸=4.60×1.93×1.85m | 距自车=25.9m | 相对方位 前/右=(+25.9, +0.1)m
# 注：bbox中心是几何中心（t.transform(bbox.location)），不是rear axle在地面的位置
# 注：dist<30m 且 rel_fwd>0（前方）的目标是本次关注重点
[GT_NPC] id=209 type=VEHICLE cx=174.000 cy=-133.447 cz=-499.038 half_l=0.828 half_w=0.291 half_h=0.810 yaw=-1.571 vel=0.00 dist=67.00 rel_fwd=67.00 rel_right=0.05
# GT_NPC: id=209 | 类型=VEHICLE | bbox中心=(174.00, -133.45, -499.04) | 尺寸=1.66×0.58×1.62m | 距自车=67.0m | 相对方位 前/右=(+67.0, +0.1)m
# 注：bbox中心是几何中心（t.transform(bbox.location)），不是rear axle在地面的位置
# 注：dist<30m 且 rel_fwd>0（前方）的目标是本次关注重点

[PC] total=6096 x=[-44.96,49.47] y=[-46.48,47.22] z=[-8.58,1.58] int_mean=242.7 int_med=246.0 ground_pct=85.7
# 原始点云（LiDAR坐标系）| 总点数=6096 | x范围=[-44.96, 49.47]m | y范围=[-46.48, 47.22]m | z范围=[-8.58, 1.58]m | 强度均值=242.7 | 地面点比例=85.7%
# 注：64线激光雷达 ~13000点/帧 为正常，~6500点可能是 rotation_frequency 偏高（20Hz）
# 注：地面点比例 >70% 说明车体上点少，检测会困难

[PC_ON_NPC] 无世界坐标点云（可能ego_pose未就绪）
# 注：世界坐标点云为空（可能是定位位姿还没收到，或点云还没来）

[OBS] id=235 type=PEDESTRIAN(3) sub=0 pos=(102.72,-127.08,0.79) box=(0.01,0.01,0.94) theta=2.882 conf=0.305 tt=18.80 vel=0.00 dist=0.00 pts_in=0 pts_near=0 int_mean=0.0 gt=None(假阳性)
# OBS: id=235 | 类型=PEDESTRIAN | 置信度=0.305 | 位置=(102.72, -127.08, 0.79)m | 尺寸=0.01×0.01×0.94m | 朝向=2.882rad | 跟踪时长=18.80s | 距自车=0.0m | OBS框内点数=0 | gt=None(假阳性)
# 注：未匹配到GT，可能是假阳性或超出GT范围的远距离目标
# 注：⚠️ 置信度 0.305 < 0.5，可能被后处理滤掉

[MISS] npc_id=208 type=VEHICLE dist=25.94 rel_fwd=25.94 rel_right=0.07 pts_on_gt=0 pts_near_gt=0 reason=pts_in_box=0(完全无点云)
# 漏检: GT_NPC_208 | 类型=VEHICLE | 距自车=25.9m | 方位 前/右=(+25.9, +0.1)m | GT框内点数=0 | 根因=pts_in_box=0(完全无点云)
# 诊断：物理层问题：点没打到车上，请检查外参或LiDAR安装
# ⚠️ 重点关注：距自车仅25.9m的目标漏检，点云覆盖=0点

[MISS] npc_id=209 type=VEHICLE dist=67.00 rel_fwd=67.00 rel_right=0.05 pts_on_gt=0 pts_near_gt=0 reason=pts_in_box=0(完全无点云)
# 漏检: GT_NPC_209 | 类型=VEHICLE | 距自车=67.0m | 方位 前/右=(+67.0, +0.1)m | GT框内点数=0 | 根因=pts_in_box=0(完全无点云)
# 诊断：物理层问题：点没打到车上，请检查外参或LiDAR安装

[MATCH] frame=40 total_gt=2 detected=0 missed=2 missed_with_pts=0 missed_no_pts=2 false_positive=1
# 帧匹配汇总 | GT总数=2 | 检测到=0 | 漏检=2 | 误报=1
# 漏检中：有点云=0个 | 无点云=2个
# 注：有点云但漏检 → 模型或参数问题；无点云漏检 → 物理或坐标变换问题
# 距离分桶 | 近(0-15m): 0/0 | 中(15-30m): 0/1 | 远(>30m): 0/1

[FRAME] frame=41 ts=1783477434.319 gt_frame=62 ego_pose=False n_pc_pts=6108 n_gt_npc=2 n_obs=1 pc_dt_ms=100.0
# 帧号=41 | 仿真时间=1783477434.319s | GT帧=62 | 点云=6108点 | 帧间隔=100.0ms | CARLA NPC=2个 | 感知障碍物=1个
# 注：感知回调触发写入，点云和GT可能滞后0~2帧（取最新值）
# 注：点云帧间隔应稳定在 100ms（10Hz），如出现 300ms+ 说明有点云丢帧

[GT_EGO] id=197 x=107.000 y=-133.500 z=0.034 yaw=-0.000 vel=0.00
# 自车位姿（Apollo 坐标系）| 位置=(107.00, -133.50, 0.03)m | 朝向=-0.00rad | 速度=0.00m/s
# 注：坐标经 CARLA→Apollo 转换（y取反，yaw取反转弧度）

[GT_NPC] id=208 type=VEHICLE cx=132.943 cy=-133.429 cz=-499.071 half_l=2.302 half_w=0.966 half_h=0.927 yaw=-0.000 vel=0.00 dist=25.94 rel_fwd=25.94 rel_right=0.07
# GT_NPC: id=208 | 类型=VEHICLE | bbox中心=(132.94, -133.43, -499.07) | 尺寸=4.60×1.93×1.85m | 距自车=25.9m | 相对方位 前/右=(+25.9, +0.1)m
# 注：bbox中心是几何中心（t.transform(bbox.location)），不是rear axle在地面的位置
# 注：dist<30m 且 rel_fwd>0（前方）的目标是本次关注重点
[GT_NPC] id=209 type=VEHICLE cx=174.000 cy=-133.447 cz=-499.038 half_l=0.828 half_w=0.291 half_h=0.810 yaw=-1.571 vel=0.00 dist=67.00 rel_fwd=67.00 rel_right=0.05
# GT_NPC: id=209 | 类型=VEHICLE | bbox中心=(174.00, -133.45, -499.04) | 尺寸=1.66×0.58×1.62m | 距自车=67.0m | 相对方位 前/右=(+67.0, +0.1)m
# 注：bbox中心是几何中心（t.transform(bbox.location)），不是rear axle在地面的位置
# 注：dist<30m 且 rel_fwd>0（前方）的目标是本次关注重点

[PC] total=6108 x=[-45.17,49.47] y=[-47.09,47.22] z=[-8.58,1.68] int_mean=242.5 int_med=246.0 ground_pct=86.1
# 原始点云（LiDAR坐标系）| 总点数=6108 | x范围=[-45.17, 49.47]m | y范围=[-47.09, 47.22]m | z范围=[-8.58, 1.68]m | 强度均值=242.5 | 地面点比例=86.1%
# 注：64线激光雷达 ~13000点/帧 为正常，~6500点可能是 rotation_frequency 偏高（20Hz）
# 注：地面点比例 >70% 说明车体上点少，检测会困难

[PC_ON_NPC] 无世界坐标点云（可能ego_pose未就绪）
# 注：世界坐标点云为空（可能是定位位姿还没收到，或点云还没来）

[OBS] id=235 type=PEDESTRIAN(3) sub=0 pos=(102.72,-127.08,0.67) box=(0.01,0.01,1.18) theta=2.912 conf=0.270 tt=18.90 vel=0.00 dist=0.00 pts_in=0 pts_near=0 int_mean=0.0 gt=None(假阳性)
# OBS: id=235 | 类型=PEDESTRIAN | 置信度=0.270 | 位置=(102.72, -127.08, 0.67)m | 尺寸=0.01×0.01×1.18m | 朝向=2.912rad | 跟踪时长=18.90s | 距自车=0.0m | OBS框内点数=0 | gt=None(假阳性)
# 注：未匹配到GT，可能是假阳性或超出GT范围的远距离目标
# 注：⚠️ 置信度 0.270 < 0.5，可能被后处理滤掉

[MISS] npc_id=208 type=VEHICLE dist=25.94 rel_fwd=25.94 rel_right=0.07 pts_on_gt=0 pts_near_gt=0 reason=pts_in_box=0(完全无点云)
# 漏检: GT_NPC_208 | 类型=VEHICLE | 距自车=25.9m | 方位 前/右=(+25.9, +0.1)m | GT框内点数=0 | 根因=pts_in_box=0(完全无点云)
# 诊断：物理层问题：点没打到车上，请检查外参或LiDAR安装
# ⚠️ 重点关注：距自车仅25.9m的目标漏检，点云覆盖=0点

[MISS] npc_id=209 type=VEHICLE dist=67.00 rel_fwd=67.00 rel_right=0.05 pts_on_gt=0 pts_near_gt=0 reason=pts_in_box=0(完全无点云)
# 漏检: GT_NPC_209 | 类型=VEHICLE | 距自车=67.0m | 方位 前/右=(+67.0, +0.1)m | GT框内点数=0 | 根因=pts_in_box=0(完全无点云)
# 诊断：物理层问题：点没打到车上，请检查外参或LiDAR安装

[MATCH] frame=41 total_gt=2 detected=0 missed=2 missed_with_pts=0 missed_no_pts=2 false_positive=1
# 帧匹配汇总 | GT总数=2 | 检测到=0 | 漏检=2 | 误报=1
# 漏检中：有点云=0个 | 无点云=2个
# 注：有点云但漏检 → 模型或参数问题；无点云漏检 → 物理或坐标变换问题
# 距离分桶 | 近(0-15m): 0/0 | 中(15-30m): 0/1 | 远(>30m): 0/1

[FRAME] frame=42 ts=1783477434.432 gt_frame=63 ego_pose=False n_pc_pts=6105 n_gt_npc=2 n_obs=1 pc_dt_ms=100.0
# 帧号=42 | 仿真时间=1783477434.432s | GT帧=63 | 点云=6105点 | 帧间隔=100.0ms | CARLA NPC=2个 | 感知障碍物=1个
# 注：感知回调触发写入，点云和GT可能滞后0~2帧（取最新值）
# 注：点云帧间隔应稳定在 100ms（10Hz），如出现 300ms+ 说明有点云丢帧

[GT_EGO] id=197 x=107.000 y=-133.500 z=0.034 yaw=-0.000 vel=0.00
# 自车位姿（Apollo 坐标系）| 位置=(107.00, -133.50, 0.03)m | 朝向=-0.00rad | 速度=0.00m/s
# 注：坐标经 CARLA→Apollo 转换（y取反，yaw取反转弧度）

[GT_NPC] id=208 type=VEHICLE cx=132.943 cy=-133.429 cz=-499.071 half_l=2.302 half_w=0.966 half_h=0.927 yaw=-0.000 vel=0.00 dist=25.94 rel_fwd=25.94 rel_right=0.07
# GT_NPC: id=208 | 类型=VEHICLE | bbox中心=(132.94, -133.43, -499.07) | 尺寸=4.60×1.93×1.85m | 距自车=25.9m | 相对方位 前/右=(+25.9, +0.1)m
# 注：bbox中心是几何中心（t.transform(bbox.location)），不是rear axle在地面的位置
# 注：dist<30m 且 rel_fwd>0（前方）的目标是本次关注重点
[GT_NPC] id=209 type=VEHICLE cx=174.000 cy=-133.447 cz=-499.038 half_l=0.828 half_w=0.291 half_h=0.810 yaw=-1.571 vel=0.00 dist=67.00 rel_fwd=67.00 rel_right=0.05
# GT_NPC: id=209 | 类型=VEHICLE | bbox中心=(174.00, -133.45, -499.04) | 尺寸=1.66×0.58×1.62m | 距自车=67.0m | 相对方位 前/右=(+67.0, +0.1)m
# 注：bbox中心是几何中心（t.transform(bbox.location)），不是rear axle在地面的位置
# 注：dist<30m 且 rel_fwd>0（前方）的目标是本次关注重点

[PC] total=6105 x=[-45.17,49.47] y=[-47.09,47.22] z=[-8.58,1.61] int_mean=242.5 int_med=246.0 ground_pct=85.8
# 原始点云（LiDAR坐标系）| 总点数=6105 | x范围=[-45.17, 49.47]m | y范围=[-47.09, 47.22]m | z范围=[-8.58, 1.61]m | 强度均值=242.5 | 地面点比例=85.8%
# 注：64线激光雷达 ~13000点/帧 为正常，~6500点可能是 rotation_frequency 偏高（20Hz）
# 注：地面点比例 >70% 说明车体上点少，检测会困难

[PC_ON_NPC] 无世界坐标点云（可能ego_pose未就绪）
# 注：世界坐标点云为空（可能是定位位姿还没收到，或点云还没来）

[OBS] id=235 type=PEDESTRIAN(3) sub=0 pos=(102.72,-127.08,0.73) box=(0.01,0.01,1.12) theta=2.969 conf=0.292 tt=19.00 vel=0.00 dist=0.00 pts_in=0 pts_near=0 int_mean=0.0 gt=None(假阳性)
# OBS: id=235 | 类型=PEDESTRIAN | 置信度=0.292 | 位置=(102.72, -127.08, 0.73)m | 尺寸=0.01×0.01×1.12m | 朝向=2.969rad | 跟踪时长=19.00s | 距自车=0.0m | OBS框内点数=0 | gt=None(假阳性)
# 注：未匹配到GT，可能是假阳性或超出GT范围的远距离目标
# 注：⚠️ 置信度 0.292 < 0.5，可能被后处理滤掉

[MISS] npc_id=208 type=VEHICLE dist=25.94 rel_fwd=25.94 rel_right=0.07 pts_on_gt=0 pts_near_gt=0 reason=pts_in_box=0(完全无点云)
# 漏检: GT_NPC_208 | 类型=VEHICLE | 距自车=25.9m | 方位 前/右=(+25.9, +0.1)m | GT框内点数=0 | 根因=pts_in_box=0(完全无点云)
# 诊断：物理层问题：点没打到车上，请检查外参或LiDAR安装
# ⚠️ 重点关注：距自车仅25.9m的目标漏检，点云覆盖=0点

[MISS] npc_id=209 type=VEHICLE dist=67.00 rel_fwd=67.00 rel_right=0.05 pts_on_gt=0 pts_near_gt=0 reason=pts_in_box=0(完全无点云)
# 漏检: GT_NPC_209 | 类型=VEHICLE | 距自车=67.0m | 方位 前/右=(+67.0, +0.1)m | GT框内点数=0 | 根因=pts_in_box=0(完全无点云)
# 诊断：物理层问题：点没打到车上，请检查外参或LiDAR安装

[MATCH] frame=42 total_gt=2 detected=0 missed=2 missed_with_pts=0 missed_no_pts=2 false_positive=1
# 帧匹配汇总 | GT总数=2 | 检测到=0 | 漏检=2 | 误报=1
# 漏检中：有点云=0个 | 无点云=2个
# 注：有点云但漏检 → 模型或参数问题；无点云漏检 → 物理或坐标变换问题
# 距离分桶 | 近(0-15m): 0/0 | 中(15-30m): 0/1 | 远(>30m): 0/1

[FRAME] frame=43 ts=1783477434.519 gt_frame=64 ego_pose=False n_pc_pts=5961 n_gt_npc=2 n_obs=1 pc_dt_ms=99.9
# 帧号=43 | 仿真时间=1783477434.519s | GT帧=64 | 点云=5961点 | 帧间隔=99.9ms | CARLA NPC=2个 | 感知障碍物=1个
# 注：感知回调触发写入，点云和GT可能滞后0~2帧（取最新值）
# 注：点云帧间隔应稳定在 100ms（10Hz），如出现 300ms+ 说明有点云丢帧

[GT_EGO] id=197 x=107.000 y=-133.500 z=0.034 yaw=-0.000 vel=0.00
# 自车位姿（Apollo 坐标系）| 位置=(107.00, -133.50, 0.03)m | 朝向=-0.00rad | 速度=0.00m/s
# 注：坐标经 CARLA→Apollo 转换（y取反，yaw取反转弧度）

[GT_NPC] id=208 type=VEHICLE cx=132.943 cy=-133.429 cz=-499.071 half_l=2.302 half_w=0.966 half_h=0.927 yaw=-0.000 vel=0.00 dist=25.94 rel_fwd=25.94 rel_right=0.07
# GT_NPC: id=208 | 类型=VEHICLE | bbox中心=(132.94, -133.43, -499.07) | 尺寸=4.60×1.93×1.85m | 距自车=25.9m | 相对方位 前/右=(+25.9, +0.1)m
# 注：bbox中心是几何中心（t.transform(bbox.location)），不是rear axle在地面的位置
# 注：dist<30m 且 rel_fwd>0（前方）的目标是本次关注重点
[GT_NPC] id=209 type=VEHICLE cx=174.000 cy=-133.447 cz=-499.038 half_l=0.828 half_w=0.291 half_h=0.810 yaw=-1.571 vel=0.00 dist=67.00 rel_fwd=67.00 rel_right=0.05
# GT_NPC: id=209 | 类型=VEHICLE | bbox中心=(174.00, -133.45, -499.04) | 尺寸=1.66×0.58×1.62m | 距自车=67.0m | 相对方位 前/右=(+67.0, +0.1)m
# 注：bbox中心是几何中心（t.transform(bbox.location)），不是rear axle在地面的位置
# 注：dist<30m 且 rel_fwd>0（前方）的目标是本次关注重点

[PC] total=5961 x=[-44.96,49.47] y=[-45.91,47.13] z=[-8.58,1.61] int_mean=242.5 int_med=246.0 ground_pct=85.8
# 原始点云（LiDAR坐标系）| 总点数=5961 | x范围=[-44.96, 49.47]m | y范围=[-45.91, 47.13]m | z范围=[-8.58, 1.61]m | 强度均值=242.5 | 地面点比例=85.8%
# 注：64线激光雷达 ~13000点/帧 为正常，~6500点可能是 rotation_frequency 偏高（20Hz）
# 注：地面点比例 >70% 说明车体上点少，检测会困难

[PC_ON_NPC] 无世界坐标点云（可能ego_pose未就绪）
# 注：世界坐标点云为空（可能是定位位姿还没收到，或点云还没来）

[OBS] id=235 type=PEDESTRIAN(3) sub=0 pos=(102.72,-127.08,0.79) box=(0.01,0.01,1.23) theta=2.941 conf=0.325 tt=19.10 vel=0.00 dist=0.00 pts_in=0 pts_near=0 int_mean=0.0 gt=None(假阳性)
# OBS: id=235 | 类型=PEDESTRIAN | 置信度=0.325 | 位置=(102.72, -127.08, 0.79)m | 尺寸=0.01×0.01×1.23m | 朝向=2.941rad | 跟踪时长=19.10s | 距自车=0.0m | OBS框内点数=0 | gt=None(假阳性)
# 注：未匹配到GT，可能是假阳性或超出GT范围的远距离目标
# 注：⚠️ 置信度 0.325 < 0.5，可能被后处理滤掉

[MISS] npc_id=208 type=VEHICLE dist=25.94 rel_fwd=25.94 rel_right=0.07 pts_on_gt=0 pts_near_gt=0 reason=pts_in_box=0(完全无点云)
# 漏检: GT_NPC_208 | 类型=VEHICLE | 距自车=25.9m | 方位 前/右=(+25.9, +0.1)m | GT框内点数=0 | 根因=pts_in_box=0(完全无点云)
# 诊断：物理层问题：点没打到车上，请检查外参或LiDAR安装
# ⚠️ 重点关注：距自车仅25.9m的目标漏检，点云覆盖=0点

[MISS] npc_id=209 type=VEHICLE dist=67.00 rel_fwd=67.00 rel_right=0.05 pts_on_gt=0 pts_near_gt=0 reason=pts_in_box=0(完全无点云)
# 漏检: GT_NPC_209 | 类型=VEHICLE | 距自车=67.0m | 方位 前/右=(+67.0, +0.1)m | GT框内点数=0 | 根因=pts_in_box=0(完全无点云)
# 诊断：物理层问题：点没打到车上，请检查外参或LiDAR安装

[MATCH] frame=43 total_gt=2 detected=0 missed=2 missed_with_pts=0 missed_no_pts=2 false_positive=1
# 帧匹配汇总 | GT总数=2 | 检测到=0 | 漏检=2 | 误报=1
# 漏检中：有点云=0个 | 无点云=2个
# 注：有点云但漏检 → 模型或参数问题；无点云漏检 → 物理或坐标变换问题
# 距离分桶 | 近(0-15m): 0/0 | 中(15-30m): 0/1 | 远(>30m): 0/1

[FRAME] frame=44 ts=1783477434.620 gt_frame=65 ego_pose=False n_pc_pts=6017 n_gt_npc=2 n_obs=1 pc_dt_ms=100.1
# 帧号=44 | 仿真时间=1783477434.620s | GT帧=65 | 点云=6017点 | 帧间隔=100.1ms | CARLA NPC=2个 | 感知障碍物=1个
# 注：感知回调触发写入，点云和GT可能滞后0~2帧（取最新值）
# 注：点云帧间隔应稳定在 100ms（10Hz），如出现 300ms+ 说明有点云丢帧

[GT_EGO] id=197 x=107.000 y=-133.500 z=0.034 yaw=-0.000 vel=0.00
# 自车位姿（Apollo 坐标系）| 位置=(107.00, -133.50, 0.03)m | 朝向=-0.00rad | 速度=0.00m/s
# 注：坐标经 CARLA→Apollo 转换（y取反，yaw取反转弧度）

[GT_NPC] id=208 type=VEHICLE cx=132.943 cy=-133.429 cz=-499.071 half_l=2.302 half_w=0.966 half_h=0.927 yaw=-0.000 vel=0.00 dist=25.94 rel_fwd=25.94 rel_right=0.07
# GT_NPC: id=208 | 类型=VEHICLE | bbox中心=(132.94, -133.43, -499.07) | 尺寸=4.60×1.93×1.85m | 距自车=25.9m | 相对方位 前/右=(+25.9, +0.1)m
# 注：bbox中心是几何中心（t.transform(bbox.location)），不是rear axle在地面的位置
# 注：dist<30m 且 rel_fwd>0（前方）的目标是本次关注重点
[GT_NPC] id=209 type=VEHICLE cx=174.000 cy=-133.447 cz=-499.038 half_l=0.828 half_w=0.291 half_h=0.810 yaw=-1.571 vel=0.00 dist=67.00 rel_fwd=67.00 rel_right=0.05
# GT_NPC: id=209 | 类型=VEHICLE | bbox中心=(174.00, -133.45, -499.04) | 尺寸=1.66×0.58×1.62m | 距自车=67.0m | 相对方位 前/右=(+67.0, +0.1)m
# 注：bbox中心是几何中心（t.transform(bbox.location)），不是rear axle在地面的位置
# 注：dist<30m 且 rel_fwd>0（前方）的目标是本次关注重点

[PC] total=6017 x=[-44.96,49.47] y=[-47.09,47.20] z=[-8.58,1.68] int_mean=242.6 int_med=246.0 ground_pct=85.9
# 原始点云（LiDAR坐标系）| 总点数=6017 | x范围=[-44.96, 49.47]m | y范围=[-47.09, 47.20]m | z范围=[-8.58, 1.68]m | 强度均值=242.6 | 地面点比例=85.9%
# 注：64线激光雷达 ~13000点/帧 为正常，~6500点可能是 rotation_frequency 偏高（20Hz）
# 注：地面点比例 >70% 说明车体上点少，检测会困难

[PC_ON_NPC] 无世界坐标点云（可能ego_pose未就绪）
# 注：世界坐标点云为空（可能是定位位姿还没收到，或点云还没来）

[OBS] id=235 type=PEDESTRIAN(3) sub=0 pos=(102.72,-127.08,0.79) box=(0.01,0.01,0.94) theta=2.987 conf=0.320 tt=19.20 vel=0.00 dist=0.00 pts_in=0 pts_near=0 int_mean=0.0 gt=None(假阳性)
# OBS: id=235 | 类型=PEDESTRIAN | 置信度=0.320 | 位置=(102.72, -127.08, 0.79)m | 尺寸=0.01×0.01×0.94m | 朝向=2.987rad | 跟踪时长=19.20s | 距自车=0.0m | OBS框内点数=0 | gt=None(假阳性)
# 注：未匹配到GT，可能是假阳性或超出GT范围的远距离目标
# 注：⚠️ 置信度 0.320 < 0.5，可能被后处理滤掉

[MISS] npc_id=208 type=VEHICLE dist=25.94 rel_fwd=25.94 rel_right=0.07 pts_on_gt=0 pts_near_gt=0 reason=pts_in_box=0(完全无点云)
# 漏检: GT_NPC_208 | 类型=VEHICLE | 距自车=25.9m | 方位 前/右=(+25.9, +0.1)m | GT框内点数=0 | 根因=pts_in_box=0(完全无点云)
# 诊断：物理层问题：点没打到车上，请检查外参或LiDAR安装
# ⚠️ 重点关注：距自车仅25.9m的目标漏检，点云覆盖=0点

[MISS] npc_id=209 type=VEHICLE dist=67.00 rel_fwd=67.00 rel_right=0.05 pts_on_gt=0 pts_near_gt=0 reason=pts_in_box=0(完全无点云)
# 漏检: GT_NPC_209 | 类型=VEHICLE | 距自车=67.0m | 方位 前/右=(+67.0, +0.1)m | GT框内点数=0 | 根因=pts_in_box=0(完全无点云)
# 诊断：物理层问题：点没打到车上，请检查外参或LiDAR安装

[MATCH] frame=44 total_gt=2 detected=0 missed=2 missed_with_pts=0 missed_no_pts=2 false_positive=1
# 帧匹配汇总 | GT总数=2 | 检测到=0 | 漏检=2 | 误报=1
# 漏检中：有点云=0个 | 无点云=2个
# 注：有点云但漏检 → 模型或参数问题；无点云漏检 → 物理或坐标变换问题
# 距离分桶 | 近(0-15m): 0/0 | 中(15-30m): 0/1 | 远(>30m): 0/1

[FRAME] frame=45 ts=1783477434.719 gt_frame=66 ego_pose=False n_pc_pts=6092 n_gt_npc=2 n_obs=1 pc_dt_ms=100.0
# 帧号=45 | 仿真时间=1783477434.719s | GT帧=66 | 点云=6092点 | 帧间隔=100.0ms | CARLA NPC=2个 | 感知障碍物=1个
# 注：感知回调触发写入，点云和GT可能滞后0~2帧（取最新值）
# 注：点云帧间隔应稳定在 100ms（10Hz），如出现 300ms+ 说明有点云丢帧

[GT_EGO] id=197 x=107.000 y=-133.500 z=0.034 yaw=-0.000 vel=0.00
# 自车位姿（Apollo 坐标系）| 位置=(107.00, -133.50, 0.03)m | 朝向=-0.00rad | 速度=0.00m/s
# 注：坐标经 CARLA→Apollo 转换（y取反，yaw取反转弧度）

[GT_NPC] id=208 type=VEHICLE cx=132.943 cy=-133.429 cz=-499.071 half_l=2.302 half_w=0.966 half_h=0.927 yaw=-0.000 vel=0.00 dist=25.94 rel_fwd=25.94 rel_right=0.07
# GT_NPC: id=208 | 类型=VEHICLE | bbox中心=(132.94, -133.43, -499.07) | 尺寸=4.60×1.93×1.85m | 距自车=25.9m | 相对方位 前/右=(+25.9, +0.1)m
# 注：bbox中心是几何中心（t.transform(bbox.location)），不是rear axle在地面的位置
# 注：dist<30m 且 rel_fwd>0（前方）的目标是本次关注重点
[GT_NPC] id=209 type=VEHICLE cx=174.000 cy=-133.447 cz=-499.038 half_l=0.828 half_w=0.291 half_h=0.810 yaw=-1.571 vel=0.00 dist=67.00 rel_fwd=67.00 rel_right=0.05
# GT_NPC: id=209 | 类型=VEHICLE | bbox中心=(174.00, -133.45, -499.04) | 尺寸=1.66×0.58×1.62m | 距自车=67.0m | 相对方位 前/右=(+67.0, +0.1)m
# 注：bbox中心是几何中心（t.transform(bbox.location)），不是rear axle在地面的位置
# 注：dist<30m 且 rel_fwd>0（前方）的目标是本次关注重点

[PC] total=6092 x=[-45.17,49.47] y=[-47.09,47.16] z=[-8.58,1.68] int_mean=242.6 int_med=246.0 ground_pct=85.9
# 原始点云（LiDAR坐标系）| 总点数=6092 | x范围=[-45.17, 49.47]m | y范围=[-47.09, 47.16]m | z范围=[-8.58, 1.68]m | 强度均值=242.6 | 地面点比例=85.9%
# 注：64线激光雷达 ~13000点/帧 为正常，~6500点可能是 rotation_frequency 偏高（20Hz）
# 注：地面点比例 >70% 说明车体上点少，检测会困难

[PC_ON_NPC] 无世界坐标点云（可能ego_pose未就绪）
# 注：世界坐标点云为空（可能是定位位姿还没收到，或点云还没来）

[OBS] id=235 type=PEDESTRIAN(3) sub=0 pos=(102.72,-127.08,1.08) box=(0.01,0.01,0.87) theta=2.974 conf=0.289 tt=19.30 vel=0.00 dist=0.00 pts_in=0 pts_near=0 int_mean=0.0 gt=None(假阳性)
# OBS: id=235 | 类型=PEDESTRIAN | 置信度=0.289 | 位置=(102.72, -127.08, 1.08)m | 尺寸=0.01×0.01×0.87m | 朝向=2.974rad | 跟踪时长=19.30s | 距自车=0.0m | OBS框内点数=0 | gt=None(假阳性)
# 注：未匹配到GT，可能是假阳性或超出GT范围的远距离目标
# 注：⚠️ 置信度 0.289 < 0.5，可能被后处理滤掉

[MISS] npc_id=208 type=VEHICLE dist=25.94 rel_fwd=25.94 rel_right=0.07 pts_on_gt=0 pts_near_gt=0 reason=pts_in_box=0(完全无点云)
# 漏检: GT_NPC_208 | 类型=VEHICLE | 距自车=25.9m | 方位 前/右=(+25.9, +0.1)m | GT框内点数=0 | 根因=pts_in_box=0(完全无点云)
# 诊断：物理层问题：点没打到车上，请检查外参或LiDAR安装
# ⚠️ 重点关注：距自车仅25.9m的目标漏检，点云覆盖=0点

[MISS] npc_id=209 type=VEHICLE dist=67.00 rel_fwd=67.00 rel_right=0.05 pts_on_gt=0 pts_near_gt=0 reason=pts_in_box=0(完全无点云)
# 漏检: GT_NPC_209 | 类型=VEHICLE | 距自车=67.0m | 方位 前/右=(+67.0, +0.1)m | GT框内点数=0 | 根因=pts_in_box=0(完全无点云)
# 诊断：物理层问题：点没打到车上，请检查外参或LiDAR安装

[MATCH] frame=45 total_gt=2 detected=0 missed=2 missed_with_pts=0 missed_no_pts=2 false_positive=1
# 帧匹配汇总 | GT总数=2 | 检测到=0 | 漏检=2 | 误报=1
# 漏检中：有点云=0个 | 无点云=2个
# 注：有点云但漏检 → 模型或参数问题；无点云漏检 → 物理或坐标变换问题
# 距离分桶 | 近(0-15m): 0/0 | 中(15-30m): 0/1 | 远(>30m): 0/1

[FRAME] frame=46 ts=1783477434.811 gt_frame=66 ego_pose=False n_pc_pts=6016 n_gt_npc=2 n_obs=1 pc_dt_ms=99.8
# 帧号=46 | 仿真时间=1783477434.811s | GT帧=66 | 点云=6016点 | 帧间隔=99.8ms | CARLA NPC=2个 | 感知障碍物=1个
# 注：感知回调触发写入，点云和GT可能滞后0~2帧（取最新值）
# 注：点云帧间隔应稳定在 100ms（10Hz），如出现 300ms+ 说明有点云丢帧

[GT_EGO] id=197 x=107.000 y=-133.500 z=0.034 yaw=-0.000 vel=0.00
# 自车位姿（Apollo 坐标系）| 位置=(107.00, -133.50, 0.03)m | 朝向=-0.00rad | 速度=0.00m/s
# 注：坐标经 CARLA→Apollo 转换（y取反，yaw取反转弧度）

[GT_NPC] id=208 type=VEHICLE cx=132.943 cy=-133.429 cz=-499.071 half_l=2.302 half_w=0.966 half_h=0.927 yaw=-0.000 vel=0.00 dist=25.94 rel_fwd=25.94 rel_right=0.07
# GT_NPC: id=208 | 类型=VEHICLE | bbox中心=(132.94, -133.43, -499.07) | 尺寸=4.60×1.93×1.85m | 距自车=25.9m | 相对方位 前/右=(+25.9, +0.1)m
# 注：bbox中心是几何中心（t.transform(bbox.location)），不是rear axle在地面的位置
# 注：dist<30m 且 rel_fwd>0（前方）的目标是本次关注重点
[GT_NPC] id=209 type=VEHICLE cx=174.000 cy=-133.447 cz=-499.038 half_l=0.828 half_w=0.291 half_h=0.810 yaw=-1.571 vel=0.00 dist=67.00 rel_fwd=67.00 rel_right=0.05
# GT_NPC: id=209 | 类型=VEHICLE | bbox中心=(174.00, -133.45, -499.04) | 尺寸=1.66×0.58×1.62m | 距自车=67.0m | 相对方位 前/右=(+67.0, +0.1)m
# 注：bbox中心是几何中心（t.transform(bbox.location)），不是rear axle在地面的位置
# 注：dist<30m 且 rel_fwd>0（前方）的目标是本次关注重点

[PC] total=6016 x=[-45.17,49.47] y=[-47.09,47.13] z=[-8.58,1.61] int_mean=242.5 int_med=246.0 ground_pct=85.3
# 原始点云（LiDAR坐标系）| 总点数=6016 | x范围=[-45.17, 49.47]m | y范围=[-47.09, 47.13]m | z范围=[-8.58, 1.61]m | 强度均值=242.5 | 地面点比例=85.3%
# 注：64线激光雷达 ~13000点/帧 为正常，~6500点可能是 rotation_frequency 偏高（20Hz）
# 注：地面点比例 >70% 说明车体上点少，检测会困难

[PC_ON_NPC] 无世界坐标点云（可能ego_pose未就绪）
# 注：世界坐标点云为空（可能是定位位姿还没收到，或点云还没来）

[OBS] id=235 type=PEDESTRIAN(3) sub=0 pos=(102.72,-127.08,1.03) box=(0.01,0.01,0.93) theta=2.783 conf=0.349 tt=19.40 vel=0.00 dist=0.00 pts_in=0 pts_near=0 int_mean=0.0 gt=None(假阳性)
# OBS: id=235 | 类型=PEDESTRIAN | 置信度=0.349 | 位置=(102.72, -127.08, 1.03)m | 尺寸=0.01×0.01×0.93m | 朝向=2.783rad | 跟踪时长=19.40s | 距自车=0.0m | OBS框内点数=0 | gt=None(假阳性)
# 注：未匹配到GT，可能是假阳性或超出GT范围的远距离目标
# 注：⚠️ 置信度 0.349 < 0.5，可能被后处理滤掉

[MISS] npc_id=208 type=VEHICLE dist=25.94 rel_fwd=25.94 rel_right=0.07 pts_on_gt=0 pts_near_gt=0 reason=pts_in_box=0(完全无点云)
# 漏检: GT_NPC_208 | 类型=VEHICLE | 距自车=25.9m | 方位 前/右=(+25.9, +0.1)m | GT框内点数=0 | 根因=pts_in_box=0(完全无点云)
# 诊断：物理层问题：点没打到车上，请检查外参或LiDAR安装
# ⚠️ 重点关注：距自车仅25.9m的目标漏检，点云覆盖=0点

[MISS] npc_id=209 type=VEHICLE dist=67.00 rel_fwd=67.00 rel_right=0.05 pts_on_gt=0 pts_near_gt=0 reason=pts_in_box=0(完全无点云)
# 漏检: GT_NPC_209 | 类型=VEHICLE | 距自车=67.0m | 方位 前/右=(+67.0, +0.1)m | GT框内点数=0 | 根因=pts_in_box=0(完全无点云)
# 诊断：物理层问题：点没打到车上，请检查外参或LiDAR安装

[MATCH] frame=46 total_gt=2 detected=0 missed=2 missed_with_pts=0 missed_no_pts=2 false_positive=1
# 帧匹配汇总 | GT总数=2 | 检测到=0 | 漏检=2 | 误报=1
# 漏检中：有点云=0个 | 无点云=2个
# 注：有点云但漏检 → 模型或参数问题；无点云漏检 → 物理或坐标变换问题
# 距离分桶 | 近(0-15m): 0/0 | 中(15-30m): 0/1 | 远(>30m): 0/1

[FRAME] frame=47 ts=1783477434.921 gt_frame=68 ego_pose=False n_pc_pts=6037 n_gt_npc=2 n_obs=1 pc_dt_ms=100.2
# 帧号=47 | 仿真时间=1783477434.921s | GT帧=68 | 点云=6037点 | 帧间隔=100.2ms | CARLA NPC=2个 | 感知障碍物=1个
# 注：感知回调触发写入，点云和GT可能滞后0~2帧（取最新值）
# 注：点云帧间隔应稳定在 100ms（10Hz），如出现 300ms+ 说明有点云丢帧

[GT_EGO] id=197 x=107.000 y=-133.500 z=0.034 yaw=-0.000 vel=0.00
# 自车位姿（Apollo 坐标系）| 位置=(107.00, -133.50, 0.03)m | 朝向=-0.00rad | 速度=0.00m/s
# 注：坐标经 CARLA→Apollo 转换（y取反，yaw取反转弧度）

[GT_NPC] id=208 type=VEHICLE cx=132.943 cy=-133.429 cz=-499.071 half_l=2.302 half_w=0.966 half_h=0.927 yaw=-0.000 vel=0.00 dist=25.94 rel_fwd=25.94 rel_right=0.07
# GT_NPC: id=208 | 类型=VEHICLE | bbox中心=(132.94, -133.43, -499.07) | 尺寸=4.60×1.93×1.85m | 距自车=25.9m | 相对方位 前/右=(+25.9, +0.1)m
# 注：bbox中心是几何中心（t.transform(bbox.location)），不是rear axle在地面的位置
# 注：dist<30m 且 rel_fwd>0（前方）的目标是本次关注重点
[GT_NPC] id=209 type=VEHICLE cx=174.000 cy=-133.447 cz=-499.038 half_l=0.828 half_w=0.291 half_h=0.810 yaw=-1.571 vel=0.00 dist=67.00 rel_fwd=67.00 rel_right=0.05
# GT_NPC: id=209 | 类型=VEHICLE | bbox中心=(174.00, -133.45, -499.04) | 尺寸=1.66×0.58×1.62m | 距自车=67.0m | 相对方位 前/右=(+67.0, +0.1)m
# 注：bbox中心是几何中心（t.transform(bbox.location)），不是rear axle在地面的位置
# 注：dist<30m 且 rel_fwd>0（前方）的目标是本次关注重点

[PC] total=6037 x=[-45.17,49.47] y=[-46.48,47.19] z=[-8.58,1.61] int_mean=242.5 int_med=246.0 ground_pct=85.9
# 原始点云（LiDAR坐标系）| 总点数=6037 | x范围=[-45.17, 49.47]m | y范围=[-46.48, 47.19]m | z范围=[-8.58, 1.61]m | 强度均值=242.5 | 地面点比例=85.9%
# 注：64线激光雷达 ~13000点/帧 为正常，~6500点可能是 rotation_frequency 偏高（20Hz）
# 注：地面点比例 >70% 说明车体上点少，检测会困难

[PC_ON_NPC] 无世界坐标点云（可能ego_pose未就绪）
# 注：世界坐标点云为空（可能是定位位姿还没收到，或点云还没来）

[OBS] id=235 type=PEDESTRIAN(3) sub=0 pos=(102.72,-127.08,0.79) box=(0.01,0.01,1.17) theta=2.792 conf=0.307 tt=19.50 vel=0.00 dist=0.00 pts_in=0 pts_near=0 int_mean=0.0 gt=None(假阳性)
# OBS: id=235 | 类型=PEDESTRIAN | 置信度=0.307 | 位置=(102.72, -127.08, 0.79)m | 尺寸=0.01×0.01×1.17m | 朝向=2.792rad | 跟踪时长=19.50s | 距自车=0.0m | OBS框内点数=0 | gt=None(假阳性)
# 注：未匹配到GT，可能是假阳性或超出GT范围的远距离目标
# 注：⚠️ 置信度 0.307 < 0.5，可能被后处理滤掉

[MISS] npc_id=208 type=VEHICLE dist=25.94 rel_fwd=25.94 rel_right=0.07 pts_on_gt=0 pts_near_gt=0 reason=pts_in_box=0(完全无点云)
# 漏检: GT_NPC_208 | 类型=VEHICLE | 距自车=25.9m | 方位 前/右=(+25.9, +0.1)m | GT框内点数=0 | 根因=pts_in_box=0(完全无点云)
# 诊断：物理层问题：点没打到车上，请检查外参或LiDAR安装
# ⚠️ 重点关注：距自车仅25.9m的目标漏检，点云覆盖=0点

[MISS] npc_id=209 type=VEHICLE dist=67.00 rel_fwd=67.00 rel_right=0.05 pts_on_gt=0 pts_near_gt=0 reason=pts_in_box=0(完全无点云)
# 漏检: GT_NPC_209 | 类型=VEHICLE | 距自车=67.0m | 方位 前/右=(+67.0, +0.1)m | GT框内点数=0 | 根因=pts_in_box=0(完全无点云)
# 诊断：物理层问题：点没打到车上，请检查外参或LiDAR安装

[MATCH] frame=47 total_gt=2 detected=0 missed=2 missed_with_pts=0 missed_no_pts=2 false_positive=1
# 帧匹配汇总 | GT总数=2 | 检测到=0 | 漏检=2 | 误报=1
# 漏检中：有点云=0个 | 无点云=2个
# 注：有点云但漏检 → 模型或参数问题；无点云漏检 → 物理或坐标变换问题
# 距离分桶 | 近(0-15m): 0/0 | 中(15-30m): 0/1 | 远(>30m): 0/1

[FRAME] frame=48 ts=1783477435.013 gt_frame=69 ego_pose=False n_pc_pts=6036 n_gt_npc=2 n_obs=1 pc_dt_ms=100.0
# 帧号=48 | 仿真时间=1783477435.013s | GT帧=69 | 点云=6036点 | 帧间隔=100.0ms | CARLA NPC=2个 | 感知障碍物=1个
# 注：感知回调触发写入，点云和GT可能滞后0~2帧（取最新值）
# 注：点云帧间隔应稳定在 100ms（10Hz），如出现 300ms+ 说明有点云丢帧

[GT_EGO] id=197 x=107.000 y=-133.500 z=0.034 yaw=-0.000 vel=0.00
# 自车位姿（Apollo 坐标系）| 位置=(107.00, -133.50, 0.03)m | 朝向=-0.00rad | 速度=0.00m/s
# 注：坐标经 CARLA→Apollo 转换（y取反，yaw取反转弧度）

[GT_NPC] id=208 type=VEHICLE cx=132.943 cy=-133.429 cz=-499.071 half_l=2.302 half_w=0.966 half_h=0.927 yaw=-0.000 vel=0.00 dist=25.94 rel_fwd=25.94 rel_right=0.07
# GT_NPC: id=208 | 类型=VEHICLE | bbox中心=(132.94, -133.43, -499.07) | 尺寸=4.60×1.93×1.85m | 距自车=25.9m | 相对方位 前/右=(+25.9, +0.1)m
# 注：bbox中心是几何中心（t.transform(bbox.location)），不是rear axle在地面的位置
# 注：dist<30m 且 rel_fwd>0（前方）的目标是本次关注重点
[GT_NPC] id=209 type=VEHICLE cx=174.000 cy=-133.447 cz=-499.038 half_l=0.828 half_w=0.291 half_h=0.810 yaw=-1.571 vel=0.00 dist=67.00 rel_fwd=67.00 rel_right=0.05
# GT_NPC: id=209 | 类型=VEHICLE | bbox中心=(174.00, -133.45, -499.04) | 尺寸=1.66×0.58×1.62m | 距自车=67.0m | 相对方位 前/右=(+67.0, +0.1)m
# 注：bbox中心是几何中心（t.transform(bbox.location)），不是rear axle在地面的位置
# 注：dist<30m 且 rel_fwd>0（前方）的目标是本次关注重点

[PC] total=6036 x=[-45.17,49.47] y=[-47.09,46.88] z=[-8.37,1.68] int_mean=242.5 int_med=246.0 ground_pct=86.2
# 原始点云（LiDAR坐标系）| 总点数=6036 | x范围=[-45.17, 49.47]m | y范围=[-47.09, 46.88]m | z范围=[-8.37, 1.68]m | 强度均值=242.5 | 地面点比例=86.2%
# 注：64线激光雷达 ~13000点/帧 为正常，~6500点可能是 rotation_frequency 偏高（20Hz）
# 注：地面点比例 >70% 说明车体上点少，检测会困难

[PC_ON_NPC] 无世界坐标点云（可能ego_pose未就绪）
# 注：世界坐标点云为空（可能是定位位姿还没收到，或点云还没来）

[OBS] id=235 type=PEDESTRIAN(3) sub=0 pos=(102.72,-127.08,0.73) box=(0.01,0.01,1.23) theta=2.846 conf=0.313 tt=19.60 vel=0.00 dist=0.00 pts_in=0 pts_near=0 int_mean=0.0 gt=None(假阳性)
# OBS: id=235 | 类型=PEDESTRIAN | 置信度=0.313 | 位置=(102.72, -127.08, 0.73)m | 尺寸=0.01×0.01×1.23m | 朝向=2.846rad | 跟踪时长=19.60s | 距自车=0.0m | OBS框内点数=0 | gt=None(假阳性)
# 注：未匹配到GT，可能是假阳性或超出GT范围的远距离目标
# 注：⚠️ 置信度 0.313 < 0.5，可能被后处理滤掉

[MISS] npc_id=208 type=VEHICLE dist=25.94 rel_fwd=25.94 rel_right=0.07 pts_on_gt=0 pts_near_gt=0 reason=pts_in_box=0(完全无点云)
# 漏检: GT_NPC_208 | 类型=VEHICLE | 距自车=25.9m | 方位 前/右=(+25.9, +0.1)m | GT框内点数=0 | 根因=pts_in_box=0(完全无点云)
# 诊断：物理层问题：点没打到车上，请检查外参或LiDAR安装
# ⚠️ 重点关注：距自车仅25.9m的目标漏检，点云覆盖=0点

[MISS] npc_id=209 type=VEHICLE dist=67.00 rel_fwd=67.00 rel_right=0.05 pts_on_gt=0 pts_near_gt=0 reason=pts_in_box=0(完全无点云)
# 漏检: GT_NPC_209 | 类型=VEHICLE | 距自车=67.0m | 方位 前/右=(+67.0, +0.1)m | GT框内点数=0 | 根因=pts_in_box=0(完全无点云)
# 诊断：物理层问题：点没打到车上，请检查外参或LiDAR安装

[MATCH] frame=48 total_gt=2 detected=0 missed=2 missed_with_pts=0 missed_no_pts=2 false_positive=1
# 帧匹配汇总 | GT总数=2 | 检测到=0 | 漏检=2 | 误报=1
# 漏检中：有点云=0个 | 无点云=2个
# 注：有点云但漏检 → 模型或参数问题；无点云漏检 → 物理或坐标变换问题
# 距离分桶 | 近(0-15m): 0/0 | 中(15-30m): 0/1 | 远(>30m): 0/1

[FRAME] frame=49 ts=1783477435.136 gt_frame=70 ego_pose=False n_pc_pts=6049 n_gt_npc=2 n_obs=1 pc_dt_ms=100.0
# 帧号=49 | 仿真时间=1783477435.136s | GT帧=70 | 点云=6049点 | 帧间隔=100.0ms | CARLA NPC=2个 | 感知障碍物=1个
# 注：感知回调触发写入，点云和GT可能滞后0~2帧（取最新值）
# 注：点云帧间隔应稳定在 100ms（10Hz），如出现 300ms+ 说明有点云丢帧

[GT_EGO] id=197 x=107.000 y=-133.500 z=0.034 yaw=-0.000 vel=0.00
# 自车位姿（Apollo 坐标系）| 位置=(107.00, -133.50, 0.03)m | 朝向=-0.00rad | 速度=0.00m/s
# 注：坐标经 CARLA→Apollo 转换（y取反，yaw取反转弧度）

[GT_NPC] id=208 type=VEHICLE cx=132.943 cy=-133.429 cz=-499.071 half_l=2.302 half_w=0.966 half_h=0.927 yaw=-0.000 vel=0.00 dist=25.94 rel_fwd=25.94 rel_right=0.07
# GT_NPC: id=208 | 类型=VEHICLE | bbox中心=(132.94, -133.43, -499.07) | 尺寸=4.60×1.93×1.85m | 距自车=25.9m | 相对方位 前/右=(+25.9, +0.1)m
# 注：bbox中心是几何中心（t.transform(bbox.location)），不是rear axle在地面的位置
# 注：dist<30m 且 rel_fwd>0（前方）的目标是本次关注重点
[GT_NPC] id=209 type=VEHICLE cx=174.000 cy=-133.447 cz=-499.038 half_l=0.828 half_w=0.291 half_h=0.810 yaw=-1.571 vel=0.00 dist=67.00 rel_fwd=67.00 rel_right=0.05
# GT_NPC: id=209 | 类型=VEHICLE | bbox中心=(174.00, -133.45, -499.04) | 尺寸=1.66×0.58×1.62m | 距自车=67.0m | 相对方位 前/右=(+67.0, +0.1)m
# 注：bbox中心是几何中心（t.transform(bbox.location)），不是rear axle在地面的位置
# 注：dist<30m 且 rel_fwd>0（前方）的目标是本次关注重点

[PC] total=6049 x=[-43.62,49.47] y=[-47.09,47.20] z=[-8.58,1.59] int_mean=242.6 int_med=246.0 ground_pct=85.9
# 原始点云（LiDAR坐标系）| 总点数=6049 | x范围=[-43.62, 49.47]m | y范围=[-47.09, 47.20]m | z范围=[-8.58, 1.59]m | 强度均值=242.6 | 地面点比例=85.9%
# 注：64线激光雷达 ~13000点/帧 为正常，~6500点可能是 rotation_frequency 偏高（20Hz）
# 注：地面点比例 >70% 说明车体上点少，检测会困难

[PC_ON_NPC] 无世界坐标点云（可能ego_pose未就绪）
# 注：世界坐标点云为空（可能是定位位姿还没收到，或点云还没来）

[OBS] id=235 type=PEDESTRIAN(3) sub=0 pos=(102.72,-127.08,0.73) box=(0.01,0.01,1.23) theta=2.886 conf=0.304 tt=19.70 vel=0.00 dist=0.00 pts_in=0 pts_near=0 int_mean=0.0 gt=None(假阳性)
# OBS: id=235 | 类型=PEDESTRIAN | 置信度=0.304 | 位置=(102.72, -127.08, 0.73)m | 尺寸=0.01×0.01×1.23m | 朝向=2.886rad | 跟踪时长=19.70s | 距自车=0.0m | OBS框内点数=0 | gt=None(假阳性)
# 注：未匹配到GT，可能是假阳性或超出GT范围的远距离目标
# 注：⚠️ 置信度 0.304 < 0.5，可能被后处理滤掉

[MISS] npc_id=208 type=VEHICLE dist=25.94 rel_fwd=25.94 rel_right=0.07 pts_on_gt=0 pts_near_gt=0 reason=pts_in_box=0(完全无点云)
# 漏检: GT_NPC_208 | 类型=VEHICLE | 距自车=25.9m | 方位 前/右=(+25.9, +0.1)m | GT框内点数=0 | 根因=pts_in_box=0(完全无点云)
# 诊断：物理层问题：点没打到车上，请检查外参或LiDAR安装
# ⚠️ 重点关注：距自车仅25.9m的目标漏检，点云覆盖=0点

[MISS] npc_id=209 type=VEHICLE dist=67.00 rel_fwd=67.00 rel_right=0.05 pts_on_gt=0 pts_near_gt=0 reason=pts_in_box=0(完全无点云)
# 漏检: GT_NPC_209 | 类型=VEHICLE | 距自车=67.0m | 方位 前/右=(+67.0, +0.1)m | GT框内点数=0 | 根因=pts_in_box=0(完全无点云)
# 诊断：物理层问题：点没打到车上，请检查外参或LiDAR安装

[MATCH] frame=49 total_gt=2 detected=0 missed=2 missed_with_pts=0 missed_no_pts=2 false_positive=1
# 帧匹配汇总 | GT总数=2 | 检测到=0 | 漏检=2 | 误报=1
# 漏检中：有点云=0个 | 无点云=2个
# 注：有点云但漏检 → 模型或参数问题；无点云漏检 → 物理或坐标变换问题
# 距离分桶 | 近(0-15m): 0/0 | 中(15-30m): 0/1 | 远(>30m): 0/1

[FRAME] frame=50 ts=1783477435.213 gt_frame=71 ego_pose=False n_pc_pts=6010 n_gt_npc=2 n_obs=2 pc_dt_ms=100.0
# 帧号=50 | 仿真时间=1783477435.213s | GT帧=71 | 点云=6010点 | 帧间隔=100.0ms | CARLA NPC=2个 | 感知障碍物=2个
# 注：感知回调触发写入，点云和GT可能滞后0~2帧（取最新值）
# 注：点云帧间隔应稳定在 100ms（10Hz），如出现 300ms+ 说明有点云丢帧

[GT_EGO] id=197 x=107.000 y=-133.500 z=0.034 yaw=-0.000 vel=0.00
# 自车位姿（Apollo 坐标系）| 位置=(107.00, -133.50, 0.03)m | 朝向=-0.00rad | 速度=0.00m/s
# 注：坐标经 CARLA→Apollo 转换（y取反，yaw取反转弧度）

[GT_NPC] id=208 type=VEHICLE cx=132.943 cy=-133.429 cz=-499.071 half_l=2.302 half_w=0.966 half_h=0.927 yaw=-0.000 vel=0.00 dist=25.94 rel_fwd=25.94 rel_right=0.07
# GT_NPC: id=208 | 类型=VEHICLE | bbox中心=(132.94, -133.43, -499.07) | 尺寸=4.60×1.93×1.85m | 距自车=25.9m | 相对方位 前/右=(+25.9, +0.1)m
# 注：bbox中心是几何中心（t.transform(bbox.location)），不是rear axle在地面的位置
# 注：dist<30m 且 rel_fwd>0（前方）的目标是本次关注重点
[GT_NPC] id=209 type=VEHICLE cx=174.000 cy=-133.447 cz=-499.038 half_l=0.828 half_w=0.291 half_h=0.810 yaw=-1.571 vel=0.00 dist=67.00 rel_fwd=67.00 rel_right=0.05
# GT_NPC: id=209 | 类型=VEHICLE | bbox中心=(174.00, -133.45, -499.04) | 尺寸=1.66×0.58×1.62m | 距自车=67.0m | 相对方位 前/右=(+67.0, +0.1)m
# 注：bbox中心是几何中心（t.transform(bbox.location)），不是rear axle在地面的位置
# 注：dist<30m 且 rel_fwd>0（前方）的目标是本次关注重点

[PC] total=6010 x=[-44.96,49.47] y=[-47.09,47.19] z=[-8.58,1.68] int_mean=242.4 int_med=245.0 ground_pct=85.9
# 原始点云（LiDAR坐标系）| 总点数=6010 | x范围=[-44.96, 49.47]m | y范围=[-47.09, 47.19]m | z范围=[-8.58, 1.68]m | 强度均值=242.4 | 地面点比例=85.9%
# 注：64线激光雷达 ~13000点/帧 为正常，~6500点可能是 rotation_frequency 偏高（20Hz）
# 注：地面点比例 >70% 说明车体上点少，检测会困难

[PC_ON_NPC] 无世界坐标点云（可能ego_pose未就绪）
# 注：世界坐标点云为空（可能是定位位姿还没收到，或点云还没来）

[OBS] id=235 type=PEDESTRIAN(3) sub=0 pos=(102.72,-127.08,0.73) box=(0.01,0.01,1.06) theta=2.859 conf=0.308 tt=19.80 vel=0.00 dist=0.00 pts_in=0 pts_near=0 int_mean=0.0 gt=None(假阳性)
# OBS: id=235 | 类型=PEDESTRIAN | 置信度=0.308 | 位置=(102.72, -127.08, 0.73)m | 尺寸=0.01×0.01×1.06m | 朝向=2.859rad | 跟踪时长=19.80s | 距自车=0.0m | OBS框内点数=0 | gt=None(假阳性)
# 注：未匹配到GT，可能是假阳性或超出GT范围的远距离目标
# 注：⚠️ 置信度 0.308 < 0.5，可能被后处理滤掉

[OBS] id=250 type=UNKNOWN(0) sub=0 pos=(118.46,-127.43,0.26) box=(0.02,0.02,0.49) theta=0.422 conf=0.568 tt=0.30 vel=0.00 dist=0.00 pts_in=0 pts_near=0 int_mean=0.0 gt=None(假阳性)
# OBS: id=250 | 类型=UNKNOWN | 置信度=0.568 | 位置=(118.46, -127.43, 0.26)m | 尺寸=0.02×0.02×0.49m | 朝向=0.422rad | 跟踪时长=0.30s | 距自车=0.0m | OBS框内点数=0 | gt=None(假阳性)
# 注：未匹配到GT，可能是假阳性或超出GT范围的远距离目标
# 注：⚠️ 跟踪时长 0.30s < 1s，刚出现的不稳定目标

[MISS] npc_id=208 type=VEHICLE dist=25.94 rel_fwd=25.94 rel_right=0.07 pts_on_gt=0 pts_near_gt=0 reason=pts_in_box=0(完全无点云)
# 漏检: GT_NPC_208 | 类型=VEHICLE | 距自车=25.9m | 方位 前/右=(+25.9, +0.1)m | GT框内点数=0 | 根因=pts_in_box=0(完全无点云)
# 诊断：物理层问题：点没打到车上，请检查外参或LiDAR安装
# ⚠️ 重点关注：距自车仅25.9m的目标漏检，点云覆盖=0点

[MISS] npc_id=209 type=VEHICLE dist=67.00 rel_fwd=67.00 rel_right=0.05 pts_on_gt=0 pts_near_gt=0 reason=pts_in_box=0(完全无点云)
# 漏检: GT_NPC_209 | 类型=VEHICLE | 距自车=67.0m | 方位 前/右=(+67.0, +0.1)m | GT框内点数=0 | 根因=pts_in_box=0(完全无点云)
# 诊断：物理层问题：点没打到车上，请检查外参或LiDAR安装

[MATCH] frame=50 total_gt=2 detected=0 missed=2 missed_with_pts=0 missed_no_pts=2 false_positive=2
# 帧匹配汇总 | GT总数=2 | 检测到=0 | 漏检=2 | 误报=2
# 漏检中：有点云=0个 | 无点云=2个
# 注：有点云但漏检 → 模型或参数问题；无点云漏检 → 物理或坐标变换问题
# 距离分桶 | 近(0-15m): 0/0 | 中(15-30m): 0/1 | 远(>30m): 0/1

[FRAME] frame=51 ts=1783477435.323 gt_frame=72 ego_pose=False n_pc_pts=6054 n_gt_npc=2 n_obs=2 pc_dt_ms=100.1
# 帧号=51 | 仿真时间=1783477435.323s | GT帧=72 | 点云=6054点 | 帧间隔=100.1ms | CARLA NPC=2个 | 感知障碍物=2个
# 注：感知回调触发写入，点云和GT可能滞后0~2帧（取最新值）
# 注：点云帧间隔应稳定在 100ms（10Hz），如出现 300ms+ 说明有点云丢帧

[GT_EGO] id=197 x=107.000 y=-133.500 z=0.034 yaw=-0.000 vel=0.00
# 自车位姿（Apollo 坐标系）| 位置=(107.00, -133.50, 0.03)m | 朝向=-0.00rad | 速度=0.00m/s
# 注：坐标经 CARLA→Apollo 转换（y取反，yaw取反转弧度）

[GT_NPC] id=208 type=VEHICLE cx=132.943 cy=-133.429 cz=-499.071 half_l=2.302 half_w=0.966 half_h=0.927 yaw=-0.000 vel=0.00 dist=25.94 rel_fwd=25.94 rel_right=0.07
# GT_NPC: id=208 | 类型=VEHICLE | bbox中心=(132.94, -133.43, -499.07) | 尺寸=4.60×1.93×1.85m | 距自车=25.9m | 相对方位 前/右=(+25.9, +0.1)m
# 注：bbox中心是几何中心（t.transform(bbox.location)），不是rear axle在地面的位置
# 注：dist<30m 且 rel_fwd>0（前方）的目标是本次关注重点
[GT_NPC] id=209 type=VEHICLE cx=174.000 cy=-133.447 cz=-499.038 half_l=0.828 half_w=0.291 half_h=0.810 yaw=-1.571 vel=0.00 dist=67.00 rel_fwd=67.00 rel_right=0.05
# GT_NPC: id=209 | 类型=VEHICLE | bbox中心=(174.00, -133.45, -499.04) | 尺寸=1.66×0.58×1.62m | 距自车=67.0m | 相对方位 前/右=(+67.0, +0.1)m
# 注：bbox中心是几何中心（t.transform(bbox.location)），不是rear axle在地面的位置
# 注：dist<30m 且 rel_fwd>0（前方）的目标是本次关注重点

[PC] total=6054 x=[-45.17,49.47] y=[-46.48,47.20] z=[-8.58,1.68] int_mean=242.4 int_med=246.0 ground_pct=86.2
# 原始点云（LiDAR坐标系）| 总点数=6054 | x范围=[-45.17, 49.47]m | y范围=[-46.48, 47.20]m | z范围=[-8.58, 1.68]m | 强度均值=242.4 | 地面点比例=86.2%
# 注：64线激光雷达 ~13000点/帧 为正常，~6500点可能是 rotation_frequency 偏高（20Hz）
# 注：地面点比例 >70% 说明车体上点少，检测会困难

[PC_ON_NPC] 无世界坐标点云（可能ego_pose未就绪）
# 注：世界坐标点云为空（可能是定位位姿还没收到，或点云还没来）

[OBS] id=235 type=PEDESTRIAN(3) sub=0 pos=(102.72,-127.08,0.67) box=(0.01,0.01,1.29) theta=2.967 conf=0.310 tt=19.90 vel=0.00 dist=0.00 pts_in=0 pts_near=0 int_mean=0.0 gt=None(假阳性)
# OBS: id=235 | 类型=PEDESTRIAN | 置信度=0.310 | 位置=(102.72, -127.08, 0.67)m | 尺寸=0.01×0.01×1.29m | 朝向=2.967rad | 跟踪时长=19.90s | 距自车=0.0m | OBS框内点数=0 | gt=None(假阳性)
# 注：未匹配到GT，可能是假阳性或超出GT范围的远距离目标
# 注：⚠️ 置信度 0.310 < 0.5，可能被后处理滤掉

[OBS] id=250 type=UNKNOWN(0) sub=0 pos=(118.52,-127.39,0.76) box=(0.11,0.04,0.28) theta=0.168 conf=0.569 tt=0.40 vel=0.00 dist=0.00 pts_in=0 pts_near=0 int_mean=0.0 gt=None(假阳性)
# OBS: id=250 | 类型=UNKNOWN | 置信度=0.569 | 位置=(118.52, -127.39, 0.76)m | 尺寸=0.11×0.04×0.28m | 朝向=0.168rad | 跟踪时长=0.40s | 距自车=0.0m | OBS框内点数=0 | gt=None(假阳性)
# 注：未匹配到GT，可能是假阳性或超出GT范围的远距离目标
# 注：⚠️ 跟踪时长 0.40s < 1s，刚出现的不稳定目标

[MISS] npc_id=208 type=VEHICLE dist=25.94 rel_fwd=25.94 rel_right=0.07 pts_on_gt=0 pts_near_gt=0 reason=pts_in_box=0(完全无点云)
# 漏检: GT_NPC_208 | 类型=VEHICLE | 距自车=25.9m | 方位 前/右=(+25.9, +0.1)m | GT框内点数=0 | 根因=pts_in_box=0(完全无点云)
# 诊断：物理层问题：点没打到车上，请检查外参或LiDAR安装
# ⚠️ 重点关注：距自车仅25.9m的目标漏检，点云覆盖=0点

[MISS] npc_id=209 type=VEHICLE dist=67.00 rel_fwd=67.00 rel_right=0.05 pts_on_gt=0 pts_near_gt=0 reason=pts_in_box=0(完全无点云)
# 漏检: GT_NPC_209 | 类型=VEHICLE | 距自车=67.0m | 方位 前/右=(+67.0, +0.1)m | GT框内点数=0 | 根因=pts_in_box=0(完全无点云)
# 诊断：物理层问题：点没打到车上，请检查外参或LiDAR安装

[MATCH] frame=51 total_gt=2 detected=0 missed=2 missed_with_pts=0 missed_no_pts=2 false_positive=2
# 帧匹配汇总 | GT总数=2 | 检测到=0 | 漏检=2 | 误报=2
# 漏检中：有点云=0个 | 无点云=2个
# 注：有点云但漏检 → 模型或参数问题；无点云漏检 → 物理或坐标变换问题
# 距离分桶 | 近(0-15m): 0/0 | 中(15-30m): 0/1 | 远(>30m): 0/1

[FRAME] frame=52 ts=1783477435.413 gt_frame=73 ego_pose=False n_pc_pts=5961 n_gt_npc=2 n_obs=1 pc_dt_ms=100.0
# 帧号=52 | 仿真时间=1783477435.413s | GT帧=73 | 点云=5961点 | 帧间隔=100.0ms | CARLA NPC=2个 | 感知障碍物=1个
# 注：感知回调触发写入，点云和GT可能滞后0~2帧（取最新值）
# 注：点云帧间隔应稳定在 100ms（10Hz），如出现 300ms+ 说明有点云丢帧

[GT_EGO] id=197 x=107.000 y=-133.500 z=0.034 yaw=-0.000 vel=0.00
# 自车位姿（Apollo 坐标系）| 位置=(107.00, -133.50, 0.03)m | 朝向=-0.00rad | 速度=0.00m/s
# 注：坐标经 CARLA→Apollo 转换（y取反，yaw取反转弧度）

[GT_NPC] id=208 type=VEHICLE cx=132.943 cy=-133.429 cz=-499.071 half_l=2.302 half_w=0.966 half_h=0.927 yaw=-0.000 vel=0.00 dist=25.94 rel_fwd=25.94 rel_right=0.07
# GT_NPC: id=208 | 类型=VEHICLE | bbox中心=(132.94, -133.43, -499.07) | 尺寸=4.60×1.93×1.85m | 距自车=25.9m | 相对方位 前/右=(+25.9, +0.1)m
# 注：bbox中心是几何中心（t.transform(bbox.location)），不是rear axle在地面的位置
# 注：dist<30m 且 rel_fwd>0（前方）的目标是本次关注重点
[GT_NPC] id=209 type=VEHICLE cx=174.000 cy=-133.447 cz=-499.038 half_l=0.828 half_w=0.291 half_h=0.810 yaw=-1.571 vel=0.00 dist=67.00 rel_fwd=67.00 rel_right=0.05
# GT_NPC: id=209 | 类型=VEHICLE | bbox中心=(174.00, -133.45, -499.04) | 尺寸=1.66×0.58×1.62m | 距自车=67.0m | 相对方位 前/右=(+67.0, +0.1)m
# 注：bbox中心是几何中心（t.transform(bbox.location)），不是rear axle在地面的位置
# 注：dist<30m 且 rel_fwd>0（前方）的目标是本次关注重点

[PC] total=5961 x=[-45.17,49.47] y=[-45.30,47.22] z=[-8.58,1.59] int_mean=242.5 int_med=246.0 ground_pct=86.0
# 原始点云（LiDAR坐标系）| 总点数=5961 | x范围=[-45.17, 49.47]m | y范围=[-45.30, 47.22]m | z范围=[-8.58, 1.59]m | 强度均值=242.5 | 地面点比例=86.0%
# 注：64线激光雷达 ~13000点/帧 为正常，~6500点可能是 rotation_frequency 偏高（20Hz）
# 注：地面点比例 >70% 说明车体上点少，检测会困难

[PC_ON_NPC] 无世界坐标点云（可能ego_pose未就绪）
# 注：世界坐标点云为空（可能是定位位姿还没收到，或点云还没来）

[OBS] id=235 type=PEDESTRIAN(3) sub=0 pos=(102.72,-127.08,0.73) box=(0.01,0.01,1.23) theta=2.862 conf=0.357 tt=20.00 vel=0.00 dist=0.00 pts_in=0 pts_near=0 int_mean=0.0 gt=None(假阳性)
# OBS: id=235 | 类型=PEDESTRIAN | 置信度=0.357 | 位置=(102.72, -127.08, 0.73)m | 尺寸=0.01×0.01×1.23m | 朝向=2.862rad | 跟踪时长=20.00s | 距自车=0.0m | OBS框内点数=0 | gt=None(假阳性)
# 注：未匹配到GT，可能是假阳性或超出GT范围的远距离目标
# 注：⚠️ 置信度 0.357 < 0.5，可能被后处理滤掉

[MISS] npc_id=208 type=VEHICLE dist=25.94 rel_fwd=25.94 rel_right=0.07 pts_on_gt=0 pts_near_gt=0 reason=pts_in_box=0(完全无点云)
# 漏检: GT_NPC_208 | 类型=VEHICLE | 距自车=25.9m | 方位 前/右=(+25.9, +0.1)m | GT框内点数=0 | 根因=pts_in_box=0(完全无点云)
# 诊断：物理层问题：点没打到车上，请检查外参或LiDAR安装
# ⚠️ 重点关注：距自车仅25.9m的目标漏检，点云覆盖=0点

[MISS] npc_id=209 type=VEHICLE dist=67.00 rel_fwd=67.00 rel_right=0.05 pts_on_gt=0 pts_near_gt=0 reason=pts_in_box=0(完全无点云)
# 漏检: GT_NPC_209 | 类型=VEHICLE | 距自车=67.0m | 方位 前/右=(+67.0, +0.1)m | GT框内点数=0 | 根因=pts_in_box=0(完全无点云)
# 诊断：物理层问题：点没打到车上，请检查外参或LiDAR安装

[MATCH] frame=52 total_gt=2 detected=0 missed=2 missed_with_pts=0 missed_no_pts=2 false_positive=1
# 帧匹配汇总 | GT总数=2 | 检测到=0 | 漏检=2 | 误报=1
# 漏检中：有点云=0个 | 无点云=2个
# 注：有点云但漏检 → 模型或参数问题；无点云漏检 → 物理或坐标变换问题
# 距离分桶 | 近(0-15m): 0/0 | 中(15-30m): 0/1 | 远(>30m): 0/1

[FRAME] frame=53 ts=1783477435.551 gt_frame=74 ego_pose=False n_pc_pts=6177 n_gt_npc=2 n_obs=1 pc_dt_ms=100.0
# 帧号=53 | 仿真时间=1783477435.551s | GT帧=74 | 点云=6177点 | 帧间隔=100.0ms | CARLA NPC=2个 | 感知障碍物=1个
# 注：感知回调触发写入，点云和GT可能滞后0~2帧（取最新值）
# 注：点云帧间隔应稳定在 100ms（10Hz），如出现 300ms+ 说明有点云丢帧

[GT_EGO] id=197 x=107.000 y=-133.500 z=0.034 yaw=-0.000 vel=0.00
# 自车位姿（Apollo 坐标系）| 位置=(107.00, -133.50, 0.03)m | 朝向=-0.00rad | 速度=0.00m/s
# 注：坐标经 CARLA→Apollo 转换（y取反，yaw取反转弧度）

[GT_NPC] id=208 type=VEHICLE cx=132.943 cy=-133.429 cz=-499.071 half_l=2.302 half_w=0.966 half_h=0.927 yaw=-0.000 vel=0.00 dist=25.94 rel_fwd=25.94 rel_right=0.07
# GT_NPC: id=208 | 类型=VEHICLE | bbox中心=(132.94, -133.43, -499.07) | 尺寸=4.60×1.93×1.85m | 距自车=25.9m | 相对方位 前/右=(+25.9, +0.1)m
# 注：bbox中心是几何中心（t.transform(bbox.location)），不是rear axle在地面的位置
# 注：dist<30m 且 rel_fwd>0（前方）的目标是本次关注重点
[GT_NPC] id=209 type=VEHICLE cx=174.000 cy=-133.447 cz=-499.038 half_l=0.828 half_w=0.291 half_h=0.810 yaw=-1.571 vel=0.00 dist=67.00 rel_fwd=67.00 rel_right=0.05
# GT_NPC: id=209 | 类型=VEHICLE | bbox中心=(174.00, -133.45, -499.04) | 尺寸=1.66×0.58×1.62m | 距自车=67.0m | 相对方位 前/右=(+67.0, +0.1)m
# 注：bbox中心是几何中心（t.transform(bbox.location)），不是rear axle在地面的位置
# 注：dist<30m 且 rel_fwd>0（前方）的目标是本次关注重点

[PC] total=6177 x=[-44.96,49.47] y=[-47.09,47.20] z=[-8.58,1.68] int_mean=242.7 int_med=246.0 ground_pct=86.0
# 原始点云（LiDAR坐标系）| 总点数=6177 | x范围=[-44.96, 49.47]m | y范围=[-47.09, 47.20]m | z范围=[-8.58, 1.68]m | 强度均值=242.7 | 地面点比例=86.0%
# 注：64线激光雷达 ~13000点/帧 为正常，~6500点可能是 rotation_frequency 偏高（20Hz）
# 注：地面点比例 >70% 说明车体上点少，检测会困难

[PC_ON_NPC] 无世界坐标点云（可能ego_pose未就绪）
# 注：世界坐标点云为空（可能是定位位姿还没收到，或点云还没来）

[OBS] id=235 type=PEDESTRIAN(3) sub=0 pos=(102.72,-127.08,0.85) box=(0.01,0.01,1.11) theta=2.871 conf=0.351 tt=20.10 vel=0.00 dist=0.00 pts_in=0 pts_near=0 int_mean=0.0 gt=None(假阳性)
# OBS: id=235 | 类型=PEDESTRIAN | 置信度=0.351 | 位置=(102.72, -127.08, 0.85)m | 尺寸=0.01×0.01×1.11m | 朝向=2.871rad | 跟踪时长=20.10s | 距自车=0.0m | OBS框内点数=0 | gt=None(假阳性)
# 注：未匹配到GT，可能是假阳性或超出GT范围的远距离目标
# 注：⚠️ 置信度 0.351 < 0.5，可能被后处理滤掉

[MISS] npc_id=208 type=VEHICLE dist=25.94 rel_fwd=25.94 rel_right=0.07 pts_on_gt=0 pts_near_gt=0 reason=pts_in_box=0(完全无点云)
# 漏检: GT_NPC_208 | 类型=VEHICLE | 距自车=25.9m | 方位 前/右=(+25.9, +0.1)m | GT框内点数=0 | 根因=pts_in_box=0(完全无点云)
# 诊断：物理层问题：点没打到车上，请检查外参或LiDAR安装
# ⚠️ 重点关注：距自车仅25.9m的目标漏检，点云覆盖=0点

[MISS] npc_id=209 type=VEHICLE dist=67.00 rel_fwd=67.00 rel_right=0.05 pts_on_gt=0 pts_near_gt=0 reason=pts_in_box=0(完全无点云)
# 漏检: GT_NPC_209 | 类型=VEHICLE | 距自车=67.0m | 方位 前/右=(+67.0, +0.1)m | GT框内点数=0 | 根因=pts_in_box=0(完全无点云)
# 诊断：物理层问题：点没打到车上，请检查外参或LiDAR安装

[MATCH] frame=53 total_gt=2 detected=0 missed=2 missed_with_pts=0 missed_no_pts=2 false_positive=1
# 帧匹配汇总 | GT总数=2 | 检测到=0 | 漏检=2 | 误报=1
# 漏检中：有点云=0个 | 无点云=2个
# 注：有点云但漏检 → 模型或参数问题；无点云漏检 → 物理或坐标变换问题
# 距离分桶 | 近(0-15m): 0/0 | 中(15-30m): 0/1 | 远(>30m): 0/1

[FRAME] frame=54 ts=1783477435.637 gt_frame=75 ego_pose=False n_pc_pts=6138 n_gt_npc=2 n_obs=2 pc_dt_ms=99.9
# 帧号=54 | 仿真时间=1783477435.637s | GT帧=75 | 点云=6138点 | 帧间隔=99.9ms | CARLA NPC=2个 | 感知障碍物=2个
# 注：感知回调触发写入，点云和GT可能滞后0~2帧（取最新值）
# 注：点云帧间隔应稳定在 100ms（10Hz），如出现 300ms+ 说明有点云丢帧

[GT_EGO] id=197 x=107.000 y=-133.500 z=0.034 yaw=-0.000 vel=0.00
# 自车位姿（Apollo 坐标系）| 位置=(107.00, -133.50, 0.03)m | 朝向=-0.00rad | 速度=0.00m/s
# 注：坐标经 CARLA→Apollo 转换（y取反，yaw取反转弧度）

[GT_NPC] id=208 type=VEHICLE cx=132.943 cy=-133.429 cz=-499.071 half_l=2.302 half_w=0.966 half_h=0.927 yaw=-0.000 vel=0.00 dist=25.94 rel_fwd=25.94 rel_right=0.07
# GT_NPC: id=208 | 类型=VEHICLE | bbox中心=(132.94, -133.43, -499.07) | 尺寸=4.60×1.93×1.85m | 距自车=25.9m | 相对方位 前/右=(+25.9, +0.1)m
# 注：bbox中心是几何中心（t.transform(bbox.location)），不是rear axle在地面的位置
# 注：dist<30m 且 rel_fwd>0（前方）的目标是本次关注重点
[GT_NPC] id=209 type=VEHICLE cx=174.000 cy=-133.447 cz=-499.038 half_l=0.828 half_w=0.291 half_h=0.810 yaw=-1.571 vel=0.00 dist=67.00 rel_fwd=67.00 rel_right=0.05
# GT_NPC: id=209 | 类型=VEHICLE | bbox中心=(174.00, -133.45, -499.04) | 尺寸=1.66×0.58×1.62m | 距自车=67.0m | 相对方位 前/右=(+67.0, +0.1)m
# 注：bbox中心是几何中心（t.transform(bbox.location)），不是rear axle在地面的位置
# 注：dist<30m 且 rel_fwd>0（前方）的目标是本次关注重点

[PC] total=6138 x=[-45.17,49.47] y=[-47.09,47.22] z=[-8.51,1.68] int_mean=242.6 int_med=246.0 ground_pct=86.2
# 原始点云（LiDAR坐标系）| 总点数=6138 | x范围=[-45.17, 49.47]m | y范围=[-47.09, 47.22]m | z范围=[-8.51, 1.68]m | 强度均值=242.6 | 地面点比例=86.2%
# 注：64线激光雷达 ~13000点/帧 为正常，~6500点可能是 rotation_frequency 偏高（20Hz）
# 注：地面点比例 >70% 说明车体上点少，检测会困难

[PC_ON_NPC] 无世界坐标点云（可能ego_pose未就绪）
# 注：世界坐标点云为空（可能是定位位姿还没收到，或点云还没来）

[OBS] id=235 type=PEDESTRIAN(3) sub=0 pos=(102.72,-127.08,0.79) box=(0.01,0.01,1.17) theta=2.957 conf=0.309 tt=20.20 vel=0.00 dist=0.00 pts_in=0 pts_near=0 int_mean=0.0 gt=None(假阳性)
# OBS: id=235 | 类型=PEDESTRIAN | 置信度=0.309 | 位置=(102.72, -127.08, 0.79)m | 尺寸=0.01×0.01×1.17m | 朝向=2.957rad | 跟踪时长=20.20s | 距自车=0.0m | OBS框内点数=0 | gt=None(假阳性)
# 注：未匹配到GT，可能是假阳性或超出GT范围的远距离目标
# 注：⚠️ 置信度 0.309 < 0.5，可能被后处理滤掉

[OBS] id=250 type=UNKNOWN(0) sub=0 pos=(118.47,-127.42,0.26) box=(0.21,0.06,0.77) theta=0.761 conf=0.576 tt=0.70 vel=0.00 dist=0.00 pts_in=0 pts_near=0 int_mean=0.0 gt=None(假阳性)
# OBS: id=250 | 类型=UNKNOWN | 置信度=0.576 | 位置=(118.47, -127.42, 0.26)m | 尺寸=0.21×0.06×0.77m | 朝向=0.761rad | 跟踪时长=0.70s | 距自车=0.0m | OBS框内点数=0 | gt=None(假阳性)
# 注：未匹配到GT，可能是假阳性或超出GT范围的远距离目标
# 注：⚠️ 跟踪时长 0.70s < 1s，刚出现的不稳定目标

[MISS] npc_id=208 type=VEHICLE dist=25.94 rel_fwd=25.94 rel_right=0.07 pts_on_gt=0 pts_near_gt=0 reason=pts_in_box=0(完全无点云)
# 漏检: GT_NPC_208 | 类型=VEHICLE | 距自车=25.9m | 方位 前/右=(+25.9, +0.1)m | GT框内点数=0 | 根因=pts_in_box=0(完全无点云)
# 诊断：物理层问题：点没打到车上，请检查外参或LiDAR安装
# ⚠️ 重点关注：距自车仅25.9m的目标漏检，点云覆盖=0点

[MISS] npc_id=209 type=VEHICLE dist=67.00 rel_fwd=67.00 rel_right=0.05 pts_on_gt=0 pts_near_gt=0 reason=pts_in_box=0(完全无点云)
# 漏检: GT_NPC_209 | 类型=VEHICLE | 距自车=67.0m | 方位 前/右=(+67.0, +0.1)m | GT框内点数=0 | 根因=pts_in_box=0(完全无点云)
# 诊断：物理层问题：点没打到车上，请检查外参或LiDAR安装

[MATCH] frame=54 total_gt=2 detected=0 missed=2 missed_with_pts=0 missed_no_pts=2 false_positive=2
# 帧匹配汇总 | GT总数=2 | 检测到=0 | 漏检=2 | 误报=2
# 漏检中：有点云=0个 | 无点云=2个
# 注：有点云但漏检 → 模型或参数问题；无点云漏检 → 物理或坐标变换问题
# 距离分桶 | 近(0-15m): 0/0 | 中(15-30m): 0/1 | 远(>30m): 0/1

[FRAME] frame=55 ts=1783477435.715 gt_frame=76 ego_pose=False n_pc_pts=6138 n_gt_npc=2 n_obs=2 pc_dt_ms=99.9
# 帧号=55 | 仿真时间=1783477435.715s | GT帧=76 | 点云=6138点 | 帧间隔=99.9ms | CARLA NPC=2个 | 感知障碍物=2个
# 注：感知回调触发写入，点云和GT可能滞后0~2帧（取最新值）
# 注：点云帧间隔应稳定在 100ms（10Hz），如出现 300ms+ 说明有点云丢帧

[GT_EGO] id=197 x=107.000 y=-133.500 z=0.034 yaw=-0.000 vel=0.00
# 自车位姿（Apollo 坐标系）| 位置=(107.00, -133.50, 0.03)m | 朝向=-0.00rad | 速度=0.00m/s
# 注：坐标经 CARLA→Apollo 转换（y取反，yaw取反转弧度）

[GT_NPC] id=208 type=VEHICLE cx=132.943 cy=-133.429 cz=-499.071 half_l=2.302 half_w=0.966 half_h=0.927 yaw=-0.000 vel=0.00 dist=25.94 rel_fwd=25.94 rel_right=0.07
# GT_NPC: id=208 | 类型=VEHICLE | bbox中心=(132.94, -133.43, -499.07) | 尺寸=4.60×1.93×1.85m | 距自车=25.9m | 相对方位 前/右=(+25.9, +0.1)m
# 注：bbox中心是几何中心（t.transform(bbox.location)），不是rear axle在地面的位置
# 注：dist<30m 且 rel_fwd>0（前方）的目标是本次关注重点
[GT_NPC] id=209 type=VEHICLE cx=174.000 cy=-133.447 cz=-499.038 half_l=0.828 half_w=0.291 half_h=0.810 yaw=-1.571 vel=0.00 dist=67.00 rel_fwd=67.00 rel_right=0.05
# GT_NPC: id=209 | 类型=VEHICLE | bbox中心=(174.00, -133.45, -499.04) | 尺寸=1.66×0.58×1.62m | 距自车=67.0m | 相对方位 前/右=(+67.0, +0.1)m
# 注：bbox中心是几何中心（t.transform(bbox.location)），不是rear axle在地面的位置
# 注：dist<30m 且 rel_fwd>0（前方）的目标是本次关注重点

[PC] total=6138 x=[-45.17,49.47] y=[-47.09,47.22] z=[-8.51,1.68] int_mean=242.6 int_med=246.0 ground_pct=86.2
# 原始点云（LiDAR坐标系）| 总点数=6138 | x范围=[-45.17, 49.47]m | y范围=[-47.09, 47.22]m | z范围=[-8.51, 1.68]m | 强度均值=242.6 | 地面点比例=86.2%
# 注：64线激光雷达 ~13000点/帧 为正常，~6500点可能是 rotation_frequency 偏高（20Hz）
# 注：地面点比例 >70% 说明车体上点少，检测会困难

[PC_ON_NPC] 无世界坐标点云（可能ego_pose未就绪）
# 注：世界坐标点云为空（可能是定位位姿还没收到，或点云还没来）

[OBS] id=235 type=PEDESTRIAN(3) sub=0 pos=(102.72,-127.08,0.79) box=(0.01,0.01,1.17) theta=2.946 conf=0.327 tt=20.30 vel=0.00 dist=0.00 pts_in=0 pts_near=0 int_mean=0.0 gt=None(假阳性)
# OBS: id=235 | 类型=PEDESTRIAN | 置信度=0.327 | 位置=(102.72, -127.08, 0.79)m | 尺寸=0.01×0.01×1.17m | 朝向=2.946rad | 跟踪时长=20.30s | 距自车=0.0m | OBS框内点数=0 | gt=None(假阳性)
# 注：未匹配到GT，可能是假阳性或超出GT范围的远距离目标
# 注：⚠️ 置信度 0.327 < 0.5，可能被后处理滤掉

[OBS] id=250 type=UNKNOWN(0) sub=0 pos=(118.47,-127.42,0.48) box=(0.19,0.11,0.56) theta=1.011 conf=0.591 tt=0.80 vel=0.00 dist=0.00 pts_in=0 pts_near=0 int_mean=0.0 gt=None(假阳性)
# OBS: id=250 | 类型=UNKNOWN | 置信度=0.591 | 位置=(118.47, -127.42, 0.48)m | 尺寸=0.19×0.11×0.56m | 朝向=1.011rad | 跟踪时长=0.80s | 距自车=0.0m | OBS框内点数=0 | gt=None(假阳性)
# 注：未匹配到GT，可能是假阳性或超出GT范围的远距离目标
# 注：⚠️ 跟踪时长 0.80s < 1s，刚出现的不稳定目标

[MISS] npc_id=208 type=VEHICLE dist=25.94 rel_fwd=25.94 rel_right=0.07 pts_on_gt=0 pts_near_gt=0 reason=pts_in_box=0(完全无点云)
# 漏检: GT_NPC_208 | 类型=VEHICLE | 距自车=25.9m | 方位 前/右=(+25.9, +0.1)m | GT框内点数=0 | 根因=pts_in_box=0(完全无点云)
# 诊断：物理层问题：点没打到车上，请检查外参或LiDAR安装
# ⚠️ 重点关注：距自车仅25.9m的目标漏检，点云覆盖=0点

[MISS] npc_id=209 type=VEHICLE dist=67.00 rel_fwd=67.00 rel_right=0.05 pts_on_gt=0 pts_near_gt=0 reason=pts_in_box=0(完全无点云)
# 漏检: GT_NPC_209 | 类型=VEHICLE | 距自车=67.0m | 方位 前/右=(+67.0, +0.1)m | GT框内点数=0 | 根因=pts_in_box=0(完全无点云)
# 诊断：物理层问题：点没打到车上，请检查外参或LiDAR安装

[MATCH] frame=55 total_gt=2 detected=0 missed=2 missed_with_pts=0 missed_no_pts=2 false_positive=2
# 帧匹配汇总 | GT总数=2 | 检测到=0 | 漏检=2 | 误报=2
# 漏检中：有点云=0个 | 无点云=2个
# 注：有点云但漏检 → 模型或参数问题；无点云漏检 → 物理或坐标变换问题
# 距离分桶 | 近(0-15m): 0/0 | 中(15-30m): 0/1 | 远(>30m): 0/1

[FRAME] frame=56 ts=1783477435.813 gt_frame=77 ego_pose=False n_pc_pts=6086 n_gt_npc=2 n_obs=2 pc_dt_ms=100.2
# 帧号=56 | 仿真时间=1783477435.813s | GT帧=77 | 点云=6086点 | 帧间隔=100.2ms | CARLA NPC=2个 | 感知障碍物=2个
# 注：感知回调触发写入，点云和GT可能滞后0~2帧（取最新值）
# 注：点云帧间隔应稳定在 100ms（10Hz），如出现 300ms+ 说明有点云丢帧

[GT_EGO] id=197 x=107.000 y=-133.500 z=0.034 yaw=-0.000 vel=0.00
# 自车位姿（Apollo 坐标系）| 位置=(107.00, -133.50, 0.03)m | 朝向=-0.00rad | 速度=0.00m/s
# 注：坐标经 CARLA→Apollo 转换（y取反，yaw取反转弧度）

[GT_NPC] id=208 type=VEHICLE cx=132.943 cy=-133.429 cz=-499.071 half_l=2.302 half_w=0.966 half_h=0.927 yaw=-0.000 vel=0.00 dist=25.94 rel_fwd=25.94 rel_right=0.07
# GT_NPC: id=208 | 类型=VEHICLE | bbox中心=(132.94, -133.43, -499.07) | 尺寸=4.60×1.93×1.85m | 距自车=25.9m | 相对方位 前/右=(+25.9, +0.1)m
# 注：bbox中心是几何中心（t.transform(bbox.location)），不是rear axle在地面的位置
# 注：dist<30m 且 rel_fwd>0（前方）的目标是本次关注重点
[GT_NPC] id=209 type=VEHICLE cx=174.000 cy=-133.447 cz=-499.038 half_l=0.828 half_w=0.291 half_h=0.810 yaw=-1.571 vel=0.00 dist=67.00 rel_fwd=67.00 rel_right=0.05
# GT_NPC: id=209 | 类型=VEHICLE | bbox中心=(174.00, -133.45, -499.04) | 尺寸=1.66×0.58×1.62m | 距自车=67.0m | 相对方位 前/右=(+67.0, +0.1)m
# 注：bbox中心是几何中心（t.transform(bbox.location)），不是rear axle在地面的位置
# 注：dist<30m 且 rel_fwd>0（前方）的目标是本次关注重点

[PC] total=6086 x=[-45.17,49.47] y=[-47.09,47.22] z=[-8.58,1.68] int_mean=242.4 int_med=246.0 ground_pct=85.7
# 原始点云（LiDAR坐标系）| 总点数=6086 | x范围=[-45.17, 49.47]m | y范围=[-47.09, 47.22]m | z范围=[-8.58, 1.68]m | 强度均值=242.4 | 地面点比例=85.7%
# 注：64线激光雷达 ~13000点/帧 为正常，~6500点可能是 rotation_frequency 偏高（20Hz）
# 注：地面点比例 >70% 说明车体上点少，检测会困难

[PC_ON_NPC] 无世界坐标点云（可能ego_pose未就绪）
# 注：世界坐标点云为空（可能是定位位姿还没收到，或点云还没来）

[OBS] id=235 type=PEDESTRIAN(3) sub=0 pos=(102.72,-127.08,0.79) box=(0.01,0.01,1.11) theta=2.974 conf=0.282 tt=20.40 vel=0.00 dist=0.00 pts_in=0 pts_near=0 int_mean=0.0 gt=None(假阳性)
# OBS: id=235 | 类型=PEDESTRIAN | 置信度=0.282 | 位置=(102.72, -127.08, 0.79)m | 尺寸=0.01×0.01×1.11m | 朝向=2.974rad | 跟踪时长=20.40s | 距自车=0.0m | OBS框内点数=0 | gt=None(假阳性)
# 注：未匹配到GT，可能是假阳性或超出GT范围的远距离目标
# 注：⚠️ 置信度 0.282 < 0.5，可能被后处理滤掉

[OBS] id=250 type=UNKNOWN(0) sub=0 pos=(118.51,-127.40,0.66) box=(0.14,0.01,0.38) theta=0.395 conf=0.579 tt=0.90 vel=0.00 dist=0.00 pts_in=0 pts_near=0 int_mean=0.0 gt=None(假阳性)
# OBS: id=250 | 类型=UNKNOWN | 置信度=0.579 | 位置=(118.51, -127.40, 0.66)m | 尺寸=0.14×0.01×0.38m | 朝向=0.395rad | 跟踪时长=0.90s | 距自车=0.0m | OBS框内点数=0 | gt=None(假阳性)
# 注：未匹配到GT，可能是假阳性或超出GT范围的远距离目标
# 注：⚠️ 跟踪时长 0.90s < 1s，刚出现的不稳定目标

[MISS] npc_id=208 type=VEHICLE dist=25.94 rel_fwd=25.94 rel_right=0.07 pts_on_gt=0 pts_near_gt=0 reason=pts_in_box=0(完全无点云)
# 漏检: GT_NPC_208 | 类型=VEHICLE | 距自车=25.9m | 方位 前/右=(+25.9, +0.1)m | GT框内点数=0 | 根因=pts_in_box=0(完全无点云)
# 诊断：物理层问题：点没打到车上，请检查外参或LiDAR安装
# ⚠️ 重点关注：距自车仅25.9m的目标漏检，点云覆盖=0点

[MISS] npc_id=209 type=VEHICLE dist=67.00 rel_fwd=67.00 rel_right=0.05 pts_on_gt=0 pts_near_gt=0 reason=pts_in_box=0(完全无点云)
# 漏检: GT_NPC_209 | 类型=VEHICLE | 距自车=67.0m | 方位 前/右=(+67.0, +0.1)m | GT框内点数=0 | 根因=pts_in_box=0(完全无点云)
# 诊断：物理层问题：点没打到车上，请检查外参或LiDAR安装

[MATCH] frame=56 total_gt=2 detected=0 missed=2 missed_with_pts=0 missed_no_pts=2 false_positive=2
# 帧匹配汇总 | GT总数=2 | 检测到=0 | 漏检=2 | 误报=2
# 漏检中：有点云=0个 | 无点云=2个
# 注：有点云但漏检 → 模型或参数问题；无点云漏检 → 物理或坐标变换问题
# 距离分桶 | 近(0-15m): 0/0 | 中(15-30m): 0/1 | 远(>30m): 0/1

[FRAME] frame=57 ts=1783477435.924 gt_frame=78 ego_pose=False n_pc_pts=6009 n_gt_npc=2 n_obs=2 pc_dt_ms=100.2
# 帧号=57 | 仿真时间=1783477435.924s | GT帧=78 | 点云=6009点 | 帧间隔=100.2ms | CARLA NPC=2个 | 感知障碍物=2个
# 注：感知回调触发写入，点云和GT可能滞后0~2帧（取最新值）
# 注：点云帧间隔应稳定在 100ms（10Hz），如出现 300ms+ 说明有点云丢帧

[GT_EGO] id=197 x=107.000 y=-133.500 z=0.034 yaw=-0.000 vel=0.00
# 自车位姿（Apollo 坐标系）| 位置=(107.00, -133.50, 0.03)m | 朝向=-0.00rad | 速度=0.00m/s
# 注：坐标经 CARLA→Apollo 转换（y取反，yaw取反转弧度）

[GT_NPC] id=208 type=VEHICLE cx=132.943 cy=-133.429 cz=-499.071 half_l=2.302 half_w=0.966 half_h=0.927 yaw=-0.000 vel=0.00 dist=25.94 rel_fwd=25.94 rel_right=0.07
# GT_NPC: id=208 | 类型=VEHICLE | bbox中心=(132.94, -133.43, -499.07) | 尺寸=4.60×1.93×1.85m | 距自车=25.9m | 相对方位 前/右=(+25.9, +0.1)m
# 注：bbox中心是几何中心（t.transform(bbox.location)），不是rear axle在地面的位置
# 注：dist<30m 且 rel_fwd>0（前方）的目标是本次关注重点
[GT_NPC] id=209 type=VEHICLE cx=174.000 cy=-133.447 cz=-499.038 half_l=0.828 half_w=0.291 half_h=0.810 yaw=-1.571 vel=0.00 dist=67.00 rel_fwd=67.00 rel_right=0.05
# GT_NPC: id=209 | 类型=VEHICLE | bbox中心=(174.00, -133.45, -499.04) | 尺寸=1.66×0.58×1.62m | 距自车=67.0m | 相对方位 前/右=(+67.0, +0.1)m
# 注：bbox中心是几何中心（t.transform(bbox.location)），不是rear axle在地面的位置
# 注：dist<30m 且 rel_fwd>0（前方）的目标是本次关注重点

[PC] total=6009 x=[-45.17,49.47] y=[-46.48,47.22] z=[-8.58,1.68] int_mean=242.6 int_med=246.0 ground_pct=85.5
# 原始点云（LiDAR坐标系）| 总点数=6009 | x范围=[-45.17, 49.47]m | y范围=[-46.48, 47.22]m | z范围=[-8.58, 1.68]m | 强度均值=242.6 | 地面点比例=85.5%
# 注：64线激光雷达 ~13000点/帧 为正常，~6500点可能是 rotation_frequency 偏高（20Hz）
# 注：地面点比例 >70% 说明车体上点少，检测会困难

[PC_ON_NPC] 无世界坐标点云（可能ego_pose未就绪）
# 注：世界坐标点云为空（可能是定位位姿还没收到，或点云还没来）

[OBS] id=235 type=PEDESTRIAN(3) sub=0 pos=(102.72,-127.08,0.85) box=(0.01,0.01,1.11) theta=2.892 conf=0.334 tt=20.50 vel=0.00 dist=0.00 pts_in=0 pts_near=0 int_mean=0.0 gt=None(假阳性)
# OBS: id=235 | 类型=PEDESTRIAN | 置信度=0.334 | 位置=(102.72, -127.08, 0.85)m | 尺寸=0.01×0.01×1.11m | 朝向=2.892rad | 跟踪时长=20.50s | 距自车=0.0m | OBS框内点数=0 | gt=None(假阳性)
# 注：未匹配到GT，可能是假阳性或超出GT范围的远距离目标
# 注：⚠️ 置信度 0.334 < 0.5，可能被后处理滤掉

[OBS] id=250 type=UNKNOWN(0) sub=0 pos=(118.44,-127.43,0.26) box=(0.09,0.03,0.59) theta=0.848 conf=0.572 tt=1.00 vel=0.00 dist=0.00 pts_in=0 pts_near=0 int_mean=0.0 gt=None(假阳性)
# OBS: id=250 | 类型=UNKNOWN | 置信度=0.572 | 位置=(118.44, -127.43, 0.26)m | 尺寸=0.09×0.03×0.59m | 朝向=0.848rad | 跟踪时长=1.00s | 距自车=0.0m | OBS框内点数=0 | gt=None(假阳性)
# 注：未匹配到GT，可能是假阳性或超出GT范围的远距离目标

[MISS] npc_id=208 type=VEHICLE dist=25.94 rel_fwd=25.94 rel_right=0.07 pts_on_gt=0 pts_near_gt=0 reason=pts_in_box=0(完全无点云)
# 漏检: GT_NPC_208 | 类型=VEHICLE | 距自车=25.9m | 方位 前/右=(+25.9, +0.1)m | GT框内点数=0 | 根因=pts_in_box=0(完全无点云)
# 诊断：物理层问题：点没打到车上，请检查外参或LiDAR安装
# ⚠️ 重点关注：距自车仅25.9m的目标漏检，点云覆盖=0点

[MISS] npc_id=209 type=VEHICLE dist=67.00 rel_fwd=67.00 rel_right=0.05 pts_on_gt=0 pts_near_gt=0 reason=pts_in_box=0(完全无点云)
# 漏检: GT_NPC_209 | 类型=VEHICLE | 距自车=67.0m | 方位 前/右=(+67.0, +0.1)m | GT框内点数=0 | 根因=pts_in_box=0(完全无点云)
# 诊断：物理层问题：点没打到车上，请检查外参或LiDAR安装

[MATCH] frame=57 total_gt=2 detected=0 missed=2 missed_with_pts=0 missed_no_pts=2 false_positive=2
# 帧匹配汇总 | GT总数=2 | 检测到=0 | 漏检=2 | 误报=2
# 漏检中：有点云=0个 | 无点云=2个
# 注：有点云但漏检 → 模型或参数问题；无点云漏检 → 物理或坐标变换问题
# 距离分桶 | 近(0-15m): 0/0 | 中(15-30m): 0/1 | 远(>30m): 0/1

[FRAME] frame=58 ts=1783477436.019 gt_frame=79 ego_pose=False n_pc_pts=5921 n_gt_npc=2 n_obs=2 pc_dt_ms=99.9
# 帧号=58 | 仿真时间=1783477436.019s | GT帧=79 | 点云=5921点 | 帧间隔=99.9ms | CARLA NPC=2个 | 感知障碍物=2个
# 注：感知回调触发写入，点云和GT可能滞后0~2帧（取最新值）
# 注：点云帧间隔应稳定在 100ms（10Hz），如出现 300ms+ 说明有点云丢帧

[GT_EGO] id=197 x=107.000 y=-133.500 z=0.034 yaw=-0.000 vel=0.00
# 自车位姿（Apollo 坐标系）| 位置=(107.00, -133.50, 0.03)m | 朝向=-0.00rad | 速度=0.00m/s
# 注：坐标经 CARLA→Apollo 转换（y取反，yaw取反转弧度）

[GT_NPC] id=208 type=VEHICLE cx=132.943 cy=-133.429 cz=-499.071 half_l=2.302 half_w=0.966 half_h=0.927 yaw=-0.000 vel=0.00 dist=25.94 rel_fwd=25.94 rel_right=0.07
# GT_NPC: id=208 | 类型=VEHICLE | bbox中心=(132.94, -133.43, -499.07) | 尺寸=4.60×1.93×1.85m | 距自车=25.9m | 相对方位 前/右=(+25.9, +0.1)m
# 注：bbox中心是几何中心（t.transform(bbox.location)），不是rear axle在地面的位置
# 注：dist<30m 且 rel_fwd>0（前方）的目标是本次关注重点
[GT_NPC] id=209 type=VEHICLE cx=174.000 cy=-133.447 cz=-499.038 half_l=0.828 half_w=0.291 half_h=0.810 yaw=-1.571 vel=0.00 dist=67.00 rel_fwd=67.00 rel_right=0.05
# GT_NPC: id=209 | 类型=VEHICLE | bbox中心=(174.00, -133.45, -499.04) | 尺寸=1.66×0.58×1.62m | 距自车=67.0m | 相对方位 前/右=(+67.0, +0.1)m
# 注：bbox中心是几何中心（t.transform(bbox.location)），不是rear axle在地面的位置
# 注：dist<30m 且 rel_fwd>0（前方）的目标是本次关注重点

[PC] total=5921 x=[-44.96,49.47] y=[-47.09,47.19] z=[-8.58,1.68] int_mean=242.6 int_med=246.0 ground_pct=85.7
# 原始点云（LiDAR坐标系）| 总点数=5921 | x范围=[-44.96, 49.47]m | y范围=[-47.09, 47.19]m | z范围=[-8.58, 1.68]m | 强度均值=242.6 | 地面点比例=85.7%
# 注：64线激光雷达 ~13000点/帧 为正常，~6500点可能是 rotation_frequency 偏高（20Hz）
# 注：地面点比例 >70% 说明车体上点少，检测会困难

[PC_ON_NPC] 无世界坐标点云（可能ego_pose未就绪）
# 注：世界坐标点云为空（可能是定位位姿还没收到，或点云还没来）

[OBS] id=235 type=PEDESTRIAN(3) sub=0 pos=(102.72,-127.08,1.08) box=(0.01,0.01,0.87) theta=2.862 conf=0.286 tt=20.60 vel=0.00 dist=0.00 pts_in=0 pts_near=0 int_mean=0.0 gt=None(假阳性)
# OBS: id=235 | 类型=PEDESTRIAN | 置信度=0.286 | 位置=(102.72, -127.08, 1.08)m | 尺寸=0.01×0.01×0.87m | 朝向=2.862rad | 跟踪时长=20.60s | 距自车=0.0m | OBS框内点数=0 | gt=None(假阳性)
# 注：未匹配到GT，可能是假阳性或超出GT范围的远距离目标
# 注：⚠️ 置信度 0.286 < 0.5，可能被后处理滤掉

[OBS] id=250 type=UNKNOWN(0) sub=0 pos=(118.43,-127.44,0.26) box=(0.06,0.04,0.49) theta=1.059 conf=0.569 tt=1.10 vel=0.00 dist=0.00 pts_in=0 pts_near=0 int_mean=0.0 gt=None(假阳性)
# OBS: id=250 | 类型=UNKNOWN | 置信度=0.569 | 位置=(118.43, -127.44, 0.26)m | 尺寸=0.06×0.04×0.49m | 朝向=1.059rad | 跟踪时长=1.10s | 距自车=0.0m | OBS框内点数=0 | gt=None(假阳性)
# 注：未匹配到GT，可能是假阳性或超出GT范围的远距离目标

[MISS] npc_id=208 type=VEHICLE dist=25.94 rel_fwd=25.94 rel_right=0.07 pts_on_gt=0 pts_near_gt=0 reason=pts_in_box=0(完全无点云)
# 漏检: GT_NPC_208 | 类型=VEHICLE | 距自车=25.9m | 方位 前/右=(+25.9, +0.1)m | GT框内点数=0 | 根因=pts_in_box=0(完全无点云)
# 诊断：物理层问题：点没打到车上，请检查外参或LiDAR安装
# ⚠️ 重点关注：距自车仅25.9m的目标漏检，点云覆盖=0点

[MISS] npc_id=209 type=VEHICLE dist=67.00 rel_fwd=67.00 rel_right=0.05 pts_on_gt=0 pts_near_gt=0 reason=pts_in_box=0(完全无点云)
# 漏检: GT_NPC_209 | 类型=VEHICLE | 距自车=67.0m | 方位 前/右=(+67.0, +0.1)m | GT框内点数=0 | 根因=pts_in_box=0(完全无点云)
# 诊断：物理层问题：点没打到车上，请检查外参或LiDAR安装

[MATCH] frame=58 total_gt=2 detected=0 missed=2 missed_with_pts=0 missed_no_pts=2 false_positive=2
# 帧匹配汇总 | GT总数=2 | 检测到=0 | 漏检=2 | 误报=2
# 漏检中：有点云=0个 | 无点云=2个
# 注：有点云但漏检 → 模型或参数问题；无点云漏检 → 物理或坐标变换问题
# 距离分桶 | 近(0-15m): 0/0 | 中(15-30m): 0/1 | 远(>30m): 0/1

[FRAME] frame=59 ts=1783477436.114 gt_frame=80 ego_pose=False n_pc_pts=6059 n_gt_npc=2 n_obs=2 pc_dt_ms=100.0
# 帧号=59 | 仿真时间=1783477436.114s | GT帧=80 | 点云=6059点 | 帧间隔=100.0ms | CARLA NPC=2个 | 感知障碍物=2个
# 注：感知回调触发写入，点云和GT可能滞后0~2帧（取最新值）
# 注：点云帧间隔应稳定在 100ms（10Hz），如出现 300ms+ 说明有点云丢帧

[GT_EGO] id=197 x=107.000 y=-133.500 z=0.034 yaw=-0.000 vel=0.00
# 自车位姿（Apollo 坐标系）| 位置=(107.00, -133.50, 0.03)m | 朝向=-0.00rad | 速度=0.00m/s
# 注：坐标经 CARLA→Apollo 转换（y取反，yaw取反转弧度）

[GT_NPC] id=208 type=VEHICLE cx=132.943 cy=-133.429 cz=-499.071 half_l=2.302 half_w=0.966 half_h=0.927 yaw=-0.000 vel=0.00 dist=25.94 rel_fwd=25.94 rel_right=0.07
# GT_NPC: id=208 | 类型=VEHICLE | bbox中心=(132.94, -133.43, -499.07) | 尺寸=4.60×1.93×1.85m | 距自车=25.9m | 相对方位 前/右=(+25.9, +0.1)m
# 注：bbox中心是几何中心（t.transform(bbox.location)），不是rear axle在地面的位置
# 注：dist<30m 且 rel_fwd>0（前方）的目标是本次关注重点
[GT_NPC] id=209 type=VEHICLE cx=174.000 cy=-133.447 cz=-499.038 half_l=0.828 half_w=0.291 half_h=0.810 yaw=-1.571 vel=0.00 dist=67.00 rel_fwd=67.00 rel_right=0.05
# GT_NPC: id=209 | 类型=VEHICLE | bbox中心=(174.00, -133.45, -499.04) | 尺寸=1.66×0.58×1.62m | 距自车=67.0m | 相对方位 前/右=(+67.0, +0.1)m
# 注：bbox中心是几何中心（t.transform(bbox.location)），不是rear axle在地面的位置
# 注：dist<30m 且 rel_fwd>0（前方）的目标是本次关注重点

[PC] total=6059 x=[-44.96,49.47] y=[-47.09,47.19] z=[-8.58,1.68] int_mean=242.5 int_med=246.0 ground_pct=85.7
# 原始点云（LiDAR坐标系）| 总点数=6059 | x范围=[-44.96, 49.47]m | y范围=[-47.09, 47.19]m | z范围=[-8.58, 1.68]m | 强度均值=242.5 | 地面点比例=85.7%
# 注：64线激光雷达 ~13000点/帧 为正常，~6500点可能是 rotation_frequency 偏高（20Hz）
# 注：地面点比例 >70% 说明车体上点少，检测会困难

[PC_ON_NPC] 无世界坐标点云（可能ego_pose未就绪）
# 注：世界坐标点云为空（可能是定位位姿还没收到，或点云还没来）

[OBS] id=235 type=PEDESTRIAN(3) sub=0 pos=(102.72,-127.08,0.79) box=(0.01,0.01,1.17) theta=2.831 conf=0.313 tt=20.70 vel=0.00 dist=0.00 pts_in=0 pts_near=0 int_mean=0.0 gt=None(假阳性)
# OBS: id=235 | 类型=PEDESTRIAN | 置信度=0.313 | 位置=(102.72, -127.08, 0.79)m | 尺寸=0.01×0.01×1.17m | 朝向=2.831rad | 跟踪时长=20.70s | 距自车=0.0m | OBS框内点数=0 | gt=None(假阳性)
# 注：未匹配到GT，可能是假阳性或超出GT范围的远距离目标
# 注：⚠️ 置信度 0.313 < 0.5，可能被后处理滤掉

[OBS] id=250 type=UNKNOWN(0) sub=0 pos=(118.52,-127.39,0.76) box=(0.12,0.01,0.28) theta=0.413 conf=0.565 tt=1.20 vel=0.00 dist=0.00 pts_in=0 pts_near=0 int_mean=0.0 gt=None(假阳性)
# OBS: id=250 | 类型=UNKNOWN | 置信度=0.565 | 位置=(118.52, -127.39, 0.76)m | 尺寸=0.12×0.01×0.28m | 朝向=0.413rad | 跟踪时长=1.20s | 距自车=0.0m | OBS框内点数=0 | gt=None(假阳性)
# 注：未匹配到GT，可能是假阳性或超出GT范围的远距离目标

[MISS] npc_id=208 type=VEHICLE dist=25.94 rel_fwd=25.94 rel_right=0.07 pts_on_gt=0 pts_near_gt=0 reason=pts_in_box=0(完全无点云)
# 漏检: GT_NPC_208 | 类型=VEHICLE | 距自车=25.9m | 方位 前/右=(+25.9, +0.1)m | GT框内点数=0 | 根因=pts_in_box=0(完全无点云)
# 诊断：物理层问题：点没打到车上，请检查外参或LiDAR安装
# ⚠️ 重点关注：距自车仅25.9m的目标漏检，点云覆盖=0点

[MISS] npc_id=209 type=VEHICLE dist=67.00 rel_fwd=67.00 rel_right=0.05 pts_on_gt=0 pts_near_gt=0 reason=pts_in_box=0(完全无点云)
# 漏检: GT_NPC_209 | 类型=VEHICLE | 距自车=67.0m | 方位 前/右=(+67.0, +0.1)m | GT框内点数=0 | 根因=pts_in_box=0(完全无点云)
# 诊断：物理层问题：点没打到车上，请检查外参或LiDAR安装

[MATCH] frame=59 total_gt=2 detected=0 missed=2 missed_with_pts=0 missed_no_pts=2 false_positive=2
# 帧匹配汇总 | GT总数=2 | 检测到=0 | 漏检=2 | 误报=2
# 漏检中：有点云=0个 | 无点云=2个
# 注：有点云但漏检 → 模型或参数问题；无点云漏检 → 物理或坐标变换问题
# 距离分桶 | 近(0-15m): 0/0 | 中(15-30m): 0/1 | 远(>30m): 0/1

[FRAME] frame=60 ts=1783477436.213 gt_frame=81 ego_pose=False n_pc_pts=6079 n_gt_npc=2 n_obs=1 pc_dt_ms=99.9
# 帧号=60 | 仿真时间=1783477436.213s | GT帧=81 | 点云=6079点 | 帧间隔=99.9ms | CARLA NPC=2个 | 感知障碍物=1个
# 注：感知回调触发写入，点云和GT可能滞后0~2帧（取最新值）
# 注：点云帧间隔应稳定在 100ms（10Hz），如出现 300ms+ 说明有点云丢帧

[GT_EGO] id=197 x=107.000 y=-133.500 z=0.034 yaw=-0.000 vel=0.00
# 自车位姿（Apollo 坐标系）| 位置=(107.00, -133.50, 0.03)m | 朝向=-0.00rad | 速度=0.00m/s
# 注：坐标经 CARLA→Apollo 转换（y取反，yaw取反转弧度）

[GT_NPC] id=208 type=VEHICLE cx=132.943 cy=-133.429 cz=-499.071 half_l=2.302 half_w=0.966 half_h=0.927 yaw=-0.000 vel=0.00 dist=25.94 rel_fwd=25.94 rel_right=0.07
# GT_NPC: id=208 | 类型=VEHICLE | bbox中心=(132.94, -133.43, -499.07) | 尺寸=4.60×1.93×1.85m | 距自车=25.9m | 相对方位 前/右=(+25.9, +0.1)m
# 注：bbox中心是几何中心（t.transform(bbox.location)），不是rear axle在地面的位置
# 注：dist<30m 且 rel_fwd>0（前方）的目标是本次关注重点
[GT_NPC] id=209 type=VEHICLE cx=174.000 cy=-133.447 cz=-499.038 half_l=0.828 half_w=0.291 half_h=0.810 yaw=-1.571 vel=0.00 dist=67.00 rel_fwd=67.00 rel_right=0.05
# GT_NPC: id=209 | 类型=VEHICLE | bbox中心=(174.00, -133.45, -499.04) | 尺寸=1.66×0.58×1.62m | 距自车=67.0m | 相对方位 前/右=(+67.0, +0.1)m
# 注：bbox中心是几何中心（t.transform(bbox.location)），不是rear axle在地面的位置
# 注：dist<30m 且 rel_fwd>0（前方）的目标是本次关注重点

[PC] total=6079 x=[-44.96,49.47] y=[-46.48,47.20] z=[-8.58,1.61] int_mean=242.4 int_med=246.0 ground_pct=85.4
# 原始点云（LiDAR坐标系）| 总点数=6079 | x范围=[-44.96, 49.47]m | y范围=[-46.48, 47.20]m | z范围=[-8.58, 1.61]m | 强度均值=242.4 | 地面点比例=85.4%
# 注：64线激光雷达 ~13000点/帧 为正常，~6500点可能是 rotation_frequency 偏高（20Hz）
# 注：地面点比例 >70% 说明车体上点少，检测会困难

[PC_ON_NPC] 无世界坐标点云（可能ego_pose未就绪）
# 注：世界坐标点云为空（可能是定位位姿还没收到，或点云还没来）

[OBS] id=235 type=PEDESTRIAN(3) sub=0 pos=(102.72,-127.08,1.03) box=(0.01,0.01,0.87) theta=2.792 conf=0.367 tt=20.80 vel=0.00 dist=0.00 pts_in=0 pts_near=0 int_mean=0.0 gt=None(假阳性)
# OBS: id=235 | 类型=PEDESTRIAN | 置信度=0.367 | 位置=(102.72, -127.08, 1.03)m | 尺寸=0.01×0.01×0.87m | 朝向=2.792rad | 跟踪时长=20.80s | 距自车=0.0m | OBS框内点数=0 | gt=None(假阳性)
# 注：未匹配到GT，可能是假阳性或超出GT范围的远距离目标
# 注：⚠️ 置信度 0.367 < 0.5，可能被后处理滤掉

[MISS] npc_id=208 type=VEHICLE dist=25.94 rel_fwd=25.94 rel_right=0.07 pts_on_gt=0 pts_near_gt=0 reason=pts_in_box=0(完全无点云)
# 漏检: GT_NPC_208 | 类型=VEHICLE | 距自车=25.9m | 方位 前/右=(+25.9, +0.1)m | GT框内点数=0 | 根因=pts_in_box=0(完全无点云)
# 诊断：物理层问题：点没打到车上，请检查外参或LiDAR安装
# ⚠️ 重点关注：距自车仅25.9m的目标漏检，点云覆盖=0点

[MISS] npc_id=209 type=VEHICLE dist=67.00 rel_fwd=67.00 rel_right=0.05 pts_on_gt=0 pts_near_gt=0 reason=pts_in_box=0(完全无点云)
# 漏检: GT_NPC_209 | 类型=VEHICLE | 距自车=67.0m | 方位 前/右=(+67.0, +0.1)m | GT框内点数=0 | 根因=pts_in_box=0(完全无点云)
# 诊断：物理层问题：点没打到车上，请检查外参或LiDAR安装

[MATCH] frame=60 total_gt=2 detected=0 missed=2 missed_with_pts=0 missed_no_pts=2 false_positive=1
# 帧匹配汇总 | GT总数=2 | 检测到=0 | 漏检=2 | 误报=1
# 漏检中：有点云=0个 | 无点云=2个
# 注：有点云但漏检 → 模型或参数问题；无点云漏检 → 物理或坐标变换问题
# 距离分桶 | 近(0-15m): 0/0 | 中(15-30m): 0/1 | 远(>30m): 0/1

[FRAME] frame=61 ts=1783477436.313 gt_frame=82 ego_pose=False n_pc_pts=6031 n_gt_npc=2 n_obs=1 pc_dt_ms=100.0
# 帧号=61 | 仿真时间=1783477436.313s | GT帧=82 | 点云=6031点 | 帧间隔=100.0ms | CARLA NPC=2个 | 感知障碍物=1个
# 注：感知回调触发写入，点云和GT可能滞后0~2帧（取最新值）
# 注：点云帧间隔应稳定在 100ms（10Hz），如出现 300ms+ 说明有点云丢帧

[GT_EGO] id=197 x=107.000 y=-133.500 z=0.034 yaw=-0.000 vel=0.00
# 自车位姿（Apollo 坐标系）| 位置=(107.00, -133.50, 0.03)m | 朝向=-0.00rad | 速度=0.00m/s
# 注：坐标经 CARLA→Apollo 转换（y取反，yaw取反转弧度）

[GT_NPC] id=208 type=VEHICLE cx=132.943 cy=-133.429 cz=-499.071 half_l=2.302 half_w=0.966 half_h=0.927 yaw=-0.000 vel=0.00 dist=25.94 rel_fwd=25.94 rel_right=0.07
# GT_NPC: id=208 | 类型=VEHICLE | bbox中心=(132.94, -133.43, -499.07) | 尺寸=4.60×1.93×1.85m | 距自车=25.9m | 相对方位 前/右=(+25.9, +0.1)m
# 注：bbox中心是几何中心（t.transform(bbox.location)），不是rear axle在地面的位置
# 注：dist<30m 且 rel_fwd>0（前方）的目标是本次关注重点
[GT_NPC] id=209 type=VEHICLE cx=174.000 cy=-133.447 cz=-499.038 half_l=0.828 half_w=0.291 half_h=0.810 yaw=-1.571 vel=0.00 dist=67.00 rel_fwd=67.00 rel_right=0.05
# GT_NPC: id=209 | 类型=VEHICLE | bbox中心=(174.00, -133.45, -499.04) | 尺寸=1.66×0.58×1.62m | 距自车=67.0m | 相对方位 前/右=(+67.0, +0.1)m
# 注：bbox中心是几何中心（t.transform(bbox.location)），不是rear axle在地面的位置
# 注：dist<30m 且 rel_fwd>0（前方）的目标是本次关注重点

[PC] total=6031 x=[-43.43,49.47] y=[-47.09,47.22] z=[-8.58,1.61] int_mean=242.6 int_med=246.0 ground_pct=85.9
# 原始点云（LiDAR坐标系）| 总点数=6031 | x范围=[-43.43, 49.47]m | y范围=[-47.09, 47.22]m | z范围=[-8.58, 1.61]m | 强度均值=242.6 | 地面点比例=85.9%
# 注：64线激光雷达 ~13000点/帧 为正常，~6500点可能是 rotation_frequency 偏高（20Hz）
# 注：地面点比例 >70% 说明车体上点少，检测会困难

[PC_ON_NPC] 无世界坐标点云（可能ego_pose未就绪）
# 注：世界坐标点云为空（可能是定位位姿还没收到，或点云还没来）

[OBS] id=235 type=PEDESTRIAN(3) sub=0 pos=(102.72,-127.08,0.79) box=(0.01,0.01,1.17) theta=2.791 conf=0.364 tt=20.90 vel=0.00 dist=0.00 pts_in=0 pts_near=0 int_mean=0.0 gt=None(假阳性)
# OBS: id=235 | 类型=PEDESTRIAN | 置信度=0.364 | 位置=(102.72, -127.08, 0.79)m | 尺寸=0.01×0.01×1.17m | 朝向=2.791rad | 跟踪时长=20.90s | 距自车=0.0m | OBS框内点数=0 | gt=None(假阳性)
# 注：未匹配到GT，可能是假阳性或超出GT范围的远距离目标
# 注：⚠️ 置信度 0.364 < 0.5，可能被后处理滤掉

[MISS] npc_id=208 type=VEHICLE dist=25.94 rel_fwd=25.94 rel_right=0.07 pts_on_gt=0 pts_near_gt=0 reason=pts_in_box=0(完全无点云)
# 漏检: GT_NPC_208 | 类型=VEHICLE | 距自车=25.9m | 方位 前/右=(+25.9, +0.1)m | GT框内点数=0 | 根因=pts_in_box=0(完全无点云)
# 诊断：物理层问题：点没打到车上，请检查外参或LiDAR安装
# ⚠️ 重点关注：距自车仅25.9m的目标漏检，点云覆盖=0点

[MISS] npc_id=209 type=VEHICLE dist=67.00 rel_fwd=67.00 rel_right=0.05 pts_on_gt=0 pts_near_gt=0 reason=pts_in_box=0(完全无点云)
# 漏检: GT_NPC_209 | 类型=VEHICLE | 距自车=67.0m | 方位 前/右=(+67.0, +0.1)m | GT框内点数=0 | 根因=pts_in_box=0(完全无点云)
# 诊断：物理层问题：点没打到车上，请检查外参或LiDAR安装

[MATCH] frame=61 total_gt=2 detected=0 missed=2 missed_with_pts=0 missed_no_pts=2 false_positive=1
# 帧匹配汇总 | GT总数=2 | 检测到=0 | 漏检=2 | 误报=1
# 漏检中：有点云=0个 | 无点云=2个
# 注：有点云但漏检 → 模型或参数问题；无点云漏检 → 物理或坐标变换问题
# 距离分桶 | 近(0-15m): 0/0 | 中(15-30m): 0/1 | 远(>30m): 0/1

[FRAME] frame=62 ts=1783477436.412 gt_frame=83 ego_pose=False n_pc_pts=6064 n_gt_npc=2 n_obs=1 pc_dt_ms=100.2
# 帧号=62 | 仿真时间=1783477436.412s | GT帧=83 | 点云=6064点 | 帧间隔=100.2ms | CARLA NPC=2个 | 感知障碍物=1个
# 注：感知回调触发写入，点云和GT可能滞后0~2帧（取最新值）
# 注：点云帧间隔应稳定在 100ms（10Hz），如出现 300ms+ 说明有点云丢帧

[GT_EGO] id=197 x=107.000 y=-133.500 z=0.034 yaw=-0.000 vel=0.00
# 自车位姿（Apollo 坐标系）| 位置=(107.00, -133.50, 0.03)m | 朝向=-0.00rad | 速度=0.00m/s
# 注：坐标经 CARLA→Apollo 转换（y取反，yaw取反转弧度）

[GT_NPC] id=208 type=VEHICLE cx=132.943 cy=-133.429 cz=-499.071 half_l=2.302 half_w=0.966 half_h=0.927 yaw=-0.000 vel=0.00 dist=25.94 rel_fwd=25.94 rel_right=0.07
# GT_NPC: id=208 | 类型=VEHICLE | bbox中心=(132.94, -133.43, -499.07) | 尺寸=4.60×1.93×1.85m | 距自车=25.9m | 相对方位 前/右=(+25.9, +0.1)m
# 注：bbox中心是几何中心（t.transform(bbox.location)），不是rear axle在地面的位置
# 注：dist<30m 且 rel_fwd>0（前方）的目标是本次关注重点
[GT_NPC] id=209 type=VEHICLE cx=174.000 cy=-133.447 cz=-499.038 half_l=0.828 half_w=0.291 half_h=0.810 yaw=-1.571 vel=0.00 dist=67.00 rel_fwd=67.00 rel_right=0.05
# GT_NPC: id=209 | 类型=VEHICLE | bbox中心=(174.00, -133.45, -499.04) | 尺寸=1.66×0.58×1.62m | 距自车=67.0m | 相对方位 前/右=(+67.0, +0.1)m
# 注：bbox中心是几何中心（t.transform(bbox.location)），不是rear axle在地面的位置
# 注：dist<30m 且 rel_fwd>0（前方）的目标是本次关注重点

[PC] total=6064 x=[-44.96,49.47] y=[-47.09,47.19] z=[-8.58,1.68] int_mean=242.4 int_med=246.0 ground_pct=85.6
# 原始点云（LiDAR坐标系）| 总点数=6064 | x范围=[-44.96, 49.47]m | y范围=[-47.09, 47.19]m | z范围=[-8.58, 1.68]m | 强度均值=242.4 | 地面点比例=85.6%
# 注：64线激光雷达 ~13000点/帧 为正常，~6500点可能是 rotation_frequency 偏高（20Hz）
# 注：地面点比例 >70% 说明车体上点少，检测会困难

[PC_ON_NPC] 无世界坐标点云（可能ego_pose未就绪）
# 注：世界坐标点云为空（可能是定位位姿还没收到，或点云还没来）

[OBS] id=235 type=PEDESTRIAN(3) sub=0 pos=(102.72,-127.08,0.85) box=(0.01,0.01,1.17) theta=2.760 conf=0.386 tt=21.00 vel=0.00 dist=0.00 pts_in=0 pts_near=0 int_mean=0.0 gt=None(假阳性)
# OBS: id=235 | 类型=PEDESTRIAN | 置信度=0.386 | 位置=(102.72, -127.08, 0.85)m | 尺寸=0.01×0.01×1.17m | 朝向=2.760rad | 跟踪时长=21.00s | 距自车=0.0m | OBS框内点数=0 | gt=None(假阳性)
# 注：未匹配到GT，可能是假阳性或超出GT范围的远距离目标
# 注：⚠️ 置信度 0.386 < 0.5，可能被后处理滤掉

[MISS] npc_id=208 type=VEHICLE dist=25.94 rel_fwd=25.94 rel_right=0.07 pts_on_gt=0 pts_near_gt=0 reason=pts_in_box=0(完全无点云)
# 漏检: GT_NPC_208 | 类型=VEHICLE | 距自车=25.9m | 方位 前/右=(+25.9, +0.1)m | GT框内点数=0 | 根因=pts_in_box=0(完全无点云)
# 诊断：物理层问题：点没打到车上，请检查外参或LiDAR安装
# ⚠️ 重点关注：距自车仅25.9m的目标漏检，点云覆盖=0点

[MISS] npc_id=209 type=VEHICLE dist=67.00 rel_fwd=67.00 rel_right=0.05 pts_on_gt=0 pts_near_gt=0 reason=pts_in_box=0(完全无点云)
# 漏检: GT_NPC_209 | 类型=VEHICLE | 距自车=67.0m | 方位 前/右=(+67.0, +0.1)m | GT框内点数=0 | 根因=pts_in_box=0(完全无点云)
# 诊断：物理层问题：点没打到车上，请检查外参或LiDAR安装

[MATCH] frame=62 total_gt=2 detected=0 missed=2 missed_with_pts=0 missed_no_pts=2 false_positive=1
# 帧匹配汇总 | GT总数=2 | 检测到=0 | 漏检=2 | 误报=1
# 漏检中：有点云=0个 | 无点云=2个
# 注：有点云但漏检 → 模型或参数问题；无点云漏检 → 物理或坐标变换问题
# 距离分桶 | 近(0-15m): 0/0 | 中(15-30m): 0/1 | 远(>30m): 0/1

[FRAME] frame=63 ts=1783477436.516 gt_frame=84 ego_pose=False n_pc_pts=6019 n_gt_npc=2 n_obs=1 pc_dt_ms=99.8
# 帧号=63 | 仿真时间=1783477436.516s | GT帧=84 | 点云=6019点 | 帧间隔=99.8ms | CARLA NPC=2个 | 感知障碍物=1个
# 注：感知回调触发写入，点云和GT可能滞后0~2帧（取最新值）
# 注：点云帧间隔应稳定在 100ms（10Hz），如出现 300ms+ 说明有点云丢帧

[GT_EGO] id=197 x=107.000 y=-133.500 z=0.034 yaw=-0.000 vel=0.00
# 自车位姿（Apollo 坐标系）| 位置=(107.00, -133.50, 0.03)m | 朝向=-0.00rad | 速度=0.00m/s
# 注：坐标经 CARLA→Apollo 转换（y取反，yaw取反转弧度）

[GT_NPC] id=208 type=VEHICLE cx=132.943 cy=-133.429 cz=-499.071 half_l=2.302 half_w=0.966 half_h=0.927 yaw=-0.000 vel=0.00 dist=25.94 rel_fwd=25.94 rel_right=0.07
# GT_NPC: id=208 | 类型=VEHICLE | bbox中心=(132.94, -133.43, -499.07) | 尺寸=4.60×1.93×1.85m | 距自车=25.9m | 相对方位 前/右=(+25.9, +0.1)m
# 注：bbox中心是几何中心（t.transform(bbox.location)），不是rear axle在地面的位置
# 注：dist<30m 且 rel_fwd>0（前方）的目标是本次关注重点
[GT_NPC] id=209 type=VEHICLE cx=174.000 cy=-133.447 cz=-499.038 half_l=0.828 half_w=0.291 half_h=0.810 yaw=-1.571 vel=0.00 dist=67.00 rel_fwd=67.00 rel_right=0.05
# GT_NPC: id=209 | 类型=VEHICLE | bbox中心=(174.00, -133.45, -499.04) | 尺寸=1.66×0.58×1.62m | 距自车=67.0m | 相对方位 前/右=(+67.0, +0.1)m
# 注：bbox中心是几何中心（t.transform(bbox.location)），不是rear axle在地面的位置
# 注：dist<30m 且 rel_fwd>0（前方）的目标是本次关注重点

[PC] total=6019 x=[-45.17,49.47] y=[-46.48,47.20] z=[-8.58,1.59] int_mean=242.7 int_med=246.0 ground_pct=85.8
# 原始点云（LiDAR坐标系）| 总点数=6019 | x范围=[-45.17, 49.47]m | y范围=[-46.48, 47.20]m | z范围=[-8.58, 1.59]m | 强度均值=242.7 | 地面点比例=85.8%
# 注：64线激光雷达 ~13000点/帧 为正常，~6500点可能是 rotation_frequency 偏高（20Hz）
# 注：地面点比例 >70% 说明车体上点少，检测会困难

[PC_ON_NPC] 无世界坐标点云（可能ego_pose未就绪）
# 注：世界坐标点云为空（可能是定位位姿还没收到，或点云还没来）

[OBS] id=235 type=PEDESTRIAN(3) sub=0 pos=(102.72,-127.08,0.91) box=(0.01,0.01,1.11) theta=2.641 conf=0.414 tt=21.10 vel=0.00 dist=0.00 pts_in=0 pts_near=0 int_mean=0.0 gt=None(假阳性)
# OBS: id=235 | 类型=PEDESTRIAN | 置信度=0.414 | 位置=(102.72, -127.08, 0.91)m | 尺寸=0.01×0.01×1.11m | 朝向=2.641rad | 跟踪时长=21.10s | 距自车=0.0m | OBS框内点数=0 | gt=None(假阳性)
# 注：未匹配到GT，可能是假阳性或超出GT范围的远距离目标
# 注：⚠️ 置信度 0.414 < 0.5，可能被后处理滤掉

[MISS] npc_id=208 type=VEHICLE dist=25.94 rel_fwd=25.94 rel_right=0.07 pts_on_gt=0 pts_near_gt=0 reason=pts_in_box=0(完全无点云)
# 漏检: GT_NPC_208 | 类型=VEHICLE | 距自车=25.9m | 方位 前/右=(+25.9, +0.1)m | GT框内点数=0 | 根因=pts_in_box=0(完全无点云)
# 诊断：物理层问题：点没打到车上，请检查外参或LiDAR安装
# ⚠️ 重点关注：距自车仅25.9m的目标漏检，点云覆盖=0点

[MISS] npc_id=209 type=VEHICLE dist=67.00 rel_fwd=67.00 rel_right=0.05 pts_on_gt=0 pts_near_gt=0 reason=pts_in_box=0(完全无点云)
# 漏检: GT_NPC_209 | 类型=VEHICLE | 距自车=67.0m | 方位 前/右=(+67.0, +0.1)m | GT框内点数=0 | 根因=pts_in_box=0(完全无点云)
# 诊断：物理层问题：点没打到车上，请检查外参或LiDAR安装

[MATCH] frame=63 total_gt=2 detected=0 missed=2 missed_with_pts=0 missed_no_pts=2 false_positive=1
# 帧匹配汇总 | GT总数=2 | 检测到=0 | 漏检=2 | 误报=1
# 漏检中：有点云=0个 | 无点云=2个
# 注：有点云但漏检 → 模型或参数问题；无点云漏检 → 物理或坐标变换问题
# 距离分桶 | 近(0-15m): 0/0 | 中(15-30m): 0/1 | 远(>30m): 0/1

[FRAME] frame=64 ts=1783477436.613 gt_frame=85 ego_pose=False n_pc_pts=6005 n_gt_npc=2 n_obs=1 pc_dt_ms=100.3
# 帧号=64 | 仿真时间=1783477436.613s | GT帧=85 | 点云=6005点 | 帧间隔=100.3ms | CARLA NPC=2个 | 感知障碍物=1个
# 注：感知回调触发写入，点云和GT可能滞后0~2帧（取最新值）
# 注：点云帧间隔应稳定在 100ms（10Hz），如出现 300ms+ 说明有点云丢帧

[GT_EGO] id=197 x=107.000 y=-133.500 z=0.034 yaw=-0.000 vel=0.00
# 自车位姿（Apollo 坐标系）| 位置=(107.00, -133.50, 0.03)m | 朝向=-0.00rad | 速度=0.00m/s
# 注：坐标经 CARLA→Apollo 转换（y取反，yaw取反转弧度）

[GT_NPC] id=208 type=VEHICLE cx=132.943 cy=-133.429 cz=-499.071 half_l=2.302 half_w=0.966 half_h=0.927 yaw=-0.000 vel=0.00 dist=25.94 rel_fwd=25.94 rel_right=0.07
# GT_NPC: id=208 | 类型=VEHICLE | bbox中心=(132.94, -133.43, -499.07) | 尺寸=4.60×1.93×1.85m | 距自车=25.9m | 相对方位 前/右=(+25.9, +0.1)m
# 注：bbox中心是几何中心（t.transform(bbox.location)），不是rear axle在地面的位置
# 注：dist<30m 且 rel_fwd>0（前方）的目标是本次关注重点
[GT_NPC] id=209 type=VEHICLE cx=174.000 cy=-133.447 cz=-499.038 half_l=0.828 half_w=0.291 half_h=0.810 yaw=-1.571 vel=0.00 dist=67.00 rel_fwd=67.00 rel_right=0.05
# GT_NPC: id=209 | 类型=VEHICLE | bbox中心=(174.00, -133.45, -499.04) | 尺寸=1.66×0.58×1.62m | 距自车=67.0m | 相对方位 前/右=(+67.0, +0.1)m
# 注：bbox中心是几何中心（t.transform(bbox.location)），不是rear axle在地面的位置
# 注：dist<30m 且 rel_fwd>0（前方）的目标是本次关注重点

[PC] total=6005 x=[-43.98,49.47] y=[-46.48,47.20] z=[-8.58,1.68] int_mean=242.6 int_med=246.0 ground_pct=86.0
# 原始点云（LiDAR坐标系）| 总点数=6005 | x范围=[-43.98, 49.47]m | y范围=[-46.48, 47.20]m | z范围=[-8.58, 1.68]m | 强度均值=242.6 | 地面点比例=86.0%
# 注：64线激光雷达 ~13000点/帧 为正常，~6500点可能是 rotation_frequency 偏高（20Hz）
# 注：地面点比例 >70% 说明车体上点少，检测会困难

[PC_ON_NPC] 无世界坐标点云（可能ego_pose未就绪）
# 注：世界坐标点云为空（可能是定位位姿还没收到，或点云还没来）

[OBS] id=235 type=PEDESTRIAN(3) sub=0 pos=(102.72,-127.08,0.91) box=(0.01,0.01,0.99) theta=2.723 conf=0.348 tt=21.20 vel=0.00 dist=0.00 pts_in=0 pts_near=0 int_mean=0.0 gt=None(假阳性)
# OBS: id=235 | 类型=PEDESTRIAN | 置信度=0.348 | 位置=(102.72, -127.08, 0.91)m | 尺寸=0.01×0.01×0.99m | 朝向=2.723rad | 跟踪时长=21.20s | 距自车=0.0m | OBS框内点数=0 | gt=None(假阳性)
# 注：未匹配到GT，可能是假阳性或超出GT范围的远距离目标
# 注：⚠️ 置信度 0.348 < 0.5，可能被后处理滤掉

[MISS] npc_id=208 type=VEHICLE dist=25.94 rel_fwd=25.94 rel_right=0.07 pts_on_gt=0 pts_near_gt=0 reason=pts_in_box=0(完全无点云)
# 漏检: GT_NPC_208 | 类型=VEHICLE | 距自车=25.9m | 方位 前/右=(+25.9, +0.1)m | GT框内点数=0 | 根因=pts_in_box=0(完全无点云)
# 诊断：物理层问题：点没打到车上，请检查外参或LiDAR安装
# ⚠️ 重点关注：距自车仅25.9m的目标漏检，点云覆盖=0点

[MISS] npc_id=209 type=VEHICLE dist=67.00 rel_fwd=67.00 rel_right=0.05 pts_on_gt=0 pts_near_gt=0 reason=pts_in_box=0(完全无点云)
# 漏检: GT_NPC_209 | 类型=VEHICLE | 距自车=67.0m | 方位 前/右=(+67.0, +0.1)m | GT框内点数=0 | 根因=pts_in_box=0(完全无点云)
# 诊断：物理层问题：点没打到车上，请检查外参或LiDAR安装

[MATCH] frame=64 total_gt=2 detected=0 missed=2 missed_with_pts=0 missed_no_pts=2 false_positive=1
# 帧匹配汇总 | GT总数=2 | 检测到=0 | 漏检=2 | 误报=1
# 漏检中：有点云=0个 | 无点云=2个
# 注：有点云但漏检 → 模型或参数问题；无点云漏检 → 物理或坐标变换问题
# 距离分桶 | 近(0-15m): 0/0 | 中(15-30m): 0/1 | 远(>30m): 0/1

[FRAME] frame=65 ts=1783477436.749 gt_frame=86 ego_pose=False n_pc_pts=6062 n_gt_npc=2 n_obs=1 pc_dt_ms=99.8
# 帧号=65 | 仿真时间=1783477436.749s | GT帧=86 | 点云=6062点 | 帧间隔=99.8ms | CARLA NPC=2个 | 感知障碍物=1个
# 注：感知回调触发写入，点云和GT可能滞后0~2帧（取最新值）
# 注：点云帧间隔应稳定在 100ms（10Hz），如出现 300ms+ 说明有点云丢帧

[GT_EGO] id=197 x=107.000 y=-133.500 z=0.034 yaw=-0.000 vel=0.00
# 自车位姿（Apollo 坐标系）| 位置=(107.00, -133.50, 0.03)m | 朝向=-0.00rad | 速度=0.00m/s
# 注：坐标经 CARLA→Apollo 转换（y取反，yaw取反转弧度）

[GT_NPC] id=208 type=VEHICLE cx=132.943 cy=-133.429 cz=-499.071 half_l=2.302 half_w=0.966 half_h=0.927 yaw=-0.000 vel=0.00 dist=25.94 rel_fwd=25.94 rel_right=0.07
# GT_NPC: id=208 | 类型=VEHICLE | bbox中心=(132.94, -133.43, -499.07) | 尺寸=4.60×1.93×1.85m | 距自车=25.9m | 相对方位 前/右=(+25.9, +0.1)m
# 注：bbox中心是几何中心（t.transform(bbox.location)），不是rear axle在地面的位置
# 注：dist<30m 且 rel_fwd>0（前方）的目标是本次关注重点
[GT_NPC] id=209 type=VEHICLE cx=174.000 cy=-133.447 cz=-499.038 half_l=0.828 half_w=0.291 half_h=0.810 yaw=-1.571 vel=0.00 dist=67.00 rel_fwd=67.00 rel_right=0.05
# GT_NPC: id=209 | 类型=VEHICLE | bbox中心=(174.00, -133.45, -499.04) | 尺寸=1.66×0.58×1.62m | 距自车=67.0m | 相对方位 前/右=(+67.0, +0.1)m
# 注：bbox中心是几何中心（t.transform(bbox.location)），不是rear axle在地面的位置
# 注：dist<30m 且 rel_fwd>0（前方）的目标是本次关注重点

[PC] total=6062 x=[-43.98,49.47] y=[-47.09,47.20] z=[-8.51,1.68] int_mean=242.6 int_med=246.0 ground_pct=86.0
# 原始点云（LiDAR坐标系）| 总点数=6062 | x范围=[-43.98, 49.47]m | y范围=[-47.09, 47.20]m | z范围=[-8.51, 1.68]m | 强度均值=242.6 | 地面点比例=86.0%
# 注：64线激光雷达 ~13000点/帧 为正常，~6500点可能是 rotation_frequency 偏高（20Hz）
# 注：地面点比例 >70% 说明车体上点少，检测会困难

[PC_ON_NPC] 无世界坐标点云（可能ego_pose未就绪）
# 注：世界坐标点云为空（可能是定位位姿还没收到，或点云还没来）

[OBS] id=235 type=PEDESTRIAN(3) sub=0 pos=(102.72,-127.08,0.79) box=(0.01,0.01,1.06) theta=2.828 conf=0.295 tt=21.30 vel=0.00 dist=0.00 pts_in=0 pts_near=0 int_mean=0.0 gt=None(假阳性)
# OBS: id=235 | 类型=PEDESTRIAN | 置信度=0.295 | 位置=(102.72, -127.08, 0.79)m | 尺寸=0.01×0.01×1.06m | 朝向=2.828rad | 跟踪时长=21.30s | 距自车=0.0m | OBS框内点数=0 | gt=None(假阳性)
# 注：未匹配到GT，可能是假阳性或超出GT范围的远距离目标
# 注：⚠️ 置信度 0.295 < 0.5，可能被后处理滤掉

[MISS] npc_id=208 type=VEHICLE dist=25.94 rel_fwd=25.94 rel_right=0.07 pts_on_gt=0 pts_near_gt=0 reason=pts_in_box=0(完全无点云)
# 漏检: GT_NPC_208 | 类型=VEHICLE | 距自车=25.9m | 方位 前/右=(+25.9, +0.1)m | GT框内点数=0 | 根因=pts_in_box=0(完全无点云)
# 诊断：物理层问题：点没打到车上，请检查外参或LiDAR安装
# ⚠️ 重点关注：距自车仅25.9m的目标漏检，点云覆盖=0点

[MISS] npc_id=209 type=VEHICLE dist=67.00 rel_fwd=67.00 rel_right=0.05 pts_on_gt=0 pts_near_gt=0 reason=pts_in_box=0(完全无点云)
# 漏检: GT_NPC_209 | 类型=VEHICLE | 距自车=67.0m | 方位 前/右=(+67.0, +0.1)m | GT框内点数=0 | 根因=pts_in_box=0(完全无点云)
# 诊断：物理层问题：点没打到车上，请检查外参或LiDAR安装

[MATCH] frame=65 total_gt=2 detected=0 missed=2 missed_with_pts=0 missed_no_pts=2 false_positive=1
# 帧匹配汇总 | GT总数=2 | 检测到=0 | 漏检=2 | 误报=1
# 漏检中：有点云=0个 | 无点云=2个
# 注：有点云但漏检 → 模型或参数问题；无点云漏检 → 物理或坐标变换问题
# 距离分桶 | 近(0-15m): 0/0 | 中(15-30m): 0/1 | 远(>30m): 0/1

[FRAME] frame=66 ts=1783477436.815 gt_frame=87 ego_pose=False n_pc_pts=6062 n_gt_npc=2 n_obs=1 pc_dt_ms=99.8
# 帧号=66 | 仿真时间=1783477436.815s | GT帧=87 | 点云=6062点 | 帧间隔=99.8ms | CARLA NPC=2个 | 感知障碍物=1个
# 注：感知回调触发写入，点云和GT可能滞后0~2帧（取最新值）
# 注：点云帧间隔应稳定在 100ms（10Hz），如出现 300ms+ 说明有点云丢帧

[GT_EGO] id=197 x=107.000 y=-133.500 z=0.034 yaw=-0.000 vel=0.00
# 自车位姿（Apollo 坐标系）| 位置=(107.00, -133.50, 0.03)m | 朝向=-0.00rad | 速度=0.00m/s
# 注：坐标经 CARLA→Apollo 转换（y取反，yaw取反转弧度）

[GT_NPC] id=208 type=VEHICLE cx=132.943 cy=-133.429 cz=-499.071 half_l=2.302 half_w=0.966 half_h=0.927 yaw=-0.000 vel=0.00 dist=25.94 rel_fwd=25.94 rel_right=0.07
# GT_NPC: id=208 | 类型=VEHICLE | bbox中心=(132.94, -133.43, -499.07) | 尺寸=4.60×1.93×1.85m | 距自车=25.9m | 相对方位 前/右=(+25.9, +0.1)m
# 注：bbox中心是几何中心（t.transform(bbox.location)），不是rear axle在地面的位置
# 注：dist<30m 且 rel_fwd>0（前方）的目标是本次关注重点
[GT_NPC] id=209 type=VEHICLE cx=174.000 cy=-133.447 cz=-499.038 half_l=0.828 half_w=0.291 half_h=0.810 yaw=-1.571 vel=0.00 dist=67.00 rel_fwd=67.00 rel_right=0.05
# GT_NPC: id=209 | 类型=VEHICLE | bbox中心=(174.00, -133.45, -499.04) | 尺寸=1.66×0.58×1.62m | 距自车=67.0m | 相对方位 前/右=(+67.0, +0.1)m
# 注：bbox中心是几何中心（t.transform(bbox.location)），不是rear axle在地面的位置
# 注：dist<30m 且 rel_fwd>0（前方）的目标是本次关注重点

[PC] total=6062 x=[-43.98,49.47] y=[-47.09,47.20] z=[-8.51,1.68] int_mean=242.6 int_med=246.0 ground_pct=86.0
# 原始点云（LiDAR坐标系）| 总点数=6062 | x范围=[-43.98, 49.47]m | y范围=[-47.09, 47.20]m | z范围=[-8.51, 1.68]m | 强度均值=242.6 | 地面点比例=86.0%
# 注：64线激光雷达 ~13000点/帧 为正常，~6500点可能是 rotation_frequency 偏高（20Hz）
# 注：地面点比例 >70% 说明车体上点少，检测会困难

[PC_ON_NPC] 无世界坐标点云（可能ego_pose未就绪）
# 注：世界坐标点云为空（可能是定位位姿还没收到，或点云还没来）

[OBS] id=235 type=PEDESTRIAN(3) sub=0 pos=(102.72,-127.08,0.61) box=(0.01,0.01,1.29) theta=2.939 conf=0.270 tt=21.40 vel=0.00 dist=0.00 pts_in=0 pts_near=0 int_mean=0.0 gt=None(假阳性)
# OBS: id=235 | 类型=PEDESTRIAN | 置信度=0.270 | 位置=(102.72, -127.08, 0.61)m | 尺寸=0.01×0.01×1.29m | 朝向=2.939rad | 跟踪时长=21.40s | 距自车=0.0m | OBS框内点数=0 | gt=None(假阳性)
# 注：未匹配到GT，可能是假阳性或超出GT范围的远距离目标
# 注：⚠️ 置信度 0.270 < 0.5，可能被后处理滤掉

[MISS] npc_id=208 type=VEHICLE dist=25.94 rel_fwd=25.94 rel_right=0.07 pts_on_gt=0 pts_near_gt=0 reason=pts_in_box=0(完全无点云)
# 漏检: GT_NPC_208 | 类型=VEHICLE | 距自车=25.9m | 方位 前/右=(+25.9, +0.1)m | GT框内点数=0 | 根因=pts_in_box=0(完全无点云)
# 诊断：物理层问题：点没打到车上，请检查外参或LiDAR安装
# ⚠️ 重点关注：距自车仅25.9m的目标漏检，点云覆盖=0点

[MISS] npc_id=209 type=VEHICLE dist=67.00 rel_fwd=67.00 rel_right=0.05 pts_on_gt=0 pts_near_gt=0 reason=pts_in_box=0(完全无点云)
# 漏检: GT_NPC_209 | 类型=VEHICLE | 距自车=67.0m | 方位 前/右=(+67.0, +0.1)m | GT框内点数=0 | 根因=pts_in_box=0(完全无点云)
# 诊断：物理层问题：点没打到车上，请检查外参或LiDAR安装

[MATCH] frame=66 total_gt=2 detected=0 missed=2 missed_with_pts=0 missed_no_pts=2 false_positive=1
# 帧匹配汇总 | GT总数=2 | 检测到=0 | 漏检=2 | 误报=1
# 漏检中：有点云=0个 | 无点云=2个
# 注：有点云但漏检 → 模型或参数问题；无点云漏检 → 物理或坐标变换问题
# 距离分桶 | 近(0-15m): 0/0 | 中(15-30m): 0/1 | 远(>30m): 0/1

[FRAME] frame=67 ts=1783477436.915 gt_frame=88 ego_pose=False n_pc_pts=5947 n_gt_npc=2 n_obs=1 pc_dt_ms=100.0
# 帧号=67 | 仿真时间=1783477436.915s | GT帧=88 | 点云=5947点 | 帧间隔=100.0ms | CARLA NPC=2个 | 感知障碍物=1个
# 注：感知回调触发写入，点云和GT可能滞后0~2帧（取最新值）
# 注：点云帧间隔应稳定在 100ms（10Hz），如出现 300ms+ 说明有点云丢帧

[GT_EGO] id=197 x=107.000 y=-133.500 z=0.034 yaw=-0.000 vel=0.00
# 自车位姿（Apollo 坐标系）| 位置=(107.00, -133.50, 0.03)m | 朝向=-0.00rad | 速度=0.00m/s
# 注：坐标经 CARLA→Apollo 转换（y取反，yaw取反转弧度）

[GT_NPC] id=208 type=VEHICLE cx=132.943 cy=-133.429 cz=-499.071 half_l=2.302 half_w=0.966 half_h=0.927 yaw=-0.000 vel=0.00 dist=25.94 rel_fwd=25.94 rel_right=0.07
# GT_NPC: id=208 | 类型=VEHICLE | bbox中心=(132.94, -133.43, -499.07) | 尺寸=4.60×1.93×1.85m | 距自车=25.9m | 相对方位 前/右=(+25.9, +0.1)m
# 注：bbox中心是几何中心（t.transform(bbox.location)），不是rear axle在地面的位置
# 注：dist<30m 且 rel_fwd>0（前方）的目标是本次关注重点
[GT_NPC] id=209 type=VEHICLE cx=174.000 cy=-133.447 cz=-499.038 half_l=0.828 half_w=0.291 half_h=0.810 yaw=-1.571 vel=0.00 dist=67.00 rel_fwd=67.00 rel_right=0.05
# GT_NPC: id=209 | 类型=VEHICLE | bbox中心=(174.00, -133.45, -499.04) | 尺寸=1.66×0.58×1.62m | 距自车=67.0m | 相对方位 前/右=(+67.0, +0.1)m
# 注：bbox中心是几何中心（t.transform(bbox.location)），不是rear axle在地面的位置
# 注：dist<30m 且 rel_fwd>0（前方）的目标是本次关注重点

[PC] total=5947 x=[-45.17,49.47] y=[-45.42,47.22] z=[-8.58,1.68] int_mean=242.6 int_med=246.0 ground_pct=85.5
# 原始点云（LiDAR坐标系）| 总点数=5947 | x范围=[-45.17, 49.47]m | y范围=[-45.42, 47.22]m | z范围=[-8.58, 1.68]m | 强度均值=242.6 | 地面点比例=85.5%
# 注：64线激光雷达 ~13000点/帧 为正常，~6500点可能是 rotation_frequency 偏高（20Hz）
# 注：地面点比例 >70% 说明车体上点少，检测会困难

[PC_ON_NPC] 无世界坐标点云（可能ego_pose未就绪）
# 注：世界坐标点云为空（可能是定位位姿还没收到，或点云还没来）

[OBS] id=235 type=PEDESTRIAN(3) sub=0 pos=(102.72,-127.08,0.91) box=(0.01,0.01,1.05) theta=2.892 conf=0.378 tt=21.50 vel=0.00 dist=0.00 pts_in=0 pts_near=0 int_mean=0.0 gt=None(假阳性)
# OBS: id=235 | 类型=PEDESTRIAN | 置信度=0.378 | 位置=(102.72, -127.08, 0.91)m | 尺寸=0.01×0.01×1.05m | 朝向=2.892rad | 跟踪时长=21.50s | 距自车=0.0m | OBS框内点数=0 | gt=None(假阳性)
# 注：未匹配到GT，可能是假阳性或超出GT范围的远距离目标
# 注：⚠️ 置信度 0.378 < 0.5，可能被后处理滤掉

[MISS] npc_id=208 type=VEHICLE dist=25.94 rel_fwd=25.94 rel_right=0.07 pts_on_gt=0 pts_near_gt=0 reason=pts_in_box=0(完全无点云)
# 漏检: GT_NPC_208 | 类型=VEHICLE | 距自车=25.9m | 方位 前/右=(+25.9, +0.1)m | GT框内点数=0 | 根因=pts_in_box=0(完全无点云)
# 诊断：物理层问题：点没打到车上，请检查外参或LiDAR安装
# ⚠️ 重点关注：距自车仅25.9m的目标漏检，点云覆盖=0点

[MISS] npc_id=209 type=VEHICLE dist=67.00 rel_fwd=67.00 rel_right=0.05 pts_on_gt=0 pts_near_gt=0 reason=pts_in_box=0(完全无点云)
# 漏检: GT_NPC_209 | 类型=VEHICLE | 距自车=67.0m | 方位 前/右=(+67.0, +0.1)m | GT框内点数=0 | 根因=pts_in_box=0(完全无点云)
# 诊断：物理层问题：点没打到车上，请检查外参或LiDAR安装

[MATCH] frame=67 total_gt=2 detected=0 missed=2 missed_with_pts=0 missed_no_pts=2 false_positive=1
# 帧匹配汇总 | GT总数=2 | 检测到=0 | 漏检=2 | 误报=1
# 漏检中：有点云=0个 | 无点云=2个
# 注：有点云但漏检 → 模型或参数问题；无点云漏检 → 物理或坐标变换问题
# 距离分桶 | 近(0-15m): 0/0 | 中(15-30m): 0/1 | 远(>30m): 0/1

[FRAME] frame=68 ts=1783477437.026 gt_frame=89 ego_pose=False n_pc_pts=6014 n_gt_npc=2 n_obs=1 pc_dt_ms=100.0
# 帧号=68 | 仿真时间=1783477437.026s | GT帧=89 | 点云=6014点 | 帧间隔=100.0ms | CARLA NPC=2个 | 感知障碍物=1个
# 注：感知回调触发写入，点云和GT可能滞后0~2帧（取最新值）
# 注：点云帧间隔应稳定在 100ms（10Hz），如出现 300ms+ 说明有点云丢帧

[GT_EGO] id=197 x=107.000 y=-133.500 z=0.034 yaw=-0.000 vel=0.00
# 自车位姿（Apollo 坐标系）| 位置=(107.00, -133.50, 0.03)m | 朝向=-0.00rad | 速度=0.00m/s
# 注：坐标经 CARLA→Apollo 转换（y取反，yaw取反转弧度）

[GT_NPC] id=208 type=VEHICLE cx=132.943 cy=-133.429 cz=-499.071 half_l=2.302 half_w=0.966 half_h=0.927 yaw=-0.000 vel=0.00 dist=25.94 rel_fwd=25.94 rel_right=0.07
# GT_NPC: id=208 | 类型=VEHICLE | bbox中心=(132.94, -133.43, -499.07) | 尺寸=4.60×1.93×1.85m | 距自车=25.9m | 相对方位 前/右=(+25.9, +0.1)m
# 注：bbox中心是几何中心（t.transform(bbox.location)），不是rear axle在地面的位置
# 注：dist<30m 且 rel_fwd>0（前方）的目标是本次关注重点
[GT_NPC] id=209 type=VEHICLE cx=174.000 cy=-133.447 cz=-499.038 half_l=0.828 half_w=0.291 half_h=0.810 yaw=-1.571 vel=0.00 dist=67.00 rel_fwd=67.00 rel_right=0.05
# GT_NPC: id=209 | 类型=VEHICLE | bbox中心=(174.00, -133.45, -499.04) | 尺寸=1.66×0.58×1.62m | 距自车=67.0m | 相对方位 前/右=(+67.0, +0.1)m
# 注：bbox中心是几何中心（t.transform(bbox.location)），不是rear axle在地面的位置
# 注：dist<30m 且 rel_fwd>0（前方）的目标是本次关注重点

[PC] total=6014 x=[-45.17,49.47] y=[-46.48,47.20] z=[-8.58,1.61] int_mean=242.4 int_med=246.0 ground_pct=85.3
# 原始点云（LiDAR坐标系）| 总点数=6014 | x范围=[-45.17, 49.47]m | y范围=[-46.48, 47.20]m | z范围=[-8.58, 1.61]m | 强度均值=242.4 | 地面点比例=85.3%
# 注：64线激光雷达 ~13000点/帧 为正常，~6500点可能是 rotation_frequency 偏高（20Hz）
# 注：地面点比例 >70% 说明车体上点少，检测会困难

[PC_ON_NPC] 无世界坐标点云（可能ego_pose未就绪）
# 注：世界坐标点云为空（可能是定位位姿还没收到，或点云还没来）

[OBS] id=235 type=PEDESTRIAN(3) sub=0 pos=(102.72,-127.08,0.91) box=(0.01,0.01,1.11) theta=2.937 conf=0.361 tt=21.60 vel=0.00 dist=0.00 pts_in=0 pts_near=0 int_mean=0.0 gt=None(假阳性)
# OBS: id=235 | 类型=PEDESTRIAN | 置信度=0.361 | 位置=(102.72, -127.08, 0.91)m | 尺寸=0.01×0.01×1.11m | 朝向=2.937rad | 跟踪时长=21.60s | 距自车=0.0m | OBS框内点数=0 | gt=None(假阳性)
# 注：未匹配到GT，可能是假阳性或超出GT范围的远距离目标
# 注：⚠️ 置信度 0.361 < 0.5，可能被后处理滤掉

[MISS] npc_id=208 type=VEHICLE dist=25.94 rel_fwd=25.94 rel_right=0.07 pts_on_gt=0 pts_near_gt=0 reason=pts_in_box=0(完全无点云)
# 漏检: GT_NPC_208 | 类型=VEHICLE | 距自车=25.9m | 方位 前/右=(+25.9, +0.1)m | GT框内点数=0 | 根因=pts_in_box=0(完全无点云)
# 诊断：物理层问题：点没打到车上，请检查外参或LiDAR安装
# ⚠️ 重点关注：距自车仅25.9m的目标漏检，点云覆盖=0点

[MISS] npc_id=209 type=VEHICLE dist=67.00 rel_fwd=67.00 rel_right=0.05 pts_on_gt=0 pts_near_gt=0 reason=pts_in_box=0(完全无点云)
# 漏检: GT_NPC_209 | 类型=VEHICLE | 距自车=67.0m | 方位 前/右=(+67.0, +0.1)m | GT框内点数=0 | 根因=pts_in_box=0(完全无点云)
# 诊断：物理层问题：点没打到车上，请检查外参或LiDAR安装

[MATCH] frame=68 total_gt=2 detected=0 missed=2 missed_with_pts=0 missed_no_pts=2 false_positive=1
# 帧匹配汇总 | GT总数=2 | 检测到=0 | 漏检=2 | 误报=1
# 漏检中：有点云=0个 | 无点云=2个
# 注：有点云但漏检 → 模型或参数问题；无点云漏检 → 物理或坐标变换问题
# 距离分桶 | 近(0-15m): 0/0 | 中(15-30m): 0/1 | 远(>30m): 0/1

[FRAME] frame=69 ts=1783477437.144 gt_frame=90 ego_pose=False n_pc_pts=6033 n_gt_npc=2 n_obs=1 pc_dt_ms=100.1
# 帧号=69 | 仿真时间=1783477437.144s | GT帧=90 | 点云=6033点 | 帧间隔=100.1ms | CARLA NPC=2个 | 感知障碍物=1个
# 注：感知回调触发写入，点云和GT可能滞后0~2帧（取最新值）
# 注：点云帧间隔应稳定在 100ms（10Hz），如出现 300ms+ 说明有点云丢帧

[GT_EGO] id=197 x=107.000 y=-133.500 z=0.034 yaw=-0.000 vel=0.00
# 自车位姿（Apollo 坐标系）| 位置=(107.00, -133.50, 0.03)m | 朝向=-0.00rad | 速度=0.00m/s
# 注：坐标经 CARLA→Apollo 转换（y取反，yaw取反转弧度）

[GT_NPC] id=208 type=VEHICLE cx=132.943 cy=-133.429 cz=-499.071 half_l=2.302 half_w=0.966 half_h=0.927 yaw=-0.000 vel=0.00 dist=25.94 rel_fwd=25.94 rel_right=0.07
# GT_NPC: id=208 | 类型=VEHICLE | bbox中心=(132.94, -133.43, -499.07) | 尺寸=4.60×1.93×1.85m | 距自车=25.9m | 相对方位 前/右=(+25.9, +0.1)m
# 注：bbox中心是几何中心（t.transform(bbox.location)），不是rear axle在地面的位置
# 注：dist<30m 且 rel_fwd>0（前方）的目标是本次关注重点
[GT_NPC] id=209 type=VEHICLE cx=174.000 cy=-133.447 cz=-499.038 half_l=0.828 half_w=0.291 half_h=0.810 yaw=-1.571 vel=0.00 dist=67.00 rel_fwd=67.00 rel_right=0.05
# GT_NPC: id=209 | 类型=VEHICLE | bbox中心=(174.00, -133.45, -499.04) | 尺寸=1.66×0.58×1.62m | 距自车=67.0m | 相对方位 前/右=(+67.0, +0.1)m
# 注：bbox中心是几何中心（t.transform(bbox.location)），不是rear axle在地面的位置
# 注：dist<30m 且 rel_fwd>0（前方）的目标是本次关注重点

[PC] total=6033 x=[-44.96,49.47] y=[-45.44,47.22] z=[-8.58,1.68] int_mean=242.6 int_med=246.0 ground_pct=85.9
# 原始点云（LiDAR坐标系）| 总点数=6033 | x范围=[-44.96, 49.47]m | y范围=[-45.44, 47.22]m | z范围=[-8.58, 1.68]m | 强度均值=242.6 | 地面点比例=85.9%
# 注：64线激光雷达 ~13000点/帧 为正常，~6500点可能是 rotation_frequency 偏高（20Hz）
# 注：地面点比例 >70% 说明车体上点少，检测会困难

[PC_ON_NPC] 无世界坐标点云（可能ego_pose未就绪）
# 注：世界坐标点云为空（可能是定位位姿还没收到，或点云还没来）

[OBS] id=235 type=PEDESTRIAN(3) sub=0 pos=(102.72,-127.08,0.85) box=(0.01,0.01,1.11) theta=2.893 conf=0.311 tt=21.70 vel=0.00 dist=0.00 pts_in=0 pts_near=0 int_mean=0.0 gt=None(假阳性)
# OBS: id=235 | 类型=PEDESTRIAN | 置信度=0.311 | 位置=(102.72, -127.08, 0.85)m | 尺寸=0.01×0.01×1.11m | 朝向=2.893rad | 跟踪时长=21.70s | 距自车=0.0m | OBS框内点数=0 | gt=None(假阳性)
# 注：未匹配到GT，可能是假阳性或超出GT范围的远距离目标
# 注：⚠️ 置信度 0.311 < 0.5，可能被后处理滤掉

[MISS] npc_id=208 type=VEHICLE dist=25.94 rel_fwd=25.94 rel_right=0.07 pts_on_gt=0 pts_near_gt=0 reason=pts_in_box=0(完全无点云)
# 漏检: GT_NPC_208 | 类型=VEHICLE | 距自车=25.9m | 方位 前/右=(+25.9, +0.1)m | GT框内点数=0 | 根因=pts_in_box=0(完全无点云)
# 诊断：物理层问题：点没打到车上，请检查外参或LiDAR安装
# ⚠️ 重点关注：距自车仅25.9m的目标漏检，点云覆盖=0点

[MISS] npc_id=209 type=VEHICLE dist=67.00 rel_fwd=67.00 rel_right=0.05 pts_on_gt=0 pts_near_gt=0 reason=pts_in_box=0(完全无点云)
# 漏检: GT_NPC_209 | 类型=VEHICLE | 距自车=67.0m | 方位 前/右=(+67.0, +0.1)m | GT框内点数=0 | 根因=pts_in_box=0(完全无点云)
# 诊断：物理层问题：点没打到车上，请检查外参或LiDAR安装

[MATCH] frame=69 total_gt=2 detected=0 missed=2 missed_with_pts=0 missed_no_pts=2 false_positive=1
# 帧匹配汇总 | GT总数=2 | 检测到=0 | 漏检=2 | 误报=1
# 漏检中：有点云=0个 | 无点云=2个
# 注：有点云但漏检 → 模型或参数问题；无点云漏检 → 物理或坐标变换问题
# 距离分桶 | 近(0-15m): 0/0 | 中(15-30m): 0/1 | 远(>30m): 0/1

[FRAME] frame=70 ts=1783477437.214 gt_frame=91 ego_pose=False n_pc_pts=6033 n_gt_npc=2 n_obs=1 pc_dt_ms=100.1
# 帧号=70 | 仿真时间=1783477437.214s | GT帧=91 | 点云=6033点 | 帧间隔=100.1ms | CARLA NPC=2个 | 感知障碍物=1个
# 注：感知回调触发写入，点云和GT可能滞后0~2帧（取最新值）
# 注：点云帧间隔应稳定在 100ms（10Hz），如出现 300ms+ 说明有点云丢帧

[GT_EGO] id=197 x=107.000 y=-133.500 z=0.034 yaw=-0.000 vel=0.00
# 自车位姿（Apollo 坐标系）| 位置=(107.00, -133.50, 0.03)m | 朝向=-0.00rad | 速度=0.00m/s
# 注：坐标经 CARLA→Apollo 转换（y取反，yaw取反转弧度）

[GT_NPC] id=208 type=VEHICLE cx=132.943 cy=-133.429 cz=-499.071 half_l=2.302 half_w=0.966 half_h=0.927 yaw=-0.000 vel=0.00 dist=25.94 rel_fwd=25.94 rel_right=0.07
# GT_NPC: id=208 | 类型=VEHICLE | bbox中心=(132.94, -133.43, -499.07) | 尺寸=4.60×1.93×1.85m | 距自车=25.9m | 相对方位 前/右=(+25.9, +0.1)m
# 注：bbox中心是几何中心（t.transform(bbox.location)），不是rear axle在地面的位置
# 注：dist<30m 且 rel_fwd>0（前方）的目标是本次关注重点
[GT_NPC] id=209 type=VEHICLE cx=174.000 cy=-133.447 cz=-499.038 half_l=0.828 half_w=0.291 half_h=0.810 yaw=-1.571 vel=0.00 dist=67.00 rel_fwd=67.00 rel_right=0.05
# GT_NPC: id=209 | 类型=VEHICLE | bbox中心=(174.00, -133.45, -499.04) | 尺寸=1.66×0.58×1.62m | 距自车=67.0m | 相对方位 前/右=(+67.0, +0.1)m
# 注：bbox中心是几何中心（t.transform(bbox.location)），不是rear axle在地面的位置
# 注：dist<30m 且 rel_fwd>0（前方）的目标是本次关注重点

[PC] total=6033 x=[-44.96,49.47] y=[-45.44,47.22] z=[-8.58,1.68] int_mean=242.6 int_med=246.0 ground_pct=85.9
# 原始点云（LiDAR坐标系）| 总点数=6033 | x范围=[-44.96, 49.47]m | y范围=[-45.44, 47.22]m | z范围=[-8.58, 1.68]m | 强度均值=242.6 | 地面点比例=85.9%
# 注：64线激光雷达 ~13000点/帧 为正常，~6500点可能是 rotation_frequency 偏高（20Hz）
# 注：地面点比例 >70% 说明车体上点少，检测会困难

[PC_ON_NPC] 无世界坐标点云（可能ego_pose未就绪）
# 注：世界坐标点云为空（可能是定位位姿还没收到，或点云还没来）

[OBS] id=235 type=PEDESTRIAN(3) sub=0 pos=(102.72,-127.08,0.97) box=(0.01,0.01,0.88) theta=2.891 conf=0.292 tt=21.80 vel=0.00 dist=0.00 pts_in=0 pts_near=0 int_mean=0.0 gt=None(假阳性)
# OBS: id=235 | 类型=PEDESTRIAN | 置信度=0.292 | 位置=(102.72, -127.08, 0.97)m | 尺寸=0.01×0.01×0.88m | 朝向=2.891rad | 跟踪时长=21.80s | 距自车=0.0m | OBS框内点数=0 | gt=None(假阳性)
# 注：未匹配到GT，可能是假阳性或超出GT范围的远距离目标
# 注：⚠️ 置信度 0.292 < 0.5，可能被后处理滤掉

[MISS] npc_id=208 type=VEHICLE dist=25.94 rel_fwd=25.94 rel_right=0.07 pts_on_gt=0 pts_near_gt=0 reason=pts_in_box=0(完全无点云)
# 漏检: GT_NPC_208 | 类型=VEHICLE | 距自车=25.9m | 方位 前/右=(+25.9, +0.1)m | GT框内点数=0 | 根因=pts_in_box=0(完全无点云)
# 诊断：物理层问题：点没打到车上，请检查外参或LiDAR安装
# ⚠️ 重点关注：距自车仅25.9m的目标漏检，点云覆盖=0点

[MISS] npc_id=209 type=VEHICLE dist=67.00 rel_fwd=67.00 rel_right=0.05 pts_on_gt=0 pts_near_gt=0 reason=pts_in_box=0(完全无点云)
# 漏检: GT_NPC_209 | 类型=VEHICLE | 距自车=67.0m | 方位 前/右=(+67.0, +0.1)m | GT框内点数=0 | 根因=pts_in_box=0(完全无点云)
# 诊断：物理层问题：点没打到车上，请检查外参或LiDAR安装

[MATCH] frame=70 total_gt=2 detected=0 missed=2 missed_with_pts=0 missed_no_pts=2 false_positive=1
# 帧匹配汇总 | GT总数=2 | 检测到=0 | 漏检=2 | 误报=1
# 漏检中：有点云=0个 | 无点云=2个
# 注：有点云但漏检 → 模型或参数问题；无点云漏检 → 物理或坐标变换问题
# 距离分桶 | 近(0-15m): 0/0 | 中(15-30m): 0/1 | 远(>30m): 0/1

[FRAME] frame=71 ts=1783477437.315 gt_frame=92 ego_pose=False n_pc_pts=6101 n_gt_npc=2 n_obs=1 pc_dt_ms=99.8
# 帧号=71 | 仿真时间=1783477437.315s | GT帧=92 | 点云=6101点 | 帧间隔=99.8ms | CARLA NPC=2个 | 感知障碍物=1个
# 注：感知回调触发写入，点云和GT可能滞后0~2帧（取最新值）
# 注：点云帧间隔应稳定在 100ms（10Hz），如出现 300ms+ 说明有点云丢帧

[GT_EGO] id=197 x=107.000 y=-133.500 z=0.034 yaw=-0.000 vel=0.00
# 自车位姿（Apollo 坐标系）| 位置=(107.00, -133.50, 0.03)m | 朝向=-0.00rad | 速度=0.00m/s
# 注：坐标经 CARLA→Apollo 转换（y取反，yaw取反转弧度）

[GT_NPC] id=208 type=VEHICLE cx=132.943 cy=-133.429 cz=-499.071 half_l=2.302 half_w=0.966 half_h=0.927 yaw=-0.000 vel=0.00 dist=25.94 rel_fwd=25.94 rel_right=0.07
# GT_NPC: id=208 | 类型=VEHICLE | bbox中心=(132.94, -133.43, -499.07) | 尺寸=4.60×1.93×1.85m | 距自车=25.9m | 相对方位 前/右=(+25.9, +0.1)m
# 注：bbox中心是几何中心（t.transform(bbox.location)），不是rear axle在地面的位置
# 注：dist<30m 且 rel_fwd>0（前方）的目标是本次关注重点
[GT_NPC] id=209 type=VEHICLE cx=174.000 cy=-133.447 cz=-499.038 half_l=0.828 half_w=0.291 half_h=0.810 yaw=-1.571 vel=0.00 dist=67.00 rel_fwd=67.00 rel_right=0.05
# GT_NPC: id=209 | 类型=VEHICLE | bbox中心=(174.00, -133.45, -499.04) | 尺寸=1.66×0.58×1.62m | 距自车=67.0m | 相对方位 前/右=(+67.0, +0.1)m
# 注：bbox中心是几何中心（t.transform(bbox.location)），不是rear axle在地面的位置
# 注：dist<30m 且 rel_fwd>0（前方）的目标是本次关注重点

[PC] total=6101 x=[-45.17,49.47] y=[-47.09,47.20] z=[-8.58,1.68] int_mean=242.7 int_med=246.0 ground_pct=86.2
# 原始点云（LiDAR坐标系）| 总点数=6101 | x范围=[-45.17, 49.47]m | y范围=[-47.09, 47.20]m | z范围=[-8.58, 1.68]m | 强度均值=242.7 | 地面点比例=86.2%
# 注：64线激光雷达 ~13000点/帧 为正常，~6500点可能是 rotation_frequency 偏高（20Hz）
# 注：地面点比例 >70% 说明车体上点少，检测会困难

[PC_ON_NPC] 无世界坐标点云（可能ego_pose未就绪）
# 注：世界坐标点云为空（可能是定位位姿还没收到，或点云还没来）

[OBS] id=235 type=PEDESTRIAN(3) sub=0 pos=(102.72,-127.08,0.73) box=(0.01,0.01,1.29) theta=2.930 conf=0.322 tt=21.90 vel=0.00 dist=0.00 pts_in=0 pts_near=0 int_mean=0.0 gt=None(假阳性)
# OBS: id=235 | 类型=PEDESTRIAN | 置信度=0.322 | 位置=(102.72, -127.08, 0.73)m | 尺寸=0.01×0.01×1.29m | 朝向=2.930rad | 跟踪时长=21.90s | 距自车=0.0m | OBS框内点数=0 | gt=None(假阳性)
# 注：未匹配到GT，可能是假阳性或超出GT范围的远距离目标
# 注：⚠️ 置信度 0.322 < 0.5，可能被后处理滤掉

[MISS] npc_id=208 type=VEHICLE dist=25.94 rel_fwd=25.94 rel_right=0.07 pts_on_gt=0 pts_near_gt=0 reason=pts_in_box=0(完全无点云)
# 漏检: GT_NPC_208 | 类型=VEHICLE | 距自车=25.9m | 方位 前/右=(+25.9, +0.1)m | GT框内点数=0 | 根因=pts_in_box=0(完全无点云)
# 诊断：物理层问题：点没打到车上，请检查外参或LiDAR安装
# ⚠️ 重点关注：距自车仅25.9m的目标漏检，点云覆盖=0点

[MISS] npc_id=209 type=VEHICLE dist=67.00 rel_fwd=67.00 rel_right=0.05 pts_on_gt=0 pts_near_gt=0 reason=pts_in_box=0(完全无点云)
# 漏检: GT_NPC_209 | 类型=VEHICLE | 距自车=67.0m | 方位 前/右=(+67.0, +0.1)m | GT框内点数=0 | 根因=pts_in_box=0(完全无点云)
# 诊断：物理层问题：点没打到车上，请检查外参或LiDAR安装

[MATCH] frame=71 total_gt=2 detected=0 missed=2 missed_with_pts=0 missed_no_pts=2 false_positive=1
# 帧匹配汇总 | GT总数=2 | 检测到=0 | 漏检=2 | 误报=1
# 漏检中：有点云=0个 | 无点云=2个
# 注：有点云但漏检 → 模型或参数问题；无点云漏检 → 物理或坐标变换问题
# 距离分桶 | 近(0-15m): 0/0 | 中(15-30m): 0/1 | 远(>30m): 0/1

[FRAME] frame=72 ts=1783477437.458 gt_frame=93 ego_pose=False n_pc_pts=6034 n_gt_npc=2 n_obs=1 pc_dt_ms=100.2
# 帧号=72 | 仿真时间=1783477437.458s | GT帧=93 | 点云=6034点 | 帧间隔=100.2ms | CARLA NPC=2个 | 感知障碍物=1个
# 注：感知回调触发写入，点云和GT可能滞后0~2帧（取最新值）
# 注：点云帧间隔应稳定在 100ms（10Hz），如出现 300ms+ 说明有点云丢帧

[GT_EGO] id=197 x=107.000 y=-133.500 z=0.034 yaw=-0.000 vel=0.00
# 自车位姿（Apollo 坐标系）| 位置=(107.00, -133.50, 0.03)m | 朝向=-0.00rad | 速度=0.00m/s
# 注：坐标经 CARLA→Apollo 转换（y取反，yaw取反转弧度）

[GT_NPC] id=208 type=VEHICLE cx=132.943 cy=-133.429 cz=-499.071 half_l=2.302 half_w=0.966 half_h=0.927 yaw=-0.000 vel=0.00 dist=25.94 rel_fwd=25.94 rel_right=0.07
# GT_NPC: id=208 | 类型=VEHICLE | bbox中心=(132.94, -133.43, -499.07) | 尺寸=4.60×1.93×1.85m | 距自车=25.9m | 相对方位 前/右=(+25.9, +0.1)m
# 注：bbox中心是几何中心（t.transform(bbox.location)），不是rear axle在地面的位置
# 注：dist<30m 且 rel_fwd>0（前方）的目标是本次关注重点
[GT_NPC] id=209 type=VEHICLE cx=174.000 cy=-133.447 cz=-499.038 half_l=0.828 half_w=0.291 half_h=0.810 yaw=-1.571 vel=0.00 dist=67.00 rel_fwd=67.00 rel_right=0.05
# GT_NPC: id=209 | 类型=VEHICLE | bbox中心=(174.00, -133.45, -499.04) | 尺寸=1.66×0.58×1.62m | 距自车=67.0m | 相对方位 前/右=(+67.0, +0.1)m
# 注：bbox中心是几何中心（t.transform(bbox.location)），不是rear axle在地面的位置
# 注：dist<30m 且 rel_fwd>0（前方）的目标是本次关注重点

[PC] total=6034 x=[-44.49,49.47] y=[-45.91,47.22] z=[-8.58,1.68] int_mean=242.6 int_med=246.0 ground_pct=86.1
# 原始点云（LiDAR坐标系）| 总点数=6034 | x范围=[-44.49, 49.47]m | y范围=[-45.91, 47.22]m | z范围=[-8.58, 1.68]m | 强度均值=242.6 | 地面点比例=86.1%
# 注：64线激光雷达 ~13000点/帧 为正常，~6500点可能是 rotation_frequency 偏高（20Hz）
# 注：地面点比例 >70% 说明车体上点少，检测会困难

[PC_ON_NPC] 无世界坐标点云（可能ego_pose未就绪）
# 注：世界坐标点云为空（可能是定位位姿还没收到，或点云还没来）

[OBS] id=235 type=PEDESTRIAN(3) sub=0 pos=(102.72,-127.08,0.85) box=(0.01,0.01,1.11) theta=2.943 conf=0.310 tt=22.00 vel=0.00 dist=0.00 pts_in=0 pts_near=0 int_mean=0.0 gt=None(假阳性)
# OBS: id=235 | 类型=PEDESTRIAN | 置信度=0.310 | 位置=(102.72, -127.08, 0.85)m | 尺寸=0.01×0.01×1.11m | 朝向=2.943rad | 跟踪时长=22.00s | 距自车=0.0m | OBS框内点数=0 | gt=None(假阳性)
# 注：未匹配到GT，可能是假阳性或超出GT范围的远距离目标
# 注：⚠️ 置信度 0.310 < 0.5，可能被后处理滤掉

[MISS] npc_id=208 type=VEHICLE dist=25.94 rel_fwd=25.94 rel_right=0.07 pts_on_gt=0 pts_near_gt=0 reason=pts_in_box=0(完全无点云)
# 漏检: GT_NPC_208 | 类型=VEHICLE | 距自车=25.9m | 方位 前/右=(+25.9, +0.1)m | GT框内点数=0 | 根因=pts_in_box=0(完全无点云)
# 诊断：物理层问题：点没打到车上，请检查外参或LiDAR安装
# ⚠️ 重点关注：距自车仅25.9m的目标漏检，点云覆盖=0点

[MISS] npc_id=209 type=VEHICLE dist=67.00 rel_fwd=67.00 rel_right=0.05 pts_on_gt=0 pts_near_gt=0 reason=pts_in_box=0(完全无点云)
# 漏检: GT_NPC_209 | 类型=VEHICLE | 距自车=67.0m | 方位 前/右=(+67.0, +0.1)m | GT框内点数=0 | 根因=pts_in_box=0(完全无点云)
# 诊断：物理层问题：点没打到车上，请检查外参或LiDAR安装

[MATCH] frame=72 total_gt=2 detected=0 missed=2 missed_with_pts=0 missed_no_pts=2 false_positive=1
# 帧匹配汇总 | GT总数=2 | 检测到=0 | 漏检=2 | 误报=1
# 漏检中：有点云=0个 | 无点云=2个
# 注：有点云但漏检 → 模型或参数问题；无点云漏检 → 物理或坐标变换问题
# 距离分桶 | 近(0-15m): 0/0 | 中(15-30m): 0/1 | 远(>30m): 0/1

[FRAME] frame=73 ts=1783477437.524 gt_frame=94 ego_pose=False n_pc_pts=6034 n_gt_npc=2 n_obs=1 pc_dt_ms=100.2
# 帧号=73 | 仿真时间=1783477437.524s | GT帧=94 | 点云=6034点 | 帧间隔=100.2ms | CARLA NPC=2个 | 感知障碍物=1个
# 注：感知回调触发写入，点云和GT可能滞后0~2帧（取最新值）
# 注：点云帧间隔应稳定在 100ms（10Hz），如出现 300ms+ 说明有点云丢帧

[GT_EGO] id=197 x=107.000 y=-133.500 z=0.034 yaw=-0.000 vel=0.00
# 自车位姿（Apollo 坐标系）| 位置=(107.00, -133.50, 0.03)m | 朝向=-0.00rad | 速度=0.00m/s
# 注：坐标经 CARLA→Apollo 转换（y取反，yaw取反转弧度）

[GT_NPC] id=208 type=VEHICLE cx=132.943 cy=-133.429 cz=-499.071 half_l=2.302 half_w=0.966 half_h=0.927 yaw=-0.000 vel=0.00 dist=25.94 rel_fwd=25.94 rel_right=0.07
# GT_NPC: id=208 | 类型=VEHICLE | bbox中心=(132.94, -133.43, -499.07) | 尺寸=4.60×1.93×1.85m | 距自车=25.9m | 相对方位 前/右=(+25.9, +0.1)m
# 注：bbox中心是几何中心（t.transform(bbox.location)），不是rear axle在地面的位置
# 注：dist<30m 且 rel_fwd>0（前方）的目标是本次关注重点
[GT_NPC] id=209 type=VEHICLE cx=174.000 cy=-133.447 cz=-499.038 half_l=0.828 half_w=0.291 half_h=0.810 yaw=-1.571 vel=0.00 dist=67.00 rel_fwd=67.00 rel_right=0.05
# GT_NPC: id=209 | 类型=VEHICLE | bbox中心=(174.00, -133.45, -499.04) | 尺寸=1.66×0.58×1.62m | 距自车=67.0m | 相对方位 前/右=(+67.0, +0.1)m
# 注：bbox中心是几何中心（t.transform(bbox.location)），不是rear axle在地面的位置
# 注：dist<30m 且 rel_fwd>0（前方）的目标是本次关注重点

[PC] total=6034 x=[-44.49,49.47] y=[-45.91,47.22] z=[-8.58,1.68] int_mean=242.6 int_med=246.0 ground_pct=86.1
# 原始点云（LiDAR坐标系）| 总点数=6034 | x范围=[-44.49, 49.47]m | y范围=[-45.91, 47.22]m | z范围=[-8.58, 1.68]m | 强度均值=242.6 | 地面点比例=86.1%
# 注：64线激光雷达 ~13000点/帧 为正常，~6500点可能是 rotation_frequency 偏高（20Hz）
# 注：地面点比例 >70% 说明车体上点少，检测会困难

[PC_ON_NPC] 无世界坐标点云（可能ego_pose未就绪）
# 注：世界坐标点云为空（可能是定位位姿还没收到，或点云还没来）

[OBS] id=235 type=PEDESTRIAN(3) sub=0 pos=(102.72,-127.08,0.85) box=(0.01,0.01,1.17) theta=2.941 conf=0.355 tt=22.10 vel=0.00 dist=0.00 pts_in=0 pts_near=0 int_mean=0.0 gt=None(假阳性)
# OBS: id=235 | 类型=PEDESTRIAN | 置信度=0.355 | 位置=(102.72, -127.08, 0.85)m | 尺寸=0.01×0.01×1.17m | 朝向=2.941rad | 跟踪时长=22.10s | 距自车=0.0m | OBS框内点数=0 | gt=None(假阳性)
# 注：未匹配到GT，可能是假阳性或超出GT范围的远距离目标
# 注：⚠️ 置信度 0.355 < 0.5，可能被后处理滤掉

[MISS] npc_id=208 type=VEHICLE dist=25.94 rel_fwd=25.94 rel_right=0.07 pts_on_gt=0 pts_near_gt=0 reason=pts_in_box=0(完全无点云)
# 漏检: GT_NPC_208 | 类型=VEHICLE | 距自车=25.9m | 方位 前/右=(+25.9, +0.1)m | GT框内点数=0 | 根因=pts_in_box=0(完全无点云)
# 诊断：物理层问题：点没打到车上，请检查外参或LiDAR安装
# ⚠️ 重点关注：距自车仅25.9m的目标漏检，点云覆盖=0点

[MISS] npc_id=209 type=VEHICLE dist=67.00 rel_fwd=67.00 rel_right=0.05 pts_on_gt=0 pts_near_gt=0 reason=pts_in_box=0(完全无点云)
# 漏检: GT_NPC_209 | 类型=VEHICLE | 距自车=67.0m | 方位 前/右=(+67.0, +0.1)m | GT框内点数=0 | 根因=pts_in_box=0(完全无点云)
# 诊断：物理层问题：点没打到车上，请检查外参或LiDAR安装

[MATCH] frame=73 total_gt=2 detected=0 missed=2 missed_with_pts=0 missed_no_pts=2 false_positive=1
# 帧匹配汇总 | GT总数=2 | 检测到=0 | 漏检=2 | 误报=1
# 漏检中：有点云=0个 | 无点云=2个
# 注：有点云但漏检 → 模型或参数问题；无点云漏检 → 物理或坐标变换问题
# 距离分桶 | 近(0-15m): 0/0 | 中(15-30m): 0/1 | 远(>30m): 0/1

[FRAME] frame=74 ts=1783477437.625 gt_frame=95 ego_pose=False n_pc_pts=6022 n_gt_npc=2 n_obs=1 pc_dt_ms=100.2
# 帧号=74 | 仿真时间=1783477437.625s | GT帧=95 | 点云=6022点 | 帧间隔=100.2ms | CARLA NPC=2个 | 感知障碍物=1个
# 注：感知回调触发写入，点云和GT可能滞后0~2帧（取最新值）
# 注：点云帧间隔应稳定在 100ms（10Hz），如出现 300ms+ 说明有点云丢帧

[GT_EGO] id=197 x=107.000 y=-133.500 z=0.034 yaw=-0.000 vel=0.00
# 自车位姿（Apollo 坐标系）| 位置=(107.00, -133.50, 0.03)m | 朝向=-0.00rad | 速度=0.00m/s
# 注：坐标经 CARLA→Apollo 转换（y取反，yaw取反转弧度）

[GT_NPC] id=208 type=VEHICLE cx=132.943 cy=-133.429 cz=-499.071 half_l=2.302 half_w=0.966 half_h=0.927 yaw=-0.000 vel=0.00 dist=25.94 rel_fwd=25.94 rel_right=0.07
# GT_NPC: id=208 | 类型=VEHICLE | bbox中心=(132.94, -133.43, -499.07) | 尺寸=4.60×1.93×1.85m | 距自车=25.9m | 相对方位 前/右=(+25.9, +0.1)m
# 注：bbox中心是几何中心（t.transform(bbox.location)），不是rear axle在地面的位置
# 注：dist<30m 且 rel_fwd>0（前方）的目标是本次关注重点
[GT_NPC] id=209 type=VEHICLE cx=174.000 cy=-133.447 cz=-499.038 half_l=0.828 half_w=0.291 half_h=0.810 yaw=-1.571 vel=0.00 dist=67.00 rel_fwd=67.00 rel_right=0.05
# GT_NPC: id=209 | 类型=VEHICLE | bbox中心=(174.00, -133.45, -499.04) | 尺寸=1.66×0.58×1.62m | 距自车=67.0m | 相对方位 前/右=(+67.0, +0.1)m
# 注：bbox中心是几何中心（t.transform(bbox.location)），不是rear axle在地面的位置
# 注：dist<30m 且 rel_fwd>0（前方）的目标是本次关注重点

[PC] total=6022 x=[-44.96,49.47] y=[-45.91,47.20] z=[-8.58,1.68] int_mean=242.5 int_med=246.0 ground_pct=85.3
# 原始点云（LiDAR坐标系）| 总点数=6022 | x范围=[-44.96, 49.47]m | y范围=[-45.91, 47.20]m | z范围=[-8.58, 1.68]m | 强度均值=242.5 | 地面点比例=85.3%
# 注：64线激光雷达 ~13000点/帧 为正常，~6500点可能是 rotation_frequency 偏高（20Hz）
# 注：地面点比例 >70% 说明车体上点少，检测会困难

[PC_ON_NPC] 无世界坐标点云（可能ego_pose未就绪）
# 注：世界坐标点云为空（可能是定位位姿还没收到，或点云还没来）

[OBS] id=235 type=PEDESTRIAN(3) sub=0 pos=(102.72,-127.08,0.97) box=(0.01,0.01,0.99) theta=2.904 conf=0.297 tt=22.20 vel=0.00 dist=0.00 pts_in=0 pts_near=0 int_mean=0.0 gt=None(假阳性)
# OBS: id=235 | 类型=PEDESTRIAN | 置信度=0.297 | 位置=(102.72, -127.08, 0.97)m | 尺寸=0.01×0.01×0.99m | 朝向=2.904rad | 跟踪时长=22.20s | 距自车=0.0m | OBS框内点数=0 | gt=None(假阳性)
# 注：未匹配到GT，可能是假阳性或超出GT范围的远距离目标
# 注：⚠️ 置信度 0.297 < 0.5，可能被后处理滤掉

[MISS] npc_id=208 type=VEHICLE dist=25.94 rel_fwd=25.94 rel_right=0.07 pts_on_gt=0 pts_near_gt=0 reason=pts_in_box=0(完全无点云)
# 漏检: GT_NPC_208 | 类型=VEHICLE | 距自车=25.9m | 方位 前/右=(+25.9, +0.1)m | GT框内点数=0 | 根因=pts_in_box=0(完全无点云)
# 诊断：物理层问题：点没打到车上，请检查外参或LiDAR安装
# ⚠️ 重点关注：距自车仅25.9m的目标漏检，点云覆盖=0点

[MISS] npc_id=209 type=VEHICLE dist=67.00 rel_fwd=67.00 rel_right=0.05 pts_on_gt=0 pts_near_gt=0 reason=pts_in_box=0(完全无点云)
# 漏检: GT_NPC_209 | 类型=VEHICLE | 距自车=67.0m | 方位 前/右=(+67.0, +0.1)m | GT框内点数=0 | 根因=pts_in_box=0(完全无点云)
# 诊断：物理层问题：点没打到车上，请检查外参或LiDAR安装

[MATCH] frame=74 total_gt=2 detected=0 missed=2 missed_with_pts=0 missed_no_pts=2 false_positive=1
# 帧匹配汇总 | GT总数=2 | 检测到=0 | 漏检=2 | 误报=1
# 漏检中：有点云=0个 | 无点云=2个
# 注：有点云但漏检 → 模型或参数问题；无点云漏检 → 物理或坐标变换问题
# 距离分桶 | 近(0-15m): 0/0 | 中(15-30m): 0/1 | 远(>30m): 0/1

[FRAME] frame=75 ts=1783477437.721 gt_frame=96 ego_pose=False n_pc_pts=5997 n_gt_npc=2 n_obs=2 pc_dt_ms=99.8
# 帧号=75 | 仿真时间=1783477437.721s | GT帧=96 | 点云=5997点 | 帧间隔=99.8ms | CARLA NPC=2个 | 感知障碍物=2个
# 注：感知回调触发写入，点云和GT可能滞后0~2帧（取最新值）
# 注：点云帧间隔应稳定在 100ms（10Hz），如出现 300ms+ 说明有点云丢帧

[GT_EGO] id=197 x=107.000 y=-133.500 z=0.034 yaw=-0.000 vel=0.00
# 自车位姿（Apollo 坐标系）| 位置=(107.00, -133.50, 0.03)m | 朝向=-0.00rad | 速度=0.00m/s
# 注：坐标经 CARLA→Apollo 转换（y取反，yaw取反转弧度）

[GT_NPC] id=208 type=VEHICLE cx=132.943 cy=-133.429 cz=-499.071 half_l=2.302 half_w=0.966 half_h=0.927 yaw=-0.000 vel=0.00 dist=25.94 rel_fwd=25.94 rel_right=0.07
# GT_NPC: id=208 | 类型=VEHICLE | bbox中心=(132.94, -133.43, -499.07) | 尺寸=4.60×1.93×1.85m | 距自车=25.9m | 相对方位 前/右=(+25.9, +0.1)m
# 注：bbox中心是几何中心（t.transform(bbox.location)），不是rear axle在地面的位置
# 注：dist<30m 且 rel_fwd>0（前方）的目标是本次关注重点
[GT_NPC] id=209 type=VEHICLE cx=174.000 cy=-133.447 cz=-499.038 half_l=0.828 half_w=0.291 half_h=0.810 yaw=-1.571 vel=0.00 dist=67.00 rel_fwd=67.00 rel_right=0.05
# GT_NPC: id=209 | 类型=VEHICLE | bbox中心=(174.00, -133.45, -499.04) | 尺寸=1.66×0.58×1.62m | 距自车=67.0m | 相对方位 前/右=(+67.0, +0.1)m
# 注：bbox中心是几何中心（t.transform(bbox.location)），不是rear axle在地面的位置
# 注：dist<30m 且 rel_fwd>0（前方）的目标是本次关注重点

[PC] total=5997 x=[-45.17,49.47] y=[-45.91,47.22] z=[-8.58,1.68] int_mean=242.5 int_med=246.0 ground_pct=85.3
# 原始点云（LiDAR坐标系）| 总点数=5997 | x范围=[-45.17, 49.47]m | y范围=[-45.91, 47.22]m | z范围=[-8.58, 1.68]m | 强度均值=242.5 | 地面点比例=85.3%
# 注：64线激光雷达 ~13000点/帧 为正常，~6500点可能是 rotation_frequency 偏高（20Hz）
# 注：地面点比例 >70% 说明车体上点少，检测会困难

[PC_ON_NPC] 无世界坐标点云（可能ego_pose未就绪）
# 注：世界坐标点云为空（可能是定位位姿还没收到，或点云还没来）

[OBS] id=235 type=PEDESTRIAN(3) sub=0 pos=(102.72,-127.08,0.91) box=(0.01,0.01,0.99) theta=2.951 conf=0.285 tt=22.30 vel=0.00 dist=0.00 pts_in=0 pts_near=0 int_mean=0.0 gt=None(假阳性)
# OBS: id=235 | 类型=PEDESTRIAN | 置信度=0.285 | 位置=(102.72, -127.08, 0.91)m | 尺寸=0.01×0.01×0.99m | 朝向=2.951rad | 跟踪时长=22.30s | 距自车=0.0m | OBS框内点数=0 | gt=None(假阳性)
# 注：未匹配到GT，可能是假阳性或超出GT范围的远距离目标
# 注：⚠️ 置信度 0.285 < 0.5，可能被后处理滤掉

[OBS] id=252 type=UNKNOWN(0) sub=0 pos=(118.49,-127.41,0.57) box=(0.18,0.06,0.47) theta=0.822 conf=0.529 tt=0.40 vel=0.00 dist=0.00 pts_in=0 pts_near=0 int_mean=0.0 gt=None(假阳性)
# OBS: id=252 | 类型=UNKNOWN | 置信度=0.529 | 位置=(118.49, -127.41, 0.57)m | 尺寸=0.18×0.06×0.47m | 朝向=0.822rad | 跟踪时长=0.40s | 距自车=0.0m | OBS框内点数=0 | gt=None(假阳性)
# 注：未匹配到GT，可能是假阳性或超出GT范围的远距离目标
# 注：⚠️ 跟踪时长 0.40s < 1s，刚出现的不稳定目标

[MISS] npc_id=208 type=VEHICLE dist=25.94 rel_fwd=25.94 rel_right=0.07 pts_on_gt=0 pts_near_gt=0 reason=pts_in_box=0(完全无点云)
# 漏检: GT_NPC_208 | 类型=VEHICLE | 距自车=25.9m | 方位 前/右=(+25.9, +0.1)m | GT框内点数=0 | 根因=pts_in_box=0(完全无点云)
# 诊断：物理层问题：点没打到车上，请检查外参或LiDAR安装
# ⚠️ 重点关注：距自车仅25.9m的目标漏检，点云覆盖=0点

[MISS] npc_id=209 type=VEHICLE dist=67.00 rel_fwd=67.00 rel_right=0.05 pts_on_gt=0 pts_near_gt=0 reason=pts_in_box=0(完全无点云)
# 漏检: GT_NPC_209 | 类型=VEHICLE | 距自车=67.0m | 方位 前/右=(+67.0, +0.1)m | GT框内点数=0 | 根因=pts_in_box=0(完全无点云)
# 诊断：物理层问题：点没打到车上，请检查外参或LiDAR安装

[MATCH] frame=75 total_gt=2 detected=0 missed=2 missed_with_pts=0 missed_no_pts=2 false_positive=2
# 帧匹配汇总 | GT总数=2 | 检测到=0 | 漏检=2 | 误报=2
# 漏检中：有点云=0个 | 无点云=2个
# 注：有点云但漏检 → 模型或参数问题；无点云漏检 → 物理或坐标变换问题
# 距离分桶 | 近(0-15m): 0/0 | 中(15-30m): 0/1 | 远(>30m): 0/1

[FRAME] frame=76 ts=1783477437.817 gt_frame=97 ego_pose=False n_pc_pts=6139 n_gt_npc=2 n_obs=2 pc_dt_ms=100.0
# 帧号=76 | 仿真时间=1783477437.817s | GT帧=97 | 点云=6139点 | 帧间隔=100.0ms | CARLA NPC=2个 | 感知障碍物=2个
# 注：感知回调触发写入，点云和GT可能滞后0~2帧（取最新值）
# 注：点云帧间隔应稳定在 100ms（10Hz），如出现 300ms+ 说明有点云丢帧

[GT_EGO] id=197 x=107.000 y=-133.500 z=0.034 yaw=-0.000 vel=0.00
# 自车位姿（Apollo 坐标系）| 位置=(107.00, -133.50, 0.03)m | 朝向=-0.00rad | 速度=0.00m/s
# 注：坐标经 CARLA→Apollo 转换（y取反，yaw取反转弧度）

[GT_NPC] id=208 type=VEHICLE cx=132.943 cy=-133.429 cz=-499.071 half_l=2.302 half_w=0.966 half_h=0.927 yaw=-0.000 vel=0.00 dist=25.94 rel_fwd=25.94 rel_right=0.07
# GT_NPC: id=208 | 类型=VEHICLE | bbox中心=(132.94, -133.43, -499.07) | 尺寸=4.60×1.93×1.85m | 距自车=25.9m | 相对方位 前/右=(+25.9, +0.1)m
# 注：bbox中心是几何中心（t.transform(bbox.location)），不是rear axle在地面的位置
# 注：dist<30m 且 rel_fwd>0（前方）的目标是本次关注重点
[GT_NPC] id=209 type=VEHICLE cx=174.000 cy=-133.447 cz=-499.038 half_l=0.828 half_w=0.291 half_h=0.810 yaw=-1.571 vel=0.00 dist=67.00 rel_fwd=67.00 rel_right=0.05
# GT_NPC: id=209 | 类型=VEHICLE | bbox中心=(174.00, -133.45, -499.04) | 尺寸=1.66×0.58×1.62m | 距自车=67.0m | 相对方位 前/右=(+67.0, +0.1)m
# 注：bbox中心是几何中心（t.transform(bbox.location)），不是rear axle在地面的位置
# 注：dist<30m 且 rel_fwd>0（前方）的目标是本次关注重点

[PC] total=6139 x=[-44.49,49.47] y=[-47.09,47.20] z=[-8.58,1.59] int_mean=242.5 int_med=246.0 ground_pct=85.7
# 原始点云（LiDAR坐标系）| 总点数=6139 | x范围=[-44.49, 49.47]m | y范围=[-47.09, 47.20]m | z范围=[-8.58, 1.59]m | 强度均值=242.5 | 地面点比例=85.7%
# 注：64线激光雷达 ~13000点/帧 为正常，~6500点可能是 rotation_frequency 偏高（20Hz）
# 注：地面点比例 >70% 说明车体上点少，检测会困难

[PC_ON_NPC] 无世界坐标点云（可能ego_pose未就绪）
# 注：世界坐标点云为空（可能是定位位姿还没收到，或点云还没来）

[OBS] id=235 type=PEDESTRIAN(3) sub=0 pos=(102.72,-127.08,0.79) box=(0.01,0.01,1.17) theta=2.917 conf=0.307 tt=22.40 vel=0.00 dist=0.00 pts_in=0 pts_near=0 int_mean=0.0 gt=None(假阳性)
# OBS: id=235 | 类型=PEDESTRIAN | 置信度=0.307 | 位置=(102.72, -127.08, 0.79)m | 尺寸=0.01×0.01×1.17m | 朝向=2.917rad | 跟踪时长=22.40s | 距自车=0.0m | OBS框内点数=0 | gt=None(假阳性)
# 注：未匹配到GT，可能是假阳性或超出GT范围的远距离目标
# 注：⚠️ 置信度 0.307 < 0.5，可能被后处理滤掉

[OBS] id=252 type=UNKNOWN(0) sub=0 pos=(118.49,-127.41,0.26) box=(0.17,0.09,0.77) theta=0.958 conf=0.521 tt=0.50 vel=0.00 dist=0.00 pts_in=0 pts_near=0 int_mean=0.0 gt=None(假阳性)
# OBS: id=252 | 类型=UNKNOWN | 置信度=0.521 | 位置=(118.49, -127.41, 0.26)m | 尺寸=0.17×0.09×0.77m | 朝向=0.958rad | 跟踪时长=0.50s | 距自车=0.0m | OBS框内点数=0 | gt=None(假阳性)
# 注：未匹配到GT，可能是假阳性或超出GT范围的远距离目标
# 注：⚠️ 跟踪时长 0.50s < 1s，刚出现的不稳定目标

[MISS] npc_id=208 type=VEHICLE dist=25.94 rel_fwd=25.94 rel_right=0.07 pts_on_gt=0 pts_near_gt=0 reason=pts_in_box=0(完全无点云)
# 漏检: GT_NPC_208 | 类型=VEHICLE | 距自车=25.9m | 方位 前/右=(+25.9, +0.1)m | GT框内点数=0 | 根因=pts_in_box=0(完全无点云)
# 诊断：物理层问题：点没打到车上，请检查外参或LiDAR安装
# ⚠️ 重点关注：距自车仅25.9m的目标漏检，点云覆盖=0点

[MISS] npc_id=209 type=VEHICLE dist=67.00 rel_fwd=67.00 rel_right=0.05 pts_on_gt=0 pts_near_gt=0 reason=pts_in_box=0(完全无点云)
# 漏检: GT_NPC_209 | 类型=VEHICLE | 距自车=67.0m | 方位 前/右=(+67.0, +0.1)m | GT框内点数=0 | 根因=pts_in_box=0(完全无点云)
# 诊断：物理层问题：点没打到车上，请检查外参或LiDAR安装

[MATCH] frame=76 total_gt=2 detected=0 missed=2 missed_with_pts=0 missed_no_pts=2 false_positive=2
# 帧匹配汇总 | GT总数=2 | 检测到=0 | 漏检=2 | 误报=2
# 漏检中：有点云=0个 | 无点云=2个
# 注：有点云但漏检 → 模型或参数问题；无点云漏检 → 物理或坐标变换问题
# 距离分桶 | 近(0-15m): 0/0 | 中(15-30m): 0/1 | 远(>30m): 0/1

[FRAME] frame=77 ts=1783477437.918 gt_frame=98 ego_pose=False n_pc_pts=6013 n_gt_npc=2 n_obs=1 pc_dt_ms=100.0
# 帧号=77 | 仿真时间=1783477437.918s | GT帧=98 | 点云=6013点 | 帧间隔=100.0ms | CARLA NPC=2个 | 感知障碍物=1个
# 注：感知回调触发写入，点云和GT可能滞后0~2帧（取最新值）
# 注：点云帧间隔应稳定在 100ms（10Hz），如出现 300ms+ 说明有点云丢帧

[GT_EGO] id=197 x=107.000 y=-133.500 z=0.034 yaw=-0.000 vel=0.00
# 自车位姿（Apollo 坐标系）| 位置=(107.00, -133.50, 0.03)m | 朝向=-0.00rad | 速度=0.00m/s
# 注：坐标经 CARLA→Apollo 转换（y取反，yaw取反转弧度）

[GT_NPC] id=208 type=VEHICLE cx=132.943 cy=-133.429 cz=-499.071 half_l=2.302 half_w=0.966 half_h=0.927 yaw=-0.000 vel=0.00 dist=25.94 rel_fwd=25.94 rel_right=0.07
# GT_NPC: id=208 | 类型=VEHICLE | bbox中心=(132.94, -133.43, -499.07) | 尺寸=4.60×1.93×1.85m | 距自车=25.9m | 相对方位 前/右=(+25.9, +0.1)m
# 注：bbox中心是几何中心（t.transform(bbox.location)），不是rear axle在地面的位置
# 注：dist<30m 且 rel_fwd>0（前方）的目标是本次关注重点
[GT_NPC] id=209 type=VEHICLE cx=174.000 cy=-133.447 cz=-499.038 half_l=0.828 half_w=0.291 half_h=0.810 yaw=-1.571 vel=0.00 dist=67.00 rel_fwd=67.00 rel_right=0.05
# GT_NPC: id=209 | 类型=VEHICLE | bbox中心=(174.00, -133.45, -499.04) | 尺寸=1.66×0.58×1.62m | 距自车=67.0m | 相对方位 前/右=(+67.0, +0.1)m
# 注：bbox中心是几何中心（t.transform(bbox.location)），不是rear axle在地面的位置
# 注：dist<30m 且 rel_fwd>0（前方）的目标是本次关注重点

[PC] total=6013 x=[-44.49,49.34] y=[-47.09,47.16] z=[-8.58,1.68] int_mean=242.5 int_med=246.0 ground_pct=86.0
# 原始点云（LiDAR坐标系）| 总点数=6013 | x范围=[-44.49, 49.34]m | y范围=[-47.09, 47.16]m | z范围=[-8.58, 1.68]m | 强度均值=242.5 | 地面点比例=86.0%
# 注：64线激光雷达 ~13000点/帧 为正常，~6500点可能是 rotation_frequency 偏高（20Hz）
# 注：地面点比例 >70% 说明车体上点少，检测会困难

[PC_ON_NPC] 无世界坐标点云（可能ego_pose未就绪）
# 注：世界坐标点云为空（可能是定位位姿还没收到，或点云还没来）

[OBS] id=235 type=PEDESTRIAN(3) sub=0 pos=(102.72,-127.08,0.79) box=(0.01,0.01,1.11) theta=2.900 conf=0.307 tt=22.50 vel=0.00 dist=0.00 pts_in=0 pts_near=0 int_mean=0.0 gt=None(假阳性)
# OBS: id=235 | 类型=PEDESTRIAN | 置信度=0.307 | 位置=(102.72, -127.08, 0.79)m | 尺寸=0.01×0.01×1.11m | 朝向=2.900rad | 跟踪时长=22.50s | 距自车=0.0m | OBS框内点数=0 | gt=None(假阳性)
# 注：未匹配到GT，可能是假阳性或超出GT范围的远距离目标
# 注：⚠️ 置信度 0.307 < 0.5，可能被后处理滤掉

[MISS] npc_id=208 type=VEHICLE dist=25.94 rel_fwd=25.94 rel_right=0.07 pts_on_gt=0 pts_near_gt=0 reason=pts_in_box=0(完全无点云)
# 漏检: GT_NPC_208 | 类型=VEHICLE | 距自车=25.9m | 方位 前/右=(+25.9, +0.1)m | GT框内点数=0 | 根因=pts_in_box=0(完全无点云)
# 诊断：物理层问题：点没打到车上，请检查外参或LiDAR安装
# ⚠️ 重点关注：距自车仅25.9m的目标漏检，点云覆盖=0点

[MISS] npc_id=209 type=VEHICLE dist=67.00 rel_fwd=67.00 rel_right=0.05 pts_on_gt=0 pts_near_gt=0 reason=pts_in_box=0(完全无点云)
# 漏检: GT_NPC_209 | 类型=VEHICLE | 距自车=67.0m | 方位 前/右=(+67.0, +0.1)m | GT框内点数=0 | 根因=pts_in_box=0(完全无点云)
# 诊断：物理层问题：点没打到车上，请检查外参或LiDAR安装

[MATCH] frame=77 total_gt=2 detected=0 missed=2 missed_with_pts=0 missed_no_pts=2 false_positive=1
# 帧匹配汇总 | GT总数=2 | 检测到=0 | 漏检=2 | 误报=1
# 漏检中：有点云=0个 | 无点云=2个
# 注：有点云但漏检 → 模型或参数问题；无点云漏检 → 物理或坐标变换问题
# 距离分桶 | 近(0-15m): 0/0 | 中(15-30m): 0/1 | 远(>30m): 0/1

[FRAME] frame=78 ts=1783477438.022 gt_frame=99 ego_pose=False n_pc_pts=6093 n_gt_npc=2 n_obs=2 pc_dt_ms=99.9
# 帧号=78 | 仿真时间=1783477438.022s | GT帧=99 | 点云=6093点 | 帧间隔=99.9ms | CARLA NPC=2个 | 感知障碍物=2个
# 注：感知回调触发写入，点云和GT可能滞后0~2帧（取最新值）
# 注：点云帧间隔应稳定在 100ms（10Hz），如出现 300ms+ 说明有点云丢帧

[GT_EGO] id=197 x=107.000 y=-133.500 z=0.034 yaw=-0.000 vel=0.00
# 自车位姿（Apollo 坐标系）| 位置=(107.00, -133.50, 0.03)m | 朝向=-0.00rad | 速度=0.00m/s
# 注：坐标经 CARLA→Apollo 转换（y取反，yaw取反转弧度）

[GT_NPC] id=208 type=VEHICLE cx=132.943 cy=-133.429 cz=-499.071 half_l=2.302 half_w=0.966 half_h=0.927 yaw=-0.000 vel=0.00 dist=25.94 rel_fwd=25.94 rel_right=0.07
# GT_NPC: id=208 | 类型=VEHICLE | bbox中心=(132.94, -133.43, -499.07) | 尺寸=4.60×1.93×1.85m | 距自车=25.9m | 相对方位 前/右=(+25.9, +0.1)m
# 注：bbox中心是几何中心（t.transform(bbox.location)），不是rear axle在地面的位置
# 注：dist<30m 且 rel_fwd>0（前方）的目标是本次关注重点
[GT_NPC] id=209 type=VEHICLE cx=174.000 cy=-133.447 cz=-499.038 half_l=0.828 half_w=0.291 half_h=0.810 yaw=-1.571 vel=0.00 dist=67.00 rel_fwd=67.00 rel_right=0.05
# GT_NPC: id=209 | 类型=VEHICLE | bbox中心=(174.00, -133.45, -499.04) | 尺寸=1.66×0.58×1.62m | 距自车=67.0m | 相对方位 前/右=(+67.0, +0.1)m
# 注：bbox中心是几何中心（t.transform(bbox.location)），不是rear axle在地面的位置
# 注：dist<30m 且 rel_fwd>0（前方）的目标是本次关注重点

[PC] total=6093 x=[-45.17,49.47] y=[-45.44,47.22] z=[-8.58,1.61] int_mean=242.6 int_med=246.0 ground_pct=85.6
# 原始点云（LiDAR坐标系）| 总点数=6093 | x范围=[-45.17, 49.47]m | y范围=[-45.44, 47.22]m | z范围=[-8.58, 1.61]m | 强度均值=242.6 | 地面点比例=85.6%
# 注：64线激光雷达 ~13000点/帧 为正常，~6500点可能是 rotation_frequency 偏高（20Hz）
# 注：地面点比例 >70% 说明车体上点少，检测会困难

[PC_ON_NPC] 无世界坐标点云（可能ego_pose未就绪）
# 注：世界坐标点云为空（可能是定位位姿还没收到，或点云还没来）

[OBS] id=235 type=PEDESTRIAN(3) sub=0 pos=(102.72,-127.08,0.73) box=(0.01,0.01,1.23) theta=2.917 conf=0.286 tt=22.60 vel=0.00 dist=0.00 pts_in=0 pts_near=0 int_mean=0.0 gt=None(假阳性)
# OBS: id=235 | 类型=PEDESTRIAN | 置信度=0.286 | 位置=(102.72, -127.08, 0.73)m | 尺寸=0.01×0.01×1.23m | 朝向=2.917rad | 跟踪时长=22.60s | 距自车=0.0m | OBS框内点数=0 | gt=None(假阳性)
# 注：未匹配到GT，可能是假阳性或超出GT范围的远距离目标
# 注：⚠️ 置信度 0.286 < 0.5，可能被后处理滤掉

[OBS] id=252 type=UNKNOWN(0) sub=0 pos=(118.42,-127.45,0.26) box=(0.09,0.06,0.49) theta=1.063 conf=0.566 tt=0.70 vel=0.00 dist=0.00 pts_in=0 pts_near=0 int_mean=0.0 gt=None(假阳性)
# OBS: id=252 | 类型=UNKNOWN | 置信度=0.566 | 位置=(118.42, -127.45, 0.26)m | 尺寸=0.09×0.06×0.49m | 朝向=1.063rad | 跟踪时长=0.70s | 距自车=0.0m | OBS框内点数=0 | gt=None(假阳性)
# 注：未匹配到GT，可能是假阳性或超出GT范围的远距离目标
# 注：⚠️ 跟踪时长 0.70s < 1s，刚出现的不稳定目标

[MISS] npc_id=208 type=VEHICLE dist=25.94 rel_fwd=25.94 rel_right=0.07 pts_on_gt=0 pts_near_gt=0 reason=pts_in_box=0(完全无点云)
# 漏检: GT_NPC_208 | 类型=VEHICLE | 距自车=25.9m | 方位 前/右=(+25.9, +0.1)m | GT框内点数=0 | 根因=pts_in_box=0(完全无点云)
# 诊断：物理层问题：点没打到车上，请检查外参或LiDAR安装
# ⚠️ 重点关注：距自车仅25.9m的目标漏检，点云覆盖=0点

[MISS] npc_id=209 type=VEHICLE dist=67.00 rel_fwd=67.00 rel_right=0.05 pts_on_gt=0 pts_near_gt=0 reason=pts_in_box=0(完全无点云)
# 漏检: GT_NPC_209 | 类型=VEHICLE | 距自车=67.0m | 方位 前/右=(+67.0, +0.1)m | GT框内点数=0 | 根因=pts_in_box=0(完全无点云)
# 诊断：物理层问题：点没打到车上，请检查外参或LiDAR安装

[MATCH] frame=78 total_gt=2 detected=0 missed=2 missed_with_pts=0 missed_no_pts=2 false_positive=2
# 帧匹配汇总 | GT总数=2 | 检测到=0 | 漏检=2 | 误报=2
# 漏检中：有点云=0个 | 无点云=2个
# 注：有点云但漏检 → 模型或参数问题；无点云漏检 → 物理或坐标变换问题
# 距离分桶 | 近(0-15m): 0/0 | 中(15-30m): 0/1 | 远(>30m): 0/1

[FRAME] frame=79 ts=1783477438.143 gt_frame=100 ego_pose=False n_pc_pts=6052 n_gt_npc=2 n_obs=1 pc_dt_ms=100.2
# 帧号=79 | 仿真时间=1783477438.143s | GT帧=100 | 点云=6052点 | 帧间隔=100.2ms | CARLA NPC=2个 | 感知障碍物=1个
# 注：感知回调触发写入，点云和GT可能滞后0~2帧（取最新值）
# 注：点云帧间隔应稳定在 100ms（10Hz），如出现 300ms+ 说明有点云丢帧

[GT_EGO] id=197 x=107.000 y=-133.500 z=0.034 yaw=-0.000 vel=0.00
# 自车位姿（Apollo 坐标系）| 位置=(107.00, -133.50, 0.03)m | 朝向=-0.00rad | 速度=0.00m/s
# 注：坐标经 CARLA→Apollo 转换（y取反，yaw取反转弧度）

[GT_NPC] id=208 type=VEHICLE cx=132.943 cy=-133.429 cz=-499.071 half_l=2.302 half_w=0.966 half_h=0.927 yaw=-0.000 vel=0.00 dist=25.94 rel_fwd=25.94 rel_right=0.07
# GT_NPC: id=208 | 类型=VEHICLE | bbox中心=(132.94, -133.43, -499.07) | 尺寸=4.60×1.93×1.85m | 距自车=25.9m | 相对方位 前/右=(+25.9, +0.1)m
# 注：bbox中心是几何中心（t.transform(bbox.location)），不是rear axle在地面的位置
# 注：dist<30m 且 rel_fwd>0（前方）的目标是本次关注重点
[GT_NPC] id=209 type=VEHICLE cx=174.000 cy=-133.447 cz=-499.038 half_l=0.828 half_w=0.291 half_h=0.810 yaw=-1.571 vel=0.00 dist=67.00 rel_fwd=67.00 rel_right=0.05
# GT_NPC: id=209 | 类型=VEHICLE | bbox中心=(174.00, -133.45, -499.04) | 尺寸=1.66×0.58×1.62m | 距自车=67.0m | 相对方位 前/右=(+67.0, +0.1)m
# 注：bbox中心是几何中心（t.transform(bbox.location)），不是rear axle在地面的位置
# 注：dist<30m 且 rel_fwd>0（前方）的目标是本次关注重点

[PC] total=6052 x=[-44.96,49.35] y=[-46.48,47.22] z=[-8.58,1.61] int_mean=242.6 int_med=246.0 ground_pct=86.1
# 原始点云（LiDAR坐标系）| 总点数=6052 | x范围=[-44.96, 49.35]m | y范围=[-46.48, 47.22]m | z范围=[-8.58, 1.61]m | 强度均值=242.6 | 地面点比例=86.1%
# 注：64线激光雷达 ~13000点/帧 为正常，~6500点可能是 rotation_frequency 偏高（20Hz）
# 注：地面点比例 >70% 说明车体上点少，检测会困难

[PC_ON_NPC] 无世界坐标点云（可能ego_pose未就绪）
# 注：世界坐标点云为空（可能是定位位姿还没收到，或点云还没来）

[OBS] id=235 type=PEDESTRIAN(3) sub=0 pos=(102.72,-127.08,0.67) box=(0.01,0.01,1.29) theta=2.938 conf=0.275 tt=22.70 vel=0.00 dist=0.00 pts_in=0 pts_near=0 int_mean=0.0 gt=None(假阳性)
# OBS: id=235 | 类型=PEDESTRIAN | 置信度=0.275 | 位置=(102.72, -127.08, 0.67)m | 尺寸=0.01×0.01×1.29m | 朝向=2.938rad | 跟踪时长=22.70s | 距自车=0.0m | OBS框内点数=0 | gt=None(假阳性)
# 注：未匹配到GT，可能是假阳性或超出GT范围的远距离目标
# 注：⚠️ 置信度 0.275 < 0.5，可能被后处理滤掉

[MISS] npc_id=208 type=VEHICLE dist=25.94 rel_fwd=25.94 rel_right=0.07 pts_on_gt=0 pts_near_gt=0 reason=pts_in_box=0(完全无点云)
# 漏检: GT_NPC_208 | 类型=VEHICLE | 距自车=25.9m | 方位 前/右=(+25.9, +0.1)m | GT框内点数=0 | 根因=pts_in_box=0(完全无点云)
# 诊断：物理层问题：点没打到车上，请检查外参或LiDAR安装
# ⚠️ 重点关注：距自车仅25.9m的目标漏检，点云覆盖=0点

[MISS] npc_id=209 type=VEHICLE dist=67.00 rel_fwd=67.00 rel_right=0.05 pts_on_gt=0 pts_near_gt=0 reason=pts_in_box=0(完全无点云)
# 漏检: GT_NPC_209 | 类型=VEHICLE | 距自车=67.0m | 方位 前/右=(+67.0, +0.1)m | GT框内点数=0 | 根因=pts_in_box=0(完全无点云)
# 诊断：物理层问题：点没打到车上，请检查外参或LiDAR安装

[MATCH] frame=79 total_gt=2 detected=0 missed=2 missed_with_pts=0 missed_no_pts=2 false_positive=1
# 帧匹配汇总 | GT总数=2 | 检测到=0 | 漏检=2 | 误报=1
# 漏检中：有点云=0个 | 无点云=2个
# 注：有点云但漏检 → 模型或参数问题；无点云漏检 → 物理或坐标变换问题
# 距离分桶 | 近(0-15m): 0/0 | 中(15-30m): 0/1 | 远(>30m): 0/1

[FRAME] frame=80 ts=1783477438.225 gt_frame=101 ego_pose=False n_pc_pts=6052 n_gt_npc=2 n_obs=1 pc_dt_ms=100.2
# 帧号=80 | 仿真时间=1783477438.225s | GT帧=101 | 点云=6052点 | 帧间隔=100.2ms | CARLA NPC=2个 | 感知障碍物=1个
# 注：感知回调触发写入，点云和GT可能滞后0~2帧（取最新值）
# 注：点云帧间隔应稳定在 100ms（10Hz），如出现 300ms+ 说明有点云丢帧

[GT_EGO] id=197 x=107.000 y=-133.500 z=0.034 yaw=-0.000 vel=0.00
# 自车位姿（Apollo 坐标系）| 位置=(107.00, -133.50, 0.03)m | 朝向=-0.00rad | 速度=0.00m/s
# 注：坐标经 CARLA→Apollo 转换（y取反，yaw取反转弧度）

[GT_NPC] id=208 type=VEHICLE cx=132.943 cy=-133.429 cz=-499.071 half_l=2.302 half_w=0.966 half_h=0.927 yaw=-0.000 vel=0.00 dist=25.94 rel_fwd=25.94 rel_right=0.07
# GT_NPC: id=208 | 类型=VEHICLE | bbox中心=(132.94, -133.43, -499.07) | 尺寸=4.60×1.93×1.85m | 距自车=25.9m | 相对方位 前/右=(+25.9, +0.1)m
# 注：bbox中心是几何中心（t.transform(bbox.location)），不是rear axle在地面的位置
# 注：dist<30m 且 rel_fwd>0（前方）的目标是本次关注重点
[GT_NPC] id=209 type=VEHICLE cx=174.000 cy=-133.447 cz=-499.038 half_l=0.828 half_w=0.291 half_h=0.810 yaw=-1.571 vel=0.00 dist=67.00 rel_fwd=67.00 rel_right=0.05
# GT_NPC: id=209 | 类型=VEHICLE | bbox中心=(174.00, -133.45, -499.04) | 尺寸=1.66×0.58×1.62m | 距自车=67.0m | 相对方位 前/右=(+67.0, +0.1)m
# 注：bbox中心是几何中心（t.transform(bbox.location)），不是rear axle在地面的位置
# 注：dist<30m 且 rel_fwd>0（前方）的目标是本次关注重点

[PC] total=6052 x=[-44.96,49.35] y=[-46.48,47.22] z=[-8.58,1.61] int_mean=242.6 int_med=246.0 ground_pct=86.1
# 原始点云（LiDAR坐标系）| 总点数=6052 | x范围=[-44.96, 49.35]m | y范围=[-46.48, 47.22]m | z范围=[-8.58, 1.61]m | 强度均值=242.6 | 地面点比例=86.1%
# 注：64线激光雷达 ~13000点/帧 为正常，~6500点可能是 rotation_frequency 偏高（20Hz）
# 注：地面点比例 >70% 说明车体上点少，检测会困难

[PC_ON_NPC] 无世界坐标点云（可能ego_pose未就绪）
# 注：世界坐标点云为空（可能是定位位姿还没收到，或点云还没来）

[OBS] id=235 type=PEDESTRIAN(3) sub=0 pos=(102.72,-127.08,0.73) box=(0.01,0.01,1.23) theta=2.914 conf=0.306 tt=22.80 vel=0.00 dist=0.00 pts_in=0 pts_near=0 int_mean=0.0 gt=None(假阳性)
# OBS: id=235 | 类型=PEDESTRIAN | 置信度=0.306 | 位置=(102.72, -127.08, 0.73)m | 尺寸=0.01×0.01×1.23m | 朝向=2.914rad | 跟踪时长=22.80s | 距自车=0.0m | OBS框内点数=0 | gt=None(假阳性)
# 注：未匹配到GT，可能是假阳性或超出GT范围的远距离目标
# 注：⚠️ 置信度 0.306 < 0.5，可能被后处理滤掉

[MISS] npc_id=208 type=VEHICLE dist=25.94 rel_fwd=25.94 rel_right=0.07 pts_on_gt=0 pts_near_gt=0 reason=pts_in_box=0(完全无点云)
# 漏检: GT_NPC_208 | 类型=VEHICLE | 距自车=25.9m | 方位 前/右=(+25.9, +0.1)m | GT框内点数=0 | 根因=pts_in_box=0(完全无点云)
# 诊断：物理层问题：点没打到车上，请检查外参或LiDAR安装
# ⚠️ 重点关注：距自车仅25.9m的目标漏检，点云覆盖=0点

[MISS] npc_id=209 type=VEHICLE dist=67.00 rel_fwd=67.00 rel_right=0.05 pts_on_gt=0 pts_near_gt=0 reason=pts_in_box=0(完全无点云)
# 漏检: GT_NPC_209 | 类型=VEHICLE | 距自车=67.0m | 方位 前/右=(+67.0, +0.1)m | GT框内点数=0 | 根因=pts_in_box=0(完全无点云)
# 诊断：物理层问题：点没打到车上，请检查外参或LiDAR安装

[MATCH] frame=80 total_gt=2 detected=0 missed=2 missed_with_pts=0 missed_no_pts=2 false_positive=1
# 帧匹配汇总 | GT总数=2 | 检测到=0 | 漏检=2 | 误报=1
# 漏检中：有点云=0个 | 无点云=2个
# 注：有点云但漏检 → 模型或参数问题；无点云漏检 → 物理或坐标变换问题
# 距离分桶 | 近(0-15m): 0/0 | 中(15-30m): 0/1 | 远(>30m): 0/1

[FRAME] frame=81 ts=1783477438.318 gt_frame=102 ego_pose=False n_pc_pts=5989 n_gt_npc=2 n_obs=1 pc_dt_ms=99.9
# 帧号=81 | 仿真时间=1783477438.318s | GT帧=102 | 点云=5989点 | 帧间隔=99.9ms | CARLA NPC=2个 | 感知障碍物=1个
# 注：感知回调触发写入，点云和GT可能滞后0~2帧（取最新值）
# 注：点云帧间隔应稳定在 100ms（10Hz），如出现 300ms+ 说明有点云丢帧

[GT_EGO] id=197 x=107.000 y=-133.500 z=0.034 yaw=-0.000 vel=0.00
# 自车位姿（Apollo 坐标系）| 位置=(107.00, -133.50, 0.03)m | 朝向=-0.00rad | 速度=0.00m/s
# 注：坐标经 CARLA→Apollo 转换（y取反，yaw取反转弧度）

[GT_NPC] id=208 type=VEHICLE cx=132.943 cy=-133.429 cz=-499.071 half_l=2.302 half_w=0.966 half_h=0.927 yaw=-0.000 vel=0.00 dist=25.94 rel_fwd=25.94 rel_right=0.07
# GT_NPC: id=208 | 类型=VEHICLE | bbox中心=(132.94, -133.43, -499.07) | 尺寸=4.60×1.93×1.85m | 距自车=25.9m | 相对方位 前/右=(+25.9, +0.1)m
# 注：bbox中心是几何中心（t.transform(bbox.location)），不是rear axle在地面的位置
# 注：dist<30m 且 rel_fwd>0（前方）的目标是本次关注重点
[GT_NPC] id=209 type=VEHICLE cx=174.000 cy=-133.447 cz=-499.038 half_l=0.828 half_w=0.291 half_h=0.810 yaw=-1.571 vel=0.00 dist=67.00 rel_fwd=67.00 rel_right=0.05
# GT_NPC: id=209 | 类型=VEHICLE | bbox中心=(174.00, -133.45, -499.04) | 尺寸=1.66×0.58×1.62m | 距自车=67.0m | 相对方位 前/右=(+67.0, +0.1)m
# 注：bbox中心是几何中心（t.transform(bbox.location)），不是rear axle在地面的位置
# 注：dist<30m 且 rel_fwd>0（前方）的目标是本次关注重点

[PC] total=5989 x=[-45.17,49.47] y=[-46.48,47.22] z=[-8.58,1.68] int_mean=242.6 int_med=246.0 ground_pct=85.7
# 原始点云（LiDAR坐标系）| 总点数=5989 | x范围=[-45.17, 49.47]m | y范围=[-46.48, 47.22]m | z范围=[-8.58, 1.68]m | 强度均值=242.6 | 地面点比例=85.7%
# 注：64线激光雷达 ~13000点/帧 为正常，~6500点可能是 rotation_frequency 偏高（20Hz）
# 注：地面点比例 >70% 说明车体上点少，检测会困难

[PC_ON_NPC] 无世界坐标点云（可能ego_pose未就绪）
# 注：世界坐标点云为空（可能是定位位姿还没收到，或点云还没来）

[OBS] id=235 type=PEDESTRIAN(3) sub=0 pos=(102.72,-127.08,0.85) box=(0.01,0.01,1.11) theta=2.913 conf=0.356 tt=22.90 vel=0.00 dist=0.00 pts_in=0 pts_near=0 int_mean=0.0 gt=None(假阳性)
# OBS: id=235 | 类型=PEDESTRIAN | 置信度=0.356 | 位置=(102.72, -127.08, 0.85)m | 尺寸=0.01×0.01×1.11m | 朝向=2.913rad | 跟踪时长=22.90s | 距自车=0.0m | OBS框内点数=0 | gt=None(假阳性)
# 注：未匹配到GT，可能是假阳性或超出GT范围的远距离目标
# 注：⚠️ 置信度 0.356 < 0.5，可能被后处理滤掉

[MISS] npc_id=208 type=VEHICLE dist=25.94 rel_fwd=25.94 rel_right=0.07 pts_on_gt=0 pts_near_gt=0 reason=pts_in_box=0(完全无点云)
# 漏检: GT_NPC_208 | 类型=VEHICLE | 距自车=25.9m | 方位 前/右=(+25.9, +0.1)m | GT框内点数=0 | 根因=pts_in_box=0(完全无点云)
# 诊断：物理层问题：点没打到车上，请检查外参或LiDAR安装
# ⚠️ 重点关注：距自车仅25.9m的目标漏检，点云覆盖=0点

[MISS] npc_id=209 type=VEHICLE dist=67.00 rel_fwd=67.00 rel_right=0.05 pts_on_gt=0 pts_near_gt=0 reason=pts_in_box=0(完全无点云)
# 漏检: GT_NPC_209 | 类型=VEHICLE | 距自车=67.0m | 方位 前/右=(+67.0, +0.1)m | GT框内点数=0 | 根因=pts_in_box=0(完全无点云)
# 诊断：物理层问题：点没打到车上，请检查外参或LiDAR安装

[MATCH] frame=81 total_gt=2 detected=0 missed=2 missed_with_pts=0 missed_no_pts=2 false_positive=1
# 帧匹配汇总 | GT总数=2 | 检测到=0 | 漏检=2 | 误报=1
# 漏检中：有点云=0个 | 无点云=2个
# 注：有点云但漏检 → 模型或参数问题；无点云漏检 → 物理或坐标变换问题
# 距离分桶 | 近(0-15m): 0/0 | 中(15-30m): 0/1 | 远(>30m): 0/1

[FRAME] frame=82 ts=1783477438.417 gt_frame=103 ego_pose=False n_pc_pts=6071 n_gt_npc=2 n_obs=1 pc_dt_ms=99.9
# 帧号=82 | 仿真时间=1783477438.417s | GT帧=103 | 点云=6071点 | 帧间隔=99.9ms | CARLA NPC=2个 | 感知障碍物=1个
# 注：感知回调触发写入，点云和GT可能滞后0~2帧（取最新值）
# 注：点云帧间隔应稳定在 100ms（10Hz），如出现 300ms+ 说明有点云丢帧

[GT_EGO] id=197 x=107.000 y=-133.500 z=0.034 yaw=-0.000 vel=0.00
# 自车位姿（Apollo 坐标系）| 位置=(107.00, -133.50, 0.03)m | 朝向=-0.00rad | 速度=0.00m/s
# 注：坐标经 CARLA→Apollo 转换（y取反，yaw取反转弧度）

[GT_NPC] id=208 type=VEHICLE cx=132.943 cy=-133.429 cz=-499.071 half_l=2.302 half_w=0.966 half_h=0.927 yaw=-0.000 vel=0.00 dist=25.94 rel_fwd=25.94 rel_right=0.07
# GT_NPC: id=208 | 类型=VEHICLE | bbox中心=(132.94, -133.43, -499.07) | 尺寸=4.60×1.93×1.85m | 距自车=25.9m | 相对方位 前/右=(+25.9, +0.1)m
# 注：bbox中心是几何中心（t.transform(bbox.location)），不是rear axle在地面的位置
# 注：dist<30m 且 rel_fwd>0（前方）的目标是本次关注重点
[GT_NPC] id=209 type=VEHICLE cx=174.000 cy=-133.447 cz=-499.038 half_l=0.828 half_w=0.291 half_h=0.810 yaw=-1.571 vel=0.00 dist=67.00 rel_fwd=67.00 rel_right=0.05
# GT_NPC: id=209 | 类型=VEHICLE | bbox中心=(174.00, -133.45, -499.04) | 尺寸=1.66×0.58×1.62m | 距自车=67.0m | 相对方位 前/右=(+67.0, +0.1)m
# 注：bbox中心是几何中心（t.transform(bbox.location)），不是rear axle在地面的位置
# 注：dist<30m 且 rel_fwd>0（前方）的目标是本次关注重点

[PC] total=6071 x=[-44.96,49.47] y=[-47.09,47.22] z=[-8.58,1.68] int_mean=242.4 int_med=245.0 ground_pct=85.6
# 原始点云（LiDAR坐标系）| 总点数=6071 | x范围=[-44.96, 49.47]m | y范围=[-47.09, 47.22]m | z范围=[-8.58, 1.68]m | 强度均值=242.4 | 地面点比例=85.6%
# 注：64线激光雷达 ~13000点/帧 为正常，~6500点可能是 rotation_frequency 偏高（20Hz）
# 注：地面点比例 >70% 说明车体上点少，检测会困难

[PC_ON_NPC] 无世界坐标点云（可能ego_pose未就绪）
# 注：世界坐标点云为空（可能是定位位姿还没收到，或点云还没来）

[OBS] id=235 type=PEDESTRIAN(3) sub=0 pos=(102.72,-127.08,0.73) box=(0.01,0.01,1.12) theta=2.921 conf=0.311 tt=23.00 vel=0.00 dist=0.00 pts_in=0 pts_near=0 int_mean=0.0 gt=None(假阳性)
# OBS: id=235 | 类型=PEDESTRIAN | 置信度=0.311 | 位置=(102.72, -127.08, 0.73)m | 尺寸=0.01×0.01×1.12m | 朝向=2.921rad | 跟踪时长=23.00s | 距自车=0.0m | OBS框内点数=0 | gt=None(假阳性)
# 注：未匹配到GT，可能是假阳性或超出GT范围的远距离目标
# 注：⚠️ 置信度 0.311 < 0.5，可能被后处理滤掉

[MISS] npc_id=208 type=VEHICLE dist=25.94 rel_fwd=25.94 rel_right=0.07 pts_on_gt=0 pts_near_gt=0 reason=pts_in_box=0(完全无点云)
# 漏检: GT_NPC_208 | 类型=VEHICLE | 距自车=25.9m | 方位 前/右=(+25.9, +0.1)m | GT框内点数=0 | 根因=pts_in_box=0(完全无点云)
# 诊断：物理层问题：点没打到车上，请检查外参或LiDAR安装
# ⚠️ 重点关注：距自车仅25.9m的目标漏检，点云覆盖=0点

[MISS] npc_id=209 type=VEHICLE dist=67.00 rel_fwd=67.00 rel_right=0.05 pts_on_gt=0 pts_near_gt=0 reason=pts_in_box=0(完全无点云)
# 漏检: GT_NPC_209 | 类型=VEHICLE | 距自车=67.0m | 方位 前/右=(+67.0, +0.1)m | GT框内点数=0 | 根因=pts_in_box=0(完全无点云)
# 诊断：物理层问题：点没打到车上，请检查外参或LiDAR安装

[MATCH] frame=82 total_gt=2 detected=0 missed=2 missed_with_pts=0 missed_no_pts=2 false_positive=1
# 帧匹配汇总 | GT总数=2 | 检测到=0 | 漏检=2 | 误报=1
# 漏检中：有点云=0个 | 无点云=2个
# 注：有点云但漏检 → 模型或参数问题；无点云漏检 → 物理或坐标变换问题
# 距离分桶 | 近(0-15m): 0/0 | 中(15-30m): 0/1 | 远(>30m): 0/1

[FRAME] frame=83 ts=1783477438.516 gt_frame=104 ego_pose=False n_pc_pts=6017 n_gt_npc=2 n_obs=1 pc_dt_ms=100.0
# 帧号=83 | 仿真时间=1783477438.516s | GT帧=104 | 点云=6017点 | 帧间隔=100.0ms | CARLA NPC=2个 | 感知障碍物=1个
# 注：感知回调触发写入，点云和GT可能滞后0~2帧（取最新值）
# 注：点云帧间隔应稳定在 100ms（10Hz），如出现 300ms+ 说明有点云丢帧

[GT_EGO] id=197 x=107.000 y=-133.500 z=0.034 yaw=-0.000 vel=0.00
# 自车位姿（Apollo 坐标系）| 位置=(107.00, -133.50, 0.03)m | 朝向=-0.00rad | 速度=0.00m/s
# 注：坐标经 CARLA→Apollo 转换（y取反，yaw取反转弧度）

[GT_NPC] id=208 type=VEHICLE cx=132.943 cy=-133.429 cz=-499.071 half_l=2.302 half_w=0.966 half_h=0.927 yaw=-0.000 vel=0.00 dist=25.94 rel_fwd=25.94 rel_right=0.07
# GT_NPC: id=208 | 类型=VEHICLE | bbox中心=(132.94, -133.43, -499.07) | 尺寸=4.60×1.93×1.85m | 距自车=25.9m | 相对方位 前/右=(+25.9, +0.1)m
# 注：bbox中心是几何中心（t.transform(bbox.location)），不是rear axle在地面的位置
# 注：dist<30m 且 rel_fwd>0（前方）的目标是本次关注重点
[GT_NPC] id=209 type=VEHICLE cx=174.000 cy=-133.447 cz=-499.038 half_l=0.828 half_w=0.291 half_h=0.810 yaw=-1.571 vel=0.00 dist=67.00 rel_fwd=67.00 rel_right=0.05
# GT_NPC: id=209 | 类型=VEHICLE | bbox中心=(174.00, -133.45, -499.04) | 尺寸=1.66×0.58×1.62m | 距自车=67.0m | 相对方位 前/右=(+67.0, +0.1)m
# 注：bbox中心是几何中心（t.transform(bbox.location)），不是rear axle在地面的位置
# 注：dist<30m 且 rel_fwd>0（前方）的目标是本次关注重点

[PC] total=6017 x=[-45.17,49.47] y=[-46.48,47.22] z=[-8.22,1.59] int_mean=242.4 int_med=246.0 ground_pct=85.9
# 原始点云（LiDAR坐标系）| 总点数=6017 | x范围=[-45.17, 49.47]m | y范围=[-46.48, 47.22]m | z范围=[-8.22, 1.59]m | 强度均值=242.4 | 地面点比例=85.9%
# 注：64线激光雷达 ~13000点/帧 为正常，~6500点可能是 rotation_frequency 偏高（20Hz）
# 注：地面点比例 >70% 说明车体上点少，检测会困难

[PC_ON_NPC] 无世界坐标点云（可能ego_pose未就绪）
# 注：世界坐标点云为空（可能是定位位姿还没收到，或点云还没来）

[OBS] id=235 type=PEDESTRIAN(3) sub=0 pos=(102.72,-127.08,0.73) box=(0.01,0.01,1.23) theta=2.976 conf=0.277 tt=23.10 vel=0.00 dist=0.00 pts_in=0 pts_near=0 int_mean=0.0 gt=None(假阳性)
# OBS: id=235 | 类型=PEDESTRIAN | 置信度=0.277 | 位置=(102.72, -127.08, 0.73)m | 尺寸=0.01×0.01×1.23m | 朝向=2.976rad | 跟踪时长=23.10s | 距自车=0.0m | OBS框内点数=0 | gt=None(假阳性)
# 注：未匹配到GT，可能是假阳性或超出GT范围的远距离目标
# 注：⚠️ 置信度 0.277 < 0.5，可能被后处理滤掉

[MISS] npc_id=208 type=VEHICLE dist=25.94 rel_fwd=25.94 rel_right=0.07 pts_on_gt=0 pts_near_gt=0 reason=pts_in_box=0(完全无点云)
# 漏检: GT_NPC_208 | 类型=VEHICLE | 距自车=25.9m | 方位 前/右=(+25.9, +0.1)m | GT框内点数=0 | 根因=pts_in_box=0(完全无点云)
# 诊断：物理层问题：点没打到车上，请检查外参或LiDAR安装
# ⚠️ 重点关注：距自车仅25.9m的目标漏检，点云覆盖=0点

[MISS] npc_id=209 type=VEHICLE dist=67.00 rel_fwd=67.00 rel_right=0.05 pts_on_gt=0 pts_near_gt=0 reason=pts_in_box=0(完全无点云)
# 漏检: GT_NPC_209 | 类型=VEHICLE | 距自车=67.0m | 方位 前/右=(+67.0, +0.1)m | GT框内点数=0 | 根因=pts_in_box=0(完全无点云)
# 诊断：物理层问题：点没打到车上，请检查外参或LiDAR安装

[MATCH] frame=83 total_gt=2 detected=0 missed=2 missed_with_pts=0 missed_no_pts=2 false_positive=1
# 帧匹配汇总 | GT总数=2 | 检测到=0 | 漏检=2 | 误报=1
# 漏检中：有点云=0个 | 无点云=2个
# 注：有点云但漏检 → 模型或参数问题；无点云漏检 → 物理或坐标变换问题
# 距离分桶 | 近(0-15m): 0/0 | 中(15-30m): 0/1 | 远(>30m): 0/1

[FRAME] frame=84 ts=1783477438.626 gt_frame=105 ego_pose=False n_pc_pts=6050 n_gt_npc=2 n_obs=1 pc_dt_ms=100.0
# 帧号=84 | 仿真时间=1783477438.626s | GT帧=105 | 点云=6050点 | 帧间隔=100.0ms | CARLA NPC=2个 | 感知障碍物=1个
# 注：感知回调触发写入，点云和GT可能滞后0~2帧（取最新值）
# 注：点云帧间隔应稳定在 100ms（10Hz），如出现 300ms+ 说明有点云丢帧

[GT_EGO] id=197 x=107.000 y=-133.500 z=0.034 yaw=-0.000 vel=0.00
# 自车位姿（Apollo 坐标系）| 位置=(107.00, -133.50, 0.03)m | 朝向=-0.00rad | 速度=0.00m/s
# 注：坐标经 CARLA→Apollo 转换（y取反，yaw取反转弧度）

[GT_NPC] id=208 type=VEHICLE cx=132.943 cy=-133.429 cz=-499.071 half_l=2.302 half_w=0.966 half_h=0.927 yaw=-0.000 vel=0.00 dist=25.94 rel_fwd=25.94 rel_right=0.07
# GT_NPC: id=208 | 类型=VEHICLE | bbox中心=(132.94, -133.43, -499.07) | 尺寸=4.60×1.93×1.85m | 距自车=25.9m | 相对方位 前/右=(+25.9, +0.1)m
# 注：bbox中心是几何中心（t.transform(bbox.location)），不是rear axle在地面的位置
# 注：dist<30m 且 rel_fwd>0（前方）的目标是本次关注重点
[GT_NPC] id=209 type=VEHICLE cx=174.000 cy=-133.447 cz=-499.038 half_l=0.828 half_w=0.291 half_h=0.810 yaw=-1.571 vel=0.00 dist=67.00 rel_fwd=67.00 rel_right=0.05
# GT_NPC: id=209 | 类型=VEHICLE | bbox中心=(174.00, -133.45, -499.04) | 尺寸=1.66×0.58×1.62m | 距自车=67.0m | 相对方位 前/右=(+67.0, +0.1)m
# 注：bbox中心是几何中心（t.transform(bbox.location)），不是rear axle在地面的位置
# 注：dist<30m 且 rel_fwd>0（前方）的目标是本次关注重点

[PC] total=6050 x=[-44.96,49.47] y=[-45.42,47.22] z=[-8.51,1.61] int_mean=242.6 int_med=246.0 ground_pct=85.6
# 原始点云（LiDAR坐标系）| 总点数=6050 | x范围=[-44.96, 49.47]m | y范围=[-45.42, 47.22]m | z范围=[-8.51, 1.61]m | 强度均值=242.6 | 地面点比例=85.6%
# 注：64线激光雷达 ~13000点/帧 为正常，~6500点可能是 rotation_frequency 偏高（20Hz）
# 注：地面点比例 >70% 说明车体上点少，检测会困难

[PC_ON_NPC] 无世界坐标点云（可能ego_pose未就绪）
# 注：世界坐标点云为空（可能是定位位姿还没收到，或点云还没来）

[OBS] id=235 type=PEDESTRIAN(3) sub=0 pos=(102.72,-127.08,0.73) box=(0.01,0.01,1.17) theta=3.001 conf=0.284 tt=23.20 vel=0.00 dist=0.00 pts_in=0 pts_near=0 int_mean=0.0 gt=None(假阳性)
# OBS: id=235 | 类型=PEDESTRIAN | 置信度=0.284 | 位置=(102.72, -127.08, 0.73)m | 尺寸=0.01×0.01×1.17m | 朝向=3.001rad | 跟踪时长=23.20s | 距自车=0.0m | OBS框内点数=0 | gt=None(假阳性)
# 注：未匹配到GT，可能是假阳性或超出GT范围的远距离目标
# 注：⚠️ 置信度 0.284 < 0.5，可能被后处理滤掉

[MISS] npc_id=208 type=VEHICLE dist=25.94 rel_fwd=25.94 rel_right=0.07 pts_on_gt=0 pts_near_gt=0 reason=pts_in_box=0(完全无点云)
# 漏检: GT_NPC_208 | 类型=VEHICLE | 距自车=25.9m | 方位 前/右=(+25.9, +0.1)m | GT框内点数=0 | 根因=pts_in_box=0(完全无点云)
# 诊断：物理层问题：点没打到车上，请检查外参或LiDAR安装
# ⚠️ 重点关注：距自车仅25.9m的目标漏检，点云覆盖=0点

[MISS] npc_id=209 type=VEHICLE dist=67.00 rel_fwd=67.00 rel_right=0.05 pts_on_gt=0 pts_near_gt=0 reason=pts_in_box=0(完全无点云)
# 漏检: GT_NPC_209 | 类型=VEHICLE | 距自车=67.0m | 方位 前/右=(+67.0, +0.1)m | GT框内点数=0 | 根因=pts_in_box=0(完全无点云)
# 诊断：物理层问题：点没打到车上，请检查外参或LiDAR安装

[MATCH] frame=84 total_gt=2 detected=0 missed=2 missed_with_pts=0 missed_no_pts=2 false_positive=1
# 帧匹配汇总 | GT总数=2 | 检测到=0 | 漏检=2 | 误报=1
# 漏检中：有点云=0个 | 无点云=2个
# 注：有点云但漏检 → 模型或参数问题；无点云漏检 → 物理或坐标变换问题
# 距离分桶 | 近(0-15m): 0/0 | 中(15-30m): 0/1 | 远(>30m): 0/1

[FRAME] frame=85 ts=1783477438.726 gt_frame=106 ego_pose=False n_pc_pts=6002 n_gt_npc=2 n_obs=1 pc_dt_ms=99.9
# 帧号=85 | 仿真时间=1783477438.726s | GT帧=106 | 点云=6002点 | 帧间隔=99.9ms | CARLA NPC=2个 | 感知障碍物=1个
# 注：感知回调触发写入，点云和GT可能滞后0~2帧（取最新值）
# 注：点云帧间隔应稳定在 100ms（10Hz），如出现 300ms+ 说明有点云丢帧

[GT_EGO] id=197 x=107.000 y=-133.500 z=0.034 yaw=-0.000 vel=0.00
# 自车位姿（Apollo 坐标系）| 位置=(107.00, -133.50, 0.03)m | 朝向=-0.00rad | 速度=0.00m/s
# 注：坐标经 CARLA→Apollo 转换（y取反，yaw取反转弧度）

[GT_NPC] id=208 type=VEHICLE cx=132.943 cy=-133.429 cz=-499.071 half_l=2.302 half_w=0.966 half_h=0.927 yaw=-0.000 vel=0.00 dist=25.94 rel_fwd=25.94 rel_right=0.07
# GT_NPC: id=208 | 类型=VEHICLE | bbox中心=(132.94, -133.43, -499.07) | 尺寸=4.60×1.93×1.85m | 距自车=25.9m | 相对方位 前/右=(+25.9, +0.1)m
# 注：bbox中心是几何中心（t.transform(bbox.location)），不是rear axle在地面的位置
# 注：dist<30m 且 rel_fwd>0（前方）的目标是本次关注重点
[GT_NPC] id=209 type=VEHICLE cx=174.000 cy=-133.447 cz=-499.038 half_l=0.828 half_w=0.291 half_h=0.810 yaw=-1.571 vel=0.00 dist=67.00 rel_fwd=67.00 rel_right=0.05
# GT_NPC: id=209 | 类型=VEHICLE | bbox中心=(174.00, -133.45, -499.04) | 尺寸=1.66×0.58×1.62m | 距自车=67.0m | 相对方位 前/右=(+67.0, +0.1)m
# 注：bbox中心是几何中心（t.transform(bbox.location)），不是rear axle在地面的位置
# 注：dist<30m 且 rel_fwd>0（前方）的目标是本次关注重点

[PC] total=6002 x=[-45.17,49.47] y=[-47.09,47.16] z=[-8.58,1.61] int_mean=242.5 int_med=246.0 ground_pct=85.8
# 原始点云（LiDAR坐标系）| 总点数=6002 | x范围=[-45.17, 49.47]m | y范围=[-47.09, 47.16]m | z范围=[-8.58, 1.61]m | 强度均值=242.5 | 地面点比例=85.8%
# 注：64线激光雷达 ~13000点/帧 为正常，~6500点可能是 rotation_frequency 偏高（20Hz）
# 注：地面点比例 >70% 说明车体上点少，检测会困难

[PC_ON_NPC] 无世界坐标点云（可能ego_pose未就绪）
# 注：世界坐标点云为空（可能是定位位姿还没收到，或点云还没来）

[OBS] id=235 type=PEDESTRIAN(3) sub=0 pos=(102.72,-127.08,0.79) box=(0.01,0.01,1.17) theta=2.939 conf=0.364 tt=23.30 vel=0.00 dist=0.00 pts_in=0 pts_near=0 int_mean=0.0 gt=None(假阳性)
# OBS: id=235 | 类型=PEDESTRIAN | 置信度=0.364 | 位置=(102.72, -127.08, 0.79)m | 尺寸=0.01×0.01×1.17m | 朝向=2.939rad | 跟踪时长=23.30s | 距自车=0.0m | OBS框内点数=0 | gt=None(假阳性)
# 注：未匹配到GT，可能是假阳性或超出GT范围的远距离目标
# 注：⚠️ 置信度 0.364 < 0.5，可能被后处理滤掉

[MISS] npc_id=208 type=VEHICLE dist=25.94 rel_fwd=25.94 rel_right=0.07 pts_on_gt=0 pts_near_gt=0 reason=pts_in_box=0(完全无点云)
# 漏检: GT_NPC_208 | 类型=VEHICLE | 距自车=25.9m | 方位 前/右=(+25.9, +0.1)m | GT框内点数=0 | 根因=pts_in_box=0(完全无点云)
# 诊断：物理层问题：点没打到车上，请检查外参或LiDAR安装
# ⚠️ 重点关注：距自车仅25.9m的目标漏检，点云覆盖=0点

[MISS] npc_id=209 type=VEHICLE dist=67.00 rel_fwd=67.00 rel_right=0.05 pts_on_gt=0 pts_near_gt=0 reason=pts_in_box=0(完全无点云)
# 漏检: GT_NPC_209 | 类型=VEHICLE | 距自车=67.0m | 方位 前/右=(+67.0, +0.1)m | GT框内点数=0 | 根因=pts_in_box=0(完全无点云)
# 诊断：物理层问题：点没打到车上，请检查外参或LiDAR安装

[MATCH] frame=85 total_gt=2 detected=0 missed=2 missed_with_pts=0 missed_no_pts=2 false_positive=1
# 帧匹配汇总 | GT总数=2 | 检测到=0 | 漏检=2 | 误报=1
# 漏检中：有点云=0个 | 无点云=2个
# 注：有点云但漏检 → 模型或参数问题；无点云漏检 → 物理或坐标变换问题
# 距离分桶 | 近(0-15m): 0/0 | 中(15-30m): 0/1 | 远(>30m): 0/1

[FRAME] frame=86 ts=1783477438.821 gt_frame=107 ego_pose=False n_pc_pts=5967 n_gt_npc=2 n_obs=1 pc_dt_ms=99.9
# 帧号=86 | 仿真时间=1783477438.821s | GT帧=107 | 点云=5967点 | 帧间隔=99.9ms | CARLA NPC=2个 | 感知障碍物=1个
# 注：感知回调触发写入，点云和GT可能滞后0~2帧（取最新值）
# 注：点云帧间隔应稳定在 100ms（10Hz），如出现 300ms+ 说明有点云丢帧

[GT_EGO] id=197 x=107.000 y=-133.500 z=0.034 yaw=-0.000 vel=0.00
# 自车位姿（Apollo 坐标系）| 位置=(107.00, -133.50, 0.03)m | 朝向=-0.00rad | 速度=0.00m/s
# 注：坐标经 CARLA→Apollo 转换（y取反，yaw取反转弧度）

[GT_NPC] id=208 type=VEHICLE cx=132.943 cy=-133.429 cz=-499.071 half_l=2.302 half_w=0.966 half_h=0.927 yaw=-0.000 vel=0.00 dist=25.94 rel_fwd=25.94 rel_right=0.07
# GT_NPC: id=208 | 类型=VEHICLE | bbox中心=(132.94, -133.43, -499.07) | 尺寸=4.60×1.93×1.85m | 距自车=25.9m | 相对方位 前/右=(+25.9, +0.1)m
# 注：bbox中心是几何中心（t.transform(bbox.location)），不是rear axle在地面的位置
# 注：dist<30m 且 rel_fwd>0（前方）的目标是本次关注重点
[GT_NPC] id=209 type=VEHICLE cx=174.000 cy=-133.447 cz=-499.038 half_l=0.828 half_w=0.291 half_h=0.810 yaw=-1.571 vel=0.00 dist=67.00 rel_fwd=67.00 rel_right=0.05
# GT_NPC: id=209 | 类型=VEHICLE | bbox中心=(174.00, -133.45, -499.04) | 尺寸=1.66×0.58×1.62m | 距自车=67.0m | 相对方位 前/右=(+67.0, +0.1)m
# 注：bbox中心是几何中心（t.transform(bbox.location)），不是rear axle在地面的位置
# 注：dist<30m 且 rel_fwd>0（前方）的目标是本次关注重点

[PC] total=5967 x=[-45.17,49.47] y=[-47.09,47.22] z=[-8.58,1.68] int_mean=242.6 int_med=246.0 ground_pct=85.8
# 原始点云（LiDAR坐标系）| 总点数=5967 | x范围=[-45.17, 49.47]m | y范围=[-47.09, 47.22]m | z范围=[-8.58, 1.68]m | 强度均值=242.6 | 地面点比例=85.8%
# 注：64线激光雷达 ~13000点/帧 为正常，~6500点可能是 rotation_frequency 偏高（20Hz）
# 注：地面点比例 >70% 说明车体上点少，检测会困难

[PC_ON_NPC] 无世界坐标点云（可能ego_pose未就绪）
# 注：世界坐标点云为空（可能是定位位姿还没收到，或点云还没来）

[OBS] id=235 type=PEDESTRIAN(3) sub=0 pos=(102.72,-127.08,0.85) box=(0.01,0.01,1.00) theta=2.953 conf=0.316 tt=23.40 vel=0.00 dist=0.00 pts_in=0 pts_near=0 int_mean=0.0 gt=None(假阳性)
# OBS: id=235 | 类型=PEDESTRIAN | 置信度=0.316 | 位置=(102.72, -127.08, 0.85)m | 尺寸=0.01×0.01×1.00m | 朝向=2.953rad | 跟踪时长=23.40s | 距自车=0.0m | OBS框内点数=0 | gt=None(假阳性)
# 注：未匹配到GT，可能是假阳性或超出GT范围的远距离目标
# 注：⚠️ 置信度 0.316 < 0.5，可能被后处理滤掉

[MISS] npc_id=208 type=VEHICLE dist=25.94 rel_fwd=25.94 rel_right=0.07 pts_on_gt=0 pts_near_gt=0 reason=pts_in_box=0(完全无点云)
# 漏检: GT_NPC_208 | 类型=VEHICLE | 距自车=25.9m | 方位 前/右=(+25.9, +0.1)m | GT框内点数=0 | 根因=pts_in_box=0(完全无点云)
# 诊断：物理层问题：点没打到车上，请检查外参或LiDAR安装
# ⚠️ 重点关注：距自车仅25.9m的目标漏检，点云覆盖=0点

[MISS] npc_id=209 type=VEHICLE dist=67.00 rel_fwd=67.00 rel_right=0.05 pts_on_gt=0 pts_near_gt=0 reason=pts_in_box=0(完全无点云)
# 漏检: GT_NPC_209 | 类型=VEHICLE | 距自车=67.0m | 方位 前/右=(+67.0, +0.1)m | GT框内点数=0 | 根因=pts_in_box=0(完全无点云)
# 诊断：物理层问题：点没打到车上，请检查外参或LiDAR安装

[MATCH] frame=86 total_gt=2 detected=0 missed=2 missed_with_pts=0 missed_no_pts=2 false_positive=1
# 帧匹配汇总 | GT总数=2 | 检测到=0 | 漏检=2 | 误报=1
# 漏检中：有点云=0个 | 无点云=2个
# 注：有点云但漏检 → 模型或参数问题；无点云漏检 → 物理或坐标变换问题
# 距离分桶 | 近(0-15m): 0/0 | 中(15-30m): 0/1 | 远(>30m): 0/1

[FRAME] frame=87 ts=1783477438.913 gt_frame=108 ego_pose=False n_pc_pts=6040 n_gt_npc=2 n_obs=1 pc_dt_ms=100.1
# 帧号=87 | 仿真时间=1783477438.913s | GT帧=108 | 点云=6040点 | 帧间隔=100.1ms | CARLA NPC=2个 | 感知障碍物=1个
# 注：感知回调触发写入，点云和GT可能滞后0~2帧（取最新值）
# 注：点云帧间隔应稳定在 100ms（10Hz），如出现 300ms+ 说明有点云丢帧

[GT_EGO] id=197 x=107.000 y=-133.500 z=0.034 yaw=-0.000 vel=0.00
# 自车位姿（Apollo 坐标系）| 位置=(107.00, -133.50, 0.03)m | 朝向=-0.00rad | 速度=0.00m/s
# 注：坐标经 CARLA→Apollo 转换（y取反，yaw取反转弧度）

[GT_NPC] id=208 type=VEHICLE cx=132.943 cy=-133.429 cz=-499.071 half_l=2.302 half_w=0.966 half_h=0.927 yaw=-0.000 vel=0.00 dist=25.94 rel_fwd=25.94 rel_right=0.07
# GT_NPC: id=208 | 类型=VEHICLE | bbox中心=(132.94, -133.43, -499.07) | 尺寸=4.60×1.93×1.85m | 距自车=25.9m | 相对方位 前/右=(+25.9, +0.1)m
# 注：bbox中心是几何中心（t.transform(bbox.location)），不是rear axle在地面的位置
# 注：dist<30m 且 rel_fwd>0（前方）的目标是本次关注重点
[GT_NPC] id=209 type=VEHICLE cx=174.000 cy=-133.447 cz=-499.038 half_l=0.828 half_w=0.291 half_h=0.810 yaw=-1.571 vel=0.00 dist=67.00 rel_fwd=67.00 rel_right=0.05
# GT_NPC: id=209 | 类型=VEHICLE | bbox中心=(174.00, -133.45, -499.04) | 尺寸=1.66×0.58×1.62m | 距自车=67.0m | 相对方位 前/右=(+67.0, +0.1)m
# 注：bbox中心是几何中心（t.transform(bbox.location)），不是rear axle在地面的位置
# 注：dist<30m 且 rel_fwd>0（前方）的目标是本次关注重点

[PC] total=6040 x=[-44.96,49.47] y=[-47.09,47.22] z=[-8.58,1.68] int_mean=242.6 int_med=246.0 ground_pct=85.8
# 原始点云（LiDAR坐标系）| 总点数=6040 | x范围=[-44.96, 49.47]m | y范围=[-47.09, 47.22]m | z范围=[-8.58, 1.68]m | 强度均值=242.6 | 地面点比例=85.8%
# 注：64线激光雷达 ~13000点/帧 为正常，~6500点可能是 rotation_frequency 偏高（20Hz）
# 注：地面点比例 >70% 说明车体上点少，检测会困难

[PC_ON_NPC] 无世界坐标点云（可能ego_pose未就绪）
# 注：世界坐标点云为空（可能是定位位姿还没收到，或点云还没来）

[OBS] id=235 type=PEDESTRIAN(3) sub=0 pos=(102.72,-127.08,0.85) box=(0.01,0.01,1.17) theta=2.942 conf=0.341 tt=23.50 vel=0.00 dist=0.00 pts_in=0 pts_near=0 int_mean=0.0 gt=None(假阳性)
# OBS: id=235 | 类型=PEDESTRIAN | 置信度=0.341 | 位置=(102.72, -127.08, 0.85)m | 尺寸=0.01×0.01×1.17m | 朝向=2.942rad | 跟踪时长=23.50s | 距自车=0.0m | OBS框内点数=0 | gt=None(假阳性)
# 注：未匹配到GT，可能是假阳性或超出GT范围的远距离目标
# 注：⚠️ 置信度 0.341 < 0.5，可能被后处理滤掉

[MISS] npc_id=208 type=VEHICLE dist=25.94 rel_fwd=25.94 rel_right=0.07 pts_on_gt=0 pts_near_gt=0 reason=pts_in_box=0(完全无点云)
# 漏检: GT_NPC_208 | 类型=VEHICLE | 距自车=25.9m | 方位 前/右=(+25.9, +0.1)m | GT框内点数=0 | 根因=pts_in_box=0(完全无点云)
# 诊断：物理层问题：点没打到车上，请检查外参或LiDAR安装
# ⚠️ 重点关注：距自车仅25.9m的目标漏检，点云覆盖=0点

[MISS] npc_id=209 type=VEHICLE dist=67.00 rel_fwd=67.00 rel_right=0.05 pts_on_gt=0 pts_near_gt=0 reason=pts_in_box=0(完全无点云)
# 漏检: GT_NPC_209 | 类型=VEHICLE | 距自车=67.0m | 方位 前/右=(+67.0, +0.1)m | GT框内点数=0 | 根因=pts_in_box=0(完全无点云)
# 诊断：物理层问题：点没打到车上，请检查外参或LiDAR安装

[MATCH] frame=87 total_gt=2 detected=0 missed=2 missed_with_pts=0 missed_no_pts=2 false_positive=1
# 帧匹配汇总 | GT总数=2 | 检测到=0 | 漏检=2 | 误报=1
# 漏检中：有点云=0个 | 无点云=2个
# 注：有点云但漏检 → 模型或参数问题；无点云漏检 → 物理或坐标变换问题
# 距离分桶 | 近(0-15m): 0/0 | 中(15-30m): 0/1 | 远(>30m): 0/1

[FRAME] frame=88 ts=1783477439.014 gt_frame=109 ego_pose=False n_pc_pts=6046 n_gt_npc=2 n_obs=1 pc_dt_ms=99.9
# 帧号=88 | 仿真时间=1783477439.014s | GT帧=109 | 点云=6046点 | 帧间隔=99.9ms | CARLA NPC=2个 | 感知障碍物=1个
# 注：感知回调触发写入，点云和GT可能滞后0~2帧（取最新值）
# 注：点云帧间隔应稳定在 100ms（10Hz），如出现 300ms+ 说明有点云丢帧

[GT_EGO] id=197 x=107.000 y=-133.500 z=0.034 yaw=-0.000 vel=0.00
# 自车位姿（Apollo 坐标系）| 位置=(107.00, -133.50, 0.03)m | 朝向=-0.00rad | 速度=0.00m/s
# 注：坐标经 CARLA→Apollo 转换（y取反，yaw取反转弧度）

[GT_NPC] id=208 type=VEHICLE cx=132.943 cy=-133.429 cz=-499.071 half_l=2.302 half_w=0.966 half_h=0.927 yaw=-0.000 vel=0.00 dist=25.94 rel_fwd=25.94 rel_right=0.07
# GT_NPC: id=208 | 类型=VEHICLE | bbox中心=(132.94, -133.43, -499.07) | 尺寸=4.60×1.93×1.85m | 距自车=25.9m | 相对方位 前/右=(+25.9, +0.1)m
# 注：bbox中心是几何中心（t.transform(bbox.location)），不是rear axle在地面的位置
# 注：dist<30m 且 rel_fwd>0（前方）的目标是本次关注重点
[GT_NPC] id=209 type=VEHICLE cx=174.000 cy=-133.447 cz=-499.038 half_l=0.828 half_w=0.291 half_h=0.810 yaw=-1.571 vel=0.00 dist=67.00 rel_fwd=67.00 rel_right=0.05
# GT_NPC: id=209 | 类型=VEHICLE | bbox中心=(174.00, -133.45, -499.04) | 尺寸=1.66×0.58×1.62m | 距自车=67.0m | 相对方位 前/右=(+67.0, +0.1)m
# 注：bbox中心是几何中心（t.transform(bbox.location)），不是rear axle在地面的位置
# 注：dist<30m 且 rel_fwd>0（前方）的目标是本次关注重点

[PC] total=6046 x=[-44.96,49.47] y=[-46.48,47.22] z=[-8.58,1.68] int_mean=242.4 int_med=246.0 ground_pct=85.8
# 原始点云（LiDAR坐标系）| 总点数=6046 | x范围=[-44.96, 49.47]m | y范围=[-46.48, 47.22]m | z范围=[-8.58, 1.68]m | 强度均值=242.4 | 地面点比例=85.8%
# 注：64线激光雷达 ~13000点/帧 为正常，~6500点可能是 rotation_frequency 偏高（20Hz）
# 注：地面点比例 >70% 说明车体上点少，检测会困难

[PC_ON_NPC] 无世界坐标点云（可能ego_pose未就绪）
# 注：世界坐标点云为空（可能是定位位姿还没收到，或点云还没来）

[OBS] id=235 type=PEDESTRIAN(3) sub=0 pos=(102.72,-127.08,0.85) box=(0.01,0.01,1.11) theta=2.885 conf=0.342 tt=23.60 vel=0.00 dist=0.00 pts_in=0 pts_near=0 int_mean=0.0 gt=None(假阳性)
# OBS: id=235 | 类型=PEDESTRIAN | 置信度=0.342 | 位置=(102.72, -127.08, 0.85)m | 尺寸=0.01×0.01×1.11m | 朝向=2.885rad | 跟踪时长=23.60s | 距自车=0.0m | OBS框内点数=0 | gt=None(假阳性)
# 注：未匹配到GT，可能是假阳性或超出GT范围的远距离目标
# 注：⚠️ 置信度 0.342 < 0.5，可能被后处理滤掉

[MISS] npc_id=208 type=VEHICLE dist=25.94 rel_fwd=25.94 rel_right=0.07 pts_on_gt=0 pts_near_gt=0 reason=pts_in_box=0(完全无点云)
# 漏检: GT_NPC_208 | 类型=VEHICLE | 距自车=25.9m | 方位 前/右=(+25.9, +0.1)m | GT框内点数=0 | 根因=pts_in_box=0(完全无点云)
# 诊断：物理层问题：点没打到车上，请检查外参或LiDAR安装
# ⚠️ 重点关注：距自车仅25.9m的目标漏检，点云覆盖=0点

[MISS] npc_id=209 type=VEHICLE dist=67.00 rel_fwd=67.00 rel_right=0.05 pts_on_gt=0 pts_near_gt=0 reason=pts_in_box=0(完全无点云)
# 漏检: GT_NPC_209 | 类型=VEHICLE | 距自车=67.0m | 方位 前/右=(+67.0, +0.1)m | GT框内点数=0 | 根因=pts_in_box=0(完全无点云)
# 诊断：物理层问题：点没打到车上，请检查外参或LiDAR安装

[MATCH] frame=88 total_gt=2 detected=0 missed=2 missed_with_pts=0 missed_no_pts=2 false_positive=1
# 帧匹配汇总 | GT总数=2 | 检测到=0 | 漏检=2 | 误报=1
# 漏检中：有点云=0个 | 无点云=2个
# 注：有点云但漏检 → 模型或参数问题；无点云漏检 → 物理或坐标变换问题
# 距离分桶 | 近(0-15m): 0/0 | 中(15-30m): 0/1 | 远(>30m): 0/1

[FRAME] frame=89 ts=1783477439.114 gt_frame=110 ego_pose=False n_pc_pts=5951 n_gt_npc=2 n_obs=1 pc_dt_ms=100.5
# 帧号=89 | 仿真时间=1783477439.114s | GT帧=110 | 点云=5951点 | 帧间隔=100.5ms | CARLA NPC=2个 | 感知障碍物=1个
# 注：感知回调触发写入，点云和GT可能滞后0~2帧（取最新值）
# 注：点云帧间隔应稳定在 100ms（10Hz），如出现 300ms+ 说明有点云丢帧

[GT_EGO] id=197 x=107.000 y=-133.500 z=0.034 yaw=-0.000 vel=0.00
# 自车位姿（Apollo 坐标系）| 位置=(107.00, -133.50, 0.03)m | 朝向=-0.00rad | 速度=0.00m/s
# 注：坐标经 CARLA→Apollo 转换（y取反，yaw取反转弧度）

[GT_NPC] id=208 type=VEHICLE cx=132.943 cy=-133.429 cz=-499.071 half_l=2.302 half_w=0.966 half_h=0.927 yaw=-0.000 vel=0.00 dist=25.94 rel_fwd=25.94 rel_right=0.07
# GT_NPC: id=208 | 类型=VEHICLE | bbox中心=(132.94, -133.43, -499.07) | 尺寸=4.60×1.93×1.85m | 距自车=25.9m | 相对方位 前/右=(+25.9, +0.1)m
# 注：bbox中心是几何中心（t.transform(bbox.location)），不是rear axle在地面的位置
# 注：dist<30m 且 rel_fwd>0（前方）的目标是本次关注重点
[GT_NPC] id=209 type=VEHICLE cx=174.000 cy=-133.447 cz=-499.038 half_l=0.828 half_w=0.291 half_h=0.810 yaw=-1.571 vel=0.00 dist=67.00 rel_fwd=67.00 rel_right=0.05
# GT_NPC: id=209 | 类型=VEHICLE | bbox中心=(174.00, -133.45, -499.04) | 尺寸=1.66×0.58×1.62m | 距自车=67.0m | 相对方位 前/右=(+67.0, +0.1)m
# 注：bbox中心是几何中心（t.transform(bbox.location)），不是rear axle在地面的位置
# 注：dist<30m 且 rel_fwd>0（前方）的目标是本次关注重点

[PC] total=5951 x=[-44.96,49.47] y=[-45.91,47.22] z=[-8.58,1.37] int_mean=242.6 int_med=246.0 ground_pct=86.1
# 原始点云（LiDAR坐标系）| 总点数=5951 | x范围=[-44.96, 49.47]m | y范围=[-45.91, 47.22]m | z范围=[-8.58, 1.37]m | 强度均值=242.6 | 地面点比例=86.1%
# 注：64线激光雷达 ~13000点/帧 为正常，~6500点可能是 rotation_frequency 偏高（20Hz）
# 注：地面点比例 >70% 说明车体上点少，检测会困难

[PC_ON_NPC] 无世界坐标点云（可能ego_pose未就绪）
# 注：世界坐标点云为空（可能是定位位姿还没收到，或点云还没来）

[OBS] id=235 type=PEDESTRIAN(3) sub=0 pos=(102.72,-127.08,0.85) box=(0.01,0.01,1.11) theta=2.802 conf=0.372 tt=23.70 vel=0.00 dist=0.00 pts_in=0 pts_near=0 int_mean=0.0 gt=None(假阳性)
# OBS: id=235 | 类型=PEDESTRIAN | 置信度=0.372 | 位置=(102.72, -127.08, 0.85)m | 尺寸=0.01×0.01×1.11m | 朝向=2.802rad | 跟踪时长=23.70s | 距自车=0.0m | OBS框内点数=0 | gt=None(假阳性)
# 注：未匹配到GT，可能是假阳性或超出GT范围的远距离目标
# 注：⚠️ 置信度 0.372 < 0.5，可能被后处理滤掉

[MISS] npc_id=208 type=VEHICLE dist=25.94 rel_fwd=25.94 rel_right=0.07 pts_on_gt=0 pts_near_gt=0 reason=pts_in_box=0(完全无点云)
# 漏检: GT_NPC_208 | 类型=VEHICLE | 距自车=25.9m | 方位 前/右=(+25.9, +0.1)m | GT框内点数=0 | 根因=pts_in_box=0(完全无点云)
# 诊断：物理层问题：点没打到车上，请检查外参或LiDAR安装
# ⚠️ 重点关注：距自车仅25.9m的目标漏检，点云覆盖=0点

[MISS] npc_id=209 type=VEHICLE dist=67.00 rel_fwd=67.00 rel_right=0.05 pts_on_gt=0 pts_near_gt=0 reason=pts_in_box=0(完全无点云)
# 漏检: GT_NPC_209 | 类型=VEHICLE | 距自车=67.0m | 方位 前/右=(+67.0, +0.1)m | GT框内点数=0 | 根因=pts_in_box=0(完全无点云)
# 诊断：物理层问题：点没打到车上，请检查外参或LiDAR安装

[MATCH] frame=89 total_gt=2 detected=0 missed=2 missed_with_pts=0 missed_no_pts=2 false_positive=1
# 帧匹配汇总 | GT总数=2 | 检测到=0 | 漏检=2 | 误报=1
# 漏检中：有点云=0个 | 无点云=2个
# 注：有点云但漏检 → 模型或参数问题；无点云漏检 → 物理或坐标变换问题
# 距离分桶 | 近(0-15m): 0/0 | 中(15-30m): 0/1 | 远(>30m): 0/1

[FRAME] frame=90 ts=1783477439.215 gt_frame=111 ego_pose=False n_pc_pts=6083 n_gt_npc=2 n_obs=1 pc_dt_ms=99.6
# 帧号=90 | 仿真时间=1783477439.215s | GT帧=111 | 点云=6083点 | 帧间隔=99.6ms | CARLA NPC=2个 | 感知障碍物=1个
# 注：感知回调触发写入，点云和GT可能滞后0~2帧（取最新值）
# 注：点云帧间隔应稳定在 100ms（10Hz），如出现 300ms+ 说明有点云丢帧

[GT_EGO] id=197 x=107.000 y=-133.500 z=0.034 yaw=-0.000 vel=0.00
# 自车位姿（Apollo 坐标系）| 位置=(107.00, -133.50, 0.03)m | 朝向=-0.00rad | 速度=0.00m/s
# 注：坐标经 CARLA→Apollo 转换（y取反，yaw取反转弧度）

[GT_NPC] id=208 type=VEHICLE cx=132.943 cy=-133.429 cz=-499.071 half_l=2.302 half_w=0.966 half_h=0.927 yaw=-0.000 vel=0.00 dist=25.94 rel_fwd=25.94 rel_right=0.07
# GT_NPC: id=208 | 类型=VEHICLE | bbox中心=(132.94, -133.43, -499.07) | 尺寸=4.60×1.93×1.85m | 距自车=25.9m | 相对方位 前/右=(+25.9, +0.1)m
# 注：bbox中心是几何中心（t.transform(bbox.location)），不是rear axle在地面的位置
# 注：dist<30m 且 rel_fwd>0（前方）的目标是本次关注重点
[GT_NPC] id=209 type=VEHICLE cx=174.000 cy=-133.447 cz=-499.038 half_l=0.828 half_w=0.291 half_h=0.810 yaw=-1.571 vel=0.00 dist=67.00 rel_fwd=67.00 rel_right=0.05
# GT_NPC: id=209 | 类型=VEHICLE | bbox中心=(174.00, -133.45, -499.04) | 尺寸=1.66×0.58×1.62m | 距自车=67.0m | 相对方位 前/右=(+67.0, +0.1)m
# 注：bbox中心是几何中心（t.transform(bbox.location)），不是rear axle在地面的位置
# 注：dist<30m 且 rel_fwd>0（前方）的目标是本次关注重点

[PC] total=6083 x=[-45.17,49.47] y=[-47.09,47.22] z=[-8.58,1.68] int_mean=242.4 int_med=246.0 ground_pct=85.9
# 原始点云（LiDAR坐标系）| 总点数=6083 | x范围=[-45.17, 49.47]m | y范围=[-47.09, 47.22]m | z范围=[-8.58, 1.68]m | 强度均值=242.4 | 地面点比例=85.9%
# 注：64线激光雷达 ~13000点/帧 为正常，~6500点可能是 rotation_frequency 偏高（20Hz）
# 注：地面点比例 >70% 说明车体上点少，检测会困难

[PC_ON_NPC] 无世界坐标点云（可能ego_pose未就绪）
# 注：世界坐标点云为空（可能是定位位姿还没收到，或点云还没来）

[OBS] id=235 type=PEDESTRIAN(3) sub=0 pos=(102.72,-127.08,0.67) box=(0.01,0.01,1.23) theta=2.890 conf=0.285 tt=23.80 vel=0.00 dist=0.00 pts_in=0 pts_near=0 int_mean=0.0 gt=None(假阳性)
# OBS: id=235 | 类型=PEDESTRIAN | 置信度=0.285 | 位置=(102.72, -127.08, 0.67)m | 尺寸=0.01×0.01×1.23m | 朝向=2.890rad | 跟踪时长=23.80s | 距自车=0.0m | OBS框内点数=0 | gt=None(假阳性)
# 注：未匹配到GT，可能是假阳性或超出GT范围的远距离目标
# 注：⚠️ 置信度 0.285 < 0.5，可能被后处理滤掉

[MISS] npc_id=208 type=VEHICLE dist=25.94 rel_fwd=25.94 rel_right=0.07 pts_on_gt=0 pts_near_gt=0 reason=pts_in_box=0(完全无点云)
# 漏检: GT_NPC_208 | 类型=VEHICLE | 距自车=25.9m | 方位 前/右=(+25.9, +0.1)m | GT框内点数=0 | 根因=pts_in_box=0(完全无点云)
# 诊断：物理层问题：点没打到车上，请检查外参或LiDAR安装
# ⚠️ 重点关注：距自车仅25.9m的目标漏检，点云覆盖=0点

[MISS] npc_id=209 type=VEHICLE dist=67.00 rel_fwd=67.00 rel_right=0.05 pts_on_gt=0 pts_near_gt=0 reason=pts_in_box=0(完全无点云)
# 漏检: GT_NPC_209 | 类型=VEHICLE | 距自车=67.0m | 方位 前/右=(+67.0, +0.1)m | GT框内点数=0 | 根因=pts_in_box=0(完全无点云)
# 诊断：物理层问题：点没打到车上，请检查外参或LiDAR安装

[MATCH] frame=90 total_gt=2 detected=0 missed=2 missed_with_pts=0 missed_no_pts=2 false_positive=1
# 帧匹配汇总 | GT总数=2 | 检测到=0 | 漏检=2 | 误报=1
# 漏检中：有点云=0个 | 无点云=2个
# 注：有点云但漏检 → 模型或参数问题；无点云漏检 → 物理或坐标变换问题
# 距离分桶 | 近(0-15m): 0/0 | 中(15-30m): 0/1 | 远(>30m): 0/1

[FRAME] frame=91 ts=1783477439.322 gt_frame=112 ego_pose=False n_pc_pts=6012 n_gt_npc=2 n_obs=1 pc_dt_ms=100.1
# 帧号=91 | 仿真时间=1783477439.322s | GT帧=112 | 点云=6012点 | 帧间隔=100.1ms | CARLA NPC=2个 | 感知障碍物=1个
# 注：感知回调触发写入，点云和GT可能滞后0~2帧（取最新值）
# 注：点云帧间隔应稳定在 100ms（10Hz），如出现 300ms+ 说明有点云丢帧

[GT_EGO] id=197 x=107.000 y=-133.500 z=0.034 yaw=-0.000 vel=0.00
# 自车位姿（Apollo 坐标系）| 位置=(107.00, -133.50, 0.03)m | 朝向=-0.00rad | 速度=0.00m/s
# 注：坐标经 CARLA→Apollo 转换（y取反，yaw取反转弧度）

[GT_NPC] id=208 type=VEHICLE cx=132.943 cy=-133.429 cz=-499.071 half_l=2.302 half_w=0.966 half_h=0.927 yaw=-0.000 vel=0.00 dist=25.94 rel_fwd=25.94 rel_right=0.07
# GT_NPC: id=208 | 类型=VEHICLE | bbox中心=(132.94, -133.43, -499.07) | 尺寸=4.60×1.93×1.85m | 距自车=25.9m | 相对方位 前/右=(+25.9, +0.1)m
# 注：bbox中心是几何中心（t.transform(bbox.location)），不是rear axle在地面的位置
# 注：dist<30m 且 rel_fwd>0（前方）的目标是本次关注重点
[GT_NPC] id=209 type=VEHICLE cx=174.000 cy=-133.447 cz=-499.038 half_l=0.828 half_w=0.291 half_h=0.810 yaw=-1.571 vel=0.00 dist=67.00 rel_fwd=67.00 rel_right=0.05
# GT_NPC: id=209 | 类型=VEHICLE | bbox中心=(174.00, -133.45, -499.04) | 尺寸=1.66×0.58×1.62m | 距自车=67.0m | 相对方位 前/右=(+67.0, +0.1)m
# 注：bbox中心是几何中心（t.transform(bbox.location)），不是rear axle在地面的位置
# 注：dist<30m 且 rel_fwd>0（前方）的目标是本次关注重点

[PC] total=6012 x=[-44.49,49.47] y=[-46.48,47.19] z=[-8.58,1.68] int_mean=242.6 int_med=246.0 ground_pct=86.1
# 原始点云（LiDAR坐标系）| 总点数=6012 | x范围=[-44.49, 49.47]m | y范围=[-46.48, 47.19]m | z范围=[-8.58, 1.68]m | 强度均值=242.6 | 地面点比例=86.1%
# 注：64线激光雷达 ~13000点/帧 为正常，~6500点可能是 rotation_frequency 偏高（20Hz）
# 注：地面点比例 >70% 说明车体上点少，检测会困难

[PC_ON_NPC] 无世界坐标点云（可能ego_pose未就绪）
# 注：世界坐标点云为空（可能是定位位姿还没收到，或点云还没来）

[OBS] id=235 type=PEDESTRIAN(3) sub=0 pos=(102.72,-127.08,0.79) box=(0.01,0.01,1.11) theta=2.891 conf=0.309 tt=23.90 vel=0.00 dist=0.00 pts_in=0 pts_near=0 int_mean=0.0 gt=None(假阳性)
# OBS: id=235 | 类型=PEDESTRIAN | 置信度=0.309 | 位置=(102.72, -127.08, 0.79)m | 尺寸=0.01×0.01×1.11m | 朝向=2.891rad | 跟踪时长=23.90s | 距自车=0.0m | OBS框内点数=0 | gt=None(假阳性)
# 注：未匹配到GT，可能是假阳性或超出GT范围的远距离目标
# 注：⚠️ 置信度 0.309 < 0.5，可能被后处理滤掉

[MISS] npc_id=208 type=VEHICLE dist=25.94 rel_fwd=25.94 rel_right=0.07 pts_on_gt=0 pts_near_gt=0 reason=pts_in_box=0(完全无点云)
# 漏检: GT_NPC_208 | 类型=VEHICLE | 距自车=25.9m | 方位 前/右=(+25.9, +0.1)m | GT框内点数=0 | 根因=pts_in_box=0(完全无点云)
# 诊断：物理层问题：点没打到车上，请检查外参或LiDAR安装
# ⚠️ 重点关注：距自车仅25.9m的目标漏检，点云覆盖=0点

[MISS] npc_id=209 type=VEHICLE dist=67.00 rel_fwd=67.00 rel_right=0.05 pts_on_gt=0 pts_near_gt=0 reason=pts_in_box=0(完全无点云)
# 漏检: GT_NPC_209 | 类型=VEHICLE | 距自车=67.0m | 方位 前/右=(+67.0, +0.1)m | GT框内点数=0 | 根因=pts_in_box=0(完全无点云)
# 诊断：物理层问题：点没打到车上，请检查外参或LiDAR安装

[MATCH] frame=91 total_gt=2 detected=0 missed=2 missed_with_pts=0 missed_no_pts=2 false_positive=1
# 帧匹配汇总 | GT总数=2 | 检测到=0 | 漏检=2 | 误报=1
# 漏检中：有点云=0个 | 无点云=2个
# 注：有点云但漏检 → 模型或参数问题；无点云漏检 → 物理或坐标变换问题
# 距离分桶 | 近(0-15m): 0/0 | 中(15-30m): 0/1 | 远(>30m): 0/1

[FRAME] frame=92 ts=1783477439.412 gt_frame=113 ego_pose=False n_pc_pts=5990 n_gt_npc=2 n_obs=1 pc_dt_ms=100.3
# 帧号=92 | 仿真时间=1783477439.412s | GT帧=113 | 点云=5990点 | 帧间隔=100.3ms | CARLA NPC=2个 | 感知障碍物=1个
# 注：感知回调触发写入，点云和GT可能滞后0~2帧（取最新值）
# 注：点云帧间隔应稳定在 100ms（10Hz），如出现 300ms+ 说明有点云丢帧

[GT_EGO] id=197 x=107.000 y=-133.500 z=0.034 yaw=-0.000 vel=0.00
# 自车位姿（Apollo 坐标系）| 位置=(107.00, -133.50, 0.03)m | 朝向=-0.00rad | 速度=0.00m/s
# 注：坐标经 CARLA→Apollo 转换（y取反，yaw取反转弧度）

[GT_NPC] id=208 type=VEHICLE cx=132.943 cy=-133.429 cz=-499.071 half_l=2.302 half_w=0.966 half_h=0.927 yaw=-0.000 vel=0.00 dist=25.94 rel_fwd=25.94 rel_right=0.07
# GT_NPC: id=208 | 类型=VEHICLE | bbox中心=(132.94, -133.43, -499.07) | 尺寸=4.60×1.93×1.85m | 距自车=25.9m | 相对方位 前/右=(+25.9, +0.1)m
# 注：bbox中心是几何中心（t.transform(bbox.location)），不是rear axle在地面的位置
# 注：dist<30m 且 rel_fwd>0（前方）的目标是本次关注重点
[GT_NPC] id=209 type=VEHICLE cx=174.000 cy=-133.447 cz=-499.038 half_l=0.828 half_w=0.291 half_h=0.810 yaw=-1.571 vel=0.00 dist=67.00 rel_fwd=67.00 rel_right=0.05
# GT_NPC: id=209 | 类型=VEHICLE | bbox中心=(174.00, -133.45, -499.04) | 尺寸=1.66×0.58×1.62m | 距自车=67.0m | 相对方位 前/右=(+67.0, +0.1)m
# 注：bbox中心是几何中心（t.transform(bbox.location)），不是rear axle在地面的位置
# 注：dist<30m 且 rel_fwd>0（前方）的目标是本次关注重点

[PC] total=5990 x=[-45.17,49.47] y=[-45.91,47.22] z=[-8.58,1.61] int_mean=242.5 int_med=246.0 ground_pct=85.4
# 原始点云（LiDAR坐标系）| 总点数=5990 | x范围=[-45.17, 49.47]m | y范围=[-45.91, 47.22]m | z范围=[-8.58, 1.61]m | 强度均值=242.5 | 地面点比例=85.4%
# 注：64线激光雷达 ~13000点/帧 为正常，~6500点可能是 rotation_frequency 偏高（20Hz）
# 注：地面点比例 >70% 说明车体上点少，检测会困难

[PC_ON_NPC] 无世界坐标点云（可能ego_pose未就绪）
# 注：世界坐标点云为空（可能是定位位姿还没收到，或点云还没来）

[OBS] id=235 type=PEDESTRIAN(3) sub=0 pos=(102.72,-127.08,0.91) box=(0.01,0.01,0.99) theta=2.812 conf=0.380 tt=24.00 vel=0.00 dist=0.00 pts_in=0 pts_near=0 int_mean=0.0 gt=None(假阳性)
# OBS: id=235 | 类型=PEDESTRIAN | 置信度=0.380 | 位置=(102.72, -127.08, 0.91)m | 尺寸=0.01×0.01×0.99m | 朝向=2.812rad | 跟踪时长=24.00s | 距自车=0.0m | OBS框内点数=0 | gt=None(假阳性)
# 注：未匹配到GT，可能是假阳性或超出GT范围的远距离目标
# 注：⚠️ 置信度 0.380 < 0.5，可能被后处理滤掉

[MISS] npc_id=208 type=VEHICLE dist=25.94 rel_fwd=25.94 rel_right=0.07 pts_on_gt=0 pts_near_gt=0 reason=pts_in_box=0(完全无点云)
# 漏检: GT_NPC_208 | 类型=VEHICLE | 距自车=25.9m | 方位 前/右=(+25.9, +0.1)m | GT框内点数=0 | 根因=pts_in_box=0(完全无点云)
# 诊断：物理层问题：点没打到车上，请检查外参或LiDAR安装
# ⚠️ 重点关注：距自车仅25.9m的目标漏检，点云覆盖=0点

[MISS] npc_id=209 type=VEHICLE dist=67.00 rel_fwd=67.00 rel_right=0.05 pts_on_gt=0 pts_near_gt=0 reason=pts_in_box=0(完全无点云)
# 漏检: GT_NPC_209 | 类型=VEHICLE | 距自车=67.0m | 方位 前/右=(+67.0, +0.1)m | GT框内点数=0 | 根因=pts_in_box=0(完全无点云)
# 诊断：物理层问题：点没打到车上，请检查外参或LiDAR安装

[MATCH] frame=92 total_gt=2 detected=0 missed=2 missed_with_pts=0 missed_no_pts=2 false_positive=1
# 帧匹配汇总 | GT总数=2 | 检测到=0 | 漏检=2 | 误报=1
# 漏检中：有点云=0个 | 无点云=2个
# 注：有点云但漏检 → 模型或参数问题；无点云漏检 → 物理或坐标变换问题
# 距离分桶 | 近(0-15m): 0/0 | 中(15-30m): 0/1 | 远(>30m): 0/1

[FRAME] frame=93 ts=1783477439.512 gt_frame=114 ego_pose=False n_pc_pts=6043 n_gt_npc=2 n_obs=1 pc_dt_ms=100.0
# 帧号=93 | 仿真时间=1783477439.512s | GT帧=114 | 点云=6043点 | 帧间隔=100.0ms | CARLA NPC=2个 | 感知障碍物=1个
# 注：感知回调触发写入，点云和GT可能滞后0~2帧（取最新值）
# 注：点云帧间隔应稳定在 100ms（10Hz），如出现 300ms+ 说明有点云丢帧

[GT_EGO] id=197 x=107.000 y=-133.500 z=0.034 yaw=-0.000 vel=0.00
# 自车位姿（Apollo 坐标系）| 位置=(107.00, -133.50, 0.03)m | 朝向=-0.00rad | 速度=0.00m/s
# 注：坐标经 CARLA→Apollo 转换（y取反，yaw取反转弧度）

[GT_NPC] id=208 type=VEHICLE cx=132.943 cy=-133.429 cz=-499.071 half_l=2.302 half_w=0.966 half_h=0.927 yaw=-0.000 vel=0.00 dist=25.94 rel_fwd=25.94 rel_right=0.07
# GT_NPC: id=208 | 类型=VEHICLE | bbox中心=(132.94, -133.43, -499.07) | 尺寸=4.60×1.93×1.85m | 距自车=25.9m | 相对方位 前/右=(+25.9, +0.1)m
# 注：bbox中心是几何中心（t.transform(bbox.location)），不是rear axle在地面的位置
# 注：dist<30m 且 rel_fwd>0（前方）的目标是本次关注重点
[GT_NPC] id=209 type=VEHICLE cx=174.000 cy=-133.447 cz=-499.038 half_l=0.828 half_w=0.291 half_h=0.810 yaw=-1.571 vel=0.00 dist=67.00 rel_fwd=67.00 rel_right=0.05
# GT_NPC: id=209 | 类型=VEHICLE | bbox中心=(174.00, -133.45, -499.04) | 尺寸=1.66×0.58×1.62m | 距自车=67.0m | 相对方位 前/右=(+67.0, +0.1)m
# 注：bbox中心是几何中心（t.transform(bbox.location)），不是rear axle在地面的位置
# 注：dist<30m 且 rel_fwd>0（前方）的目标是本次关注重点

[PC] total=6043 x=[-45.17,49.47] y=[-47.09,47.20] z=[-8.58,1.68] int_mean=242.5 int_med=246.0 ground_pct=85.6
# 原始点云（LiDAR坐标系）| 总点数=6043 | x范围=[-45.17, 49.47]m | y范围=[-47.09, 47.20]m | z范围=[-8.58, 1.68]m | 强度均值=242.5 | 地面点比例=85.6%
# 注：64线激光雷达 ~13000点/帧 为正常，~6500点可能是 rotation_frequency 偏高（20Hz）
# 注：地面点比例 >70% 说明车体上点少，检测会困难

[PC_ON_NPC] 无世界坐标点云（可能ego_pose未就绪）
# 注：世界坐标点云为空（可能是定位位姿还没收到，或点云还没来）

[OBS] id=235 type=PEDESTRIAN(3) sub=0 pos=(102.72,-127.08,0.79) box=(0.01,0.01,1.17) theta=2.941 conf=0.291 tt=24.10 vel=0.00 dist=0.00 pts_in=0 pts_near=0 int_mean=0.0 gt=None(假阳性)
# OBS: id=235 | 类型=PEDESTRIAN | 置信度=0.291 | 位置=(102.72, -127.08, 0.79)m | 尺寸=0.01×0.01×1.17m | 朝向=2.941rad | 跟踪时长=24.10s | 距自车=0.0m | OBS框内点数=0 | gt=None(假阳性)
# 注：未匹配到GT，可能是假阳性或超出GT范围的远距离目标
# 注：⚠️ 置信度 0.291 < 0.5，可能被后处理滤掉

[MISS] npc_id=208 type=VEHICLE dist=25.94 rel_fwd=25.94 rel_right=0.07 pts_on_gt=0 pts_near_gt=0 reason=pts_in_box=0(完全无点云)
# 漏检: GT_NPC_208 | 类型=VEHICLE | 距自车=25.9m | 方位 前/右=(+25.9, +0.1)m | GT框内点数=0 | 根因=pts_in_box=0(完全无点云)
# 诊断：物理层问题：点没打到车上，请检查外参或LiDAR安装
# ⚠️ 重点关注：距自车仅25.9m的目标漏检，点云覆盖=0点

[MISS] npc_id=209 type=VEHICLE dist=67.00 rel_fwd=67.00 rel_right=0.05 pts_on_gt=0 pts_near_gt=0 reason=pts_in_box=0(完全无点云)
# 漏检: GT_NPC_209 | 类型=VEHICLE | 距自车=67.0m | 方位 前/右=(+67.0, +0.1)m | GT框内点数=0 | 根因=pts_in_box=0(完全无点云)
# 诊断：物理层问题：点没打到车上，请检查外参或LiDAR安装

[MATCH] frame=93 total_gt=2 detected=0 missed=2 missed_with_pts=0 missed_no_pts=2 false_positive=1
# 帧匹配汇总 | GT总数=2 | 检测到=0 | 漏检=2 | 误报=1
# 漏检中：有点云=0个 | 无点云=2个
# 注：有点云但漏检 → 模型或参数问题；无点云漏检 → 物理或坐标变换问题
# 距离分桶 | 近(0-15m): 0/0 | 中(15-30m): 0/1 | 远(>30m): 0/1

[FRAME] frame=94 ts=1783477439.626 gt_frame=115 ego_pose=False n_pc_pts=6119 n_gt_npc=2 n_obs=1 pc_dt_ms=99.7
# 帧号=94 | 仿真时间=1783477439.626s | GT帧=115 | 点云=6119点 | 帧间隔=99.7ms | CARLA NPC=2个 | 感知障碍物=1个
# 注：感知回调触发写入，点云和GT可能滞后0~2帧（取最新值）
# 注：点云帧间隔应稳定在 100ms（10Hz），如出现 300ms+ 说明有点云丢帧

[GT_EGO] id=197 x=107.000 y=-133.500 z=0.034 yaw=-0.000 vel=0.00
# 自车位姿（Apollo 坐标系）| 位置=(107.00, -133.50, 0.03)m | 朝向=-0.00rad | 速度=0.00m/s
# 注：坐标经 CARLA→Apollo 转换（y取反，yaw取反转弧度）

[GT_NPC] id=208 type=VEHICLE cx=132.943 cy=-133.429 cz=-499.071 half_l=2.302 half_w=0.966 half_h=0.927 yaw=-0.000 vel=0.00 dist=25.94 rel_fwd=25.94 rel_right=0.07
# GT_NPC: id=208 | 类型=VEHICLE | bbox中心=(132.94, -133.43, -499.07) | 尺寸=4.60×1.93×1.85m | 距自车=25.9m | 相对方位 前/右=(+25.9, +0.1)m
# 注：bbox中心是几何中心（t.transform(bbox.location)），不是rear axle在地面的位置
# 注：dist<30m 且 rel_fwd>0（前方）的目标是本次关注重点
[GT_NPC] id=209 type=VEHICLE cx=174.000 cy=-133.447 cz=-499.038 half_l=0.828 half_w=0.291 half_h=0.810 yaw=-1.571 vel=0.00 dist=67.00 rel_fwd=67.00 rel_right=0.05
# GT_NPC: id=209 | 类型=VEHICLE | bbox中心=(174.00, -133.45, -499.04) | 尺寸=1.66×0.58×1.62m | 距自车=67.0m | 相对方位 前/右=(+67.0, +0.1)m
# 注：bbox中心是几何中心（t.transform(bbox.location)），不是rear axle在地面的位置
# 注：dist<30m 且 rel_fwd>0（前方）的目标是本次关注重点

[PC] total=6119 x=[-44.96,49.47] y=[-47.09,47.19] z=[-8.58,1.68] int_mean=242.5 int_med=246.0 ground_pct=85.9
# 原始点云（LiDAR坐标系）| 总点数=6119 | x范围=[-44.96, 49.47]m | y范围=[-47.09, 47.19]m | z范围=[-8.58, 1.68]m | 强度均值=242.5 | 地面点比例=85.9%
# 注：64线激光雷达 ~13000点/帧 为正常，~6500点可能是 rotation_frequency 偏高（20Hz）
# 注：地面点比例 >70% 说明车体上点少，检测会困难

[PC_ON_NPC] 无世界坐标点云（可能ego_pose未就绪）
# 注：世界坐标点云为空（可能是定位位姿还没收到，或点云还没来）

[OBS] id=235 type=PEDESTRIAN(3) sub=0 pos=(102.72,-127.08,0.79) box=(0.01,0.01,1.11) theta=2.951 conf=0.282 tt=24.20 vel=0.00 dist=0.00 pts_in=0 pts_near=0 int_mean=0.0 gt=None(假阳性)
# OBS: id=235 | 类型=PEDESTRIAN | 置信度=0.282 | 位置=(102.72, -127.08, 0.79)m | 尺寸=0.01×0.01×1.11m | 朝向=2.951rad | 跟踪时长=24.20s | 距自车=0.0m | OBS框内点数=0 | gt=None(假阳性)
# 注：未匹配到GT，可能是假阳性或超出GT范围的远距离目标
# 注：⚠️ 置信度 0.282 < 0.5，可能被后处理滤掉

[MISS] npc_id=208 type=VEHICLE dist=25.94 rel_fwd=25.94 rel_right=0.07 pts_on_gt=0 pts_near_gt=0 reason=pts_in_box=0(完全无点云)
# 漏检: GT_NPC_208 | 类型=VEHICLE | 距自车=25.9m | 方位 前/右=(+25.9, +0.1)m | GT框内点数=0 | 根因=pts_in_box=0(完全无点云)
# 诊断：物理层问题：点没打到车上，请检查外参或LiDAR安装
# ⚠️ 重点关注：距自车仅25.9m的目标漏检，点云覆盖=0点

[MISS] npc_id=209 type=VEHICLE dist=67.00 rel_fwd=67.00 rel_right=0.05 pts_on_gt=0 pts_near_gt=0 reason=pts_in_box=0(完全无点云)
# 漏检: GT_NPC_209 | 类型=VEHICLE | 距自车=67.0m | 方位 前/右=(+67.0, +0.1)m | GT框内点数=0 | 根因=pts_in_box=0(完全无点云)
# 诊断：物理层问题：点没打到车上，请检查外参或LiDAR安装

[MATCH] frame=94 total_gt=2 detected=0 missed=2 missed_with_pts=0 missed_no_pts=2 false_positive=1
# 帧匹配汇总 | GT总数=2 | 检测到=0 | 漏检=2 | 误报=1
# 漏检中：有点云=0个 | 无点云=2个
# 注：有点云但漏检 → 模型或参数问题；无点云漏检 → 物理或坐标变换问题
# 距离分桶 | 近(0-15m): 0/0 | 中(15-30m): 0/1 | 远(>30m): 0/1

[FRAME] frame=95 ts=1783477439.714 gt_frame=116 ego_pose=False n_pc_pts=6026 n_gt_npc=2 n_obs=2 pc_dt_ms=100.0
# 帧号=95 | 仿真时间=1783477439.714s | GT帧=116 | 点云=6026点 | 帧间隔=100.0ms | CARLA NPC=2个 | 感知障碍物=2个
# 注：感知回调触发写入，点云和GT可能滞后0~2帧（取最新值）
# 注：点云帧间隔应稳定在 100ms（10Hz），如出现 300ms+ 说明有点云丢帧

[GT_EGO] id=197 x=107.000 y=-133.500 z=0.034 yaw=-0.000 vel=0.00
# 自车位姿（Apollo 坐标系）| 位置=(107.00, -133.50, 0.03)m | 朝向=-0.00rad | 速度=0.00m/s
# 注：坐标经 CARLA→Apollo 转换（y取反，yaw取反转弧度）

[GT_NPC] id=208 type=VEHICLE cx=132.943 cy=-133.429 cz=-499.071 half_l=2.302 half_w=0.966 half_h=0.927 yaw=-0.000 vel=0.00 dist=25.94 rel_fwd=25.94 rel_right=0.07
# GT_NPC: id=208 | 类型=VEHICLE | bbox中心=(132.94, -133.43, -499.07) | 尺寸=4.60×1.93×1.85m | 距自车=25.9m | 相对方位 前/右=(+25.9, +0.1)m
# 注：bbox中心是几何中心（t.transform(bbox.location)），不是rear axle在地面的位置
# 注：dist<30m 且 rel_fwd>0（前方）的目标是本次关注重点
[GT_NPC] id=209 type=VEHICLE cx=174.000 cy=-133.447 cz=-499.038 half_l=0.828 half_w=0.291 half_h=0.810 yaw=-1.571 vel=0.00 dist=67.00 rel_fwd=67.00 rel_right=0.05
# GT_NPC: id=209 | 类型=VEHICLE | bbox中心=(174.00, -133.45, -499.04) | 尺寸=1.66×0.58×1.62m | 距自车=67.0m | 相对方位 前/右=(+67.0, +0.1)m
# 注：bbox中心是几何中心（t.transform(bbox.location)），不是rear axle在地面的位置
# 注：dist<30m 且 rel_fwd>0（前方）的目标是本次关注重点

[PC] total=6026 x=[-44.49,49.47] y=[-47.09,47.22] z=[-8.58,1.45] int_mean=242.6 int_med=246.0 ground_pct=85.6
# 原始点云（LiDAR坐标系）| 总点数=6026 | x范围=[-44.49, 49.47]m | y范围=[-47.09, 47.22]m | z范围=[-8.58, 1.45]m | 强度均值=242.6 | 地面点比例=85.6%
# 注：64线激光雷达 ~13000点/帧 为正常，~6500点可能是 rotation_frequency 偏高（20Hz）
# 注：地面点比例 >70% 说明车体上点少，检测会困难

[PC_ON_NPC] 无世界坐标点云（可能ego_pose未就绪）
# 注：世界坐标点云为空（可能是定位位姿还没收到，或点云还没来）

[OBS] id=235 type=PEDESTRIAN(3) sub=0 pos=(102.72,-127.08,0.73) box=(0.01,0.01,1.12) theta=2.891 conf=0.300 tt=24.30 vel=0.00 dist=0.00 pts_in=0 pts_near=0 int_mean=0.0 gt=None(假阳性)
# OBS: id=235 | 类型=PEDESTRIAN | 置信度=0.300 | 位置=(102.72, -127.08, 0.73)m | 尺寸=0.01×0.01×1.12m | 朝向=2.891rad | 跟踪时长=24.30s | 距自车=0.0m | OBS框内点数=0 | gt=None(假阳性)
# 注：未匹配到GT，可能是假阳性或超出GT范围的远距离目标
# 注：⚠️ 置信度 0.300 < 0.5，可能被后处理滤掉

[OBS] id=254 type=UNKNOWN(0) sub=0 pos=(118.45,-127.43,0.26) box=(0.09,0.07,0.68) theta=1.148 conf=0.581 tt=0.40 vel=0.00 dist=0.00 pts_in=0 pts_near=0 int_mean=0.0 gt=None(假阳性)
# OBS: id=254 | 类型=UNKNOWN | 置信度=0.581 | 位置=(118.45, -127.43, 0.26)m | 尺寸=0.09×0.07×0.68m | 朝向=1.148rad | 跟踪时长=0.40s | 距自车=0.0m | OBS框内点数=0 | gt=None(假阳性)
# 注：未匹配到GT，可能是假阳性或超出GT范围的远距离目标
# 注：⚠️ 跟踪时长 0.40s < 1s，刚出现的不稳定目标

[MISS] npc_id=208 type=VEHICLE dist=25.94 rel_fwd=25.94 rel_right=0.07 pts_on_gt=0 pts_near_gt=0 reason=pts_in_box=0(完全无点云)
# 漏检: GT_NPC_208 | 类型=VEHICLE | 距自车=25.9m | 方位 前/右=(+25.9, +0.1)m | GT框内点数=0 | 根因=pts_in_box=0(完全无点云)
# 诊断：物理层问题：点没打到车上，请检查外参或LiDAR安装
# ⚠️ 重点关注：距自车仅25.9m的目标漏检，点云覆盖=0点

[MISS] npc_id=209 type=VEHICLE dist=67.00 rel_fwd=67.00 rel_right=0.05 pts_on_gt=0 pts_near_gt=0 reason=pts_in_box=0(完全无点云)
# 漏检: GT_NPC_209 | 类型=VEHICLE | 距自车=67.0m | 方位 前/右=(+67.0, +0.1)m | GT框内点数=0 | 根因=pts_in_box=0(完全无点云)
# 诊断：物理层问题：点没打到车上，请检查外参或LiDAR安装

[MATCH] frame=95 total_gt=2 detected=0 missed=2 missed_with_pts=0 missed_no_pts=2 false_positive=2
# 帧匹配汇总 | GT总数=2 | 检测到=0 | 漏检=2 | 误报=2
# 漏检中：有点云=0个 | 无点云=2个
# 注：有点云但漏检 → 模型或参数问题；无点云漏检 → 物理或坐标变换问题
# 距离分桶 | 近(0-15m): 0/0 | 中(15-30m): 0/1 | 远(>30m): 0/1


================================================================================
[SUMMARY] 汇总分析
================================================================================

[SUMMARY] 运行时间=13s 总帧数=95
# 采集耗时=13s | 总帧数=95 | 平均7.5帧/秒
[SUMMARY] 总NPC-帧记录=190 检测成功=0(0%) 漏检=190(100%)
# 整体检测率=0% | 成功=0次 | 漏检=190次
# 注：检测率 >90% 为良好，<80% 需要排查

[ROOT_CAUSE] 根因判定:
# ═══════════════════════════════════════════
# 综合以上数据，判断问题出在哪个层面：
# ═══════════════════════════════════════════

================================================================================
[SUMMARY_END]

