run_id,schema_version,event_id,trace_id,proc_id,module,phase,mono_ns,pid,tid
202607271059,e2e_trace_v3,4,72209494146286446,0,perception.lidar_tracking,proc_enter,1980065129056,231975,232114
202607271059,e2e_trace_v3,5,72209494146286446,0,perception.lidar_tracking,output_pub,1980065533824,231975,232114
202607271059,e2e_trace_v3,26,72209494146286447,0,perception.lidar_tracking,proc_enter,1980181195872,231975,232122
202607271059,e2e_trace_v3,27,72209494146286447,0,perception.lidar_tracking,output_pub,1980181460224,231975,232122
202607271059,e2e_trace_v3,41,72209494146286448,0,perception.lidar_tracking,proc_enter,1980277485344,231975,232120
202607271059,e2e_trace_v3,42,72209494146286448,0,perception.lidar_tracking,output_pub,1980277649664,231975,232120
202607271059,e2e_trace_v3,64,72209494146286449,0,perception.lidar_tracking,proc_enter,1980398594656,231975,232122
202607271059,e2e_trace_v3,65,72209494146286449,0,perception.lidar_tracking,output_pub,1980398753792,231975,232122
202607271059,e2e_trace_v3,79,72209494146286450,0,perception.lidar_tracking,proc_enter,1980483854880,231975,232118
202607271059,e2e_trace_v3,80,72209494146286450,0,perception.lidar_tracking,output_pub,1980484023616,231975,232118
202607271059,e2e_trace_v3,91,72209494146286451,0,perception.lidar_tracking,proc_enter,1980569196768,231975,232113
202607271059,e2e_trace_v3,92,72209494146286451,0,perception.lidar_tracking,output_pub,1980569300576,231975,232113
202607271059,e2e_trace_v3,108,72209494146286452,0,perception.lidar_tracking,proc_enter,1980667920352,231975,232118
202607271059,e2e_trace_v3,109,72209494146286452,0,perception.lidar_tracking,output_pub,1980668008000,231975,232118
202607271059,e2e_trace_v3,123,72209494146286453,0,perception.lidar_tracking,proc_enter,1980764999008,231975,232124
202607271059,e2e_trace_v3,124,72209494146286453,0,perception.lidar_tracking,output_pub,1980765320224,231975,232124
202607271059,e2e_trace_v3,139,72209494146286454,0,perception.lidar_tracking,proc_enter,1980867192000,231975,232123
202607271059,e2e_trace_v3,141,72209494146286454,0,perception.lidar_tracking,output_pub,1980867421344,231975,232123
202607271059,e2e_trace_v3,164,72209494146286455,0,perception.lidar_tracking,proc_enter,1980981326848,231975,232112
202607271059,e2e_trace_v3,167,72209494146286455,0,perception.lidar_tracking,output_pub,1980981420320,231975,232112
202607271059,e2e_trace_v3,176,72209494146286456,0,perception.lidar_tracking,proc_enter,1981066268224,231975,232122
202607271059,e2e_trace_v3,177,72209494146286456,0,perception.lidar_tracking,output_pub,1981066371296,231975,232122
202607271059,e2e_trace_v3,190,72209494146286457,0,perception.lidar_tracking,proc_enter,1981158821120,231975,232116
202607271059,e2e_trace_v3,191,72209494146286457,0,perception.lidar_tracking,output_pub,1981158940000,231975,232116
202607271059,e2e_trace_v3,208,72209494146286458,0,perception.lidar_tracking,proc_enter,1981263468672,231975,232120
202607271059,e2e_trace_v3,209,72209494146286458,0,perception.lidar_tracking,output_pub,1981263580576,231975,232120
202607271059,e2e_trace_v3,227,72209494146286459,0,perception.lidar_tracking,proc_enter,1981366946304,231975,232119
202607271059,e2e_trace_v3,228,72209494146286459,0,perception.lidar_tracking,output_pub,1981367098080,231975,232119
202607271059,e2e_trace_v3,245,72209494146286460,0,perception.lidar_tracking,proc_enter,1981474898752,231975,232120
202607271059,e2e_trace_v3,246,72209494146286460,0,perception.lidar_tracking,output_pub,1981475158080,231975,232120
202607271059,e2e_trace_v3,268,72209494146286461,0,perception.lidar_tracking,proc_enter,1981595353792,231975,232123
202607271059,e2e_trace_v3,269,72209494146286461,0,perception.lidar_tracking,output_pub,1981595494240,231975,232123
202607271059,e2e_trace_v3,281,72209494146286462,0,perception.lidar_tracking,proc_enter,1981677138304,231975,232123
202607271059,e2e_trace_v3,282,72209494146286462,0,perception.lidar_tracking,output_pub,1981677247904,231975,232123
202607271059,e2e_trace_v3,302,72209494146286463,0,perception.lidar_tracking,proc_enter,1981791835008,231975,232115
202607271059,e2e_trace_v3,303,72209494146286463,0,perception.lidar_tracking,output_pub,1981791938080,231975,232115
202607271059,e2e_trace_v3,313,72209494146286464,0,perception.lidar_tracking,proc_enter,1981872781024,231975,232113
202607271059,e2e_trace_v3,314,72209494146286464,0,perception.lidar_tracking,output_pub,1981872900224,231975,232113
202607271059,e2e_trace_v3,336,72209494146286465,0,perception.lidar_tracking,proc_enter,1981989820832,231975,232120
202607271059,e2e_trace_v3,337,72209494146286465,0,perception.lidar_tracking,output_pub,1981989918368,231975,232120
202607271059,e2e_trace_v3,344,72209494146286466,0,perception.lidar_tracking,proc_enter,1982070687616,231975,232116
202607271059,e2e_trace_v3,347,72209494146286466,0,perception.lidar_tracking,output_pub,1982070808448,231975,232116
202607271059,e2e_trace_v3,364,72209494146286467,0,perception.lidar_tracking,proc_enter,1982177908416,231975,232118
202607271059,e2e_trace_v3,365,72209494146286467,0,perception.lidar_tracking,output_pub,1982178086208,231975,232118
202607271059,e2e_trace_v3,383,72209494146286468,0,perception.lidar_tracking,proc_enter,1982282094912,231975,232112
202607271059,e2e_trace_v3,384,72209494146286468,0,perception.lidar_tracking,output_pub,1982282368192,231975,232112
202607271059,e2e_trace_v3,400,72209494146286469,0,perception.lidar_tracking,proc_enter,1982376573792,231975,232119
202607271059,e2e_trace_v3,401,72209494146286469,0,perception.lidar_tracking,output_pub,1982376706528,231975,232119
202607271059,e2e_trace_v3,414,72209494146286470,0,perception.lidar_tracking,proc_enter,1982466455168,231975,232118
202607271059,e2e_trace_v3,415,72209494146286470,0,perception.lidar_tracking,output_pub,1982466622240,231975,232118
202607271059,e2e_trace_v3,428,72209494146286471,0,perception.lidar_tracking,proc_enter,1982564483488,231975,232117
202607271059,e2e_trace_v3,429,72209494146286471,0,perception.lidar_tracking,output_pub,1982564574784,231975,232117
202607271059,e2e_trace_v3,446,72209494146286472,0,perception.lidar_tracking,proc_enter,1982660978368,231975,232115
202607271059,e2e_trace_v3,447,72209494146286472,0,perception.lidar_tracking,output_pub,1982661098304,231975,232115
202607271059,e2e_trace_v3,463,72209494146286473,0,perception.lidar_tracking,proc_enter,1982765470880,231975,232120
202607271059,e2e_trace_v3,464,72209494146286473,0,perception.lidar_tracking,output_pub,1982765626368,231975,232120
202607271059,e2e_trace_v3,485,72209494146286474,0,perception.lidar_tracking,proc_enter,1982880374944,231975,232109
202607271059,e2e_trace_v3,486,72209494146286474,0,perception.lidar_tracking,output_pub,1982880539552,231975,232109
202607271059,e2e_trace_v3,501,72209494146286475,0,perception.lidar_tracking,proc_enter,1982975062592,231975,232116
202607271059,e2e_trace_v3,504,72209494146286475,0,perception.lidar_tracking,output_pub,1982975185280,231975,232116
202607271059,e2e_trace_v3,519,72209494146286476,0,perception.lidar_tracking,proc_enter,1983074256512,231975,232110
202607271059,e2e_trace_v3,520,72209494146286476,0,perception.lidar_tracking,output_pub,1983074358144,231975,232110
202607271059,e2e_trace_v3,536,72209494146286477,0,perception.lidar_tracking,proc_enter,1983178495360,231975,232116
202607271059,e2e_trace_v3,537,72209494146286477,0,perception.lidar_tracking,output_pub,1983178667488,231975,232116
202607271059,e2e_trace_v3,553,72209494146286478,0,perception.lidar_tracking,proc_enter,1983275164928,231975,232109
202607271059,e2e_trace_v3,554,72209494146286478,0,perception.lidar_tracking,output_pub,1983275303456,231975,232109
202607271059,e2e_trace_v3,565,72209494146286479,0,perception.lidar_tracking,proc_enter,1983360928384,231975,232113
202607271059,e2e_trace_v3,566,72209494146286479,0,perception.lidar_tracking,output_pub,1983361052288,231975,232113
202607271059,e2e_trace_v3,589,72209494146286480,0,perception.lidar_tracking,proc_enter,1983486999840,231975,232123
202607271059,e2e_trace_v3,590,72209494146286480,0,perception.lidar_tracking,output_pub,1983487174624,231975,232123
202607271059,e2e_trace_v3,604,72209494146286481,0,perception.lidar_tracking,proc_enter,1983583517408,231975,232122
202607271059,e2e_trace_v3,605,72209494146286481,0,perception.lidar_tracking,output_pub,1983583676064,231975,232122
202607271059,e2e_trace_v3,621,72209494146286482,0,perception.lidar_tracking,proc_enter,1983682897664,231975,232115
202607271059,e2e_trace_v3,622,72209494146286482,0,perception.lidar_tracking,output_pub,1983683046496,231975,232115
202607271059,e2e_trace_v3,637,72209494146286483,0,perception.lidar_tracking,proc_enter,1983776766400,231975,232113
202607271059,e2e_trace_v3,639,72209494146286483,0,perception.lidar_tracking,output_pub,1983776917248,231975,232113
202607271059,e2e_trace_v3,658,72209494146286484,0,perception.lidar_tracking,proc_enter,1983890736160,231975,232111
202607271059,e2e_trace_v3,660,72209494146286484,0,perception.lidar_tracking,output_pub,1983890841632,231975,232111
202607271059,e2e_trace_v3,672,72209494146286485,0,perception.lidar_tracking,proc_enter,1983981197696,231975,232113
202607271059,e2e_trace_v3,673,72209494146286485,0,perception.lidar_tracking,output_pub,1983981283744,231975,232113
202607271059,e2e_trace_v3,688,72209494146286486,0,perception.lidar_tracking,proc_enter,1984070294560,231975,232113
202607271059,e2e_trace_v3,689,72209494146286486,0,perception.lidar_tracking,output_pub,1984070373952,231975,232113
202607271059,e2e_trace_v3,700,72209494146286487,0,perception.lidar_tracking,proc_enter,1984154371520,231975,232117
202607271059,e2e_trace_v3,701,72209494146286487,0,perception.lidar_tracking,output_pub,1984154465536,231975,232117
202607271059,e2e_trace_v3,717,72209494146286488,0,perception.lidar_tracking,proc_enter,1984259544224,231975,232124
202607271059,e2e_trace_v3,718,72209494146286488,0,perception.lidar_tracking,output_pub,1984259691872,231975,232124
202607271059,e2e_trace_v3,735,72209494146286489,0,perception.lidar_tracking,proc_enter,1984364824768,231975,232120
202607271059,e2e_trace_v3,736,72209494146286489,0,perception.lidar_tracking,output_pub,1984364942880,231975,232120
202607271059,e2e_trace_v3,751,72209494146286490,0,perception.lidar_tracking,proc_enter,1984469058624,231975,232123
202607271059,e2e_trace_v3,752,72209494146286490,0,perception.lidar_tracking,output_pub,1984469202048,231975,232123
202607271059,e2e_trace_v3,776,72209494146286491,0,perception.lidar_tracking,proc_enter,1984591857312,231975,232115
202607271059,e2e_trace_v3,777,72209494146286491,0,perception.lidar_tracking,output_pub,1984592033696,231975,232115
202607271059,e2e_trace_v3,793,72209494146286492,0,perception.lidar_tracking,proc_enter,1984691383040,231975,232112
202607271059,e2e_trace_v3,794,72209494146286492,0,perception.lidar_tracking,output_pub,1984691470944,231975,232112
202607271059,e2e_trace_v3,811,72209494146286493,0,perception.lidar_tracking,proc_enter,1984788735040,231975,232123
202607271059,e2e_trace_v3,813,72209494146286493,0,perception.lidar_tracking,output_pub,1984788912608,231975,232123
202607271059,e2e_trace_v3,822,72209494146286494,0,perception.lidar_tracking,proc_enter,1984875187424,231975,232114
202607271059,e2e_trace_v3,826,72209494146286494,0,perception.lidar_tracking,output_pub,1984875271392,231975,232114
202607271059,e2e_trace_v3,842,72209494146286495,0,perception.lidar_tracking,proc_enter,1984973352096,231975,232121
202607271059,e2e_trace_v3,843,72209494146286495,0,perception.lidar_tracking,output_pub,1984973498080,231975,232121
202607271059,e2e_trace_v3,854,72209494146286496,0,perception.lidar_tracking,proc_enter,1985065724864,231975,232113
202607271059,e2e_trace_v3,855,72209494146286496,0,perception.lidar_tracking,output_pub,1985065937280,231975,232113
202607271059,e2e_trace_v3,870,72209494146286497,0,perception.lidar_tracking,proc_enter,1985161170592,231975,232111
202607271059,e2e_trace_v3,872,72209494146286497,0,perception.lidar_tracking,output_pub,1985161297568,231975,232111
202607271059,e2e_trace_v3,887,72209494146286498,0,perception.lidar_tracking,proc_enter,1985262420640,231975,232124
202607271059,e2e_trace_v3,888,72209494146286498,0,perception.lidar_tracking,output_pub,1985262621792,231975,232124
202607271059,e2e_trace_v3,910,72209494146286499,0,perception.lidar_tracking,proc_enter,1985376159648,231975,232120
202607271059,e2e_trace_v3,911,72209494146286499,0,perception.lidar_tracking,output_pub,1985376270048,231975,232120
202607271059,e2e_trace_v3,923,72209494146286500,0,perception.lidar_tracking,proc_enter,1985474538976,231975,232124
202607271059,e2e_trace_v3,925,72209494146286500,0,perception.lidar_tracking,output_pub,1985474667328,231975,232124
202607271059,e2e_trace_v3,942,72209494146286501,0,perception.lidar_tracking,proc_enter,1985572948288,231975,232117
202607271059,e2e_trace_v3,943,72209494146286501,0,perception.lidar_tracking,output_pub,1985573083840,231975,232117
202607271059,e2e_trace_v3,961,72209494146286502,0,perception.lidar_tracking,proc_enter,1985681052512,231975,232109
202607271059,e2e_trace_v3,962,72209494146286502,0,perception.lidar_tracking,output_pub,1985681243072,231975,232109
202607271059,e2e_trace_v3,977,72209494146286503,0,perception.lidar_tracking,proc_enter,1985771390624,231975,232113
202607271059,e2e_trace_v3,978,72209494146286503,0,perception.lidar_tracking,output_pub,1985771462912,231975,232113
202607271059,e2e_trace_v3,995,72209494146286504,0,perception.lidar_tracking,proc_enter,1985879688064,231975,232120
202607271059,e2e_trace_v3,996,72209494146286504,0,perception.lidar_tracking,output_pub,1985879832352,231975,232120
202607271059,e2e_trace_v3,1016,72209494146286505,0,perception.lidar_tracking,proc_enter,1985985863200,231975,232110
202607271059,e2e_trace_v3,1017,72209494146286505,0,perception.lidar_tracking,output_pub,1985985993760,231975,232110
202607271059,e2e_trace_v3,1028,72209494146286506,0,perception.lidar_tracking,proc_enter,1986072740608,231975,232113
202607271059,e2e_trace_v3,1029,72209494146286506,0,perception.lidar_tracking,output_pub,1986072852352,231975,232113
202607271059,e2e_trace_v3,1040,72209494146286507,0,perception.lidar_tracking,proc_enter,1986157075648,231975,232116
202607271059,e2e_trace_v3,1041,72209494146286507,0,perception.lidar_tracking,output_pub,1986157216544,231975,232116
202607271059,e2e_trace_v3,1058,72209494146286508,0,perception.lidar_tracking,proc_enter,1986270578624,231975,232123
202607271059,e2e_trace_v3,1059,72209494146286508,0,perception.lidar_tracking,output_pub,1986270735936,231975,232123
202607271059,e2e_trace_v3,1082,72209494146286509,0,perception.lidar_tracking,proc_enter,1986399761376,231975,232118
202607271059,e2e_trace_v3,1083,72209494146286509,0,perception.lidar_tracking,output_pub,1986399866080,231975,232118
202607271059,e2e_trace_v3,1096,72209494146286510,0,perception.lidar_tracking,proc_enter,1986494334720,231975,232117
202607271059,e2e_trace_v3,1097,72209494146286510,0,perception.lidar_tracking,output_pub,1986494424064,231975,232117
202607271059,e2e_trace_v3,1113,72209494146286511,0,perception.lidar_tracking,proc_enter,1986595372000,231975,232122
202607271059,e2e_trace_v3,1115,72209494146286511,0,perception.lidar_tracking,output_pub,1986595541728,231975,232122
202607271059,e2e_trace_v3,1128,72209494146286512,0,perception.lidar_tracking,proc_enter,1986682654176,231975,232116
202607271059,e2e_trace_v3,1129,72209494146286512,0,perception.lidar_tracking,output_pub,1986682918016,231975,232116
202607271059,e2e_trace_v3,1143,72209494146286513,0,perception.lidar_tracking,proc_enter,1986775412128,231975,232110
202607271059,e2e_trace_v3,1144,72209494146286513,0,perception.lidar_tracking,output_pub,1986775603296,231975,232110
202607271059,e2e_trace_v3,1164,72209494146286514,0,perception.lidar_tracking,proc_enter,1986887613664,231975,232116
202607271059,e2e_trace_v3,1165,72209494146286514,0,perception.lidar_tracking,output_pub,1986887878720,231975,232116
202607271059,e2e_trace_v3,1179,72209494146286515,0,perception.lidar_tracking,proc_enter,1986981916320,231975,232120
202607271059,e2e_trace_v3,1180,72209494146286515,0,perception.lidar_tracking,output_pub,1986982297312,231975,232120
202607271059,e2e_trace_v3,1196,72209494146286516,0,perception.lidar_tracking,proc_enter,1987078616768,231975,232111
202607271059,e2e_trace_v3,1197,72209494146286516,0,perception.lidar_tracking,output_pub,1987078735616,231975,232111
202607271059,e2e_trace_v3,1210,72209494146286517,0,perception.lidar_tracking,proc_enter,1987171633952,231975,232121
202607271059,e2e_trace_v3,1211,72209494146286517,0,perception.lidar_tracking,output_pub,1987171816192,231975,232121
202607271059,e2e_trace_v3,1230,72209494146286518,0,perception.lidar_tracking,proc_enter,1987279947744,231975,232115
202607271059,e2e_trace_v3,1231,72209494146286518,0,perception.lidar_tracking,output_pub,1987280104448,231975,232115
202607271059,e2e_trace_v3,1247,72209494146286519,0,perception.lidar_tracking,proc_enter,1987380889312,231975,232110
202607271059,e2e_trace_v3,1248,72209494146286519,0,perception.lidar_tracking,output_pub,1987381188544,231975,232110
202607271059,e2e_trace_v3,1264,72209494146286520,0,perception.lidar_tracking,proc_enter,1987480149216,231975,232121
202607271059,e2e_trace_v3,1265,72209494146286520,0,perception.lidar_tracking,output_pub,1987480258016,231975,232121
202607271059,e2e_trace_v3,1285,72209494146286521,0,perception.lidar_tracking,proc_enter,1987591395008,231975,232114
202607271059,e2e_trace_v3,1286,72209494146286521,0,perception.lidar_tracking,output_pub,1987591564160,231975,232114
202607271059,e2e_trace_v3,1298,72209494146286522,0,perception.lidar_tracking,proc_enter,1987678793824,231975,232114
202607271059,e2e_trace_v3,1300,72209494146286522,0,perception.lidar_tracking,output_pub,1987679186688,231975,232114
202607271059,e2e_trace_v3,1319,72209494146286523,0,perception.lidar_tracking,proc_enter,1987798837568,231975,232118
202607271059,e2e_trace_v3,1320,72209494146286523,0,perception.lidar_tracking,output_pub,1987799157600,231975,232118
202607271059,e2e_trace_v3,1332,72209494146286524,0,perception.lidar_tracking,proc_enter,1987884071232,231975,232120
202607271059,e2e_trace_v3,1333,72209494146286524,0,perception.lidar_tracking,output_pub,1987884170880,231975,232120
202607271059,e2e_trace_v3,1348,72209494146286525,0,perception.lidar_tracking,proc_enter,1987977381792,231975,232115
202607271059,e2e_trace_v3,1351,72209494146286525,0,perception.lidar_tracking,output_pub,1987977768960,231975,232115
202607271059,e2e_trace_v3,1366,72209494146286526,0,perception.lidar_tracking,proc_enter,1988079707392,231975,232113
202607271059,e2e_trace_v3,1367,72209494146286526,0,perception.lidar_tracking,output_pub,1988079837312,231975,232113
202607271059,e2e_trace_v3,1385,72209494146286527,0,perception.lidar_tracking,proc_enter,1988180700928,231975,232112
202607271059,e2e_trace_v3,1386,72209494146286527,0,perception.lidar_tracking,output_pub,1988180815232,231975,232112
202607271059,e2e_trace_v3,1394,72209494146286528,0,perception.lidar_tracking,proc_enter,1988265246112,231975,232117
202607271059,e2e_trace_v3,1395,72209494146286528,0,perception.lidar_tracking,output_pub,1988265359552,231975,232117
202607271059,e2e_trace_v3,1417,72209494146286529,0,perception.lidar_tracking,proc_enter,1988376034784,231975,232118
202607271059,e2e_trace_v3,1418,72209494146286529,0,perception.lidar_tracking,output_pub,1988376310464,231975,232118
202607271059,e2e_trace_v3,1431,72209494146286530,0,perception.lidar_tracking,proc_enter,1988469596544,231975,232124
202607271059,e2e_trace_v3,1432,72209494146286530,0,perception.lidar_tracking,output_pub,1988469860032,231975,232124
202607271059,e2e_trace_v3,1451,72209494146286531,0,perception.lidar_tracking,proc_enter,1988576093152,231975,232110
202607271059,e2e_trace_v3,1452,72209494146286531,0,perception.lidar_tracking,output_pub,1988576373440,231975,232110
202607271059,e2e_trace_v3,1467,72209494146286532,0,perception.lidar_tracking,proc_enter,1988676684512,231975,232115
202607271059,e2e_trace_v3,1469,72209494146286532,0,perception.lidar_tracking,output_pub,1988676828832,231975,232115
202607271059,e2e_trace_v3,1482,72209494146286533,0,perception.lidar_tracking,proc_enter,1988769568608,231975,232109
202607271059,e2e_trace_v3,1483,72209494146286533,0,perception.lidar_tracking,output_pub,1988769731584,231975,232109
202607271059,e2e_trace_v3,1501,72209494146286534,0,perception.lidar_tracking,proc_enter,1988877436384,231975,232112
202607271059,e2e_trace_v3,1503,72209494146286534,0,perception.lidar_tracking,output_pub,1988877659008,231975,232112
202607271059,e2e_trace_v3,1516,72209494146286535,0,perception.lidar_tracking,proc_enter,1988968959328,231975,232123
202607271059,e2e_trace_v3,1517,72209494146286535,0,perception.lidar_tracking,output_pub,1988969256864,231975,232123
202607271059,e2e_trace_v3,1531,72209494146286536,0,perception.lidar_tracking,proc_enter,1989067636448,231975,232117
202607271059,e2e_trace_v3,1532,72209494146286536,0,perception.lidar_tracking,output_pub,1989067926496,231975,232117
202607271059,e2e_trace_v3,1555,72209494146286537,0,perception.lidar_tracking,proc_enter,1989179304736,231975,232121
202607271059,e2e_trace_v3,1556,72209494146286537,0,perception.lidar_tracking,output_pub,1989179453728,231975,232121
202607271059,e2e_trace_v3,1565,72209494146286538,0,perception.lidar_tracking,proc_enter,1989266932896,231975,232118
202607271059,e2e_trace_v3,1566,72209494146286538,0,perception.lidar_tracking,output_pub,1989267093824,231975,232118
202607271059,e2e_trace_v3,1589,72209494146286539,0,perception.lidar_tracking,proc_enter,1989384515584,231975,232116
202607271059,e2e_trace_v3,1590,72209494146286539,0,perception.lidar_tracking,output_pub,1989384672704,231975,232116
202607271059,e2e_trace_v3,1604,72209494146286540,0,perception.lidar_tracking,proc_enter,1989477987520,231975,232120
202607271059,e2e_trace_v3,1605,72209494146286540,0,perception.lidar_tracking,output_pub,1989478375904,231975,232120
202607271059,e2e_trace_v3,1618,72209494146286541,0,perception.lidar_tracking,proc_enter,1989570946688,231975,232116
202607271059,e2e_trace_v3,1619,72209494146286541,0,perception.lidar_tracking,output_pub,1989571127648,231975,232116
202607271059,e2e_trace_v3,1639,72209494146286542,0,perception.lidar_tracking,proc_enter,1989679804128,231975,232116
202607271059,e2e_trace_v3,1641,72209494146286542,0,perception.lidar_tracking,output_pub,1989680030560,231975,232116
202607271059,e2e_trace_v3,1650,72209494146286543,0,perception.lidar_tracking,proc_enter,1989766352416,231975,232110
202607271059,e2e_trace_v3,1651,72209494146286543,0,perception.lidar_tracking,output_pub,1989766600160,231975,232110
202607271059,e2e_trace_v3,1672,72209494146286544,0,perception.lidar_tracking,proc_enter,1989883472416,231975,232118
202607271059,e2e_trace_v3,1675,72209494146286544,0,perception.lidar_tracking,output_pub,1989883692320,231975,232118
202607271059,e2e_trace_v3,1691,72209494146286545,0,perception.lidar_tracking,proc_enter,1989984305408,231975,232120
202607271059,e2e_trace_v3,1692,72209494146286545,0,perception.lidar_tracking,output_pub,1989984686432,231975,232120
202607271059,e2e_trace_v3,1705,72209494146286546,0,perception.lidar_tracking,proc_enter,1990071403904,231975,232113
202607271059,e2e_trace_v3,1706,72209494146286546,0,perception.lidar_tracking,output_pub,1990071568512,231975,232113
202607271059,e2e_trace_v3,1718,72209494146286547,0,perception.lidar_tracking,proc_enter,1990169030752,231975,232113
202607271059,e2e_trace_v3,1719,72209494146286547,0,perception.lidar_tracking,output_pub,1990169235008,231975,232113
202607271059,e2e_trace_v3,1740,72209494146286548,0,perception.lidar_tracking,proc_enter,1990279998720,231975,232116
202607271059,e2e_trace_v3,1741,72209494146286548,0,perception.lidar_tracking,output_pub,1990280164256,231975,232116
202607271059,e2e_trace_v3,1759,72209494146286549,0,perception.lidar_tracking,proc_enter,1990382803488,231975,232115
202607271059,e2e_trace_v3,1760,72209494146286549,0,perception.lidar_tracking,output_pub,1990382933984,231975,232115
202607271059,e2e_trace_v3,1769,72209494146286550,0,perception.lidar_tracking,proc_enter,1990468010944,231975,232114
202607271059,e2e_trace_v3,1770,72209494146286550,0,perception.lidar_tracking,output_pub,1990468205856,231975,232114
202607271059,e2e_trace_v3,1791,72209494146286551,0,perception.lidar_tracking,proc_enter,1990575702784,231975,232117
202607271059,e2e_trace_v3,1792,72209494146286551,0,perception.lidar_tracking,output_pub,1990575903904,231975,232117
202607271059,e2e_trace_v3,1806,72209494146286552,0,perception.lidar_tracking,proc_enter,1990677253728,231975,232124
202607271059,e2e_trace_v3,1807,72209494146286552,0,perception.lidar_tracking,output_pub,1990677428352,231975,232124
202607271059,e2e_trace_v3,1827,72209494146286553,0,perception.lidar_tracking,proc_enter,1990790373376,231975,232110
202607271059,e2e_trace_v3,1828,72209494146286553,0,perception.lidar_tracking,output_pub,1990790724544,231975,232110
202607271059,e2e_trace_v3,1841,72209494146286554,0,perception.lidar_tracking,proc_enter,1990879601536,231975,232109
202607271059,e2e_trace_v3,1843,72209494146286554,0,perception.lidar_tracking,output_pub,1990879750464,231975,232109
202607271059,e2e_trace_v3,1859,72209494146286555,0,perception.lidar_tracking,proc_enter,1990976307872,231975,232113
202607271059,e2e_trace_v3,1860,72209494146286555,0,perception.lidar_tracking,output_pub,1990976405440,231975,232113
202607271059,e2e_trace_v3,1873,72209494146286556,0,perception.lidar_tracking,proc_enter,1991068476192,231975,232122
202607271059,e2e_trace_v3,1874,72209494146286556,0,perception.lidar_tracking,output_pub,1991068677376,231975,232122
202607271059,e2e_trace_v3,1888,72209494146286557,0,perception.lidar_tracking,proc_enter,1991171450944,231975,232124
202607271059,e2e_trace_v3,1893,72209494146286557,0,perception.lidar_tracking,output_pub,1991171659904,231975,232124
202607271059,e2e_trace_v3,1910,72209494146286558,0,perception.lidar_tracking,proc_enter,1991277237664,231975,232110
202607271059,e2e_trace_v3,1911,72209494146286558,0,perception.lidar_tracking,output_pub,1991277386560,231975,232110
202607271059,e2e_trace_v3,1927,72209494146286559,0,perception.lidar_tracking,proc_enter,1991377511968,231975,232111
202607271059,e2e_trace_v3,1928,72209494146286559,0,perception.lidar_tracking,output_pub,1991377643776,231975,232111
202607271059,e2e_trace_v3,1941,72209494146286560,0,perception.lidar_tracking,proc_enter,1991471466368,231975,232124
202607271059,e2e_trace_v3,1943,72209494146286560,0,perception.lidar_tracking,output_pub,1991471607392,231975,232124
202607271059,e2e_trace_v3,1960,72209494146286561,0,perception.lidar_tracking,proc_enter,1991570438784,231975,232109
202607271059,e2e_trace_v3,1961,72209494146286561,0,perception.lidar_tracking,output_pub,1991570531264,231975,232109
202607271059,e2e_trace_v3,1973,72209494146286562,0,perception.lidar_tracking,proc_enter,1991665699616,231975,232109
202607271059,e2e_trace_v3,1974,72209494146286562,0,perception.lidar_tracking,output_pub,1991665772192,231975,232109
202607271059,e2e_trace_v3,1992,72209494146286563,0,perception.lidar_tracking,proc_enter,1991771134816,231975,232112
202607271059,e2e_trace_v3,1993,72209494146286563,0,perception.lidar_tracking,output_pub,1991771316672,231975,232112
202607271059,e2e_trace_v3,2012,72209494146286564,0,perception.lidar_tracking,proc_enter,1991881410336,231975,232116
202607271059,e2e_trace_v3,2013,72209494146286564,0,perception.lidar_tracking,output_pub,1991881501088,231975,232116
202607271059,e2e_trace_v3,2029,72209494146286565,0,perception.lidar_tracking,proc_enter,1991979688800,231975,232112
202607271059,e2e_trace_v3,2030,72209494146286565,0,perception.lidar_tracking,output_pub,1991979763040,231975,232112
202607271059,e2e_trace_v3,2040,72209494146286566,0,perception.lidar_tracking,proc_enter,1992062737088,231975,232109
202607271059,e2e_trace_v3,2041,72209494146286566,0,perception.lidar_tracking,output_pub,1992062839296,231975,232109
202607271059,e2e_trace_v3,2057,72209494146286567,0,perception.lidar_tracking,proc_enter,1992176254720,231975,232120
202607271059,e2e_trace_v3,2060,72209494146286567,0,perception.lidar_tracking,output_pub,1992176405824,231975,232120
202607271059,e2e_trace_v3,2083,72209494146286568,0,perception.lidar_tracking,proc_enter,1992286894944,231975,232112
202607271059,e2e_trace_v3,2085,72209494146286568,0,perception.lidar_tracking,output_pub,1992287052672,231975,232112
202607271059,e2e_trace_v3,2092,72209494146286569,0,perception.lidar_tracking,proc_enter,1992369648160,231975,232124
202607271059,e2e_trace_v3,2093,72209494146286569,0,perception.lidar_tracking,output_pub,1992369736864,231975,232124
202607271059,e2e_trace_v3,2111,72209494146286570,0,perception.lidar_tracking,proc_enter,1992468200352,231975,232112
202607271059,e2e_trace_v3,2112,72209494146286570,0,perception.lidar_tracking,output_pub,1992468280128,231975,232112
202607271059,e2e_trace_v3,2128,72209494146286571,0,perception.lidar_tracking,proc_enter,1992566535168,231975,232122
202607271059,e2e_trace_v3,2129,72209494146286571,0,perception.lidar_tracking,output_pub,1992566670144,231975,232122
202607271059,e2e_trace_v3,2147,72209494146286572,0,perception.lidar_tracking,proc_enter,1992670336608,231975,232119
202607271059,e2e_trace_v3,2148,72209494146286572,0,perception.lidar_tracking,output_pub,1992670503296,231975,232119
202607271059,e2e_trace_v3,2165,72209494146286573,0,perception.lidar_tracking,proc_enter,1992775183296,231975,232124
202607271059,e2e_trace_v3,2166,72209494146286573,0,perception.lidar_tracking,output_pub,1992775292928,231975,232124
202607271059,e2e_trace_v3,2176,72209494146286574,0,perception.lidar_tracking,proc_enter,1992865296608,231975,232116
202607271059,e2e_trace_v3,2177,72209494146286574,0,perception.lidar_tracking,output_pub,1992865442048,231975,232116
202607271059,e2e_trace_v3,2198,72209494146286575,0,perception.lidar_tracking,proc_enter,1992985964864,231975,232120
202607271059,e2e_trace_v3,2201,72209494146286575,0,perception.lidar_tracking,output_pub,1992986115808,231975,232120
202607271059,e2e_trace_v3,2213,72209494146286576,0,perception.lidar_tracking,proc_enter,1993077818048,231975,232116
202607271059,e2e_trace_v3,2214,72209494146286576,0,perception.lidar_tracking,output_pub,1993077961504,231975,232116
202607271059,e2e_trace_v3,2230,72209494146286577,0,perception.lidar_tracking,proc_enter,1993175026848,231975,232115
202607271059,e2e_trace_v3,2231,72209494146286577,0,perception.lidar_tracking,output_pub,1993175254464,231975,232115
202607271059,e2e_trace_v3,2249,72209494146286578,0,perception.lidar_tracking,proc_enter,1993281289536,231975,232120
202607271059,e2e_trace_v3,2250,72209494146286578,0,perception.lidar_tracking,output_pub,1993281417440,231975,232120
202607271059,e2e_trace_v3,2258,72209494146286579,0,perception.lidar_tracking,proc_enter,1993363760064,231975,232123
202607271059,e2e_trace_v3,2259,72209494146286579,0,perception.lidar_tracking,output_pub,1993363880704,231975,232123
202607271059,e2e_trace_v3,2280,72209494146286580,0,perception.lidar_tracking,proc_enter,1993470642496,231975,232112
202607271059,e2e_trace_v3,2281,72209494146286580,0,perception.lidar_tracking,output_pub,1993470763264,231975,232112
202607271059,e2e_trace_v3,2294,72209494146286581,0,perception.lidar_tracking,proc_enter,1993578773280,231975,232113
202607271059,e2e_trace_v3,2296,72209494146286581,0,perception.lidar_tracking,output_pub,1993578923776,231975,232113
202607271059,e2e_trace_v3,2319,72209494146286582,0,perception.lidar_tracking,proc_enter,1993691723616,231975,232112
202607271059,e2e_trace_v3,2320,72209494146286582,0,perception.lidar_tracking,output_pub,1993691977216,231975,232112
202607271059,e2e_trace_v3,2332,72209494146286583,0,perception.lidar_tracking,proc_enter,1993774651840,231975,232121
202607271059,e2e_trace_v3,2333,72209494146286583,0,perception.lidar_tracking,output_pub,1993774785440,231975,232121
202607271059,e2e_trace_v3,2349,72209494146286584,0,perception.lidar_tracking,proc_enter,1993882089056,231975,232114
202607271059,e2e_trace_v3,2350,72209494146286584,0,perception.lidar_tracking,output_pub,1993882254368,231975,232114
202607271059,e2e_trace_v3,2366,72209494146286585,0,perception.lidar_tracking,proc_enter,1993976852000,231975,232109
202607271059,e2e_trace_v3,2367,72209494146286585,0,perception.lidar_tracking,output_pub,1993976988832,231975,232109
202607271059,e2e_trace_v3,2380,72209494146286586,0,perception.lidar_tracking,proc_enter,1994070903200,231975,232109
202607271059,e2e_trace_v3,2381,72209494146286586,0,perception.lidar_tracking,output_pub,1994071112256,231975,232109
202607271059,e2e_trace_v3,2394,72209494146286587,0,perception.lidar_tracking,proc_enter,1994187246304,231975,232117
202607271059,e2e_trace_v3,2395,72209494146286587,0,perception.lidar_tracking,output_pub,1994187388384,231975,232117
202607271059,e2e_trace_v3,2414,72209494146286588,0,perception.lidar_tracking,proc_enter,1994304371424,231975,232116
202607271059,e2e_trace_v3,2416,72209494146286588,0,perception.lidar_tracking,output_pub,1994304441600,231975,232116
202607271059,e2e_trace_v3,2433,72209494146286589,0,perception.lidar_tracking,proc_enter,1994387767616,231975,232112
202607271059,e2e_trace_v3,2434,72209494146286589,0,perception.lidar_tracking,output_pub,1994387876512,231975,232112
202607271059,e2e_trace_v3,2447,72209494146286590,0,perception.lidar_tracking,proc_enter,1994471026272,231975,232113
202607271059,e2e_trace_v3,2448,72209494146286590,0,perception.lidar_tracking,output_pub,1994471158208,231975,232113
202607271059,e2e_trace_v3,2461,72209494146286591,0,perception.lidar_tracking,proc_enter,1994563469824,231975,232112
202607271059,e2e_trace_v3,2462,72209494146286591,0,perception.lidar_tracking,output_pub,1994563609056,231975,232112
202607271059,e2e_trace_v3,2477,72209494146286592,0,perception.lidar_tracking,proc_enter,1994667108576,231975,232119
202607271059,e2e_trace_v3,2478,72209494146286592,0,perception.lidar_tracking,output_pub,1994667194048,231975,232119
202607271059,e2e_trace_v3,2497,72209494146286593,0,perception.lidar_tracking,proc_enter,1994773075392,231975,232123
202607271059,e2e_trace_v3,2500,72209494146286593,0,perception.lidar_tracking,output_pub,1994773275872,231975,232123
202607271059,e2e_trace_v3,2516,72209494146286594,0,perception.lidar_tracking,proc_enter,1994876555072,231975,232121
202607271059,e2e_trace_v3,2517,72209494146286594,0,perception.lidar_tracking,output_pub,1994876635232,231975,232121
202607271059,e2e_trace_v3,2533,72209494146286595,0,perception.lidar_tracking,proc_enter,1994983177856,231975,232110
202607271059,e2e_trace_v3,2534,72209494146286595,0,perception.lidar_tracking,output_pub,1994983312992,231975,232110
202607271059,e2e_trace_v3,2554,72209494146286596,0,perception.lidar_tracking,proc_enter,1995085891584,231975,232114
202607271059,e2e_trace_v3,2555,72209494146286596,0,perception.lidar_tracking,output_pub,1995086099808,231975,232114
202607271059,e2e_trace_v3,2565,72209494146286597,0,perception.lidar_tracking,proc_enter,1995172445920,231975,232115
202607271059,e2e_trace_v3,2566,72209494146286597,0,perception.lidar_tracking,output_pub,1995172567168,231975,232115
202607271059,e2e_trace_v3,2580,72209494146286598,0,perception.lidar_tracking,proc_enter,1995272419232,231975,232114
202607271059,e2e_trace_v3,2581,72209494146286598,0,perception.lidar_tracking,output_pub,1995272500480,231975,232114
202607271059,e2e_trace_v3,2601,72209494146286599,0,perception.lidar_tracking,proc_enter,1995378898432,231975,232119
202607271059,e2e_trace_v3,2602,72209494146286599,0,perception.lidar_tracking,output_pub,1995379091840,231975,232119
202607271059,e2e_trace_v3,2618,72209494146286600,0,perception.lidar_tracking,proc_enter,1995474793984,231975,232121
202607271059,e2e_trace_v3,2619,72209494146286600,0,perception.lidar_tracking,output_pub,1995474889024,231975,232121
202607271059,e2e_trace_v3,2632,72209494146286601,0,perception.lidar_tracking,proc_enter,1995567062944,231975,232121
202607271059,e2e_trace_v3,2633,72209494146286601,0,perception.lidar_tracking,output_pub,1995567165568,231975,232121
202607271059,e2e_trace_v3,2651,72209494146286602,0,perception.lidar_tracking,proc_enter,1995674066656,231975,232112
202607271059,e2e_trace_v3,2653,72209494146286602,0,perception.lidar_tracking,output_pub,1995674162624,231975,232112
202607271059,e2e_trace_v3,2669,72209494146286603,0,perception.lidar_tracking,proc_enter,1995775001248,231975,232111
202607271059,e2e_trace_v3,2670,72209494146286603,0,perception.lidar_tracking,output_pub,1995775143360,231975,232111
202607271059,e2e_trace_v3,2688,72209494146286604,0,perception.lidar_tracking,proc_enter,1995879422464,231975,232110
202607271059,e2e_trace_v3,2689,72209494146286604,0,perception.lidar_tracking,output_pub,1995879625184,231975,232110
202607271059,e2e_trace_v3,2697,72209494146286605,0,perception.lidar_tracking,proc_enter,1995965203744,231975,232116
202607271059,e2e_trace_v3,2698,72209494146286605,0,perception.lidar_tracking,output_pub,1995965390528,231975,232116
202607271059,e2e_trace_v3,2720,72209494146286606,0,perception.lidar_tracking,proc_enter,1996081506432,231975,232111
202607271059,e2e_trace_v3,2721,72209494146286606,0,perception.lidar_tracking,output_pub,1996081652992,231975,232111
202607271059,e2e_trace_v3,2737,72209494146286607,0,perception.lidar_tracking,proc_enter,1996180647168,231975,232110
202607271059,e2e_trace_v3,2738,72209494146286607,0,perception.lidar_tracking,output_pub,1996180756800,231975,232110
202607271059,e2e_trace_v3,2749,72209494146286608,0,perception.lidar_tracking,proc_enter,1996271952992,231975,232113
202607271059,e2e_trace_v3,2750,72209494146286608,0,perception.lidar_tracking,output_pub,1996272034560,231975,232113
202607271059,e2e_trace_v3,2768,72209494146286609,0,perception.lidar_tracking,proc_enter,1996369850944,231975,232114
202607271059,e2e_trace_v3,2772,72209494146286609,0,perception.lidar_tracking,output_pub,1996369950560,231975,232114
202607271059,e2e_trace_v3,2783,72209494146286610,0,perception.lidar_tracking,proc_enter,1996462928992,231975,232114
202607271059,e2e_trace_v3,2784,72209494146286610,0,perception.lidar_tracking,output_pub,1996463083744,231975,232114
202607271059,e2e_trace_v3,2800,72209494146286611,0,perception.lidar_tracking,proc_enter,1996562510880,231975,232122
202607271059,e2e_trace_v3,2801,72209494146286611,0,perception.lidar_tracking,output_pub,1996562720448,231975,232122
202607271059,e2e_trace_v3,2819,72209494146286612,0,perception.lidar_tracking,proc_enter,1996666203616,231975,232112
202607271059,e2e_trace_v3,2820,72209494146286612,0,perception.lidar_tracking,output_pub,1996666374464,231975,232112
202607271059,e2e_trace_v3,2834,72209494146286613,0,perception.lidar_tracking,proc_enter,1996764070304,231975,232119
202607271059,e2e_trace_v3,2835,72209494146286613,0,perception.lidar_tracking,output_pub,1996764259392,231975,232119
202607271059,e2e_trace_v3,2856,72209494146286614,0,perception.lidar_tracking,proc_enter,1996873418688,231975,232118
202607271059,e2e_trace_v3,2857,72209494146286614,0,perception.lidar_tracking,output_pub,1996873523008,231975,232118
202607271059,e2e_trace_v3,2868,72209494146286615,0,perception.lidar_tracking,proc_enter,1996965532576,231975,232115
202607271059,e2e_trace_v3,2869,72209494146286615,0,perception.lidar_tracking,output_pub,1996965633120,231975,232115
202607271059,e2e_trace_v3,2894,72209494146286616,0,perception.lidar_tracking,proc_enter,1997098934368,231975,232119
202607271059,e2e_trace_v3,2896,72209494146286616,0,perception.lidar_tracking,output_pub,1997099072288,231975,232119
202607271059,e2e_trace_v3,2911,72209494146286617,0,perception.lidar_tracking,proc_enter,1997189454336,231975,232112
202607271059,e2e_trace_v3,2912,72209494146286617,0,perception.lidar_tracking,output_pub,1997189584544,231975,232112
202607271059,e2e_trace_v3,2932,72209494146286618,0,perception.lidar_tracking,proc_enter,1997373921504,231975,232113
202607271059,e2e_trace_v3,2933,72209494146286618,0,perception.lidar_tracking,output_pub,1997374005184,231975,232113
202607271059,e2e_trace_v3,2954,72209494146286619,0,perception.lidar_tracking,proc_enter,1997561032992,231975,232118
202607271059,e2e_trace_v3,2955,72209494146286619,0,perception.lidar_tracking,output_pub,1997561202752,231975,232118
202607271059,e2e_trace_v3,2980,72209494146286621,0,perception.lidar_tracking,proc_enter,1997751744128,231975,232121
202607271059,e2e_trace_v3,2981,72209494146286621,0,perception.lidar_tracking,output_pub,1997751868608,231975,232121
202607271059,e2e_trace_v3,3006,72209494146286623,0,perception.lidar_tracking,proc_enter,1997949860256,231975,232110
202607271059,e2e_trace_v3,3007,72209494146286623,0,perception.lidar_tracking,output_pub,1997949934976,231975,232110
202607271059,e2e_trace_v3,3033,72209494146286625,0,perception.lidar_tracking,proc_enter,1998163417376,231975,232122
202607271059,e2e_trace_v3,3034,72209494146286625,0,perception.lidar_tracking,output_pub,1998163604160,231975,232122
202607271059,e2e_trace_v3,3063,72209494146286627,0,perception.lidar_tracking,proc_enter,1998367171712,231975,232124
202607271059,e2e_trace_v3,3064,72209494146286627,0,perception.lidar_tracking,output_pub,1998367332928,231975,232124
202607271059,e2e_trace_v3,3076,72209494146286629,0,perception.lidar_tracking,proc_enter,1998458208896,231975,232124
202607271059,e2e_trace_v3,3077,72209494146286629,0,perception.lidar_tracking,output_pub,1998458289376,231975,232124
202607271059,e2e_trace_v3,3093,72209494146286630,0,perception.lidar_tracking,proc_enter,1998556120352,231975,232117
202607271059,e2e_trace_v3,3094,72209494146286630,0,perception.lidar_tracking,output_pub,1998556380480,231975,232117
202607271059,e2e_trace_v3,3109,72209494146286631,0,perception.lidar_tracking,proc_enter,1998655401056,231975,232109
202607271059,e2e_trace_v3,3110,72209494146286631,0,perception.lidar_tracking,output_pub,1998655577088,231975,232109
202607271059,e2e_trace_v3,3126,72209494146286632,0,perception.lidar_tracking,proc_enter,1998745404032,231975,232118
202607271059,e2e_trace_v3,3127,72209494146286632,0,perception.lidar_tracking,output_pub,1998745554368,231975,232118
202607271059,e2e_trace_v3,3143,72209494146286633,0,perception.lidar_tracking,proc_enter,1998837360544,231975,232114
202607271059,e2e_trace_v3,3144,72209494146286633,0,perception.lidar_tracking,output_pub,1998837615136,231975,232114
202607271059,e2e_trace_v3,3160,72209494146286634,0,perception.lidar_tracking,proc_enter,1998927587808,231975,232111
202607271059,e2e_trace_v3,3161,72209494146286634,0,perception.lidar_tracking,output_pub,1998927754912,231975,232111
202607271059,e2e_trace_v3,3177,72209494146286635,0,perception.lidar_tracking,proc_enter,1999017778944,231975,232110
202607271059,e2e_trace_v3,3178,72209494146286635,0,perception.lidar_tracking,output_pub,1999017943744,231975,232110
202607271059,e2e_trace_v3,3194,72209494146286636,0,perception.lidar_tracking,proc_enter,1999106089088,231975,232112
202607271059,e2e_trace_v3,3195,72209494146286636,0,perception.lidar_tracking,output_pub,1999106239584,231975,232112
202607271059,e2e_trace_v3,3211,72209494146286637,0,perception.lidar_tracking,proc_enter,1999210054496,231975,232115
202607271059,e2e_trace_v3,3212,72209494146286637,0,perception.lidar_tracking,output_pub,1999210222368,231975,232115
202607271059,e2e_trace_v3,3228,72209494146286638,0,perception.lidar_tracking,proc_enter,1999302551072,231975,232116
202607271059,e2e_trace_v3,3229,72209494146286638,0,perception.lidar_tracking,output_pub,1999302736448,231975,232116
202607271059,e2e_trace_v3,3242,72209494146286639,0,perception.lidar_tracking,proc_enter,1999389518176,231975,232120
202607271059,e2e_trace_v3,3243,72209494146286639,0,perception.lidar_tracking,output_pub,1999389687936,231975,232120
202607271059,e2e_trace_v3,3262,72209494146286640,0,perception.lidar_tracking,proc_enter,1999492865152,231975,232111
202607271059,e2e_trace_v3,3263,72209494146286640,0,perception.lidar_tracking,output_pub,1999492975392,231975,232111
202607271059,e2e_trace_v3,3277,72209494146286641,0,perception.lidar_tracking,proc_enter,1999583445216,231975,232118
202607271059,e2e_trace_v3,3278,72209494146286641,0,perception.lidar_tracking,output_pub,1999583538880,231975,232118
202607271059,e2e_trace_v3,3291,72209494146286642,0,perception.lidar_tracking,proc_enter,1999671402336,231975,232118
202607271059,e2e_trace_v3,3292,72209494146286642,0,perception.lidar_tracking,output_pub,1999671491136,231975,232118
202607271059,e2e_trace_v3,3308,72209494146286643,0,perception.lidar_tracking,proc_enter,1999767928640,231975,232114
202607271059,e2e_trace_v3,3309,72209494146286643,0,perception.lidar_tracking,output_pub,1999768056000,231975,232114
202607271059,e2e_trace_v3,3330,72209494146286644,0,perception.lidar_tracking,proc_enter,1999885312064,231975,232122
202607271059,e2e_trace_v3,3331,72209494146286644,0,perception.lidar_tracking,output_pub,1999885454432,231975,232122
202607271059,e2e_trace_v3,3343,72209494146286645,0,perception.lidar_tracking,proc_enter,1999974557280,231975,232114
202607271059,e2e_trace_v3,3344,72209494146286645,0,perception.lidar_tracking,output_pub,1999974719584,231975,232114
202607271059,e2e_trace_v3,3360,72209494146286646,0,perception.lidar_tracking,proc_enter,2000076310272,231975,232121
202607271059,e2e_trace_v3,3364,72209494146286646,0,perception.lidar_tracking,output_pub,2000076480544,231975,232121
202607271059,e2e_trace_v3,3376,72209494146286647,0,perception.lidar_tracking,proc_enter,2000170195776,231975,232109
202607271059,e2e_trace_v3,3377,72209494146286647,0,perception.lidar_tracking,output_pub,2000170292832,231975,232109
202607271059,e2e_trace_v3,3396,72209494146286648,0,perception.lidar_tracking,proc_enter,2000282897824,231975,232117
202607271059,e2e_trace_v3,3397,72209494146286648,0,perception.lidar_tracking,output_pub,2000283086976,231975,232117
202607271059,e2e_trace_v3,3408,72209494146286649,0,perception.lidar_tracking,proc_enter,2000370410400,231975,232110
202607271059,e2e_trace_v3,3409,72209494146286649,0,perception.lidar_tracking,output_pub,2000370687264,231975,232110
202607271059,e2e_trace_v3,3428,72209494146286650,0,perception.lidar_tracking,proc_enter,2000474828288,231975,232113
202607271059,e2e_trace_v3,3429,72209494146286650,0,perception.lidar_tracking,output_pub,2000474980192,231975,232113
202607271059,e2e_trace_v3,3444,72209494146286651,0,perception.lidar_tracking,proc_enter,2000569603904,231975,232113
202607271059,e2e_trace_v3,3445,72209494146286651,0,perception.lidar_tracking,output_pub,2000569900640,231975,232113
202607271059,e2e_trace_v3,3462,72209494146286652,0,perception.lidar_tracking,proc_enter,2000673549984,231975,232117
202607271059,e2e_trace_v3,3463,72209494146286652,0,perception.lidar_tracking,output_pub,2000673848000,231975,232117
202607271059,e2e_trace_v3,3479,72209494146286653,0,perception.lidar_tracking,proc_enter,2000778668160,231975,232112
202607271059,e2e_trace_v3,3480,72209494146286653,0,perception.lidar_tracking,output_pub,2000778880384,231975,232112
202607271059,e2e_trace_v3,3498,72209494146286654,0,perception.lidar_tracking,proc_enter,2000881396736,231975,232124
202607271059,e2e_trace_v3,3499,72209494146286654,0,perception.lidar_tracking,output_pub,2000881559136,231975,232124
202607271059,e2e_trace_v3,3510,72209494146286655,0,perception.lidar_tracking,proc_enter,2000967510048,231975,232109
202607271059,e2e_trace_v3,3511,72209494146286655,0,perception.lidar_tracking,output_pub,2000967616032,231975,232109
202607271059,e2e_trace_v3,3529,72209494146286656,0,perception.lidar_tracking,proc_enter,2001069078528,231975,232110
202607271059,e2e_trace_v3,3530,72209494146286656,0,perception.lidar_tracking,output_pub,2001069237632,231975,232110
202607271059,e2e_trace_v3,3547,72209494146286657,0,perception.lidar_tracking,proc_enter,2001172812128,231975,232116
202607271059,e2e_trace_v3,3548,72209494146286657,0,perception.lidar_tracking,output_pub,2001172909344,231975,232116
202607271059,e2e_trace_v3,3568,72209494146286658,0,perception.lidar_tracking,proc_enter,2001287527904,231975,232121
202607271059,e2e_trace_v3,3569,72209494146286658,0,perception.lidar_tracking,output_pub,2001287707744,231975,232121
202607271059,e2e_trace_v3,3579,72209494146286659,0,perception.lidar_tracking,proc_enter,2001374037376,231975,232120
202607271059,e2e_trace_v3,3580,72209494146286659,0,perception.lidar_tracking,output_pub,2001374181728,231975,232120
202607271059,e2e_trace_v3,3602,72209494146286660,0,perception.lidar_tracking,proc_enter,2001494664864,231975,232115
202607271059,e2e_trace_v3,3603,72209494146286660,0,perception.lidar_tracking,output_pub,2001494751616,231975,232115
202607271059,e2e_trace_v3,3617,72209494146286661,0,perception.lidar_tracking,proc_enter,2001580551872,231975,232117
202607271059,e2e_trace_v3,3618,72209494146286661,0,perception.lidar_tracking,output_pub,2001580639232,231975,232117
202607271059,e2e_trace_v3,3631,72209494146286662,0,perception.lidar_tracking,proc_enter,2001665630208,231975,232117
202607271059,e2e_trace_v3,3632,72209494146286662,0,perception.lidar_tracking,output_pub,2001665812128,231975,232117
202607271059,e2e_trace_v3,3646,72209494146286663,0,perception.lidar_tracking,proc_enter,2001764698400,231975,232119
202607271059,e2e_trace_v3,3647,72209494146286663,0,perception.lidar_tracking,output_pub,2001764858592,231975,232119
202607271059,e2e_trace_v3,3660,72209494146286664,0,perception.lidar_tracking,proc_enter,2001875002432,231975,232119
202607271059,e2e_trace_v3,3661,72209494146286664,0,perception.lidar_tracking,output_pub,2001875190784,231975,232119
202607271059,e2e_trace_v3,3684,72209494146286665,0,perception.lidar_tracking,proc_enter,2002003084160,231975,232114
202607271059,e2e_trace_v3,3685,72209494146286665,0,perception.lidar_tracking,output_pub,2002003170048,231975,232114
202607271059,e2e_trace_v3,3701,72209494146286666,0,perception.lidar_tracking,proc_enter,2002089231264,231975,232112
202607271059,e2e_trace_v3,3702,72209494146286666,0,perception.lidar_tracking,output_pub,2002089361344,231975,232112
202607271059,e2e_trace_v3,3714,72209494146286667,0,perception.lidar_tracking,proc_enter,2002177588096,231975,232123
202607271059,e2e_trace_v3,3715,72209494146286667,0,perception.lidar_tracking,output_pub,2002177724128,231975,232123
202607271059,e2e_trace_v3,3731,72209494146286668,0,perception.lidar_tracking,proc_enter,2002281209568,231975,232121
202607271059,e2e_trace_v3,3732,72209494146286668,0,perception.lidar_tracking,output_pub,2002281379808,231975,232121
202607271059,e2e_trace_v3,3747,72209494146286669,0,perception.lidar_tracking,proc_enter,2002371853664,231975,232109
202607271059,e2e_trace_v3,3748,72209494146286669,0,perception.lidar_tracking,output_pub,2002371973344,231975,232109
202607271059,e2e_trace_v3,3767,72209494146286670,0,perception.lidar_tracking,proc_enter,2002478350976,231975,232119
202607271059,e2e_trace_v3,3768,72209494146286670,0,perception.lidar_tracking,output_pub,2002478428736,231975,232119
202607271059,e2e_trace_v3,3779,72209494146286671,0,perception.lidar_tracking,proc_enter,2002565427712,231975,232115
202607271059,e2e_trace_v3,3780,72209494146286671,0,perception.lidar_tracking,output_pub,2002565509760,231975,232115
202607271059,e2e_trace_v3,3796,72209494146286672,0,perception.lidar_tracking,proc_enter,2002663300128,231975,232109
202607271059,e2e_trace_v3,3797,72209494146286672,0,perception.lidar_tracking,output_pub,2002663441088,231975,232109
202607271059,e2e_trace_v3,3816,72209494146286673,0,perception.lidar_tracking,proc_enter,2002776979456,231975,232112
202607271059,e2e_trace_v3,3817,72209494146286673,0,perception.lidar_tracking,output_pub,2002777119104,231975,232112
202607271059,e2e_trace_v3,3833,72209494146286674,0,perception.lidar_tracking,proc_enter,2002878353792,231975,232115
202607271059,e2e_trace_v3,3834,72209494146286674,0,perception.lidar_tracking,output_pub,2002878417504,231975,232115
202607271059,e2e_trace_v3,3847,72209494146286675,0,perception.lidar_tracking,proc_enter,2002967087680,231975,232113
202607271059,e2e_trace_v3,3848,72209494146286675,0,perception.lidar_tracking,output_pub,2002967203072,231975,232113
202607271059,e2e_trace_v3,3867,72209494146286676,0,perception.lidar_tracking,proc_enter,2003078345312,231975,232112
202607271059,e2e_trace_v3,3868,72209494146286676,0,perception.lidar_tracking,output_pub,2003078499072,231975,232112
202607271059,e2e_trace_v3,3883,72209494146286677,0,perception.lidar_tracking,proc_enter,2003165103328,231975,232116
202607271059,e2e_trace_v3,3884,72209494146286677,0,perception.lidar_tracking,output_pub,2003165217248,231975,232116
202607271059,e2e_trace_v3,3901,72209494146286678,0,perception.lidar_tracking,proc_enter,2003276200032,231975,232111
202607271059,e2e_trace_v3,3902,72209494146286678,0,perception.lidar_tracking,output_pub,2003276306080,231975,232111
202607271059,e2e_trace_v3,3920,72209494146286679,0,perception.lidar_tracking,proc_enter,2003386579520,231975,232115
202607271059,e2e_trace_v3,3923,72209494146286679,0,perception.lidar_tracking,output_pub,2003386737920,231975,232115
202607271059,e2e_trace_v3,3937,72209494146286680,0,perception.lidar_tracking,proc_enter,2003478244416,231975,232111
202607271059,e2e_trace_v3,3938,72209494146286680,0,perception.lidar_tracking,output_pub,2003478347040,231975,232111
202607271059,e2e_trace_v3,3951,72209494146286681,0,perception.lidar_tracking,proc_enter,2003569888928,231975,232111
202607271059,e2e_trace_v3,3952,72209494146286681,0,perception.lidar_tracking,output_pub,2003569970112,231975,232111
202607271059,e2e_trace_v3,3966,72209494146286682,0,perception.lidar_tracking,proc_enter,2003666465984,231975,232120
202607271059,e2e_trace_v3,3967,72209494146286682,0,perception.lidar_tracking,output_pub,2003666822912,231975,232120
202607271059,e2e_trace_v3,3985,72209494146286683,0,perception.lidar_tracking,proc_enter,2003771709728,231975,232118
202607271059,e2e_trace_v3,3987,72209494146286683,0,perception.lidar_tracking,output_pub,2003771847360,231975,232118
202607271059,e2e_trace_v3,4002,72209494146286684,0,perception.lidar_tracking,proc_enter,2003869403648,231975,232111
202607271059,e2e_trace_v3,4003,72209494146286684,0,perception.lidar_tracking,output_pub,2003869570848,231975,232111
202607271059,e2e_trace_v3,4020,72209494146286685,0,perception.lidar_tracking,proc_enter,2003983777824,231975,232115
202607271059,e2e_trace_v3,4022,72209494146286685,0,perception.lidar_tracking,output_pub,2003983990912,231975,232115
202607271059,e2e_trace_v3,4036,72209494146286686,0,perception.lidar_tracking,proc_enter,2004079928928,231975,232123
202607271059,e2e_trace_v3,4037,72209494146286686,0,perception.lidar_tracking,output_pub,2004080061888,231975,232123
202607271059,e2e_trace_v3,4055,72209494146286687,0,perception.lidar_tracking,proc_enter,2004181000096,231975,232119
202607271059,e2e_trace_v3,4056,72209494146286687,0,perception.lidar_tracking,output_pub,2004181157696,231975,232119
202607271059,e2e_trace_v3,4069,72209494146286688,0,perception.lidar_tracking,proc_enter,2004265477536,231975,232119
202607271059,e2e_trace_v3,4070,72209494146286688,0,perception.lidar_tracking,output_pub,2004265562240,231975,232119
202607271059,e2e_trace_v3,4086,72209494146286689,0,perception.lidar_tracking,proc_enter,2004369565568,231975,232124
202607271059,e2e_trace_v3,4087,72209494146286689,0,perception.lidar_tracking,output_pub,2004369688352,231975,232124
202607271059,e2e_trace_v3,4108,72209494146286690,0,perception.lidar_tracking,proc_enter,2004486063104,231975,232116
202607271059,e2e_trace_v3,4109,72209494146286690,0,perception.lidar_tracking,output_pub,2004486200032,231975,232116
202607271059,e2e_trace_v3,4123,72209494146286691,0,perception.lidar_tracking,proc_enter,2004579109504,231975,232115
202607271059,e2e_trace_v3,4124,72209494146286691,0,perception.lidar_tracking,output_pub,2004579197312,231975,232115
202607271059,e2e_trace_v3,4137,72209494146286692,0,perception.lidar_tracking,proc_enter,2004662535744,231975,232109
202607271059,e2e_trace_v3,4138,72209494146286692,0,perception.lidar_tracking,output_pub,2004662649888,231975,232109
202607271059,e2e_trace_v3,4154,72209494146286693,0,perception.lidar_tracking,proc_enter,2004761990496,231975,232122
202607271059,e2e_trace_v3,4155,72209494146286693,0,perception.lidar_tracking,output_pub,2004762163776,231975,232122
202607271059,e2e_trace_v3,4167,72209494146286694,0,perception.lidar_tracking,proc_enter,2004859090688,231975,232117
202607271059,e2e_trace_v3,4168,72209494146286694,0,perception.lidar_tracking,output_pub,2004859235936,231975,232117
202607271059,e2e_trace_v3,4193,72209494146286695,0,perception.lidar_tracking,proc_enter,2004992292768,231975,232111
202607271059,e2e_trace_v3,4194,72209494146286695,0,perception.lidar_tracking,output_pub,2004992462240,231975,232111
202607271059,e2e_trace_v3,4208,72209494146286696,0,perception.lidar_tracking,proc_enter,2005080213824,231975,232116
202607271059,e2e_trace_v3,4209,72209494146286696,0,perception.lidar_tracking,output_pub,2005080359840,231975,232116
202607271059,e2e_trace_v3,4220,72209494146286697,0,perception.lidar_tracking,proc_enter,2005163939968,231975,232119
202607271059,e2e_trace_v3,4221,72209494146286697,0,perception.lidar_tracking,output_pub,2005164107968,231975,232119
202607271059,e2e_trace_v3,4240,72209494146286698,0,perception.lidar_tracking,proc_enter,2005274607488,231975,232121
202607271059,e2e_trace_v3,4241,72209494146286698,0,perception.lidar_tracking,output_pub,2005274695584,231975,232121
202607271059,e2e_trace_v3,4257,72209494146286699,0,perception.lidar_tracking,proc_enter,2005379481056,231975,232123
202607271059,e2e_trace_v3,4258,72209494146286699,0,perception.lidar_tracking,output_pub,2005379635968,231975,232123
202607271059,e2e_trace_v3,4274,72209494146286700,0,perception.lidar_tracking,proc_enter,2005471464736,231975,232122
202607271059,e2e_trace_v3,4275,72209494146286700,0,perception.lidar_tracking,output_pub,2005471574208,231975,232122
202607271059,e2e_trace_v3,4293,72209494146286701,0,perception.lidar_tracking,proc_enter,2005577794656,231975,232110
202607271059,e2e_trace_v3,4294,72209494146286701,0,perception.lidar_tracking,output_pub,2005577923872,231975,232110
202607271059,e2e_trace_v3,4307,72209494146286702,0,perception.lidar_tracking,proc_enter,2005664846720,231975,232124
202607271059,e2e_trace_v3,4308,72209494146286702,0,perception.lidar_tracking,output_pub,2005664934176,231975,232124
202607271059,e2e_trace_v3,4322,72209494146286703,0,perception.lidar_tracking,proc_enter,2005761497120,231975,232120
202607271059,e2e_trace_v3,4323,72209494146286703,0,perception.lidar_tracking,output_pub,2005761585088,231975,232120
202607271059,e2e_trace_v3,4336,72209494146286704,0,perception.lidar_tracking,proc_enter,2005867732480,231975,232120
202607271059,e2e_trace_v3,4337,72209494146286704,0,perception.lidar_tracking,output_pub,2005867895072,231975,232120
202607271059,e2e_trace_v3,4358,72209494146286705,0,perception.lidar_tracking,proc_enter,2005987031488,231975,232117
202607271059,e2e_trace_v3,4359,72209494146286705,0,perception.lidar_tracking,output_pub,2005987238208,231975,232117
202607271059,e2e_trace_v3,4373,72209494146286706,0,perception.lidar_tracking,proc_enter,2006074038592,231975,232120
202607271059,e2e_trace_v3,4374,72209494146286706,0,perception.lidar_tracking,output_pub,2006074171200,231975,232120
202607271059,e2e_trace_v3,4390,72209494146286707,0,perception.lidar_tracking,proc_enter,2006174109984,231975,232118
202607271059,e2e_trace_v3,4391,72209494146286707,0,perception.lidar_tracking,output_pub,2006174263904,231975,232118
202607271059,e2e_trace_v3,4409,72209494146286708,0,perception.lidar_tracking,proc_enter,2006281383616,231975,232120
202607271059,e2e_trace_v3,4410,72209494146286708,0,perception.lidar_tracking,output_pub,2006281501760,231975,232120
202607271059,e2e_trace_v3,4423,72209494146286709,0,perception.lidar_tracking,proc_enter,2006367452448,231975,232123
202607271059,e2e_trace_v3,4424,72209494146286709,0,perception.lidar_tracking,output_pub,2006367717632,231975,232123
202607271059,e2e_trace_v3,4439,72209494146286710,0,perception.lidar_tracking,proc_enter,2006462096608,231975,232120
202607271059,e2e_trace_v3,4441,72209494146286710,0,perception.lidar_tracking,output_pub,2006462185440,231975,232120
202607271059,e2e_trace_v3,4457,72209494146286711,0,perception.lidar_tracking,proc_enter,2006568591168,231975,232117
202607271059,e2e_trace_v3,4458,72209494146286711,0,perception.lidar_tracking,output_pub,2006568709568,231975,232117
202607271059,e2e_trace_v3,4472,72209494146286712,0,perception.lidar_tracking,proc_enter,2006661225216,231975,232109
202607271059,e2e_trace_v3,4473,72209494146286712,0,perception.lidar_tracking,output_pub,2006661308192,231975,232109
202607271059,e2e_trace_v3,4489,72209494146286713,0,perception.lidar_tracking,proc_enter,2006759196288,231975,232124
202607271059,e2e_trace_v3,4490,72209494146286713,0,perception.lidar_tracking,output_pub,2006759347296,231975,232124
202607271059,e2e_trace_v3,4509,72209494146286714,0,perception.lidar_tracking,proc_enter,2006871751104,231975,232120
202607271059,e2e_trace_v3,4510,72209494146286714,0,perception.lidar_tracking,output_pub,2006871846752,231975,232120
202607271059,e2e_trace_v3,4525,72209494146286715,0,perception.lidar_tracking,proc_enter,2006969404800,231975,232117
202607271059,e2e_trace_v3,4526,72209494146286715,0,perception.lidar_tracking,output_pub,2006969570016,231975,232117
202607271059,e2e_trace_v3,4542,72209494146286716,0,perception.lidar_tracking,proc_enter,2007068296768,231975,232124
202607271059,e2e_trace_v3,4543,72209494146286716,0,perception.lidar_tracking,output_pub,2007068452128,231975,232124
202607271059,e2e_trace_v3,4559,72209494146286717,0,perception.lidar_tracking,proc_enter,2007169034880,231975,232120
202607271059,e2e_trace_v3,4560,72209494146286717,0,perception.lidar_tracking,output_pub,2007169197856,231975,232120
202607271059,e2e_trace_v3,4579,72209494146286718,0,perception.lidar_tracking,proc_enter,2007279497312,231975,232109
202607271059,e2e_trace_v3,4580,72209494146286718,0,perception.lidar_tracking,output_pub,2007279584320,231975,232109
202607271059,e2e_trace_v3,4591,72209494146286719,0,perception.lidar_tracking,proc_enter,2007366781152,231975,232111
202607271059,e2e_trace_v3,4592,72209494146286719,0,perception.lidar_tracking,output_pub,2007366886880,231975,232111
202607271059,e2e_trace_v3,4611,72209494146286720,0,perception.lidar_tracking,proc_enter,2007474205728,231975,232124
202607271059,e2e_trace_v3,4612,72209494146286720,0,perception.lidar_tracking,output_pub,2007474421888,231975,232124
202607271059,e2e_trace_v3,4630,72209494146286721,0,perception.lidar_tracking,proc_enter,2007579792832,231975,232119
202607271059,e2e_trace_v3,4631,72209494146286721,0,perception.lidar_tracking,output_pub,2007579909376,231975,232119
202607271059,e2e_trace_v3,4647,72209494146286722,0,perception.lidar_tracking,proc_enter,2007675048096,231975,232112
202607271059,e2e_trace_v3,4648,72209494146286722,0,perception.lidar_tracking,output_pub,2007675149408,231975,232112
202607271059,e2e_trace_v3,4657,72209494146286723,0,perception.lidar_tracking,proc_enter,2007760466912,231975,232116
202607271059,e2e_trace_v3,4658,72209494146286723,0,perception.lidar_tracking,output_pub,2007760610944,231975,232116
202607271059,e2e_trace_v3,4678,72209494146286724,0,perception.lidar_tracking,proc_enter,2007868513920,231975,232119
202607271059,e2e_trace_v3,4679,72209494146286724,0,perception.lidar_tracking,output_pub,2007868838976,231975,232119
202607271059,e2e_trace_v3,4698,72209494146286725,0,perception.lidar_tracking,proc_enter,2007978888704,231975,232122
202607271059,e2e_trace_v3,4699,72209494146286725,0,perception.lidar_tracking,output_pub,2007978992128,231975,232122
202607271059,e2e_trace_v3,4712,72209494146286726,0,perception.lidar_tracking,proc_enter,2008067752480,231975,232121
202607271059,e2e_trace_v3,4713,72209494146286726,0,perception.lidar_tracking,output_pub,2008067839936,231975,232121
202607271059,e2e_trace_v3,4729,72209494146286727,0,perception.lidar_tracking,proc_enter,2008169253088,231975,232110
202607271059,e2e_trace_v3,4730,72209494146286727,0,perception.lidar_tracking,output_pub,2008169400320,231975,232110
202607271059,e2e_trace_v3,4746,72209494146286728,0,perception.lidar_tracking,proc_enter,2008269585696,231975,232113
202607271059,e2e_trace_v3,4748,72209494146286728,0,perception.lidar_tracking,output_pub,2008269742592,231975,232113
202607271059,e2e_trace_v3,4768,72209494146286729,0,perception.lidar_tracking,proc_enter,2008383776320,231975,232110
202607271059,e2e_trace_v3,4769,72209494146286729,0,perception.lidar_tracking,output_pub,2008383916064,231975,232110
202607271059,e2e_trace_v3,4781,72209494146286730,0,perception.lidar_tracking,proc_enter,2008482591712,231975,232124
202607271059,e2e_trace_v3,4784,72209494146286730,0,perception.lidar_tracking,output_pub,2008482822304,231975,232124
202607271059,e2e_trace_v3,4802,72209494146286731,0,perception.lidar_tracking,proc_enter,2008591088192,231975,232115
202607271059,e2e_trace_v3,4803,72209494146286731,0,perception.lidar_tracking,output_pub,2008591186560,231975,232115
202607271059,e2e_trace_v3,4817,72209494146286732,0,perception.lidar_tracking,proc_enter,2008678713120,231975,232118
202607271059,e2e_trace_v3,4818,72209494146286732,0,perception.lidar_tracking,output_pub,2008678849472,231975,232118
202607271059,e2e_trace_v3,4831,72209494146286733,0,perception.lidar_tracking,proc_enter,2008765488064,231975,232115
202607271059,e2e_trace_v3,4832,72209494146286733,0,perception.lidar_tracking,output_pub,2008765605248,231975,232115
202607271059,e2e_trace_v3,4848,72209494146286734,0,perception.lidar_tracking,proc_enter,2008864962592,231975,232124
202607271059,e2e_trace_v3,4849,72209494146286734,0,perception.lidar_tracking,output_pub,2008865257568,231975,232124
202607271059,e2e_trace_v3,4863,72209494146286735,0,perception.lidar_tracking,proc_enter,2008968146688,231975,232123
202607271059,e2e_trace_v3,4865,72209494146286735,0,perception.lidar_tracking,output_pub,2008968429888,231975,232123
202607271059,e2e_trace_v3,4883,72209494146286736,0,perception.lidar_tracking,proc_enter,2009073631424,231975,232122
202607271059,e2e_trace_v3,4884,72209494146286736,0,perception.lidar_tracking,output_pub,2009073797472,231975,232122
202607271059,e2e_trace_v3,4900,72209494146286737,0,perception.lidar_tracking,proc_enter,2009180910304,231975,232117
202607271059,e2e_trace_v3,4901,72209494146286737,0,perception.lidar_tracking,output_pub,2009181002784,231975,232117
202607271059,e2e_trace_v3,4920,72209494146286738,0,perception.lidar_tracking,proc_enter,2009282930528,231975,232118
202607271059,e2e_trace_v3,4921,72209494146286738,0,perception.lidar_tracking,output_pub,2009283049472,231975,232118
202607271059,e2e_trace_v3,4934,72209494146286739,0,perception.lidar_tracking,proc_enter,2009372317472,231975,232118
202607271059,e2e_trace_v3,4935,72209494146286739,0,perception.lidar_tracking,output_pub,2009372443296,231975,232118
202607271059,e2e_trace_v3,4953,72209494146286740,0,perception.lidar_tracking,proc_enter,2009486970176,231975,232114
202607271059,e2e_trace_v3,4954,72209494146286740,0,perception.lidar_tracking,output_pub,2009487103328,231975,232114
202607271059,e2e_trace_v3,4969,72209494146286741,0,perception.lidar_tracking,proc_enter,2009580817056,231975,232113
202607271059,e2e_trace_v3,4970,72209494146286741,0,perception.lidar_tracking,output_pub,2009580943520,231975,232113
202607271059,e2e_trace_v3,4986,72209494146286742,0,perception.lidar_tracking,proc_enter,2009675190048,231975,232112
202607271059,e2e_trace_v3,4987,72209494146286742,0,perception.lidar_tracking,output_pub,2009675272192,231975,232112
202607271059,e2e_trace_v3,4996,72209494146286743,0,perception.lidar_tracking,proc_enter,2009762265472,231975,232116
202607271059,e2e_trace_v3,4997,72209494146286743,0,perception.lidar_tracking,output_pub,2009762337568,231975,232116
202607271059,e2e_trace_v3,5018,72209494146286744,0,perception.lidar_tracking,proc_enter,2009873240288,231975,232113
202607271059,e2e_trace_v3,5019,72209494146286744,0,perception.lidar_tracking,output_pub,2009873327520,231975,232113
202607271059,e2e_trace_v3,5035,72209494146286745,0,perception.lidar_tracking,proc_enter,2009982429184,231975,232117
202607271059,e2e_trace_v3,5036,72209494146286745,0,perception.lidar_tracking,output_pub,2009982592800,231975,232117
202607271059,e2e_trace_v3,5054,72209494146286746,0,perception.lidar_tracking,proc_enter,2010076103168,231975,232123
202607271059,e2e_trace_v3,5055,72209494146286746,0,perception.lidar_tracking,output_pub,2010076183904,231975,232123
202607271059,e2e_trace_v3,5068,72209494146286747,0,perception.lidar_tracking,proc_enter,2010169849376,231975,232113
202607271059,e2e_trace_v3,5069,72209494146286747,0,perception.lidar_tracking,output_pub,2010169953024,231975,232113
202607271059,e2e_trace_v3,5083,72209494146286748,0,perception.lidar_tracking,proc_enter,2010270881376,231975,232111
202607271059,e2e_trace_v3,5088,72209494146286748,0,perception.lidar_tracking,output_pub,2010271115488,231975,232111
202607271059,e2e_trace_v3,5103,72209494146286749,0,perception.lidar_tracking,proc_enter,2010380367040,231975,232117
202607271059,e2e_trace_v3,5104,72209494146286749,0,perception.lidar_tracking,output_pub,2010380494272,231975,232117
202607271059,e2e_trace_v3,5124,72209494146286750,0,perception.lidar_tracking,proc_enter,2010495695168,231975,232119
202607271059,e2e_trace_v3,5125,72209494146286750,0,perception.lidar_tracking,output_pub,2010495821408,231975,232119
202607271059,e2e_trace_v3,5141,72209494146286751,0,perception.lidar_tracking,proc_enter,2010589436736,231975,232113
202607271059,e2e_trace_v3,5142,72209494146286751,0,perception.lidar_tracking,output_pub,2010589592864,231975,232113
202607271059,e2e_trace_v3,5154,72209494146286752,0,perception.lidar_tracking,proc_enter,2010677619200,231975,232121
202607271059,e2e_trace_v3,5155,72209494146286752,0,perception.lidar_tracking,output_pub,2010677766208,231975,232121
202607271059,e2e_trace_v3,5171,72209494146286753,0,perception.lidar_tracking,proc_enter,2010774844896,231975,232120
202607271059,e2e_trace_v3,5172,72209494146286753,0,perception.lidar_tracking,output_pub,2010774964544,231975,232120
202607271059,e2e_trace_v3,5192,72209494146286754,0,perception.lidar_tracking,proc_enter,2010886018016,231975,232117
202607271059,e2e_trace_v3,5193,72209494146286754,0,perception.lidar_tracking,output_pub,2010886154368,231975,232117
202607271059,e2e_trace_v3,5205,72209494146286755,0,perception.lidar_tracking,proc_enter,2010978664640,231975,232114
202607271059,e2e_trace_v3,5206,72209494146286755,0,perception.lidar_tracking,output_pub,2010978777888,231975,232114
202607271059,e2e_trace_v3,5226,72209494146286756,0,perception.lidar_tracking,proc_enter,2011091683456,231975,232116
202607271059,e2e_trace_v3,5227,72209494146286756,0,perception.lidar_tracking,output_pub,2011091785760,231975,232116
202607271059,e2e_trace_v3,5241,72209494146286757,0,perception.lidar_tracking,proc_enter,2011182740864,231975,232112
202607271059,e2e_trace_v3,5244,72209494146286757,0,perception.lidar_tracking,output_pub,2011182969728,231975,232112
202607271059,e2e_trace_v3,5256,72209494146286758,0,perception.lidar_tracking,proc_enter,2011275209664,231975,232111
202607271059,e2e_trace_v3,5257,72209494146286758,0,perception.lidar_tracking,output_pub,2011275327456,231975,232111
202607271059,e2e_trace_v3,5273,72209494146286759,0,perception.lidar_tracking,proc_enter,2011376378400,231975,232122
202607271059,e2e_trace_v3,5274,72209494146286759,0,perception.lidar_tracking,output_pub,2011376450464,231975,232122
202607271059,e2e_trace_v3,5292,72209494146286760,0,perception.lidar_tracking,proc_enter,2011487144992,231975,232111
202607271059,e2e_trace_v3,5293,72209494146286760,0,perception.lidar_tracking,output_pub,2011487280576,231975,232111
202607271059,e2e_trace_v3,5309,72209494146286761,0,perception.lidar_tracking,proc_enter,2011583278240,231975,232119
202607271059,e2e_trace_v3,5310,72209494146286761,0,perception.lidar_tracking,output_pub,2011583421344,231975,232119
202607271059,e2e_trace_v3,5328,72209494146286762,0,perception.lidar_tracking,proc_enter,2011702748512,231975,232123
202607271059,e2e_trace_v3,5329,72209494146286762,0,perception.lidar_tracking,output_pub,2011702891584,231975,232123
202607271059,e2e_trace_v3,5345,72209494146286763,0,perception.lidar_tracking,proc_enter,2011795062912,231975,232122
202607271059,e2e_trace_v3,5346,72209494146286763,0,perception.lidar_tracking,output_pub,2011795144736,231975,232122
202607271059,e2e_trace_v3,5360,72209494146286764,0,perception.lidar_tracking,proc_enter,2011885450144,231975,232121
202607271059,e2e_trace_v3,5361,72209494146286764,0,perception.lidar_tracking,output_pub,2011885605312,231975,232121
202607271059,e2e_trace_v3,5377,72209494146286765,0,perception.lidar_tracking,proc_enter,2011985752768,231975,232120
202607271059,e2e_trace_v3,5378,72209494146286765,0,perception.lidar_tracking,output_pub,2011985891936,231975,232120
202607271059,e2e_trace_v3,5396,72209494146286766,0,perception.lidar_tracking,proc_enter,2012094471200,231975,232113
202607271059,e2e_trace_v3,5397,72209494146286766,0,perception.lidar_tracking,output_pub,2012094618720,231975,232113
202607271059,e2e_trace_v3,5411,72209494146286767,0,perception.lidar_tracking,proc_enter,2012186482720,231975,232123
202607271059,e2e_trace_v3,5412,72209494146286767,0,perception.lidar_tracking,output_pub,2012186623456,231975,232123
202607271059,e2e_trace_v3,5430,72209494146286768,0,perception.lidar_tracking,proc_enter,2012295415552,231975,232117
202607271059,e2e_trace_v3,5431,72209494146286768,0,perception.lidar_tracking,output_pub,2012295526688,231975,232117
202607271059,e2e_trace_v3,5447,72209494146286769,0,perception.lidar_tracking,proc_enter,2012391358368,231975,232113
202607271059,e2e_trace_v3,5448,72209494146286769,0,perception.lidar_tracking,output_pub,2012391467584,231975,232113
202607271059,e2e_trace_v3,5462,72209494146286770,0,perception.lidar_tracking,proc_enter,2012486321248,231975,232116
202607271059,e2e_trace_v3,5463,72209494146286770,0,perception.lidar_tracking,output_pub,2012486520416,231975,232116
202607271059,e2e_trace_v3,5481,72209494146286771,0,perception.lidar_tracking,proc_enter,2012596205696,231975,232121
202607271059,e2e_trace_v3,5482,72209494146286771,0,perception.lidar_tracking,output_pub,2012596305984,231975,232121
202607271059,e2e_trace_v3,5498,72209494146286772,0,perception.lidar_tracking,proc_enter,2012690633664,231975,232124
202607271059,e2e_trace_v3,5499,72209494146286772,0,perception.lidar_tracking,output_pub,2012690770208,231975,232124
202607271059,e2e_trace_v3,5513,72209494146286773,0,perception.lidar_tracking,proc_enter,2012782480288,231975,232120
202607271059,e2e_trace_v3,5514,72209494146286773,0,perception.lidar_tracking,output_pub,2012782573120,231975,232120
202607271059,e2e_trace_v3,5528,72209494146286774,0,perception.lidar_tracking,proc_enter,2012873027936,231975,232115
202607271059,e2e_trace_v3,5529,72209494146286774,0,perception.lidar_tracking,output_pub,2012873118752,231975,232115
202607271059,e2e_trace_v3,5549,72209494146286775,0,perception.lidar_tracking,proc_enter,2012984874752,231975,232112
202607271059,e2e_trace_v3,5550,72209494146286775,0,perception.lidar_tracking,output_pub,2012984974720,231975,232112
202607271059,e2e_trace_v3,5564,72209494146286776,0,perception.lidar_tracking,proc_enter,2013078975104,231975,232122
202607271059,e2e_trace_v3,5565,72209494146286776,0,perception.lidar_tracking,output_pub,2013079089376,231975,232122
202607271059,e2e_trace_v3,5579,72209494146286777,0,perception.lidar_tracking,proc_enter,2013172499968,231975,232115
202607271059,e2e_trace_v3,5580,72209494146286777,0,perception.lidar_tracking,output_pub,2013172576768,231975,232115
202607271059,e2e_trace_v3,5598,72209494146286778,0,perception.lidar_tracking,proc_enter,2013276295296,231975,232109
202607271059,e2e_trace_v3,5599,72209494146286778,0,perception.lidar_tracking,output_pub,2013276473600,231975,232109
202607271059,e2e_trace_v3,5615,72209494146286779,0,perception.lidar_tracking,proc_enter,2013381957888,231975,232110
202607271059,e2e_trace_v3,5616,72209494146286779,0,perception.lidar_tracking,output_pub,2013382167232,231975,232110
202607271059,e2e_trace_v3,5632,72209494146286780,0,perception.lidar_tracking,proc_enter,2013479609536,231975,232115
202607271059,e2e_trace_v3,5633,72209494146286780,0,perception.lidar_tracking,output_pub,2013479762912,231975,232115
202607271059,e2e_trace_v3,5644,72209494146286781,0,perception.lidar_tracking,proc_enter,2013570294784,231975,232116
202607271059,e2e_trace_v3,5645,72209494146286781,0,perception.lidar_tracking,output_pub,2013570374656,231975,232116
202607271059,e2e_trace_v3,5664,72209494146286782,0,perception.lidar_tracking,proc_enter,2013679610176,231975,232114
202607271059,e2e_trace_v3,5665,72209494146286782,0,perception.lidar_tracking,output_pub,2013679808448,231975,232114
202607271059,e2e_trace_v3,5685,72209494146286783,0,perception.lidar_tracking,proc_enter,2013786020320,231975,232110
202607271059,e2e_trace_v3,5686,72209494146286783,0,perception.lidar_tracking,output_pub,2013786117728,231975,232110
202607271059,e2e_trace_v3,5698,72209494146286784,0,perception.lidar_tracking,proc_enter,2013875798016,231975,232110
202607271059,e2e_trace_v3,5699,72209494146286784,0,perception.lidar_tracking,output_pub,2013875903424,231975,232110
202607271059,e2e_trace_v3,5714,72209494146286785,0,perception.lidar_tracking,proc_enter,2013971018144,231975,232114
202607271059,e2e_trace_v3,5715,72209494146286785,0,perception.lidar_tracking,output_pub,2013971172576,231975,232114
202607271059,e2e_trace_v3,5732,72209494146286786,0,perception.lidar_tracking,proc_enter,2014076452832,231975,232124
202607271059,e2e_trace_v3,5733,72209494146286786,0,perception.lidar_tracking,output_pub,2014076571808,231975,232124
202607271059,e2e_trace_v3,5749,72209494146286787,0,perception.lidar_tracking,proc_enter,2014176914592,231975,232115
202607271059,e2e_trace_v3,5750,72209494146286787,0,perception.lidar_tracking,output_pub,2014177080640,231975,232115
202607271059,e2e_trace_v3,5770,72209494146286788,0,perception.lidar_tracking,proc_enter,2014285945472,231975,232116
202607271059,e2e_trace_v3,5771,72209494146286788,0,perception.lidar_tracking,output_pub,2014286181632,231975,232116
202607271059,e2e_trace_v3,5783,72209494146286789,0,perception.lidar_tracking,proc_enter,2014376626720,231975,232111
202607271059,e2e_trace_v3,5784,72209494146286789,0,perception.lidar_tracking,output_pub,2014376736832,231975,232111
202607271059,e2e_trace_v3,5804,72209494146286790,0,perception.lidar_tracking,proc_enter,2014484192032,231975,232117
202607271059,e2e_trace_v3,5805,72209494146286790,0,perception.lidar_tracking,output_pub,2014484270048,231975,232117
202607271059,e2e_trace_v3,5816,72209494146286791,0,perception.lidar_tracking,proc_enter,2014574856000,231975,232116
202607271059,e2e_trace_v3,5817,72209494146286791,0,perception.lidar_tracking,output_pub,2014574944736,231975,232116
202607271059,e2e_trace_v3,5837,72209494146286792,0,perception.lidar_tracking,proc_enter,2014694878528,231975,232112
202607271059,e2e_trace_v3,5839,72209494146286792,0,perception.lidar_tracking,output_pub,2014695003488,231975,232112
202607271059,e2e_trace_v3,5855,72209494146286793,0,perception.lidar_tracking,proc_enter,2014790234400,231975,232115
202607271059,e2e_trace_v3,5856,72209494146286793,0,perception.lidar_tracking,output_pub,2014790327936,231975,232115
202607271059,e2e_trace_v3,5870,72209494146286794,0,perception.lidar_tracking,proc_enter,2014879500128,231975,232121
202607271059,e2e_trace_v3,5871,72209494146286794,0,perception.lidar_tracking,output_pub,2014879654304,231975,232121
202607271059,e2e_trace_v3,5885,72209494146286795,0,perception.lidar_tracking,proc_enter,2014973070176,231975,232113
202607271059,e2e_trace_v3,5886,72209494146286795,0,perception.lidar_tracking,output_pub,2014973163136,231975,232113
202607271059,e2e_trace_v3,5902,72209494146286796,0,perception.lidar_tracking,proc_enter,2015071833760,231975,232118
202607271059,e2e_trace_v3,5904,72209494146286796,0,perception.lidar_tracking,output_pub,2015071953568,231975,232118
202607271059,e2e_trace_v3,5919,72209494146286797,0,perception.lidar_tracking,proc_enter,2015174746112,231975,232115
202607271059,e2e_trace_v3,5920,72209494146286797,0,perception.lidar_tracking,output_pub,2015174869472,231975,232115
202607271059,e2e_trace_v3,5938,72209494146286798,0,perception.lidar_tracking,proc_enter,2015284716608,231975,232118
202607271059,e2e_trace_v3,5939,72209494146286798,0,perception.lidar_tracking,output_pub,2015284831936,231975,232118
202607271059,e2e_trace_v3,5957,72209494146286799,0,perception.lidar_tracking,proc_enter,2015386378144,231975,232117
202607271059,e2e_trace_v3,5958,72209494146286799,0,perception.lidar_tracking,output_pub,2015386514528,231975,232117
202607271059,e2e_trace_v3,5970,72209494146286800,0,perception.lidar_tracking,proc_enter,2015475021152,231975,232110
202607271059,e2e_trace_v3,5971,72209494146286800,0,perception.lidar_tracking,output_pub,2015475103168,231975,232110
202607271059,e2e_trace_v3,5987,72209494146286801,0,perception.lidar_tracking,proc_enter,2015581426272,231975,232116
202607271059,e2e_trace_v3,5988,72209494146286801,0,perception.lidar_tracking,output_pub,2015581511360,231975,232116
202607271059,e2e_trace_v3,6005,72209494146286802,0,perception.lidar_tracking,proc_enter,2015681628768,231975,232115
202607271059,e2e_trace_v3,6008,72209494146286802,0,perception.lidar_tracking,output_pub,2015681788928,231975,232115
202607271059,e2e_trace_v3,6023,72209494146286803,0,perception.lidar_tracking,proc_enter,2015786365568,231975,232117
202607271059,e2e_trace_v3,6024,72209494146286803,0,perception.lidar_tracking,output_pub,2015786489024,231975,232117
202607271059,e2e_trace_v3,6040,72209494146286804,0,perception.lidar_tracking,proc_enter,2015883198304,231975,232123
202607271059,e2e_trace_v3,6041,72209494146286804,0,perception.lidar_tracking,output_pub,2015883292128,231975,232123
202607271059,e2e_trace_v3,6055,72209494146286805,0,perception.lidar_tracking,proc_enter,2015973053312,231975,232120
202607271059,e2e_trace_v3,6056,72209494146286805,0,perception.lidar_tracking,output_pub,2015973143744,231975,232120
202607271059,e2e_trace_v3,6072,72209494146286806,0,perception.lidar_tracking,proc_enter,2016078250752,231975,232109
202607271059,e2e_trace_v3,6073,72209494146286806,0,perception.lidar_tracking,output_pub,2016078337600,231975,232109
202607271059,e2e_trace_v3,6088,72209494146286807,0,perception.lidar_tracking,proc_enter,2016175594528,231975,232118
202607271059,e2e_trace_v3,6089,72209494146286807,0,perception.lidar_tracking,output_pub,2016175687744,231975,232118
202607271059,e2e_trace_v3,6103,72209494146286808,0,perception.lidar_tracking,proc_enter,2016267170880,231975,232118
202607271059,e2e_trace_v3,6104,72209494146286808,0,perception.lidar_tracking,output_pub,2016267291104,231975,232118
202607271059,e2e_trace_v3,6127,72209494146286809,0,perception.lidar_tracking,proc_enter,2016384874176,231975,232113
202607271059,e2e_trace_v3,6128,72209494146286809,0,perception.lidar_tracking,output_pub,2016384963040,231975,232113
202607271059,e2e_trace_v3,6140,72209494146286810,0,perception.lidar_tracking,proc_enter,2016475897888,231975,232113
202607271059,e2e_trace_v3,6141,72209494146286810,0,perception.lidar_tracking,output_pub,2016476021344,231975,232113
202607271059,e2e_trace_v3,6161,72209494146286811,0,perception.lidar_tracking,proc_enter,2016589260768,231975,232116
202607271059,e2e_trace_v3,6162,72209494146286811,0,perception.lidar_tracking,output_pub,2016589407776,231975,232116
202607271059,e2e_trace_v3,6174,72209494146286812,0,perception.lidar_tracking,proc_enter,2016681197856,231975,232123
202607271059,e2e_trace_v3,6175,72209494146286812,0,perception.lidar_tracking,output_pub,2016681361440,231975,232123
202607271059,e2e_trace_v3,6195,72209494146286813,0,perception.lidar_tracking,proc_enter,2016795265568,231975,232122
202607271059,e2e_trace_v3,6196,72209494146286813,0,perception.lidar_tracking,output_pub,2016795513952,231975,232122
202607271059,e2e_trace_v3,6212,72209494146286814,0,perception.lidar_tracking,proc_enter,2016888712992,231975,232110
202607271059,e2e_trace_v3,6213,72209494146286814,0,perception.lidar_tracking,output_pub,2016888794144,231975,232110
202607271059,e2e_trace_v3,6227,72209494146286815,0,perception.lidar_tracking,proc_enter,2016978365856,231975,232110
202607271059,e2e_trace_v3,6228,72209494146286815,0,perception.lidar_tracking,output_pub,2016978532704,231975,232110
202607271059,e2e_trace_v3,6242,72209494146286816,0,perception.lidar_tracking,proc_enter,2017073534944,231975,232116
202607271059,e2e_trace_v3,6245,72209494146286816,0,perception.lidar_tracking,output_pub,2017073629280,231975,232116
202607271059,e2e_trace_v3,6257,72209494146286817,0,perception.lidar_tracking,proc_enter,2017174107264,231975,232112
202607271059,e2e_trace_v3,6258,72209494146286817,0,perception.lidar_tracking,output_pub,2017174333728,231975,232112
202607271059,e2e_trace_v3,6278,72209494146286818,0,perception.lidar_tracking,proc_enter,2017286792352,231975,232113
202607271059,e2e_trace_v3,6279,72209494146286818,0,perception.lidar_tracking,output_pub,2017286997920,231975,232113
202607271059,e2e_trace_v3,6297,72209494146286819,0,perception.lidar_tracking,proc_enter,2017392372992,231975,232112
202607271059,e2e_trace_v3,6298,72209494146286819,0,perception.lidar_tracking,output_pub,2017392500384,231975,232112
202607271059,e2e_trace_v3,6314,72209494146286820,0,perception.lidar_tracking,proc_enter,2017492334848,231975,232120
202607271059,e2e_trace_v3,6315,72209494146286820,0,perception.lidar_tracking,output_pub,2017492428736,231975,232120
202607271059,e2e_trace_v3,6329,72209494146286821,0,perception.lidar_tracking,proc_enter,2017587053984,231975,232119
202607271059,e2e_trace_v3,6330,72209494146286821,0,perception.lidar_tracking,output_pub,2017587140480,231975,232119
202607271059,e2e_trace_v3,6344,72209494146286822,0,perception.lidar_tracking,proc_enter,2017683282496,231975,232117
202607271059,e2e_trace_v3,6345,72209494146286822,0,perception.lidar_tracking,output_pub,2017683374784,231975,232117
202607271059,e2e_trace_v3,6365,72209494146286823,0,perception.lidar_tracking,proc_enter,2017787488864,231975,232121
202607271059,e2e_trace_v3,6366,72209494146286823,0,perception.lidar_tracking,output_pub,2017787580896,231975,232121
202607271059,e2e_trace_v3,6380,72209494146286824,0,perception.lidar_tracking,proc_enter,2017877095104,231975,232116
202607271059,e2e_trace_v3,6381,72209494146286824,0,perception.lidar_tracking,output_pub,2017877172576,231975,232116
202607271059,e2e_trace_v3,6394,72209494146286825,0,perception.lidar_tracking,proc_enter,2017964931424,231975,232121
202607271059,e2e_trace_v3,6395,72209494146286825,0,perception.lidar_tracking,output_pub,2017965013984,231975,232121
202607271059,e2e_trace_v3,6407,72209494146286826,0,perception.lidar_tracking,proc_enter,2018060982016,231975,232119
202607271059,e2e_trace_v3,6408,72209494146286826,0,perception.lidar_tracking,output_pub,2018061114496,231975,232119
202607271059,e2e_trace_v3,6426,72209494146286827,0,perception.lidar_tracking,proc_enter,2018162793024,231975,232111
202607271059,e2e_trace_v3,6427,72209494146286827,0,perception.lidar_tracking,output_pub,2018162901792,231975,232111
202607271059,e2e_trace_v3,6445,72209494146286828,0,perception.lidar_tracking,proc_enter,2018264791168,231975,232117
202607271059,e2e_trace_v3,6446,72209494146286828,0,perception.lidar_tracking,output_pub,2018264867648,231975,232117
202607271059,e2e_trace_v3,6456,72209494146286829,0,perception.lidar_tracking,proc_enter,2018364794240,231975,232113
202607271059,e2e_trace_v3,6458,72209494146286829,0,perception.lidar_tracking,output_pub,2018365006496,231975,232113
202607271059,e2e_trace_v3,6484,72209494146286830,0,perception.lidar_tracking,proc_enter,2018490832832,231975,232112
202607271059,e2e_trace_v3,6485,72209494146286830,0,perception.lidar_tracking,output_pub,2018490937312,231975,232112
202607271059,e2e_trace_v3,6499,72209494146286831,0,perception.lidar_tracking,proc_enter,2018581710976,231975,232123
202607271059,e2e_trace_v3,6500,72209494146286831,0,perception.lidar_tracking,output_pub,2018581793280,231975,232123
202607271059,e2e_trace_v3,6514,72209494146286832,0,perception.lidar_tracking,proc_enter,2018671060512,231975,232116
202607271059,e2e_trace_v3,6515,72209494146286832,0,perception.lidar_tracking,output_pub,2018671135488,231975,232116
202607271059,e2e_trace_v3,6531,72209494146286833,0,perception.lidar_tracking,proc_enter,2018777324800,231975,232120
202607271059,e2e_trace_v3,6532,72209494146286833,0,perception.lidar_tracking,output_pub,2018777404192,231975,232120
202607271059,e2e_trace_v3,6552,72209494146286834,0,perception.lidar_tracking,proc_enter,2018889778912,231975,232115
202607271059,e2e_trace_v3,6553,72209494146286834,0,perception.lidar_tracking,output_pub,2018889939808,231975,232115
202607271059,e2e_trace_v3,6567,72209494146286835,0,perception.lidar_tracking,proc_enter,2018982043968,231975,232117
202607271059,e2e_trace_v3,6568,72209494146286835,0,perception.lidar_tracking,output_pub,2018982158240,231975,232117
202607271059,e2e_trace_v3,6582,72209494146286836,0,perception.lidar_tracking,proc_enter,2019073144576,231975,232120
202607271059,e2e_trace_v3,6583,72209494146286836,0,perception.lidar_tracking,output_pub,2019073214208,231975,232120
202607271059,e2e_trace_v3,6598,72209494146286837,0,perception.lidar_tracking,proc_enter,2019166076480,231975,232112
202607271059,e2e_trace_v3,6599,72209494146286837,0,perception.lidar_tracking,output_pub,2019166151936,231975,232112
202607271059,e2e_trace_v3,6615,72209494146286838,0,perception.lidar_tracking,proc_enter,2019267719648,231975,232122
202607271059,e2e_trace_v3,6616,72209494146286838,0,perception.lidar_tracking,output_pub,2019267880672,231975,232122
202607271059,e2e_trace_v3,6632,72209494146286839,0,perception.lidar_tracking,proc_enter,2019363678560,231975,232109
202607271059,e2e_trace_v3,6633,72209494146286839,0,perception.lidar_tracking,output_pub,2019363799520,231975,232109
202607271059,e2e_trace_v3,6648,72209494146286840,0,perception.lidar_tracking,proc_enter,2019464524160,231975,232109
202607271059,e2e_trace_v3,6650,72209494146286840,0,perception.lidar_tracking,output_pub,2019464743616,231975,232109
202607271059,e2e_trace_v3,6667,72209494146286841,0,perception.lidar_tracking,proc_enter,2019578615936,231975,232117
202607271059,e2e_trace_v3,6668,72209494146286841,0,perception.lidar_tracking,output_pub,2019578719264,231975,232117
202607271059,e2e_trace_v3,6684,72209494146286842,0,perception.lidar_tracking,proc_enter,2019671840224,231975,232116
202607271059,e2e_trace_v3,6685,72209494146286842,0,perception.lidar_tracking,output_pub,2019671928064,231975,232116
202607271059,e2e_trace_v3,6698,72209494146286843,0,perception.lidar_tracking,proc_enter,2019769953856,231975,232109
202607271059,e2e_trace_v3,6699,72209494146286843,0,perception.lidar_tracking,output_pub,2019770080896,231975,232109
202607271059,e2e_trace_v3,6718,72209494146286844,0,perception.lidar_tracking,proc_enter,2019880267520,231975,232111
202607271059,e2e_trace_v3,6719,72209494146286844,0,perception.lidar_tracking,output_pub,2019880369024,231975,232111
202607271059,e2e_trace_v3,6733,72209494146286845,0,perception.lidar_tracking,proc_enter,2019980441792,231975,232119
202607271059,e2e_trace_v3,6734,72209494146286845,0,perception.lidar_tracking,output_pub,2019980661664,231975,232119
202607271059,e2e_trace_v3,6756,72209494146286846,0,perception.lidar_tracking,proc_enter,2020084582208,231975,232111
202607271059,e2e_trace_v3,6757,72209494146286846,0,perception.lidar_tracking,output_pub,2020084681856,231975,232111
202607271059,e2e_trace_v3,6769,72209494146286847,0,perception.lidar_tracking,proc_enter,2020173276608,231975,232111
202607271059,e2e_trace_v3,6770,72209494146286847,0,perception.lidar_tracking,output_pub,2020173352576,231975,232111
202607271059,e2e_trace_v3,6786,72209494146286848,0,perception.lidar_tracking,proc_enter,2020277860160,231975,232124
202607271059,e2e_trace_v3,6787,72209494146286848,0,perception.lidar_tracking,output_pub,2020277954176,231975,232124
202607271059,e2e_trace_v3,6802,72209494146286849,0,perception.lidar_tracking,proc_enter,2020369563872,231975,232121
202607271059,e2e_trace_v3,6803,72209494146286849,0,perception.lidar_tracking,output_pub,2020369715328,231975,232121
202607271059,e2e_trace_v3,6819,72209494146286850,0,perception.lidar_tracking,proc_enter,2020465519232,231975,232111
202607271059,e2e_trace_v3,6820,72209494146286850,0,perception.lidar_tracking,output_pub,2020465623104,231975,232111
202607271059,e2e_trace_v3,6834,72209494146286851,0,perception.lidar_tracking,proc_enter,2020562046816,231975,232116
202607271059,e2e_trace_v3,6835,72209494146286851,0,perception.lidar_tracking,output_pub,2020562133792,231975,232116
202607271059,e2e_trace_v3,6851,72209494146286852,0,perception.lidar_tracking,proc_enter,2020670728576,231975,232119
202607271059,e2e_trace_v3,6852,72209494146286852,0,perception.lidar_tracking,output_pub,2020670804736,231975,232119
202607271059,e2e_trace_v3,6871,72209494146286853,0,perception.lidar_tracking,proc_enter,2020773194976,231975,232114
202607271059,e2e_trace_v3,6872,72209494146286853,0,perception.lidar_tracking,output_pub,2020773281184,231975,232114
202607271059,e2e_trace_v3,6883,72209494146286854,0,perception.lidar_tracking,proc_enter,2020870221120,231975,232112
202607271059,e2e_trace_v3,6884,72209494146286854,0,perception.lidar_tracking,output_pub,2020870311168,231975,232112
202607271059,e2e_trace_v3,6909,72209494146286855,0,perception.lidar_tracking,proc_enter,2020987522976,231975,232117
202607271059,e2e_trace_v3,6910,72209494146286855,0,perception.lidar_tracking,output_pub,2020987622752,231975,232117
202607271059,e2e_trace_v3,6924,72209494146286856,0,perception.lidar_tracking,proc_enter,2021078238720,231975,232109
202607271059,e2e_trace_v3,6925,72209494146286856,0,perception.lidar_tracking,output_pub,2021078327680,231975,232109
202607271059,e2e_trace_v3,6935,72209494146286857,0,perception.lidar_tracking,proc_enter,2021168701376,231975,232121
202607271059,e2e_trace_v3,6936,72209494146286857,0,perception.lidar_tracking,output_pub,2021168851296,231975,232121
202607271059,e2e_trace_v3,6956,72209494146286858,0,perception.lidar_tracking,proc_enter,2021274704448,231975,232114
202607271059,e2e_trace_v3,6957,72209494146286858,0,perception.lidar_tracking,output_pub,2021274862720,231975,232114
202607271059,e2e_trace_v3,6973,72209494146286859,0,perception.lidar_tracking,proc_enter,2021379772544,231975,232121
202607271059,e2e_trace_v3,6974,72209494146286859,0,perception.lidar_tracking,output_pub,2021379939808,231975,232121
202607271059,e2e_trace_v3,6991,72209494146286860,0,perception.lidar_tracking,proc_enter,2021484362080,231975,232122
202607271059,e2e_trace_v3,6993,72209494146286860,0,perception.lidar_tracking,output_pub,2021484469376,231975,232122
202607271059,e2e_trace_v3,7007,72209494146286861,0,perception.lidar_tracking,proc_enter,2021580174368,231975,232114
202607271059,e2e_trace_v3,7008,72209494146286861,0,perception.lidar_tracking,output_pub,2021580420384,231975,232114
202607271059,e2e_trace_v3,7028,72209494146286862,0,perception.lidar_tracking,proc_enter,2021686120800,231975,232109
202607271059,e2e_trace_v3,7029,72209494146286862,0,perception.lidar_tracking,output_pub,2021686235776,231975,232109
202607271059,e2e_trace_v3,7041,72209494146286863,0,perception.lidar_tracking,proc_enter,2021778767392,231975,232115
202607271059,e2e_trace_v3,7042,72209494146286863,0,perception.lidar_tracking,output_pub,2021778864320,231975,232115
202607271059,e2e_trace_v3,7060,72209494146286864,0,perception.lidar_tracking,proc_enter,2021881654720,231975,232116
202607271059,e2e_trace_v3,7061,72209494146286864,0,perception.lidar_tracking,output_pub,2021881823104,231975,232116
202607271059,e2e_trace_v3,7074,72209494146286865,0,perception.lidar_tracking,proc_enter,2021969572896,231975,232123
202607271059,e2e_trace_v3,7075,72209494146286865,0,perception.lidar_tracking,output_pub,2021969655776,231975,232123
202607271059,e2e_trace_v3,7089,72209494146286866,0,perception.lidar_tracking,proc_enter,2022059271744,231975,232110
202607271059,e2e_trace_v3,7090,72209494146286866,0,perception.lidar_tracking,output_pub,2022059370912,231975,232110
202607271059,e2e_trace_v3,7103,72209494146286867,0,perception.lidar_tracking,proc_enter,2022158692896,231975,232117
202607271059,e2e_trace_v3,7104,72209494146286867,0,perception.lidar_tracking,output_pub,2022158798272,231975,232117
202607271059,e2e_trace_v3,7125,72209494146286868,0,perception.lidar_tracking,proc_enter,2022267183904,231975,232112
202607271059,e2e_trace_v3,7126,72209494146286868,0,perception.lidar_tracking,output_pub,2022267283008,231975,232112
202607271059,e2e_trace_v3,7142,72209494146286869,0,perception.lidar_tracking,proc_enter,2022365160768,231975,232120
202607271059,e2e_trace_v3,7143,72209494146286869,0,perception.lidar_tracking,output_pub,2022365279520,231975,232120
202607271059,e2e_trace_v3,7157,72209494146286870,0,perception.lidar_tracking,proc_enter,2022466581120,231975,232116
202607271059,e2e_trace_v3,7158,72209494146286870,0,perception.lidar_tracking,output_pub,2022466696608,231975,232116
202607271059,e2e_trace_v3,7177,72209494146286871,0,perception.lidar_tracking,proc_enter,2022576446400,231975,232113
202607271059,e2e_trace_v3,7178,72209494146286871,0,perception.lidar_tracking,output_pub,2022576542304,231975,232113
202607271059,e2e_trace_v3,7194,72209494146286872,0,perception.lidar_tracking,proc_enter,2022674131648,231975,232121
202607271059,e2e_trace_v3,7196,72209494146286872,0,perception.lidar_tracking,output_pub,2022674196320,231975,232121
202607271059,e2e_trace_v3,7211,72209494146286873,0,perception.lidar_tracking,proc_enter,2022773602848,231975,232123
202607271059,e2e_trace_v3,7212,72209494146286873,0,perception.lidar_tracking,output_pub,2022773800800,231975,232123
202607271059,e2e_trace_v3,7225,72209494146286874,0,perception.lidar_tracking,proc_enter,2022867767296,231975,232123
202607271059,e2e_trace_v3,7226,72209494146286874,0,perception.lidar_tracking,output_pub,2022867912608,231975,232123
202607271059,e2e_trace_v3,7247,72209494146286875,0,perception.lidar_tracking,proc_enter,2022987675680,231975,232110
202607271059,e2e_trace_v3,7248,72209494146286875,0,perception.lidar_tracking,output_pub,2022987759968,231975,232110
202607271059,e2e_trace_v3,7266,72209494146286876,0,perception.lidar_tracking,proc_enter,2023087010400,231975,232116
202607271059,e2e_trace_v3,7267,72209494146286876,0,perception.lidar_tracking,output_pub,2023087174112,231975,232116
202607271059,e2e_trace_v3,7281,72209494146286877,0,perception.lidar_tracking,proc_enter,2023177894432,231975,232118
202607271059,e2e_trace_v3,7282,72209494146286877,0,perception.lidar_tracking,output_pub,2023177987872,231975,232118
202607271059,e2e_trace_v3,7295,72209494146286878,0,perception.lidar_tracking,proc_enter,2023267469472,231975,232121
202607271059,e2e_trace_v3,7296,72209494146286878,0,perception.lidar_tracking,output_pub,2023267561952,231975,232121
202607271059,e2e_trace_v3,7312,72209494146286879,0,perception.lidar_tracking,proc_enter,2023366973440,231975,232117
202607271059,e2e_trace_v3,7313,72209494146286879,0,perception.lidar_tracking,output_pub,2023367058560,231975,232117
202607271059,e2e_trace_v3,7330,72209494146286880,0,perception.lidar_tracking,proc_enter,2023474839872,231975,232114
202607271059,e2e_trace_v3,7331,72209494146286880,0,perception.lidar_tracking,output_pub,2023475003744,231975,232114
202607271059,e2e_trace_v3,7349,72209494146286881,0,perception.lidar_tracking,proc_enter,2023585724544,231975,232124
202607271059,e2e_trace_v3,7350,72209494146286881,0,perception.lidar_tracking,output_pub,2023585822624,231975,232124
202607271059,e2e_trace_v3,7368,72209494146286882,0,perception.lidar_tracking,proc_enter,2023685657312,231975,232112
202607271059,e2e_trace_v3,7369,72209494146286882,0,perception.lidar_tracking,output_pub,2023685801120,231975,232112
202607271059,e2e_trace_v3,7381,72209494146286883,0,perception.lidar_tracking,proc_enter,2023772356544,231975,232111
202607271059,e2e_trace_v3,7382,72209494146286883,0,perception.lidar_tracking,output_pub,2023772445952,231975,232111
202607271059,e2e_trace_v3,7395,72209494146286884,0,perception.lidar_tracking,proc_enter,2023861282720,231975,232109
202607271059,e2e_trace_v3,7396,72209494146286884,0,perception.lidar_tracking,output_pub,2023861380768,231975,232109
202607271059,e2e_trace_v3,7414,72209494146286885,0,perception.lidar_tracking,proc_enter,2023967811232,231975,232110
202607271059,e2e_trace_v3,7415,72209494146286885,0,perception.lidar_tracking,output_pub,2023967906688,231975,232110
202607271059,e2e_trace_v3,7429,72209494146286886,0,perception.lidar_tracking,proc_enter,2024063796352,231975,232119
202607271059,e2e_trace_v3,7430,72209494146286886,0,perception.lidar_tracking,output_pub,2024064019424,231975,232119
202607271059,e2e_trace_v3,7444,72209494146286887,0,perception.lidar_tracking,proc_enter,2024161183456,231975,232112
202607271059,e2e_trace_v3,7445,72209494146286887,0,perception.lidar_tracking,output_pub,2024161335264,231975,232112
202607271059,e2e_trace_v3,7463,72209494146286888,0,perception.lidar_tracking,proc_enter,2024266461088,231975,232124
202607271059,e2e_trace_v3,7466,72209494146286888,0,perception.lidar_tracking,output_pub,2024266727872,231975,232124
202607271059,e2e_trace_v3,7483,72209494146286889,0,perception.lidar_tracking,proc_enter,2024372204832,231975,232118
202607271059,e2e_trace_v3,7485,72209494146286889,0,perception.lidar_tracking,output_pub,2024372347712,231975,232118
202607271059,e2e_trace_v3,7499,72209494146286890,0,perception.lidar_tracking,proc_enter,2024465780480,231975,232118
202607271059,e2e_trace_v3,7500,72209494146286890,0,perception.lidar_tracking,output_pub,2024466022752,231975,232118
202607271059,e2e_trace_v3,7514,72209494146286891,0,perception.lidar_tracking,proc_enter,2024563088288,231975,232114
202607271059,e2e_trace_v3,7515,72209494146286891,0,perception.lidar_tracking,output_pub,2024563238048,231975,232114
202607271059,e2e_trace_v3,7534,72209494146286892,0,perception.lidar_tracking,proc_enter,2024675381344,231975,232122
202607271059,e2e_trace_v3,7535,72209494146286892,0,perception.lidar_tracking,output_pub,2024675498048,231975,232122
202607271059,e2e_trace_v3,7551,72209494146286893,0,perception.lidar_tracking,proc_enter,2024776871968,231975,232120
202607271059,e2e_trace_v3,7552,72209494146286893,0,perception.lidar_tracking,output_pub,2024776996928,231975,232120
202607271059,e2e_trace_v3,7568,72209494146286894,0,perception.lidar_tracking,proc_enter,2024877017664,231975,232118
202607271059,e2e_trace_v3,7569,72209494146286894,0,perception.lidar_tracking,output_pub,2024877224160,231975,232118
202607271059,e2e_trace_v3,7589,72209494146286895,0,perception.lidar_tracking,proc_enter,2024990180384,231975,232114
202607271059,e2e_trace_v3,7590,72209494146286895,0,perception.lidar_tracking,output_pub,2024990320800,231975,232114
202607271059,e2e_trace_v3,7604,72209494146286896,0,perception.lidar_tracking,proc_enter,2025081603072,231975,232111
202607271059,e2e_trace_v3,7605,72209494146286896,0,perception.lidar_tracking,output_pub,2025081769056,231975,232111
202607271059,e2e_trace_v3,7619,72209494146286897,0,perception.lidar_tracking,proc_enter,2025170801440,231975,232123
202607271059,e2e_trace_v3,7622,72209494146286897,0,perception.lidar_tracking,output_pub,2025170881792,231975,232123
202607271059,e2e_trace_v3,7635,72209494146286898,0,perception.lidar_tracking,proc_enter,2025261259264,231975,232119
202607271059,e2e_trace_v3,7636,72209494146286898,0,perception.lidar_tracking,output_pub,2025261340480,231975,232119
202607271059,e2e_trace_v3,7648,72209494146286899,0,perception.lidar_tracking,proc_enter,2025359628800,231975,232113
202607271059,e2e_trace_v3,7651,72209494146286899,0,perception.lidar_tracking,output_pub,2025359834304,231975,232113
202607271059,e2e_trace_v3,7665,72209494146286900,0,perception.lidar_tracking,proc_enter,2025464419360,231975,232124
202607271059,e2e_trace_v3,7666,72209494146286900,0,perception.lidar_tracking,output_pub,2025464690144,231975,232124
202607271059,e2e_trace_v3,7687,72209494146286901,0,perception.lidar_tracking,proc_enter,2025577607936,231975,232114
202607271059,e2e_trace_v3,7688,72209494146286901,0,perception.lidar_tracking,output_pub,2025577888608,231975,232114
202607271059,e2e_trace_v3,7704,72209494146286902,0,perception.lidar_tracking,proc_enter,2025673269088,231975,232111
202607271059,e2e_trace_v3,7705,72209494146286902,0,perception.lidar_tracking,output_pub,2025673709472,231975,232111
202607271059,e2e_trace_v3,7725,72209494146286903,0,perception.lidar_tracking,proc_enter,2025795622272,231975,232110
202607271059,e2e_trace_v3,7726,72209494146286903,0,perception.lidar_tracking,output_pub,2025795778464,231975,232110
202607271059,e2e_trace_v3,7742,72209494146286904,0,perception.lidar_tracking,proc_enter,2025887945696,231975,232123
202607271059,e2e_trace_v3,7743,72209494146286904,0,perception.lidar_tracking,output_pub,2025888358016,231975,232123
202607271059,e2e_trace_v3,7755,72209494146286905,0,perception.lidar_tracking,proc_enter,2025979300032,231975,232116
202607271059,e2e_trace_v3,7756,72209494146286905,0,perception.lidar_tracking,output_pub,2025979569984,231975,232116
202607271059,e2e_trace_v3,7772,72209494146286906,0,perception.lidar_tracking,proc_enter,2026074367936,231975,232114
202607271059,e2e_trace_v3,7773,72209494146286906,0,perception.lidar_tracking,output_pub,2026074641792,231975,232114
202607271059,e2e_trace_v3,7789,72209494146286907,0,perception.lidar_tracking,proc_enter,2026174867520,231975,232121
202607271059,e2e_trace_v3,7790,72209494146286907,0,perception.lidar_tracking,output_pub,2026175160640,231975,232121
202607271059,e2e_trace_v3,7804,72209494146286908,0,perception.lidar_tracking,proc_enter,2026273244992,231975,232109
202607271059,e2e_trace_v3,7805,72209494146286908,0,perception.lidar_tracking,output_pub,2026273445984,231975,232109
202607271059,e2e_trace_v3,7823,72209494146286909,0,perception.lidar_tracking,proc_enter,2026377161568,231975,232114
202607271059,e2e_trace_v3,7824,72209494146286909,0,perception.lidar_tracking,output_pub,2026377515456,231975,232114
202607271059,e2e_trace_v3,7840,72209494146286910,0,perception.lidar_tracking,proc_enter,2026476070592,231975,232120
202607271059,e2e_trace_v3,7841,72209494146286910,0,perception.lidar_tracking,output_pub,2026476370592,231975,232120
202607271059,e2e_trace_v3,7857,72209494146286911,0,perception.lidar_tracking,proc_enter,2026578532512,231975,232124
202607271059,e2e_trace_v3,7860,72209494146286911,0,perception.lidar_tracking,output_pub,2026578822304,231975,232124
202607271059,e2e_trace_v3,7869,72209494146286912,0,perception.lidar_tracking,proc_enter,2026670030336,231975,232110
202607271059,e2e_trace_v3,7870,72209494146286912,0,perception.lidar_tracking,output_pub,2026670317024,231975,232110
202607271059,e2e_trace_v3,7893,72209494146286913,0,perception.lidar_tracking,proc_enter,2026786112640,231975,232113
202607271059,e2e_trace_v3,7894,72209494146286913,0,perception.lidar_tracking,output_pub,2026786258432,231975,232113
202607271059,e2e_trace_v3,7912,72209494146286914,0,perception.lidar_tracking,proc_enter,2026888575648,231975,232120
202607271059,e2e_trace_v3,7913,72209494146286914,0,perception.lidar_tracking,output_pub,2026888836960,231975,232120
202607271059,e2e_trace_v3,7925,72209494146286915,0,perception.lidar_tracking,proc_enter,2026978549184,231975,232112
202607271059,e2e_trace_v3,7926,72209494146286915,0,perception.lidar_tracking,output_pub,2026978971072,231975,232112
202607271059,e2e_trace_v3,7936,72209494146286916,0,perception.lidar_tracking,proc_enter,2027073917600,231975,232124
202607271059,e2e_trace_v3,7937,72209494146286916,0,perception.lidar_tracking,output_pub,2027074349504,231975,232124
202607271059,e2e_trace_v3,7958,72209494146286917,0,perception.lidar_tracking,proc_enter,2027192826592,231975,232113
202607271059,e2e_trace_v3,7959,72209494146286917,0,perception.lidar_tracking,output_pub,2027193232960,231975,232113
202607271059,e2e_trace_v3,7975,72209494146286918,0,perception.lidar_tracking,proc_enter,2027287077792,231975,232111
202607271059,e2e_trace_v3,7976,72209494146286918,0,perception.lidar_tracking,output_pub,2027287432288,231975,232111
202607271059,e2e_trace_v3,8003,72209494146286919,0,perception.lidar_tracking,proc_enter,2027503183424,231975,232110
202607271059,e2e_trace_v3,8004,72209494146286919,0,perception.lidar_tracking,output_pub,2027503531232,231975,232110
202607271059,e2e_trace_v3,8029,72209494146286921,0,perception.lidar_tracking,proc_enter,2027711727520,231975,232114
202607271059,e2e_trace_v3,8030,72209494146286921,0,perception.lidar_tracking,output_pub,2027711979520,231975,232114
202607271059,e2e_trace_v3,8055,72209494146286923,0,perception.lidar_tracking,proc_enter,2027926755904,231975,232123
202607271059,e2e_trace_v3,8056,72209494146286923,0,perception.lidar_tracking,output_pub,2027927214560,231975,232123
202607271059,e2e_trace_v3,8084,72209494146286925,0,perception.lidar_tracking,proc_enter,2028168575520,231975,232112
202607271059,e2e_trace_v3,8085,72209494146286925,0,perception.lidar_tracking,output_pub,2028168837248,231975,232112
202607271059,e2e_trace_v3,8115,72209494146286927,0,perception.lidar_tracking,proc_enter,2028394240672,231975,232117
202607271059,e2e_trace_v3,8116,72209494146286927,0,perception.lidar_tracking,output_pub,2028394347232,231975,232117
202607271059,e2e_trace_v3,8142,72209494146286929,0,perception.lidar_tracking,proc_enter,2028622297120,231975,232110
202607271059,e2e_trace_v3,8143,72209494146286929,0,perception.lidar_tracking,output_pub,2028622683808,231975,232110
202607271059,e2e_trace_v3,8159,72209494146286932,0,perception.lidar_tracking,proc_enter,2028720234528,231975,232112
202607271059,e2e_trace_v3,8160,72209494146286932,0,perception.lidar_tracking,output_pub,2028720540384,231975,232112
202607271059,e2e_trace_v3,8176,72209494146286933,0,perception.lidar_tracking,proc_enter,2028816514528,231975,232118
202607271059,e2e_trace_v3,8177,72209494146286933,0,perception.lidar_tracking,output_pub,2028816824448,231975,232118
202607271059,e2e_trace_v3,8193,72209494146286934,0,perception.lidar_tracking,proc_enter,2028928772000,231975,232112
202607271059,e2e_trace_v3,8194,72209494146286934,0,perception.lidar_tracking,output_pub,2028929114720,231975,232112
202607271059,e2e_trace_v3,8210,72209494146286935,0,perception.lidar_tracking,proc_enter,2029031173664,231975,232119
202607271059,e2e_trace_v3,8211,72209494146286935,0,perception.lidar_tracking,output_pub,2029031498784,231975,232119
202607271059,e2e_trace_v3,8227,72209494146286936,0,perception.lidar_tracking,proc_enter,2029130130112,231975,232113
202607271059,e2e_trace_v3,8228,72209494146286936,0,perception.lidar_tracking,output_pub,2029130535584,231975,232113
202607271059,e2e_trace_v3,8244,72209494146286937,0,perception.lidar_tracking,proc_enter,2029228924864,231975,232123
202607271059,e2e_trace_v3,8245,72209494146286937,0,perception.lidar_tracking,output_pub,2029229246624,231975,232123
202607271059,e2e_trace_v3,8261,72209494146286938,0,perception.lidar_tracking,proc_enter,2029326956768,231975,232124
202607271059,e2e_trace_v3,8263,72209494146286938,0,perception.lidar_tracking,output_pub,2029327425120,231975,232124
202607271059,e2e_trace_v3,8278,72209494146286939,0,perception.lidar_tracking,proc_enter,2029425925568,231975,232120
202607271059,e2e_trace_v3,8281,72209494146286939,0,perception.lidar_tracking,output_pub,2029426172864,231975,232120
202607271059,e2e_trace_v3,8295,72209494146286940,0,perception.lidar_tracking,proc_enter,2029525048896,231975,232120
202607271059,e2e_trace_v3,8296,72209494146286940,0,perception.lidar_tracking,output_pub,2029525269120,231975,232120
202607271059,e2e_trace_v3,8312,72209494146286941,0,perception.lidar_tracking,proc_enter,2029624547488,231975,232109
202607271059,e2e_trace_v3,8313,72209494146286941,0,perception.lidar_tracking,output_pub,2029624904832,231975,232109
202607271059,e2e_trace_v3,8329,72209494146286942,0,perception.lidar_tracking,proc_enter,2029722421664,231975,232121
202607271059,e2e_trace_v3,8330,72209494146286942,0,perception.lidar_tracking,output_pub,2029722959840,231975,232121
202607271059,e2e_trace_v3,8346,72209494146286943,0,perception.lidar_tracking,proc_enter,2029818530112,231975,232111
202607271059,e2e_trace_v3,8347,72209494146286943,0,perception.lidar_tracking,output_pub,2029818775072,231975,232111
202607271059,e2e_trace_v3,8363,72209494146286944,0,perception.lidar_tracking,proc_enter,2029913840960,231975,232112
202607271059,e2e_trace_v3,8364,72209494146286944,0,perception.lidar_tracking,output_pub,2029914231616,231975,232112
202607271059,e2e_trace_v3,8380,72209494146286945,0,perception.lidar_tracking,proc_enter,2030009084096,231975,232113
202607271059,e2e_trace_v3,8381,72209494146286945,0,perception.lidar_tracking,output_pub,2030009349728,231975,232113
202607271059,e2e_trace_v3,8397,72209494146286946,0,perception.lidar_tracking,proc_enter,2030106942944,231975,232111
202607271059,e2e_trace_v3,8398,72209494146286946,0,perception.lidar_tracking,output_pub,2030107294112,231975,232111
202607271059,e2e_trace_v3,8414,72209494146286947,0,perception.lidar_tracking,proc_enter,2030204671872,231975,232122
202607271059,e2e_trace_v3,8415,72209494146286947,0,perception.lidar_tracking,output_pub,2030204964736,231975,232122
202607271059,e2e_trace_v3,8431,72209494146286948,0,perception.lidar_tracking,proc_enter,2030299929824,231975,232120
202607271059,e2e_trace_v3,8432,72209494146286948,0,perception.lidar_tracking,output_pub,2030300184896,231975,232120
202607271059,e2e_trace_v3,8448,72209494146286949,0,perception.lidar_tracking,proc_enter,2030395930880,231975,232111
202607271059,e2e_trace_v3,8451,72209494146286949,0,perception.lidar_tracking,output_pub,2030396243904,231975,232111
202607271059,e2e_trace_v3,8465,72209494146286950,0,perception.lidar_tracking,proc_enter,2030492549504,231975,232122
202607271059,e2e_trace_v3,8466,72209494146286950,0,perception.lidar_tracking,output_pub,2030492960000,231975,232122
202607271059,e2e_trace_v3,8482,72209494146286951,0,perception.lidar_tracking,proc_enter,2030592098656,231975,232124
202607271059,e2e_trace_v3,8483,72209494146286951,0,perception.lidar_tracking,output_pub,2030592504864,231975,232124
202607271059,e2e_trace_v3,8499,72209494146286952,0,perception.lidar_tracking,proc_enter,2030687128640,231975,232109
202607271059,e2e_trace_v3,8500,72209494146286952,0,perception.lidar_tracking,output_pub,2030687483360,231975,232109
202607271059,e2e_trace_v3,8512,72209494146286953,0,perception.lidar_tracking,proc_enter,2030781834240,231975,232109
202607271059,e2e_trace_v3,8513,72209494146286953,0,perception.lidar_tracking,output_pub,2030782220832,231975,232109
202607271059,e2e_trace_v3,8531,72209494146286954,0,perception.lidar_tracking,proc_enter,2030885970368,231975,232112
202607271059,e2e_trace_v3,8532,72209494146286954,0,perception.lidar_tracking,output_pub,2030886443040,231975,232112
202607271059,e2e_trace_v3,8548,72209494146286955,0,perception.lidar_tracking,proc_enter,2030995610208,231975,232110
202607271059,e2e_trace_v3,8549,72209494146286955,0,perception.lidar_tracking,output_pub,2030996098304,231975,232110
202607271059,e2e_trace_v3,8567,72209494146286956,0,perception.lidar_tracking,proc_enter,2031096555648,231975,232109
202607271059,e2e_trace_v3,8568,72209494146286956,0,perception.lidar_tracking,output_pub,2031096821376,231975,232109
202607271059,e2e_trace_v3,8584,72209494146286957,0,perception.lidar_tracking,proc_enter,2031190570592,231975,232122
202607271059,e2e_trace_v3,8585,72209494146286957,0,perception.lidar_tracking,output_pub,2031190856960,231975,232122
202607271059,e2e_trace_v3,8599,72209494146286958,0,perception.lidar_tracking,proc_enter,2031284260704,231975,232124
202607271059,e2e_trace_v3,8600,72209494146286958,0,perception.lidar_tracking,output_pub,2031284514208,231975,232124
202607271059,e2e_trace_v3,8618,72209494146286959,0,perception.lidar_tracking,proc_enter,2031390548480,231975,232115
202607271059,e2e_trace_v3,8619,72209494146286959,0,perception.lidar_tracking,output_pub,2031391109376,231975,232115
202607271059,e2e_trace_v3,8635,72209494146286960,0,perception.lidar_tracking,proc_enter,2031488946976,231975,232113
202607271059,e2e_trace_v3,8636,72209494146286960,0,perception.lidar_tracking,output_pub,2031489296384,231975,232113
202607271059,e2e_trace_v3,8650,72209494146286961,0,perception.lidar_tracking,proc_enter,2031586562720,231975,232111
202607271059,e2e_trace_v3,8651,72209494146286961,0,perception.lidar_tracking,output_pub,2031587108352,231975,232111
202607271059,e2e_trace_v3,8665,72209494146286962,0,perception.lidar_tracking,proc_enter,2031681936896,231975,232114
202607271059,e2e_trace_v3,8666,72209494146286962,0,perception.lidar_tracking,output_pub,2031682554112,231975,232114
202607271059,e2e_trace_v3,8686,72209494146286963,0,perception.lidar_tracking,proc_enter,2031800210016,231975,232111
202607271059,e2e_trace_v3,8687,72209494146286963,0,perception.lidar_tracking,output_pub,2031800885216,231975,232111
202607271059,e2e_trace_v3,8703,72209494146286964,0,perception.lidar_tracking,proc_enter,2031906535488,231975,232114
202607271059,e2e_trace_v3,8704,72209494146286964,0,perception.lidar_tracking,output_pub,2031907122624,231975,232114
202607271059,e2e_trace_v3,8720,72209494146286965,0,perception.lidar_tracking,proc_enter,2032000781120,231975,232124
202607271059,e2e_trace_v3,8721,72209494146286965,0,perception.lidar_tracking,output_pub,2032000906912,231975,232124
202607271059,e2e_trace_v3,8737,72209494146286966,0,perception.lidar_tracking,proc_enter,2032095996480,231975,232119
202607271059,e2e_trace_v3,8738,72209494146286966,0,perception.lidar_tracking,output_pub,2032096111744,231975,232119
202607271059,e2e_trace_v3,8754,72209494146286967,0,perception.lidar_tracking,proc_enter,2032190487296,231975,232110
202607271059,e2e_trace_v3,8755,72209494146286967,0,perception.lidar_tracking,output_pub,2032190819776,231975,232110
202607271059,e2e_trace_v3,8771,72209494146286968,0,perception.lidar_tracking,proc_enter,2032284273664,231975,232124
202607271059,e2e_trace_v3,8772,72209494146286968,0,perception.lidar_tracking,output_pub,2032284345824,231975,232124
202607271059,e2e_trace_v3,8784,72209494146286969,0,perception.lidar_tracking,proc_enter,2032377919968,231975,232124
202607271059,e2e_trace_v3,8785,72209494146286969,0,perception.lidar_tracking,output_pub,2032378073504,231975,232124
202607271059,e2e_trace_v3,8801,72209494146286970,0,perception.lidar_tracking,proc_enter,2032476908448,231975,232122
202607271059,e2e_trace_v3,8804,72209494146286970,0,perception.lidar_tracking,output_pub,2032477128096,231975,232122
202607271059,e2e_trace_v3,8818,72209494146286971,0,perception.lidar_tracking,proc_enter,2032571642176,231975,232123
202607271059,e2e_trace_v3,8819,72209494146286971,0,perception.lidar_tracking,output_pub,2032571840672,231975,232123
202607271059,e2e_trace_v3,8835,72209494146286972,0,perception.lidar_tracking,proc_enter,2032674988608,231975,232116
202607271059,e2e_trace_v3,8836,72209494146286972,0,perception.lidar_tracking,output_pub,2032675100288,231975,232116
202607271059,e2e_trace_v3,8856,72209494146286973,0,perception.lidar_tracking,proc_enter,2032798625920,231975,232119
202607271059,e2e_trace_v3,8857,72209494146286973,0,perception.lidar_tracking,output_pub,2032798991648,231975,232119
202607271059,e2e_trace_v3,8873,72209494146286974,0,perception.lidar_tracking,proc_enter,2032897459136,231975,232122
202607271059,e2e_trace_v3,8874,72209494146286974,0,perception.lidar_tracking,output_pub,2032897610624,231975,232122
202607271059,e2e_trace_v3,8890,72209494146286975,0,perception.lidar_tracking,proc_enter,2032994036448,231975,232120
202607271059,e2e_trace_v3,8891,72209494146286975,0,perception.lidar_tracking,output_pub,2032994234176,231975,232120
202607271059,e2e_trace_v3,8907,72209494146286976,0,perception.lidar_tracking,proc_enter,2033088983104,231975,232124
202607271059,e2e_trace_v3,8908,72209494146286976,0,perception.lidar_tracking,output_pub,2033089108640,231975,232124
202607271059,e2e_trace_v3,8917,72209494146286977,0,perception.lidar_tracking,proc_enter,2033182743200,231975,232120
202607271059,e2e_trace_v3,8918,72209494146286977,0,perception.lidar_tracking,output_pub,2033183046976,231975,232120
202607271059,e2e_trace_v3,8938,72209494146286978,0,perception.lidar_tracking,proc_enter,2033305471584,231975,232118
202607271059,e2e_trace_v3,8939,72209494146286978,0,perception.lidar_tracking,output_pub,2033305575040,231975,232118
202607271059,e2e_trace_v3,8955,72209494146286979,0,perception.lidar_tracking,proc_enter,2033398562080,231975,232120
202607271059,e2e_trace_v3,8956,72209494146286979,0,perception.lidar_tracking,output_pub,2033398677504,231975,232120
202607271059,e2e_trace_v3,8972,72209494146286980,0,perception.lidar_tracking,proc_enter,2033491285888,231975,232116
202607271059,e2e_trace_v3,8973,72209494146286980,0,perception.lidar_tracking,output_pub,2033491406048,231975,232116
202607271059,e2e_trace_v3,8989,72209494146286981,0,perception.lidar_tracking,proc_enter,2033586305856,231975,232118
202607271059,e2e_trace_v3,8992,72209494146286981,0,perception.lidar_tracking,output_pub,2033586453440,231975,232118
202607271059,e2e_trace_v3,9002,72209494146286982,0,perception.lidar_tracking,proc_enter,2033679535648,231975,232120
202607271059,e2e_trace_v3,9003,72209494146286982,0,perception.lidar_tracking,output_pub,2033679666880,231975,232120
202607271059,e2e_trace_v3,9019,72209494146286983,0,perception.lidar_tracking,proc_enter,2033780745472,231975,232111
202607271059,e2e_trace_v3,9020,72209494146286983,0,perception.lidar_tracking,output_pub,2033780915872,231975,232111
202607271059,e2e_trace_v3,9040,72209494146286984,0,perception.lidar_tracking,proc_enter,2033887605984,231975,232119
202607271059,e2e_trace_v3,9043,72209494146286984,0,perception.lidar_tracking,output_pub,2033887698144,231975,232119
202607271059,e2e_trace_v3,9053,72209494146286985,0,perception.lidar_tracking,proc_enter,2033982484064,231975,232109
202607271059,e2e_trace_v3,9054,72209494146286985,0,perception.lidar_tracking,output_pub,2033982626944,231975,232109
202607271059,e2e_trace_v3,9072,72209494146286986,0,perception.lidar_tracking,proc_enter,2034088723744,231975,232123
202607271059,e2e_trace_v3,9073,72209494146286986,0,perception.lidar_tracking,output_pub,2034088935360,231975,232123
202607271059,e2e_trace_v3,9091,72209494146286987,0,perception.lidar_tracking,proc_enter,2034192931872,231975,232116
202607271059,e2e_trace_v3,9092,72209494146286987,0,perception.lidar_tracking,output_pub,2034193033728,231975,232116
202607271059,e2e_trace_v3,9108,72209494146286988,0,perception.lidar_tracking,proc_enter,2034286776608,231975,232124
202607271059,e2e_trace_v3,9109,72209494146286988,0,perception.lidar_tracking,output_pub,2034286865536,231975,232124
