run_id,schema_version,event_id,trace_id,proc_id,module,edge,mono_ns,trace_valid,channel,input_seq,output_seq,data_ts_ns,object_count,primary_parent_trace_id,parent_trace_count,pid,tid
202607191739,e2e_trace_v3,2,17294028383935529397,6399,control,in,83630945062880,1,/apollo/planning,218,0,1784453987111115415,0,0,0,2407194,2407309
202607191739,e2e_trace_v3,10,17294028383935529397,6399,control,out,83630945766784,1,/apollo/control,0,6398,1784453987111115415,0,72263408870752700,2,2407194,2407309
202607191739,e2e_trace_v3,13,17294028383935529397,6400,control,in,83630954704352,1,/apollo/planning,218,0,1784453987111115415,0,0,0,2407194,2407326
202607191739,e2e_trace_v3,21,17294028383935529397,6400,control,out,83630955028704,1,/apollo/control,0,6399,1784453987111115415,0,72263408870752700,2,2407194,2407326
202607191739,e2e_trace_v3,24,17294028383935529397,6401,control,in,83630964706112,1,/apollo/planning,218,0,1784453987111115415,0,0,0,2407194,2407304
202607191739,e2e_trace_v3,32,17294028383935529397,6401,control,out,83630965100128,1,/apollo/control,0,6400,1784453987111115415,0,72263408870752700,2,2407194,2407304
202607191739,e2e_trace_v3,35,17294028383935529397,6402,control,in,83630974750208,1,/apollo/planning,218,0,1784453987111115415,0,0,0,2407194,2407302
202607191739,e2e_trace_v3,43,17294028383935529397,6402,control,out,83630975249824,1,/apollo/control,0,6401,1784453987111115415,0,72263408870752700,2,2407194,2407302
202607191739,e2e_trace_v3,46,17294028383935529397,6403,control,in,83630984736960,1,/apollo/planning,218,0,1784453987111115415,0,0,0,2407194,2407329
202607191739,e2e_trace_v3,54,17294028383935529397,6403,control,out,83630985156096,1,/apollo/control,0,6402,1784453987111115415,0,72263408870752700,2,2407194,2407329
202607191739,e2e_trace_v3,57,17294028383935529397,6404,control,in,83630994670784,1,/apollo/planning,218,0,1784453987111115415,0,0,0,2407194,2407326
202607191739,e2e_trace_v3,65,17294028383935529397,6404,control,out,83630994964608,1,/apollo/control,0,6403,1784453987111115415,0,72263408870752700,2,2407194,2407326
202607191739,e2e_trace_v3,68,17294028383935529397,6405,control,in,83631004753152,1,/apollo/planning,218,0,1784453987111115415,0,0,0,2407194,2407313
202607191739,e2e_trace_v3,76,17294028383935529397,6405,control,out,83631005279872,1,/apollo/control,0,6404,1784453987111115415,0,72263408870752700,2,2407194,2407313
202607191739,e2e_trace_v3,79,17294028383935529397,6406,control,in,83631014832960,1,/apollo/planning,218,0,1784453987111115415,0,0,0,2407194,2407304
202607191739,e2e_trace_v3,87,17294028383935529397,6406,control,out,83631015095200,1,/apollo/control,0,6405,1784453987111115415,0,72263408870752700,2,2407194,2407304
202607191739,e2e_trace_v3,90,17294028383935529397,6407,control,in,83631024775136,1,/apollo/planning,218,0,1784453987111115415,0,0,0,2407194,2407319
202607191739,e2e_trace_v3,98,17294028383935529397,6407,control,out,83631025364352,1,/apollo/control,0,6406,1784453987111115415,0,72263408870752700,2,2407194,2407319
202607191739,e2e_trace_v3,101,17294028383935529397,6408,control,in,83631034751232,1,/apollo/planning,218,0,1784453987111115415,0,0,0,2407194,2407302
202607191739,e2e_trace_v3,109,17294028383935529397,6408,control,out,83631035305728,1,/apollo/control,0,6407,1784453987111115415,0,72263408870752700,2,2407194,2407302
202607191739,e2e_trace_v3,112,17294028383935529397,6409,control,in,83631044721248,1,/apollo/planning,218,0,1784453987111115415,0,0,0,2407194,2407326
202607191739,e2e_trace_v3,120,17294028383935529397,6409,control,out,83631045041664,1,/apollo/control,0,6408,1784453987111115415,0,72263408870752700,2,2407194,2407326
202607191739,e2e_trace_v3,123,17294028383935529398,6410,control,in,83631054716160,1,/apollo/planning,219,0,1784453987219904080,0,0,0,2407194,2407313
202607191739,e2e_trace_v3,131,17294028383935529398,6410,control,out,83631055090624,1,/apollo/control,0,6409,1784453987219904080,0,72263408870752701,2,2407194,2407313
202607191739,e2e_trace_v3,134,17294028383935529398,6411,control,in,83631064721312,1,/apollo/planning,219,0,1784453987219904080,0,0,0,2407194,2407306
202607191739,e2e_trace_v3,142,17294028383935529398,6411,control,out,83631065106944,1,/apollo/control,0,6410,1784453987219904080,0,72263408870752701,2,2407194,2407306
202607191739,e2e_trace_v3,145,17294028383935529398,6412,control,in,83631074687136,1,/apollo/planning,219,0,1784453987219904080,0,0,0,2407194,2407322
202607191739,e2e_trace_v3,153,17294028383935529398,6412,control,out,83631075025408,1,/apollo/control,0,6411,1784453987219904080,0,72263408870752701,2,2407194,2407322
202607191739,e2e_trace_v3,156,17294028383935529398,6413,control,in,83631084711424,1,/apollo/planning,219,0,1784453987219904080,0,0,0,2407194,2407318
202607191739,e2e_trace_v3,164,17294028383935529398,6413,control,out,83631084977824,1,/apollo/control,0,6412,1784453987219904080,0,72263408870752701,2,2407194,2407318
202607191739,e2e_trace_v3,167,17294028383935529398,6414,control,in,83631094750560,1,/apollo/planning,219,0,1784453987219904080,0,0,0,2407194,2407306
202607191739,e2e_trace_v3,175,17294028383935529398,6414,control,out,83631095228480,1,/apollo/control,0,6413,1784453987219904080,0,72263408870752701,2,2407194,2407306
202607191739,e2e_trace_v3,178,17294028383935529398,6415,control,in,83631104664064,1,/apollo/planning,219,0,1784453987219904080,0,0,0,2407194,2407329
202607191739,e2e_trace_v3,186,17294028383935529398,6415,control,out,83631104960480,1,/apollo/control,0,6414,1784453987219904080,0,72263408870752701,2,2407194,2407329
202607191739,e2e_trace_v3,189,17294028383935529398,6416,control,in,83631114698912,1,/apollo/planning,219,0,1784453987219904080,0,0,0,2407194,2407300
202607191739,e2e_trace_v3,197,17294028383935529398,6416,control,out,83631115047424,1,/apollo/control,0,6415,1784453987219904080,0,72263408870752701,2,2407194,2407300
202607191739,e2e_trace_v3,200,17294028383935529398,6417,control,in,83631124760960,1,/apollo/planning,219,0,1784453987219904080,0,0,0,2407194,2407309
202607191739,e2e_trace_v3,208,17294028383935529398,6417,control,out,83631125288032,1,/apollo/control,0,6416,1784453987219904080,0,72263408870752701,2,2407194,2407309
202607191739,e2e_trace_v3,211,17294028383935529398,6418,control,in,83631134741632,1,/apollo/planning,219,0,1784453987219904080,0,0,0,2407194,2407311
202607191739,e2e_trace_v3,219,17294028383935529398,6418,control,out,83631135373696,1,/apollo/control,0,6417,1784453987219904080,0,72263408870752701,2,2407194,2407311
202607191739,e2e_trace_v3,222,17294028383935529398,6419,control,in,83631144728512,1,/apollo/planning,219,0,1784453987219904080,0,0,0,2407194,2407304
202607191739,e2e_trace_v3,230,17294028383935529398,6419,control,out,83631145060576,1,/apollo/control,0,6418,1784453987219904080,0,72263408870752701,2,2407194,2407304
202607191739,e2e_trace_v3,233,17294028383935529398,6420,control,in,83631154764992,1,/apollo/planning,219,0,1784453987219904080,0,0,0,2407194,2407329
202607191739,e2e_trace_v3,241,17294028383935529398,6420,control,out,83631155104736,1,/apollo/control,0,6419,1784453987219904080,0,72263408870752701,2,2407194,2407329
202607191739,e2e_trace_v3,244,17294028383935529399,6421,control,in,83631164695904,1,/apollo/planning,220,0,1784453987331160855,0,0,0,2407194,2407326
202607191739,e2e_trace_v3,252,17294028383935529399,6421,control,out,83631164992320,1,/apollo/control,0,6420,1784453987331160855,0,72263408870752702,2,2407194,2407326
202607191739,e2e_trace_v3,255,17294028383935529399,6422,control,in,83631174687744,1,/apollo/planning,220,0,1784453987331160855,0,0,0,2407194,2407329
202607191739,e2e_trace_v3,263,17294028383935529399,6422,control,out,83631175017184,1,/apollo/control,0,6421,1784453987331160855,0,72263408870752702,2,2407194,2407329
202607191739,e2e_trace_v3,266,17294028383935529399,6423,control,in,83631184665312,1,/apollo/planning,220,0,1784453987331160855,0,0,0,2407194,2407311
202607191739,e2e_trace_v3,274,17294028383935529399,6423,control,out,83631184991712,1,/apollo/control,0,6422,1784453987331160855,0,72263408870752702,2,2407194,2407311
202607191739,e2e_trace_v3,277,17294028383935529399,6424,control,in,83631194695712,1,/apollo/planning,220,0,1784453987331160855,0,0,0,2407194,2407330
202607191739,e2e_trace_v3,285,17294028383935529399,6424,control,out,83631194985632,1,/apollo/control,0,6423,1784453987331160855,0,72263408870752702,2,2407194,2407330
202607191739,e2e_trace_v3,288,17294028383935529399,6425,control,in,83631204709952,1,/apollo/planning,220,0,1784453987331160855,0,0,0,2407194,2407309
202607191739,e2e_trace_v3,296,17294028383935529399,6425,control,out,83631205284224,1,/apollo/control,0,6424,1784453987331160855,0,72263408870752702,2,2407194,2407309
202607191739,e2e_trace_v3,299,17294028383935529399,6426,control,in,83631214701376,1,/apollo/planning,220,0,1784453987331160855,0,0,0,2407194,2407318
202607191739,e2e_trace_v3,307,17294028383935529399,6426,control,out,83631215111424,1,/apollo/control,0,6425,1784453987331160855,0,72263408870752702,2,2407194,2407318
202607191739,e2e_trace_v3,310,17294028383935529399,6427,control,in,83631224653024,1,/apollo/planning,220,0,1784453987331160855,0,0,0,2407194,2407306
202607191739,e2e_trace_v3,318,17294028383935529399,6427,control,out,83631225038880,1,/apollo/control,0,6426,1784453987331160855,0,72263408870752702,2,2407194,2407306
202607191739,e2e_trace_v3,321,17294028383935529399,6428,control,in,83631234710848,1,/apollo/planning,220,0,1784453987331160855,0,0,0,2407194,2407319
202607191739,e2e_trace_v3,329,17294028383935529399,6428,control,out,83631235242752,1,/apollo/control,0,6427,1784453987331160855,0,72263408870752702,2,2407194,2407319
202607191739,e2e_trace_v3,332,17294028383935529399,6429,control,in,83631244723648,1,/apollo/planning,220,0,1784453987331160855,0,0,0,2407194,2407322
202607191739,e2e_trace_v3,340,17294028383935529399,6429,control,out,83631245196064,1,/apollo/control,0,6428,1784453987331160855,0,72263408870752702,2,2407194,2407322
202607191739,e2e_trace_v3,343,17294028383935529399,6430,control,in,83631254729728,1,/apollo/planning,220,0,1784453987331160855,0,0,0,2407194,2407302
202607191739,e2e_trace_v3,351,17294028383935529399,6430,control,out,83631255175616,1,/apollo/control,0,6429,1784453987331160855,0,72263408870752702,2,2407194,2407302
202607191739,e2e_trace_v3,354,17294028383935529399,6431,control,in,83631264769664,1,/apollo/planning,220,0,1784453987331160855,0,0,0,2407194,2407313
202607191739,e2e_trace_v3,362,17294028383935529399,6431,control,out,83631265365728,1,/apollo/control,0,6430,1784453987331160855,0,72263408870752702,2,2407194,2407313
202607191739,e2e_trace_v3,365,17294028383935529399,6432,control,in,83631274707680,1,/apollo/planning,220,0,1784453987331160855,0,0,0,2407194,2407326
202607191739,e2e_trace_v3,373,17294028383935529399,6432,control,out,83631275027776,1,/apollo/control,0,6431,1784453987331160855,0,72263408870752702,2,2407194,2407326
202607191739,e2e_trace_v3,376,17294028383935529400,6433,control,in,83631284775168,1,/apollo/planning,221,0,1784453987443954882,0,0,0,2407194,2407324
202607191739,e2e_trace_v3,384,17294028383935529400,6433,control,out,83631285350784,1,/apollo/control,0,6432,1784453987443954882,0,72263408870752703,2,2407194,2407324
202607191739,e2e_trace_v3,387,17294028383935529400,6434,control,in,83631294761504,1,/apollo/planning,221,0,1784453987443954882,0,0,0,2407194,2407318
202607191739,e2e_trace_v3,395,17294028383935529400,6434,control,out,83631295786336,1,/apollo/control,0,6433,1784453987443954882,0,72263408870752703,2,2407194,2407318
202607191739,e2e_trace_v3,398,17294028383935529400,6435,control,in,83631304746016,1,/apollo/planning,221,0,1784453987443954882,0,0,0,2407194,2407309
202607191739,e2e_trace_v3,406,17294028383935529400,6435,control,out,83631305211392,1,/apollo/control,0,6434,1784453987443954882,0,72263408870752703,2,2407194,2407309
202607191739,e2e_trace_v3,409,17294028383935529400,6436,control,in,83631314722784,1,/apollo/planning,221,0,1784453987443954882,0,0,0,2407194,2407300
202607191739,e2e_trace_v3,417,17294028383935529400,6436,control,out,83631315163392,1,/apollo/control,0,6435,1784453987443954882,0,72263408870752703,2,2407194,2407300
202607191739,e2e_trace_v3,420,17294028383935529400,6437,control,in,83631324621408,1,/apollo/planning,221,0,1784453987443954882,0,0,0,2407194,2407330
202607191739,e2e_trace_v3,428,17294028383935529400,6437,control,out,83631324963072,1,/apollo/control,0,6436,1784453987443954882,0,72263408870752703,2,2407194,2407330
202607191739,e2e_trace_v3,431,17294028383935529400,6438,control,in,83631334665728,1,/apollo/planning,221,0,1784453987443954882,0,0,0,2407194,2407330
202607191739,e2e_trace_v3,439,17294028383935529400,6438,control,out,83631335107968,1,/apollo/control,0,6437,1784453987443954882,0,72263408870752703,2,2407194,2407330
202607191739,e2e_trace_v3,442,17294028383935529400,6439,control,in,83631344707232,1,/apollo/planning,221,0,1784453987443954882,0,0,0,2407194,2407309
202607191739,e2e_trace_v3,450,17294028383935529400,6439,control,out,83631345093024,1,/apollo/control,0,6438,1784453987443954882,0,72263408870752703,2,2407194,2407309
202607191739,e2e_trace_v3,453,17294028383935529400,6440,control,in,83631354736448,1,/apollo/planning,221,0,1784453987443954882,0,0,0,2407194,2407313
202607191739,e2e_trace_v3,461,17294028383935529400,6440,control,out,83631355347808,1,/apollo/control,0,6439,1784453987443954882,0,72263408870752703,2,2407194,2407313
202607191739,e2e_trace_v3,464,17294028383935529400,6441,control,in,83631364747520,1,/apollo/planning,221,0,1784453987443954882,0,0,0,2407194,2407322
202607191739,e2e_trace_v3,472,17294028383935529400,6441,control,out,83631365211136,1,/apollo/control,0,6440,1784453987443954882,0,72263408870752703,2,2407194,2407322
202607191739,e2e_trace_v3,475,17294028383935529400,6442,control,in,83631374752000,1,/apollo/planning,221,0,1784453987443954882,0,0,0,2407194,2407300
202607191739,e2e_trace_v3,483,17294028383935529400,6442,control,out,83631375365344,1,/apollo/control,0,6441,1784453987443954882,0,72263408870752703,2,2407194,2407300
202607191739,e2e_trace_v3,486,17294028383935529401,6443,control,in,83631384743648,1,/apollo/planning,222,0,1784453987552918931,0,0,0,2407194,2407302
202607191739,e2e_trace_v3,494,17294028383935529401,6443,control,out,83631385123136,1,/apollo/control,0,6442,1784453987552918931,0,72263408870752704,2,2407194,2407302
202607191739,e2e_trace_v3,497,17294028383935529401,6444,control,in,83631394757760,1,/apollo/planning,222,0,1784453987552918931,0,0,0,2407194,2407304
202607191739,e2e_trace_v3,505,17294028383935529401,6444,control,out,83631395177760,1,/apollo/control,0,6443,1784453987552918931,0,72263408870752704,2,2407194,2407304
202607191739,e2e_trace_v3,508,17294028383935529401,6445,control,in,83631404776608,1,/apollo/planning,222,0,1784453987552918931,0,0,0,2407194,2407306
202607191739,e2e_trace_v3,516,17294028383935529401,6445,control,out,83631405359584,1,/apollo/control,0,6444,1784453987552918931,0,72263408870752704,2,2407194,2407306
202607191739,e2e_trace_v3,519,17294028383935529401,6446,control,in,83631414788288,1,/apollo/planning,222,0,1784453987552918931,0,0,0,2407194,2407322
202607191739,e2e_trace_v3,527,17294028383935529401,6446,control,out,83631415459968,1,/apollo/control,0,6445,1784453987552918931,0,72263408870752704,2,2407194,2407322
202607191739,e2e_trace_v3,530,17294028383935529401,6447,control,in,83631424713440,1,/apollo/planning,222,0,1784453987552918931,0,0,0,2407194,2407328
202607191739,e2e_trace_v3,538,17294028383935529401,6447,control,out,83631425194048,1,/apollo/control,0,6446,1784453987552918931,0,72263408870752704,2,2407194,2407328
202607191739,e2e_trace_v3,541,17294028383935529401,6448,control,in,83631434661984,1,/apollo/planning,222,0,1784453987552918931,0,0,0,2407194,2407324
202607191739,e2e_trace_v3,549,17294028383935529401,6448,control,out,83631434968544,1,/apollo/control,0,6447,1784453987552918931,0,72263408870752704,2,2407194,2407324
202607191739,e2e_trace_v3,552,17294028383935529401,6449,control,in,83631444680416,1,/apollo/planning,222,0,1784453987552918931,0,0,0,2407194,2407309
202607191739,e2e_trace_v3,560,17294028383935529401,6449,control,out,83631445024256,1,/apollo/control,0,6448,1784453987552918931,0,72263408870752704,2,2407194,2407309
202607191739,e2e_trace_v3,563,17294028383935529401,6450,control,in,83631454672224,1,/apollo/planning,222,0,1784453987552918931,0,0,0,2407194,2407329
202607191739,e2e_trace_v3,571,17294028383935529401,6450,control,out,83631455086816,1,/apollo/control,0,6449,1784453987552918931,0,72263408870752704,2,2407194,2407329
202607191739,e2e_trace_v3,574,17294028383935529401,6451,control,in,83631464734240,1,/apollo/planning,222,0,1784453987552918931,0,0,0,2407194,2407322
202607191739,e2e_trace_v3,582,17294028383935529401,6451,control,out,83631465238688,1,/apollo/control,0,6450,1784453987552918931,0,72263408870752704,2,2407194,2407322
202607191739,e2e_trace_v3,585,17294028383935529401,6452,control,in,83631475557216,1,/apollo/planning,222,0,1784453987552918931,0,0,0,2407194,2407304
202607191739,e2e_trace_v3,593,17294028383935529401,6452,control,out,83631475984416,1,/apollo/control,0,6451,1784453987552918931,0,72263408870752704,2,2407194,2407304
202607191739,e2e_trace_v3,596,17294028383935529401,6453,control,in,83631482687008,1,/apollo/planning,222,0,1784453987552918931,0,0,0,2407194,2407315
202607191739,e2e_trace_v3,604,17294028383935529401,6453,control,out,83631483061152,1,/apollo/control,0,6452,1784453987552918931,0,72263408870752704,2,2407194,2407315
202607191739,e2e_trace_v3,607,17294028383935529401,6454,control,in,83631494726560,1,/apollo/planning,222,0,1784453987552918931,0,0,0,2407194,2407324
202607191739,e2e_trace_v3,615,17294028383935529401,6454,control,out,83631495673280,1,/apollo/control,0,6453,1784453987552918931,0,72263408870752704,2,2407194,2407324
202607191739,e2e_trace_v3,618,17294028383935529402,6455,control,in,83631504749376,1,/apollo/planning,223,0,1784453987662555153,0,0,0,2407194,2407311
202607191739,e2e_trace_v3,626,17294028383935529402,6455,control,out,83631505189888,1,/apollo/control,0,6454,1784453987662555153,0,72263408870752705,2,2407194,2407311
202607191739,e2e_trace_v3,629,17294028383935529402,6456,control,in,83631514698112,1,/apollo/planning,223,0,1784453987662555153,0,0,0,2407194,2407318
202607191739,e2e_trace_v3,637,17294028383935529402,6456,control,out,83631515052032,1,/apollo/control,0,6455,1784453987662555153,0,72263408870752705,2,2407194,2407318
202607191739,e2e_trace_v3,640,17294028383935529402,6457,control,in,83631524730912,1,/apollo/planning,223,0,1784453987662555153,0,0,0,2407194,2407326
202607191739,e2e_trace_v3,648,17294028383935529402,6457,control,out,83631525203008,1,/apollo/control,0,6456,1784453987662555153,0,72263408870752705,2,2407194,2407326
202607191739,e2e_trace_v3,651,17294028383935529402,6458,control,in,83631534698304,1,/apollo/planning,223,0,1784453987662555153,0,0,0,2407194,2407319
202607191739,e2e_trace_v3,659,17294028383935529402,6458,control,out,83631535091552,1,/apollo/control,0,6457,1784453987662555153,0,72263408870752705,2,2407194,2407319
202607191739,e2e_trace_v3,662,17294028383935529402,6459,control,in,83631544659008,1,/apollo/planning,223,0,1784453987662555153,0,0,0,2407194,2407328
202607191739,e2e_trace_v3,670,17294028383935529402,6459,control,out,83631544934720,1,/apollo/control,0,6458,1784453987662555153,0,72263408870752705,2,2407194,2407328
202607191739,e2e_trace_v3,673,17294028383935529402,6460,control,in,83631554685856,1,/apollo/planning,223,0,1784453987662555153,0,0,0,2407194,2407306
202607191739,e2e_trace_v3,681,17294028383935529402,6460,control,out,83631555201664,1,/apollo/control,0,6459,1784453987662555153,0,72263408870752705,2,2407194,2407306
202607191739,e2e_trace_v3,684,17294028383935529402,6461,control,in,83631564684736,1,/apollo/planning,223,0,1784453987662555153,0,0,0,2407194,2407311
202607191739,e2e_trace_v3,692,17294028383935529402,6461,control,out,83631565096704,1,/apollo/control,0,6460,1784453987662555153,0,72263408870752705,2,2407194,2407311
202607191739,e2e_trace_v3,695,17294028383935529402,6462,control,in,83631574726144,1,/apollo/planning,223,0,1784453987662555153,0,0,0,2407194,2407328
202607191739,e2e_trace_v3,703,17294028383935529402,6462,control,out,83631575213280,1,/apollo/control,0,6461,1784453987662555153,0,72263408870752705,2,2407194,2407328
202607191739,e2e_trace_v3,706,17294028383935529402,6463,control,in,83631584717664,1,/apollo/planning,223,0,1784453987662555153,0,0,0,2407194,2407313
202607191739,e2e_trace_v3,714,17294028383935529402,6463,control,out,83631585317600,1,/apollo/control,0,6462,1784453987662555153,0,72263408870752705,2,2407194,2407313
202607191739,e2e_trace_v3,717,17294028383935529402,6464,control,in,83631594711328,1,/apollo/planning,223,0,1784453987662555153,0,0,0,2407194,2407311
202607191739,e2e_trace_v3,725,17294028383935529402,6464,control,out,83631595196640,1,/apollo/control,0,6463,1784453987662555153,0,72263408870752705,2,2407194,2407311
202607191739,e2e_trace_v3,728,17294028383935529402,6465,control,in,83631604703872,1,/apollo/planning,223,0,1784453987662555153,0,0,0,2407194,2407330
202607191739,e2e_trace_v3,736,17294028383935529402,6465,control,out,83631605250944,1,/apollo/control,0,6464,1784453987662555153,0,72263408870752705,2,2407194,2407330
202607191739,e2e_trace_v3,739,17294028383935529403,6466,control,in,83631614744960,1,/apollo/planning,224,0,1784453987771474805,0,0,0,2407194,2407318
202607191739,e2e_trace_v3,747,17294028383935529403,6466,control,out,83631615232288,1,/apollo/control,0,6465,1784453987771474805,0,72263408870752706,2,2407194,2407318
202607191739,e2e_trace_v3,750,17294028383935529403,6467,control,in,83631624738432,1,/apollo/planning,224,0,1784453987771474805,0,0,0,2407194,2407326
202607191739,e2e_trace_v3,758,17294028383935529403,6467,control,out,83631625348640,1,/apollo/control,0,6466,1784453987771474805,0,72263408870752706,2,2407194,2407326
202607191739,e2e_trace_v3,761,17294028383935529403,6468,control,in,83631634738368,1,/apollo/planning,224,0,1784453987771474805,0,0,0,2407194,2407304
202607191739,e2e_trace_v3,769,17294028383935529403,6468,control,out,83631635209088,1,/apollo/control,0,6467,1784453987771474805,0,72263408870752706,2,2407194,2407304
202607191739,e2e_trace_v3,772,17294028383935529403,6469,control,in,83631644703776,1,/apollo/planning,224,0,1784453987771474805,0,0,0,2407194,2407309
202607191739,e2e_trace_v3,780,17294028383935529403,6469,control,out,83631645144800,1,/apollo/control,0,6468,1784453987771474805,0,72263408870752706,2,2407194,2407309
202607191739,e2e_trace_v3,783,17294028383935529403,6470,control,in,83631654734720,1,/apollo/planning,224,0,1784453987771474805,0,0,0,2407194,2407306
202607191739,e2e_trace_v3,791,17294028383935529403,6470,control,out,83631655232960,1,/apollo/control,0,6469,1784453987771474805,0,72263408870752706,2,2407194,2407306
202607191739,e2e_trace_v3,794,17294028383935529403,6471,control,in,83631664665984,1,/apollo/planning,224,0,1784453987771474805,0,0,0,2407194,2407300
202607191739,e2e_trace_v3,802,17294028383935529403,6471,control,out,83631664981408,1,/apollo/control,0,6470,1784453987771474805,0,72263408870752706,2,2407194,2407300
202607191739,e2e_trace_v3,805,17294028383935529403,6472,control,in,83631674667232,1,/apollo/planning,224,0,1784453987771474805,0,0,0,2407194,2407329
202607191739,e2e_trace_v3,813,17294028383935529403,6472,control,out,83631674982432,1,/apollo/control,0,6471,1784453987771474805,0,72263408870752706,2,2407194,2407329
202607191739,e2e_trace_v3,816,17294028383935529403,6473,control,in,83631684660416,1,/apollo/planning,224,0,1784453987771474805,0,0,0,2407194,2407328
202607191739,e2e_trace_v3,824,17294028383935529403,6473,control,out,83631684956288,1,/apollo/control,0,6472,1784453987771474805,0,72263408870752706,2,2407194,2407328
202607191739,e2e_trace_v3,827,17294028383935529403,6474,control,in,83631694668320,1,/apollo/planning,224,0,1784453987771474805,0,0,0,2407194,2407330
202607191739,e2e_trace_v3,835,17294028383935529403,6474,control,out,83631694981088,1,/apollo/control,0,6473,1784453987771474805,0,72263408870752706,2,2407194,2407330
202607191739,e2e_trace_v3,838,17294028383935529403,6475,control,in,83631704655936,1,/apollo/planning,224,0,1784453987771474805,0,0,0,2407194,2407306
202607191739,e2e_trace_v3,846,17294028383935529403,6475,control,out,83631705008320,1,/apollo/control,0,6474,1784453987771474805,0,72263408870752706,2,2407194,2407306
202607191739,e2e_trace_v3,849,17294028383935529403,6476,control,in,83631714654688,1,/apollo/planning,224,0,1784453987771474805,0,0,0,2407194,2407324
202607191739,e2e_trace_v3,857,17294028383935529403,6476,control,out,83631714939008,1,/apollo/control,0,6475,1784453987771474805,0,72263408870752706,2,2407194,2407324
202607191739,e2e_trace_v3,860,17294028383935529404,6477,control,in,83631724656064,1,/apollo/planning,225,0,1784453987880042829,0,0,0,2407194,2407315
202607191739,e2e_trace_v3,868,17294028383935529404,6477,control,out,83631725033088,1,/apollo/control,0,6476,1784453987880042829,0,72263408870752707,2,2407194,2407315
202607191739,e2e_trace_v3,871,17294028383935529404,6478,control,in,83631734653024,1,/apollo/planning,225,0,1784453987880042829,0,0,0,2407194,2407329
202607191739,e2e_trace_v3,879,17294028383935529404,6478,control,out,83631734904480,1,/apollo/control,0,6477,1784453987880042829,0,72263408870752707,2,2407194,2407329
202607191739,e2e_trace_v3,882,17294028383935529404,6479,control,in,83631744676992,1,/apollo/planning,225,0,1784453987880042829,0,0,0,2407194,2407311
202607191739,e2e_trace_v3,890,17294028383935529404,6479,control,out,83631744995808,1,/apollo/control,0,6478,1784453987880042829,0,72263408870752707,2,2407194,2407311
202607191739,e2e_trace_v3,893,17294028383935529404,6480,control,in,83631754639808,1,/apollo/planning,225,0,1784453987880042829,0,0,0,2407194,2407319
202607191739,e2e_trace_v3,901,17294028383935529404,6480,control,out,83631754973216,1,/apollo/control,0,6479,1784453987880042829,0,72263408870752707,2,2407194,2407319
202607191739,e2e_trace_v3,904,17294028383935529404,6481,control,in,83631764670624,1,/apollo/planning,225,0,1784453987880042829,0,0,0,2407194,2407309
202607191739,e2e_trace_v3,912,17294028383935529404,6481,control,out,83631764978624,1,/apollo/control,0,6480,1784453987880042829,0,72263408870752707,2,2407194,2407309
202607191739,e2e_trace_v3,915,17294028383935529404,6482,control,in,83631774659200,1,/apollo/planning,225,0,1784453987880042829,0,0,0,2407194,2407306
202607191739,e2e_trace_v3,923,17294028383935529404,6482,control,out,83631774972128,1,/apollo/control,0,6481,1784453987880042829,0,72263408870752707,2,2407194,2407306
202607191739,e2e_trace_v3,926,17294028383935529404,6483,control,in,83631784661856,1,/apollo/planning,225,0,1784453987880042829,0,0,0,2407194,2407304
202607191739,e2e_trace_v3,934,17294028383935529404,6483,control,out,83631784912480,1,/apollo/control,0,6482,1784453987880042829,0,72263408870752707,2,2407194,2407304
202607191739,e2e_trace_v3,937,17294028383935529404,6484,control,in,83631794699872,1,/apollo/planning,225,0,1784453987880042829,0,0,0,2407194,2407324
202607191739,e2e_trace_v3,945,17294028383935529404,6484,control,out,83631795110688,1,/apollo/control,0,6483,1784453987880042829,0,72263408870752707,2,2407194,2407324
202607191739,e2e_trace_v3,948,17294028383935529404,6485,control,in,83631804686432,1,/apollo/planning,225,0,1784453987880042829,0,0,0,2407194,2407313
202607191739,e2e_trace_v3,956,17294028383935529404,6485,control,out,83631805035392,1,/apollo/control,0,6484,1784453987880042829,0,72263408870752707,2,2407194,2407313
202607191739,e2e_trace_v3,959,17294028383935529405,6486,control,in,83631814684416,1,/apollo/planning,226,0,1784453987997034928,0,0,0,2407194,2407330
202607191739,e2e_trace_v3,967,17294028383935529405,6486,control,out,83631815135008,1,/apollo/control,0,6485,1784453987997034928,0,72263408870752708,2,2407194,2407330
202607191739,e2e_trace_v3,970,17294028383935529405,6487,control,in,83631824718144,1,/apollo/planning,226,0,1784453987997034928,0,0,0,2407194,2407313
202607191739,e2e_trace_v3,978,17294028383935529405,6487,control,out,83631825124192,1,/apollo/control,0,6486,1784453987997034928,0,72263408870752708,2,2407194,2407313
202607191739,e2e_trace_v3,981,17294028383935529405,6488,control,in,83631834689248,1,/apollo/planning,226,0,1784453987997034928,0,0,0,2407194,2407328
202607191739,e2e_trace_v3,989,17294028383935529405,6488,control,out,83631835059200,1,/apollo/control,0,6487,1784453987997034928,0,72263408870752708,2,2407194,2407328
202607191739,e2e_trace_v3,992,17294028383935529405,6489,control,in,83631844614176,1,/apollo/planning,226,0,1784453987997034928,0,0,0,2407194,2407300
202607191739,e2e_trace_v3,1000,17294028383935529405,6489,control,out,83631844985440,1,/apollo/control,0,6488,1784453987997034928,0,72263408870752708,2,2407194,2407300
202607191739,e2e_trace_v3,1003,17294028383935529405,6490,control,in,83631854665664,1,/apollo/planning,226,0,1784453987997034928,0,0,0,2407194,2407309
202607191739,e2e_trace_v3,1011,17294028383935529405,6490,control,out,83631854957472,1,/apollo/control,0,6489,1784453987997034928,0,72263408870752708,2,2407194,2407309
202607191739,e2e_trace_v3,1014,17294028383935529405,6491,control,in,83631864652128,1,/apollo/planning,226,0,1784453987997034928,0,0,0,2407194,2407326
202607191739,e2e_trace_v3,1022,17294028383935529405,6491,control,out,83631864942336,1,/apollo/control,0,6490,1784453987997034928,0,72263408870752708,2,2407194,2407326
202607191739,e2e_trace_v3,1025,17294028383935529405,6492,control,in,83631874641216,1,/apollo/planning,226,0,1784453987997034928,0,0,0,2407194,2407302
202607191739,e2e_trace_v3,1033,17294028383935529405,6492,control,out,83631874906240,1,/apollo/control,0,6491,1784453987997034928,0,72263408870752708,2,2407194,2407302
202607191739,e2e_trace_v3,1036,17294028383935529405,6493,control,in,83631884670176,1,/apollo/planning,226,0,1784453987997034928,0,0,0,2407194,2407322
202607191739,e2e_trace_v3,1044,17294028383935529405,6493,control,out,83631884935488,1,/apollo/control,0,6492,1784453987997034928,0,72263408870752708,2,2407194,2407322
202607191739,e2e_trace_v3,1047,17294028383935529405,6494,control,in,83631894657312,1,/apollo/planning,226,0,1784453987997034928,0,0,0,2407194,2407315
202607191739,e2e_trace_v3,1055,17294028383935529405,6494,control,out,83631894958336,1,/apollo/control,0,6493,1784453987997034928,0,72263408870752708,2,2407194,2407315
202607191739,e2e_trace_v3,1058,17294028383935529405,6495,control,in,83631904698848,1,/apollo/planning,226,0,1784453987997034928,0,0,0,2407194,2407329
202607191739,e2e_trace_v3,1066,17294028383935529405,6495,control,out,83631905118496,1,/apollo/control,0,6494,1784453987997034928,0,72263408870752708,2,2407194,2407329
202607191739,e2e_trace_v3,1069,17294028383935529405,6496,control,in,83631914761472,1,/apollo/planning,226,0,1784453987997034928,0,0,0,2407194,2407330
202607191739,e2e_trace_v3,1077,17294028383935529405,6496,control,out,83631915490432,1,/apollo/control,0,6495,1784453987997034928,0,72263408870752708,2,2407194,2407330
202607191739,e2e_trace_v3,1080,17294028383935529406,6497,control,in,83631924751520,1,/apollo/planning,227,0,1784453988107168152,0,0,0,2407194,2407300
202607191739,e2e_trace_v3,1088,17294028383935529406,6497,control,out,83631925270432,1,/apollo/control,0,6496,1784453988107168152,0,72263408870752709,2,2407194,2407300
202607191739,e2e_trace_v3,1091,17294028383935529406,6498,control,in,83631939604512,1,/apollo/planning,227,0,1784453988107168152,0,0,0,2407194,2407306
202607191739,e2e_trace_v3,1099,17294028383935529406,6498,control,out,83631940103392,1,/apollo/control,0,6497,1784453988107168152,0,72263408870752709,2,2407194,2407306
202607191739,e2e_trace_v3,1102,17294028383935529406,6499,control,in,83631943567296,1,/apollo/planning,227,0,1784453988107168152,0,0,0,2407194,2407302
202607191739,e2e_trace_v3,1110,17294028383935529406,6499,control,out,83631943934208,1,/apollo/control,0,6498,1784453988107168152,0,72263408870752709,2,2407194,2407302
202607191739,e2e_trace_v3,1113,17294028383935529406,6500,control,in,83631955603200,1,/apollo/planning,227,0,1784453988107168152,0,0,0,2407194,2407322
202607191739,e2e_trace_v3,1121,17294028383935529406,6500,control,out,83631955981760,1,/apollo/control,0,6499,1784453988107168152,0,72263408870752709,2,2407194,2407322
202607191739,e2e_trace_v3,1124,17294028383935529406,6501,control,in,83631965576448,1,/apollo/planning,227,0,1784453988107168152,0,0,0,2407194,2407300
202607191739,e2e_trace_v3,1132,17294028383935529406,6501,control,out,83631966019168,1,/apollo/control,0,6500,1784453988107168152,0,72263408870752709,2,2407194,2407300
202607191739,e2e_trace_v3,1135,17294028383935529406,6502,control,in,83631973534336,1,/apollo/planning,227,0,1784453988107168152,0,0,0,2407194,2407306
202607191739,e2e_trace_v3,1143,17294028383935529406,6502,control,out,83631973795680,1,/apollo/control,0,6501,1784453988107168152,0,72263408870752709,2,2407194,2407306
202607191739,e2e_trace_v3,1146,17294028383935529406,6503,control,in,83631985519008,1,/apollo/planning,227,0,1784453988107168152,0,0,0,2407194,2407329
202607191739,e2e_trace_v3,1154,17294028383935529406,6503,control,out,83631985817504,1,/apollo/control,0,6502,1784453988107168152,0,72263408870752709,2,2407194,2407329
202607191739,e2e_trace_v3,1157,17294028383935529406,6504,control,in,83631995584128,1,/apollo/planning,227,0,1784453988107168152,0,0,0,2407194,2407319
202607191739,e2e_trace_v3,1165,17294028383935529406,6504,control,out,83631996123392,1,/apollo/control,0,6503,1784453988107168152,0,72263408870752709,2,2407194,2407319
202607191739,e2e_trace_v3,1168,17294028383935529406,6505,control,in,83632003583136,1,/apollo/planning,227,0,1784453988107168152,0,0,0,2407194,2407315
202607191739,e2e_trace_v3,1176,17294028383935529406,6505,control,out,83632004032320,1,/apollo/control,0,6504,1784453988107168152,0,72263408870752709,2,2407194,2407315
202607191739,e2e_trace_v3,1179,17294028383935529406,6506,control,in,83632013614464,1,/apollo/planning,227,0,1784453988107168152,0,0,0,2407194,2407324
202607191739,e2e_trace_v3,1187,17294028383935529406,6506,control,out,83632014104960,1,/apollo/control,0,6505,1784453988107168152,0,72263408870752709,2,2407194,2407324
202607191739,e2e_trace_v3,1190,17294028383935529406,6507,control,in,83632023625600,1,/apollo/planning,227,0,1784453988107168152,0,0,0,2407194,2407309
202607191739,e2e_trace_v3,1198,17294028383935529406,6507,control,out,83632024376352,1,/apollo/control,0,6506,1784453988107168152,0,72263408870752709,2,2407194,2407309
202607191739,e2e_trace_v3,1201,17294028383935529406,6508,control,in,83632033609216,1,/apollo/planning,227,0,1784453988107168152,0,0,0,2407194,2407328
202607191739,e2e_trace_v3,1209,17294028383935529406,6508,control,out,83632034195680,1,/apollo/control,0,6507,1784453988107168152,0,72263408870752709,2,2407194,2407328
202607191739,e2e_trace_v3,1212,17294028383935529407,6509,control,in,83632043655072,1,/apollo/planning,228,0,1784453988215401160,0,0,0,2407194,2407329
202607191739,e2e_trace_v3,1220,17294028383935529407,6509,control,out,83632044144352,1,/apollo/control,0,6508,1784453988215401160,0,72263408870752710,2,2407194,2407329
202607191739,e2e_trace_v3,1223,17294028383935529407,6510,control,in,83632053658304,1,/apollo/planning,228,0,1784453988215401160,0,0,0,2407194,2407300
202607191739,e2e_trace_v3,1231,17294028383935529407,6510,control,out,83632054468000,1,/apollo/control,0,6509,1784453988215401160,0,72263408870752710,2,2407194,2407300
202607191739,e2e_trace_v3,1234,17294028383935529407,6511,control,in,83632063605312,1,/apollo/planning,228,0,1784453988215401160,0,0,0,2407194,2407315
202607191739,e2e_trace_v3,1242,17294028383935529407,6511,control,out,83632064065248,1,/apollo/control,0,6510,1784453988215401160,0,72263408870752710,2,2407194,2407315
202607191739,e2e_trace_v3,1245,17294028383935529407,6512,control,in,83632073595168,1,/apollo/planning,228,0,1784453988215401160,0,0,0,2407194,2407318
202607191739,e2e_trace_v3,1253,17294028383935529407,6512,control,out,83632074061504,1,/apollo/control,0,6511,1784453988215401160,0,72263408870752710,2,2407194,2407318
202607191739,e2e_trace_v3,1256,17294028383935529407,6513,control,in,83632083596896,1,/apollo/planning,228,0,1784453988215401160,0,0,0,2407194,2407326
202607191739,e2e_trace_v3,1264,17294028383935529407,6513,control,out,83632084002784,1,/apollo/control,0,6512,1784453988215401160,0,72263408870752710,2,2407194,2407326
202607191739,e2e_trace_v3,1267,17294028383935529407,6514,control,in,83632093588832,1,/apollo/planning,228,0,1784453988215401160,0,0,0,2407194,2407329
202607191739,e2e_trace_v3,1275,17294028383935529407,6514,control,out,83632093968448,1,/apollo/control,0,6513,1784453988215401160,0,72263408870752710,2,2407194,2407329
202607191739,e2e_trace_v3,1278,17294028383935529407,6515,control,in,83632105619616,1,/apollo/planning,228,0,1784453988215401160,0,0,0,2407194,2407300
202607191739,e2e_trace_v3,1286,17294028383935529407,6515,control,out,83632106151392,1,/apollo/control,0,6514,1784453988215401160,0,72263408870752710,2,2407194,2407300
202607191739,e2e_trace_v3,1289,17294028383935529407,6516,control,in,83632113573984,1,/apollo/planning,228,0,1784453988215401160,0,0,0,2407194,2407318
202607191739,e2e_trace_v3,1297,17294028383935529407,6516,control,out,83632113940704,1,/apollo/control,0,6515,1784453988215401160,0,72263408870752710,2,2407194,2407318
202607191739,e2e_trace_v3,1300,17294028383935529407,6517,control,in,83632125577760,1,/apollo/planning,228,0,1784453988215401160,0,0,0,2407194,2407302
202607191739,e2e_trace_v3,1308,17294028383935529407,6517,control,out,83632126048256,1,/apollo/control,0,6516,1784453988215401160,0,72263408870752710,2,2407194,2407302
202607191739,e2e_trace_v3,1311,17294028383935529407,6518,control,in,83632133595680,1,/apollo/planning,228,0,1784453988215401160,0,0,0,2407194,2407322
202607191739,e2e_trace_v3,1319,17294028383935529407,6518,control,out,83632133961696,1,/apollo/control,0,6517,1784453988215401160,0,72263408870752710,2,2407194,2407322
202607191739,e2e_trace_v3,1322,17294028383935529407,6519,control,in,83632145617760,1,/apollo/planning,228,0,1784453988215401160,0,0,0,2407194,2407329
202607191739,e2e_trace_v3,1330,17294028383935529407,6519,control,out,83632146072160,1,/apollo/control,0,6518,1784453988215401160,0,72263408870752710,2,2407194,2407329
202607191739,e2e_trace_v3,1333,17294028383935529407,6520,control,in,83632153769248,1,/apollo/planning,228,0,1784453988215401160,0,0,0,2407194,2407318
202607191739,e2e_trace_v3,1341,17294028383935529407,6520,control,out,83632154172384,1,/apollo/control,0,6519,1784453988215401160,0,72263408870752710,2,2407194,2407318
202607191739,e2e_trace_v3,1344,17294028383935529407,6521,control,in,83632163627360,1,/apollo/planning,228,0,1784453988215401160,0,0,0,2407194,2407306
202607191739,e2e_trace_v3,1352,17294028383935529407,6521,control,out,83632164140416,1,/apollo/control,0,6520,1784453988215401160,0,72263408870752710,2,2407194,2407306
202607191739,e2e_trace_v3,1355,17294028383935529408,6522,control,in,83632175681504,1,/apollo/planning,229,0,1784453988325488047,0,0,0,2407194,2407309
202607191739,e2e_trace_v3,1363,17294028383935529408,6522,control,out,83632176293440,1,/apollo/control,0,6521,1784453988325488047,0,72263408870752711,2,2407194,2407309
202607191739,e2e_trace_v3,1366,17294028383935529408,6523,control,in,83632183665440,1,/apollo/planning,229,0,1784453988325488047,0,0,0,2407194,2407324
202607191739,e2e_trace_v3,1374,17294028383935529408,6523,control,out,83632184284192,1,/apollo/control,0,6522,1784453988325488047,0,72263408870752711,2,2407194,2407324
202607191739,e2e_trace_v3,1377,17294028383935529408,6524,control,in,83632193614880,1,/apollo/planning,229,0,1784453988325488047,0,0,0,2407194,2407311
202607191739,e2e_trace_v3,1385,17294028383935529408,6524,control,out,83632194022304,1,/apollo/control,0,6523,1784453988325488047,0,72263408870752711,2,2407194,2407311
202607191739,e2e_trace_v3,1388,17294028383935529408,6525,control,in,83632203572992,1,/apollo/planning,229,0,1784453988325488047,0,0,0,2407194,2407328
202607191739,e2e_trace_v3,1396,17294028383935529408,6525,control,out,83632203986368,1,/apollo/control,0,6524,1784453988325488047,0,72263408870752711,2,2407194,2407328
202607191739,e2e_trace_v3,1399,17294028383935529408,6526,control,in,83632213562176,1,/apollo/planning,229,0,1784453988325488047,0,0,0,2407194,2407309
202607191739,e2e_trace_v3,1407,17294028383935529408,6526,control,out,83632213836352,1,/apollo/control,0,6525,1784453988325488047,0,72263408870752711,2,2407194,2407309
202607191739,e2e_trace_v3,1410,17294028383935529408,6527,control,in,83632225613248,1,/apollo/planning,229,0,1784453988325488047,0,0,0,2407194,2407304
202607191739,e2e_trace_v3,1418,17294028383935529408,6527,control,out,83632226052864,1,/apollo/control,0,6526,1784453988325488047,0,72263408870752711,2,2407194,2407304
202607191739,e2e_trace_v3,1421,17294028383935529408,6528,control,in,83632233597952,1,/apollo/planning,229,0,1784453988325488047,0,0,0,2407194,2407313
202607191739,e2e_trace_v3,1429,17294028383935529408,6528,control,out,83632234041120,1,/apollo/control,0,6527,1784453988325488047,0,72263408870752711,2,2407194,2407313
202607191739,e2e_trace_v3,1432,17294028383935529408,6529,control,in,83632243668256,1,/apollo/planning,229,0,1784453988325488047,0,0,0,2407194,2407324
202607191739,e2e_trace_v3,1440,17294028383935529408,6529,control,out,83632244238432,1,/apollo/control,0,6528,1784453988325488047,0,72263408870752711,2,2407194,2407324
202607191739,e2e_trace_v3,1443,17294028383935529408,6530,control,in,83632253630144,1,/apollo/planning,229,0,1784453988325488047,0,0,0,2407194,2407309
202607191739,e2e_trace_v3,1451,17294028383935529408,6530,control,out,83632254170656,1,/apollo/control,0,6529,1784453988325488047,0,72263408870752711,2,2407194,2407309
202607191739,e2e_trace_v3,1454,17294028383935529409,6531,control,in,83632263783008,1,/apollo/planning,230,0,1784453988435322602,0,0,0,2407194,2407300
202607191739,e2e_trace_v3,1462,17294028383935529409,6531,control,out,83632264412352,1,/apollo/control,0,6530,1784453988435322602,0,72263408870752712,2,2407194,2407300
202607191739,e2e_trace_v3,1465,17294028383935529409,6532,control,in,83632273688256,1,/apollo/planning,230,0,1784453988435322602,0,0,0,2407194,2407326
202607191739,e2e_trace_v3,1473,17294028383935529409,6532,control,out,83632274314976,1,/apollo/control,0,6531,1784453988435322602,0,72263408870752712,2,2407194,2407326
202607191739,e2e_trace_v3,1476,17294028383935529409,6533,control,in,83632283622816,1,/apollo/planning,230,0,1784453988435322602,0,0,0,2407194,2407309
202607191739,e2e_trace_v3,1484,17294028383935529409,6533,control,out,83632284193088,1,/apollo/control,0,6532,1784453988435322602,0,72263408870752712,2,2407194,2407309
202607191739,e2e_trace_v3,1487,17294028383935529409,6534,control,in,83632293609024,1,/apollo/planning,230,0,1784453988435322602,0,0,0,2407194,2407306
202607191739,e2e_trace_v3,1495,17294028383935529409,6534,control,out,83632294083488,1,/apollo/control,0,6533,1784453988435322602,0,72263408870752712,2,2407194,2407306
202607191739,e2e_trace_v3,1498,17294028383935529409,6535,control,in,83632303628960,1,/apollo/planning,230,0,1784453988435322602,0,0,0,2407194,2407328
202607191739,e2e_trace_v3,1506,17294028383935529409,6535,control,out,83632304055232,1,/apollo/control,0,6534,1784453988435322602,0,72263408870752712,2,2407194,2407328
202607191739,e2e_trace_v3,1509,17294028383935529409,6536,control,in,83632313649920,1,/apollo/planning,230,0,1784453988435322602,0,0,0,2407194,2407306
202607191739,e2e_trace_v3,1517,17294028383935529409,6536,control,out,83632314131296,1,/apollo/control,0,6535,1784453988435322602,0,72263408870752712,2,2407194,2407306
202607191739,e2e_trace_v3,1520,17294028383935529409,6537,control,in,83632323596704,1,/apollo/planning,230,0,1784453988435322602,0,0,0,2407194,2407313
202607191739,e2e_trace_v3,1528,17294028383935529409,6537,control,out,83632324076256,1,/apollo/control,0,6536,1784453988435322602,0,72263408870752712,2,2407194,2407313
202607191739,e2e_trace_v3,1531,17294028383935529409,6538,control,in,83632333622624,1,/apollo/planning,230,0,1784453988435322602,0,0,0,2407194,2407309
202607191739,e2e_trace_v3,1539,17294028383935529409,6538,control,out,83632334079232,1,/apollo/control,0,6537,1784453988435322602,0,72263408870752712,2,2407194,2407309
202607191739,e2e_trace_v3,1542,17294028383935529409,6539,control,in,83632343602752,1,/apollo/planning,230,0,1784453988435322602,0,0,0,2407194,2407300
202607191739,e2e_trace_v3,1550,17294028383935529409,6539,control,out,83632344154112,1,/apollo/control,0,6538,1784453988435322602,0,72263408870752712,2,2407194,2407300
202607191739,e2e_trace_v3,1553,17294028383935529409,6540,control,in,83632353608928,1,/apollo/planning,230,0,1784453988435322602,0,0,0,2407194,2407326
202607191739,e2e_trace_v3,1561,17294028383935529409,6540,control,out,83632354243904,1,/apollo/control,0,6539,1784453988435322602,0,72263408870752712,2,2407194,2407326
202607191739,e2e_trace_v3,1564,17294028383935529409,6541,control,in,83632363692864,1,/apollo/planning,230,0,1784453988435322602,0,0,0,2407194,2407322
202607191739,e2e_trace_v3,1572,17294028383935529409,6541,control,out,83632364266720,1,/apollo/control,0,6540,1784453988435322602,0,72263408870752712,2,2407194,2407322
202607191739,e2e_trace_v3,1575,17294028383935529409,6542,control,in,83632373660480,1,/apollo/planning,230,0,1784453988435322602,0,0,0,2407194,2407328
202607191739,e2e_trace_v3,1583,17294028383935529409,6542,control,out,83632374233024,1,/apollo/control,0,6541,1784453988435322602,0,72263408870752712,2,2407194,2407328
202607191739,e2e_trace_v3,1586,17294028383935529409,6543,control,in,83632383631968,1,/apollo/planning,230,0,1784453988435322602,0,0,0,2407194,2407309
202607191739,e2e_trace_v3,1594,17294028383935529409,6543,control,out,83632384194272,1,/apollo/control,0,6542,1784453988435322602,0,72263408870752712,2,2407194,2407309
202607191739,e2e_trace_v3,1597,17294028383935529409,6544,control,in,83632393667232,1,/apollo/planning,230,0,1784453988435322602,0,0,0,2407194,2407313
202607191739,e2e_trace_v3,1605,17294028383935529409,6544,control,out,83632394229376,1,/apollo/control,0,6543,1784453988435322602,0,72263408870752712,2,2407194,2407313
202607191739,e2e_trace_v3,1608,17294028383935529410,6545,control,in,83632403730400,1,/apollo/planning,231,0,1784453988546644017,0,0,0,2407194,2407302
202607191739,e2e_trace_v3,1616,17294028383935529410,6545,control,out,83632404382784,1,/apollo/control,0,6544,1784453988546644017,0,72263408870752713,2,2407194,2407302
202607191739,e2e_trace_v3,1619,17294028383935529410,6546,control,in,83632413632576,1,/apollo/planning,231,0,1784453988546644017,0,0,0,2407194,2407313
202607191739,e2e_trace_v3,1627,17294028383935529410,6546,control,out,83632414207296,1,/apollo/control,0,6545,1784453988546644017,0,72263408870752713,2,2407194,2407313
202607191739,e2e_trace_v3,1630,17294028383935529410,6547,control,in,83632423625376,1,/apollo/planning,231,0,1784453988546644017,0,0,0,2407194,2407318
202607191739,e2e_trace_v3,1638,17294028383935529410,6547,control,out,83632424215616,1,/apollo/control,0,6546,1784453988546644017,0,72263408870752713,2,2407194,2407318
202607191739,e2e_trace_v3,1641,17294028383935529410,6548,control,in,83632433631552,1,/apollo/planning,231,0,1784453988546644017,0,0,0,2407194,2407313
202607191739,e2e_trace_v3,1649,17294028383935529410,6548,control,out,83632434021088,1,/apollo/control,0,6547,1784453988546644017,0,72263408870752713,2,2407194,2407313
202607191739,e2e_trace_v3,1652,17294028383935529410,6549,control,in,83632443617216,1,/apollo/planning,231,0,1784453988546644017,0,0,0,2407194,2407319
202607191739,e2e_trace_v3,1660,17294028383935529410,6549,control,out,83632444085600,1,/apollo/control,0,6548,1784453988546644017,0,72263408870752713,2,2407194,2407319
202607191739,e2e_trace_v3,1663,17294028383935529410,6550,control,in,83632453620128,1,/apollo/planning,231,0,1784453988546644017,0,0,0,2407194,2407311
202607191739,e2e_trace_v3,1671,17294028383935529410,6550,control,out,83632454186080,1,/apollo/control,0,6549,1784453988546644017,0,72263408870752713,2,2407194,2407311
202607191739,e2e_trace_v3,1674,17294028383935529410,6551,control,in,83632463648640,1,/apollo/planning,231,0,1784453988546644017,0,0,0,2407194,2407329
202607191739,e2e_trace_v3,1682,17294028383935529410,6551,control,out,83632464364160,1,/apollo/control,0,6550,1784453988546644017,0,72263408870752713,2,2407194,2407329
202607191739,e2e_trace_v3,1685,17294028383935529410,6552,control,in,83632473690208,1,/apollo/planning,231,0,1784453988546644017,0,0,0,2407194,2407315
202607191739,e2e_trace_v3,1693,17294028383935529410,6552,control,out,83632474242240,1,/apollo/control,0,6551,1784453988546644017,0,72263408870752713,2,2407194,2407315
202607191739,e2e_trace_v3,1696,17294028383935529410,6553,control,in,83632483663520,1,/apollo/planning,231,0,1784453988546644017,0,0,0,2407194,2407313
202607191739,e2e_trace_v3,1704,17294028383935529410,6553,control,out,83632484258624,1,/apollo/control,0,6552,1784453988546644017,0,72263408870752713,2,2407194,2407313
202607191739,e2e_trace_v3,1707,17294028383935529410,6554,control,in,83632493626144,1,/apollo/planning,231,0,1784453988546644017,0,0,0,2407194,2407326
202607191739,e2e_trace_v3,1715,17294028383935529410,6554,control,out,83632494139488,1,/apollo/control,0,6553,1784453988546644017,0,72263408870752713,2,2407194,2407326
202607191739,e2e_trace_v3,1718,17294028383935529410,6555,control,in,83632503648384,1,/apollo/planning,231,0,1784453988546644017,0,0,0,2407194,2407304
202607191739,e2e_trace_v3,1726,17294028383935529410,6555,control,out,83632504116384,1,/apollo/control,0,6554,1784453988546644017,0,72263408870752713,2,2407194,2407304
202607191739,e2e_trace_v3,1729,17294028383935529411,6556,control,in,83632513697600,1,/apollo/planning,232,0,1784453988663373600,0,0,0,2407194,2407330
202607191739,e2e_trace_v3,1737,17294028383935529411,6556,control,out,83632514131200,1,/apollo/control,0,6555,1784453988663373600,0,72263408870752714,2,2407194,2407330
202607191739,e2e_trace_v3,1740,17294028383935529411,6557,control,in,83632523704512,1,/apollo/planning,232,0,1784453988663373600,0,0,0,2407194,2407319
202607191739,e2e_trace_v3,1748,17294028383935529411,6557,control,out,83632524350976,1,/apollo/control,0,6556,1784453988663373600,0,72263408870752714,2,2407194,2407319
202607191739,e2e_trace_v3,1751,17294028383935529411,6558,control,in,83632533603040,1,/apollo/planning,232,0,1784453988663373600,0,0,0,2407194,2407326
202607191739,e2e_trace_v3,1759,17294028383935529411,6558,control,out,83632534250880,1,/apollo/control,0,6557,1784453988663373600,0,72263408870752714,2,2407194,2407326
202607191739,e2e_trace_v3,1762,17294028383935529411,6559,control,in,83632543636192,1,/apollo/planning,232,0,1784453988663373600,0,0,0,2407194,2407315
202607191739,e2e_trace_v3,1770,17294028383935529411,6559,control,out,83632544144928,1,/apollo/control,0,6558,1784453988663373600,0,72263408870752714,2,2407194,2407315
202607191739,e2e_trace_v3,1773,17294028383935529411,6560,control,in,83632553600736,1,/apollo/planning,232,0,1784453988663373600,0,0,0,2407194,2407302
202607191739,e2e_trace_v3,1781,17294028383935529411,6560,control,out,83632554107072,1,/apollo/control,0,6559,1784453988663373600,0,72263408870752714,2,2407194,2407302
202607191739,e2e_trace_v3,1784,17294028383935529411,6561,control,in,83632563653120,1,/apollo/planning,232,0,1784453988663373600,0,0,0,2407194,2407330
202607191739,e2e_trace_v3,1792,17294028383935529411,6561,control,out,83632564135136,1,/apollo/control,0,6560,1784453988663373600,0,72263408870752714,2,2407194,2407330
202607191739,e2e_trace_v3,1795,17294028383935529411,6562,control,in,83632573602944,1,/apollo/planning,232,0,1784453988663373600,0,0,0,2407194,2407319
202607191739,e2e_trace_v3,1803,17294028383935529411,6562,control,out,83632574075744,1,/apollo/control,0,6561,1784453988663373600,0,72263408870752714,2,2407194,2407319
202607191739,e2e_trace_v3,1806,17294028383935529411,6563,control,in,83632583668192,1,/apollo/planning,232,0,1784453988663373600,0,0,0,2407194,2407329
202607191739,e2e_trace_v3,1814,17294028383935529411,6563,control,out,83632584236448,1,/apollo/control,0,6562,1784453988663373600,0,72263408870752714,2,2407194,2407329
202607191739,e2e_trace_v3,1817,17294028383935529411,6564,control,in,83632593652480,1,/apollo/planning,232,0,1784453988663373600,0,0,0,2407194,2407324
202607191739,e2e_trace_v3,1825,17294028383935529411,6564,control,out,83632594232864,1,/apollo/control,0,6563,1784453988663373600,0,72263408870752714,2,2407194,2407324
202607191739,e2e_trace_v3,1828,17294028383935529411,6565,control,in,83632603643904,1,/apollo/planning,232,0,1784453988663373600,0,0,0,2407194,2407306
202607191739,e2e_trace_v3,1836,17294028383935529411,6565,control,out,83632604243264,1,/apollo/control,0,6564,1784453988663373600,0,72263408870752714,2,2407194,2407306
202607191739,e2e_trace_v3,1839,17294028383935529412,6566,control,in,83632613699712,1,/apollo/planning,233,0,1784453988771028631,0,0,0,2407194,2407329
202607191739,e2e_trace_v3,1847,17294028383935529412,6566,control,out,83632614284672,1,/apollo/control,0,6565,1784453988771028631,0,72263408870752715,2,2407194,2407329
202607191739,e2e_trace_v3,1850,17294028383935529412,6567,control,in,83632623669824,1,/apollo/planning,233,0,1784453988771028631,0,0,0,2407194,2407304
202607191739,e2e_trace_v3,1858,17294028383935529412,6567,control,out,83632624251360,1,/apollo/control,0,6566,1784453988771028631,0,72263408870752715,2,2407194,2407304
202607191739,e2e_trace_v3,1861,17294028383935529412,6568,control,in,83632633625312,1,/apollo/planning,233,0,1784453988771028631,0,0,0,2407194,2407326
202607191739,e2e_trace_v3,1869,17294028383935529412,6568,control,out,83632634223776,1,/apollo/control,0,6567,1784453988771028631,0,72263408870752715,2,2407194,2407326
202607191739,e2e_trace_v3,1872,17294028383935529412,6569,control,in,83632643630624,1,/apollo/planning,233,0,1784453988771028631,0,0,0,2407194,2407324
202607191739,e2e_trace_v3,1880,17294028383935529412,6569,control,out,83632644167680,1,/apollo/control,0,6568,1784453988771028631,0,72263408870752715,2,2407194,2407324
202607191739,e2e_trace_v3,1883,17294028383935529412,6570,control,in,83632653605088,1,/apollo/planning,233,0,1784453988771028631,0,0,0,2407194,2407302
202607191739,e2e_trace_v3,1891,17294028383935529412,6570,control,out,83632653988288,1,/apollo/control,0,6569,1784453988771028631,0,72263408870752715,2,2407194,2407302
202607191739,e2e_trace_v3,1894,17294028383935529412,6571,control,in,83632665704608,1,/apollo/planning,233,0,1784453988771028631,0,0,0,2407194,2407309
202607191739,e2e_trace_v3,1902,17294028383935529412,6571,control,out,83632666359232,1,/apollo/control,0,6570,1784453988771028631,0,72263408870752715,2,2407194,2407309
202607191739,e2e_trace_v3,1905,17294028383935529412,6572,control,in,83632673628768,1,/apollo/planning,233,0,1784453988771028631,0,0,0,2407194,2407329
202607191739,e2e_trace_v3,1913,17294028383935529412,6572,control,out,83632674266080,1,/apollo/control,0,6571,1784453988771028631,0,72263408870752715,2,2407194,2407329
202607191739,e2e_trace_v3,1916,17294028383935529412,6573,control,in,83632683655648,1,/apollo/planning,233,0,1784453988771028631,0,0,0,2407194,2407311
202607191739,e2e_trace_v3,1924,17294028383935529412,6573,control,out,83632684240064,1,/apollo/control,0,6572,1784453988771028631,0,72263408870752715,2,2407194,2407311
202607191739,e2e_trace_v3,1927,17294028383935529412,6574,control,in,83632693638944,1,/apollo/planning,233,0,1784453988771028631,0,0,0,2407194,2407328
202607191739,e2e_trace_v3,1935,17294028383935529412,6574,control,out,83632694222048,1,/apollo/control,0,6573,1784453988771028631,0,72263408870752715,2,2407194,2407328
202607191739,e2e_trace_v3,1938,17294028383935529412,6575,control,in,83632703666016,1,/apollo/planning,233,0,1784453988771028631,0,0,0,2407194,2407326
202607191739,e2e_trace_v3,1946,17294028383935529412,6575,control,out,83632704247904,1,/apollo/control,0,6574,1784453988771028631,0,72263408870752715,2,2407194,2407326
202607191739,e2e_trace_v3,1949,17294028383935529412,6576,control,in,83632713645408,1,/apollo/planning,233,0,1784453988771028631,0,0,0,2407194,2407304
202607191739,e2e_trace_v3,1957,17294028383935529412,6576,control,out,83632714257632,1,/apollo/control,0,6575,1784453988771028631,0,72263408870752715,2,2407194,2407304
202607191739,e2e_trace_v3,1960,17294028383935529412,6577,control,in,83632723897472,1,/apollo/planning,233,0,1784453988771028631,0,0,0,2407194,2407329
202607191739,e2e_trace_v3,1968,17294028383935529412,6577,control,out,83632724494208,1,/apollo/control,0,6576,1784453988771028631,0,72263408870752715,2,2407194,2407329
202607191739,e2e_trace_v3,1971,17294028383935529413,6578,control,in,83632733653952,1,/apollo/planning,234,0,1784453988880865012,0,0,0,2407194,2407313
202607191739,e2e_trace_v3,1979,17294028383935529413,6578,control,out,83632734271872,1,/apollo/control,0,6577,1784453988880865012,0,72263408870752716,2,2407194,2407313
202607191739,e2e_trace_v3,1982,17294028383935529413,6579,control,in,83632743574848,1,/apollo/planning,234,0,1784453988880865012,0,0,0,2407194,2407302
202607191739,e2e_trace_v3,1990,17294028383935529413,6579,control,out,83632743952672,1,/apollo/control,0,6578,1784453988880865012,0,72263408870752716,2,2407194,2407302
202607191739,e2e_trace_v3,1993,17294028383935529413,6580,control,in,83632755521120,1,/apollo/planning,234,0,1784453988880865012,0,0,0,2407194,2407306
202607191739,e2e_trace_v3,2001,17294028383935529413,6580,control,out,83632755831168,1,/apollo/control,0,6579,1784453988880865012,0,72263408870752716,2,2407194,2407306
202607191739,e2e_trace_v3,2004,17294028383935529413,6581,control,in,83632765557440,1,/apollo/planning,234,0,1784453988880865012,0,0,0,2407194,2407328
202607191739,e2e_trace_v3,2012,17294028383935529413,6581,control,out,83632765820992,1,/apollo/control,0,6580,1784453988880865012,0,72263408870752716,2,2407194,2407328
202607191739,e2e_trace_v3,2015,17294028383935529413,6582,control,in,83632775535584,1,/apollo/planning,234,0,1784453988880865012,0,0,0,2407194,2407330
202607191739,e2e_trace_v3,2023,17294028383935529413,6582,control,out,83632775790080,1,/apollo/control,0,6581,1784453988880865012,0,72263408870752716,2,2407194,2407330
202607191739,e2e_trace_v3,2026,17294028383935529413,6583,control,in,83632785501760,1,/apollo/planning,234,0,1784453988880865012,0,0,0,2407194,2407300
202607191739,e2e_trace_v3,2034,17294028383935529413,6583,control,out,83632785760960,1,/apollo/control,0,6582,1784453988880865012,0,72263408870752716,2,2407194,2407300
202607191739,e2e_trace_v3,2037,17294028383935529413,6584,control,in,83632795521920,1,/apollo/planning,234,0,1784453988880865012,0,0,0,2407194,2407304
202607191739,e2e_trace_v3,2045,17294028383935529413,6584,control,out,83632795751232,1,/apollo/control,0,6583,1784453988880865012,0,72263408870752716,2,2407194,2407304
202607191739,e2e_trace_v3,2048,17294028383935529413,6585,control,in,83632805528768,1,/apollo/planning,234,0,1784453988880865012,0,0,0,2407194,2407309
202607191739,e2e_trace_v3,2056,17294028383935529413,6585,control,out,83632805788288,1,/apollo/control,0,6584,1784453988880865012,0,72263408870752716,2,2407194,2407309
202607191739,e2e_trace_v3,2059,17294028383935529413,6586,control,in,83632815516544,1,/apollo/planning,234,0,1784453988880865012,0,0,0,2407194,2407326
202607191739,e2e_trace_v3,2067,17294028383935529413,6586,control,out,83632815854816,1,/apollo/control,0,6585,1784453988880865012,0,72263408870752716,2,2407194,2407326
202607191739,e2e_trace_v3,2070,17294028383935529414,6587,control,in,83632825573696,1,/apollo/planning,235,0,1784453988995443168,0,0,0,2407194,2407302
202607191739,e2e_trace_v3,2078,17294028383935529414,6587,control,out,83632825893760,1,/apollo/control,0,6586,1784453988995443168,0,72263408870752717,2,2407194,2407302
202607191739,e2e_trace_v3,2081,17294028383935529414,6588,control,in,83632835602304,1,/apollo/planning,235,0,1784453988995443168,0,0,0,2407194,2407329
202607191739,e2e_trace_v3,2089,17294028383935529414,6588,control,out,83632835935424,1,/apollo/control,0,6587,1784453988995443168,0,72263408870752717,2,2407194,2407329
202607191739,e2e_trace_v3,2092,17294028383935529414,6589,control,in,83632845575776,1,/apollo/planning,235,0,1784453988995443168,0,0,0,2407194,2407326
202607191739,e2e_trace_v3,2100,17294028383935529414,6589,control,out,83632845912160,1,/apollo/control,0,6588,1784453988995443168,0,72263408870752717,2,2407194,2407326
202607191739,e2e_trace_v3,2103,17294028383935529414,6590,control,in,83632855563488,1,/apollo/planning,235,0,1784453988995443168,0,0,0,2407194,2407311
202607191739,e2e_trace_v3,2111,17294028383935529414,6590,control,out,83632855842656,1,/apollo/control,0,6589,1784453988995443168,0,72263408870752717,2,2407194,2407311
202607191739,e2e_trace_v3,2114,17294028383935529414,6591,control,in,83632865590400,1,/apollo/planning,235,0,1784453988995443168,0,0,0,2407194,2407315
202607191739,e2e_trace_v3,2122,17294028383935529414,6591,control,out,83632865909216,1,/apollo/control,0,6590,1784453988995443168,0,72263408870752717,2,2407194,2407315
202607191739,e2e_trace_v3,2125,17294028383935529414,6592,control,in,83632875545760,1,/apollo/planning,235,0,1784453988995443168,0,0,0,2407194,2407304
202607191739,e2e_trace_v3,2133,17294028383935529414,6592,control,out,83632875805792,1,/apollo/control,0,6591,1784453988995443168,0,72263408870752717,2,2407194,2407304
202607191739,e2e_trace_v3,2136,17294028383935529414,6593,control,in,83632885570240,1,/apollo/planning,235,0,1784453988995443168,0,0,0,2407194,2407328
202607191739,e2e_trace_v3,2144,17294028383935529414,6593,control,out,83632885919456,1,/apollo/control,0,6592,1784453988995443168,0,72263408870752717,2,2407194,2407328
202607191739,e2e_trace_v3,2147,17294028383935529414,6594,control,in,83632895520768,1,/apollo/planning,235,0,1784453988995443168,0,0,0,2407194,2407324
202607191739,e2e_trace_v3,2155,17294028383935529414,6594,control,out,83632895775648,1,/apollo/control,0,6593,1784453988995443168,0,72263408870752717,2,2407194,2407324
202607191739,e2e_trace_v3,2158,17294028383935529414,6595,control,in,83632905618848,1,/apollo/planning,235,0,1784453988995443168,0,0,0,2407194,2407313
202607191739,e2e_trace_v3,2166,17294028383935529414,6595,control,out,83632906157376,1,/apollo/control,0,6594,1784453988995443168,0,72263408870752717,2,2407194,2407313
202607191739,e2e_trace_v3,2169,17294028383935529414,6596,control,in,83632913578240,1,/apollo/planning,235,0,1784453988995443168,0,0,0,2407194,2407328
202607191739,e2e_trace_v3,2177,17294028383935529414,6596,control,out,83632913996128,1,/apollo/control,0,6595,1784453988995443168,0,72263408870752717,2,2407194,2407328
202607191739,e2e_trace_v3,2180,17294028383935529414,6597,control,in,83632925567904,1,/apollo/planning,235,0,1784453988995443168,0,0,0,2407194,2407302
202607191739,e2e_trace_v3,2188,17294028383935529414,6597,control,out,83632925889344,1,/apollo/control,0,6596,1784453988995443168,0,72263408870752717,2,2407194,2407302
202607191739,e2e_trace_v3,2191,17294028383935529414,6598,control,in,83632935633632,1,/apollo/planning,235,0,1784453988995443168,0,0,0,2407194,2407309
202607191739,e2e_trace_v3,2199,17294028383935529414,6598,control,out,83632936024032,1,/apollo/control,0,6597,1784453988995443168,0,72263408870752717,2,2407194,2407309
202607191739,e2e_trace_v3,2202,17294028383935529415,6599,control,in,83632945601504,1,/apollo/planning,236,0,1784453989106724946,0,0,0,2407194,2407326
202607191739,e2e_trace_v3,2210,17294028383935529415,6599,control,out,83632945943552,1,/apollo/control,0,6598,1784453989106724946,0,72263408870752718,2,2407194,2407326
202607191739,e2e_trace_v3,2213,17294028383935529415,6600,control,in,83632955692128,1,/apollo/planning,236,0,1784453989106724946,0,0,0,2407194,2407313
202607191739,e2e_trace_v3,2221,17294028383935529415,6600,control,out,83632956104224,1,/apollo/control,0,6599,1784453989106724946,0,72263408870752718,2,2407194,2407313
202607191739,e2e_trace_v3,2224,17294028383935529415,6601,control,in,83632963584256,1,/apollo/planning,236,0,1784453989106724946,0,0,0,2407194,2407330
202607191739,e2e_trace_v3,2232,17294028383935529415,6601,control,out,83632963910144,1,/apollo/control,0,6600,1784453989106724946,0,72263408870752718,2,2407194,2407330
202607191739,e2e_trace_v3,2235,17294028383935529415,6602,control,in,83632975521120,1,/apollo/planning,236,0,1784453989106724946,0,0,0,2407194,2407318
202607191739,e2e_trace_v3,2243,17294028383935529415,6602,control,out,83632975833728,1,/apollo/control,0,6601,1784453989106724946,0,72263408870752718,2,2407194,2407318
202607191739,e2e_trace_v3,2246,17294028383935529415,6603,control,in,83632985559360,1,/apollo/planning,236,0,1784453989106724946,0,0,0,2407194,2407315
202607191739,e2e_trace_v3,2254,17294028383935529415,6603,control,out,83632985871104,1,/apollo/control,0,6602,1784453989106724946,0,72263408870752718,2,2407194,2407315
202607191739,e2e_trace_v3,2257,17294028383935529415,6604,control,in,83632995565312,1,/apollo/planning,236,0,1784453989106724946,0,0,0,2407194,2407302
202607191739,e2e_trace_v3,2265,17294028383935529415,6604,control,out,83632995863488,1,/apollo/control,0,6603,1784453989106724946,0,72263408870752718,2,2407194,2407302
202607191739,e2e_trace_v3,2268,17294028383935529415,6605,control,in,83633005549664,1,/apollo/planning,236,0,1784453989106724946,0,0,0,2407194,2407330
202607191739,e2e_trace_v3,2276,17294028383935529415,6605,control,out,83633005849056,1,/apollo/control,0,6604,1784453989106724946,0,72263408870752718,2,2407194,2407330
202607191739,e2e_trace_v3,2279,17294028383935529415,6606,control,in,83633015633696,1,/apollo/planning,236,0,1784453989106724946,0,0,0,2407194,2407319
202607191739,e2e_trace_v3,2287,17294028383935529415,6606,control,out,83633016176768,1,/apollo/control,0,6605,1784453989106724946,0,72263408870752718,2,2407194,2407319
202607191739,e2e_trace_v3,2290,17294028383935529415,6607,control,in,83633023667872,1,/apollo/planning,236,0,1784453989106724946,0,0,0,2407194,2407315
202607191739,e2e_trace_v3,2298,17294028383935529415,6607,control,out,83633023941088,1,/apollo/control,0,6606,1784453989106724946,0,72263408870752718,2,2407194,2407315
202607191739,e2e_trace_v3,2301,17294028383935529415,6608,control,in,83633035605792,1,/apollo/planning,236,0,1784453989106724946,0,0,0,2407194,2407304
202607191739,e2e_trace_v3,2309,17294028383935529415,6608,control,out,83633035972416,1,/apollo/control,0,6607,1784453989106724946,0,72263408870752718,2,2407194,2407304
202607191739,e2e_trace_v3,2312,17294028383935529415,6609,control,in,83633045625408,1,/apollo/planning,236,0,1784453989106724946,0,0,0,2407194,2407318
202607191739,e2e_trace_v3,2320,17294028383935529415,6609,control,out,83633046055872,1,/apollo/control,0,6608,1784453989106724946,0,72263408870752718,2,2407194,2407318
202607191739,e2e_trace_v3,2323,17294028383935529415,6610,control,in,83633053616512,1,/apollo/planning,236,0,1784453989106724946,0,0,0,2407194,2407313
202607191739,e2e_trace_v3,2331,17294028383935529415,6610,control,out,83633054151904,1,/apollo/control,0,6609,1784453989106724946,0,72263408870752718,2,2407194,2407313
202607191739,e2e_trace_v3,2334,17294028383935529415,6611,control,in,83633063656288,1,/apollo/planning,236,0,1784453989106724946,0,0,0,2407194,2407315
202607191739,e2e_trace_v3,2342,17294028383935529415,6611,control,out,83633064117888,1,/apollo/control,0,6610,1784453989106724946,0,72263408870752718,2,2407194,2407315
202607191739,e2e_trace_v3,2345,17294028383935529416,6612,control,in,83633073660480,1,/apollo/planning,237,0,1784453989240893929,0,0,0,2407194,2407309
202607191739,e2e_trace_v3,2353,17294028383935529416,6612,control,out,83633074231552,1,/apollo/control,0,6611,1784453989240893929,0,72263408870752719,2,2407194,2407309
202607191739,e2e_trace_v3,2356,17294028383935529416,6613,control,in,83633083667296,1,/apollo/planning,237,0,1784453989240893929,0,0,0,2407194,2407322
202607191739,e2e_trace_v3,2364,17294028383935529416,6613,control,out,83633084281536,1,/apollo/control,0,6612,1784453989240893929,0,72263408870752719,2,2407194,2407322
202607191739,e2e_trace_v3,2367,17294028383935529416,6614,control,in,83633093596416,1,/apollo/planning,237,0,1784453989240893929,0,0,0,2407194,2407328
202607191739,e2e_trace_v3,2375,17294028383935529416,6614,control,out,83633094131264,1,/apollo/control,0,6613,1784453989240893929,0,72263408870752719,2,2407194,2407328
202607191739,e2e_trace_v3,2378,17294028383935529416,6615,control,in,83633103596064,1,/apollo/planning,237,0,1784453989240893929,0,0,0,2407194,2407322
202607191739,e2e_trace_v3,2386,17294028383935529416,6615,control,out,83633103989152,1,/apollo/control,0,6614,1784453989240893929,0,72263408870752719,2,2407194,2407322
202607191739,e2e_trace_v3,2389,17294028383935529416,6616,control,in,83633113607808,1,/apollo/planning,237,0,1784453989240893929,0,0,0,2407194,2407315
202607191739,e2e_trace_v3,2397,17294028383935529416,6616,control,out,83633113963232,1,/apollo/control,0,6615,1784453989240893929,0,72263408870752719,2,2407194,2407315
202607191739,e2e_trace_v3,2400,17294028383935529416,6617,control,in,83633125652448,1,/apollo/planning,237,0,1784453989240893929,0,0,0,2407194,2407330
202607191739,e2e_trace_v3,2408,17294028383935529416,6617,control,out,83633126278464,1,/apollo/control,0,6616,1784453989240893929,0,72263408870752719,2,2407194,2407330
202607191739,e2e_trace_v3,2411,17294028383935529416,6618,control,in,83633133627008,1,/apollo/planning,237,0,1784453989240893929,0,0,0,2407194,2407319
202607191739,e2e_trace_v3,2419,17294028383935529416,6618,control,out,83633134098656,1,/apollo/control,0,6617,1784453989240893929,0,72263408870752719,2,2407194,2407319
202607191739,e2e_trace_v3,2422,17294028383935529416,6619,control,in,83633143617632,1,/apollo/planning,237,0,1784453989240893929,0,0,0,2407194,2407326
202607191739,e2e_trace_v3,2430,17294028383935529416,6619,control,out,83633144066144,1,/apollo/control,0,6618,1784453989240893929,0,72263408870752719,2,2407194,2407326
202607191739,e2e_trace_v3,2433,17294028383935529416,6620,control,in,83633153571520,1,/apollo/planning,237,0,1784453989240893929,0,0,0,2407194,2407313
202607191739,e2e_trace_v3,2441,17294028383935529416,6620,control,out,83633154065280,1,/apollo/control,0,6619,1784453989240893929,0,72263408870752719,2,2407194,2407313
202607191739,e2e_trace_v3,2444,17294028383935529416,6621,control,in,83633163616512,1,/apollo/planning,237,0,1784453989240893929,0,0,0,2407194,2407315
202607191739,e2e_trace_v3,2452,17294028383935529416,6621,control,out,83633163961280,1,/apollo/control,0,6620,1784453989240893929,0,72263408870752719,2,2407194,2407315
202607191739,e2e_trace_v3,2455,17294028383935529416,6622,control,in,83633175613344,1,/apollo/planning,237,0,1784453989240893929,0,0,0,2407194,2407324
202607191739,e2e_trace_v3,2463,17294028383935529416,6622,control,out,83633176021248,1,/apollo/control,0,6621,1784453989240893929,0,72263408870752719,2,2407194,2407324
202607191739,e2e_trace_v3,2466,17294028383935529416,6623,control,in,83633183578048,1,/apollo/planning,237,0,1784453989240893929,0,0,0,2407194,2407322
202607191739,e2e_trace_v3,2474,17294028383935529416,6623,control,out,83633183946976,1,/apollo/control,0,6622,1784453989240893929,0,72263408870752719,2,2407194,2407322
202607191739,e2e_trace_v3,2477,17294028383935529416,6624,control,in,83633195686144,1,/apollo/planning,237,0,1784453989240893929,0,0,0,2407194,2407300
202607191739,e2e_trace_v3,2485,17294028383935529416,6624,control,out,83633196346976,1,/apollo/control,0,6623,1784453989240893929,0,72263408870752719,2,2407194,2407300
202607191739,e2e_trace_v3,2488,17294028383935529416,6625,control,in,83633203655296,1,/apollo/planning,237,0,1784453989240893929,0,0,0,2407194,2407328
202607191739,e2e_trace_v3,2496,17294028383935529416,6625,control,out,83633204221600,1,/apollo/control,0,6624,1784453989240893929,0,72263408870752719,2,2407194,2407328
202607191739,e2e_trace_v3,2499,17294028383935529416,6626,control,in,83633213644768,1,/apollo/planning,237,0,1784453989240893929,0,0,0,2407194,2407315
202607191739,e2e_trace_v3,2507,17294028383935529416,6626,control,out,83633214148672,1,/apollo/control,0,6625,1784453989240893929,0,72263408870752719,2,2407194,2407315
202607191739,e2e_trace_v3,2510,17294028383935529416,6627,control,in,83633223675424,1,/apollo/planning,237,0,1784453989240893929,0,0,0,2407194,2407329
202607191739,e2e_trace_v3,2518,17294028383935529416,6627,control,out,83633224393792,1,/apollo/control,0,6626,1784453989240893929,0,72263408870752719,2,2407194,2407329
202607191739,e2e_trace_v3,2521,17294028383935529416,6628,control,in,83633233558400,1,/apollo/planning,237,0,1784453989240893929,0,0,0,2407194,2407313
202607191739,e2e_trace_v3,2529,17294028383935529416,6628,control,out,83633233965184,1,/apollo/control,0,6627,1784453989240893929,0,72263408870752719,2,2407194,2407313
202607191739,e2e_trace_v3,2532,17294028383935529417,6629,control,in,83633243638464,1,/apollo/planning,238,0,1784453989351760137,0,0,0,2407194,2407319
202607191739,e2e_trace_v3,2540,17294028383935529417,6629,control,out,83633244105696,1,/apollo/control,0,6628,1784453989351760137,0,72263408870752720,2,2407194,2407319
202607191739,e2e_trace_v3,2543,17294028383935529417,6630,control,in,83633253608288,1,/apollo/planning,238,0,1784453989351760137,0,0,0,2407194,2407302
202607191739,e2e_trace_v3,2551,17294028383935529417,6630,control,out,83633253964192,1,/apollo/control,0,6629,1784453989351760137,0,72263408870752720,2,2407194,2407302
202607191739,e2e_trace_v3,2554,17294028383935529417,6631,control,in,83633265651360,1,/apollo/planning,238,0,1784453989351760137,0,0,0,2407194,2407329
202607191739,e2e_trace_v3,2562,17294028383935529417,6631,control,out,83633266298912,1,/apollo/control,0,6630,1784453989351760137,0,72263408870752720,2,2407194,2407329
202607191739,e2e_trace_v3,2565,17294028383935529417,6632,control,in,83633273565472,1,/apollo/planning,238,0,1784453989351760137,0,0,0,2407194,2407326
202607191739,e2e_trace_v3,2573,17294028383935529417,6632,control,out,83633273926848,1,/apollo/control,0,6631,1784453989351760137,0,72263408870752720,2,2407194,2407326
202607191739,e2e_trace_v3,2576,17294028383935529417,6633,control,in,83633285588544,1,/apollo/planning,238,0,1784453989351760137,0,0,0,2407194,2407300
202607191739,e2e_trace_v3,2584,17294028383935529417,6633,control,out,83633286070432,1,/apollo/control,0,6632,1784453989351760137,0,72263408870752720,2,2407194,2407300
202607191739,e2e_trace_v3,2587,17294028383935529417,6634,control,in,83633293554400,1,/apollo/planning,238,0,1784453989351760137,0,0,0,2407194,2407313
202607191739,e2e_trace_v3,2595,17294028383935529417,6634,control,out,83633293969600,1,/apollo/control,0,6633,1784453989351760137,0,72263408870752720,2,2407194,2407313
202607191739,e2e_trace_v3,2598,17294028383935529417,6635,control,in,83633303593728,1,/apollo/planning,238,0,1784453989351760137,0,0,0,2407194,2407328
202607191739,e2e_trace_v3,2606,17294028383935529417,6635,control,out,83633304077952,1,/apollo/control,0,6634,1784453989351760137,0,72263408870752720,2,2407194,2407328
202607191739,e2e_trace_v3,2609,17294028383935529417,6636,control,in,83633313600832,1,/apollo/planning,238,0,1784453989351760137,0,0,0,2407194,2407311
202607191739,e2e_trace_v3,2617,17294028383935529417,6636,control,out,83633313923232,1,/apollo/control,0,6635,1784453989351760137,0,72263408870752720,2,2407194,2407311
202607191739,e2e_trace_v3,2620,17294028383935529417,6637,control,in,83633325565184,1,/apollo/planning,238,0,1784453989351760137,0,0,0,2407194,2407322
202607191739,e2e_trace_v3,2628,17294028383935529417,6637,control,out,83633325886656,1,/apollo/control,0,6636,1784453989351760137,0,72263408870752720,2,2407194,2407322
202607191739,e2e_trace_v3,2631,17294028383935529417,6638,control,in,83633335629504,1,/apollo/planning,238,0,1784453989351760137,0,0,0,2407194,2407311
202607191739,e2e_trace_v3,2639,17294028383935529417,6638,control,out,83633335988448,1,/apollo/control,0,6637,1784453989351760137,0,72263408870752720,2,2407194,2407311
202607191739,e2e_trace_v3,2642,17294028383935529418,6639,control,in,83633345679296,1,/apollo/planning,239,0,1784453989504133353,0,0,0,2407194,2407318
202607191739,e2e_trace_v3,2650,17294028383935529418,6639,control,out,83633346388800,1,/apollo/control,0,6638,1784453989504133353,0,72263408870752721,2,2407194,2407318
202607191739,e2e_trace_v3,2653,17294028383935529418,6640,control,in,83633353640512,1,/apollo/planning,239,0,1784453989504133353,0,0,0,2407194,2407319
202607191739,e2e_trace_v3,2661,17294028383935529418,6640,control,out,83633354294464,1,/apollo/control,0,6639,1784453989504133353,0,72263408870752721,2,2407194,2407319
202607191739,e2e_trace_v3,2664,17294028383935529418,6641,control,in,83633363632128,1,/apollo/planning,239,0,1784453989504133353,0,0,0,2407194,2407315
202607191739,e2e_trace_v3,2672,17294028383935529418,6641,control,out,83633364215072,1,/apollo/control,0,6640,1784453989504133353,0,72263408870752721,2,2407194,2407315
202607191739,e2e_trace_v3,2675,17294028383935529418,6642,control,in,83633373585632,1,/apollo/planning,239,0,1784453989504133353,0,0,0,2407194,2407330
202607191739,e2e_trace_v3,2683,17294028383935529418,6642,control,out,83633373986816,1,/apollo/control,0,6641,1784453989504133353,0,72263408870752721,2,2407194,2407330
202607191739,e2e_trace_v3,2686,17294028383935529418,6643,control,in,83633383559296,1,/apollo/planning,239,0,1784453989504133353,0,0,0,2407194,2407326
202607191739,e2e_trace_v3,2694,17294028383935529418,6643,control,out,83633383830432,1,/apollo/control,0,6642,1784453989504133353,0,72263408870752721,2,2407194,2407326
202607191739,e2e_trace_v3,2697,17294028383935529418,6644,control,in,83633395591744,1,/apollo/planning,239,0,1784453989504133353,0,0,0,2407194,2407329
202607191739,e2e_trace_v3,2705,17294028383935529418,6644,control,out,83633396022432,1,/apollo/control,0,6643,1784453989504133353,0,72263408870752721,2,2407194,2407329
202607191739,e2e_trace_v3,2708,17294028383935529418,6645,control,in,83633403566176,1,/apollo/planning,239,0,1784453989504133353,0,0,0,2407194,2407306
202607191739,e2e_trace_v3,2716,17294028383935529418,6645,control,out,83633404085056,1,/apollo/control,0,6644,1784453989504133353,0,72263408870752721,2,2407194,2407306
202607191739,e2e_trace_v3,2719,17294028383935529418,6646,control,in,83633413633568,1,/apollo/planning,239,0,1784453989504133353,0,0,0,2407194,2407315
202607191739,e2e_trace_v3,2727,17294028383935529418,6646,control,out,83633414198880,1,/apollo/control,0,6645,1784453989504133353,0,72263408870752721,2,2407194,2407315
202607191739,e2e_trace_v3,2730,17294028383935529418,6647,control,in,83633423614816,1,/apollo/planning,239,0,1784453989504133353,0,0,0,2407194,2407311
202607191739,e2e_trace_v3,2738,17294028383935529418,6647,control,out,83633423982816,1,/apollo/control,0,6646,1784453989504133353,0,72263408870752721,2,2407194,2407311
202607191739,e2e_trace_v3,2741,17294028383935529418,6648,control,in,83633435658688,1,/apollo/planning,239,0,1784453989504133353,0,0,0,2407194,2407318
202607191739,e2e_trace_v3,2749,17294028383935529418,6648,control,out,83633436278624,1,/apollo/control,0,6647,1784453989504133353,0,72263408870752721,2,2407194,2407318
202607191739,e2e_trace_v3,2752,17294028383935529419,6649,control,in,83633443684000,1,/apollo/planning,240,0,1784453989614832167,0,0,0,2407194,2407330
202607191739,e2e_trace_v3,2760,17294028383935529419,6649,control,out,83633444358944,1,/apollo/control,0,6648,1784453989614832167,0,72263408870752722,2,2407194,2407330
202607191739,e2e_trace_v3,2763,17294028383935529419,6650,control,in,83633453662656,1,/apollo/planning,240,0,1784453989614832167,0,0,0,2407194,2407304
202607191739,e2e_trace_v3,2771,17294028383935529419,6650,control,out,83633454113248,1,/apollo/control,0,6649,1784453989614832167,0,72263408870752722,2,2407194,2407304
202607191739,e2e_trace_v3,2774,17294028383935529419,6651,control,in,83633463648064,1,/apollo/planning,240,0,1784453989614832167,0,0,0,2407194,2407313
202607191739,e2e_trace_v3,2782,17294028383935529419,6651,control,out,83633464209632,1,/apollo/control,0,6650,1784453989614832167,0,72263408870752722,2,2407194,2407313
202607191739,e2e_trace_v3,2785,17294028383935529419,6652,control,in,83633473633792,1,/apollo/planning,240,0,1784453989614832167,0,0,0,2407194,2407326
202607191739,e2e_trace_v3,2793,17294028383935529419,6652,control,out,83633474105376,1,/apollo/control,0,6651,1784453989614832167,0,72263408870752722,2,2407194,2407326
202607191739,e2e_trace_v3,2796,17294028383935529419,6653,control,in,83633483593280,1,/apollo/planning,240,0,1784453989614832167,0,0,0,2407194,2407329
202607191739,e2e_trace_v3,2804,17294028383935529419,6653,control,out,83633483988160,1,/apollo/control,0,6652,1784453989614832167,0,72263408870752722,2,2407194,2407329
202607191739,e2e_trace_v3,2807,17294028383935529419,6654,control,in,83633493629216,1,/apollo/planning,240,0,1784453989614832167,0,0,0,2407194,2407302
202607191739,e2e_trace_v3,2815,17294028383935529419,6654,control,out,83633494203776,1,/apollo/control,0,6653,1784453989614832167,0,72263408870752722,2,2407194,2407302
202607191739,e2e_trace_v3,2818,17294028383935529419,6655,control,in,83633503631392,1,/apollo/planning,240,0,1784453989614832167,0,0,0,2407194,2407306
202607191739,e2e_trace_v3,2826,17294028383935529419,6655,control,out,83633504229536,1,/apollo/control,0,6654,1784453989614832167,0,72263408870752722,2,2407194,2407306
202607191739,e2e_trace_v3,2829,17294028383935529419,6656,control,in,83633513646304,1,/apollo/planning,240,0,1784453989614832167,0,0,0,2407194,2407311
202607191739,e2e_trace_v3,2837,17294028383935529419,6656,control,out,83633514299808,1,/apollo/control,0,6655,1784453989614832167,0,72263408870752722,2,2407194,2407311
202607191739,e2e_trace_v3,2840,17294028383935529419,6657,control,in,83633523610624,1,/apollo/planning,240,0,1784453989614832167,0,0,0,2407194,2407309
202607191739,e2e_trace_v3,2848,17294028383935529419,6657,control,out,83633524023328,1,/apollo/control,0,6656,1784453989614832167,0,72263408870752722,2,2407194,2407309
202607191739,e2e_trace_v3,2851,17294028383935529419,6658,control,in,83633533577088,1,/apollo/planning,240,0,1784453989614832167,0,0,0,2407194,2407328
202607191739,e2e_trace_v3,2859,17294028383935529419,6658,control,out,83633534047968,1,/apollo/control,0,6657,1784453989614832167,0,72263408870752722,2,2407194,2407328
202607191739,e2e_trace_v3,2862,17294028383935529419,6659,control,in,83633543595552,1,/apollo/planning,240,0,1784453989614832167,0,0,0,2407194,2407319
202607191739,e2e_trace_v3,2870,17294028383935529419,6659,control,out,83633543981664,1,/apollo/control,0,6658,1784453989614832167,0,72263408870752722,2,2407194,2407319
202607191739,e2e_trace_v3,2873,17294028383935529419,6660,control,in,83633553594624,1,/apollo/planning,240,0,1784453989614832167,0,0,0,2407194,2407300
202607191739,e2e_trace_v3,2881,17294028383935529419,6660,control,out,83633553986080,1,/apollo/control,0,6659,1784453989614832167,0,72263408870752722,2,2407194,2407300
202607191739,e2e_trace_v3,2884,17294028383935529419,6661,control,in,83633563604544,1,/apollo/planning,240,0,1784453989614832167,0,0,0,2407194,2407304
202607191739,e2e_trace_v3,2892,17294028383935529419,6661,control,out,83633564041408,1,/apollo/control,0,6660,1784453989614832167,0,72263408870752722,2,2407194,2407304
202607191739,e2e_trace_v3,2895,17294028383935529419,6662,control,in,83633573581888,1,/apollo/planning,240,0,1784453989614832167,0,0,0,2407194,2407306
202607191739,e2e_trace_v3,2903,17294028383935529419,6662,control,out,83633573974432,1,/apollo/control,0,6661,1784453989614832167,0,72263408870752722,2,2407194,2407306
202607191739,e2e_trace_v3,2906,17294028383935529419,6663,control,in,83633585583904,1,/apollo/planning,240,0,1784453989614832167,0,0,0,2407194,2407315
202607191739,e2e_trace_v3,2914,17294028383935529419,6663,control,out,83633585959104,1,/apollo/control,0,6662,1784453989614832167,0,72263408870752722,2,2407194,2407315
202607191739,e2e_trace_v3,2917,17294028383935529419,6664,control,in,83633595569696,1,/apollo/planning,240,0,1784453989614832167,0,0,0,2407194,2407309
202607191739,e2e_trace_v3,2925,17294028383935529419,6664,control,out,83633595899744,1,/apollo/control,0,6663,1784453989614832167,0,72263408870752722,2,2407194,2407309
202607191739,e2e_trace_v3,2928,17294028383935529419,6665,control,in,83633605574432,1,/apollo/planning,240,0,1784453989614832167,0,0,0,2407194,2407300
202607191739,e2e_trace_v3,2936,17294028383935529419,6665,control,out,83633605933536,1,/apollo/control,0,6664,1784453989614832167,0,72263408870752722,2,2407194,2407300
202607191739,e2e_trace_v3,2939,17294028383935529419,6666,control,in,83633615580224,1,/apollo/planning,240,0,1784453989614832167,0,0,0,2407194,2407309
202607191739,e2e_trace_v3,2947,17294028383935529419,6666,control,out,83633615972800,1,/apollo/control,0,6665,1784453989614832167,0,72263408870752722,2,2407194,2407309
202607191739,e2e_trace_v3,2950,17294028383935529419,6667,control,in,83633623581952,1,/apollo/planning,240,0,1784453989614832167,0,0,0,2407194,2407319
202607191739,e2e_trace_v3,2958,17294028383935529419,6667,control,out,83633623964608,1,/apollo/control,0,6666,1784453989614832167,0,72263408870752722,2,2407194,2407319
202607191739,e2e_trace_v3,2961,17294028383935529419,6668,control,in,83633633565024,1,/apollo/planning,240,0,1784453989614832167,0,0,0,2407194,2407300
202607191739,e2e_trace_v3,2969,17294028383935529419,6668,control,out,83633633942912,1,/apollo/control,0,6667,1784453989614832167,0,72263408870752722,2,2407194,2407300
202607191739,e2e_trace_v3,2972,17294028383935529419,6669,control,in,83633645684864,1,/apollo/planning,240,0,1784453989614832167,0,0,0,2407194,2407313
202607191739,e2e_trace_v3,2980,17294028383935529419,6669,control,out,83633646523936,1,/apollo/control,0,6668,1784453989614832167,0,72263408870752722,2,2407194,2407313
202607191739,e2e_trace_v3,2983,17294028383935529419,6670,control,in,83633653631616,1,/apollo/planning,240,0,1784453989614832167,0,0,0,2407194,2407322
202607191739,e2e_trace_v3,2991,17294028383935529419,6670,control,out,83633654155392,1,/apollo/control,0,6669,1784453989614832167,0,72263408870752722,2,2407194,2407322
202607191739,e2e_trace_v3,2994,17294028383935529419,6671,control,in,83633665671232,1,/apollo/planning,240,0,1784453989614832167,0,0,0,2407194,2407319
202607191739,e2e_trace_v3,3002,17294028383935529419,6671,control,out,83633666061088,1,/apollo/control,0,6670,1784453989614832167,0,72263408870752722,2,2407194,2407319
202607191739,e2e_trace_v3,3005,17294028383935529419,6672,control,in,83633673597632,1,/apollo/planning,240,0,1784453989614832167,0,0,0,2407194,2407300
202607191739,e2e_trace_v3,3013,17294028383935529419,6672,control,out,83633673866112,1,/apollo/control,0,6671,1784453989614832167,0,72263408870752722,2,2407194,2407300
202607191739,e2e_trace_v3,3016,17294028383935529419,6673,control,in,83633685680800,1,/apollo/planning,240,0,1784453989614832167,0,0,0,2407194,2407324
202607191739,e2e_trace_v3,3024,17294028383935529419,6673,control,out,83633686229696,1,/apollo/control,0,6672,1784453989614832167,0,72263408870752722,2,2407194,2407324
202607191739,e2e_trace_v3,3027,17294028383935529419,6674,control,in,83633695545440,1,/apollo/planning,240,0,1784453989614832167,0,0,0,2407194,2407326
202607191739,e2e_trace_v3,3035,17294028383935529419,6674,control,out,83633696211296,1,/apollo/control,0,6673,1784453989614832167,0,72263408870752722,2,2407194,2407326
202607191739,e2e_trace_v3,3038,17294028383935529419,6675,control,in,83633701679296,1,/apollo/planning,240,0,1784453989614832167,0,0,0,2407194,2407306
202607191739,e2e_trace_v3,3046,17294028383935529419,6675,control,out,83633702231744,1,/apollo/control,0,6674,1784453989614832167,0,72263408870752722,2,2407194,2407306
202607191739,e2e_trace_v3,3049,17294028383935529419,6676,control,in,83633713731552,1,/apollo/planning,240,0,1784453989614832167,0,0,0,2407194,2407328
202607191739,e2e_trace_v3,3057,17294028383935529419,6676,control,out,83633714191520,1,/apollo/control,0,6675,1784453989614832167,0,72263408870752722,2,2407194,2407328
202607191739,e2e_trace_v3,3060,17294028383935529419,6677,control,in,83633723647552,1,/apollo/planning,240,0,1784453989614832167,0,0,0,2407194,2407313
202607191739,e2e_trace_v3,3068,17294028383935529419,6677,control,out,83633724077408,1,/apollo/control,0,6676,1784453989614832167,0,72263408870752722,2,2407194,2407313
202607191739,e2e_trace_v3,3071,17294028383935529419,6678,control,in,83633733597472,1,/apollo/planning,240,0,1784453989614832167,0,0,0,2407194,2407324
202607191739,e2e_trace_v3,3079,17294028383935529419,6678,control,out,83633733960128,1,/apollo/control,0,6677,1784453989614832167,0,72263408870752722,2,2407194,2407324
202607191739,e2e_trace_v3,3082,17294028383935529419,6679,control,in,83633745703264,1,/apollo/planning,240,0,1784453989614832167,0,0,0,2407194,2407318
202607191739,e2e_trace_v3,3090,17294028383935529419,6679,control,out,83633746285728,1,/apollo/control,0,6678,1784453989614832167,0,72263408870752722,2,2407194,2407318
202607191739,e2e_trace_v3,3093,17294028383935529419,6680,control,in,83633753675936,1,/apollo/planning,240,0,1784453989614832167,0,0,0,2407194,2407304
202607191739,e2e_trace_v3,3101,17294028383935529419,6680,control,out,83633754073120,1,/apollo/control,0,6679,1784453989614832167,0,72263408870752722,2,2407194,2407304
202607191739,e2e_trace_v3,3104,17294028383935529419,6681,control,in,83633763650816,1,/apollo/planning,240,0,1784453989614832167,0,0,0,2407194,2407326
202607191739,e2e_trace_v3,3112,17294028383935529419,6681,control,out,83633764046144,1,/apollo/control,0,6680,1784453989614832167,0,72263408870752722,2,2407194,2407326
202607191739,e2e_trace_v3,3115,17294028383935529419,6682,control,in,83633773629696,1,/apollo/planning,240,0,1784453989614832167,0,0,0,2407194,2407304
202607191739,e2e_trace_v3,3123,17294028383935529419,6682,control,out,83633773942848,1,/apollo/control,0,6681,1784453989614832167,0,72263408870752722,2,2407194,2407304
202607191739,e2e_trace_v3,3126,17294028383935529419,6683,control,in,83633785658752,1,/apollo/planning,240,0,1784453989614832167,0,0,0,2407194,2407324
202607191739,e2e_trace_v3,3134,17294028383935529419,6683,control,out,83633786052256,1,/apollo/control,0,6682,1784453989614832167,0,72263408870752722,2,2407194,2407324
202607191739,e2e_trace_v3,3137,17294028383935529419,6684,control,in,83633793652032,1,/apollo/planning,240,0,1784453989614832167,0,0,0,2407194,2407309
202607191739,e2e_trace_v3,3145,17294028383935529419,6684,control,out,83633794067552,1,/apollo/control,0,6683,1784453989614832167,0,72263408870752722,2,2407194,2407309
202607191739,e2e_trace_v3,3148,17294028383935529419,6685,control,in,83633803568544,1,/apollo/planning,240,0,1784453989614832167,0,0,0,2407194,2407319
202607191739,e2e_trace_v3,3156,17294028383935529419,6685,control,out,83633803888096,1,/apollo/control,0,6684,1784453989614832167,0,72263408870752722,2,2407194,2407319
202607191739,e2e_trace_v3,3159,17294028383935529419,6686,control,in,83633815606816,1,/apollo/planning,240,0,1784453989614832167,0,0,0,2407194,2407311
202607191739,e2e_trace_v3,3167,17294028383935529419,6686,control,out,83633815925792,1,/apollo/control,0,6685,1784453989614832167,0,72263408870752722,2,2407194,2407311
202607191739,e2e_trace_v3,3170,17294028383935529419,6687,control,in,83633825613632,1,/apollo/planning,240,0,1784453989614832167,0,0,0,2407194,2407302
202607191739,e2e_trace_v3,3178,17294028383935529419,6687,control,out,83633825880128,1,/apollo/control,0,6686,1784453989614832167,0,72263408870752722,2,2407194,2407302
202607191739,e2e_trace_v3,3181,17294028383935529419,6688,control,in,83633835575328,1,/apollo/planning,240,0,1784453989614832167,0,0,0,2407194,2407322
202607191739,e2e_trace_v3,3189,17294028383935529419,6688,control,out,83633835915200,1,/apollo/control,0,6687,1784453989614832167,0,72263408870752722,2,2407194,2407322
202607191739,e2e_trace_v3,3192,17294028383935529419,6689,control,in,83633845640864,1,/apollo/planning,240,0,1784453989614832167,0,0,0,2407194,2407300
202607191739,e2e_trace_v3,3200,17294028383935529419,6689,control,out,83633846073280,1,/apollo/control,0,6688,1784453989614832167,0,72263408870752722,2,2407194,2407300
202607191739,e2e_trace_v3,3203,17294028383935529419,6690,control,in,83633853665536,1,/apollo/planning,240,0,1784453989614832167,0,0,0,2407194,2407322
202607191739,e2e_trace_v3,3211,17294028383935529419,6690,control,out,83633854121824,1,/apollo/control,0,6689,1784453989614832167,0,72263408870752722,2,2407194,2407322
202607191739,e2e_trace_v3,3214,17294028383935529419,6691,control,in,83633863656608,1,/apollo/planning,240,0,1784453989614832167,0,0,0,2407194,2407302
202607191739,e2e_trace_v3,3222,17294028383935529419,6691,control,out,83633864023136,1,/apollo/control,0,6690,1784453989614832167,0,72263408870752722,2,2407194,2407302
202607191739,e2e_trace_v3,3225,17294028383935529419,6692,control,in,83633875618400,1,/apollo/planning,240,0,1784453989614832167,0,0,0,2407194,2407311
202607191739,e2e_trace_v3,3233,17294028383935529419,6692,control,out,83633876001120,1,/apollo/control,0,6691,1784453989614832167,0,72263408870752722,2,2407194,2407311
202607191739,e2e_trace_v3,3236,17294028383935529419,6693,control,in,83633885630080,1,/apollo/planning,240,0,1784453989614832167,0,0,0,2407194,2407306
202607191739,e2e_trace_v3,3244,17294028383935529419,6693,control,out,83633885960000,1,/apollo/control,0,6692,1784453989614832167,0,72263408870752722,2,2407194,2407306
202607191739,e2e_trace_v3,3247,17294028383935529419,6694,control,in,83633895625568,1,/apollo/planning,240,0,1784453989614832167,0,0,0,2407194,2407330
202607191739,e2e_trace_v3,3255,17294028383935529419,6694,control,out,83633896172192,1,/apollo/control,0,6693,1784453989614832167,0,72263408870752722,2,2407194,2407330
202607191739,e2e_trace_v3,3258,17294028383935529419,6695,control,in,83633903601440,1,/apollo/planning,240,0,1784453989614832167,0,0,0,2407194,2407318
202607191739,e2e_trace_v3,3266,17294028383935529419,6695,control,out,83633903940992,1,/apollo/control,0,6694,1784453989614832167,0,72263408870752722,2,2407194,2407318
202607191739,e2e_trace_v3,3269,17294028383935529419,6696,control,in,83633915614336,1,/apollo/planning,240,0,1784453989614832167,0,0,0,2407194,2407315
202607191739,e2e_trace_v3,3277,17294028383935529419,6696,control,out,83633915952448,1,/apollo/control,0,6695,1784453989614832167,0,72263408870752722,2,2407194,2407315
202607191739,e2e_trace_v3,3280,17294028383935529419,6697,control,in,83633925593312,1,/apollo/planning,240,0,1784453989614832167,0,0,0,2407194,2407329
202607191739,e2e_trace_v3,3288,17294028383935529419,6697,control,out,83633925899936,1,/apollo/control,0,6696,1784453989614832167,0,72263408870752722,2,2407194,2407329
202607191739,e2e_trace_v3,3291,17294028383935529419,6698,control,in,83633935618816,1,/apollo/planning,240,0,1784453989614832167,0,0,0,2407194,2407326
202607191739,e2e_trace_v3,3299,17294028383935529419,6698,control,out,83633935957216,1,/apollo/control,0,6697,1784453989614832167,0,72263408870752722,2,2407194,2407326
202607191739,e2e_trace_v3,3302,17294028383935529419,6699,control,in,83633945657568,1,/apollo/planning,240,0,1784453989614832167,0,0,0,2407194,2407304
202607191739,e2e_trace_v3,3310,17294028383935529419,6699,control,out,83633946043264,1,/apollo/control,0,6698,1784453989614832167,0,72263408870752722,2,2407194,2407304
202607191739,e2e_trace_v3,3313,17294028383935529419,6700,control,in,83633955760384,1,/apollo/planning,240,0,1784453989614832167,0,0,0,2407194,2407313
202607191739,e2e_trace_v3,3321,17294028383935529419,6700,control,out,83633956083776,1,/apollo/control,0,6699,1784453989614832167,0,72263408870752722,2,2407194,2407313
202607191739,e2e_trace_v3,3324,17294028383935529419,6701,control,in,83633965638400,1,/apollo/planning,240,0,1784453989614832167,0,0,0,2407194,2407319
202607191739,e2e_trace_v3,3332,17294028383935529419,6701,control,out,83633966147488,1,/apollo/control,0,6700,1784453989614832167,0,72263408870752722,2,2407194,2407319
202607191739,e2e_trace_v3,3335,17294028383935529419,6702,control,in,83633973627968,1,/apollo/planning,240,0,1784453989614832167,0,0,0,2407194,2407311
202607191739,e2e_trace_v3,3343,17294028383935529419,6702,control,out,83633974050144,1,/apollo/control,0,6701,1784453989614832167,0,72263408870752722,2,2407194,2407311
202607191739,e2e_trace_v3,3346,17294028383935529419,6703,control,in,83633983677344,1,/apollo/planning,240,0,1784453989614832167,0,0,0,2407194,2407306
202607191739,e2e_trace_v3,3354,17294028383935529419,6703,control,out,83633984140448,1,/apollo/control,0,6702,1784453989614832167,0,72263408870752722,2,2407194,2407306
202607191739,e2e_trace_v3,3357,17294028383935529419,6704,control,in,83633993744928,1,/apollo/planning,240,0,1784453989614832167,0,0,0,2407194,2407324
202607191739,e2e_trace_v3,3365,17294028383935529419,6704,control,out,83633994167392,1,/apollo/control,0,6703,1784453989614832167,0,72263408870752722,2,2407194,2407324
202607191739,e2e_trace_v3,3368,17294028383935529419,6705,control,in,83634003793728,1,/apollo/planning,240,0,1784453989614832167,0,0,0,2407194,2407302
202607191739,e2e_trace_v3,3376,17294028383935529419,6705,control,out,83634004178048,1,/apollo/control,0,6704,1784453989614832167,0,72263408870752722,2,2407194,2407302
202607191739,e2e_trace_v3,3379,17294028383935529419,6706,control,in,83634013609056,1,/apollo/planning,240,0,1784453989614832167,0,0,0,2407194,2407330
202607191739,e2e_trace_v3,3387,17294028383935529419,6706,control,out,83634013919968,1,/apollo/control,0,6705,1784453989614832167,0,72263408870752722,2,2407194,2407330
202607191739,e2e_trace_v3,3390,17294028383935529420,6707,control,in,83634025846848,1,/apollo/planning,241,0,1784453989726418334,0,0,0,2407194,2407300
202607191739,e2e_trace_v3,3398,17294028383935529420,6707,control,out,83634026359968,1,/apollo/control,0,6706,1784453989726418334,0,72263408870752723,2,2407194,2407300
202607191739,e2e_trace_v3,3401,17294028383935529420,6708,control,in,83634033640960,1,/apollo/planning,241,0,1784453989726418334,0,0,0,2407194,2407311
202607191739,e2e_trace_v3,3409,17294028383935529420,6708,control,out,83634033965632,1,/apollo/control,0,6707,1784453989726418334,0,72263408870752723,2,2407194,2407311
202607191739,e2e_trace_v3,3412,17294028383935529420,6709,control,in,83634045690144,1,/apollo/planning,241,0,1784453989726418334,0,0,0,2407194,2407319
202607191739,e2e_trace_v3,3420,17294028383935529420,6709,control,out,83634046140192,1,/apollo/control,0,6708,1784453989726418334,0,72263408870752723,2,2407194,2407319
202607191739,e2e_trace_v3,3423,17294028383935529420,6710,control,in,83634053670720,1,/apollo/planning,241,0,1784453989726418334,0,0,0,2407194,2407318
202607191739,e2e_trace_v3,3431,17294028383935529420,6710,control,out,83634054103456,1,/apollo/control,0,6709,1784453989726418334,0,72263408870752723,2,2407194,2407318
202607191739,e2e_trace_v3,3434,17294028383935529420,6711,control,in,83634067231712,1,/apollo/planning,241,0,1784453989726418334,0,0,0,2407194,2407304
202607191739,e2e_trace_v3,3442,17294028383935529420,6711,control,out,83634067626208,1,/apollo/control,0,6710,1784453989726418334,0,72263408870752723,2,2407194,2407304
202607191739,e2e_trace_v3,3445,17294028383935529420,6712,control,in,83634073226528,1,/apollo/planning,241,0,1784453989726418334,0,0,0,2407194,2407324
202607191739,e2e_trace_v3,3453,17294028383935529420,6712,control,out,83634073544736,1,/apollo/control,0,6711,1784453989726418334,0,72263408870752723,2,2407194,2407324
202607191739,e2e_trace_v3,3456,17294028383935529420,6713,control,in,83634085281184,1,/apollo/planning,241,0,1784453989726418334,0,0,0,2407194,2407318
202607191739,e2e_trace_v3,3464,17294028383935529420,6713,control,out,83634085687520,1,/apollo/control,0,6712,1784453989726418334,0,72263408870752723,2,2407194,2407318
202607191739,e2e_trace_v3,3467,17294028383935529420,6714,control,in,83634093262592,1,/apollo/planning,241,0,1784453989726418334,0,0,0,2407194,2407324
202607191739,e2e_trace_v3,3475,17294028383935529420,6714,control,out,83634093631392,1,/apollo/control,0,6713,1784453989726418334,0,72263408870752723,2,2407194,2407324
202607191739,e2e_trace_v3,3478,17294028383935529420,6715,control,in,83634103220768,1,/apollo/planning,241,0,1784453989726418334,0,0,0,2407194,2407309
202607191739,e2e_trace_v3,3486,17294028383935529420,6715,control,out,83634103538144,1,/apollo/control,0,6714,1784453989726418334,0,72263408870752723,2,2407194,2407309
202607191739,e2e_trace_v3,3489,17294028383935529420,6716,control,in,83634115214592,1,/apollo/planning,241,0,1784453989726418334,0,0,0,2407194,2407311
202607191739,e2e_trace_v3,3497,17294028383935529420,6716,control,out,83634115586688,1,/apollo/control,0,6715,1784453989726418334,0,72263408870752723,2,2407194,2407311
202607191739,e2e_trace_v3,3500,17294028383935529420,6717,control,in,83634123185472,1,/apollo/planning,241,0,1784453989726418334,0,0,0,2407194,2407326
202607191739,e2e_trace_v3,3508,17294028383935529420,6717,control,out,83634123533216,1,/apollo/control,0,6716,1784453989726418334,0,72263408870752723,2,2407194,2407326
202607191739,e2e_trace_v3,3511,17294028383935529420,6718,control,in,83634135189792,1,/apollo/planning,241,0,1784453989726418334,0,0,0,2407194,2407302
202607191739,e2e_trace_v3,3519,17294028383935529420,6718,control,out,83634135539808,1,/apollo/control,0,6717,1784453989726418334,0,72263408870752723,2,2407194,2407302
202607191739,e2e_trace_v3,3522,17294028383935529420,6719,control,in,83634145173600,1,/apollo/planning,241,0,1784453989726418334,0,0,0,2407194,2407330
202607191739,e2e_trace_v3,3530,17294028383935529420,6719,control,out,83634145454368,1,/apollo/control,0,6718,1784453989726418334,0,72263408870752723,2,2407194,2407330
202607191739,e2e_trace_v3,3533,17294028383935529420,6720,control,in,83634155180832,1,/apollo/planning,241,0,1784453989726418334,0,0,0,2407194,2407324
202607191739,e2e_trace_v3,3541,17294028383935529420,6720,control,out,83634155501664,1,/apollo/control,0,6719,1784453989726418334,0,72263408870752723,2,2407194,2407324
202607191739,e2e_trace_v3,3544,17294028383935529420,6721,control,in,83634165263456,1,/apollo/planning,241,0,1784453989726418334,0,0,0,2407194,2407306
202607191739,e2e_trace_v3,3552,17294028383935529420,6721,control,out,83634165688096,1,/apollo/control,0,6720,1784453989726418334,0,72263408870752723,2,2407194,2407306
202607191739,e2e_trace_v3,3555,17294028383935529420,6722,control,in,83634173254688,1,/apollo/planning,241,0,1784453989726418334,0,0,0,2407194,2407311
202607191739,e2e_trace_v3,3563,17294028383935529420,6722,control,out,83634173852224,1,/apollo/control,0,6721,1784453989726418334,0,72263408870752723,2,2407194,2407311
202607191739,e2e_trace_v3,3566,17294028383935529420,6723,control,in,83634183274560,1,/apollo/planning,241,0,1784453989726418334,0,0,0,2407194,2407313
202607191739,e2e_trace_v3,3574,17294028383935529420,6723,control,out,83634183664160,1,/apollo/control,0,6722,1784453989726418334,0,72263408870752723,2,2407194,2407313
202607191739,e2e_trace_v3,3577,17294028383935529420,6724,control,in,83634193268416,1,/apollo/planning,241,0,1784453989726418334,0,0,0,2407194,2407300
202607191739,e2e_trace_v3,3585,17294028383935529420,6724,control,out,83634193755488,1,/apollo/control,0,6723,1784453989726418334,0,72263408870752723,2,2407194,2407300
202607191739,e2e_trace_v3,3588,17294028383935529420,6725,control,in,83634203219712,1,/apollo/planning,241,0,1784453989726418334,0,0,0,2407194,2407324
202607191739,e2e_trace_v3,3596,17294028383935529420,6725,control,out,83634203549408,1,/apollo/control,0,6724,1784453989726418334,0,72263408870752723,2,2407194,2407324
202607191739,e2e_trace_v3,3599,17294028383935529420,6726,control,in,83634215234400,1,/apollo/planning,241,0,1784453989726418334,0,0,0,2407194,2407315
202607191739,e2e_trace_v3,3607,17294028383935529420,6726,control,out,83634215602496,1,/apollo/control,0,6725,1784453989726418334,0,72263408870752723,2,2407194,2407315
202607191739,e2e_trace_v3,3610,17294028383935529423,6727,control,in,83634223662048,1,/apollo/planning,242,0,1784453990053289627,111,0,0,2407194,2407328
202607191739,e2e_trace_v3,3619,17294028383935529423,6727,control,out,83634224865312,1,/apollo/control,0,6726,1784453990053289627,0,72263408870752726,1,2407194,2407328
202607191739,e2e_trace_v3,3622,17294028383935529423,6728,control,in,83634233304448,1,/apollo/planning,242,0,1784453990053289627,111,0,0,2407194,2407326
202607191739,e2e_trace_v3,3631,17294028383935529423,6728,control,out,83634234152768,1,/apollo/control,0,6727,1784453990053289627,0,72263408870752726,1,2407194,2407326
202607191739,e2e_trace_v3,3634,17294028383935529423,6729,control,in,83634243256544,1,/apollo/planning,242,0,1784453990053289627,111,0,0,2407194,2407313
202607191739,e2e_trace_v3,3643,17294028383935529423,6729,control,out,83634244038688,1,/apollo/control,0,6728,1784453990053289627,0,72263408870752726,1,2407194,2407313
202607191739,e2e_trace_v3,3646,17294028383935529423,6730,control,in,83634253399008,1,/apollo/planning,242,0,1784453990053289627,111,0,0,2407194,2407302
202607191739,e2e_trace_v3,3655,17294028383935529423,6730,control,out,83634254431712,1,/apollo/control,0,6729,1784453990053289627,0,72263408870752726,1,2407194,2407302
202607191739,e2e_trace_v3,3658,17294028383935529423,6731,control,in,83634263466592,1,/apollo/planning,242,0,1784453990053289627,111,0,0,2407194,2407309
202607191739,e2e_trace_v3,3667,17294028383935529423,6731,control,out,83634264516256,1,/apollo/control,0,6730,1784453990053289627,0,72263408870752726,1,2407194,2407309
202607191739,e2e_trace_v3,3670,17294028383935529423,6732,control,in,83634273390016,1,/apollo/planning,242,0,1784453990053289627,111,0,0,2407194,2407329
202607191739,e2e_trace_v3,3679,17294028383935529423,6732,control,out,83634274378656,1,/apollo/control,0,6731,1784453990053289627,0,72263408870752726,1,2407194,2407329
202607191739,e2e_trace_v3,3682,17294028383935529423,6733,control,in,83634283363296,1,/apollo/planning,242,0,1784453990053289627,111,0,0,2407194,2407322
202607191739,e2e_trace_v3,3691,17294028383935529423,6733,control,out,83634284318528,1,/apollo/control,0,6732,1784453990053289627,0,72263408870752726,1,2407194,2407322
202607191739,e2e_trace_v3,3694,17294028383935529423,6734,control,in,83634293393056,1,/apollo/planning,242,0,1784453990053289627,111,0,0,2407194,2407311
202607191739,e2e_trace_v3,3703,17294028383935529423,6734,control,out,83634294440224,1,/apollo/control,0,6733,1784453990053289627,0,72263408870752726,1,2407194,2407311
202607191739,e2e_trace_v3,3706,17294028383935529423,6735,control,in,83634303398400,1,/apollo/planning,242,0,1784453990053289627,111,0,0,2407194,2407300
202607191739,e2e_trace_v3,3715,17294028383935529423,6735,control,out,83634304333408,1,/apollo/control,0,6734,1784453990053289627,0,72263408870752726,1,2407194,2407300
202607191739,e2e_trace_v3,3718,17294028383935529423,6736,control,in,83634313316928,1,/apollo/planning,242,0,1784453990053289627,111,0,0,2407194,2407313
202607191739,e2e_trace_v3,3727,17294028383935529423,6736,control,out,83634314117632,1,/apollo/control,0,6735,1784453990053289627,0,72263408870752726,1,2407194,2407313
202607191739,e2e_trace_v3,3730,17294028383935529423,6737,control,in,83634323230080,1,/apollo/planning,242,0,1784453990053289627,111,0,0,2407194,2407329
202607191739,e2e_trace_v3,3739,17294028383935529423,6737,control,out,83634323995328,1,/apollo/control,0,6736,1784453990053289627,0,72263408870752726,1,2407194,2407329
202607191739,e2e_trace_v3,3742,17294028383935529423,6738,control,in,83634333310112,1,/apollo/planning,242,0,1784453990053289627,111,0,0,2407194,2407311
202607191739,e2e_trace_v3,3751,17294028383935529423,6738,control,out,83634334227968,1,/apollo/control,0,6737,1784453990053289627,0,72263408870752726,1,2407194,2407311
202607191739,e2e_trace_v3,3754,17294028383935529423,6739,control,in,83634343362528,1,/apollo/planning,242,0,1784453990053289627,111,0,0,2407194,2407300
202607191739,e2e_trace_v3,3763,17294028383935529423,6739,control,out,83634344171072,1,/apollo/control,0,6738,1784453990053289627,0,72263408870752726,1,2407194,2407300
202607191739,e2e_trace_v3,3766,17294028383935529423,6740,control,in,83634353458400,1,/apollo/planning,242,0,1784453990053289627,111,0,0,2407194,2407306
202607191739,e2e_trace_v3,3775,17294028383935529423,6740,control,out,83634354927680,1,/apollo/control,0,6739,1784453990053289627,0,72263408870752726,1,2407194,2407306
202607191739,e2e_trace_v3,3778,17294028383935529423,6741,control,in,83634363455584,1,/apollo/planning,242,0,1784453990053289627,111,0,0,2407194,2407322
202607191739,e2e_trace_v3,3787,17294028383935529423,6741,control,out,83634364409952,1,/apollo/control,0,6740,1784453990053289627,0,72263408870752726,1,2407194,2407322
202607191739,e2e_trace_v3,3790,17294028383935529423,6742,control,in,83634373415680,1,/apollo/planning,242,0,1784453990053289627,111,0,0,2407194,2407313
202607191739,e2e_trace_v3,3799,17294028383935529423,6742,control,out,83634374291936,1,/apollo/control,0,6741,1784453990053289627,0,72263408870752726,1,2407194,2407313
202607191739,e2e_trace_v3,3802,17294028383935529423,6743,control,in,83634383309504,1,/apollo/planning,242,0,1784453990053289627,111,0,0,2407194,2407300
202607191739,e2e_trace_v3,3811,17294028383935529423,6743,control,out,83634384167200,1,/apollo/control,0,6742,1784453990053289627,0,72263408870752726,1,2407194,2407300
202607191739,e2e_trace_v3,3814,17294028383935529423,6744,control,in,83634393280736,1,/apollo/planning,242,0,1784453990053289627,111,0,0,2407194,2407322
202607191739,e2e_trace_v3,3823,17294028383935529423,6744,control,out,83634394056640,1,/apollo/control,0,6743,1784453990053289627,0,72263408870752726,1,2407194,2407322
202607191739,e2e_trace_v3,3826,17294028383935529423,6745,control,in,83634403564800,1,/apollo/planning,242,0,1784453990053289627,111,0,0,2407194,2407330
202607191739,e2e_trace_v3,3835,17294028383935529423,6745,control,out,83634405663296,1,/apollo/control,0,6744,1784453990053289627,0,72263408870752726,1,2407194,2407330
202607191739,e2e_trace_v3,3838,17294028383935529423,6746,control,in,83634413362304,1,/apollo/planning,242,0,1784453990053289627,111,0,0,2407194,2407309
202607191739,e2e_trace_v3,3847,17294028383935529423,6746,control,out,83634414201216,1,/apollo/control,0,6745,1784453990053289627,0,72263408870752726,1,2407194,2407309
202607191739,e2e_trace_v3,3850,17294028383935529425,6747,control,in,83634423517216,1,/apollo/planning,243,0,1784453990272299957,111,0,0,2407194,2407311
202607191739,e2e_trace_v3,3859,17294028383935529425,6747,control,out,83634424457760,1,/apollo/control,0,6746,1784453990272299957,0,72263408870752728,2,2407194,2407311
202607191739,e2e_trace_v3,3862,17294028383935529425,6748,control,in,83634433356064,1,/apollo/planning,243,0,1784453990272299957,111,0,0,2407194,2407302
202607191739,e2e_trace_v3,3871,17294028383935529425,6748,control,out,83634434198272,1,/apollo/control,0,6747,1784453990272299957,0,72263408870752728,2,2407194,2407302
202607191739,e2e_trace_v3,3874,17294028383935529425,6749,control,in,83634443418464,1,/apollo/planning,243,0,1784453990272299957,111,0,0,2407194,2407328
202607191739,e2e_trace_v3,3883,17294028383935529425,6749,control,out,83634444299232,1,/apollo/control,0,6748,1784453990272299957,0,72263408870752728,2,2407194,2407328
202607191739,e2e_trace_v3,3886,17294028383935529425,6750,control,in,83634453500128,1,/apollo/planning,243,0,1784453990272299957,111,0,0,2407194,2407326
202607191739,e2e_trace_v3,3895,17294028383935529425,6750,control,out,83634455254240,1,/apollo/control,0,6749,1784453990272299957,0,72263408870752728,2,2407194,2407326
202607191739,e2e_trace_v3,3898,17294028383935529425,6751,control,in,83634463469248,1,/apollo/planning,243,0,1784453990272299957,111,0,0,2407194,2407315
202607191739,e2e_trace_v3,3907,17294028383935529425,6751,control,out,83634465172000,1,/apollo/control,0,6750,1784453990272299957,0,72263408870752728,2,2407194,2407315
202607191739,e2e_trace_v3,3910,17294028383935529425,6752,control,in,83634475492672,1,/apollo/planning,243,0,1784453990272299957,111,0,0,2407194,2407306
202607191739,e2e_trace_v3,3919,17294028383935529425,6752,control,out,83634476989920,1,/apollo/control,0,6751,1784453990272299957,0,72263408870752728,2,2407194,2407306
202607191739,e2e_trace_v3,3922,17294028383935529425,6753,control,in,83634483491328,1,/apollo/planning,243,0,1784453990272299957,111,0,0,2407194,2407329
202607191739,e2e_trace_v3,3931,17294028383935529425,6753,control,out,83634484935584,1,/apollo/control,0,6752,1784453990272299957,0,72263408870752728,2,2407194,2407329
202607191739,e2e_trace_v3,3934,17294028383935529425,6754,control,in,83634493344992,1,/apollo/planning,243,0,1784453990272299957,111,0,0,2407194,2407309
202607191739,e2e_trace_v3,3943,17294028383935529425,6754,control,out,83634494208000,1,/apollo/control,0,6753,1784453990272299957,0,72263408870752728,2,2407194,2407309
202607191739,e2e_trace_v3,3946,17294028383935529425,6755,control,in,83634503367840,1,/apollo/planning,243,0,1784453990272299957,111,0,0,2407194,2407313
202607191739,e2e_trace_v3,3955,17294028383935529425,6755,control,out,83634504357056,1,/apollo/control,0,6754,1784453990272299957,0,72263408870752728,2,2407194,2407313
202607191739,e2e_trace_v3,3958,17294028383935529425,6756,control,in,83634513576640,1,/apollo/planning,243,0,1784453990272299957,111,0,0,2407194,2407300
202607191739,e2e_trace_v3,3967,17294028383935529425,6756,control,out,83634515369824,1,/apollo/control,0,6755,1784453990272299957,0,72263408870752728,2,2407194,2407300
202607191739,e2e_trace_v3,3970,17294028383935529425,6757,control,in,83634525402976,1,/apollo/planning,243,0,1784453990272299957,111,0,0,2407194,2407313
202607191739,e2e_trace_v3,3979,17294028383935529425,6757,control,out,83634526344832,1,/apollo/control,0,6756,1784453990272299957,0,72263408870752728,2,2407194,2407313
202607191739,e2e_trace_v3,3982,17294028383935529425,6758,control,in,83634533312864,1,/apollo/planning,243,0,1784453990272299957,111,0,0,2407194,2407311
202607191739,e2e_trace_v3,3991,17294028383935529425,6758,control,out,83634534127776,1,/apollo/control,0,6757,1784453990272299957,0,72263408870752728,2,2407194,2407311
202607191739,e2e_trace_v3,3994,17294028383935529425,6759,control,in,83634543460128,1,/apollo/planning,243,0,1784453990272299957,111,0,0,2407194,2407309
202607191739,e2e_trace_v3,4003,17294028383935529425,6759,control,out,83634544414560,1,/apollo/control,0,6758,1784453990272299957,0,72263408870752728,2,2407194,2407309
202607191739,e2e_trace_v3,4006,17294028383935529425,6760,control,in,83634553294208,1,/apollo/planning,243,0,1784453990272299957,111,0,0,2407194,2407324
202607191739,e2e_trace_v3,4015,17294028383935529425,6760,control,out,83634554172896,1,/apollo/control,0,6759,1784453990272299957,0,72263408870752728,2,2407194,2407324
202607191739,e2e_trace_v3,4018,17294028383935529425,6761,control,in,83634563489952,1,/apollo/planning,243,0,1784453990272299957,111,0,0,2407194,2407315
202607191739,e2e_trace_v3,4027,17294028383935529425,6761,control,out,83634564861344,1,/apollo/control,0,6760,1784453990272299957,0,72263408870752728,2,2407194,2407315
202607191739,e2e_trace_v3,4030,17294028383935529425,6762,control,in,83634575429664,1,/apollo/planning,243,0,1784453990272299957,111,0,0,2407194,2407309
202607191739,e2e_trace_v3,4039,17294028383935529425,6762,control,out,83634576675520,1,/apollo/control,0,6761,1784453990272299957,0,72263408870752728,2,2407194,2407309
202607191739,e2e_trace_v3,4042,17294028383935529425,6763,control,in,83634583468896,1,/apollo/planning,243,0,1784453990272299957,111,0,0,2407194,2407313
202607191739,e2e_trace_v3,4051,17294028383935529425,6763,control,out,83634584473344,1,/apollo/control,0,6762,1784453990272299957,0,72263408870752728,2,2407194,2407313
202607191739,e2e_trace_v3,4054,17294028383935529425,6764,control,in,83634593368640,1,/apollo/planning,243,0,1784453990272299957,111,0,0,2407194,2407319
202607191739,e2e_trace_v3,4063,17294028383935529425,6764,control,out,83634594595968,1,/apollo/control,0,6763,1784453990272299957,0,72263408870752728,2,2407194,2407319
202607191739,e2e_trace_v3,4066,17294028383935529425,6765,control,in,83634603359456,1,/apollo/planning,243,0,1784453990272299957,111,0,0,2407194,2407322
202607191739,e2e_trace_v3,4075,17294028383935529425,6765,control,out,83634604461568,1,/apollo/control,0,6764,1784453990272299957,0,72263408870752728,2,2407194,2407322
202607191739,e2e_trace_v3,4078,17294028383935529425,6766,control,in,83634613401344,1,/apollo/planning,243,0,1784453990272299957,111,0,0,2407194,2407326
202607191739,e2e_trace_v3,4087,17294028383935529425,6766,control,out,83634614768448,1,/apollo/control,0,6765,1784453990272299957,0,72263408870752728,2,2407194,2407326
202607191739,e2e_trace_v3,4090,17294028383935529425,6767,control,in,83634623512832,1,/apollo/planning,243,0,1784453990272299957,111,0,0,2407194,2407313
202607191739,e2e_trace_v3,4099,17294028383935529425,6767,control,out,83634624673888,1,/apollo/control,0,6766,1784453990272299957,0,72263408870752728,2,2407194,2407313
202607191739,e2e_trace_v3,4102,17294028383935529427,6768,control,in,83634633689280,1,/apollo/planning,244,0,1784453990490919738,111,0,0,2407194,2407306
202607191739,e2e_trace_v3,4111,17294028383935529427,6768,control,out,83634635381824,1,/apollo/control,0,6767,1784453990490919738,0,72263408870752730,2,2407194,2407306
202607191739,e2e_trace_v3,4114,17294028383935529427,6769,control,in,83634645526272,1,/apollo/planning,244,0,1784453990490919738,111,0,0,2407194,2407318
202607191739,e2e_trace_v3,4123,17294028383935529427,6769,control,out,83634647095776,1,/apollo/control,0,6768,1784453990490919738,0,72263408870752730,2,2407194,2407318
202607191739,e2e_trace_v3,4126,17294028383935529427,6770,control,in,83634653375072,1,/apollo/planning,244,0,1784453990490919738,111,0,0,2407194,2407300
202607191739,e2e_trace_v3,4135,17294028383935529427,6770,control,out,83634654172576,1,/apollo/control,0,6769,1784453990490919738,0,72263408870752730,2,2407194,2407300
202607191739,e2e_trace_v3,4138,17294028383935529427,6771,control,in,83634666504032,1,/apollo/planning,244,0,1784453990490919738,111,0,0,2407194,2407324
202607191739,e2e_trace_v3,4147,17294028383935529427,6771,control,out,83634667429504,1,/apollo/control,0,6770,1784453990490919738,0,72263408870752730,2,2407194,2407324
202607191739,e2e_trace_v3,4150,17294028383935529427,6772,control,in,83634674445088,1,/apollo/planning,244,0,1784453990490919738,111,0,0,2407194,2407330
202607191739,e2e_trace_v3,4159,17294028383935529427,6772,control,out,83634675448000,1,/apollo/control,0,6771,1784453990490919738,0,72263408870752730,2,2407194,2407330
202607191739,e2e_trace_v3,4162,17294028383935529427,6773,control,in,83634684448864,1,/apollo/planning,244,0,1784453990490919738,111,0,0,2407194,2407319
202607191739,e2e_trace_v3,4171,17294028383935529427,6773,control,out,83634685313440,1,/apollo/control,0,6772,1784453990490919738,0,72263408870752730,2,2407194,2407319
202607191739,e2e_trace_v3,4174,17294028383935529427,6774,control,in,83634694451552,1,/apollo/planning,244,0,1784453990490919738,111,0,0,2407194,2407329
202607191739,e2e_trace_v3,4183,17294028383935529427,6774,control,out,83634695366560,1,/apollo/control,0,6773,1784453990490919738,0,72263408870752730,2,2407194,2407329
202607191739,e2e_trace_v3,4186,17294028383935529427,6775,control,in,83634704416576,1,/apollo/planning,244,0,1784453990490919738,111,0,0,2407194,2407300
202607191739,e2e_trace_v3,4195,17294028383935529427,6775,control,out,83634705534816,1,/apollo/control,0,6774,1784453990490919738,0,72263408870752730,2,2407194,2407300
202607191739,e2e_trace_v3,4198,17294028383935529427,6776,control,in,83634714424576,1,/apollo/planning,244,0,1784453990490919738,111,0,0,2407194,2407330
202607191739,e2e_trace_v3,4207,17294028383935529427,6776,control,out,83634715689984,1,/apollo/control,0,6775,1784453990490919738,0,72263408870752730,2,2407194,2407330
202607191739,e2e_trace_v3,4210,17294028383935529427,6777,control,in,83634722429088,1,/apollo/planning,244,0,1784453990490919738,111,0,0,2407194,2407311
202607191739,e2e_trace_v3,4219,17294028383935529427,6777,control,out,83634723513184,1,/apollo/control,0,6776,1784453990490919738,0,72263408870752730,2,2407194,2407311
202607191739,e2e_trace_v3,4222,17294028383935529427,6778,control,in,83634734630240,1,/apollo/planning,244,0,1784453990490919738,111,0,0,2407194,2407322
202607191739,e2e_trace_v3,4231,17294028383935529427,6778,control,out,83634736067680,1,/apollo/control,0,6777,1784453990490919738,0,72263408870752730,2,2407194,2407322
202607191739,e2e_trace_v3,4234,17294028383935529427,6779,control,in,83634745114912,1,/apollo/planning,244,0,1784453990490919738,111,0,0,2407194,2407326
202607191739,e2e_trace_v3,4243,17294028383935529427,6779,control,out,83634746441408,1,/apollo/control,0,6778,1784453990490919738,0,72263408870752730,2,2407194,2407326
202607191739,e2e_trace_v3,4246,17294028383935529427,6780,control,in,83634753083296,1,/apollo/planning,244,0,1784453990490919738,111,0,0,2407194,2407326
202607191739,e2e_trace_v3,4255,17294028383935529427,6780,control,out,83634754086944,1,/apollo/control,0,6779,1784453990490919738,0,72263408870752730,2,2407194,2407326
202607191739,e2e_trace_v3,4258,17294028383935529427,6781,control,in,83634763550784,1,/apollo/planning,244,0,1784453990490919738,111,0,0,2407194,2407324
202607191739,e2e_trace_v3,4267,17294028383935529427,6781,control,out,83634764438656,1,/apollo/control,0,6780,1784453990490919738,0,72263408870752730,2,2407194,2407324
202607191739,e2e_trace_v3,4270,17294028383935529427,6782,control,in,83634773019680,1,/apollo/planning,244,0,1784453990490919738,111,0,0,2407194,2407309
202607191739,e2e_trace_v3,4279,17294028383935529427,6782,control,out,83634774119712,1,/apollo/control,0,6781,1784453990490919738,0,72263408870752730,2,2407194,2407309
202607191739,e2e_trace_v3,4282,17294028383935529427,6783,control,in,83634783031456,1,/apollo/planning,244,0,1784453990490919738,111,0,0,2407194,2407326
202607191739,e2e_trace_v3,4291,17294028383935529427,6783,control,out,83634783963904,1,/apollo/control,0,6782,1784453990490919738,0,72263408870752730,2,2407194,2407326
202607191739,e2e_trace_v3,4294,17294028383935529427,6784,control,in,83634793037152,1,/apollo/planning,244,0,1784453990490919738,111,0,0,2407194,2407315
202607191739,e2e_trace_v3,4303,17294028383935529427,6784,control,out,83634794163776,1,/apollo/control,0,6783,1784453990490919738,0,72263408870752730,2,2407194,2407315
202607191739,e2e_trace_v3,4306,17294028383935529427,6785,control,in,83634802923136,1,/apollo/planning,244,0,1784453990490919738,111,0,0,2407194,2407313
202607191739,e2e_trace_v3,4315,17294028383935529427,6785,control,out,83634803657312,1,/apollo/control,0,6784,1784453990490919738,0,72263408870752730,2,2407194,2407313
202607191739,e2e_trace_v3,4318,17294028383935529427,6786,control,in,83634813017440,1,/apollo/planning,244,0,1784453990490919738,111,0,0,2407194,2407300
202607191739,e2e_trace_v3,4327,17294028383935529427,6786,control,out,83634814204480,1,/apollo/control,0,6785,1784453990490919738,0,72263408870752730,2,2407194,2407300
202607191739,e2e_trace_v3,4330,17294028383935529427,6787,control,in,83634823072032,1,/apollo/planning,244,0,1784453990490919738,111,0,0,2407194,2407306
202607191739,e2e_trace_v3,4339,17294028383935529427,6787,control,out,83634824436288,1,/apollo/control,0,6786,1784453990490919738,0,72263408870752730,2,2407194,2407306
202607191739,e2e_trace_v3,4342,17294028383935529427,6788,control,in,83634833035168,1,/apollo/planning,244,0,1784453990490919738,111,0,0,2407194,2407324
202607191739,e2e_trace_v3,4351,17294028383935529427,6788,control,out,83634833904640,1,/apollo/control,0,6787,1784453990490919738,0,72263408870752730,2,2407194,2407324
202607191739,e2e_trace_v3,4354,17294028383935529429,6789,control,in,83634843194560,1,/apollo/planning,245,0,1784453990709637463,122,0,0,2407194,2407311
202607191739,e2e_trace_v3,4363,17294028383935529429,6789,control,out,83634844143968,1,/apollo/control,0,6788,1784453990709637463,0,72263408870752732,2,2407194,2407311
202607191739,e2e_trace_v3,4366,17294028383935529429,6790,control,in,83634852974560,1,/apollo/planning,245,0,1784453990709637463,122,0,0,2407194,2407313
202607191739,e2e_trace_v3,4375,17294028383935529429,6790,control,out,83634853763744,1,/apollo/control,0,6789,1784453990709637463,0,72263408870752732,2,2407194,2407313
202607191739,e2e_trace_v3,4378,17294028383935529429,6791,control,in,83634867876672,1,/apollo/planning,245,0,1784453990709637463,122,0,0,2407194,2407330
202607191739,e2e_trace_v3,4387,17294028383935529429,6791,control,out,83634868997664,1,/apollo/control,0,6790,1784453990709637463,0,72263408870752732,2,2407194,2407330
202607191739,e2e_trace_v3,4390,17294028383935529429,6792,control,in,83634873875552,1,/apollo/planning,245,0,1784453990709637463,122,0,0,2407194,2407329
202607191739,e2e_trace_v3,4399,17294028383935529429,6792,control,out,83634874876096,1,/apollo/control,0,6791,1784453990709637463,0,72263408870752732,2,2407194,2407329
202607191739,e2e_trace_v3,4402,17294028383935529429,6793,control,in,83634883740320,1,/apollo/planning,245,0,1784453990709637463,122,0,0,2407194,2407313
202607191739,e2e_trace_v3,4411,17294028383935529429,6793,control,out,83634884601952,1,/apollo/control,0,6792,1784453990709637463,0,72263408870752732,2,2407194,2407313
202607191739,e2e_trace_v3,4414,17294028383935529429,6794,control,in,83634893733984,1,/apollo/planning,245,0,1784453990709637463,122,0,0,2407194,2407304
202607191739,e2e_trace_v3,4423,17294028383935529429,6794,control,out,83634894958080,1,/apollo/control,0,6793,1784453990709637463,0,72263408870752732,2,2407194,2407304
202607191739,e2e_trace_v3,4426,17294028383935529429,6795,control,in,83634903574272,1,/apollo/planning,245,0,1784453990709637463,122,0,0,2407194,2407319
202607191739,e2e_trace_v3,4435,17294028383935529429,6795,control,out,83634904394304,1,/apollo/control,0,6794,1784453990709637463,0,72263408870752732,2,2407194,2407319
202607191739,e2e_trace_v3,4438,17294028383935529429,6796,control,in,83634913610464,1,/apollo/planning,245,0,1784453990709637463,122,0,0,2407194,2407306
202607191739,e2e_trace_v3,4447,17294028383935529429,6796,control,out,83634914557056,1,/apollo/control,0,6795,1784453990709637463,0,72263408870752732,2,2407194,2407306
202607191739,e2e_trace_v3,4450,17294028383935529429,6797,control,in,83634923615776,1,/apollo/planning,245,0,1784453990709637463,122,0,0,2407194,2407324
202607191739,e2e_trace_v3,4459,17294028383935529429,6797,control,out,83634924247424,1,/apollo/control,0,6796,1784453990709637463,0,72263408870752732,2,2407194,2407324
202607191739,e2e_trace_v3,4462,17294028383935529429,6798,control,in,83634933685952,1,/apollo/planning,245,0,1784453990709637463,122,0,0,2407194,2407300
202607191739,e2e_trace_v3,4471,17294028383935529429,6798,control,out,83634934913024,1,/apollo/control,0,6797,1784453990709637463,0,72263408870752732,2,2407194,2407300
202607191739,e2e_trace_v3,4474,17294028383935529429,6799,control,in,83634943578112,1,/apollo/planning,245,0,1784453990709637463,122,0,0,2407194,2407311
202607191739,e2e_trace_v3,4483,17294028383935529429,6799,control,out,83634944226432,1,/apollo/control,0,6798,1784453990709637463,0,72263408870752732,2,2407194,2407311
202607191739,e2e_trace_v3,4486,17294028383935529429,6800,control,in,83634953801888,1,/apollo/planning,245,0,1784453990709637463,122,0,0,2407194,2407324
202607191739,e2e_trace_v3,4495,17294028383935529429,6800,control,out,83634954840704,1,/apollo/control,0,6799,1784453990709637463,0,72263408870752732,2,2407194,2407324
202607191739,e2e_trace_v3,4498,17294028383935529429,6801,control,in,83634963749984,1,/apollo/planning,245,0,1784453990709637463,122,0,0,2407194,2407313
202607191739,e2e_trace_v3,4507,17294028383935529429,6801,control,out,83634964568192,1,/apollo/control,0,6800,1784453990709637463,0,72263408870752732,2,2407194,2407313
202607191739,e2e_trace_v3,4510,17294028383935529429,6802,control,in,83634975713056,1,/apollo/planning,245,0,1784453990709637463,122,0,0,2407194,2407311
202607191739,e2e_trace_v3,4519,17294028383935529429,6802,control,out,83634976523520,1,/apollo/control,0,6801,1784453990709637463,0,72263408870752732,2,2407194,2407311
202607191739,e2e_trace_v3,4522,17294028383935529429,6803,control,in,83634983671680,1,/apollo/planning,245,0,1784453990709637463,122,0,0,2407194,2407313
202607191739,e2e_trace_v3,4531,17294028383935529429,6803,control,out,83634984473152,1,/apollo/control,0,6802,1784453990709637463,0,72263408870752732,2,2407194,2407313
202607191739,e2e_trace_v3,4534,17294028383935529429,6804,control,in,83634993892512,1,/apollo/planning,245,0,1784453990709637463,122,0,0,2407194,2407329
202607191739,e2e_trace_v3,4543,17294028383935529429,6804,control,out,83634995091008,1,/apollo/control,0,6803,1784453990709637463,0,72263408870752732,2,2407194,2407329
202607191739,e2e_trace_v3,4546,17294028383935529429,6805,control,in,83635003719776,1,/apollo/planning,245,0,1784453990709637463,122,0,0,2407194,2407300
202607191739,e2e_trace_v3,4555,17294028383935529429,6805,control,out,83635004738944,1,/apollo/control,0,6804,1784453990709637463,0,72263408870752732,2,2407194,2407300
202607191739,e2e_trace_v3,4558,17294028383935529429,6806,control,in,83635013866240,1,/apollo/planning,245,0,1784453990709637463,122,0,0,2407194,2407306
202607191739,e2e_trace_v3,4567,17294028383935529429,6806,control,out,83635015002880,1,/apollo/control,0,6805,1784453990709637463,0,72263408870752732,2,2407194,2407306
202607191739,e2e_trace_v3,4570,17294028383935529429,6807,control,in,83635023702976,1,/apollo/planning,245,0,1784453990709637463,122,0,0,2407194,2407300
202607191739,e2e_trace_v3,4579,17294028383935529429,6807,control,out,83635024763296,1,/apollo/control,0,6806,1784453990709637463,0,72263408870752732,2,2407194,2407300
202607191739,e2e_trace_v3,4582,17294028383935529429,6808,control,in,83635033692576,1,/apollo/planning,245,0,1784453990709637463,122,0,0,2407194,2407326
202607191739,e2e_trace_v3,4591,17294028383935529429,6808,control,out,83635034771744,1,/apollo/control,0,6807,1784453990709637463,0,72263408870752732,2,2407194,2407326
202607191739,e2e_trace_v3,4594,17294028383935529431,6809,control,in,83635043974112,1,/apollo/planning,246,0,1784453990935650944,132,0,0,2407194,2407302
202607191739,e2e_trace_v3,4603,17294028383935529431,6809,control,out,83635045424064,1,/apollo/control,0,6808,1784453990935650944,0,72263408870752734,2,2407194,2407302
202607191739,e2e_trace_v3,4606,17294028383935529431,6810,control,in,83635055818816,1,/apollo/planning,246,0,1784453990935650944,132,0,0,2407194,2407309
202607191739,e2e_trace_v3,4615,17294028383935529431,6810,control,out,83635057294240,1,/apollo/control,0,6809,1784453990935650944,0,72263408870752734,2,2407194,2407309
202607191739,e2e_trace_v3,4618,17294028383935529431,6811,control,in,83635063769088,1,/apollo/planning,246,0,1784453990935650944,132,0,0,2407194,2407300
202607191739,e2e_trace_v3,4627,17294028383935529431,6811,control,out,83635065337280,1,/apollo/control,0,6810,1784453990935650944,0,72263408870752734,2,2407194,2407300
202607191739,e2e_trace_v3,4630,17294028383935529431,6812,control,in,83635075699584,1,/apollo/planning,246,0,1784453990935650944,132,0,0,2407194,2407311
202607191739,e2e_trace_v3,4639,17294028383935529431,6812,control,out,83635076499232,1,/apollo/control,0,6811,1784453990935650944,0,72263408870752734,2,2407194,2407311
202607191739,e2e_trace_v3,4642,17294028383935529431,6813,control,in,83635083702688,1,/apollo/planning,246,0,1784453990935650944,132,0,0,2407194,2407313
202607191739,e2e_trace_v3,4651,17294028383935529431,6813,control,out,83635084608448,1,/apollo/control,0,6812,1784453990935650944,0,72263408870752734,2,2407194,2407313
202607191739,e2e_trace_v3,4654,17294028383935529431,6814,control,in,83635093693664,1,/apollo/planning,246,0,1784453990935650944,132,0,0,2407194,2407311
202607191739,e2e_trace_v3,4663,17294028383935529431,6814,control,out,83635094442080,1,/apollo/control,0,6813,1784453990935650944,0,72263408870752734,2,2407194,2407311
202607191739,e2e_trace_v3,4666,17294028383935529431,6815,control,in,83635103702336,1,/apollo/planning,246,0,1784453990935650944,132,0,0,2407194,2407313
202607191739,e2e_trace_v3,4675,17294028383935529431,6815,control,out,83635104441184,1,/apollo/control,0,6814,1784453990935650944,0,72263408870752734,2,2407194,2407313
202607191739,e2e_trace_v3,4678,17294028383935529431,6816,control,in,83635113719648,1,/apollo/planning,246,0,1784453990935650944,132,0,0,2407194,2407330
202607191739,e2e_trace_v3,4687,17294028383935529431,6816,control,out,83635114705504,1,/apollo/control,0,6815,1784453990935650944,0,72263408870752734,2,2407194,2407330
202607191739,e2e_trace_v3,4690,17294028383935529431,6817,control,in,83635123676128,1,/apollo/planning,246,0,1784453990935650944,132,0,0,2407194,2407313
202607191739,e2e_trace_v3,4699,17294028383935529431,6817,control,out,83635124438624,1,/apollo/control,0,6816,1784453990935650944,0,72263408870752734,2,2407194,2407313
202607191739,e2e_trace_v3,4702,17294028383935529431,6818,control,in,83635133639296,1,/apollo/planning,246,0,1784453990935650944,132,0,0,2407194,2407319
202607191739,e2e_trace_v3,4711,17294028383935529431,6818,control,out,83635134464480,1,/apollo/control,0,6817,1784453990935650944,0,72263408870752734,2,2407194,2407319
202607191739,e2e_trace_v3,4714,17294028383935529431,6819,control,in,83635143681376,1,/apollo/planning,246,0,1784453990935650944,132,0,0,2407194,2407322
202607191739,e2e_trace_v3,4723,17294028383935529431,6819,control,out,83635144514368,1,/apollo/control,0,6818,1784453990935650944,0,72263408870752734,2,2407194,2407322
202607191739,e2e_trace_v3,4726,17294028383935529433,6820,control,in,83635153884768,1,/apollo/planning,247,0,1784453991150202734,142,0,0,2407194,2407315
202607191739,e2e_trace_v3,4735,17294028383935529433,6820,control,out,83635154939616,1,/apollo/control,0,6819,1784453991150202734,0,72263408870752736,2,2407194,2407315
202607191739,e2e_trace_v3,4738,17294028383935529433,6821,control,in,83635163801184,1,/apollo/planning,247,0,1784453991150202734,142,0,0,2407194,2407304
202607191739,e2e_trace_v3,4747,17294028383935529433,6821,control,out,83635164891328,1,/apollo/control,0,6820,1784453991150202734,0,72263408870752736,2,2407194,2407304
202607191739,e2e_trace_v3,4750,17294028383935529433,6822,control,in,83635173800864,1,/apollo/planning,247,0,1784453991150202734,142,0,0,2407194,2407300
202607191739,e2e_trace_v3,4759,17294028383935529433,6822,control,out,83635174950336,1,/apollo/control,0,6821,1784453991150202734,0,72263408870752736,2,2407194,2407300
202607191739,e2e_trace_v3,4762,17294028383935529433,6823,control,in,83635183769920,1,/apollo/planning,247,0,1784453991150202734,142,0,0,2407194,2407329
202607191739,e2e_trace_v3,4771,17294028383935529433,6823,control,out,83635184906368,1,/apollo/control,0,6822,1784453991150202734,0,72263408870752736,2,2407194,2407329
202607191739,e2e_trace_v3,4774,17294028383935529433,6824,control,in,83635193775200,1,/apollo/planning,247,0,1784453991150202734,142,0,0,2407194,2407302
202607191739,e2e_trace_v3,4783,17294028383935529433,6824,control,out,83635194848064,1,/apollo/control,0,6823,1784453991150202734,0,72263408870752736,2,2407194,2407302
202607191739,e2e_trace_v3,4786,17294028383935529433,6825,control,in,83635207641120,1,/apollo/planning,247,0,1784453991150202734,142,0,0,2407194,2407318
202607191739,e2e_trace_v3,4795,17294028383935529433,6825,control,out,83635208688256,1,/apollo/control,0,6824,1784453991150202734,0,72263408870752736,2,2407194,2407318
202607191739,e2e_trace_v3,4798,17294028383935529433,6826,control,in,83635213600288,1,/apollo/planning,247,0,1784453991150202734,142,0,0,2407194,2407302
202607191739,e2e_trace_v3,4807,17294028383935529433,6826,control,out,83635214400288,1,/apollo/control,0,6825,1784453991150202734,0,72263408870752736,2,2407194,2407302
202607191739,e2e_trace_v3,4810,17294028383935529433,6827,control,in,83635223583776,1,/apollo/planning,247,0,1784453991150202734,142,0,0,2407194,2407318
202607191739,e2e_trace_v3,4819,17294028383935529433,6827,control,out,83635224450336,1,/apollo/control,0,6826,1784453991150202734,0,72263408870752736,2,2407194,2407318
202607191739,e2e_trace_v3,4822,17294028383935529433,6828,control,in,83635233551520,1,/apollo/planning,247,0,1784453991150202734,142,0,0,2407194,2407309
202607191739,e2e_trace_v3,4831,17294028383935529433,6828,control,out,83635234269088,1,/apollo/control,0,6827,1784453991150202734,0,72263408870752736,2,2407194,2407309
202607191739,e2e_trace_v3,4834,17294028383935529433,6829,control,in,83635243483616,1,/apollo/planning,247,0,1784453991150202734,142,0,0,2407194,2407306
202607191739,e2e_trace_v3,4843,17294028383935529433,6829,control,out,83635244177824,1,/apollo/control,0,6828,1784453991150202734,0,72263408870752736,2,2407194,2407306
202607191739,e2e_trace_v3,4846,17294028383935529433,6830,control,in,83635253382304,1,/apollo/planning,247,0,1784453991150202734,142,0,0,2407194,2407315
202607191739,e2e_trace_v3,4855,17294028383935529433,6830,control,out,83635254052960,1,/apollo/control,0,6829,1784453991150202734,0,72263408870752736,2,2407194,2407315
202607191739,e2e_trace_v3,4858,17294028383935529433,6831,control,in,83635263537568,1,/apollo/planning,247,0,1784453991150202734,142,0,0,2407194,2407330
202607191739,e2e_trace_v3,4867,17294028383935529433,6831,control,out,83635264333152,1,/apollo/control,0,6830,1784453991150202734,0,72263408870752736,2,2407194,2407330
202607191739,e2e_trace_v3,4870,17294028383935529433,6832,control,in,83635273485376,1,/apollo/planning,247,0,1784453991150202734,142,0,0,2407194,2407328
202607191739,e2e_trace_v3,4879,17294028383935529433,6832,control,out,83635274381504,1,/apollo/control,0,6831,1784453991150202734,0,72263408870752736,2,2407194,2407328
202607191739,e2e_trace_v3,4882,17294028383935529433,6833,control,in,83635283586400,1,/apollo/planning,247,0,1784453991150202734,142,0,0,2407194,2407306
202607191739,e2e_trace_v3,4891,17294028383935529433,6833,control,out,83635284574880,1,/apollo/control,0,6832,1784453991150202734,0,72263408870752736,2,2407194,2407306
202607191739,e2e_trace_v3,4894,17294028383935529433,6834,control,in,83635293636416,1,/apollo/planning,247,0,1784453991150202734,142,0,0,2407194,2407322
202607191739,e2e_trace_v3,4903,17294028383935529433,6834,control,out,83635294741408,1,/apollo/control,0,6833,1784453991150202734,0,72263408870752736,2,2407194,2407322
202607191739,e2e_trace_v3,4906,17294028383935529433,6835,control,in,83635303730080,1,/apollo/planning,247,0,1784453991150202734,142,0,0,2407194,2407315
202607191739,e2e_trace_v3,4915,17294028383935529433,6835,control,out,83635304762176,1,/apollo/control,0,6834,1784453991150202734,0,72263408870752736,2,2407194,2407315
202607191739,e2e_trace_v3,4918,17294028383935529433,6836,control,in,83635313643072,1,/apollo/planning,247,0,1784453991150202734,142,0,0,2407194,2407330
202607191739,e2e_trace_v3,4927,17294028383935529433,6836,control,out,83635314747840,1,/apollo/control,0,6835,1784453991150202734,0,72263408870752736,2,2407194,2407330
202607191739,e2e_trace_v3,4930,17294028383935529433,6837,control,in,83635323640288,1,/apollo/planning,247,0,1784453991150202734,142,0,0,2407194,2407304
202607191739,e2e_trace_v3,4939,17294028383935529433,6837,control,out,83635324493024,1,/apollo/control,0,6836,1784453991150202734,0,72263408870752736,2,2407194,2407304
202607191739,e2e_trace_v3,4942,17294028383935529434,6838,control,in,83635333787424,1,/apollo/planning,248,0,1784453991265104779,148,0,0,2407194,2407329
202607191739,e2e_trace_v3,4951,17294028383935529434,6838,control,out,83635335336960,1,/apollo/control,0,6837,1784453991265104779,0,72263408870752737,2,2407194,2407329
202607191739,e2e_trace_v3,4954,17294028383935529434,6839,control,in,83635343608768,1,/apollo/planning,248,0,1784453991265104779,148,0,0,2407194,2407311
202607191739,e2e_trace_v3,4963,17294028383935529434,6839,control,out,83635344448128,1,/apollo/control,0,6838,1784453991265104779,0,72263408870752737,2,2407194,2407311
202607191739,e2e_trace_v3,4966,17294028383935529434,6840,control,in,83635353565600,1,/apollo/planning,248,0,1784453991265104779,148,0,0,2407194,2407326
202607191739,e2e_trace_v3,4975,17294028383935529434,6840,control,out,83635354616608,1,/apollo/control,0,6839,1784453991265104779,0,72263408870752737,2,2407194,2407326
202607191739,e2e_trace_v3,4978,17294028383935529434,6841,control,in,83635363519680,1,/apollo/planning,248,0,1784453991265104779,148,0,0,2407194,2407304
202607191739,e2e_trace_v3,4987,17294028383935529434,6841,control,out,83635364233952,1,/apollo/control,0,6840,1784453991265104779,0,72263408870752737,2,2407194,2407304
202607191739,e2e_trace_v3,4990,17294028383935529434,6842,control,in,83635373455072,1,/apollo/planning,248,0,1784453991265104779,148,0,0,2407194,2407311
202607191739,e2e_trace_v3,4999,17294028383935529434,6842,control,out,83635374133088,1,/apollo/control,0,6841,1784453991265104779,0,72263408870752737,2,2407194,2407311
202607191739,e2e_trace_v3,5002,17294028383935529434,6843,control,in,83635383551424,1,/apollo/planning,248,0,1784453991265104779,148,0,0,2407194,2407330
202607191739,e2e_trace_v3,5011,17294028383935529434,6843,control,out,83635384468544,1,/apollo/control,0,6842,1784453991265104779,0,72263408870752737,2,2407194,2407330
202607191739,e2e_trace_v3,5014,17294028383935529434,6844,control,in,83635393625376,1,/apollo/planning,248,0,1784453991265104779,148,0,0,2407194,2407324
202607191739,e2e_trace_v3,5023,17294028383935529434,6844,control,out,83635394554400,1,/apollo/control,0,6843,1784453991265104779,0,72263408870752737,2,2407194,2407324
202607191739,e2e_trace_v3,5026,17294028383935529434,6845,control,in,83635403737312,1,/apollo/planning,248,0,1784453991265104779,148,0,0,2407194,2407319
202607191739,e2e_trace_v3,5035,17294028383935529434,6845,control,out,83635404738624,1,/apollo/control,0,6844,1784453991265104779,0,72263408870752737,2,2407194,2407319
202607191739,e2e_trace_v3,5038,17294028383935529436,6846,control,in,83635413757152,1,/apollo/planning,249,0,1784453991487793085,157,0,0,2407194,2407300
202607191739,e2e_trace_v3,5047,17294028383935529436,6846,control,out,83635414824640,1,/apollo/control,0,6845,1784453991487793085,0,72263408870752739,2,2407194,2407300
202607191739,e2e_trace_v3,5050,17294028383935529436,6847,control,in,83635423723680,1,/apollo/planning,249,0,1784453991487793085,157,0,0,2407194,2407326
202607191739,e2e_trace_v3,5059,17294028383935529436,6847,control,out,83635424996960,1,/apollo/control,0,6846,1784453991487793085,0,72263408870752739,2,2407194,2407326
202607191739,e2e_trace_v3,5062,17294028383935529436,6848,control,in,83635433676928,1,/apollo/planning,249,0,1784453991487793085,157,0,0,2407194,2407324
202607191739,e2e_trace_v3,5071,17294028383935529436,6848,control,out,83635434778944,1,/apollo/control,0,6847,1784453991487793085,0,72263408870752739,2,2407194,2407324
202607191739,e2e_trace_v3,5074,17294028383935529436,6849,control,in,83635443769280,1,/apollo/planning,249,0,1784453991487793085,157,0,0,2407194,2407309
202607191739,e2e_trace_v3,5083,17294028383935529436,6849,control,out,83635445110112,1,/apollo/control,0,6848,1784453991487793085,0,72263408870752739,2,2407194,2407309
202607191739,e2e_trace_v3,5086,17294028383935529436,6850,control,in,83635453781856,1,/apollo/planning,249,0,1784453991487793085,157,0,0,2407194,2407300
202607191739,e2e_trace_v3,5095,17294028383935529436,6850,control,out,83635454907712,1,/apollo/control,0,6849,1784453991487793085,0,72263408870752739,2,2407194,2407300
202607191739,e2e_trace_v3,5098,17294028383935529436,6851,control,in,83635463649312,1,/apollo/planning,249,0,1784453991487793085,157,0,0,2407194,2407324
202607191739,e2e_trace_v3,5107,17294028383935529436,6851,control,out,83635464736512,1,/apollo/control,0,6850,1784453991487793085,0,72263408870752739,2,2407194,2407324
202607191739,e2e_trace_v3,5110,17294028383935529436,6852,control,in,83635473574560,1,/apollo/planning,249,0,1784453991487793085,157,0,0,2407194,2407322
202607191739,e2e_trace_v3,5119,17294028383935529436,6852,control,out,83635474703616,1,/apollo/control,0,6851,1784453991487793085,0,72263408870752739,2,2407194,2407322
202607191739,e2e_trace_v3,5122,17294028383935529436,6853,control,in,83635483495680,1,/apollo/planning,249,0,1784453991487793085,157,0,0,2407194,2407304
202607191739,e2e_trace_v3,5131,17294028383935529436,6853,control,out,83635484171008,1,/apollo/control,0,6852,1784453991487793085,0,72263408870752739,2,2407194,2407304
202607191739,e2e_trace_v3,5134,17294028383935529436,6854,control,in,83635493494368,1,/apollo/planning,249,0,1784453991487793085,157,0,0,2407194,2407302
202607191739,e2e_trace_v3,5143,17294028383935529436,6854,control,out,83635494318496,1,/apollo/control,0,6853,1784453991487793085,0,72263408870752739,2,2407194,2407302
202607191739,e2e_trace_v3,5146,17294028383935529436,6855,control,in,83635503587680,1,/apollo/planning,249,0,1784453991487793085,157,0,0,2407194,2407306
202607191739,e2e_trace_v3,5155,17294028383935529436,6855,control,out,83635504591648,1,/apollo/control,0,6854,1784453991487793085,0,72263408870752739,2,2407194,2407306
202607191739,e2e_trace_v3,5158,17294028383935529436,6856,control,in,83635513547168,1,/apollo/planning,249,0,1784453991487793085,157,0,0,2407194,2407311
202607191739,e2e_trace_v3,5167,17294028383935529436,6856,control,out,83635514313856,1,/apollo/control,0,6855,1784453991487793085,0,72263408870752739,2,2407194,2407311
202607191739,e2e_trace_v3,5170,17294028383935529436,6857,control,in,83635523796736,1,/apollo/planning,249,0,1784453991487793085,157,0,0,2407194,2407330
202607191739,e2e_trace_v3,5179,17294028383935529436,6857,control,out,83635525493408,1,/apollo/control,0,6856,1784453991487793085,0,72263408870752739,2,2407194,2407330
202607191739,e2e_trace_v3,5182,17294028383935529436,6858,control,in,83635535587328,1,/apollo/planning,249,0,1784453991487793085,157,0,0,2407194,2407304
202607191739,e2e_trace_v3,5191,17294028383935529436,6858,control,out,83635536383904,1,/apollo/control,0,6857,1784453991487793085,0,72263408870752739,2,2407194,2407304
202607191739,e2e_trace_v3,5194,17294028383935529437,6859,control,in,83635543706336,1,/apollo/planning,250,0,1784453991597296413,150,0,0,2407194,2407318
202607191739,e2e_trace_v3,5203,17294028383935529437,6859,control,out,83635544632032,1,/apollo/control,0,6858,1784453991597296413,0,72263408870752740,2,2407194,2407318
202607191739,e2e_trace_v3,5206,17294028383935529437,6860,control,in,83635553562656,1,/apollo/planning,250,0,1784453991597296413,150,0,0,2407194,2407319
202607191739,e2e_trace_v3,5215,17294028383935529437,6860,control,out,83635554663328,1,/apollo/control,0,6859,1784453991597296413,0,72263408870752740,2,2407194,2407319
202607191739,e2e_trace_v3,5218,17294028383935529437,6861,control,in,83635563590592,1,/apollo/planning,250,0,1784453991597296413,150,0,0,2407194,2407304
202607191739,e2e_trace_v3,5227,17294028383935529437,6861,control,out,83635564333760,1,/apollo/control,0,6860,1784453991597296413,0,72263408870752740,2,2407194,2407304
202607191739,e2e_trace_v3,5230,17294028383935529437,6862,control,in,83635573508512,1,/apollo/planning,250,0,1784453991597296413,150,0,0,2407194,2407311
202607191739,e2e_trace_v3,5239,17294028383935529437,6862,control,out,83635574237056,1,/apollo/control,0,6861,1784453991597296413,0,72263408870752740,2,2407194,2407311
202607191739,e2e_trace_v3,5242,17294028383935529437,6863,control,in,83635583660128,1,/apollo/planning,250,0,1784453991597296413,150,0,0,2407194,2407324
202607191739,e2e_trace_v3,5251,17294028383935529437,6863,control,out,83635584911072,1,/apollo/control,0,6862,1784453991597296413,0,72263408870752740,2,2407194,2407324
202607191739,e2e_trace_v3,5254,17294028383935529437,6864,control,in,83635593683072,1,/apollo/planning,250,0,1784453991597296413,150,0,0,2407194,2407309
202607191739,e2e_trace_v3,5263,17294028383935529437,6864,control,out,83635594947776,1,/apollo/control,0,6863,1784453991597296413,0,72263408870752740,2,2407194,2407309
202607191739,e2e_trace_v3,5266,17294028383935529437,6865,control,in,83635603614432,1,/apollo/planning,250,0,1784453991597296413,150,0,0,2407194,2407300
202607191739,e2e_trace_v3,5275,17294028383935529437,6865,control,out,83635604847104,1,/apollo/control,0,6864,1784453991597296413,0,72263408870752740,2,2407194,2407300
202607191739,e2e_trace_v3,5278,17294028383935529437,6866,control,in,83635613636640,1,/apollo/planning,250,0,1784453991597296413,150,0,0,2407194,2407328
202607191739,e2e_trace_v3,5287,17294028383935529437,6866,control,out,83635614924896,1,/apollo/control,0,6865,1784453991597296413,0,72263408870752740,2,2407194,2407328
202607191739,e2e_trace_v3,5290,17294028383935529438,6867,control,in,83635623977632,1,/apollo/planning,251,0,1784453991706022780,145,0,0,2407194,2407309
202607191739,e2e_trace_v3,5299,17294028383935529438,6867,control,out,83635625495360,1,/apollo/control,0,6866,1784453991706022780,0,72263408870752741,2,2407194,2407309
202607191739,e2e_trace_v3,5302,17294028383935529438,6868,control,in,83635633526304,1,/apollo/planning,251,0,1784453991706022780,145,0,0,2407194,2407311
202607191739,e2e_trace_v3,5311,17294028383935529438,6868,control,out,83635634262336,1,/apollo/control,0,6867,1784453991706022780,0,72263408870752741,2,2407194,2407311
202607191739,e2e_trace_v3,5314,17294028383935529438,6869,control,in,83635643602944,1,/apollo/planning,251,0,1784453991706022780,145,0,0,2407194,2407304
202607191739,e2e_trace_v3,5323,17294028383935529438,6869,control,out,83635644426432,1,/apollo/control,0,6868,1784453991706022780,0,72263408870752741,2,2407194,2407304
202607191739,e2e_trace_v3,5326,17294028383935529438,6870,control,in,83635653612096,1,/apollo/planning,251,0,1784453991706022780,145,0,0,2407194,2407302
202607191739,e2e_trace_v3,5335,17294028383935529438,6870,control,out,83635654454080,1,/apollo/control,0,6869,1784453991706022780,0,72263408870752741,2,2407194,2407302
202607191739,e2e_trace_v3,5338,17294028383935529438,6871,control,in,83635663627488,1,/apollo/planning,251,0,1784453991706022780,145,0,0,2407194,2407319
202607191739,e2e_trace_v3,5347,17294028383935529438,6871,control,out,83635664450016,1,/apollo/control,0,6870,1784453991706022780,0,72263408870752741,2,2407194,2407319
202607191739,e2e_trace_v3,5350,17294028383935529438,6872,control,in,83635673634720,1,/apollo/planning,251,0,1784453991706022780,145,0,0,2407194,2407324
202607191739,e2e_trace_v3,5359,17294028383935529438,6872,control,out,83635674666912,1,/apollo/control,0,6871,1784453991706022780,0,72263408870752741,2,2407194,2407324
202607191739,e2e_trace_v3,5362,17294028383935529438,6873,control,in,83635683564352,1,/apollo/planning,251,0,1784453991706022780,145,0,0,2407194,2407329
202607191739,e2e_trace_v3,5371,17294028383935529438,6873,control,out,83635684537216,1,/apollo/control,0,6872,1784453991706022780,0,72263408870752741,2,2407194,2407329
202607191739,e2e_trace_v3,5374,17294028383935529438,6874,control,in,83635693508320,1,/apollo/planning,251,0,1784453991706022780,145,0,0,2407194,2407313
202607191739,e2e_trace_v3,5383,17294028383935529438,6874,control,out,83635694312864,1,/apollo/control,0,6873,1784453991706022780,0,72263408870752741,2,2407194,2407313
202607191739,e2e_trace_v3,5386,17294028383935529438,6875,control,in,83635703519008,1,/apollo/planning,251,0,1784453991706022780,145,0,0,2407194,2407306
202607191739,e2e_trace_v3,5395,17294028383935529438,6875,control,out,83635704379296,1,/apollo/control,0,6874,1784453991706022780,0,72263408870752741,2,2407194,2407306
202607191739,e2e_trace_v3,5398,17294028383935529438,6876,control,in,83635713535072,1,/apollo/planning,251,0,1784453991706022780,145,0,0,2407194,2407311
202607191739,e2e_trace_v3,5407,17294028383935529438,6876,control,out,83635714296288,1,/apollo/control,0,6875,1784453991706022780,0,72263408870752741,2,2407194,2407311
202607191739,e2e_trace_v3,5410,17294028383935529438,6877,control,in,83635723595424,1,/apollo/planning,251,0,1784453991706022780,145,0,0,2407194,2407318
202607191739,e2e_trace_v3,5419,17294028383935529438,6877,control,out,83635724693344,1,/apollo/control,0,6876,1784453991706022780,0,72263408870752741,2,2407194,2407318
202607191739,e2e_trace_v3,5422,17294028383935529438,6878,control,in,83635733640640,1,/apollo/planning,251,0,1784453991706022780,145,0,0,2407194,2407324
202607191739,e2e_trace_v3,5431,17294028383935529438,6878,control,out,83635735051872,1,/apollo/control,0,6877,1784453991706022780,0,72263408870752741,2,2407194,2407324
202607191739,e2e_trace_v3,5434,17294028383935529438,6879,control,in,83635743594688,1,/apollo/planning,251,0,1784453991706022780,145,0,0,2407194,2407304
202607191739,e2e_trace_v3,5443,17294028383935529438,6879,control,out,83635744417184,1,/apollo/control,0,6878,1784453991706022780,0,72263408870752741,2,2407194,2407304
202607191739,e2e_trace_v3,5446,17294028383935529438,6880,control,in,83635753739520,1,/apollo/planning,251,0,1784453991706022780,145,0,0,2407194,2407330
202607191739,e2e_trace_v3,5455,17294028383935529438,6880,control,out,83635755166624,1,/apollo/control,0,6879,1784453991706022780,0,72263408870752741,2,2407194,2407330
202607191739,e2e_trace_v3,5458,17294028383935529438,6881,control,in,83635763617664,1,/apollo/planning,251,0,1784453991706022780,145,0,0,2407194,2407319
202607191739,e2e_trace_v3,5467,17294028383935529438,6881,control,out,83635764509152,1,/apollo/control,0,6880,1784453991706022780,0,72263408870752741,2,2407194,2407319
202607191739,e2e_trace_v3,5470,17294028383935529438,6882,control,in,83635775668288,1,/apollo/planning,251,0,1784453991706022780,145,0,0,2407194,2407311
202607191739,e2e_trace_v3,5479,17294028383935529438,6882,control,out,83635776405088,1,/apollo/control,0,6881,1784453991706022780,0,72263408870752741,2,2407194,2407311
202607191739,e2e_trace_v3,5482,17294028383935529438,6883,control,in,83635783758816,1,/apollo/planning,251,0,1784453991706022780,145,0,0,2407194,2407302
202607191739,e2e_trace_v3,5491,17294028383935529438,6883,control,out,83635784676896,1,/apollo/control,0,6882,1784453991706022780,0,72263408870752741,2,2407194,2407302
202607191739,e2e_trace_v3,5494,17294028383935529438,6884,control,in,83635793726816,1,/apollo/planning,251,0,1784453991706022780,145,0,0,2407194,2407324
202607191739,e2e_trace_v3,5503,17294028383935529438,6884,control,out,83635794685408,1,/apollo/control,0,6883,1784453991706022780,0,72263408870752741,2,2407194,2407324
202607191739,e2e_trace_v3,5506,17294028383935529438,6885,control,in,83635803743680,1,/apollo/planning,251,0,1784453991706022780,145,0,0,2407194,2407309
202607191739,e2e_trace_v3,5515,17294028383935529438,6885,control,out,83635804551904,1,/apollo/control,0,6884,1784453991706022780,0,72263408870752741,2,2407194,2407309
202607191739,e2e_trace_v3,5518,17294028383935529438,6886,control,in,83635813788384,1,/apollo/planning,251,0,1784453991706022780,145,0,0,2407194,2407319
202607191739,e2e_trace_v3,5527,17294028383935529438,6886,control,out,83635814668128,1,/apollo/control,0,6885,1784453991706022780,0,72263408870752741,2,2407194,2407319
202607191739,e2e_trace_v3,5530,17294028383935529438,6887,control,in,83635823645824,1,/apollo/planning,251,0,1784453991706022780,145,0,0,2407194,2407306
202607191739,e2e_trace_v3,5539,17294028383935529438,6887,control,out,83635824403488,1,/apollo/control,0,6886,1784453991706022780,0,72263408870752741,2,2407194,2407306
202607191739,e2e_trace_v3,5542,17294028383935529438,6888,control,in,83635833600768,1,/apollo/planning,251,0,1784453991706022780,145,0,0,2407194,2407302
202607191739,e2e_trace_v3,5551,17294028383935529438,6888,control,out,83635834300000,1,/apollo/control,0,6887,1784453991706022780,0,72263408870752741,2,2407194,2407302
202607191739,e2e_trace_v3,5554,17294028383935529439,6889,control,in,83635843809152,1,/apollo/planning,252,0,1784453991820821962,144,0,0,2407194,2407313
202607191739,e2e_trace_v3,5563,17294028383935529439,6889,control,out,83635844788384,1,/apollo/control,0,6888,1784453991820821962,0,72263408870752742,2,2407194,2407313
202607191739,e2e_trace_v3,5566,17294028383935529439,6890,control,in,83635853734656,1,/apollo/planning,252,0,1784453991820821962,144,0,0,2407194,2407304
202607191739,e2e_trace_v3,5575,17294028383935529439,6890,control,out,83635854638400,1,/apollo/control,0,6889,1784453991820821962,0,72263408870752742,2,2407194,2407304
202607191739,e2e_trace_v3,5578,17294028383935529439,6891,control,in,83635863807488,1,/apollo/planning,252,0,1784453991820821962,144,0,0,2407194,2407322
202607191739,e2e_trace_v3,5587,17294028383935529439,6891,control,out,83635864764064,1,/apollo/control,0,6890,1784453991820821962,0,72263408870752742,2,2407194,2407322
202607191739,e2e_trace_v3,5590,17294028383935529440,6892,control,in,83635873854816,1,/apollo/planning,253,0,1784453991944522083,146,0,0,2407194,2407326
202607191739,e2e_trace_v3,5599,17294028383935529440,6892,control,out,83635874788224,1,/apollo/control,0,6891,1784453991944522083,0,72263408870752743,2,2407194,2407326
202607191739,e2e_trace_v3,5602,17294028383935529440,6893,control,in,83635883722656,1,/apollo/planning,253,0,1784453991944522083,146,0,0,2407194,2407304
202607191739,e2e_trace_v3,5611,17294028383935529440,6893,control,out,83635884502688,1,/apollo/control,0,6892,1784453991944522083,0,72263408870752743,2,2407194,2407304
202607191739,e2e_trace_v3,5614,17294028383935529440,6894,control,in,83635899728640,1,/apollo/planning,253,0,1784453991944522083,146,0,0,2407194,2407324
202607191739,e2e_trace_v3,5623,17294028383935529440,6894,control,out,83635900564096,1,/apollo/control,0,6893,1784453991944522083,0,72263408870752743,2,2407194,2407324
202607191739,e2e_trace_v3,5626,17294028383935529440,6895,control,in,83635903618240,1,/apollo/planning,253,0,1784453991944522083,146,0,0,2407194,2407328
202607191739,e2e_trace_v3,5635,17294028383935529440,6895,control,out,83635904439776,1,/apollo/control,0,6894,1784453991944522083,0,72263408870752743,2,2407194,2407328
202607191739,e2e_trace_v3,5638,17294028383935529441,6896,control,in,83635913768864,1,/apollo/planning,254,0,1784453992056211601,144,0,0,2407194,2407324
202607191739,e2e_trace_v3,5647,17294028383935529441,6896,control,out,83635914702656,1,/apollo/control,0,6895,1784453992056211601,0,72263408870752744,2,2407194,2407324
202607191739,e2e_trace_v3,5650,17294028383935529441,6897,control,in,83635923646688,1,/apollo/planning,254,0,1784453992056211601,144,0,0,2407194,2407313
202607191739,e2e_trace_v3,5659,17294028383935529441,6897,control,out,83635924424352,1,/apollo/control,0,6896,1784453992056211601,0,72263408870752744,2,2407194,2407313
202607191739,e2e_trace_v3,5662,17294028383935529441,6898,control,in,83635933531936,1,/apollo/planning,254,0,1784453992056211601,144,0,0,2407194,2407318
202607191739,e2e_trace_v3,5671,17294028383935529441,6898,control,out,83635934263616,1,/apollo/control,0,6897,1784453992056211601,0,72263408870752744,2,2407194,2407318
202607191739,e2e_trace_v3,5674,17294028383935529441,6899,control,in,83635943610112,1,/apollo/planning,254,0,1784453992056211601,144,0,0,2407194,2407311
202607191739,e2e_trace_v3,5683,17294028383935529441,6899,control,out,83635944361408,1,/apollo/control,0,6898,1784453992056211601,0,72263408870752744,2,2407194,2407311
202607191739,e2e_trace_v3,5686,17294028383935529441,6900,control,in,83635953695712,1,/apollo/planning,254,0,1784453992056211601,144,0,0,2407194,2407309
202607191739,e2e_trace_v3,5695,17294028383935529441,6900,control,out,83635954637728,1,/apollo/control,0,6899,1784453992056211601,0,72263408870752744,2,2407194,2407309
202607191739,e2e_trace_v3,5698,17294028383935529441,6901,control,in,83635963594400,1,/apollo/planning,254,0,1784453992056211601,144,0,0,2407194,2407313
202607191739,e2e_trace_v3,5707,17294028383935529441,6901,control,out,83635964633152,1,/apollo/control,0,6900,1784453992056211601,0,72263408870752744,2,2407194,2407313
202607191739,e2e_trace_v3,5710,17294028383935529441,6902,control,in,83635973692896,1,/apollo/planning,254,0,1784453992056211601,144,0,0,2407194,2407318
202607191739,e2e_trace_v3,5719,17294028383935529441,6902,control,out,83635974932576,1,/apollo/control,0,6901,1784453992056211601,0,72263408870752744,2,2407194,2407318
202607191739,e2e_trace_v3,5722,17294028383935529441,6903,control,in,83635991005216,1,/apollo/planning,254,0,1784453992056211601,144,0,0,2407194,2407319
202607191739,e2e_trace_v3,5731,17294028383935529441,6903,control,out,83635991834400,1,/apollo/control,0,6902,1784453992056211601,0,72263408870752744,2,2407194,2407319
202607191739,e2e_trace_v3,5734,17294028383935529441,6904,control,in,83635993144416,1,/apollo/planning,254,0,1784453992056211601,144,0,0,2407194,2407330
202607191739,e2e_trace_v3,5743,17294028383935529441,6904,control,out,83635993794880,1,/apollo/control,0,6903,1784453992056211601,0,72263408870752744,2,2407194,2407330
202607191739,e2e_trace_v3,5746,17294028383935529441,6905,control,in,83636003186208,1,/apollo/planning,254,0,1784453992056211601,144,0,0,2407194,2407306
202607191739,e2e_trace_v3,5755,17294028383935529441,6905,control,out,83636004004192,1,/apollo/control,0,6904,1784453992056211601,0,72263408870752744,2,2407194,2407306
202607191739,e2e_trace_v3,5758,17294028383935529441,6906,control,in,83636013248800,1,/apollo/planning,254,0,1784453992056211601,144,0,0,2407194,2407324
202607191739,e2e_trace_v3,5767,17294028383935529441,6906,control,out,83636014171744,1,/apollo/control,0,6905,1784453992056211601,0,72263408870752744,2,2407194,2407324
202607191739,e2e_trace_v3,5770,17294028383935529442,6907,control,in,83636023475904,1,/apollo/planning,255,0,1784453992168693024,144,0,0,2407194,2407315
202607191739,e2e_trace_v3,5779,17294028383935529442,6907,control,out,83636024556192,1,/apollo/control,0,6906,1784453992168693024,0,72263408870752745,2,2407194,2407315
202607191739,e2e_trace_v3,5782,17294028383935529442,6908,control,in,83636033211456,1,/apollo/planning,255,0,1784453992168693024,144,0,0,2407194,2407311
202607191739,e2e_trace_v3,5791,17294028383935529442,6908,control,out,83636034340000,1,/apollo/control,0,6907,1784453992168693024,0,72263408870752745,2,2407194,2407311
202607191739,e2e_trace_v3,5794,17294028383935529442,6909,control,in,83636043189984,1,/apollo/planning,255,0,1784453992168693024,144,0,0,2407194,2407306
202607191739,e2e_trace_v3,5803,17294028383935529442,6909,control,out,83636044043968,1,/apollo/control,0,6908,1784453992168693024,0,72263408870752745,2,2407194,2407306
202607191739,e2e_trace_v3,5806,17294028383935529442,6910,control,in,83636053385888,1,/apollo/planning,255,0,1784453992168693024,144,0,0,2407194,2407329
202607191739,e2e_trace_v3,5815,17294028383935529442,6910,control,out,83636054592736,1,/apollo/control,0,6909,1784453992168693024,0,72263408870752745,2,2407194,2407329
202607191739,e2e_trace_v3,5818,17294028383935529442,6911,control,in,83636063322720,1,/apollo/planning,255,0,1784453992168693024,144,0,0,2407194,2407315
202607191739,e2e_trace_v3,5827,17294028383935529442,6911,control,out,83636064379200,1,/apollo/control,0,6910,1784453992168693024,0,72263408870752745,2,2407194,2407315
202607191739,e2e_trace_v3,5830,17294028383935529442,6912,control,in,83636073333696,1,/apollo/planning,255,0,1784453992168693024,144,0,0,2407194,2407304
202607191739,e2e_trace_v3,5839,17294028383935529442,6912,control,out,83636074598048,1,/apollo/control,0,6911,1784453992168693024,0,72263408870752745,2,2407194,2407304
202607191739,e2e_trace_v3,5842,17294028383935529442,6913,control,in,83636083332160,1,/apollo/planning,255,0,1784453992168693024,144,0,0,2407194,2407302
202607191739,e2e_trace_v3,5851,17294028383935529442,6913,control,out,83636084208672,1,/apollo/control,0,6912,1784453992168693024,0,72263408870752745,2,2407194,2407302
202607191739,e2e_trace_v3,5854,17294028383935529442,6914,control,in,83636093367136,1,/apollo/planning,255,0,1784453992168693024,144,0,0,2407194,2407300
202607191739,e2e_trace_v3,5863,17294028383935529442,6914,control,out,83636094599008,1,/apollo/control,0,6913,1784453992168693024,0,72263408870752745,2,2407194,2407300
202607191739,e2e_trace_v3,5866,17294028383935529442,6915,control,in,83636103324896,1,/apollo/planning,255,0,1784453992168693024,144,0,0,2407194,2407309
202607191739,e2e_trace_v3,5875,17294028383935529442,6915,control,out,83636104394336,1,/apollo/control,0,6914,1784453992168693024,0,72263408870752745,2,2407194,2407309
202607191739,e2e_trace_v3,5878,17294028383935529442,6916,control,in,83636113261504,1,/apollo/planning,255,0,1784453992168693024,144,0,0,2407194,2407319
202607191739,e2e_trace_v3,5887,17294028383935529442,6916,control,out,83636114147520,1,/apollo/control,0,6915,1784453992168693024,0,72263408870752745,2,2407194,2407319
202607191739,e2e_trace_v3,5890,17294028383935529442,6917,control,in,83636123208192,1,/apollo/planning,255,0,1784453992168693024,144,0,0,2407194,2407328
202607191739,e2e_trace_v3,5899,17294028383935529442,6917,control,out,83636123977056,1,/apollo/control,0,6916,1784453992168693024,0,72263408870752745,2,2407194,2407328
202607191739,e2e_trace_v3,5902,17294028383935529442,6918,control,in,83636133306016,1,/apollo/planning,255,0,1784453992168693024,144,0,0,2407194,2407326
202607191739,e2e_trace_v3,5911,17294028383935529442,6918,control,out,83636134206976,1,/apollo/control,0,6917,1784453992168693024,0,72263408870752745,2,2407194,2407326
202607191739,e2e_trace_v3,5914,17294028383935529443,6919,control,in,83636143353568,1,/apollo/planning,256,0,1784453992279597490,145,0,0,2407194,2407324
202607191739,e2e_trace_v3,5923,17294028383935529443,6919,control,out,83636144241664,1,/apollo/control,0,6918,1784453992279597490,0,72263408870752746,2,2407194,2407324
202607191739,e2e_trace_v3,5926,17294028383935529443,6920,control,in,83636153300192,1,/apollo/planning,256,0,1784453992279597490,145,0,0,2407194,2407330
202607191739,e2e_trace_v3,5935,17294028383935529443,6920,control,out,83636154245696,1,/apollo/control,0,6919,1784453992279597490,0,72263408870752746,2,2407194,2407330
202607191739,e2e_trace_v3,5938,17294028383935529443,6921,control,in,83636163229536,1,/apollo/planning,256,0,1784453992279597490,145,0,0,2407194,2407318
202607191739,e2e_trace_v3,5947,17294028383935529443,6921,control,out,83636164230272,1,/apollo/control,0,6920,1784453992279597490,0,72263408870752746,2,2407194,2407318
202607191739,e2e_trace_v3,5950,17294028383935529443,6922,control,in,83636173222944,1,/apollo/planning,256,0,1784453992279597490,145,0,0,2407194,2407304
202607191739,e2e_trace_v3,5959,17294028383935529443,6922,control,out,83636174263488,1,/apollo/control,0,6921,1784453992279597490,0,72263408870752746,2,2407194,2407304
202607191739,e2e_trace_v3,5962,17294028383935529443,6923,control,in,83636183366112,1,/apollo/planning,256,0,1784453992279597490,145,0,0,2407194,2407322
202607191739,e2e_trace_v3,5971,17294028383935529443,6923,control,out,83636184406176,1,/apollo/control,0,6922,1784453992279597490,0,72263408870752746,2,2407194,2407322
202607191739,e2e_trace_v3,5974,17294028383935529443,6924,control,in,83636193334880,1,/apollo/planning,256,0,1784453992279597490,145,0,0,2407194,2407319
202607191739,e2e_trace_v3,5983,17294028383935529443,6924,control,out,83636194275104,1,/apollo/control,0,6923,1784453992279597490,0,72263408870752746,2,2407194,2407319
202607191739,e2e_trace_v3,5986,17294028383935529443,6925,control,in,83636203390880,1,/apollo/planning,256,0,1784453992279597490,145,0,0,2407194,2407329
202607191739,e2e_trace_v3,5995,17294028383935529443,6925,control,out,83636204645184,1,/apollo/control,0,6924,1784453992279597490,0,72263408870752746,2,2407194,2407329
202607191739,e2e_trace_v3,5998,17294028383935529443,6926,control,in,83636213323456,1,/apollo/planning,256,0,1784453992279597490,145,0,0,2407194,2407309
202607191739,e2e_trace_v3,6007,17294028383935529443,6926,control,out,83636214683488,1,/apollo/control,0,6925,1784453992279597490,0,72263408870752746,2,2407194,2407309
202607191739,e2e_trace_v3,6010,17294028383935529443,6927,control,in,83636223404352,1,/apollo/planning,256,0,1784453992279597490,145,0,0,2407194,2407304
202607191739,e2e_trace_v3,6019,17294028383935529443,6927,control,out,83636224708672,1,/apollo/control,0,6926,1784453992279597490,0,72263408870752746,2,2407194,2407304
202607191739,e2e_trace_v3,6022,17294028383935529443,6928,control,in,83636233295008,1,/apollo/planning,256,0,1784453992279597490,145,0,0,2407194,2407302
202607191739,e2e_trace_v3,6031,17294028383935529443,6928,control,out,83636234414688,1,/apollo/control,0,6927,1784453992279597490,0,72263408870752746,2,2407194,2407302
202607191739,e2e_trace_v3,6034,17294028383935529443,6929,control,in,83636243355264,1,/apollo/planning,256,0,1784453992279597490,145,0,0,2407194,2407309
202607191739,e2e_trace_v3,6043,17294028383935529443,6929,control,out,83636244371552,1,/apollo/control,0,6928,1784453992279597490,0,72263408870752746,2,2407194,2407309
202607191739,e2e_trace_v3,6046,17294028383935529444,6930,control,in,83636253409600,1,/apollo/planning,257,0,1784453992389351217,145,0,0,2407194,2407306
202607191739,e2e_trace_v3,6055,17294028383935529444,6930,control,out,83636254384256,1,/apollo/control,0,6929,1784453992389351217,0,72263408870752747,2,2407194,2407306
202607191739,e2e_trace_v3,6058,17294028383935529444,6931,control,in,83636263292224,1,/apollo/planning,257,0,1784453992389351217,145,0,0,2407194,2407322
202607191739,e2e_trace_v3,6067,17294028383935529444,6931,control,out,83636264193856,1,/apollo/control,0,6930,1784453992389351217,0,72263408870752747,2,2407194,2407322
202607191739,e2e_trace_v3,6070,17294028383935529444,6932,control,in,83636273522080,1,/apollo/planning,257,0,1784453992389351217,145,0,0,2407194,2407326
202607191739,e2e_trace_v3,6079,17294028383935529444,6932,control,out,83636274747136,1,/apollo/control,0,6931,1784453992389351217,0,72263408870752747,2,2407194,2407326
202607191739,e2e_trace_v3,6082,17294028383935529444,6933,control,in,83636283245760,1,/apollo/planning,257,0,1784453992389351217,145,0,0,2407194,2407318
202607191739,e2e_trace_v3,6091,17294028383935529444,6933,control,out,83636284070400,1,/apollo/control,0,6932,1784453992389351217,0,72263408870752747,2,2407194,2407318
202607191739,e2e_trace_v3,6094,17294028383935529444,6934,control,in,83636293379808,1,/apollo/planning,257,0,1784453992389351217,145,0,0,2407194,2407324
202607191739,e2e_trace_v3,6103,17294028383935529444,6934,control,out,83636294877632,1,/apollo/control,0,6933,1784453992389351217,0,72263408870752747,2,2407194,2407324
202607191739,e2e_trace_v3,6106,17294028383935529444,6935,control,in,83636303402336,1,/apollo/planning,257,0,1784453992389351217,145,0,0,2407194,2407322
202607191739,e2e_trace_v3,6115,17294028383935529444,6935,control,out,83636304264608,1,/apollo/control,0,6934,1784453992389351217,0,72263408870752747,2,2407194,2407322
202607191739,e2e_trace_v3,6118,17294028383935529444,6936,control,in,83636313352320,1,/apollo/planning,257,0,1784453992389351217,145,0,0,2407194,2407306
202607191739,e2e_trace_v3,6127,17294028383935529444,6936,control,out,83636314370208,1,/apollo/control,0,6935,1784453992389351217,0,72263408870752747,2,2407194,2407306
202607191739,e2e_trace_v3,6130,17294028383935529444,6937,control,in,83636323281792,1,/apollo/planning,257,0,1784453992389351217,145,0,0,2407194,2407302
202607191739,e2e_trace_v3,6139,17294028383935529444,6937,control,out,83636324152768,1,/apollo/control,0,6936,1784453992389351217,0,72263408870752747,2,2407194,2407302
202607191739,e2e_trace_v3,6142,17294028383935529444,6938,control,in,83636333395392,1,/apollo/planning,257,0,1784453992389351217,145,0,0,2407194,2407326
202607191739,e2e_trace_v3,6151,17294028383935529444,6938,control,out,83636335068768,1,/apollo/control,0,6937,1784453992389351217,0,72263408870752747,2,2407194,2407326
202607191739,e2e_trace_v3,6154,17294028383935529444,6939,control,in,83636345373920,1,/apollo/planning,257,0,1784453992389351217,145,0,0,2407194,2407315
202607191739,e2e_trace_v3,6163,17294028383935529444,6939,control,out,83636346946496,1,/apollo/control,0,6938,1784453992389351217,0,72263408870752747,2,2407194,2407315
202607191739,e2e_trace_v3,6166,17294028383935529444,6940,control,in,83636355362304,1,/apollo/planning,257,0,1784453992389351217,145,0,0,2407194,2407329
202607191739,e2e_trace_v3,6175,17294028383935529444,6940,control,out,83636356611200,1,/apollo/control,0,6939,1784453992389351217,0,72263408870752747,2,2407194,2407329
202607191739,e2e_trace_v3,6178,17294028383935529444,6941,control,in,83636365774112,1,/apollo/planning,257,0,1784453992389351217,145,0,0,2407194,2407304
202607191739,e2e_trace_v3,6187,17294028383935529444,6941,control,out,83636366739360,1,/apollo/control,0,6940,1784453992389351217,0,72263408870752747,2,2407194,2407304
202607191739,e2e_trace_v3,6190,17294028383935529444,6942,control,in,83636373829792,1,/apollo/planning,257,0,1784453992389351217,145,0,0,2407194,2407328
202607191739,e2e_trace_v3,6199,17294028383935529444,6942,control,out,83636374970688,1,/apollo/control,0,6941,1784453992389351217,0,72263408870752747,2,2407194,2407328
202607191739,e2e_trace_v3,6202,17294028383935529445,6943,control,in,83636383910752,1,/apollo/planning,258,0,1784453992498960931,146,0,0,2407194,2407329
202607191739,e2e_trace_v3,6211,17294028383935529445,6943,control,out,83636384851456,1,/apollo/control,0,6942,1784453992498960931,0,72263408870752748,2,2407194,2407329
202607191739,e2e_trace_v3,6214,17294028383935529445,6944,control,in,83636393932736,1,/apollo/planning,258,0,1784453992498960931,146,0,0,2407194,2407322
202607191739,e2e_trace_v3,6223,17294028383935529445,6944,control,out,83636395313280,1,/apollo/control,0,6943,1784453992498960931,0,72263408870752748,2,2407194,2407322
202607191739,e2e_trace_v3,6226,17294028383935529445,6945,control,in,83636403853952,1,/apollo/planning,258,0,1784453992498960931,146,0,0,2407194,2407330
202607191739,e2e_trace_v3,6235,17294028383935529445,6945,control,out,83636405281664,1,/apollo/control,0,6944,1784453992498960931,0,72263408870752748,2,2407194,2407330
202607191739,e2e_trace_v3,6238,17294028383935529445,6946,control,in,83636413721248,1,/apollo/planning,258,0,1784453992498960931,146,0,0,2407194,2407318
202607191739,e2e_trace_v3,6247,17294028383935529445,6946,control,out,83636414683360,1,/apollo/control,0,6945,1784453992498960931,0,72263408870752748,2,2407194,2407318
202607191739,e2e_trace_v3,6250,17294028383935529445,6947,control,in,83636423779744,1,/apollo/planning,258,0,1784453992498960931,146,0,0,2407194,2407302
202607191739,e2e_trace_v3,6259,17294028383935529445,6947,control,out,83636424820640,1,/apollo/control,0,6946,1784453992498960931,0,72263408870752748,2,2407194,2407302
202607191739,e2e_trace_v3,6262,17294028383935529445,6948,control,in,83636433803264,1,/apollo/planning,258,0,1784453992498960931,146,0,0,2407194,2407329
202607191739,e2e_trace_v3,6271,17294028383935529445,6948,control,out,83636435062176,1,/apollo/control,0,6947,1784453992498960931,0,72263408870752748,2,2407194,2407329
202607191739,e2e_trace_v3,6274,17294028383935529445,6949,control,in,83636443762528,1,/apollo/planning,258,0,1784453992498960931,146,0,0,2407194,2407326
202607191739,e2e_trace_v3,6283,17294028383935529445,6949,control,out,83636444867936,1,/apollo/control,0,6948,1784453992498960931,0,72263408870752748,2,2407194,2407326
202607191739,e2e_trace_v3,6286,17294028383935529445,6950,control,in,83636453649600,1,/apollo/planning,258,0,1784453992498960931,146,0,0,2407194,2407300
202607191739,e2e_trace_v3,6295,17294028383935529445,6950,control,out,83636454925472,1,/apollo/control,0,6949,1784453992498960931,0,72263408870752748,2,2407194,2407300
202607191739,e2e_trace_v3,6298,17294028383935529445,6951,control,in,83636463801728,1,/apollo/planning,258,0,1784453992498960931,146,0,0,2407194,2407318
202607191739,e2e_trace_v3,6307,17294028383935529445,6951,control,out,83636464656768,1,/apollo/control,0,6950,1784453992498960931,0,72263408870752748,2,2407194,2407318
202607191739,e2e_trace_v3,6310,17294028383935529445,6952,control,in,83636473813568,1,/apollo/planning,258,0,1784453992498960931,146,0,0,2407194,2407329
202607191739,e2e_trace_v3,6319,17294028383935529445,6952,control,out,83636474804512,1,/apollo/control,0,6951,1784453992498960931,0,72263408870752748,2,2407194,2407329
202607191739,e2e_trace_v3,6322,17294028383935529445,6953,control,in,83636483760128,1,/apollo/planning,258,0,1784453992498960931,146,0,0,2407194,2407302
202607191739,e2e_trace_v3,6331,17294028383935529445,6953,control,out,83636484535936,1,/apollo/control,0,6952,1784453992498960931,0,72263408870752748,2,2407194,2407302
202607191739,e2e_trace_v3,6334,17294028383935529446,6954,control,in,83636493847488,1,/apollo/planning,259,0,1784453992608428751,148,0,0,2407194,2407318
202607191739,e2e_trace_v3,6343,17294028383935529446,6954,control,out,83636495641728,1,/apollo/control,0,6953,1784453992608428751,0,72263408870752749,2,2407194,2407318
202607191739,e2e_trace_v3,6346,17294028383935529446,6955,control,in,83636505727104,1,/apollo/planning,259,0,1784453992608428751,148,0,0,2407194,2407326
202607191739,e2e_trace_v3,6355,17294028383935529446,6955,control,out,83636506516192,1,/apollo/control,0,6954,1784453992608428751,0,72263408870752749,2,2407194,2407326
202607191739,e2e_trace_v3,6358,17294028383935529446,6956,control,in,83636513914848,1,/apollo/planning,259,0,1784453992608428751,148,0,0,2407194,2407302
202607191739,e2e_trace_v3,6367,17294028383935529446,6956,control,out,83636515504864,1,/apollo/control,0,6955,1784453992608428751,0,72263408870752749,2,2407194,2407302
202607191739,e2e_trace_v3,6370,17294028383935529446,6957,control,in,83636525979008,1,/apollo/planning,259,0,1784453992608428751,148,0,0,2407194,2407313
202607191739,e2e_trace_v3,6379,17294028383935529446,6957,control,out,83636527700064,1,/apollo/control,0,6956,1784453992608428751,0,72263408870752749,2,2407194,2407313
202607191739,e2e_trace_v3,6382,17294028383935529446,6958,control,in,83636535929056,1,/apollo/planning,259,0,1784453992608428751,148,0,0,2407194,2407306
202607191739,e2e_trace_v3,6391,17294028383935529446,6958,control,out,83636537427168,1,/apollo/control,0,6957,1784453992608428751,0,72263408870752749,2,2407194,2407306
202607191739,e2e_trace_v3,6394,17294028383935529446,6959,control,in,83636545698752,1,/apollo/planning,259,0,1784453992608428751,148,0,0,2407194,2407330
202607191739,e2e_trace_v3,6403,17294028383935529446,6959,control,out,83636546596512,1,/apollo/control,0,6958,1784453992608428751,0,72263408870752749,2,2407194,2407330
202607191739,e2e_trace_v3,6406,17294028383935529446,6960,control,in,83636553679168,1,/apollo/planning,259,0,1784453992608428751,148,0,0,2407194,2407319
202607191739,e2e_trace_v3,6415,17294028383935529446,6960,control,out,83636554508352,1,/apollo/control,0,6959,1784453992608428751,0,72263408870752749,2,2407194,2407319
202607191739,e2e_trace_v3,6418,17294028383935529446,6961,control,in,83636563845184,1,/apollo/planning,259,0,1784453992608428751,148,0,0,2407194,2407311
202607191739,e2e_trace_v3,6427,17294028383935529446,6961,control,out,83636565228384,1,/apollo/control,0,6960,1784453992608428751,0,72263408870752749,2,2407194,2407311
202607191739,e2e_trace_v3,6430,17294028383935529446,6962,control,in,83636573861440,1,/apollo/planning,259,0,1784453992608428751,148,0,0,2407194,2407328
202607191739,e2e_trace_v3,6439,17294028383935529446,6962,control,out,83636575220992,1,/apollo/control,0,6961,1784453992608428751,0,72263408870752749,2,2407194,2407328
202607191739,e2e_trace_v3,6442,17294028383935529446,6963,control,in,83636583780704,1,/apollo/planning,259,0,1784453992608428751,148,0,0,2407194,2407322
202607191739,e2e_trace_v3,6451,17294028383935529446,6963,control,out,83636585042848,1,/apollo/control,0,6962,1784453992608428751,0,72263408870752749,2,2407194,2407322
202607191739,e2e_trace_v3,6454,17294028383935529446,6964,control,in,83636593861952,1,/apollo/planning,259,0,1784453992608428751,148,0,0,2407194,2407329
202607191739,e2e_trace_v3,6463,17294028383935529446,6964,control,out,83636595351648,1,/apollo/control,0,6963,1784453992608428751,0,72263408870752749,2,2407194,2407329
202607191739,e2e_trace_v3,6466,17294028383935529447,6965,control,in,83636603863136,1,/apollo/planning,260,0,1784453992718479540,147,0,0,2407194,2407326
202607191739,e2e_trace_v3,6475,17294028383935529447,6965,control,out,83636604810240,1,/apollo/control,0,6964,1784453992718479540,0,72263408870752750,2,2407194,2407326
202607191739,e2e_trace_v3,6478,17294028383935529447,6966,control,in,83636613876096,1,/apollo/planning,260,0,1784453992718479540,147,0,0,2407194,2407315
202607191739,e2e_trace_v3,6487,17294028383935529447,6966,control,out,83636615266720,1,/apollo/control,0,6965,1784453992718479540,0,72263408870752750,2,2407194,2407315
202607191739,e2e_trace_v3,6490,17294028383935529447,6967,control,in,83636623722528,1,/apollo/planning,260,0,1784453992718479540,147,0,0,2407194,2407300
202607191739,e2e_trace_v3,6499,17294028383935529447,6967,control,out,83636624753088,1,/apollo/control,0,6966,1784453992718479540,0,72263408870752750,2,2407194,2407300
202607191739,e2e_trace_v3,6502,17294028383935529447,6968,control,in,83636633938464,1,/apollo/planning,260,0,1784453992718479540,147,0,0,2407194,2407304
202607191739,e2e_trace_v3,6511,17294028383935529447,6968,control,out,83636635461504,1,/apollo/control,0,6967,1784453992718479540,0,72263408870752750,2,2407194,2407304
202607191739,e2e_trace_v3,6514,17294028383935529447,6969,control,in,83636643718528,1,/apollo/planning,260,0,1784453992718479540,147,0,0,2407194,2407309
202607191739,e2e_trace_v3,6523,17294028383935529447,6969,control,out,83636644477792,1,/apollo/control,0,6968,1784453992718479540,0,72263408870752750,2,2407194,2407309
202607191739,e2e_trace_v3,6526,17294028383935529447,6970,control,in,83636653868800,1,/apollo/planning,260,0,1784453992718479540,147,0,0,2407194,2407326
202607191739,e2e_trace_v3,6535,17294028383935529447,6970,control,out,83636655357856,1,/apollo/control,0,6969,1784453992718479540,0,72263408870752750,2,2407194,2407326
202607191739,e2e_trace_v3,6538,17294028383935529447,6971,control,in,83636665898176,1,/apollo/planning,260,0,1784453992718479540,147,0,0,2407194,2407330
202607191739,e2e_trace_v3,6547,17294028383935529447,6971,control,out,83636667527072,1,/apollo/control,0,6970,1784453992718479540,0,72263408870752750,2,2407194,2407330
202607191739,e2e_trace_v3,6550,17294028383935529447,6972,control,in,83636673928672,1,/apollo/planning,260,0,1784453992718479540,147,0,0,2407194,2407319
202607191739,e2e_trace_v3,6559,17294028383935529447,6972,control,out,83636675912992,1,/apollo/control,0,6971,1784453992718479540,0,72263408870752750,2,2407194,2407319
202607191739,e2e_trace_v3,6562,17294028383935529447,6973,control,in,83636685759712,1,/apollo/planning,260,0,1784453992718479540,147,0,0,2407194,2407315
202607191739,e2e_trace_v3,6571,17294028383935529447,6973,control,out,83636686563968,1,/apollo/control,0,6972,1784453992718479540,0,72263408870752750,2,2407194,2407315
202607191739,e2e_trace_v3,6574,17294028383935529447,6974,control,in,83636693890336,1,/apollo/planning,260,0,1784453992718479540,147,0,0,2407194,2407313
202607191739,e2e_trace_v3,6583,17294028383935529447,6974,control,out,83636695421632,1,/apollo/control,0,6973,1784453992718479540,0,72263408870752750,2,2407194,2407313
202607191739,e2e_trace_v3,6586,17294028383935529448,6975,control,in,83636704015200,1,/apollo/planning,261,0,1784453992828034232,147,0,0,2407194,2407311
202607191739,e2e_trace_v3,6595,17294028383935529448,6975,control,out,83636705499840,1,/apollo/control,0,6974,1784453992828034232,0,72263408870752751,2,2407194,2407311
202607191739,e2e_trace_v3,6598,17294028383935529448,6976,control,in,83636714187168,1,/apollo/planning,261,0,1784453992828034232,147,0,0,2407194,2407328
202607191739,e2e_trace_v3,6607,17294028383935529448,6976,control,out,83636715675168,1,/apollo/control,0,6975,1784453992828034232,0,72263408870752751,2,2407194,2407328
202607191739,e2e_trace_v3,6610,17294028383935529448,6977,control,in,83636723812224,1,/apollo/planning,261,0,1784453992828034232,147,0,0,2407194,2407329
202607191739,e2e_trace_v3,6619,17294028383935529448,6977,control,out,83636725324608,1,/apollo/control,0,6976,1784453992828034232,0,72263408870752751,2,2407194,2407329
202607191739,e2e_trace_v3,6622,17294028383935529448,6978,control,in,83636733804096,1,/apollo/planning,261,0,1784453992828034232,147,0,0,2407194,2407313
202607191739,e2e_trace_v3,6631,17294028383935529448,6978,control,out,83636735554368,1,/apollo/control,0,6977,1784453992828034232,0,72263408870752751,2,2407194,2407313
202607191739,e2e_trace_v3,6634,17294028383935529448,6979,control,in,83636745898176,1,/apollo/planning,261,0,1784453992828034232,147,0,0,2407194,2407311
202607191739,e2e_trace_v3,6643,17294028383935529448,6979,control,out,83636747513856,1,/apollo/control,0,6978,1784453992828034232,0,72263408870752751,2,2407194,2407311
202607191739,e2e_trace_v3,6646,17294028383935529448,6980,control,in,83636755738720,1,/apollo/planning,261,0,1784453992828034232,147,0,0,2407194,2407315
202607191739,e2e_trace_v3,6655,17294028383935529448,6980,control,out,83636756479680,1,/apollo/control,0,6979,1784453992828034232,0,72263408870752751,2,2407194,2407315
202607191739,e2e_trace_v3,6658,17294028383935529448,6981,control,in,83636763898048,1,/apollo/planning,261,0,1784453992828034232,147,0,0,2407194,2407300
202607191739,e2e_trace_v3,6667,17294028383935529448,6981,control,out,83636765469824,1,/apollo/control,0,6980,1784453992828034232,0,72263408870752751,2,2407194,2407300
202607191739,e2e_trace_v3,6670,17294028383935529448,6982,control,in,83636775879872,1,/apollo/planning,261,0,1784453992828034232,147,0,0,2407194,2407306
202607191739,e2e_trace_v3,6679,17294028383935529448,6982,control,out,83636777394208,1,/apollo/control,0,6981,1784453992828034232,0,72263408870752751,2,2407194,2407306
202607191739,e2e_trace_v3,6682,17294028383935529448,6983,control,in,83636785725728,1,/apollo/planning,261,0,1784453992828034232,147,0,0,2407194,2407315
202607191739,e2e_trace_v3,6691,17294028383935529448,6983,control,out,83636786470336,1,/apollo/control,0,6982,1784453992828034232,0,72263408870752751,2,2407194,2407315
202607191739,e2e_trace_v3,6694,17294028383935529448,6984,control,in,83636793895104,1,/apollo/planning,261,0,1784453992828034232,147,0,0,2407194,2407302
202607191739,e2e_trace_v3,6703,17294028383935529448,6984,control,out,83636795555680,1,/apollo/control,0,6983,1784453992828034232,0,72263408870752751,2,2407194,2407302
202607191739,e2e_trace_v3,6706,17294028383935529448,6985,control,in,83636805897440,1,/apollo/planning,261,0,1784453992828034232,147,0,0,2407194,2407329
202607191739,e2e_trace_v3,6715,17294028383935529448,6985,control,out,83636807465952,1,/apollo/control,0,6984,1784453992828034232,0,72263408870752751,2,2407194,2407329
202607191739,e2e_trace_v3,6718,17294028383935529449,6986,control,in,83636816198112,1,/apollo/planning,262,0,1784453992940163830,147,0,0,2407194,2407330
202607191739,e2e_trace_v3,6727,17294028383935529449,6986,control,out,83636817432576,1,/apollo/control,0,6985,1784453992940163830,0,72263408870752752,2,2407194,2407330
202607191739,e2e_trace_v3,6730,17294028383935529449,6987,control,in,83636825870336,1,/apollo/planning,262,0,1784453992940163830,147,0,0,2407194,2407313
202607191739,e2e_trace_v3,6739,17294028383935529449,6987,control,out,83636827492288,1,/apollo/control,0,6986,1784453992940163830,0,72263408870752752,2,2407194,2407313
202607191739,e2e_trace_v3,6742,17294028383935529449,6988,control,in,83636835751488,1,/apollo/planning,262,0,1784453992940163830,147,0,0,2407194,2407315
202607191739,e2e_trace_v3,6751,17294028383935529449,6988,control,out,83636836702176,1,/apollo/control,0,6987,1784453992940163830,0,72263408870752752,2,2407194,2407315
202607191739,e2e_trace_v3,6754,17294028383935529449,6989,control,in,83636843717664,1,/apollo/planning,262,0,1784453992940163830,147,0,0,2407194,2407304
202607191739,e2e_trace_v3,6763,17294028383935529449,6989,control,out,83636844516000,1,/apollo/control,0,6988,1784453992940163830,0,72263408870752752,2,2407194,2407304
202607191739,e2e_trace_v3,6766,17294028383935529449,6990,control,in,83636854086336,1,/apollo/planning,262,0,1784453992940163830,147,0,0,2407194,2407306
202607191739,e2e_trace_v3,6775,17294028383935529449,6990,control,out,83636855788928,1,/apollo/control,0,6989,1784453992940163830,0,72263408870752752,2,2407194,2407306
202607191739,e2e_trace_v3,6778,17294028383935529449,6991,control,in,83636865896480,1,/apollo/planning,262,0,1784453992940163830,147,0,0,2407194,2407324
202607191739,e2e_trace_v3,6787,17294028383935529449,6991,control,out,83636867648480,1,/apollo/control,0,6990,1784453992940163830,0,72263408870752752,2,2407194,2407324
202607191739,e2e_trace_v3,6790,17294028383935529449,6992,control,in,83636879772288,1,/apollo/planning,262,0,1784453992940163830,147,0,0,2407194,2407328
202607191739,e2e_trace_v3,6799,17294028383935529449,6992,control,out,83636881187488,1,/apollo/control,0,6991,1784453992940163830,0,72263408870752752,2,2407194,2407328
202607191739,e2e_trace_v3,6802,17294028383935529449,6993,control,in,83636883703840,1,/apollo/planning,262,0,1784453992940163830,147,0,0,2407194,2407326
202607191739,e2e_trace_v3,6811,17294028383935529449,6993,control,out,83636885270816,1,/apollo/control,0,6992,1784453992940163830,0,72263408870752752,2,2407194,2407326
202607191739,e2e_trace_v3,6814,17294028383935529449,6994,control,in,83636895804768,1,/apollo/planning,262,0,1784453992940163830,147,0,0,2407194,2407311
202607191739,e2e_trace_v3,6823,17294028383935529449,6994,control,out,83636897272768,1,/apollo/control,0,6993,1784453992940163830,0,72263408870752752,2,2407194,2407311
202607191739,e2e_trace_v3,6826,17294028383935529449,6995,control,in,83636903773344,1,/apollo/planning,262,0,1784453992940163830,147,0,0,2407194,2407318
202607191739,e2e_trace_v3,6835,17294028383935529449,6995,control,out,83636905272032,1,/apollo/control,0,6994,1784453992940163830,0,72263408870752752,2,2407194,2407318
202607191739,e2e_trace_v3,6838,17294028383935529450,6996,control,in,83636915923648,1,/apollo/planning,263,0,1784453993049604525,146,0,0,2407194,2407326
202607191739,e2e_trace_v3,6847,17294028383935529450,6996,control,out,83636917430208,1,/apollo/control,0,6995,1784453993049604525,0,72263408870752753,2,2407194,2407326
202607191739,e2e_trace_v3,6850,17294028383935529450,6997,control,in,83636925499360,1,/apollo/planning,263,0,1784453993049604525,146,0,0,2407194,2407309
202607191739,e2e_trace_v3,6859,17294028383935529450,6997,control,out,83636926237792,1,/apollo/control,0,6996,1784453993049604525,0,72263408870752753,2,2407194,2407309
202607191739,e2e_trace_v3,6862,17294028383935529450,6998,control,in,83636933638592,1,/apollo/planning,263,0,1784453993049604525,146,0,0,2407194,2407306
202607191739,e2e_trace_v3,6871,17294028383935529450,6998,control,out,83636935112512,1,/apollo/control,0,6997,1784453993049604525,0,72263408870752753,2,2407194,2407306
202607191739,e2e_trace_v3,6874,17294028383935529450,6999,control,in,83636943756288,1,/apollo/planning,263,0,1784453993049604525,146,0,0,2407194,2407329
202607191739,e2e_trace_v3,6883,17294028383935529450,6999,control,out,83636945293024,1,/apollo/control,0,6998,1784453993049604525,0,72263408870752753,2,2407194,2407329
202607191739,e2e_trace_v3,6886,17294028383935529450,7000,control,in,83636955781216,1,/apollo/planning,263,0,1784453993049604525,146,0,0,2407194,2407304
202607191739,e2e_trace_v3,6895,17294028383935529450,7000,control,out,83636957325536,1,/apollo/control,0,6999,1784453993049604525,0,72263408870752753,2,2407194,2407304
202607191739,e2e_trace_v3,6898,17294028383935529450,7001,control,in,83636963773408,1,/apollo/planning,263,0,1784453993049604525,146,0,0,2407194,2407319
202607191739,e2e_trace_v3,6907,17294028383935529450,7001,control,out,83636965348448,1,/apollo/control,0,7000,1784453993049604525,0,72263408870752753,2,2407194,2407319
202607191739,e2e_trace_v3,6910,17294028383935529450,7002,control,in,83636973760960,1,/apollo/planning,263,0,1784453993049604525,146,0,0,2407194,2407330
202607191739,e2e_trace_v3,6919,17294028383935529450,7002,control,out,83636975371072,1,/apollo/control,0,7001,1784453993049604525,0,72263408870752753,2,2407194,2407330
202607191739,e2e_trace_v3,6922,17294028383935529450,7003,control,in,83636983737824,1,/apollo/planning,263,0,1784453993049604525,146,0,0,2407194,2407300
202607191739,e2e_trace_v3,6931,17294028383935529450,7003,control,out,83636985044800,1,/apollo/control,0,7002,1784453993049604525,0,72263408870752753,2,2407194,2407300
202607191739,e2e_trace_v3,6934,17294028383935529450,7004,control,in,83636993684192,1,/apollo/planning,263,0,1784453993049604525,146,0,0,2407194,2407328
202607191739,e2e_trace_v3,6943,17294028383935529450,7004,control,out,83636995288640,1,/apollo/control,0,7003,1784453993049604525,0,72263408870752753,2,2407194,2407328
202607191739,e2e_trace_v3,6946,17294028383935529450,7005,control,in,83637005710304,1,/apollo/planning,263,0,1784453993049604525,146,0,0,2407194,2407329
202607191739,e2e_trace_v3,6955,17294028383935529450,7005,control,out,83637007271488,1,/apollo/control,0,7004,1784453993049604525,0,72263408870752753,2,2407194,2407329
202607191739,e2e_trace_v3,6958,17294028383935529451,7006,control,in,83637013993696,1,/apollo/planning,264,0,1784453993161432052,146,0,0,2407194,2407306
202607191739,e2e_trace_v3,6967,17294028383935529451,7006,control,out,83637015676608,1,/apollo/control,0,7005,1784453993161432052,0,72263408870752754,2,2407194,2407306
202607191739,e2e_trace_v3,6970,17294028383935529451,7007,control,in,83637023703072,1,/apollo/planning,264,0,1784453993161432052,146,0,0,2407194,2407319
202607191739,e2e_trace_v3,6979,17294028383935529451,7007,control,out,83637025140480,1,/apollo/control,0,7006,1784453993161432052,0,72263408870752754,2,2407194,2407319
202607191739,e2e_trace_v3,6982,17294028383935529451,7008,control,in,83637033650720,1,/apollo/planning,264,0,1784453993161432052,146,0,0,2407194,2407326
202607191739,e2e_trace_v3,6991,17294028383935529451,7008,control,out,83637035060544,1,/apollo/control,0,7007,1784453993161432052,0,72263408870752754,2,2407194,2407326
202607191739,e2e_trace_v3,6994,17294028383935529451,7009,control,in,83637043614336,1,/apollo/planning,264,0,1784453993161432052,146,0,0,2407194,2407302
202607191739,e2e_trace_v3,7003,17294028383935529451,7009,control,out,83637044969504,1,/apollo/control,0,7008,1784453993161432052,0,72263408870752754,2,2407194,2407302
202607191739,e2e_trace_v3,7006,17294028383935529451,7010,control,in,83637053587904,1,/apollo/planning,264,0,1784453993161432052,146,0,0,2407194,2407324
202607191739,e2e_trace_v3,7015,17294028383935529451,7010,control,out,83637054319424,1,/apollo/control,0,7009,1784453993161432052,0,72263408870752754,2,2407194,2407324
202607191739,e2e_trace_v3,7018,17294028383935529451,7011,control,in,83637063682112,1,/apollo/planning,264,0,1784453993161432052,146,0,0,2407194,2407300
202607191739,e2e_trace_v3,7027,17294028383935529451,7011,control,out,83637064541440,1,/apollo/control,0,7010,1784453993161432052,0,72263408870752754,2,2407194,2407300
202607191739,e2e_trace_v3,7030,17294028383935529451,7012,control,in,83637073697856,1,/apollo/planning,264,0,1784453993161432052,146,0,0,2407194,2407329
202607191739,e2e_trace_v3,7039,17294028383935529451,7012,control,out,83637074616640,1,/apollo/control,0,7011,1784453993161432052,0,72263408870752754,2,2407194,2407329
202607191739,e2e_trace_v3,7042,17294028383935529451,7013,control,in,83637083674304,1,/apollo/planning,264,0,1784453993161432052,146,0,0,2407194,2407330
202607191739,e2e_trace_v3,7051,17294028383935529451,7013,control,out,83637084492160,1,/apollo/control,0,7012,1784453993161432052,0,72263408870752754,2,2407194,2407330
202607191739,e2e_trace_v3,7054,17294028383935529451,7014,control,in,83637093599872,1,/apollo/planning,264,0,1784453993161432052,146,0,0,2407194,2407319
202607191739,e2e_trace_v3,7063,17294028383935529451,7014,control,out,83637094379008,1,/apollo/control,0,7013,1784453993161432052,0,72263408870752754,2,2407194,2407319
202607191739,e2e_trace_v3,7066,17294028383935529451,7015,control,in,83637107661216,1,/apollo/planning,264,0,1784453993161432052,146,0,0,2407194,2407304
202607191739,e2e_trace_v3,7075,17294028383935529451,7015,control,out,83637108636480,1,/apollo/control,0,7014,1784453993161432052,0,72263408870752754,2,2407194,2407304
202607191739,e2e_trace_v3,7078,17294028383935529451,7016,control,in,83637113668128,1,/apollo/planning,264,0,1784453993161432052,146,0,0,2407194,2407315
202607191739,e2e_trace_v3,7087,17294028383935529451,7016,control,out,83637114607008,1,/apollo/control,0,7015,1784453993161432052,0,72263408870752754,2,2407194,2407315
202607191739,e2e_trace_v3,7090,17294028383935529452,7017,control,in,83637123783776,1,/apollo/planning,265,0,1784453993272950058,146,0,0,2407194,2407326
202607191739,e2e_trace_v3,7099,17294028383935529452,7017,control,out,83637124615712,1,/apollo/control,0,7016,1784453993272950058,0,72263408870752755,2,2407194,2407326
202607191739,e2e_trace_v3,7102,17294028383935529452,7018,control,in,83637133637472,1,/apollo/planning,265,0,1784453993272950058,146,0,0,2407194,2407302
202607191739,e2e_trace_v3,7111,17294028383935529452,7018,control,out,83637134414624,1,/apollo/control,0,7017,1784453993272950058,0,72263408870752755,2,2407194,2407302
202607191739,e2e_trace_v3,7114,17294028383935529452,7019,control,in,83637143605248,1,/apollo/planning,265,0,1784453993272950058,146,0,0,2407194,2407328
202607191739,e2e_trace_v3,7123,17294028383935529452,7019,control,out,83637144257056,1,/apollo/control,0,7018,1784453993272950058,0,72263408870752755,2,2407194,2407328
202607191739,e2e_trace_v3,7126,17294028383935529452,7020,control,in,83637153544352,1,/apollo/planning,265,0,1784453993272950058,146,0,0,2407194,2407309
202607191739,e2e_trace_v3,7135,17294028383935529452,7020,control,out,83637154229472,1,/apollo/control,0,7019,1784453993272950058,0,72263408870752755,2,2407194,2407309
202607191739,e2e_trace_v3,7138,17294028383935529452,7021,control,in,83637163682272,1,/apollo/planning,265,0,1784453993272950058,146,0,0,2407194,2407306
202607191739,e2e_trace_v3,7147,17294028383935529452,7021,control,out,83637164550144,1,/apollo/control,0,7020,1784453993272950058,0,72263408870752755,2,2407194,2407306
202607191739,e2e_trace_v3,7150,17294028383935529452,7022,control,in,83637173686976,1,/apollo/planning,265,0,1784453993272950058,146,0,0,2407194,2407311
202607191739,e2e_trace_v3,7159,17294028383935529452,7022,control,out,83637175118208,1,/apollo/control,0,7021,1784453993272950058,0,72263408870752755,2,2407194,2407311
202607191739,e2e_trace_v3,7162,17294028383935529452,7023,control,in,83637183773280,1,/apollo/planning,265,0,1784453993272950058,146,0,0,2407194,2407315
202607191739,e2e_trace_v3,7171,17294028383935529452,7023,control,out,83637184931136,1,/apollo/control,0,7022,1784453993272950058,0,72263408870752755,2,2407194,2407315
202607191739,e2e_trace_v3,7174,17294028383935529452,7024,control,in,83637193756320,1,/apollo/planning,265,0,1784453993272950058,146,0,0,2407194,2407329
202607191739,e2e_trace_v3,7183,17294028383935529452,7024,control,out,83637194975488,1,/apollo/control,0,7023,1784453993272950058,0,72263408870752755,2,2407194,2407329
202607191739,e2e_trace_v3,7186,17294028383935529452,7025,control,in,83637206406304,1,/apollo/planning,265,0,1784453993272950058,146,0,0,2407194,2407322
202607191739,e2e_trace_v3,7195,17294028383935529452,7025,control,out,83637207507776,1,/apollo/control,0,7024,1784453993272950058,0,72263408870752755,2,2407194,2407322
202607191739,e2e_trace_v3,7198,17294028383935529452,7026,control,in,83637214296032,1,/apollo/planning,265,0,1784453993272950058,146,0,0,2407194,2407330
202607191739,e2e_trace_v3,7207,17294028383935529452,7026,control,out,83637215469536,1,/apollo/control,0,7025,1784453993272950058,0,72263408870752755,2,2407194,2407330
202607191739,e2e_trace_v3,7210,17294028383935529453,7027,control,in,83637224467136,1,/apollo/planning,266,0,1784453993382476211,145,0,0,2407194,2407319
202607191739,e2e_trace_v3,7219,17294028383935529453,7027,control,out,83637225405888,1,/apollo/control,0,7026,1784453993382476211,0,72263408870752756,2,2407194,2407319
202607191739,e2e_trace_v3,7222,17294028383935529453,7028,control,in,83637234362656,1,/apollo/planning,266,0,1784453993382476211,145,0,0,2407194,2407329
202607191739,e2e_trace_v3,7231,17294028383935529453,7028,control,out,83637235457760,1,/apollo/control,0,7027,1784453993382476211,0,72263408870752756,2,2407194,2407329
202607191739,e2e_trace_v3,7234,17294028383935529453,7029,control,in,83637244401312,1,/apollo/planning,266,0,1784453993382476211,145,0,0,2407194,2407326
202607191739,e2e_trace_v3,7243,17294028383935529453,7029,control,out,83637245385088,1,/apollo/control,0,7028,1784453993382476211,0,72263408870752756,2,2407194,2407326
202607191739,e2e_trace_v3,7246,17294028383935529453,7030,control,in,83637254291616,1,/apollo/planning,266,0,1784453993382476211,145,0,0,2407194,2407319
202607191739,e2e_trace_v3,7255,17294028383935529453,7030,control,out,83637255158848,1,/apollo/control,0,7029,1784453993382476211,0,72263408870752756,2,2407194,2407319
202607191739,e2e_trace_v3,7258,17294028383935529453,7031,control,in,83637264303808,1,/apollo/planning,266,0,1784453993382476211,145,0,0,2407194,2407326
202607191739,e2e_trace_v3,7267,17294028383935529453,7031,control,out,83637265149376,1,/apollo/control,0,7030,1784453993382476211,0,72263408870752756,2,2407194,2407326
202607191739,e2e_trace_v3,7270,17294028383935529453,7032,control,in,83637274380800,1,/apollo/planning,266,0,1784453993382476211,145,0,0,2407194,2407306
202607191739,e2e_trace_v3,7279,17294028383935529453,7032,control,out,83637275473728,1,/apollo/control,0,7031,1784453993382476211,0,72263408870752756,2,2407194,2407306
202607191739,e2e_trace_v3,7282,17294028383935529453,7033,control,in,83637284318528,1,/apollo/planning,266,0,1784453993382476211,145,0,0,2407194,2407304
202607191739,e2e_trace_v3,7291,17294028383935529453,7033,control,out,83637285197504,1,/apollo/control,0,7032,1784453993382476211,0,72263408870752756,2,2407194,2407304
202607191739,e2e_trace_v3,7294,17294028383935529453,7034,control,in,83637294459232,1,/apollo/planning,266,0,1784453993382476211,145,0,0,2407194,2407318
202607191739,e2e_trace_v3,7303,17294028383935529453,7034,control,out,83637295620224,1,/apollo/control,0,7033,1784453993382476211,0,72263408870752756,2,2407194,2407318
202607191739,e2e_trace_v3,7306,17294028383935529453,7035,control,in,83637302456640,1,/apollo/planning,266,0,1784453993382476211,145,0,0,2407194,2407315
202607191739,e2e_trace_v3,7315,17294028383935529453,7035,control,out,83637303800224,1,/apollo/control,0,7034,1784453993382476211,0,72263408870752756,2,2407194,2407315
202607191739,e2e_trace_v3,7318,17294028383935529453,7036,control,in,83637312403136,1,/apollo/planning,266,0,1784453993382476211,145,0,0,2407194,2407330
202607191739,e2e_trace_v3,7327,17294028383935529453,7036,control,out,83637313704736,1,/apollo/control,0,7035,1784453993382476211,0,72263408870752756,2,2407194,2407330
202607191739,e2e_trace_v3,7330,17294028383935529453,7037,control,in,83637322450496,1,/apollo/planning,266,0,1784453993382476211,145,0,0,2407194,2407306
202607191739,e2e_trace_v3,7339,17294028383935529453,7037,control,out,83637323502496,1,/apollo/control,0,7036,1784453993382476211,0,72263408870752756,2,2407194,2407306
202607191739,e2e_trace_v3,7342,17294028383935529453,7038,control,in,83637334378464,1,/apollo/planning,266,0,1784453993382476211,145,0,0,2407194,2407309
202607191739,e2e_trace_v3,7351,17294028383935529453,7038,control,out,83637335526336,1,/apollo/control,0,7037,1784453993382476211,0,72263408870752756,2,2407194,2407309
202607191739,e2e_trace_v3,7354,17294028383935529453,7039,control,in,83637342401536,1,/apollo/planning,266,0,1784453993382476211,145,0,0,2407194,2407322
202607191739,e2e_trace_v3,7363,17294028383935529453,7039,control,out,83637343502560,1,/apollo/control,0,7038,1784453993382476211,0,72263408870752756,2,2407194,2407322
202607191739,e2e_trace_v3,7366,17294028383935529453,7040,control,in,83637354346080,1,/apollo/planning,266,0,1784453993382476211,145,0,0,2407194,2407328
202607191739,e2e_trace_v3,7375,17294028383935529453,7040,control,out,83637355287840,1,/apollo/control,0,7039,1784453993382476211,0,72263408870752756,2,2407194,2407328
202607191739,e2e_trace_v3,7378,17294028383935529454,7041,control,in,83637364705376,1,/apollo/planning,267,0,1784453993492440331,147,0,0,2407194,2407304
202607191739,e2e_trace_v3,7387,17294028383935529454,7041,control,out,83637366364480,1,/apollo/control,0,7040,1784453993492440331,0,72263408870752757,2,2407194,2407304
202607191739,e2e_trace_v3,7390,17294028383935529454,7042,control,in,83637374377568,1,/apollo/planning,267,0,1784453993492440331,147,0,0,2407194,2407329
202607191739,e2e_trace_v3,7399,17294028383935529454,7042,control,out,83637375902880,1,/apollo/control,0,7041,1784453993492440331,0,72263408870752757,2,2407194,2407329
202607191739,e2e_trace_v3,7402,17294028383935529454,7043,control,in,83637382288736,1,/apollo/planning,267,0,1784453993492440331,147,0,0,2407194,2407306
202607191739,e2e_trace_v3,7411,17294028383935529454,7043,control,out,83637383072064,1,/apollo/control,0,7042,1784453993492440331,0,72263408870752757,2,2407194,2407306
202607191739,e2e_trace_v3,7414,17294028383935529454,7044,control,in,83637394439008,1,/apollo/planning,267,0,1784453993492440331,147,0,0,2407194,2407328
202607191739,e2e_trace_v3,7423,17294028383935529454,7044,control,out,83637395691232,1,/apollo/control,0,7043,1784453993492440331,0,72263408870752757,2,2407194,2407328
202607191739,e2e_trace_v3,7426,17294028383935529454,7045,control,in,83637402561728,1,/apollo/planning,267,0,1784453993492440331,147,0,0,2407194,2407315
202607191739,e2e_trace_v3,7435,17294028383935529454,7045,control,out,83637404233952,1,/apollo/control,0,7044,1784453993492440331,0,72263408870752757,2,2407194,2407315
202607191739,e2e_trace_v3,7438,17294028383935529454,7046,control,in,83637412345184,1,/apollo/planning,267,0,1784453993492440331,147,0,0,2407194,2407318
202607191739,e2e_trace_v3,7447,17294028383935529454,7046,control,out,83637413177088,1,/apollo/control,0,7045,1784453993492440331,0,72263408870752757,2,2407194,2407318
202607191739,e2e_trace_v3,7450,17294028383935529454,7047,control,in,83637424333664,1,/apollo/planning,267,0,1784453993492440331,147,0,0,2407194,2407306
202607191739,e2e_trace_v3,7459,17294028383935529454,7047,control,out,83637425218144,1,/apollo/control,0,7046,1784453993492440331,0,72263408870752757,2,2407194,2407306
202607191739,e2e_trace_v3,7462,17294028383935529454,7048,control,in,83637434418528,1,/apollo/planning,267,0,1784453993492440331,147,0,0,2407194,2407304
202607191739,e2e_trace_v3,7471,17294028383935529454,7048,control,out,83637435256384,1,/apollo/control,0,7047,1784453993492440331,0,72263408870752757,2,2407194,2407304
202607191739,e2e_trace_v3,7474,17294028383935529454,7049,control,in,83637444379808,1,/apollo/planning,267,0,1784453993492440331,147,0,0,2407194,2407319
202607191739,e2e_trace_v3,7483,17294028383935529454,7049,control,out,83637445273696,1,/apollo/control,0,7048,1784453993492440331,0,72263408870752757,2,2407194,2407319
202607191739,e2e_trace_v3,7486,17294028383935529455,7050,control,in,83637454481536,1,/apollo/planning,268,0,1784453993601430066,147,0,0,2407194,2407328
202607191739,e2e_trace_v3,7495,17294028383935529455,7050,control,out,83637455480480,1,/apollo/control,0,7049,1784453993601430066,0,72263408870752758,2,2407194,2407328
202607191739,e2e_trace_v3,7498,17294028383935529455,7051,control,in,83637464290624,1,/apollo/planning,268,0,1784453993601430066,147,0,0,2407194,2407306
202607191739,e2e_trace_v3,7507,17294028383935529455,7051,control,out,83637465100416,1,/apollo/control,0,7050,1784453993601430066,0,72263408870752758,2,2407194,2407306
202607191739,e2e_trace_v3,7510,17294028383935529455,7052,control,in,83637474315392,1,/apollo/planning,268,0,1784453993601430066,147,0,0,2407194,2407304
202607191739,e2e_trace_v3,7519,17294028383935529455,7052,control,out,83637475237536,1,/apollo/control,0,7051,1784453993601430066,0,72263408870752758,2,2407194,2407304
202607191739,e2e_trace_v3,7522,17294028383935529455,7053,control,in,83637484362784,1,/apollo/planning,268,0,1784453993601430066,147,0,0,2407194,2407329
202607191739,e2e_trace_v3,7531,17294028383935529455,7053,control,out,83637485644768,1,/apollo/control,0,7052,1784453993601430066,0,72263408870752758,2,2407194,2407329
202607191739,e2e_trace_v3,7534,17294028383935529455,7054,control,in,83637492403360,1,/apollo/planning,268,0,1784453993601430066,147,0,0,2407194,2407324
202607191739,e2e_trace_v3,7543,17294028383935529455,7054,control,out,83637493633088,1,/apollo/control,0,7053,1784453993601430066,0,72263408870752758,2,2407194,2407324
202607191739,e2e_trace_v3,7546,17294028383935529455,7055,control,in,83637502505536,1,/apollo/planning,268,0,1784453993601430066,147,0,0,2407194,2407315
202607191739,e2e_trace_v3,7555,17294028383935529455,7055,control,out,83637503611744,1,/apollo/control,0,7054,1784453993601430066,0,72263408870752758,2,2407194,2407315
202607191739,e2e_trace_v3,7558,17294028383935529455,7056,control,in,83637514549408,1,/apollo/planning,268,0,1784453993601430066,147,0,0,2407194,2407322
202607191739,e2e_trace_v3,7567,17294028383935529455,7056,control,out,83637516460512,1,/apollo/control,0,7055,1784453993601430066,0,72263408870752758,2,2407194,2407322
202607191739,e2e_trace_v3,7570,17294028383935529455,7057,control,in,83637524426240,1,/apollo/planning,268,0,1784453993601430066,147,0,0,2407194,2407309
202607191739,e2e_trace_v3,7579,17294028383935529455,7057,control,out,83637525533280,1,/apollo/control,0,7056,1784453993601430066,0,72263408870752758,2,2407194,2407309
202607191739,e2e_trace_v3,7582,17294028383935529455,7058,control,in,83637534454368,1,/apollo/planning,268,0,1784453993601430066,147,0,0,2407194,2407302
202607191739,e2e_trace_v3,7591,17294028383935529455,7058,control,out,83637535815296,1,/apollo/control,0,7057,1784453993601430066,0,72263408870752758,2,2407194,2407302
202607191739,e2e_trace_v3,7594,17294028383935529455,7059,control,in,83637542320288,1,/apollo/planning,268,0,1784453993601430066,147,0,0,2407194,2407326
202607191739,e2e_trace_v3,7603,17294028383935529455,7059,control,out,83637543676992,1,/apollo/control,0,7058,1784453993601430066,0,72263408870752758,2,2407194,2407326
202607191739,e2e_trace_v3,7606,17294028383935529455,7060,control,in,83637552322368,1,/apollo/planning,268,0,1784453993601430066,147,0,0,2407194,2407304
202607191739,e2e_trace_v3,7615,17294028383935529455,7060,control,out,83637553564672,1,/apollo/control,0,7059,1784453993601430066,0,72263408870752758,2,2407194,2407304
202607191739,e2e_trace_v3,7618,17294028383935529455,7061,control,in,83637562473440,1,/apollo/planning,268,0,1784453993601430066,147,0,0,2407194,2407306
202607191739,e2e_trace_v3,7627,17294028383935529455,7061,control,out,83637563922240,1,/apollo/control,0,7060,1784453993601430066,0,72263408870752758,2,2407194,2407306
202607191739,e2e_trace_v3,7630,17294028383935529455,7062,control,in,83637572405888,1,/apollo/planning,268,0,1784453993601430066,147,0,0,2407194,2407311
202607191739,e2e_trace_v3,7639,17294028383935529455,7062,control,out,83637573608384,1,/apollo/control,0,7061,1784453993601430066,0,72263408870752758,2,2407194,2407311
202607191739,e2e_trace_v3,7642,17294028383935529455,7063,control,in,83637582412704,1,/apollo/planning,268,0,1784453993601430066,147,0,0,2407194,2407304
202607191739,e2e_trace_v3,7651,17294028383935529455,7063,control,out,83637583363488,1,/apollo/control,0,7062,1784453993601430066,0,72263408870752758,2,2407194,2407304
202607191739,e2e_trace_v3,7654,17294028383935529455,7064,control,in,83637594499392,1,/apollo/planning,268,0,1784453993601430066,147,0,0,2407194,2407322
202607191739,e2e_trace_v3,7663,17294028383935529455,7064,control,out,83637596179072,1,/apollo/control,0,7063,1784453993601430066,0,72263408870752758,2,2407194,2407322
202607191739,e2e_trace_v3,7666,17294028383935529456,7065,control,in,83637604477344,1,/apollo/planning,269,0,1784453993711548516,147,0,0,2407194,2407329
202607191739,e2e_trace_v3,7675,17294028383935529456,7065,control,out,83637605449408,1,/apollo/control,0,7064,1784453993711548516,0,72263408870752759,2,2407194,2407329
202607191739,e2e_trace_v3,7678,17294028383935529456,7066,control,in,83637614285696,1,/apollo/planning,269,0,1784453993711548516,147,0,0,2407194,2407300
202607191739,e2e_trace_v3,7687,17294028383935529456,7066,control,out,83637615137632,1,/apollo/control,0,7065,1784453993711548516,0,72263408870752759,2,2407194,2407300
202607191739,e2e_trace_v3,7690,17294028383935529456,7067,control,in,83637624590880,1,/apollo/planning,269,0,1784453993711548516,147,0,0,2407194,2407318
202607191739,e2e_trace_v3,7699,17294028383935529456,7067,control,out,83637626167040,1,/apollo/control,0,7066,1784453993711548516,0,72263408870752759,2,2407194,2407318
202607191739,e2e_trace_v3,7702,17294028383935529456,7068,control,in,83637632449920,1,/apollo/planning,269,0,1784453993711548516,147,0,0,2407194,2407309
202607191739,e2e_trace_v3,7711,17294028383935529456,7068,control,out,83637633581920,1,/apollo/control,0,7067,1784453993711548516,0,72263408870752759,2,2407194,2407309
202607191739,e2e_trace_v3,7714,17294028383935529456,7069,control,in,83637642390912,1,/apollo/planning,269,0,1784453993711548516,147,0,0,2407194,2407302
202607191739,e2e_trace_v3,7723,17294028383935529456,7069,control,out,83637643522624,1,/apollo/control,0,7068,1784453993711548516,0,72263408870752759,2,2407194,2407302
202607191739,e2e_trace_v3,7726,17294028383935529456,7070,control,in,83637652312704,1,/apollo/planning,269,0,1784453993711548516,147,0,0,2407194,2407304
202607191739,e2e_trace_v3,7735,17294028383935529456,7070,control,out,83637653141248,1,/apollo/control,0,7069,1784453993711548516,0,72263408870752759,2,2407194,2407304
202607191739,e2e_trace_v3,7738,17294028383935529456,7071,control,in,83637664329024,1,/apollo/planning,269,0,1784453993711548516,147,0,0,2407194,2407300
202607191739,e2e_trace_v3,7747,17294028383935529456,7071,control,out,83637665139648,1,/apollo/control,0,7070,1784453993711548516,0,72263408870752759,2,2407194,2407300
202607191739,e2e_trace_v3,7750,17294028383935529456,7072,control,in,83637674364576,1,/apollo/planning,269,0,1784453993711548516,147,0,0,2407194,2407326
202607191739,e2e_trace_v3,7759,17294028383935529456,7072,control,out,83637675241248,1,/apollo/control,0,7071,1784453993711548516,0,72263408870752759,2,2407194,2407326
202607191739,e2e_trace_v3,7762,17294028383935529456,7073,control,in,83637684319008,1,/apollo/planning,269,0,1784453993711548516,147,0,0,2407194,2407318
202607191739,e2e_trace_v3,7771,17294028383935529456,7073,control,out,83637685170592,1,/apollo/control,0,7072,1784453993711548516,0,72263408870752759,2,2407194,2407318
202607191739,e2e_trace_v3,7774,17294028383935529457,7074,control,in,83637694406688,1,/apollo/planning,270,0,1784453993821775281,148,0,0,2407194,2407315
202607191739,e2e_trace_v3,7783,17294028383935529457,7074,control,out,83637695242368,1,/apollo/control,0,7073,1784453993821775281,0,72263408870752760,2,2407194,2407315
202607191739,e2e_trace_v3,7786,17294028383935529457,7075,control,in,83637716088384,1,/apollo/planning,270,0,1784453993821775281,148,0,0,2407194,2407300
202607191739,e2e_trace_v3,7795,17294028383935529457,7075,control,out,83637717607872,1,/apollo/control,0,7074,1784453993821775281,0,72263408870752760,2,2407194,2407300
202607191739,e2e_trace_v3,7798,17294028383935529457,7076,control,in,83637727692448,1,/apollo/planning,270,0,1784453993821775281,148,0,0,2407194,2407324
202607191739,e2e_trace_v3,7807,17294028383935529457,7076,control,out,83637728554112,1,/apollo/control,0,7075,1784453993821775281,0,72263408870752760,2,2407194,2407324
202607191739,e2e_trace_v3,7810,17294028383935529457,7077,control,in,83637729195040,1,/apollo/planning,270,0,1784453993821775281,148,0,0,2407194,2407306
202607191739,e2e_trace_v3,7819,17294028383935529457,7077,control,out,83637730306048,1,/apollo/control,0,7076,1784453993821775281,0,72263408870752760,2,2407194,2407306
202607191739,e2e_trace_v3,7822,17294028383935529457,7078,control,in,83637733154912,1,/apollo/planning,270,0,1784453993821775281,148,0,0,2407194,2407313
202607191739,e2e_trace_v3,7831,17294028383935529457,7078,control,out,83637734101376,1,/apollo/control,0,7077,1784453993821775281,0,72263408870752760,2,2407194,2407313
202607191739,e2e_trace_v3,7834,17294028383935529457,7079,control,in,83637743294048,1,/apollo/planning,270,0,1784453993821775281,148,0,0,2407194,2407322
202607191739,e2e_trace_v3,7843,17294028383935529457,7079,control,out,83637744519936,1,/apollo/control,0,7078,1784453993821775281,0,72263408870752760,2,2407194,2407322
202607191739,e2e_trace_v3,7846,17294028383935529457,7080,control,in,83637753248000,1,/apollo/planning,270,0,1784453993821775281,148,0,0,2407194,2407304
202607191739,e2e_trace_v3,7855,17294028383935529457,7080,control,out,83637753979232,1,/apollo/control,0,7079,1784453993821775281,0,72263408870752760,2,2407194,2407304
202607191739,e2e_trace_v3,7858,17294028383935529457,7081,control,in,83637763228352,1,/apollo/planning,270,0,1784453993821775281,148,0,0,2407194,2407309
202607191739,e2e_trace_v3,7867,17294028383935529457,7081,control,out,83637763971968,1,/apollo/control,0,7080,1784453993821775281,0,72263408870752760,2,2407194,2407309
202607191739,e2e_trace_v3,7870,17294028383935529457,7082,control,in,83637773328736,1,/apollo/planning,270,0,1784453993821775281,148,0,0,2407194,2407326
202607191739,e2e_trace_v3,7879,17294028383935529457,7082,control,out,83637774437344,1,/apollo/control,0,7081,1784453993821775281,0,72263408870752760,2,2407194,2407326
202607191739,e2e_trace_v3,7882,17294028383935529457,7083,control,in,83637783355488,1,/apollo/planning,270,0,1784453993821775281,148,0,0,2407194,2407302
202607191739,e2e_trace_v3,7891,17294028383935529457,7083,control,out,83637784418336,1,/apollo/control,0,7082,1784453993821775281,0,72263408870752760,2,2407194,2407302
202607191739,e2e_trace_v3,7894,17294028383935529458,7084,control,in,83637793458432,1,/apollo/planning,271,0,1784453993934873866,148,0,0,2407194,2407329
202607191739,e2e_trace_v3,7903,17294028383935529458,7084,control,out,83637794285792,1,/apollo/control,0,7083,1784453993934873866,0,72263408870752761,2,2407194,2407329
202607191739,e2e_trace_v3,7906,17294028383935529458,7085,control,in,83637803264064,1,/apollo/planning,271,0,1784453993934873866,148,0,0,2407194,2407318
202607191739,e2e_trace_v3,7915,17294028383935529458,7085,control,out,83637804166880,1,/apollo/control,0,7084,1784453993934873866,0,72263408870752761,2,2407194,2407318
202607191739,e2e_trace_v3,7918,17294028383935529458,7086,control,in,83637813255104,1,/apollo/planning,271,0,1784453993934873866,148,0,0,2407194,2407309
202607191739,e2e_trace_v3,7927,17294028383935529458,7086,control,out,83637814054688,1,/apollo/control,0,7085,1784453993934873866,0,72263408870752761,2,2407194,2407309
202607191739,e2e_trace_v3,7930,17294028383935529458,7087,control,in,83637823291264,1,/apollo/planning,271,0,1784453993934873866,148,0,0,2407194,2407315
202607191739,e2e_trace_v3,7939,17294028383935529458,7087,control,out,83637824407872,1,/apollo/control,0,7086,1784453993934873866,0,72263408870752761,2,2407194,2407315
202607191739,e2e_trace_v3,7942,17294028383935529458,7088,control,in,83637833184032,1,/apollo/planning,271,0,1784453993934873866,148,0,0,2407194,2407302
202607191739,e2e_trace_v3,7951,17294028383935529458,7088,control,out,83637833914432,1,/apollo/control,0,7087,1784453993934873866,0,72263408870752761,2,2407194,2407302
202607191739,e2e_trace_v3,7954,17294028383935529458,7089,control,in,83637843265312,1,/apollo/planning,271,0,1784453993934873866,148,0,0,2407194,2407300
202607191739,e2e_trace_v3,7963,17294028383935529458,7089,control,out,83637844255936,1,/apollo/control,0,7088,1784453993934873866,0,72263408870752761,2,2407194,2407300
202607191739,e2e_trace_v3,7966,17294028383935529458,7090,control,in,83637853312416,1,/apollo/planning,271,0,1784453993934873866,148,0,0,2407194,2407326
202607191739,e2e_trace_v3,7975,17294028383935529458,7090,control,out,83637854509088,1,/apollo/control,0,7089,1784453993934873866,0,72263408870752761,2,2407194,2407326
202607191739,e2e_trace_v3,7978,17294028383935529458,7091,control,in,83637863334816,1,/apollo/planning,271,0,1784453993934873866,148,0,0,2407194,2407300
202607191739,e2e_trace_v3,7987,17294028383935529458,7091,control,out,83637864247904,1,/apollo/control,0,7090,1784453993934873866,0,72263408870752761,2,2407194,2407300
202607191739,e2e_trace_v3,7990,17294028383935529458,7092,control,in,83637873243168,1,/apollo/planning,271,0,1784453993934873866,148,0,0,2407194,2407309
202607191739,e2e_trace_v3,7999,17294028383935529458,7092,control,out,83637874057632,1,/apollo/control,0,7091,1784453993934873866,0,72263408870752761,2,2407194,2407309
202607191739,e2e_trace_v3,8002,17294028383935529458,7093,control,in,83637883392960,1,/apollo/planning,271,0,1784453993934873866,148,0,0,2407194,2407313
202607191739,e2e_trace_v3,8011,17294028383935529458,7093,control,out,83637884204288,1,/apollo/control,0,7092,1784453993934873866,0,72263408870752761,2,2407194,2407313
202607191739,e2e_trace_v3,8014,17294028383935529458,7094,control,in,83637893249472,1,/apollo/planning,271,0,1784453993934873866,148,0,0,2407194,2407306
202607191739,e2e_trace_v3,8023,17294028383935529458,7094,control,out,83637894068832,1,/apollo/control,0,7093,1784453993934873866,0,72263408870752761,2,2407194,2407306
202607191739,e2e_trace_v3,8026,17294028383935529458,7095,control,in,83637903261088,1,/apollo/planning,271,0,1784453993934873866,148,0,0,2407194,2407318
202607191739,e2e_trace_v3,8035,17294028383935529458,7095,control,out,83637904073152,1,/apollo/control,0,7094,1784453993934873866,0,72263408870752761,2,2407194,2407318
202607191739,e2e_trace_v3,8038,17294028383935529459,7096,control,in,83637913593376,1,/apollo/planning,272,0,1784453994048646738,153,0,0,2407194,2407311
202607191739,e2e_trace_v3,8047,17294028383935529459,7096,control,out,83637915157952,1,/apollo/control,0,7095,1784453994048646738,0,72263408870752762,2,2407194,2407311
202607191739,e2e_trace_v3,8050,17294028383935529459,7097,control,in,83637923212736,1,/apollo/planning,272,0,1784453994048646738,153,0,0,2407194,2407313
202607191739,e2e_trace_v3,8059,17294028383935529459,7097,control,out,83637923988256,1,/apollo/control,0,7096,1784453994048646738,0,72263408870752762,2,2407194,2407313
202607191739,e2e_trace_v3,8062,17294028383935529459,7098,control,in,83637935513120,1,/apollo/planning,272,0,1784453994048646738,153,0,0,2407194,2407304
202607191739,e2e_trace_v3,8071,17294028383935529459,7098,control,out,83637936185920,1,/apollo/control,0,7097,1784453994048646738,0,72263408870752762,2,2407194,2407304
202607191739,e2e_trace_v3,8074,17294028383935529459,7099,control,in,83637943483904,1,/apollo/planning,272,0,1784453994048646738,153,0,0,2407194,2407315
202607191739,e2e_trace_v3,8083,17294028383935529459,7099,control,out,83637944156800,1,/apollo/control,0,7098,1784453994048646738,0,72263408870752762,2,2407194,2407315
202607191739,e2e_trace_v3,8086,17294028383935529459,7100,control,in,83637959636256,1,/apollo/planning,272,0,1784453994048646738,153,0,0,2407194,2407313
202607191739,e2e_trace_v3,8095,17294028383935529459,7100,control,out,83637960346080,1,/apollo/control,0,7099,1784453994048646738,0,72263408870752762,2,2407194,2407313
202607191739,e2e_trace_v3,8098,17294028383935529459,7101,control,in,83637963561344,1,/apollo/planning,272,0,1784453994048646738,153,0,0,2407194,2407304
202607191739,e2e_trace_v3,8107,17294028383935529459,7101,control,out,83637964162912,1,/apollo/control,0,7100,1784453994048646738,0,72263408870752762,2,2407194,2407304
202607191739,e2e_trace_v3,8110,17294028383935529459,7102,control,in,83637973783648,1,/apollo/planning,272,0,1784453994048646738,153,0,0,2407194,2407313
202607191739,e2e_trace_v3,8119,17294028383935529459,7102,control,out,83637974673056,1,/apollo/control,0,7101,1784453994048646738,0,72263408870752762,2,2407194,2407313
202607191739,e2e_trace_v3,8122,17294028383935529459,7103,control,in,83637983831744,1,/apollo/planning,272,0,1784453994048646738,153,0,0,2407194,2407311
202607191739,e2e_trace_v3,8131,17294028383935529459,7103,control,out,83637985331008,1,/apollo/control,0,7102,1784453994048646738,0,72263408870752762,2,2407194,2407311
202607191739,e2e_trace_v3,8134,17294028383935529459,7104,control,in,83637993810432,1,/apollo/planning,272,0,1784453994048646738,153,0,0,2407194,2407328
202607191739,e2e_trace_v3,8143,17294028383935529459,7104,control,out,83637995276352,1,/apollo/control,0,7103,1784453994048646738,0,72263408870752762,2,2407194,2407328
202607191739,e2e_trace_v3,8146,17294028383935529459,7105,control,in,83638003861216,1,/apollo/planning,272,0,1784453994048646738,153,0,0,2407194,2407322
202607191739,e2e_trace_v3,8155,17294028383935529459,7105,control,out,83638005473024,1,/apollo/control,0,7104,1784453994048646738,0,72263408870752762,2,2407194,2407322
202607191739,e2e_trace_v3,8158,17294028383935529459,7106,control,in,83638015832576,1,/apollo/planning,272,0,1784453994048646738,153,0,0,2407194,2407324
202607191739,e2e_trace_v3,8167,17294028383935529459,7106,control,out,83638017388384,1,/apollo/control,0,7105,1784453994048646738,0,72263408870752762,2,2407194,2407324
202607191739,e2e_trace_v3,8170,17294028383935529459,7107,control,in,83638023811904,1,/apollo/planning,272,0,1784453994048646738,153,0,0,2407194,2407324
202607191739,e2e_trace_v3,8179,17294028383935529459,7107,control,out,83638025331296,1,/apollo/control,0,7106,1784453994048646738,0,72263408870752762,2,2407194,2407324
202607191739,e2e_trace_v3,8182,17294028383935529459,7108,control,in,83638033727552,1,/apollo/planning,272,0,1784453994048646738,153,0,0,2407194,2407304
202607191739,e2e_trace_v3,8191,17294028383935529459,7108,control,out,83638034524928,1,/apollo/control,0,7107,1784453994048646738,0,72263408870752762,2,2407194,2407304
202607191739,e2e_trace_v3,8194,17294028383935529459,7109,control,in,83638043705568,1,/apollo/planning,272,0,1784453994048646738,153,0,0,2407194,2407329
202607191739,e2e_trace_v3,8203,17294028383935529459,7109,control,out,83638044519264,1,/apollo/control,0,7108,1784453994048646738,0,72263408870752762,2,2407194,2407329
202607191739,e2e_trace_v3,8206,17294028383935529459,7110,control,in,83638053670784,1,/apollo/planning,272,0,1784453994048646738,153,0,0,2407194,2407304
202607191739,e2e_trace_v3,8215,17294028383935529459,7110,control,out,83638054430336,1,/apollo/control,0,7109,1784453994048646738,0,72263408870752762,2,2407194,2407304
202607191739,e2e_trace_v3,8218,17294028383935529459,7111,control,in,83638063807360,1,/apollo/planning,272,0,1784453994048646738,153,0,0,2407194,2407326
202607191739,e2e_trace_v3,8227,17294028383935529459,7111,control,out,83638065184896,1,/apollo/control,0,7110,1784453994048646738,0,72263408870752762,2,2407194,2407326
202607191739,e2e_trace_v3,8230,17294028383935529459,7112,control,in,83638073669568,1,/apollo/planning,272,0,1784453994048646738,153,0,0,2407194,2407329
202607191739,e2e_trace_v3,8239,17294028383935529459,7112,control,out,83638074469792,1,/apollo/control,0,7111,1784453994048646738,0,72263408870752762,2,2407194,2407329
202607191739,e2e_trace_v3,8242,17294028383935529459,7113,control,in,83638083710336,1,/apollo/planning,272,0,1784453994048646738,153,0,0,2407194,2407328
202607191739,e2e_trace_v3,8251,17294028383935529459,7113,control,out,83638084600704,1,/apollo/control,0,7112,1784453994048646738,0,72263408870752762,2,2407194,2407328
202607191739,e2e_trace_v3,8254,17294028383935529459,7114,control,in,83638093823264,1,/apollo/planning,272,0,1784453994048646738,153,0,0,2407194,2407309
202607191739,e2e_trace_v3,8263,17294028383935529459,7114,control,out,83638095361984,1,/apollo/control,0,7113,1784453994048646738,0,72263408870752762,2,2407194,2407309
202607191739,e2e_trace_v3,8266,17294028383935529459,7115,control,in,83638105757568,1,/apollo/planning,272,0,1784453994048646738,153,0,0,2407194,2407318
202607191739,e2e_trace_v3,8275,17294028383935529459,7115,control,out,83638106653248,1,/apollo/control,0,7114,1784453994048646738,0,72263408870752762,2,2407194,2407318
202607191739,e2e_trace_v3,8278,17294028383935529459,7116,control,in,83638113746240,1,/apollo/planning,272,0,1784453994048646738,153,0,0,2407194,2407328
202607191739,e2e_trace_v3,8287,17294028383935529459,7116,control,out,83638114656928,1,/apollo/control,0,7115,1784453994048646738,0,72263408870752762,2,2407194,2407328
202607191739,e2e_trace_v3,8290,17294028383935529459,7117,control,in,83638125958016,1,/apollo/planning,272,0,1784453994048646738,153,0,0,2407194,2407315
202607191739,e2e_trace_v3,8299,17294028383935529459,7117,control,out,83638127964928,1,/apollo/control,0,7116,1784453994048646738,0,72263408870752762,2,2407194,2407315
202607191739,e2e_trace_v3,8302,17294028383935529459,7118,control,in,83638133800288,1,/apollo/planning,272,0,1784453994048646738,153,0,0,2407194,2407328
202607191739,e2e_trace_v3,8311,17294028383935529459,7118,control,out,83638134737344,1,/apollo/control,0,7117,1784453994048646738,0,72263408870752762,2,2407194,2407328
202607191739,e2e_trace_v3,8314,17294028383935529459,7119,control,in,83638143749728,1,/apollo/planning,272,0,1784453994048646738,153,0,0,2407194,2407313
202607191739,e2e_trace_v3,8323,17294028383935529459,7119,control,out,83638144768576,1,/apollo/control,0,7118,1784453994048646738,0,72263408870752762,2,2407194,2407313
202607191739,e2e_trace_v3,8326,17294028383935529459,7120,control,in,83638153805120,1,/apollo/planning,272,0,1784453994048646738,153,0,0,2407194,2407304
202607191739,e2e_trace_v3,8335,17294028383935529459,7120,control,out,83638154634816,1,/apollo/control,0,7119,1784453994048646738,0,72263408870752762,2,2407194,2407304
202607191739,e2e_trace_v3,8338,17294028383935529459,7121,control,in,83638163632864,1,/apollo/planning,272,0,1784453994048646738,153,0,0,2407194,2407302
202607191739,e2e_trace_v3,8347,17294028383935529459,7121,control,out,83638164400128,1,/apollo/control,0,7120,1784453994048646738,0,72263408870752762,2,2407194,2407302
202607191739,e2e_trace_v3,8350,17294028383935529459,7122,control,in,83638173723552,1,/apollo/planning,272,0,1784453994048646738,153,0,0,2407194,2407322
202607191739,e2e_trace_v3,8359,17294028383935529459,7122,control,out,83638174818400,1,/apollo/control,0,7121,1784453994048646738,0,72263408870752762,2,2407194,2407322
202607191739,e2e_trace_v3,8362,17294028383935529459,7123,control,in,83638183769280,1,/apollo/planning,272,0,1784453994048646738,153,0,0,2407194,2407300
202607191739,e2e_trace_v3,8371,17294028383935529459,7123,control,out,83638184952544,1,/apollo/control,0,7122,1784453994048646738,0,72263408870752762,2,2407194,2407300
202607191739,e2e_trace_v3,8374,17294028383935529459,7124,control,in,83638193822144,1,/apollo/planning,272,0,1784453994048646738,153,0,0,2407194,2407318
202607191739,e2e_trace_v3,8383,17294028383935529459,7124,control,out,83638195217600,1,/apollo/control,0,7123,1784453994048646738,0,72263408870752762,2,2407194,2407318
202607191739,e2e_trace_v3,8386,17294028383935529460,7125,control,in,83638203928736,1,/apollo/planning,273,0,1784453994158227126,152,0,0,2407194,2407306
202607191739,e2e_trace_v3,8395,17294028383935529460,7125,control,out,83638204990336,1,/apollo/control,0,7124,1784453994158227126,0,72263408870752763,2,2407194,2407306
202607191739,e2e_trace_v3,8398,17294028383935529460,7126,control,in,83638213664864,1,/apollo/planning,273,0,1784453994158227126,152,0,0,2407194,2407319
202607191739,e2e_trace_v3,8407,17294028383935529460,7126,control,out,83638214522080,1,/apollo/control,0,7125,1784453994158227126,0,72263408870752763,2,2407194,2407319
202607191739,e2e_trace_v3,8410,17294028383935529460,7127,control,in,83638223624544,1,/apollo/planning,273,0,1784453994158227126,152,0,0,2407194,2407306
202607191739,e2e_trace_v3,8419,17294028383935529460,7127,control,out,83638224514912,1,/apollo/control,0,7126,1784453994158227126,0,72263408870752763,2,2407194,2407306
202607191739,e2e_trace_v3,8422,17294028383935529460,7128,control,in,83638233633088,1,/apollo/planning,273,0,1784453994158227126,152,0,0,2407194,2407322
202607191739,e2e_trace_v3,8431,17294028383935529460,7128,control,out,83638234597824,1,/apollo/control,0,7127,1784453994158227126,0,72263408870752763,2,2407194,2407322
202607191739,e2e_trace_v3,8434,17294028383935529460,7129,control,in,83638243695648,1,/apollo/planning,273,0,1784453994158227126,152,0,0,2407194,2407300
202607191739,e2e_trace_v3,8443,17294028383935529460,7129,control,out,83638244764192,1,/apollo/control,0,7128,1784453994158227126,0,72263408870752763,2,2407194,2407300
202607191739,e2e_trace_v3,8446,17294028383935529460,7130,control,in,83638253730624,1,/apollo/planning,273,0,1784453994158227126,152,0,0,2407194,2407318
202607191739,e2e_trace_v3,8455,17294028383935529460,7130,control,out,83638255128000,1,/apollo/control,0,7129,1784453994158227126,0,72263408870752763,2,2407194,2407318
202607191739,e2e_trace_v3,8458,17294028383935529460,7131,control,in,83638263690048,1,/apollo/planning,273,0,1784453994158227126,152,0,0,2407194,2407302
202607191739,e2e_trace_v3,8467,17294028383935529460,7131,control,out,83638264464448,1,/apollo/control,0,7130,1784453994158227126,0,72263408870752763,2,2407194,2407302
202607191739,e2e_trace_v3,8470,17294028383935529460,7132,control,in,83638273802368,1,/apollo/planning,273,0,1784453994158227126,152,0,0,2407194,2407326
202607191739,e2e_trace_v3,8479,17294028383935529460,7132,control,out,83638274901728,1,/apollo/control,0,7131,1784453994158227126,0,72263408870752763,2,2407194,2407326
202607191739,e2e_trace_v3,8482,17294028383935529460,7133,control,in,83638283723328,1,/apollo/planning,273,0,1784453994158227126,152,0,0,2407194,2407304
202607191739,e2e_trace_v3,8491,17294028383935529460,7133,control,out,83638284655744,1,/apollo/control,0,7132,1784453994158227126,0,72263408870752763,2,2407194,2407304
202607191739,e2e_trace_v3,8494,17294028383935529460,7134,control,in,83638293726016,1,/apollo/planning,273,0,1784453994158227126,152,0,0,2407194,2407330
202607191739,e2e_trace_v3,8503,17294028383935529460,7134,control,out,83638294767456,1,/apollo/control,0,7133,1784453994158227126,0,72263408870752763,2,2407194,2407330
202607191739,e2e_trace_v3,8506,17294028383935529460,7135,control,in,83638303742240,1,/apollo/planning,273,0,1784453994158227126,152,0,0,2407194,2407313
202607191739,e2e_trace_v3,8515,17294028383935529460,7135,control,out,83638304737088,1,/apollo/control,0,7134,1784453994158227126,0,72263408870752763,2,2407194,2407313
202607191739,e2e_trace_v3,8518,17294028383935529461,7136,control,in,83638313824928,1,/apollo/planning,274,0,1784453994316144428,152,0,0,2407194,2407315
202607191739,e2e_trace_v3,8527,17294028383935529461,7136,control,out,83638314881824,1,/apollo/control,0,7135,1784453994316144428,0,72263408870752764,2,2407194,2407315
202607191739,e2e_trace_v3,8530,17294028383935529461,7137,control,in,83638323542784,1,/apollo/planning,274,0,1784453994316144428,152,0,0,2407194,2407326
202607191739,e2e_trace_v3,8539,17294028383935529461,7137,control,out,83638324222944,1,/apollo/control,0,7136,1784453994316144428,0,72263408870752764,2,2407194,2407326
202607191739,e2e_trace_v3,8542,17294028383935529461,7138,control,in,83638333623616,1,/apollo/planning,274,0,1784453994316144428,152,0,0,2407194,2407300
202607191739,e2e_trace_v3,8551,17294028383935529461,7138,control,out,83638334458016,1,/apollo/control,0,7137,1784453994316144428,0,72263408870752764,2,2407194,2407300
202607191739,e2e_trace_v3,8554,17294028383935529461,7139,control,in,83638343628736,1,/apollo/planning,274,0,1784453994316144428,152,0,0,2407194,2407322
202607191739,e2e_trace_v3,8563,17294028383935529461,7139,control,out,83638344527968,1,/apollo/control,0,7138,1784453994316144428,0,72263408870752764,2,2407194,2407322
202607191739,e2e_trace_v3,8566,17294028383935529461,7140,control,in,83638353651072,1,/apollo/planning,274,0,1784453994316144428,152,0,0,2407194,2407306
202607191739,e2e_trace_v3,8575,17294028383935529461,7140,control,out,83638354670464,1,/apollo/control,0,7139,1784453994316144428,0,72263408870752764,2,2407194,2407306
202607191739,e2e_trace_v3,8578,17294028383935529461,7141,control,in,83638363839104,1,/apollo/planning,274,0,1784453994316144428,152,0,0,2407194,2407300
202607191739,e2e_trace_v3,8587,17294028383935529461,7141,control,out,83638365373440,1,/apollo/control,0,7140,1784453994316144428,0,72263408870752764,2,2407194,2407300
202607191739,e2e_trace_v3,8590,17294028383935529461,7142,control,in,83638373736800,1,/apollo/planning,274,0,1784453994316144428,152,0,0,2407194,2407302
202607191739,e2e_trace_v3,8599,17294028383935529461,7142,control,out,83638374633248,1,/apollo/control,0,7141,1784453994316144428,0,72263408870752764,2,2407194,2407302
202607191739,e2e_trace_v3,8602,17294028383935529461,7143,control,in,83638383828064,1,/apollo/planning,274,0,1784453994316144428,152,0,0,2407194,2407328
202607191739,e2e_trace_v3,8611,17294028383935529461,7143,control,out,83638384898208,1,/apollo/control,0,7142,1784453994316144428,0,72263408870752764,2,2407194,2407328
202607191739,e2e_trace_v3,8614,17294028383935529461,7144,control,in,83638393863488,1,/apollo/planning,274,0,1784453994316144428,152,0,0,2407194,2407315
202607191739,e2e_trace_v3,8623,17294028383935529461,7144,control,out,83638395366272,1,/apollo/control,0,7143,1784453994316144428,0,72263408870752764,2,2407194,2407315
202607191739,e2e_trace_v3,8626,17294028383935529462,7145,control,in,83638405932864,1,/apollo/planning,275,0,1784453994437504882,152,0,0,2407194,2407324
202607191739,e2e_trace_v3,8635,17294028383935529462,7145,control,out,83638407217088,1,/apollo/control,0,7144,1784453994437504882,0,72263408870752765,2,2407194,2407324
202607191739,e2e_trace_v3,8638,17294028383935529462,7146,control,in,83638413703488,1,/apollo/planning,275,0,1784453994437504882,152,0,0,2407194,2407304
202607191739,e2e_trace_v3,8647,17294028383935529462,7146,control,out,83638415156672,1,/apollo/control,0,7145,1784453994437504882,0,72263408870752765,2,2407194,2407304
202607191739,e2e_trace_v3,8650,17294028383935529462,7147,control,in,83638423693856,1,/apollo/planning,275,0,1784453994437504882,152,0,0,2407194,2407309
202607191739,e2e_trace_v3,8659,17294028383935529462,7147,control,out,83638425028704,1,/apollo/control,0,7146,1784453994437504882,0,72263408870752765,2,2407194,2407309
202607191739,e2e_trace_v3,8662,17294028383935529462,7148,control,in,83638433652832,1,/apollo/planning,275,0,1784453994437504882,152,0,0,2407194,2407313
202607191739,e2e_trace_v3,8671,17294028383935529462,7148,control,out,83638435018912,1,/apollo/control,0,7147,1784453994437504882,0,72263408870752765,2,2407194,2407313
202607191739,e2e_trace_v3,8674,17294028383935529462,7149,control,in,83638443706400,1,/apollo/planning,275,0,1784453994437504882,152,0,0,2407194,2407328
202607191739,e2e_trace_v3,8683,17294028383935529462,7149,control,out,83638445326784,1,/apollo/control,0,7148,1784453994437504882,0,72263408870752765,2,2407194,2407328
202607191739,e2e_trace_v3,8686,17294028383935529462,7150,control,in,83638453787040,1,/apollo/planning,275,0,1784453994437504882,152,0,0,2407194,2407326
202607191739,e2e_trace_v3,8695,17294028383935529462,7150,control,out,83638455368864,1,/apollo/control,0,7149,1784453994437504882,0,72263408870752765,2,2407194,2407326
202607191739,e2e_trace_v3,8698,17294028383935529462,7151,control,in,83638465834688,1,/apollo/planning,275,0,1784453994437504882,152,0,0,2407194,2407319
202607191739,e2e_trace_v3,8707,17294028383935529462,7151,control,out,83638467470912,1,/apollo/control,0,7150,1784453994437504882,0,72263408870752765,2,2407194,2407319
202607191739,e2e_trace_v3,8710,17294028383935529462,7152,control,in,83638475739296,1,/apollo/planning,275,0,1784453994437504882,152,0,0,2407194,2407302
202607191739,e2e_trace_v3,8719,17294028383935529462,7152,control,out,83638476580224,1,/apollo/control,0,7151,1784453994437504882,0,72263408870752765,2,2407194,2407302
202607191739,e2e_trace_v3,8722,17294028383935529462,7153,control,in,83638483870688,1,/apollo/planning,275,0,1784453994437504882,152,0,0,2407194,2407315
202607191739,e2e_trace_v3,8731,17294028383935529462,7153,control,out,83638485240992,1,/apollo/control,0,7152,1784453994437504882,0,72263408870752765,2,2407194,2407315
202607191739,e2e_trace_v3,8734,17294028383935529462,7154,control,in,83638493783776,1,/apollo/planning,275,0,1784453994437504882,152,0,0,2407194,2407324
202607191739,e2e_trace_v3,8743,17294028383935529462,7154,control,out,83638494877184,1,/apollo/control,0,7153,1784453994437504882,0,72263408870752765,2,2407194,2407324
202607191739,e2e_trace_v3,8746,17294028383935529463,7155,control,in,83638503948192,1,/apollo/planning,276,0,1784453994546854706,152,0,0,2407194,2407300
202607191739,e2e_trace_v3,8755,17294028383935529463,7155,control,out,83638505458400,1,/apollo/control,0,7154,1784453994546854706,0,72263408870752766,2,2407194,2407300
202607191739,e2e_trace_v3,8758,17294028383935529463,7156,control,in,83638513849568,1,/apollo/planning,276,0,1784453994546854706,152,0,0,2407194,2407328
202607191739,e2e_trace_v3,8767,17294028383935529463,7156,control,out,83638515289984,1,/apollo/control,0,7155,1784453994546854706,0,72263408870752766,2,2407194,2407328
202607191739,e2e_trace_v3,8770,17294028383935529463,7157,control,in,83638523726784,1,/apollo/planning,276,0,1784453994546854706,152,0,0,2407194,2407309
202607191739,e2e_trace_v3,8779,17294028383935529463,7157,control,out,83638524847552,1,/apollo/control,0,7156,1784453994546854706,0,72263408870752766,2,2407194,2407309
202607191739,e2e_trace_v3,8782,17294028383935529463,7158,control,in,83638533751072,1,/apollo/planning,276,0,1784453994546854706,152,0,0,2407194,2407324
202607191739,e2e_trace_v3,8791,17294028383935529463,7158,control,out,83638534992032,1,/apollo/control,0,7157,1784453994546854706,0,72263408870752766,2,2407194,2407324
202607191739,e2e_trace_v3,8794,17294028383935529463,7159,control,in,83638543734112,1,/apollo/planning,276,0,1784453994546854706,152,0,0,2407194,2407330
202607191739,e2e_trace_v3,8803,17294028383935529463,7159,control,out,83638544943232,1,/apollo/control,0,7158,1784453994546854706,0,72263408870752766,2,2407194,2407330
202607191739,e2e_trace_v3,8806,17294028383935529463,7160,control,in,83638553711168,1,/apollo/planning,276,0,1784453994546854706,152,0,0,2407194,2407311
202607191739,e2e_trace_v3,8815,17294028383935529463,7160,control,out,83638555016864,1,/apollo/control,0,7159,1784453994546854706,0,72263408870752766,2,2407194,2407311
202607191739,e2e_trace_v3,8818,17294028383935529463,7161,control,in,83638563895936,1,/apollo/planning,276,0,1784453994546854706,152,0,0,2407194,2407304
202607191739,e2e_trace_v3,8827,17294028383935529463,7161,control,out,83638565477280,1,/apollo/control,0,7160,1784453994546854706,0,72263408870752766,2,2407194,2407304
202607191739,e2e_trace_v3,8830,17294028383935529463,7162,control,in,83638575787072,1,/apollo/planning,276,0,1784453994546854706,152,0,0,2407194,2407322
202607191739,e2e_trace_v3,8839,17294028383935529463,7162,control,out,83638577002688,1,/apollo/control,0,7161,1784453994546854706,0,72263408870752766,2,2407194,2407322
202607191739,e2e_trace_v3,8842,17294028383935529463,7163,control,in,83638583887808,1,/apollo/planning,276,0,1784453994546854706,152,0,0,2407194,2407306
202607191739,e2e_trace_v3,8851,17294028383935529463,7163,control,out,83638585422112,1,/apollo/control,0,7162,1784453994546854706,0,72263408870752766,2,2407194,2407306
202607191739,e2e_trace_v3,8854,17294028383935529463,7164,control,in,83638595888512,1,/apollo/planning,276,0,1784453994546854706,152,0,0,2407194,2407319
202607191739,e2e_trace_v3,8863,17294028383935529463,7164,control,out,83638597363680,1,/apollo/control,0,7163,1784453994546854706,0,72263408870752766,2,2407194,2407319
202607191739,e2e_trace_v3,8866,17294028383935529463,7165,control,in,83638605959072,1,/apollo/planning,276,0,1784453994546854706,152,0,0,2407194,2407300
202607191739,e2e_trace_v3,8875,17294028383935529463,7165,control,out,83638607295008,1,/apollo/control,0,7164,1784453994546854706,0,72263408870752766,2,2407194,2407300
202607191739,e2e_trace_v3,8878,17294028383935529464,7166,control,in,83638613887584,1,/apollo/planning,277,0,1784453994670867052,151,0,0,2407194,2407329
202607191739,e2e_trace_v3,8887,17294028383935529464,7166,control,out,83638615234720,1,/apollo/control,0,7165,1784453994670867052,0,72263408870752767,2,2407194,2407329
202607191739,e2e_trace_v3,8890,17294028383935529464,7167,control,in,83638623705184,1,/apollo/planning,277,0,1784453994670867052,151,0,0,2407194,2407315
202607191739,e2e_trace_v3,8899,17294028383935529464,7167,control,out,83638624740064,1,/apollo/control,0,7166,1784453994670867052,0,72263408870752767,2,2407194,2407315
202607191739,e2e_trace_v3,8902,17294028383935529464,7168,control,in,83638633615808,1,/apollo/planning,277,0,1784453994670867052,151,0,0,2407194,2407302
202607191739,e2e_trace_v3,8911,17294028383935529464,7168,control,out,83638634796864,1,/apollo/control,0,7167,1784453994670867052,0,72263408870752767,2,2407194,2407302
202607191739,e2e_trace_v3,8914,17294028383935529464,7169,control,in,83638643802400,1,/apollo/planning,277,0,1784453994670867052,151,0,0,2407194,2407311
202607191739,e2e_trace_v3,8923,17294028383935529464,7169,control,out,83638645362336,1,/apollo/control,0,7168,1784453994670867052,0,72263408870752767,2,2407194,2407311
202607191739,e2e_trace_v3,8926,17294028383935529464,7170,control,in,83638655802816,1,/apollo/planning,277,0,1784453994670867052,151,0,0,2407194,2407330
202607191739,e2e_trace_v3,8935,17294028383935529464,7170,control,out,83638657374944,1,/apollo/control,0,7169,1784453994670867052,0,72263408870752767,2,2407194,2407330
202607191739,e2e_trace_v3,8938,17294028383935529464,7171,control,in,83638665866688,1,/apollo/planning,277,0,1784453994670867052,151,0,0,2407194,2407313
202607191739,e2e_trace_v3,8947,17294028383935529464,7171,control,out,83638667576896,1,/apollo/control,0,7170,1784453994670867052,0,72263408870752767,2,2407194,2407313
202607191739,e2e_trace_v3,8950,17294028383935529464,7172,control,in,83638675855360,1,/apollo/planning,277,0,1784453994670867052,151,0,0,2407194,2407306
202607191739,e2e_trace_v3,8959,17294028383935529464,7172,control,out,83638677319264,1,/apollo/control,0,7171,1784453994670867052,0,72263408870752767,2,2407194,2407306
202607191739,e2e_trace_v3,8962,17294028383935529464,7173,control,in,83638683977504,1,/apollo/planning,277,0,1784453994670867052,151,0,0,2407194,2407309
202607191739,e2e_trace_v3,8971,17294028383935529464,7173,control,out,83638685177472,1,/apollo/control,0,7172,1784453994670867052,0,72263408870752767,2,2407194,2407309
202607191739,e2e_trace_v3,8974,17294028383935529464,7174,control,in,83638693776800,1,/apollo/planning,277,0,1784453994670867052,151,0,0,2407194,2407300
202607191739,e2e_trace_v3,8983,17294028383935529464,7174,control,out,83638694967904,1,/apollo/control,0,7173,1784453994670867052,0,72263408870752767,2,2407194,2407300
202607191739,e2e_trace_v3,8986,17294028383935529464,7175,control,in,83638703781440,1,/apollo/planning,277,0,1784453994670867052,151,0,0,2407194,2407313
202607191739,e2e_trace_v3,8995,17294028383935529464,7175,control,out,83638704753664,1,/apollo/control,0,7174,1784453994670867052,0,72263408870752767,2,2407194,2407313
202607191739,e2e_trace_v3,8998,17294028383935529465,7176,control,in,83638713881664,1,/apollo/planning,278,0,1784453994782764523,111,0,0,2407194,2407302
202607191739,e2e_trace_v3,9007,17294028383935529465,7176,control,out,83638714935680,1,/apollo/control,0,7175,1784453994782764523,0,72263408870752768,2,2407194,2407302
202607191739,e2e_trace_v3,9010,17294028383935529465,7177,control,in,83638723637984,1,/apollo/planning,278,0,1784453994782764523,111,0,0,2407194,2407328
202607191739,e2e_trace_v3,9019,17294028383935529465,7177,control,out,83638724561664,1,/apollo/control,0,7176,1784453994782764523,0,72263408870752768,2,2407194,2407328
202607191739,e2e_trace_v3,9022,17294028383935529465,7178,control,in,83638733712224,1,/apollo/planning,278,0,1784453994782764523,111,0,0,2407194,2407309
202607191739,e2e_trace_v3,9031,17294028383935529465,7178,control,out,83638734999072,1,/apollo/control,0,7177,1784453994782764523,0,72263408870752768,2,2407194,2407309
202607191739,e2e_trace_v3,9034,17294028383935529465,7179,control,in,83638743620832,1,/apollo/planning,278,0,1784453994782764523,111,0,0,2407194,2407328
202607191739,e2e_trace_v3,9043,17294028383935529465,7179,control,out,83638744578112,1,/apollo/control,0,7178,1784453994782764523,0,72263408870752768,2,2407194,2407328
202607191739,e2e_trace_v3,9046,17294028383935529465,7180,control,in,83638753637664,1,/apollo/planning,278,0,1784453994782764523,111,0,0,2407194,2407306
202607191739,e2e_trace_v3,9055,17294028383935529465,7180,control,out,83638754779296,1,/apollo/control,0,7179,1784453994782764523,0,72263408870752768,2,2407194,2407306
202607191739,e2e_trace_v3,9058,17294028383935529465,7181,control,in,83638763800992,1,/apollo/planning,278,0,1784453994782764523,111,0,0,2407194,2407324
202607191739,e2e_trace_v3,9067,17294028383935529465,7181,control,out,83638765387616,1,/apollo/control,0,7180,1784453994782764523,0,72263408870752768,2,2407194,2407324
202607191739,e2e_trace_v3,9070,17294028383935529465,7182,control,in,83638775886240,1,/apollo/planning,278,0,1784453994782764523,111,0,0,2407194,2407329
202607191739,e2e_trace_v3,9079,17294028383935529465,7182,control,out,83638777302176,1,/apollo/control,0,7181,1784453994782764523,0,72263408870752768,2,2407194,2407329
202607191739,e2e_trace_v3,9082,17294028383935529465,7183,control,in,83638783948320,1,/apollo/planning,278,0,1784453994782764523,111,0,0,2407194,2407304
202607191739,e2e_trace_v3,9091,17294028383935529465,7183,control,out,83638785399456,1,/apollo/control,0,7182,1784453994782764523,0,72263408870752768,2,2407194,2407304
202607191739,e2e_trace_v3,9094,17294028383935529465,7184,control,in,83638794019296,1,/apollo/planning,278,0,1784453994782764523,111,0,0,2407194,2407326
202607191739,e2e_trace_v3,9103,17294028383935529465,7184,control,out,83638795407392,1,/apollo/control,0,7183,1784453994782764523,0,72263408870752768,2,2407194,2407326
202607191739,e2e_trace_v3,9106,17294028383935529465,7185,control,in,83638805859616,1,/apollo/planning,278,0,1784453994782764523,111,0,0,2407194,2407309
202607191739,e2e_trace_v3,9115,17294028383935529465,7185,control,out,83638807251456,1,/apollo/control,0,7184,1784453994782764523,0,72263408870752768,2,2407194,2407309
202607191739,e2e_trace_v3,9118,17294028383935529465,7186,control,in,83638813795936,1,/apollo/planning,278,0,1784453994782764523,111,0,0,2407194,2407304
202607191739,e2e_trace_v3,9127,17294028383935529465,7186,control,out,83638814822368,1,/apollo/control,0,7185,1784453994782764523,0,72263408870752768,2,2407194,2407304
202607191739,e2e_trace_v3,9130,17294028383935529466,7187,control,in,83638823904544,1,/apollo/planning,279,0,1784453994891572934,117,0,0,2407194,2407306
202607191739,e2e_trace_v3,9139,17294028383935529466,7187,control,out,83638824998464,1,/apollo/control,0,7186,1784453994891572934,0,72263408870752769,2,2407194,2407306
202607191739,e2e_trace_v3,9142,17294028383935529466,7188,control,in,83638833609664,1,/apollo/planning,279,0,1784453994891572934,117,0,0,2407194,2407311
202607191739,e2e_trace_v3,9151,17294028383935529466,7188,control,out,83638834566656,1,/apollo/control,0,7187,1784453994891572934,0,72263408870752769,2,2407194,2407311
202607191739,e2e_trace_v3,9154,17294028383935529466,7189,control,in,83638843626848,1,/apollo/planning,279,0,1784453994891572934,117,0,0,2407194,2407315
202607191739,e2e_trace_v3,9163,17294028383935529466,7189,control,out,83638844393344,1,/apollo/control,0,7188,1784453994891572934,0,72263408870752769,2,2407194,2407315
202607191739,e2e_trace_v3,9166,17294028383935529466,7190,control,in,83638853614400,1,/apollo/planning,279,0,1784453994891572934,117,0,0,2407194,2407329
202607191739,e2e_trace_v3,9175,17294028383935529466,7190,control,out,83638854482432,1,/apollo/control,0,7189,1784453994891572934,0,72263408870752769,2,2407194,2407329
202607191739,e2e_trace_v3,9178,17294028383935529466,7191,control,in,83638863778272,1,/apollo/planning,279,0,1784453994891572934,117,0,0,2407194,2407313
202607191739,e2e_trace_v3,9187,17294028383935529466,7191,control,out,83638865119680,1,/apollo/control,0,7190,1784453994891572934,0,72263408870752769,2,2407194,2407313
202607191739,e2e_trace_v3,9190,17294028383935529466,7192,control,in,83638873677888,1,/apollo/planning,279,0,1784453994891572934,117,0,0,2407194,2407302
202607191739,e2e_trace_v3,9199,17294028383935529466,7192,control,out,83638874422624,1,/apollo/control,0,7191,1784453994891572934,0,72263408870752769,2,2407194,2407302
202607191739,e2e_trace_v3,9202,17294028383935529466,7193,control,in,83638883659360,1,/apollo/planning,279,0,1784453994891572934,117,0,0,2407194,2407319
202607191739,e2e_trace_v3,9211,17294028383935529466,7193,control,out,83638884432416,1,/apollo/control,0,7192,1784453994891572934,0,72263408870752769,2,2407194,2407319
202607191739,e2e_trace_v3,9214,17294028383935529466,7194,control,in,83638893750880,1,/apollo/planning,279,0,1784453994891572934,117,0,0,2407194,2407318
202607191739,e2e_trace_v3,9223,17294028383935529466,7194,control,out,83638894574464,1,/apollo/control,0,7193,1784453994891572934,0,72263408870752769,2,2407194,2407318
202607191739,e2e_trace_v3,9226,17294028383935529466,7195,control,in,83638903674016,1,/apollo/planning,279,0,1784453994891572934,117,0,0,2407194,2407315
202607191739,e2e_trace_v3,9235,17294028383935529466,7195,control,out,83638904463328,1,/apollo/control,0,7194,1784453994891572934,0,72263408870752769,2,2407194,2407315
202607191739,e2e_trace_v3,9238,17294028383935529467,7196,control,in,83638913900960,1,/apollo/planning,280,0,1784453995000335019,123,0,0,2407194,2407304
202607191739,e2e_trace_v3,9247,17294028383935529467,7196,control,out,83638914785824,1,/apollo/control,0,7195,1784453995000335019,0,72263408870752770,2,2407194,2407304
202607191739,e2e_trace_v3,9250,17294028383935529467,7197,control,in,83638923607808,1,/apollo/planning,280,0,1784453995000335019,123,0,0,2407194,2407324
202607191739,e2e_trace_v3,9259,17294028383935529467,7197,control,out,83638924331776,1,/apollo/control,0,7196,1784453995000335019,0,72263408870752770,2,2407194,2407324
202607191739,e2e_trace_v3,9262,17294028383935529467,7198,control,in,83638933560352,1,/apollo/planning,280,0,1784453995000335019,123,0,0,2407194,2407313
202607191739,e2e_trace_v3,9271,17294028383935529467,7198,control,out,83638934395648,1,/apollo/control,0,7197,1784453995000335019,0,72263408870752770,2,2407194,2407313
202607191739,e2e_trace_v3,9274,17294028383935529467,7199,control,in,83638943625504,1,/apollo/planning,280,0,1784453995000335019,123,0,0,2407194,2407309
202607191739,e2e_trace_v3,9283,17294028383935529467,7199,control,out,83638944365600,1,/apollo/control,0,7198,1784453995000335019,0,72263408870752770,2,2407194,2407309
202607191739,e2e_trace_v3,9286,17294028383935529467,7200,control,in,83638953547936,1,/apollo/planning,280,0,1784453995000335019,123,0,0,2407194,2407302
202607191739,e2e_trace_v3,9295,17294028383935529467,7200,control,out,83638954268352,1,/apollo/control,0,7199,1784453995000335019,0,72263408870752770,2,2407194,2407302
202607191739,e2e_trace_v3,9298,17294028383935529467,7201,control,in,83638963665184,1,/apollo/planning,280,0,1784453995000335019,123,0,0,2407194,2407318
202607191739,e2e_trace_v3,9307,17294028383935529467,7201,control,out,83638964418080,1,/apollo/control,0,7200,1784453995000335019,0,72263408870752770,2,2407194,2407318
202607191739,e2e_trace_v3,9310,17294028383935529467,7202,control,in,83638973804864,1,/apollo/planning,280,0,1784453995000335019,123,0,0,2407194,2407319
202607191739,e2e_trace_v3,9319,17294028383935529467,7202,control,out,83638974601120,1,/apollo/control,0,7201,1784453995000335019,0,72263408870752770,2,2407194,2407319
202607191739,e2e_trace_v3,9322,17294028383935529467,7203,control,in,83638983757888,1,/apollo/planning,280,0,1784453995000335019,123,0,0,2407194,2407311
202607191739,e2e_trace_v3,9331,17294028383935529467,7203,control,out,83638984584224,1,/apollo/control,0,7202,1784453995000335019,0,72263408870752770,2,2407194,2407311
202607191739,e2e_trace_v3,9334,17294028383935529468,7204,control,in,83638993804064,1,/apollo/planning,281,0,1784453995111837401,126,0,0,2407194,2407315
202607191739,e2e_trace_v3,9343,17294028383935529468,7204,control,out,83638994597344,1,/apollo/control,0,7203,1784453995111837401,0,72263408870752771,2,2407194,2407315
202607191739,e2e_trace_v3,9346,17294028383935529468,7205,control,in,83639003642944,1,/apollo/planning,281,0,1784453995111837401,126,0,0,2407194,2407330
202607191739,e2e_trace_v3,9355,17294028383935529468,7205,control,out,83639004375520,1,/apollo/control,0,7204,1784453995111837401,0,72263408870752771,2,2407194,2407330
202607191739,e2e_trace_v3,9358,17294028383935529468,7206,control,in,83639013536384,1,/apollo/planning,281,0,1784453995111837401,126,0,0,2407194,2407324
202607191739,e2e_trace_v3,9367,17294028383935529468,7206,control,out,83639014339968,1,/apollo/control,0,7205,1784453995111837401,0,72263408870752771,2,2407194,2407324
202607191739,e2e_trace_v3,9370,17294028383935529468,7207,control,in,83639023714944,1,/apollo/planning,281,0,1784453995111837401,126,0,0,2407194,2407309
202607191739,e2e_trace_v3,9379,17294028383935529468,7207,control,out,83639024535584,1,/apollo/control,0,7206,1784453995111837401,0,72263408870752771,2,2407194,2407309
202607191739,e2e_trace_v3,9382,17294028383935529468,7208,control,in,83639033723008,1,/apollo/planning,281,0,1784453995111837401,126,0,0,2407194,2407318
202607191739,e2e_trace_v3,9391,17294028383935529468,7208,control,out,83639034513248,1,/apollo/control,0,7207,1784453995111837401,0,72263408870752771,2,2407194,2407318
202607191739,e2e_trace_v3,9394,17294028383935529468,7209,control,in,83639043664608,1,/apollo/planning,281,0,1784453995111837401,126,0,0,2407194,2407319
202607191739,e2e_trace_v3,9403,17294028383935529468,7209,control,out,83639044444192,1,/apollo/control,0,7208,1784453995111837401,0,72263408870752771,2,2407194,2407319
202607191739,e2e_trace_v3,9406,17294028383935529468,7210,control,in,83639053685952,1,/apollo/planning,281,0,1784453995111837401,126,0,0,2407194,2407306
202607191739,e2e_trace_v3,9415,17294028383935529468,7210,control,out,83639054536480,1,/apollo/control,0,7209,1784453995111837401,0,72263408870752771,2,2407194,2407306
202607191739,e2e_trace_v3,9418,17294028383935529468,7211,control,in,83639063693152,1,/apollo/planning,281,0,1784453995111837401,126,0,0,2407194,2407328
202607191739,e2e_trace_v3,9427,17294028383935529468,7211,control,out,83639064594752,1,/apollo/control,0,7210,1784453995111837401,0,72263408870752771,2,2407194,2407328
202607191739,e2e_trace_v3,9430,17294028383935529468,7212,control,in,83639073669760,1,/apollo/planning,281,0,1784453995111837401,126,0,0,2407194,2407326
202607191739,e2e_trace_v3,9439,17294028383935529468,7212,control,out,83639074493632,1,/apollo/control,0,7211,1784453995111837401,0,72263408870752771,2,2407194,2407326
202607191739,e2e_trace_v3,9442,17294028383935529469,7213,control,in,83639083749792,1,/apollo/planning,282,0,1784453995222037314,131,0,0,2407194,2407315
202607191739,e2e_trace_v3,9451,17294028383935529469,7213,control,out,83639084568000,1,/apollo/control,0,7212,1784453995222037314,0,72263408870752772,2,2407194,2407315
202607191739,e2e_trace_v3,9454,17294028383935529469,7214,control,in,83639093642624,1,/apollo/planning,282,0,1784453995222037314,131,0,0,2407194,2407330
202607191739,e2e_trace_v3,9463,17294028383935529469,7214,control,out,83639094519296,1,/apollo/control,0,7213,1784453995222037314,0,72263408870752772,2,2407194,2407330
202607191739,e2e_trace_v3,9466,17294028383935529469,7215,control,in,83639103614880,1,/apollo/planning,282,0,1784453995222037314,131,0,0,2407194,2407315
202607191739,e2e_trace_v3,9475,17294028383935529469,7215,control,out,83639104359456,1,/apollo/control,0,7214,1784453995222037314,0,72263408870752772,2,2407194,2407315
202607191739,e2e_trace_v3,9478,17294028383935529469,7216,control,in,83639113630080,1,/apollo/planning,282,0,1784453995222037314,131,0,0,2407194,2407329
202607191739,e2e_trace_v3,9487,17294028383935529469,7216,control,out,83639114429888,1,/apollo/control,0,7215,1784453995222037314,0,72263408870752772,2,2407194,2407329
202607191739,e2e_trace_v3,9490,17294028383935529469,7217,control,in,83639123639584,1,/apollo/planning,282,0,1784453995222037314,131,0,0,2407194,2407319
202607191739,e2e_trace_v3,9499,17294028383935529469,7217,control,out,83639124528672,1,/apollo/control,0,7216,1784453995222037314,0,72263408870752772,2,2407194,2407319
202607191739,e2e_trace_v3,9502,17294028383935529469,7218,control,in,83639133798240,1,/apollo/planning,282,0,1784453995222037314,131,0,0,2407194,2407302
202607191739,e2e_trace_v3,9511,17294028383935529469,7218,control,out,83639134831168,1,/apollo/control,0,7217,1784453995222037314,0,72263408870752772,2,2407194,2407302
202607191739,e2e_trace_v3,9514,17294028383935529469,7219,control,in,83639143676992,1,/apollo/planning,282,0,1784453995222037314,131,0,0,2407194,2407326
202607191739,e2e_trace_v3,9523,17294028383935529469,7219,control,out,83639144741344,1,/apollo/control,0,7218,1784453995222037314,0,72263408870752772,2,2407194,2407326
202607191739,e2e_trace_v3,9526,17294028383935529469,7220,control,in,83639153747264,1,/apollo/planning,282,0,1784453995222037314,131,0,0,2407194,2407322
202607191739,e2e_trace_v3,9535,17294028383935529469,7220,control,out,83639155032352,1,/apollo/control,0,7219,1784453995222037314,0,72263408870752772,2,2407194,2407322
202607191739,e2e_trace_v3,9538,17294028383935529469,7221,control,in,83639163668864,1,/apollo/planning,282,0,1784453995222037314,131,0,0,2407194,2407309
202607191739,e2e_trace_v3,9547,17294028383935529469,7221,control,out,83639164653440,1,/apollo/control,0,7220,1784453995222037314,0,72263408870752772,2,2407194,2407309
202607191739,e2e_trace_v3,9550,17294028383935529469,7222,control,in,83639173856480,1,/apollo/planning,282,0,1784453995222037314,131,0,0,2407194,2407306
202607191739,e2e_trace_v3,9559,17294028383935529469,7222,control,out,83639175527072,1,/apollo/control,0,7221,1784453995222037314,0,72263408870752772,2,2407194,2407306
202607191739,e2e_trace_v3,9562,17294028383935529470,7223,control,in,83639185918528,1,/apollo/planning,283,0,1784453995332563689,136,0,0,2407194,2407309
202607191739,e2e_trace_v3,9571,17294028383935529470,7223,control,out,83639186792864,1,/apollo/control,0,7222,1784453995332563689,0,72263408870752773,1,2407194,2407309
202607191739,e2e_trace_v3,9574,17294028383935529470,7224,control,in,83639193635424,1,/apollo/planning,283,0,1784453995332563689,136,0,0,2407194,2407322
202607191739,e2e_trace_v3,9583,17294028383935529470,7224,control,out,83639194653888,1,/apollo/control,0,7223,1784453995332563689,0,72263408870752773,1,2407194,2407322
202607191739,e2e_trace_v3,9586,17294028383935529470,7225,control,in,83639203665568,1,/apollo/planning,283,0,1784453995332563689,136,0,0,2407194,2407318
202607191739,e2e_trace_v3,9595,17294028383935529470,7225,control,out,83639204762688,1,/apollo/control,0,7224,1784453995332563689,0,72263408870752773,1,2407194,2407318
202607191739,e2e_trace_v3,9598,17294028383935529470,7226,control,in,83639213726016,1,/apollo/planning,283,0,1784453995332563689,136,0,0,2407194,2407302
202607191739,e2e_trace_v3,9607,17294028383935529470,7226,control,out,83639214807936,1,/apollo/control,0,7225,1784453995332563689,0,72263408870752773,1,2407194,2407302
202607191739,e2e_trace_v3,9610,17294028383935529470,7227,control,in,83639223746656,1,/apollo/planning,283,0,1784453995332563689,136,0,0,2407194,2407322
202607191739,e2e_trace_v3,9619,17294028383935529470,7227,control,out,83639224812416,1,/apollo/control,0,7226,1784453995332563689,0,72263408870752773,1,2407194,2407322
202607191739,e2e_trace_v3,9622,17294028383935529470,7228,control,in,83639233733280,1,/apollo/planning,283,0,1784453995332563689,136,0,0,2407194,2407318
202607191739,e2e_trace_v3,9631,17294028383935529470,7228,control,out,83639234752000,1,/apollo/control,0,7227,1784453995332563689,0,72263408870752773,1,2407194,2407318
202607191739,e2e_trace_v3,9634,17294028383935529470,7229,control,in,83639243655296,1,/apollo/planning,283,0,1784453995332563689,136,0,0,2407194,2407302
202607191739,e2e_trace_v3,9643,17294028383935529470,7229,control,out,83639244688864,1,/apollo/control,0,7228,1784453995332563689,0,72263408870752773,1,2407194,2407302
202607191739,e2e_trace_v3,9646,17294028383935529470,7230,control,in,83639253740736,1,/apollo/planning,283,0,1784453995332563689,136,0,0,2407194,2407329
202607191739,e2e_trace_v3,9655,17294028383935529470,7230,control,out,83639254982048,1,/apollo/control,0,7229,1784453995332563689,0,72263408870752773,1,2407194,2407329
202607191739,e2e_trace_v3,9658,17294028383935529470,7231,control,in,83639263697056,1,/apollo/planning,283,0,1784453995332563689,136,0,0,2407194,2407302
202607191739,e2e_trace_v3,9667,17294028383935529470,7231,control,out,83639264924384,1,/apollo/control,0,7230,1784453995332563689,0,72263408870752773,1,2407194,2407302
202607191739,e2e_trace_v3,9670,17294028383935529470,7232,control,in,83639273782016,1,/apollo/planning,283,0,1784453995332563689,136,0,0,2407194,2407318
202607191739,e2e_trace_v3,9679,17294028383935529470,7232,control,out,83639275224960,1,/apollo/control,0,7231,1784453995332563689,0,72263408870752773,1,2407194,2407318
202607191739,e2e_trace_v3,9682,17294028383935529470,7233,control,in,83639283699904,1,/apollo/planning,283,0,1784453995332563689,136,0,0,2407194,2407309
202607191739,e2e_trace_v3,9691,17294028383935529470,7233,control,out,83639284873824,1,/apollo/control,0,7232,1784453995332563689,0,72263408870752773,1,2407194,2407309
202607191739,e2e_trace_v3,9694,17294028383935529470,7234,control,in,83639293770912,1,/apollo/planning,283,0,1784453995332563689,136,0,0,2407194,2407311
202607191739,e2e_trace_v3,9703,17294028383935529470,7234,control,out,83639295283968,1,/apollo/control,0,7233,1784453995332563689,0,72263408870752773,1,2407194,2407311
202607191739,e2e_trace_v3,9706,17294028383935529470,7235,control,in,83639303818240,1,/apollo/planning,283,0,1784453995332563689,136,0,0,2407194,2407304
202607191739,e2e_trace_v3,9715,17294028383935529470,7235,control,out,83639305261088,1,/apollo/control,0,7234,1784453995332563689,0,72263408870752773,1,2407194,2407304
202607191739,e2e_trace_v3,9718,17294028383935529470,7236,control,in,83639313756736,1,/apollo/planning,283,0,1784453995332563689,136,0,0,2407194,2407306
202607191739,e2e_trace_v3,9727,17294028383935529470,7236,control,out,83639315307616,1,/apollo/control,0,7235,1784453995332563689,0,72263408870752773,1,2407194,2407306
202607191739,e2e_trace_v3,9730,17294028383935529470,7237,control,in,83639323739712,1,/apollo/planning,283,0,1784453995332563689,136,0,0,2407194,2407326
202607191739,e2e_trace_v3,9739,17294028383935529470,7237,control,out,83639325240224,1,/apollo/control,0,7236,1784453995332563689,0,72263408870752773,1,2407194,2407326
202607191739,e2e_trace_v3,9742,17294028383935529470,7238,control,in,83639333775232,1,/apollo/planning,283,0,1784453995332563689,136,0,0,2407194,2407302
202607191739,e2e_trace_v3,9751,17294028383935529470,7238,control,out,83639335451104,1,/apollo/control,0,7237,1784453995332563689,0,72263408870752773,1,2407194,2407302
202607191739,e2e_trace_v3,9754,17294028383935529470,7239,control,in,83639345950208,1,/apollo/planning,283,0,1784453995332563689,136,0,0,2407194,2407300
202607191739,e2e_trace_v3,9763,17294028383935529470,7239,control,out,83639347491872,1,/apollo/control,0,7238,1784453995332563689,0,72263408870752773,1,2407194,2407300
202607191739,e2e_trace_v3,9766,17294028383935529470,7240,control,in,83639353746112,1,/apollo/planning,283,0,1784453995332563689,136,0,0,2407194,2407330
202607191739,e2e_trace_v3,9775,17294028383935529470,7240,control,out,83639355323360,1,/apollo/control,0,7239,1784453995332563689,0,72263408870752773,1,2407194,2407330
202607191739,e2e_trace_v3,9778,17294028383935529470,7241,control,in,83639363796256,1,/apollo/planning,283,0,1784453995332563689,136,0,0,2407194,2407324
202607191739,e2e_trace_v3,9787,17294028383935529470,7241,control,out,83639365434784,1,/apollo/control,0,7240,1784453995332563689,0,72263408870752773,1,2407194,2407324
202607191739,e2e_trace_v3,9790,17294028383935529470,7242,control,in,83639375849088,1,/apollo/planning,283,0,1784453995332563689,136,0,0,2407194,2407311
202607191739,e2e_trace_v3,9799,17294028383935529470,7242,control,out,83639377376096,1,/apollo/control,0,7241,1784453995332563689,0,72263408870752773,1,2407194,2407311
202607191739,e2e_trace_v3,9802,17294028383935529470,7243,control,in,83639383862176,1,/apollo/planning,283,0,1784453995332563689,136,0,0,2407194,2407311
202607191739,e2e_trace_v3,9811,17294028383935529470,7243,control,out,83639385432992,1,/apollo/control,0,7242,1784453995332563689,0,72263408870752773,1,2407194,2407311
202607191739,e2e_trace_v3,9814,17294028383935529470,7244,control,in,83639393937120,1,/apollo/planning,283,0,1784453995332563689,136,0,0,2407194,2407311
202607191739,e2e_trace_v3,9823,17294028383935529470,7244,control,out,83639395626720,1,/apollo/control,0,7243,1784453995332563689,0,72263408870752773,1,2407194,2407311
202607191739,e2e_trace_v3,9826,17294028383935529471,7245,control,in,83639405969248,1,/apollo/planning,284,0,1784453995444445608,136,0,0,2407194,2407302
202607191739,e2e_trace_v3,9835,17294028383935529471,7245,control,out,83639407559040,1,/apollo/control,0,7244,1784453995444445608,0,72263408870752774,2,2407194,2407302
202607191739,e2e_trace_v3,9838,17294028383935529471,7246,control,in,83639415597024,1,/apollo/planning,284,0,1784453995444445608,136,0,0,2407194,2407330
202607191739,e2e_trace_v3,9847,17294028383935529471,7246,control,out,83639416251680,1,/apollo/control,0,7245,1784453995444445608,0,72263408870752774,2,2407194,2407330
202607191739,e2e_trace_v3,9850,17294028383935529471,7247,control,in,83639423662624,1,/apollo/planning,284,0,1784453995444445608,136,0,0,2407194,2407326
202607191739,e2e_trace_v3,9859,17294028383935529471,7247,control,out,83639424551872,1,/apollo/control,0,7246,1784453995444445608,0,72263408870752774,2,2407194,2407326
202607191739,e2e_trace_v3,9862,17294028383935529471,7248,control,in,83639433613216,1,/apollo/planning,284,0,1784453995444445608,136,0,0,2407194,2407324
202607191739,e2e_trace_v3,9871,17294028383935529471,7248,control,out,83639434491616,1,/apollo/control,0,7247,1784453995444445608,0,72263408870752774,2,2407194,2407324
202607191739,e2e_trace_v3,9874,17294028383935529471,7249,control,in,83639443702304,1,/apollo/planning,284,0,1784453995444445608,136,0,0,2407194,2407300
202607191739,e2e_trace_v3,9883,17294028383935529471,7249,control,out,83639444610784,1,/apollo/control,0,7248,1784453995444445608,0,72263408870752774,2,2407194,2407300
202607191739,e2e_trace_v3,9886,17294028383935529471,7250,control,in,83639453850176,1,/apollo/planning,284,0,1784453995444445608,136,0,0,2407194,2407309
202607191739,e2e_trace_v3,9895,17294028383935529471,7250,control,out,83639455379168,1,/apollo/control,0,7249,1784453995444445608,0,72263408870752774,2,2407194,2407309
202607191739,e2e_trace_v3,9898,17294028383935529471,7251,control,in,83639465925472,1,/apollo/planning,284,0,1784453995444445608,136,0,0,2407194,2407318
202607191739,e2e_trace_v3,9907,17294028383935529471,7251,control,out,83639467498080,1,/apollo/control,0,7250,1784453995444445608,0,72263408870752774,2,2407194,2407318
202607191739,e2e_trace_v3,9910,17294028383935529471,7252,control,in,83639475757056,1,/apollo/planning,284,0,1784453995444445608,136,0,0,2407194,2407313
202607191739,e2e_trace_v3,9919,17294028383935529471,7252,control,out,83639477008512,1,/apollo/control,0,7251,1784453995444445608,0,72263408870752774,2,2407194,2407313
202607191739,e2e_trace_v3,9922,17294028383935529471,7253,control,in,83639483762336,1,/apollo/planning,284,0,1784453995444445608,136,0,0,2407194,2407304
202607191739,e2e_trace_v3,9931,17294028383935529471,7253,control,out,83639484975168,1,/apollo/control,0,7252,1784453995444445608,0,72263408870752774,2,2407194,2407304
202607191739,e2e_trace_v3,9934,17294028383935529471,7254,control,in,83639493742368,1,/apollo/planning,284,0,1784453995444445608,136,0,0,2407194,2407306
202607191739,e2e_trace_v3,9943,17294028383935529471,7254,control,out,83639494944352,1,/apollo/control,0,7253,1784453995444445608,0,72263408870752774,2,2407194,2407306
202607191739,e2e_trace_v3,9946,17294028383935529471,7255,control,in,83639503789056,1,/apollo/planning,284,0,1784453995444445608,136,0,0,2407194,2407318
202607191739,e2e_trace_v3,9955,17294028383935529471,7255,control,out,83639505200032,1,/apollo/control,0,7254,1784453995444445608,0,72263408870752774,2,2407194,2407318
202607191739,e2e_trace_v3,9958,17294028383935529471,7256,control,in,83639513733824,1,/apollo/planning,284,0,1784453995444445608,136,0,0,2407194,2407311
202607191739,e2e_trace_v3,9967,17294028383935529471,7256,control,out,83639514867840,1,/apollo/control,0,7255,1784453995444445608,0,72263408870752774,2,2407194,2407311
202607191739,e2e_trace_v3,9970,17294028383935529471,7257,control,in,83639523812576,1,/apollo/planning,284,0,1784453995444445608,136,0,0,2407194,2407329
202607191739,e2e_trace_v3,9979,17294028383935529471,7257,control,out,83639525220000,1,/apollo/control,0,7256,1784453995444445608,0,72263408870752774,2,2407194,2407329
202607191739,e2e_trace_v3,9982,17294028383935529472,7258,control,in,83639533745280,1,/apollo/planning,285,0,1784453995555383668,136,0,0,2407194,2407300
202607191739,e2e_trace_v3,9991,17294028383935529472,7258,control,out,83639534731488,1,/apollo/control,0,7257,1784453995555383668,0,72263408870752775,2,2407194,2407300
202607191739,e2e_trace_v3,9994,17294028383935529472,7259,control,in,83639543587808,1,/apollo/planning,285,0,1784453995555383668,136,0,0,2407194,2407330
202607191739,e2e_trace_v3,10003,17294028383935529472,7259,control,out,83639544628832,1,/apollo/control,0,7258,1784453995555383668,0,72263408870752775,2,2407194,2407330
202607191739,e2e_trace_v3,10006,17294028383935529472,7260,control,in,83639553660128,1,/apollo/planning,285,0,1784453995555383668,136,0,0,2407194,2407304
202607191739,e2e_trace_v3,10015,17294028383935529472,7260,control,out,83639554856864,1,/apollo/control,0,7259,1784453995555383668,0,72263408870752775,2,2407194,2407304
202607191739,e2e_trace_v3,10018,17294028383935529472,7261,control,in,83639563731680,1,/apollo/planning,285,0,1784453995555383668,136,0,0,2407194,2407309
202607191739,e2e_trace_v3,10027,17294028383935529472,7261,control,out,83639564955488,1,/apollo/control,0,7260,1784453995555383668,0,72263408870752775,2,2407194,2407309
202607191739,e2e_trace_v3,10030,17294028383935529472,7262,control,in,83639573792576,1,/apollo/planning,285,0,1784453995555383668,136,0,0,2407194,2407300
202607191739,e2e_trace_v3,10039,17294028383935529472,7262,control,out,83639575340288,1,/apollo/control,0,7261,1784453995555383668,0,72263408870752775,2,2407194,2407300
202607191739,e2e_trace_v3,10042,17294028383935529472,7263,control,in,83639585806688,1,/apollo/planning,285,0,1784453995555383668,136,0,0,2407194,2407324
202607191739,e2e_trace_v3,10051,17294028383935529472,7263,control,out,83639587507136,1,/apollo/control,0,7262,1784453995555383668,0,72263408870752775,2,2407194,2407324
202607191739,e2e_trace_v3,10054,17294028383935529472,7264,control,in,83639595904064,1,/apollo/planning,285,0,1784453995555383668,136,0,0,2407194,2407315
202607191739,e2e_trace_v3,10063,17294028383935529472,7264,control,out,83639597462240,1,/apollo/control,0,7263,1784453995555383668,0,72263408870752775,2,2407194,2407315
202607191739,e2e_trace_v3,10066,17294028383935529472,7265,control,in,83639609040576,1,/apollo/planning,285,0,1784453995555383668,136,0,0,2407194,2407306
202607191739,e2e_trace_v3,10075,17294028383935529472,7265,control,out,83639610510592,1,/apollo/control,0,7264,1784453995555383668,0,72263408870752775,2,2407194,2407306
202607191739,e2e_trace_v3,10078,17294028383935529472,7266,control,in,83639614708960,1,/apollo/planning,285,0,1784453995555383668,136,0,0,2407194,2407313
202607191739,e2e_trace_v3,10087,17294028383935529472,7266,control,out,83639616098336,1,/apollo/control,0,7265,1784453995555383668,0,72263408870752775,2,2407194,2407313
202607191739,e2e_trace_v3,10090,17294028383935529473,7267,control,in,83639622898944,1,/apollo/planning,286,0,1784453995676578011,136,0,0,2407194,2407319
202607191739,e2e_trace_v3,10099,17294028383935529473,7267,control,out,83639624238752,1,/apollo/control,0,7266,1784453995676578011,0,72263408870752776,2,2407194,2407319
202607191739,e2e_trace_v3,10102,17294028383935529473,7268,control,in,83639632660960,1,/apollo/planning,286,0,1784453995676578011,136,0,0,2407194,2407302
202607191739,e2e_trace_v3,10111,17294028383935529473,7268,control,out,83639633734400,1,/apollo/control,0,7267,1784453995676578011,0,72263408870752776,2,2407194,2407302
202607191739,e2e_trace_v3,10114,17294028383935529473,7269,control,in,83639644619872,1,/apollo/planning,286,0,1784453995676578011,136,0,0,2407194,2407300
202607191739,e2e_trace_v3,10123,17294028383935529473,7269,control,out,83639645750080,1,/apollo/control,0,7268,1784453995676578011,0,72263408870752776,2,2407194,2407300
202607191739,e2e_trace_v3,10126,17294028383935529473,7270,control,in,83639652655232,1,/apollo/planning,286,0,1784453995676578011,136,0,0,2407194,2407304
202607191739,e2e_trace_v3,10135,17294028383935529473,7270,control,out,83639653789536,1,/apollo/control,0,7269,1784453995676578011,0,72263408870752776,2,2407194,2407304
202607191739,e2e_trace_v3,10138,17294028383935529473,7271,control,in,83639664623936,1,/apollo/planning,286,0,1784453995676578011,136,0,0,2407194,2407324
202607191739,e2e_trace_v3,10147,17294028383935529473,7271,control,out,83639665593024,1,/apollo/control,0,7270,1784453995676578011,0,72263408870752776,2,2407194,2407324
202607191739,e2e_trace_v3,10150,17294028383935529473,7272,control,in,83639674742560,1,/apollo/planning,286,0,1784453995676578011,136,0,0,2407194,2407319
202607191739,e2e_trace_v3,10159,17294028383935529473,7272,control,out,83639676203584,1,/apollo/control,0,7271,1784453995676578011,0,72263408870752776,2,2407194,2407319
202607191739,e2e_trace_v3,10162,17294028383935529473,7273,control,in,83639682756544,1,/apollo/planning,286,0,1784453995676578011,136,0,0,2407194,2407326
202607191739,e2e_trace_v3,10171,17294028383935529473,7273,control,out,83639684308672,1,/apollo/control,0,7272,1784453995676578011,0,72263408870752776,2,2407194,2407326
202607191739,e2e_trace_v3,10174,17294028383935529473,7274,control,in,83639695032736,1,/apollo/planning,286,0,1784453995676578011,136,0,0,2407194,2407311
202607191739,e2e_trace_v3,10183,17294028383935529473,7274,control,out,83639696814656,1,/apollo/control,0,7273,1784453995676578011,0,72263408870752776,2,2407194,2407311
202607191739,e2e_trace_v3,10186,17294028383935529473,7275,control,in,83639704673728,1,/apollo/planning,286,0,1784453995676578011,136,0,0,2407194,2407324
202607191739,e2e_trace_v3,10195,17294028383935529473,7275,control,out,83639705607296,1,/apollo/control,0,7274,1784453995676578011,0,72263408870752776,2,2407194,2407324
202607191739,e2e_trace_v3,10198,17294028383935529473,7276,control,in,83639714878400,1,/apollo/planning,286,0,1784453995676578011,136,0,0,2407194,2407328
202607191739,e2e_trace_v3,10207,17294028383935529473,7276,control,out,83639716189376,1,/apollo/control,0,7275,1784453995676578011,0,72263408870752776,2,2407194,2407328
202607191739,e2e_trace_v3,10210,17294028383935529473,7277,control,in,83639722657888,1,/apollo/planning,286,0,1784453995676578011,136,0,0,2407194,2407318
202607191739,e2e_trace_v3,10219,17294028383935529473,7277,control,out,83639723660480,1,/apollo/control,0,7276,1784453995676578011,0,72263408870752776,2,2407194,2407318
202607191739,e2e_trace_v3,10222,17294028383935529474,7278,control,in,83639734859872,1,/apollo/planning,287,0,1784453995788564737,141,0,0,2407194,2407329
202607191739,e2e_trace_v3,10231,17294028383935529474,7278,control,out,83639736107776,1,/apollo/control,0,7277,1784453995788564737,0,72263408870752777,2,2407194,2407329
202607191739,e2e_trace_v3,10234,17294028383935529474,7279,control,in,83639742552032,1,/apollo/planning,287,0,1784453995788564737,141,0,0,2407194,2407319
202607191739,e2e_trace_v3,10243,17294028383935529474,7279,control,out,83639743633696,1,/apollo/control,0,7278,1784453995788564737,0,72263408870752777,2,2407194,2407319
202607191739,e2e_trace_v3,10246,17294028383935529474,7280,control,in,83639754650528,1,/apollo/planning,287,0,1784453995788564737,141,0,0,2407194,2407304
202607191739,e2e_trace_v3,10255,17294028383935529474,7280,control,out,83639755808832,1,/apollo/control,0,7279,1784453995788564737,0,72263408870752777,2,2407194,2407304
202607191739,e2e_trace_v3,10258,17294028383935529474,7281,control,in,83639764573568,1,/apollo/planning,287,0,1784453995788564737,141,0,0,2407194,2407324
202607191739,e2e_trace_v3,10267,17294028383935529474,7281,control,out,83639765505248,1,/apollo/control,0,7280,1784453995788564737,0,72263408870752777,2,2407194,2407324
202607191739,e2e_trace_v3,10270,17294028383935529474,7282,control,in,83639774784800,1,/apollo/planning,287,0,1784453995788564737,141,0,0,2407194,2407311
202607191739,e2e_trace_v3,10279,17294028383935529474,7282,control,out,83639776467808,1,/apollo/control,0,7281,1784453995788564737,0,72263408870752777,2,2407194,2407311
202607191739,e2e_trace_v3,10282,17294028383935529474,7283,control,in,83639784725184,1,/apollo/planning,287,0,1784453995788564737,141,0,0,2407194,2407322
202607191739,e2e_trace_v3,10291,17294028383935529474,7283,control,out,83639786296736,1,/apollo/control,0,7282,1784453995788564737,0,72263408870752777,2,2407194,2407322
202607191739,e2e_trace_v3,10294,17294028383935529474,7284,control,in,83639794776576,1,/apollo/planning,287,0,1784453995788564737,141,0,0,2407194,2407302
202607191739,e2e_trace_v3,10303,17294028383935529474,7284,control,out,83639796361792,1,/apollo/control,0,7283,1784453995788564737,0,72263408870752777,2,2407194,2407302
202607191739,e2e_trace_v3,10306,17294028383935529474,7285,control,in,83639804769728,1,/apollo/planning,287,0,1784453995788564737,141,0,0,2407194,2407318
202607191739,e2e_trace_v3,10315,17294028383935529474,7285,control,out,83639806417472,1,/apollo/control,0,7284,1784453995788564737,0,72263408870752777,2,2407194,2407318
202607191739,e2e_trace_v3,10318,17294028383935529475,7286,control,in,83639814966016,1,/apollo/planning,288,0,1784453995898781099,139,0,0,2407194,2407324
202607191739,e2e_trace_v3,10327,17294028383935529475,7286,control,out,83639815949760,1,/apollo/control,0,7285,1784453995898781099,0,72263408870752778,2,2407194,2407324
202607191739,e2e_trace_v3,10330,17294028383935529475,7287,control,in,83639822637664,1,/apollo/planning,288,0,1784453995898781099,139,0,0,2407194,2407319
202607191739,e2e_trace_v3,10339,17294028383935529475,7287,control,out,83639823632768,1,/apollo/control,0,7286,1784453995898781099,0,72263408870752778,2,2407194,2407319
202607191739,e2e_trace_v3,10342,17294028383935529475,7288,control,in,83639834777408,1,/apollo/planning,288,0,1784453995898781099,139,0,0,2407194,2407315
202607191739,e2e_trace_v3,10351,17294028383935529475,7288,control,out,83639836244288,1,/apollo/control,0,7287,1784453995898781099,0,72263408870752778,2,2407194,2407315
202607191739,e2e_trace_v3,10354,17294028383935529475,7289,control,in,83639842674752,1,/apollo/planning,288,0,1784453995898781099,139,0,0,2407194,2407329
202607191739,e2e_trace_v3,10363,17294028383935529475,7289,control,out,83639844075744,1,/apollo/control,0,7288,1784453995898781099,0,72263408870752778,2,2407194,2407329
202607191739,e2e_trace_v3,10366,17294028383935529475,7290,control,in,83639852778176,1,/apollo/planning,288,0,1784453995898781099,139,0,0,2407194,2407326
202607191739,e2e_trace_v3,10375,17294028383935529475,7290,control,out,83639854183744,1,/apollo/control,0,7289,1784453995898781099,0,72263408870752778,2,2407194,2407326
202607191739,e2e_trace_v3,10378,17294028383935529475,7291,control,in,83639862687392,1,/apollo/planning,288,0,1784453995898781099,139,0,0,2407194,2407304
202607191739,e2e_trace_v3,10387,17294028383935529475,7291,control,out,83639864158752,1,/apollo/control,0,7290,1784453995898781099,0,72263408870752778,2,2407194,2407304
202607191739,e2e_trace_v3,10390,17294028383935529475,7292,control,in,83639872694848,1,/apollo/planning,288,0,1784453995898781099,139,0,0,2407194,2407302
202607191739,e2e_trace_v3,10399,17294028383935529475,7292,control,out,83639873973760,1,/apollo/control,0,7291,1784453995898781099,0,72263408870752778,2,2407194,2407302
202607191739,e2e_trace_v3,10402,17294028383935529475,7293,control,in,83639882596096,1,/apollo/planning,288,0,1784453995898781099,139,0,0,2407194,2407328
202607191739,e2e_trace_v3,10411,17294028383935529475,7293,control,out,83639883369600,1,/apollo/control,0,7292,1784453995898781099,0,72263408870752778,2,2407194,2407328
202607191739,e2e_trace_v3,10414,17294028383935529475,7294,control,in,83639894804896,1,/apollo/planning,288,0,1784453995898781099,139,0,0,2407194,2407309
202607191739,e2e_trace_v3,10423,17294028383935529475,7294,control,out,83639895989088,1,/apollo/control,0,7293,1784453995898781099,0,72263408870752778,2,2407194,2407309
202607191739,e2e_trace_v3,10426,17294028383935529475,7295,control,in,83639902991616,1,/apollo/planning,288,0,1784453995898781099,139,0,0,2407194,2407318
202607191739,e2e_trace_v3,10435,17294028383935529475,7295,control,out,83639904551328,1,/apollo/control,0,7294,1784453995898781099,0,72263408870752778,2,2407194,2407318
202607191739,e2e_trace_v3,10438,17294028383935529476,7296,control,in,83639914751968,1,/apollo/planning,289,0,1784453996006977318,139,0,0,2407194,2407328
202607191739,e2e_trace_v3,10447,17294028383935529476,7296,control,out,83639915867840,1,/apollo/control,0,7295,1784453996006977318,0,72263408870752779,2,2407194,2407328
202607191739,e2e_trace_v3,10450,17294028383935529476,7297,control,in,83639922655104,1,/apollo/planning,289,0,1784453996006977318,139,0,0,2407194,2407319
202607191739,e2e_trace_v3,10459,17294028383935529476,7297,control,out,83639923457472,1,/apollo/control,0,7296,1784453996006977318,0,72263408870752779,2,2407194,2407319
202607191739,e2e_trace_v3,10462,17294028383935529476,7298,control,in,83639934643360,1,/apollo/planning,289,0,1784453996006977318,139,0,0,2407194,2407313
202607191739,e2e_trace_v3,10471,17294028383935529476,7298,control,out,83639935468800,1,/apollo/control,0,7297,1784453996006977318,0,72263408870752779,2,2407194,2407313
202607191739,e2e_trace_v3,10474,17294028383935529476,7299,control,in,83639944599520,1,/apollo/planning,289,0,1784453996006977318,139,0,0,2407194,2407328
202607191739,e2e_trace_v3,10483,17294028383935529476,7299,control,out,83639945442208,1,/apollo/control,0,7298,1784453996006977318,0,72263408870752779,2,2407194,2407328
202607191739,e2e_trace_v3,10486,17294028383935529476,7300,control,in,83639954712736,1,/apollo/planning,289,0,1784453996006977318,139,0,0,2407194,2407300
202607191739,e2e_trace_v3,10495,17294028383935529476,7300,control,out,83639955799584,1,/apollo/control,0,7299,1784453996006977318,0,72263408870752779,2,2407194,2407300
202607191739,e2e_trace_v3,10498,17294028383935529476,7301,control,in,83639962615328,1,/apollo/planning,289,0,1784453996006977318,139,0,0,2407194,2407324
202607191739,e2e_trace_v3,10507,17294028383935529476,7301,control,out,83639963506208,1,/apollo/control,0,7300,1784453996006977318,0,72263408870752779,2,2407194,2407324
202607191739,e2e_trace_v3,10510,17294028383935529476,7302,control,in,83639974692032,1,/apollo/planning,289,0,1784453996006977318,139,0,0,2407194,2407304
202607191739,e2e_trace_v3,10519,17294028383935529476,7302,control,out,83639975653856,1,/apollo/control,0,7301,1784453996006977318,0,72263408870752779,2,2407194,2407304
202607191739,e2e_trace_v3,10522,17294028383935529476,7303,control,in,83639984690240,1,/apollo/planning,289,0,1784453996006977318,139,0,0,2407194,2407309
202607191739,e2e_trace_v3,10531,17294028383935529476,7303,control,out,83639985763168,1,/apollo/control,0,7302,1784453996006977318,0,72263408870752779,2,2407194,2407309
202607191739,e2e_trace_v3,10534,17294028383935529476,7304,control,in,83639994636704,1,/apollo/planning,289,0,1784453996006977318,139,0,0,2407194,2407322
202607191739,e2e_trace_v3,10543,17294028383935529476,7304,control,out,83639995458976,1,/apollo/control,0,7303,1784453996006977318,0,72263408870752779,2,2407194,2407322
202607191739,e2e_trace_v3,10546,17294028383935529476,7305,control,in,83640004548992,1,/apollo/planning,289,0,1784453996006977318,139,0,0,2407194,2407319
202607191739,e2e_trace_v3,10555,17294028383935529476,7305,control,out,83640005370176,1,/apollo/control,0,7304,1784453996006977318,0,72263408870752779,2,2407194,2407319
202607191739,e2e_trace_v3,10558,17294028383935529476,7306,control,in,83640014582176,1,/apollo/planning,289,0,1784453996006977318,139,0,0,2407194,2407302
202607191739,e2e_trace_v3,10567,17294028383935529476,7306,control,out,83640015430624,1,/apollo/control,0,7305,1784453996006977318,0,72263408870752779,2,2407194,2407302
202607191739,e2e_trace_v3,10570,17294028383935529476,7307,control,in,83640024690496,1,/apollo/planning,289,0,1784453996006977318,139,0,0,2407194,2407318
202607191739,e2e_trace_v3,10579,17294028383935529476,7307,control,out,83640025797760,1,/apollo/control,0,7306,1784453996006977318,0,72263408870752779,2,2407194,2407318
202607191739,e2e_trace_v3,10582,17294028383935529476,7308,control,in,83640034670080,1,/apollo/planning,289,0,1784453996006977318,139,0,0,2407194,2407322
202607191739,e2e_trace_v3,10591,17294028383935529476,7308,control,out,83640035652960,1,/apollo/control,0,7307,1784453996006977318,0,72263408870752779,2,2407194,2407322
202607191739,e2e_trace_v3,10594,17294028383935529476,7309,control,in,83640047410656,1,/apollo/planning,289,0,1784453996006977318,139,0,0,2407194,2407309
202607191739,e2e_trace_v3,10603,17294028383935529476,7309,control,out,83640048582304,1,/apollo/control,0,7308,1784453996006977318,0,72263408870752779,2,2407194,2407309
202607191739,e2e_trace_v3,10606,17294028383935529476,7310,control,in,83640053371232,1,/apollo/planning,289,0,1784453996006977318,139,0,0,2407194,2407330
202607191739,e2e_trace_v3,10615,17294028383935529476,7310,control,out,83640054528832,1,/apollo/control,0,7309,1784453996006977318,0,72263408870752779,2,2407194,2407330
202607191739,e2e_trace_v3,10618,17294028383935529476,7311,control,in,83640063436640,1,/apollo/planning,289,0,1784453996006977318,139,0,0,2407194,2407302
202607191739,e2e_trace_v3,10627,17294028383935529476,7311,control,out,83640064321504,1,/apollo/control,0,7310,1784453996006977318,0,72263408870752779,2,2407194,2407302
202607191739,e2e_trace_v3,10630,17294028383935529476,7312,control,in,83640073316160,1,/apollo/planning,289,0,1784453996006977318,139,0,0,2407194,2407329
202607191739,e2e_trace_v3,10639,17294028383935529476,7312,control,out,83640074206592,1,/apollo/control,0,7311,1784453996006977318,0,72263408870752779,2,2407194,2407329
202607191739,e2e_trace_v3,10642,17294028383935529476,7313,control,in,83640083249568,1,/apollo/planning,289,0,1784453996006977318,139,0,0,2407194,2407315
202607191739,e2e_trace_v3,10651,17294028383935529476,7313,control,out,83640084111840,1,/apollo/control,0,7312,1784453996006977318,0,72263408870752779,2,2407194,2407315
202607191739,e2e_trace_v3,10654,17294028383935529476,7314,control,in,83640093343200,1,/apollo/planning,289,0,1784453996006977318,139,0,0,2407194,2407300
202607191739,e2e_trace_v3,10663,17294028383935529476,7314,control,out,83640094296512,1,/apollo/control,0,7313,1784453996006977318,0,72263408870752779,2,2407194,2407300
202607191739,e2e_trace_v3,10666,17294028383935529476,7315,control,in,83640103425600,1,/apollo/planning,289,0,1784453996006977318,139,0,0,2407194,2407302
202607191739,e2e_trace_v3,10675,17294028383935529476,7315,control,out,83640104261248,1,/apollo/control,0,7314,1784453996006977318,0,72263408870752779,2,2407194,2407302
202607191739,e2e_trace_v3,10678,17294028383935529476,7316,control,in,83640115838624,1,/apollo/planning,289,0,1784453996006977318,139,0,0,2407194,2407322
202607191739,e2e_trace_v3,10687,17294028383935529476,7316,control,out,83640116864608,1,/apollo/control,0,7315,1784453996006977318,0,72263408870752779,2,2407194,2407322
202607191739,e2e_trace_v3,10690,17294028383935529476,7317,control,in,83640123905888,1,/apollo/planning,289,0,1784453996006977318,139,0,0,2407194,2407330
202607191739,e2e_trace_v3,10699,17294028383935529476,7317,control,out,83640124779840,1,/apollo/control,0,7316,1784453996006977318,0,72263408870752779,2,2407194,2407330
202607191739,e2e_trace_v3,10702,17294028383935529477,7318,control,in,83640134009984,1,/apollo/planning,290,0,1784453996117124927,139,0,0,2407194,2407302
202607191739,e2e_trace_v3,10711,17294028383935529477,7318,control,out,83640134966464,1,/apollo/control,0,7317,1784453996117124927,0,72263408870752780,2,2407194,2407302
202607191739,e2e_trace_v3,10714,17294028383935529477,7319,control,in,83640143806304,1,/apollo/planning,290,0,1784453996117124927,139,0,0,2407194,2407328
202607191739,e2e_trace_v3,10723,17294028383935529477,7319,control,out,83640144603360,1,/apollo/control,0,7318,1784453996117124927,0,72263408870752780,2,2407194,2407328
202607191739,e2e_trace_v3,10726,17294028383935529477,7320,control,in,83640153880064,1,/apollo/planning,290,0,1784453996117124927,139,0,0,2407194,2407322
202607191739,e2e_trace_v3,10735,17294028383935529477,7320,control,out,83640155043392,1,/apollo/control,0,7319,1784453996117124927,0,72263408870752780,2,2407194,2407322
202607191739,e2e_trace_v3,10738,17294028383935529477,7321,control,in,83640163860352,1,/apollo/planning,290,0,1784453996117124927,139,0,0,2407194,2407300
202607191739,e2e_trace_v3,10747,17294028383935529477,7321,control,out,83640164848672,1,/apollo/control,0,7320,1784453996117124927,0,72263408870752780,2,2407194,2407300
202607191739,e2e_trace_v3,10750,17294028383935529477,7322,control,in,83640173774592,1,/apollo/planning,290,0,1784453996117124927,139,0,0,2407194,2407326
202607191739,e2e_trace_v3,10759,17294028383935529477,7322,control,out,83640174654880,1,/apollo/control,0,7321,1784453996117124927,0,72263408870752780,2,2407194,2407326
202607191739,e2e_trace_v3,10762,17294028383935529477,7323,control,in,83640183835200,1,/apollo/planning,290,0,1784453996117124927,139,0,0,2407194,2407315
202607191739,e2e_trace_v3,10771,17294028383935529477,7323,control,out,83640184884320,1,/apollo/control,0,7322,1784453996117124927,0,72263408870752780,2,2407194,2407315
202607191739,e2e_trace_v3,10774,17294028383935529477,7324,control,in,83640193890208,1,/apollo/planning,290,0,1784453996117124927,139,0,0,2407194,2407306
202607191739,e2e_trace_v3,10783,17294028383935529477,7324,control,out,83640195009056,1,/apollo/control,0,7323,1784453996117124927,0,72263408870752780,2,2407194,2407306
202607191739,e2e_trace_v3,10786,17294028383935529477,7325,control,in,83640203832608,1,/apollo/planning,290,0,1784453996117124927,139,0,0,2407194,2407330
202607191739,e2e_trace_v3,10795,17294028383935529477,7325,control,out,83640204731264,1,/apollo/control,0,7324,1784453996117124927,0,72263408870752780,2,2407194,2407330
202607191739,e2e_trace_v3,10798,17294028383935529478,7326,control,in,83640213963904,1,/apollo/planning,291,0,1784453996228096914,139,0,0,2407194,2407313
202607191739,e2e_trace_v3,10807,17294028383935529478,7326,control,out,83640215107136,1,/apollo/control,0,7325,1784453996228096914,0,72263408870752781,2,2407194,2407313
202607191739,e2e_trace_v3,10810,17294028383935529478,7327,control,in,83640223766848,1,/apollo/planning,291,0,1784453996228096914,139,0,0,2407194,2407311
202607191739,e2e_trace_v3,10819,17294028383935529478,7327,control,out,83640224672736,1,/apollo/control,0,7326,1784453996228096914,0,72263408870752781,2,2407194,2407311
202607191739,e2e_trace_v3,10822,17294028383935529478,7328,control,in,83640234064480,1,/apollo/planning,291,0,1784453996228096914,139,0,0,2407194,2407324
202607191739,e2e_trace_v3,10831,17294028383935529478,7328,control,out,83640236186560,1,/apollo/control,0,7327,1784453996228096914,0,72263408870752781,2,2407194,2407324
202607191739,e2e_trace_v3,10834,17294028383935529478,7329,control,in,83640243834560,1,/apollo/planning,291,0,1784453996228096914,139,0,0,2407194,2407330
202607191739,e2e_trace_v3,10843,17294028383935529478,7329,control,out,83640244879776,1,/apollo/control,0,7328,1784453996228096914,0,72263408870752781,2,2407194,2407330
202607191739,e2e_trace_v3,10846,17294028383935529478,7330,control,in,83640253925920,1,/apollo/planning,291,0,1784453996228096914,139,0,0,2407194,2407302
202607191739,e2e_trace_v3,10855,17294028383935529478,7330,control,out,83640254994560,1,/apollo/control,0,7329,1784453996228096914,0,72263408870752781,2,2407194,2407302
202607191739,e2e_trace_v3,10858,17294028383935529478,7331,control,in,83640263867136,1,/apollo/planning,291,0,1784453996228096914,139,0,0,2407194,2407319
202607191739,e2e_trace_v3,10867,17294028383935529478,7331,control,out,83640264900000,1,/apollo/control,0,7330,1784453996228096914,0,72263408870752781,2,2407194,2407319
202607191739,e2e_trace_v3,10870,17294028383935529478,7332,control,in,83640273871264,1,/apollo/planning,291,0,1784453996228096914,139,0,0,2407194,2407326
202607191739,e2e_trace_v3,10879,17294028383935529478,7332,control,out,83640274962528,1,/apollo/control,0,7331,1784453996228096914,0,72263408870752781,2,2407194,2407326
202607191739,e2e_trace_v3,10882,17294028383935529478,7333,control,in,83640283853984,1,/apollo/planning,291,0,1784453996228096914,139,0,0,2407194,2407311
202607191739,e2e_trace_v3,10891,17294028383935529478,7333,control,out,83640284881344,1,/apollo/control,0,7332,1784453996228096914,0,72263408870752781,2,2407194,2407311
202607191739,e2e_trace_v3,10894,17294028383935529478,7334,control,in,83640293778464,1,/apollo/planning,291,0,1784453996228096914,139,0,0,2407194,2407313
202607191739,e2e_trace_v3,10903,17294028383935529478,7334,control,out,83640294827776,1,/apollo/control,0,7333,1784453996228096914,0,72263408870752781,2,2407194,2407313
202607191739,e2e_trace_v3,10906,17294028383935529478,7335,control,in,83640303811744,1,/apollo/planning,291,0,1784453996228096914,139,0,0,2407194,2407319
202607191739,e2e_trace_v3,10915,17294028383935529478,7335,control,out,83640304982560,1,/apollo/control,0,7334,1784453996228096914,0,72263408870752781,2,2407194,2407319
202607191739,e2e_trace_v3,10918,17294028383935529478,7336,control,in,83640313863680,1,/apollo/planning,291,0,1784453996228096914,139,0,0,2407194,2407328
202607191739,e2e_trace_v3,10927,17294028383935529478,7336,control,out,83640314829696,1,/apollo/control,0,7335,1784453996228096914,0,72263408870752781,2,2407194,2407328
202607191739,e2e_trace_v3,10930,17294028383935529478,7337,control,in,83640323834336,1,/apollo/planning,291,0,1784453996228096914,139,0,0,2407194,2407311
202607191739,e2e_trace_v3,10939,17294028383935529478,7337,control,out,83640324946880,1,/apollo/control,0,7336,1784453996228096914,0,72263408870752781,2,2407194,2407311
202607191739,e2e_trace_v3,10942,17294028383935529478,7338,control,in,83640333811008,1,/apollo/planning,291,0,1784453996228096914,139,0,0,2407194,2407328
202607191739,e2e_trace_v3,10951,17294028383935529478,7338,control,out,83640334700032,1,/apollo/control,0,7337,1784453996228096914,0,72263408870752781,2,2407194,2407328
202607191739,e2e_trace_v3,10954,17294028383935529478,7339,control,in,83640343843264,1,/apollo/planning,291,0,1784453996228096914,139,0,0,2407194,2407324
202607191739,e2e_trace_v3,10963,17294028383935529478,7339,control,out,83640344798176,1,/apollo/control,0,7338,1784453996228096914,0,72263408870752781,2,2407194,2407324
202607191739,e2e_trace_v3,10966,17294028383935529478,7340,control,in,83640353909856,1,/apollo/planning,291,0,1784453996228096914,139,0,0,2407194,2407329
202607191739,e2e_trace_v3,10975,17294028383935529478,7340,control,out,83640355526976,1,/apollo/control,0,7339,1784453996228096914,0,72263408870752781,2,2407194,2407329
202607191739,e2e_trace_v3,10978,17294028383935529478,7341,control,in,83640365809984,1,/apollo/planning,291,0,1784453996228096914,139,0,0,2407194,2407328
202607191739,e2e_trace_v3,10987,17294028383935529478,7341,control,out,83640366894848,1,/apollo/control,0,7340,1784453996228096914,0,72263408870752781,2,2407194,2407328
202607191739,e2e_trace_v3,10990,17294028383935529478,7342,control,in,83640373921120,1,/apollo/planning,291,0,1784453996228096914,139,0,0,2407194,2407322
202607191739,e2e_trace_v3,10999,17294028383935529478,7342,control,out,83640375129952,1,/apollo/control,0,7341,1784453996228096914,0,72263408870752781,2,2407194,2407322
202607191739,e2e_trace_v3,11002,17294028383935529478,7343,control,in,83640383930176,1,/apollo/planning,291,0,1784453996228096914,139,0,0,2407194,2407329
202607191739,e2e_trace_v3,11011,17294028383935529478,7343,control,out,83640385540512,1,/apollo/control,0,7342,1784453996228096914,0,72263408870752781,2,2407194,2407329
202607191739,e2e_trace_v3,11014,17294028383935529478,7344,control,in,83640393942720,1,/apollo/planning,291,0,1784453996228096914,139,0,0,2407194,2407319
202607191739,e2e_trace_v3,11023,17294028383935529478,7344,control,out,83640395092032,1,/apollo/control,0,7343,1784453996228096914,0,72263408870752781,2,2407194,2407319
202607191739,e2e_trace_v3,11026,17294028383935529478,7345,control,in,83640403774976,1,/apollo/planning,291,0,1784453996228096914,139,0,0,2407194,2407324
202607191739,e2e_trace_v3,11035,17294028383935529478,7345,control,out,83640404667104,1,/apollo/control,0,7344,1784453996228096914,0,72263408870752781,2,2407194,2407324
202607191739,e2e_trace_v3,11038,17294028383935529478,7346,control,in,83640413844736,1,/apollo/planning,291,0,1784453996228096914,139,0,0,2407194,2407311
202607191739,e2e_trace_v3,11047,17294028383935529478,7346,control,out,83640415000288,1,/apollo/control,0,7345,1784453996228096914,0,72263408870752781,2,2407194,2407311
202607191739,e2e_trace_v3,11050,17294028383935529478,7347,control,in,83640423812448,1,/apollo/planning,291,0,1784453996228096914,139,0,0,2407194,2407324
202607191739,e2e_trace_v3,11059,17294028383935529478,7347,control,out,83640424588480,1,/apollo/control,0,7346,1784453996228096914,0,72263408870752781,2,2407194,2407324
202607191739,e2e_trace_v3,11062,17294028383935529478,7348,control,in,83640433946688,1,/apollo/planning,291,0,1784453996228096914,139,0,0,2407194,2407300
202607191739,e2e_trace_v3,11071,17294028383935529478,7348,control,out,83640435646720,1,/apollo/control,0,7347,1784453996228096914,0,72263408870752781,2,2407194,2407300
202607191739,e2e_trace_v3,11074,17294028383935529478,7349,control,in,83640445901760,1,/apollo/planning,291,0,1784453996228096914,139,0,0,2407194,2407302
202607191739,e2e_trace_v3,11083,17294028383935529478,7349,control,out,83640447450528,1,/apollo/control,0,7348,1784453996228096914,0,72263408870752781,2,2407194,2407302
202607191739,e2e_trace_v3,11086,17294028383935529479,7350,control,in,83640456039680,1,/apollo/planning,292,0,1784453996340257390,138,0,0,2407194,2407322
202607191739,e2e_trace_v3,11095,17294028383935529479,7350,control,out,83640457180096,1,/apollo/control,0,7349,1784453996340257390,0,72263408870752782,2,2407194,2407322
202607191739,e2e_trace_v3,11098,17294028383935529479,7351,control,in,83640463840064,1,/apollo/planning,292,0,1784453996340257390,138,0,0,2407194,2407315
202607191739,e2e_trace_v3,11107,17294028383935529479,7351,control,out,83640465166368,1,/apollo/control,0,7350,1784453996340257390,0,72263408870752782,2,2407194,2407315
202607191739,e2e_trace_v3,11110,17294028383935529479,7352,control,in,83640473795232,1,/apollo/planning,292,0,1784453996340257390,138,0,0,2407194,2407306
202607191739,e2e_trace_v3,11119,17294028383935529479,7352,control,out,83640474715136,1,/apollo/control,0,7351,1784453996340257390,0,72263408870752782,2,2407194,2407306
202607191739,e2e_trace_v3,11122,17294028383935529479,7353,control,in,83640483904896,1,/apollo/planning,292,0,1784453996340257390,138,0,0,2407194,2407322
202607191739,e2e_trace_v3,11131,17294028383935529479,7353,control,out,83640485389664,1,/apollo/control,0,7352,1784453996340257390,0,72263408870752782,2,2407194,2407322
202607191739,e2e_trace_v3,11134,17294028383935529479,7354,control,in,83640493791936,1,/apollo/planning,292,0,1784453996340257390,138,0,0,2407194,2407306
202607191739,e2e_trace_v3,11143,17294028383935529479,7354,control,out,83640494723872,1,/apollo/control,0,7353,1784453996340257390,0,72263408870752782,2,2407194,2407306
202607191739,e2e_trace_v3,11146,17294028383935529479,7355,control,in,83640504090112,1,/apollo/planning,292,0,1784453996340257390,138,0,0,2407194,2407311
202607191739,e2e_trace_v3,11155,17294028383935529479,7355,control,out,83640505476128,1,/apollo/control,0,7354,1784453996340257390,0,72263408870752782,2,2407194,2407311
202607191739,e2e_trace_v3,11158,17294028383935529479,7356,control,in,83640511902848,1,/apollo/planning,292,0,1784453996340257390,138,0,0,2407194,2407304
202607191739,e2e_trace_v3,11167,17294028383935529479,7356,control,out,83640513091712,1,/apollo/control,0,7355,1784453996340257390,0,72263408870752782,2,2407194,2407304
202607191739,e2e_trace_v3,11170,17294028383935529479,7357,control,in,83640523957696,1,/apollo/planning,292,0,1784453996340257390,138,0,0,2407194,2407318
202607191739,e2e_trace_v3,11179,17294028383935529479,7357,control,out,83640525677728,1,/apollo/control,0,7356,1784453996340257390,0,72263408870752782,2,2407194,2407318
202607191739,e2e_trace_v3,11182,17294028383935529479,7358,control,in,83640535828192,1,/apollo/planning,292,0,1784453996340257390,138,0,0,2407194,2407306
202607191739,e2e_trace_v3,11191,17294028383935529479,7358,control,out,83640536672992,1,/apollo/control,0,7357,1784453996340257390,0,72263408870752782,2,2407194,2407306
202607191739,e2e_trace_v3,11194,17294028383935529479,7359,control,in,83640543989504,1,/apollo/planning,292,0,1784453996340257390,138,0,0,2407194,2407309
202607191739,e2e_trace_v3,11203,17294028383935529479,7359,control,out,83640545612480,1,/apollo/control,0,7358,1784453996340257390,0,72263408870752782,2,2407194,2407309
202607191739,e2e_trace_v3,11206,17294028383935529479,7360,control,in,83640555993888,1,/apollo/planning,292,0,1784453996340257390,138,0,0,2407194,2407313
202607191739,e2e_trace_v3,11215,17294028383935529479,7360,control,out,83640557553120,1,/apollo/control,0,7359,1784453996340257390,0,72263408870752782,2,2407194,2407313
202607191739,e2e_trace_v3,11218,17294028383935529479,7361,control,in,83640565917888,1,/apollo/planning,292,0,1784453996340257390,138,0,0,2407194,2407329
202607191739,e2e_trace_v3,11227,17294028383935529479,7361,control,out,83640567374816,1,/apollo/control,0,7360,1784453996340257390,0,72263408870752782,2,2407194,2407329
202607191739,e2e_trace_v3,11230,17294028383935529479,7362,control,in,83640573932672,1,/apollo/planning,292,0,1784453996340257390,138,0,0,2407194,2407302
202607191739,e2e_trace_v3,11239,17294028383935529479,7362,control,out,83640575488992,1,/apollo/control,0,7361,1784453996340257390,0,72263408870752782,2,2407194,2407302
202607191739,e2e_trace_v3,11242,17294028383935529479,7363,control,in,83640585862944,1,/apollo/planning,292,0,1784453996340257390,138,0,0,2407194,2407326
202607191739,e2e_trace_v3,11251,17294028383935529479,7363,control,out,83640587383520,1,/apollo/control,0,7362,1784453996340257390,0,72263408870752782,2,2407194,2407326
202607191739,e2e_trace_v3,11254,17294028383935529479,7364,control,in,83640593900000,1,/apollo/planning,292,0,1784453996340257390,138,0,0,2407194,2407324
202607191739,e2e_trace_v3,11263,17294028383935529479,7364,control,out,83640595527488,1,/apollo/control,0,7363,1784453996340257390,0,72263408870752782,2,2407194,2407324
202607191739,e2e_trace_v3,11266,17294028383935529479,7365,control,in,83640605922752,1,/apollo/planning,292,0,1784453996340257390,138,0,0,2407194,2407322
202607191739,e2e_trace_v3,11275,17294028383935529479,7365,control,out,83640607516736,1,/apollo/control,0,7364,1784453996340257390,0,72263408870752782,2,2407194,2407322
202607191739,e2e_trace_v3,11278,17294028383935529479,7366,control,in,83640616004864,1,/apollo/planning,292,0,1784453996340257390,138,0,0,2407194,2407315
202607191739,e2e_trace_v3,11287,17294028383935529479,7366,control,out,83640617030336,1,/apollo/control,0,7365,1784453996340257390,0,72263408870752782,2,2407194,2407315
202607191739,e2e_trace_v3,11290,17294028383935529479,7367,control,in,83640623849248,1,/apollo/planning,292,0,1784453996340257390,138,0,0,2407194,2407329
202607191739,e2e_trace_v3,11299,17294028383935529479,7367,control,out,83640625083968,1,/apollo/control,0,7366,1784453996340257390,0,72263408870752782,2,2407194,2407329
202607191739,e2e_trace_v3,11302,17294028383935529479,7368,control,in,83640633952224,1,/apollo/planning,292,0,1784453996340257390,138,0,0,2407194,2407302
202607191739,e2e_trace_v3,11311,17294028383935529479,7368,control,out,83640635508160,1,/apollo/control,0,7367,1784453996340257390,0,72263408870752782,2,2407194,2407302
202607191739,e2e_trace_v3,11314,17294028383935529480,7369,control,in,83640646113568,1,/apollo/planning,293,0,1784453996452242734,143,0,0,2407194,2407330
202607191739,e2e_trace_v3,11323,17294028383935529480,7369,control,out,83640647743072,1,/apollo/control,0,7368,1784453996452242734,0,72263408870752783,2,2407194,2407330
202607191739,e2e_trace_v3,11326,17294028383935529480,7370,control,in,83640655859008,1,/apollo/planning,293,0,1784453996452242734,143,0,0,2407194,2407318
202607191739,e2e_trace_v3,11335,17294028383935529480,7370,control,out,83640656750784,1,/apollo/control,0,7369,1784453996452242734,0,72263408870752783,2,2407194,2407318
202607191739,e2e_trace_v3,11338,17294028383935529480,7371,control,in,83640663807040,1,/apollo/planning,293,0,1784453996452242734,143,0,0,2407194,2407328
202607191739,e2e_trace_v3,11347,17294028383935529480,7371,control,out,83640664592576,1,/apollo/control,0,7370,1784453996452242734,0,72263408870752783,2,2407194,2407328
202607191739,e2e_trace_v3,11350,17294028383935529480,7372,control,in,83640673759648,1,/apollo/planning,293,0,1784453996452242734,143,0,0,2407194,2407326
202607191739,e2e_trace_v3,11359,17294028383935529480,7372,control,out,83640674583264,1,/apollo/control,0,7371,1784453996452242734,0,72263408870752783,2,2407194,2407326
202607191739,e2e_trace_v3,11362,17294028383935529480,7373,control,in,83640683676224,1,/apollo/planning,293,0,1784453996452242734,143,0,0,2407194,2407315
202607191739,e2e_trace_v3,11371,17294028383935529480,7373,control,out,83640684397856,1,/apollo/control,0,7372,1784453996452242734,0,72263408870752783,2,2407194,2407315
202607191739,e2e_trace_v3,11374,17294028383935529480,7374,control,in,83640693834688,1,/apollo/planning,293,0,1784453996452242734,143,0,0,2407194,2407304
202607191739,e2e_trace_v3,11383,17294028383935529480,7374,control,out,83640695300416,1,/apollo/control,0,7373,1784453996452242734,0,72263408870752783,2,2407194,2407304
202607191739,e2e_trace_v3,11386,17294028383935529480,7375,control,in,83640703835232,1,/apollo/planning,293,0,1784453996452242734,143,0,0,2407194,2407329
202607191739,e2e_trace_v3,11395,17294028383935529480,7375,control,out,83640704705472,1,/apollo/control,0,7374,1784453996452242734,0,72263408870752783,2,2407194,2407329
202607191739,e2e_trace_v3,11398,17294028383935529480,7376,control,in,83640713917152,1,/apollo/planning,293,0,1784453996452242734,143,0,0,2407194,2407319
202607191739,e2e_trace_v3,11407,17294028383935529480,7376,control,out,83640715181920,1,/apollo/control,0,7375,1784453996452242734,0,72263408870752783,2,2407194,2407319
202607191739,e2e_trace_v3,11410,17294028383935529480,7377,control,in,83640724087648,1,/apollo/planning,293,0,1784453996452242734,143,0,0,2407194,2407318
202607191739,e2e_trace_v3,11419,17294028383935529480,7377,control,out,83640725032768,1,/apollo/control,0,7376,1784453996452242734,0,72263408870752783,2,2407194,2407318
202607191739,e2e_trace_v3,11422,17294028383935529481,7378,control,in,83640733932608,1,/apollo/planning,294,0,1784453996566240562,142,0,0,2407194,2407306
202607191739,e2e_trace_v3,11431,17294028383935529481,7378,control,out,83640734784096,1,/apollo/control,0,7377,1784453996566240562,0,72263408870752784,2,2407194,2407306
202607191739,e2e_trace_v3,11434,17294028383935529481,7379,control,in,83640743821056,1,/apollo/planning,294,0,1784453996566240562,142,0,0,2407194,2407318
202607191739,e2e_trace_v3,11443,17294028383935529481,7379,control,out,83640744778560,1,/apollo/control,0,7378,1784453996566240562,0,72263408870752784,2,2407194,2407318
202607191739,e2e_trace_v3,11446,17294028383935529481,7380,control,in,83640753826560,1,/apollo/planning,294,0,1784453996566240562,142,0,0,2407194,2407313
202607191739,e2e_trace_v3,11455,17294028383935529481,7380,control,out,83640754931584,1,/apollo/control,0,7379,1784453996566240562,0,72263408870752784,2,2407194,2407313
202607191739,e2e_trace_v3,11458,17294028383935529481,7381,control,in,83640763784576,1,/apollo/planning,294,0,1784453996566240562,142,0,0,2407194,2407329
202607191739,e2e_trace_v3,11467,17294028383935529481,7381,control,out,83640764777024,1,/apollo/control,0,7380,1784453996566240562,0,72263408870752784,2,2407194,2407329
202607191739,e2e_trace_v3,11470,17294028383935529481,7382,control,in,83640773787392,1,/apollo/planning,294,0,1784453996566240562,142,0,0,2407194,2407300
202607191739,e2e_trace_v3,11479,17294028383935529481,7382,control,out,83640774723840,1,/apollo/control,0,7381,1784453996566240562,0,72263408870752784,2,2407194,2407300
202607191739,e2e_trace_v3,11482,17294028383935529481,7383,control,in,83640783801056,1,/apollo/planning,294,0,1784453996566240562,142,0,0,2407194,2407311
202607191739,e2e_trace_v3,11491,17294028383935529481,7383,control,out,83640784719712,1,/apollo/control,0,7382,1784453996566240562,0,72263408870752784,2,2407194,2407311
202607191739,e2e_trace_v3,11494,17294028383935529481,7384,control,in,83640793834048,1,/apollo/planning,294,0,1784453996566240562,142,0,0,2407194,2407313
202607191739,e2e_trace_v3,11503,17294028383935529481,7384,control,out,83640794929088,1,/apollo/control,0,7383,1784453996566240562,0,72263408870752784,2,2407194,2407313
202607191739,e2e_trace_v3,11506,17294028383935529481,7385,control,in,83640803766176,1,/apollo/planning,294,0,1784453996566240562,142,0,0,2407194,2407318
202607191739,e2e_trace_v3,11515,17294028383935529481,7385,control,out,83640804801280,1,/apollo/control,0,7384,1784453996566240562,0,72263408870752784,2,2407194,2407318
202607191739,e2e_trace_v3,11518,17294028383935529481,7386,control,in,83640813750624,1,/apollo/planning,294,0,1784453996566240562,142,0,0,2407194,2407304
202607191739,e2e_trace_v3,11527,17294028383935529481,7386,control,out,83640814744768,1,/apollo/control,0,7385,1784453996566240562,0,72263408870752784,2,2407194,2407304
202607191739,e2e_trace_v3,11530,17294028383935529481,7387,control,in,83640823962112,1,/apollo/planning,294,0,1784453996566240562,142,0,0,2407194,2407324
202607191739,e2e_trace_v3,11539,17294028383935529481,7387,control,out,83640825501504,1,/apollo/control,0,7386,1784453996566240562,0,72263408870752784,2,2407194,2407324
202607191739,e2e_trace_v3,11542,17294028383935529481,7388,control,in,83640835851744,1,/apollo/planning,294,0,1784453996566240562,142,0,0,2407194,2407319
202607191739,e2e_trace_v3,11551,17294028383935529481,7388,control,out,83640836877792,1,/apollo/control,0,7387,1784453996566240562,0,72263408870752784,2,2407194,2407319
202607191739,e2e_trace_v3,11554,17294028383935529481,7389,control,in,83640843875072,1,/apollo/planning,294,0,1784453996566240562,142,0,0,2407194,2407315
202607191739,e2e_trace_v3,11563,17294028383935529481,7389,control,out,83640845104384,1,/apollo/control,0,7388,1784453996566240562,0,72263408870752784,2,2407194,2407315
202607191739,e2e_trace_v3,11566,17294028383935529481,7390,control,in,83640853795136,1,/apollo/planning,294,0,1784453996566240562,142,0,0,2407194,2407304
202607191739,e2e_trace_v3,11575,17294028383935529481,7390,control,out,83640854851040,1,/apollo/control,0,7389,1784453996566240562,0,72263408870752784,2,2407194,2407304
202607191739,e2e_trace_v3,11578,17294028383935529481,7391,control,in,83640863760640,1,/apollo/planning,294,0,1784453996566240562,142,0,0,2407194,2407328
202607191739,e2e_trace_v3,11587,17294028383935529481,7391,control,out,83640864544224,1,/apollo/control,0,7390,1784453996566240562,0,72263408870752784,2,2407194,2407328
202607191739,e2e_trace_v3,11590,17294028383935529481,7392,control,in,83640873769248,1,/apollo/planning,294,0,1784453996566240562,142,0,0,2407194,2407318
202607191739,e2e_trace_v3,11599,17294028383935529481,7392,control,out,83640875027552,1,/apollo/control,0,7391,1784453996566240562,0,72263408870752784,2,2407194,2407318
202607191739,e2e_trace_v3,11602,17294028383935529481,7393,control,in,83640883782560,1,/apollo/planning,294,0,1784453996566240562,142,0,0,2407194,2407300
202607191739,e2e_trace_v3,11611,17294028383935529481,7393,control,out,83640885067104,1,/apollo/control,0,7392,1784453996566240562,0,72263408870752784,2,2407194,2407300
202607191739,e2e_trace_v3,11614,17294028383935529481,7394,control,in,83640893779904,1,/apollo/planning,294,0,1784453996566240562,142,0,0,2407194,2407315
202607191739,e2e_trace_v3,11623,17294028383935529481,7394,control,out,83640894755360,1,/apollo/control,0,7393,1784453996566240562,0,72263408870752784,2,2407194,2407315
202607191739,e2e_trace_v3,11626,17294028383935529481,7395,control,in,83640903764896,1,/apollo/planning,294,0,1784453996566240562,142,0,0,2407194,2407309
202607191739,e2e_trace_v3,11635,17294028383935529481,7395,control,out,83640904937344,1,/apollo/control,0,7394,1784453996566240562,0,72263408870752784,2,2407194,2407309
202607191739,e2e_trace_v3,11638,17294028383935529481,7396,control,in,83640913865696,1,/apollo/planning,294,0,1784453996566240562,142,0,0,2407194,2407319
202607191739,e2e_trace_v3,11647,17294028383935529481,7396,control,out,83640915118944,1,/apollo/control,0,7395,1784453996566240562,0,72263408870752784,2,2407194,2407319
202607191739,e2e_trace_v3,11650,17294028383935529481,7397,control,in,83640923968384,1,/apollo/planning,294,0,1784453996566240562,142,0,0,2407194,2407311
202607191739,e2e_trace_v3,11659,17294028383935529481,7397,control,out,83640924831872,1,/apollo/control,0,7396,1784453996566240562,0,72263408870752784,2,2407194,2407311
202607191739,e2e_trace_v3,11662,17294028383935529481,7398,control,in,83640933981408,1,/apollo/planning,294,0,1784453996566240562,142,0,0,2407194,2407304
202607191739,e2e_trace_v3,11671,17294028383935529481,7398,control,out,83640935213952,1,/apollo/control,0,7397,1784453996566240562,0,72263408870752784,2,2407194,2407304
202607191739,e2e_trace_v3,11674,17294028383935529481,7399,control,in,83640943810912,1,/apollo/planning,294,0,1784453996566240562,142,0,0,2407194,2407302
202607191739,e2e_trace_v3,11683,17294028383935529481,7399,control,out,83640944738368,1,/apollo/control,0,7398,1784453996566240562,0,72263408870752784,2,2407194,2407302
202607191739,e2e_trace_v3,11686,17294028383935529482,7400,control,in,83640953928992,1,/apollo/planning,295,0,1784453996677737959,142,0,0,2407194,2407319
202607191739,e2e_trace_v3,11695,17294028383935529482,7400,control,out,83640954752448,1,/apollo/control,0,7399,1784453996677737959,0,72263408870752785,2,2407194,2407319
202607191739,e2e_trace_v3,11698,17294028383935529482,7401,control,in,83640963860256,1,/apollo/planning,295,0,1784453996677737959,142,0,0,2407194,2407329
202607191739,e2e_trace_v3,11707,17294028383935529482,7401,control,out,83640964760480,1,/apollo/control,0,7400,1784453996677737959,0,72263408870752785,2,2407194,2407329
202607191739,e2e_trace_v3,11710,17294028383935529482,7402,control,in,83640973763392,1,/apollo/planning,295,0,1784453996677737959,142,0,0,2407194,2407330
202607191739,e2e_trace_v3,11719,17294028383935529482,7402,control,out,83640974526368,1,/apollo/control,0,7401,1784453996677737959,0,72263408870752785,2,2407194,2407330
202607191739,e2e_trace_v3,11722,17294028383935529482,7403,control,in,83640983665920,1,/apollo/planning,295,0,1784453996677737959,142,0,0,2407194,2407309
202607191739,e2e_trace_v3,11731,17294028383935529482,7403,control,out,83640984334368,1,/apollo/control,0,7402,1784453996677737959,0,72263408870752785,2,2407194,2407309
202607191739,e2e_trace_v3,11734,17294028383935529482,7404,control,in,83640993718464,1,/apollo/planning,295,0,1784453996677737959,142,0,0,2407194,2407306
202607191739,e2e_trace_v3,11743,17294028383935529482,7404,control,out,83640994433280,1,/apollo/control,0,7403,1784453996677737959,0,72263408870752785,2,2407194,2407306
202607191739,e2e_trace_v3,11746,17294028383935529482,7405,control,in,83641003771296,1,/apollo/planning,295,0,1784453996677737959,142,0,0,2407194,2407329
202607191739,e2e_trace_v3,11755,17294028383935529482,7405,control,out,83641004572608,1,/apollo/control,0,7404,1784453996677737959,0,72263408870752785,2,2407194,2407329
202607191739,e2e_trace_v3,11758,17294028383935529482,7406,control,in,83641013836320,1,/apollo/planning,295,0,1784453996677737959,142,0,0,2407194,2407324
202607191739,e2e_trace_v3,11767,17294028383935529482,7406,control,out,83641014801184,1,/apollo/control,0,7405,1784453996677737959,0,72263408870752785,2,2407194,2407324
202607191739,e2e_trace_v3,11770,17294028383935529482,7407,control,in,83641023761984,1,/apollo/planning,295,0,1784453996677737959,142,0,0,2407194,2407322
202607191739,e2e_trace_v3,11779,17294028383935529482,7407,control,out,83641024778336,1,/apollo/control,0,7406,1784453996677737959,0,72263408870752785,2,2407194,2407322
202607191739,e2e_trace_v3,11782,17294028383935529483,7408,control,in,83641033948256,1,/apollo/planning,296,0,1784453996790440148,142,0,0,2407194,2407330
202607191739,e2e_trace_v3,11791,17294028383935529483,7408,control,out,83641034924000,1,/apollo/control,0,7407,1784453996790440148,0,72263408870752786,1,2407194,2407330
202607191739,e2e_trace_v3,11794,17294028383935529483,7409,control,in,83641043759040,1,/apollo/planning,296,0,1784453996790440148,142,0,0,2407194,2407311
202607191739,e2e_trace_v3,11803,17294028383935529483,7409,control,out,83641044538080,1,/apollo/control,0,7408,1784453996790440148,0,72263408870752786,1,2407194,2407311
202607191739,e2e_trace_v3,11806,17294028383935529483,7410,control,in,83641053778880,1,/apollo/planning,296,0,1784453996790440148,142,0,0,2407194,2407306
202607191739,e2e_trace_v3,11815,17294028383935529483,7410,control,out,83641054737728,1,/apollo/control,0,7409,1784453996790440148,0,72263408870752786,1,2407194,2407306
202607191739,e2e_trace_v3,11818,17294028383935529483,7411,control,in,83641063855744,1,/apollo/planning,296,0,1784453996790440148,142,0,0,2407194,2407300
202607191739,e2e_trace_v3,11827,17294028383935529483,7411,control,out,83641064725184,1,/apollo/control,0,7410,1784453996790440148,0,72263408870752786,1,2407194,2407300
202607191739,e2e_trace_v3,11830,17294028383935529483,7412,control,in,83641073810176,1,/apollo/planning,296,0,1784453996790440148,142,0,0,2407194,2407318
202607191739,e2e_trace_v3,11839,17294028383935529483,7412,control,out,83641074664192,1,/apollo/control,0,7411,1784453996790440148,0,72263408870752786,1,2407194,2407318
202607191739,e2e_trace_v3,11842,17294028383935529483,7413,control,in,83641083847072,1,/apollo/planning,296,0,1784453996790440148,142,0,0,2407194,2407309
202607191739,e2e_trace_v3,11851,17294028383935529483,7413,control,out,83641084901824,1,/apollo/control,0,7412,1784453996790440148,0,72263408870752786,1,2407194,2407309
202607191739,e2e_trace_v3,11854,17294028383935529483,7414,control,in,83641093785248,1,/apollo/planning,296,0,1784453996790440148,142,0,0,2407194,2407324
202607191739,e2e_trace_v3,11863,17294028383935529483,7414,control,out,83641094783936,1,/apollo/control,0,7413,1784453996790440148,0,72263408870752786,1,2407194,2407324
202607191739,e2e_trace_v3,11866,17294028383935529483,7415,control,in,83641103830336,1,/apollo/planning,296,0,1784453996790440148,142,0,0,2407194,2407319
202607191739,e2e_trace_v3,11875,17294028383935529483,7415,control,out,83641104987456,1,/apollo/control,0,7414,1784453996790440148,0,72263408870752786,1,2407194,2407319
202607191739,e2e_trace_v3,11878,17294028383935529483,7416,control,in,83641113949504,1,/apollo/planning,296,0,1784453996790440148,142,0,0,2407194,2407315
202607191739,e2e_trace_v3,11887,17294028383935529483,7416,control,out,83641114993856,1,/apollo/control,0,7415,1784453996790440148,0,72263408870752786,1,2407194,2407315
202607191739,e2e_trace_v3,11890,17294028383935529483,7417,control,in,83641123834880,1,/apollo/planning,296,0,1784453996790440148,142,0,0,2407194,2407313
202607191739,e2e_trace_v3,11899,17294028383935529483,7417,control,out,83641124676352,1,/apollo/control,0,7416,1784453996790440148,0,72263408870752786,1,2407194,2407313
202607191739,e2e_trace_v3,11902,17294028383935529484,7418,control,in,83641133883104,1,/apollo/planning,297,0,1784453996929558206,140,0,0,2407194,2407311
202607191739,e2e_trace_v3,11911,17294028383935529484,7418,control,out,83641134670976,1,/apollo/control,0,7417,1784453996929558206,0,72263408870752787,2,2407194,2407311
202607191739,e2e_trace_v3,11914,17294028383935529484,7419,control,in,83641143695680,1,/apollo/planning,297,0,1784453996929558206,140,0,0,2407194,2407322
202607191739,e2e_trace_v3,11923,17294028383935529484,7419,control,out,83641144528448,1,/apollo/control,0,7418,1784453996929558206,0,72263408870752787,2,2407194,2407322
202607191739,e2e_trace_v3,11926,17294028383935529484,7420,control,in,83641153847968,1,/apollo/planning,297,0,1784453996929558206,140,0,0,2407194,2407313
202607191739,e2e_trace_v3,11935,17294028383935529484,7420,control,out,83641154901024,1,/apollo/control,0,7419,1784453996929558206,0,72263408870752787,2,2407194,2407313
202607191739,e2e_trace_v3,11938,17294028383935529484,7421,control,in,83641163830016,1,/apollo/planning,297,0,1784453996929558206,140,0,0,2407194,2407304
202607191739,e2e_trace_v3,11947,17294028383935529484,7421,control,out,83641164745504,1,/apollo/control,0,7420,1784453996929558206,0,72263408870752787,2,2407194,2407304
202607191739,e2e_trace_v3,11950,17294028383935529484,7422,control,in,83641173774240,1,/apollo/planning,297,0,1784453996929558206,140,0,0,2407194,2407302
202607191739,e2e_trace_v3,11959,17294028383935529484,7422,control,out,83641174565664,1,/apollo/control,0,7421,1784453996929558206,0,72263408870752787,2,2407194,2407302
202607191739,e2e_trace_v3,11962,17294028383935529484,7423,control,in,83641183742720,1,/apollo/planning,297,0,1784453996929558206,140,0,0,2407194,2407318
202607191739,e2e_trace_v3,11971,17294028383935529484,7423,control,out,83641184583648,1,/apollo/control,0,7422,1784453996929558206,0,72263408870752787,2,2407194,2407318
202607191739,e2e_trace_v3,11974,17294028383935529484,7424,control,in,83641193742688,1,/apollo/planning,297,0,1784453996929558206,140,0,0,2407194,2407300
202607191739,e2e_trace_v3,11983,17294028383935529484,7424,control,out,83641194524416,1,/apollo/control,0,7423,1784453996929558206,0,72263408870752787,2,2407194,2407300
202607191739,e2e_trace_v3,11986,17294028383935529484,7425,control,in,83641203863584,1,/apollo/planning,297,0,1784453996929558206,140,0,0,2407194,2407329
202607191739,e2e_trace_v3,11995,17294028383935529484,7425,control,out,83641204856384,1,/apollo/control,0,7424,1784453996929558206,0,72263408870752787,2,2407194,2407329
202607191739,e2e_trace_v3,11998,17294028383935529484,7426,control,in,83641213810880,1,/apollo/planning,297,0,1784453996929558206,140,0,0,2407194,2407318
202607191739,e2e_trace_v3,12007,17294028383935529484,7426,control,out,83641214664192,1,/apollo/control,0,7425,1784453996929558206,0,72263408870752787,2,2407194,2407318
202607191739,e2e_trace_v3,12010,17294028383935529484,7427,control,in,83641223821120,1,/apollo/planning,297,0,1784453996929558206,140,0,0,2407194,2407302
202607191739,e2e_trace_v3,12019,17294028383935529484,7427,control,out,83641224554112,1,/apollo/control,0,7426,1784453996929558206,0,72263408870752787,2,2407194,2407302
202607191739,e2e_trace_v3,12022,17294028383935529484,7428,control,in,83641233938176,1,/apollo/planning,297,0,1784453996929558206,140,0,0,2407194,2407324
202607191739,e2e_trace_v3,12031,17294028383935529484,7428,control,out,83641235650912,1,/apollo/control,0,7427,1784453996929558206,0,72263408870752787,2,2407194,2407324
202607191739,e2e_trace_v3,12034,17294028383935529484,7429,control,in,83641245798432,1,/apollo/planning,297,0,1784453996929558206,140,0,0,2407194,2407306
202607191739,e2e_trace_v3,12043,17294028383935529484,7429,control,out,83641246694816,1,/apollo/control,0,7428,1784453996929558206,0,72263408870752787,2,2407194,2407306
202607191739,e2e_trace_v3,12046,17294028383935529484,7430,control,in,83641253925568,1,/apollo/planning,297,0,1784453996929558206,140,0,0,2407194,2407326
202607191739,e2e_trace_v3,12055,17294028383935529484,7430,control,out,83641255518816,1,/apollo/control,0,7429,1784453996929558206,0,72263408870752787,2,2407194,2407326
202607191739,e2e_trace_v3,12058,17294028383935529484,7431,control,in,83641265943744,1,/apollo/planning,297,0,1784453996929558206,140,0,0,2407194,2407311
202607191739,e2e_trace_v3,12067,17294028383935529484,7431,control,out,83641267542976,1,/apollo/control,0,7430,1784453996929558206,0,72263408870752787,2,2407194,2407311
202607191739,e2e_trace_v3,12070,17294028383935529484,7432,control,in,83641276002112,1,/apollo/planning,297,0,1784453996929558206,140,0,0,2407194,2407309
202607191739,e2e_trace_v3,12079,17294028383935529484,7432,control,out,83641277616224,1,/apollo/control,0,7431,1784453996929558206,0,72263408870752787,2,2407194,2407309
202607191739,e2e_trace_v3,12082,17294028383935529484,7433,control,in,83641286010784,1,/apollo/planning,297,0,1784453996929558206,140,0,0,2407194,2407315
202607191739,e2e_trace_v3,12091,17294028383935529484,7433,control,out,83641287765632,1,/apollo/control,0,7432,1784453996929558206,0,72263408870752787,2,2407194,2407315
202607191739,e2e_trace_v3,12094,17294028383935529484,7434,control,in,83641293846720,1,/apollo/planning,297,0,1784453996929558206,140,0,0,2407194,2407300
202607191739,e2e_trace_v3,12103,17294028383935529484,7434,control,out,83641294703552,1,/apollo/control,0,7433,1784453996929558206,0,72263408870752787,2,2407194,2407300
202607191739,e2e_trace_v3,12106,17294028383935529484,7435,control,in,83641303761952,1,/apollo/planning,297,0,1784453996929558206,140,0,0,2407194,2407302
202607191739,e2e_trace_v3,12115,17294028383935529484,7435,control,out,83641304507456,1,/apollo/control,0,7434,1784453996929558206,0,72263408870752787,2,2407194,2407302
202607191739,e2e_trace_v3,12118,17294028383935529484,7436,control,in,83641313828480,1,/apollo/planning,297,0,1784453996929558206,140,0,0,2407194,2407306
202607191739,e2e_trace_v3,12127,17294028383935529484,7436,control,out,83641314638464,1,/apollo/control,0,7435,1784453996929558206,0,72263408870752787,2,2407194,2407306
202607191739,e2e_trace_v3,12130,17294028383935529484,7437,control,in,83641323790976,1,/apollo/planning,297,0,1784453996929558206,140,0,0,2407194,2407329
202607191739,e2e_trace_v3,12139,17294028383935529484,7437,control,out,83641324645120,1,/apollo/control,0,7436,1784453996929558206,0,72263408870752787,2,2407194,2407329
202607191739,e2e_trace_v3,12142,17294028383935529485,7438,control,in,83641333904704,1,/apollo/planning,298,0,1784453997038288735,140,0,0,2407194,2407300
202607191739,e2e_trace_v3,12151,17294028383935529485,7438,control,out,83641334775520,1,/apollo/control,0,7437,1784453997038288735,0,72263408870752788,2,2407194,2407300
202607191739,e2e_trace_v3,12154,17294028383935529485,7439,control,in,83641343922752,1,/apollo/planning,298,0,1784453997038288735,140,0,0,2407194,2407315
202607191739,e2e_trace_v3,12163,17294028383935529485,7439,control,out,83641345609952,1,/apollo/control,0,7438,1784453997038288735,0,72263408870752788,2,2407194,2407315
202607191739,e2e_trace_v3,12166,17294028383935529485,7440,control,in,83641355909568,1,/apollo/planning,298,0,1784453997038288735,140,0,0,2407194,2407330
202607191739,e2e_trace_v3,12175,17294028383935529485,7440,control,out,83641357405440,1,/apollo/control,0,7439,1784453997038288735,0,72263408870752788,2,2407194,2407330
202607191739,e2e_trace_v3,12178,17294028383935529485,7441,control,in,83641363828672,1,/apollo/planning,298,0,1784453997038288735,140,0,0,2407194,2407311
202607191739,e2e_trace_v3,12187,17294028383935529485,7441,control,out,83641364747744,1,/apollo/control,0,7440,1784453997038288735,0,72263408870752788,2,2407194,2407311
202607191739,e2e_trace_v3,12190,17294028383935529485,7442,control,in,83641373962464,1,/apollo/planning,298,0,1784453997038288735,140,0,0,2407194,2407322
202607191739,e2e_trace_v3,12199,17294028383935529485,7442,control,out,83641375611392,1,/apollo/control,0,7441,1784453997038288735,0,72263408870752788,2,2407194,2407322
202607191739,e2e_trace_v3,12202,17294028383935529485,7443,control,in,83641385897376,1,/apollo/planning,298,0,1784453997038288735,140,0,0,2407194,2407318
202607191739,e2e_trace_v3,12211,17294028383935529485,7443,control,out,83641387521568,1,/apollo/control,0,7442,1784453997038288735,0,72263408870752788,2,2407194,2407318
202607191739,e2e_trace_v3,12214,17294028383935529485,7444,control,in,83641395910368,1,/apollo/planning,298,0,1784453997038288735,140,0,0,2407194,2407309
202607191739,e2e_trace_v3,12223,17294028383935529485,7444,control,out,83641397449856,1,/apollo/control,0,7443,1784453997038288735,0,72263408870752788,2,2407194,2407309
202607191739,e2e_trace_v3,12226,17294028383935529485,7445,control,in,83641405856064,1,/apollo/planning,298,0,1784453997038288735,140,0,0,2407194,2407329
202607191739,e2e_trace_v3,12235,17294028383935529485,7445,control,out,83641406819040,1,/apollo/control,0,7444,1784453997038288735,0,72263408870752788,2,2407194,2407329
202607191739,e2e_trace_v3,12238,17294028383935529485,7446,control,in,83641413853184,1,/apollo/planning,298,0,1784453997038288735,140,0,0,2407194,2407300
202607191739,e2e_trace_v3,12247,17294028383935529485,7446,control,out,83641414767904,1,/apollo/control,0,7445,1784453997038288735,0,72263408870752788,2,2407194,2407300
202607191739,e2e_trace_v3,12250,17294028383935529485,7447,control,in,83641423836352,1,/apollo/planning,298,0,1784453997038288735,140,0,0,2407194,2407306
202607191739,e2e_trace_v3,12259,17294028383935529485,7447,control,out,83641424826336,1,/apollo/control,0,7446,1784453997038288735,0,72263408870752788,2,2407194,2407306
202607191739,e2e_trace_v3,12262,17294028383935529485,7448,control,in,83641433905984,1,/apollo/planning,298,0,1784453997038288735,140,0,0,2407194,2407304
202607191739,e2e_trace_v3,12271,17294028383935529485,7448,control,out,83641435448384,1,/apollo/control,0,7447,1784453997038288735,0,72263408870752788,2,2407194,2407304
202607191739,e2e_trace_v3,12274,17294028383935529485,7449,control,in,83641445933184,1,/apollo/planning,298,0,1784453997038288735,140,0,0,2407194,2407319
202607191739,e2e_trace_v3,12283,17294028383935529485,7449,control,out,83641447487328,1,/apollo/control,0,7448,1784453997038288735,0,72263408870752788,2,2407194,2407319
202607191739,e2e_trace_v3,12286,17294028383935529485,7450,control,in,83641455811840,1,/apollo/planning,298,0,1784453997038288735,140,0,0,2407194,2407324
202607191739,e2e_trace_v3,12295,17294028383935529485,7450,control,out,83641456702368,1,/apollo/control,0,7449,1784453997038288735,0,72263408870752788,2,2407194,2407324
202607191739,e2e_trace_v3,12298,17294028383935529485,7451,control,in,83641463804224,1,/apollo/planning,298,0,1784453997038288735,140,0,0,2407194,2407311
202607191739,e2e_trace_v3,12307,17294028383935529485,7451,control,out,83641464845440,1,/apollo/control,0,7450,1784453997038288735,0,72263408870752788,2,2407194,2407311
202607191739,e2e_trace_v3,12310,17294028383935529485,7452,control,in,83641473802848,1,/apollo/planning,298,0,1784453997038288735,140,0,0,2407194,2407300
202607191739,e2e_trace_v3,12319,17294028383935529485,7452,control,out,83641474823520,1,/apollo/control,0,7451,1784453997038288735,0,72263408870752788,2,2407194,2407300
202607191739,e2e_trace_v3,12322,17294028383935529485,7453,control,in,83641483823232,1,/apollo/planning,298,0,1784453997038288735,140,0,0,2407194,2407322
202607191739,e2e_trace_v3,12331,17294028383935529485,7453,control,out,83641484659104,1,/apollo/control,0,7452,1784453997038288735,0,72263408870752788,2,2407194,2407322
202607191739,e2e_trace_v3,12334,17294028383935529485,7454,control,in,83641493937248,1,/apollo/planning,298,0,1784453997038288735,140,0,0,2407194,2407302
202607191739,e2e_trace_v3,12343,17294028383935529485,7454,control,out,83641495467104,1,/apollo/control,0,7453,1784453997038288735,0,72263408870752788,2,2407194,2407302
202607191739,e2e_trace_v3,12346,17294028383935529485,7455,control,in,83641505972128,1,/apollo/planning,298,0,1784453997038288735,140,0,0,2407194,2407309
202607191739,e2e_trace_v3,12355,17294028383935529485,7455,control,out,83641507618624,1,/apollo/control,0,7454,1784453997038288735,0,72263408870752788,2,2407194,2407309
202607191739,e2e_trace_v3,12358,17294028383935529485,7456,control,in,83641517725728,1,/apollo/planning,298,0,1784453997038288735,140,0,0,2407194,2407315
202607191739,e2e_trace_v3,12367,17294028383935529485,7456,control,out,83641518788608,1,/apollo/control,0,7455,1784453997038288735,0,72263408870752788,2,2407194,2407315
202607191739,e2e_trace_v3,12370,17294028383935529485,7457,control,in,83641523588544,1,/apollo/planning,298,0,1784453997038288735,140,0,0,2407194,2407324
202607191739,e2e_trace_v3,12379,17294028383935529485,7457,control,out,83641524381984,1,/apollo/control,0,7456,1784453997038288735,0,72263408870752788,2,2407194,2407324
202607191739,e2e_trace_v3,12382,17294028383935529485,7458,control,in,83641533648384,1,/apollo/planning,298,0,1784453997038288735,140,0,0,2407194,2407300
202607191739,e2e_trace_v3,12391,17294028383935529485,7458,control,out,83641534712608,1,/apollo/control,0,7457,1784453997038288735,0,72263408870752788,2,2407194,2407300
202607191739,e2e_trace_v3,12394,17294028383935529485,7459,control,in,83641543661856,1,/apollo/planning,298,0,1784453997038288735,140,0,0,2407194,2407330
202607191739,e2e_trace_v3,12403,17294028383935529485,7459,control,out,83641544808224,1,/apollo/control,0,7458,1784453997038288735,0,72263408870752788,2,2407194,2407330
202607191739,e2e_trace_v3,12406,17294028383935529485,7460,control,in,83641553650368,1,/apollo/planning,298,0,1784453997038288735,140,0,0,2407194,2407329
202607191739,e2e_trace_v3,12415,17294028383935529485,7460,control,out,83641554626560,1,/apollo/control,0,7459,1784453997038288735,0,72263408870752788,2,2407194,2407329
202607191739,e2e_trace_v3,12418,17294028383935529485,7461,control,in,83641563684928,1,/apollo/planning,298,0,1784453997038288735,140,0,0,2407194,2407300
202607191739,e2e_trace_v3,12427,17294028383935529485,7461,control,out,83641564723904,1,/apollo/control,0,7460,1784453997038288735,0,72263408870752788,2,2407194,2407300
202607191739,e2e_trace_v3,12430,17294028383935529486,7462,control,in,83641573788224,1,/apollo/planning,299,0,1784453997148304583,140,0,0,2407194,2407322
202607191739,e2e_trace_v3,12439,17294028383935529486,7462,control,out,83641574711744,1,/apollo/control,0,7461,1784453997148304583,0,72263408870752789,2,2407194,2407322
202607191739,e2e_trace_v3,12442,17294028383935529486,7463,control,in,83641583763776,1,/apollo/planning,299,0,1784453997148304583,140,0,0,2407194,2407326
202607191739,e2e_trace_v3,12451,17294028383935529486,7463,control,out,83641585347040,1,/apollo/control,0,7462,1784453997148304583,0,72263408870752789,2,2407194,2407326
202607191739,e2e_trace_v3,12454,17294028383935529486,7464,control,in,83641595636640,1,/apollo/planning,299,0,1784453997148304583,140,0,0,2407194,2407330
202607191739,e2e_trace_v3,12463,17294028383935529486,7464,control,out,83641596687360,1,/apollo/control,0,7463,1784453997148304583,0,72263408870752789,2,2407194,2407330
202607191739,e2e_trace_v3,12466,17294028383935529486,7465,control,in,83641603636992,1,/apollo/planning,299,0,1784453997148304583,140,0,0,2407194,2407300
202607191739,e2e_trace_v3,12475,17294028383935529486,7465,control,out,83641604704224,1,/apollo/control,0,7464,1784453997148304583,0,72263408870752789,2,2407194,2407300
202607191739,e2e_trace_v3,12478,17294028383935529486,7466,control,in,83641613603040,1,/apollo/planning,299,0,1784453997148304583,140,0,0,2407194,2407329
202607191739,e2e_trace_v3,12487,17294028383935529486,7466,control,out,83641614586592,1,/apollo/control,0,7465,1784453997148304583,0,72263408870752789,2,2407194,2407329
202607191739,e2e_trace_v3,12490,17294028383935529486,7467,control,in,83641623721312,1,/apollo/planning,299,0,1784453997148304583,140,0,0,2407194,2407330
202607191739,e2e_trace_v3,12499,17294028383935529486,7467,control,out,83641624614880,1,/apollo/control,0,7466,1784453997148304583,0,72263408870752789,2,2407194,2407330
202607191739,e2e_trace_v3,12502,17294028383935529486,7468,control,in,83641633724640,1,/apollo/planning,299,0,1784453997148304583,140,0,0,2407194,2407311
202607191739,e2e_trace_v3,12511,17294028383935529486,7468,control,out,83641634530944,1,/apollo/control,0,7467,1784453997148304583,0,72263408870752789,2,2407194,2407311
202607191739,e2e_trace_v3,12514,17294028383935529486,7469,control,in,83641643675488,1,/apollo/planning,299,0,1784453997148304583,140,0,0,2407194,2407322
202607191739,e2e_trace_v3,12523,17294028383935529486,7469,control,out,83641644655392,1,/apollo/control,0,7468,1784453997148304583,0,72263408870752789,2,2407194,2407322
202607191739,e2e_trace_v3,12526,17294028383935529486,7470,control,in,83641653600512,1,/apollo/planning,299,0,1784453997148304583,140,0,0,2407194,2407324
202607191739,e2e_trace_v3,12535,17294028383935529486,7470,control,out,83641654352000,1,/apollo/control,0,7469,1784453997148304583,0,72263408870752789,2,2407194,2407324
202607191739,e2e_trace_v3,12538,17294028383935529486,7471,control,in,83641663781088,1,/apollo/planning,299,0,1784453997148304583,140,0,0,2407194,2407319
202607191739,e2e_trace_v3,12547,17294028383935529486,7471,control,out,83641665068864,1,/apollo/control,0,7470,1784453997148304583,0,72263408870752789,2,2407194,2407319
202607191739,e2e_trace_v3,12550,17294028383935529486,7472,control,in,83641673677472,1,/apollo/planning,299,0,1784453997148304583,140,0,0,2407194,2407306
202607191739,e2e_trace_v3,12559,17294028383935529486,7472,control,out,83641675099296,1,/apollo/control,0,7471,1784453997148304583,0,72263408870752789,2,2407194,2407306
202607191739,e2e_trace_v3,12562,17294028383935529486,7473,control,in,83641683653568,1,/apollo/planning,299,0,1784453997148304583,140,0,0,2407194,2407302
202607191739,e2e_trace_v3,12571,17294028383935529486,7473,control,out,83641685118208,1,/apollo/control,0,7472,1784453997148304583,0,72263408870752789,2,2407194,2407302
202607191739,e2e_trace_v3,12574,17294028383935529486,7474,control,in,83641693714592,1,/apollo/planning,299,0,1784453997148304583,140,0,0,2407194,2407328
202607191739,e2e_trace_v3,12583,17294028383935529486,7474,control,out,83641695212256,1,/apollo/control,0,7473,1784453997148304583,0,72263408870752789,2,2407194,2407328
202607191739,e2e_trace_v3,12586,17294028383935529486,7475,control,in,83641703670368,1,/apollo/planning,299,0,1784453997148304583,140,0,0,2407194,2407315
202607191739,e2e_trace_v3,12595,17294028383935529486,7475,control,out,83641705199264,1,/apollo/control,0,7474,1784453997148304583,0,72263408870752789,2,2407194,2407315
202607191739,e2e_trace_v3,12598,17294028383935529486,7476,control,in,83641713744832,1,/apollo/planning,299,0,1784453997148304583,140,0,0,2407194,2407318
202607191739,e2e_trace_v3,12607,17294028383935529486,7476,control,out,83641715344896,1,/apollo/control,0,7475,1784453997148304583,0,72263408870752789,2,2407194,2407318
202607191739,e2e_trace_v3,12610,17294028383935529486,7477,control,in,83641725806272,1,/apollo/planning,299,0,1784453997148304583,140,0,0,2407194,2407315
202607191739,e2e_trace_v3,12619,17294028383935529486,7477,control,out,83641727595200,1,/apollo/control,0,7476,1784453997148304583,0,72263408870752789,2,2407194,2407315
202607191739,e2e_trace_v3,12622,17294028383935529486,7478,control,in,83641735784256,1,/apollo/planning,299,0,1784453997148304583,140,0,0,2407194,2407302
202607191739,e2e_trace_v3,12631,17294028383935529486,7478,control,out,83641737395168,1,/apollo/control,0,7477,1784453997148304583,0,72263408870752789,2,2407194,2407302
202607191739,e2e_trace_v3,12634,17294028383935529486,7479,control,in,83641743640768,1,/apollo/planning,299,0,1784453997148304583,140,0,0,2407194,2407324
202607191739,e2e_trace_v3,12643,17294028383935529486,7479,control,out,83641744528704,1,/apollo/control,0,7478,1784453997148304583,0,72263408870752789,2,2407194,2407324
202607191739,e2e_trace_v3,12646,17294028383935529486,7480,control,in,83641753696096,1,/apollo/planning,299,0,1784453997148304583,140,0,0,2407194,2407322
202607191739,e2e_trace_v3,12655,17294028383935529486,7480,control,out,83641754593504,1,/apollo/control,0,7479,1784453997148304583,0,72263408870752789,2,2407194,2407322
202607191739,e2e_trace_v3,12658,17294028383935529486,7481,control,in,83641763618464,1,/apollo/planning,299,0,1784453997148304583,140,0,0,2407194,2407311
202607191739,e2e_trace_v3,12667,17294028383935529486,7481,control,out,83641764526336,1,/apollo/control,0,7480,1784453997148304583,0,72263408870752789,2,2407194,2407311
202607191739,e2e_trace_v3,12670,17294028383935529486,7482,control,in,83641773647264,1,/apollo/planning,299,0,1784453997148304583,140,0,0,2407194,2407306
202607191739,e2e_trace_v3,12679,17294028383935529486,7482,control,out,83641774716160,1,/apollo/control,0,7481,1784453997148304583,0,72263408870752789,2,2407194,2407306
202607191739,e2e_trace_v3,12682,17294028383935529487,7483,control,in,83641783684320,1,/apollo/planning,300,0,1784453997257508150,140,0,0,2407194,2407304
202607191739,e2e_trace_v3,12691,17294028383935529487,7483,control,out,83641784722240,1,/apollo/control,0,7482,1784453997257508150,0,72263408870752790,2,2407194,2407304
202607191739,e2e_trace_v3,12694,17294028383935529487,7484,control,in,83641793523360,1,/apollo/planning,300,0,1784453997257508150,140,0,0,2407194,2407322
202607191739,e2e_trace_v3,12703,17294028383935529487,7484,control,out,83641794274272,1,/apollo/control,0,7483,1784453997257508150,0,72263408870752790,2,2407194,2407322
202607191739,e2e_trace_v3,12706,17294028383935529487,7485,control,in,83641803614816,1,/apollo/planning,300,0,1784453997257508150,140,0,0,2407194,2407319
202607191739,e2e_trace_v3,12715,17294028383935529487,7485,control,out,83641804474880,1,/apollo/control,0,7484,1784453997257508150,0,72263408870752790,2,2407194,2407319
202607191739,e2e_trace_v3,12718,17294028383935529487,7486,control,in,83641813643328,1,/apollo/planning,300,0,1784453997257508150,140,0,0,2407194,2407326
202607191739,e2e_trace_v3,12727,17294028383935529487,7486,control,out,83641814862880,1,/apollo/control,0,7485,1784453997257508150,0,72263408870752790,2,2407194,2407326
202607191739,e2e_trace_v3,12730,17294028383935529487,7487,control,in,83641823639904,1,/apollo/planning,300,0,1784453997257508150,140,0,0,2407194,2407309
202607191739,e2e_trace_v3,12739,17294028383935529487,7487,control,out,83641824659168,1,/apollo/control,0,7486,1784453997257508150,0,72263408870752790,2,2407194,2407309
202607191739,e2e_trace_v3,12742,17294028383935529487,7488,control,in,83641833758208,1,/apollo/planning,300,0,1784453997257508150,140,0,0,2407194,2407311
202607191739,e2e_trace_v3,12751,17294028383935529487,7488,control,out,83641835362656,1,/apollo/control,0,7487,1784453997257508150,0,72263408870752790,2,2407194,2407311
202607191739,e2e_trace_v3,12754,17294028383935529487,7489,control,in,83641843773632,1,/apollo/planning,300,0,1784453997257508150,140,0,0,2407194,2407318
202607191739,e2e_trace_v3,12763,17294028383935529487,7489,control,out,83641845151296,1,/apollo/control,0,7488,1784453997257508150,0,72263408870752790,2,2407194,2407318
202607191739,e2e_trace_v3,12766,17294028383935529487,7490,control,in,83641855743360,1,/apollo/planning,300,0,1784453997257508150,140,0,0,2407194,2407319
202607191739,e2e_trace_v3,12775,17294028383935529487,7490,control,out,83641856793504,1,/apollo/control,0,7489,1784453997257508150,0,72263408870752790,2,2407194,2407319
202607191739,e2e_trace_v3,12778,17294028383935529487,7491,control,in,83641863656288,1,/apollo/planning,300,0,1784453997257508150,140,0,0,2407194,2407324
202607191739,e2e_trace_v3,12787,17294028383935529487,7491,control,out,83641864566752,1,/apollo/control,0,7490,1784453997257508150,0,72263408870752790,2,2407194,2407324
202607191739,e2e_trace_v3,12790,17294028383935529488,7492,control,in,83641873683232,1,/apollo/planning,301,0,1784453997369584112,139,0,0,2407194,2407329
202607191739,e2e_trace_v3,12799,17294028383935529488,7492,control,out,83641874482528,1,/apollo/control,0,7491,1784453997369584112,0,72263408870752791,2,2407194,2407329
202607191739,e2e_trace_v3,12802,17294028383935529488,7493,control,in,83641883454624,1,/apollo/planning,301,0,1784453997369584112,139,0,0,2407194,2407306
202607191739,e2e_trace_v3,12811,17294028383935529488,7493,control,out,83641884091136,1,/apollo/control,0,7492,1784453997369584112,0,72263408870752791,2,2407194,2407306
202607191739,e2e_trace_v3,12814,17294028383935529488,7494,control,in,83641893631520,1,/apollo/planning,301,0,1784453997369584112,139,0,0,2407194,2407302
202607191739,e2e_trace_v3,12823,17294028383935529488,7494,control,out,83641894802944,1,/apollo/control,0,7493,1784453997369584112,0,72263408870752791,2,2407194,2407302
202607191739,e2e_trace_v3,12826,17294028383935529488,7495,control,in,83641903616352,1,/apollo/planning,301,0,1784453997369584112,139,0,0,2407194,2407304
202607191739,e2e_trace_v3,12835,17294028383935529488,7495,control,out,83641904849536,1,/apollo/control,0,7494,1784453997369584112,0,72263408870752791,2,2407194,2407304
202607191739,e2e_trace_v3,12838,17294028383935529488,7496,control,in,83641913545472,1,/apollo/planning,301,0,1784453997369584112,139,0,0,2407194,2407324
202607191739,e2e_trace_v3,12847,17294028383935529488,7496,control,out,83641914473216,1,/apollo/control,0,7495,1784453997369584112,0,72263408870752791,2,2407194,2407324
202607191739,e2e_trace_v3,12850,17294028383935529488,7497,control,in,83641923683360,1,/apollo/planning,301,0,1784453997369584112,139,0,0,2407194,2407330
202607191739,e2e_trace_v3,12859,17294028383935529488,7497,control,out,83641925069376,1,/apollo/control,0,7496,1784453997369584112,0,72263408870752791,2,2407194,2407330
202607191739,e2e_trace_v3,12862,17294028383935529488,7498,control,in,83641933679104,1,/apollo/planning,301,0,1784453997369584112,139,0,0,2407194,2407306
202607191739,e2e_trace_v3,12871,17294028383935529488,7498,control,out,83641934599776,1,/apollo/control,0,7497,1784453997369584112,0,72263408870752791,2,2407194,2407306
202607191739,e2e_trace_v3,12874,17294028383935529488,7499,control,in,83641943820256,1,/apollo/planning,301,0,1784453997369584112,139,0,0,2407194,2407315
202607191739,e2e_trace_v3,12883,17294028383935529488,7499,control,out,83641945192448,1,/apollo/control,0,7498,1784453997369584112,0,72263408870752791,2,2407194,2407315
202607191739,e2e_trace_v3,12886,17294028383935529488,7500,control,in,83641953698464,1,/apollo/planning,301,0,1784453997369584112,139,0,0,2407194,2407329
202607191739,e2e_trace_v3,12895,17294028383935529488,7500,control,out,83641954602240,1,/apollo/control,0,7499,1784453997369584112,0,72263408870752791,2,2407194,2407329
202607191739,e2e_trace_v3,12898,17294028383935529488,7501,control,in,83641963605536,1,/apollo/planning,301,0,1784453997369584112,139,0,0,2407194,2407304
202607191739,e2e_trace_v3,12907,17294028383935529488,7501,control,out,83641964610496,1,/apollo/control,0,7500,1784453997369584112,0,72263408870752791,2,2407194,2407304
202607191739,e2e_trace_v3,12910,17294028383935529489,7502,control,in,83641973766912,1,/apollo/planning,302,0,1784453997478420406,139,0,0,2407194,2407313
202607191739,e2e_trace_v3,12919,17294028383935529489,7502,control,out,83641974762912,1,/apollo/control,0,7501,1784453997478420406,0,72263408870752792,2,2407194,2407313
202607191739,e2e_trace_v3,12922,17294028383935529489,7503,control,in,83641983485152,1,/apollo/planning,302,0,1784453997478420406,139,0,0,2407194,2407304
202607191739,e2e_trace_v3,12931,17294028383935529489,7503,control,out,83641984191168,1,/apollo/control,0,7502,1784453997478420406,0,72263408870752792,2,2407194,2407304
202607191739,e2e_trace_v3,12934,17294028383935529489,7504,control,in,83641993492448,1,/apollo/planning,302,0,1784453997478420406,139,0,0,2407194,2407319
202607191739,e2e_trace_v3,12943,17294028383935529489,7504,control,out,83641994201664,1,/apollo/control,0,7503,1784453997478420406,0,72263408870752792,2,2407194,2407319
202607191739,e2e_trace_v3,12946,17294028383935529489,7505,control,in,83642003549088,1,/apollo/planning,302,0,1784453997478420406,139,0,0,2407194,2407306
202607191739,e2e_trace_v3,12955,17294028383935529489,7505,control,out,83642004353024,1,/apollo/control,0,7504,1784453997478420406,0,72263408870752792,2,2407194,2407306
202607191739,e2e_trace_v3,12958,17294028383935529489,7506,control,in,83642013419232,1,/apollo/planning,302,0,1784453997478420406,139,0,0,2407194,2407322
202607191739,e2e_trace_v3,12967,17294028383935529489,7506,control,out,83642014080992,1,/apollo/control,0,7505,1784453997478420406,0,72263408870752792,2,2407194,2407322
202607191739,e2e_trace_v3,12970,17294028383935529489,7507,control,in,83642023488576,1,/apollo/planning,302,0,1784453997478420406,139,0,0,2407194,2407302
202607191739,e2e_trace_v3,12979,17294028383935529489,7507,control,out,83642024142368,1,/apollo/control,0,7506,1784453997478420406,0,72263408870752792,2,2407194,2407302
202607191739,e2e_trace_v3,12982,17294028383935529489,7508,control,in,83642033527424,1,/apollo/planning,302,0,1784453997478420406,139,0,0,2407194,2407318
202607191739,e2e_trace_v3,12991,17294028383935529489,7508,control,out,83642034316064,1,/apollo/control,0,7507,1784453997478420406,0,72263408870752792,2,2407194,2407318
202607191739,e2e_trace_v3,12994,17294028383935529489,7509,control,in,83642043611552,1,/apollo/planning,302,0,1784453997478420406,139,0,0,2407194,2407313
202607191739,e2e_trace_v3,13003,17294028383935529489,7509,control,out,83642044454912,1,/apollo/control,0,7508,1784453997478420406,0,72263408870752792,2,2407194,2407313
202607191739,e2e_trace_v3,13006,17294028383935529489,7510,control,in,83642053591168,1,/apollo/planning,302,0,1784453997478420406,139,0,0,2407194,2407302
202607191739,e2e_trace_v3,13015,17294028383935529489,7510,control,out,83642054458272,1,/apollo/control,0,7509,1784453997478420406,0,72263408870752792,2,2407194,2407302
202607191739,e2e_trace_v3,13018,17294028383935529489,7511,control,in,83642063672928,1,/apollo/planning,302,0,1784453997478420406,139,0,0,2407194,2407311
202607191739,e2e_trace_v3,13027,17294028383935529489,7511,control,out,83642064760000,1,/apollo/control,0,7510,1784453997478420406,0,72263408870752792,2,2407194,2407311
202607191739,e2e_trace_v3,13030,17294028383935529490,7512,control,in,83642073925888,1,/apollo/planning,303,0,1784453997587576998,144,0,0,2407194,2407326
202607191739,e2e_trace_v3,13039,17294028383935529490,7512,control,out,83642074865184,1,/apollo/control,0,7511,1784453997587576998,0,72263408870752793,2,2407194,2407326
202607191739,e2e_trace_v3,13042,17294028383935529490,7513,control,in,83642083511232,1,/apollo/planning,303,0,1784453997587576998,144,0,0,2407194,2407322
202607191739,e2e_trace_v3,13051,17294028383935529490,7513,control,out,83642084318944,1,/apollo/control,0,7512,1784453997587576998,0,72263408870752793,2,2407194,2407322
202607191739,e2e_trace_v3,13054,17294028383935529490,7514,control,in,83642093549696,1,/apollo/planning,303,0,1784453997587576998,144,0,0,2407194,2407319
202607191739,e2e_trace_v3,13063,17294028383935529490,7514,control,out,83642094290784,1,/apollo/control,0,7513,1784453997587576998,0,72263408870752793,2,2407194,2407319
202607191739,e2e_trace_v3,13066,17294028383935529490,7515,control,in,83642103603488,1,/apollo/planning,303,0,1784453997587576998,144,0,0,2407194,2407324
202607191739,e2e_trace_v3,13075,17294028383935529490,7515,control,out,83642104434688,1,/apollo/control,0,7514,1784453997587576998,0,72263408870752793,2,2407194,2407324
202607191739,e2e_trace_v3,13078,17294028383935529490,7516,control,in,83642113499872,1,/apollo/planning,303,0,1784453997587576998,144,0,0,2407194,2407311
202607191739,e2e_trace_v3,13087,17294028383935529490,7516,control,out,83642114280640,1,/apollo/control,0,7515,1784453997587576998,0,72263408870752793,2,2407194,2407311
202607191739,e2e_trace_v3,13090,17294028383935529490,7517,control,in,83642123555808,1,/apollo/planning,303,0,1784453997587576998,144,0,0,2407194,2407328
202607191739,e2e_trace_v3,13099,17294028383935529490,7517,control,out,83642124474112,1,/apollo/control,0,7516,1784453997587576998,0,72263408870752793,2,2407194,2407328
202607191739,e2e_trace_v3,13102,17294028383935529490,7518,control,in,83642133646848,1,/apollo/planning,303,0,1784453997587576998,144,0,0,2407194,2407322
202607191739,e2e_trace_v3,13111,17294028383935529490,7518,control,out,83642134654784,1,/apollo/control,0,7517,1784453997587576998,0,72263408870752793,2,2407194,2407322
202607191739,e2e_trace_v3,13114,17294028383935529490,7519,control,in,83642143682144,1,/apollo/planning,303,0,1784453997587576998,144,0,0,2407194,2407306
202607191739,e2e_trace_v3,13123,17294028383935529490,7519,control,out,83642144581984,1,/apollo/control,0,7518,1784453997587576998,0,72263408870752793,2,2407194,2407306
202607191739,e2e_trace_v3,13126,17294028383935529490,7520,control,in,83642153641824,1,/apollo/planning,303,0,1784453997587576998,144,0,0,2407194,2407330
202607191739,e2e_trace_v3,13135,17294028383935529490,7520,control,out,83642154622688,1,/apollo/control,0,7519,1784453997587576998,0,72263408870752793,2,2407194,2407330
202607191739,e2e_trace_v3,13138,17294028383935529491,7521,control,in,83642164080704,1,/apollo/planning,304,0,1784453997693872302,143,0,0,2407194,2407311
202607191739,e2e_trace_v3,13147,17294028383935529491,7521,control,out,83642164994976,1,/apollo/control,0,7520,1784453997693872302,0,72263408870752794,2,2407194,2407311
202607191739,e2e_trace_v3,13150,17294028383935529491,7522,control,in,83642173641152,1,/apollo/planning,304,0,1784453997693872302,143,0,0,2407194,2407306
202607191739,e2e_trace_v3,13159,17294028383935529491,7522,control,out,83642174713088,1,/apollo/control,0,7521,1784453997693872302,0,72263408870752794,2,2407194,2407306
202607191739,e2e_trace_v3,13162,17294028383935529491,7523,control,in,83642183599680,1,/apollo/planning,304,0,1784453997693872302,143,0,0,2407194,2407300
202607191739,e2e_trace_v3,13171,17294028383935529491,7523,control,out,83642184361248,1,/apollo/control,0,7522,1784453997693872302,0,72263408870752794,2,2407194,2407300
202607191739,e2e_trace_v3,13174,17294028383935529491,7524,control,in,83642193770432,1,/apollo/planning,304,0,1784453997693872302,143,0,0,2407194,2407315
202607191739,e2e_trace_v3,13183,17294028383935529491,7524,control,out,83642194726912,1,/apollo/control,0,7523,1784453997693872302,0,72263408870752794,2,2407194,2407315
202607191739,e2e_trace_v3,13186,17294028383935529491,7525,control,in,83642203637408,1,/apollo/planning,304,0,1784453997693872302,143,0,0,2407194,2407318
202607191739,e2e_trace_v3,13195,17294028383935529491,7525,control,out,83642204791296,1,/apollo/control,0,7524,1784453997693872302,0,72263408870752794,2,2407194,2407318
202607191739,e2e_trace_v3,13198,17294028383935529491,7526,control,in,83642213621984,1,/apollo/planning,304,0,1784453997693872302,143,0,0,2407194,2407322
202607191739,e2e_trace_v3,13207,17294028383935529491,7526,control,out,83642214548384,1,/apollo/control,0,7525,1784453997693872302,0,72263408870752794,2,2407194,2407322
202607191739,e2e_trace_v3,13210,17294028383935529491,7527,control,in,83642223689920,1,/apollo/planning,304,0,1784453997693872302,143,0,0,2407194,2407313
202607191739,e2e_trace_v3,13219,17294028383935529491,7527,control,out,83642225070496,1,/apollo/control,0,7526,1784453997693872302,0,72263408870752794,2,2407194,2407313
202607191739,e2e_trace_v3,13222,17294028383935529491,7528,control,in,83642233609664,1,/apollo/planning,304,0,1784453997693872302,143,0,0,2407194,2407322
202607191739,e2e_trace_v3,13231,17294028383935529491,7528,control,out,83642234528544,1,/apollo/control,0,7527,1784453997693872302,0,72263408870752794,2,2407194,2407322
202607191739,e2e_trace_v3,13234,17294028383935529491,7529,control,in,83642243666784,1,/apollo/planning,304,0,1784453997693872302,143,0,0,2407194,2407304
202607191739,e2e_trace_v3,13243,17294028383935529491,7529,control,out,83642244909568,1,/apollo/control,0,7528,1784453997693872302,0,72263408870752794,2,2407194,2407304
202607191739,e2e_trace_v3,13246,17294028383935529491,7530,control,in,83642253710208,1,/apollo/planning,304,0,1784453997693872302,143,0,0,2407194,2407330
202607191739,e2e_trace_v3,13255,17294028383935529491,7530,control,out,83642255173856,1,/apollo/control,0,7529,1784453997693872302,0,72263408870752794,2,2407194,2407330
202607191739,e2e_trace_v3,13258,17294028383935529491,7531,control,in,83642263645664,1,/apollo/planning,304,0,1784453997693872302,143,0,0,2407194,2407306
202607191739,e2e_trace_v3,13267,17294028383935529491,7531,control,out,83642264631936,1,/apollo/control,0,7530,1784453997693872302,0,72263408870752794,2,2407194,2407306
202607191739,e2e_trace_v3,13270,17294028383935529491,7532,control,in,83642273668384,1,/apollo/planning,304,0,1784453997693872302,143,0,0,2407194,2407326
202607191739,e2e_trace_v3,13279,17294028383935529491,7532,control,out,83642275007680,1,/apollo/control,0,7531,1784453997693872302,0,72263408870752794,2,2407194,2407326
202607191739,e2e_trace_v3,13282,17294028383935529491,7533,control,in,83642283670528,1,/apollo/planning,304,0,1784453997693872302,143,0,0,2407194,2407304
202607191739,e2e_trace_v3,13291,17294028383935529491,7533,control,out,83642284871200,1,/apollo/control,0,7532,1784453997693872302,0,72263408870752794,2,2407194,2407304
202607191739,e2e_trace_v3,13294,17294028383935529491,7534,control,in,83642293573472,1,/apollo/planning,304,0,1784453997693872302,143,0,0,2407194,2407311
202607191739,e2e_trace_v3,13303,17294028383935529491,7534,control,out,83642294352672,1,/apollo/control,0,7533,1784453997693872302,0,72263408870752794,2,2407194,2407311
202607191739,e2e_trace_v3,13306,17294028383935529491,7535,control,in,83642303697760,1,/apollo/planning,304,0,1784453997693872302,143,0,0,2407194,2407329
202607191739,e2e_trace_v3,13315,17294028383935529491,7535,control,out,83642304972128,1,/apollo/control,0,7534,1784453997693872302,0,72263408870752794,2,2407194,2407329
202607191739,e2e_trace_v3,13318,17294028383935529491,7536,control,in,83642313643776,1,/apollo/planning,304,0,1784453997693872302,143,0,0,2407194,2407318
202607191739,e2e_trace_v3,13327,17294028383935529491,7536,control,out,83642314928640,1,/apollo/control,0,7535,1784453997693872302,0,72263408870752794,2,2407194,2407318
202607191739,e2e_trace_v3,13330,17294028383935529491,7537,control,in,83642323511200,1,/apollo/planning,304,0,1784453997693872302,143,0,0,2407194,2407311
202607191739,e2e_trace_v3,13339,17294028383935529491,7537,control,out,83642324260096,1,/apollo/control,0,7536,1784453997693872302,0,72263408870752794,2,2407194,2407311
202607191739,e2e_trace_v3,13342,17294028383935529491,7538,control,in,83642333640512,1,/apollo/planning,304,0,1784453997693872302,143,0,0,2407194,2407319
202607191739,e2e_trace_v3,13351,17294028383935529491,7538,control,out,83642334716512,1,/apollo/control,0,7537,1784453997693872302,0,72263408870752794,2,2407194,2407319
202607191739,e2e_trace_v3,13354,17294028383935529491,7539,control,in,83642343666304,1,/apollo/planning,304,0,1784453997693872302,143,0,0,2407194,2407313
202607191739,e2e_trace_v3,13363,17294028383935529491,7539,control,out,83642344945408,1,/apollo/control,0,7538,1784453997693872302,0,72263408870752794,2,2407194,2407313
202607191739,e2e_trace_v3,13366,17294028383935529491,7540,control,in,83642353704128,1,/apollo/planning,304,0,1784453997693872302,143,0,0,2407194,2407330
202607191739,e2e_trace_v3,13375,17294028383935529491,7540,control,out,83642355003072,1,/apollo/control,0,7539,1784453997693872302,0,72263408870752794,2,2407194,2407330
202607191739,e2e_trace_v3,13378,17294028383935529491,7541,control,in,83642363548384,1,/apollo/planning,304,0,1784453997693872302,143,0,0,2407194,2407324
202607191739,e2e_trace_v3,13387,17294028383935529491,7541,control,out,83642364296736,1,/apollo/control,0,7540,1784453997693872302,0,72263408870752794,2,2407194,2407324
202607191739,e2e_trace_v3,13390,17294028383935529491,7542,control,in,83642373671968,1,/apollo/planning,304,0,1784453997693872302,143,0,0,2407194,2407300
202607191739,e2e_trace_v3,13399,17294028383935529491,7542,control,out,83642374865344,1,/apollo/control,0,7541,1784453997693872302,0,72263408870752794,2,2407194,2407300
202607191739,e2e_trace_v3,13402,17294028383935529491,7543,control,in,83642383527008,1,/apollo/planning,304,0,1784453997693872302,143,0,0,2407194,2407324
202607191739,e2e_trace_v3,13411,17294028383935529491,7543,control,out,83642384292960,1,/apollo/control,0,7542,1784453997693872302,0,72263408870752794,2,2407194,2407324
202607191739,e2e_trace_v3,13414,17294028383935529492,7544,control,in,83642393926880,1,/apollo/planning,305,0,1784453997804370497,144,0,0,2407194,2407319
202607191739,e2e_trace_v3,13423,17294028383935529492,7544,control,out,83642395040512,1,/apollo/control,0,7543,1784453997804370497,0,72263408870752795,1,2407194,2407319
202607191739,e2e_trace_v3,13426,17294028383935529492,7545,control,in,83642403681088,1,/apollo/planning,305,0,1784453997804370497,144,0,0,2407194,2407328
202607191739,e2e_trace_v3,13435,17294028383935529492,7545,control,out,83642404730912,1,/apollo/control,0,7544,1784453997804370497,0,72263408870752795,1,2407194,2407328
202607191739,e2e_trace_v3,13438,17294028383935529492,7546,control,in,83642413672128,1,/apollo/planning,305,0,1784453997804370497,144,0,0,2407194,2407318
202607191739,e2e_trace_v3,13447,17294028383935529492,7546,control,out,83642415188512,1,/apollo/control,0,7545,1784453997804370497,0,72263408870752795,1,2407194,2407318
202607191739,e2e_trace_v3,13450,17294028383935529492,7547,control,in,83642423530560,1,/apollo/planning,305,0,1784453997804370497,144,0,0,2407194,2407315
202607191739,e2e_trace_v3,13459,17294028383935529492,7547,control,out,83642424467136,1,/apollo/control,0,7546,1784453997804370497,0,72263408870752795,1,2407194,2407315
202607191739,e2e_trace_v3,13462,17294028383935529492,7548,control,in,83642433503104,1,/apollo/planning,305,0,1784453997804370497,144,0,0,2407194,2407300
202607191739,e2e_trace_v3,13471,17294028383935529492,7548,control,out,83642434483168,1,/apollo/control,0,7547,1784453997804370497,0,72263408870752795,1,2407194,2407300
202607191739,e2e_trace_v3,13474,17294028383935529492,7549,control,in,83642443804032,1,/apollo/planning,305,0,1784453997804370497,144,0,0,2407194,2407322
202607191739,e2e_trace_v3,13483,17294028383935529492,7549,control,out,83642445393600,1,/apollo/control,0,7548,1784453997804370497,0,72263408870752795,1,2407194,2407322
202607191739,e2e_trace_v3,13486,17294028383935529492,7550,control,in,83642455564736,1,/apollo/planning,305,0,1784453997804370497,144,0,0,2407194,2407326
202607191739,e2e_trace_v3,13495,17294028383935529492,7550,control,out,83642456377760,1,/apollo/control,0,7549,1784453997804370497,0,72263408870752795,1,2407194,2407326
202607191739,e2e_trace_v3,13498,17294028383935529492,7551,control,in,83642463750848,1,/apollo/planning,305,0,1784453997804370497,144,0,0,2407194,2407328
202607191739,e2e_trace_v3,13507,17294028383935529492,7551,control,out,83642465887392,1,/apollo/control,0,7550,1784453997804370497,0,72263408870752795,1,2407194,2407328
202607191739,e2e_trace_v3,13510,17294028383935529492,7552,control,in,83642473704608,1,/apollo/planning,305,0,1784453997804370497,144,0,0,2407194,2407318
202607191739,e2e_trace_v3,13519,17294028383935529492,7552,control,out,83642475409760,1,/apollo/control,0,7551,1784453997804370497,0,72263408870752795,1,2407194,2407318
202607191739,e2e_trace_v3,13522,17294028383935529493,7553,control,in,83642485901568,1,/apollo/planning,306,0,1784453997916220669,142,0,0,2407194,2407330
202607191739,e2e_trace_v3,13531,17294028383935529493,7553,control,out,83642487528384,1,/apollo/control,0,7552,1784453997916220669,0,72263408870752796,2,2407194,2407330
202607191739,e2e_trace_v3,13534,17294028383935529493,7554,control,in,83642493636224,1,/apollo/planning,306,0,1784453997916220669,142,0,0,2407194,2407311
202607191739,e2e_trace_v3,13543,17294028383935529493,7554,control,out,83642495156352,1,/apollo/control,0,7553,1784453997916220669,0,72263408870752796,2,2407194,2407311
202607191739,e2e_trace_v3,13546,17294028383935529493,7555,control,in,83642503702816,1,/apollo/planning,306,0,1784453997916220669,142,0,0,2407194,2407300
202607191739,e2e_trace_v3,13555,17294028383935529493,7555,control,out,83642504776448,1,/apollo/control,0,7554,1784453997916220669,0,72263408870752796,2,2407194,2407300
202607191739,e2e_trace_v3,13558,17294028383935529493,7556,control,in,83642513710144,1,/apollo/planning,306,0,1784453997916220669,142,0,0,2407194,2407309
202607191739,e2e_trace_v3,13567,17294028383935529493,7556,control,out,83642514964416,1,/apollo/control,0,7555,1784453997916220669,0,72263408870752796,2,2407194,2407309
202607191739,e2e_trace_v3,13570,17294028383935529493,7557,control,in,83642523630720,1,/apollo/planning,306,0,1784453997916220669,142,0,0,2407194,2407328
202607191739,e2e_trace_v3,13579,17294028383935529493,7557,control,out,83642524777216,1,/apollo/control,0,7556,1784453997916220669,0,72263408870752796,2,2407194,2407328
202607191739,e2e_trace_v3,13582,17294028383935529493,7558,control,in,83642533720192,1,/apollo/planning,306,0,1784453997916220669,142,0,0,2407194,2407311
202607191739,e2e_trace_v3,13591,17294028383935529493,7558,control,out,83642535017472,1,/apollo/control,0,7557,1784453997916220669,0,72263408870752796,2,2407194,2407311
202607191739,e2e_trace_v3,13594,17294028383935529493,7559,control,in,83642543844896,1,/apollo/planning,306,0,1784453997916220669,142,0,0,2407194,2407313
202607191739,e2e_trace_v3,13603,17294028383935529493,7559,control,out,83642545500704,1,/apollo/control,0,7558,1784453997916220669,0,72263408870752796,2,2407194,2407313
202607191739,e2e_trace_v3,13606,17294028383935529493,7560,control,in,83642555621024,1,/apollo/planning,306,0,1784453997916220669,142,0,0,2407194,2407309
202607191739,e2e_trace_v3,13615,17294028383935529493,7560,control,out,83642556488960,1,/apollo/control,0,7559,1784453997916220669,0,72263408870752796,2,2407194,2407309
202607191739,e2e_trace_v3,13618,17294028383935529493,7561,control,in,83642563707008,1,/apollo/planning,306,0,1784453997916220669,142,0,0,2407194,2407326
202607191739,e2e_trace_v3,13627,17294028383935529493,7561,control,out,83642564756800,1,/apollo/control,0,7560,1784453997916220669,0,72263408870752796,2,2407194,2407326
202607191739,e2e_trace_v3,13630,17294028383935529494,7562,control,in,83642573954944,1,/apollo/planning,307,0,1784453998027027135,142,0,0,2407194,2407304
202607191739,e2e_trace_v3,13639,17294028383935529494,7562,control,out,83642575575296,1,/apollo/control,0,7561,1784453998027027135,0,72263408870752797,2,2407194,2407304
202607191739,e2e_trace_v3,13642,17294028383935529494,7563,control,in,83642585730752,1,/apollo/planning,307,0,1784453998027027135,142,0,0,2407194,2407326
202607191739,e2e_trace_v3,13651,17294028383935529494,7563,control,out,83642586657056,1,/apollo/control,0,7562,1784453998027027135,0,72263408870752797,2,2407194,2407326
202607191739,e2e_trace_v3,13654,17294028383935529494,7564,control,in,83642593790976,1,/apollo/planning,307,0,1784453998027027135,142,0,0,2407194,2407329
202607191739,e2e_trace_v3,13663,17294028383935529494,7564,control,out,83642595525312,1,/apollo/control,0,7563,1784453998027027135,0,72263408870752797,2,2407194,2407329
202607191739,e2e_trace_v3,13666,17294028383935529494,7565,control,in,83642605755360,1,/apollo/planning,307,0,1784453998027027135,142,0,0,2407194,2407300
202607191739,e2e_trace_v3,13675,17294028383935529494,7565,control,out,83642607494592,1,/apollo/control,0,7564,1784453998027027135,0,72263408870752797,2,2407194,2407300
202607191739,e2e_trace_v3,13678,17294028383935529494,7566,control,in,83642615674560,1,/apollo/planning,307,0,1784453998027027135,142,0,0,2407194,2407306
202607191739,e2e_trace_v3,13687,17294028383935529494,7566,control,out,83642617267680,1,/apollo/control,0,7565,1784453998027027135,0,72263408870752797,2,2407194,2407306
202607191739,e2e_trace_v3,13690,17294028383935529494,7567,control,in,83642623686720,1,/apollo/planning,307,0,1784453998027027135,142,0,0,2407194,2407318
202607191739,e2e_trace_v3,13699,17294028383935529494,7567,control,out,83642625317344,1,/apollo/control,0,7566,1784453998027027135,0,72263408870752797,2,2407194,2407318
202607191739,e2e_trace_v3,13702,17294028383935529494,7568,control,in,83642635711168,1,/apollo/planning,307,0,1784453998027027135,142,0,0,2407194,2407302
202607191739,e2e_trace_v3,13711,17294028383935529494,7568,control,out,83642637243904,1,/apollo/control,0,7567,1784453998027027135,0,72263408870752797,2,2407194,2407302
202607191739,e2e_trace_v3,13714,17294028383935529494,7569,control,in,83642645707168,1,/apollo/planning,307,0,1784453998027027135,142,0,0,2407194,2407313
202607191739,e2e_trace_v3,13723,17294028383935529494,7569,control,out,83642647300000,1,/apollo/control,0,7568,1784453998027027135,0,72263408870752797,2,2407194,2407313
202607191739,e2e_trace_v3,13726,17294028383935529494,7570,control,in,83642655677888,1,/apollo/planning,307,0,1784453998027027135,142,0,0,2407194,2407322
202607191739,e2e_trace_v3,13735,17294028383935529494,7570,control,out,83642657202944,1,/apollo/control,0,7569,1784453998027027135,0,72263408870752797,2,2407194,2407322
202607191739,e2e_trace_v3,13738,17294028383935529494,7571,control,in,83642663750272,1,/apollo/planning,307,0,1784453998027027135,142,0,0,2407194,2407315
202607191739,e2e_trace_v3,13747,17294028383935529494,7571,control,out,83642665449344,1,/apollo/control,0,7570,1784453998027027135,0,72263408870752797,2,2407194,2407315
202607191739,e2e_trace_v3,13750,17294028383935529494,7572,control,in,83642675752448,1,/apollo/planning,307,0,1784453998027027135,142,0,0,2407194,2407313
202607191739,e2e_trace_v3,13759,17294028383935529494,7572,control,out,83642677398880,1,/apollo/control,0,7571,1784453998027027135,0,72263408870752797,2,2407194,2407313
202607191739,e2e_trace_v3,13762,17294028383935529494,7573,control,in,83642685673152,1,/apollo/planning,307,0,1784453998027027135,142,0,0,2407194,2407309
202607191739,e2e_trace_v3,13771,17294028383935529494,7573,control,out,83642687100128,1,/apollo/control,0,7572,1784453998027027135,0,72263408870752797,2,2407194,2407309
202607191739,e2e_trace_v3,13774,17294028383935529494,7574,control,in,83642693731904,1,/apollo/planning,307,0,1784453998027027135,142,0,0,2407194,2407329
202607191739,e2e_trace_v3,13783,17294028383935529494,7574,control,out,83642695294560,1,/apollo/control,0,7573,1784453998027027135,0,72263408870752797,2,2407194,2407329
202607191739,e2e_trace_v3,13786,17294028383935529494,7575,control,in,83642705536704,1,/apollo/planning,307,0,1784453998027027135,142,0,0,2407194,2407322
202607191739,e2e_trace_v3,13795,17294028383935529494,7575,control,out,83642706425632,1,/apollo/control,0,7574,1784453998027027135,0,72263408870752797,2,2407194,2407322
202607191739,e2e_trace_v3,13798,17294028383935529494,7576,control,in,83642713851616,1,/apollo/planning,307,0,1784453998027027135,142,0,0,2407194,2407318
202607191739,e2e_trace_v3,13807,17294028383935529494,7576,control,out,83642715526176,1,/apollo/control,0,7575,1784453998027027135,0,72263408870752797,2,2407194,2407318
202607191739,e2e_trace_v3,13810,17294028383935529494,7577,control,in,83642725777760,1,/apollo/planning,307,0,1784453998027027135,142,0,0,2407194,2407300
202607191739,e2e_trace_v3,13819,17294028383935529494,7577,control,out,83642727418400,1,/apollo/control,0,7576,1784453998027027135,0,72263408870752797,2,2407194,2407300
202607191739,e2e_trace_v3,13822,17294028383935529494,7578,control,in,83642733521408,1,/apollo/planning,307,0,1784453998027027135,142,0,0,2407194,2407311
202607191739,e2e_trace_v3,13831,17294028383935529494,7578,control,out,83642734258496,1,/apollo/control,0,7577,1784453998027027135,0,72263408870752797,2,2407194,2407311
202607191739,e2e_trace_v3,13834,17294028383935529494,7579,control,in,83642743592064,1,/apollo/planning,307,0,1784453998027027135,142,0,0,2407194,2407322
202607191739,e2e_trace_v3,13843,17294028383935529494,7579,control,out,83642744439776,1,/apollo/control,0,7578,1784453998027027135,0,72263408870752797,2,2407194,2407322
202607191739,e2e_trace_v3,13846,17294028383935529494,7580,control,in,83642753630688,1,/apollo/planning,307,0,1784453998027027135,142,0,0,2407194,2407309
202607191739,e2e_trace_v3,13855,17294028383935529494,7580,control,out,83642754455808,1,/apollo/control,0,7579,1784453998027027135,0,72263408870752797,2,2407194,2407309
202607191739,e2e_trace_v3,13858,17294028383935529494,7581,control,in,83642763673152,1,/apollo/planning,307,0,1784453998027027135,142,0,0,2407194,2407315
202607191739,e2e_trace_v3,13867,17294028383935529494,7581,control,out,83642764693376,1,/apollo/control,0,7580,1784453998027027135,0,72263408870752797,2,2407194,2407315
202607191739,e2e_trace_v3,13870,17294028383935529494,7582,control,in,83642773643168,1,/apollo/planning,307,0,1784453998027027135,142,0,0,2407194,2407300
202607191739,e2e_trace_v3,13879,17294028383935529494,7582,control,out,83642774801856,1,/apollo/control,0,7581,1784453998027027135,0,72263408870752797,2,2407194,2407300
202607191739,e2e_trace_v3,13882,17294028383935529494,7583,control,in,83642783677152,1,/apollo/planning,307,0,1784453998027027135,142,0,0,2407194,2407330
202607191739,e2e_trace_v3,13891,17294028383935529494,7583,control,out,83642784692000,1,/apollo/control,0,7582,1784453998027027135,0,72263408870752797,2,2407194,2407330
202607191739,e2e_trace_v3,13894,17294028383935529495,7584,control,in,83642793755616,1,/apollo/planning,308,0,1784453998135778744,142,0,0,2407194,2407326
202607191739,e2e_trace_v3,13903,17294028383935529495,7584,control,out,83642795042784,1,/apollo/control,0,7583,1784453998135778744,0,72263408870752798,2,2407194,2407326
202607191739,e2e_trace_v3,13906,17294028383935529495,7585,control,in,83642803584256,1,/apollo/planning,308,0,1784453998135778744,142,0,0,2407194,2407324
202607191739,e2e_trace_v3,13915,17294028383935529495,7585,control,out,83642804648480,1,/apollo/control,0,7584,1784453998135778744,0,72263408870752798,2,2407194,2407324
202607191739,e2e_trace_v3,13918,17294028383935529495,7586,control,in,83642813638176,1,/apollo/planning,308,0,1784453998135778744,142,0,0,2407194,2407313
202607191739,e2e_trace_v3,13927,17294028383935529495,7586,control,out,83642814940896,1,/apollo/control,0,7585,1784453998135778744,0,72263408870752798,2,2407194,2407313
202607191739,e2e_trace_v3,13930,17294028383935529495,7587,control,in,83642823662944,1,/apollo/planning,308,0,1784453998135778744,142,0,0,2407194,2407304
202607191739,e2e_trace_v3,13939,17294028383935529495,7587,control,out,83642824953536,1,/apollo/control,0,7586,1784453998135778744,0,72263408870752798,2,2407194,2407304
202607191739,e2e_trace_v3,13942,17294028383935529495,7588,control,in,83642833585280,1,/apollo/planning,308,0,1784453998135778744,142,0,0,2407194,2407302
202607191739,e2e_trace_v3,13951,17294028383935529495,7588,control,out,83642834757760,1,/apollo/control,0,7587,1784453998135778744,0,72263408870752798,2,2407194,2407302
202607191739,e2e_trace_v3,13954,17294028383935529495,7589,control,in,83642843670048,1,/apollo/planning,308,0,1784453998135778744,142,0,0,2407194,2407322
202607191739,e2e_trace_v3,13963,17294028383935529495,7589,control,out,83642845040864,1,/apollo/control,0,7588,1784453998135778744,0,72263408870752798,2,2407194,2407322
202607191739,e2e_trace_v3,13966,17294028383935529495,7590,control,in,83642857553984,1,/apollo/planning,308,0,1784453998135778744,142,0,0,2407194,2407315
202607191739,e2e_trace_v3,13975,17294028383935529495,7590,control,out,83642858539872,1,/apollo/control,0,7589,1784453998135778744,0,72263408870752798,2,2407194,2407315
202607191739,e2e_trace_v3,13978,17294028383935529495,7591,control,in,83642863747648,1,/apollo/planning,308,0,1784453998135778744,142,0,0,2407194,2407329
202607191739,e2e_trace_v3,13987,17294028383935529495,7591,control,out,83642865437632,1,/apollo/control,0,7590,1784453998135778744,0,72263408870752798,2,2407194,2407329
202607191739,e2e_trace_v3,13990,17294028383935529495,7592,control,in,83642875572576,1,/apollo/planning,308,0,1784453998135778744,142,0,0,2407194,2407315
202607191739,e2e_trace_v3,13999,17294028383935529495,7592,control,out,83642876559040,1,/apollo/control,0,7591,1784453998135778744,0,72263408870752798,2,2407194,2407315
202607191739,e2e_trace_v3,14002,17294028383935529495,7593,control,in,83642883714560,1,/apollo/planning,308,0,1784453998135778744,142,0,0,2407194,2407319
202607191739,e2e_trace_v3,14011,17294028383935529495,7593,control,out,83642885299296,1,/apollo/control,0,7592,1784453998135778744,0,72263408870752798,2,2407194,2407319
202607191739,e2e_trace_v3,14014,17294028383935529495,7594,control,in,83642895539488,1,/apollo/planning,308,0,1784453998135778744,142,0,0,2407194,2407315
202607191739,e2e_trace_v3,14023,17294028383935529495,7594,control,out,83642896425024,1,/apollo/control,0,7593,1784453998135778744,0,72263408870752798,2,2407194,2407315
202607191739,e2e_trace_v3,14026,17294028383935529495,7595,control,in,83642903602240,1,/apollo/planning,308,0,1784453998135778744,142,0,0,2407194,2407330
202607191739,e2e_trace_v3,14035,17294028383935529495,7595,control,out,83642905149536,1,/apollo/control,0,7594,1784453998135778744,0,72263408870752798,2,2407194,2407330
202607191739,e2e_trace_v3,14038,17294028383935529495,7596,control,in,83642913619712,1,/apollo/planning,308,0,1784453998135778744,142,0,0,2407194,2407306
202607191739,e2e_trace_v3,14047,17294028383935529495,7596,control,out,83642915313856,1,/apollo/control,0,7595,1784453998135778744,0,72263408870752798,2,2407194,2407306
202607191739,e2e_trace_v3,14050,17294028383935529495,7597,control,in,83642925490176,1,/apollo/planning,308,0,1784453998135778744,142,0,0,2407194,2407315
202607191739,e2e_trace_v3,14059,17294028383935529495,7597,control,out,83642926211232,1,/apollo/control,0,7596,1784453998135778744,0,72263408870752798,2,2407194,2407315
202607191739,e2e_trace_v3,14062,17294028383935529495,7598,control,in,83642933633792,1,/apollo/planning,308,0,1784453998135778744,142,0,0,2407194,2407304
202607191739,e2e_trace_v3,14071,17294028383935529495,7598,control,out,83642935290944,1,/apollo/control,0,7597,1784453998135778744,0,72263408870752798,2,2407194,2407304
202607191739,e2e_trace_v3,14074,17294028383935529495,7599,control,in,83642945504576,1,/apollo/planning,308,0,1784453998135778744,142,0,0,2407194,2407315
202607191739,e2e_trace_v3,14083,17294028383935529495,7599,control,out,83642946203104,1,/apollo/control,0,7598,1784453998135778744,0,72263408870752798,2,2407194,2407315
202607191739,e2e_trace_v3,14086,17294028383935529495,7600,control,in,83642953676416,1,/apollo/planning,308,0,1784453998135778744,142,0,0,2407194,2407328
202607191739,e2e_trace_v3,14095,17294028383935529495,7600,control,out,83642955360416,1,/apollo/control,0,7599,1784453998135778744,0,72263408870752798,2,2407194,2407328
202607191739,e2e_trace_v3,14098,17294028383935529495,7601,control,in,83642965558336,1,/apollo/planning,308,0,1784453998135778744,142,0,0,2407194,2407315
202607191739,e2e_trace_v3,14107,17294028383935529495,7601,control,out,83642966489440,1,/apollo/control,0,7600,1784453998135778744,0,72263408870752798,2,2407194,2407315
202607191739,e2e_trace_v3,14110,17294028383935529495,7602,control,in,83642973552256,1,/apollo/planning,308,0,1784453998135778744,142,0,0,2407194,2407326
202607191739,e2e_trace_v3,14119,17294028383935529495,7602,control,out,83642974425728,1,/apollo/control,0,7601,1784453998135778744,0,72263408870752798,2,2407194,2407326
202607191739,e2e_trace_v3,14122,17294028383935529495,7603,control,in,83642983688640,1,/apollo/planning,308,0,1784453998135778744,142,0,0,2407194,2407300
202607191739,e2e_trace_v3,14131,17294028383935529495,7603,control,out,83642984743872,1,/apollo/control,0,7602,1784453998135778744,0,72263408870752798,2,2407194,2407300
202607191739,e2e_trace_v3,14134,17294028383935529496,7604,control,in,83642993643456,1,/apollo/planning,309,0,1784453998245159630,142,0,0,2407194,2407313
202607191739,e2e_trace_v3,14143,17294028383935529496,7604,control,out,83642994490400,1,/apollo/control,0,7603,1784453998245159630,0,72263408870752799,2,2407194,2407313
202607191739,e2e_trace_v3,14146,17294028383935529496,7605,control,in,83643003523648,1,/apollo/planning,309,0,1784453998245159630,142,0,0,2407194,2407304
202607191739,e2e_trace_v3,14155,17294028383935529496,7605,control,out,83643004428992,1,/apollo/control,0,7604,1784453998245159630,0,72263408870752799,2,2407194,2407304
202607191739,e2e_trace_v3,14158,17294028383935529496,7606,control,in,83643013404448,1,/apollo/planning,309,0,1784453998245159630,142,0,0,2407194,2407306
202607191739,e2e_trace_v3,14167,17294028383935529496,7606,control,out,83643014106368,1,/apollo/control,0,7605,1784453998245159630,0,72263408870752799,2,2407194,2407306
202607191739,e2e_trace_v3,14170,17294028383935529496,7607,control,in,83643023345600,1,/apollo/planning,309,0,1784453998245159630,142,0,0,2407194,2407330
202607191739,e2e_trace_v3,14179,17294028383935529496,7607,control,out,83643024038336,1,/apollo/control,0,7606,1784453998245159630,0,72263408870752799,2,2407194,2407330
202607191739,e2e_trace_v3,14182,17294028383935529496,7608,control,in,83643033395552,1,/apollo/planning,309,0,1784453998245159630,142,0,0,2407194,2407322
202607191739,e2e_trace_v3,14191,17294028383935529496,7608,control,out,83643034053440,1,/apollo/control,0,7607,1784453998245159630,0,72263408870752799,2,2407194,2407322
202607191739,e2e_trace_v3,14194,17294028383935529496,7609,control,in,83643043469312,1,/apollo/planning,309,0,1784453998245159630,142,0,0,2407194,2407311
202607191739,e2e_trace_v3,14203,17294028383935529496,7609,control,out,83643044265184,1,/apollo/control,0,7608,1784453998245159630,0,72263408870752799,2,2407194,2407311
202607191739,e2e_trace_v3,14206,17294028383935529496,7610,control,in,83643053605024,1,/apollo/planning,309,0,1784453998245159630,142,0,0,2407194,2407306
202607191739,e2e_trace_v3,14215,17294028383935529496,7610,control,out,83643054432800,1,/apollo/control,0,7609,1784453998245159630,0,72263408870752799,2,2407194,2407306
202607191739,e2e_trace_v3,14218,17294028383935529496,7611,control,in,83643063558496,1,/apollo/planning,309,0,1784453998245159630,142,0,0,2407194,2407311
202607191739,e2e_trace_v3,14227,17294028383935529496,7611,control,out,83643064380832,1,/apollo/control,0,7610,1784453998245159630,0,72263408870752799,2,2407194,2407311
202607191739,e2e_trace_v3,14230,17294028383935529496,7612,control,in,83643073660544,1,/apollo/planning,309,0,1784453998245159630,142,0,0,2407194,2407306
202607191739,e2e_trace_v3,14239,17294028383935529496,7612,control,out,83643074612320,1,/apollo/control,0,7611,1784453998245159630,0,72263408870752799,2,2407194,2407306
202607191739,e2e_trace_v3,14242,17294028383935529497,7613,control,in,83643083746560,1,/apollo/planning,310,0,1784453998363535271,142,0,0,2407194,2407318
202607191739,e2e_trace_v3,14251,17294028383935529497,7613,control,out,83643084613440,1,/apollo/control,0,7612,1784453998363535271,0,72263408870752800,2,2407194,2407318
202607191739,e2e_trace_v3,14254,17294028383935529497,7614,control,in,83643093450944,1,/apollo/planning,310,0,1784453998363535271,142,0,0,2407194,2407330
202607191739,e2e_trace_v3,14263,17294028383935529497,7614,control,out,83643094163712,1,/apollo/control,0,7613,1784453998363535271,0,72263408870752800,2,2407194,2407330
202607191739,e2e_trace_v3,14266,17294028383935529497,7615,control,in,83643103489184,1,/apollo/planning,310,0,1784453998363535271,142,0,0,2407194,2407309
202607191739,e2e_trace_v3,14275,17294028383935529497,7615,control,out,83643104331072,1,/apollo/control,0,7614,1784453998363535271,0,72263408870752800,2,2407194,2407309
202607191739,e2e_trace_v3,14278,17294028383935529497,7616,control,in,83643113502432,1,/apollo/planning,310,0,1784453998363535271,142,0,0,2407194,2407302
202607191739,e2e_trace_v3,14287,17294028383935529497,7616,control,out,83643114411392,1,/apollo/control,0,7615,1784453998363535271,0,72263408870752800,2,2407194,2407302
202607191739,e2e_trace_v3,14290,17294028383935529497,7617,control,in,83643123500800,1,/apollo/planning,310,0,1784453998363535271,142,0,0,2407194,2407306
202607191739,e2e_trace_v3,14299,17294028383935529497,7617,control,out,83643124384736,1,/apollo/control,0,7616,1784453998363535271,0,72263408870752800,2,2407194,2407306
202607191739,e2e_trace_v3,14302,17294028383935529497,7618,control,in,83643133451136,1,/apollo/planning,310,0,1784453998363535271,142,0,0,2407194,2407313
202607191739,e2e_trace_v3,14311,17294028383935529497,7618,control,out,83643134257984,1,/apollo/control,0,7617,1784453998363535271,0,72263408870752800,2,2407194,2407313
202607191739,e2e_trace_v3,14314,17294028383935529497,7619,control,in,83643143532288,1,/apollo/planning,310,0,1784453998363535271,142,0,0,2407194,2407322
202607191739,e2e_trace_v3,14323,17294028383935529497,7619,control,out,83643144362592,1,/apollo/control,0,7618,1784453998363535271,0,72263408870752800,2,2407194,2407322
202607191739,e2e_trace_v3,14326,17294028383935529497,7620,control,in,83643159259008,1,/apollo/planning,310,0,1784453998363535271,142,0,0,2407194,2407309
202607191739,e2e_trace_v3,14335,17294028383935529497,7620,control,out,83643160272640,1,/apollo/control,0,7619,1784453998363535271,0,72263408870752800,2,2407194,2407309
202607191739,e2e_trace_v3,14338,17294028383935529497,7621,control,in,83643163190272,1,/apollo/planning,310,0,1784453998363535271,142,0,0,2407194,2407324
202607191739,e2e_trace_v3,14347,17294028383935529497,7621,control,out,83643163987392,1,/apollo/control,0,7620,1784453998363535271,0,72263408870752800,2,2407194,2407324
202607191739,e2e_trace_v3,14350,17294028383935529498,7622,control,in,83643173329216,1,/apollo/planning,311,0,1784453998476308152,111,0,0,2407194,2407309
202607191739,e2e_trace_v3,14359,17294028383935529498,7622,control,out,83643174222784,1,/apollo/control,0,7621,1784453998476308152,0,72263408870752801,2,2407194,2407309
202607191739,e2e_trace_v3,14362,17294028383935529498,7623,control,in,83643183142720,1,/apollo/planning,311,0,1784453998476308152,111,0,0,2407194,2407302
202607191739,e2e_trace_v3,14371,17294028383935529498,7623,control,out,83643183898432,1,/apollo/control,0,7622,1784453998476308152,0,72263408870752801,2,2407194,2407302
202607191739,e2e_trace_v3,14374,17294028383935529498,7624,control,in,83643193114944,1,/apollo/planning,311,0,1784453998476308152,111,0,0,2407194,2407326
202607191739,e2e_trace_v3,14383,17294028383935529498,7624,control,out,83643193986976,1,/apollo/control,0,7623,1784453998476308152,0,72263408870752801,2,2407194,2407326
202607191739,e2e_trace_v3,14386,17294028383935529498,7625,control,in,83643203096608,1,/apollo/planning,311,0,1784453998476308152,111,0,0,2407194,2407306
202607191739,e2e_trace_v3,14395,17294028383935529498,7625,control,out,83643203974304,1,/apollo/control,0,7624,1784453998476308152,0,72263408870752801,2,2407194,2407306
202607191739,e2e_trace_v3,14398,17294028383935529498,7626,control,in,83643213061024,1,/apollo/planning,311,0,1784453998476308152,111,0,0,2407194,2407311
202607191739,e2e_trace_v3,14407,17294028383935529498,7626,control,out,83643213967744,1,/apollo/control,0,7625,1784453998476308152,0,72263408870752801,2,2407194,2407311
202607191739,e2e_trace_v3,14410,17294028383935529498,7627,control,in,83643223041408,1,/apollo/planning,311,0,1784453998476308152,111,0,0,2407194,2407313
202607191739,e2e_trace_v3,14419,17294028383935529498,7627,control,out,83643223816256,1,/apollo/control,0,7626,1784453998476308152,0,72263408870752801,2,2407194,2407313
202607191739,e2e_trace_v3,14422,17294028383935529498,7628,control,in,83643232992800,1,/apollo/planning,311,0,1784453998476308152,111,0,0,2407194,2407318
202607191739,e2e_trace_v3,14431,17294028383935529498,7628,control,out,83643233819840,1,/apollo/control,0,7627,1784453998476308152,0,72263408870752801,2,2407194,2407318
202607191739,e2e_trace_v3,14434,17294028383935529498,7629,control,in,83643243153280,1,/apollo/planning,311,0,1784453998476308152,111,0,0,2407194,2407329
202607191739,e2e_trace_v3,14443,17294028383935529498,7629,control,out,83643244072000,1,/apollo/control,0,7628,1784453998476308152,0,72263408870752801,2,2407194,2407329
202607191739,e2e_trace_v3,14446,17294028383935529498,7630,control,in,83643253139360,1,/apollo/planning,311,0,1784453998476308152,111,0,0,2407194,2407309
202607191739,e2e_trace_v3,14455,17294028383935529498,7630,control,out,83643253978432,1,/apollo/control,0,7629,1784453998476308152,0,72263408870752801,2,2407194,2407309
202607191739,e2e_trace_v3,14458,17294028383935529498,7631,control,in,83643263161184,1,/apollo/planning,311,0,1784453998476308152,111,0,0,2407194,2407326
202607191739,e2e_trace_v3,14467,17294028383935529498,7631,control,out,83643264127680,1,/apollo/control,0,7630,1784453998476308152,0,72263408870752801,2,2407194,2407326
202607191739,e2e_trace_v3,14470,17294028383935529499,7632,control,in,83643273219776,1,/apollo/planning,312,0,1784453998584674902,117,0,0,2407194,2407322
202607191739,e2e_trace_v3,14479,17294028383935529499,7632,control,out,83643274181696,1,/apollo/control,0,7631,1784453998584674902,0,72263408870752802,2,2407194,2407322
202607191739,e2e_trace_v3,14482,17294028383935529499,7633,control,in,83643283140864,1,/apollo/planning,312,0,1784453998584674902,117,0,0,2407194,2407300
202607191739,e2e_trace_v3,14491,17294028383935529499,7633,control,out,83643284128544,1,/apollo/control,0,7632,1784453998584674902,0,72263408870752802,2,2407194,2407300
202607191739,e2e_trace_v3,14494,17294028383935529499,7634,control,in,83643293003616,1,/apollo/planning,312,0,1784453998584674902,117,0,0,2407194,2407326
202607191739,e2e_trace_v3,14503,17294028383935529499,7634,control,out,83643293835904,1,/apollo/control,0,7633,1784453998584674902,0,72263408870752802,2,2407194,2407326
202607191739,e2e_trace_v3,14506,17294028383935529499,7635,control,in,83643303201120,1,/apollo/planning,312,0,1784453998584674902,117,0,0,2407194,2407318
202607191739,e2e_trace_v3,14515,17294028383935529499,7635,control,out,83643304207968,1,/apollo/control,0,7634,1784453998584674902,0,72263408870752802,2,2407194,2407318
202607191739,e2e_trace_v3,14518,17294028383935529499,7636,control,in,83643313238624,1,/apollo/planning,312,0,1784453998584674902,117,0,0,2407194,2407311
202607191739,e2e_trace_v3,14527,17294028383935529499,7636,control,out,83643314315808,1,/apollo/control,0,7635,1784453998584674902,0,72263408870752802,2,2407194,2407311
202607191739,e2e_trace_v3,14530,17294028383935529499,7637,control,in,83643323090208,1,/apollo/planning,312,0,1784453998584674902,117,0,0,2407194,2407328
202607191739,e2e_trace_v3,14539,17294028383935529499,7637,control,out,83643324044288,1,/apollo/control,0,7636,1784453998584674902,0,72263408870752802,2,2407194,2407328
202607191739,e2e_trace_v3,14542,17294028383935529499,7638,control,in,83643333140192,1,/apollo/planning,312,0,1784453998584674902,117,0,0,2407194,2407309
202607191739,e2e_trace_v3,14551,17294028383935529499,7638,control,out,83643334763232,1,/apollo/control,0,7637,1784453998584674902,0,72263408870752802,2,2407194,2407309
202607191739,e2e_trace_v3,14554,17294028383935529499,7639,control,in,83643343161984,1,/apollo/planning,312,0,1784453998584674902,117,0,0,2407194,2407326
202607191739,e2e_trace_v3,14563,17294028383935529499,7639,control,out,83643344122528,1,/apollo/control,0,7638,1784453998584674902,0,72263408870752802,2,2407194,2407326
202607191739,e2e_trace_v3,14566,17294028383935529499,7640,control,in,83643353175072,1,/apollo/planning,312,0,1784453998584674902,117,0,0,2407194,2407300
202607191739,e2e_trace_v3,14575,17294028383935529499,7640,control,out,83643354386912,1,/apollo/control,0,7639,1784453998584674902,0,72263408870752802,2,2407194,2407300
202607191739,e2e_trace_v3,14578,17294028383935529499,7641,control,in,83643363146048,1,/apollo/planning,312,0,1784453998584674902,117,0,0,2407194,2407306
202607191739,e2e_trace_v3,14587,17294028383935529499,7641,control,out,83643364062368,1,/apollo/control,0,7640,1784453998584674902,0,72263408870752802,2,2407194,2407306
202607191739,e2e_trace_v3,14590,17294028383935529500,7642,control,in,83643373211200,1,/apollo/planning,313,0,1784453998697354192,121,0,0,2407194,2407313
202607191739,e2e_trace_v3,14599,17294028383935529500,7642,control,out,83643374146528,1,/apollo/control,0,7641,1784453998697354192,0,72263408870752803,2,2407194,2407313
202607191739,e2e_trace_v3,14602,17294028383935529500,7643,control,in,83643383053184,1,/apollo/planning,313,0,1784453998697354192,121,0,0,2407194,2407306
202607191739,e2e_trace_v3,14611,17294028383935529500,7643,control,out,83643384013696,1,/apollo/control,0,7642,1784453998697354192,0,72263408870752803,2,2407194,2407306
202607191739,e2e_trace_v3,14614,17294028383935529500,7644,control,in,83643393045312,1,/apollo/planning,313,0,1784453998697354192,121,0,0,2407194,2407330
202607191739,e2e_trace_v3,14623,17294028383935529500,7644,control,out,83643393766848,1,/apollo/control,0,7643,1784453998697354192,0,72263408870752803,2,2407194,2407330
202607191739,e2e_trace_v3,14626,17294028383935529500,7645,control,in,83643403089152,1,/apollo/planning,313,0,1784453998697354192,121,0,0,2407194,2407300
202607191739,e2e_trace_v3,14635,17294028383935529500,7645,control,out,83643404295904,1,/apollo/control,0,7644,1784453998697354192,0,72263408870752803,2,2407194,2407300
202607191739,e2e_trace_v3,14638,17294028383935529500,7646,control,in,83643413333088,1,/apollo/planning,313,0,1784453998697354192,121,0,0,2407194,2407326
202607191739,e2e_trace_v3,14647,17294028383935529500,7646,control,out,83643415388544,1,/apollo/control,0,7645,1784453998697354192,0,72263408870752803,2,2407194,2407326
202607191739,e2e_trace_v3,14650,17294028383935529500,7647,control,in,83643423173664,1,/apollo/planning,313,0,1784453998697354192,121,0,0,2407194,2407313
202607191739,e2e_trace_v3,14659,17294028383935529500,7647,control,out,83643423960992,1,/apollo/control,0,7646,1784453998697354192,0,72263408870752803,2,2407194,2407313
202607191739,e2e_trace_v3,14662,17294028383935529500,7648,control,in,83643437813472,1,/apollo/planning,313,0,1784453998697354192,121,0,0,2407194,2407315
202607191739,e2e_trace_v3,14671,17294028383935529500,7648,control,out,83643439338688,1,/apollo/control,0,7647,1784453998697354192,0,72263408870752803,2,2407194,2407315
202607191739,e2e_trace_v3,14674,17294028383935529500,7649,control,in,83643443750688,1,/apollo/planning,313,0,1784453998697354192,121,0,0,2407194,2407304
202607191739,e2e_trace_v3,14683,17294028383935529500,7649,control,out,83643444666336,1,/apollo/control,0,7648,1784453998697354192,0,72263408870752803,2,2407194,2407304
202607191739,e2e_trace_v3,14686,17294028383935529500,7650,control,in,83643453658048,1,/apollo/planning,313,0,1784453998697354192,121,0,0,2407194,2407313
202607191739,e2e_trace_v3,14695,17294028383935529500,7650,control,out,83643454557536,1,/apollo/control,0,7649,1784453998697354192,0,72263408870752803,2,2407194,2407313
202607191739,e2e_trace_v3,14698,17294028383935529500,7651,control,in,83643463807680,1,/apollo/planning,313,0,1784453998697354192,121,0,0,2407194,2407318
202607191739,e2e_trace_v3,14707,17294028383935529500,7651,control,out,83643464987328,1,/apollo/control,0,7650,1784453998697354192,0,72263408870752803,2,2407194,2407318
202607191739,e2e_trace_v3,14710,17294028383935529500,7652,control,in,83643473754944,1,/apollo/planning,313,0,1784453998697354192,121,0,0,2407194,2407330
202607191739,e2e_trace_v3,14719,17294028383935529500,7652,control,out,83643474781024,1,/apollo/control,0,7651,1784453998697354192,0,72263408870752803,2,2407194,2407330
202607191739,e2e_trace_v3,14722,17294028383935529501,7653,control,in,83643483914848,1,/apollo/planning,314,0,1784453998811385785,127,0,0,2407194,2407302
202607191739,e2e_trace_v3,14731,17294028383935529501,7653,control,out,83643484947200,1,/apollo/control,0,7652,1784453998811385785,0,72263408870752804,2,2407194,2407302
202607191739,e2e_trace_v3,14734,17294028383935529501,7654,control,in,83643493663936,1,/apollo/planning,314,0,1784453998811385785,127,0,0,2407194,2407306
202607191739,e2e_trace_v3,14743,17294028383935529501,7654,control,out,83643494747008,1,/apollo/control,0,7653,1784453998811385785,0,72263408870752804,2,2407194,2407306
202607191739,e2e_trace_v3,14746,17294028383935529501,7655,control,in,83643503694528,1,/apollo/planning,314,0,1784453998811385785,127,0,0,2407194,2407311
202607191739,e2e_trace_v3,14755,17294028383935529501,7655,control,out,83643504733664,1,/apollo/control,0,7654,1784453998811385785,0,72263408870752804,2,2407194,2407311
202607191739,e2e_trace_v3,14758,17294028383935529501,7656,control,in,83643513761440,1,/apollo/planning,314,0,1784453998811385785,127,0,0,2407194,2407328
202607191739,e2e_trace_v3,14767,17294028383935529501,7656,control,out,83643514920224,1,/apollo/control,0,7655,1784453998811385785,0,72263408870752804,2,2407194,2407328
202607191739,e2e_trace_v3,14770,17294028383935529501,7657,control,in,83643523707168,1,/apollo/planning,314,0,1784453998811385785,127,0,0,2407194,2407304
202607191739,e2e_trace_v3,14779,17294028383935529501,7657,control,out,83643524436128,1,/apollo/control,0,7656,1784453998811385785,0,72263408870752804,2,2407194,2407304
202607191739,e2e_trace_v3,14782,17294028383935529501,7658,control,in,83643533881408,1,/apollo/planning,314,0,1784453998811385785,127,0,0,2407194,2407300
202607191739,e2e_trace_v3,14791,17294028383935529501,7658,control,out,83643535545696,1,/apollo/control,0,7657,1784453998811385785,0,72263408870752804,2,2407194,2407300
202607191739,e2e_trace_v3,14794,17294028383935529501,7659,control,in,83643545826048,1,/apollo/planning,314,0,1784453998811385785,127,0,0,2407194,2407324
202607191739,e2e_trace_v3,14803,17294028383935529501,7659,control,out,83643547199296,1,/apollo/control,0,7658,1784453998811385785,0,72263408870752804,2,2407194,2407324
202607191739,e2e_trace_v3,14806,17294028383935529501,7660,control,in,83643553805952,1,/apollo/planning,314,0,1784453998811385785,127,0,0,2407194,2407322
202607191739,e2e_trace_v3,14815,17294028383935529501,7660,control,out,83643555189792,1,/apollo/control,0,7659,1784453998811385785,0,72263408870752804,2,2407194,2407322
202607191739,e2e_trace_v3,14818,17294028383935529501,7661,control,in,83643563689856,1,/apollo/planning,314,0,1784453998811385785,127,0,0,2407194,2407313
202607191739,e2e_trace_v3,14827,17294028383935529501,7661,control,out,83643564612672,1,/apollo/control,0,7660,1784453998811385785,0,72263408870752804,2,2407194,2407313
202607191739,e2e_trace_v3,14830,17294028383935529502,7662,control,in,83643573965696,1,/apollo/planning,315,0,1784453998919670579,131,0,0,2407194,2407300
202607191739,e2e_trace_v3,14839,17294028383935529502,7662,control,out,83643574994976,1,/apollo/control,0,7661,1784453998919670579,0,72263408870752805,2,2407194,2407300
202607191739,e2e_trace_v3,14842,17294028383935529502,7663,control,in,83643583669664,1,/apollo/planning,315,0,1784453998919670579,131,0,0,2407194,2407302
202607191739,e2e_trace_v3,14851,17294028383935529502,7663,control,out,83643584349184,1,/apollo/control,0,7662,1784453998919670579,0,72263408870752805,2,2407194,2407302
202607191739,e2e_trace_v3,14854,17294028383935529502,7664,control,in,83643593664896,1,/apollo/planning,315,0,1784453998919670579,131,0,0,2407194,2407311
202607191739,e2e_trace_v3,14863,17294028383935529502,7664,control,out,83643594652192,1,/apollo/control,0,7663,1784453998919670579,0,72263408870752805,2,2407194,2407311
202607191739,e2e_trace_v3,14866,17294028383935529502,7665,control,in,83643603667680,1,/apollo/planning,315,0,1784453998919670579,131,0,0,2407194,2407300
202607191739,e2e_trace_v3,14875,17294028383935529502,7665,control,out,83643604877216,1,/apollo/control,0,7664,1784453998919670579,0,72263408870752805,2,2407194,2407300
202607191739,e2e_trace_v3,14878,17294028383935529502,7666,control,in,83643613812896,1,/apollo/planning,315,0,1784453998919670579,131,0,0,2407194,2407329
202607191739,e2e_trace_v3,14887,17294028383935529502,7666,control,out,83643615288736,1,/apollo/control,0,7665,1784453998919670579,0,72263408870752805,2,2407194,2407329
202607191739,e2e_trace_v3,14890,17294028383935529502,7667,control,in,83643623642432,1,/apollo/planning,315,0,1784453998919670579,131,0,0,2407194,2407315
202607191739,e2e_trace_v3,14899,17294028383935529502,7667,control,out,83643624606432,1,/apollo/control,0,7666,1784453998919670579,0,72263408870752805,2,2407194,2407315
202607191739,e2e_trace_v3,14902,17294028383935529502,7668,control,in,83643633766560,1,/apollo/planning,315,0,1784453998919670579,131,0,0,2407194,2407328
202607191739,e2e_trace_v3,14911,17294028383935529502,7668,control,out,83643634923904,1,/apollo/control,0,7667,1784453998919670579,0,72263408870752805,2,2407194,2407328
202607191739,e2e_trace_v3,14914,17294028383935529502,7669,control,in,83643643759840,1,/apollo/planning,315,0,1784453998919670579,131,0,0,2407194,2407329
202607191739,e2e_trace_v3,14923,17294028383935529502,7669,control,out,83643644761984,1,/apollo/control,0,7668,1784453998919670579,0,72263408870752805,2,2407194,2407329
202607191739,e2e_trace_v3,14926,17294028383935529502,7670,control,in,83643653845664,1,/apollo/planning,315,0,1784453998919670579,131,0,0,2407194,2407300
202607191739,e2e_trace_v3,14935,17294028383935529502,7670,control,out,83643655001344,1,/apollo/control,0,7669,1784453998919670579,0,72263408870752805,2,2407194,2407300
202607191739,e2e_trace_v3,14938,17294028383935529502,7671,control,in,83643667560832,1,/apollo/planning,315,0,1784453998919670579,131,0,0,2407194,2407318
202607191739,e2e_trace_v3,14947,17294028383935529502,7671,control,out,83643668478848,1,/apollo/control,0,7670,1784453998919670579,0,72263408870752805,2,2407194,2407318
202607191739,e2e_trace_v3,14950,17294028383935529503,7672,control,in,83643673640192,1,/apollo/planning,316,0,1784453999028919575,136,0,0,2407194,2407304
202607191739,e2e_trace_v3,14959,17294028383935529503,7672,control,out,83643674645536,1,/apollo/control,0,7671,1784453999028919575,0,72263408870752806,2,2407194,2407304
202607191739,e2e_trace_v3,14962,17294028383935529503,7673,control,in,83643684307840,1,/apollo/planning,316,0,1784453999028919575,136,0,0,2407194,2407326
202607191739,e2e_trace_v3,14971,17294028383935529503,7673,control,out,83643685224032,1,/apollo/control,0,7672,1784453999028919575,0,72263408870752806,2,2407194,2407326
202607191739,e2e_trace_v3,14974,17294028383935529503,7674,control,in,83643695440288,1,/apollo/planning,316,0,1784453999028919575,136,0,0,2407194,2407318
202607191739,e2e_trace_v3,14983,17294028383935529503,7674,control,out,83643696221600,1,/apollo/control,0,7673,1784453999028919575,0,72263408870752806,2,2407194,2407318
202607191739,e2e_trace_v3,14986,17294028383935529503,7675,control,in,83643703475136,1,/apollo/planning,316,0,1784453999028919575,136,0,0,2407194,2407315
202607191739,e2e_trace_v3,14995,17294028383935529503,7675,control,out,83643704485312,1,/apollo/control,0,7674,1784453999028919575,0,72263408870752806,2,2407194,2407315
202607191739,e2e_trace_v3,14998,17294028383935529503,7676,control,in,83643713500128,1,/apollo/planning,316,0,1784453999028919575,136,0,0,2407194,2407309
202607191739,e2e_trace_v3,15007,17294028383935529503,7676,control,out,83643714299456,1,/apollo/control,0,7675,1784453999028919575,0,72263408870752806,2,2407194,2407309
202607191739,e2e_trace_v3,15010,17294028383935529503,7677,control,in,83643723564512,1,/apollo/planning,316,0,1784453999028919575,136,0,0,2407194,2407319
202607191739,e2e_trace_v3,15019,17294028383935529503,7677,control,out,83643724411200,1,/apollo/control,0,7676,1784453999028919575,0,72263408870752806,2,2407194,2407319
202607191739,e2e_trace_v3,15022,17294028383935529503,7678,control,in,83643733583232,1,/apollo/planning,316,0,1784453999028919575,136,0,0,2407194,2407313
202607191739,e2e_trace_v3,15031,17294028383935529503,7678,control,out,83643734946848,1,/apollo/control,0,7677,1784453999028919575,0,72263408870752806,2,2407194,2407313
202607191739,e2e_trace_v3,15034,17294028383935529503,7679,control,in,83643743584768,1,/apollo/planning,316,0,1784453999028919575,136,0,0,2407194,2407328
202607191739,e2e_trace_v3,15043,17294028383935529503,7679,control,out,83643745120480,1,/apollo/control,0,7678,1784453999028919575,0,72263408870752806,2,2407194,2407328
202607191739,e2e_trace_v3,15046,17294028383935529503,7680,control,in,83643753642240,1,/apollo/planning,316,0,1784453999028919575,136,0,0,2407194,2407329
202607191739,e2e_trace_v3,15055,17294028383935529503,7680,control,out,83643754586272,1,/apollo/control,0,7679,1784453999028919575,0,72263408870752806,2,2407194,2407329
202607191739,e2e_trace_v3,15058,17294028383935529503,7681,control,in,83643763569472,1,/apollo/planning,316,0,1784453999028919575,136,0,0,2407194,2407315
202607191739,e2e_trace_v3,15067,17294028383935529503,7681,control,out,83643764704800,1,/apollo/control,0,7680,1784453999028919575,0,72263408870752806,2,2407194,2407315
202607191739,e2e_trace_v3,15070,17294028383935529503,7682,control,in,83643773591648,1,/apollo/planning,316,0,1784453999028919575,136,0,0,2407194,2407330
202607191739,e2e_trace_v3,15079,17294028383935529503,7682,control,out,83643774544768,1,/apollo/control,0,7681,1784453999028919575,0,72263408870752806,2,2407194,2407330
202607191739,e2e_trace_v3,15082,17294028383935529503,7683,control,in,83643783477056,1,/apollo/planning,316,0,1784453999028919575,136,0,0,2407194,2407318
202607191739,e2e_trace_v3,15091,17294028383935529503,7683,control,out,83643784384064,1,/apollo/control,0,7682,1784453999028919575,0,72263408870752806,2,2407194,2407318
202607191739,e2e_trace_v3,15094,17294028383935529504,7684,control,in,83643793639936,1,/apollo/planning,317,0,1784453999144463550,137,0,0,2407194,2407328
202607191739,e2e_trace_v3,15103,17294028383935529504,7684,control,out,83643794690944,1,/apollo/control,0,7683,1784453999144463550,0,72263408870752807,2,2407194,2407328
202607191739,e2e_trace_v3,15106,17294028383935529504,7685,control,in,83643803461248,1,/apollo/planning,317,0,1784453999144463550,137,0,0,2407194,2407315
202607191739,e2e_trace_v3,15115,17294028383935529504,7685,control,out,83643804379264,1,/apollo/control,0,7684,1784453999144463550,0,72263408870752807,2,2407194,2407315
202607191739,e2e_trace_v3,15118,17294028383935529504,7686,control,in,83643813469792,1,/apollo/planning,317,0,1784453999144463550,137,0,0,2407194,2407309
202607191739,e2e_trace_v3,15127,17294028383935529504,7686,control,out,83643814252032,1,/apollo/control,0,7685,1784453999144463550,0,72263408870752807,2,2407194,2407309
202607191739,e2e_trace_v3,15130,17294028383935529504,7687,control,in,83643823519776,1,/apollo/planning,317,0,1784453999144463550,137,0,0,2407194,2407313
202607191739,e2e_trace_v3,15139,17294028383935529504,7687,control,out,83643824650688,1,/apollo/control,0,7686,1784453999144463550,0,72263408870752807,2,2407194,2407313
202607191739,e2e_trace_v3,15142,17294028383935529504,7688,control,in,83643833525600,1,/apollo/planning,317,0,1784453999144463550,137,0,0,2407194,2407322
202607191739,e2e_trace_v3,15151,17294028383935529504,7688,control,out,83643834734688,1,/apollo/control,0,7687,1784453999144463550,0,72263408870752807,2,2407194,2407322
202607191739,e2e_trace_v3,15154,17294028383935529504,7689,control,in,83643843570816,1,/apollo/planning,317,0,1784453999144463550,137,0,0,2407194,2407319
202607191739,e2e_trace_v3,15163,17294028383935529504,7689,control,out,83643844518048,1,/apollo/control,0,7688,1784453999144463550,0,72263408870752807,2,2407194,2407319
202607191739,e2e_trace_v3,15166,17294028383935529504,7690,control,in,83643853629632,1,/apollo/planning,317,0,1784453999144463550,137,0,0,2407194,2407313
202607191739,e2e_trace_v3,15175,17294028383935529504,7690,control,out,83643854795008,1,/apollo/control,0,7689,1784453999144463550,0,72263408870752807,2,2407194,2407313
202607191739,e2e_trace_v3,15178,17294028383935529504,7691,control,in,83643863782368,1,/apollo/planning,317,0,1784453999144463550,137,0,0,2407194,2407318
202607191739,e2e_trace_v3,15187,17294028383935529504,7691,control,out,83643864831488,1,/apollo/control,0,7690,1784453999144463550,0,72263408870752807,2,2407194,2407318
202607191739,e2e_trace_v3,15190,17294028383935529504,7692,control,in,83643873617280,1,/apollo/planning,317,0,1784453999144463550,137,0,0,2407194,2407309
202607191739,e2e_trace_v3,15199,17294028383935529504,7692,control,out,83643874557696,1,/apollo/control,0,7691,1784453999144463550,0,72263408870752807,2,2407194,2407309
202607191739,e2e_trace_v3,15202,17294028383935529505,7693,control,in,83643883628544,1,/apollo/planning,318,0,1784453999258163320,142,0,0,2407194,2407304
202607191739,e2e_trace_v3,15211,17294028383935529505,7693,control,out,83643884500704,1,/apollo/control,0,7692,1784453999258163320,0,72263408870752808,2,2407194,2407304
202607191739,e2e_trace_v3,15214,17294028383935529505,7694,control,in,83643893455680,1,/apollo/planning,318,0,1784453999258163320,142,0,0,2407194,2407328
202607191739,e2e_trace_v3,15223,17294028383935529505,7694,control,out,83643894293728,1,/apollo/control,0,7693,1784453999258163320,0,72263408870752808,2,2407194,2407328
202607191739,e2e_trace_v3,15226,17294028383935529505,7695,control,in,83643903494976,1,/apollo/planning,318,0,1784453999258163320,142,0,0,2407194,2407311
202607191739,e2e_trace_v3,15235,17294028383935529505,7695,control,out,83643904462656,1,/apollo/control,0,7694,1784453999258163320,0,72263408870752808,2,2407194,2407311
202607191739,e2e_trace_v3,15238,17294028383935529505,7696,control,in,83643913449696,1,/apollo/planning,318,0,1784453999258163320,142,0,0,2407194,2407315
202607191739,e2e_trace_v3,15247,17294028383935529505,7696,control,out,83643914420096,1,/apollo/control,0,7695,1784453999258163320,0,72263408870752808,2,2407194,2407315
202607191739,e2e_trace_v3,15250,17294028383935529505,7697,control,in,83643923484768,1,/apollo/planning,318,0,1784453999258163320,142,0,0,2407194,2407304
202607191739,e2e_trace_v3,15259,17294028383935529505,7697,control,out,83643924639392,1,/apollo/control,0,7696,1784453999258163320,0,72263408870752808,2,2407194,2407304
202607191739,e2e_trace_v3,15262,17294028383935529505,7698,control,in,83643933488576,1,/apollo/planning,318,0,1784453999258163320,142,0,0,2407194,2407311
202607191739,e2e_trace_v3,15271,17294028383935529505,7698,control,out,83643934702592,1,/apollo/control,0,7697,1784453999258163320,0,72263408870752808,2,2407194,2407311
202607191739,e2e_trace_v3,15274,17294028383935529505,7699,control,in,83643943529504,1,/apollo/planning,318,0,1784453999258163320,142,0,0,2407194,2407330
202607191739,e2e_trace_v3,15283,17294028383935529505,7699,control,out,83643944400928,1,/apollo/control,0,7698,1784453999258163320,0,72263408870752808,2,2407194,2407330
202607191739,e2e_trace_v3,15286,17294028383935529505,7700,control,in,83643953558784,1,/apollo/planning,318,0,1784453999258163320,142,0,0,2407194,2407302
202607191739,e2e_trace_v3,15295,17294028383935529505,7700,control,out,83643954546112,1,/apollo/control,0,7699,1784453999258163320,0,72263408870752808,2,2407194,2407302
202607191739,e2e_trace_v3,15298,17294028383935529505,7701,control,in,83643963650752,1,/apollo/planning,318,0,1784453999258163320,142,0,0,2407194,2407302
202607191739,e2e_trace_v3,15307,17294028383935529505,7701,control,out,83643964676576,1,/apollo/control,0,7700,1784453999258163320,0,72263408870752808,2,2407194,2407302
202607191739,e2e_trace_v3,15310,17294028383935529506,7702,control,in,83643973835328,1,/apollo/planning,319,0,1784453999372878724,141,0,0,2407194,2407302
202607191739,e2e_trace_v3,15319,17294028383935529506,7702,control,out,83643974717504,1,/apollo/control,0,7701,1784453999372878724,0,72263408870752809,2,2407194,2407302
202607191739,e2e_trace_v3,15322,17294028383935529506,7703,control,in,83643983510208,1,/apollo/planning,319,0,1784453999372878724,141,0,0,2407194,2407329
202607191739,e2e_trace_v3,15331,17294028383935529506,7703,control,out,83643984523136,1,/apollo/control,0,7702,1784453999372878724,0,72263408870752809,2,2407194,2407329
202607191739,e2e_trace_v3,15334,17294028383935529506,7704,control,in,83643993480288,1,/apollo/planning,319,0,1784453999372878724,141,0,0,2407194,2407319
202607191739,e2e_trace_v3,15343,17294028383935529506,7704,control,out,83643994168928,1,/apollo/control,0,7703,1784453999372878724,0,72263408870752809,2,2407194,2407319
202607191739,e2e_trace_v3,15346,17294028383935529506,7705,control,in,83644003579456,1,/apollo/planning,319,0,1784453999372878724,141,0,0,2407194,2407302
202607191739,e2e_trace_v3,15355,17294028383935529506,7705,control,out,83644004489280,1,/apollo/control,0,7704,1784453999372878724,0,72263408870752809,2,2407194,2407302
202607191739,e2e_trace_v3,15358,17294028383935529506,7706,control,in,83644013585024,1,/apollo/planning,319,0,1784453999372878724,141,0,0,2407194,2407326
202607191739,e2e_trace_v3,15367,17294028383935529506,7706,control,out,83644014741696,1,/apollo/control,0,7705,1784453999372878724,0,72263408870752809,2,2407194,2407326
202607191739,e2e_trace_v3,15370,17294028383935529506,7707,control,in,83644023488064,1,/apollo/planning,319,0,1784453999372878724,141,0,0,2407194,2407304
202607191739,e2e_trace_v3,15379,17294028383935529506,7707,control,out,83644024251328,1,/apollo/control,0,7706,1784453999372878724,0,72263408870752809,2,2407194,2407304
202607191739,e2e_trace_v3,15382,17294028383935529506,7708,control,in,83644033562336,1,/apollo/planning,319,0,1784453999372878724,141,0,0,2407194,2407324
202607191739,e2e_trace_v3,15391,17294028383935529506,7708,control,out,83644034411968,1,/apollo/control,0,7707,1784453999372878724,0,72263408870752809,2,2407194,2407324
202607191739,e2e_trace_v3,15394,17294028383935529506,7709,control,in,83644043573024,1,/apollo/planning,319,0,1784453999372878724,141,0,0,2407194,2407302
202607191739,e2e_trace_v3,15403,17294028383935529506,7709,control,out,83644044462368,1,/apollo/control,0,7708,1784453999372878724,0,72263408870752809,2,2407194,2407302
202607191739,e2e_trace_v3,15406,17294028383935529506,7710,control,in,83644053598208,1,/apollo/planning,319,0,1784453999372878724,141,0,0,2407194,2407315
202607191739,e2e_trace_v3,15415,17294028383935529506,7710,control,out,83644054399584,1,/apollo/control,0,7709,1784453999372878724,0,72263408870752809,2,2407194,2407315
202607191739,e2e_trace_v3,15418,17294028383935529506,7711,control,in,83644063466432,1,/apollo/planning,319,0,1784453999372878724,141,0,0,2407194,2407330
202607191739,e2e_trace_v3,15427,17294028383935529506,7711,control,out,83644064213664,1,/apollo/control,0,7710,1784453999372878724,0,72263408870752809,2,2407194,2407330
202607191739,e2e_trace_v3,15430,17294028383935529506,7712,control,in,83644073436672,1,/apollo/planning,319,0,1784453999372878724,141,0,0,2407194,2407315
202607191739,e2e_trace_v3,15439,17294028383935529506,7712,control,out,83644074263456,1,/apollo/control,0,7711,1784453999372878724,0,72263408870752809,2,2407194,2407315
202607191739,e2e_trace_v3,15442,17294028383935529507,7713,control,in,83644083534880,1,/apollo/planning,320,0,1784453999480199488,141,0,0,2407194,2407313
202607191739,e2e_trace_v3,15451,17294028383935529507,7713,control,out,83644084361952,1,/apollo/control,0,7712,1784453999480199488,0,72263408870752810,2,2407194,2407313
202607191739,e2e_trace_v3,15454,17294028383935529507,7714,control,in,83644093418720,1,/apollo/planning,320,0,1784453999480199488,141,0,0,2407194,2407302
202607191739,e2e_trace_v3,15463,17294028383935529507,7714,control,out,83644094159680,1,/apollo/control,0,7713,1784453999480199488,0,72263408870752810,2,2407194,2407302
202607191739,e2e_trace_v3,15466,17294028383935529507,7715,control,in,83644103434560,1,/apollo/planning,320,0,1784453999480199488,141,0,0,2407194,2407328
202607191739,e2e_trace_v3,15475,17294028383935529507,7715,control,out,83644104186528,1,/apollo/control,0,7714,1784453999480199488,0,72263408870752810,2,2407194,2407328
202607191739,e2e_trace_v3,15478,17294028383935529507,7716,control,in,83644113456224,1,/apollo/planning,320,0,1784453999480199488,141,0,0,2407194,2407304
202607191739,e2e_trace_v3,15487,17294028383935529507,7716,control,out,83644114292544,1,/apollo/control,0,7715,1784453999480199488,0,72263408870752810,2,2407194,2407304
202607191739,e2e_trace_v3,15490,17294028383935529507,7717,control,in,83644123508960,1,/apollo/planning,320,0,1784453999480199488,141,0,0,2407194,2407302
202607191739,e2e_trace_v3,15499,17294028383935529507,7717,control,out,83644124302592,1,/apollo/control,0,7716,1784453999480199488,0,72263408870752810,2,2407194,2407302
202607191739,e2e_trace_v3,15502,17294028383935529507,7718,control,in,83644133581536,1,/apollo/planning,320,0,1784453999480199488,141,0,0,2407194,2407315
202607191739,e2e_trace_v3,15511,17294028383935529507,7718,control,out,83644134405024,1,/apollo/control,0,7717,1784453999480199488,0,72263408870752810,2,2407194,2407315
202607191739,e2e_trace_v3,15514,17294028383935529507,7719,control,in,83644143494560,1,/apollo/planning,320,0,1784453999480199488,141,0,0,2407194,2407304
202607191739,e2e_trace_v3,15523,17294028383935529507,7719,control,out,83644144301824,1,/apollo/control,0,7718,1784453999480199488,0,72263408870752810,2,2407194,2407304
202607191739,e2e_trace_v3,15526,17294028383935529508,7720,control,in,83644153662976,1,/apollo/planning,321,0,1784453999588784058,141,0,0,2407194,2407329
202607191739,e2e_trace_v3,15535,17294028383935529508,7720,control,out,83644155314336,1,/apollo/control,0,7719,1784453999588784058,0,72263408870752811,2,2407194,2407329
202607191739,e2e_trace_v3,15538,17294028383935529508,7721,control,in,83644165474976,1,/apollo/planning,321,0,1784453999588784058,141,0,0,2407194,2407330
202607191739,e2e_trace_v3,15547,17294028383935529508,7721,control,out,83644166398112,1,/apollo/control,0,7720,1784453999588784058,0,72263408870752811,2,2407194,2407330
202607191739,e2e_trace_v3,15550,17294028383935529508,7722,control,in,83644173427936,1,/apollo/planning,321,0,1784453999588784058,141,0,0,2407194,2407311
202607191739,e2e_trace_v3,15559,17294028383935529508,7722,control,out,83644174406560,1,/apollo/control,0,7721,1784453999588784058,0,72263408870752811,2,2407194,2407311
202607191739,e2e_trace_v3,15562,17294028383935529508,7723,control,in,83644183531872,1,/apollo/planning,321,0,1784453999588784058,141,0,0,2407194,2407328
202607191739,e2e_trace_v3,15571,17294028383935529508,7723,control,out,83644184345568,1,/apollo/control,0,7722,1784453999588784058,0,72263408870752811,2,2407194,2407328
202607191739,e2e_trace_v3,15574,17294028383935529508,7724,control,in,83644193495232,1,/apollo/planning,321,0,1784453999588784058,141,0,0,2407194,2407304
202607191739,e2e_trace_v3,15583,17294028383935529508,7724,control,out,83644194280288,1,/apollo/control,0,7723,1784453999588784058,0,72263408870752811,2,2407194,2407304
202607191739,e2e_trace_v3,15586,17294028383935529508,7725,control,in,83644203526592,1,/apollo/planning,321,0,1784453999588784058,141,0,0,2407194,2407300
202607191739,e2e_trace_v3,15595,17294028383935529508,7725,control,out,83644204491808,1,/apollo/control,0,7724,1784453999588784058,0,72263408870752811,2,2407194,2407300
202607191739,e2e_trace_v3,15598,17294028383935529508,7726,control,in,83644219616640,1,/apollo/planning,321,0,1784453999588784058,141,0,0,2407194,2407315
202607191739,e2e_trace_v3,15607,17294028383935529508,7726,control,out,83644220431744,1,/apollo/control,0,7725,1784453999588784058,0,72263408870752811,2,2407194,2407315
202607191739,e2e_trace_v3,15610,17294028383935529508,7727,control,in,83644223600000,1,/apollo/planning,321,0,1784453999588784058,141,0,0,2407194,2407300
202607191739,e2e_trace_v3,15619,17294028383935529508,7727,control,out,83644224510048,1,/apollo/control,0,7726,1784453999588784058,0,72263408870752811,2,2407194,2407300
202607191739,e2e_trace_v3,15622,17294028383935529508,7728,control,in,83644233619616,1,/apollo/planning,321,0,1784453999588784058,141,0,0,2407194,2407306
202607191739,e2e_trace_v3,15631,17294028383935529508,7728,control,out,83644234517024,1,/apollo/control,0,7727,1784453999588784058,0,72263408870752811,2,2407194,2407306
202607191739,e2e_trace_v3,15634,17294028383935529508,7729,control,in,83644243613920,1,/apollo/planning,321,0,1784453999588784058,141,0,0,2407194,2407302
202607191739,e2e_trace_v3,15643,17294028383935529508,7729,control,out,83644244439392,1,/apollo/control,0,7728,1784453999588784058,0,72263408870752811,2,2407194,2407302
202607191739,e2e_trace_v3,15646,17294028383935529509,7730,control,in,83644253605152,1,/apollo/planning,322,0,1784453999722682076,140,0,0,2407194,2407313
202607191739,e2e_trace_v3,15655,17294028383935529509,7730,control,out,83644254380480,1,/apollo/control,0,7729,1784453999722682076,0,72263408870752812,2,2407194,2407313
202607191739,e2e_trace_v3,15658,17294028383935529509,7731,control,in,83644263697888,1,/apollo/planning,322,0,1784453999722682076,140,0,0,2407194,2407328
202607191739,e2e_trace_v3,15667,17294028383935529509,7731,control,out,83644265003872,1,/apollo/control,0,7730,1784453999722682076,0,72263408870752812,2,2407194,2407328
202607191739,e2e_trace_v3,15670,17294028383935529509,7732,control,in,83644273617152,1,/apollo/planning,322,0,1784453999722682076,140,0,0,2407194,2407326
202607191739,e2e_trace_v3,15679,17294028383935529509,7732,control,out,83644274590784,1,/apollo/control,0,7731,1784453999722682076,0,72263408870752812,2,2407194,2407326
202607191739,e2e_trace_v3,15682,17294028383935529509,7733,control,in,83644283552928,1,/apollo/planning,322,0,1784453999722682076,140,0,0,2407194,2407304
202607191739,e2e_trace_v3,15691,17294028383935529509,7733,control,out,83644284330496,1,/apollo/control,0,7732,1784453999722682076,0,72263408870752812,2,2407194,2407304
202607191739,e2e_trace_v3,15694,17294028383935529509,7734,control,in,83644293658656,1,/apollo/planning,322,0,1784453999722682076,140,0,0,2407194,2407319
202607191739,e2e_trace_v3,15703,17294028383935529509,7734,control,out,83644294525440,1,/apollo/control,0,7733,1784453999722682076,0,72263408870752812,2,2407194,2407319
202607191739,e2e_trace_v3,15706,17294028383935529509,7735,control,in,83644303570624,1,/apollo/planning,322,0,1784453999722682076,140,0,0,2407194,2407306
202607191739,e2e_trace_v3,15715,17294028383935529509,7735,control,out,83644304350368,1,/apollo/control,0,7734,1784453999722682076,0,72263408870752812,2,2407194,2407306
202607191739,e2e_trace_v3,15718,17294028383935529509,7736,control,in,83644313669280,1,/apollo/planning,322,0,1784453999722682076,140,0,0,2407194,2407311
202607191739,e2e_trace_v3,15727,17294028383935529509,7736,control,out,83644314836992,1,/apollo/control,0,7735,1784453999722682076,0,72263408870752812,2,2407194,2407311
202607191739,e2e_trace_v3,15730,17294028383935529509,7737,control,in,83644323616800,1,/apollo/planning,322,0,1784453999722682076,140,0,0,2407194,2407304
202607191739,e2e_trace_v3,15739,17294028383935529509,7737,control,out,83644324484192,1,/apollo/control,0,7736,1784453999722682076,0,72263408870752812,2,2407194,2407304
202607191739,e2e_trace_v3,15742,17294028383935529509,7738,control,in,83644333686432,1,/apollo/planning,322,0,1784453999722682076,140,0,0,2407194,2407302
202607191739,e2e_trace_v3,15751,17294028383935529509,7738,control,out,83644334829664,1,/apollo/control,0,7737,1784453999722682076,0,72263408870752812,2,2407194,2407302
202607191739,e2e_trace_v3,15754,17294028383935529509,7739,control,in,83644343538816,1,/apollo/planning,322,0,1784453999722682076,140,0,0,2407194,2407315
202607191739,e2e_trace_v3,15763,17294028383935529509,7739,control,out,83644344292000,1,/apollo/control,0,7738,1784453999722682076,0,72263408870752812,2,2407194,2407315
202607191739,e2e_trace_v3,15766,17294028383935529510,7740,control,in,83644353608800,1,/apollo/planning,323,0,1784453999835507405,139,0,0,2407194,2407304
202607191739,e2e_trace_v3,15775,17294028383935529510,7740,control,out,83644354334016,1,/apollo/control,0,7739,1784453999835507405,0,72263408870752813,2,2407194,2407304
202607191739,e2e_trace_v3,15778,17294028383935529510,7741,control,in,83644363503712,1,/apollo/planning,323,0,1784453999835507405,139,0,0,2407194,2407300
202607191739,e2e_trace_v3,15787,17294028383935529510,7741,control,out,83644364500448,1,/apollo/control,0,7740,1784453999835507405,0,72263408870752813,2,2407194,2407300
202607191739,e2e_trace_v3,15790,17294028383935529510,7742,control,in,83644373547168,1,/apollo/planning,323,0,1784453999835507405,139,0,0,2407194,2407318
202607191739,e2e_trace_v3,15799,17294028383935529510,7742,control,out,83644374592576,1,/apollo/control,0,7741,1784453999835507405,0,72263408870752813,2,2407194,2407318
202607191739,e2e_trace_v3,15802,17294028383935529510,7743,control,in,83644383488800,1,/apollo/planning,323,0,1784453999835507405,139,0,0,2407194,2407300
202607191739,e2e_trace_v3,15811,17294028383935529510,7743,control,out,83644384456736,1,/apollo/control,0,7742,1784453999835507405,0,72263408870752813,2,2407194,2407300
202607191739,e2e_trace_v3,15814,17294028383935529510,7744,control,in,83644393506560,1,/apollo/planning,323,0,1784453999835507405,139,0,0,2407194,2407330
202607191739,e2e_trace_v3,15823,17294028383935529510,7744,control,out,83644394498208,1,/apollo/control,0,7743,1784453999835507405,0,72263408870752813,2,2407194,2407330
202607191739,e2e_trace_v3,15826,17294028383935529510,7745,control,in,83644403646752,1,/apollo/planning,323,0,1784453999835507405,139,0,0,2407194,2407328
202607191739,e2e_trace_v3,15835,17294028383935529510,7745,control,out,83644404628768,1,/apollo/control,0,7744,1784453999835507405,0,72263408870752813,2,2407194,2407328
202607191739,e2e_trace_v3,15838,17294028383935529510,7746,control,in,83644413640704,1,/apollo/planning,323,0,1784453999835507405,139,0,0,2407194,2407330
202607191739,e2e_trace_v3,15847,17294028383935529510,7746,control,out,83644414645728,1,/apollo/control,0,7745,1784453999835507405,0,72263408870752813,2,2407194,2407330
202607191739,e2e_trace_v3,15850,17294028383935529510,7747,control,in,83644423633216,1,/apollo/planning,323,0,1784453999835507405,139,0,0,2407194,2407313
202607191739,e2e_trace_v3,15859,17294028383935529510,7747,control,out,83644424615392,1,/apollo/control,0,7746,1784453999835507405,0,72263408870752813,2,2407194,2407313
202607191739,e2e_trace_v3,15862,17294028383935529510,7748,control,in,83644433671200,1,/apollo/planning,323,0,1784453999835507405,139,0,0,2407194,2407326
202607191739,e2e_trace_v3,15871,17294028383935529510,7748,control,out,83644434578624,1,/apollo/control,0,7747,1784453999835507405,0,72263408870752813,2,2407194,2407326
202607191739,e2e_trace_v3,15874,17294028383935529511,7749,control,in,83644443631008,1,/apollo/planning,324,0,1784453999944431532,139,0,0,2407194,2407329
202607191739,e2e_trace_v3,15883,17294028383935529511,7749,control,out,83644444454656,1,/apollo/control,0,7748,1784453999944431532,0,72263408870752814,2,2407194,2407329
202607191739,e2e_trace_v3,15886,17294028383935529511,7750,control,in,83644453461536,1,/apollo/planning,324,0,1784453999944431532,139,0,0,2407194,2407304
202607191739,e2e_trace_v3,15895,17294028383935529511,7750,control,out,83644454176800,1,/apollo/control,0,7749,1784453999944431532,0,72263408870752814,2,2407194,2407304
202607191739,e2e_trace_v3,15898,17294028383935529511,7751,control,in,83644463492608,1,/apollo/planning,324,0,1784453999944431532,139,0,0,2407194,2407306
202607191739,e2e_trace_v3,15907,17294028383935529511,7751,control,out,83644464260096,1,/apollo/control,0,7750,1784453999944431532,0,72263408870752814,2,2407194,2407306
202607191739,e2e_trace_v3,15910,17294028383935529511,7752,control,in,83644473490144,1,/apollo/planning,324,0,1784453999944431532,139,0,0,2407194,2407304
202607191739,e2e_trace_v3,15919,17294028383935529511,7752,control,out,83644474296096,1,/apollo/control,0,7751,1784453999944431532,0,72263408870752814,2,2407194,2407304
202607191739,e2e_trace_v3,15922,17294028383935529511,7753,control,in,83644483640928,1,/apollo/planning,324,0,1784453999944431532,139,0,0,2407194,2407300
202607191739,e2e_trace_v3,15931,17294028383935529511,7753,control,out,83644484993152,1,/apollo/control,0,7752,1784453999944431532,0,72263408870752814,2,2407194,2407300
202607191739,e2e_trace_v3,15934,17294028383935529511,7754,control,in,83644493542496,1,/apollo/planning,324,0,1784453999944431532,139,0,0,2407194,2407326
202607191739,e2e_trace_v3,15943,17294028383935529511,7754,control,out,83644494316192,1,/apollo/control,0,7753,1784453999944431532,0,72263408870752814,2,2407194,2407326
202607191739,e2e_trace_v3,15946,17294028383935529511,7755,control,in,83644503803360,1,/apollo/planning,324,0,1784453999944431532,139,0,0,2407194,2407300
202607191739,e2e_trace_v3,15955,17294028383935529511,7755,control,out,83644505286304,1,/apollo/control,0,7754,1784453999944431532,0,72263408870752814,2,2407194,2407300
202607191739,e2e_trace_v3,15958,17294028383935529511,7756,control,in,83644513634944,1,/apollo/planning,324,0,1784453999944431532,139,0,0,2407194,2407306
202607191739,e2e_trace_v3,15967,17294028383935529511,7756,control,out,83644514593152,1,/apollo/control,0,7755,1784453999944431532,0,72263408870752814,2,2407194,2407306
202607191739,e2e_trace_v3,15970,17294028383935529511,7757,control,in,83644523702752,1,/apollo/planning,324,0,1784453999944431532,139,0,0,2407194,2407300
202607191739,e2e_trace_v3,15979,17294028383935529511,7757,control,out,83644524843072,1,/apollo/control,0,7756,1784453999944431532,0,72263408870752814,2,2407194,2407300
202607191739,e2e_trace_v3,15982,17294028383935529511,7758,control,in,83644533621728,1,/apollo/planning,324,0,1784453999944431532,139,0,0,2407194,2407329
202607191739,e2e_trace_v3,15991,17294028383935529511,7758,control,out,83644534526656,1,/apollo/control,0,7757,1784453999944431532,0,72263408870752814,2,2407194,2407329
202607191739,e2e_trace_v3,15994,17294028383935529512,7759,control,in,83644543677920,1,/apollo/planning,325,0,1784454000053267050,111,0,0,2407194,2407318
202607191739,e2e_trace_v3,16003,17294028383935529512,7759,control,out,83644544546976,1,/apollo/control,0,7758,1784454000053267050,0,72263408870752815,2,2407194,2407318
202607191739,e2e_trace_v3,16006,17294028383935529512,7760,control,in,83644555526720,1,/apollo/planning,325,0,1784454000053267050,111,0,0,2407194,2407329
202607191739,e2e_trace_v3,16015,17294028383935529512,7760,control,out,83644556462240,1,/apollo/control,0,7759,1784454000053267050,0,72263408870752815,2,2407194,2407329
202607191739,e2e_trace_v3,16018,17294028383935529512,7761,control,in,83644563481600,1,/apollo/planning,325,0,1784454000053267050,111,0,0,2407194,2407318
202607191739,e2e_trace_v3,16027,17294028383935529512,7761,control,out,83644564325600,1,/apollo/control,0,7760,1784454000053267050,0,72263408870752815,2,2407194,2407318
202607191739,e2e_trace_v3,16030,17294028383935529512,7762,control,in,83644573523328,1,/apollo/planning,325,0,1784454000053267050,111,0,0,2407194,2407313
202607191739,e2e_trace_v3,16039,17294028383935529512,7762,control,out,83644574363776,1,/apollo/control,0,7761,1784454000053267050,0,72263408870752815,2,2407194,2407313
202607191739,e2e_trace_v3,16042,17294028383935529512,7763,control,in,83644583601920,1,/apollo/planning,325,0,1784454000053267050,111,0,0,2407194,2407324
202607191739,e2e_trace_v3,16051,17294028383935529512,7763,control,out,83644584855104,1,/apollo/control,0,7762,1784454000053267050,0,72263408870752815,2,2407194,2407324
202607191739,e2e_trace_v3,16054,17294028383935529512,7764,control,in,83644593593568,1,/apollo/planning,325,0,1784454000053267050,111,0,0,2407194,2407313
202607191739,e2e_trace_v3,16063,17294028383935529512,7764,control,out,83644594582208,1,/apollo/control,0,7763,1784454000053267050,0,72263408870752815,2,2407194,2407313
202607191739,e2e_trace_v3,16066,17294028383935529512,7765,control,in,83644603604032,1,/apollo/planning,325,0,1784454000053267050,111,0,0,2407194,2407322
202607191739,e2e_trace_v3,16075,17294028383935529512,7765,control,out,83644604490464,1,/apollo/control,0,7764,1784454000053267050,0,72263408870752815,2,2407194,2407322
202607191739,e2e_trace_v3,16078,17294028383935529512,7766,control,in,83644613696224,1,/apollo/planning,325,0,1784454000053267050,111,0,0,2407194,2407326
202607191739,e2e_trace_v3,16087,17294028383935529512,7766,control,out,83644614611456,1,/apollo/control,0,7765,1784454000053267050,0,72263408870752815,2,2407194,2407326
202607191739,e2e_trace_v3,16090,17294028383935529512,7767,control,in,83644623660320,1,/apollo/planning,325,0,1784454000053267050,111,0,0,2407194,2407302
202607191739,e2e_trace_v3,16099,17294028383935529512,7767,control,out,83644624598080,1,/apollo/control,0,7766,1784454000053267050,0,72263408870752815,2,2407194,2407302
202607191739,e2e_trace_v3,16102,17294028383935529512,7768,control,in,83644633642592,1,/apollo/planning,325,0,1784454000053267050,111,0,0,2407194,2407315
202607191739,e2e_trace_v3,16111,17294028383935529512,7768,control,out,83644634580352,1,/apollo/control,0,7767,1784454000053267050,0,72263408870752815,2,2407194,2407315
202607191739,e2e_trace_v3,16114,17294028383935529513,7769,control,in,83644643839264,1,/apollo/planning,326,0,1784454000161759418,111,0,0,2407194,2407319
202607191739,e2e_trace_v3,16123,17294028383935529513,7769,control,out,83644644823488,1,/apollo/control,0,7768,1784454000161759418,0,72263408870752816,2,2407194,2407319
202607191739,e2e_trace_v3,16126,17294028383935529513,7770,control,in,83644653732480,1,/apollo/planning,326,0,1784454000161759418,111,0,0,2407194,2407302
202607191739,e2e_trace_v3,16135,17294028383935529513,7770,control,out,83644654736800,1,/apollo/control,0,7769,1784454000161759418,0,72263408870752816,2,2407194,2407302
202607191739,e2e_trace_v3,16138,17294028383935529513,7771,control,in,83644663646976,1,/apollo/planning,326,0,1784454000161759418,111,0,0,2407194,2407309
202607191739,e2e_trace_v3,16147,17294028383935529513,7771,control,out,83644664478720,1,/apollo/control,0,7770,1784454000161759418,0,72263408870752816,2,2407194,2407309
202607191739,e2e_trace_v3,16150,17294028383935529513,7772,control,in,83644673642720,1,/apollo/planning,326,0,1784454000161759418,111,0,0,2407194,2407326
202607191739,e2e_trace_v3,16159,17294028383935529513,7772,control,out,83644674576800,1,/apollo/control,0,7771,1784454000161759418,0,72263408870752816,2,2407194,2407326
202607191739,e2e_trace_v3,16162,17294028383935529513,7773,control,in,83644683662784,1,/apollo/planning,326,0,1784454000161759418,111,0,0,2407194,2407315
202607191739,e2e_trace_v3,16171,17294028383935529513,7773,control,out,83644684786592,1,/apollo/control,0,7772,1784454000161759418,0,72263408870752816,2,2407194,2407315
202607191739,e2e_trace_v3,16174,17294028383935529513,7774,control,in,83644693528672,1,/apollo/planning,326,0,1784454000161759418,111,0,0,2407194,2407329
202607191739,e2e_trace_v3,16183,17294028383935529513,7774,control,out,83644694370624,1,/apollo/control,0,7773,1784454000161759418,0,72263408870752816,2,2407194,2407329
202607191739,e2e_trace_v3,16186,17294028383935529513,7775,control,in,83644703547488,1,/apollo/planning,326,0,1784454000161759418,111,0,0,2407194,2407322
202607191739,e2e_trace_v3,16195,17294028383935529513,7775,control,out,83644704336480,1,/apollo/control,0,7774,1784454000161759418,0,72263408870752816,2,2407194,2407322
202607191739,e2e_trace_v3,16198,17294028383935529513,7776,control,in,83644713601472,1,/apollo/planning,326,0,1784454000161759418,111,0,0,2407194,2407313
202607191739,e2e_trace_v3,16207,17294028383935529513,7776,control,out,83644714503744,1,/apollo/control,0,7775,1784454000161759418,0,72263408870752816,2,2407194,2407313
202607191739,e2e_trace_v3,16210,17294028383935529513,7777,control,in,83644723606848,1,/apollo/planning,326,0,1784454000161759418,111,0,0,2407194,2407322
202607191739,e2e_trace_v3,16219,17294028383935529513,7777,control,out,83644724686912,1,/apollo/control,0,7776,1784454000161759418,0,72263408870752816,2,2407194,2407322
202607191739,e2e_trace_v3,16222,17294028383935529513,7778,control,in,83644733734560,1,/apollo/planning,326,0,1784454000161759418,111,0,0,2407194,2407330
202607191739,e2e_trace_v3,16231,17294028383935529513,7778,control,out,83644735254592,1,/apollo/control,0,7777,1784454000161759418,0,72263408870752816,2,2407194,2407330
202607191739,e2e_trace_v3,16234,17294028383935529514,7779,control,in,83644746036832,1,/apollo/planning,327,0,1784454000276713779,117,0,0,2407194,2407315
202607191739,e2e_trace_v3,16243,17294028383935529514,7779,control,out,83644747443808,1,/apollo/control,0,7778,1784454000276713779,0,72263408870752817,2,2407194,2407315
202607191739,e2e_trace_v3,16246,17294028383935529514,7780,control,in,83644755582528,1,/apollo/planning,327,0,1784454000276713779,117,0,0,2407194,2407319
202607191739,e2e_trace_v3,16255,17294028383935529514,7780,control,out,83644756398336,1,/apollo/control,0,7779,1784454000276713779,0,72263408870752817,2,2407194,2407319
202607191739,e2e_trace_v3,16258,17294028383935529514,7781,control,in,83644763678272,1,/apollo/planning,327,0,1784454000276713779,117,0,0,2407194,2407300
202607191739,e2e_trace_v3,16267,17294028383935529514,7781,control,out,83644764920704,1,/apollo/control,0,7780,1784454000276713779,0,72263408870752817,2,2407194,2407300
202607191739,e2e_trace_v3,16270,17294028383935529514,7782,control,in,83644773540672,1,/apollo/planning,327,0,1784454000276713779,117,0,0,2407194,2407313
202607191739,e2e_trace_v3,16279,17294028383935529514,7782,control,out,83644774277664,1,/apollo/control,0,7781,1784454000276713779,0,72263408870752817,2,2407194,2407313
202607191739,e2e_trace_v3,16282,17294028383935529514,7783,control,in,83644783494016,1,/apollo/planning,327,0,1784454000276713779,117,0,0,2407194,2407319
202607191739,e2e_trace_v3,16291,17294028383935529514,7783,control,out,83644784205792,1,/apollo/control,0,7782,1784454000276713779,0,72263408870752817,2,2407194,2407319
202607191739,e2e_trace_v3,16294,17294028383935529514,7784,control,in,83644793659328,1,/apollo/planning,327,0,1784454000276713779,117,0,0,2407194,2407330
202607191739,e2e_trace_v3,16303,17294028383935529514,7784,control,out,83644794906560,1,/apollo/control,0,7783,1784454000276713779,0,72263408870752817,2,2407194,2407330
202607191739,e2e_trace_v3,16306,17294028383935529514,7785,control,in,83644803591488,1,/apollo/planning,327,0,1784454000276713779,117,0,0,2407194,2407329
202607191739,e2e_trace_v3,16315,17294028383935529514,7785,control,out,83644804579200,1,/apollo/control,0,7784,1784454000276713779,0,72263408870752817,2,2407194,2407329
202607191739,e2e_trace_v3,16318,17294028383935529514,7786,control,in,83644817586272,1,/apollo/planning,327,0,1784454000276713779,117,0,0,2407194,2407328
202607191739,e2e_trace_v3,16327,17294028383935529514,7786,control,out,83644818685568,1,/apollo/control,0,7785,1784454000276713779,0,72263408870752817,2,2407194,2407328
202607191739,e2e_trace_v3,16330,17294028383935529514,7787,control,in,83644823513984,1,/apollo/planning,327,0,1784454000276713779,117,0,0,2407194,2407306
202607191739,e2e_trace_v3,16339,17294028383935529514,7787,control,out,83644824646560,1,/apollo/control,0,7786,1784454000276713779,0,72263408870752817,2,2407194,2407306
202607191739,e2e_trace_v3,16342,17294028383935529514,7788,control,in,83644833436128,1,/apollo/planning,327,0,1784454000276713779,117,0,0,2407194,2407319
202607191739,e2e_trace_v3,16351,17294028383935529514,7788,control,out,83644834187296,1,/apollo/control,0,7787,1784454000276713779,0,72263408870752817,2,2407194,2407319
202607191739,e2e_trace_v3,16354,17294028383935529515,7789,control,in,83644843793664,1,/apollo/planning,328,0,1784454000384183803,122,0,0,2407194,2407311
202607191739,e2e_trace_v3,16363,17294028383935529515,7789,control,out,83644845155808,1,/apollo/control,0,7788,1784454000384183803,0,72263408870752818,2,2407194,2407311
202607191739,e2e_trace_v3,16366,17294028383935529515,7790,control,in,83644853605664,1,/apollo/planning,328,0,1784454000384183803,122,0,0,2407194,2407315
202607191739,e2e_trace_v3,16375,17294028383935529515,7790,control,out,83644854959968,1,/apollo/control,0,7789,1784454000384183803,0,72263408870752818,2,2407194,2407315
202607191739,e2e_trace_v3,16378,17294028383935529515,7791,control,in,83644867438944,1,/apollo/planning,328,0,1784454000384183803,122,0,0,2407194,2407300
202607191739,e2e_trace_v3,16387,17294028383935529515,7791,control,out,83644868898624,1,/apollo/control,0,7790,1784454000384183803,0,72263408870752818,2,2407194,2407300
202607191739,e2e_trace_v3,16390,17294028383935529515,7792,control,in,83644873350912,1,/apollo/planning,328,0,1784454000384183803,122,0,0,2407194,2407313
202607191739,e2e_trace_v3,16399,17294028383935529515,7792,control,out,83644874736416,1,/apollo/control,0,7791,1784454000384183803,0,72263408870752818,2,2407194,2407313
202607191739,e2e_trace_v3,16402,17294028383935529515,7793,control,in,83644883337632,1,/apollo/planning,328,0,1784454000384183803,122,0,0,2407194,2407330
202607191739,e2e_trace_v3,16411,17294028383935529515,7793,control,out,83644884761056,1,/apollo/control,0,7792,1784454000384183803,0,72263408870752818,2,2407194,2407330
202607191739,e2e_trace_v3,16414,17294028383935529515,7794,control,in,83644893431200,1,/apollo/planning,328,0,1784454000384183803,122,0,0,2407194,2407326
202607191739,e2e_trace_v3,16423,17294028383935529515,7794,control,out,83644894934816,1,/apollo/control,0,7793,1784454000384183803,0,72263408870752818,2,2407194,2407326
202607191739,e2e_trace_v3,16426,17294028383935529515,7795,control,in,83644903462464,1,/apollo/planning,328,0,1784454000384183803,122,0,0,2407194,2407311
202607191739,e2e_trace_v3,16435,17294028383935529515,7795,control,out,83644905025056,1,/apollo/control,0,7794,1784454000384183803,0,72263408870752818,2,2407194,2407311
202607191739,e2e_trace_v3,16438,17294028383935529515,7796,control,in,83644915346464,1,/apollo/planning,328,0,1784454000384183803,122,0,0,2407194,2407329
202607191739,e2e_trace_v3,16447,17294028383935529515,7796,control,out,83644916355680,1,/apollo/control,0,7795,1784454000384183803,0,72263408870752818,2,2407194,2407329
202607191739,e2e_trace_v3,16450,17294028383935529516,7797,control,in,83644923479584,1,/apollo/planning,329,0,1784454000491588729,126,0,0,2407194,2407304
202607191739,e2e_trace_v3,16459,17294028383935529516,7797,control,out,83644924539456,1,/apollo/control,0,7796,1784454000491588729,0,72263408870752819,2,2407194,2407304
202607191739,e2e_trace_v3,16462,17294028383935529516,7798,control,in,83644933402624,1,/apollo/planning,329,0,1784454000491588729,126,0,0,2407194,2407302
202607191739,e2e_trace_v3,16471,17294028383935529516,7798,control,out,83644934871200,1,/apollo/control,0,7797,1784454000491588729,0,72263408870752819,2,2407194,2407302
202607191739,e2e_trace_v3,16474,17294028383935529516,7799,control,in,83644943347520,1,/apollo/planning,329,0,1784454000491588729,126,0,0,2407194,2407329
202607191739,e2e_trace_v3,16483,17294028383935529516,7799,control,out,83644944545568,1,/apollo/control,0,7798,1784454000491588729,0,72263408870752819,2,2407194,2407329
202607191739,e2e_trace_v3,16486,17294028383935529516,7800,control,in,83644953308000,1,/apollo/planning,329,0,1784454000491588729,126,0,0,2407194,2407318
202607191739,e2e_trace_v3,16495,17294028383935529516,7800,control,out,83644954595680,1,/apollo/control,0,7799,1784454000491588729,0,72263408870752819,2,2407194,2407318
202607191739,e2e_trace_v3,16498,17294028383935529516,7801,control,in,83644963635648,1,/apollo/planning,329,0,1784454000491588729,126,0,0,2407194,2407319
202607191739,e2e_trace_v3,16507,17294028383935529516,7801,control,out,83644965145184,1,/apollo/control,0,7800,1784454000491588729,0,72263408870752819,2,2407194,2407319
202607191739,e2e_trace_v3,16510,17294028383935529516,7802,control,in,83644973313152,1,/apollo/planning,329,0,1784454000491588729,126,0,0,2407194,2407300
202607191739,e2e_trace_v3,16519,17294028383935529516,7802,control,out,83644974222176,1,/apollo/control,0,7801,1784454000491588729,0,72263408870752819,2,2407194,2407300
202607191739,e2e_trace_v3,16522,17294028383935529516,7803,control,in,83644983480256,1,/apollo/planning,329,0,1784454000491588729,126,0,0,2407194,2407306
202607191739,e2e_trace_v3,16531,17294028383935529516,7803,control,out,83644984868224,1,/apollo/control,0,7802,1784454000491588729,0,72263408870752819,2,2407194,2407306
202607191739,e2e_trace_v3,16534,17294028383935529516,7804,control,in,83644993489600,1,/apollo/planning,329,0,1784454000491588729,126,0,0,2407194,2407322
202607191739,e2e_trace_v3,16543,17294028383935529516,7804,control,out,83644995235616,1,/apollo/control,0,7803,1784454000491588729,0,72263408870752819,2,2407194,2407322
202607191739,e2e_trace_v3,16546,17294028383935529516,7805,control,in,83645005311680,1,/apollo/planning,329,0,1784454000491588729,126,0,0,2407194,2407330
202607191739,e2e_trace_v3,16555,17294028383935529516,7805,control,out,83645006107488,1,/apollo/control,0,7804,1784454000491588729,0,72263408870752819,2,2407194,2407330
202607191739,e2e_trace_v3,16558,17294028383935529516,7806,control,in,83645013448448,1,/apollo/planning,329,0,1784454000491588729,126,0,0,2407194,2407315
202607191739,e2e_trace_v3,16567,17294028383935529516,7806,control,out,83645014876608,1,/apollo/control,0,7805,1784454000491588729,0,72263408870752819,2,2407194,2407315
202607191739,e2e_trace_v3,16570,17294028383935529517,7807,control,in,83645023382080,1,/apollo/planning,330,0,1784454000599648298,131,0,0,2407194,2407304
202607191739,e2e_trace_v3,16579,17294028383935529517,7807,control,out,83645024140608,1,/apollo/control,0,7806,1784454000599648298,0,72263408870752820,2,2407194,2407304
202607191739,e2e_trace_v3,16582,17294028383935529517,7808,control,in,83645033599168,1,/apollo/planning,330,0,1784454000599648298,131,0,0,2407194,2407300
202607191739,e2e_trace_v3,16591,17294028383935529517,7808,control,out,83645034569760,1,/apollo/control,0,7807,1784454000599648298,0,72263408870752820,2,2407194,2407300
202607191739,e2e_trace_v3,16594,17294028383935529517,7809,control,in,83645043294912,1,/apollo/planning,330,0,1784454000599648298,131,0,0,2407194,2407311
202607191739,e2e_trace_v3,16603,17294028383935529517,7809,control,out,83645044251008,1,/apollo/control,0,7808,1784454000599648298,0,72263408870752820,2,2407194,2407311
202607191739,e2e_trace_v3,16606,17294028383935529517,7810,control,in,83645053264096,1,/apollo/planning,330,0,1784454000599648298,131,0,0,2407194,2407324
202607191739,e2e_trace_v3,16615,17294028383935529517,7810,control,out,83645054181632,1,/apollo/control,0,7809,1784454000599648298,0,72263408870752820,2,2407194,2407324
202607191739,e2e_trace_v3,16618,17294028383935529517,7811,control,in,83645063189888,1,/apollo/planning,330,0,1784454000599648298,131,0,0,2407194,2407304
202607191739,e2e_trace_v3,16627,17294028383935529517,7811,control,out,83645064054976,1,/apollo/control,0,7810,1784454000599648298,0,72263408870752820,2,2407194,2407304
202607191739,e2e_trace_v3,16630,17294028383935529517,7812,control,in,83645073301728,1,/apollo/planning,330,0,1784454000599648298,131,0,0,2407194,2407319
202607191739,e2e_trace_v3,16639,17294028383935529517,7812,control,out,83645074168096,1,/apollo/control,0,7811,1784454000599648298,0,72263408870752820,2,2407194,2407319
202607191739,e2e_trace_v3,16642,17294028383935529517,7813,control,in,83645083351712,1,/apollo/planning,330,0,1784454000599648298,131,0,0,2407194,2407313
202607191739,e2e_trace_v3,16651,17294028383935529517,7813,control,out,83645084214112,1,/apollo/control,0,7812,1784454000599648298,0,72263408870752820,2,2407194,2407313
202607191739,e2e_trace_v3,16654,17294028383935529517,7814,control,in,83645093258944,1,/apollo/planning,330,0,1784454000599648298,131,0,0,2407194,2407326
202607191739,e2e_trace_v3,16663,17294028383935529517,7814,control,out,83645094094976,1,/apollo/control,0,7813,1784454000599648298,0,72263408870752820,2,2407194,2407326
202607191739,e2e_trace_v3,16666,17294028383935529517,7815,control,in,83645103338048,1,/apollo/planning,330,0,1784454000599648298,131,0,0,2407194,2407330
202607191739,e2e_trace_v3,16675,17294028383935529517,7815,control,out,83645104139872,1,/apollo/control,0,7814,1784454000599648298,0,72263408870752820,2,2407194,2407330
202607191739,e2e_trace_v3,16678,17294028383935529518,7816,control,in,83645113407648,1,/apollo/planning,331,0,1784454000707728470,94,0,0,2407194,2407311
202607191739,e2e_trace_v3,16687,17294028383935529518,7816,control,out,83645114354496,1,/apollo/control,0,7815,1784454000707728470,0,72263408870752821,2,2407194,2407311
202607191739,e2e_trace_v3,16690,17294028383935529518,7817,control,in,83645123208544,1,/apollo/planning,331,0,1784454000707728470,94,0,0,2407194,2407322
202607191739,e2e_trace_v3,16699,17294028383935529518,7817,control,out,83645123908384,1,/apollo/control,0,7816,1784454000707728470,0,72263408870752821,2,2407194,2407322
202607191739,e2e_trace_v3,16702,17294028383935529518,7818,control,in,83645133154400,1,/apollo/planning,331,0,1784454000707728470,94,0,0,2407194,2407304
202607191739,e2e_trace_v3,16711,17294028383935529518,7818,control,out,83645133764608,1,/apollo/control,0,7817,1784454000707728470,0,72263408870752821,2,2407194,2407304
202607191739,e2e_trace_v3,16714,17294028383935529518,7819,control,in,83645143321824,1,/apollo/planning,331,0,1784454000707728470,94,0,0,2407194,2407306
202607191739,e2e_trace_v3,16723,17294028383935529518,7819,control,out,83645144274272,1,/apollo/control,0,7818,1784454000707728470,0,72263408870752821,2,2407194,2407306
202607191739,e2e_trace_v3,16726,17294028383935529518,7820,control,in,83645153193024,1,/apollo/planning,331,0,1784454000707728470,94,0,0,2407194,2407330
202607191739,e2e_trace_v3,16735,17294028383935529518,7820,control,out,83645153994688,1,/apollo/control,0,7819,1784454000707728470,0,72263408870752821,2,2407194,2407330
202607191739,e2e_trace_v3,16738,17294028383935529518,7821,control,in,83645163313184,1,/apollo/planning,331,0,1784454000707728470,94,0,0,2407194,2407304
202607191739,e2e_trace_v3,16747,17294028383935529518,7821,control,out,83645164709120,1,/apollo/control,0,7820,1784454000707728470,0,72263408870752821,2,2407194,2407304
202607191739,e2e_trace_v3,16750,17294028383935529518,7822,control,in,83645173221408,1,/apollo/planning,331,0,1784454000707728470,94,0,0,2407194,2407328
202607191739,e2e_trace_v3,16759,17294028383935529518,7822,control,out,83645174085952,1,/apollo/control,0,7821,1784454000707728470,0,72263408870752821,2,2407194,2407328
202607191739,e2e_trace_v3,16762,17294028383935529518,7823,control,in,83645183351008,1,/apollo/planning,331,0,1784454000707728470,94,0,0,2407194,2407322
202607191739,e2e_trace_v3,16771,17294028383935529518,7823,control,out,83645184189376,1,/apollo/control,0,7822,1784454000707728470,0,72263408870752821,2,2407194,2407322
202607191739,e2e_trace_v3,16774,17294028383935529518,7824,control,in,83645193362560,1,/apollo/planning,331,0,1784454000707728470,94,0,0,2407194,2407304
202607191739,e2e_trace_v3,16783,17294028383935529518,7824,control,out,83645194220256,1,/apollo/control,0,7823,1784454000707728470,0,72263408870752821,2,2407194,2407304
202607191739,e2e_trace_v3,16786,17294028383935529518,7825,control,in,83645203500096,1,/apollo/planning,331,0,1784454000707728470,94,0,0,2407194,2407300
202607191739,e2e_trace_v3,16795,17294028383935529518,7825,control,out,83645204953952,1,/apollo/control,0,7824,1784454000707728470,0,72263408870752821,2,2407194,2407300
202607191739,e2e_trace_v3,16798,17294028383935529519,7826,control,in,83645213512736,1,/apollo/planning,332,0,1784454000831322438,94,0,0,2407194,2407329
202607191739,e2e_trace_v3,16807,17294028383935529519,7826,control,out,83645214597344,1,/apollo/control,0,7825,1784454000831322438,0,72263408870752822,1,2407194,2407329
202607191739,e2e_trace_v3,16810,17294028383935529519,7827,control,in,83645223250208,1,/apollo/planning,332,0,1784454000831322438,94,0,0,2407194,2407304
202607191739,e2e_trace_v3,16819,17294028383935529519,7827,control,out,83645223918944,1,/apollo/control,0,7826,1784454000831322438,0,72263408870752822,1,2407194,2407304
202607191739,e2e_trace_v3,16822,17294028383935529519,7828,control,in,83645233195328,1,/apollo/planning,332,0,1784454000831322438,94,0,0,2407194,2407302
202607191739,e2e_trace_v3,16831,17294028383935529519,7828,control,out,83645234118144,1,/apollo/control,0,7827,1784454000831322438,0,72263408870752822,1,2407194,2407302
202607191739,e2e_trace_v3,16834,17294028383935529519,7829,control,in,83645243217632,1,/apollo/planning,332,0,1784454000831322438,94,0,0,2407194,2407318
202607191739,e2e_trace_v3,16843,17294028383935529519,7829,control,out,83645244161664,1,/apollo/control,0,7828,1784454000831322438,0,72263408870752822,1,2407194,2407318
202607191739,e2e_trace_v3,16846,17294028383935529519,7830,control,in,83645253260224,1,/apollo/planning,332,0,1784454000831322438,94,0,0,2407194,2407315
202607191739,e2e_trace_v3,16855,17294028383935529519,7830,control,out,83645254346688,1,/apollo/control,0,7829,1784454000831322438,0,72263408870752822,1,2407194,2407315
202607191739,e2e_trace_v3,16858,17294028383935529519,7831,control,in,83645263370528,1,/apollo/planning,332,0,1784454000831322438,94,0,0,2407194,2407306
202607191739,e2e_trace_v3,16867,17294028383935529519,7831,control,out,83645264699328,1,/apollo/control,0,7830,1784454000831322438,0,72263408870752822,1,2407194,2407306
202607191739,e2e_trace_v3,16870,17294028383935529519,7832,control,in,83645273344480,1,/apollo/planning,332,0,1784454000831322438,94,0,0,2407194,2407319
202607191739,e2e_trace_v3,16879,17294028383935529519,7832,control,out,83645274701536,1,/apollo/control,0,7831,1784454000831322438,0,72263408870752822,1,2407194,2407319
202607191739,e2e_trace_v3,16882,17294028383935529519,7833,control,in,83645283423136,1,/apollo/planning,332,0,1784454000831322438,94,0,0,2407194,2407329
202607191739,e2e_trace_v3,16891,17294028383935529519,7833,control,out,83645284809440,1,/apollo/control,0,7832,1784454000831322438,0,72263408870752822,1,2407194,2407329
202607191739,e2e_trace_v3,16894,17294028383935529519,7834,control,in,83645293426752,1,/apollo/planning,332,0,1784454000831322438,94,0,0,2407194,2407330
202607191739,e2e_trace_v3,16903,17294028383935529519,7834,control,out,83645294801600,1,/apollo/control,0,7833,1784454000831322438,0,72263408870752822,1,2407194,2407330
202607191739,e2e_trace_v3,16906,17294028383935529519,7835,control,in,83645303333888,1,/apollo/planning,332,0,1784454000831322438,94,0,0,2407194,2407322
202607191739,e2e_trace_v3,16915,17294028383935529519,7835,control,out,83645304321600,1,/apollo/control,0,7834,1784454000831322438,0,72263408870752822,1,2407194,2407322
202607191739,e2e_trace_v3,16918,17294028383935529519,7836,control,in,83645313386592,1,/apollo/planning,332,0,1784454000831322438,94,0,0,2407194,2407304
202607191739,e2e_trace_v3,16927,17294028383935529519,7836,control,out,83645314244544,1,/apollo/control,0,7835,1784454000831322438,0,72263408870752822,1,2407194,2407304
202607191739,e2e_trace_v3,16930,17294028383935529520,7837,control,in,83645323364704,1,/apollo/planning,333,0,1784454000938514492,96,0,0,2407194,2407324
202607191739,e2e_trace_v3,16939,17294028383935529520,7837,control,out,83645324182560,1,/apollo/control,0,7836,1784454000938514492,0,72263408870752823,2,2407194,2407324
202607191739,e2e_trace_v3,16942,17294028383935529520,7838,control,in,83645333169536,1,/apollo/planning,333,0,1784454000938514492,96,0,0,2407194,2407304
202607191739,e2e_trace_v3,16951,17294028383935529520,7838,control,out,83645333760768,1,/apollo/control,0,7837,1784454000938514492,0,72263408870752823,2,2407194,2407304
202607191739,e2e_trace_v3,16954,17294028383935529520,7839,control,in,83645343267008,1,/apollo/planning,333,0,1784454000938514492,96,0,0,2407194,2407318
202607191739,e2e_trace_v3,16963,17294028383935529520,7839,control,out,83645344340288,1,/apollo/control,0,7838,1784454000938514492,0,72263408870752823,2,2407194,2407318
202607191739,e2e_trace_v3,16966,17294028383935529520,7840,control,in,83645353294272,1,/apollo/planning,333,0,1784454000938514492,96,0,0,2407194,2407311
202607191739,e2e_trace_v3,16975,17294028383935529520,7840,control,out,83645354458816,1,/apollo/control,0,7839,1784454000938514492,0,72263408870752823,2,2407194,2407311
202607191739,e2e_trace_v3,16978,17294028383935529520,7841,control,in,83645363256864,1,/apollo/planning,333,0,1784454000938514492,96,0,0,2407194,2407319
202607191739,e2e_trace_v3,16987,17294028383935529520,7841,control,out,83645363924384,1,/apollo/control,0,7840,1784454000938514492,0,72263408870752823,2,2407194,2407319
202607191739,e2e_trace_v3,16990,17294028383935529520,7842,control,in,83645373340960,1,/apollo/planning,333,0,1784454000938514492,96,0,0,2407194,2407330
202607191739,e2e_trace_v3,16999,17294028383935529520,7842,control,out,83645374575040,1,/apollo/control,0,7841,1784454000938514492,0,72263408870752823,2,2407194,2407330
202607191739,e2e_trace_v3,17002,17294028383935529520,7843,control,in,83645383433632,1,/apollo/planning,333,0,1784454000938514492,96,0,0,2407194,2407302
202607191739,e2e_trace_v3,17011,17294028383935529520,7843,control,out,83645384826816,1,/apollo/control,0,7842,1784454000938514492,0,72263408870752823,2,2407194,2407302
202607191739,e2e_trace_v3,17014,17294028383935529520,7844,control,in,83645393423584,1,/apollo/planning,333,0,1784454000938514492,96,0,0,2407194,2407315
202607191739,e2e_trace_v3,17023,17294028383935529520,7844,control,out,83645394743392,1,/apollo/control,0,7843,1784454000938514492,0,72263408870752823,2,2407194,2407315
202607191739,e2e_trace_v3,17026,17294028383935529521,7845,control,in,83645403547200,1,/apollo/planning,334,0,1784454001046421384,69,0,0,2407194,2407328
202607191739,e2e_trace_v3,17035,17294028383935529521,7845,control,out,83645404826560,1,/apollo/control,0,7844,1784454001046421384,0,72263408870752824,2,2407194,2407328
202607191739,e2e_trace_v3,17038,17294028383935529521,7846,control,in,83645413402048,1,/apollo/planning,334,0,1784454001046421384,69,0,0,2407194,2407329
202607191739,e2e_trace_v3,17047,17294028383935529521,7846,control,out,83645414462688,1,/apollo/control,0,7845,1784454001046421384,0,72263408870752824,2,2407194,2407329
202607191739,e2e_trace_v3,17050,17294028383935529521,7847,control,in,83645423447936,1,/apollo/planning,334,0,1784454001046421384,69,0,0,2407194,2407300
202607191739,e2e_trace_v3,17059,17294028383935529521,7847,control,out,83645424546176,1,/apollo/control,0,7846,1784454001046421384,0,72263408870752824,2,2407194,2407300
202607191739,e2e_trace_v3,17062,17294028383935529521,7848,control,in,83645433286624,1,/apollo/planning,334,0,1784454001046421384,69,0,0,2407194,2407304
202607191739,e2e_trace_v3,17071,17294028383935529521,7848,control,out,83645434194400,1,/apollo/control,0,7847,1784454001046421384,0,72263408870752824,2,2407194,2407304
202607191739,e2e_trace_v3,17074,17294028383935529521,7849,control,in,83645443196352,1,/apollo/planning,334,0,1784454001046421384,69,0,0,2407194,2407319
202607191739,e2e_trace_v3,17083,17294028383935529521,7849,control,out,83645444035680,1,/apollo/control,0,7848,1784454001046421384,0,72263408870752824,2,2407194,2407319
202607191739,e2e_trace_v3,17086,17294028383935529521,7850,control,in,83645453258304,1,/apollo/planning,334,0,1784454001046421384,69,0,0,2407194,2407311
202607191739,e2e_trace_v3,17095,17294028383935529521,7850,control,out,83645454135616,1,/apollo/control,0,7849,1784454001046421384,0,72263408870752824,2,2407194,2407311
202607191739,e2e_trace_v3,17098,17294028383935529521,7851,control,in,83645463336224,1,/apollo/planning,334,0,1784454001046421384,69,0,0,2407194,2407302
202607191739,e2e_trace_v3,17107,17294028383935529521,7851,control,out,83645464352512,1,/apollo/control,0,7850,1784454001046421384,0,72263408870752824,2,2407194,2407302
202607191739,e2e_trace_v3,17110,17294028383935529521,7852,control,in,83645473370048,1,/apollo/planning,334,0,1784454001046421384,69,0,0,2407194,2407326
202607191739,e2e_trace_v3,17119,17294028383935529521,7852,control,out,83645474418240,1,/apollo/control,0,7851,1784454001046421384,0,72263408870752824,2,2407194,2407326
202607191739,e2e_trace_v3,17122,17294028383935529521,7853,control,in,83645483287968,1,/apollo/planning,334,0,1784454001046421384,69,0,0,2407194,2407315
202607191739,e2e_trace_v3,17131,17294028383935529521,7853,control,out,83645484256544,1,/apollo/control,0,7852,1784454001046421384,0,72263408870752824,2,2407194,2407315
202607191739,e2e_trace_v3,17134,17294028383935529521,7854,control,in,83645493336128,1,/apollo/planning,334,0,1784454001046421384,69,0,0,2407194,2407318
202607191739,e2e_trace_v3,17143,17294028383935529521,7854,control,out,83645494521376,1,/apollo/control,0,7853,1784454001046421384,0,72263408870752824,2,2407194,2407318
202607191739,e2e_trace_v3,17146,17294028383935529521,7855,control,in,83645503375456,1,/apollo/planning,334,0,1784454001046421384,69,0,0,2407194,2407311
202607191739,e2e_trace_v3,17155,17294028383935529521,7855,control,out,83645504336192,1,/apollo/control,0,7854,1784454001046421384,0,72263408870752824,2,2407194,2407311
202607191739,e2e_trace_v3,17158,17294028383935529521,7856,control,in,83645513380864,1,/apollo/planning,334,0,1784454001046421384,69,0,0,2407194,2407328
202607191739,e2e_trace_v3,17167,17294028383935529521,7856,control,out,83645514552544,1,/apollo/control,0,7855,1784454001046421384,0,72263408870752824,2,2407194,2407328
202607191739,e2e_trace_v3,17170,17294028383935529521,7857,control,in,83645523320352,1,/apollo/planning,334,0,1784454001046421384,69,0,0,2407194,2407322
202607191739,e2e_trace_v3,17179,17294028383935529521,7857,control,out,83645524221536,1,/apollo/control,0,7856,1784454001046421384,0,72263408870752824,2,2407194,2407322
202607191739,e2e_trace_v3,17182,17294028383935529522,7858,control,in,83645533410720,1,/apollo/planning,335,0,1784454001158479127,76,0,0,2407194,2407302
202607191739,e2e_trace_v3,17191,17294028383935529522,7858,control,out,83645534342080,1,/apollo/control,0,7857,1784454001158479127,0,72263408870752825,2,2407194,2407302
202607191739,e2e_trace_v3,17194,17294028383935529522,7859,control,in,83645543295648,1,/apollo/planning,335,0,1784454001158479127,76,0,0,2407194,2407304
202607191739,e2e_trace_v3,17203,17294028383935529522,7859,control,out,83645544002080,1,/apollo/control,0,7858,1784454001158479127,0,72263408870752825,2,2407194,2407304
202607191739,e2e_trace_v3,17206,17294028383935529522,7860,control,in,83645553250112,1,/apollo/planning,335,0,1784454001158479127,76,0,0,2407194,2407313
202607191739,e2e_trace_v3,17215,17294028383935529522,7860,control,out,83645554201408,1,/apollo/control,0,7859,1784454001158479127,0,72263408870752825,2,2407194,2407313
202607191739,e2e_trace_v3,17218,17294028383935529522,7861,control,in,83645563240096,1,/apollo/planning,335,0,1784454001158479127,76,0,0,2407194,2407309
202607191739,e2e_trace_v3,17227,17294028383935529522,7861,control,out,83645564073728,1,/apollo/control,0,7860,1784454001158479127,0,72263408870752825,2,2407194,2407309
202607191739,e2e_trace_v3,17230,17294028383935529522,7862,control,in,83645573281024,1,/apollo/planning,335,0,1784454001158479127,76,0,0,2407194,2407300
202607191739,e2e_trace_v3,17239,17294028383935529522,7862,control,out,83645574590016,1,/apollo/control,0,7861,1784454001158479127,0,72263408870752825,2,2407194,2407300
202607191739,e2e_trace_v3,17242,17294028383935529522,7863,control,in,83645583333216,1,/apollo/planning,335,0,1784454001158479127,76,0,0,2407194,2407311
202607191739,e2e_trace_v3,17251,17294028383935529522,7863,control,out,83645584599840,1,/apollo/control,0,7862,1784454001158479127,0,72263408870752825,2,2407194,2407311
202607191739,e2e_trace_v3,17254,17294028383935529522,7864,control,in,83645593238400,1,/apollo/planning,335,0,1784454001158479127,76,0,0,2407194,2407322
202607191739,e2e_trace_v3,17263,17294028383935529522,7864,control,out,83645593950336,1,/apollo/control,0,7863,1784454001158479127,0,72263408870752825,2,2407194,2407322
202607191739,e2e_trace_v3,17266,17294028383935529522,7865,control,in,83645603432864,1,/apollo/planning,335,0,1784454001158479127,76,0,0,2407194,2407328
202607191739,e2e_trace_v3,17275,17294028383935529522,7865,control,out,83645604790848,1,/apollo/control,0,7864,1784454001158479127,0,72263408870752825,2,2407194,2407328
202607191739,e2e_trace_v3,17278,17294028383935529522,7866,control,in,83645613355040,1,/apollo/planning,335,0,1784454001158479127,76,0,0,2407194,2407324
202607191739,e2e_trace_v3,17287,17294028383935529522,7866,control,out,83645614147488,1,/apollo/control,0,7865,1784454001158479127,0,72263408870752825,2,2407194,2407324
202607191739,e2e_trace_v3,17290,17294028383935529522,7867,control,in,83645623557408,1,/apollo/planning,335,0,1784454001158479127,76,0,0,2407194,2407330
202607191739,e2e_trace_v3,17299,17294028383935529522,7867,control,out,83645624951328,1,/apollo/control,0,7866,1784454001158479127,0,72263408870752825,2,2407194,2407330
202607191739,e2e_trace_v3,17302,17294028383935529523,7868,control,in,83645635458176,1,/apollo/planning,336,0,1784454001268508202,81,0,0,2407194,2407315
202607191739,e2e_trace_v3,17311,17294028383935529523,7868,control,out,83645636329472,1,/apollo/control,0,7867,1784454001268508202,0,72263408870752826,2,2407194,2407315
202607191739,e2e_trace_v3,17314,17294028383935529523,7869,control,in,83645643416832,1,/apollo/planning,336,0,1784454001268508202,81,0,0,2407194,2407326
202607191739,e2e_trace_v3,17323,17294028383935529523,7869,control,out,83645644189664,1,/apollo/control,0,7868,1784454001268508202,0,72263408870752826,2,2407194,2407326
202607191739,e2e_trace_v3,17326,17294028383935529523,7870,control,in,83645653222336,1,/apollo/planning,336,0,1784454001268508202,81,0,0,2407194,2407319
202607191739,e2e_trace_v3,17335,17294028383935529523,7870,control,out,83645653950592,1,/apollo/control,0,7869,1784454001268508202,0,72263408870752826,2,2407194,2407319
202607191739,e2e_trace_v3,17338,17294028383935529523,7871,control,in,83645663262144,1,/apollo/planning,336,0,1784454001268508202,81,0,0,2407194,2407306
202607191739,e2e_trace_v3,17347,17294028383935529523,7871,control,out,83645664229248,1,/apollo/control,0,7870,1784454001268508202,0,72263408870752826,2,2407194,2407306
202607191739,e2e_trace_v3,17350,17294028383935529523,7872,control,in,83645673191712,1,/apollo/planning,336,0,1784454001268508202,81,0,0,2407194,2407329
202607191739,e2e_trace_v3,17359,17294028383935529523,7872,control,out,83645673961312,1,/apollo/control,0,7871,1784454001268508202,0,72263408870752826,2,2407194,2407329
202607191739,e2e_trace_v3,17362,17294028383935529523,7873,control,in,83645683233856,1,/apollo/planning,336,0,1784454001268508202,81,0,0,2407194,2407326
202607191739,e2e_trace_v3,17371,17294028383935529523,7873,control,out,83645684241984,1,/apollo/control,0,7872,1784454001268508202,0,72263408870752826,2,2407194,2407326
202607191739,e2e_trace_v3,17374,17294028383935529523,7874,control,in,83645693327040,1,/apollo/planning,336,0,1784454001268508202,81,0,0,2407194,2407309
202607191739,e2e_trace_v3,17383,17294028383935529523,7874,control,out,83645694145696,1,/apollo/control,0,7873,1784454001268508202,0,72263408870752826,2,2407194,2407309
202607191739,e2e_trace_v3,17386,17294028383935529523,7875,control,in,83645703442336,1,/apollo/planning,336,0,1784454001268508202,81,0,0,2407194,2407313
202607191739,e2e_trace_v3,17395,17294028383935529523,7875,control,out,83645704762784,1,/apollo/control,0,7874,1784454001268508202,0,72263408870752826,2,2407194,2407313
202607191739,e2e_trace_v3,17398,17294028383935529523,7876,control,in,83645713324320,1,/apollo/planning,336,0,1784454001268508202,81,0,0,2407194,2407322
202607191739,e2e_trace_v3,17407,17294028383935529523,7876,control,out,83645714148640,1,/apollo/control,0,7875,1784454001268508202,0,72263408870752826,2,2407194,2407322
202607191739,e2e_trace_v3,17410,17294028383935529524,7877,control,in,83645723376480,1,/apollo/planning,337,0,1784454001378974898,85,0,0,2407194,2407326
202607191739,e2e_trace_v3,17419,17294028383935529524,7877,control,out,83645724307424,1,/apollo/control,0,7876,1784454001378974898,0,72263408870752827,2,2407194,2407326
202607191739,e2e_trace_v3,17422,17294028383935529524,7878,control,in,83645733284896,1,/apollo/planning,337,0,1784454001378974898,85,0,0,2407194,2407306
202607191739,e2e_trace_v3,17431,17294028383935529524,7878,control,out,83645734190560,1,/apollo/control,0,7877,1784454001378974898,0,72263408870752827,2,2407194,2407306
202607191739,e2e_trace_v3,17434,17294028383935529524,7879,control,in,83645743276320,1,/apollo/planning,337,0,1784454001378974898,85,0,0,2407194,2407324
202607191739,e2e_trace_v3,17443,17294028383935529524,7879,control,out,83645744181440,1,/apollo/control,0,7878,1784454001378974898,0,72263408870752827,2,2407194,2407324
202607191739,e2e_trace_v3,17446,17294028383935529524,7880,control,in,83645753198784,1,/apollo/planning,337,0,1784454001378974898,85,0,0,2407194,2407309
202607191739,e2e_trace_v3,17455,17294028383935529524,7880,control,out,83645753883808,1,/apollo/control,0,7879,1784454001378974898,0,72263408870752827,2,2407194,2407309
202607191739,e2e_trace_v3,17458,17294028383935529524,7881,control,in,83645763252672,1,/apollo/planning,337,0,1784454001378974898,85,0,0,2407194,2407326
202607191739,e2e_trace_v3,17467,17294028383935529524,7881,control,out,83645764156992,1,/apollo/control,0,7880,1784454001378974898,0,72263408870752827,2,2407194,2407326
202607191739,e2e_trace_v3,17470,17294028383935529524,7882,control,in,83645773391488,1,/apollo/planning,337,0,1784454001378974898,85,0,0,2407194,2407304
202607191739,e2e_trace_v3,17479,17294028383935529524,7882,control,out,83645774377248,1,/apollo/control,0,7881,1784454001378974898,0,72263408870752827,2,2407194,2407304
202607191739,e2e_trace_v3,17482,17294028383935529524,7883,control,in,83645783349664,1,/apollo/planning,337,0,1784454001378974898,85,0,0,2407194,2407328
202607191739,e2e_trace_v3,17491,17294028383935529524,7883,control,out,83645784763200,1,/apollo/control,0,7882,1784454001378974898,0,72263408870752827,2,2407194,2407328
202607191739,e2e_trace_v3,17494,17294028383935529524,7884,control,in,83645793387264,1,/apollo/planning,337,0,1784454001378974898,85,0,0,2407194,2407319
202607191739,e2e_trace_v3,17503,17294028383935529524,7884,control,out,83645794849888,1,/apollo/control,0,7883,1784454001378974898,0,72263408870752827,2,2407194,2407319
202607191739,e2e_trace_v3,17506,17294028383935529524,7885,control,in,83645803371840,1,/apollo/planning,337,0,1784454001378974898,85,0,0,2407194,2407313
202607191739,e2e_trace_v3,17515,17294028383935529524,7885,control,out,83645804732864,1,/apollo/control,0,7884,1784454001378974898,0,72263408870752827,2,2407194,2407313
202607191739,e2e_trace_v3,17518,17294028383935529525,7886,control,in,83645813373152,1,/apollo/planning,338,0,1784454001491795639,69,0,0,2407194,2407329
202607191739,e2e_trace_v3,17527,17294028383935529525,7886,control,out,83645814245920,1,/apollo/control,0,7885,1784454001491795639,0,72263408870752828,2,2407194,2407329
202607191739,e2e_trace_v3,17530,17294028383935529525,7887,control,in,83645823286112,1,/apollo/planning,338,0,1784454001491795639,69,0,0,2407194,2407311
202607191739,e2e_trace_v3,17539,17294028383935529525,7887,control,out,83645824041312,1,/apollo/control,0,7886,1784454001491795639,0,72263408870752828,2,2407194,2407311
202607191739,e2e_trace_v3,17542,17294028383935529525,7888,control,in,83645833224928,1,/apollo/planning,338,0,1784454001491795639,69,0,0,2407194,2407309
202607191739,e2e_trace_v3,17551,17294028383935529525,7888,control,out,83645833953440,1,/apollo/control,0,7887,1784454001491795639,0,72263408870752828,2,2407194,2407309
202607191739,e2e_trace_v3,17554,17294028383935529525,7889,control,in,83645843424032,1,/apollo/planning,338,0,1784454001491795639,69,0,0,2407194,2407302
202607191739,e2e_trace_v3,17563,17294028383935529525,7889,control,out,83645844796352,1,/apollo/control,0,7888,1784454001491795639,0,72263408870752828,2,2407194,2407302
202607191739,e2e_trace_v3,17566,17294028383935529525,7890,control,in,83645853351520,1,/apollo/planning,338,0,1784454001491795639,69,0,0,2407194,2407329
202607191739,e2e_trace_v3,17575,17294028383935529525,7890,control,out,83645854528384,1,/apollo/control,0,7889,1784454001491795639,0,72263408870752828,2,2407194,2407329
202607191739,e2e_trace_v3,17578,17294028383935529525,7891,control,in,83645863349696,1,/apollo/planning,338,0,1784454001491795639,69,0,0,2407194,2407311
202607191739,e2e_trace_v3,17587,17294028383935529525,7891,control,out,83645864435904,1,/apollo/control,0,7890,1784454001491795639,0,72263408870752828,2,2407194,2407311
202607191739,e2e_trace_v3,17590,17294028383935529525,7892,control,in,83645873287264,1,/apollo/planning,338,0,1784454001491795639,69,0,0,2407194,2407326
202607191739,e2e_trace_v3,17599,17294028383935529525,7892,control,out,83645874375456,1,/apollo/control,0,7891,1784454001491795639,0,72263408870752828,2,2407194,2407326
202607191739,e2e_trace_v3,17602,17294028383935529525,7893,control,in,83645883355296,1,/apollo/planning,338,0,1784454001491795639,69,0,0,2407194,2407330
202607191739,e2e_trace_v3,17611,17294028383935529525,7893,control,out,83645884350592,1,/apollo/control,0,7892,1784454001491795639,0,72263408870752828,2,2407194,2407330
202607191739,e2e_trace_v3,17614,17294028383935529525,7894,control,in,83645895499136,1,/apollo/planning,338,0,1784454001491795639,69,0,0,2407194,2407315
202607191739,e2e_trace_v3,17623,17294028383935529525,7894,control,out,83645896928480,1,/apollo/control,0,7893,1784454001491795639,0,72263408870752828,2,2407194,2407315
202607191739,e2e_trace_v3,17626,17294028383935529525,7895,control,in,83645903423776,1,/apollo/planning,338,0,1784454001491795639,69,0,0,2407194,2407330
202607191739,e2e_trace_v3,17635,17294028383935529525,7895,control,out,83645904655456,1,/apollo/control,0,7894,1784454001491795639,0,72263408870752828,2,2407194,2407330
202607191739,e2e_trace_v3,17638,17294028383935529526,7896,control,in,83645913616544,1,/apollo/planning,339,0,1784454001598966629,69,0,0,2407194,2407315
202607191739,e2e_trace_v3,17647,17294028383935529526,7896,control,out,83645914889920,1,/apollo/control,0,7895,1784454001598966629,0,72263408870752829,2,2407194,2407315
202607191739,e2e_trace_v3,17650,17294028383935529526,7897,control,in,83645923454752,1,/apollo/planning,339,0,1784454001598966629,69,0,0,2407194,2407300
202607191739,e2e_trace_v3,17659,17294028383935529526,7897,control,out,83645924809920,1,/apollo/control,0,7896,1784454001598966629,0,72263408870752829,2,2407194,2407300
202607191739,e2e_trace_v3,17662,17294028383935529526,7898,control,in,83645933358016,1,/apollo/planning,339,0,1784454001598966629,69,0,0,2407194,2407302
202607191739,e2e_trace_v3,17671,17294028383935529526,7898,control,out,83645934858176,1,/apollo/control,0,7897,1784454001598966629,0,72263408870752829,2,2407194,2407302
202607191739,e2e_trace_v3,17674,17294028383935529526,7899,control,in,83645943409568,1,/apollo/planning,339,0,1784454001598966629,69,0,0,2407194,2407328
202607191739,e2e_trace_v3,17683,17294028383935529526,7899,control,out,83645944739264,1,/apollo/control,0,7898,1784454001598966629,0,72263408870752829,2,2407194,2407328
202607191739,e2e_trace_v3,17686,17294028383935529526,7900,control,in,83645953293152,1,/apollo/planning,339,0,1784454001598966629,69,0,0,2407194,2407309
202607191739,e2e_trace_v3,17695,17294028383935529526,7900,control,out,83645953975840,1,/apollo/control,0,7899,1784454001598966629,0,72263408870752829,2,2407194,2407309
202607191739,e2e_trace_v3,17698,17294028383935529526,7901,control,in,83645963439168,1,/apollo/planning,339,0,1784454001598966629,69,0,0,2407194,2407306
202607191739,e2e_trace_v3,17707,17294028383935529526,7901,control,out,83645964585632,1,/apollo/control,0,7900,1784454001598966629,0,72263408870752829,2,2407194,2407306
202607191739,e2e_trace_v3,17710,17294028383935529526,7902,control,in,83645973310432,1,/apollo/planning,339,0,1784454001598966629,69,0,0,2407194,2407324
202607191739,e2e_trace_v3,17719,17294028383935529526,7902,control,out,83645974023136,1,/apollo/control,0,7901,1784454001598966629,0,72263408870752829,2,2407194,2407324
202607191739,e2e_trace_v3,17722,17294028383935529526,7903,control,in,83645983399296,1,/apollo/planning,339,0,1784454001598966629,69,0,0,2407194,2407302
202607191739,e2e_trace_v3,17731,17294028383935529526,7903,control,out,83645984173056,1,/apollo/control,0,7902,1784454001598966629,0,72263408870752829,2,2407194,2407302
202607191739,e2e_trace_v3,17734,17294028383935529526,7904,control,in,83645993351904,1,/apollo/planning,339,0,1784454001598966629,69,0,0,2407194,2407313
202607191739,e2e_trace_v3,17743,17294028383935529526,7904,control,out,83645994196608,1,/apollo/control,0,7903,1784454001598966629,0,72263408870752829,2,2407194,2407313
202607191739,e2e_trace_v3,17746,17294028383935529527,7905,control,in,83646003408288,1,/apollo/planning,340,0,1784454001707040170,69,0,0,2407194,2407318
202607191739,e2e_trace_v3,17755,17294028383935529527,7905,control,out,83646004193440,1,/apollo/control,0,7904,1784454001707040170,0,72263408870752830,2,2407194,2407318
202607191739,e2e_trace_v3,17758,17294028383935529527,7906,control,in,83646013238272,1,/apollo/planning,340,0,1784454001707040170,69,0,0,2407194,2407315
202607191739,e2e_trace_v3,17767,17294028383935529527,7906,control,out,83646013916096,1,/apollo/control,0,7905,1784454001707040170,0,72263408870752830,2,2407194,2407315
202607191739,e2e_trace_v3,17770,17294028383935529527,7907,control,in,83646023197248,1,/apollo/planning,340,0,1784454001707040170,69,0,0,2407194,2407324
202607191739,e2e_trace_v3,17779,17294028383935529527,7907,control,out,83646023940832,1,/apollo/control,0,7906,1784454001707040170,0,72263408870752830,2,2407194,2407324
202607191739,e2e_trace_v3,17782,17294028383935529527,7908,control,in,83646033213248,1,/apollo/planning,340,0,1784454001707040170,69,0,0,2407194,2407313
202607191739,e2e_trace_v3,17791,17294028383935529527,7908,control,out,83646034001696,1,/apollo/control,0,7907,1784454001707040170,0,72263408870752830,2,2407194,2407313
202607191739,e2e_trace_v3,17794,17294028383935529527,7909,control,in,83646043264800,1,/apollo/planning,340,0,1784454001707040170,69,0,0,2407194,2407302
202607191739,e2e_trace_v3,17803,17294028383935529527,7909,control,out,83646044238304,1,/apollo/control,0,7908,1784454001707040170,0,72263408870752830,2,2407194,2407302
202607191739,e2e_trace_v3,17806,17294028383935529527,7910,control,in,83646053454912,1,/apollo/planning,340,0,1784454001707040170,69,0,0,2407194,2407300
202607191739,e2e_trace_v3,17815,17294028383935529527,7910,control,out,83646054318752,1,/apollo/control,0,7909,1784454001707040170,0,72263408870752830,2,2407194,2407300
202607191739,e2e_trace_v3,17818,17294028383935529527,7911,control,in,83646063440512,1,/apollo/planning,340,0,1784454001707040170,69,0,0,2407194,2407318
202607191739,e2e_trace_v3,17827,17294028383935529527,7911,control,out,83646064533760,1,/apollo/control,0,7910,1784454001707040170,0,72263408870752830,2,2407194,2407318
202607191739,e2e_trace_v3,17830,17294028383935529527,7912,control,in,83646073399584,1,/apollo/planning,340,0,1784454001707040170,69,0,0,2407194,2407319
202607191739,e2e_trace_v3,17839,17294028383935529527,7912,control,out,83646074429376,1,/apollo/control,0,7911,1784454001707040170,0,72263408870752830,2,2407194,2407319
202607191739,e2e_trace_v3,17842,17294028383935529527,7913,control,in,83646083360384,1,/apollo/planning,340,0,1784454001707040170,69,0,0,2407194,2407324
202607191739,e2e_trace_v3,17851,17294028383935529527,7913,control,out,83646084086944,1,/apollo/control,0,7912,1784454001707040170,0,72263408870752830,2,2407194,2407324
202607191739,e2e_trace_v3,17854,17294028383935529528,7914,control,in,83646099680576,1,/apollo/planning,341,0,1784454001819646479,69,0,0,2407194,2407326
202607191739,e2e_trace_v3,17863,17294028383935529528,7914,control,out,83646100722976,1,/apollo/control,0,7913,1784454001819646479,0,72263408870752831,2,2407194,2407326
202607191739,e2e_trace_v3,17866,17294028383935529528,7915,control,in,83646103432736,1,/apollo/planning,341,0,1784454001819646479,69,0,0,2407194,2407315
202607191739,e2e_trace_v3,17875,17294028383935529528,7915,control,out,83646104089440,1,/apollo/control,0,7914,1784454001819646479,0,72263408870752831,2,2407194,2407315
202607191739,e2e_trace_v3,17878,17294028383935529528,7916,control,in,83646113483392,1,/apollo/planning,341,0,1784454001819646479,69,0,0,2407194,2407329
202607191739,e2e_trace_v3,17887,17294028383935529528,7916,control,out,83646114400384,1,/apollo/control,0,7915,1784454001819646479,0,72263408870752831,2,2407194,2407329
202607191739,e2e_trace_v3,17890,17294028383935529528,7917,control,in,83646123423296,1,/apollo/planning,341,0,1784454001819646479,69,0,0,2407194,2407324
202607191739,e2e_trace_v3,17899,17294028383935529528,7917,control,out,83646124152768,1,/apollo/control,0,7916,1784454001819646479,0,72263408870752831,2,2407194,2407324
202607191739,e2e_trace_v3,17902,17294028383935529528,7918,control,in,83646133388288,1,/apollo/planning,341,0,1784454001819646479,69,0,0,2407194,2407313
202607191739,e2e_trace_v3,17911,17294028383935529528,7918,control,out,83646134080064,1,/apollo/control,0,7917,1784454001819646479,0,72263408870752831,2,2407194,2407313
202607191739,e2e_trace_v3,17914,17294028383935529528,7919,control,in,83646143474304,1,/apollo/planning,341,0,1784454001819646479,69,0,0,2407194,2407302
202607191739,e2e_trace_v3,17923,17294028383935529528,7919,control,out,83646144506816,1,/apollo/control,0,7918,1784454001819646479,0,72263408870752831,2,2407194,2407302
202607191739,e2e_trace_v3,17926,17294028383935529528,7920,control,in,83646153530560,1,/apollo/planning,341,0,1784454001819646479,69,0,0,2407194,2407309
202607191739,e2e_trace_v3,17935,17294028383935529528,7920,control,out,83646154853568,1,/apollo/control,0,7919,1784454001819646479,0,72263408870752831,2,2407194,2407309
202607191739,e2e_trace_v3,17938,17294028383935529528,7921,control,in,83646163484160,1,/apollo/planning,341,0,1784454001819646479,69,0,0,2407194,2407313
202607191739,e2e_trace_v3,17947,17294028383935529528,7921,control,out,83646164290592,1,/apollo/control,0,7920,1784454001819646479,0,72263408870752831,2,2407194,2407313
202607191739,e2e_trace_v3,17950,17294028383935529528,7922,control,in,83646173966432,1,/apollo/planning,341,0,1784454001819646479,69,0,0,2407194,2407326
202607191739,e2e_trace_v3,17959,17294028383935529528,7922,control,out,83646174876864,1,/apollo/control,0,7921,1784454001819646479,0,72263408870752831,2,2407194,2407326
202607191739,e2e_trace_v3,17962,17294028383935529528,7923,control,in,83646185716512,1,/apollo/planning,341,0,1784454001819646479,69,0,0,2407194,2407324
202607191739,e2e_trace_v3,17971,17294028383935529528,7923,control,out,83646186544480,1,/apollo/control,0,7922,1784454001819646479,0,72263408870752831,2,2407194,2407324
202607191739,e2e_trace_v3,17974,17294028383935529529,7924,control,in,83646193919456,1,/apollo/planning,342,0,1784454001927247660,75,0,0,2407194,2407322
202607191739,e2e_trace_v3,17983,17294028383935529529,7924,control,out,83646194938816,1,/apollo/control,0,7923,1784454001927247660,0,72263408870752832,2,2407194,2407322
202607191739,e2e_trace_v3,17986,17294028383935529529,7925,control,in,83646203787104,1,/apollo/planning,342,0,1784454001927247660,75,0,0,2407194,2407311
202607191739,e2e_trace_v3,17995,17294028383935529529,7925,control,out,83646204946176,1,/apollo/control,0,7924,1784454001927247660,0,72263408870752832,2,2407194,2407311
202607191739,e2e_trace_v3,17998,17294028383935529529,7926,control,in,83646213769952,1,/apollo/planning,342,0,1784454001927247660,75,0,0,2407194,2407309
202607191739,e2e_trace_v3,18007,17294028383935529529,7926,control,out,83646214578080,1,/apollo/control,0,7925,1784454001927247660,0,72263408870752832,2,2407194,2407309
202607191739,e2e_trace_v3,18010,17294028383935529529,7927,control,in,83646223768576,1,/apollo/planning,342,0,1784454001927247660,75,0,0,2407194,2407328
202607191739,e2e_trace_v3,18019,17294028383935529529,7927,control,out,83646224623520,1,/apollo/control,0,7926,1784454001927247660,0,72263408870752832,2,2407194,2407328
202607191739,e2e_trace_v3,18022,17294028383935529529,7928,control,in,83646233742304,1,/apollo/planning,342,0,1784454001927247660,75,0,0,2407194,2407330
202607191739,e2e_trace_v3,18031,17294028383935529529,7928,control,out,83646234414688,1,/apollo/control,0,7927,1784454001927247660,0,72263408870752832,2,2407194,2407330
202607191739,e2e_trace_v3,18034,17294028383935529529,7929,control,in,83646243762976,1,/apollo/planning,342,0,1784454001927247660,75,0,0,2407194,2407329
202607191739,e2e_trace_v3,18043,17294028383935529529,7929,control,out,83646244593440,1,/apollo/control,0,7928,1784454001927247660,0,72263408870752832,2,2407194,2407329
202607191739,e2e_trace_v3,18046,17294028383935529529,7930,control,in,83646253697952,1,/apollo/planning,342,0,1784454001927247660,75,0,0,2407194,2407304
202607191739,e2e_trace_v3,18055,17294028383935529529,7930,control,out,83646254413024,1,/apollo/control,0,7929,1784454001927247660,0,72263408870752832,2,2407194,2407304
202607191739,e2e_trace_v3,18058,17294028383935529529,7931,control,in,83646263770112,1,/apollo/planning,342,0,1784454001927247660,75,0,0,2407194,2407318
202607191739,e2e_trace_v3,18067,17294028383935529529,7931,control,out,83646264607872,1,/apollo/control,0,7930,1784454001927247660,0,72263408870752832,2,2407194,2407318
202607191739,e2e_trace_v3,18070,17294028383935529529,7932,control,in,83646273799680,1,/apollo/planning,342,0,1784454001927247660,75,0,0,2407194,2407322
202607191739,e2e_trace_v3,18079,17294028383935529529,7932,control,out,83646274670208,1,/apollo/control,0,7931,1784454001927247660,0,72263408870752832,2,2407194,2407322
202607191739,e2e_trace_v3,18082,17294028383935529529,7933,control,in,83646283839616,1,/apollo/planning,342,0,1784454001927247660,75,0,0,2407194,2407309
202607191739,e2e_trace_v3,18091,17294028383935529529,7933,control,out,83646285074176,1,/apollo/control,0,7932,1784454001927247660,0,72263408870752832,2,2407194,2407309
202607191739,e2e_trace_v3,18094,17294028383935529529,7934,control,in,83646293750080,1,/apollo/planning,342,0,1784454001927247660,75,0,0,2407194,2407309
202607191739,e2e_trace_v3,18103,17294028383935529529,7934,control,out,83646294854624,1,/apollo/control,0,7933,1784454001927247660,0,72263408870752832,2,2407194,2407309
202607191739,e2e_trace_v3,18106,17294028383935529529,7935,control,in,83646303947328,1,/apollo/planning,342,0,1784454001927247660,75,0,0,2407194,2407311
202607191739,e2e_trace_v3,18115,17294028383935529529,7935,control,out,83646304729120,1,/apollo/control,0,7934,1784454001927247660,0,72263408870752832,2,2407194,2407311
202607191739,e2e_trace_v3,18118,17294028383935529529,7936,control,in,83646313948864,1,/apollo/planning,342,0,1784454001927247660,75,0,0,2407194,2407322
202607191739,e2e_trace_v3,18127,17294028383935529529,7936,control,out,83646314866464,1,/apollo/control,0,7935,1784454001927247660,0,72263408870752832,2,2407194,2407322
202607191739,e2e_trace_v3,18130,17294028383935529529,7937,control,in,83646323868672,1,/apollo/planning,342,0,1784454001927247660,75,0,0,2407194,2407300
202607191739,e2e_trace_v3,18139,17294028383935529529,7937,control,out,83646325313664,1,/apollo/control,0,7936,1784454001927247660,0,72263408870752832,2,2407194,2407300
202607191739,e2e_trace_v3,18142,17294028383935529529,7938,control,in,83646333651552,1,/apollo/planning,342,0,1784454001927247660,75,0,0,2407194,2407328
202607191739,e2e_trace_v3,18151,17294028383935529529,7938,control,out,83646334367904,1,/apollo/control,0,7937,1784454001927247660,0,72263408870752832,2,2407194,2407328
202607191739,e2e_trace_v3,18154,17294028383935529529,7939,control,in,83646343701888,1,/apollo/planning,342,0,1784454001927247660,75,0,0,2407194,2407304
202607191739,e2e_trace_v3,18163,17294028383935529529,7939,control,out,83646344506880,1,/apollo/control,0,7938,1784454001927247660,0,72263408870752832,2,2407194,2407304
202607191739,e2e_trace_v3,18166,17294028383935529529,7940,control,in,83646353672736,1,/apollo/planning,342,0,1784454001927247660,75,0,0,2407194,2407330
202607191739,e2e_trace_v3,18175,17294028383935529529,7940,control,out,83646354301408,1,/apollo/control,0,7939,1784454001927247660,0,72263408870752832,2,2407194,2407330
202607191739,e2e_trace_v3,18178,17294028383935529529,7941,control,in,83646363829984,1,/apollo/planning,342,0,1784454001927247660,75,0,0,2407194,2407326
202607191739,e2e_trace_v3,18187,17294028383935529529,7941,control,out,83646365247584,1,/apollo/control,0,7940,1784454001927247660,0,72263408870752832,2,2407194,2407326
202607191739,e2e_trace_v3,18190,17294028383935529529,7942,control,in,83646373731680,1,/apollo/planning,342,0,1784454001927247660,75,0,0,2407194,2407311
202607191739,e2e_trace_v3,18199,17294028383935529529,7942,control,out,83646374484512,1,/apollo/control,0,7941,1784454001927247660,0,72263408870752832,2,2407194,2407311
202607191739,e2e_trace_v3,18202,17294028383935529529,7943,control,in,83646383705024,1,/apollo/planning,342,0,1784454001927247660,75,0,0,2407194,2407328
202607191739,e2e_trace_v3,18211,17294028383935529529,7943,control,out,83646384441664,1,/apollo/control,0,7942,1784454001927247660,0,72263408870752832,2,2407194,2407328
202607191739,e2e_trace_v3,18214,17294028383935529529,7944,control,in,83646395447680,1,/apollo/planning,342,0,1784454001927247660,75,0,0,2407194,2407330
202607191739,e2e_trace_v3,18223,17294028383935529529,7944,control,out,83646396174912,1,/apollo/control,0,7943,1784454001927247660,0,72263408870752832,2,2407194,2407330
202607191739,e2e_trace_v3,18226,17294028383935529529,7945,control,in,83646403696992,1,/apollo/planning,342,0,1784454001927247660,75,0,0,2407194,2407315
202607191739,e2e_trace_v3,18235,17294028383935529529,7945,control,out,83646404612576,1,/apollo/control,0,7944,1784454001927247660,0,72263408870752832,2,2407194,2407315
202607191739,e2e_trace_v3,18238,17294028383935529529,7946,control,in,83646413723648,1,/apollo/planning,342,0,1784454001927247660,75,0,0,2407194,2407309
202607191739,e2e_trace_v3,18247,17294028383935529529,7946,control,out,83646414464064,1,/apollo/control,0,7945,1784454001927247660,0,72263408870752832,2,2407194,2407309
202607191739,e2e_trace_v3,18250,17294028383935529529,7947,control,in,83646423777056,1,/apollo/planning,342,0,1784454001927247660,75,0,0,2407194,2407300
202607191739,e2e_trace_v3,18259,17294028383935529529,7947,control,out,83646424915392,1,/apollo/control,0,7946,1784454001927247660,0,72263408870752832,2,2407194,2407300
202607191739,e2e_trace_v3,18262,17294028383935529530,7948,control,in,83646433899456,1,/apollo/planning,343,0,1784454002040529387,69,0,0,2407194,2407302
202607191739,e2e_trace_v3,18271,17294028383935529530,7948,control,out,83646435226944,1,/apollo/control,0,7947,1784454002040529387,0,72263408870752833,2,2407194,2407302
202607191739,e2e_trace_v3,18274,17294028383935529530,7949,control,in,83646443695680,1,/apollo/planning,343,0,1784454002040529387,69,0,0,2407194,2407313
202607191739,e2e_trace_v3,18283,17294028383935529530,7949,control,out,83646444994720,1,/apollo/control,0,7948,1784454002040529387,0,72263408870752833,2,2407194,2407313
202607191739,e2e_trace_v3,18286,17294028383935529530,7950,control,in,83646453772352,1,/apollo/planning,343,0,1784454002040529387,69,0,0,2407194,2407306
202607191739,e2e_trace_v3,18295,17294028383935529530,7950,control,out,83646455007808,1,/apollo/control,0,7949,1784454002040529387,0,72263408870752833,2,2407194,2407306
202607191739,e2e_trace_v3,18298,17294028383935529530,7951,control,in,83646463717824,1,/apollo/planning,343,0,1784454002040529387,69,0,0,2407194,2407328
202607191739,e2e_trace_v3,18307,17294028383935529530,7951,control,out,83646464472384,1,/apollo/control,0,7950,1784454002040529387,0,72263408870752833,2,2407194,2407328
202607191739,e2e_trace_v3,18310,17294028383935529530,7952,control,in,83646473890944,1,/apollo/planning,343,0,1784454002040529387,69,0,0,2407194,2407326
202607191739,e2e_trace_v3,18319,17294028383935529530,7952,control,out,83646475373344,1,/apollo/control,0,7951,1784454002040529387,0,72263408870752833,2,2407194,2407326
202607191739,e2e_trace_v3,18322,17294028383935529530,7953,control,in,83646483701312,1,/apollo/planning,343,0,1784454002040529387,69,0,0,2407194,2407329
202607191739,e2e_trace_v3,18331,17294028383935529530,7953,control,out,83646484650368,1,/apollo/control,0,7952,1784454002040529387,0,72263408870752833,2,2407194,2407329
202607191739,e2e_trace_v3,18334,17294028383935529530,7954,control,in,83646493762048,1,/apollo/planning,343,0,1784454002040529387,69,0,0,2407194,2407319
202607191739,e2e_trace_v3,18343,17294028383935529530,7954,control,out,83646494585152,1,/apollo/control,0,7953,1784454002040529387,0,72263408870752833,2,2407194,2407319
202607191739,e2e_trace_v3,18346,17294028383935529530,7955,control,in,83646503847456,1,/apollo/planning,343,0,1784454002040529387,69,0,0,2407194,2407322
202607191739,e2e_trace_v3,18355,17294028383935529530,7955,control,out,83646504794976,1,/apollo/control,0,7954,1784454002040529387,0,72263408870752833,2,2407194,2407322
202607191739,e2e_trace_v3,18358,17294028383935529530,7956,control,in,83646513698272,1,/apollo/planning,343,0,1784454002040529387,69,0,0,2407194,2407328
202607191739,e2e_trace_v3,18367,17294028383935529530,7956,control,out,83646514681984,1,/apollo/control,0,7955,1784454002040529387,0,72263408870752833,2,2407194,2407328
202607191739,e2e_trace_v3,18370,17294028383935529530,7957,control,in,83646523826432,1,/apollo/planning,343,0,1784454002040529387,69,0,0,2407194,2407304
202607191739,e2e_trace_v3,18379,17294028383935529530,7957,control,out,83646525186752,1,/apollo/control,0,7956,1784454002040529387,0,72263408870752833,2,2407194,2407304
202607191739,e2e_trace_v3,18382,17294028383935529530,7958,control,in,83646533717248,1,/apollo/planning,343,0,1784454002040529387,69,0,0,2407194,2407328
202607191739,e2e_trace_v3,18391,17294028383935529530,7958,control,out,83646534532160,1,/apollo/control,0,7957,1784454002040529387,0,72263408870752833,2,2407194,2407328
202607191739,e2e_trace_v3,18394,17294028383935529530,7959,control,in,83646543734272,1,/apollo/planning,343,0,1784454002040529387,69,0,0,2407194,2407319
202607191739,e2e_trace_v3,18403,17294028383935529530,7959,control,out,83646544589568,1,/apollo/control,0,7958,1784454002040529387,0,72263408870752833,2,2407194,2407319
202607191739,e2e_trace_v3,18406,17294028383935529530,7960,control,in,83646553819104,1,/apollo/planning,343,0,1784454002040529387,69,0,0,2407194,2407324
202607191739,e2e_trace_v3,18415,17294028383935529530,7960,control,out,83646555263040,1,/apollo/control,0,7959,1784454002040529387,0,72263408870752833,2,2407194,2407324
202607191739,e2e_trace_v3,18418,17294028383935529530,7961,control,in,83646563838208,1,/apollo/planning,343,0,1784454002040529387,69,0,0,2407194,2407315
202607191739,e2e_trace_v3,18427,17294028383935529530,7961,control,out,83646565367872,1,/apollo/control,0,7960,1784454002040529387,0,72263408870752833,2,2407194,2407315
202607191739,e2e_trace_v3,18430,17294028383935529530,7962,control,in,83646574136800,1,/apollo/planning,343,0,1784454002040529387,69,0,0,2407194,2407329
202607191739,e2e_trace_v3,18439,17294028383935529530,7962,control,out,83646575547200,1,/apollo/control,0,7961,1784454002040529387,0,72263408870752833,2,2407194,2407329
202607191739,e2e_trace_v3,18442,17294028383935529530,7963,control,in,83646583964064,1,/apollo/planning,343,0,1784454002040529387,69,0,0,2407194,2407311
202607191739,e2e_trace_v3,18451,17294028383935529530,7963,control,out,83646585164096,1,/apollo/control,0,7962,1784454002040529387,0,72263408870752833,2,2407194,2407311
202607191739,e2e_trace_v3,18454,17294028383935529530,7964,control,in,83646591819200,1,/apollo/planning,343,0,1784454002040529387,69,0,0,2407194,2407318
202607191739,e2e_trace_v3,18463,17294028383935529530,7964,control,out,83646593257344,1,/apollo/control,0,7963,1784454002040529387,0,72263408870752833,2,2407194,2407318
202607191739,e2e_trace_v3,18466,17294028383935529530,7965,control,in,83646603905088,1,/apollo/planning,343,0,1784454002040529387,69,0,0,2407194,2407318
202607191739,e2e_trace_v3,18475,17294028383935529530,7965,control,out,83646605142112,1,/apollo/control,0,7964,1784454002040529387,0,72263408870752833,2,2407194,2407318
202607191739,e2e_trace_v3,18478,17294028383935529530,7966,control,in,83646613657792,1,/apollo/planning,343,0,1784454002040529387,69,0,0,2407194,2407309
202607191739,e2e_trace_v3,18487,17294028383935529530,7966,control,out,83646614333568,1,/apollo/control,0,7965,1784454002040529387,0,72263408870752833,2,2407194,2407309
202607191739,e2e_trace_v3,18490,17294028383935529530,7967,control,in,83646623827552,1,/apollo/planning,343,0,1784454002040529387,69,0,0,2407194,2407306
202607191739,e2e_trace_v3,18499,17294028383935529530,7967,control,out,83646625443424,1,/apollo/control,0,7966,1784454002040529387,0,72263408870752833,2,2407194,2407306
202607191739,e2e_trace_v3,18502,17294028383935529530,7968,control,in,83646635943008,1,/apollo/planning,343,0,1784454002040529387,69,0,0,2407194,2407322
202607191739,e2e_trace_v3,18511,17294028383935529530,7968,control,out,83646637275104,1,/apollo/control,0,7967,1784454002040529387,0,72263408870752833,2,2407194,2407322
202607191739,e2e_trace_v3,18514,17294028383935529530,7969,control,in,83646643708544,1,/apollo/planning,343,0,1784454002040529387,69,0,0,2407194,2407330
202607191739,e2e_trace_v3,18523,17294028383935529530,7969,control,out,83646644544864,1,/apollo/control,0,7968,1784454002040529387,0,72263408870752833,2,2407194,2407330
202607191739,e2e_trace_v3,18526,17294028383935529531,7970,control,in,83646654080416,1,/apollo/planning,344,0,1784454002152108838,80,0,0,2407194,2407322
202607191739,e2e_trace_v3,18535,17294028383935529531,7970,control,out,83646655289632,1,/apollo/control,0,7969,1784454002152108838,0,72263408870752834,2,2407194,2407322
202607191739,e2e_trace_v3,18538,17294028383935529531,7971,control,in,83646663795200,1,/apollo/planning,344,0,1784454002152108838,80,0,0,2407194,2407328
202607191739,e2e_trace_v3,18547,17294028383935529531,7971,control,out,83646664547712,1,/apollo/control,0,7970,1784454002152108838,0,72263408870752834,2,2407194,2407328
202607191739,e2e_trace_v3,18550,17294028383935529531,7972,control,in,83646673740000,1,/apollo/planning,344,0,1784454002152108838,80,0,0,2407194,2407304
202607191739,e2e_trace_v3,18559,17294028383935529531,7972,control,out,83646674486784,1,/apollo/control,0,7971,1784454002152108838,0,72263408870752834,2,2407194,2407304
202607191739,e2e_trace_v3,18562,17294028383935529531,7973,control,in,83646683682240,1,/apollo/planning,344,0,1784454002152108838,80,0,0,2407194,2407319
202607191739,e2e_trace_v3,18571,17294028383935529531,7973,control,out,83646684412736,1,/apollo/control,0,7972,1784454002152108838,0,72263408870752834,2,2407194,2407319
202607191739,e2e_trace_v3,18574,17294028383935529531,7974,control,in,83646694001824,1,/apollo/planning,344,0,1784454002152108838,80,0,0,2407194,2407309
202607191739,e2e_trace_v3,18583,17294028383935529531,7974,control,out,83646694745760,1,/apollo/control,0,7973,1784454002152108838,0,72263408870752834,2,2407194,2407309
202607191739,e2e_trace_v3,18586,17294028383935529531,7975,control,in,83646703860448,1,/apollo/planning,344,0,1784454002152108838,80,0,0,2407194,2407329
202607191739,e2e_trace_v3,18595,17294028383935529531,7975,control,out,83646704649024,1,/apollo/control,0,7974,1784454002152108838,0,72263408870752834,2,2407194,2407329
202607191739,e2e_trace_v3,18598,17294028383935529531,7976,control,in,83646713748224,1,/apollo/planning,344,0,1784454002152108838,80,0,0,2407194,2407318
202607191739,e2e_trace_v3,18607,17294028383935529531,7976,control,out,83646714558880,1,/apollo/control,0,7975,1784454002152108838,0,72263408870752834,2,2407194,2407318
202607191739,e2e_trace_v3,18610,17294028383935529531,7977,control,in,83646723781536,1,/apollo/planning,344,0,1784454002152108838,80,0,0,2407194,2407319
202607191739,e2e_trace_v3,18619,17294028383935529531,7977,control,out,83646724551840,1,/apollo/control,0,7976,1784454002152108838,0,72263408870752834,2,2407194,2407319
202607191739,e2e_trace_v3,18622,17294028383935529531,7978,control,in,83646733853344,1,/apollo/planning,344,0,1784454002152108838,80,0,0,2407194,2407302
202607191739,e2e_trace_v3,18631,17294028383935529531,7978,control,out,83646734706112,1,/apollo/control,0,7977,1784454002152108838,0,72263408870752834,2,2407194,2407302
202607191739,e2e_trace_v3,18634,17294028383935529531,7979,control,in,83646743771296,1,/apollo/planning,344,0,1784454002152108838,80,0,0,2407194,2407306
202607191739,e2e_trace_v3,18643,17294028383935529531,7979,control,out,83646744570016,1,/apollo/control,0,7978,1784454002152108838,0,72263408870752834,2,2407194,2407306
202607191739,e2e_trace_v3,18646,17294028383935529531,7980,control,in,83646753673024,1,/apollo/planning,344,0,1784454002152108838,80,0,0,2407194,2407326
202607191739,e2e_trace_v3,18655,17294028383935529531,7980,control,out,83646754586432,1,/apollo/control,0,7979,1784454002152108838,0,72263408870752834,2,2407194,2407326
202607191739,e2e_trace_v3,18658,17294028383935529531,7981,control,in,83646763708160,1,/apollo/planning,344,0,1784454002152108838,80,0,0,2407194,2407315
202607191739,e2e_trace_v3,18667,17294028383935529531,7981,control,out,83646764531072,1,/apollo/control,0,7980,1784454002152108838,0,72263408870752834,2,2407194,2407315
202607191739,e2e_trace_v3,18670,17294028383935529531,7982,control,in,83646773657280,1,/apollo/planning,344,0,1784454002152108838,80,0,0,2407194,2407304
202607191739,e2e_trace_v3,18679,17294028383935529531,7982,control,out,83646774452480,1,/apollo/control,0,7981,1784454002152108838,0,72263408870752834,2,2407194,2407304
202607191739,e2e_trace_v3,18682,17294028383935529531,7983,control,in,83646783728288,1,/apollo/planning,344,0,1784454002152108838,80,0,0,2407194,2407328
202607191739,e2e_trace_v3,18691,17294028383935529531,7983,control,out,83646784420960,1,/apollo/control,0,7982,1784454002152108838,0,72263408870752834,2,2407194,2407328
202607191739,e2e_trace_v3,18694,17294028383935529531,7984,control,in,83646793805088,1,/apollo/planning,344,0,1784454002152108838,80,0,0,2407194,2407306
202607191739,e2e_trace_v3,18703,17294028383935529531,7984,control,out,83646794787360,1,/apollo/control,0,7983,1784454002152108838,0,72263408870752834,2,2407194,2407306
202607191739,e2e_trace_v3,18706,17294028383935529531,7985,control,in,83646803791808,1,/apollo/planning,344,0,1784454002152108838,80,0,0,2407194,2407302
202607191739,e2e_trace_v3,18715,17294028383935529531,7985,control,out,83646804599168,1,/apollo/control,0,7984,1784454002152108838,0,72263408870752834,2,2407194,2407302
202607191739,e2e_trace_v3,18718,17294028383935529531,7986,control,in,83646813807712,1,/apollo/planning,344,0,1784454002152108838,80,0,0,2407194,2407329
202607191739,e2e_trace_v3,18727,17294028383935529531,7986,control,out,83646814890304,1,/apollo/control,0,7985,1784454002152108838,0,72263408870752834,2,2407194,2407329
202607191739,e2e_trace_v3,18730,17294028383935529531,7987,control,in,83646823677632,1,/apollo/planning,344,0,1784454002152108838,80,0,0,2407194,2407315
202607191739,e2e_trace_v3,18739,17294028383935529531,7987,control,out,83646824556512,1,/apollo/control,0,7986,1784454002152108838,0,72263408870752834,2,2407194,2407315
202607191739,e2e_trace_v3,18742,17294028383935529531,7988,control,in,83646833708064,1,/apollo/planning,344,0,1784454002152108838,80,0,0,2407194,2407326
202607191739,e2e_trace_v3,18751,17294028383935529531,7988,control,out,83646834736128,1,/apollo/control,0,7987,1784454002152108838,0,72263408870752834,2,2407194,2407326
202607191739,e2e_trace_v3,18754,17294028383935529531,7989,control,in,83646843779552,1,/apollo/planning,344,0,1784454002152108838,80,0,0,2407194,2407309
202607191739,e2e_trace_v3,18763,17294028383935529531,7989,control,out,83646844564320,1,/apollo/control,0,7988,1784454002152108838,0,72263408870752834,2,2407194,2407309
202607191739,e2e_trace_v3,18766,17294028383935529531,7990,control,in,83646853790592,1,/apollo/planning,344,0,1784454002152108838,80,0,0,2407194,2407322
202607191739,e2e_trace_v3,18775,17294028383935529531,7990,control,out,83646854710176,1,/apollo/control,0,7989,1784454002152108838,0,72263408870752834,2,2407194,2407322
202607191739,e2e_trace_v3,18778,17294028383935529532,7991,control,in,83646863827456,1,/apollo/planning,345,0,1784454002258409053,69,0,0,2407194,2407315
202607191739,e2e_trace_v3,18787,17294028383935529532,7991,control,out,83646864573440,1,/apollo/control,0,7990,1784454002258409053,0,72263408870752835,2,2407194,2407315
202607191739,e2e_trace_v3,18790,17294028383935529532,7992,control,in,83646873766944,1,/apollo/planning,345,0,1784454002258409053,69,0,0,2407194,2407304
202607191739,e2e_trace_v3,18799,17294028383935529532,7992,control,out,83646874702080,1,/apollo/control,0,7991,1784454002258409053,0,72263408870752835,2,2407194,2407304
202607191739,e2e_trace_v3,18802,17294028383935529532,7993,control,in,83646883725440,1,/apollo/planning,345,0,1784454002258409053,69,0,0,2407194,2407322
202607191739,e2e_trace_v3,18811,17294028383935529532,7993,control,out,83646884488256,1,/apollo/control,0,7992,1784454002258409053,0,72263408870752835,2,2407194,2407322
202607191739,e2e_trace_v3,18814,17294028383935529532,7994,control,in,83646894055904,1,/apollo/planning,345,0,1784454002258409053,69,0,0,2407194,2407329
202607191739,e2e_trace_v3,18823,17294028383935529532,7994,control,out,83646895112896,1,/apollo/control,0,7993,1784454002258409053,0,72263408870752835,2,2407194,2407329
202607191739,e2e_trace_v3,18826,17294028383935529532,7995,control,in,83646903942368,1,/apollo/planning,345,0,1784454002258409053,69,0,0,2407194,2407309
202607191739,e2e_trace_v3,18835,17294028383935529532,7995,control,out,83646905041024,1,/apollo/control,0,7994,1784454002258409053,0,72263408870752835,2,2407194,2407309
202607191739,e2e_trace_v3,18838,17294028383935529532,7996,control,in,83646911765824,1,/apollo/planning,345,0,1784454002258409053,69,0,0,2407194,2407311
202607191739,e2e_trace_v3,18847,17294028383935529532,7996,control,out,83646912902144,1,/apollo/control,0,7995,1784454002258409053,0,72263408870752835,2,2407194,2407311
202607191739,e2e_trace_v3,18850,17294028383935529532,7997,control,in,83646923738656,1,/apollo/planning,345,0,1784454002258409053,69,0,0,2407194,2407313
202607191739,e2e_trace_v3,18859,17294028383935529532,7997,control,out,83646924901280,1,/apollo/control,0,7996,1784454002258409053,0,72263408870752835,2,2407194,2407313
202607191739,e2e_trace_v3,18862,17294028383935529532,7998,control,in,83646933748896,1,/apollo/planning,345,0,1784454002258409053,69,0,0,2407194,2407304
202607191739,e2e_trace_v3,18871,17294028383935529532,7998,control,out,83646935177184,1,/apollo/control,0,7997,1784454002258409053,0,72263408870752835,2,2407194,2407304
202607191739,e2e_trace_v3,18874,17294028383935529532,7999,control,in,83646943899328,1,/apollo/planning,345,0,1784454002258409053,69,0,0,2407194,2407300
202607191739,e2e_trace_v3,18883,17294028383935529532,7999,control,out,83646945291904,1,/apollo/control,0,7998,1784454002258409053,0,72263408870752835,2,2407194,2407300
202607191739,e2e_trace_v3,18886,17294028383935529532,8000,control,in,83646953753984,1,/apollo/planning,345,0,1784454002258409053,69,0,0,2407194,2407324
202607191739,e2e_trace_v3,18895,17294028383935529532,8000,control,out,83646955127264,1,/apollo/control,0,7999,1784454002258409053,0,72263408870752835,2,2407194,2407324
202607191739,e2e_trace_v3,18898,17294028383935529532,8001,control,in,83646963654272,1,/apollo/planning,345,0,1784454002258409053,69,0,0,2407194,2407309
202607191739,e2e_trace_v3,18907,17294028383935529532,8001,control,out,83646964371008,1,/apollo/control,0,8000,1784454002258409053,0,72263408870752835,2,2407194,2407309
202607191739,e2e_trace_v3,18910,17294028383935529532,8002,control,in,83646973810880,1,/apollo/planning,345,0,1784454002258409053,69,0,0,2407194,2407311
202607191739,e2e_trace_v3,18919,17294028383935529532,8002,control,out,83646975229536,1,/apollo/control,0,8001,1784454002258409053,0,72263408870752835,2,2407194,2407311
202607191739,e2e_trace_v3,18922,17294028383935529532,8003,control,in,83646983640064,1,/apollo/planning,345,0,1784454002258409053,69,0,0,2407194,2407309
202607191739,e2e_trace_v3,18931,17294028383935529532,8003,control,out,83646984459520,1,/apollo/control,0,8002,1784454002258409053,0,72263408870752835,2,2407194,2407309
202607191739,e2e_trace_v3,18934,17294028383935529532,8004,control,in,83646993819968,1,/apollo/planning,345,0,1784454002258409053,69,0,0,2407194,2407319
202607191739,e2e_trace_v3,18943,17294028383935529532,8004,control,out,83646995240192,1,/apollo/control,0,8003,1784454002258409053,0,72263408870752835,2,2407194,2407319
202607191739,e2e_trace_v3,18946,17294028383935529532,8005,control,in,83647003775712,1,/apollo/planning,345,0,1784454002258409053,69,0,0,2407194,2407309
202607191739,e2e_trace_v3,18955,17294028383935529532,8005,control,out,83647004606560,1,/apollo/control,0,8004,1784454002258409053,0,72263408870752835,2,2407194,2407309
202607191739,e2e_trace_v3,18958,17294028383935529532,8006,control,in,83647013827680,1,/apollo/planning,345,0,1784454002258409053,69,0,0,2407194,2407322
202607191739,e2e_trace_v3,18967,17294028383935529532,8006,control,out,83647015341120,1,/apollo/control,0,8005,1784454002258409053,0,72263408870752835,2,2407194,2407322
202607191739,e2e_trace_v3,18970,17294028383935529532,8007,control,in,83647023795776,1,/apollo/planning,345,0,1784454002258409053,69,0,0,2407194,2407324
202607191739,e2e_trace_v3,18979,17294028383935529532,8007,control,out,83647025237152,1,/apollo/control,0,8006,1784454002258409053,0,72263408870752835,2,2407194,2407324
202607191739,e2e_trace_v3,18982,17294028383935529532,8008,control,in,83647033788320,1,/apollo/planning,345,0,1784454002258409053,69,0,0,2407194,2407318
202607191739,e2e_trace_v3,18991,17294028383935529532,8008,control,out,83647035216576,1,/apollo/control,0,8007,1784454002258409053,0,72263408870752835,2,2407194,2407318
202607191739,e2e_trace_v3,18994,17294028383935529532,8009,control,in,83647043632224,1,/apollo/planning,345,0,1784454002258409053,69,0,0,2407194,2407309
202607191739,e2e_trace_v3,19003,17294028383935529532,8009,control,out,83647044271680,1,/apollo/control,0,8008,1784454002258409053,0,72263408870752835,2,2407194,2407309
202607191739,e2e_trace_v3,19006,17294028383935529532,8010,control,in,83647053727424,1,/apollo/planning,345,0,1784454002258409053,69,0,0,2407194,2407306
202607191739,e2e_trace_v3,19015,17294028383935529532,8010,control,out,83647054544096,1,/apollo/control,0,8009,1784454002258409053,0,72263408870752835,2,2407194,2407306
202607191739,e2e_trace_v3,19018,17294028383935529532,8011,control,in,83647063851584,1,/apollo/planning,345,0,1784454002258409053,69,0,0,2407194,2407313
202607191739,e2e_trace_v3,19027,17294028383935529532,8011,control,out,83647065269024,1,/apollo/control,0,8010,1784454002258409053,0,72263408870752835,2,2407194,2407313
202607191739,e2e_trace_v3,19030,17294028383935529532,8012,control,in,83647073996288,1,/apollo/planning,345,0,1784454002258409053,69,0,0,2407194,2407322
202607191739,e2e_trace_v3,19039,17294028383935529532,8012,control,out,83647075303552,1,/apollo/control,0,8011,1784454002258409053,0,72263408870752835,2,2407194,2407322
202607191739,e2e_trace_v3,19042,17294028383935529533,8013,control,in,83647083919456,1,/apollo/planning,346,0,1784454002367252983,81,0,0,2407194,2407319
202607191739,e2e_trace_v3,19051,17294028383935529533,8013,control,out,83647084986816,1,/apollo/control,0,8012,1784454002367252983,0,72263408870752836,2,2407194,2407319
202607191739,e2e_trace_v3,19054,17294028383935529533,8014,control,in,83647093768544,1,/apollo/planning,346,0,1784454002367252983,81,0,0,2407194,2407330
202607191739,e2e_trace_v3,19063,17294028383935529533,8014,control,out,83647094541824,1,/apollo/control,0,8013,1784454002367252983,0,72263408870752836,2,2407194,2407330
202607191739,e2e_trace_v3,19066,17294028383935529533,8015,control,in,83647103753184,1,/apollo/planning,346,0,1784454002367252983,81,0,0,2407194,2407315
202607191739,e2e_trace_v3,19075,17294028383935529533,8015,control,out,83647104506304,1,/apollo/control,0,8014,1784454002367252983,0,72263408870752836,2,2407194,2407315
202607191739,e2e_trace_v3,19078,17294028383935529533,8016,control,in,83647113698240,1,/apollo/planning,346,0,1784454002367252983,81,0,0,2407194,2407304
202607191739,e2e_trace_v3,19087,17294028383935529533,8016,control,out,83647114481888,1,/apollo/control,0,8015,1784454002367252983,0,72263408870752836,2,2407194,2407304
202607191739,e2e_trace_v3,19090,17294028383935529533,8017,control,in,83647123714560,1,/apollo/planning,346,0,1784454002367252983,81,0,0,2407194,2407311
202607191739,e2e_trace_v3,19099,17294028383935529533,8017,control,out,83647124442880,1,/apollo/control,0,8016,1784454002367252983,0,72263408870752836,2,2407194,2407311
202607191739,e2e_trace_v3,19102,17294028383935529533,8018,control,in,83647133712672,1,/apollo/planning,346,0,1784454002367252983,81,0,0,2407194,2407322
202607191739,e2e_trace_v3,19111,17294028383935529533,8018,control,out,83647134438464,1,/apollo/control,0,8017,1784454002367252983,0,72263408870752836,2,2407194,2407322
202607191739,e2e_trace_v3,19114,17294028383935529533,8019,control,in,83647143636736,1,/apollo/planning,346,0,1784454002367252983,81,0,0,2407194,2407329
202607191739,e2e_trace_v3,19123,17294028383935529533,8019,control,out,83647144427136,1,/apollo/control,0,8018,1784454002367252983,0,72263408870752836,2,2407194,2407329
202607191739,e2e_trace_v3,19126,17294028383935529533,8020,control,in,83647153705568,1,/apollo/planning,346,0,1784454002367252983,81,0,0,2407194,2407318
202607191739,e2e_trace_v3,19135,17294028383935529533,8020,control,out,83647154595328,1,/apollo/control,0,8019,1784454002367252983,0,72263408870752836,2,2407194,2407318
202607191739,e2e_trace_v3,19138,17294028383935529533,8021,control,in,83647163660576,1,/apollo/planning,346,0,1784454002367252983,81,0,0,2407194,2407302
202607191739,e2e_trace_v3,19147,17294028383935529533,8021,control,out,83647164509824,1,/apollo/control,0,8020,1784454002367252983,0,72263408870752836,2,2407194,2407302
202607191739,e2e_trace_v3,19150,17294028383935529533,8022,control,in,83647173699392,1,/apollo/planning,346,0,1784454002367252983,81,0,0,2407194,2407313
202607191739,e2e_trace_v3,19159,17294028383935529533,8022,control,out,83647174607744,1,/apollo/control,0,8021,1784454002367252983,0,72263408870752836,2,2407194,2407313
202607191739,e2e_trace_v3,19162,17294028383935529533,8023,control,in,83647183643584,1,/apollo/planning,346,0,1784454002367252983,81,0,0,2407194,2407306
202607191739,e2e_trace_v3,19171,17294028383935529533,8023,control,out,83647184317856,1,/apollo/control,0,8022,1784454002367252983,0,72263408870752836,2,2407194,2407306
202607191739,e2e_trace_v3,19174,17294028383935529533,8024,control,in,83647193671264,1,/apollo/planning,346,0,1784454002367252983,81,0,0,2407194,2407319
202607191739,e2e_trace_v3,19183,17294028383935529533,8024,control,out,83647194607264,1,/apollo/control,0,8023,1784454002367252983,0,72263408870752836,2,2407194,2407319
202607191739,e2e_trace_v3,19186,17294028383935529533,8025,control,in,83647203677248,1,/apollo/planning,346,0,1784454002367252983,81,0,0,2407194,2407309
202607191739,e2e_trace_v3,19195,17294028383935529533,8025,control,out,83647204670656,1,/apollo/control,0,8024,1784454002367252983,0,72263408870752836,2,2407194,2407309
202607191739,e2e_trace_v3,19198,17294028383935529533,8026,control,in,83647213753984,1,/apollo/planning,346,0,1784454002367252983,81,0,0,2407194,2407313
202607191739,e2e_trace_v3,19207,17294028383935529533,8026,control,out,83647214726304,1,/apollo/control,0,8025,1784454002367252983,0,72263408870752836,2,2407194,2407313
202607191739,e2e_trace_v3,19210,17294028383935529533,8027,control,in,83647223738016,1,/apollo/planning,346,0,1784454002367252983,81,0,0,2407194,2407319
202607191739,e2e_trace_v3,19219,17294028383935529533,8027,control,out,83647224489152,1,/apollo/control,0,8026,1784454002367252983,0,72263408870752836,2,2407194,2407319
202607191739,e2e_trace_v3,19222,17294028383935529533,8028,control,in,83647233867744,1,/apollo/planning,346,0,1784454002367252983,81,0,0,2407194,2407324
202607191739,e2e_trace_v3,19231,17294028383935529533,8028,control,out,83647235178752,1,/apollo/control,0,8027,1784454002367252983,0,72263408870752836,2,2407194,2407324
202607191739,e2e_trace_v3,19234,17294028383935529533,8029,control,in,83647243728640,1,/apollo/planning,346,0,1784454002367252983,81,0,0,2407194,2407304
202607191739,e2e_trace_v3,19243,17294028383935529533,8029,control,out,83647245089664,1,/apollo/control,0,8028,1784454002367252983,0,72263408870752836,2,2407194,2407304
202607191739,e2e_trace_v3,19246,17294028383935529533,8030,control,in,83647253683136,1,/apollo/planning,346,0,1784454002367252983,81,0,0,2407194,2407313
202607191739,e2e_trace_v3,19255,17294028383935529533,8030,control,out,83647254423072,1,/apollo/control,0,8029,1784454002367252983,0,72263408870752836,2,2407194,2407313
202607191739,e2e_trace_v3,19258,17294028383935529533,8031,control,in,83647263709152,1,/apollo/planning,346,0,1784454002367252983,81,0,0,2407194,2407319
202607191739,e2e_trace_v3,19267,17294028383935529533,8031,control,out,83647264418432,1,/apollo/control,0,8030,1784454002367252983,0,72263408870752836,2,2407194,2407319
202607191739,e2e_trace_v3,19270,17294028383935529533,8032,control,in,83647273892000,1,/apollo/planning,346,0,1784454002367252983,81,0,0,2407194,2407306
202607191739,e2e_trace_v3,19279,17294028383935529533,8032,control,out,83647275290016,1,/apollo/control,0,8031,1784454002367252983,0,72263408870752836,2,2407194,2407306
202607191739,e2e_trace_v3,19282,17294028383935529533,8033,control,in,83647283775296,1,/apollo/planning,346,0,1784454002367252983,81,0,0,2407194,2407330
202607191739,e2e_trace_v3,19291,17294028383935529533,8033,control,out,83647285093568,1,/apollo/control,0,8032,1784454002367252983,0,72263408870752836,2,2407194,2407330
202607191739,e2e_trace_v3,19294,17294028383935529533,8034,control,in,83647293916064,1,/apollo/planning,346,0,1784454002367252983,81,0,0,2407194,2407318
202607191739,e2e_trace_v3,19303,17294028383935529533,8034,control,out,83647295386336,1,/apollo/control,0,8033,1784454002367252983,0,72263408870752836,2,2407194,2407318
202607191739,e2e_trace_v3,19306,17294028383935529533,8035,control,in,83647305795680,1,/apollo/planning,346,0,1784454002367252983,81,0,0,2407194,2407315
202607191739,e2e_trace_v3,19315,17294028383935529533,8035,control,out,83647306788544,1,/apollo/control,0,8034,1784454002367252983,0,72263408870752836,2,2407194,2407315
202607191739,e2e_trace_v3,19318,17294028383935529533,8036,control,in,83647313712160,1,/apollo/planning,346,0,1784454002367252983,81,0,0,2407194,2407328
202607191739,e2e_trace_v3,19327,17294028383935529533,8036,control,out,83647314697088,1,/apollo/control,0,8035,1784454002367252983,0,72263408870752836,2,2407194,2407328
202607191739,e2e_trace_v3,19330,17294028383935529533,8037,control,in,83647323856032,1,/apollo/planning,346,0,1784454002367252983,81,0,0,2407194,2407322
202607191739,e2e_trace_v3,19339,17294028383935529533,8037,control,out,83647325101664,1,/apollo/control,0,8036,1784454002367252983,0,72263408870752836,2,2407194,2407322
202607191739,e2e_trace_v3,19342,17294028383935529533,8038,control,in,83647333848864,1,/apollo/planning,346,0,1784454002367252983,81,0,0,2407194,2407300
202607191739,e2e_trace_v3,19351,17294028383935529533,8038,control,out,83647335135808,1,/apollo/control,0,8037,1784454002367252983,0,72263408870752836,2,2407194,2407300
202607191739,e2e_trace_v3,19354,17294028383935529534,8039,control,in,83647344059296,1,/apollo/planning,347,0,1784454002473920840,111,0,0,2407194,2407302
202607191739,e2e_trace_v3,19363,17294028383935529534,8039,control,out,83647344971200,1,/apollo/control,0,8038,1784454002473920840,0,72263408870752837,2,2407194,2407302
202607191739,e2e_trace_v3,19366,17294028383935529534,8040,control,in,83647353815200,1,/apollo/planning,347,0,1784454002473920840,111,0,0,2407194,2407324
202607191739,e2e_trace_v3,19375,17294028383935529534,8040,control,out,83647354746752,1,/apollo/control,0,8039,1784454002473920840,0,72263408870752837,2,2407194,2407324
202607191739,e2e_trace_v3,19378,17294028383935529534,8041,control,in,83647363737344,1,/apollo/planning,347,0,1784454002473920840,111,0,0,2407194,2407326
202607191739,e2e_trace_v3,19387,17294028383935529534,8041,control,out,83647364709952,1,/apollo/control,0,8040,1784454002473920840,0,72263408870752837,2,2407194,2407326
202607191739,e2e_trace_v3,19390,17294028383935529534,8042,control,in,83647373755936,1,/apollo/planning,347,0,1784454002473920840,111,0,0,2407194,2407304
202607191739,e2e_trace_v3,19399,17294028383935529534,8042,control,out,83647374716608,1,/apollo/control,0,8041,1784454002473920840,0,72263408870752837,2,2407194,2407304
202607191739,e2e_trace_v3,19402,17294028383935529534,8043,control,in,83647383847680,1,/apollo/planning,347,0,1784454002473920840,111,0,0,2407194,2407322
202607191739,e2e_trace_v3,19411,17294028383935529534,8043,control,out,83647385026624,1,/apollo/control,0,8042,1784454002473920840,0,72263408870752837,2,2407194,2407322
202607191739,e2e_trace_v3,19414,17294028383935529534,8044,control,in,83647393950816,1,/apollo/planning,347,0,1784454002473920840,111,0,0,2407194,2407306
202607191739,e2e_trace_v3,19423,17294028383935529534,8044,control,out,83647395604128,1,/apollo/control,0,8043,1784454002473920840,0,72263408870752837,2,2407194,2407306
202607191739,e2e_trace_v3,19426,17294028383935529534,8045,control,in,83647405862112,1,/apollo/planning,347,0,1784454002473920840,111,0,0,2407194,2407319
202607191739,e2e_trace_v3,19435,17294028383935529534,8045,control,out,83647407364480,1,/apollo/control,0,8044,1784454002473920840,0,72263408870752837,2,2407194,2407319
202607191739,e2e_trace_v3,19438,17294028383935529534,8046,control,in,83647415907360,1,/apollo/planning,347,0,1784454002473920840,111,0,0,2407194,2407300
202607191739,e2e_trace_v3,19447,17294028383935529534,8046,control,out,83647417399712,1,/apollo/control,0,8045,1784454002473920840,0,72263408870752837,2,2407194,2407300
202607191739,e2e_trace_v3,19450,17294028383935529534,8047,control,in,83647423964192,1,/apollo/planning,347,0,1784454002473920840,111,0,0,2407194,2407311
202607191739,e2e_trace_v3,19459,17294028383935529534,8047,control,out,83647425459072,1,/apollo/control,0,8046,1784454002473920840,0,72263408870752837,2,2407194,2407311
202607191739,e2e_trace_v3,19462,17294028383935529534,8048,control,in,83647433887136,1,/apollo/planning,347,0,1784454002473920840,111,0,0,2407194,2407300
202607191739,e2e_trace_v3,19471,17294028383935529534,8048,control,out,83647435521152,1,/apollo/control,0,8047,1784454002473920840,0,72263408870752837,2,2407194,2407300
202607191739,e2e_trace_v3,19474,17294028383935529534,8049,control,in,83647443897952,1,/apollo/planning,347,0,1784454002473920840,111,0,0,2407194,2407328
202607191739,e2e_trace_v3,19483,17294028383935529534,8049,control,out,83647445544928,1,/apollo/control,0,8048,1784454002473920840,0,72263408870752837,2,2407194,2407328
202607191739,e2e_trace_v3,19486,17294028383935529534,8050,control,in,83647453918016,1,/apollo/planning,347,0,1784454002473920840,111,0,0,2407194,2407315
202607191739,e2e_trace_v3,19495,17294028383935529534,8050,control,out,83647455545120,1,/apollo/control,0,8049,1784454002473920840,0,72263408870752837,2,2407194,2407315
202607191739,e2e_trace_v3,19498,17294028383935529534,8051,control,in,83647466040416,1,/apollo/planning,347,0,1784454002473920840,111,0,0,2407194,2407322
202607191739,e2e_trace_v3,19507,17294028383935529534,8051,control,out,83647467688128,1,/apollo/control,0,8050,1784454002473920840,0,72263408870752837,2,2407194,2407322
202607191739,e2e_trace_v3,19510,17294028383935529534,8052,control,in,83647473882976,1,/apollo/planning,347,0,1784454002473920840,111,0,0,2407194,2407322
202607191739,e2e_trace_v3,19519,17294028383935529534,8052,control,out,83647475317760,1,/apollo/control,0,8051,1784454002473920840,0,72263408870752837,2,2407194,2407322
202607191739,e2e_trace_v3,19522,17294028383935529534,8053,control,in,83647483843776,1,/apollo/planning,347,0,1784454002473920840,111,0,0,2407194,2407329
202607191739,e2e_trace_v3,19531,17294028383935529534,8053,control,out,83647485283360,1,/apollo/control,0,8052,1784454002473920840,0,72263408870752837,2,2407194,2407329
202607191739,e2e_trace_v3,19534,17294028383935529534,8054,control,in,83647493761376,1,/apollo/planning,347,0,1784454002473920840,111,0,0,2407194,2407300
202607191739,e2e_trace_v3,19543,17294028383935529534,8054,control,out,83647495231104,1,/apollo/control,0,8053,1784454002473920840,0,72263408870752837,2,2407194,2407300
202607191739,e2e_trace_v3,19546,17294028383935529534,8055,control,in,83647503787680,1,/apollo/planning,347,0,1784454002473920840,111,0,0,2407194,2407324
202607191739,e2e_trace_v3,19555,17294028383935529534,8055,control,out,83647504657056,1,/apollo/control,0,8054,1784454002473920840,0,72263408870752837,2,2407194,2407324
202607191739,e2e_trace_v3,19558,17294028383935529535,8056,control,in,83647513899584,1,/apollo/planning,348,0,1784454002581317478,30,0,0,2407194,2407311
202607191739,e2e_trace_v3,19567,17294028383935529535,8056,control,out,83647514922656,1,/apollo/control,0,8055,1784454002581317478,0,72263408870752838,2,2407194,2407311
202607191739,e2e_trace_v3,19570,17294028383935529535,8057,control,in,83647523557344,1,/apollo/planning,348,0,1784454002581317478,30,0,0,2407194,2407313
202607191739,e2e_trace_v3,19579,17294028383935529535,8057,control,out,83647524688096,1,/apollo/control,0,8056,1784454002581317478,0,72263408870752838,2,2407194,2407313
202607191739,e2e_trace_v3,19582,17294028383935529535,8058,control,in,83647533625504,1,/apollo/planning,348,0,1784454002581317478,30,0,0,2407194,2407328
202607191739,e2e_trace_v3,19591,17294028383935529535,8058,control,out,83647534367392,1,/apollo/control,0,8057,1784454002581317478,0,72263408870752838,2,2407194,2407328
202607191739,e2e_trace_v3,19594,17294028383935529535,8059,control,in,83647543561664,1,/apollo/planning,348,0,1784454002581317478,30,0,0,2407194,2407311
202607191739,e2e_trace_v3,19603,17294028383935529535,8059,control,out,83647544343648,1,/apollo/control,0,8058,1784454002581317478,0,72263408870752838,2,2407194,2407311
202607191739,e2e_trace_v3,19606,17294028383935529535,8060,control,in,83647553726752,1,/apollo/planning,348,0,1784454002581317478,30,0,0,2407194,2407324
202607191739,e2e_trace_v3,19615,17294028383935529535,8060,control,out,83647554452960,1,/apollo/control,0,8059,1784454002581317478,0,72263408870752838,2,2407194,2407324
202607191739,e2e_trace_v3,19618,17294028383935529535,8061,control,in,83647563664288,1,/apollo/planning,348,0,1784454002581317478,30,0,0,2407194,2407309
202607191739,e2e_trace_v3,19627,17294028383935529535,8061,control,out,83647564823072,1,/apollo/control,0,8060,1784454002581317478,0,72263408870752838,2,2407194,2407309
202607191739,e2e_trace_v3,19630,17294028383935529535,8062,control,in,83647573632992,1,/apollo/planning,348,0,1784454002581317478,30,0,0,2407194,2407322
202607191739,e2e_trace_v3,19639,17294028383935529535,8062,control,out,83647574714432,1,/apollo/control,0,8061,1784454002581317478,0,72263408870752838,2,2407194,2407322
202607191739,e2e_trace_v3,19642,17294028383935529535,8063,control,in,83647583578624,1,/apollo/planning,348,0,1784454002581317478,30,0,0,2407194,2407302
202607191739,e2e_trace_v3,19651,17294028383935529535,8063,control,out,83647584584704,1,/apollo/control,0,8062,1784454002581317478,0,72263408870752838,2,2407194,2407302
202607191739,e2e_trace_v3,19654,17294028383935529535,8064,control,in,83647593670880,1,/apollo/planning,348,0,1784454002581317478,30,0,0,2407194,2407328
202607191739,e2e_trace_v3,19663,17294028383935529535,8064,control,out,83647594882944,1,/apollo/control,0,8063,1784454002581317478,0,72263408870752838,2,2407194,2407328
202607191739,e2e_trace_v3,19666,17294028383935529535,8065,control,in,83647603667296,1,/apollo/planning,348,0,1784454002581317478,30,0,0,2407194,2407313
202607191739,e2e_trace_v3,19675,17294028383935529535,8065,control,out,83647604641248,1,/apollo/control,0,8064,1784454002581317478,0,72263408870752838,2,2407194,2407313
202607191739,e2e_trace_v3,19678,17294028383935529535,8066,control,in,83647613698688,1,/apollo/planning,348,0,1784454002581317478,30,0,0,2407194,2407329
202607191739,e2e_trace_v3,19687,17294028383935529535,8066,control,out,83647614802336,1,/apollo/control,0,8065,1784454002581317478,0,72263408870752838,2,2407194,2407329
202607191739,e2e_trace_v3,19690,17294028383935529535,8067,control,in,83647623631264,1,/apollo/planning,348,0,1784454002581317478,30,0,0,2407194,2407329
202607191739,e2e_trace_v3,19699,17294028383935529535,8067,control,out,83647624808544,1,/apollo/control,0,8066,1784454002581317478,0,72263408870752838,2,2407194,2407329
202607191739,e2e_trace_v3,19702,17294028383935529535,8068,control,in,83647633602528,1,/apollo/planning,348,0,1784454002581317478,30,0,0,2407194,2407330
202607191739,e2e_trace_v3,19711,17294028383935529535,8068,control,out,83647634738912,1,/apollo/control,0,8067,1784454002581317478,0,72263408870752838,2,2407194,2407330
202607191739,e2e_trace_v3,19714,17294028383935529535,8069,control,in,83647643593440,1,/apollo/planning,348,0,1784454002581317478,30,0,0,2407194,2407304
202607191739,e2e_trace_v3,19723,17294028383935529535,8069,control,out,83647644708352,1,/apollo/control,0,8068,1784454002581317478,0,72263408870752838,2,2407194,2407304
202607191739,e2e_trace_v3,19726,17294028383935529535,8070,control,in,83647653623360,1,/apollo/planning,348,0,1784454002581317478,30,0,0,2407194,2407306
202607191739,e2e_trace_v3,19735,17294028383935529535,8070,control,out,83647654725728,1,/apollo/control,0,8069,1784454002581317478,0,72263408870752838,2,2407194,2407306
202607191739,e2e_trace_v3,19738,17294028383935529535,8071,control,in,83647663682240,1,/apollo/planning,348,0,1784454002581317478,30,0,0,2407194,2407322
202607191739,e2e_trace_v3,19747,17294028383935529535,8071,control,out,83647664820416,1,/apollo/control,0,8070,1784454002581317478,0,72263408870752838,2,2407194,2407322
202607191739,e2e_trace_v3,19750,17294028383935529535,8072,control,in,83647673605664,1,/apollo/planning,348,0,1784454002581317478,30,0,0,2407194,2407328
202607191739,e2e_trace_v3,19759,17294028383935529535,8072,control,out,83647674647552,1,/apollo/control,0,8071,1784454002581317478,0,72263408870752838,2,2407194,2407328
202607191739,e2e_trace_v3,19762,17294028383935529535,8073,control,in,83647683635008,1,/apollo/planning,348,0,1784454002581317478,30,0,0,2407194,2407300
202607191739,e2e_trace_v3,19771,17294028383935529535,8073,control,out,83647684908896,1,/apollo/control,0,8072,1784454002581317478,0,72263408870752838,2,2407194,2407300
202607191739,e2e_trace_v3,19774,17294028383935529535,8074,control,in,83647693637024,1,/apollo/planning,348,0,1784454002581317478,30,0,0,2407194,2407306
202607191739,e2e_trace_v3,19783,17294028383935529535,8074,control,out,83647694809536,1,/apollo/control,0,8073,1784454002581317478,0,72263408870752838,2,2407194,2407306
202607191739,e2e_trace_v3,19786,17294028383935529535,8075,control,in,83647703682080,1,/apollo/planning,348,0,1784454002581317478,30,0,0,2407194,2407313
202607191739,e2e_trace_v3,19795,17294028383935529535,8075,control,out,83647704921824,1,/apollo/control,0,8074,1784454002581317478,0,72263408870752838,2,2407194,2407313
202607191739,e2e_trace_v3,19798,17294028383935529535,8076,control,in,83647713585504,1,/apollo/planning,348,0,1784454002581317478,30,0,0,2407194,2407311
202607191739,e2e_trace_v3,19807,17294028383935529535,8076,control,out,83647714447264,1,/apollo/control,0,8075,1784454002581317478,0,72263408870752838,2,2407194,2407311
202607191739,e2e_trace_v3,19810,17294028383935529535,8077,control,in,83647723616032,1,/apollo/planning,348,0,1784454002581317478,30,0,0,2407194,2407304
202607191739,e2e_trace_v3,19819,17294028383935529535,8077,control,out,83647724499968,1,/apollo/control,0,8076,1784454002581317478,0,72263408870752838,2,2407194,2407304
202607191739,e2e_trace_v3,19822,17294028383935529535,8078,control,in,83647733679296,1,/apollo/planning,348,0,1784454002581317478,30,0,0,2407194,2407309
202607191739,e2e_trace_v3,19831,17294028383935529535,8078,control,out,83647734808544,1,/apollo/control,0,8077,1784454002581317478,0,72263408870752838,2,2407194,2407309
202607191739,e2e_trace_v3,19834,17294028383935529536,8079,control,in,83647743691904,1,/apollo/planning,349,0,1784454002696411518,30,0,0,2407194,2407324
202607191739,e2e_trace_v3,19843,17294028383935529536,8079,control,out,83647744844160,1,/apollo/control,0,8078,1784454002696411518,0,72263408870752839,2,2407194,2407324
202607191739,e2e_trace_v3,19846,17294028383935529536,8080,control,in,83647753679552,1,/apollo/planning,349,0,1784454002696411518,30,0,0,2407194,2407318
202607191739,e2e_trace_v3,19855,17294028383935529536,8080,control,out,83647754766368,1,/apollo/control,0,8079,1784454002696411518,0,72263408870752839,2,2407194,2407318
202607191739,e2e_trace_v3,19858,17294028383935529536,8081,control,in,83647763675104,1,/apollo/planning,349,0,1784454002696411518,30,0,0,2407194,2407329
202607191739,e2e_trace_v3,19867,17294028383935529536,8081,control,out,83647764521632,1,/apollo/control,0,8080,1784454002696411518,0,72263408870752839,2,2407194,2407329
202607191739,e2e_trace_v3,19870,17294028383935529536,8082,control,in,83647773622208,1,/apollo/planning,349,0,1784454002696411518,30,0,0,2407194,2407302
202607191739,e2e_trace_v3,19879,17294028383935529536,8082,control,out,83647774534112,1,/apollo/control,0,8081,1784454002696411518,0,72263408870752839,2,2407194,2407302
202607191739,e2e_trace_v3,19882,17294028383935529536,8083,control,in,83647783596896,1,/apollo/planning,349,0,1784454002696411518,30,0,0,2407194,2407329
202607191739,e2e_trace_v3,19891,17294028383935529536,8083,control,out,83647784550624,1,/apollo/control,0,8082,1784454002696411518,0,72263408870752839,2,2407194,2407329
202607191739,e2e_trace_v3,19894,17294028383935529536,8084,control,in,83647793583680,1,/apollo/planning,349,0,1784454002696411518,30,0,0,2407194,2407322
202607191739,e2e_trace_v3,19903,17294028383935529536,8084,control,out,83647794153568,1,/apollo/control,0,8083,1784454002696411518,0,72263408870752839,2,2407194,2407322
202607191739,e2e_trace_v3,19906,17294028383935529536,8085,control,in,83647803625888,1,/apollo/planning,349,0,1784454002696411518,30,0,0,2407194,2407315
202607191739,e2e_trace_v3,19915,17294028383935529536,8085,control,out,83647804244768,1,/apollo/control,0,8084,1784454002696411518,0,72263408870752839,2,2407194,2407315
202607191739,e2e_trace_v3,19918,17294028383935529536,8086,control,in,83647813592448,1,/apollo/planning,349,0,1784454002696411518,30,0,0,2407194,2407322
202607191739,e2e_trace_v3,19927,17294028383935529536,8086,control,out,83647814144224,1,/apollo/control,0,8085,1784454002696411518,0,72263408870752839,2,2407194,2407322
202607191739,e2e_trace_v3,19930,17294028383935529536,8087,control,in,83647823758464,1,/apollo/planning,349,0,1784454002696411518,30,0,0,2407194,2407306
202607191739,e2e_trace_v3,19939,17294028383935529536,8087,control,out,83647824927264,1,/apollo/control,0,8086,1784454002696411518,0,72263408870752839,2,2407194,2407306
202607191739,e2e_trace_v3,19942,17294028383935529536,8088,control,in,83647833612576,1,/apollo/planning,349,0,1784454002696411518,30,0,0,2407194,2407329
202607191739,e2e_trace_v3,19951,17294028383935529536,8088,control,out,83647834654496,1,/apollo/control,0,8087,1784454002696411518,0,72263408870752839,2,2407194,2407329
202607191739,e2e_trace_v3,19954,17294028383935529536,8089,control,in,83647843547552,1,/apollo/planning,349,0,1784454002696411518,30,0,0,2407194,2407315
202607191739,e2e_trace_v3,19963,17294028383935529536,8089,control,out,83647844063456,1,/apollo/control,0,8088,1784454002696411518,0,72263408870752839,2,2407194,2407315
202607191739,e2e_trace_v3,19966,17294028383935529536,8090,control,in,83647853609632,1,/apollo/planning,349,0,1784454002696411518,30,0,0,2407194,2407311
202607191739,e2e_trace_v3,19975,17294028383935529536,8090,control,out,83647854677376,1,/apollo/control,0,8089,1784454002696411518,0,72263408870752839,2,2407194,2407311
202607191739,e2e_trace_v3,19978,17294028383935529536,8091,control,in,83647863603200,1,/apollo/planning,349,0,1784454002696411518,30,0,0,2407194,2407302
202607191739,e2e_trace_v3,19987,17294028383935529536,8091,control,out,83647864699584,1,/apollo/control,0,8090,1784454002696411518,0,72263408870752839,2,2407194,2407302
202607191739,e2e_trace_v3,19990,17294028383935529536,8092,control,in,83647873624032,1,/apollo/planning,349,0,1784454002696411518,30,0,0,2407194,2407313
202607191739,e2e_trace_v3,19999,17294028383935529536,8092,control,out,83647874723040,1,/apollo/control,0,8091,1784454002696411518,0,72263408870752839,2,2407194,2407313
202607191739,e2e_trace_v3,20002,17294028383935529536,8093,control,in,83647883638464,1,/apollo/planning,349,0,1784454002696411518,30,0,0,2407194,2407326
202607191739,e2e_trace_v3,20011,17294028383935529536,8093,control,out,83647884875264,1,/apollo/control,0,8092,1784454002696411518,0,72263408870752839,2,2407194,2407326
202607191739,e2e_trace_v3,20014,17294028383935529536,8094,control,in,83647893670912,1,/apollo/planning,349,0,1784454002696411518,30,0,0,2407194,2407322
202607191739,e2e_trace_v3,20023,17294028383935529536,8094,control,out,83647895077824,1,/apollo/control,0,8093,1784454002696411518,0,72263408870752839,2,2407194,2407322
202607191739,e2e_trace_v3,20026,17294028383935529536,8095,control,in,83647903702432,1,/apollo/planning,349,0,1784454002696411518,30,0,0,2407194,2407324
202607191739,e2e_trace_v3,20035,17294028383935529536,8095,control,out,83647904868384,1,/apollo/control,0,8094,1784454002696411518,0,72263408870752839,2,2407194,2407324
202607191739,e2e_trace_v3,20038,17294028383935529536,8096,control,in,83647913681312,1,/apollo/planning,349,0,1784454002696411518,30,0,0,2407194,2407319
202607191739,e2e_trace_v3,20047,17294028383935529536,8096,control,out,83647914782432,1,/apollo/control,0,8095,1784454002696411518,0,72263408870752839,2,2407194,2407319
202607191739,e2e_trace_v3,20050,17294028383935529536,8097,control,in,83647923617056,1,/apollo/planning,349,0,1784454002696411518,30,0,0,2407194,2407328
202607191739,e2e_trace_v3,20059,17294028383935529536,8097,control,out,83647924879168,1,/apollo/control,0,8096,1784454002696411518,0,72263408870752839,2,2407194,2407328
202607191739,e2e_trace_v3,20062,17294028383935529536,8098,control,in,83647933588832,1,/apollo/planning,349,0,1784454002696411518,30,0,0,2407194,2407313
202607191739,e2e_trace_v3,20071,17294028383935529536,8098,control,out,83647934457120,1,/apollo/control,0,8097,1784454002696411518,0,72263408870752839,2,2407194,2407313
202607191739,e2e_trace_v3,20074,17294028383935529536,8099,control,in,83647943557600,1,/apollo/planning,349,0,1784454002696411518,30,0,0,2407194,2407330
202607191739,e2e_trace_v3,20083,17294028383935529536,8099,control,out,83647944426656,1,/apollo/control,0,8098,1784454002696411518,0,72263408870752839,2,2407194,2407330
202607191739,e2e_trace_v3,20086,17294028383935529536,8100,control,in,83647953640896,1,/apollo/planning,349,0,1784454002696411518,30,0,0,2407194,2407302
202607191739,e2e_trace_v3,20095,17294028383935529536,8100,control,out,83647954856096,1,/apollo/control,0,8099,1784454002696411518,0,72263408870752839,2,2407194,2407302
202607191739,e2e_trace_v3,20098,17294028383935529537,8101,control,in,83647963789792,1,/apollo/planning,350,0,1784454002802165018,30,0,0,2407194,2407322
202607191739,e2e_trace_v3,20107,17294028383935529537,8101,control,out,83647964970944,1,/apollo/control,0,8100,1784454002802165018,0,72263408870752840,2,2407194,2407322
202607191739,e2e_trace_v3,20110,17294028383935529537,8102,control,in,83647973631520,1,/apollo/planning,350,0,1784454002802165018,30,0,0,2407194,2407306
202607191739,e2e_trace_v3,20119,17294028383935529537,8102,control,out,83647974672032,1,/apollo/control,0,8101,1784454002802165018,0,72263408870752840,2,2407194,2407306
202607191739,e2e_trace_v3,20122,17294028383935529537,8103,control,in,83647983558688,1,/apollo/planning,350,0,1784454002802165018,30,0,0,2407194,2407304
202607191739,e2e_trace_v3,20131,17294028383935529537,8103,control,out,83647984078848,1,/apollo/control,0,8102,1784454002802165018,0,72263408870752840,2,2407194,2407304
202607191739,e2e_trace_v3,20134,17294028383935529537,8104,control,in,83647993591424,1,/apollo/planning,350,0,1784454002802165018,30,0,0,2407194,2407309
202607191739,e2e_trace_v3,20143,17294028383935529537,8104,control,out,83647994187744,1,/apollo/control,0,8103,1784454002802165018,0,72263408870752840,2,2407194,2407309
202607191739,e2e_trace_v3,20146,17294028383935529537,8105,control,in,83648003571264,1,/apollo/planning,350,0,1784454002802165018,30,0,0,2407194,2407304
202607191739,e2e_trace_v3,20155,17294028383935529537,8105,control,out,83648004233600,1,/apollo/control,0,8104,1784454002802165018,0,72263408870752840,2,2407194,2407304
202607191739,e2e_trace_v3,20158,17294028383935529537,8106,control,in,83648013603232,1,/apollo/planning,350,0,1784454002802165018,30,0,0,2407194,2407328
202607191739,e2e_trace_v3,20167,17294028383935529537,8106,control,out,83648014255648,1,/apollo/control,0,8105,1784454002802165018,0,72263408870752840,2,2407194,2407328
202607191739,e2e_trace_v3,20170,17294028383935529537,8107,control,in,83648023594624,1,/apollo/planning,350,0,1784454002802165018,30,0,0,2407194,2407329
202607191739,e2e_trace_v3,20179,17294028383935529537,8107,control,out,83648024310848,1,/apollo/control,0,8106,1784454002802165018,0,72263408870752840,2,2407194,2407329
202607191739,e2e_trace_v3,20182,17294028383935529537,8108,control,in,83648033597664,1,/apollo/planning,350,0,1784454002802165018,30,0,0,2407194,2407309
202607191739,e2e_trace_v3,20191,17294028383935529537,8108,control,out,83648034352960,1,/apollo/control,0,8107,1784454002802165018,0,72263408870752840,2,2407194,2407309
202607191739,e2e_trace_v3,20194,17294028383935529537,8109,control,in,83648043556320,1,/apollo/planning,350,0,1784454002802165018,30,0,0,2407194,2407313
202607191739,e2e_trace_v3,20203,17294028383935529537,8109,control,out,83648044227968,1,/apollo/control,0,8108,1784454002802165018,0,72263408870752840,2,2407194,2407313
202607191739,e2e_trace_v3,20206,17294028383935529537,8110,control,in,83648053555936,1,/apollo/planning,350,0,1784454002802165018,30,0,0,2407194,2407324
202607191739,e2e_trace_v3,20215,17294028383935529537,8110,control,out,83648054126432,1,/apollo/control,0,8109,1784454002802165018,0,72263408870752840,2,2407194,2407324
202607191739,e2e_trace_v3,20218,17294028383935529537,8111,control,in,83648063544960,1,/apollo/planning,350,0,1784454002802165018,30,0,0,2407194,2407302
202607191739,e2e_trace_v3,20227,17294028383935529537,8111,control,out,83648064153984,1,/apollo/control,0,8110,1784454002802165018,0,72263408870752840,2,2407194,2407302
202607191739,e2e_trace_v3,20230,17294028383935529537,8112,control,in,83648073601792,1,/apollo/planning,350,0,1784454002802165018,30,0,0,2407194,2407322
202607191739,e2e_trace_v3,20239,17294028383935529537,8112,control,out,83648074328800,1,/apollo/control,0,8111,1784454002802165018,0,72263408870752840,2,2407194,2407322
202607191739,e2e_trace_v3,20242,17294028383935529537,8113,control,in,83648083714912,1,/apollo/planning,350,0,1784454002802165018,30,0,0,2407194,2407329
202607191739,e2e_trace_v3,20251,17294028383935529537,8113,control,out,83648085085344,1,/apollo/control,0,8112,1784454002802165018,0,72263408870752840,2,2407194,2407329
202607191739,e2e_trace_v3,20254,17294028383935529537,8114,control,in,83648093672192,1,/apollo/planning,350,0,1784454002802165018,30,0,0,2407194,2407300
202607191739,e2e_trace_v3,20263,17294028383935529537,8114,control,out,83648094811552,1,/apollo/control,0,8113,1784454002802165018,0,72263408870752840,2,2407194,2407300
202607191739,e2e_trace_v3,20266,17294028383935529537,8115,control,in,83648103621664,1,/apollo/planning,350,0,1784454002802165018,30,0,0,2407194,2407330
202607191739,e2e_trace_v3,20275,17294028383935529537,8115,control,out,83648104274880,1,/apollo/control,0,8114,1784454002802165018,0,72263408870752840,2,2407194,2407330
202607191739,e2e_trace_v3,20278,17294028383935529537,8116,control,in,83648113579200,1,/apollo/planning,350,0,1784454002802165018,30,0,0,2407194,2407315
202607191739,e2e_trace_v3,20287,17294028383935529537,8116,control,out,83648114233984,1,/apollo/control,0,8115,1784454002802165018,0,72263408870752840,2,2407194,2407315
202607191739,e2e_trace_v3,20290,17294028383935529537,8117,control,in,83648123611328,1,/apollo/planning,350,0,1784454002802165018,30,0,0,2407194,2407306
202607191739,e2e_trace_v3,20299,17294028383935529537,8117,control,out,83648124208416,1,/apollo/control,0,8116,1784454002802165018,0,72263408870752840,2,2407194,2407306
202607191739,e2e_trace_v3,20302,17294028383935529537,8118,control,in,83648133573248,1,/apollo/planning,350,0,1784454002802165018,30,0,0,2407194,2407319
202607191739,e2e_trace_v3,20311,17294028383935529537,8118,control,out,83648134200480,1,/apollo/control,0,8117,1784454002802165018,0,72263408870752840,2,2407194,2407319
202607191739,e2e_trace_v3,20314,17294028383935529537,8119,control,in,83648143525280,1,/apollo/planning,350,0,1784454002802165018,30,0,0,2407194,2407300
202607191739,e2e_trace_v3,20323,17294028383935529537,8119,control,out,83648144086272,1,/apollo/control,0,8118,1784454002802165018,0,72263408870752840,2,2407194,2407300
202607191739,e2e_trace_v3,20326,17294028383935529537,8120,control,in,83648153509984,1,/apollo/planning,350,0,1784454002802165018,30,0,0,2407194,2407315
202607191739,e2e_trace_v3,20335,17294028383935529537,8120,control,out,83648153990112,1,/apollo/control,0,8119,1784454002802165018,0,72263408870752840,2,2407194,2407315
202607191739,e2e_trace_v3,20338,17294028383935529537,8121,control,in,83648163544896,1,/apollo/planning,350,0,1784454002802165018,30,0,0,2407194,2407329
202607191739,e2e_trace_v3,20347,17294028383935529537,8121,control,out,83648164133632,1,/apollo/control,0,8120,1784454002802165018,0,72263408870752840,2,2407194,2407329
202607191739,e2e_trace_v3,20350,17294028383935529537,8122,control,in,83648173575200,1,/apollo/planning,350,0,1784454002802165018,30,0,0,2407194,2407313
202607191739,e2e_trace_v3,20359,17294028383935529537,8122,control,out,83648174163392,1,/apollo/control,0,8121,1784454002802165018,0,72263408870752840,2,2407194,2407313
202607191739,e2e_trace_v3,20362,17294028383935529538,8123,control,in,83648183600128,1,/apollo/planning,351,0,1784454002912273435,30,0,0,2407194,2407311
202607191739,e2e_trace_v3,20371,17294028383935529538,8123,control,out,83648184186560,1,/apollo/control,0,8122,1784454002912273435,0,72263408870752841,2,2407194,2407311
202607191739,e2e_trace_v3,20374,17294028383935529538,8124,control,in,83648193593024,1,/apollo/planning,351,0,1784454002912273435,30,0,0,2407194,2407309
202607191739,e2e_trace_v3,20383,17294028383935529538,8124,control,out,83648194334912,1,/apollo/control,0,8123,1784454002912273435,0,72263408870752841,2,2407194,2407309
202607191739,e2e_trace_v3,20386,17294028383935529538,8125,control,in,83648203547328,1,/apollo/planning,351,0,1784454002912273435,30,0,0,2407194,2407315
202607191739,e2e_trace_v3,20395,17294028383935529538,8125,control,out,83648204063712,1,/apollo/control,0,8124,1784454002912273435,0,72263408870752841,2,2407194,2407315
202607191739,e2e_trace_v3,20398,17294028383935529538,8126,control,in,83648213541312,1,/apollo/planning,351,0,1784454002912273435,30,0,0,2407194,2407319
202607191739,e2e_trace_v3,20407,17294028383935529538,8126,control,out,83648214127968,1,/apollo/control,0,8125,1784454002912273435,0,72263408870752841,2,2407194,2407319
202607191739,e2e_trace_v3,20410,17294028383935529538,8127,control,in,83648223539648,1,/apollo/planning,351,0,1784454002912273435,30,0,0,2407194,2407300
202607191739,e2e_trace_v3,20419,17294028383935529538,8127,control,out,83648224148320,1,/apollo/control,0,8126,1784454002912273435,0,72263408870752841,2,2407194,2407300
202607191739,e2e_trace_v3,20422,17294028383935529538,8128,control,in,83648233596960,1,/apollo/planning,351,0,1784454002912273435,30,0,0,2407194,2407304
202607191739,e2e_trace_v3,20431,17294028383935529538,8128,control,out,83648234360128,1,/apollo/control,0,8127,1784454002912273435,0,72263408870752841,2,2407194,2407304
202607191739,e2e_trace_v3,20434,17294028383935529538,8129,control,in,83648243565760,1,/apollo/planning,351,0,1784454002912273435,30,0,0,2407194,2407311
202607191739,e2e_trace_v3,20443,17294028383935529538,8129,control,out,83648244121920,1,/apollo/control,0,8128,1784454002912273435,0,72263408870752841,2,2407194,2407311
202607191739,e2e_trace_v3,20446,17294028383935529538,8130,control,in,83648253586816,1,/apollo/planning,351,0,1784454002912273435,30,0,0,2407194,2407302
202607191739,e2e_trace_v3,20455,17294028383935529538,8130,control,out,83648254240576,1,/apollo/control,0,8129,1784454002912273435,0,72263408870752841,2,2407194,2407302
202607191739,e2e_trace_v3,20458,17294028383935529538,8131,control,in,83648263683872,1,/apollo/planning,351,0,1784454002912273435,30,0,0,2407194,2407309
202607191739,e2e_trace_v3,20467,17294028383935529538,8131,control,out,83648264485728,1,/apollo/control,0,8130,1784454002912273435,0,72263408870752841,2,2407194,2407309
202607191739,e2e_trace_v3,20470,17294028383935529538,8132,control,in,83648273566432,1,/apollo/planning,351,0,1784454002912273435,30,0,0,2407194,2407324
202607191739,e2e_trace_v3,20479,17294028383935529538,8132,control,out,83648274171264,1,/apollo/control,0,8131,1784454002912273435,0,72263408870752841,2,2407194,2407324
202607191739,e2e_trace_v3,20482,17294028383935529538,8133,control,in,83648283556320,1,/apollo/planning,351,0,1784454002912273435,30,0,0,2407194,2407322
202607191739,e2e_trace_v3,20491,17294028383935529538,8133,control,out,83648284097824,1,/apollo/control,0,8132,1784454002912273435,0,72263408870752841,2,2407194,2407322
202607191739,e2e_trace_v3,20494,17294028383935529538,8134,control,in,83648293620352,1,/apollo/planning,351,0,1784454002912273435,30,0,0,2407194,2407318
202607191739,e2e_trace_v3,20503,17294028383935529538,8134,control,out,83648294556736,1,/apollo/control,0,8133,1784454002912273435,0,72263408870752841,2,2407194,2407318
202607191739,e2e_trace_v3,20506,17294028383935529538,8135,control,in,83648303549824,1,/apollo/planning,351,0,1784454002912273435,30,0,0,2407194,2407315
202607191739,e2e_trace_v3,20515,17294028383935529538,8135,control,out,83648304053792,1,/apollo/control,0,8134,1784454002912273435,0,72263408870752841,2,2407194,2407315
202607191739,e2e_trace_v3,20518,17294028383935529538,8136,control,in,83648313809600,1,/apollo/planning,351,0,1784454002912273435,30,0,0,2407194,2407315
202607191739,e2e_trace_v3,20527,17294028383935529538,8136,control,out,83648314957760,1,/apollo/control,0,8135,1784454002912273435,0,72263408870752841,2,2407194,2407315
202607191739,e2e_trace_v3,20530,17294028383935529538,8137,control,in,83648323578176,1,/apollo/planning,351,0,1784454002912273435,30,0,0,2407194,2407324
202607191739,e2e_trace_v3,20539,17294028383935529538,8137,control,out,83648324217888,1,/apollo/control,0,8136,1784454002912273435,0,72263408870752841,2,2407194,2407324
202607191739,e2e_trace_v3,20542,17294028383935529538,8138,control,in,83648333656224,1,/apollo/planning,351,0,1784454002912273435,30,0,0,2407194,2407306
202607191739,e2e_trace_v3,20551,17294028383935529538,8138,control,out,83648334850272,1,/apollo/control,0,8137,1784454002912273435,0,72263408870752841,2,2407194,2407306
202607191739,e2e_trace_v3,20554,17294028383935529538,8139,control,in,83648343612032,1,/apollo/planning,351,0,1784454002912273435,30,0,0,2407194,2407311
202607191739,e2e_trace_v3,20563,17294028383935529538,8139,control,out,83648344181504,1,/apollo/control,0,8138,1784454002912273435,0,72263408870752841,2,2407194,2407311
202607191739,e2e_trace_v3,20566,17294028383935529538,8140,control,in,83648353621440,1,/apollo/planning,351,0,1784454002912273435,30,0,0,2407194,2407330
202607191739,e2e_trace_v3,20575,17294028383935529538,8140,control,out,83648354325984,1,/apollo/control,0,8139,1784454002912273435,0,72263408870752841,2,2407194,2407330
202607191739,e2e_trace_v3,20578,17294028383935529538,8141,control,in,83648363615744,1,/apollo/planning,351,0,1784454002912273435,30,0,0,2407194,2407315
202607191739,e2e_trace_v3,20587,17294028383935529538,8141,control,out,83648364228480,1,/apollo/control,0,8140,1784454002912273435,0,72263408870752841,2,2407194,2407315
202607191739,e2e_trace_v3,20590,17294028383935529538,8142,control,in,83648373550496,1,/apollo/planning,351,0,1784454002912273435,30,0,0,2407194,2407329
202607191739,e2e_trace_v3,20599,17294028383935529538,8142,control,out,83648374128640,1,/apollo/control,0,8141,1784454002912273435,0,72263408870752841,2,2407194,2407329
202607191739,e2e_trace_v3,20602,17294028383935529538,8143,control,in,83648383490176,1,/apollo/planning,351,0,1784454002912273435,30,0,0,2407194,2407324
202607191739,e2e_trace_v3,20611,17294028383935529538,8143,control,out,83648383996800,1,/apollo/control,0,8142,1784454002912273435,0,72263408870752841,2,2407194,2407324
202607191739,e2e_trace_v3,20614,17294028383935529538,8144,control,in,83648393510080,1,/apollo/planning,351,0,1784454002912273435,30,0,0,2407194,2407315
202607191739,e2e_trace_v3,20623,17294028383935529538,8144,control,out,83648394062048,1,/apollo/control,0,8143,1784454002912273435,0,72263408870752841,2,2407194,2407315
202607191739,e2e_trace_v3,20626,17294028383935529538,8145,control,in,83648403574688,1,/apollo/planning,351,0,1784454002912273435,30,0,0,2407194,2407311
202607191739,e2e_trace_v3,20635,17294028383935529538,8145,control,out,83648404203904,1,/apollo/control,0,8144,1784454002912273435,0,72263408870752841,2,2407194,2407311
202607191739,e2e_trace_v3,20638,17294028383935529538,8146,control,in,83648413654080,1,/apollo/planning,351,0,1784454002912273435,30,0,0,2407194,2407300
202607191739,e2e_trace_v3,20647,17294028383935529538,8146,control,out,83648414826784,1,/apollo/control,0,8145,1784454002912273435,0,72263408870752841,2,2407194,2407300
202607191739,e2e_trace_v3,20650,17294028383935529538,8147,control,in,83648423565632,1,/apollo/planning,351,0,1784454002912273435,30,0,0,2407194,2407324
202607191739,e2e_trace_v3,20659,17294028383935529538,8147,control,out,83648424282528,1,/apollo/control,0,8146,1784454002912273435,0,72263408870752841,2,2407194,2407324
202607191739,e2e_trace_v3,20662,17294028383935529538,8148,control,in,83648433639008,1,/apollo/planning,351,0,1784454002912273435,30,0,0,2407194,2407329
202607191739,e2e_trace_v3,20671,17294028383935529538,8148,control,out,83648434356704,1,/apollo/control,0,8147,1784454002912273435,0,72263408870752841,2,2407194,2407329
202607191739,e2e_trace_v3,20674,17294028383935529539,8149,control,in,83648444099392,1,/apollo/planning,352,0,1784454003017474660,132,0,0,2407194,2407311
202607191739,e2e_trace_v3,20683,17294028383935529539,8149,control,out,83648445368192,1,/apollo/control,0,8148,1784454003017474660,0,72263408870752842,2,2407194,2407311
202607191739,e2e_trace_v3,20686,17294028383935529539,8150,control,in,83648454085024,1,/apollo/planning,352,0,1784454003017474660,132,0,0,2407194,2407324
202607191739,e2e_trace_v3,20695,17294028383935529539,8150,control,out,83648455339072,1,/apollo/control,0,8149,1784454003017474660,0,72263408870752842,2,2407194,2407324
202607191739,e2e_trace_v3,20698,17294028383935529539,8151,control,in,83648463850112,1,/apollo/planning,352,0,1784454003017474660,132,0,0,2407194,2407300
202607191739,e2e_trace_v3,20707,17294028383935529539,8151,control,out,83648465230016,1,/apollo/control,0,8150,1784454003017474660,0,72263408870752842,2,2407194,2407300
202607191739,e2e_trace_v3,20710,17294028383935529539,8152,control,in,83648473917216,1,/apollo/planning,352,0,1784454003017474660,132,0,0,2407194,2407329
202607191739,e2e_trace_v3,20719,17294028383935529539,8152,control,out,83648475316000,1,/apollo/control,0,8151,1784454003017474660,0,72263408870752842,2,2407194,2407329
202607191739,e2e_trace_v3,20722,17294028383935529539,8153,control,in,83648483873696,1,/apollo/planning,352,0,1784454003017474660,132,0,0,2407194,2407309
202607191739,e2e_trace_v3,20731,17294028383935529539,8153,control,out,83648485372320,1,/apollo/control,0,8152,1784454003017474660,0,72263408870752842,2,2407194,2407309
202607191739,e2e_trace_v3,20734,17294028383935529539,8154,control,in,83648495880384,1,/apollo/planning,352,0,1784454003017474660,132,0,0,2407194,2407311
202607191739,e2e_trace_v3,20743,17294028383935529539,8154,control,out,83648497101952,1,/apollo/control,0,8153,1784454003017474660,0,72263408870752842,2,2407194,2407311
202607191739,e2e_trace_v3,20746,17294028383935529539,8155,control,in,83648503980352,1,/apollo/planning,352,0,1784454003017474660,132,0,0,2407194,2407315
202607191739,e2e_trace_v3,20755,17294028383935529539,8155,control,out,83648505922208,1,/apollo/control,0,8154,1784454003017474660,0,72263408870752842,2,2407194,2407315
202607191739,e2e_trace_v3,20758,17294028383935529539,8156,control,in,83648513871712,1,/apollo/planning,352,0,1784454003017474660,132,0,0,2407194,2407328
202607191739,e2e_trace_v3,20767,17294028383935529539,8156,control,out,83648515104800,1,/apollo/control,0,8155,1784454003017474660,0,72263408870752842,2,2407194,2407328
202607191739,e2e_trace_v3,20770,17294028383935529539,8157,control,in,83648523754944,1,/apollo/planning,352,0,1784454003017474660,132,0,0,2407194,2407304
202607191739,e2e_trace_v3,20779,17294028383935529539,8157,control,out,83648524616800,1,/apollo/control,0,8156,1784454003017474660,0,72263408870752842,2,2407194,2407304
202607191739,e2e_trace_v3,20782,17294028383935529539,8158,control,in,83648533819360,1,/apollo/planning,352,0,1784454003017474660,132,0,0,2407194,2407302
202607191739,e2e_trace_v3,20791,17294028383935529539,8158,control,out,83648534877312,1,/apollo/control,0,8157,1784454003017474660,0,72263408870752842,2,2407194,2407302
202607191739,e2e_trace_v3,20794,17294028383935529539,8159,control,in,83648543739904,1,/apollo/planning,352,0,1784454003017474660,132,0,0,2407194,2407330
202607191739,e2e_trace_v3,20803,17294028383935529539,8159,control,out,83648544680832,1,/apollo/control,0,8158,1784454003017474660,0,72263408870752842,2,2407194,2407330
202607191739,e2e_trace_v3,20806,17294028383935529539,8160,control,in,83648553719296,1,/apollo/planning,352,0,1784454003017474660,132,0,0,2407194,2407328
202607191739,e2e_trace_v3,20815,17294028383935529539,8160,control,out,83648555163648,1,/apollo/control,0,8159,1784454003017474660,0,72263408870752842,2,2407194,2407328
202607191739,e2e_trace_v3,20818,17294028383935529539,8161,control,in,83648563818368,1,/apollo/planning,352,0,1784454003017474660,132,0,0,2407194,2407319
202607191739,e2e_trace_v3,20827,17294028383935529539,8161,control,out,83648565053312,1,/apollo/control,0,8160,1784454003017474660,0,72263408870752842,2,2407194,2407319
202607191739,e2e_trace_v3,20830,17294028383935529539,8162,control,in,83648573776416,1,/apollo/planning,352,0,1784454003017474660,132,0,0,2407194,2407329
202607191739,e2e_trace_v3,20839,17294028383935529539,8162,control,out,83648574939200,1,/apollo/control,0,8161,1784454003017474660,0,72263408870752842,2,2407194,2407329
202607191739,e2e_trace_v3,20842,17294028383935529539,8163,control,in,83648583752256,1,/apollo/planning,352,0,1784454003017474660,132,0,0,2407194,2407324
202607191739,e2e_trace_v3,20851,17294028383935529539,8163,control,out,83648584791328,1,/apollo/control,0,8162,1784454003017474660,0,72263408870752842,2,2407194,2407324
202607191739,e2e_trace_v3,20854,17294028383935529539,8164,control,in,83648593765312,1,/apollo/planning,352,0,1784454003017474660,132,0,0,2407194,2407311
202607191739,e2e_trace_v3,20863,17294028383935529539,8164,control,out,83648594671616,1,/apollo/control,0,8163,1784454003017474660,0,72263408870752842,2,2407194,2407311
202607191739,e2e_trace_v3,20866,17294028383935529539,8165,control,in,83648603612576,1,/apollo/planning,352,0,1784454003017474660,132,0,0,2407194,2407324
202607191739,e2e_trace_v3,20875,17294028383935529539,8165,control,out,83648604357472,1,/apollo/control,0,8164,1784454003017474660,0,72263408870752842,2,2407194,2407324
202607191739,e2e_trace_v3,20878,17294028383935529539,8166,control,in,83648613644064,1,/apollo/planning,352,0,1784454003017474660,132,0,0,2407194,2407329
202607191739,e2e_trace_v3,20887,17294028383935529539,8166,control,out,83648614415200,1,/apollo/control,0,8165,1784454003017474660,0,72263408870752842,2,2407194,2407329
202607191739,e2e_trace_v3,20890,17294028383935529539,8167,control,in,83648623752160,1,/apollo/planning,352,0,1784454003017474660,132,0,0,2407194,2407311
202607191739,e2e_trace_v3,20899,17294028383935529539,8167,control,out,83648624666176,1,/apollo/control,0,8166,1784454003017474660,0,72263408870752842,2,2407194,2407311
202607191739,e2e_trace_v3,20902,17294028383935529539,8168,control,in,83648633846368,1,/apollo/planning,352,0,1784454003017474660,132,0,0,2407194,2407306
202607191739,e2e_trace_v3,20911,17294028383935529539,8168,control,out,83648634845824,1,/apollo/control,0,8167,1784454003017474660,0,72263408870752842,2,2407194,2407306
202607191739,e2e_trace_v3,20914,17294028383935529539,8169,control,in,83648643929856,1,/apollo/planning,352,0,1784454003017474660,132,0,0,2407194,2407300
202607191739,e2e_trace_v3,20923,17294028383935529539,8169,control,out,83648644928288,1,/apollo/control,0,8168,1784454003017474660,0,72263408870752842,2,2407194,2407300
202607191739,e2e_trace_v3,20926,17294028383935529539,8170,control,in,83648654157056,1,/apollo/planning,352,0,1784454003017474660,132,0,0,2407194,2407319
202607191739,e2e_trace_v3,20935,17294028383935529539,8170,control,out,83648655665600,1,/apollo/control,0,8169,1784454003017474660,0,72263408870752842,2,2407194,2407319
202607191739,e2e_trace_v3,20938,17294028383935529539,8171,control,in,83648665948928,1,/apollo/planning,352,0,1784454003017474660,132,0,0,2407194,2407330
202607191739,e2e_trace_v3,20947,17294028383935529539,8171,control,out,83648666979296,1,/apollo/control,0,8170,1784454003017474660,0,72263408870752842,2,2407194,2407330
202607191739,e2e_trace_v3,20950,17294028383935529540,8172,control,in,83648674124128,1,/apollo/planning,353,0,1784454003122041660,139,0,0,2407194,2407329
202607191739,e2e_trace_v3,20959,17294028383935529540,8172,control,out,83648675049664,1,/apollo/control,0,8171,1784454003122041660,0,72263408870752843,2,2407194,2407329
202607191739,e2e_trace_v3,20962,17294028383935529540,8173,control,in,83648683761920,1,/apollo/planning,353,0,1784454003122041660,139,0,0,2407194,2407324
202607191739,e2e_trace_v3,20971,17294028383935529540,8173,control,out,83648684627456,1,/apollo/control,0,8172,1784454003122041660,0,72263408870752843,2,2407194,2407324
202607191739,e2e_trace_v3,20974,17294028383935529540,8174,control,in,83648693720672,1,/apollo/planning,353,0,1784454003122041660,139,0,0,2407194,2407302
202607191739,e2e_trace_v3,20983,17294028383935529540,8174,control,out,83648694628384,1,/apollo/control,0,8173,1784454003122041660,0,72263408870752843,2,2407194,2407302
202607191739,e2e_trace_v3,20986,17294028383935529540,8175,control,in,83648703798048,1,/apollo/planning,353,0,1784454003122041660,139,0,0,2407194,2407306
202607191739,e2e_trace_v3,20995,17294028383935529540,8175,control,out,83648704795168,1,/apollo/control,0,8174,1784454003122041660,0,72263408870752843,2,2407194,2407306
202607191739,e2e_trace_v3,20998,17294028383935529540,8176,control,in,83648713776736,1,/apollo/planning,353,0,1784454003122041660,139,0,0,2407194,2407309
202607191739,e2e_trace_v3,21007,17294028383935529540,8176,control,out,83648714855680,1,/apollo/control,0,8175,1784454003122041660,0,72263408870752843,2,2407194,2407309
202607191739,e2e_trace_v3,21010,17294028383935529540,8177,control,in,83648723773344,1,/apollo/planning,353,0,1784454003122041660,139,0,0,2407194,2407328
202607191739,e2e_trace_v3,21019,17294028383935529540,8177,control,out,83648724886784,1,/apollo/control,0,8176,1784454003122041660,0,72263408870752843,2,2407194,2407328
202607191739,e2e_trace_v3,21022,17294028383935529540,8178,control,in,83648733968928,1,/apollo/planning,353,0,1784454003122041660,139,0,0,2407194,2407318
202607191739,e2e_trace_v3,21031,17294028383935529540,8178,control,out,83648735864960,1,/apollo/control,0,8177,1784454003122041660,0,72263408870752843,2,2407194,2407318
202607191739,e2e_trace_v3,21034,17294028383935529540,8179,control,in,83648745949728,1,/apollo/planning,353,0,1784454003122041660,139,0,0,2407194,2407326
202607191739,e2e_trace_v3,21043,17294028383935529540,8179,control,out,83648747910880,1,/apollo/control,0,8178,1784454003122041660,0,72263408870752843,2,2407194,2407326
202607191739,e2e_trace_v3,21046,17294028383935529540,8180,control,in,83648755843616,1,/apollo/planning,353,0,1784454003122041660,139,0,0,2407194,2407329
202607191739,e2e_trace_v3,21055,17294028383935529540,8180,control,out,83648757026784,1,/apollo/control,0,8179,1784454003122041660,0,72263408870752843,2,2407194,2407329
202607191739,e2e_trace_v3,21058,17294028383935529540,8181,control,in,83648764043808,1,/apollo/planning,353,0,1784454003122041660,139,0,0,2407194,2407304
202607191739,e2e_trace_v3,21067,17294028383935529540,8181,control,out,83648765915008,1,/apollo/control,0,8180,1784454003122041660,0,72263408870752843,2,2407194,2407304
202607191739,e2e_trace_v3,21070,17294028383935529540,8182,control,in,83648772005184,1,/apollo/planning,353,0,1784454003122041660,139,0,0,2407194,2407324
202607191739,e2e_trace_v3,21079,17294028383935529540,8182,control,out,83648773243424,1,/apollo/control,0,8181,1784454003122041660,0,72263408870752843,2,2407194,2407324
202607191739,e2e_trace_v3,21082,17294028383935529540,8183,control,in,83648783813824,1,/apollo/planning,353,0,1784454003122041660,139,0,0,2407194,2407311
202607191739,e2e_trace_v3,21091,17294028383935529540,8183,control,out,83648784756800,1,/apollo/control,0,8182,1784454003122041660,0,72263408870752843,2,2407194,2407311
202607191739,e2e_trace_v3,21094,17294028383935529541,8184,control,in,83648794290208,1,/apollo/planning,354,0,1784454003227093287,145,0,0,2407194,2407322
202607191739,e2e_trace_v3,21103,17294028383935529541,8184,control,out,83648796124032,1,/apollo/control,0,8183,1784454003227093287,0,72263408870752844,2,2407194,2407322
202607191739,e2e_trace_v3,21106,17294028383935529541,8185,control,in,83648803920448,1,/apollo/planning,354,0,1784454003227093287,145,0,0,2407194,2407319
202607191739,e2e_trace_v3,21115,17294028383935529541,8185,control,out,83648805553664,1,/apollo/control,0,8184,1784454003227093287,0,72263408870752844,2,2407194,2407319
202607191739,e2e_trace_v3,21118,17294028383935529541,8186,control,in,83648813937920,1,/apollo/planning,354,0,1784454003227093287,145,0,0,2407194,2407304
202607191739,e2e_trace_v3,21127,17294028383935529541,8186,control,out,83648814865984,1,/apollo/control,0,8185,1784454003227093287,0,72263408870752844,2,2407194,2407304
202607191739,e2e_trace_v3,21130,17294028383935529541,8187,control,in,83648823753056,1,/apollo/planning,354,0,1784454003227093287,145,0,0,2407194,2407302
202607191739,e2e_trace_v3,21139,17294028383935529541,8187,control,out,83648824739040,1,/apollo/control,0,8186,1784454003227093287,0,72263408870752844,2,2407194,2407302
202607191739,e2e_trace_v3,21142,17294028383935529541,8188,control,in,83648833883392,1,/apollo/planning,354,0,1784454003227093287,145,0,0,2407194,2407329
202607191739,e2e_trace_v3,21151,17294028383935529541,8188,control,out,83648835206400,1,/apollo/control,0,8187,1784454003227093287,0,72263408870752844,2,2407194,2407329
202607191739,e2e_trace_v3,21154,17294028383935529541,8189,control,in,83648843879488,1,/apollo/planning,354,0,1784454003227093287,145,0,0,2407194,2407318
202607191739,e2e_trace_v3,21163,17294028383935529541,8189,control,out,83648845294560,1,/apollo/control,0,8188,1784454003227093287,0,72263408870752844,2,2407194,2407318
202607191739,e2e_trace_v3,21166,17294028383935529541,8190,control,in,83648853749888,1,/apollo/planning,354,0,1784454003227093287,145,0,0,2407194,2407311
202607191739,e2e_trace_v3,21175,17294028383935529541,8190,control,out,83648854657536,1,/apollo/control,0,8189,1784454003227093287,0,72263408870752844,2,2407194,2407311
202607191739,e2e_trace_v3,21178,17294028383935529541,8191,control,in,83648863931904,1,/apollo/planning,354,0,1784454003227093287,145,0,0,2407194,2407330
202607191739,e2e_trace_v3,21187,17294028383935529541,8191,control,out,83648865499296,1,/apollo/control,0,8190,1784454003227093287,0,72263408870752844,2,2407194,2407330
202607191739,e2e_trace_v3,21190,17294028383935529541,8192,control,in,83648873990048,1,/apollo/planning,354,0,1784454003227093287,145,0,0,2407194,2407319
202607191739,e2e_trace_v3,21199,17294028383935529541,8192,control,out,83648875563392,1,/apollo/control,0,8191,1784454003227093287,0,72263408870752844,2,2407194,2407319
202607191739,e2e_trace_v3,21202,17294028383935529541,8193,control,in,83648884022304,1,/apollo/planning,354,0,1784454003227093287,145,0,0,2407194,2407313
202607191739,e2e_trace_v3,21211,17294028383935529541,8193,control,out,83648886164032,1,/apollo/control,0,8192,1784454003227093287,0,72263408870752844,2,2407194,2407313
202607191739,e2e_trace_v3,21214,17294028383935529541,8194,control,in,83648893990912,1,/apollo/planning,354,0,1784454003227093287,145,0,0,2407194,2407300
202607191739,e2e_trace_v3,21223,17294028383935529541,8194,control,out,83648896018848,1,/apollo/control,0,8193,1784454003227093287,0,72263408870752844,2,2407194,2407300
202607191739,e2e_trace_v3,21226,17294028383935529541,8195,control,in,83648902092256,1,/apollo/planning,354,0,1784454003227093287,145,0,0,2407194,2407309
202607191739,e2e_trace_v3,21235,17294028383935529541,8195,control,out,83648903789856,1,/apollo/control,0,8194,1784454003227093287,0,72263408870752844,2,2407194,2407309
202607191739,e2e_trace_v3,21238,17294028383935529541,8196,control,in,83648915882400,1,/apollo/planning,354,0,1784454003227093287,145,0,0,2407194,2407319
202607191739,e2e_trace_v3,21247,17294028383935529541,8196,control,out,83648917269632,1,/apollo/control,0,8195,1784454003227093287,0,72263408870752844,2,2407194,2407319
202607191739,e2e_trace_v3,21250,17294028383935529541,8197,control,in,83648923917760,1,/apollo/planning,354,0,1784454003227093287,145,0,0,2407194,2407318
202607191739,e2e_trace_v3,21259,17294028383935529541,8197,control,out,83648925339520,1,/apollo/control,0,8196,1784454003227093287,0,72263408870752844,2,2407194,2407318
202607191739,e2e_trace_v3,21262,17294028383935529541,8198,control,in,83648933875840,1,/apollo/planning,354,0,1784454003227093287,145,0,0,2407194,2407330
202607191739,e2e_trace_v3,21271,17294028383935529541,8198,control,out,83648935349792,1,/apollo/control,0,8197,1784454003227093287,0,72263408870752844,2,2407194,2407330
202607191739,e2e_trace_v3,21274,17294028383935529541,8199,control,in,83648945754720,1,/apollo/planning,354,0,1784454003227093287,145,0,0,2407194,2407329
202607191739,e2e_trace_v3,21283,17294028383935529541,8199,control,out,83648946636224,1,/apollo/control,0,8198,1784454003227093287,0,72263408870752844,2,2407194,2407329
202607191739,e2e_trace_v3,21286,17294028383935529541,8200,control,in,83648953891904,1,/apollo/planning,354,0,1784454003227093287,145,0,0,2407194,2407322
202607191739,e2e_trace_v3,21295,17294028383935529541,8200,control,out,83648955859456,1,/apollo/control,0,8199,1784454003227093287,0,72263408870752844,2,2407194,2407322
202607191739,e2e_trace_v3,21298,17294028383935529541,8201,control,in,83648965763232,1,/apollo/planning,354,0,1784454003227093287,145,0,0,2407194,2407313
202607191739,e2e_trace_v3,21307,17294028383935529541,8201,control,out,83648966731456,1,/apollo/control,0,8200,1784454003227093287,0,72263408870752844,2,2407194,2407313
202607191739,e2e_trace_v3,21310,17294028383935529541,8202,control,in,83648974069760,1,/apollo/planning,354,0,1784454003227093287,145,0,0,2407194,2407329
202607191739,e2e_trace_v3,21319,17294028383935529541,8202,control,out,83648975930336,1,/apollo/control,0,8201,1784454003227093287,0,72263408870752844,2,2407194,2407329
202607191739,e2e_trace_v3,21322,17294028383935529541,8203,control,in,83648983795392,1,/apollo/planning,354,0,1784454003227093287,145,0,0,2407194,2407304
202607191739,e2e_trace_v3,21331,17294028383935529541,8203,control,out,83648984767328,1,/apollo/control,0,8202,1784454003227093287,0,72263408870752844,2,2407194,2407304
202607191739,e2e_trace_v3,21334,17294028383935529541,8204,control,in,83648993807008,1,/apollo/planning,354,0,1784454003227093287,145,0,0,2407194,2407313
202607191739,e2e_trace_v3,21343,17294028383935529541,8204,control,out,83648994782208,1,/apollo/control,0,8203,1784454003227093287,0,72263408870752844,2,2407194,2407313
202607191739,e2e_trace_v3,21346,17294028383935529541,8205,control,in,83649003810208,1,/apollo/planning,354,0,1784454003227093287,145,0,0,2407194,2407318
202607191739,e2e_trace_v3,21355,17294028383935529541,8205,control,out,83649004903584,1,/apollo/control,0,8204,1784454003227093287,0,72263408870752844,2,2407194,2407318
202607191739,e2e_trace_v3,21358,17294028383935529541,8206,control,in,83649023577408,1,/apollo/planning,354,0,1784454003227093287,145,0,0,2407194,2407309
202607191739,e2e_trace_v3,21367,17294028383935529541,8206,control,out,83649024649248,1,/apollo/control,0,8205,1784454003227093287,0,72263408870752844,2,2407194,2407309
202607191739,e2e_trace_v3,21370,17294028383935529541,8207,control,in,83649025542688,1,/apollo/planning,354,0,1784454003227093287,145,0,0,2407194,2407319
202607191739,e2e_trace_v3,21379,17294028383935529541,8207,control,out,83649026630304,1,/apollo/control,0,8206,1784454003227093287,0,72263408870752844,2,2407194,2407319
202607191739,e2e_trace_v3,21382,17294028383935529541,8208,control,in,83649033567808,1,/apollo/planning,354,0,1784454003227093287,145,0,0,2407194,2407306
202607191739,e2e_trace_v3,21391,17294028383935529541,8208,control,out,83649035015968,1,/apollo/control,0,8207,1784454003227093287,0,72263408870752844,2,2407194,2407306
202607191739,e2e_trace_v3,21394,17294028383935529542,8209,control,in,83649043690080,1,/apollo/planning,355,0,1784454003333130285,157,0,0,2407194,2407328
202607191739,e2e_trace_v3,21403,17294028383935529542,8209,control,out,83649044653888,1,/apollo/control,0,8208,1784454003333130285,0,72263408870752845,1,2407194,2407328
202607191739,e2e_trace_v3,21406,17294028383935529542,8210,control,in,83649053482976,1,/apollo/planning,355,0,1784454003333130285,157,0,0,2407194,2407315
202607191739,e2e_trace_v3,21415,17294028383935529542,8210,control,out,83649054394048,1,/apollo/control,0,8209,1784454003333130285,0,72263408870752845,1,2407194,2407315
202607191739,e2e_trace_v3,21418,17294028383935529542,8211,control,in,83649063438816,1,/apollo/planning,355,0,1784454003333130285,157,0,0,2407194,2407300
202607191739,e2e_trace_v3,21427,17294028383935529542,8211,control,out,83649064348672,1,/apollo/control,0,8210,1784454003333130285,0,72263408870752845,1,2407194,2407300
202607191739,e2e_trace_v3,21430,17294028383935529542,8212,control,in,83649073448512,1,/apollo/planning,355,0,1784454003333130285,157,0,0,2407194,2407315
202607191739,e2e_trace_v3,21439,17294028383935529542,8212,control,out,83649074384672,1,/apollo/control,0,8211,1784454003333130285,0,72263408870752845,1,2407194,2407315
202607191739,e2e_trace_v3,21442,17294028383935529542,8213,control,in,83649083454688,1,/apollo/planning,355,0,1784454003333130285,157,0,0,2407194,2407318
202607191739,e2e_trace_v3,21451,17294028383935529542,8213,control,out,83649084324224,1,/apollo/control,0,8212,1784454003333130285,0,72263408870752845,1,2407194,2407318
202607191739,e2e_trace_v3,21454,17294028383935529542,8214,control,in,83649093588800,1,/apollo/planning,355,0,1784454003333130285,157,0,0,2407194,2407309
202607191739,e2e_trace_v3,21463,17294028383935529542,8214,control,out,83649094534848,1,/apollo/control,0,8213,1784454003333130285,0,72263408870752845,1,2407194,2407309
202607191739,e2e_trace_v3,21466,17294028383935529542,8215,control,in,83649103556896,1,/apollo/planning,355,0,1784454003333130285,157,0,0,2407194,2407319
202607191739,e2e_trace_v3,21475,17294028383935529542,8215,control,out,83649104518592,1,/apollo/control,0,8214,1784454003333130285,0,72263408870752845,1,2407194,2407319
202607191739,e2e_trace_v3,21478,17294028383935529542,8216,control,in,83649113586144,1,/apollo/planning,355,0,1784454003333130285,157,0,0,2407194,2407319
202607191739,e2e_trace_v3,21487,17294028383935529542,8216,control,out,83649114592672,1,/apollo/control,0,8215,1784454003333130285,0,72263408870752845,1,2407194,2407319
202607191739,e2e_trace_v3,21490,17294028383935529542,8217,control,in,83649123662400,1,/apollo/planning,355,0,1784454003333130285,157,0,0,2407194,2407318
202607191739,e2e_trace_v3,21499,17294028383935529542,8217,control,out,83649124661792,1,/apollo/control,0,8216,1784454003333130285,0,72263408870752845,1,2407194,2407318
202607191739,e2e_trace_v3,21502,17294028383935529542,8218,control,in,83649133715296,1,/apollo/planning,355,0,1784454003333130285,157,0,0,2407194,2407322
202607191739,e2e_trace_v3,21511,17294028383935529542,8218,control,out,83649134776224,1,/apollo/control,0,8217,1784454003333130285,0,72263408870752845,1,2407194,2407322
202607191739,e2e_trace_v3,21514,17294028383935529542,8219,control,in,83649143661408,1,/apollo/planning,355,0,1784454003333130285,157,0,0,2407194,2407326
202607191739,e2e_trace_v3,21523,17294028383935529542,8219,control,out,83649144739296,1,/apollo/control,0,8218,1784454003333130285,0,72263408870752845,1,2407194,2407326
202607191739,e2e_trace_v3,21526,17294028383935529542,8220,control,in,83649153513888,1,/apollo/planning,355,0,1784454003333130285,157,0,0,2407194,2407300
202607191739,e2e_trace_v3,21535,17294028383935529542,8220,control,out,83649154419456,1,/apollo/control,0,8219,1784454003333130285,0,72263408870752845,1,2407194,2407300
202607191739,e2e_trace_v3,21538,17294028383935529543,8221,control,in,83649163821952,1,/apollo/planning,356,0,1784454003439379599,162,0,0,2407194,2407309
202607191739,e2e_trace_v3,21547,17294028383935529543,8221,control,out,83649164896864,1,/apollo/control,0,8220,1784454003439379599,0,72263408870752846,1,2407194,2407309
202607191739,e2e_trace_v3,21550,17294028383935529543,8222,control,in,83649173477472,1,/apollo/planning,356,0,1784454003439379599,162,0,0,2407194,2407324
202607191739,e2e_trace_v3,21559,17294028383935529543,8222,control,out,83649174610080,1,/apollo/control,0,8221,1784454003439379599,0,72263408870752846,1,2407194,2407324
202607191739,e2e_trace_v3,21562,17294028383935529543,8223,control,in,83649183496640,1,/apollo/planning,356,0,1784454003439379599,162,0,0,2407194,2407326
202607191739,e2e_trace_v3,21571,17294028383935529543,8223,control,out,83649184580960,1,/apollo/control,0,8222,1784454003439379599,0,72263408870752846,1,2407194,2407326
202607191739,e2e_trace_v3,21574,17294028383935529543,8224,control,in,83649193745664,1,/apollo/planning,356,0,1784454003439379599,162,0,0,2407194,2407328
202607191739,e2e_trace_v3,21583,17294028383935529543,8224,control,out,83649194686048,1,/apollo/control,0,8223,1784454003439379599,0,72263408870752846,1,2407194,2407328
202607191739,e2e_trace_v3,21586,17294028383935529543,8225,control,in,83649203548256,1,/apollo/planning,356,0,1784454003439379599,162,0,0,2407194,2407302
202607191739,e2e_trace_v3,21595,17294028383935529543,8225,control,out,83649204549728,1,/apollo/control,0,8224,1784454003439379599,0,72263408870752846,1,2407194,2407302
202607191739,e2e_trace_v3,21598,17294028383935529543,8226,control,in,83649213652480,1,/apollo/planning,356,0,1784454003439379599,162,0,0,2407194,2407311
202607191739,e2e_trace_v3,21607,17294028383935529543,8226,control,out,83649214692576,1,/apollo/control,0,8225,1784454003439379599,0,72263408870752846,1,2407194,2407311
202607191739,e2e_trace_v3,21610,17294028383935529543,8227,control,in,83649223585472,1,/apollo/planning,356,0,1784454003439379599,162,0,0,2407194,2407319
202607191739,e2e_trace_v3,21619,17294028383935529543,8227,control,out,83649224605600,1,/apollo/control,0,8226,1784454003439379599,0,72263408870752846,1,2407194,2407319
202607191739,e2e_trace_v3,21622,17294028383935529544,8228,control,in,83649233759136,1,/apollo/planning,357,0,1784454003547762723,167,0,0,2407194,2407304
202607191739,e2e_trace_v3,21631,17294028383935529544,8228,control,out,83649234621568,1,/apollo/control,0,8227,1784454003547762723,0,72263408870752847,2,2407194,2407304
202607191739,e2e_trace_v3,21634,17294028383935529544,8229,control,in,83649243303840,1,/apollo/planning,357,0,1784454003547762723,167,0,0,2407194,2407326
202607191739,e2e_trace_v3,21643,17294028383935529544,8229,control,out,83649244079232,1,/apollo/control,0,8228,1784454003547762723,0,72263408870752847,2,2407194,2407326
202607191739,e2e_trace_v3,21646,17294028383935529544,8230,control,in,83649253388064,1,/apollo/planning,357,0,1784454003547762723,167,0,0,2407194,2407313
202607191739,e2e_trace_v3,21655,17294028383935529544,8230,control,out,83649254226080,1,/apollo/control,0,8229,1784454003547762723,0,72263408870752847,2,2407194,2407313
202607191739,e2e_trace_v3,21658,17294028383935529544,8231,control,in,83649263373568,1,/apollo/planning,357,0,1784454003547762723,167,0,0,2407194,2407311
202607191739,e2e_trace_v3,21667,17294028383935529544,8231,control,out,83649264234784,1,/apollo/control,0,8230,1784454003547762723,0,72263408870752847,2,2407194,2407311
202607191739,e2e_trace_v3,21670,17294028383935529544,8232,control,in,83649273361952,1,/apollo/planning,357,0,1784454003547762723,167,0,0,2407194,2407302
202607191739,e2e_trace_v3,21679,17294028383935529544,8232,control,out,83649274099232,1,/apollo/control,0,8231,1784454003547762723,0,72263408870752847,2,2407194,2407302
202607191739,e2e_trace_v3,21682,17294028383935529544,8233,control,in,83649283381568,1,/apollo/planning,357,0,1784454003547762723,167,0,0,2407194,2407328
202607191739,e2e_trace_v3,21691,17294028383935529544,8233,control,out,83649284156640,1,/apollo/control,0,8232,1784454003547762723,0,72263408870752847,2,2407194,2407328
202607191739,e2e_trace_v3,21694,17294028383935529544,8234,control,in,83649293496160,1,/apollo/planning,357,0,1784454003547762723,167,0,0,2407194,2407313
202607191739,e2e_trace_v3,21703,17294028383935529544,8234,control,out,83649294357312,1,/apollo/control,0,8233,1784454003547762723,0,72263408870752847,2,2407194,2407313
202607191739,e2e_trace_v3,21706,17294028383935529544,8235,control,in,83649306673888,1,/apollo/planning,357,0,1784454003547762723,167,0,0,2407194,2407309
202607191739,e2e_trace_v3,21715,17294028383935529544,8235,control,out,83649308179200,1,/apollo/control,0,8234,1784454003547762723,0,72263408870752847,2,2407194,2407309
202607191739,e2e_trace_v3,21718,17294028383935529544,8236,control,in,83649313592800,1,/apollo/planning,357,0,1784454003547762723,167,0,0,2407194,2407300
202607191739,e2e_trace_v3,21727,17294028383935529544,8236,control,out,83649314511424,1,/apollo/control,0,8235,1784454003547762723,0,72263408870752847,2,2407194,2407300
202607191739,e2e_trace_v3,21730,17294028383935529544,8237,control,in,83649323668832,1,/apollo/planning,357,0,1784454003547762723,167,0,0,2407194,2407302
202607191739,e2e_trace_v3,21739,17294028383935529544,8237,control,out,83649324678752,1,/apollo/control,0,8236,1784454003547762723,0,72263408870752847,2,2407194,2407302
202607191739,e2e_trace_v3,21742,17294028383935529545,8238,control,in,83649333678880,1,/apollo/planning,358,0,1784454003653620705,130,0,0,2407194,2407324
202607191739,e2e_trace_v3,21751,17294028383935529545,8238,control,out,83649334708256,1,/apollo/control,0,8237,1784454003653620705,0,72263408870752848,2,2407194,2407324
202607191739,e2e_trace_v3,21754,17294028383935529545,8239,control,in,83649343369152,1,/apollo/planning,358,0,1784454003653620705,130,0,0,2407194,2407302
202607191739,e2e_trace_v3,21763,17294028383935529545,8239,control,out,83649344042976,1,/apollo/control,0,8238,1784454003653620705,0,72263408870752848,2,2407194,2407302
202607191739,e2e_trace_v3,21766,17294028383935529545,8240,control,in,83649353371680,1,/apollo/planning,358,0,1784454003653620705,130,0,0,2407194,2407300
202607191739,e2e_trace_v3,21775,17294028383935529545,8240,control,out,83649354066752,1,/apollo/control,0,8239,1784454003653620705,0,72263408870752848,2,2407194,2407300
202607191739,e2e_trace_v3,21778,17294028383935529545,8241,control,in,83649363333920,1,/apollo/planning,358,0,1784454003653620705,130,0,0,2407194,2407318
202607191739,e2e_trace_v3,21787,17294028383935529545,8241,control,out,83649364042336,1,/apollo/control,0,8240,1784454003653620705,0,72263408870752848,2,2407194,2407318
202607191739,e2e_trace_v3,21790,17294028383935529545,8242,control,in,83649373348832,1,/apollo/planning,358,0,1784454003653620705,130,0,0,2407194,2407326
202607191739,e2e_trace_v3,21799,17294028383935529545,8242,control,out,83649374243488,1,/apollo/control,0,8241,1784454003653620705,0,72263408870752848,2,2407194,2407326
202607191739,e2e_trace_v3,21802,17294028383935529545,8243,control,in,83649383378592,1,/apollo/planning,358,0,1784454003653620705,130,0,0,2407194,2407311
202607191739,e2e_trace_v3,21811,17294028383935529545,8243,control,out,83649384279328,1,/apollo/control,0,8242,1784454003653620705,0,72263408870752848,2,2407194,2407311
202607191739,e2e_trace_v3,21814,17294028383935529545,8244,control,in,83649393596512,1,/apollo/planning,358,0,1784454003653620705,130,0,0,2407194,2407306
202607191739,e2e_trace_v3,21823,17294028383935529545,8244,control,out,83649395282112,1,/apollo/control,0,8243,1784454003653620705,0,72263408870752848,2,2407194,2407306
202607191739,e2e_trace_v3,21826,17294028383935529545,8245,control,in,83649405681248,1,/apollo/planning,358,0,1784454003653620705,130,0,0,2407194,2407304
202607191739,e2e_trace_v3,21835,17294028383935529545,8245,control,out,83649407260512,1,/apollo/control,0,8244,1784454003653620705,0,72263408870752848,2,2407194,2407304
202607191739,e2e_trace_v3,21838,17294028383935529545,8246,control,in,83649413611360,1,/apollo/planning,358,0,1784454003653620705,130,0,0,2407194,2407315
202607191739,e2e_trace_v3,21847,17294028383935529545,8246,control,out,83649415361248,1,/apollo/control,0,8245,1784454003653620705,0,72263408870752848,2,2407194,2407315
202607191739,e2e_trace_v3,21850,17294028383935529545,8247,control,in,83649425546592,1,/apollo/planning,358,0,1784454003653620705,130,0,0,2407194,2407324
202607191739,e2e_trace_v3,21859,17294028383935529545,8247,control,out,83649426773408,1,/apollo/control,0,8246,1784454003653620705,0,72263408870752848,2,2407194,2407324
202607191739,e2e_trace_v3,21862,17294028383935529545,8248,control,in,83649433572224,1,/apollo/planning,358,0,1784454003653620705,130,0,0,2407194,2407304
202607191739,e2e_trace_v3,21871,17294028383935529545,8248,control,out,83649434794560,1,/apollo/control,0,8247,1784454003653620705,0,72263408870752848,2,2407194,2407304
202607191739,e2e_trace_v3,21874,17294028383935529545,8249,control,in,83649443497216,1,/apollo/planning,358,0,1784454003653620705,130,0,0,2407194,2407300
202607191739,e2e_trace_v3,21883,17294028383935529545,8249,control,out,83649444571712,1,/apollo/control,0,8248,1784454003653620705,0,72263408870752848,2,2407194,2407300
202607191739,e2e_trace_v3,21886,17294028383935529546,8250,control,in,83649453609792,1,/apollo/planning,359,0,1784454003756668290,135,0,0,2407194,2407311
202607191739,e2e_trace_v3,21895,17294028383935529546,8250,control,out,83649454577088,1,/apollo/control,0,8249,1784454003756668290,0,72263408870752849,2,2407194,2407311
202607191739,e2e_trace_v3,21898,17294028383935529546,8251,control,in,83649463432640,1,/apollo/planning,359,0,1784454003756668290,135,0,0,2407194,2407322
202607191739,e2e_trace_v3,21907,17294028383935529546,8251,control,out,83649464261536,1,/apollo/control,0,8250,1784454003756668290,0,72263408870752849,2,2407194,2407322
202607191739,e2e_trace_v3,21910,17294028383935529546,8252,control,in,83649473442240,1,/apollo/planning,359,0,1784454003756668290,135,0,0,2407194,2407302
202607191739,e2e_trace_v3,21919,17294028383935529546,8252,control,out,83649474271328,1,/apollo/control,0,8251,1784454003756668290,0,72263408870752849,2,2407194,2407302
202607191739,e2e_trace_v3,21922,17294028383935529546,8253,control,in,83649483415008,1,/apollo/planning,359,0,1784454003756668290,135,0,0,2407194,2407300
202607191739,e2e_trace_v3,21931,17294028383935529546,8253,control,out,83649484337376,1,/apollo/control,0,8252,1784454003756668290,0,72263408870752849,2,2407194,2407300
202607191739,e2e_trace_v3,21934,17294028383935529546,8254,control,in,83649493573280,1,/apollo/planning,359,0,1784454003756668290,135,0,0,2407194,2407309
202607191739,e2e_trace_v3,21943,17294028383935529546,8254,control,out,83649495150816,1,/apollo/control,0,8253,1784454003756668290,0,72263408870752849,2,2407194,2407309
202607191739,e2e_trace_v3,21946,17294028383935529546,8255,control,in,83649505570368,1,/apollo/planning,359,0,1784454003756668290,135,0,0,2407194,2407326
202607191739,e2e_trace_v3,21955,17294028383935529546,8255,control,out,83649506705184,1,/apollo/control,0,8254,1784454003756668290,0,72263408870752849,2,2407194,2407326
202607191739,e2e_trace_v3,21958,17294028383935529547,8256,control,in,83649513621760,1,/apollo/planning,360,0,1784454003863451986,30,0,0,2407194,2407328
202607191739,e2e_trace_v3,21967,17294028383935529547,8256,control,out,83649514556736,1,/apollo/control,0,8255,1784454003863451986,0,72263408870752850,2,2407194,2407328
202607191739,e2e_trace_v3,21970,17294028383935529547,8257,control,in,83649523342656,1,/apollo/planning,360,0,1784454003863451986,30,0,0,2407194,2407319
202607191739,e2e_trace_v3,21979,17294028383935529547,8257,control,out,83649524279168,1,/apollo/control,0,8256,1784454003863451986,0,72263408870752850,2,2407194,2407319
202607191739,e2e_trace_v3,21982,17294028383935529547,8258,control,in,83649533287520,1,/apollo/planning,360,0,1784454003863451986,30,0,0,2407194,2407319
202607191739,e2e_trace_v3,21991,17294028383935529547,8258,control,out,83649534009184,1,/apollo/control,0,8257,1784454003863451986,0,72263408870752850,2,2407194,2407319
202607191739,e2e_trace_v3,21994,17294028383935529547,8259,control,in,83649543292480,1,/apollo/planning,360,0,1784454003863451986,30,0,0,2407194,2407315
202607191739,e2e_trace_v3,22003,17294028383935529547,8259,control,out,83649544027200,1,/apollo/control,0,8258,1784454003863451986,0,72263408870752850,2,2407194,2407315
202607191739,e2e_trace_v3,22006,17294028383935529547,8260,control,in,83649553349888,1,/apollo/planning,360,0,1784454003863451986,30,0,0,2407194,2407304
202607191739,e2e_trace_v3,22015,17294028383935529547,8260,control,out,83649554469088,1,/apollo/control,0,8259,1784454003863451986,0,72263408870752850,2,2407194,2407304
202607191739,e2e_trace_v3,22018,17294028383935529547,8261,control,in,83649563372384,1,/apollo/planning,360,0,1784454003863451986,30,0,0,2407194,2407315
202607191739,e2e_trace_v3,22027,17294028383935529547,8261,control,out,83649564245600,1,/apollo/control,0,8260,1784454003863451986,0,72263408870752850,2,2407194,2407315
202607191739,e2e_trace_v3,22030,17294028383935529547,8262,control,in,83649573277536,1,/apollo/planning,360,0,1784454003863451986,30,0,0,2407194,2407315
202607191739,e2e_trace_v3,22039,17294028383935529547,8262,control,out,83649573995936,1,/apollo/control,0,8261,1784454003863451986,0,72263408870752850,2,2407194,2407315
202607191739,e2e_trace_v3,22042,17294028383935529547,8263,control,in,83649583428768,1,/apollo/planning,360,0,1784454003863451986,30,0,0,2407194,2407300
202607191739,e2e_trace_v3,22051,17294028383935529547,8263,control,out,83649584143616,1,/apollo/control,0,8262,1784454003863451986,0,72263408870752850,2,2407194,2407300
202607191739,e2e_trace_v3,22054,17294028383935529547,8264,control,in,83649593335008,1,/apollo/planning,360,0,1784454003863451986,30,0,0,2407194,2407311
202607191739,e2e_trace_v3,22063,17294028383935529547,8264,control,out,83649594136096,1,/apollo/control,0,8263,1784454003863451986,0,72263408870752850,2,2407194,2407311
202607191739,e2e_trace_v3,22066,17294028383935529547,8265,control,in,83649603327584,1,/apollo/planning,360,0,1784454003863451986,30,0,0,2407194,2407318
202607191739,e2e_trace_v3,22075,17294028383935529547,8265,control,out,83649604097632,1,/apollo/control,0,8264,1784454003863451986,0,72263408870752850,2,2407194,2407318
202607191739,e2e_trace_v3,22078,17294028383935529548,8266,control,in,83649613336320,1,/apollo/planning,361,0,1784454003970846159,30,0,0,2407194,2407322
202607191739,e2e_trace_v3,22087,17294028383935529548,8266,control,out,83649613925312,1,/apollo/control,0,8265,1784454003970846159,0,72263408870752851,2,2407194,2407322
202607191739,e2e_trace_v3,22090,17294028383935529548,8267,control,in,83649623323104,1,/apollo/planning,361,0,1784454003970846159,30,0,0,2407194,2407318
202607191739,e2e_trace_v3,22099,17294028383935529548,8267,control,out,83649624163712,1,/apollo/control,0,8266,1784454003970846159,0,72263408870752851,2,2407194,2407318
202607191739,e2e_trace_v3,22102,17294028383935529548,8268,control,in,83649633347488,1,/apollo/planning,361,0,1784454003970846159,30,0,0,2407194,2407322
202607191739,e2e_trace_v3,22111,17294028383935529548,8268,control,out,83649634013120,1,/apollo/control,0,8267,1784454003970846159,0,72263408870752851,2,2407194,2407322
202607191739,e2e_trace_v3,22114,17294028383935529548,8269,control,in,83649643331040,1,/apollo/planning,361,0,1784454003970846159,30,0,0,2407194,2407302
202607191739,e2e_trace_v3,22123,17294028383935529548,8269,control,out,83649644412000,1,/apollo/control,0,8268,1784454003970846159,0,72263408870752851,2,2407194,2407302
202607191739,e2e_trace_v3,22126,17294028383935529548,8270,control,in,83649653285728,1,/apollo/planning,361,0,1784454003970846159,30,0,0,2407194,2407300
202607191739,e2e_trace_v3,22135,17294028383935529548,8270,control,out,83649653881248,1,/apollo/control,0,8269,1784454003970846159,0,72263408870752851,2,2407194,2407300
202607191739,e2e_trace_v3,22138,17294028383935529548,8271,control,in,83649668307136,1,/apollo/planning,361,0,1784454003970846159,30,0,0,2407194,2407326
202607191739,e2e_trace_v3,22147,17294028383935529548,8271,control,out,83649668920416,1,/apollo/control,0,8270,1784454003970846159,0,72263408870752851,2,2407194,2407326
202607191739,e2e_trace_v3,22150,17294028383935529548,8272,control,in,83649674220544,1,/apollo/planning,361,0,1784454003970846159,30,0,0,2407194,2407330
202607191739,e2e_trace_v3,22159,17294028383935529548,8272,control,out,83649674840448,1,/apollo/control,0,8271,1784454003970846159,0,72263408870752851,2,2407194,2407330
202607191739,e2e_trace_v3,22162,17294028383935529548,8273,control,in,83649684231456,1,/apollo/planning,361,0,1784454003970846159,30,0,0,2407194,2407313
202607191739,e2e_trace_v3,22171,17294028383935529548,8273,control,out,83649684879840,1,/apollo/control,0,8272,1784454003970846159,0,72263408870752851,2,2407194,2407313
202607191739,e2e_trace_v3,22174,17294028383935529548,8274,control,in,83649694221696,1,/apollo/planning,361,0,1784454003970846159,30,0,0,2407194,2407329
202607191739,e2e_trace_v3,22183,17294028383935529548,8274,control,out,83649695085088,1,/apollo/control,0,8273,1784454003970846159,0,72263408870752851,2,2407194,2407329
202607191739,e2e_trace_v3,22186,17294028383935529549,8275,control,in,83649704264640,1,/apollo/planning,362,0,1784454004084513270,30,0,0,2407194,2407306
202607191739,e2e_trace_v3,22195,17294028383935529549,8275,control,out,83649704925600,1,/apollo/control,0,8274,1784454004084513270,0,72263408870752852,2,2407194,2407306
202607191739,e2e_trace_v3,22198,17294028383935529549,8276,control,in,83649714274560,1,/apollo/planning,362,0,1784454004084513270,30,0,0,2407194,2407330
202607191739,e2e_trace_v3,22207,17294028383935529549,8276,control,out,83649714945536,1,/apollo/control,0,8275,1784454004084513270,0,72263408870752852,2,2407194,2407330
202607191739,e2e_trace_v3,22210,17294028383935529549,8277,control,in,83649724320416,1,/apollo/planning,362,0,1784454004084513270,30,0,0,2407194,2407304
202607191739,e2e_trace_v3,22219,17294028383935529549,8277,control,out,83649725095680,1,/apollo/control,0,8276,1784454004084513270,0,72263408870752852,2,2407194,2407304
202607191739,e2e_trace_v3,22222,17294028383935529549,8278,control,in,83649734313920,1,/apollo/planning,362,0,1784454004084513270,30,0,0,2407194,2407313
202607191739,e2e_trace_v3,22231,17294028383935529549,8278,control,out,83649734980384,1,/apollo/control,0,8277,1784454004084513270,0,72263408870752852,2,2407194,2407313
202607191739,e2e_trace_v3,22234,17294028383935529549,8279,control,in,83649744324832,1,/apollo/planning,362,0,1784454004084513270,30,0,0,2407194,2407304
202607191739,e2e_trace_v3,22243,17294028383935529549,8279,control,out,83649745156384,1,/apollo/control,0,8278,1784454004084513270,0,72263408870752852,2,2407194,2407304
202607191739,e2e_trace_v3,22246,17294028383935529549,8280,control,in,83649754275680,1,/apollo/planning,362,0,1784454004084513270,30,0,0,2407194,2407311
202607191739,e2e_trace_v3,22255,17294028383935529549,8280,control,out,83649755044608,1,/apollo/control,0,8279,1784454004084513270,0,72263408870752852,2,2407194,2407311
202607191739,e2e_trace_v3,22258,17294028383935529549,8281,control,in,83649764291520,1,/apollo/planning,362,0,1784454004084513270,30,0,0,2407194,2407326
202607191739,e2e_trace_v3,22267,17294028383935529549,8281,control,out,83649765054336,1,/apollo/control,0,8280,1784454004084513270,0,72263408870752852,2,2407194,2407326
202607191739,e2e_trace_v3,22270,17294028383935529549,8282,control,in,83649774290816,1,/apollo/planning,362,0,1784454004084513270,30,0,0,2407194,2407302
202607191739,e2e_trace_v3,22279,17294028383935529549,8282,control,out,83649774900608,1,/apollo/control,0,8281,1784454004084513270,0,72263408870752852,2,2407194,2407302
202607191739,e2e_trace_v3,22282,17294028383935529549,8283,control,in,83649787391648,1,/apollo/planning,362,0,1784454004084513270,30,0,0,2407194,2407304
202607191739,e2e_trace_v3,22291,17294028383935529549,8283,control,out,83649788173760,1,/apollo/control,0,8282,1784454004084513270,0,72263408870752852,2,2407194,2407304
202607191739,e2e_trace_v3,22294,17294028383935529549,8284,control,in,83649793365312,1,/apollo/planning,362,0,1784454004084513270,30,0,0,2407194,2407319
202607191739,e2e_trace_v3,22303,17294028383935529549,8284,control,out,83649794072960,1,/apollo/control,0,8283,1784454004084513270,0,72263408870752852,2,2407194,2407319
202607191739,e2e_trace_v3,22306,17294028383935529549,8285,control,in,83649803409696,1,/apollo/planning,362,0,1784454004084513270,30,0,0,2407194,2407302
202607191739,e2e_trace_v3,22315,17294028383935529549,8285,control,out,83649803994656,1,/apollo/control,0,8284,1784454004084513270,0,72263408870752852,2,2407194,2407302
202607191739,e2e_trace_v3,22318,17294028383935529550,8286,control,in,83649813437376,1,/apollo/planning,363,0,1784454004197445244,30,0,0,2407194,2407315
202607191739,e2e_trace_v3,22327,17294028383935529550,8286,control,out,83649814209728,1,/apollo/control,0,8285,1784454004197445244,0,72263408870752853,2,2407194,2407315
202607191739,e2e_trace_v3,22330,17294028383935529550,8287,control,in,83649823346976,1,/apollo/planning,363,0,1784454004197445244,30,0,0,2407194,2407326
202607191739,e2e_trace_v3,22339,17294028383935529550,8287,control,out,83649824119936,1,/apollo/control,0,8286,1784454004197445244,0,72263408870752853,2,2407194,2407326
202607191739,e2e_trace_v3,22342,17294028383935529550,8288,control,in,83649833393824,1,/apollo/planning,363,0,1784454004197445244,30,0,0,2407194,2407311
202607191739,e2e_trace_v3,22351,17294028383935529550,8288,control,out,83649834572128,1,/apollo/control,0,8287,1784454004197445244,0,72263408870752853,2,2407194,2407311
202607191739,e2e_trace_v3,22354,17294028383935529550,8289,control,in,83649843369184,1,/apollo/planning,363,0,1784454004197445244,30,0,0,2407194,2407322
202607191739,e2e_trace_v3,22363,17294028383935529550,8289,control,out,83649844434976,1,/apollo/control,0,8288,1784454004197445244,0,72263408870752853,2,2407194,2407322
202607191739,e2e_trace_v3,22366,17294028383935529550,8290,control,in,83649853379328,1,/apollo/planning,363,0,1784454004197445244,30,0,0,2407194,2407326
202607191739,e2e_trace_v3,22375,17294028383935529550,8290,control,out,83649854072640,1,/apollo/control,0,8289,1784454004197445244,0,72263408870752853,2,2407194,2407326
202607191739,e2e_trace_v3,22378,17294028383935529550,8291,control,in,83649863365056,1,/apollo/planning,363,0,1784454004197445244,30,0,0,2407194,2407313
202607191739,e2e_trace_v3,22387,17294028383935529550,8291,control,out,83649864108224,1,/apollo/control,0,8290,1784454004197445244,0,72263408870752853,2,2407194,2407313
202607191739,e2e_trace_v3,22390,17294028383935529550,8292,control,in,83649873520544,1,/apollo/planning,363,0,1784454004197445244,30,0,0,2407194,2407322
202607191739,e2e_trace_v3,22399,17294028383935529550,8292,control,out,83649874734560,1,/apollo/control,0,8291,1784454004197445244,0,72263408870752853,2,2407194,2407322
202607191739,e2e_trace_v3,22402,17294028383935529550,8293,control,in,83649883463392,1,/apollo/planning,363,0,1784454004197445244,30,0,0,2407194,2407328
202607191739,e2e_trace_v3,22411,17294028383935529550,8293,control,out,83649884578688,1,/apollo/control,0,8292,1784454004197445244,0,72263408870752853,2,2407194,2407328
202607191739,e2e_trace_v3,22414,17294028383935529550,8294,control,in,83649893395904,1,/apollo/planning,363,0,1784454004197445244,30,0,0,2407194,2407329
202607191739,e2e_trace_v3,22423,17294028383935529550,8294,control,out,83649894338848,1,/apollo/control,0,8293,1784454004197445244,0,72263408870752853,2,2407194,2407329
202607191739,e2e_trace_v3,22426,17294028383935529550,8295,control,in,83649903408448,1,/apollo/planning,363,0,1784454004197445244,30,0,0,2407194,2407324
202607191739,e2e_trace_v3,22435,17294028383935529550,8295,control,out,83649904220800,1,/apollo/control,0,8294,1784454004197445244,0,72263408870752853,2,2407194,2407324
202607191739,e2e_trace_v3,22438,17294028383935529551,8296,control,in,83649913427552,1,/apollo/planning,364,0,1784454004306536500,30,0,0,2407194,2407306
202607191739,e2e_trace_v3,22447,17294028383935529551,8296,control,out,83649914337824,1,/apollo/control,0,8295,1784454004306536500,0,72263408870752854,2,2407194,2407306
202607191739,e2e_trace_v3,22450,17294028383935529551,8297,control,in,83649923384064,1,/apollo/planning,364,0,1784454004306536500,30,0,0,2407194,2407311
202607191739,e2e_trace_v3,22459,17294028383935529551,8297,control,out,83649924228800,1,/apollo/control,0,8296,1784454004306536500,0,72263408870752854,2,2407194,2407311
202607191739,e2e_trace_v3,22462,17294028383935529551,8298,control,in,83649933370464,1,/apollo/planning,364,0,1784454004306536500,30,0,0,2407194,2407315
202607191739,e2e_trace_v3,22471,17294028383935529551,8298,control,out,83649934398240,1,/apollo/control,0,8297,1784454004306536500,0,72263408870752854,2,2407194,2407315
202607191739,e2e_trace_v3,22474,17294028383935529551,8299,control,in,83649943305440,1,/apollo/planning,364,0,1784454004306536500,30,0,0,2407194,2407328
202607191739,e2e_trace_v3,22483,17294028383935529551,8299,control,out,83649944183840,1,/apollo/control,0,8298,1784454004306536500,0,72263408870752854,2,2407194,2407328
202607191739,e2e_trace_v3,22486,17294028383935529551,8300,control,in,83649953359776,1,/apollo/planning,364,0,1784454004306536500,30,0,0,2407194,2407319
202607191739,e2e_trace_v3,22495,17294028383935529551,8300,control,out,83649954588800,1,/apollo/control,0,8299,1784454004306536500,0,72263408870752854,2,2407194,2407319
202607191739,e2e_trace_v3,22498,17294028383935529551,8301,control,in,83649963330112,1,/apollo/planning,364,0,1784454004306536500,30,0,0,2407194,2407302
202607191739,e2e_trace_v3,22507,17294028383935529551,8301,control,out,83649963914560,1,/apollo/control,0,8300,1784454004306536500,0,72263408870752854,2,2407194,2407302
202607191739,e2e_trace_v3,22510,17294028383935529551,8302,control,in,83649973373440,1,/apollo/planning,364,0,1784454004306536500,30,0,0,2407194,2407330
202607191739,e2e_trace_v3,22519,17294028383935529551,8302,control,out,83649973993248,1,/apollo/control,0,8301,1784454004306536500,0,72263408870752854,2,2407194,2407330
202607191739,e2e_trace_v3,22522,17294028383935529551,8303,control,in,83649983498464,1,/apollo/planning,364,0,1784454004306536500,30,0,0,2407194,2407300
202607191739,e2e_trace_v3,22531,17294028383935529551,8303,control,out,83649984659424,1,/apollo/control,0,8302,1784454004306536500,0,72263408870752854,2,2407194,2407300
202607191739,e2e_trace_v3,22534,17294028383935529551,8304,control,in,83649993367808,1,/apollo/planning,364,0,1784454004306536500,30,0,0,2407194,2407313
202607191739,e2e_trace_v3,22543,17294028383935529551,8304,control,out,83649993967008,1,/apollo/control,0,8303,1784454004306536500,0,72263408870752854,2,2407194,2407313
202607191739,e2e_trace_v3,22546,17294028383935529551,8305,control,in,83650003457056,1,/apollo/planning,364,0,1784454004306536500,30,0,0,2407194,2407311
202607191739,e2e_trace_v3,22555,17294028383935529551,8305,control,out,83650004519520,1,/apollo/control,0,8304,1784454004306536500,0,72263408870752854,2,2407194,2407311
202607191739,e2e_trace_v3,22558,17294028383935529552,8306,control,in,83650013442336,1,/apollo/planning,365,0,1784454004415987900,30,0,0,2407194,2407329
202607191739,e2e_trace_v3,22567,17294028383935529552,8306,control,out,83650014516576,1,/apollo/control,0,8305,1784454004415987900,0,72263408870752855,2,2407194,2407329
202607191739,e2e_trace_v3,22570,17294028383935529552,8307,control,in,83650023517344,1,/apollo/planning,365,0,1784454004415987900,30,0,0,2407194,2407311
202607191739,e2e_trace_v3,22579,17294028383935529552,8307,control,out,83650024481696,1,/apollo/control,0,8306,1784454004415987900,0,72263408870752855,2,2407194,2407311
202607191739,e2e_trace_v3,22582,17294028383935529552,8308,control,in,83650033333280,1,/apollo/planning,365,0,1784454004415987900,30,0,0,2407194,2407304
202607191739,e2e_trace_v3,22591,17294028383935529552,8308,control,out,83650034108768,1,/apollo/control,0,8307,1784454004415987900,0,72263408870752855,2,2407194,2407304
202607191739,e2e_trace_v3,22594,17294028383935529552,8309,control,in,83650043356992,1,/apollo/planning,365,0,1784454004415987900,30,0,0,2407194,2407319
202607191739,e2e_trace_v3,22603,17294028383935529552,8309,control,out,83650044133856,1,/apollo/control,0,8308,1784454004415987900,0,72263408870752855,2,2407194,2407319
202607191739,e2e_trace_v3,22606,17294028383935529552,8310,control,in,83650053353920,1,/apollo/planning,365,0,1784454004415987900,30,0,0,2407194,2407315
202607191739,e2e_trace_v3,22615,17294028383935529552,8310,control,out,83650054011616,1,/apollo/control,0,8309,1784454004415987900,0,72263408870752855,2,2407194,2407315
202607191739,e2e_trace_v3,22618,17294028383935529552,8311,control,in,83650063424448,1,/apollo/planning,365,0,1784454004415987900,30,0,0,2407194,2407318
202607191739,e2e_trace_v3,22627,17294028383935529552,8311,control,out,83650064498976,1,/apollo/control,0,8310,1784454004415987900,0,72263408870752855,2,2407194,2407318
202607191739,e2e_trace_v3,22630,17294028383935529552,8312,control,in,83650073370624,1,/apollo/planning,365,0,1784454004415987900,30,0,0,2407194,2407306
202607191739,e2e_trace_v3,22639,17294028383935529552,8312,control,out,83650074139136,1,/apollo/control,0,8311,1784454004415987900,0,72263408870752855,2,2407194,2407306
202607191739,e2e_trace_v3,22642,17294028383935529552,8313,control,in,83650083450048,1,/apollo/planning,365,0,1784454004415987900,30,0,0,2407194,2407328
202607191739,e2e_trace_v3,22651,17294028383935529552,8313,control,out,83650084764960,1,/apollo/control,0,8312,1784454004415987900,0,72263408870752855,2,2407194,2407328
202607191739,e2e_trace_v3,22654,17294028383935529552,8314,control,in,83650093409376,1,/apollo/planning,365,0,1784454004415987900,30,0,0,2407194,2407302
202607191739,e2e_trace_v3,22663,17294028383935529552,8314,control,out,83650094380800,1,/apollo/control,0,8313,1784454004415987900,0,72263408870752855,2,2407194,2407302
202607191739,e2e_trace_v3,22666,17294028383935529552,8315,control,in,83650103472032,1,/apollo/planning,365,0,1784454004415987900,30,0,0,2407194,2407319
202607191739,e2e_trace_v3,22675,17294028383935529552,8315,control,out,83650104482336,1,/apollo/control,0,8314,1784454004415987900,0,72263408870752855,2,2407194,2407319
202607191739,e2e_trace_v3,22678,17294028383935529553,8316,control,in,83650113482016,1,/apollo/planning,366,0,1784454004527014786,30,0,0,2407194,2407329
202607191739,e2e_trace_v3,22687,17294028383935529553,8316,control,out,83650114675872,1,/apollo/control,0,8315,1784454004527014786,0,72263408870752856,2,2407194,2407329
202607191739,e2e_trace_v3,22690,17294028383935529553,8317,control,in,83650123422304,1,/apollo/planning,366,0,1784454004527014786,30,0,0,2407194,2407324
202607191739,e2e_trace_v3,22699,17294028383935529553,8317,control,out,83650124492800,1,/apollo/control,0,8316,1784454004527014786,0,72263408870752856,2,2407194,2407324
202607191739,e2e_trace_v3,22702,17294028383935529553,8318,control,in,83650133406400,1,/apollo/planning,366,0,1784454004527014786,30,0,0,2407194,2407304
202607191739,e2e_trace_v3,22711,17294028383935529553,8318,control,out,83650134242976,1,/apollo/control,0,8317,1784454004527014786,0,72263408870752856,2,2407194,2407304
202607191739,e2e_trace_v3,22714,17294028383935529553,8319,control,in,83650143364384,1,/apollo/planning,366,0,1784454004527014786,30,0,0,2407194,2407328
202607191739,e2e_trace_v3,22723,17294028383935529553,8319,control,out,83650144467808,1,/apollo/control,0,8318,1784454004527014786,0,72263408870752856,2,2407194,2407328
202607191739,e2e_trace_v3,22726,17294028383935529553,8320,control,in,83650153473376,1,/apollo/planning,366,0,1784454004527014786,30,0,0,2407194,2407309
202607191739,e2e_trace_v3,22735,17294028383935529553,8320,control,out,83650154403808,1,/apollo/control,0,8319,1784454004527014786,0,72263408870752856,2,2407194,2407309
202607191739,e2e_trace_v3,22738,17294028383935529553,8321,control,in,83650163437824,1,/apollo/planning,366,0,1784454004527014786,30,0,0,2407194,2407315
202607191739,e2e_trace_v3,22747,17294028383935529553,8321,control,out,83650164454976,1,/apollo/control,0,8320,1784454004527014786,0,72263408870752856,2,2407194,2407315
202607191739,e2e_trace_v3,22750,17294028383935529553,8322,control,in,83650173386816,1,/apollo/planning,366,0,1784454004527014786,30,0,0,2407194,2407330
202607191739,e2e_trace_v3,22759,17294028383935529553,8322,control,out,83650174025632,1,/apollo/control,0,8321,1784454004527014786,0,72263408870752856,2,2407194,2407330
202607191739,e2e_trace_v3,22762,17294028383935529553,8323,control,in,83650183315520,1,/apollo/planning,366,0,1784454004527014786,30,0,0,2407194,2407313
202607191739,e2e_trace_v3,22771,17294028383935529553,8323,control,out,83650183964512,1,/apollo/control,0,8322,1784454004527014786,0,72263408870752856,2,2407194,2407313
202607191739,e2e_trace_v3,22774,17294028383935529553,8324,control,in,83650193398816,1,/apollo/planning,366,0,1784454004527014786,30,0,0,2407194,2407328
202607191739,e2e_trace_v3,22783,17294028383935529553,8324,control,out,83650194204512,1,/apollo/control,0,8323,1784454004527014786,0,72263408870752856,2,2407194,2407328
202607191739,e2e_trace_v3,22786,17294028383935529553,8325,control,in,83650203377888,1,/apollo/planning,366,0,1784454004527014786,30,0,0,2407194,2407315
202607191739,e2e_trace_v3,22795,17294028383935529553,8325,control,out,83650203980704,1,/apollo/control,0,8324,1784454004527014786,0,72263408870752856,2,2407194,2407315
202607191739,e2e_trace_v3,22798,17294028383935529554,8326,control,in,83650215502624,1,/apollo/planning,367,0,1784454004637336044,30,0,0,2407194,2407319
202607191739,e2e_trace_v3,22807,17294028383935529554,8326,control,out,83650216157472,1,/apollo/control,0,8325,1784454004637336044,0,72263408870752857,2,2407194,2407319
202607191739,e2e_trace_v3,22810,17294028383935529554,8327,control,in,83650223403456,1,/apollo/planning,367,0,1784454004637336044,30,0,0,2407194,2407306
202607191739,e2e_trace_v3,22819,17294028383935529554,8327,control,out,83650223945120,1,/apollo/control,0,8326,1784454004637336044,0,72263408870752857,2,2407194,2407306
202607191739,e2e_trace_v3,22822,17294028383935529554,8328,control,in,83650233363424,1,/apollo/planning,367,0,1784454004637336044,30,0,0,2407194,2407315
202607191739,e2e_trace_v3,22831,17294028383935529554,8328,control,out,83650233767168,1,/apollo/control,0,8327,1784454004637336044,0,72263408870752857,2,2407194,2407315
202607191739,e2e_trace_v3,22834,17294028383935529554,8329,control,in,83650245444768,1,/apollo/planning,367,0,1784454004637336044,30,0,0,2407194,2407311
202607191739,e2e_trace_v3,22843,17294028383935529554,8329,control,out,83650246106176,1,/apollo/control,0,8328,1784454004637336044,0,72263408870752857,2,2407194,2407311
202607191739,e2e_trace_v3,22846,17294028383935529554,8330,control,in,83650253407456,1,/apollo/planning,367,0,1784454004637336044,30,0,0,2407194,2407326
202607191739,e2e_trace_v3,22855,17294028383935529554,8330,control,out,83650254130240,1,/apollo/control,0,8329,1784454004637336044,0,72263408870752857,2,2407194,2407326
202607191739,e2e_trace_v3,22858,17294028383935529554,8331,control,in,83650263439392,1,/apollo/planning,367,0,1784454004637336044,30,0,0,2407194,2407300
202607191739,e2e_trace_v3,22867,17294028383935529554,8331,control,out,83650264189504,1,/apollo/control,0,8330,1784454004637336044,0,72263408870752857,2,2407194,2407300
202607191739,e2e_trace_v3,22870,17294028383935529554,8332,control,in,83650273401120,1,/apollo/planning,367,0,1784454004637336044,30,0,0,2407194,2407318
202607191739,e2e_trace_v3,22879,17294028383935529554,8332,control,out,83650274426624,1,/apollo/control,0,8331,1784454004637336044,0,72263408870752857,2,2407194,2407318
202607191739,e2e_trace_v3,22882,17294028383935529554,8333,control,in,83650283421152,1,/apollo/planning,367,0,1784454004637336044,30,0,0,2407194,2407329
202607191739,e2e_trace_v3,22891,17294028383935529554,8333,control,out,83650284434656,1,/apollo/control,0,8332,1784454004637336044,0,72263408870752857,2,2407194,2407329
202607191739,e2e_trace_v3,22894,17294028383935529554,8334,control,in,83650293523072,1,/apollo/planning,367,0,1784454004637336044,30,0,0,2407194,2407330
202607191739,e2e_trace_v3,22903,17294028383935529554,8334,control,out,83650294533568,1,/apollo/control,0,8333,1784454004637336044,0,72263408870752857,2,2407194,2407330
202607191739,e2e_trace_v3,22906,17294028383935529554,8335,control,in,83650305599552,1,/apollo/planning,367,0,1784454004637336044,30,0,0,2407194,2407322
202607191739,e2e_trace_v3,22915,17294028383935529554,8335,control,out,83650306775072,1,/apollo/control,0,8334,1784454004637336044,0,72263408870752857,2,2407194,2407322
202607191739,e2e_trace_v3,22918,17294028383935529555,8336,control,in,83650313560992,1,/apollo/planning,368,0,1784454004749175327,30,0,0,2407194,2407313
202607191739,e2e_trace_v3,22927,17294028383935529555,8336,control,out,83650314209920,1,/apollo/control,0,8335,1784454004749175327,0,72263408870752858,2,2407194,2407313
202607191739,e2e_trace_v3,22930,17294028383935529555,8337,control,in,83650323500736,1,/apollo/planning,368,0,1784454004749175327,30,0,0,2407194,2407300
202607191739,e2e_trace_v3,22939,17294028383935529555,8337,control,out,83650324421984,1,/apollo/control,0,8336,1784454004749175327,0,72263408870752858,2,2407194,2407300
202607191739,e2e_trace_v3,22942,17294028383935529555,8338,control,in,83650333486848,1,/apollo/planning,368,0,1784454004749175327,30,0,0,2407194,2407309
202607191739,e2e_trace_v3,22951,17294028383935529555,8338,control,out,83650334129600,1,/apollo/control,0,8337,1784454004749175327,0,72263408870752858,2,2407194,2407309
202607191739,e2e_trace_v3,22954,17294028383935529555,8339,control,in,83650343448000,1,/apollo/planning,368,0,1784454004749175327,30,0,0,2407194,2407324
202607191739,e2e_trace_v3,22963,17294028383935529555,8339,control,out,83650344061088,1,/apollo/control,0,8338,1784454004749175327,0,72263408870752858,2,2407194,2407324
202607191739,e2e_trace_v3,22966,17294028383935529555,8340,control,in,83650353459328,1,/apollo/planning,368,0,1784454004749175327,30,0,0,2407194,2407330
202607191739,e2e_trace_v3,22975,17294028383935529555,8340,control,out,83650354321376,1,/apollo/control,0,8339,1784454004749175327,0,72263408870752858,2,2407194,2407330
202607191739,e2e_trace_v3,22978,17294028383935529555,8341,control,in,83650363435968,1,/apollo/planning,368,0,1784454004749175327,30,0,0,2407194,2407313
202607191739,e2e_trace_v3,22987,17294028383935529555,8341,control,out,83650364153344,1,/apollo/control,0,8340,1784454004749175327,0,72263408870752858,2,2407194,2407313
202607191739,e2e_trace_v3,22990,17294028383935529555,8342,control,in,83650373510560,1,/apollo/planning,368,0,1784454004749175327,30,0,0,2407194,2407326
202607191739,e2e_trace_v3,22999,17294028383935529555,8342,control,out,83650374571424,1,/apollo/control,0,8341,1784454004749175327,0,72263408870752858,2,2407194,2407326
202607191739,e2e_trace_v3,23002,17294028383935529555,8343,control,in,83650383497760,1,/apollo/planning,368,0,1784454004749175327,30,0,0,2407194,2407304
202607191739,e2e_trace_v3,23011,17294028383935529555,8343,control,out,83650384398880,1,/apollo/control,0,8342,1784454004749175327,0,72263408870752858,2,2407194,2407304
202607191739,e2e_trace_v3,23014,17294028383935529555,8344,control,in,83650393475072,1,/apollo/planning,368,0,1784454004749175327,30,0,0,2407194,2407319
202607191739,e2e_trace_v3,23023,17294028383935529555,8344,control,out,83650394105696,1,/apollo/control,0,8343,1784454004749175327,0,72263408870752858,2,2407194,2407319
202607191739,e2e_trace_v3,23026,17294028383935529555,8345,control,in,83650403584288,1,/apollo/planning,368,0,1784454004749175327,30,0,0,2407194,2407300
202607191739,e2e_trace_v3,23035,17294028383935529555,8345,control,out,83650404766240,1,/apollo/control,0,8344,1784454004749175327,0,72263408870752858,2,2407194,2407300
202607191739,e2e_trace_v3,23038,17294028383935529556,8346,control,in,83650413560320,1,/apollo/planning,369,0,1784454004857112841,30,0,0,2407194,2407309
202607191739,e2e_trace_v3,23047,17294028383935529556,8346,control,out,83650414216192,1,/apollo/control,0,8345,1784454004857112841,0,72263408870752859,2,2407194,2407309
202607191739,e2e_trace_v3,23050,17294028383935529556,8347,control,in,83650423528576,1,/apollo/planning,369,0,1784454004857112841,30,0,0,2407194,2407306
202607191739,e2e_trace_v3,23059,17294028383935529556,8347,control,out,83650424457856,1,/apollo/control,0,8346,1784454004857112841,0,72263408870752859,2,2407194,2407306
202607191739,e2e_trace_v3,23062,17294028383935529556,8348,control,in,83650433553792,1,/apollo/planning,369,0,1784454004857112841,30,0,0,2407194,2407318
202607191739,e2e_trace_v3,23071,17294028383935529556,8348,control,out,83650434611616,1,/apollo/control,0,8347,1784454004857112841,0,72263408870752859,2,2407194,2407318
202607191739,e2e_trace_v3,23074,17294028383935529556,8349,control,in,83650443479008,1,/apollo/planning,369,0,1784454004857112841,30,0,0,2407194,2407315
202607191739,e2e_trace_v3,23083,17294028383935529556,8349,control,out,83650444293056,1,/apollo/control,0,8348,1784454004857112841,0,72263408870752859,2,2407194,2407315
202607191739,e2e_trace_v3,23086,17294028383935529556,8350,control,in,83650457227552,1,/apollo/planning,369,0,1784454004857112841,30,0,0,2407194,2407309
202607191739,e2e_trace_v3,23095,17294028383935529556,8350,control,out,83650457742784,1,/apollo/control,0,8349,1784454004857112841,0,72263408870752859,2,2407194,2407309
202607191739,e2e_trace_v3,23098,17294028383935529556,8351,control,in,83650463381472,1,/apollo/planning,369,0,1784454004857112841,30,0,0,2407194,2407304
202607191739,e2e_trace_v3,23107,17294028383935529556,8351,control,out,83650464313024,1,/apollo/control,0,8350,1784454004857112841,0,72263408870752859,2,2407194,2407304
202607191739,e2e_trace_v3,23110,17294028383935529556,8352,control,in,83650473285024,1,/apollo/planning,369,0,1784454004857112841,30,0,0,2407194,2407319
202607191739,e2e_trace_v3,23119,17294028383935529556,8352,control,out,83650473917024,1,/apollo/control,0,8351,1784454004857112841,0,72263408870752859,2,2407194,2407319
202607191739,e2e_trace_v3,23122,17294028383935529556,8353,control,in,83650483249408,1,/apollo/planning,369,0,1784454004857112841,30,0,0,2407194,2407328
202607191739,e2e_trace_v3,23131,17294028383935529556,8353,control,out,83650484077312,1,/apollo/control,0,8352,1784454004857112841,0,72263408870752859,2,2407194,2407328
202607191739,e2e_trace_v3,23134,17294028383935529556,8354,control,in,83650493275680,1,/apollo/planning,369,0,1784454004857112841,30,0,0,2407194,2407306
202607191739,e2e_trace_v3,23143,17294028383935529556,8354,control,out,83650494167200,1,/apollo/control,0,8353,1784454004857112841,0,72263408870752859,2,2407194,2407306
202607191739,e2e_trace_v3,23146,17294028383935529556,8355,control,in,83650503363136,1,/apollo/planning,369,0,1784454004857112841,30,0,0,2407194,2407311
202607191739,e2e_trace_v3,23155,17294028383935529556,8355,control,out,83650504516608,1,/apollo/control,0,8354,1784454004857112841,0,72263408870752859,2,2407194,2407311
202607191739,e2e_trace_v3,23158,17294028383935529557,8356,control,in,83650513518048,1,/apollo/planning,370,0,1784454004966299440,30,0,0,2407194,2407309
202607191739,e2e_trace_v3,23167,17294028383935529557,8356,control,out,83650514674208,1,/apollo/control,0,8355,1784454004966299440,0,72263408870752860,2,2407194,2407309
202607191739,e2e_trace_v3,23170,17294028383935529557,8357,control,in,83650523348800,1,/apollo/planning,370,0,1784454004966299440,30,0,0,2407194,2407329
202607191739,e2e_trace_v3,23179,17294028383935529557,8357,control,out,83650524681120,1,/apollo/control,0,8356,1784454004966299440,0,72263408870752860,2,2407194,2407329
202607191739,e2e_trace_v3,23182,17294028383935529557,8358,control,in,83650533360480,1,/apollo/planning,370,0,1784454004966299440,30,0,0,2407194,2407315
202607191739,e2e_trace_v3,23191,17294028383935529557,8358,control,out,83650534209664,1,/apollo/control,0,8357,1784454004966299440,0,72263408870752860,2,2407194,2407315
202607191739,e2e_trace_v3,23194,17294028383935529557,8359,control,in,83650543324992,1,/apollo/planning,370,0,1784454004966299440,30,0,0,2407194,2407330
202607191739,e2e_trace_v3,23203,17294028383935529557,8359,control,out,83650544385856,1,/apollo/control,0,8358,1784454004966299440,0,72263408870752860,2,2407194,2407330
202607191739,e2e_trace_v3,23206,17294028383935529557,8360,control,in,83650553240064,1,/apollo/planning,370,0,1784454004966299440,30,0,0,2407194,2407328
202607191739,e2e_trace_v3,23215,17294028383935529557,8360,control,out,83650554014080,1,/apollo/control,0,8359,1784454004966299440,0,72263408870752860,2,2407194,2407328
202607191739,e2e_trace_v3,23218,17294028383935529557,8361,control,in,83650563233344,1,/apollo/planning,370,0,1784454004966299440,30,0,0,2407194,2407306
202607191739,e2e_trace_v3,23227,17294028383935529557,8361,control,out,83650564067648,1,/apollo/control,0,8360,1784454004966299440,0,72263408870752860,2,2407194,2407306
202607191739,e2e_trace_v3,23230,17294028383935529557,8362,control,in,83650573314368,1,/apollo/planning,370,0,1784454004966299440,30,0,0,2407194,2407311
202607191739,e2e_trace_v3,23239,17294028383935529557,8362,control,out,83650574387936,1,/apollo/control,0,8361,1784454004966299440,0,72263408870752860,2,2407194,2407311
202607191739,e2e_trace_v3,23242,17294028383935529557,8363,control,in,83650583289408,1,/apollo/planning,370,0,1784454004966299440,30,0,0,2407194,2407304
202607191739,e2e_trace_v3,23251,17294028383935529557,8363,control,out,83650584236864,1,/apollo/control,0,8362,1784454004966299440,0,72263408870752860,2,2407194,2407304
202607191739,e2e_trace_v3,23254,17294028383935529557,8364,control,in,83650593342208,1,/apollo/planning,370,0,1784454004966299440,30,0,0,2407194,2407315
202607191739,e2e_trace_v3,23263,17294028383935529557,8364,control,out,83650594272928,1,/apollo/control,0,8363,1784454004966299440,0,72263408870752860,2,2407194,2407315
202607191739,e2e_trace_v3,23266,17294028383935529557,8365,control,in,83650603337472,1,/apollo/planning,370,0,1784454004966299440,30,0,0,2407194,2407306
202607191739,e2e_trace_v3,23275,17294028383935529557,8365,control,out,83650604099456,1,/apollo/control,0,8364,1784454004966299440,0,72263408870752860,2,2407194,2407306
202607191739,e2e_trace_v3,23278,17294028383935529558,8366,control,in,83650613411008,1,/apollo/planning,371,0,1784454005074103620,30,0,0,2407194,2407322
202607191739,e2e_trace_v3,23287,17294028383935529558,8366,control,out,83650614313760,1,/apollo/control,0,8365,1784454005074103620,0,72263408870752861,2,2407194,2407322
202607191739,e2e_trace_v3,23290,17294028383935529558,8367,control,in,83650623315104,1,/apollo/planning,371,0,1784454005074103620,30,0,0,2407194,2407328
202607191739,e2e_trace_v3,23299,17294028383935529558,8367,control,out,83650624176096,1,/apollo/control,0,8366,1784454005074103620,0,72263408870752861,2,2407194,2407328
202607191739,e2e_trace_v3,23302,17294028383935529558,8368,control,in,83650633272736,1,/apollo/planning,371,0,1784454005074103620,30,0,0,2407194,2407304
202607191739,e2e_trace_v3,23311,17294028383935529558,8368,control,out,83650634092256,1,/apollo/control,0,8367,1784454005074103620,0,72263408870752861,2,2407194,2407304
202607191739,e2e_trace_v3,23314,17294028383935529558,8369,control,in,83650643311328,1,/apollo/planning,371,0,1784454005074103620,30,0,0,2407194,2407311
202607191739,e2e_trace_v3,23323,17294028383935529558,8369,control,out,83650644292768,1,/apollo/control,0,8368,1784454005074103620,0,72263408870752861,2,2407194,2407311
202607191739,e2e_trace_v3,23326,17294028383935529558,8370,control,in,83650653282752,1,/apollo/planning,371,0,1784454005074103620,30,0,0,2407194,2407315
202607191739,e2e_trace_v3,23335,17294028383935529558,8370,control,out,83650654230112,1,/apollo/control,0,8369,1784454005074103620,0,72263408870752861,2,2407194,2407315
202607191739,e2e_trace_v3,23338,17294028383935529558,8371,control,in,83650663426176,1,/apollo/planning,371,0,1784454005074103620,30,0,0,2407194,2407304
202607191739,e2e_trace_v3,23347,17294028383935529558,8371,control,out,83650664406720,1,/apollo/control,0,8370,1784454005074103620,0,72263408870752861,2,2407194,2407304
202607191739,e2e_trace_v3,23350,17294028383935529558,8372,control,in,83650673293600,1,/apollo/planning,371,0,1784454005074103620,30,0,0,2407194,2407326
202607191739,e2e_trace_v3,23359,17294028383935529558,8372,control,out,83650674113056,1,/apollo/control,0,8371,1784454005074103620,0,72263408870752861,2,2407194,2407326
202607191739,e2e_trace_v3,23362,17294028383935529558,8373,control,in,83650683270912,1,/apollo/planning,371,0,1784454005074103620,30,0,0,2407194,2407300
202607191739,e2e_trace_v3,23371,17294028383935529558,8373,control,out,83650684104736,1,/apollo/control,0,8372,1784454005074103620,0,72263408870752861,2,2407194,2407300
202607191739,e2e_trace_v3,23374,17294028383935529558,8374,control,in,83650693270912,1,/apollo/planning,371,0,1784454005074103620,30,0,0,2407194,2407322
202607191739,e2e_trace_v3,23383,17294028383935529558,8374,control,out,83650694217472,1,/apollo/control,0,8373,1784454005074103620,0,72263408870752861,2,2407194,2407322
202607191739,e2e_trace_v3,23386,17294028383935529558,8375,control,in,83650703384928,1,/apollo/planning,371,0,1784454005074103620,30,0,0,2407194,2407302
202607191739,e2e_trace_v3,23395,17294028383935529558,8375,control,out,83650704532736,1,/apollo/control,0,8374,1784454005074103620,0,72263408870752861,2,2407194,2407302
202607191739,e2e_trace_v3,23398,17294028383935529558,8376,control,in,83650713357312,1,/apollo/planning,371,0,1784454005074103620,30,0,0,2407194,2407306
202607191739,e2e_trace_v3,23407,17294028383935529558,8376,control,out,83650714668576,1,/apollo/control,0,8375,1784454005074103620,0,72263408870752861,2,2407194,2407306
202607191739,e2e_trace_v3,23410,17294028383935529559,8377,control,in,83650723389472,1,/apollo/planning,372,0,1784454005180924941,30,0,0,2407194,2407318
202607191739,e2e_trace_v3,23419,17294028383935529559,8377,control,out,83650724471008,1,/apollo/control,0,8376,1784454005180924941,0,72263408870752862,2,2407194,2407318
202607191739,e2e_trace_v3,23422,17294028383935529559,8378,control,in,83650733433984,1,/apollo/planning,372,0,1784454005180924941,30,0,0,2407194,2407330
202607191739,e2e_trace_v3,23431,17294028383935529559,8378,control,out,83650734364576,1,/apollo/control,0,8377,1784454005180924941,0,72263408870752862,2,2407194,2407330
202607191739,e2e_trace_v3,23434,17294028383935529559,8379,control,in,83650743441952,1,/apollo/planning,372,0,1784454005180924941,30,0,0,2407194,2407302
202607191739,e2e_trace_v3,23443,17294028383935529559,8379,control,out,83650744330688,1,/apollo/control,0,8378,1784454005180924941,0,72263408870752862,2,2407194,2407302
202607191739,e2e_trace_v3,23446,17294028383935529559,8380,control,in,83650753427872,1,/apollo/planning,372,0,1784454005180924941,30,0,0,2407194,2407315
202607191739,e2e_trace_v3,23455,17294028383935529559,8380,control,out,83650754558624,1,/apollo/control,0,8379,1784454005180924941,0,72263408870752862,2,2407194,2407315
202607191739,e2e_trace_v3,23458,17294028383935529559,8381,control,in,83650763325824,1,/apollo/planning,372,0,1784454005180924941,30,0,0,2407194,2407309
202607191739,e2e_trace_v3,23467,17294028383935529559,8381,control,out,83650764446976,1,/apollo/control,0,8380,1784454005180924941,0,72263408870752862,2,2407194,2407309
202607191739,e2e_trace_v3,23470,17294028383935529559,8382,control,in,83650773253472,1,/apollo/planning,372,0,1784454005180924941,30,0,0,2407194,2407319
202607191739,e2e_trace_v3,23479,17294028383935529559,8382,control,out,83650774385536,1,/apollo/control,0,8381,1784454005180924941,0,72263408870752862,2,2407194,2407319
202607191739,e2e_trace_v3,23482,17294028383935529559,8383,control,in,83650783341984,1,/apollo/planning,372,0,1784454005180924941,30,0,0,2407194,2407300
202607191739,e2e_trace_v3,23491,17294028383935529559,8383,control,out,83650784334688,1,/apollo/control,0,8382,1784454005180924941,0,72263408870752862,2,2407194,2407300
202607191739,e2e_trace_v3,23494,17294028383935529559,8384,control,in,83650793280416,1,/apollo/planning,372,0,1784454005180924941,30,0,0,2407194,2407324
202607191739,e2e_trace_v3,23503,17294028383935529559,8384,control,out,83650794313408,1,/apollo/control,0,8383,1784454005180924941,0,72263408870752862,2,2407194,2407324
202607191739,e2e_trace_v3,23506,17294028383935529559,8385,control,in,83650803334816,1,/apollo/planning,372,0,1784454005180924941,30,0,0,2407194,2407318
202607191739,e2e_trace_v3,23515,17294028383935529559,8385,control,out,83650804363808,1,/apollo/control,0,8384,1784454005180924941,0,72263408870752862,2,2407194,2407318
202607191739,e2e_trace_v3,23518,17294028383935529559,8386,control,in,83650813427552,1,/apollo/planning,372,0,1784454005180924941,30,0,0,2407194,2407315
202607191739,e2e_trace_v3,23527,17294028383935529559,8386,control,out,83650814661600,1,/apollo/control,0,8385,1784454005180924941,0,72263408870752862,2,2407194,2407315
202607191739,e2e_trace_v3,23530,17294028383935529560,8387,control,in,83650823471616,1,/apollo/planning,373,0,1784454005286367522,30,0,0,2407194,2407304
202607191739,e2e_trace_v3,23539,17294028383935529560,8387,control,out,83650824525376,1,/apollo/control,0,8386,1784454005286367522,0,72263408870752863,2,2407194,2407304
202607191739,e2e_trace_v3,23542,17294028383935529560,8388,control,in,83650833373056,1,/apollo/planning,373,0,1784454005286367522,30,0,0,2407194,2407319
202607191739,e2e_trace_v3,23551,17294028383935529560,8388,control,out,83650834603520,1,/apollo/control,0,8387,1784454005286367522,0,72263408870752863,2,2407194,2407319
202607191739,e2e_trace_v3,23554,17294028383935529560,8389,control,in,83650843339776,1,/apollo/planning,373,0,1784454005286367522,30,0,0,2407194,2407300
202607191739,e2e_trace_v3,23563,17294028383935529560,8389,control,out,83650844191936,1,/apollo/control,0,8388,1784454005286367522,0,72263408870752863,2,2407194,2407300
202607191739,e2e_trace_v3,23566,17294028383935529560,8390,control,in,83650853328416,1,/apollo/planning,373,0,1784454005286367522,30,0,0,2407194,2407329
202607191739,e2e_trace_v3,23575,17294028383935529560,8390,control,out,83650854487872,1,/apollo/control,0,8389,1784454005286367522,0,72263408870752863,2,2407194,2407329
202607191739,e2e_trace_v3,23578,17294028383935529560,8391,control,in,83650863321632,1,/apollo/planning,373,0,1784454005286367522,30,0,0,2407194,2407322
202607191739,e2e_trace_v3,23587,17294028383935529560,8391,control,out,83650864236160,1,/apollo/control,0,8390,1784454005286367522,0,72263408870752863,2,2407194,2407322
202607191739,e2e_trace_v3,23590,17294028383935529560,8392,control,in,83650873293024,1,/apollo/planning,373,0,1784454005286367522,30,0,0,2407194,2407330
202607191739,e2e_trace_v3,23599,17294028383935529560,8392,control,out,83650874252896,1,/apollo/control,0,8391,1784454005286367522,0,72263408870752863,2,2407194,2407330
202607191739,e2e_trace_v3,23602,17294028383935529560,8393,control,in,83650883314816,1,/apollo/planning,373,0,1784454005286367522,30,0,0,2407194,2407318
202607191739,e2e_trace_v3,23611,17294028383935529560,8393,control,out,83650884344352,1,/apollo/control,0,8392,1784454005286367522,0,72263408870752863,2,2407194,2407318
202607191739,e2e_trace_v3,23614,17294028383935529560,8394,control,in,83650893389408,1,/apollo/planning,373,0,1784454005286367522,30,0,0,2407194,2407324
202607191739,e2e_trace_v3,23623,17294028383935529560,8394,control,out,83650894550848,1,/apollo/control,0,8393,1784454005286367522,0,72263408870752863,2,2407194,2407324
202607191739,e2e_trace_v3,23626,17294028383935529560,8395,control,in,83650903398912,1,/apollo/planning,373,0,1784454005286367522,30,0,0,2407194,2407313
202607191739,e2e_trace_v3,23635,17294028383935529560,8395,control,out,83650904275008,1,/apollo/control,0,8394,1784454005286367522,0,72263408870752863,2,2407194,2407313
202607191739,e2e_trace_v3,23638,17294028383935529560,8396,control,in,83650913335712,1,/apollo/planning,373,0,1784454005286367522,30,0,0,2407194,2407306
202607191739,e2e_trace_v3,23647,17294028383935529560,8396,control,out,83650914060992,1,/apollo/control,0,8395,1784454005286367522,0,72263408870752863,2,2407194,2407306
202607191739,e2e_trace_v3,23650,17294028383935529561,8397,control,in,83650923419040,1,/apollo/planning,374,0,1784454005395466327,30,0,0,2407194,2407300
202607191739,e2e_trace_v3,23659,17294028383935529561,8397,control,out,83650924471488,1,/apollo/control,0,8396,1784454005395466327,0,72263408870752864,2,2407194,2407300
202607191739,e2e_trace_v3,23662,17294028383935529561,8398,control,in,83650933270432,1,/apollo/planning,374,0,1784454005395466327,30,0,0,2407194,2407315
202607191739,e2e_trace_v3,23671,17294028383935529561,8398,control,out,83650933873952,1,/apollo/control,0,8397,1784454005395466327,0,72263408870752864,2,2407194,2407315
202607191739,e2e_trace_v3,23674,17294028383935529561,8399,control,in,83650943396448,1,/apollo/planning,374,0,1784454005395466327,30,0,0,2407194,2407313
202607191739,e2e_trace_v3,23683,17294028383935529561,8399,control,out,83650944295552,1,/apollo/control,0,8398,1784454005395466327,0,72263408870752864,2,2407194,2407313
202607191739,e2e_trace_v3,23686,17294028383935529561,8400,control,in,83650953273568,1,/apollo/planning,374,0,1784454005395466327,30,0,0,2407194,2407319
202607191739,e2e_trace_v3,23695,17294028383935529561,8400,control,out,83650953805312,1,/apollo/control,0,8399,1784454005395466327,0,72263408870752864,2,2407194,2407319
202607191739,e2e_trace_v3,23698,17294028383935529561,8401,control,in,83650963279456,1,/apollo/planning,374,0,1784454005395466327,30,0,0,2407194,2407304
202607191739,e2e_trace_v3,23707,17294028383935529561,8401,control,out,83650963912544,1,/apollo/control,0,8400,1784454005395466327,0,72263408870752864,2,2407194,2407304
202607191739,e2e_trace_v3,23710,17294028383935529561,8402,control,in,83650973285472,1,/apollo/planning,374,0,1784454005395466327,30,0,0,2407194,2407306
202607191739,e2e_trace_v3,23719,17294028383935529561,8402,control,out,83650973881952,1,/apollo/control,0,8401,1784454005395466327,0,72263408870752864,2,2407194,2407306
202607191739,e2e_trace_v3,23722,17294028383935529561,8403,control,in,83650983310976,1,/apollo/planning,374,0,1784454005395466327,30,0,0,2407194,2407326
202607191739,e2e_trace_v3,23731,17294028383935529561,8403,control,out,83650984112576,1,/apollo/control,0,8402,1784454005395466327,0,72263408870752864,2,2407194,2407326
202607191739,e2e_trace_v3,23734,17294028383935529561,8404,control,in,83650993296736,1,/apollo/planning,374,0,1784454005395466327,30,0,0,2407194,2407329
202607191739,e2e_trace_v3,23743,17294028383935529561,8404,control,out,83650994228768,1,/apollo/control,0,8403,1784454005395466327,0,72263408870752864,2,2407194,2407329
202607191739,e2e_trace_v3,23746,17294028383935529561,8405,control,in,83651003241088,1,/apollo/planning,374,0,1784454005395466327,30,0,0,2407194,2407324
202607191739,e2e_trace_v3,23755,17294028383935529561,8405,control,out,83651004164992,1,/apollo/control,0,8404,1784454005395466327,0,72263408870752864,2,2407194,2407324
202607191739,e2e_trace_v3,23758,17294028383935529561,8406,control,in,83651013338336,1,/apollo/planning,374,0,1784454005395466327,30,0,0,2407194,2407318
202607191739,e2e_trace_v3,23767,17294028383935529561,8406,control,out,83651014482368,1,/apollo/control,0,8405,1784454005395466327,0,72263408870752864,2,2407194,2407318
202607191739,e2e_trace_v3,23770,17294028383935529561,8407,control,in,83651023309184,1,/apollo/planning,374,0,1784454005395466327,30,0,0,2407194,2407306
202607191739,e2e_trace_v3,23779,17294028383935529561,8407,control,out,83651024043808,1,/apollo/control,0,8406,1784454005395466327,0,72263408870752864,2,2407194,2407306
202607191739,e2e_trace_v3,23782,17294028383935529562,8408,control,in,83651033522176,1,/apollo/planning,375,0,1784454005502420316,30,0,0,2407194,2407322
202607191739,e2e_trace_v3,23791,17294028383935529562,8408,control,out,83651034666880,1,/apollo/control,0,8407,1784454005502420316,0,72263408870752865,2,2407194,2407322
202607191739,e2e_trace_v3,23794,17294028383935529562,8409,control,in,83651043363360,1,/apollo/planning,375,0,1784454005502420316,30,0,0,2407194,2407313
202607191739,e2e_trace_v3,23803,17294028383935529562,8409,control,out,83651044417056,1,/apollo/control,0,8408,1784454005502420316,0,72263408870752865,2,2407194,2407313
202607191739,e2e_trace_v3,23806,17294028383935529562,8410,control,in,83651053339840,1,/apollo/planning,375,0,1784454005502420316,30,0,0,2407194,2407319
202607191739,e2e_trace_v3,23815,17294028383935529562,8410,control,out,83651053930816,1,/apollo/control,0,8409,1784454005502420316,0,72263408870752865,2,2407194,2407319
202607191739,e2e_trace_v3,23818,17294028383935529562,8411,control,in,83651063243488,1,/apollo/planning,375,0,1784454005502420316,30,0,0,2407194,2407306
202607191739,e2e_trace_v3,23827,17294028383935529562,8411,control,out,83651063735040,1,/apollo/control,0,8410,1784454005502420316,0,72263408870752865,2,2407194,2407306
202607191739,e2e_trace_v3,23830,17294028383935529562,8412,control,in,83651073245376,1,/apollo/planning,375,0,1784454005502420316,30,0,0,2407194,2407319
202607191739,e2e_trace_v3,23839,17294028383935529562,8412,control,out,83651073786400,1,/apollo/control,0,8411,1784454005502420316,0,72263408870752865,2,2407194,2407319
202607191739,e2e_trace_v3,23842,17294028383935529562,8413,control,in,83651083333312,1,/apollo/planning,375,0,1784454005502420316,30,0,0,2407194,2407329
202607191739,e2e_trace_v3,23851,17294028383935529562,8413,control,out,83651084455808,1,/apollo/control,0,8412,1784454005502420316,0,72263408870752865,2,2407194,2407329
202607191739,e2e_trace_v3,23854,17294028383935529562,8414,control,in,83651093309248,1,/apollo/planning,375,0,1784454005502420316,30,0,0,2407194,2407311
202607191739,e2e_trace_v3,23863,17294028383935529562,8414,control,out,83651094397248,1,/apollo/control,0,8413,1784454005502420316,0,72263408870752865,2,2407194,2407311
202607191739,e2e_trace_v3,23866,17294028383935529562,8415,control,in,83651103322912,1,/apollo/planning,375,0,1784454005502420316,30,0,0,2407194,2407315
202607191739,e2e_trace_v3,23875,17294028383935529562,8415,control,out,83651104337216,1,/apollo/control,0,8414,1784454005502420316,0,72263408870752865,2,2407194,2407315
202607191739,e2e_trace_v3,23878,17294028383935529562,8416,control,in,83651113287008,1,/apollo/planning,375,0,1784454005502420316,30,0,0,2407194,2407313
202607191739,e2e_trace_v3,23887,17294028383935529562,8416,control,out,83651114357888,1,/apollo/control,0,8415,1784454005502420316,0,72263408870752865,2,2407194,2407313
202607191739,e2e_trace_v3,23890,17294028383935529562,8417,control,in,83651123389440,1,/apollo/planning,375,0,1784454005502420316,30,0,0,2407194,2407304
202607191739,e2e_trace_v3,23899,17294028383935529562,8417,control,out,83651124541024,1,/apollo/control,0,8416,1784454005502420316,0,72263408870752865,2,2407194,2407304
202607191739,e2e_trace_v3,23902,17294028383935529563,8418,control,in,83651133400736,1,/apollo/planning,376,0,1784454005610238939,30,0,0,2407194,2407315
202607191739,e2e_trace_v3,23911,17294028383935529563,8418,control,out,83651134540288,1,/apollo/control,0,8417,1784454005610238939,0,72263408870752866,2,2407194,2407315
202607191739,e2e_trace_v3,23914,17294028383935529563,8419,control,in,83651143339584,1,/apollo/planning,376,0,1784454005610238939,30,0,0,2407194,2407300
202607191739,e2e_trace_v3,23923,17294028383935529563,8419,control,out,83651144244608,1,/apollo/control,0,8418,1784454005610238939,0,72263408870752866,2,2407194,2407300
202607191739,e2e_trace_v3,23926,17294028383935529563,8420,control,in,83651153346848,1,/apollo/planning,376,0,1784454005610238939,30,0,0,2407194,2407311
202607191739,e2e_trace_v3,23935,17294028383935529563,8420,control,out,83651154628864,1,/apollo/control,0,8419,1784454005610238939,0,72263408870752866,2,2407194,2407311
202607191739,e2e_trace_v3,23938,17294028383935529563,8421,control,in,83651163291616,1,/apollo/planning,376,0,1784454005610238939,30,0,0,2407194,2407318
202607191739,e2e_trace_v3,23947,17294028383935529563,8421,control,out,83651164102528,1,/apollo/control,0,8420,1784454005610238939,0,72263408870752866,2,2407194,2407318
202607191739,e2e_trace_v3,23950,17294028383935529563,8422,control,in,83651173320288,1,/apollo/planning,376,0,1784454005610238939,30,0,0,2407194,2407306
202607191739,e2e_trace_v3,23959,17294028383935529563,8422,control,out,83651173986144,1,/apollo/control,0,8421,1784454005610238939,0,72263408870752866,2,2407194,2407306
202607191739,e2e_trace_v3,23962,17294028383935529563,8423,control,in,83651183320128,1,/apollo/planning,376,0,1784454005610238939,30,0,0,2407194,2407324
202607191739,e2e_trace_v3,23971,17294028383935529563,8423,control,out,83651183980576,1,/apollo/control,0,8422,1784454005610238939,0,72263408870752866,2,2407194,2407324
202607191739,e2e_trace_v3,23974,17294028383935529563,8424,control,in,83651193293696,1,/apollo/planning,376,0,1784454005610238939,30,0,0,2407194,2407309
202607191739,e2e_trace_v3,23983,17294028383935529563,8424,control,out,83651193985312,1,/apollo/control,0,8423,1784454005610238939,0,72263408870752866,2,2407194,2407309
202607191739,e2e_trace_v3,23986,17294028383935529563,8425,control,in,83651203238464,1,/apollo/planning,376,0,1784454005610238939,30,0,0,2407194,2407318
202607191739,e2e_trace_v3,23995,17294028383935529563,8425,control,out,83651203818176,1,/apollo/control,0,8424,1784454005610238939,0,72263408870752866,2,2407194,2407318
202607191739,e2e_trace_v3,23998,17294028383935529563,8426,control,in,83651213300960,1,/apollo/planning,376,0,1784454005610238939,30,0,0,2407194,2407319
202607191739,e2e_trace_v3,24007,17294028383935529563,8426,control,out,83651213943648,1,/apollo/control,0,8425,1784454005610238939,0,72263408870752866,2,2407194,2407319
202607191739,e2e_trace_v3,24010,17294028383935529564,8427,control,in,83651223336704,1,/apollo/planning,377,0,1784454005722891599,30,0,0,2407194,2407330
202607191739,e2e_trace_v3,24019,17294028383935529564,8427,control,out,83651223905664,1,/apollo/control,0,8426,1784454005722891599,0,72263408870752867,2,2407194,2407330
202607191739,e2e_trace_v3,24022,17294028383935529564,8428,control,in,83651233282528,1,/apollo/planning,377,0,1784454005722891599,30,0,0,2407194,2407311
202607191739,e2e_trace_v3,24031,17294028383935529564,8428,control,out,83651233939008,1,/apollo/control,0,8427,1784454005722891599,0,72263408870752867,2,2407194,2407311
202607191739,e2e_trace_v3,24034,17294028383935529564,8429,control,in,83651243253856,1,/apollo/planning,377,0,1784454005722891599,30,0,0,2407194,2407326
202607191739,e2e_trace_v3,24043,17294028383935529564,8429,control,out,83651243926208,1,/apollo/control,0,8428,1784454005722891599,0,72263408870752867,2,2407194,2407326
202607191739,e2e_trace_v3,24046,17294028383935529564,8430,control,in,83651253224832,1,/apollo/planning,377,0,1784454005722891599,30,0,0,2407194,2407328
202607191739,e2e_trace_v3,24055,17294028383935529564,8430,control,out,83651253712800,1,/apollo/control,0,8429,1784454005722891599,0,72263408870752867,2,2407194,2407328
202607191739,e2e_trace_v3,24058,17294028383935529564,8431,control,in,83651263320832,1,/apollo/planning,377,0,1784454005722891599,30,0,0,2407194,2407315
202607191739,e2e_trace_v3,24067,17294028383935529564,8431,control,out,83651264089344,1,/apollo/control,0,8430,1784454005722891599,0,72263408870752867,2,2407194,2407315
202607191739,e2e_trace_v3,24070,17294028383935529564,8432,control,in,83651279321024,1,/apollo/planning,377,0,1784454005722891599,30,0,0,2407194,2407309
202607191739,e2e_trace_v3,24079,17294028383935529564,8432,control,out,83651280148864,1,/apollo/control,0,8431,1784454005722891599,0,72263408870752867,2,2407194,2407309
202607191739,e2e_trace_v3,24082,17294028383935529564,8433,control,in,83651283281248,1,/apollo/planning,377,0,1784454005722891599,30,0,0,2407194,2407319
202607191739,e2e_trace_v3,24091,17294028383935529564,8433,control,out,83651283978976,1,/apollo/control,0,8432,1784454005722891599,0,72263408870752867,2,2407194,2407319
202607191739,e2e_trace_v3,24094,17294028383935529564,8434,control,in,83651293305312,1,/apollo/planning,377,0,1784454005722891599,30,0,0,2407194,2407313
202607191739,e2e_trace_v3,24103,17294028383935529564,8434,control,out,83651294041952,1,/apollo/control,0,8433,1784454005722891599,0,72263408870752867,2,2407194,2407313
202607191739,e2e_trace_v3,24106,17294028383935529564,8435,control,in,83651303261696,1,/apollo/planning,377,0,1784454005722891599,30,0,0,2407194,2407330
202607191739,e2e_trace_v3,24115,17294028383935529564,8435,control,out,83651303760416,1,/apollo/control,0,8434,1784454005722891599,0,72263408870752867,2,2407194,2407330
202607191739,e2e_trace_v3,24118,17294028383935529564,8436,control,in,83651313315328,1,/apollo/planning,377,0,1784454005722891599,30,0,0,2407194,2407311
202607191739,e2e_trace_v3,24127,17294028383935529564,8436,control,out,83651314078368,1,/apollo/control,0,8435,1784454005722891599,0,72263408870752867,2,2407194,2407311
202607191739,e2e_trace_v3,24130,17294028383935529565,8437,control,in,83651323368352,1,/apollo/planning,378,0,1784454005854085470,30,0,0,2407194,2407309
202607191739,e2e_trace_v3,24139,17294028383935529565,8437,control,out,83651324180896,1,/apollo/control,0,8436,1784454005854085470,0,72263408870752868,2,2407194,2407309
202607191739,e2e_trace_v3,24142,17294028383935529565,8438,control,in,83651333301888,1,/apollo/planning,378,0,1784454005854085470,30,0,0,2407194,2407313
202607191739,e2e_trace_v3,24151,17294028383935529565,8438,control,out,83651334288704,1,/apollo/control,0,8437,1784454005854085470,0,72263408870752868,2,2407194,2407313
202607191739,e2e_trace_v3,24154,17294028383935529565,8439,control,in,83651343532064,1,/apollo/planning,378,0,1784454005854085470,30,0,0,2407194,2407326
202607191739,e2e_trace_v3,24163,17294028383935529565,8439,control,out,83651344585696,1,/apollo/control,0,8438,1784454005854085470,0,72263408870752868,2,2407194,2407326
202607191739,e2e_trace_v3,24166,17294028383935529565,8440,control,in,83651353342688,1,/apollo/planning,378,0,1784454005854085470,30,0,0,2407194,2407304
202607191739,e2e_trace_v3,24175,17294028383935529565,8440,control,out,83651354238208,1,/apollo/control,0,8439,1784454005854085470,0,72263408870752868,2,2407194,2407304
202607191739,e2e_trace_v3,24178,17294028383935529565,8441,control,in,83651363373888,1,/apollo/planning,378,0,1784454005854085470,30,0,0,2407194,2407315
202607191739,e2e_trace_v3,24187,17294028383935529565,8441,control,out,83651364407200,1,/apollo/control,0,8440,1784454005854085470,0,72263408870752868,2,2407194,2407315
202607191739,e2e_trace_v3,24190,17294028383935529565,8442,control,in,83651373284896,1,/apollo/planning,378,0,1784454005854085470,30,0,0,2407194,2407311
202607191739,e2e_trace_v3,24199,17294028383935529565,8442,control,out,83651374206208,1,/apollo/control,0,8441,1784454005854085470,0,72263408870752868,2,2407194,2407311
202607191739,e2e_trace_v3,24202,17294028383935529565,8443,control,in,83651383324256,1,/apollo/planning,378,0,1784454005854085470,30,0,0,2407194,2407306
202607191739,e2e_trace_v3,24211,17294028383935529565,8443,control,out,83651383946912,1,/apollo/control,0,8442,1784454005854085470,0,72263408870752868,2,2407194,2407306
202607191739,e2e_trace_v3,24214,17294028383935529565,8444,control,in,83651393389504,1,/apollo/planning,378,0,1784454005854085470,30,0,0,2407194,2407322
202607191739,e2e_trace_v3,24223,17294028383935529565,8444,control,out,83651394039872,1,/apollo/control,0,8443,1784454005854085470,0,72263408870752868,2,2407194,2407322
202607191739,e2e_trace_v3,24226,17294028383935529565,8445,control,in,83651403304896,1,/apollo/planning,378,0,1784454005854085470,30,0,0,2407194,2407329
202607191739,e2e_trace_v3,24235,17294028383935529565,8445,control,out,83651404063072,1,/apollo/control,0,8444,1784454005854085470,0,72263408870752868,2,2407194,2407329
202607191739,e2e_trace_v3,24238,17294028383935529565,8446,control,in,83651413416576,1,/apollo/planning,378,0,1784454005854085470,30,0,0,2407194,2407315
202607191739,e2e_trace_v3,24247,17294028383935529565,8446,control,out,83651414569280,1,/apollo/control,0,8445,1784454005854085470,0,72263408870752868,2,2407194,2407315
202607191739,e2e_trace_v3,24250,17294028383935529565,8447,control,in,83651423386912,1,/apollo/planning,378,0,1784454005854085470,30,0,0,2407194,2407318
202607191739,e2e_trace_v3,24259,17294028383935529565,8447,control,out,83651424036256,1,/apollo/control,0,8446,1784454005854085470,0,72263408870752868,2,2407194,2407318
202607191739,e2e_trace_v3,24262,17294028383935529566,8448,control,in,83651433435616,1,/apollo/planning,379,0,1784454005961556855,30,0,0,2407194,2407319
202607191739,e2e_trace_v3,24271,17294028383935529566,8448,control,out,83651434397376,1,/apollo/control,0,8447,1784454005961556855,0,72263408870752869,2,2407194,2407319
202607191739,e2e_trace_v3,24274,17294028383935529566,8449,control,in,83651443282976,1,/apollo/planning,379,0,1784454005961556855,30,0,0,2407194,2407304
202607191739,e2e_trace_v3,24283,17294028383935529566,8449,control,out,83651444061248,1,/apollo/control,0,8448,1784454005961556855,0,72263408870752869,2,2407194,2407304
202607191739,e2e_trace_v3,24286,17294028383935529566,8450,control,in,83651453321920,1,/apollo/planning,379,0,1784454005961556855,30,0,0,2407194,2407328
202607191739,e2e_trace_v3,24295,17294028383935529566,8450,control,out,83651454147008,1,/apollo/control,0,8449,1784454005961556855,0,72263408870752869,2,2407194,2407328
202607191739,e2e_trace_v3,24298,17294028383935529566,8451,control,in,83651463274688,1,/apollo/planning,379,0,1784454005961556855,30,0,0,2407194,2407313
202607191739,e2e_trace_v3,24307,17294028383935529566,8451,control,out,83651463989760,1,/apollo/control,0,8450,1784454005961556855,0,72263408870752869,2,2407194,2407313
202607191739,e2e_trace_v3,24310,17294028383935529566,8452,control,in,83651473293600,1,/apollo/planning,379,0,1784454005961556855,30,0,0,2407194,2407304
202607191739,e2e_trace_v3,24319,17294028383935529566,8452,control,out,83651474184384,1,/apollo/control,0,8451,1784454005961556855,0,72263408870752869,2,2407194,2407304
202607191739,e2e_trace_v3,24322,17294028383935529566,8453,control,in,83651483301952,1,/apollo/planning,379,0,1784454005961556855,30,0,0,2407194,2407306
202607191739,e2e_trace_v3,24331,17294028383935529566,8453,control,out,83651483824928,1,/apollo/control,0,8452,1784454005961556855,0,72263408870752869,2,2407194,2407306
202607191739,e2e_trace_v3,24334,17294028383935529566,8454,control,in,83651493410176,1,/apollo/planning,379,0,1784454005961556855,30,0,0,2407194,2407324
202607191739,e2e_trace_v3,24343,17294028383935529566,8454,control,out,83651494202496,1,/apollo/control,0,8453,1784454005961556855,0,72263408870752869,2,2407194,2407324
202607191739,e2e_trace_v3,24346,17294028383935529566,8455,control,in,83651507476896,1,/apollo/planning,379,0,1784454005961556855,30,0,0,2407194,2407328
202607191739,e2e_trace_v3,24355,17294028383935529566,8455,control,out,83651508450784,1,/apollo/control,0,8454,1784454005961556855,0,72263408870752869,2,2407194,2407328
202607191739,e2e_trace_v3,24358,17294028383935529566,8456,control,in,83651513456288,1,/apollo/planning,379,0,1784454005961556855,30,0,0,2407194,2407313
202607191739,e2e_trace_v3,24367,17294028383935529566,8456,control,out,83651514417152,1,/apollo/control,0,8455,1784454005961556855,0,72263408870752869,2,2407194,2407313
202607191739,e2e_trace_v3,24370,17294028383935529566,8457,control,in,83651523419008,1,/apollo/planning,379,0,1784454005961556855,30,0,0,2407194,2407329
202607191739,e2e_trace_v3,24379,17294028383935529566,8457,control,out,83651524114144,1,/apollo/control,0,8456,1784454005961556855,0,72263408870752869,2,2407194,2407329
202607191739,e2e_trace_v3,24382,17294028383935529566,8458,control,in,83651533462016,1,/apollo/planning,379,0,1784454005961556855,30,0,0,2407194,2407306
202607191739,e2e_trace_v3,24391,17294028383935529566,8458,control,out,83651534234976,1,/apollo/control,0,8457,1784454005961556855,0,72263408870752869,2,2407194,2407306
202607191739,e2e_trace_v3,24394,17294028383935529567,8459,control,in,83651543428960,1,/apollo/planning,380,0,1784454006070928885,30,0,0,2407194,2407322
202607191739,e2e_trace_v3,24403,17294028383935529567,8459,control,out,83651544000416,1,/apollo/control,0,8458,1784454006070928885,0,72263408870752870,2,2407194,2407322
202607191739,e2e_trace_v3,24406,17294028383935529567,8460,control,in,83651553358816,1,/apollo/planning,380,0,1784454006070928885,30,0,0,2407194,2407306
202607191739,e2e_trace_v3,24415,17294028383935529567,8460,control,out,83651553908288,1,/apollo/control,0,8459,1784454006070928885,0,72263408870752870,2,2407194,2407306
202607191739,e2e_trace_v3,24418,17294028383935529567,8461,control,in,83651563419776,1,/apollo/planning,380,0,1784454006070928885,30,0,0,2407194,2407302
202607191739,e2e_trace_v3,24427,17294028383935529567,8461,control,out,83651564445184,1,/apollo/control,0,8460,1784454006070928885,0,72263408870752870,2,2407194,2407302
202607191739,e2e_trace_v3,24430,17294028383935529567,8462,control,in,83651573420192,1,/apollo/planning,380,0,1784454006070928885,30,0,0,2407194,2407311
202607191739,e2e_trace_v3,24439,17294028383935529567,8462,control,out,83651574544000,1,/apollo/control,0,8461,1784454006070928885,0,72263408870752870,2,2407194,2407311
202607191739,e2e_trace_v3,24442,17294028383935529567,8463,control,in,83651583379968,1,/apollo/planning,380,0,1784454006070928885,30,0,0,2407194,2407319
202607191739,e2e_trace_v3,24451,17294028383935529567,8463,control,out,83651584403296,1,/apollo/control,0,8462,1784454006070928885,0,72263408870752870,2,2407194,2407319
202607191739,e2e_trace_v3,24454,17294028383935529567,8464,control,in,83651593427712,1,/apollo/planning,380,0,1784454006070928885,30,0,0,2407194,2407328
202607191739,e2e_trace_v3,24463,17294028383935529567,8464,control,out,83651594493984,1,/apollo/control,0,8463,1784454006070928885,0,72263408870752870,2,2407194,2407328
202607191739,e2e_trace_v3,24466,17294028383935529567,8465,control,in,83651603407008,1,/apollo/planning,380,0,1784454006070928885,30,0,0,2407194,2407322
202607191739,e2e_trace_v3,24475,17294028383935529567,8465,control,out,83651604055264,1,/apollo/control,0,8464,1784454006070928885,0,72263408870752870,2,2407194,2407322
202607191739,e2e_trace_v3,24478,17294028383935529567,8466,control,in,83651615368416,1,/apollo/planning,380,0,1784454006070928885,30,0,0,2407194,2407329
202607191739,e2e_trace_v3,24487,17294028383935529567,8466,control,out,83651616507328,1,/apollo/control,0,8465,1784454006070928885,0,72263408870752870,2,2407194,2407329
202607191739,e2e_trace_v3,24490,17294028383935529567,8467,control,in,83651621512448,1,/apollo/planning,380,0,1784454006070928885,30,0,0,2407194,2407306
202607191739,e2e_trace_v3,24499,17294028383935529567,8467,control,out,83651622685184,1,/apollo/control,0,8466,1784454006070928885,0,72263408870752870,2,2407194,2407306
202607191739,e2e_trace_v3,24502,17294028383935529568,8468,control,in,83651633500288,1,/apollo/planning,381,0,1784454006180406547,30,0,0,2407194,2407306
202607191739,e2e_trace_v3,24511,17294028383935529568,8468,control,out,83651634617280,1,/apollo/control,0,8467,1784454006180406547,0,72263408870752871,2,2407194,2407306
202607191739,e2e_trace_v3,24514,17294028383935529568,8469,control,in,83651643402752,1,/apollo/planning,381,0,1784454006180406547,30,0,0,2407194,2407311
202607191739,e2e_trace_v3,24523,17294028383935529568,8469,control,out,83651644458112,1,/apollo/control,0,8468,1784454006180406547,0,72263408870752871,2,2407194,2407311
202607191739,e2e_trace_v3,24526,17294028383935529568,8470,control,in,83651653372032,1,/apollo/planning,381,0,1784454006180406547,30,0,0,2407194,2407304
202607191739,e2e_trace_v3,24535,17294028383935529568,8470,control,out,83651654254848,1,/apollo/control,0,8469,1784454006180406547,0,72263408870752871,2,2407194,2407304
202607191739,e2e_trace_v3,24538,17294028383935529568,8471,control,in,83651663326592,1,/apollo/planning,381,0,1784454006180406547,30,0,0,2407194,2407324
202607191739,e2e_trace_v3,24547,17294028383935529568,8471,control,out,83651664103136,1,/apollo/control,0,8470,1784454006180406547,0,72263408870752871,2,2407194,2407324
202607191739,e2e_trace_v3,24550,17294028383935529568,8472,control,in,83651673354432,1,/apollo/planning,381,0,1784454006180406547,30,0,0,2407194,2407319
202607191739,e2e_trace_v3,24559,17294028383935529568,8472,control,out,83651674285248,1,/apollo/control,0,8471,1784454006180406547,0,72263408870752871,2,2407194,2407319
202607191739,e2e_trace_v3,24562,17294028383935529568,8473,control,in,83651683352960,1,/apollo/planning,381,0,1784454006180406547,30,0,0,2407194,2407326
202607191739,e2e_trace_v3,24571,17294028383935529568,8473,control,out,83651684223392,1,/apollo/control,0,8472,1784454006180406547,0,72263408870752871,2,2407194,2407326
202607191739,e2e_trace_v3,24574,17294028383935529568,8474,control,in,83651693371104,1,/apollo/planning,381,0,1784454006180406547,30,0,0,2407194,2407324
202607191739,e2e_trace_v3,24583,17294028383935529568,8474,control,out,83651694281440,1,/apollo/control,0,8473,1784454006180406547,0,72263408870752871,2,2407194,2407324
202607191739,e2e_trace_v3,24586,17294028383935529568,8475,control,in,83651703390080,1,/apollo/planning,381,0,1784454006180406547,30,0,0,2407194,2407329
202607191739,e2e_trace_v3,24595,17294028383935529568,8475,control,out,83651704376960,1,/apollo/control,0,8474,1784454006180406547,0,72263408870752871,2,2407194,2407329
202607191739,e2e_trace_v3,24598,17294028383935529568,8476,control,in,83651713526752,1,/apollo/planning,381,0,1784454006180406547,30,0,0,2407194,2407313
202607191739,e2e_trace_v3,24607,17294028383935529568,8476,control,out,83651714805312,1,/apollo/control,0,8475,1784454006180406547,0,72263408870752871,2,2407194,2407313
202607191739,e2e_trace_v3,24610,17294028383935529568,8477,control,in,83651723464896,1,/apollo/planning,381,0,1784454006180406547,30,0,0,2407194,2407300
202607191739,e2e_trace_v3,24619,17294028383935529568,8477,control,out,83651724525664,1,/apollo/control,0,8476,1784454006180406547,0,72263408870752871,2,2407194,2407300
202607191739,e2e_trace_v3,24622,17294028383935529568,8478,control,in,83651733481440,1,/apollo/planning,381,0,1784454006180406547,30,0,0,2407194,2407315
202607191739,e2e_trace_v3,24631,17294028383935529568,8478,control,out,83651734606592,1,/apollo/control,0,8477,1784454006180406547,0,72263408870752871,2,2407194,2407315
202607191739,e2e_trace_v3,24634,17294028383935529569,8479,control,in,83651743437312,1,/apollo/planning,382,0,1784454006286812397,30,0,0,2407194,2407309
202607191739,e2e_trace_v3,24643,17294028383935529569,8479,control,out,83651744400512,1,/apollo/control,0,8478,1784454006286812397,0,72263408870752872,2,2407194,2407309
202607191739,e2e_trace_v3,24646,17294028383935529569,8480,control,in,83651753388704,1,/apollo/planning,382,0,1784454006286812397,30,0,0,2407194,2407324
202607191739,e2e_trace_v3,24655,17294028383935529569,8480,control,out,83651754523904,1,/apollo/control,0,8479,1784454006286812397,0,72263408870752872,2,2407194,2407324
202607191739,e2e_trace_v3,24658,17294028383935529569,8481,control,in,83651763361568,1,/apollo/planning,382,0,1784454006286812397,30,0,0,2407194,2407322
202607191739,e2e_trace_v3,24667,17294028383935529569,8481,control,out,83651764016384,1,/apollo/control,0,8480,1784454006286812397,0,72263408870752872,2,2407194,2407322
202607191739,e2e_trace_v3,24670,17294028383935529569,8482,control,in,83651773389120,1,/apollo/planning,382,0,1784454006286812397,30,0,0,2407194,2407306
202607191739,e2e_trace_v3,24679,17294028383935529569,8482,control,out,83651774413600,1,/apollo/control,0,8481,1784454006286812397,0,72263408870752872,2,2407194,2407306
202607191739,e2e_trace_v3,24682,17294028383935529569,8483,control,in,83651783540416,1,/apollo/planning,382,0,1784454006286812397,30,0,0,2407194,2407329
202607191739,e2e_trace_v3,24691,17294028383935529569,8483,control,out,83651784663232,1,/apollo/control,0,8482,1784454006286812397,0,72263408870752872,2,2407194,2407329
202607191739,e2e_trace_v3,24694,17294028383935529569,8484,control,in,83651793381248,1,/apollo/planning,382,0,1784454006286812397,30,0,0,2407194,2407326
202607191739,e2e_trace_v3,24703,17294028383935529569,8484,control,out,83651794313984,1,/apollo/control,0,8483,1784454006286812397,0,72263408870752872,2,2407194,2407326
202607191739,e2e_trace_v3,24706,17294028383935529569,8485,control,in,83651803371616,1,/apollo/planning,382,0,1784454006286812397,30,0,0,2407194,2407315
202607191739,e2e_trace_v3,24715,17294028383935529569,8485,control,out,83651804394976,1,/apollo/control,0,8484,1784454006286812397,0,72263408870752872,2,2407194,2407315
202607191739,e2e_trace_v3,24718,17294028383935529569,8486,control,in,83651813397568,1,/apollo/planning,382,0,1784454006286812397,30,0,0,2407194,2407319
202607191739,e2e_trace_v3,24727,17294028383935529569,8486,control,out,83651814455488,1,/apollo/control,0,8485,1784454006286812397,0,72263408870752872,2,2407194,2407319
202607191739,e2e_trace_v3,24730,17294028383935529569,8487,control,in,83651823459360,1,/apollo/planning,382,0,1784454006286812397,30,0,0,2407194,2407326
202607191739,e2e_trace_v3,24739,17294028383935529569,8487,control,out,83651824583808,1,/apollo/control,0,8486,1784454006286812397,0,72263408870752872,2,2407194,2407326
202607191739,e2e_trace_v3,24742,17294028383935529569,8488,control,in,83651833493568,1,/apollo/planning,382,0,1784454006286812397,30,0,0,2407194,2407318
202607191739,e2e_trace_v3,24751,17294028383935529569,8488,control,out,83651834680704,1,/apollo/control,0,8487,1784454006286812397,0,72263408870752872,2,2407194,2407318
202607191739,e2e_trace_v3,24754,17294028383935529570,8489,control,in,83651843485728,1,/apollo/planning,383,0,1784454006393627513,30,0,0,2407194,2407330
202607191739,e2e_trace_v3,24763,17294028383935529570,8489,control,out,83651844292768,1,/apollo/control,0,8488,1784454006393627513,0,72263408870752873,2,2407194,2407330
202607191739,e2e_trace_v3,24766,17294028383935529570,8490,control,in,83651853422752,1,/apollo/planning,383,0,1784454006393627513,30,0,0,2407194,2407300
202607191739,e2e_trace_v3,24775,17294028383935529570,8490,control,out,83651854636736,1,/apollo/control,0,8489,1784454006393627513,0,72263408870752873,2,2407194,2407300
202607191739,e2e_trace_v3,24778,17294028383935529570,8491,control,in,83651863404768,1,/apollo/planning,383,0,1784454006393627513,30,0,0,2407194,2407313
202607191739,e2e_trace_v3,24787,17294028383935529570,8491,control,out,83651864060992,1,/apollo/control,0,8490,1784454006393627513,0,72263408870752873,2,2407194,2407313
202607191739,e2e_trace_v3,24790,17294028383935529570,8492,control,in,83651873406848,1,/apollo/planning,383,0,1784454006393627513,30,0,0,2407194,2407311
202607191739,e2e_trace_v3,24799,17294028383935529570,8492,control,out,83651874387808,1,/apollo/control,0,8491,1784454006393627513,0,72263408870752873,2,2407194,2407311
202607191739,e2e_trace_v3,24802,17294028383935529570,8493,control,in,83651883326656,1,/apollo/planning,383,0,1784454006393627513,30,0,0,2407194,2407330
202607191739,e2e_trace_v3,24811,17294028383935529570,8493,control,out,83651883858272,1,/apollo/control,0,8492,1784454006393627513,0,72263408870752873,2,2407194,2407330
202607191739,e2e_trace_v3,24814,17294028383935529570,8494,control,in,83651893406240,1,/apollo/planning,383,0,1784454006393627513,30,0,0,2407194,2407329
202607191739,e2e_trace_v3,24823,17294028383935529570,8494,control,out,83651894344736,1,/apollo/control,0,8493,1784454006393627513,0,72263408870752873,2,2407194,2407329
202607191739,e2e_trace_v3,24826,17294028383935529570,8495,control,in,83651903378880,1,/apollo/planning,383,0,1784454006393627513,30,0,0,2407194,2407319
202607191739,e2e_trace_v3,24835,17294028383935529570,8495,control,out,83651904519040,1,/apollo/control,0,8494,1784454006393627513,0,72263408870752873,2,2407194,2407319
202607191739,e2e_trace_v3,24838,17294028383935529570,8496,control,in,83651913379296,1,/apollo/planning,383,0,1784454006393627513,30,0,0,2407194,2407309
202607191739,e2e_trace_v3,24847,17294028383935529570,8496,control,out,83651914475040,1,/apollo/control,0,8495,1784454006393627513,0,72263408870752873,2,2407194,2407309
202607191739,e2e_trace_v3,24850,17294028383935529570,8497,control,in,83651923421504,1,/apollo/planning,383,0,1784454006393627513,30,0,0,2407194,2407329
202607191739,e2e_trace_v3,24859,17294028383935529570,8497,control,out,83651924375840,1,/apollo/control,0,8496,1784454006393627513,0,72263408870752873,2,2407194,2407329
202607191739,e2e_trace_v3,24862,17294028383935529570,8498,control,in,83651933433856,1,/apollo/planning,383,0,1784454006393627513,30,0,0,2407194,2407318
202607191739,e2e_trace_v3,24871,17294028383935529570,8498,control,out,83651934436512,1,/apollo/control,0,8497,1784454006393627513,0,72263408870752873,2,2407194,2407318
202607191739,e2e_trace_v3,24874,17294028383935529570,8499,control,in,83651947511328,1,/apollo/planning,383,0,1784454006393627513,30,0,0,2407194,2407300
202607191739,e2e_trace_v3,24883,17294028383935529570,8499,control,out,83651948536000,1,/apollo/control,0,8498,1784454006393627513,0,72263408870752873,2,2407194,2407300
202607191739,e2e_trace_v3,24886,17294028383935529570,8500,control,in,83651953432128,1,/apollo/planning,383,0,1784454006393627513,30,0,0,2407194,2407326
202607191739,e2e_trace_v3,24895,17294028383935529570,8500,control,out,83651954829568,1,/apollo/control,0,8499,1784454006393627513,0,72263408870752873,2,2407194,2407326
202607191739,e2e_trace_v3,24898,17294028383935529570,8501,control,in,83651963389088,1,/apollo/planning,383,0,1784454006393627513,30,0,0,2407194,2407318
202607191739,e2e_trace_v3,24907,17294028383935529570,8501,control,out,83651964217312,1,/apollo/control,0,8500,1784454006393627513,0,72263408870752873,2,2407194,2407318
202607191739,e2e_trace_v3,24910,17294028383935529570,8502,control,in,83651973309664,1,/apollo/planning,383,0,1784454006393627513,30,0,0,2407194,2407311
202607191739,e2e_trace_v3,24919,17294028383935529570,8502,control,out,83651974102432,1,/apollo/control,0,8501,1784454006393627513,0,72263408870752873,2,2407194,2407311
202607191739,e2e_trace_v3,24922,17294028383935529570,8503,control,in,83651983297792,1,/apollo/planning,383,0,1784454006393627513,30,0,0,2407194,2407306
202607191739,e2e_trace_v3,24931,17294028383935529570,8503,control,out,83651983846912,1,/apollo/control,0,8502,1784454006393627513,0,72263408870752873,2,2407194,2407306
202607191739,e2e_trace_v3,24934,17294028383935529570,8504,control,in,83651993286688,1,/apollo/planning,383,0,1784454006393627513,30,0,0,2407194,2407324
202607191739,e2e_trace_v3,24943,17294028383935529570,8504,control,out,83651993765632,1,/apollo/control,0,8503,1784454006393627513,0,72263408870752873,2,2407194,2407324
202607191739,e2e_trace_v3,24946,17294028383935529571,8505,control,in,83652003694528,1,/apollo/planning,384,0,1784454006500683069,214,0,0,2407194,2407315
202607191739,e2e_trace_v3,24955,17294028383935529571,8505,control,out,83652004805760,1,/apollo/control,0,8504,1784454006500683069,0,72263408870752874,2,2407194,2407315
202607191739,e2e_trace_v3,24958,17294028383935529571,8506,control,in,83652013670528,1,/apollo/planning,384,0,1784454006500683069,214,0,0,2407194,2407311
202607191739,e2e_trace_v3,24967,17294028383935529571,8506,control,out,83652015069280,1,/apollo/control,0,8505,1784454006500683069,0,72263408870752874,2,2407194,2407311
202607191739,e2e_trace_v3,24970,17294028383935529571,8507,control,in,83652023710304,1,/apollo/planning,384,0,1784454006500683069,214,0,0,2407194,2407322
202607191739,e2e_trace_v3,24979,17294028383935529571,8507,control,out,83652025433408,1,/apollo/control,0,8506,1784454006500683069,0,72263408870752874,2,2407194,2407322
202607191739,e2e_trace_v3,24982,17294028383935529571,8508,control,in,83652035884224,1,/apollo/planning,384,0,1784454006500683069,214,0,0,2407194,2407304
202607191739,e2e_trace_v3,24991,17294028383935529571,8508,control,out,83652037671328,1,/apollo/control,0,8507,1784454006500683069,0,72263408870752874,2,2407194,2407304
202607191739,e2e_trace_v3,24994,17294028383935529571,8509,control,in,83652045718272,1,/apollo/planning,384,0,1784454006500683069,214,0,0,2407194,2407326
202607191739,e2e_trace_v3,25003,17294028383935529571,8509,control,out,83652047206112,1,/apollo/control,0,8508,1784454006500683069,0,72263408870752874,2,2407194,2407326
202607191739,e2e_trace_v3,25006,17294028383935529571,8510,control,in,83652055850880,1,/apollo/planning,384,0,1784454006500683069,214,0,0,2407194,2407319
202607191739,e2e_trace_v3,25015,17294028383935529571,8510,control,out,83652057144192,1,/apollo/control,0,8509,1784454006500683069,0,72263408870752874,2,2407194,2407319
202607191739,e2e_trace_v3,25018,17294028383935529571,8511,control,in,83652063587264,1,/apollo/planning,384,0,1784454006500683069,214,0,0,2407194,2407318
202607191739,e2e_trace_v3,25027,17294028383935529571,8511,control,out,83652064467296,1,/apollo/control,0,8510,1784454006500683069,0,72263408870752874,2,2407194,2407318
202607191739,e2e_trace_v3,25030,17294028383935529571,8512,control,in,83652073605984,1,/apollo/planning,384,0,1784454006500683069,214,0,0,2407194,2407302
202607191739,e2e_trace_v3,25039,17294028383935529571,8512,control,out,83652074772896,1,/apollo/control,0,8511,1784454006500683069,0,72263408870752874,2,2407194,2407302
202607191739,e2e_trace_v3,25042,17294028383935529571,8513,control,in,83652083587200,1,/apollo/planning,384,0,1784454006500683069,214,0,0,2407194,2407313
202607191739,e2e_trace_v3,25051,17294028383935529571,8513,control,out,83652084728736,1,/apollo/control,0,8512,1784454006500683069,0,72263408870752874,2,2407194,2407313
202607191739,e2e_trace_v3,25054,17294028383935529571,8514,control,in,83652093495520,1,/apollo/planning,384,0,1784454006500683069,214,0,0,2407194,2407328
202607191739,e2e_trace_v3,25063,17294028383935529571,8514,control,out,83652094459456,1,/apollo/control,0,8513,1784454006500683069,0,72263408870752874,2,2407194,2407328
202607191739,e2e_trace_v3,25066,17294028383935529571,8515,control,in,83652103579616,1,/apollo/planning,384,0,1784454006500683069,214,0,0,2407194,2407306
202607191739,e2e_trace_v3,25075,17294028383935529571,8515,control,out,83652104531488,1,/apollo/control,0,8514,1784454006500683069,0,72263408870752874,2,2407194,2407306
202607191739,e2e_trace_v3,25078,17294028383935529572,8516,control,in,83652113842496,1,/apollo/planning,385,0,1784454006611536529,217,0,0,2407194,2407330
202607191739,e2e_trace_v3,25087,17294028383935529572,8516,control,out,83652114926048,1,/apollo/control,0,8515,1784454006611536529,0,72263408870752875,2,2407194,2407330
202607191739,e2e_trace_v3,25090,17294028383935529572,8517,control,in,83652123577056,1,/apollo/planning,385,0,1784454006611536529,217,0,0,2407194,2407326
202607191739,e2e_trace_v3,25099,17294028383935529572,8517,control,out,83652124686144,1,/apollo/control,0,8516,1784454006611536529,0,72263408870752875,2,2407194,2407326
202607191739,e2e_trace_v3,25102,17294028383935529572,8518,control,in,83652133730496,1,/apollo/planning,385,0,1784454006611536529,217,0,0,2407194,2407311
202607191739,e2e_trace_v3,25111,17294028383935529572,8518,control,out,83652135061248,1,/apollo/control,0,8517,1784454006611536529,0,72263408870752875,2,2407194,2407311
202607191739,e2e_trace_v3,25114,17294028383935529572,8519,control,in,83652143736096,1,/apollo/planning,385,0,1784454006611536529,217,0,0,2407194,2407319
202607191739,e2e_trace_v3,25123,17294028383935529572,8519,control,out,83652145110496,1,/apollo/control,0,8518,1784454006611536529,0,72263408870752875,2,2407194,2407319
202607191739,e2e_trace_v3,25126,17294028383935529572,8520,control,in,83652153676672,1,/apollo/planning,385,0,1784454006611536529,217,0,0,2407194,2407318
202607191739,e2e_trace_v3,25135,17294028383935529572,8520,control,out,83652154687296,1,/apollo/control,0,8519,1784454006611536529,0,72263408870752875,2,2407194,2407318
202607191739,e2e_trace_v3,25138,17294028383935529572,8521,control,in,83652167069248,1,/apollo/planning,385,0,1784454006611536529,217,0,0,2407194,2407329
202607191739,e2e_trace_v3,25147,17294028383935529572,8521,control,out,83652168169792,1,/apollo/control,0,8520,1784454006611536529,0,72263408870752875,2,2407194,2407329
202607191739,e2e_trace_v3,25150,17294028383935529572,8522,control,in,83652172822368,1,/apollo/planning,385,0,1784454006611536529,217,0,0,2407194,2407315
202607191739,e2e_trace_v3,25159,17294028383935529572,8522,control,out,83652173928736,1,/apollo/control,0,8521,1784454006611536529,0,72263408870752875,2,2407194,2407315
202607191739,e2e_trace_v3,25162,17294028383935529572,8523,control,in,83652182827968,1,/apollo/planning,385,0,1784454006611536529,217,0,0,2407194,2407324
202607191739,e2e_trace_v3,25171,17294028383935529572,8523,control,out,83652183824384,1,/apollo/control,0,8522,1784454006611536529,0,72263408870752875,2,2407194,2407324
202607191739,e2e_trace_v3,25174,17294028383935529573,8524,control,in,83652192999008,1,/apollo/planning,386,0,1784454006719659667,221,0,0,2407194,2407300
202607191739,e2e_trace_v3,25183,17294028383935529573,8524,control,out,83652194023712,1,/apollo/control,0,8523,1784454006719659667,0,72263408870752876,2,2407194,2407300
202607191739,e2e_trace_v3,25186,17294028383935529573,8525,control,in,83652202843456,1,/apollo/planning,386,0,1784454006719659667,221,0,0,2407194,2407304
202607191739,e2e_trace_v3,25195,17294028383935529573,8525,control,out,83652203927744,1,/apollo/control,0,8524,1784454006719659667,0,72263408870752876,2,2407194,2407304
202607191739,e2e_trace_v3,25198,17294028383935529573,8526,control,in,83652212920832,1,/apollo/planning,386,0,1784454006719659667,221,0,0,2407194,2407322
202607191739,e2e_trace_v3,25207,17294028383935529573,8526,control,out,83652214092832,1,/apollo/control,0,8525,1784454006719659667,0,72263408870752876,2,2407194,2407322
202607191739,e2e_trace_v3,25210,17294028383935529573,8527,control,in,83652223068736,1,/apollo/planning,386,0,1784454006719659667,221,0,0,2407194,2407330
202607191739,e2e_trace_v3,25219,17294028383935529573,8527,control,out,83652224277824,1,/apollo/control,0,8526,1784454006719659667,0,72263408870752876,2,2407194,2407330
202607191739,e2e_trace_v3,25222,17294028383935529573,8528,control,in,83652232965824,1,/apollo/planning,386,0,1784454006719659667,221,0,0,2407194,2407318
202607191739,e2e_trace_v3,25231,17294028383935529573,8528,control,out,83652233818752,1,/apollo/control,0,8527,1784454006719659667,0,72263408870752876,2,2407194,2407318
202607191739,e2e_trace_v3,25234,17294028383935529573,8529,control,in,83652246845664,1,/apollo/planning,386,0,1784454006719659667,221,0,0,2407194,2407302
202607191739,e2e_trace_v3,25243,17294028383935529573,8529,control,out,83652247861440,1,/apollo/control,0,8528,1784454006719659667,0,72263408870752876,2,2407194,2407302
202607191739,e2e_trace_v3,25246,17294028383935529573,8530,control,in,83652252857984,1,/apollo/planning,386,0,1784454006719659667,221,0,0,2407194,2407300
202607191739,e2e_trace_v3,25255,17294028383935529573,8530,control,out,83652253723904,1,/apollo/control,0,8529,1784454006719659667,0,72263408870752876,2,2407194,2407300
202607191739,e2e_trace_v3,25258,17294028383935529573,8531,control,in,83652262975136,1,/apollo/planning,386,0,1784454006719659667,221,0,0,2407194,2407311
202607191739,e2e_trace_v3,25267,17294028383935529573,8531,control,out,83652263921568,1,/apollo/control,0,8530,1784454006719659667,0,72263408870752876,2,2407194,2407311
202607191739,e2e_trace_v3,25270,17294028383935529573,8532,control,in,83652272905408,1,/apollo/planning,386,0,1784454006719659667,221,0,0,2407194,2407313
202607191739,e2e_trace_v3,25279,17294028383935529573,8532,control,out,83652273810368,1,/apollo/control,0,8531,1784454006719659667,0,72263408870752876,2,2407194,2407313
202607191739,e2e_trace_v3,25282,17294028383935529573,8533,control,in,83652282753952,1,/apollo/planning,386,0,1784454006719659667,221,0,0,2407194,2407330
202607191739,e2e_trace_v3,25291,17294028383935529573,8533,control,out,83652283645344,1,/apollo/control,0,8532,1784454006719659667,0,72263408870752876,2,2407194,2407330
202607191739,e2e_trace_v3,25294,17294028383935529573,8534,control,in,83652292882272,1,/apollo/planning,386,0,1784454006719659667,221,0,0,2407194,2407304
202607191739,e2e_trace_v3,25303,17294028383935529573,8534,control,out,83652293771936,1,/apollo/control,0,8533,1784454006719659667,0,72263408870752876,2,2407194,2407304
202607191739,e2e_trace_v3,25306,17294028383935529574,8535,control,in,83652302829536,1,/apollo/planning,387,0,1784454006825830960,226,0,0,2407194,2407328
202607191739,e2e_trace_v3,25315,17294028383935529574,8535,control,out,83652303591296,1,/apollo/control,0,8534,1784454006825830960,0,72263408870752877,2,2407194,2407328
202607191739,e2e_trace_v3,25318,17294028383935529574,8536,control,in,83652312752128,1,/apollo/planning,387,0,1784454006825830960,226,0,0,2407194,2407324
202607191739,e2e_trace_v3,25327,17294028383935529574,8536,control,out,83652313495936,1,/apollo/control,0,8535,1784454006825830960,0,72263408870752877,2,2407194,2407324
202607191739,e2e_trace_v3,25330,17294028383935529574,8537,control,in,83652322743040,1,/apollo/planning,387,0,1784454006825830960,226,0,0,2407194,2407329
202607191739,e2e_trace_v3,25339,17294028383935529574,8537,control,out,83652323696384,1,/apollo/control,0,8536,1784454006825830960,0,72263408870752877,2,2407194,2407329
202607191739,e2e_trace_v3,25342,17294028383935529574,8538,control,in,83652332857632,1,/apollo/planning,387,0,1784454006825830960,226,0,0,2407194,2407313
202607191739,e2e_trace_v3,25351,17294028383935529574,8538,control,out,83652333726784,1,/apollo/control,0,8537,1784454006825830960,0,72263408870752877,2,2407194,2407313
202607191739,e2e_trace_v3,25354,17294028383935529574,8539,control,in,83652342949088,1,/apollo/planning,387,0,1784454006825830960,226,0,0,2407194,2407309
202607191739,e2e_trace_v3,25363,17294028383935529574,8539,control,out,83652344084480,1,/apollo/control,0,8538,1784454006825830960,0,72263408870752877,2,2407194,2407309
202607191739,e2e_trace_v3,25366,17294028383935529574,8540,control,in,83652352861952,1,/apollo/planning,387,0,1784454006825830960,226,0,0,2407194,2407328
202607191739,e2e_trace_v3,25375,17294028383935529574,8540,control,out,83652353968128,1,/apollo/control,0,8539,1784454006825830960,0,72263408870752877,2,2407194,2407328
202607191739,e2e_trace_v3,25378,17294028383935529574,8541,control,in,83652362905952,1,/apollo/planning,387,0,1784454006825830960,226,0,0,2407194,2407318
202607191739,e2e_trace_v3,25387,17294028383935529574,8541,control,out,83652364065088,1,/apollo/control,0,8540,1784454006825830960,0,72263408870752877,2,2407194,2407318
202607191739,e2e_trace_v3,25390,17294028383935529574,8542,control,in,83652372901280,1,/apollo/planning,387,0,1784454006825830960,226,0,0,2407194,2407322
202607191739,e2e_trace_v3,25399,17294028383935529574,8542,control,out,83652374141632,1,/apollo/control,0,8541,1784454006825830960,0,72263408870752877,2,2407194,2407322
202607191739,e2e_trace_v3,25402,17294028383935529574,8543,control,in,83652382881408,1,/apollo/planning,387,0,1784454006825830960,226,0,0,2407194,2407309
202607191739,e2e_trace_v3,25411,17294028383935529574,8543,control,out,83652383850752,1,/apollo/control,0,8542,1784454006825830960,0,72263408870752877,2,2407194,2407309
202607191739,e2e_trace_v3,25414,17294028383935529575,8544,control,in,83652393165888,1,/apollo/planning,388,0,1784454006936291520,189,0,0,2407194,2407311
202607191739,e2e_trace_v3,25423,17294028383935529575,8544,control,out,83652394139136,1,/apollo/control,0,8543,1784454006936291520,0,72263408870752878,2,2407194,2407311
202607191739,e2e_trace_v3,25426,17294028383935529575,8545,control,in,83652402821632,1,/apollo/planning,388,0,1784454006936291520,189,0,0,2407194,2407302
202607191739,e2e_trace_v3,25435,17294028383935529575,8545,control,out,83652403805440,1,/apollo/control,0,8544,1784454006936291520,0,72263408870752878,2,2407194,2407302
202607191739,e2e_trace_v3,25438,17294028383935529575,8546,control,in,83652412824352,1,/apollo/planning,388,0,1784454006936291520,189,0,0,2407194,2407311
202607191739,e2e_trace_v3,25447,17294028383935529575,8546,control,out,83652413890528,1,/apollo/control,0,8545,1784454006936291520,0,72263408870752878,2,2407194,2407311
202607191739,e2e_trace_v3,25450,17294028383935529575,8547,control,in,83652422934176,1,/apollo/planning,388,0,1784454006936291520,189,0,0,2407194,2407326
202607191739,e2e_trace_v3,25459,17294028383935529575,8547,control,out,83652423998144,1,/apollo/control,0,8546,1784454006936291520,0,72263408870752878,2,2407194,2407326
202607191739,e2e_trace_v3,25462,17294028383935529575,8548,control,in,83652433010880,1,/apollo/planning,388,0,1784454006936291520,189,0,0,2407194,2407322
202607191739,e2e_trace_v3,25471,17294028383935529575,8548,control,out,83652434247840,1,/apollo/control,0,8547,1784454006936291520,0,72263408870752878,2,2407194,2407322
202607191739,e2e_trace_v3,25474,17294028383935529575,8549,control,in,83652443016896,1,/apollo/planning,388,0,1784454006936291520,189,0,0,2407194,2407324
202607191739,e2e_trace_v3,25483,17294028383935529575,8549,control,out,83652444337760,1,/apollo/control,0,8548,1784454006936291520,0,72263408870752878,2,2407194,2407324
202607191739,e2e_trace_v3,25486,17294028383935529575,8550,control,in,83652452889504,1,/apollo/planning,388,0,1784454006936291520,189,0,0,2407194,2407313
202607191739,e2e_trace_v3,25495,17294028383935529575,8550,control,out,83652453915520,1,/apollo/control,0,8549,1784454006936291520,0,72263408870752878,2,2407194,2407313
202607191739,e2e_trace_v3,25498,17294028383935529575,8551,control,in,83652462950080,1,/apollo/planning,388,0,1784454006936291520,189,0,0,2407194,2407306
202607191739,e2e_trace_v3,25507,17294028383935529575,8551,control,out,83652464104960,1,/apollo/control,0,8550,1784454006936291520,0,72263408870752878,2,2407194,2407306
202607191739,e2e_trace_v3,25510,17294028383935529575,8552,control,in,83652473123328,1,/apollo/planning,388,0,1784454006936291520,189,0,0,2407194,2407315
202607191739,e2e_trace_v3,25519,17294028383935529575,8552,control,out,83652474770944,1,/apollo/control,0,8551,1784454006936291520,0,72263408870752878,2,2407194,2407315
202607191739,e2e_trace_v3,25522,17294028383935529575,8553,control,in,83652484948384,1,/apollo/planning,388,0,1784454006936291520,189,0,0,2407194,2407326
202607191739,e2e_trace_v3,25531,17294028383935529575,8553,control,out,83652486076256,1,/apollo/control,0,8552,1784454006936291520,0,72263408870752878,2,2407194,2407326
202607191739,e2e_trace_v3,25534,17294028383935529575,8554,control,in,83652493126144,1,/apollo/planning,388,0,1784454006936291520,189,0,0,2407194,2407302
202607191739,e2e_trace_v3,25543,17294028383935529575,8554,control,out,83652494875552,1,/apollo/control,0,8553,1784454006936291520,0,72263408870752878,2,2407194,2407302
202607191739,e2e_trace_v3,25546,17294028383935529575,8555,control,in,83652503007392,1,/apollo/planning,388,0,1784454006936291520,189,0,0,2407194,2407328
202607191739,e2e_trace_v3,25555,17294028383935529575,8555,control,out,83652504122208,1,/apollo/control,0,8554,1784454006936291520,0,72263408870752878,2,2407194,2407328
202607191739,e2e_trace_v3,25558,17294028383935529575,8556,control,in,83652512929632,1,/apollo/planning,388,0,1784454006936291520,189,0,0,2407194,2407330
202607191739,e2e_trace_v3,25567,17294028383935529575,8556,control,out,83652513849600,1,/apollo/control,0,8555,1784454006936291520,0,72263408870752878,2,2407194,2407330
202607191739,e2e_trace_v3,25570,17294028383935529575,8557,control,in,83652523090752,1,/apollo/planning,388,0,1784454006936291520,189,0,0,2407194,2407318
202607191739,e2e_trace_v3,25579,17294028383935529575,8557,control,out,83652524128960,1,/apollo/control,0,8556,1784454006936291520,0,72263408870752878,2,2407194,2407318
202607191739,e2e_trace_v3,25582,17294028383935529575,8558,control,in,83652532841408,1,/apollo/planning,388,0,1784454006936291520,189,0,0,2407194,2407322
202607191739,e2e_trace_v3,25591,17294028383935529575,8558,control,out,83652533876512,1,/apollo/control,0,8557,1784454006936291520,0,72263408870752878,2,2407194,2407322
202607191739,e2e_trace_v3,25594,17294028383935529575,8559,control,in,83652542927136,1,/apollo/planning,388,0,1784454006936291520,189,0,0,2407194,2407326
202607191739,e2e_trace_v3,25603,17294028383935529575,8559,control,out,83652543900512,1,/apollo/control,0,8558,1784454006936291520,0,72263408870752878,2,2407194,2407326
202607191739,e2e_trace_v3,25606,17294028383935529575,8560,control,in,83652552790560,1,/apollo/planning,388,0,1784454006936291520,189,0,0,2407194,2407330
202607191739,e2e_trace_v3,25615,17294028383935529575,8560,control,out,83652553571200,1,/apollo/control,0,8559,1784454006936291520,0,72263408870752878,2,2407194,2407330
202607191739,e2e_trace_v3,25618,17294028383935529575,8561,control,in,83652563179456,1,/apollo/planning,388,0,1784454006936291520,189,0,0,2407194,2407319
202607191739,e2e_trace_v3,25627,17294028383935529575,8561,control,out,83652564381952,1,/apollo/control,0,8560,1784454006936291520,0,72263408870752878,2,2407194,2407319
202607191739,e2e_trace_v3,25630,17294028383935529575,8562,control,in,83652573291648,1,/apollo/planning,388,0,1784454006936291520,189,0,0,2407194,2407302
202607191739,e2e_trace_v3,25639,17294028383935529575,8562,control,out,83652575118688,1,/apollo/control,0,8561,1784454006936291520,0,72263408870752878,2,2407194,2407302
202607191739,e2e_trace_v3,25642,17294028383935529575,8563,control,in,83652583345440,1,/apollo/planning,388,0,1784454006936291520,189,0,0,2407194,2407300
202607191739,e2e_trace_v3,25651,17294028383935529575,8563,control,out,83652585377504,1,/apollo/control,0,8562,1784454006936291520,0,72263408870752878,2,2407194,2407300
202607191739,e2e_trace_v3,25654,17294028383935529575,8564,control,in,83652593043328,1,/apollo/planning,388,0,1784454006936291520,189,0,0,2407194,2407328
202607191739,e2e_trace_v3,25663,17294028383935529575,8564,control,out,83652594230720,1,/apollo/control,0,8563,1784454006936291520,0,72263408870752878,2,2407194,2407328
202607191739,e2e_trace_v3,25666,17294028383935529575,8565,control,in,83652603009056,1,/apollo/planning,388,0,1784454006936291520,189,0,0,2407194,2407330
202607191739,e2e_trace_v3,25675,17294028383935529575,8565,control,out,83652603915104,1,/apollo/control,0,8564,1784454006936291520,0,72263408870752878,2,2407194,2407330
202607191739,e2e_trace_v3,25678,17294028383935529575,8566,control,in,83652612822368,1,/apollo/planning,388,0,1784454006936291520,189,0,0,2407194,2407300
202607191739,e2e_trace_v3,25687,17294028383935529575,8566,control,out,83652613725152,1,/apollo/control,0,8565,1784454006936291520,0,72263408870752878,2,2407194,2407300
202607191739,e2e_trace_v3,25690,17294028383935529576,8567,control,in,83652623063616,1,/apollo/planning,389,0,1784454007044644295,243,0,0,2407194,2407315
202607191739,e2e_trace_v3,25699,17294028383935529576,8567,control,out,83652624117888,1,/apollo/control,0,8566,1784454007044644295,0,72263408870752879,2,2407194,2407315
202607191739,e2e_trace_v3,25702,17294028383935529576,8568,control,in,83652632826848,1,/apollo/planning,389,0,1784454007044644295,243,0,0,2407194,2407306
202607191739,e2e_trace_v3,25711,17294028383935529576,8568,control,out,83652633709472,1,/apollo/control,0,8567,1784454007044644295,0,72263408870752879,2,2407194,2407306
202607191739,e2e_trace_v3,25714,17294028383935529576,8569,control,in,83652642818784,1,/apollo/planning,389,0,1784454007044644295,243,0,0,2407194,2407326
202607191739,e2e_trace_v3,25723,17294028383935529576,8569,control,out,83652643899712,1,/apollo/control,0,8568,1784454007044644295,0,72263408870752879,2,2407194,2407326
202607191739,e2e_trace_v3,25726,17294028383935529576,8570,control,in,83652652880928,1,/apollo/planning,389,0,1784454007044644295,243,0,0,2407194,2407330
202607191739,e2e_trace_v3,25735,17294028383935529576,8570,control,out,83652653707168,1,/apollo/control,0,8569,1784454007044644295,0,72263408870752879,2,2407194,2407330
202607191739,e2e_trace_v3,25738,17294028383935529576,8571,control,in,83652667650080,1,/apollo/planning,389,0,1784454007044644295,243,0,0,2407194,2407322
202607191739,e2e_trace_v3,25747,17294028383935529576,8571,control,out,83652668845664,1,/apollo/control,0,8570,1784454007044644295,0,72263408870752879,2,2407194,2407322
202607191739,e2e_trace_v3,25750,17294028383935529576,8572,control,in,83652673612224,1,/apollo/planning,389,0,1784454007044644295,243,0,0,2407194,2407311
202607191739,e2e_trace_v3,25759,17294028383935529576,8572,control,out,83652674723872,1,/apollo/control,0,8571,1784454007044644295,0,72263408870752879,2,2407194,2407311
202607191739,e2e_trace_v3,25762,17294028383935529576,8573,control,in,83652683542336,1,/apollo/planning,389,0,1784454007044644295,243,0,0,2407194,2407324
202607191739,e2e_trace_v3,25771,17294028383935529576,8573,control,out,83652684743424,1,/apollo/control,0,8572,1784454007044644295,0,72263408870752879,2,2407194,2407324
202607191739,e2e_trace_v3,25774,17294028383935529576,8574,control,in,83652693595904,1,/apollo/planning,389,0,1784454007044644295,243,0,0,2407194,2407311
202607191739,e2e_trace_v3,25783,17294028383935529576,8574,control,out,83652694872576,1,/apollo/control,0,8573,1784454007044644295,0,72263408870752879,2,2407194,2407311
202607191739,e2e_trace_v3,25786,17294028383935529577,8575,control,in,83652703839936,1,/apollo/planning,390,0,1784454007154026963,247,0,0,2407194,2407319
202607191739,e2e_trace_v3,25795,17294028383935529577,8575,control,out,83652705114080,1,/apollo/control,0,8574,1784454007154026963,0,72263408870752880,2,2407194,2407319
202607191739,e2e_trace_v3,25798,17294028383935529577,8576,control,in,83652715610656,1,/apollo/planning,390,0,1784454007154026963,247,0,0,2407194,2407326
202607191739,e2e_trace_v3,25807,17294028383935529577,8576,control,out,83652716693280,1,/apollo/control,0,8575,1784454007154026963,0,72263408870752880,2,2407194,2407326
202607191739,e2e_trace_v3,25810,17294028383935529577,8577,control,in,83652723460832,1,/apollo/planning,390,0,1784454007154026963,247,0,0,2407194,2407313
202607191739,e2e_trace_v3,25819,17294028383935529577,8577,control,out,83652724565216,1,/apollo/control,0,8576,1784454007154026963,0,72263408870752880,2,2407194,2407313
202607191739,e2e_trace_v3,25822,17294028383935529577,8578,control,in,83652733425728,1,/apollo/planning,390,0,1784454007154026963,247,0,0,2407194,2407318
202607191739,e2e_trace_v3,25831,17294028383935529577,8578,control,out,83652734315040,1,/apollo/control,0,8577,1784454007154026963,0,72263408870752880,2,2407194,2407318
202607191739,e2e_trace_v3,25834,17294028383935529577,8579,control,in,83652743396096,1,/apollo/planning,390,0,1784454007154026963,247,0,0,2407194,2407322
202607191739,e2e_trace_v3,25843,17294028383935529577,8579,control,out,83652744452736,1,/apollo/control,0,8578,1784454007154026963,0,72263408870752880,2,2407194,2407322
202607191739,e2e_trace_v3,25846,17294028383935529577,8580,control,in,83652753309504,1,/apollo/planning,390,0,1784454007154026963,247,0,0,2407194,2407318
202607191739,e2e_trace_v3,25855,17294028383935529577,8580,control,out,83652754148992,1,/apollo/control,0,8579,1784454007154026963,0,72263408870752880,2,2407194,2407318
202607191739,e2e_trace_v3,25858,17294028383935529577,8581,control,in,83652763521792,1,/apollo/planning,390,0,1784454007154026963,247,0,0,2407194,2407313
202607191739,e2e_trace_v3,25867,17294028383935529577,8581,control,out,83652764560832,1,/apollo/control,0,8580,1784454007154026963,0,72263408870752880,2,2407194,2407313
202607191739,e2e_trace_v3,25870,17294028383935529577,8582,control,in,83652773555808,1,/apollo/planning,390,0,1784454007154026963,247,0,0,2407194,2407304
202607191739,e2e_trace_v3,25879,17294028383935529577,8582,control,out,83652774655488,1,/apollo/control,0,8581,1784454007154026963,0,72263408870752880,2,2407194,2407304
202607191739,e2e_trace_v3,25882,17294028383935529577,8583,control,in,83652783533312,1,/apollo/planning,390,0,1784454007154026963,247,0,0,2407194,2407319
202607191739,e2e_trace_v3,25891,17294028383935529577,8583,control,out,83652784605664,1,/apollo/control,0,8582,1784454007154026963,0,72263408870752880,2,2407194,2407319
202607191739,e2e_trace_v3,25894,17294028383935529577,8584,control,in,83652793583776,1,/apollo/planning,390,0,1784454007154026963,247,0,0,2407194,2407322
202607191739,e2e_trace_v3,25903,17294028383935529577,8584,control,out,83652794959712,1,/apollo/control,0,8583,1784454007154026963,0,72263408870752880,2,2407194,2407322
202607191739,e2e_trace_v3,25906,17294028383935529577,8585,control,in,83652803439136,1,/apollo/planning,390,0,1784454007154026963,247,0,0,2407194,2407324
202607191739,e2e_trace_v3,25915,17294028383935529577,8585,control,out,83652804394688,1,/apollo/control,0,8584,1784454007154026963,0,72263408870752880,2,2407194,2407324
202607191739,e2e_trace_v3,25918,17294028383935529578,8586,control,in,83652813645504,1,/apollo/planning,391,0,1784454007261593463,252,0,0,2407194,2407330
202607191739,e2e_trace_v3,25927,17294028383935529578,8586,control,out,83652814600192,1,/apollo/control,0,8585,1784454007261593463,0,72263408870752881,2,2407194,2407330
202607191739,e2e_trace_v3,25930,17294028383935529578,8587,control,in,83652823410464,1,/apollo/planning,391,0,1784454007261593463,252,0,0,2407194,2407304
202607191739,e2e_trace_v3,25939,17294028383935529578,8587,control,out,83652824393568,1,/apollo/control,0,8586,1784454007261593463,0,72263408870752881,2,2407194,2407304
202607191739,e2e_trace_v3,25942,17294028383935529578,8588,control,in,83652833361536,1,/apollo/planning,391,0,1784454007261593463,252,0,0,2407194,2407319
202607191739,e2e_trace_v3,25951,17294028383935529578,8588,control,out,83652834269952,1,/apollo/control,0,8587,1784454007261593463,0,72263408870752881,2,2407194,2407319
202607191739,e2e_trace_v3,25954,17294028383935529578,8589,control,in,83652843397632,1,/apollo/planning,391,0,1784454007261593463,252,0,0,2407194,2407313
202607191739,e2e_trace_v3,25963,17294028383935529578,8589,control,out,83652844437536,1,/apollo/control,0,8588,1784454007261593463,0,72263408870752881,2,2407194,2407313
202607191739,e2e_trace_v3,25966,17294028383935529578,8590,control,in,83652853419008,1,/apollo/planning,391,0,1784454007261593463,252,0,0,2407194,2407306
202607191739,e2e_trace_v3,25975,17294028383935529578,8590,control,out,83652854236672,1,/apollo/control,0,8589,1784454007261593463,0,72263408870752881,2,2407194,2407306
202607191739,e2e_trace_v3,25978,17294028383935529578,8591,control,in,83652863533280,1,/apollo/planning,391,0,1784454007261593463,252,0,0,2407194,2407324
202607191739,e2e_trace_v3,25987,17294028383935529578,8591,control,out,83652864570688,1,/apollo/control,0,8590,1784454007261593463,0,72263408870752881,2,2407194,2407324
202607191739,e2e_trace_v3,25990,17294028383935529578,8592,control,in,83652873445152,1,/apollo/planning,391,0,1784454007261593463,252,0,0,2407194,2407302
202607191739,e2e_trace_v3,25999,17294028383935529578,8592,control,out,83652874533504,1,/apollo/control,0,8591,1784454007261593463,0,72263408870752881,2,2407194,2407302
202607191739,e2e_trace_v3,26002,17294028383935529578,8593,control,in,83652883466560,1,/apollo/planning,391,0,1784454007261593463,252,0,0,2407194,2407322
202607191739,e2e_trace_v3,26011,17294028383935529578,8593,control,out,83652884671264,1,/apollo/control,0,8592,1784454007261593463,0,72263408870752881,2,2407194,2407322
202607191739,e2e_trace_v3,26014,17294028383935529578,8594,control,in,83652893534368,1,/apollo/planning,391,0,1784454007261593463,252,0,0,2407194,2407304
202607191739,e2e_trace_v3,26023,17294028383935529578,8594,control,out,83652894636864,1,/apollo/control,0,8593,1784454007261593463,0,72263408870752881,2,2407194,2407304
202607191739,e2e_trace_v3,26026,17294028383935529578,8595,control,in,83652903538624,1,/apollo/planning,391,0,1784454007261593463,252,0,0,2407194,2407318
202607191739,e2e_trace_v3,26035,17294028383935529578,8595,control,out,83652904755744,1,/apollo/control,0,8594,1784454007261593463,0,72263408870752881,2,2407194,2407318
202607191739,e2e_trace_v3,26038,17294028383935529578,8596,control,in,83652913466496,1,/apollo/planning,391,0,1784454007261593463,252,0,0,2407194,2407309
202607191739,e2e_trace_v3,26047,17294028383935529578,8596,control,out,83652914650240,1,/apollo/control,0,8595,1784454007261593463,0,72263408870752881,2,2407194,2407309
202607191739,e2e_trace_v3,26050,17294028383935529579,8597,control,in,83652924053504,1,/apollo/planning,392,0,1784454007365764358,256,0,0,2407194,2407315
202607191739,e2e_trace_v3,26059,17294028383935529579,8597,control,out,83652925360000,1,/apollo/control,0,8596,1784454007365764358,0,72263408870752882,2,2407194,2407315
202607191739,e2e_trace_v3,26062,17294028383935529579,8598,control,in,83652933514560,1,/apollo/planning,392,0,1784454007365764358,256,0,0,2407194,2407313
202607191739,e2e_trace_v3,26071,17294028383935529579,8598,control,out,83652934742208,1,/apollo/control,0,8597,1784454007365764358,0,72263408870752882,2,2407194,2407313
202607191739,e2e_trace_v3,26074,17294028383935529579,8599,control,in,83652943449376,1,/apollo/planning,392,0,1784454007365764358,256,0,0,2407194,2407300
202607191739,e2e_trace_v3,26083,17294028383935529579,8599,control,out,83652944843392,1,/apollo/control,0,8598,1784454007365764358,0,72263408870752882,2,2407194,2407300
202607191739,e2e_trace_v3,26086,17294028383935529579,8600,control,in,83652953477376,1,/apollo/planning,392,0,1784454007365764358,256,0,0,2407194,2407322
202607191739,e2e_trace_v3,26095,17294028383935529579,8600,control,out,83652954734400,1,/apollo/control,0,8599,1784454007365764358,0,72263408870752882,2,2407194,2407322
202607191739,e2e_trace_v3,26098,17294028383935529579,8601,control,in,83652963485536,1,/apollo/planning,392,0,1784454007365764358,256,0,0,2407194,2407326
202607191739,e2e_trace_v3,26107,17294028383935529579,8601,control,out,83652964577472,1,/apollo/control,0,8600,1784454007365764358,0,72263408870752882,2,2407194,2407326
202607191739,e2e_trace_v3,26110,17294028383935529579,8602,control,in,83652973604288,1,/apollo/planning,392,0,1784454007365764358,256,0,0,2407194,2407306
202607191739,e2e_trace_v3,26119,17294028383935529579,8602,control,out,83652974899008,1,/apollo/control,0,8601,1784454007365764358,0,72263408870752882,2,2407194,2407306
202607191739,e2e_trace_v3,26122,17294028383935529579,8603,control,in,83652983517472,1,/apollo/planning,392,0,1784454007365764358,256,0,0,2407194,2407318
202607191739,e2e_trace_v3,26131,17294028383935529579,8603,control,out,83652984804928,1,/apollo/control,0,8602,1784454007365764358,0,72263408870752882,2,2407194,2407318
202607191739,e2e_trace_v3,26134,17294028383935529579,8604,control,in,83652993480000,1,/apollo/planning,392,0,1784454007365764358,256,0,0,2407194,2407319
202607191739,e2e_trace_v3,26143,17294028383935529579,8604,control,out,83652994589088,1,/apollo/control,0,8603,1784454007365764358,0,72263408870752882,2,2407194,2407319
202607191739,e2e_trace_v3,26146,17294028383935529579,8605,control,in,83653003539392,1,/apollo/planning,392,0,1784454007365764358,256,0,0,2407194,2407311
202607191739,e2e_trace_v3,26155,17294028383935529579,8605,control,out,83653004542080,1,/apollo/control,0,8604,1784454007365764358,0,72263408870752882,2,2407194,2407311
202607191739,e2e_trace_v3,26158,17294028383935529579,8606,control,in,83653013698560,1,/apollo/planning,392,0,1784454007365764358,256,0,0,2407194,2407326
202607191739,e2e_trace_v3,26167,17294028383935529579,8606,control,out,83653015442848,1,/apollo/control,0,8605,1784454007365764358,0,72263408870752882,2,2407194,2407326
202607191739,e2e_trace_v3,26170,17294028383935529579,8607,control,in,83653023446624,1,/apollo/planning,392,0,1784454007365764358,256,0,0,2407194,2407313
202607191739,e2e_trace_v3,26179,17294028383935529579,8607,control,out,83653024425600,1,/apollo/control,0,8606,1784454007365764358,0,72263408870752882,2,2407194,2407313
202607191739,e2e_trace_v3,26182,17294028383935529579,8608,control,in,83653033546944,1,/apollo/planning,392,0,1784454007365764358,256,0,0,2407194,2407302
202607191739,e2e_trace_v3,26191,17294028383935529579,8608,control,out,83653034852896,1,/apollo/control,0,8607,1784454007365764358,0,72263408870752882,2,2407194,2407302
202607191739,e2e_trace_v3,26194,17294028383935529579,8609,control,in,83653043493312,1,/apollo/planning,392,0,1784454007365764358,256,0,0,2407194,2407311
202607191739,e2e_trace_v3,26203,17294028383935529579,8609,control,out,83653044606080,1,/apollo/control,0,8608,1784454007365764358,0,72263408870752882,2,2407194,2407311
202607191739,e2e_trace_v3,26206,17294028383935529579,8610,control,in,83653053473600,1,/apollo/planning,392,0,1784454007365764358,256,0,0,2407194,2407300
202607191739,e2e_trace_v3,26215,17294028383935529579,8610,control,out,83653054664864,1,/apollo/control,0,8609,1784454007365764358,0,72263408870752882,2,2407194,2407300
202607191739,e2e_trace_v3,26218,17294028383935529579,8611,control,in,83653063523680,1,/apollo/planning,392,0,1784454007365764358,256,0,0,2407194,2407309
202607191739,e2e_trace_v3,26227,17294028383935529579,8611,control,out,83653064490048,1,/apollo/control,0,8610,1784454007365764358,0,72263408870752882,2,2407194,2407309
202607191739,e2e_trace_v3,26230,17294028383935529579,8612,control,in,83653073564576,1,/apollo/planning,392,0,1784454007365764358,256,0,0,2407194,2407306
202607191739,e2e_trace_v3,26239,17294028383935529579,8612,control,out,83653074617408,1,/apollo/control,0,8611,1784454007365764358,0,72263408870752882,2,2407194,2407306
