run_id,schema_version,event_id,trace_id,proc_id,module,edge,mono_ns,trace_valid,channel,input_seq,output_seq,data_ts_ns,object_count,primary_parent_trace_id,parent_trace_count,pid,tid
202607271211,e2e_trace_v3,5,72331600066511814,0,perception.multi_sensor_fusion,in,6307566209248,1,/perception/fusion/input/velodyne64,0,0,1785125487980835147,0,0,0,719157,719323
202607271211,e2e_trace_v3,6,17294096575131288474,0,perception.multi_sensor_fusion,out,6307567117312,1,/apollo/perception/obstacles,0,966,1785125487980835147,0,72331600066511814,2,719157,719323
202607271211,e2e_trace_v3,23,72331600066511815,0,perception.multi_sensor_fusion,in,6307677021504,1,/perception/fusion/input/velodyne64,0,0,1785125488080714775,0,0,0,719157,719330
202607271211,e2e_trace_v3,24,17294096575131288475,0,perception.multi_sensor_fusion,out,6307677864736,1,/apollo/perception/obstacles,0,967,1785125488080714775,0,72331600066511815,2,719157,719330
202607271211,e2e_trace_v3,29,216446788142367616,0,perception.multi_sensor_fusion,in,6307703952512,1,/perception/fusion/input/radar_front,0,0,0,0,0,0,719157,719328
202607271211,e2e_trace_v3,42,72331600066511816,0,perception.multi_sensor_fusion,in,6307774923456,1,/perception/fusion/input/velodyne64,0,0,1785125488180789571,0,0,0,719157,719329
202607271211,e2e_trace_v3,43,17294096575131288476,0,perception.multi_sensor_fusion,out,6307775816640,1,/apollo/perception/obstacles,0,968,1785125488180789571,0,72331600066511816,2,719157,719329
202607271211,e2e_trace_v3,47,216446788142367617,0,perception.multi_sensor_fusion,in,6307783716896,1,/perception/fusion/input/radar_front,0,0,0,0,0,0,719157,719312
202607271211,e2e_trace_v3,54,72331600066511817,0,perception.multi_sensor_fusion,in,6307868445824,1,/perception/fusion/input/velodyne64,0,0,1785125488280381112,0,0,0,719157,719323
202607271211,e2e_trace_v3,55,17294096575131288477,0,perception.multi_sensor_fusion,out,6307869279968,1,/apollo/perception/obstacles,0,969,1785125488280381112,0,72331600066511817,2,719157,719323
202607271211,e2e_trace_v3,64,216446788142367618,0,perception.multi_sensor_fusion,in,6307883732000,1,/perception/fusion/input/radar_front,0,0,0,0,0,0,719157,719332
202607271211,e2e_trace_v3,76,72331600066511818,0,perception.multi_sensor_fusion,in,6307974365824,1,/perception/fusion/input/velodyne64,0,0,1785125488380244340,0,0,0,719157,719332
202607271211,e2e_trace_v3,77,17294096575131288478,0,perception.multi_sensor_fusion,out,6307975325568,1,/apollo/perception/obstacles,0,970,1785125488380244340,0,72331600066511818,2,719157,719332
202607271211,e2e_trace_v3,81,216446788142367619,0,perception.multi_sensor_fusion,in,6307983707328,1,/perception/fusion/input/radar_front,0,0,0,0,0,0,719157,719333
202607271211,e2e_trace_v3,92,72331600066511819,0,perception.multi_sensor_fusion,in,6308073665216,1,/perception/fusion/input/velodyne64,0,0,1785125488480438806,0,0,0,719157,719325
202607271211,e2e_trace_v3,94,17294096575131288479,0,perception.multi_sensor_fusion,out,6308074418048,1,/apollo/perception/obstacles,0,971,1785125488480438806,0,72331600066511819,2,719157,719325
202607271211,e2e_trace_v3,98,216446788142367620,0,perception.multi_sensor_fusion,in,6308086458464,1,/perception/fusion/input/radar_front,0,0,0,0,0,0,719157,719322
202607271211,e2e_trace_v3,110,72331600066511820,0,perception.multi_sensor_fusion,in,6308177725056,1,/perception/fusion/input/velodyne64,0,0,1785125488580362945,0,0,0,719157,719322
202607271211,e2e_trace_v3,111,17294096575131288480,0,perception.multi_sensor_fusion,out,6308178496192,1,/apollo/perception/obstacles,0,972,1785125488580362945,0,72331600066511820,2,719157,719322
202607271211,e2e_trace_v3,113,216446788142367621,0,perception.multi_sensor_fusion,in,6308185201184,1,/perception/fusion/input/radar_front,0,0,0,0,0,0,719157,719313
202607271211,e2e_trace_v3,124,216446788142367622,0,perception.multi_sensor_fusion,in,6308284117152,1,/perception/fusion/input/radar_front,0,0,0,0,0,0,719157,719324
202607271211,e2e_trace_v3,131,72331600066511821,0,perception.multi_sensor_fusion,in,6308285017952,1,/perception/fusion/input/velodyne64,0,0,1785125488680559063,0,0,0,719157,719311
202607271211,e2e_trace_v3,132,17294096575131288481,0,perception.multi_sensor_fusion,out,6308285906560,1,/apollo/perception/obstacles,0,973,1785125488680559063,0,72331600066511821,2,719157,719311
202607271211,e2e_trace_v3,139,72331600066511822,0,perception.multi_sensor_fusion,in,6308375987584,1,/perception/fusion/input/velodyne64,0,0,1785125488780963278,0,0,0,719157,719324
202607271211,e2e_trace_v3,140,17294096575131288482,0,perception.multi_sensor_fusion,out,6308376924032,1,/apollo/perception/obstacles,0,974,1785125488780963278,0,72331600066511822,2,719157,719324
202607271211,e2e_trace_v3,157,72331600066511823,0,perception.multi_sensor_fusion,in,6308479471584,1,/perception/fusion/input/velodyne64,0,0,1785125488880223894,0,0,0,719157,719312
202607271211,e2e_trace_v3,158,17294096575131288483,0,perception.multi_sensor_fusion,out,6308480164576,1,/apollo/perception/obstacles,0,975,1785125488880223894,0,72331600066511823,2,719157,719312
202607271211,e2e_trace_v3,163,216446788142367623,0,perception.multi_sensor_fusion,in,6308497040832,1,/perception/fusion/input/radar_front,0,0,0,0,0,0,719157,719322
202607271211,e2e_trace_v3,175,72331600066511824,0,perception.multi_sensor_fusion,in,6308573684544,1,/perception/fusion/input/velodyne64,0,0,1785125488980871282,0,0,0,719157,719330
202607271211,e2e_trace_v3,176,17294096575131288484,0,perception.multi_sensor_fusion,out,6308574799968,1,/apollo/perception/obstacles,0,976,1785125488980871282,0,72331600066511824,2,719157,719330
202607271211,e2e_trace_v3,180,216446788142367624,0,perception.multi_sensor_fusion,in,6308585296480,1,/perception/fusion/input/radar_front,0,0,0,0,0,0,719157,719334
202607271211,e2e_trace_v3,191,72331600066511825,0,perception.multi_sensor_fusion,in,6308669810496,1,/perception/fusion/input/velodyne64,0,0,1785125489080866724,0,0,0,719157,719311
202607271211,e2e_trace_v3,192,17294096575131288485,0,perception.multi_sensor_fusion,out,6308670609920,1,/apollo/perception/obstacles,0,977,1785125489080866724,0,72331600066511825,2,719157,719311
202607271211,e2e_trace_v3,197,216446788142367625,0,perception.multi_sensor_fusion,in,6308684129728,1,/perception/fusion/input/radar_front,0,0,0,0,0,0,719157,719328
202607271211,e2e_trace_v3,209,72331600066511826,0,perception.multi_sensor_fusion,in,6308773815104,1,/perception/fusion/input/velodyne64,0,0,1785125489180443265,0,0,0,719157,719328
202607271211,e2e_trace_v3,210,17294096575131288486,0,perception.multi_sensor_fusion,out,6308774632064,1,/apollo/perception/obstacles,0,978,1785125489180443265,0,72331600066511826,2,719157,719328
202607271211,e2e_trace_v3,214,216446788142367626,0,perception.multi_sensor_fusion,in,6308784542144,1,/perception/fusion/input/radar_front,0,0,0,0,0,0,719157,719331
202607271211,e2e_trace_v3,222,72331600066511827,0,perception.multi_sensor_fusion,in,6308872724576,1,/perception/fusion/input/velodyne64,0,0,1785125489280346784,0,0,0,719157,719334
202607271211,e2e_trace_v3,225,17294096575131288487,0,perception.multi_sensor_fusion,out,6308873486304,1,/apollo/perception/obstacles,0,979,1785125489280346784,0,72331600066511827,2,719157,719334
202607271211,e2e_trace_v3,229,216446788142367627,0,perception.multi_sensor_fusion,in,6308885251392,1,/perception/fusion/input/radar_front,0,0,0,0,0,0,719157,719332
202607271211,e2e_trace_v3,242,72331600066511828,0,perception.multi_sensor_fusion,in,6308981189856,1,/perception/fusion/input/velodyne64,0,0,1785125489380588263,0,0,0,719157,719311
202607271211,e2e_trace_v3,243,17294096575131288488,0,perception.multi_sensor_fusion,out,6308981908672,1,/apollo/perception/obstacles,0,980,1785125489380588263,0,72331600066511828,2,719157,719311
202607271211,e2e_trace_v3,255,72331600066511829,0,perception.multi_sensor_fusion,in,6309079938720,1,/perception/fusion/input/velodyne64,0,0,1785125489480891888,0,0,0,719157,719332
202607271211,e2e_trace_v3,256,17294096575131288489,0,perception.multi_sensor_fusion,out,6309080743200,1,/apollo/perception/obstacles,0,981,1785125489480891888,0,72331600066511829,2,719157,719332
202607271211,e2e_trace_v3,262,216446788142367628,0,perception.multi_sensor_fusion,in,6309106713312,1,/perception/fusion/input/radar_front,0,0,0,0,0,0,719157,719312
202607271211,e2e_trace_v3,270,216446788142367629,0,perception.multi_sensor_fusion,in,6309184755072,1,/perception/fusion/input/radar_front,0,0,0,0,0,0,719157,719334
202607271211,e2e_trace_v3,278,72331600066511830,0,perception.multi_sensor_fusion,in,6309186188928,1,/perception/fusion/input/velodyne64,0,0,1785125489580377995,0,0,0,719157,719311
202607271211,e2e_trace_v3,279,17294096575131288490,0,perception.multi_sensor_fusion,out,6309187137184,1,/apollo/perception/obstacles,0,982,1785125489580377995,0,72331600066511830,2,719157,719311
202607271211,e2e_trace_v3,291,72331600066511831,0,perception.multi_sensor_fusion,in,6309279143936,1,/perception/fusion/input/velodyne64,0,0,1785125489680439631,0,0,0,719157,719323
202607271211,e2e_trace_v3,292,17294096575131288491,0,perception.multi_sensor_fusion,out,6309280151616,1,/apollo/perception/obstacles,0,983,1785125489680439631,0,72331600066511831,2,719157,719323
202607271211,e2e_trace_v3,294,216446788142367630,0,perception.multi_sensor_fusion,in,6309284827232,1,/perception/fusion/input/radar_front,0,0,0,0,0,0,719157,719326
202607271211,e2e_trace_v3,308,72331600066511832,0,perception.multi_sensor_fusion,in,6309380874656,1,/perception/fusion/input/velodyne64,0,0,1785125489780766071,0,0,0,719157,719312
202607271211,e2e_trace_v3,309,17294096575131288492,0,perception.multi_sensor_fusion,out,6309381870592,1,/apollo/perception/obstacles,0,984,1785125489780766071,0,72331600066511832,2,719157,719312
202607271211,e2e_trace_v3,311,216446788142367631,0,perception.multi_sensor_fusion,in,6309385323616,1,/perception/fusion/input/radar_front,0,0,0,0,0,0,719157,719327
202607271211,e2e_trace_v3,321,216446788142367632,0,perception.multi_sensor_fusion,in,6309484968032,1,/perception/fusion/input/radar_front,0,0,0,0,0,0,719157,719313
202607271211,e2e_trace_v3,329,72331600066511833,0,perception.multi_sensor_fusion,in,6309492199328,1,/perception/fusion/input/velodyne64,0,0,1785125489880929583,0,0,0,719157,719325
202607271211,e2e_trace_v3,330,17294096575131288493,0,perception.multi_sensor_fusion,out,6309493053632,1,/apollo/perception/obstacles,0,985,1785125489880929583,0,72331600066511833,2,719157,719325
202607271211,e2e_trace_v3,344,72331600066511834,0,perception.multi_sensor_fusion,in,6309583047168,1,/perception/fusion/input/velodyne64,0,0,1785125489980439023,0,0,0,719157,719329
202607271211,e2e_trace_v3,345,17294096575131288494,0,perception.multi_sensor_fusion,out,6309583858400,1,/apollo/perception/obstacles,0,986,1785125489980439023,0,72331600066511834,2,719157,719329
202607271211,e2e_trace_v3,347,216446788142367633,0,perception.multi_sensor_fusion,in,6309584604000,1,/perception/fusion/input/radar_front,0,0,0,0,0,0,719157,719322
202607271211,e2e_trace_v3,355,72331600066511835,0,perception.multi_sensor_fusion,in,6309674991264,1,/perception/fusion/input/velodyne64,0,0,1785125490080459951,0,0,0,719157,719329
202607271211,e2e_trace_v3,356,17294096575131288495,0,perception.multi_sensor_fusion,out,6309676007872,1,/apollo/perception/obstacles,0,987,1785125490080459951,0,72331600066511835,2,719157,719329
202607271211,e2e_trace_v3,362,216446788142367634,0,perception.multi_sensor_fusion,in,6309685524032,1,/perception/fusion/input/radar_front,0,0,0,0,0,0,719157,719313
202607271211,e2e_trace_v3,376,72331600066511836,0,perception.multi_sensor_fusion,in,6309783722912,1,/perception/fusion/input/velodyne64,0,0,1785125490180479196,0,0,0,719157,719322
202607271211,e2e_trace_v3,378,17294096575131288496,0,perception.multi_sensor_fusion,out,6309784578016,1,/apollo/perception/obstacles,0,988,1785125490180479196,0,72331600066511836,2,719157,719322
202607271211,e2e_trace_v3,380,216446788142367635,0,perception.multi_sensor_fusion,in,6309784833408,1,/perception/fusion/input/radar_front,0,0,0,0,0,0,719157,719322
202607271211,e2e_trace_v3,393,72331600066511837,0,perception.multi_sensor_fusion,in,6309880435456,1,/perception/fusion/input/velodyne64,0,0,1785125490280410708,0,0,0,719157,719325
202607271211,e2e_trace_v3,394,17294096575131288497,0,perception.multi_sensor_fusion,out,6309881358528,1,/apollo/perception/obstacles,0,989,1785125490280410708,0,72331600066511837,2,719157,719325
202607271211,e2e_trace_v3,396,216446788142367636,0,perception.multi_sensor_fusion,in,6309885699872,1,/perception/fusion/input/radar_front,0,0,0,0,0,0,719157,719311
202607271211,e2e_trace_v3,409,72331600066511838,0,perception.multi_sensor_fusion,in,6309982597344,1,/perception/fusion/input/velodyne64,0,0,1785125490380472811,0,0,0,719157,719313
202607271211,e2e_trace_v3,410,17294096575131288498,0,perception.multi_sensor_fusion,out,6309983367264,1,/apollo/perception/obstacles,0,990,1785125490380472811,0,72331600066511838,2,719157,719313
202607271211,e2e_trace_v3,424,72331600066511839,0,perception.multi_sensor_fusion,in,6310084282144,1,/perception/fusion/input/velodyne64,0,0,1785125490480240240,0,0,0,719157,719331
202607271211,e2e_trace_v3,425,17294096575131288499,0,perception.multi_sensor_fusion,out,6310085029504,1,/apollo/perception/obstacles,0,991,1785125490480240240,0,72331600066511839,2,719157,719331
202607271211,e2e_trace_v3,428,216446788142367637,0,perception.multi_sensor_fusion,in,6310095172064,1,/perception/fusion/input/radar_front,0,0,0,0,0,0,719157,719330
202607271211,e2e_trace_v3,438,216446788142367638,0,perception.multi_sensor_fusion,in,6310184215456,1,/perception/fusion/input/radar_front,0,0,0,0,0,0,719157,719323
202607271211,e2e_trace_v3,445,72331600066511840,0,perception.multi_sensor_fusion,in,6310189220800,1,/perception/fusion/input/velodyne64,0,0,1785125490580255622,0,0,0,719157,719311
202607271211,e2e_trace_v3,446,17294096575131288500,0,perception.multi_sensor_fusion,out,6310189990144,1,/apollo/perception/obstacles,0,992,1785125490580255622,0,72331600066511840,2,719157,719311
202607271211,e2e_trace_v3,457,72331600066511841,0,perception.multi_sensor_fusion,in,6310279717600,1,/perception/fusion/input/velodyne64,0,0,1785125490680357956,0,0,0,719157,719311
202607271211,e2e_trace_v3,459,17294096575131288501,0,perception.multi_sensor_fusion,out,6310280702976,1,/apollo/perception/obstacles,0,993,1785125490680357956,0,72331600066511841,2,719157,719311
202607271211,e2e_trace_v3,461,216446788142367639,0,perception.multi_sensor_fusion,in,6310285031168,1,/perception/fusion/input/radar_front,0,0,0,0,0,0,719157,719325
202607271211,e2e_trace_v3,471,216446788142367640,0,perception.multi_sensor_fusion,in,6310384790880,1,/perception/fusion/input/radar_front,0,0,0,0,0,0,719157,719324
202607271211,e2e_trace_v3,477,72331600066511842,0,perception.multi_sensor_fusion,in,6310387468928,1,/perception/fusion/input/velodyne64,0,0,1785125490780543762,0,0,0,719157,719334
202607271211,e2e_trace_v3,478,17294096575131288502,0,perception.multi_sensor_fusion,out,6310388506560,1,/apollo/perception/obstacles,0,994,1785125490780543762,0,72331600066511842,2,719157,719334
202607271211,e2e_trace_v3,488,216446788142367641,0,perception.multi_sensor_fusion,in,6310484583232,1,/perception/fusion/input/radar_front,0,0,0,0,0,0,719157,719330
202607271211,e2e_trace_v3,496,72331600066511843,0,perception.multi_sensor_fusion,in,6310489464160,1,/perception/fusion/input/velodyne64,0,0,1785125490880735755,0,0,0,719157,719333
202607271211,e2e_trace_v3,497,17294096575131288503,0,perception.multi_sensor_fusion,out,6310490575456,1,/apollo/perception/obstacles,0,995,1785125490880735755,0,72331600066511843,2,719157,719333
202607271211,e2e_trace_v3,509,72331600066511844,0,perception.multi_sensor_fusion,in,6310581138144,1,/perception/fusion/input/velodyne64,0,0,1785125490980753908,0,0,0,719157,719333
202607271211,e2e_trace_v3,511,17294096575131288504,0,perception.multi_sensor_fusion,out,6310581850464,1,/apollo/perception/obstacles,0,996,1785125490980753908,0,72331600066511844,2,719157,719333
202607271211,e2e_trace_v3,513,216446788142367642,0,perception.multi_sensor_fusion,in,6310587323936,1,/perception/fusion/input/radar_front,0,0,0,0,0,0,719157,719326
202607271211,e2e_trace_v3,524,72331600066511845,0,perception.multi_sensor_fusion,in,6310674597088,1,/perception/fusion/input/velodyne64,0,0,1785125491080315345,0,0,0,719157,719311
202607271211,e2e_trace_v3,525,17294096575131288505,0,perception.multi_sensor_fusion,out,6310675640608,1,/apollo/perception/obstacles,0,997,1785125491080315345,0,72331600066511845,2,719157,719311
202607271211,e2e_trace_v3,529,216446788142367643,0,perception.multi_sensor_fusion,in,6310684266944,1,/perception/fusion/input/radar_front,0,0,0,0,0,0,719157,719328
202607271211,e2e_trace_v3,542,72331600066511846,0,perception.multi_sensor_fusion,in,6310787581056,1,/perception/fusion/input/velodyne64,0,0,1785125491180403409,0,0,0,719157,719332
202607271211,e2e_trace_v3,543,17294096575131288506,0,perception.multi_sensor_fusion,out,6310788388096,1,/apollo/perception/obstacles,0,998,1785125491180403409,0,72331600066511846,2,719157,719332
202607271211,e2e_trace_v3,559,72331600066511847,0,perception.multi_sensor_fusion,in,6310885340256,1,/perception/fusion/input/velodyne64,0,0,1785125491280612593,0,0,0,719157,719325
202607271211,e2e_trace_v3,560,17294096575131288507,0,perception.multi_sensor_fusion,out,6310886209920,1,/apollo/perception/obstacles,0,999,1785125491280612593,0,72331600066511847,1,719157,719325
202607271211,e2e_trace_v3,561,216446788142367644,0,perception.multi_sensor_fusion,in,6310895609728,1,/perception/fusion/input/radar_front,0,0,0,0,0,0,719157,719326
202607271211,e2e_trace_v3,571,72331600066511848,0,perception.multi_sensor_fusion,in,6310977408224,1,/perception/fusion/input/velodyne64,0,0,1785125491380860598,0,0,0,719157,719325
202607271211,e2e_trace_v3,572,17294096575131288508,0,perception.multi_sensor_fusion,out,6310978320832,1,/apollo/perception/obstacles,0,1000,1785125491380860598,0,72331600066511848,2,719157,719325
202607271211,e2e_trace_v3,588,72331600066511849,0,perception.multi_sensor_fusion,in,6311084369664,1,/perception/fusion/input/velodyne64,0,0,1785125491480696368,0,0,0,719157,719329
202607271211,e2e_trace_v3,591,17294096575131288509,0,perception.multi_sensor_fusion,out,6311085246528,1,/apollo/perception/obstacles,0,1001,1785125491480696368,0,72331600066511849,2,719157,719329
202607271211,e2e_trace_v3,593,216446788142367645,0,perception.multi_sensor_fusion,in,6311095136672,1,/perception/fusion/input/radar_front,0,0,0,0,0,0,719157,719323
202607271211,e2e_trace_v3,605,72331600066511850,0,perception.multi_sensor_fusion,in,6311178975360,1,/perception/fusion/input/velodyne64,0,0,1785125491580559214,0,0,0,719157,719334
202607271211,e2e_trace_v3,606,17294096575131288510,0,perception.multi_sensor_fusion,out,6311179625888,1,/apollo/perception/obstacles,0,1002,1785125491580559214,0,72331600066511850,2,719157,719334
202607271211,e2e_trace_v3,608,216446788142367646,0,perception.multi_sensor_fusion,in,6311185049376,1,/perception/fusion/input/radar_front,0,0,0,0,0,0,719157,719327
202607271211,e2e_trace_v3,622,72331600066511851,0,perception.multi_sensor_fusion,in,6311281061088,1,/perception/fusion/input/velodyne64,0,0,1785125491680535072,0,0,0,719157,719333
202607271211,e2e_trace_v3,623,17294096575131288511,0,perception.multi_sensor_fusion,out,6311281866144,1,/apollo/perception/obstacles,0,1003,1785125491680535072,0,72331600066511851,2,719157,719333
202607271211,e2e_trace_v3,625,216446788142367647,0,perception.multi_sensor_fusion,in,6311284855936,1,/perception/fusion/input/radar_front,0,0,0,0,0,0,719157,719328
202607271211,e2e_trace_v3,639,72331600066511852,0,perception.multi_sensor_fusion,in,6311377421184,1,/perception/fusion/input/velodyne64,0,0,1785125491780762825,0,0,0,719157,719325
202607271211,e2e_trace_v3,640,17294096575131288512,0,perception.multi_sensor_fusion,out,6311378406368,1,/apollo/perception/obstacles,0,1004,1785125491780762825,0,72331600066511852,2,719157,719325
202607271211,e2e_trace_v3,642,216446788142367648,0,perception.multi_sensor_fusion,in,6311384709536,1,/perception/fusion/input/radar_front,0,0,0,0,0,0,719157,719313
202607271211,e2e_trace_v3,653,216446788142367649,0,perception.multi_sensor_fusion,in,6311484685024,1,/perception/fusion/input/radar_front,0,0,0,0,0,0,719157,719313
202607271211,e2e_trace_v3,660,72331600066511853,0,perception.multi_sensor_fusion,in,6311487832288,1,/perception/fusion/input/velodyne64,0,0,1785125491880296878,0,0,0,719157,719329
202607271211,e2e_trace_v3,661,17294096575131288513,0,perception.multi_sensor_fusion,out,6311488839008,1,/apollo/perception/obstacles,0,1005,1785125491880296878,0,72331600066511853,2,719157,719329
202607271211,e2e_trace_v3,673,72331600066511854,0,perception.multi_sensor_fusion,in,6311578647840,1,/perception/fusion/input/velodyne64,0,0,1785125491980677249,0,0,0,719157,719312
202607271211,e2e_trace_v3,674,17294096575131288514,0,perception.multi_sensor_fusion,out,6311579383008,1,/apollo/perception/obstacles,0,1006,1785125491980677249,0,72331600066511854,2,719157,719312
202607271211,e2e_trace_v3,678,216446788142367650,0,perception.multi_sensor_fusion,in,6311585253408,1,/perception/fusion/input/radar_front,0,0,0,0,0,0,719157,719328
202607271211,e2e_trace_v3,690,72331600066511855,0,perception.multi_sensor_fusion,in,6311674490144,1,/perception/fusion/input/velodyne64,0,0,1785125492080251089,0,0,0,719157,719328
202607271211,e2e_trace_v3,691,17294096575131288515,0,perception.multi_sensor_fusion,out,6311675357824,1,/apollo/perception/obstacles,0,1007,1785125492080251089,0,72331600066511855,2,719157,719328
202607271211,e2e_trace_v3,695,216446788142367651,0,perception.multi_sensor_fusion,in,6311684755936,1,/perception/fusion/input/radar_front,0,0,0,0,0,0,719157,719327
202607271211,e2e_trace_v3,705,72331600066511856,0,perception.multi_sensor_fusion,in,6311773097056,1,/perception/fusion/input/velodyne64,0,0,1785125492180514349,0,0,0,719157,719323
202607271211,e2e_trace_v3,706,17294096575131288516,0,perception.multi_sensor_fusion,out,6311773926656,1,/apollo/perception/obstacles,0,1008,1785125492180514349,0,72331600066511856,2,719157,719323
202607271211,e2e_trace_v3,712,216446788142367652,0,perception.multi_sensor_fusion,in,6311784801920,1,/perception/fusion/input/radar_front,0,0,0,0,0,0,719157,719325
202607271211,e2e_trace_v3,724,72331600066511857,0,perception.multi_sensor_fusion,in,6311874979232,1,/perception/fusion/input/velodyne64,0,0,1785125492280601298,0,0,0,719157,719325
202607271211,e2e_trace_v3,725,17294096575131288517,0,perception.multi_sensor_fusion,out,6311875766304,1,/apollo/perception/obstacles,0,1009,1785125492280601298,0,72331600066511857,2,719157,719325
202607271211,e2e_trace_v3,729,216446788142367653,0,perception.multi_sensor_fusion,in,6311884860672,1,/perception/fusion/input/radar_front,0,0,0,0,0,0,719157,719329
202607271211,e2e_trace_v3,741,72331600066511858,0,perception.multi_sensor_fusion,in,6311974687744,1,/perception/fusion/input/velodyne64,0,0,1785125492381023203,0,0,0,719157,719326
202607271211,e2e_trace_v3,742,17294096575131288518,0,perception.multi_sensor_fusion,out,6311975434112,1,/apollo/perception/obstacles,0,1010,1785125492381023203,0,72331600066511858,2,719157,719326
202607271211,e2e_trace_v3,745,216446788142367654,0,perception.multi_sensor_fusion,in,6311986355424,1,/perception/fusion/input/radar_front,0,0,0,0,0,0,719157,719330
202607271211,e2e_trace_v3,752,72331600066511859,0,perception.multi_sensor_fusion,in,6312075276352,1,/perception/fusion/input/velodyne64,0,0,1785125492480536646,0,0,0,719157,719326
202607271211,e2e_trace_v3,753,17294096575131288519,0,perception.multi_sensor_fusion,out,6312076115424,1,/apollo/perception/obstacles,0,1011,1785125492480536646,0,72331600066511859,2,719157,719326
202607271211,e2e_trace_v3,763,216446788142367655,0,perception.multi_sensor_fusion,in,6312102756832,1,/perception/fusion/input/radar_front,0,0,0,0,0,0,719157,719311
202607271211,e2e_trace_v3,771,216446788142367656,0,perception.multi_sensor_fusion,in,6312185139424,1,/perception/fusion/input/radar_front,0,0,0,0,0,0,719157,719330
202607271211,e2e_trace_v3,777,72331600066511860,0,perception.multi_sensor_fusion,in,6312190701920,1,/perception/fusion/input/velodyne64,0,0,1785125492581233407,0,0,0,719157,719325
202607271211,e2e_trace_v3,780,17294096575131288520,0,perception.multi_sensor_fusion,out,6312191541632,1,/apollo/perception/obstacles,0,1012,1785125492581233407,0,72331600066511860,2,719157,719325
202607271211,e2e_trace_v3,792,72331600066511861,0,perception.multi_sensor_fusion,in,6312284680384,1,/perception/fusion/input/velodyne64,0,0,1785125492680760237,0,0,0,719157,719312
202607271211,e2e_trace_v3,793,17294096575131288521,0,perception.multi_sensor_fusion,out,6312285612832,1,/apollo/perception/obstacles,0,1013,1785125492680760237,0,72331600066511861,2,719157,719312
202607271211,e2e_trace_v3,795,216446788142367657,0,perception.multi_sensor_fusion,in,6312291119968,1,/perception/fusion/input/radar_front,0,0,0,0,0,0,719157,719333
202607271211,e2e_trace_v3,806,216446788142367658,0,perception.multi_sensor_fusion,in,6312384988960,1,/perception/fusion/input/radar_front,0,0,0,0,0,0,719157,719330
202607271211,e2e_trace_v3,813,72331600066511862,0,perception.multi_sensor_fusion,in,6312395627520,1,/perception/fusion/input/velodyne64,0,0,1785125492780237810,0,0,0,719157,719331
202607271211,e2e_trace_v3,814,17294096575131288522,0,perception.multi_sensor_fusion,out,6312397022880,1,/apollo/perception/obstacles,0,1014,1785125492780237810,0,72331600066511862,2,719157,719331
202607271211,e2e_trace_v3,822,216446788142367659,0,perception.multi_sensor_fusion,in,6312485063680,1,/perception/fusion/input/radar_front,0,0,0,0,0,0,719157,719313
202607271211,e2e_trace_v3,828,72331600066511863,0,perception.multi_sensor_fusion,in,6312487332096,1,/perception/fusion/input/velodyne64,0,0,1785125492880898402,0,0,0,719157,719334
202607271211,e2e_trace_v3,829,17294096575131288523,0,perception.multi_sensor_fusion,out,6312488182688,1,/apollo/perception/obstacles,0,1015,1785125492880898402,0,72331600066511863,2,719157,719334
202607271211,e2e_trace_v3,839,216446788142367660,0,perception.multi_sensor_fusion,in,6312586844576,1,/perception/fusion/input/radar_front,0,0,0,0,0,0,719157,719322
202607271211,e2e_trace_v3,845,72331600066511864,0,perception.multi_sensor_fusion,in,6312588653184,1,/perception/fusion/input/velodyne64,0,0,1785125492980652032,0,0,0,719157,719325
202607271211,e2e_trace_v3,846,17294096575131288524,0,perception.multi_sensor_fusion,out,6312589365664,1,/apollo/perception/obstacles,0,1016,1785125492980652032,0,72331600066511864,2,719157,719325
202607271211,e2e_trace_v3,859,72331600066511865,0,perception.multi_sensor_fusion,in,6312682583616,1,/perception/fusion/input/velodyne64,0,0,1785125493080244932,0,0,0,719157,719311
202607271211,e2e_trace_v3,861,17294096575131288525,0,perception.multi_sensor_fusion,out,6312683711296,1,/apollo/perception/obstacles,0,1017,1785125493080244932,0,72331600066511865,2,719157,719311
202607271211,e2e_trace_v3,863,216446788142367661,0,perception.multi_sensor_fusion,in,6312688988832,1,/perception/fusion/input/radar_front,0,0,0,0,0,0,719157,719328
202607271211,e2e_trace_v3,874,216446788142367662,0,perception.multi_sensor_fusion,in,6312785712000,1,/perception/fusion/input/radar_front,0,0,0,0,0,0,719157,719313
202607271211,e2e_trace_v3,881,72331600066511866,0,perception.multi_sensor_fusion,in,6312790803456,1,/perception/fusion/input/velodyne64,0,0,1785125493180356178,0,0,0,719157,719325
202607271211,e2e_trace_v3,882,17294096575131288526,0,perception.multi_sensor_fusion,out,6312791839936,1,/apollo/perception/obstacles,0,1018,1785125493180356178,0,72331600066511866,2,719157,719325
202607271211,e2e_trace_v3,894,72331600066511867,0,perception.multi_sensor_fusion,in,6312887986944,1,/perception/fusion/input/velodyne64,0,0,1785125493280615215,0,0,0,719157,719325
202607271211,e2e_trace_v3,895,17294096575131288527,0,perception.multi_sensor_fusion,out,6312888787328,1,/apollo/perception/obstacles,0,1019,1785125493280615215,0,72331600066511867,2,719157,719325
202607271211,e2e_trace_v3,899,216446788142367663,0,perception.multi_sensor_fusion,in,6312891853696,1,/perception/fusion/input/radar_front,0,0,0,0,0,0,719157,719326
202607271211,e2e_trace_v3,913,72331600066511868,0,perception.multi_sensor_fusion,in,6312984315488,1,/perception/fusion/input/velodyne64,0,0,1785125493380477665,0,0,0,719157,719331
202607271211,e2e_trace_v3,915,17294096575131288528,0,perception.multi_sensor_fusion,out,6312985488032,1,/apollo/perception/obstacles,0,1020,1785125493380477665,0,72331600066511868,2,719157,719331
202607271211,e2e_trace_v3,916,216446788142367664,0,perception.multi_sensor_fusion,in,6312985691488,1,/perception/fusion/input/radar_front,0,0,0,0,0,0,719157,719331
202607271211,e2e_trace_v3,927,72331600066511869,0,perception.multi_sensor_fusion,in,6313077526368,1,/perception/fusion/input/velodyne64,0,0,1785125493480599066,0,0,0,719157,719331
202607271211,e2e_trace_v3,928,17294096575131288529,0,perception.multi_sensor_fusion,out,6313078284960,1,/apollo/perception/obstacles,0,1021,1785125493480599066,0,72331600066511869,2,719157,719331
202607271211,e2e_trace_v3,932,216446788142367665,0,perception.multi_sensor_fusion,in,6313088496704,1,/perception/fusion/input/radar_front,0,0,0,0,0,0,719157,719323
202607271211,e2e_trace_v3,944,72331600066511870,0,perception.multi_sensor_fusion,in,6313174730336,1,/perception/fusion/input/velodyne64,0,0,1785125493580504631,0,0,0,719157,719311
202607271211,e2e_trace_v3,945,17294096575131288530,0,perception.multi_sensor_fusion,out,6313175714400,1,/apollo/perception/obstacles,0,1022,1785125493580504631,0,72331600066511870,2,719157,719311
202607271211,e2e_trace_v3,950,216446788142367666,0,perception.multi_sensor_fusion,in,6313191987552,1,/perception/fusion/input/radar_front,0,0,0,0,0,0,719157,719327
202607271211,e2e_trace_v3,961,72331600066511871,0,perception.multi_sensor_fusion,in,6313277216640,1,/perception/fusion/input/velodyne64,0,0,1785125493680601540,0,0,0,719157,719328
202607271211,e2e_trace_v3,962,17294096575131288531,0,perception.multi_sensor_fusion,out,6313278062816,1,/apollo/perception/obstacles,0,1023,1785125493680601540,0,72331600066511871,2,719157,719328
202607271211,e2e_trace_v3,967,216446788142367667,0,perception.multi_sensor_fusion,in,6313293275424,1,/perception/fusion/input/radar_front,0,0,0,0,0,0,719157,719326
202607271211,e2e_trace_v3,974,72331600066511872,0,perception.multi_sensor_fusion,in,6313382948512,1,/perception/fusion/input/velodyne64,0,0,1785125493780541248,0,0,0,719157,719331
202607271211,e2e_trace_v3,975,17294096575131288532,0,perception.multi_sensor_fusion,out,6313383826240,1,/apollo/perception/obstacles,0,1024,1785125493780541248,0,72331600066511872,2,719157,719331
202607271211,e2e_trace_v3,982,216446788142367668,0,perception.multi_sensor_fusion,in,6313396810496,1,/perception/fusion/input/radar_front,0,0,0,0,0,0,719157,719330
202607271211,e2e_trace_v3,996,72331600066511873,0,perception.multi_sensor_fusion,in,6313496605248,1,/perception/fusion/input/velodyne64,0,0,1785125493888608921,0,0,0,719157,719332
202607271211,e2e_trace_v3,997,17294096575131288533,0,perception.multi_sensor_fusion,out,6313497708064,1,/apollo/perception/obstacles,0,1025,1785125493888608921,0,72331600066511873,2,719157,719332
202607271211,e2e_trace_v3,999,216446788142367669,0,perception.multi_sensor_fusion,in,6313505002656,1,/perception/fusion/input/radar_front,0,0,0,0,0,0,719157,719329
202607271211,e2e_trace_v3,1009,216446788142367670,0,perception.multi_sensor_fusion,in,6313591768448,1,/perception/fusion/input/radar_front,0,0,0,0,0,0,719157,719312
202607271211,e2e_trace_v3,1017,72331600066511874,0,perception.multi_sensor_fusion,in,6313609798976,1,/perception/fusion/input/velodyne64,0,0,1785125493980588716,0,0,0,719157,719323
202607271211,e2e_trace_v3,1018,17294096575131288534,0,perception.multi_sensor_fusion,out,6313610668576,1,/apollo/perception/obstacles,0,1026,1785125493980588716,0,72331600066511874,2,719157,719323
202607271211,e2e_trace_v3,1026,216446788142367671,0,perception.multi_sensor_fusion,in,6313685442656,1,/perception/fusion/input/radar_front,0,0,0,0,0,0,719157,719311
202607271211,e2e_trace_v3,1034,72331600066511875,0,perception.multi_sensor_fusion,in,6313700204256,1,/perception/fusion/input/velodyne64,0,0,1785125494084830286,0,0,0,719157,719327
202607271211,e2e_trace_v3,1035,17294096575131288535,0,perception.multi_sensor_fusion,out,6313701453408,1,/apollo/perception/obstacles,0,1027,1785125494084830286,0,72331600066511875,2,719157,719327
202607271211,e2e_trace_v3,1043,216446788142367672,0,perception.multi_sensor_fusion,in,6313784954656,1,/perception/fusion/input/radar_front,0,0,0,0,0,0,719157,719333
202607271211,e2e_trace_v3,1049,72331600066511876,0,perception.multi_sensor_fusion,in,6313789818048,1,/perception/fusion/input/velodyne64,0,0,1785125494180445739,0,0,0,719157,719332
202607271211,e2e_trace_v3,1050,17294096575131288536,0,perception.multi_sensor_fusion,out,6313791065760,1,/apollo/perception/obstacles,0,1028,1785125494180445739,0,72331600066511876,2,719157,719332
202607271211,e2e_trace_v3,1064,72331600066511877,0,perception.multi_sensor_fusion,in,6313897526144,1,/perception/fusion/input/velodyne64,0,0,1785125494280657490,0,0,0,719157,719312
202607271211,e2e_trace_v3,1065,17294096575131288537,0,perception.multi_sensor_fusion,out,6313898438240,1,/apollo/perception/obstacles,0,1029,1785125494280657490,0,72331600066511877,2,719157,719312
202607271211,e2e_trace_v3,1068,216446788142367673,0,perception.multi_sensor_fusion,in,6313908067680,1,/perception/fusion/input/radar_front,0,0,0,0,0,0,719157,719325
202607271211,e2e_trace_v3,1078,216446788142367674,0,perception.multi_sensor_fusion,in,6313985774592,1,/perception/fusion/input/radar_front,0,0,0,0,0,0,719157,719322
202607271211,e2e_trace_v3,1085,72331600066511878,0,perception.multi_sensor_fusion,in,6313999696256,1,/perception/fusion/input/velodyne64,0,0,1785125494380647549,0,0,0,719157,719334
202607271211,e2e_trace_v3,1086,17294096575131288538,0,perception.multi_sensor_fusion,out,6314000475328,1,/apollo/perception/obstacles,0,1030,1785125494380647549,0,72331600066511878,2,719157,719334
202607271211,e2e_trace_v3,1099,72331600066511879,0,perception.multi_sensor_fusion,in,6314089809056,1,/perception/fusion/input/velodyne64,0,0,1785125494480591731,0,0,0,719157,719331
202607271211,e2e_trace_v3,1100,17294096575131288539,0,perception.multi_sensor_fusion,out,6314090561216,1,/apollo/perception/obstacles,0,1031,1785125494480591731,0,72331600066511879,2,719157,719331
202607271211,e2e_trace_v3,1108,72331600066511880,0,perception.multi_sensor_fusion,in,6314180706880,1,/perception/fusion/input/velodyne64,0,0,1785125494581252024,0,0,0,719157,719328
202607271211,e2e_trace_v3,1111,17294096575131288540,0,perception.multi_sensor_fusion,out,6314182884032,1,/apollo/perception/obstacles,0,1032,1785125494581252024,0,72331600066511880,2,719157,719328
202607271211,e2e_trace_v3,1115,216446788142367675,0,perception.multi_sensor_fusion,in,6314192290528,1,/perception/fusion/input/radar_front,0,0,0,0,0,0,719157,719330
202607271211,e2e_trace_v3,1126,216446788142367676,0,perception.multi_sensor_fusion,in,6314284577440,1,/perception/fusion/input/radar_front,0,0,0,0,0,0,719157,719330
202607271211,e2e_trace_v3,1133,72331600066511881,0,perception.multi_sensor_fusion,in,6314289944160,1,/perception/fusion/input/velodyne64,0,0,1785125494680640068,0,0,0,719157,719333
202607271211,e2e_trace_v3,1134,17294096575131288541,0,perception.multi_sensor_fusion,out,6314290807968,1,/apollo/perception/obstacles,0,1033,1785125494680640068,0,72331600066511881,2,719157,719333
202607271211,e2e_trace_v3,1146,72331600066511882,0,perception.multi_sensor_fusion,in,6314379988224,1,/perception/fusion/input/velodyne64,0,0,1785125494780577314,0,0,0,719157,719325
202607271211,e2e_trace_v3,1147,17294096575131288542,0,perception.multi_sensor_fusion,out,6314380844128,1,/apollo/perception/obstacles,0,1034,1785125494780577314,0,72331600066511882,2,719157,719325
202607271211,e2e_trace_v3,1149,216446788142367677,0,perception.multi_sensor_fusion,in,6314384599296,1,/perception/fusion/input/radar_front,0,0,0,0,0,0,719157,719334
202607271211,e2e_trace_v3,1165,72331600066511883,0,perception.multi_sensor_fusion,in,6314484137152,1,/perception/fusion/input/velodyne64,0,0,1785125494880503964,0,0,0,719157,719328
202607271211,e2e_trace_v3,1166,17294096575131288543,0,perception.multi_sensor_fusion,out,6314485048224,1,/apollo/perception/obstacles,0,1035,1785125494880503964,0,72331600066511883,2,719157,719328
202607271211,e2e_trace_v3,1168,216446788142367678,0,perception.multi_sensor_fusion,in,6314485534720,1,/perception/fusion/input/radar_front,0,0,0,0,0,0,719157,719313
202607271211,e2e_trace_v3,1175,72331600066511884,0,perception.multi_sensor_fusion,in,6314575484384,1,/perception/fusion/input/velodyne64,0,0,1785125494980634288,0,0,0,719157,719312
202607271211,e2e_trace_v3,1178,17294096575131288544,0,perception.multi_sensor_fusion,out,6314576589280,1,/apollo/perception/obstacles,0,1036,1785125494980634288,0,72331600066511884,2,719157,719312
202607271211,e2e_trace_v3,1183,216446788142367679,0,perception.multi_sensor_fusion,in,6314590943712,1,/perception/fusion/input/radar_front,0,0,0,0,0,0,719157,719332
202607271211,e2e_trace_v3,1194,216446788142367680,0,perception.multi_sensor_fusion,in,6314686234880,1,/perception/fusion/input/radar_front,0,0,0,0,0,0,719157,719332
202607271211,e2e_trace_v3,1201,72331600066511885,0,perception.multi_sensor_fusion,in,6314688158752,1,/perception/fusion/input/velodyne64,0,0,1785125495080243386,0,0,0,719157,719324
202607271211,e2e_trace_v3,1202,17294096575131288545,0,perception.multi_sensor_fusion,out,6314688904640,1,/apollo/perception/obstacles,0,1037,1785125495080243386,0,72331600066511885,2,719157,719324
202607271211,e2e_trace_v3,1208,72331600066511886,0,perception.multi_sensor_fusion,in,6314785974688,1,/perception/fusion/input/velodyne64,0,0,1785125495180167770,0,0,0,719157,719333
202607271211,e2e_trace_v3,1209,17294096575131288546,0,perception.multi_sensor_fusion,out,6314786861216,1,/apollo/perception/obstacles,0,1038,1785125495180167770,0,72331600066511886,2,719157,719333
202607271211,e2e_trace_v3,1219,216446788142367681,0,perception.multi_sensor_fusion,in,6314807687072,1,/perception/fusion/input/radar_front,0,0,0,0,0,0,719157,719327
202607271211,e2e_trace_v3,1228,216446788142367682,0,perception.multi_sensor_fusion,in,6314885560480,1,/perception/fusion/input/radar_front,0,0,0,0,0,0,719157,719330
202607271211,e2e_trace_v3,1235,72331600066511887,0,perception.multi_sensor_fusion,in,6314897459104,1,/perception/fusion/input/velodyne64,0,0,1785125495280921291,0,0,0,719157,719334
202607271211,e2e_trace_v3,1236,17294096575131288547,0,perception.multi_sensor_fusion,out,6314898256064,1,/apollo/perception/obstacles,0,1039,1785125495280921291,0,72331600066511887,2,719157,719334
202607271211,e2e_trace_v3,1249,72331600066511888,0,perception.multi_sensor_fusion,in,6314989809312,1,/perception/fusion/input/velodyne64,0,0,1785125495383915786,0,0,0,719157,719331
202607271211,e2e_trace_v3,1250,17294096575131288548,0,perception.multi_sensor_fusion,out,6314990748608,1,/apollo/perception/obstacles,0,1040,1785125495383915786,0,72331600066511888,2,719157,719331
202607271211,e2e_trace_v3,1253,216446788142367683,0,perception.multi_sensor_fusion,in,6314994447776,1,/perception/fusion/input/radar_front,0,0,0,0,0,0,719157,719332
202607271211,e2e_trace_v3,1262,216446788142367684,0,perception.multi_sensor_fusion,in,6315085212992,1,/perception/fusion/input/radar_front,0,0,0,0,0,0,719157,719327
202607271211,e2e_trace_v3,1269,72331600066511889,0,perception.multi_sensor_fusion,in,6315087640576,1,/perception/fusion/input/velodyne64,0,0,1785125495480359029,0,0,0,719157,719325
202607271211,e2e_trace_v3,1270,17294096575131288549,0,perception.multi_sensor_fusion,out,6315088466592,1,/apollo/perception/obstacles,0,1041,1785125495480359029,0,72331600066511889,2,719157,719325
202607271211,e2e_trace_v3,1282,72331600066511890,0,perception.multi_sensor_fusion,in,6315178038016,1,/perception/fusion/input/velodyne64,0,0,1785125495580664957,0,0,0,719157,719325
202607271211,e2e_trace_v3,1283,17294096575131288550,0,perception.multi_sensor_fusion,out,6315178776096,1,/apollo/perception/obstacles,0,1042,1785125495580664957,0,72331600066511890,2,719157,719325
202607271211,e2e_trace_v3,1287,216446788142367685,0,perception.multi_sensor_fusion,in,6315185567968,1,/perception/fusion/input/radar_front,0,0,0,0,0,0,719157,719331
202607271211,e2e_trace_v3,1299,72331600066511891,0,perception.multi_sensor_fusion,in,6315275231296,1,/perception/fusion/input/velodyne64,0,0,1785125495680721171,0,0,0,719157,719331
202607271211,e2e_trace_v3,1300,17294096575131288551,0,perception.multi_sensor_fusion,out,6315276159584,1,/apollo/perception/obstacles,0,1043,1785125495680721171,0,72331600066511891,2,719157,719331
202607271211,e2e_trace_v3,1302,216446788142367686,0,perception.multi_sensor_fusion,in,6315284936608,1,/perception/fusion/input/radar_front,0,0,0,0,0,0,719157,719311
202607271211,e2e_trace_v3,1316,72331600066511892,0,perception.multi_sensor_fusion,in,6315379864384,1,/perception/fusion/input/velodyne64,0,0,1785125495781179889,0,0,0,719157,719328
202607271211,e2e_trace_v3,1317,17294096575131288552,0,perception.multi_sensor_fusion,out,6315381237984,1,/apollo/perception/obstacles,0,1044,1785125495781179889,0,72331600066511892,2,719157,719328
202607271211,e2e_trace_v3,1319,216446788142367687,0,perception.multi_sensor_fusion,in,6315385133440,1,/perception/fusion/input/radar_front,0,0,0,0,0,0,719157,719326
202607271211,e2e_trace_v3,1333,72331600066511893,0,perception.multi_sensor_fusion,in,6315483415072,1,/perception/fusion/input/velodyne64,0,0,1785125495880558409,0,0,0,719157,719333
202607271211,e2e_trace_v3,1334,17294096575131288553,0,perception.multi_sensor_fusion,out,6315484986336,1,/apollo/perception/obstacles,0,1045,1785125495880558409,0,72331600066511893,2,719157,719333
202607271211,e2e_trace_v3,1336,216446788142367688,0,perception.multi_sensor_fusion,in,6315486012256,1,/perception/fusion/input/radar_front,0,0,0,0,0,0,719157,719323
202607271211,e2e_trace_v3,1350,72331600066511894,0,perception.multi_sensor_fusion,in,6315589212320,1,/perception/fusion/input/velodyne64,0,0,1785125495980605030,0,0,0,719157,719329
202607271211,e2e_trace_v3,1351,17294096575131288554,0,perception.multi_sensor_fusion,out,6315590118080,1,/apollo/perception/obstacles,0,1046,1785125495980605030,0,72331600066511894,2,719157,719329
202607271211,e2e_trace_v3,1353,216446788142367689,0,perception.multi_sensor_fusion,in,6315591754400,1,/perception/fusion/input/radar_front,0,0,0,0,0,0,719157,719324
202607271211,e2e_trace_v3,1364,216446788142367690,0,perception.multi_sensor_fusion,in,6315689537280,1,/perception/fusion/input/radar_front,0,0,0,0,0,0,719157,719334
202607271211,e2e_trace_v3,1371,72331600066511895,0,perception.multi_sensor_fusion,in,6315698417792,1,/perception/fusion/input/velodyne64,0,0,1785125496080652251,0,0,0,719157,719313
202607271211,e2e_trace_v3,1372,17294096575131288555,0,perception.multi_sensor_fusion,out,6315699486720,1,/apollo/perception/obstacles,0,1047,1785125496080652251,0,72331600066511895,2,719157,719313
202607271211,e2e_trace_v3,1380,216446788142367691,0,perception.multi_sensor_fusion,in,6315785266464,1,/perception/fusion/input/radar_front,0,0,0,0,0,0,719157,719328
202607271211,e2e_trace_v3,1388,72331600066511896,0,perception.multi_sensor_fusion,in,6315787640416,1,/perception/fusion/input/velodyne64,0,0,1785125496180475601,0,0,0,719157,719325
202607271211,e2e_trace_v3,1389,17294096575131288556,0,perception.multi_sensor_fusion,out,6315789249536,1,/apollo/perception/obstacles,0,1048,1785125496180475601,0,72331600066511896,2,719157,719325
202607271211,e2e_trace_v3,1399,72331600066511897,0,perception.multi_sensor_fusion,in,6315877265696,1,/perception/fusion/input/velodyne64,0,0,1785125496280623624,0,0,0,719157,719327
202607271211,e2e_trace_v3,1400,17294096575131288557,0,perception.multi_sensor_fusion,out,6315878187104,1,/apollo/perception/obstacles,0,1049,1785125496280623624,0,72331600066511897,2,719157,719327
202607271211,e2e_trace_v3,1404,216446788142367692,0,perception.multi_sensor_fusion,in,6315884807424,1,/perception/fusion/input/radar_front,0,0,0,0,0,0,719157,719330
202607271211,e2e_trace_v3,1415,216446788142367693,0,perception.multi_sensor_fusion,in,6315991596032,1,/perception/fusion/input/radar_front,0,0,0,0,0,0,719157,719333
202607271211,e2e_trace_v3,1422,72331600066511898,0,perception.multi_sensor_fusion,in,6315999046976,1,/perception/fusion/input/velodyne64,0,0,1785125496380813294,0,0,0,719157,719322
202607271211,e2e_trace_v3,1423,17294096575131288558,0,perception.multi_sensor_fusion,out,6316000219360,1,/apollo/perception/obstacles,0,1050,1785125496380813294,0,72331600066511898,2,719157,719322
202607271211,e2e_trace_v3,1435,216446788142367694,0,perception.multi_sensor_fusion,in,6316088848960,1,/perception/fusion/input/radar_front,0,0,0,0,0,0,719157,719329
202607271211,e2e_trace_v3,1436,72331600066511899,0,perception.multi_sensor_fusion,in,6316089005952,1,/perception/fusion/input/velodyne64,0,0,1785125496480128889,0,0,0,719157,719329
202607271211,e2e_trace_v3,1440,17294096575131288559,0,perception.multi_sensor_fusion,out,6316090023904,1,/apollo/perception/obstacles,0,1051,1785125496480128889,0,72331600066511899,2,719157,719329
202607271211,e2e_trace_v3,1452,72331600066511900,0,perception.multi_sensor_fusion,in,6316180311488,1,/perception/fusion/input/velodyne64,0,0,1785125496581218141,0,0,0,719157,719329
202607271211,e2e_trace_v3,1453,17294096575131288560,0,perception.multi_sensor_fusion,out,6316181241440,1,/apollo/perception/obstacles,0,1052,1785125496581218141,0,72331600066511900,2,719157,719329
202607271211,e2e_trace_v3,1455,216446788142367695,0,perception.multi_sensor_fusion,in,6316185737408,1,/perception/fusion/input/radar_front,0,0,0,0,0,0,719157,719334
202607271211,e2e_trace_v3,1467,72331600066511901,0,perception.multi_sensor_fusion,in,6316276624832,1,/perception/fusion/input/velodyne64,0,0,1785125496680371973,0,0,0,719157,719327
202607271211,e2e_trace_v3,1468,17294096575131288561,0,perception.multi_sensor_fusion,out,6316277413408,1,/apollo/perception/obstacles,0,1053,1785125496680371973,0,72331600066511901,2,719157,719327
202607271211,e2e_trace_v3,1472,216446788142367696,0,perception.multi_sensor_fusion,in,6316286980544,1,/perception/fusion/input/radar_front,0,0,0,0,0,0,719157,719332
202607271211,e2e_trace_v3,1485,72331600066511902,0,perception.multi_sensor_fusion,in,6316382683744,1,/perception/fusion/input/velodyne64,0,0,1785125496781424468,0,0,0,719157,719313
202607271211,e2e_trace_v3,1486,17294096575131288562,0,perception.multi_sensor_fusion,out,6316384002592,1,/apollo/perception/obstacles,0,1054,1785125496781424468,0,72331600066511902,2,719157,719313
202607271211,e2e_trace_v3,1491,216446788142367697,0,perception.multi_sensor_fusion,in,6316400114880,1,/perception/fusion/input/radar_front,0,0,0,0,0,0,719157,719330
202607271211,e2e_trace_v3,1499,216446788142367698,0,perception.multi_sensor_fusion,in,6316485085568,1,/perception/fusion/input/radar_front,0,0,0,0,0,0,719157,719322
202607271211,e2e_trace_v3,1507,72331600066511903,0,perception.multi_sensor_fusion,in,6316489101920,1,/perception/fusion/input/velodyne64,0,0,1785125496880505022,0,0,0,719157,719333
202607271211,e2e_trace_v3,1508,17294096575131288563,0,perception.multi_sensor_fusion,out,6316490177568,1,/apollo/perception/obstacles,0,1055,1785125496880505022,0,72331600066511903,2,719157,719333
202607271211,e2e_trace_v3,1520,216446788142367699,0,perception.multi_sensor_fusion,in,6316585105728,1,/perception/fusion/input/radar_front,0,0,0,0,0,0,719157,719313
202607271211,e2e_trace_v3,1524,72331600066511904,0,perception.multi_sensor_fusion,in,6316585721376,1,/perception/fusion/input/velodyne64,0,0,1785125496980496871,0,0,0,719157,719329
202607271211,e2e_trace_v3,1525,17294096575131288564,0,perception.multi_sensor_fusion,out,6316586938784,1,/apollo/perception/obstacles,0,1056,1785125496980496871,0,72331600066511904,2,719157,719329
202607271211,e2e_trace_v3,1537,72331600066511905,0,perception.multi_sensor_fusion,in,6316677224800,1,/perception/fusion/input/velodyne64,0,0,1785125497080320728,0,0,0,719157,719329
202607271211,e2e_trace_v3,1538,17294096575131288565,0,perception.multi_sensor_fusion,out,6316678160160,1,/apollo/perception/obstacles,0,1057,1785125497080320728,0,72331600066511905,2,719157,719329
202607271211,e2e_trace_v3,1541,216446788142367700,0,perception.multi_sensor_fusion,in,6316689758720,1,/perception/fusion/input/radar_front,0,0,0,0,0,0,719157,719312
202607271211,e2e_trace_v3,1548,72331600066511906,0,perception.multi_sensor_fusion,in,6316773672448,1,/perception/fusion/input/velodyne64,0,0,1785125497180680108,0,0,0,719157,719331
202607271211,e2e_trace_v3,1549,17294096575131288566,0,perception.multi_sensor_fusion,out,6316774916768,1,/apollo/perception/obstacles,0,1058,1785125497180680108,0,72331600066511906,2,719157,719331
202607271211,e2e_trace_v3,1559,216446788142367701,0,perception.multi_sensor_fusion,in,6316806044672,1,/perception/fusion/input/radar_front,0,0,0,0,0,0,719157,719312
202607271211,e2e_trace_v3,1567,216446788142367702,0,perception.multi_sensor_fusion,in,6316886603008,1,/perception/fusion/input/radar_front,0,0,0,0,0,0,719157,719327
202607271211,e2e_trace_v3,1575,72331600066511907,0,perception.multi_sensor_fusion,in,6316893156096,1,/perception/fusion/input/velodyne64,0,0,1785125497280480180,0,0,0,719157,719329
202607271211,e2e_trace_v3,1576,17294096575131288567,0,perception.multi_sensor_fusion,out,6316894288512,1,/apollo/perception/obstacles,0,1059,1785125497280480180,0,72331600066511907,2,719157,719329
202607271211,e2e_trace_v3,1588,72331600066511908,0,perception.multi_sensor_fusion,in,6316983365024,1,/perception/fusion/input/velodyne64,0,0,1785125497381947483,0,0,0,719157,719313
202607271211,e2e_trace_v3,1590,17294096575131288568,0,perception.multi_sensor_fusion,out,6316984594528,1,/apollo/perception/obstacles,0,1060,1785125497381947483,0,72331600066511908,2,719157,719313
202607271211,e2e_trace_v3,1591,216446788142367703,0,perception.multi_sensor_fusion,in,6316984982912,1,/perception/fusion/input/radar_front,0,0,0,0,0,0,719157,719313
202607271211,e2e_trace_v3,1605,72331600066511909,0,perception.multi_sensor_fusion,in,6317084573856,1,/perception/fusion/input/velodyne64,0,0,1785125497480479797,0,0,0,719157,719325
202607271211,e2e_trace_v3,1607,17294096575131288569,0,perception.multi_sensor_fusion,out,6317085584544,1,/apollo/perception/obstacles,0,1061,1785125497480479797,0,72331600066511909,2,719157,719325
202607271211,e2e_trace_v3,1608,216446788142367704,0,perception.multi_sensor_fusion,in,6317085747680,1,/perception/fusion/input/radar_front,0,0,0,0,0,0,719157,719325
202607271211,e2e_trace_v3,1616,72331600066511910,0,perception.multi_sensor_fusion,in,6317178257696,1,/perception/fusion/input/velodyne64,0,0,1785125497580520084,0,0,0,719157,719313
202607271211,e2e_trace_v3,1617,17294096575131288570,0,perception.multi_sensor_fusion,out,6317179586912,1,/apollo/perception/obstacles,0,1062,1785125497580520084,0,72331600066511910,2,719157,719313
202607271211,e2e_trace_v3,1625,216446788142367705,0,perception.multi_sensor_fusion,in,6317207653824,1,/perception/fusion/input/radar_front,0,0,0,0,0,0,719157,719328
202607271211,e2e_trace_v3,1635,216446788142367706,0,perception.multi_sensor_fusion,in,6317289729696,1,/perception/fusion/input/radar_front,0,0,0,0,0,0,719157,719324
202607271211,e2e_trace_v3,1643,72331600066511911,0,perception.multi_sensor_fusion,in,6317299915744,1,/perception/fusion/input/velodyne64,0,0,1785125497680437609,0,0,0,719157,719323
202607271211,e2e_trace_v3,1644,17294096575131288571,0,perception.multi_sensor_fusion,out,6317301393920,1,/apollo/perception/obstacles,0,1063,1785125497680437609,0,72331600066511911,2,719157,719323
202607271211,e2e_trace_v3,1652,216446788142367707,0,perception.multi_sensor_fusion,in,6317385180768,1,/perception/fusion/input/radar_front,0,0,0,0,0,0,719157,719332
202607271211,e2e_trace_v3,1658,72331600066511912,0,perception.multi_sensor_fusion,in,6317390235904,1,/perception/fusion/input/velodyne64,0,0,1785125497789574816,0,0,0,719157,719313
202607271211,e2e_trace_v3,1661,17294096575131288572,0,perception.multi_sensor_fusion,out,6317391863296,1,/apollo/perception/obstacles,0,1064,1785125497789574816,0,72331600066511912,2,719157,719313
202607271211,e2e_trace_v3,1669,216446788142367708,0,perception.multi_sensor_fusion,in,6317486221152,1,/perception/fusion/input/radar_front,0,0,0,0,0,0,719157,719325
202607271211,e2e_trace_v3,1675,72331600066511913,0,perception.multi_sensor_fusion,in,6317489709920,1,/perception/fusion/input/velodyne64,0,0,1785125497880317709,0,0,0,719157,719324
202607271211,e2e_trace_v3,1678,17294096575131288573,0,perception.multi_sensor_fusion,out,6317491068416,1,/apollo/perception/obstacles,0,1065,1785125497880317709,0,72331600066511913,2,719157,719324
202607271211,e2e_trace_v3,1690,72331600066511914,0,perception.multi_sensor_fusion,in,6317580271104,1,/perception/fusion/input/velodyne64,0,0,1785125497980255213,0,0,0,719157,719334
202607271211,e2e_trace_v3,1691,17294096575131288574,0,perception.multi_sensor_fusion,out,6317581861536,1,/apollo/perception/obstacles,0,1066,1785125497980255213,0,72331600066511914,2,719157,719334
202607271211,e2e_trace_v3,1693,216446788142367709,0,perception.multi_sensor_fusion,in,6317585199744,1,/perception/fusion/input/radar_front,0,0,0,0,0,0,719157,719325
202607271211,e2e_trace_v3,1703,216446788142367710,0,perception.multi_sensor_fusion,in,6317685546368,1,/perception/fusion/input/radar_front,0,0,0,0,0,0,719157,719323
202607271211,e2e_trace_v3,1709,72331600066511915,0,perception.multi_sensor_fusion,in,6317688198848,1,/perception/fusion/input/velodyne64,0,0,1785125498080722966,0,0,0,719157,719332
202607271211,e2e_trace_v3,1710,17294096575131288575,0,perception.multi_sensor_fusion,out,6317689432096,1,/apollo/perception/obstacles,0,1067,1785125498080722966,0,72331600066511915,2,719157,719332
202607271211,e2e_trace_v3,1726,72331600066511916,0,perception.multi_sensor_fusion,in,6317794623968,1,/perception/fusion/input/velodyne64,0,0,1785125498180453078,0,0,0,719157,719312
202607271211,e2e_trace_v3,1728,17294096575131288576,0,perception.multi_sensor_fusion,out,6317795788256,1,/apollo/perception/obstacles,0,1068,1785125498180453078,0,72331600066511916,2,719157,719312
202607271211,e2e_trace_v3,1729,216446788142367711,0,perception.multi_sensor_fusion,in,6317795985248,1,/perception/fusion/input/radar_front,0,0,0,0,0,0,719157,719312
202607271211,e2e_trace_v3,1736,72331600066511917,0,perception.multi_sensor_fusion,in,6317884744864,1,/perception/fusion/input/velodyne64,0,0,1785125498280497166,0,0,0,719157,719311
202607271211,e2e_trace_v3,1737,17294096575131288577,0,perception.multi_sensor_fusion,out,6317885935232,1,/apollo/perception/obstacles,0,1069,1785125498280497166,0,72331600066511917,2,719157,719311
202607271211,e2e_trace_v3,1746,216446788142367712,0,perception.multi_sensor_fusion,in,6317901075904,1,/perception/fusion/input/radar_front,0,0,0,0,0,0,719157,719330
202607271211,e2e_trace_v3,1758,72331600066511918,0,perception.multi_sensor_fusion,in,6317990270048,1,/perception/fusion/input/velodyne64,0,0,1785125498380432432,0,0,0,719157,719332
202607271211,e2e_trace_v3,1759,17294096575131288578,0,perception.multi_sensor_fusion,out,6317991322528,1,/apollo/perception/obstacles,0,1070,1785125498380432432,0,72331600066511918,2,719157,719332
202607271211,e2e_trace_v3,1761,216446788142367713,0,perception.multi_sensor_fusion,in,6317997125440,1,/perception/fusion/input/radar_front,0,0,0,0,0,0,719157,719313
202607271211,e2e_trace_v3,1772,216446788142367714,0,perception.multi_sensor_fusion,in,6318086678400,1,/perception/fusion/input/radar_front,0,0,0,0,0,0,719157,719311
202607271211,e2e_trace_v3,1779,72331600066511919,0,perception.multi_sensor_fusion,in,6318090351552,1,/perception/fusion/input/velodyne64,0,0,1785125498486150240,0,0,0,719157,719322
202607271211,e2e_trace_v3,1780,17294096575131288579,0,perception.multi_sensor_fusion,out,6318091745504,1,/apollo/perception/obstacles,0,1071,1785125498486150240,0,72331600066511919,2,719157,719322
202607271211,e2e_trace_v3,1789,72331600066511920,0,perception.multi_sensor_fusion,in,6318180004032,1,/perception/fusion/input/velodyne64,0,0,1785125498580741403,0,0,0,719157,719334
202607271211,e2e_trace_v3,1790,17294096575131288580,0,perception.multi_sensor_fusion,out,6318181644928,1,/apollo/perception/obstacles,0,1072,1785125498580741403,0,72331600066511920,2,719157,719334
202607271211,e2e_trace_v3,1797,216446788142367715,0,perception.multi_sensor_fusion,in,6318202537792,1,/perception/fusion/input/radar_front,0,0,0,0,0,0,719157,719325
202607271211,e2e_trace_v3,1807,72331600066511921,0,perception.multi_sensor_fusion,in,6318295490240,1,/perception/fusion/input/velodyne64,0,0,1785125498680542575,0,0,0,719157,719325
202607271211,e2e_trace_v3,1808,17294096575131288581,0,perception.multi_sensor_fusion,out,6318296532064,1,/apollo/perception/obstacles,0,1073,1785125498680542575,0,72331600066511921,2,719157,719325
202607271211,e2e_trace_v3,1812,216446788142367716,0,perception.multi_sensor_fusion,in,6318303334944,1,/perception/fusion/input/radar_front,0,0,0,0,0,0,719157,719323
202607271211,e2e_trace_v3,1822,216446788142367717,0,perception.multi_sensor_fusion,in,6318388496096,1,/perception/fusion/input/radar_front,0,0,0,0,0,0,719157,719326
202607271211,e2e_trace_v3,1830,72331600066511922,0,perception.multi_sensor_fusion,in,6318405836608,1,/perception/fusion/input/velodyne64,0,0,1785125498780426444,0,0,0,719157,719322
202607271211,e2e_trace_v3,1831,17294096575131288582,0,perception.multi_sensor_fusion,out,6318407408896,1,/apollo/perception/obstacles,0,1074,1785125498780426444,0,72331600066511922,2,719157,719322
202607271211,e2e_trace_v3,1839,216446788142367718,0,perception.multi_sensor_fusion,in,6318487398016,1,/perception/fusion/input/radar_front,0,0,0,0,0,0,719157,719328
202607271211,e2e_trace_v3,1845,72331600066511923,0,perception.multi_sensor_fusion,in,6318496041184,1,/perception/fusion/input/velodyne64,0,0,1785125498885835096,0,0,0,719157,719322
202607271211,e2e_trace_v3,1846,17294096575131288583,0,perception.multi_sensor_fusion,out,6318496908992,1,/apollo/perception/obstacles,0,1075,1785125498885835096,0,72331600066511923,2,719157,719322
202607271211,e2e_trace_v3,1857,216446788142367719,0,perception.multi_sensor_fusion,in,6318584688064,1,/perception/fusion/input/radar_front,0,0,0,0,0,0,719157,719322
202607271211,e2e_trace_v3,1864,72331600066511924,0,perception.multi_sensor_fusion,in,6318595978432,1,/perception/fusion/input/velodyne64,0,0,1785125498980770447,0,0,0,719157,719328
202607271211,e2e_trace_v3,1865,17294096575131288584,0,perception.multi_sensor_fusion,out,6318597076992,1,/apollo/perception/obstacles,0,1076,1785125498980770447,0,72331600066511924,2,719157,719328
202607271211,e2e_trace_v3,1877,72331600066511925,0,perception.multi_sensor_fusion,in,6318684904896,1,/perception/fusion/input/velodyne64,0,0,1785125499080441654,0,0,0,719157,719328
202607271211,e2e_trace_v3,1878,17294096575131288585,0,perception.multi_sensor_fusion,out,6318685790560,1,/apollo/perception/obstacles,0,1077,1785125499080441654,0,72331600066511925,2,719157,719328
202607271211,e2e_trace_v3,1880,216446788142367720,0,perception.multi_sensor_fusion,in,6318689056768,1,/perception/fusion/input/radar_front,0,0,0,0,0,0,719157,719334
202607271211,e2e_trace_v3,1894,72331600066511926,0,perception.multi_sensor_fusion,in,6318785854144,1,/perception/fusion/input/velodyne64,0,0,1785125499180448911,0,0,0,719157,719327
202607271211,e2e_trace_v3,1895,17294096575131288586,0,perception.multi_sensor_fusion,out,6318787006144,1,/apollo/perception/obstacles,0,1078,1785125499180448911,0,72331600066511926,2,719157,719327
202607271211,e2e_trace_v3,1898,216446788142367721,0,perception.multi_sensor_fusion,in,6318796128928,1,/perception/fusion/input/radar_front,0,0,0,0,0,0,719157,719326
202607271211,e2e_trace_v3,1913,72331600066511927,0,perception.multi_sensor_fusion,in,6318885157760,1,/perception/fusion/input/velodyne64,0,0,1785125499280444924,0,0,0,719157,719328
202607271211,e2e_trace_v3,1914,17294096575131288587,0,perception.multi_sensor_fusion,out,6318886053888,1,/apollo/perception/obstacles,0,1079,1785125499280444924,0,72331600066511927,2,719157,719328
202607271211,e2e_trace_v3,1916,216446788142367722,0,perception.multi_sensor_fusion,in,6318887493408,1,/perception/fusion/input/radar_front,0,0,0,0,0,0,719157,719313
202607271211,e2e_trace_v3,1923,72331600066511928,0,perception.multi_sensor_fusion,in,6318974898560,1,/perception/fusion/input/velodyne64,0,0,1785125499380356147,0,0,0,719157,719323
202607271211,e2e_trace_v3,1924,17294096575131288588,0,perception.multi_sensor_fusion,out,6318975884480,1,/apollo/perception/obstacles,0,1080,1785125499380356147,0,72331600066511928,2,719157,719323
202607271211,e2e_trace_v3,1931,216446788142367723,0,perception.multi_sensor_fusion,in,6318989896192,1,/perception/fusion/input/radar_front,0,0,0,0,0,0,719157,719331
202607271211,e2e_trace_v3,1941,216446788142367724,0,perception.multi_sensor_fusion,in,6319084486688,1,/perception/fusion/input/radar_front,0,0,0,0,0,0,719157,719328
202607271211,e2e_trace_v3,1948,72331600066511929,0,perception.multi_sensor_fusion,in,6319087270688,1,/perception/fusion/input/velodyne64,0,0,1785125499480267304,0,0,0,719157,719313
202607271211,e2e_trace_v3,1950,17294096575131288589,0,perception.multi_sensor_fusion,out,6319088775200,1,/apollo/perception/obstacles,0,1081,1785125499480267304,0,72331600066511929,2,719157,719313
202607271211,e2e_trace_v3,1956,72331600066511930,0,perception.multi_sensor_fusion,in,6319176552192,1,/perception/fusion/input/velodyne64,0,0,1785125499580696787,0,0,0,719157,719328
202607271211,e2e_trace_v3,1957,17294096575131288590,0,perception.multi_sensor_fusion,out,6319177605792,1,/apollo/perception/obstacles,0,1082,1785125499580696787,0,72331600066511930,2,719157,719328
202607271211,e2e_trace_v3,1965,216446788142367725,0,perception.multi_sensor_fusion,in,6319223853184,1,/perception/fusion/input/radar_front,0,0,0,0,0,0,719157,719333
202607271211,e2e_trace_v3,1975,216446788142367726,0,perception.multi_sensor_fusion,in,6319312181536,1,/perception/fusion/input/radar_front,0,0,0,0,0,0,719157,719312
202607271211,e2e_trace_v3,1983,72331600066511931,0,perception.multi_sensor_fusion,in,6319327473152,1,/perception/fusion/input/velodyne64,0,0,1785125499680220356,0,0,0,719157,719328
202607271211,e2e_trace_v3,1984,17294096575131288591,0,perception.multi_sensor_fusion,out,6319328982688,1,/apollo/perception/obstacles,0,1083,1785125499680220356,0,72331600066511931,2,719157,719328
202607271211,e2e_trace_v3,1992,216446788142367727,0,perception.multi_sensor_fusion,in,6319390340704,1,/perception/fusion/input/radar_front,0,0,0,0,0,0,719157,719311
202607271211,e2e_trace_v3,2000,72331600066511932,0,perception.multi_sensor_fusion,in,6319417562304,1,/perception/fusion/input/velodyne64,0,0,1785125499809555864,0,0,0,719157,719323
202607271211,e2e_trace_v3,2001,17294096575131288592,0,perception.multi_sensor_fusion,out,6319419592960,1,/apollo/perception/obstacles,0,1084,1785125499809555864,0,72331600066511932,2,719157,719323
202607271211,e2e_trace_v3,2014,72331600066511933,0,perception.multi_sensor_fusion,in,6319518413536,1,/perception/fusion/input/velodyne64,0,0,1785125499893319742,0,0,0,719157,719330
202607271211,e2e_trace_v3,2016,17294096575131288593,0,perception.multi_sensor_fusion,out,6319520135136,1,/apollo/perception/obstacles,0,1085,1785125499893319742,0,72331600066511933,2,719157,719330
202607271211,e2e_trace_v3,2018,216446788142367728,0,perception.multi_sensor_fusion,in,6319533068512,1,/perception/fusion/input/radar_front,0,0,0,0,0,0,719157,719334
202607271211,e2e_trace_v3,2026,216446788142367729,0,perception.multi_sensor_fusion,in,6319584956192,1,/perception/fusion/input/radar_front,0,0,0,0,0,0,719157,719330
202607271211,e2e_trace_v3,2034,72331600066511934,0,perception.multi_sensor_fusion,in,6319606911456,1,/perception/fusion/input/velodyne64,0,0,1785125499980547150,0,0,0,719157,719331
202607271211,e2e_trace_v3,2035,17294096575131288594,0,perception.multi_sensor_fusion,out,6319607899264,1,/apollo/perception/obstacles,0,1086,1785125499980547150,0,72331600066511934,2,719157,719331
202607271211,e2e_trace_v3,2043,216446788142367730,0,perception.multi_sensor_fusion,in,6319689149920,1,/perception/fusion/input/radar_front,0,0,0,0,0,0,719157,719334
202607271211,e2e_trace_v3,2051,72331600066511935,0,perception.multi_sensor_fusion,in,6319700151360,1,/perception/fusion/input/velodyne64,0,0,1785125500080567438,0,0,0,719157,719330
202607271211,e2e_trace_v3,2052,17294096575131288595,0,perception.multi_sensor_fusion,out,6319701265248,1,/apollo/perception/obstacles,0,1087,1785125500080567438,0,72331600066511935,2,719157,719330
202607271211,e2e_trace_v3,2061,216446788142367731,0,perception.multi_sensor_fusion,in,6319788180288,1,/perception/fusion/input/radar_front,0,0,0,0,0,0,719157,719333
202607271211,e2e_trace_v3,2068,72331600066511936,0,perception.multi_sensor_fusion,in,6319789138880,1,/perception/fusion/input/velodyne64,0,0,1785125500180457533,0,0,0,719157,719313
202607271211,e2e_trace_v3,2069,17294096575131288596,0,perception.multi_sensor_fusion,out,6319790199104,1,/apollo/perception/obstacles,0,1088,1785125500180457533,0,72331600066511936,2,719157,719313
202607271211,e2e_trace_v3,2081,72331600066511937,0,perception.multi_sensor_fusion,in,6319882264480,1,/perception/fusion/input/velodyne64,0,0,1785125500280420487,0,0,0,719157,719329
202607271211,e2e_trace_v3,2084,17294096575131288597,0,perception.multi_sensor_fusion,out,6319883345152,1,/apollo/perception/obstacles,0,1089,1785125500280420487,0,72331600066511937,2,719157,719329
202607271211,e2e_trace_v3,2086,216446788142367732,0,perception.multi_sensor_fusion,in,6319885756096,1,/perception/fusion/input/radar_front,0,0,0,0,0,0,719157,719323
202607271211,e2e_trace_v3,2098,72331600066511938,0,perception.multi_sensor_fusion,in,6319975597760,1,/perception/fusion/input/velodyne64,0,0,1785125500380437745,0,0,0,719157,719323
202607271211,e2e_trace_v3,2099,17294096575131288598,0,perception.multi_sensor_fusion,out,6319976672832,1,/apollo/perception/obstacles,0,1090,1785125500380437745,0,72331600066511938,2,719157,719323
202607271211,e2e_trace_v3,2103,216446788142367733,0,perception.multi_sensor_fusion,in,6319986129280,1,/perception/fusion/input/radar_front,0,0,0,0,0,0,719157,719324
202607271211,e2e_trace_v3,2115,72331600066511939,0,perception.multi_sensor_fusion,in,6320077570112,1,/perception/fusion/input/velodyne64,0,0,1785125500480889798,0,0,0,719157,719311
202607271211,e2e_trace_v3,2116,17294096575131288599,0,perception.multi_sensor_fusion,out,6320078501856,1,/apollo/perception/obstacles,0,1091,1785125500480889798,0,72331600066511939,2,719157,719311
202607271211,e2e_trace_v3,2118,216446788142367734,0,perception.multi_sensor_fusion,in,6320085922784,1,/perception/fusion/input/radar_front,0,0,0,0,0,0,719157,719326
202607271211,e2e_trace_v3,2131,72331600066511940,0,perception.multi_sensor_fusion,in,6320188031168,1,/perception/fusion/input/velodyne64,0,0,1785125500580885837,0,0,0,719157,719329
202607271211,e2e_trace_v3,2132,17294096575131288600,0,perception.multi_sensor_fusion,out,6320189058720,1,/apollo/perception/obstacles,0,1092,1785125500580885837,0,72331600066511940,2,719157,719329
202607271211,e2e_trace_v3,2148,72331600066511941,0,perception.multi_sensor_fusion,in,6320283599872,1,/perception/fusion/input/velodyne64,0,0,1785125500680382908,0,0,0,719157,719333
202607271211,e2e_trace_v3,2149,17294096575131288601,0,perception.multi_sensor_fusion,out,6320284625056,1,/apollo/perception/obstacles,0,1093,1785125500680382908,0,72331600066511941,2,719157,719333
202607271211,e2e_trace_v3,2151,216446788142367735,0,perception.multi_sensor_fusion,in,6320295607168,1,/perception/fusion/input/radar_front,0,0,0,0,0,0,719157,719332
202607271211,e2e_trace_v3,2163,72331600066511942,0,perception.multi_sensor_fusion,in,6320373235424,1,/perception/fusion/input/velodyne64,0,0,1785125500780465596,0,0,0,719157,719322
202607271211,e2e_trace_v3,2164,17294096575131288602,0,perception.multi_sensor_fusion,out,6320374325856,1,/apollo/perception/obstacles,0,1094,1785125500780465596,0,72331600066511942,2,719157,719322
202607271211,e2e_trace_v3,2168,216446788142367736,0,perception.multi_sensor_fusion,in,6320384768576,1,/perception/fusion/input/radar_front,0,0,0,0,0,0,719157,719329
202607271211,e2e_trace_v3,2174,72331600066511943,0,perception.multi_sensor_fusion,in,6320471973280,1,/perception/fusion/input/velodyne64,0,0,1785125500880521383,0,0,0,719157,719325
202607271211,e2e_trace_v3,2175,17294096575131288603,0,perception.multi_sensor_fusion,out,6320473429344,1,/apollo/perception/obstacles,0,1095,1785125500880521383,0,72331600066511943,2,719157,719325
202607271211,e2e_trace_v3,2183,216446788142367737,0,perception.multi_sensor_fusion,in,6320495126176,1,/perception/fusion/input/radar_front,0,0,0,0,0,0,719157,719330
202607271211,e2e_trace_v3,2197,72331600066511944,0,perception.multi_sensor_fusion,in,6320593867616,1,/perception/fusion/input/velodyne64,0,0,1785125500980466118,0,0,0,719157,719333
202607271211,e2e_trace_v3,2198,17294096575131288604,0,perception.multi_sensor_fusion,out,6320595235520,1,/apollo/perception/obstacles,0,1096,1785125500980466118,0,72331600066511944,2,719157,719333
202607271211,e2e_trace_v3,2202,216446788142367738,0,perception.multi_sensor_fusion,in,6320601034528,1,/perception/fusion/input/radar_front,0,0,0,0,0,0,719157,719332
202607271211,e2e_trace_v3,2214,72331600066511945,0,perception.multi_sensor_fusion,in,6320690911392,1,/perception/fusion/input/velodyne64,0,0,1785125501080669533,0,0,0,719157,719322
202607271211,e2e_trace_v3,2215,17294096575131288605,0,perception.multi_sensor_fusion,out,6320692156064,1,/apollo/perception/obstacles,0,1097,1785125501080669533,0,72331600066511945,2,719157,719322
202607271211,e2e_trace_v3,2217,216446788142367739,0,perception.multi_sensor_fusion,in,6320698314016,1,/perception/fusion/input/radar_front,0,0,0,0,0,0,719157,719323
202607271211,e2e_trace_v3,2228,216446788142367740,0,perception.multi_sensor_fusion,in,6320784531584,1,/perception/fusion/input/radar_front,0,0,0,0,0,0,719157,719323
202607271211,e2e_trace_v3,2235,72331600066511946,0,perception.multi_sensor_fusion,in,6320797955648,1,/perception/fusion/input/velodyne64,0,0,1785125501180854418,0,0,0,719157,719326
202607271211,e2e_trace_v3,2236,17294096575131288606,0,perception.multi_sensor_fusion,out,6320799008416,1,/apollo/perception/obstacles,0,1098,1785125501180854418,0,72331600066511946,2,719157,719326
202607271211,e2e_trace_v3,2245,216446788142367741,0,perception.multi_sensor_fusion,in,6320885105568,1,/perception/fusion/input/radar_front,0,0,0,0,0,0,719157,719324
202607271211,e2e_trace_v3,2252,72331600066511947,0,perception.multi_sensor_fusion,in,6320886538752,1,/perception/fusion/input/velodyne64,0,0,1785125501280611244,0,0,0,719157,719322
202607271211,e2e_trace_v3,2253,17294096575131288607,0,perception.multi_sensor_fusion,out,6320887649152,1,/apollo/perception/obstacles,0,1099,1785125501280611244,0,72331600066511947,2,719157,719322
202607271211,e2e_trace_v3,2265,72331600066511948,0,perception.multi_sensor_fusion,in,6320974942016,1,/perception/fusion/input/velodyne64,0,0,1785125501380293619,0,0,0,719157,719322
202607271211,e2e_trace_v3,2266,17294096575131288608,0,perception.multi_sensor_fusion,out,6320975910496,1,/apollo/perception/obstacles,0,1100,1785125501380293619,0,72331600066511948,2,719157,719322
202607271211,e2e_trace_v3,2270,216446788142367742,0,perception.multi_sensor_fusion,in,6320984933344,1,/perception/fusion/input/radar_front,0,0,0,0,0,0,719157,719330
202607271211,e2e_trace_v3,2281,72331600066511949,0,perception.multi_sensor_fusion,in,6321075469344,1,/perception/fusion/input/velodyne64,0,0,1785125501480612692,0,0,0,719157,719330
202607271211,e2e_trace_v3,2282,17294096575131288609,0,perception.multi_sensor_fusion,out,6321076425504,1,/apollo/perception/obstacles,0,1101,1785125501480612692,0,72331600066511949,2,719157,719330
202607271211,e2e_trace_v3,2287,216446788142367743,0,perception.multi_sensor_fusion,in,6321086168288,1,/perception/fusion/input/radar_front,0,0,0,0,0,0,719157,719327
202607271211,e2e_trace_v3,2299,72331600066511950,0,perception.multi_sensor_fusion,in,6321172746816,1,/perception/fusion/input/velodyne64,0,0,1785125501580317514,0,0,0,719157,719313
202607271211,e2e_trace_v3,2300,17294096575131288610,0,perception.multi_sensor_fusion,out,6321173847552,1,/apollo/perception/obstacles,0,1102,1785125501580317514,0,72331600066511950,2,719157,719313
202607271211,e2e_trace_v3,2304,216446788142367744,0,perception.multi_sensor_fusion,in,6321184917120,1,/perception/fusion/input/radar_front,0,0,0,0,0,0,719157,719332
202607271211,e2e_trace_v3,2316,72331600066511951,0,perception.multi_sensor_fusion,in,6321275924736,1,/perception/fusion/input/velodyne64,0,0,1785125501680369413,0,0,0,719157,719332
202607271211,e2e_trace_v3,2317,17294096575131288611,0,perception.multi_sensor_fusion,out,6321276992256,1,/apollo/perception/obstacles,0,1103,1785125501680369413,0,72331600066511951,2,719157,719332
202607271211,e2e_trace_v3,2321,216446788142367745,0,perception.multi_sensor_fusion,in,6321285310336,1,/perception/fusion/input/radar_front,0,0,0,0,0,0,719157,719311
202607271211,e2e_trace_v3,2331,72331600066511952,0,perception.multi_sensor_fusion,in,6321374965184,1,/perception/fusion/input/velodyne64,0,0,1785125501780207741,0,0,0,719157,719331
202607271211,e2e_trace_v3,2332,17294096575131288612,0,perception.multi_sensor_fusion,out,6321376610752,1,/apollo/perception/obstacles,0,1104,1785125501780207741,0,72331600066511952,2,719157,719331
202607271211,e2e_trace_v3,2336,216446788142367746,0,perception.multi_sensor_fusion,in,6321385059008,1,/perception/fusion/input/radar_front,0,0,0,0,0,0,719157,719323
202607271211,e2e_trace_v3,2350,72331600066511953,0,perception.multi_sensor_fusion,in,6321482289216,1,/perception/fusion/input/velodyne64,0,0,1785125501880332423,0,0,0,719157,719332
202607271211,e2e_trace_v3,2353,17294096575131288613,0,perception.multi_sensor_fusion,out,6321483366656,1,/apollo/perception/obstacles,0,1105,1785125501880332423,0,72331600066511953,2,719157,719332
202607271211,e2e_trace_v3,2355,216446788142367747,0,perception.multi_sensor_fusion,in,6321484997728,1,/perception/fusion/input/radar_front,0,0,0,0,0,0,719157,719330
202607271211,e2e_trace_v3,2367,72331600066511954,0,perception.multi_sensor_fusion,in,6321573713440,1,/perception/fusion/input/velodyne64,0,0,1785125501980232920,0,0,0,719157,719325
202607271211,e2e_trace_v3,2368,17294096575131288614,0,perception.multi_sensor_fusion,out,6321574801792,1,/apollo/perception/obstacles,0,1106,1785125501980232920,0,72331600066511954,2,719157,719325
202607271211,e2e_trace_v3,2372,216446788142367748,0,perception.multi_sensor_fusion,in,6321584784992,1,/perception/fusion/input/radar_front,0,0,0,0,0,0,719157,719329
202607271211,e2e_trace_v3,2378,72331600066511955,0,perception.multi_sensor_fusion,in,6321671399424,1,/perception/fusion/input/velodyne64,0,0,1785125502080474092,0,0,0,719157,719331
202607271211,e2e_trace_v3,2380,17294096575131288615,0,perception.multi_sensor_fusion,out,6321673001152,1,/apollo/perception/obstacles,0,1107,1785125502080474092,0,72331600066511955,2,719157,719331
202607271211,e2e_trace_v3,2389,216446788142367749,0,perception.multi_sensor_fusion,in,6321697195520,1,/perception/fusion/input/radar_front,0,0,0,0,0,0,719157,719327
202607271211,e2e_trace_v3,2401,72331600066511956,0,perception.multi_sensor_fusion,in,6321782848736,1,/perception/fusion/input/velodyne64,0,0,1785125502180517302,0,0,0,719157,719329
202607271211,e2e_trace_v3,2402,17294096575131288616,0,perception.multi_sensor_fusion,out,6321783941504,1,/apollo/perception/obstacles,0,1108,1785125502180517302,0,72331600066511956,2,719157,719329
202607271211,e2e_trace_v3,2406,216446788142367750,0,perception.multi_sensor_fusion,in,6321786435840,1,/perception/fusion/input/radar_front,0,0,0,0,0,0,719157,719313
202607271211,e2e_trace_v3,2418,72331600066511957,0,perception.multi_sensor_fusion,in,6321876394432,1,/perception/fusion/input/velodyne64,0,0,1785125502280386738,0,0,0,719157,719325
202607271211,e2e_trace_v3,2419,17294096575131288617,0,perception.multi_sensor_fusion,out,6321877297376,1,/apollo/perception/obstacles,0,1109,1785125502280386738,0,72331600066511957,2,719157,719325
202607271211,e2e_trace_v3,2423,216446788142367751,0,perception.multi_sensor_fusion,in,6321885837600,1,/perception/fusion/input/radar_front,0,0,0,0,0,0,719157,719334
202607271211,e2e_trace_v3,2433,72331600066511958,0,perception.multi_sensor_fusion,in,6321972986976,1,/perception/fusion/input/velodyne64,0,0,1785125502380467713,0,0,0,719157,719327
202607271211,e2e_trace_v3,2436,17294096575131288618,0,perception.multi_sensor_fusion,out,6321974214880,1,/apollo/perception/obstacles,0,1110,1785125502380467713,0,72331600066511958,2,719157,719327
202607271211,e2e_trace_v3,2440,216446788142367752,0,perception.multi_sensor_fusion,in,6321985485248,1,/perception/fusion/input/radar_front,0,0,0,0,0,0,719157,719331
202607271211,e2e_trace_v3,2446,72331600066511959,0,perception.multi_sensor_fusion,in,6322072713120,1,/perception/fusion/input/velodyne64,0,0,1785125502480320555,0,0,0,719157,719324
202607271211,e2e_trace_v3,2447,17294096575131288619,0,perception.multi_sensor_fusion,out,6322073969312,1,/apollo/perception/obstacles,0,1111,1785125502480320555,0,72331600066511959,2,719157,719324
202607271211,e2e_trace_v3,2455,216446788142367753,0,perception.multi_sensor_fusion,in,6322091366976,1,/perception/fusion/input/radar_front,0,0,0,0,0,0,719157,719330
202607271211,e2e_trace_v3,2469,72331600066511960,0,perception.multi_sensor_fusion,in,6322181196352,1,/perception/fusion/input/velodyne64,0,0,1785125502580397464,0,0,0,719157,719313
202607271211,e2e_trace_v3,2470,17294096575131288620,0,perception.multi_sensor_fusion,out,6322182357120,1,/apollo/perception/obstacles,0,1112,1785125502580397464,0,72331600066511960,2,719157,719313
202607271211,e2e_trace_v3,2472,216446788142367754,0,perception.multi_sensor_fusion,in,6322186703008,1,/perception/fusion/input/radar_front,0,0,0,0,0,0,719157,719332
202607271211,e2e_trace_v3,2482,72331600066511961,0,perception.multi_sensor_fusion,in,6322281557728,1,/perception/fusion/input/velodyne64,0,0,1785125502680685876,0,0,0,719157,719324
202607271211,e2e_trace_v3,2485,17294096575131288621,0,perception.multi_sensor_fusion,out,6322282581472,1,/apollo/perception/obstacles,0,1113,1785125502680685876,0,72331600066511961,2,719157,719324
202607271211,e2e_trace_v3,2489,216446788142367755,0,perception.multi_sensor_fusion,in,6322293956704,1,/perception/fusion/input/radar_front,0,0,0,0,0,0,719157,719326
202607271211,e2e_trace_v3,2499,72331600066511962,0,perception.multi_sensor_fusion,in,6322387456768,1,/perception/fusion/input/velodyne64,0,0,1785125502781153145,0,0,0,719157,719327
202607271211,e2e_trace_v3,2500,17294096575131288622,0,perception.multi_sensor_fusion,out,6322388587392,1,/apollo/perception/obstacles,0,1114,1785125502781153145,0,72331600066511962,2,719157,719327
202607271211,e2e_trace_v3,2506,216446788142367756,0,perception.multi_sensor_fusion,in,6322399689568,1,/perception/fusion/input/radar_front,0,0,0,0,0,0,719157,719325
202607271211,e2e_trace_v3,2519,72331600066511963,0,perception.multi_sensor_fusion,in,6322489442624,1,/perception/fusion/input/velodyne64,0,0,1785125502880489698,0,0,0,719157,719325
202607271211,e2e_trace_v3,2520,17294096575131288623,0,perception.multi_sensor_fusion,out,6322490434720,1,/apollo/perception/obstacles,0,1115,1785125502880489698,0,72331600066511963,2,719157,719325
202607271211,e2e_trace_v3,2531,72331600066511964,0,perception.multi_sensor_fusion,in,6322582221504,1,/perception/fusion/input/velodyne64,0,0,1785125502982831492,0,0,0,719157,719323
202607271211,e2e_trace_v3,2532,17294096575131288624,0,perception.multi_sensor_fusion,out,6322583131328,1,/apollo/perception/obstacles,0,1116,1785125502982831492,0,72331600066511964,2,719157,719323
202607271211,e2e_trace_v3,2550,72331600066511965,0,perception.multi_sensor_fusion,in,6322682321248,1,/perception/fusion/input/velodyne64,0,0,1785125503080848216,0,0,0,719157,719332
202607271211,e2e_trace_v3,2551,17294096575131288625,0,perception.multi_sensor_fusion,out,6322683243136,1,/apollo/perception/obstacles,0,1117,1785125503080848216,0,72331600066511965,1,719157,719332
202607271211,e2e_trace_v3,2553,216446788142367757,0,perception.multi_sensor_fusion,in,6322684161760,1,/perception/fusion/input/radar_front,0,0,0,0,0,0,719157,719323
202607271211,e2e_trace_v3,2556,216446788142367758,0,perception.multi_sensor_fusion,in,6322696912000,1,/perception/fusion/input/radar_front,0,0,0,0,0,0,719157,719328
202607271211,e2e_trace_v3,2570,72331600066511966,0,perception.multi_sensor_fusion,in,6322781614400,1,/perception/fusion/input/velodyne64,0,0,1785125503180906486,0,0,0,719157,719330
202607271211,e2e_trace_v3,2571,17294096575131288626,0,perception.multi_sensor_fusion,out,6322783159136,1,/apollo/perception/obstacles,0,1118,1785125503180906486,0,72331600066511966,2,719157,719330
202607271211,e2e_trace_v3,2573,216446788142367759,0,perception.multi_sensor_fusion,in,6322785606208,1,/perception/fusion/input/radar_front,0,0,0,0,0,0,719157,719327
202607271211,e2e_trace_v3,2579,72331600066511967,0,perception.multi_sensor_fusion,in,6322868847456,1,/perception/fusion/input/velodyne64,0,0,1785125503280198811,0,0,0,719157,719333
202607271211,e2e_trace_v3,2580,17294096575131288627,0,perception.multi_sensor_fusion,out,6322869880224,1,/apollo/perception/obstacles,0,1119,1785125503280198811,0,72331600066511967,2,719157,719333
202607271211,e2e_trace_v3,2588,216446788142367760,0,perception.multi_sensor_fusion,in,6322894836256,1,/perception/fusion/input/radar_front,0,0,0,0,0,0,719157,719322
202607271211,e2e_trace_v3,2604,216446788142367761,0,perception.multi_sensor_fusion,in,6322985067648,1,/perception/fusion/input/radar_front,0,0,0,0,0,0,719157,719326
202607271211,e2e_trace_v3,2617,72331600066511969,0,perception.multi_sensor_fusion,in,6323073796512,1,/perception/fusion/input/velodyne64,0,0,1785125503482907002,0,0,0,719157,719312
202607271211,e2e_trace_v3,2618,17294096575131288628,0,perception.multi_sensor_fusion,out,6323075458880,1,/apollo/perception/obstacles,0,1121,1785125503482907002,0,72331600066511969,2,719157,719312
202607271211,e2e_trace_v3,2622,216446788142367762,0,perception.multi_sensor_fusion,in,6323084703616,1,/perception/fusion/input/radar_front,0,0,0,0,0,0,719157,719323
202607271211,e2e_trace_v3,2633,72331600066511970,0,perception.multi_sensor_fusion,in,6323171834240,1,/perception/fusion/input/velodyne64,0,0,1785125503580485544,0,0,0,719157,719325
202607271211,e2e_trace_v3,2635,17294096575131288629,0,perception.multi_sensor_fusion,out,6323173274048,1,/apollo/perception/obstacles,0,1122,1785125503580485544,0,72331600066511970,2,719157,719325
202607271211,e2e_trace_v3,2637,216446788142367763,0,perception.multi_sensor_fusion,in,6323185153248,1,/perception/fusion/input/radar_front,0,0,0,0,0,0,719157,719324
202607271211,e2e_trace_v3,2651,72331600066511971,0,perception.multi_sensor_fusion,in,6323281666016,1,/perception/fusion/input/velodyne64,0,0,1785125503680513122,0,0,0,719157,719324
202607271211,e2e_trace_v3,2653,17294096575131288630,0,perception.multi_sensor_fusion,out,6323282652416,1,/apollo/perception/obstacles,0,1123,1785125503680513122,0,72331600066511971,2,719157,719324
202607271211,e2e_trace_v3,2656,216446788142367764,0,perception.multi_sensor_fusion,in,6323285302688,1,/perception/fusion/input/radar_front,0,0,0,0,0,0,719157,719326
202607271211,e2e_trace_v3,2668,72331600066511972,0,perception.multi_sensor_fusion,in,6323372505248,1,/perception/fusion/input/velodyne64,0,0,1785125503780614432,0,0,0,719157,719322
202607271211,e2e_trace_v3,2669,17294096575131288631,0,perception.multi_sensor_fusion,out,6323373607392,1,/apollo/perception/obstacles,0,1124,1785125503780614432,0,72331600066511972,2,719157,719322
202607271211,e2e_trace_v3,2671,216446788142367765,0,perception.multi_sensor_fusion,in,6323385015776,1,/perception/fusion/input/radar_front,0,0,0,0,0,0,719157,719323
202607271211,e2e_trace_v3,2685,72331600066511973,0,perception.multi_sensor_fusion,in,6323479341248,1,/perception/fusion/input/velodyne64,0,0,1785125503880704475,0,0,0,719157,719311
202607271211,e2e_trace_v3,2686,17294096575131288632,0,perception.multi_sensor_fusion,out,6323480365024,1,/apollo/perception/obstacles,0,1125,1785125503880704475,0,72331600066511973,2,719157,719311
202607271211,e2e_trace_v3,2688,216446788142367766,0,perception.multi_sensor_fusion,in,6323485089856,1,/perception/fusion/input/radar_front,0,0,0,0,0,0,719157,719324
202607271211,e2e_trace_v3,2696,72331600066511974,0,perception.multi_sensor_fusion,in,6323581302336,1,/perception/fusion/input/velodyne64,0,0,1785125503980383422,0,0,0,719157,719323
202607271211,e2e_trace_v3,2698,17294096575131288633,0,perception.multi_sensor_fusion,out,6323582394848,1,/apollo/perception/obstacles,0,1126,1785125503980383422,0,72331600066511974,2,719157,719323
202607271211,e2e_trace_v3,2713,216446788142367767,0,perception.multi_sensor_fusion,in,6323695618464,1,/perception/fusion/input/radar_front,0,0,0,0,0,0,719157,719327
202607271211,e2e_trace_v3,2720,72331600066511975,0,perception.multi_sensor_fusion,in,6323707069728,1,/perception/fusion/input/velodyne64,0,0,1785125504080464545,0,0,0,719157,719325
202607271211,e2e_trace_v3,2721,17294096575131288634,0,perception.multi_sensor_fusion,out,6323708418048,1,/apollo/perception/obstacles,0,1127,1785125504080464545,0,72331600066511975,2,719157,719325
202607271211,e2e_trace_v3,2730,216446788142367768,0,perception.multi_sensor_fusion,in,6323785252992,1,/perception/fusion/input/radar_front,0,0,0,0,0,0,719157,719325
202607271211,e2e_trace_v3,2737,72331600066511976,0,perception.multi_sensor_fusion,in,6323797237248,1,/perception/fusion/input/velodyne64,0,0,1785125504180513850,0,0,0,719157,719323
202607271211,e2e_trace_v3,2738,17294096575131288635,0,perception.multi_sensor_fusion,out,6323798626144,1,/apollo/perception/obstacles,0,1128,1785125504180513850,0,72331600066511976,2,719157,719323
202607271211,e2e_trace_v3,2746,216446788142367769,0,perception.multi_sensor_fusion,in,6323884747104,1,/perception/fusion/input/radar_front,0,0,0,0,0,0,719157,719311
202607271211,e2e_trace_v3,2752,72331600066511977,0,perception.multi_sensor_fusion,in,6323886140608,1,/perception/fusion/input/velodyne64,0,0,1785125504280751965,0,0,0,719157,719323
202607271211,e2e_trace_v3,2753,17294096575131288636,0,perception.multi_sensor_fusion,out,6323887141472,1,/apollo/perception/obstacles,0,1129,1785125504280751965,0,72331600066511977,2,719157,719323
202607271211,e2e_trace_v3,2769,72331600066511978,0,perception.multi_sensor_fusion,in,6323983354528,1,/perception/fusion/input/velodyne64,0,0,1785125504380608955,0,0,0,719157,719327
202607271211,e2e_trace_v3,2771,17294096575131288637,0,perception.multi_sensor_fusion,out,6323984574496,1,/apollo/perception/obstacles,0,1130,1785125504380608955,0,72331600066511978,2,719157,719327
202607271211,e2e_trace_v3,2772,216446788142367770,0,perception.multi_sensor_fusion,in,6323984753856,1,/perception/fusion/input/radar_front,0,0,0,0,0,0,719157,719327
202607271211,e2e_trace_v3,2783,72331600066511979,0,perception.multi_sensor_fusion,in,6324073084800,1,/perception/fusion/input/velodyne64,0,0,1785125504480729050,0,0,0,719157,719325
202607271211,e2e_trace_v3,2784,17294096575131288638,0,perception.multi_sensor_fusion,out,6324074146240,1,/apollo/perception/obstacles,0,1131,1785125504480729050,0,72331600066511979,2,719157,719325
202607271211,e2e_trace_v3,2788,216446788142367771,0,perception.multi_sensor_fusion,in,6324086943904,1,/perception/fusion/input/radar_front,0,0,0,0,0,0,719157,719311
202607271211,e2e_trace_v3,2801,72331600066511980,0,perception.multi_sensor_fusion,in,6324175110304,1,/perception/fusion/input/velodyne64,0,0,1785125504580474594,0,0,0,719157,719324
202607271211,e2e_trace_v3,2802,17294096575131288639,0,perception.multi_sensor_fusion,out,6324176163168,1,/apollo/perception/obstacles,0,1132,1785125504580474594,0,72331600066511980,2,719157,719324
202607271211,e2e_trace_v3,2806,216446788142367772,0,perception.multi_sensor_fusion,in,6324184456416,1,/perception/fusion/input/radar_front,0,0,0,0,0,0,719157,719312
202607271211,e2e_trace_v3,2815,72331600066511981,0,perception.multi_sensor_fusion,in,6324271618848,1,/perception/fusion/input/velodyne64,0,0,1785125504680355708,0,0,0,719157,719324
202607271211,e2e_trace_v3,2816,17294096575131288640,0,perception.multi_sensor_fusion,out,6324272706656,1,/apollo/perception/obstacles,0,1133,1785125504680355708,0,72331600066511981,2,719157,719324
202607271211,e2e_trace_v3,2823,216446788142367773,0,perception.multi_sensor_fusion,in,6324287210464,1,/perception/fusion/input/radar_front,0,0,0,0,0,0,719157,719329
202607271211,e2e_trace_v3,2829,72331600066511982,0,perception.multi_sensor_fusion,in,6324374638784,1,/perception/fusion/input/velodyne64,0,0,1785125504780492012,0,0,0,719157,719326
202607271211,e2e_trace_v3,2830,17294096575131288641,0,perception.multi_sensor_fusion,out,6324375936352,1,/apollo/perception/obstacles,0,1134,1785125504780492012,0,72331600066511982,2,719157,719326
202607271211,e2e_trace_v3,2839,216446788142367774,0,perception.multi_sensor_fusion,in,6324404067520,1,/perception/fusion/input/radar_front,0,0,0,0,0,0,719157,719324
202607271211,e2e_trace_v3,2846,216446788142367775,0,perception.multi_sensor_fusion,in,6324489906784,1,/perception/fusion/input/radar_front,0,0,0,0,0,0,719157,719328
202607271211,e2e_trace_v3,2852,72331600066511983,0,perception.multi_sensor_fusion,in,6324492947456,1,/perception/fusion/input/velodyne64,0,0,1785125504880374471,0,0,0,719157,719311
202607271211,e2e_trace_v3,2853,17294096575131288642,0,perception.multi_sensor_fusion,out,6324493893120,1,/apollo/perception/obstacles,0,1135,1785125504880374471,0,72331600066511983,2,719157,719311
202607271211,e2e_trace_v3,2865,216446788142367776,0,perception.multi_sensor_fusion,in,6324600818912,1,/perception/fusion/input/radar_front,0,0,0,0,0,0,719157,719327
202607271211,e2e_trace_v3,2873,72331600066511984,0,perception.multi_sensor_fusion,in,6324613559808,1,/perception/fusion/input/velodyne64,0,0,1785125504983149860,0,0,0,719157,719325
202607271211,e2e_trace_v3,2874,17294096575131288643,0,perception.multi_sensor_fusion,out,6324614761312,1,/apollo/perception/obstacles,0,1136,1785125504983149860,0,72331600066511984,2,719157,719325
202607271211,e2e_trace_v3,2882,216446788142367777,0,perception.multi_sensor_fusion,in,6324694294848,1,/perception/fusion/input/radar_front,0,0,0,0,0,0,719157,719322
202607271211,e2e_trace_v3,2890,72331600066511985,0,perception.multi_sensor_fusion,in,6324702365344,1,/perception/fusion/input/velodyne64,0,0,1785125505081293750,0,0,0,719157,719327
202607271211,e2e_trace_v3,2891,17294096575131288644,0,perception.multi_sensor_fusion,out,6324703536832,1,/apollo/perception/obstacles,0,1137,1785125505081293750,0,72331600066511985,2,719157,719327
202607271211,e2e_trace_v3,2900,216446788142367778,0,perception.multi_sensor_fusion,in,6324784015840,1,/perception/fusion/input/radar_front,0,0,0,0,0,0,719157,719331
202607271211,e2e_trace_v3,2907,72331600066511986,0,perception.multi_sensor_fusion,in,6324790979136,1,/perception/fusion/input/velodyne64,0,0,1785125505187855037,0,0,0,719157,719322
202607271211,e2e_trace_v3,2908,17294096575131288645,0,perception.multi_sensor_fusion,out,6324792160384,1,/apollo/perception/obstacles,0,1138,1785125505187855037,0,72331600066511986,2,719157,719322
202607271211,e2e_trace_v3,2919,72331600066511987,0,perception.multi_sensor_fusion,in,6324878743616,1,/perception/fusion/input/velodyne64,0,0,1785125505281569105,0,0,0,719157,719322
202607271211,e2e_trace_v3,2920,17294096575131288646,0,perception.multi_sensor_fusion,out,6324879883680,1,/apollo/perception/obstacles,0,1139,1785125505281569105,0,72331600066511987,2,719157,719322
202607271211,e2e_trace_v3,2923,216446788142367779,0,perception.multi_sensor_fusion,in,6324883574368,1,/perception/fusion/input/radar_front,0,0,0,0,0,0,719157,719325
202607271211,e2e_trace_v3,2937,72331600066511988,0,perception.multi_sensor_fusion,in,6324978729792,1,/perception/fusion/input/velodyne64,0,0,1785125505380550814,0,0,0,719157,719311
202607271211,e2e_trace_v3,2938,17294096575131288647,0,perception.multi_sensor_fusion,out,6324980044160,1,/apollo/perception/obstacles,0,1140,1785125505380550814,0,72331600066511988,2,719157,719311
202607271211,e2e_trace_v3,2940,216446788142367780,0,perception.multi_sensor_fusion,in,6324985541184,1,/perception/fusion/input/radar_front,0,0,0,0,0,0,719157,719329
202607271211,e2e_trace_v3,2953,72331600066511989,0,perception.multi_sensor_fusion,in,6325076371616,1,/perception/fusion/input/velodyne64,0,0,1785125505480584911,0,0,0,719157,719324
202607271211,e2e_trace_v3,2954,17294096575131288648,0,perception.multi_sensor_fusion,out,6325077456128,1,/apollo/perception/obstacles,0,1141,1785125505480584911,0,72331600066511989,2,719157,719324
202607271211,e2e_trace_v3,2957,216446788142367781,0,perception.multi_sensor_fusion,in,6325084150048,1,/perception/fusion/input/radar_front,0,0,0,0,0,0,719157,719313
202607271211,e2e_trace_v3,2971,72331600066511990,0,perception.multi_sensor_fusion,in,6325176607520,1,/perception/fusion/input/velodyne64,0,0,1785125505580461719,0,0,0,719157,719322
202607271211,e2e_trace_v3,2972,17294096575131288649,0,perception.multi_sensor_fusion,out,6325177878848,1,/apollo/perception/obstacles,0,1142,1785125505580461719,0,72331600066511990,2,719157,719322
202607271211,e2e_trace_v3,2976,216446788142367782,0,perception.multi_sensor_fusion,in,6325184434688,1,/perception/fusion/input/radar_front,0,0,0,0,0,0,719157,719333
202607271211,e2e_trace_v3,2983,72331600066511991,0,perception.multi_sensor_fusion,in,6325270445824,1,/perception/fusion/input/velodyne64,0,0,1785125505680554262,0,0,0,719157,719325
202607271211,e2e_trace_v3,2984,17294096575131288650,0,perception.multi_sensor_fusion,out,6325271933728,1,/apollo/perception/obstacles,0,1143,1785125505680554262,0,72331600066511991,2,719157,719325
202607271211,e2e_trace_v3,2993,216446788142367783,0,perception.multi_sensor_fusion,in,6325287680864,1,/perception/fusion/input/radar_front,0,0,0,0,0,0,719157,719312
202607271211,e2e_trace_v3,3003,72331600066511992,0,perception.multi_sensor_fusion,in,6325375679040,1,/perception/fusion/input/velodyne64,0,0,1785125505780368831,0,0,0,719157,719327
202607271211,e2e_trace_v3,3004,17294096575131288651,0,perception.multi_sensor_fusion,out,6325376525536,1,/apollo/perception/obstacles,0,1144,1785125505780368831,0,72331600066511992,2,719157,719327
202607271211,e2e_trace_v3,3008,216446788142367784,0,perception.multi_sensor_fusion,in,6325383580544,1,/perception/fusion/input/radar_front,0,0,0,0,0,0,719157,719322
202607271211,e2e_trace_v3,3020,216446788142367785,0,perception.multi_sensor_fusion,in,6325483902400,1,/perception/fusion/input/radar_front,0,0,0,0,0,0,719157,719330
202607271211,e2e_trace_v3,3024,72331600066511993,0,perception.multi_sensor_fusion,in,6325484226304,1,/perception/fusion/input/velodyne64,0,0,1785125505880462490,0,0,0,719157,719333
202607271211,e2e_trace_v3,3025,17294096575131288652,0,perception.multi_sensor_fusion,out,6325485471712,1,/apollo/perception/obstacles,0,1145,1785125505880462490,0,72331600066511993,2,719157,719333
202607271211,e2e_trace_v3,3039,72331600066511994,0,perception.multi_sensor_fusion,in,6325577328096,1,/perception/fusion/input/velodyne64,0,0,1785125505980322568,0,0,0,719157,719326
202607271211,e2e_trace_v3,3040,17294096575131288653,0,perception.multi_sensor_fusion,out,6325578334720,1,/apollo/perception/obstacles,0,1146,1785125505980322568,0,72331600066511994,2,719157,719326
202607271211,e2e_trace_v3,3042,216446788142367786,0,perception.multi_sensor_fusion,in,6325583990624,1,/perception/fusion/input/radar_front,0,0,0,0,0,0,719157,719322
202607271211,e2e_trace_v3,3058,72331600066511995,0,perception.multi_sensor_fusion,in,6325681722592,1,/perception/fusion/input/velodyne64,0,0,1785125506080319977,0,0,0,719157,719325
202607271211,e2e_trace_v3,3059,17294096575131288654,0,perception.multi_sensor_fusion,out,6325682900608,1,/apollo/perception/obstacles,0,1147,1785125506080319977,0,72331600066511995,2,719157,719325
202607271211,e2e_trace_v3,3061,216446788142367787,0,perception.multi_sensor_fusion,in,6325684628928,1,/perception/fusion/input/radar_front,0,0,0,0,0,0,719157,719333
202607271211,e2e_trace_v3,3070,72331600066511996,0,perception.multi_sensor_fusion,in,6325770681248,1,/perception/fusion/input/velodyne64,0,0,1785125506180396678,0,0,0,719157,719330
202607271211,e2e_trace_v3,3072,17294096575131288655,0,perception.multi_sensor_fusion,out,6325771934720,1,/apollo/perception/obstacles,0,1148,1785125506180396678,0,72331600066511996,2,719157,719330
202607271211,e2e_trace_v3,3076,216446788142367788,0,perception.multi_sensor_fusion,in,6325783826144,1,/perception/fusion/input/radar_front,0,0,0,0,0,0,719157,719329
202607271211,e2e_trace_v3,3090,72331600066511997,0,perception.multi_sensor_fusion,in,6325877741216,1,/perception/fusion/input/velodyne64,0,0,1785125506280510599,0,0,0,719157,719327
202607271211,e2e_trace_v3,3091,17294096575131288656,0,perception.multi_sensor_fusion,out,6325878921376,1,/apollo/perception/obstacles,0,1149,1785125506280510599,0,72331600066511997,2,719157,719327
202607271211,e2e_trace_v3,3093,216446788142367789,0,perception.multi_sensor_fusion,in,6325887302048,1,/perception/fusion/input/radar_front,0,0,0,0,0,0,719157,719333
202607271211,e2e_trace_v3,3104,216446788142367790,0,perception.multi_sensor_fusion,in,6325984600544,1,/perception/fusion/input/radar_front,0,0,0,0,0,0,719157,719331
202607271211,e2e_trace_v3,3111,72331600066511998,0,perception.multi_sensor_fusion,in,6325985867104,1,/perception/fusion/input/velodyne64,0,0,1785125506380461457,0,0,0,719157,719313
202607271211,e2e_trace_v3,3112,17294096575131288657,0,perception.multi_sensor_fusion,out,6325987055232,1,/apollo/perception/obstacles,0,1150,1785125506380461457,0,72331600066511998,2,719157,719313
202607271211,e2e_trace_v3,3124,72331600066511999,0,perception.multi_sensor_fusion,in,6326077483648,1,/perception/fusion/input/velodyne64,0,0,1785125506480383481,0,0,0,719157,719313
202607271211,e2e_trace_v3,3125,17294096575131288658,0,perception.multi_sensor_fusion,out,6326079050048,1,/apollo/perception/obstacles,0,1151,1785125506480383481,0,72331600066511999,2,719157,719313
202607271211,e2e_trace_v3,3127,216446788142367791,0,perception.multi_sensor_fusion,in,6326087747328,1,/perception/fusion/input/radar_front,0,0,0,0,0,0,719157,719333
202607271211,e2e_trace_v3,3143,72331600066512000,0,perception.multi_sensor_fusion,in,6326184326720,1,/perception/fusion/input/velodyne64,0,0,1785125506581182384,0,0,0,719157,719327
202607271211,e2e_trace_v3,3145,17294096575131288659,0,perception.multi_sensor_fusion,out,6326185850016,1,/apollo/perception/obstacles,0,1152,1785125506581182384,0,72331600066512000,2,719157,719327
202607271211,e2e_trace_v3,3146,216446788142367792,0,perception.multi_sensor_fusion,in,6326186093504,1,/perception/fusion/input/radar_front,0,0,0,0,0,0,719157,719327
202607271211,e2e_trace_v3,3157,72331600066512001,0,perception.multi_sensor_fusion,in,6326279118912,1,/perception/fusion/input/velodyne64,0,0,1785125506681340639,0,0,0,719157,719322
202607271211,e2e_trace_v3,3158,17294096575131288660,0,perception.multi_sensor_fusion,out,6326280750336,1,/apollo/perception/obstacles,0,1153,1785125506681340639,0,72331600066512001,2,719157,719322
202607271211,e2e_trace_v3,3161,216446788142367793,0,perception.multi_sensor_fusion,in,6326289397440,1,/perception/fusion/input/radar_front,0,0,0,0,0,0,719157,719313
202607271211,e2e_trace_v3,3171,216446788142367794,0,perception.multi_sensor_fusion,in,6326383373312,1,/perception/fusion/input/radar_front,0,0,0,0,0,0,719157,719313
202607271211,e2e_trace_v3,3177,72331600066512002,0,perception.multi_sensor_fusion,in,6326389948064,1,/perception/fusion/input/velodyne64,0,0,1785125506780491966,0,0,0,719157,719312
202607271211,e2e_trace_v3,3178,17294096575131288661,0,perception.multi_sensor_fusion,out,6326391443104,1,/apollo/perception/obstacles,0,1154,1785125506780491966,0,72331600066512002,2,719157,719312
202607271211,e2e_trace_v3,3189,216446788142367795,0,perception.multi_sensor_fusion,in,6326484636640,1,/perception/fusion/input/radar_front,0,0,0,0,0,0,719157,719327
202607271211,e2e_trace_v3,3193,72331600066512003,0,perception.multi_sensor_fusion,in,6326485003904,1,/perception/fusion/input/velodyne64,0,0,1785125506880549396,0,0,0,719157,719322
202607271211,e2e_trace_v3,3195,17294096575131288662,0,perception.multi_sensor_fusion,out,6326486388416,1,/apollo/perception/obstacles,0,1155,1785125506880549396,0,72331600066512003,2,719157,719322
202607271211,e2e_trace_v3,3204,72331600066512004,0,perception.multi_sensor_fusion,in,6326579018176,1,/perception/fusion/input/velodyne64,0,0,1785125506980431584,0,0,0,719157,719332
202607271211,e2e_trace_v3,3205,17294096575131288663,0,perception.multi_sensor_fusion,out,6326579985472,1,/apollo/perception/obstacles,0,1156,1785125506980431584,0,72331600066512004,2,719157,719332
202607271211,e2e_trace_v3,3212,216446788142367796,0,perception.multi_sensor_fusion,in,6326599392928,1,/perception/fusion/input/radar_front,0,0,0,0,0,0,719157,719334
202607271211,e2e_trace_v3,3222,216446788142367797,0,perception.multi_sensor_fusion,in,6326685151456,1,/perception/fusion/input/radar_front,0,0,0,0,0,0,719157,719329
202607271211,e2e_trace_v3,3227,72331600066512005,0,perception.multi_sensor_fusion,in,6326695822112,1,/perception/fusion/input/velodyne64,0,0,1785125507080986359,0,0,0,719157,719325
202607271211,e2e_trace_v3,3228,17294096575131288664,0,perception.multi_sensor_fusion,out,6326697589632,1,/apollo/perception/obstacles,0,1157,1785125507080986359,0,72331600066512005,2,719157,719325
202607271211,e2e_trace_v3,3239,216446788142367798,0,perception.multi_sensor_fusion,in,6326783848736,1,/perception/fusion/input/radar_front,0,0,0,0,0,0,719157,719325
202607271211,e2e_trace_v3,3247,72331600066512006,0,perception.multi_sensor_fusion,in,6326796050336,1,/perception/fusion/input/velodyne64,0,0,1785125507180620458,0,0,0,719157,719312
202607271211,e2e_trace_v3,3248,17294096575131288665,0,perception.multi_sensor_fusion,out,6326797232512,1,/apollo/perception/obstacles,0,1158,1785125507180620458,0,72331600066512006,2,719157,719312
202607271211,e2e_trace_v3,3256,216446788142367799,0,perception.multi_sensor_fusion,in,6326884348384,1,/perception/fusion/input/radar_front,0,0,0,0,0,0,719157,719332
202607271211,e2e_trace_v3,3262,72331600066512007,0,perception.multi_sensor_fusion,in,6326887548832,1,/perception/fusion/input/velodyne64,0,0,1785125507280387389,0,0,0,719157,719328
202607271211,e2e_trace_v3,3263,17294096575131288666,0,perception.multi_sensor_fusion,out,6326889058176,1,/apollo/perception/obstacles,0,1159,1785125507280387389,0,72331600066512007,2,719157,719328
202607271211,e2e_trace_v3,3274,216446788142367800,0,perception.multi_sensor_fusion,in,6326984692800,1,/perception/fusion/input/radar_front,0,0,0,0,0,0,719157,719328
202607271211,e2e_trace_v3,3281,72331600066512008,0,perception.multi_sensor_fusion,in,6326993097632,1,/perception/fusion/input/velodyne64,0,0,1785125507380618521,0,0,0,719157,719333
202607271211,e2e_trace_v3,3282,17294096575131288667,0,perception.multi_sensor_fusion,out,6326994226720,1,/apollo/perception/obstacles,0,1160,1785125507380618521,0,72331600066512008,2,719157,719333
202607271211,e2e_trace_v3,3296,72331600066512009,0,perception.multi_sensor_fusion,in,6327082864640,1,/perception/fusion/input/velodyne64,0,0,1785125507480623570,0,0,0,719157,719331
202607271211,e2e_trace_v3,3297,17294096575131288668,0,perception.multi_sensor_fusion,out,6327084470528,1,/apollo/perception/obstacles,0,1161,1785125507480623570,0,72331600066512009,2,719157,719331
202607271211,e2e_trace_v3,3299,216446788142367801,0,perception.multi_sensor_fusion,in,6327085016608,1,/perception/fusion/input/radar_front,0,0,0,0,0,0,719157,719329
202607271211,e2e_trace_v3,3310,72331600066512010,0,perception.multi_sensor_fusion,in,6327175667296,1,/perception/fusion/input/velodyne64,0,0,1785125507580442164,0,0,0,719157,719328
202607271211,e2e_trace_v3,3312,17294096575131288669,0,perception.multi_sensor_fusion,out,6327176790752,1,/apollo/perception/obstacles,0,1162,1785125507580442164,1,72331600066512010,2,719157,719328
202607271211,e2e_trace_v3,3316,216446788142367802,0,perception.multi_sensor_fusion,in,6327185267680,1,/perception/fusion/input/radar_front,0,0,0,0,0,0,719157,719334
202607271211,e2e_trace_v3,3325,72331600066512011,0,perception.multi_sensor_fusion,in,6327274643232,1,/perception/fusion/input/velodyne64,0,0,1785125507680788018,0,0,0,719157,719332
202607271211,e2e_trace_v3,3326,17294096575131288670,0,perception.multi_sensor_fusion,out,6327276053472,1,/apollo/perception/obstacles,0,1163,1785125507680788018,1,72331600066512011,2,719157,719332
202607271211,e2e_trace_v3,3333,216446788142367803,0,perception.multi_sensor_fusion,in,6327290043232,1,/perception/fusion/input/radar_front,0,0,0,0,0,0,719157,719311
202607271211,e2e_trace_v3,3344,72331600066512012,0,perception.multi_sensor_fusion,in,6327383729632,1,/perception/fusion/input/velodyne64,0,0,1785125507780750962,0,0,0,719157,719322
202607271211,e2e_trace_v3,3345,17294096575131288671,0,perception.multi_sensor_fusion,out,6327385225152,1,/apollo/perception/obstacles,0,1164,1785125507780750962,2,72331600066512012,2,719157,719322
202607271211,e2e_trace_v3,3350,216446788142367804,0,perception.multi_sensor_fusion,in,6327400209632,1,/perception/fusion/input/radar_front,0,0,0,0,0,0,719157,719329
202607271211,e2e_trace_v3,3359,216446788142367805,0,perception.multi_sensor_fusion,in,6327484363040,1,/perception/fusion/input/radar_front,0,0,0,0,0,0,719157,719312
202607271211,e2e_trace_v3,3366,72331600066512013,0,perception.multi_sensor_fusion,in,6327498117152,1,/perception/fusion/input/velodyne64,0,0,1785125507881418439,0,0,0,719157,719334
202607271211,e2e_trace_v3,3367,17294096575131288672,0,perception.multi_sensor_fusion,out,6327499284992,1,/apollo/perception/obstacles,0,1165,1785125507881418439,1,72331600066512013,2,719157,719334
202607271211,e2e_trace_v3,3376,216446788142367806,0,perception.multi_sensor_fusion,in,6327586853600,1,/perception/fusion/input/radar_front,0,0,0,0,0,0,719157,719312
202607271211,e2e_trace_v3,3383,72331600066512014,0,perception.multi_sensor_fusion,in,6327589165248,1,/perception/fusion/input/velodyne64,0,0,1785125507980379251,0,0,0,719157,719311
202607271211,e2e_trace_v3,3384,17294096575131288673,0,perception.multi_sensor_fusion,out,6327590601472,1,/apollo/perception/obstacles,0,1166,1785125507980379251,1,72331600066512014,2,719157,719311
202607271211,e2e_trace_v3,3392,216446788142367807,0,perception.multi_sensor_fusion,in,6327684626560,1,/perception/fusion/input/radar_front,0,0,0,0,0,0,719157,719327
202607271211,e2e_trace_v3,3398,72331600066512015,0,perception.multi_sensor_fusion,in,6327689728800,1,/perception/fusion/input/velodyne64,0,0,1785125508080474694,0,0,0,719157,719330
202607271211,e2e_trace_v3,3401,17294096575131288674,0,perception.multi_sensor_fusion,out,6327691042848,1,/apollo/perception/obstacles,0,1167,1785125508080474694,1,72331600066512015,2,719157,719330
202607271211,e2e_trace_v3,3412,72331600066512016,0,perception.multi_sensor_fusion,in,6327784612672,1,/perception/fusion/input/velodyne64,0,0,1785125508180982682,0,0,0,719157,719329
202607271211,e2e_trace_v3,3413,17294096575131288675,0,perception.multi_sensor_fusion,out,6327785777376,1,/apollo/perception/obstacles,0,1168,1785125508180982682,0,72331600066512016,2,719157,719329
202607271211,e2e_trace_v3,3416,216446788142367808,0,perception.multi_sensor_fusion,in,6327786882400,1,/perception/fusion/input/radar_front,0,0,0,0,0,0,719157,719323
202607271211,e2e_trace_v3,3426,216446788142367809,0,perception.multi_sensor_fusion,in,6327884567968,1,/perception/fusion/input/radar_front,0,0,0,0,0,0,719157,719331
202607271211,e2e_trace_v3,3434,72331600066512017,0,perception.multi_sensor_fusion,in,6327886883968,1,/perception/fusion/input/velodyne64,0,0,1785125508280705762,0,0,0,719157,719313
202607271211,e2e_trace_v3,3435,17294096575131288676,0,perception.multi_sensor_fusion,out,6327888144352,1,/apollo/perception/obstacles,0,1169,1785125508280705762,2,72331600066512017,2,719157,719313
202607271211,e2e_trace_v3,3443,216446788142367810,0,perception.multi_sensor_fusion,in,6327984508192,1,/perception/fusion/input/radar_front,0,0,0,0,0,0,719157,719327
202607271211,e2e_trace_v3,3453,216446788142367811,0,perception.multi_sensor_fusion,in,6328084795648,1,/perception/fusion/input/radar_front,0,0,0,0,0,0,719157,719328
202607271211,e2e_trace_v3,3460,72331600066512018,0,perception.multi_sensor_fusion,in,6328102147776,1,/perception/fusion/input/velodyne64,0,0,1785125508381403479,0,0,0,719157,719331
202607271211,e2e_trace_v3,3461,17294096575131288677,0,perception.multi_sensor_fusion,out,6328103476576,1,/apollo/perception/obstacles,0,1170,1785125508381403479,2,72331600066512018,2,719157,719331
202607271211,e2e_trace_v3,3470,216446788142367812,0,perception.multi_sensor_fusion,in,6328185986784,1,/perception/fusion/input/radar_front,0,0,0,0,0,0,719157,719330
202607271211,e2e_trace_v3,3479,216446788142367813,0,perception.multi_sensor_fusion,in,6328285988416,1,/perception/fusion/input/radar_front,0,0,0,0,0,0,719157,719313
202607271211,e2e_trace_v3,3486,72331600066512020,0,perception.multi_sensor_fusion,in,6328312903040,1,/perception/fusion/input/velodyne64,0,0,1785125508580346550,0,0,0,719157,719325
202607271211,e2e_trace_v3,3487,17294096575131288678,0,perception.multi_sensor_fusion,out,6328314187968,1,/apollo/perception/obstacles,0,1172,1785125508580346550,1,72331600066512020,2,719157,719325
202607271211,e2e_trace_v3,3495,216446788142367814,0,perception.multi_sensor_fusion,in,6328385709216,1,/perception/fusion/input/radar_front,0,0,0,0,0,0,719157,719331
202607271211,e2e_trace_v3,3503,216446788142367815,0,perception.multi_sensor_fusion,in,6328487143840,1,/perception/fusion/input/radar_front,0,0,0,0,0,0,719157,719329
202607271211,e2e_trace_v3,3512,72331600066512022,0,perception.multi_sensor_fusion,in,6328527669632,1,/perception/fusion/input/velodyne64,0,0,1785125508781075045,0,0,0,719157,719328
202607271211,e2e_trace_v3,3513,17294096575131288679,0,perception.multi_sensor_fusion,out,6328528998208,1,/apollo/perception/obstacles,0,1174,1785125508781075045,2,72331600066512022,2,719157,719328
202607271211,e2e_trace_v3,3532,72331600066512024,0,perception.multi_sensor_fusion,in,6328754382720,1,/perception/fusion/input/velodyne64,0,0,1785125508981002114,0,0,0,719157,719324
202607271211,e2e_trace_v3,3533,17294096575131288680,0,perception.multi_sensor_fusion,out,6328756413728,1,/apollo/perception/obstacles,0,1176,1785125508981002114,1,72331600066512024,1,719157,719324
202607271211,e2e_trace_v3,3542,216446788142367816,0,perception.multi_sensor_fusion,in,6328805306688,1,/perception/fusion/input/radar_front,0,0,0,0,0,0,719157,719326
202607271211,e2e_trace_v3,3549,216446788142367817,0,perception.multi_sensor_fusion,in,6328886742784,1,/perception/fusion/input/radar_front,0,0,0,0,0,0,719157,719329
202607271211,e2e_trace_v3,3564,72331600066512026,0,perception.multi_sensor_fusion,in,6328983746432,1,/perception/fusion/input/velodyne64,0,0,1785125509181019898,0,0,0,719157,719330
202607271211,e2e_trace_v3,3565,17294096575131288681,0,perception.multi_sensor_fusion,out,6328984917472,1,/apollo/perception/obstacles,0,1178,1785125509181019898,1,72331600066512026,2,719157,719330
202607271211,e2e_trace_v3,3567,216446788142367818,0,perception.multi_sensor_fusion,in,6328987453760,1,/perception/fusion/input/radar_front,0,0,0,0,0,0,719157,719325
202607271211,e2e_trace_v3,3576,216446788142367819,0,perception.multi_sensor_fusion,in,6329089740256,1,/perception/fusion/input/radar_front,0,0,0,0,0,0,719157,719325
202607271211,e2e_trace_v3,3585,216446788142367820,0,perception.multi_sensor_fusion,in,6329185929952,1,/perception/fusion/input/radar_front,0,0,0,0,0,0,719157,719325
202607271211,e2e_trace_v3,3593,72331600066512028,0,perception.multi_sensor_fusion,in,6329216278112,1,/perception/fusion/input/velodyne64,0,0,1785125509382013200,0,0,0,719157,719323
202607271211,e2e_trace_v3,3594,17294096575131288682,0,perception.multi_sensor_fusion,out,6329217853536,1,/apollo/perception/obstacles,0,1180,1785125509382013200,1,72331600066512028,2,719157,719323
202607271211,e2e_trace_v3,3602,216446788142367821,0,perception.multi_sensor_fusion,in,6329298026496,1,/perception/fusion/input/radar_front,0,0,0,0,0,0,719157,719334
202607271211,e2e_trace_v3,3610,72331600066512031,0,perception.multi_sensor_fusion,in,6329314844576,1,/perception/fusion/input/velodyne64,0,0,1785125509681065698,0,0,0,719157,719330
202607271211,e2e_trace_v3,3611,17294096575131288683,0,perception.multi_sensor_fusion,out,6329316381696,1,/apollo/perception/obstacles,0,1183,1785125509681065698,1,72331600066512031,2,719157,719330
202607271211,e2e_trace_v3,3619,216446788142367822,0,perception.multi_sensor_fusion,in,6329398604896,1,/perception/fusion/input/radar_front,0,0,0,0,0,0,719157,719313
202607271211,e2e_trace_v3,3625,72331600066512032,0,perception.multi_sensor_fusion,in,6329411986624,1,/perception/fusion/input/velodyne64,0,0,1785125509780539377,0,0,0,719157,719327
202607271211,e2e_trace_v3,3626,17294096575131288684,0,perception.multi_sensor_fusion,out,6329413656192,1,/apollo/perception/obstacles,0,1184,1785125509780539377,0,72331600066512032,2,719157,719327
202607271211,e2e_trace_v3,3637,216446788142367823,0,perception.multi_sensor_fusion,in,6329485764448,1,/perception/fusion/input/radar_front,0,0,0,0,0,0,719157,719334
202607271211,e2e_trace_v3,3644,72331600066512033,0,perception.multi_sensor_fusion,in,6329523111392,1,/perception/fusion/input/velodyne64,0,0,1785125509880497189,0,0,0,719157,719329
202607271211,e2e_trace_v3,3645,17294096575131288685,0,perception.multi_sensor_fusion,out,6329524852000,1,/apollo/perception/obstacles,0,1185,1785125509880497189,1,72331600066512033,2,719157,719329
202607271211,e2e_trace_v3,3653,216446788142367824,0,perception.multi_sensor_fusion,in,6329591470464,1,/perception/fusion/input/radar_front,0,0,0,0,0,0,719157,719328
202607271211,e2e_trace_v3,3661,72331600066512034,0,perception.multi_sensor_fusion,in,6329623634592,1,/perception/fusion/input/velodyne64,0,0,1785125509980791125,0,0,0,719157,719327
202607271211,e2e_trace_v3,3662,17294096575131288686,0,perception.multi_sensor_fusion,out,6329625114528,1,/apollo/perception/obstacles,0,1186,1785125509980791125,2,72331600066512034,2,719157,719327
202607271211,e2e_trace_v3,3675,72331600066512035,0,perception.multi_sensor_fusion,in,6329719211232,1,/perception/fusion/input/velodyne64,0,0,1785125510080813638,0,0,0,719157,719327
202607271211,e2e_trace_v3,3676,17294096575131288687,0,perception.multi_sensor_fusion,out,6329720920896,1,/apollo/perception/obstacles,0,1187,1785125510080813638,2,72331600066512035,2,719157,719327
202607271211,e2e_trace_v3,3685,216446788142367825,0,perception.multi_sensor_fusion,in,6329797646272,1,/perception/fusion/input/radar_front,0,0,0,0,0,0,719157,719333
202607271211,e2e_trace_v3,3692,72331600066512036,0,perception.multi_sensor_fusion,in,6329816938144,1,/perception/fusion/input/velodyne64,0,0,1785125510180841863,0,0,0,719157,719324
202607271211,e2e_trace_v3,3693,17294096575131288688,0,perception.multi_sensor_fusion,out,6329818575456,1,/apollo/perception/obstacles,0,1188,1785125510180841863,2,72331600066512036,2,719157,719324
202607271211,e2e_trace_v3,3701,216446788142367826,0,perception.multi_sensor_fusion,in,6329885680352,1,/perception/fusion/input/radar_front,0,0,0,0,0,0,719157,719325
202607271211,e2e_trace_v3,3709,72331600066512037,0,perception.multi_sensor_fusion,in,6329913153632,1,/perception/fusion/input/velodyne64,0,0,1785125510280405154,0,0,0,719157,719331
202607271211,e2e_trace_v3,3710,17294096575131288689,0,perception.multi_sensor_fusion,out,6329915044384,1,/apollo/perception/obstacles,0,1189,1785125510280405154,1,72331600066512037,2,719157,719331
202607271211,e2e_trace_v3,3718,216446788142367827,0,perception.multi_sensor_fusion,in,6329992386720,1,/perception/fusion/input/radar_front,0,0,0,0,0,0,719157,719313
202607271211,e2e_trace_v3,3726,72331600066512038,0,perception.multi_sensor_fusion,in,6330009282048,1,/perception/fusion/input/velodyne64,0,0,1785125510380487501,0,0,0,719157,719323
202607271211,e2e_trace_v3,3727,17294096575131288690,0,perception.multi_sensor_fusion,out,6330010804160,1,/apollo/perception/obstacles,0,1190,1785125510380487501,2,72331600066512038,2,719157,719323
202607271211,e2e_trace_v3,3735,216446788142367828,0,perception.multi_sensor_fusion,in,6330087995648,1,/perception/fusion/input/radar_front,0,0,0,0,0,0,719157,719331
202607271211,e2e_trace_v3,3743,72331600066512039,0,perception.multi_sensor_fusion,in,6330105637504,1,/perception/fusion/input/velodyne64,0,0,1785125510480769523,0,0,0,719157,719328
202607271211,e2e_trace_v3,3744,17294096575131288691,0,perception.multi_sensor_fusion,out,6330107495904,1,/apollo/perception/obstacles,0,1191,1785125510480769523,1,72331600066512039,2,719157,719328
202607271211,e2e_trace_v3,3752,216446788142367829,0,perception.multi_sensor_fusion,in,6330185069664,1,/perception/fusion/input/radar_front,0,0,0,0,0,0,719157,719325
202607271211,e2e_trace_v3,3760,72331600066512040,0,perception.multi_sensor_fusion,in,6330201784096,1,/perception/fusion/input/velodyne64,0,0,1785125510581909606,0,0,0,719157,719332
202607271211,e2e_trace_v3,3761,17294096575131288692,0,perception.multi_sensor_fusion,out,6330203509440,1,/apollo/perception/obstacles,0,1192,1785125510581909606,1,72331600066512040,2,719157,719332
202607271211,e2e_trace_v3,3770,216446788142367830,0,perception.multi_sensor_fusion,in,6330285096128,1,/perception/fusion/input/radar_front,0,0,0,0,0,0,719157,719331
202607271211,e2e_trace_v3,3777,72331600066512041,0,perception.multi_sensor_fusion,in,6330304265024,1,/perception/fusion/input/velodyne64,0,0,1785125510680957693,0,0,0,719157,719334
202607271211,e2e_trace_v3,3778,17294096575131288693,0,perception.multi_sensor_fusion,out,6330306329056,1,/apollo/perception/obstacles,0,1193,1785125510680957693,1,72331600066512041,2,719157,719334
202607271211,e2e_trace_v3,3786,216446788142367831,0,perception.multi_sensor_fusion,in,6330386320064,1,/perception/fusion/input/radar_front,0,0,0,0,0,0,719157,719326
202607271211,e2e_trace_v3,3792,72331600066512042,0,perception.multi_sensor_fusion,in,6330398930944,1,/perception/fusion/input/velodyne64,0,0,1785125510780748174,0,0,0,719157,719330
202607271211,e2e_trace_v3,3793,17294096575131288694,0,perception.multi_sensor_fusion,out,6330401097248,1,/apollo/perception/obstacles,0,1194,1785125510780748174,1,72331600066512042,2,719157,719330
202607271211,e2e_trace_v3,3803,216446788142367832,0,perception.multi_sensor_fusion,in,6330485434528,1,/perception/fusion/input/radar_front,0,0,0,0,0,0,719157,719333
202607271211,e2e_trace_v3,3811,72331600066512043,0,perception.multi_sensor_fusion,in,6330512255968,1,/perception/fusion/input/velodyne64,0,0,1785125510880808624,0,0,0,719157,719326
202607271211,e2e_trace_v3,3812,17294096575131288695,0,perception.multi_sensor_fusion,out,6330513959360,1,/apollo/perception/obstacles,0,1195,1785125510880808624,1,72331600066512043,2,719157,719326
202607271211,e2e_trace_v3,3820,216446788142367833,0,perception.multi_sensor_fusion,in,6330584614816,1,/perception/fusion/input/radar_front,0,0,0,0,0,0,719157,719328
202607271211,e2e_trace_v3,3828,72331600066512044,0,perception.multi_sensor_fusion,in,6330608422048,1,/perception/fusion/input/velodyne64,0,0,1785125510980564061,0,0,0,719157,719323
202607271211,e2e_trace_v3,3829,17294096575131288696,0,perception.multi_sensor_fusion,out,6330609768960,1,/apollo/perception/obstacles,0,1196,1785125510980564061,1,72331600066512044,2,719157,719323
202607271211,e2e_trace_v3,3837,216446788142367834,0,perception.multi_sensor_fusion,in,6330685865024,1,/perception/fusion/input/radar_front,0,0,0,0,0,0,719157,719326
202607271211,e2e_trace_v3,3845,72331600066512045,0,perception.multi_sensor_fusion,in,6330704807584,1,/perception/fusion/input/velodyne64,0,0,1785125511080341030,0,0,0,719157,719311
202607271211,e2e_trace_v3,3846,17294096575131288697,0,perception.multi_sensor_fusion,out,6330706047936,1,/apollo/perception/obstacles,0,1197,1785125511080341030,1,72331600066512045,2,719157,719311
202607271211,e2e_trace_v3,3858,72331600066512046,0,perception.multi_sensor_fusion,in,6330800497024,1,/perception/fusion/input/velodyne64,0,0,1785125511180481080,0,0,0,719157,719333
202607271211,e2e_trace_v3,3859,17294096575131288698,0,perception.multi_sensor_fusion,out,6330801758016,1,/apollo/perception/obstacles,0,1198,1785125511180481080,1,72331600066512046,2,719157,719333
202607271211,e2e_trace_v3,3862,216446788142367835,0,perception.multi_sensor_fusion,in,6330810932896,1,/perception/fusion/input/radar_front,0,0,0,0,0,0,719157,719331
202607271211,e2e_trace_v3,3871,216446788142367836,0,perception.multi_sensor_fusion,in,6330905767424,1,/perception/fusion/input/radar_front,0,0,0,0,0,0,719157,719311
202607271211,e2e_trace_v3,3877,72331600066512047,0,perception.multi_sensor_fusion,in,6330907075232,1,/perception/fusion/input/velodyne64,0,0,1785125511280416942,0,0,0,719157,719322
202607271211,e2e_trace_v3,3878,17294096575131288699,0,perception.multi_sensor_fusion,out,6330908759296,1,/apollo/perception/obstacles,0,1199,1785125511280416942,1,72331600066512047,2,719157,719322
202607271211,e2e_trace_v3,3889,216446788142367837,0,perception.multi_sensor_fusion,in,6331001124704,1,/perception/fusion/input/radar_front,0,0,0,0,0,0,719157,719322
202607271211,e2e_trace_v3,3896,72331600066512048,0,perception.multi_sensor_fusion,in,6331007411520,1,/perception/fusion/input/velodyne64,0,0,1785125511393554270,0,0,0,719157,719334
202607271211,e2e_trace_v3,3897,17294096575131288700,0,perception.multi_sensor_fusion,out,6331009128736,1,/apollo/perception/obstacles,0,1200,1785125511393554270,1,72331600066512048,2,719157,719334
202607271211,e2e_trace_v3,3910,72331600066512049,0,perception.multi_sensor_fusion,in,6331102759136,1,/perception/fusion/input/velodyne64,0,0,1785125511481155456,0,0,0,719157,719334
202607271211,e2e_trace_v3,3911,17294096575131288701,0,perception.multi_sensor_fusion,out,6331104115584,1,/apollo/perception/obstacles,0,1201,1785125511481155456,1,72331600066512049,2,719157,719334
202607271211,e2e_trace_v3,3920,216446788142367838,0,perception.multi_sensor_fusion,in,6331196497760,1,/perception/fusion/input/radar_front,0,0,0,0,0,0,719157,719329
202607271211,e2e_trace_v3,3927,72331600066512050,0,perception.multi_sensor_fusion,in,6331198442016,1,/perception/fusion/input/velodyne64,0,0,1785125511581301931,0,0,0,719157,719333
202607271211,e2e_trace_v3,3928,17294096575131288702,0,perception.multi_sensor_fusion,out,6331199735904,1,/apollo/perception/obstacles,0,1202,1785125511581301931,1,72331600066512050,2,719157,719333
202607271211,e2e_trace_v3,3934,72331600066512051,0,perception.multi_sensor_fusion,in,6331294556032,1,/perception/fusion/input/velodyne64,0,0,1785125511680784942,0,0,0,719157,719329
202607271211,e2e_trace_v3,3938,17294096575131288703,0,perception.multi_sensor_fusion,out,6331296493568,1,/apollo/perception/obstacles,0,1203,1785125511680784942,1,72331600066512051,2,719157,719329
202607271211,e2e_trace_v3,3943,216446788142367839,0,perception.multi_sensor_fusion,in,6331315138432,1,/perception/fusion/input/radar_front,0,0,0,0,0,0,719157,719325
202607271211,e2e_trace_v3,3953,216446788142367840,0,perception.multi_sensor_fusion,in,6331390016256,1,/perception/fusion/input/radar_front,0,0,0,0,0,0,719157,719325
202607271211,e2e_trace_v3,3961,72331600066512052,0,perception.multi_sensor_fusion,in,6331424219008,1,/perception/fusion/input/velodyne64,0,0,1785125511780809798,0,0,0,719157,719332
202607271211,e2e_trace_v3,3962,17294096575131288704,0,perception.multi_sensor_fusion,out,6331425803328,1,/apollo/perception/obstacles,0,1204,1785125511780809798,1,72331600066512052,2,719157,719332
202607271211,e2e_trace_v3,3971,216446788142367841,0,perception.multi_sensor_fusion,in,6331492305312,1,/perception/fusion/input/radar_front,0,0,0,0,0,0,719157,719332
202607271211,e2e_trace_v3,3978,72331600066512053,0,perception.multi_sensor_fusion,in,6331522018688,1,/perception/fusion/input/velodyne64,0,0,1785125511886542202,0,0,0,719157,719313
202607271211,e2e_trace_v3,3979,17294096575131288705,0,perception.multi_sensor_fusion,out,6331523599232,1,/apollo/perception/obstacles,0,1205,1785125511886542202,1,72331600066512053,2,719157,719313
202607271211,e2e_trace_v3,3988,216446788142367842,0,perception.multi_sensor_fusion,in,6331602648800,1,/perception/fusion/input/radar_front,0,0,0,0,0,0,719157,719329
202607271211,e2e_trace_v3,3995,72331600066512054,0,perception.multi_sensor_fusion,in,6331618854592,1,/perception/fusion/input/velodyne64,0,0,1785125511981068392,0,0,0,719157,719327
202607271211,e2e_trace_v3,3996,17294096575131288706,0,perception.multi_sensor_fusion,out,6331620327552,1,/apollo/perception/obstacles,0,1206,1785125511981068392,1,72331600066512054,2,719157,719327
202607271211,e2e_trace_v3,4004,216446788142367843,0,perception.multi_sensor_fusion,in,6331687729600,1,/perception/fusion/input/radar_front,0,0,0,0,0,0,719157,719313
202607271211,e2e_trace_v3,4012,72331600066512055,0,perception.multi_sensor_fusion,in,6331714574400,1,/perception/fusion/input/velodyne64,0,0,1785125512080859612,0,0,0,719157,719326
202607271211,e2e_trace_v3,4013,17294096575131288707,0,perception.multi_sensor_fusion,out,6331715967584,1,/apollo/perception/obstacles,0,1207,1785125512080859612,1,72331600066512055,2,719157,719326
202607271211,e2e_trace_v3,4021,216446788142367844,0,perception.multi_sensor_fusion,in,6331789850336,1,/perception/fusion/input/radar_front,0,0,0,0,0,0,719157,719331
202607271211,e2e_trace_v3,4029,72331600066512056,0,perception.multi_sensor_fusion,in,6331809802336,1,/perception/fusion/input/velodyne64,0,0,1785125512183657401,0,0,0,719157,719313
202607271211,e2e_trace_v3,4030,17294096575131288708,0,perception.multi_sensor_fusion,out,6331811331232,1,/apollo/perception/obstacles,0,1208,1785125512183657401,1,72331600066512056,2,719157,719313
202607271211,e2e_trace_v3,4044,72331600066512057,0,perception.multi_sensor_fusion,in,6331903398304,1,/perception/fusion/input/velodyne64,0,0,1785125512281155209,0,0,0,719157,719325
202607271211,e2e_trace_v3,4045,17294096575131288709,0,perception.multi_sensor_fusion,out,6331905334144,1,/apollo/perception/obstacles,0,1209,1785125512281155209,1,72331600066512057,2,719157,719325
202607271211,e2e_trace_v3,4047,216446788142367845,0,perception.multi_sensor_fusion,in,6331911663776,1,/perception/fusion/input/radar_front,0,0,0,0,0,0,719157,719312
202607271211,e2e_trace_v3,4054,216446788142367846,0,perception.multi_sensor_fusion,in,6331984651264,1,/perception/fusion/input/radar_front,0,0,0,0,0,0,719157,719325
202607271211,e2e_trace_v3,4063,72331600066512058,0,perception.multi_sensor_fusion,in,6332011570816,1,/perception/fusion/input/velodyne64,0,0,1785125512381042635,0,0,0,719157,719332
202607271211,e2e_trace_v3,4064,17294096575131288710,0,perception.multi_sensor_fusion,out,6332013126208,1,/apollo/perception/obstacles,0,1210,1785125512381042635,2,72331600066512058,2,719157,719332
202607271211,e2e_trace_v3,4073,216446788142367847,0,perception.multi_sensor_fusion,in,6332091323680,1,/perception/fusion/input/radar_front,0,0,0,0,0,0,719157,719326
202607271211,e2e_trace_v3,4080,72331600066512059,0,perception.multi_sensor_fusion,in,6332107356512,1,/perception/fusion/input/velodyne64,0,0,1785125512480684218,0,0,0,719157,719325
202607271211,e2e_trace_v3,4081,17294096575131288711,0,perception.multi_sensor_fusion,out,6332108547520,1,/apollo/perception/obstacles,0,1211,1785125512480684218,2,72331600066512059,2,719157,719325
202607271211,e2e_trace_v3,4090,216446788142367848,0,perception.multi_sensor_fusion,in,6332188059712,1,/perception/fusion/input/radar_front,0,0,0,0,0,0,719157,719328
202607271211,e2e_trace_v3,4097,72331600066512060,0,perception.multi_sensor_fusion,in,6332201428544,1,/perception/fusion/input/velodyne64,0,0,1785125512580575676,0,0,0,719157,719322
202607271211,e2e_trace_v3,4098,17294096575131288712,0,perception.multi_sensor_fusion,out,6332202488800,1,/apollo/perception/obstacles,0,1212,1785125512580575676,0,72331600066512060,2,719157,719322
202607271211,e2e_trace_v3,4107,216446788142367849,0,perception.multi_sensor_fusion,in,6332286943296,1,/perception/fusion/input/radar_front,0,0,0,0,0,0,719157,719330
202607271211,e2e_trace_v3,4114,72331600066512061,0,perception.multi_sensor_fusion,in,6332295366848,1,/perception/fusion/input/velodyne64,0,0,1785125512680489232,0,0,0,719157,719313
202607271211,e2e_trace_v3,4115,17294096575131288713,0,perception.multi_sensor_fusion,out,6332296808352,1,/apollo/perception/obstacles,0,1213,1785125512680489232,2,72331600066512061,2,719157,719313
202607271211,e2e_trace_v3,4128,216446788142367850,0,perception.multi_sensor_fusion,in,6332389249216,1,/perception/fusion/input/radar_front,0,0,0,0,0,0,719157,719328
202607271211,e2e_trace_v3,4129,72331600066512062,0,perception.multi_sensor_fusion,in,6332389367584,1,/perception/fusion/input/velodyne64,0,0,1785125512780404575,0,0,0,719157,719328
202607271211,e2e_trace_v3,4130,17294096575131288714,0,perception.multi_sensor_fusion,out,6332390736416,1,/apollo/perception/obstacles,0,1214,1785125512780404575,0,72331600066512062,2,719157,719328
202607271211,e2e_trace_v3,4142,72331600066512063,0,perception.multi_sensor_fusion,in,6332490495104,1,/perception/fusion/input/velodyne64,0,0,1785125512880397667,0,0,0,719157,719327
202607271211,e2e_trace_v3,4143,17294096575131288715,0,perception.multi_sensor_fusion,out,6332491873952,1,/apollo/perception/obstacles,0,1215,1785125512880397667,0,72331600066512063,2,719157,719327
202607271211,e2e_trace_v3,4147,216446788142367851,0,perception.multi_sensor_fusion,in,6332500485280,1,/perception/fusion/input/radar_front,0,0,0,0,0,0,719157,719323
202607271211,e2e_trace_v3,4161,72331600066512064,0,perception.multi_sensor_fusion,in,6332600527104,1,/perception/fusion/input/velodyne64,0,0,1785125512980717464,0,0,0,719157,719324
202607271211,e2e_trace_v3,4162,17294096575131288716,0,perception.multi_sensor_fusion,out,6332601820352,1,/apollo/perception/obstacles,0,1216,1785125512980717464,0,72331600066512064,2,719157,719324
202607271211,e2e_trace_v3,4166,216446788142367852,0,perception.multi_sensor_fusion,in,6332604872000,1,/perception/fusion/input/radar_front,0,0,0,0,0,0,719157,719334
202607271211,e2e_trace_v3,4174,216446788142367853,0,perception.multi_sensor_fusion,in,6332685641280,1,/perception/fusion/input/radar_front,0,0,0,0,0,0,719157,719327
202607271211,e2e_trace_v3,4182,72331600066512065,0,perception.multi_sensor_fusion,in,6332700371104,1,/perception/fusion/input/velodyne64,0,0,1785125513085120743,0,0,0,719157,719326
202607271211,e2e_trace_v3,4183,17294096575131288717,0,perception.multi_sensor_fusion,out,6332701661504,1,/apollo/perception/obstacles,0,1217,1785125513085120743,0,72331600066512065,2,719157,719326
202607271211,e2e_trace_v3,4191,216446788142367854,0,perception.multi_sensor_fusion,in,6332784783200,1,/perception/fusion/input/radar_front,0,0,0,0,0,0,719157,719332
202607271211,e2e_trace_v3,4199,72331600066512066,0,perception.multi_sensor_fusion,in,6332792948544,1,/perception/fusion/input/velodyne64,0,0,1785125513180307521,0,0,0,719157,719325
202607271211,e2e_trace_v3,4200,17294096575131288718,0,perception.multi_sensor_fusion,out,6332794062016,1,/apollo/perception/obstacles,0,1218,1785125513180307521,0,72331600066512066,2,719157,719325
202607271211,e2e_trace_v3,4212,72331600066512067,0,perception.multi_sensor_fusion,in,6332886040960,1,/perception/fusion/input/velodyne64,0,0,1785125513280589618,0,0,0,719157,719328
202607271211,e2e_trace_v3,4214,17294096575131288719,0,perception.multi_sensor_fusion,out,6332887109376,1,/apollo/perception/obstacles,0,1219,1785125513280589618,0,72331600066512067,2,719157,719328
202607271211,e2e_trace_v3,4215,216446788142367855,0,perception.multi_sensor_fusion,in,6332887311296,1,/perception/fusion/input/radar_front,0,0,0,0,0,0,719157,719328
202607271211,e2e_trace_v3,4226,216446788142367856,0,perception.multi_sensor_fusion,in,6332991610048,1,/perception/fusion/input/radar_front,0,0,0,0,0,0,719157,719328
202607271211,e2e_trace_v3,4233,72331600066512068,0,perception.multi_sensor_fusion,in,6332999818752,1,/perception/fusion/input/velodyne64,0,0,1785125513380380281,0,0,0,719157,719313
202607271211,e2e_trace_v3,4234,17294096575131288720,0,perception.multi_sensor_fusion,out,6333001325888,1,/apollo/perception/obstacles,0,1220,1785125513380380281,0,72331600066512068,2,719157,719313
202607271211,e2e_trace_v3,4240,72331600066512069,0,perception.multi_sensor_fusion,in,6333098584576,1,/perception/fusion/input/velodyne64,0,0,1785125513480474903,0,0,0,719157,719312
202607271211,e2e_trace_v3,4243,17294096575131288721,0,perception.multi_sensor_fusion,out,6333099712608,1,/apollo/perception/obstacles,0,1221,1785125513480474903,0,72331600066512069,2,719157,719312
202607271211,e2e_trace_v3,4249,216446788142367857,0,perception.multi_sensor_fusion,in,6333111933600,1,/perception/fusion/input/radar_front,0,0,0,0,0,0,719157,719333
202607271211,e2e_trace_v3,4259,216446788142367858,0,perception.multi_sensor_fusion,in,6333192697824,1,/perception/fusion/input/radar_front,0,0,0,0,0,0,719157,719311
202607271211,e2e_trace_v3,4267,72331600066512070,0,perception.multi_sensor_fusion,in,6333210559776,1,/perception/fusion/input/velodyne64,0,0,1785125513580750962,0,0,0,719157,719322
202607271211,e2e_trace_v3,4268,17294096575131288722,0,perception.multi_sensor_fusion,out,6333212267232,1,/apollo/perception/obstacles,0,1222,1785125513580750962,0,72331600066512070,2,719157,719322
202607271211,e2e_trace_v3,4276,216446788142367859,0,perception.multi_sensor_fusion,in,6333284810400,1,/perception/fusion/input/radar_front,0,0,0,0,0,0,719157,719328
202607271211,e2e_trace_v3,4284,72331600066512071,0,perception.multi_sensor_fusion,in,6333304910784,1,/perception/fusion/input/velodyne64,0,0,1785125513686545993,0,0,0,719157,719324
202607271211,e2e_trace_v3,4285,17294096575131288723,0,perception.multi_sensor_fusion,out,6333306064032,1,/apollo/perception/obstacles,0,1223,1785125513686545993,0,72331600066512071,2,719157,719324
202607271211,e2e_trace_v3,4298,72331600066512072,0,perception.multi_sensor_fusion,in,6333399779008,1,/perception/fusion/input/velodyne64,0,0,1785125513780813814,0,0,0,719157,719324
202607271211,e2e_trace_v3,4299,17294096575131288724,0,perception.multi_sensor_fusion,out,6333400895424,1,/apollo/perception/obstacles,0,1224,1785125513780813814,0,72331600066512072,2,719157,719324
202607271211,e2e_trace_v3,4313,216446788142367860,0,perception.multi_sensor_fusion,in,6333496448992,1,/perception/fusion/input/radar_front,0,0,0,0,0,0,719157,719328
202607271211,e2e_trace_v3,4315,72331600066512073,0,perception.multi_sensor_fusion,in,6333496655200,1,/perception/fusion/input/velodyne64,0,0,1785125513880446801,0,0,0,719157,719328
202607271211,e2e_trace_v3,4316,17294096575131288725,0,perception.multi_sensor_fusion,out,6333498886272,1,/apollo/perception/obstacles,0,1225,1785125513880446801,0,72331600066512073,2,719157,719328
202607271211,e2e_trace_v3,4330,72331600066512074,0,perception.multi_sensor_fusion,in,6333589088608,1,/perception/fusion/input/velodyne64,0,0,1785125513980407317,0,0,0,719157,719311
202607271211,e2e_trace_v3,4332,17294096575131288726,0,perception.multi_sensor_fusion,out,6333590222976,1,/apollo/perception/obstacles,0,1226,1785125513980407317,0,72331600066512074,2,719157,719311
202607271211,e2e_trace_v3,4333,216446788142367861,0,perception.multi_sensor_fusion,in,6333590393632,1,/perception/fusion/input/radar_front,0,0,0,0,0,0,719157,719311
202607271211,e2e_trace_v3,4345,72331600066512075,0,perception.multi_sensor_fusion,in,6333681757664,1,/perception/fusion/input/velodyne64,0,0,1785125514080969631,0,0,0,719157,719311
202607271211,e2e_trace_v3,4346,17294096575131288727,0,perception.multi_sensor_fusion,out,6333683083936,1,/apollo/perception/obstacles,0,1227,1785125514080969631,0,72331600066512075,2,719157,719311
202607271211,e2e_trace_v3,4347,216446788142367862,0,perception.multi_sensor_fusion,in,6333691235712,1,/perception/fusion/input/radar_front,0,0,0,0,0,0,719157,719333
202607271211,e2e_trace_v3,4357,216446788142367863,0,perception.multi_sensor_fusion,in,6333785020544,1,/perception/fusion/input/radar_front,0,0,0,0,0,0,719157,719333
202607271211,e2e_trace_v3,4366,72331600066512076,0,perception.multi_sensor_fusion,in,6333792008992,1,/perception/fusion/input/velodyne64,0,0,1785125514180818969,0,0,0,719157,719334
202607271211,e2e_trace_v3,4367,17294096575131288728,0,perception.multi_sensor_fusion,out,6333793535104,1,/apollo/perception/obstacles,0,1228,1785125514180818969,0,72331600066512076,2,719157,719334
202607271211,e2e_trace_v3,4375,216446788142367864,0,perception.multi_sensor_fusion,in,6333889933600,1,/perception/fusion/input/radar_front,0,0,0,0,0,0,719157,719323
202607271211,e2e_trace_v3,4381,72331600066512077,0,perception.multi_sensor_fusion,in,6333893425280,1,/perception/fusion/input/velodyne64,0,0,1785125514280884396,0,0,0,719157,719333
202607271211,e2e_trace_v3,4382,17294096575131288729,0,perception.multi_sensor_fusion,out,6333894967264,1,/apollo/perception/obstacles,0,1229,1785125514280884396,0,72331600066512077,2,719157,719333
202607271211,e2e_trace_v3,4397,72331600066512078,0,perception.multi_sensor_fusion,in,6334002275808,1,/perception/fusion/input/velodyne64,0,0,1785125514380652094,0,0,0,719157,719333
202607271211,e2e_trace_v3,4398,17294096575131288730,0,perception.multi_sensor_fusion,out,6334003838496,1,/apollo/perception/obstacles,0,1230,1785125514380652094,0,72331600066512078,2,719157,719333
202607271211,e2e_trace_v3,4406,216446788142367865,0,perception.multi_sensor_fusion,in,6334085102560,1,/perception/fusion/input/radar_front,0,0,0,0,0,0,719157,719328
202607271211,e2e_trace_v3,4414,72331600066512079,0,perception.multi_sensor_fusion,in,6334095610848,1,/perception/fusion/input/velodyne64,0,0,1785125514480497392,0,0,0,719157,719334
202607271211,e2e_trace_v3,4415,17294096575131288731,0,perception.multi_sensor_fusion,out,6334097330336,1,/apollo/perception/obstacles,0,1231,1785125514480497392,0,72331600066512079,2,719157,719334
202607271211,e2e_trace_v3,4427,72331600066512080,0,perception.multi_sensor_fusion,in,6334188434112,1,/perception/fusion/input/velodyne64,0,0,1785125514580806823,0,0,0,719157,719313
202607271211,e2e_trace_v3,4429,17294096575131288732,0,perception.multi_sensor_fusion,out,6334190062112,1,/apollo/perception/obstacles,0,1232,1785125514580806823,0,72331600066512080,2,719157,719313
202607271211,e2e_trace_v3,4430,216446788142367866,0,perception.multi_sensor_fusion,in,6334190310496,1,/perception/fusion/input/radar_front,0,0,0,0,0,0,719157,719313
202607271211,e2e_trace_v3,4440,216446788142367867,0,perception.multi_sensor_fusion,in,6334285492800,1,/perception/fusion/input/radar_front,0,0,0,0,0,0,719157,719331
202607271211,e2e_trace_v3,4448,72331600066512081,0,perception.multi_sensor_fusion,in,6334296695936,1,/perception/fusion/input/velodyne64,0,0,1785125514680883644,0,0,0,719157,719325
202607271211,e2e_trace_v3,4449,17294096575131288733,0,perception.multi_sensor_fusion,out,6334298200320,1,/apollo/perception/obstacles,0,1233,1785125514680883644,0,72331600066512081,2,719157,719325
