run_id,schema_version,event_id,trace_id,proc_id,module,edge,mono_ns,trace_valid,channel,input_seq,output_seq,data_ts_ns,object_count,primary_parent_trace_id,parent_trace_count,pid,tid
202607191727,e2e_trace_v3,0,17293839968015221807,0,planning,in,82901708569152,1,/apollo/prediction,843,0,1784453257871884155,0,72074992950445111,2,2297807,2297896
202607191727,e2e_trace_v3,17,17293839968015221807,0,planning,out,82901741015008,1,/apollo/planning,0,837,1784453257871884155,138,72074992950445111,2,2297807,2297896
202607191727,e2e_trace_v3,18,17293839968015221808,0,planning,in,82901816220512,1,/apollo/prediction,844,0,1784453257982795162,0,72074992950445112,1,2297807,2297904
202607191727,e2e_trace_v3,35,17293839968015221808,0,planning,out,82901844436640,1,/apollo/planning,0,838,1784453257982795162,138,72074992950445112,1,2297807,2297904
202607191727,e2e_trace_v3,36,17293839968015221809,0,planning,in,82901922896544,1,/apollo/prediction,845,0,1784453258094013255,0,72074992950445113,2,2297807,2297904
202607191727,e2e_trace_v3,53,17293839968015221809,0,planning,out,82901951896160,1,/apollo/planning,0,839,1784453258094013255,139,72074992950445113,2,2297807,2297904
202607191727,e2e_trace_v3,54,17293839968015221810,0,planning,in,82902028791008,1,/apollo/prediction,846,0,1784453258209727686,0,72074992950445114,2,2297807,2297924
202607191727,e2e_trace_v3,71,17293839968015221810,0,planning,out,82902055063200,1,/apollo/planning,0,840,1784453258209727686,144,72074992950445114,2,2297807,2297924
202607191727,e2e_trace_v3,72,17293839968015221811,0,planning,in,82902144227840,1,/apollo/prediction,847,0,1784453258324654789,0,72074992950445115,1,2297807,2297922
202607191727,e2e_trace_v3,89,17293839968015221811,0,planning,out,82902200117056,1,/apollo/planning,0,841,1784453258324654789,111,72074992950445115,1,2297807,2297922
202607191727,e2e_trace_v3,90,17293839968015221812,0,planning,in,82902258458016,1,/apollo/prediction,848,0,1784453258442333340,0,72074992950445116,2,2297807,2297906
202607191727,e2e_trace_v3,107,17293839968015221812,0,planning,out,82902291588192,1,/apollo/planning,0,842,1784453258442333340,117,72074992950445116,2,2297807,2297906
202607191727,e2e_trace_v3,108,17293839968015221813,0,planning,in,82902381372832,1,/apollo/prediction,849,0,1784453258555555731,0,72074992950445117,2,2297807,2297925
202607191727,e2e_trace_v3,125,17293839968015221813,0,planning,out,82902415261760,1,/apollo/planning,0,843,1784453258555555731,123,72074992950445117,2,2297807,2297925
202607191727,e2e_trace_v3,126,17293839968015221814,0,planning,in,82902490081248,1,/apollo/prediction,850,0,1784453258669784399,0,72074992950445118,2,2297807,2297924
202607191727,e2e_trace_v3,143,17293839968015221814,0,planning,out,82902536511616,1,/apollo/planning,0,844,1784453258669784399,129,72074992950445118,2,2297807,2297924
202607191727,e2e_trace_v3,144,17293839968015221815,0,planning,in,82902614674752,1,/apollo/prediction,851,0,1784453258782129377,0,72074992950445119,2,2297807,2297908
202607191727,e2e_trace_v3,161,17293839968015221815,0,planning,out,82902653377280,1,/apollo/planning,0,845,1784453258782129377,135,72074992950445119,2,2297807,2297908
202607191727,e2e_trace_v3,162,17293839968015221816,0,planning,in,82902727343744,1,/apollo/prediction,852,0,1784453258894337786,0,72074992950445120,2,2297807,2297918
202607191727,e2e_trace_v3,179,17293839968015221816,0,planning,out,82902763480864,1,/apollo/planning,0,846,1784453258894337786,136,72074992950445120,2,2297807,2297918
202607191727,e2e_trace_v3,180,17293839968015221817,0,planning,in,82902841507136,1,/apollo/prediction,853,0,1784453259010235737,0,72074992950445121,2,2297807,2297913
202607191727,e2e_trace_v3,197,17293839968015221817,0,planning,out,82902884899744,1,/apollo/planning,0,847,1784453259010235737,138,72074992950445121,2,2297807,2297913
202607191727,e2e_trace_v3,198,17293839968015221818,0,planning,in,82902969917888,1,/apollo/prediction,854,0,1784453259129074431,0,72074992950445122,2,2297807,2297924
202607191727,e2e_trace_v3,215,17293839968015221818,0,planning,out,82903000358496,1,/apollo/planning,0,848,1784453259129074431,136,72074992950445122,2,2297807,2297924
202607191727,e2e_trace_v3,216,17293839968015221819,0,planning,in,82903082449472,1,/apollo/prediction,855,0,1784453259253358226,0,72074992950445123,2,2297807,2297922
202607191727,e2e_trace_v3,233,17293839968015221819,0,planning,out,82903108318592,1,/apollo/planning,0,849,1784453259253358226,136,72074992950445123,2,2297807,2297922
202607191727,e2e_trace_v3,234,17293839968015221820,0,planning,in,82903187566240,1,/apollo/prediction,856,0,1784453259365836889,0,72074992950445124,2,2297807,2297896
202607191727,e2e_trace_v3,251,17293839968015221820,0,planning,out,82903213557024,1,/apollo/planning,0,850,1784453259365836889,136,72074992950445124,2,2297807,2297896
202607191727,e2e_trace_v3,252,17293839968015221821,0,planning,in,82903313640992,1,/apollo/prediction,857,0,1784453259480953981,0,72074992950445125,2,2297807,2297896
202607191727,e2e_trace_v3,269,17293839968015221821,0,planning,out,82903341023904,1,/apollo/planning,0,851,1784453259480953981,136,72074992950445125,2,2297807,2297896
202607191727,e2e_trace_v3,270,17293839968015221822,0,planning,in,82903448278048,1,/apollo/prediction,858,0,1784453259593879780,0,72074992950445126,2,2297807,2297896
202607191727,e2e_trace_v3,287,17293839968015221822,0,planning,out,82903476828608,1,/apollo/planning,0,852,1784453259593879780,136,72074992950445126,2,2297807,2297896
202607191727,e2e_trace_v3,288,17293839968015221823,0,planning,in,82903555878752,1,/apollo/prediction,859,0,1784453259711992141,0,72074992950445127,2,2297807,2297915
202607191727,e2e_trace_v3,305,17293839968015221823,0,planning,out,82903582072768,1,/apollo/planning,0,853,1784453259711992141,136,72074992950445127,2,2297807,2297915
202607191727,e2e_trace_v3,306,17293839968015221824,0,planning,in,82903652731584,1,/apollo/prediction,860,0,1784453259829113545,0,72074992950445128,2,2297807,2297913
202607191727,e2e_trace_v3,323,17293839968015221824,0,planning,out,82903688870816,1,/apollo/planning,0,854,1784453259829113545,136,72074992950445128,2,2297807,2297913
202607191727,e2e_trace_v3,324,17293839968015221825,0,planning,in,82903773671360,1,/apollo/prediction,861,0,1784453259945520357,0,72074992950445129,2,2297807,2297920
202607191727,e2e_trace_v3,341,17293839968015221825,0,planning,out,82903814967680,1,/apollo/planning,0,855,1784453259945520357,137,72074992950445129,2,2297807,2297920
202607191727,e2e_trace_v3,342,17293839968015221826,0,planning,in,82903899294240,1,/apollo/prediction,862,0,1784453260057657766,0,72074992950445130,2,2297807,2297896
202607191727,e2e_trace_v3,359,17293839968015221826,0,planning,out,82903924853184,1,/apollo/planning,0,856,1784453260057657766,140,72074992950445130,2,2297807,2297896
202607191727,e2e_trace_v3,360,17293839968015221827,0,planning,in,82904034003008,1,/apollo/prediction,863,0,1784453260178099131,0,72074992950445131,2,2297807,2297898
202607191727,e2e_trace_v3,377,17293839968015221827,0,planning,out,82904060417792,1,/apollo/planning,0,857,1784453260178099131,143,72074992950445131,2,2297807,2297898
202607191727,e2e_trace_v3,378,17293839968015221828,0,planning,in,82904123273440,1,/apollo/prediction,864,0,1784453260296455599,0,72074992950445132,2,2297807,2297909
202607191727,e2e_trace_v3,395,17293839968015221828,0,planning,out,82904153343072,1,/apollo/planning,0,858,1784453260296455599,111,72074992950445132,2,2297807,2297909
202607191727,e2e_trace_v3,396,17293839968015221829,0,planning,in,82904253561408,1,/apollo/prediction,865,0,1784453260421948370,0,72074992950445133,2,2297807,2297909
202607191727,e2e_trace_v3,413,17293839968015221829,0,planning,out,82904283142656,1,/apollo/planning,0,859,1784453260421948370,118,72074992950445133,2,2297807,2297909
202607191727,e2e_trace_v3,414,17293839968015221830,0,planning,in,82904365576864,1,/apollo/prediction,866,0,1784453260537945282,0,72074992950445134,2,2297807,2297913
202607191727,e2e_trace_v3,431,17293839968015221830,0,planning,out,82904406227648,1,/apollo/planning,0,860,1784453260537945282,124,72074992950445134,2,2297807,2297913
202607191727,e2e_trace_v3,432,17293839968015221831,0,planning,in,82904477963104,1,/apollo/prediction,867,0,1784453260649198642,0,72074992950445135,2,2297807,2297925
202607191727,e2e_trace_v3,449,17293839968015221831,0,planning,out,82904528744736,1,/apollo/planning,0,861,1784453260649198642,129,72074992950445135,2,2297807,2297925
202607191727,e2e_trace_v3,450,17293839968015221832,0,planning,in,82904577559072,1,/apollo/prediction,868,0,1784453260760420930,0,72074992950445136,2,2297807,2297913
202607191727,e2e_trace_v3,467,17293839968015221832,0,planning,out,82904616141344,1,/apollo/planning,0,862,1784453260760420930,134,72074992950445136,2,2297807,2297913
202607191727,e2e_trace_v3,468,17293839968015221833,0,planning,in,82904691049600,1,/apollo/prediction,869,0,1784453260875717492,0,72074992950445137,2,2297807,2297915
202607191727,e2e_trace_v3,485,17293839968015221833,0,planning,out,82904720625856,1,/apollo/planning,0,863,1784453260875717492,136,72074992950445137,2,2297807,2297915
202607191727,e2e_trace_v3,486,17293839968015221834,0,planning,in,82904818644000,1,/apollo/prediction,870,0,1784453260987026091,0,72074992950445138,2,2297807,2297896
202607191727,e2e_trace_v3,503,17293839968015221834,0,planning,out,82904848495680,1,/apollo/planning,0,864,1784453260987026091,136,72074992950445138,2,2297807,2297896
202607191727,e2e_trace_v3,504,17293839968015221835,0,planning,in,82904946126496,1,/apollo/prediction,871,0,1784453261097263957,0,72074992950445139,2,2297807,2297922
202607191727,e2e_trace_v3,521,17293839968015221835,0,planning,out,82904993936032,1,/apollo/planning,0,865,1784453261097263957,136,72074992950445139,2,2297807,2297922
202607191727,e2e_trace_v3,522,17293839968015221836,0,planning,in,82905056344896,1,/apollo/prediction,872,0,1784453261214078792,0,72074992950445140,2,2297807,2297904
202607191727,e2e_trace_v3,539,17293839968015221836,0,planning,out,82905082277568,1,/apollo/planning,0,866,1784453261214078792,136,72074992950445140,2,2297807,2297904
202607191727,e2e_trace_v3,540,17293839968015221837,0,planning,in,82905145890496,1,/apollo/prediction,873,0,1784453261329048119,0,72074992950445141,2,2297807,2297908
202607191727,e2e_trace_v3,557,17293839968015221837,0,planning,out,82905172076160,1,/apollo/planning,0,867,1784453261329048119,136,72074992950445141,2,2297807,2297908
202607191727,e2e_trace_v3,558,17293839968015221838,0,planning,in,82905253085280,1,/apollo/prediction,874,0,1784453261441368620,0,72074992950445142,2,2297807,2297915
202607191727,e2e_trace_v3,575,17293839968015221838,0,planning,out,82905286428896,1,/apollo/planning,0,868,1784453261441368620,137,72074992950445142,2,2297807,2297915
202607191727,e2e_trace_v3,576,17293839968015221839,0,planning,in,82905380289632,1,/apollo/prediction,875,0,1784453261554386265,0,72074992950445143,2,2297807,2297900
202607191727,e2e_trace_v3,593,17293839968015221839,0,planning,out,82905432587264,1,/apollo/planning,0,869,1784453261554386265,136,72074992950445143,2,2297807,2297900
202607191727,e2e_trace_v3,594,17293839968015221840,0,planning,in,82905502039776,1,/apollo/prediction,876,0,1784453261670121055,0,72074992950445144,1,2297807,2297909
202607191727,e2e_trace_v3,611,17293839968015221840,0,planning,out,82905537818432,1,/apollo/planning,0,870,1784453261670121055,136,72074992950445144,1,2297807,2297909
202607191727,e2e_trace_v3,612,17293839968015221841,0,planning,in,82905610365344,1,/apollo/prediction,877,0,1784453261783273511,0,72074992950445145,2,2297807,2297908
202607191727,e2e_trace_v3,629,17293839968015221841,0,planning,out,82905641356096,1,/apollo/planning,0,871,1784453261783273511,136,72074992950445145,2,2297807,2297908
202607191727,e2e_trace_v3,630,17293839968015221842,0,planning,in,82905710917856,1,/apollo/prediction,878,0,1784453261894545589,0,72074992950445146,2,2297807,2297911
202607191727,e2e_trace_v3,647,17293839968015221842,0,planning,out,82905751870304,1,/apollo/planning,0,872,1784453261894545589,141,72074992950445146,2,2297807,2297911
202607191727,e2e_trace_v3,648,17293839968015221843,0,planning,in,82905829353376,1,/apollo/prediction,879,0,1784453262008169616,0,72074992950445147,2,2297807,2297906
202607191727,e2e_trace_v3,665,17293839968015221843,0,planning,out,82905859485312,1,/apollo/planning,0,873,1784453262008169616,143,72074992950445147,2,2297807,2297906
202607191727,e2e_trace_v3,666,17293839968015221844,0,planning,in,82905951625696,1,/apollo/prediction,880,0,1784453262128956445,0,72074992950445148,2,2297807,2297909
202607191727,e2e_trace_v3,683,17293839968015221844,0,planning,out,82905989175104,1,/apollo/planning,0,874,1784453262128956445,145,72074992950445148,2,2297807,2297909
202607191727,e2e_trace_v3,684,17293839968015221845,0,planning,in,82906066136960,1,/apollo/prediction,881,0,1784453262243715191,0,72074992950445149,2,2297807,2297920
202607191727,e2e_trace_v3,701,17293839968015221845,0,planning,out,82906109270656,1,/apollo/planning,0,875,1784453262243715191,143,72074992950445149,2,2297807,2297920
202607191727,e2e_trace_v3,702,17293839968015221846,0,planning,in,82906181805312,1,/apollo/prediction,882,0,1784453262358807766,0,72074992950445150,2,2297807,2297906
202607191727,e2e_trace_v3,719,17293839968015221846,0,planning,out,82906211651936,1,/apollo/planning,0,876,1784453262358807766,143,72074992950445150,2,2297807,2297906
202607191727,e2e_trace_v3,720,17293839968015221847,0,planning,in,82906294148128,1,/apollo/prediction,883,0,1784453262474403829,0,72074992950445151,2,2297807,2297924
202607191727,e2e_trace_v3,737,17293839968015221847,0,planning,out,82906326975360,1,/apollo/planning,0,877,1784453262474403829,111,72074992950445151,2,2297807,2297924
202607191727,e2e_trace_v3,738,17293839968015221848,0,planning,in,82906434677280,1,/apollo/prediction,884,0,1784453262586507994,0,72074992950445152,2,2297807,2297913
202607191727,e2e_trace_v3,755,17293839968015221848,0,planning,out,82906481204352,1,/apollo/planning,0,878,1784453262586507994,119,72074992950445152,2,2297807,2297913
202607191727,e2e_trace_v3,756,17293839968015221849,0,planning,in,82906548045376,1,/apollo/prediction,885,0,1784453262721602933,0,72074992950445153,2,2297807,2297911
202607191727,e2e_trace_v3,773,17293839968015221849,0,planning,out,82906574261504,1,/apollo/planning,0,879,1784453262721602933,124,72074992950445153,2,2297807,2297911
202607191727,e2e_trace_v3,774,17293839968015221850,0,planning,in,82906652736512,1,/apollo/prediction,886,0,1784453262836590979,0,72074992950445154,2,2297807,2297908
202607191727,e2e_trace_v3,791,17293839968015221850,0,planning,out,82906681056800,1,/apollo/planning,0,880,1784453262836590979,129,72074992950445154,2,2297807,2297908
202607191727,e2e_trace_v3,792,17293839968015221851,0,planning,in,82906773969664,1,/apollo/prediction,887,0,1784453262951767657,0,72074992950445155,2,2297807,2297908
202607191727,e2e_trace_v3,809,17293839968015221851,0,planning,out,82906803022176,1,/apollo/planning,0,881,1784453262951767657,135,72074992950445155,2,2297807,2297908
202607191727,e2e_trace_v3,810,17293839968015221852,0,planning,in,82906882665088,1,/apollo/prediction,888,0,1784453263063167745,0,72074992950445156,2,2297807,2297904
202607191727,e2e_trace_v3,827,17293839968015221852,0,planning,out,82906920407008,1,/apollo/planning,0,882,1784453263063167745,137,72074992950445156,2,2297807,2297904
202607191727,e2e_trace_v3,828,17293839968015221853,0,planning,in,82907002112192,1,/apollo/prediction,889,0,1784453263176075248,0,72074992950445157,2,2297807,2297908
202607191727,e2e_trace_v3,845,17293839968015221853,0,planning,out,82907040313856,1,/apollo/planning,0,883,1784453263176075248,136,72074992950445157,2,2297807,2297908
202607191727,e2e_trace_v3,846,17293839968015221854,0,planning,in,82907120021248,1,/apollo/prediction,890,0,1784453263292153478,0,72074992950445158,2,2297807,2297918
202607191727,e2e_trace_v3,863,17293839968015221854,0,planning,out,82907148430336,1,/apollo/planning,0,884,1784453263292153478,136,72074992950445158,2,2297807,2297918
202607191727,e2e_trace_v3,864,17293839968015221855,0,planning,in,82907221532320,1,/apollo/prediction,891,0,1784453263405231158,0,72074992950445159,2,2297807,2297908
202607191727,e2e_trace_v3,881,17293839968015221855,0,planning,out,82907255156640,1,/apollo/planning,0,885,1784453263405231158,137,72074992950445159,2,2297807,2297908
202607191727,e2e_trace_v3,882,17293839968015221856,0,planning,in,82907341555584,1,/apollo/prediction,892,0,1784453263518573892,0,72074992950445160,2,2297807,2297900
202607191727,e2e_trace_v3,899,17293839968015221856,0,planning,out,82907374381664,1,/apollo/planning,0,886,1784453263518573892,137,72074992950445160,2,2297807,2297900
202607191727,e2e_trace_v3,900,17293839968015221857,0,planning,in,82907459743232,1,/apollo/prediction,893,0,1784453263635127339,0,72074992950445161,1,2297807,2297902
202607191727,e2e_trace_v3,917,17293839968015221857,0,planning,out,82907499741504,1,/apollo/planning,0,887,1784453263635127339,136,72074992950445161,1,2297807,2297902
202607191727,e2e_trace_v3,918,17293839968015221858,0,planning,in,82907598115008,1,/apollo/prediction,894,0,1784453263748342784,0,72074992950445162,2,2297807,2297902
202607191727,e2e_trace_v3,935,17293839968015221858,0,planning,out,82907630981824,1,/apollo/planning,0,888,1784453263748342784,136,72074992950445162,2,2297807,2297902
202607191727,e2e_trace_v3,936,17293839968015221859,0,planning,in,82907701191872,1,/apollo/prediction,895,0,1784453263861482188,0,72074992950445163,2,2297807,2297925
202607191727,e2e_trace_v3,953,17293839968015221859,0,planning,out,82907735447296,1,/apollo/planning,0,889,1784453263861482188,136,72074992950445163,2,2297807,2297925
202607191727,e2e_trace_v3,954,17293839968015221860,0,planning,in,82907819355392,1,/apollo/prediction,896,0,1784453263973152049,0,72074992950445164,2,2297807,2297898
202607191727,e2e_trace_v3,971,17293839968015221860,0,planning,out,82907853666336,1,/apollo/planning,0,890,1784453263973152049,137,72074992950445164,2,2297807,2297898
202607191727,e2e_trace_v3,972,17293839968015221861,0,planning,in,82907923036480,1,/apollo/prediction,897,0,1784453264090234676,0,72074992950445165,2,2297807,2297904
202607191727,e2e_trace_v3,989,17293839968015221861,0,planning,out,82907973918496,1,/apollo/planning,0,891,1784453264090234676,138,72074992950445165,2,2297807,2297904
202607191727,e2e_trace_v3,990,17293839968015221862,0,planning,in,82908032063552,1,/apollo/prediction,898,0,1784453264205771561,0,72074992950445166,2,2297807,2297922
202607191727,e2e_trace_v3,1007,17293839968015221862,0,planning,out,82908080961568,1,/apollo/planning,0,892,1784453264205771561,138,72074992950445166,2,2297807,2297922
202607191727,e2e_trace_v3,1008,17293839968015221863,0,planning,in,82908147777120,1,/apollo/prediction,899,0,1784453264320090054,0,72074992950445167,2,2297807,2297913
202607191727,e2e_trace_v3,1025,17293839968015221863,0,planning,out,82908181597696,1,/apollo/planning,0,893,1784453264320090054,141,72074992950445167,2,2297807,2297913
202607191727,e2e_trace_v3,1026,17293839968015221864,0,planning,in,82908244838048,1,/apollo/prediction,900,0,1784453264434532842,0,72074992950445168,1,2297807,2297908
202607191727,e2e_trace_v3,1043,17293839968015221864,0,planning,out,82908277385056,1,/apollo/planning,0,894,1784453264434532842,146,72074992950445168,1,2297807,2297908
202607191727,e2e_trace_v3,1044,17293839968015221865,0,planning,in,82908368884064,1,/apollo/prediction,901,0,1784453264546026605,0,72074992950445169,2,2297807,2297915
202607191727,e2e_trace_v3,1061,17293839968015221865,0,planning,out,82908412870784,1,/apollo/planning,0,895,1784453264546026605,111,72074992950445169,2,2297807,2297915
202607191727,e2e_trace_v3,1062,17293839968015221866,0,planning,in,82908505083136,1,/apollo/prediction,902,0,1784453264663387443,0,72074992950445170,1,2297807,2297900
202607191727,e2e_trace_v3,1079,17293839968015221866,0,planning,out,82908535590368,1,/apollo/planning,0,896,1784453264663387443,118,72074992950445170,1,2297807,2297900
202607191727,e2e_trace_v3,1080,17293839968015221867,0,planning,in,82908616259520,1,/apollo/prediction,903,0,1784453264788581468,0,72074992950445171,1,2297807,2297922
202607191727,e2e_trace_v3,1097,17293839968015221867,0,planning,out,82908645503872,1,/apollo/planning,0,897,1784453264788581468,124,72074992950445171,1,2297807,2297922
202607191727,e2e_trace_v3,1098,17293839968015221868,0,planning,in,82908726261408,1,/apollo/prediction,904,0,1784453264900996102,0,72074992950445172,2,2297807,2297924
202607191727,e2e_trace_v3,1115,17293839968015221868,0,planning,out,82908762223136,1,/apollo/planning,0,898,1784453264900996102,129,72074992950445172,2,2297807,2297924
202607191727,e2e_trace_v3,1116,17293839968015221869,0,planning,in,82908835760064,1,/apollo/prediction,905,0,1784453265013117848,0,72074992950445173,2,2297807,2297909
202607191727,e2e_trace_v3,1133,17293839968015221869,0,planning,out,82908874939936,1,/apollo/planning,0,899,1784453265013117848,135,72074992950445173,2,2297807,2297909
202607191727,e2e_trace_v3,1134,17293839968015221870,0,planning,in,82908957595680,1,/apollo/prediction,906,0,1784453265126360086,0,72074992950445174,1,2297807,2297915
202607191727,e2e_trace_v3,1151,17293839968015221870,0,planning,out,82909005806240,1,/apollo/planning,0,900,1784453265126360086,138,72074992950445174,1,2297807,2297915
202607191727,e2e_trace_v3,1152,17293839968015221871,0,planning,in,82909081081856,1,/apollo/prediction,907,0,1784453265239065118,0,72074992950445175,2,2297807,2297918
202607191727,e2e_trace_v3,1169,17293839968015221871,0,planning,out,82909109840576,1,/apollo/planning,0,901,1784453265239065118,136,72074992950445175,2,2297807,2297918
202607191727,e2e_trace_v3,1170,17293839968015221872,0,planning,in,82909213773792,1,/apollo/prediction,908,0,1784453265362635634,0,72074992950445176,1,2297807,2297904
202607191727,e2e_trace_v3,1187,17293839968015221872,0,planning,out,82909240034752,1,/apollo/planning,0,902,1784453265362635634,136,72074992950445176,1,2297807,2297904
202607191727,e2e_trace_v3,1188,17293839968015221873,0,planning,in,82909313560128,1,/apollo/prediction,909,0,1784453265477545510,0,72074992950445177,2,2297807,2297913
202607191727,e2e_trace_v3,1205,17293839968015221873,0,planning,out,82909340833088,1,/apollo/planning,0,903,1784453265477545510,137,72074992950445177,2,2297807,2297913
202607191727,e2e_trace_v3,1206,17293839968015221874,0,planning,in,82909435119392,1,/apollo/prediction,910,0,1784453265606357276,0,72074992950445178,2,2297807,2297902
202607191727,e2e_trace_v3,1223,17293839968015221874,0,planning,out,82909468208928,1,/apollo/planning,0,904,1784453265606357276,136,72074992950445178,2,2297807,2297902
202607191727,e2e_trace_v3,1224,17293839968015221875,0,planning,in,82909533967360,1,/apollo/prediction,911,0,1784453265718031238,0,72074992950445179,1,2297807,2297900
202607191727,e2e_trace_v3,1241,17293839968015221875,0,planning,out,82909564494944,1,/apollo/planning,0,905,1784453265718031238,137,72074992950445179,1,2297807,2297900
202607191727,e2e_trace_v3,1242,17293839968015221876,0,planning,in,82909650981216,1,/apollo/prediction,912,0,1784453265832822222,0,72074992950445180,2,2297807,2297900
202607191727,e2e_trace_v3,1259,17293839968015221876,0,planning,out,82909681035744,1,/apollo/planning,0,906,1784453265832822222,136,72074992950445180,2,2297807,2297900
202607191727,e2e_trace_v3,1260,17293839968015221877,0,planning,in,82909767584128,1,/apollo/prediction,913,0,1784453265946246244,0,72074992950445181,2,2297807,2297900
202607191727,e2e_trace_v3,1277,17293839968015221877,0,planning,out,82909796834432,1,/apollo/planning,0,907,1784453265946246244,136,72074992950445181,2,2297807,2297900
202607191727,e2e_trace_v3,1278,17293839968015221878,0,planning,in,82909886840672,1,/apollo/prediction,914,0,1784453266055724229,0,72074992950445182,2,2297807,2297908
202607191727,e2e_trace_v3,1295,17293839968015221878,0,planning,out,82909914562720,1,/apollo/planning,0,908,1784453266055724229,136,72074992950445182,2,2297807,2297908
202607191727,e2e_trace_v3,1296,17293839968015221879,0,planning,in,82909993390272,1,/apollo/prediction,915,0,1784453266165835776,0,72074992950445183,1,2297807,2297925
202607191727,e2e_trace_v3,1313,17293839968015221879,0,planning,out,82910038418848,1,/apollo/planning,0,909,1784453266165835776,136,72074992950445183,1,2297807,2297925
202607191727,e2e_trace_v3,1314,17293839968015221880,0,planning,in,82910111035488,1,/apollo/prediction,916,0,1784453266278711882,0,72074992950445184,2,2297807,2297915
202607191727,e2e_trace_v3,1331,17293839968015221880,0,planning,out,82910150168384,1,/apollo/planning,0,910,1784453266278711882,136,72074992950445184,2,2297807,2297915
202607191727,e2e_trace_v3,1332,17293839968015221881,0,planning,in,82910221833600,1,/apollo/prediction,917,0,1784453266395213240,0,72074992950445185,2,2297807,2297900
202607191727,e2e_trace_v3,1349,17293839968015221881,0,planning,out,82910251322944,1,/apollo/planning,0,911,1784453266395213240,138,72074992950445185,2,2297807,2297900
202607191727,e2e_trace_v3,1350,17293839968015221882,0,planning,in,82910326680416,1,/apollo/prediction,918,0,1784453266512597953,0,72074992950445186,1,2297807,2297925
202607191727,e2e_trace_v3,1367,17293839968015221882,0,planning,out,82910362727872,1,/apollo/planning,0,912,1784453266512597953,143,72074992950445186,1,2297807,2297925
202607191727,e2e_trace_v3,1368,17293839968015221883,0,planning,in,82910446043904,1,/apollo/prediction,919,0,1784453266630411069,0,72074992950445187,2,2297807,2297898
202607191727,e2e_trace_v3,1385,17293839968015221883,0,planning,out,82910489939328,1,/apollo/planning,0,913,1784453266630411069,145,72074992950445187,2,2297807,2297898
202607191727,e2e_trace_v3,1386,17293839968015221884,0,planning,in,82910573964000,1,/apollo/prediction,920,0,1784453266744619503,0,72074992950445188,2,2297807,2297915
202607191727,e2e_trace_v3,1403,17293839968015221884,0,planning,out,82910606095072,1,/apollo/planning,0,914,1784453266744619503,145,72074992950445188,2,2297807,2297915
202607191727,e2e_trace_v3,1404,17293839968015221885,0,planning,in,82910677565440,1,/apollo/prediction,921,0,1784453266860710947,0,72074992950445189,2,2297807,2297900
202607191727,e2e_trace_v3,1421,17293839968015221885,0,planning,out,82910723759040,1,/apollo/planning,0,915,1784453266860710947,145,72074992950445189,2,2297807,2297900
202607191727,e2e_trace_v3,1422,17293839968015221886,0,planning,in,82910809375072,1,/apollo/prediction,922,0,1784453266972287700,0,72074992950445190,2,2297807,2297920
202607191727,e2e_trace_v3,1439,17293839968015221886,0,planning,out,82910836902880,1,/apollo/planning,0,916,1784453266972287700,111,72074992950445190,2,2297807,2297920
202607191727,e2e_trace_v3,1440,17293839968015221887,0,planning,in,82910918801920,1,/apollo/prediction,923,0,1784453267084262861,0,72074992950445191,1,2297807,2297896
202607191727,e2e_trace_v3,1457,17293839968015221887,0,planning,out,82910967771776,1,/apollo/planning,0,917,1784453267084262861,117,72074992950445191,1,2297807,2297896
202607191727,e2e_trace_v3,1458,17293839968015221888,0,planning,in,82911037528352,1,/apollo/prediction,924,0,1784453267196467410,0,72074992950445192,2,2297807,2297902
202607191727,e2e_trace_v3,1475,17293839968015221888,0,planning,out,82911069348800,1,/apollo/planning,0,918,1784453267196467410,123,72074992950445192,2,2297807,2297902
202607191727,e2e_trace_v3,1476,17293839968015221889,0,planning,in,82911145439936,1,/apollo/prediction,925,0,1784453267312058115,0,72074992950445193,2,2297807,2297920
202607191727,e2e_trace_v3,1493,17293839968015221889,0,planning,out,82911173429280,1,/apollo/planning,0,919,1784453267312058115,128,72074992950445193,2,2297807,2297920
202607191727,e2e_trace_v3,1494,17293839968015221890,0,planning,in,82911267049184,1,/apollo/prediction,926,0,1784453267425121357,0,72074992950445194,1,2297807,2297920
202607191727,e2e_trace_v3,1511,17293839968015221890,0,planning,out,82911293680096,1,/apollo/planning,0,920,1784453267425121357,134,72074992950445194,1,2297807,2297920
202607191727,e2e_trace_v3,1512,17293839968015221891,0,planning,in,82911356310400,1,/apollo/prediction,927,0,1784453267536522443,0,72074992950445195,1,2297807,2297909
202607191727,e2e_trace_v3,1529,17293839968015221891,0,planning,out,82911384571584,1,/apollo/planning,0,921,1784453267536522443,139,72074992950445195,1,2297807,2297909
202607191727,e2e_trace_v3,1530,17293839968015221892,0,planning,in,82911477928640,1,/apollo/prediction,928,0,1784453267651889071,0,72074992950445196,2,2297807,2297908
202607191727,e2e_trace_v3,1547,17293839968015221892,0,planning,out,82911516683584,1,/apollo/planning,0,922,1784453267651889071,141,72074992950445196,2,2297807,2297908
202607191727,e2e_trace_v3,1548,17293839968015221893,0,planning,in,82911608719296,1,/apollo/prediction,929,0,1784453267775050112,0,72074992950445197,2,2297807,2297908
202607191727,e2e_trace_v3,1565,17293839968015221893,0,planning,out,82911638850784,1,/apollo/planning,0,923,1784453267775050112,136,72074992950445197,2,2297807,2297908
202607191727,e2e_trace_v3,1566,17293839968015221894,0,planning,in,82911722179296,1,/apollo/prediction,930,0,1784453267889918641,0,72074992950445198,1,2297807,2297900
202607191727,e2e_trace_v3,1583,17293839968015221894,0,planning,out,82911759779168,1,/apollo/planning,0,924,1784453267889918641,136,72074992950445198,1,2297807,2297900
202607191727,e2e_trace_v3,1584,17293839968015221895,0,planning,in,82911836377600,1,/apollo/prediction,931,0,1784453268004511787,0,72074992950445199,2,2297807,2297902
202607191727,e2e_trace_v3,1601,17293839968015221895,0,planning,out,82911866735744,1,/apollo/planning,0,925,1784453268004511787,136,72074992950445199,2,2297807,2297902
202607191727,e2e_trace_v3,1602,17293839968015221896,0,planning,in,82911970868864,1,/apollo/prediction,932,0,1784453268117997151,0,72074992950445200,2,2297807,2297924
202607191727,e2e_trace_v3,1619,17293839968015221896,0,planning,out,82912009226432,1,/apollo/planning,0,926,1784453268117997151,137,72074992950445200,2,2297807,2297924
202607191727,e2e_trace_v3,1620,17293839968015221897,0,planning,in,82912081429184,1,/apollo/prediction,933,0,1784453268231478790,0,72074992950445201,2,2297807,2297920
202607191727,e2e_trace_v3,1637,17293839968015221897,0,planning,out,82912111789696,1,/apollo/planning,0,927,1784453268231478790,136,72074992950445201,2,2297807,2297920
202607191727,e2e_trace_v3,1638,17293839968015221898,0,planning,in,82912214658144,1,/apollo/prediction,934,0,1784453268351276142,0,72074992950445202,2,2297807,2297902
202607191727,e2e_trace_v3,1655,17293839968015221898,0,planning,out,82912245752992,1,/apollo/planning,0,928,1784453268351276142,139,72074992950445202,2,2297807,2297902
202607191727,e2e_trace_v3,1656,17293839968015221899,0,planning,in,82912316002528,1,/apollo/prediction,935,0,1784453268482101425,0,72074992950445203,2,2297807,2297911
202607191727,e2e_trace_v3,1673,17293839968015221899,0,planning,out,82912342564064,1,/apollo/planning,0,929,1784453268482101425,139,72074992950445203,2,2297807,2297911
202607191727,e2e_trace_v3,1674,17293839968015221900,0,planning,in,82912412550592,1,/apollo/prediction,936,0,1784453268595946312,0,72074992950445204,1,2297807,2297913
202607191727,e2e_trace_v3,1691,17293839968015221900,0,planning,out,82912446483968,1,/apollo/planning,0,930,1784453268595946312,144,72074992950445204,1,2297807,2297913
202607191727,e2e_trace_v3,1692,17293839968015221901,0,planning,in,82912536205248,1,/apollo/prediction,937,0,1784453268712045995,0,72074992950445205,2,2297807,2297913
202607191727,e2e_trace_v3,1709,17293839968015221901,0,planning,out,82912561552576,1,/apollo/planning,0,931,1784453268712045995,141,72074992950445205,2,2297807,2297913
202607191727,e2e_trace_v3,1710,17293839968015221902,0,planning,in,82912639062176,1,/apollo/prediction,938,0,1784453268825966908,0,72074992950445206,2,2297807,2297898
202607191727,e2e_trace_v3,1727,17293839968015221902,0,planning,out,82912682056320,1,/apollo/planning,0,932,1784453268825966908,146,72074992950445206,2,2297807,2297898
202607191727,e2e_trace_v3,1728,17293839968015221903,0,planning,in,82912766496352,1,/apollo/prediction,939,0,1784453268939112499,0,72074992950445207,2,2297807,2297909
202607191727,e2e_trace_v3,1745,17293839968015221903,0,planning,out,82912806561120,1,/apollo/planning,0,933,1784453268939112499,145,72074992950445207,2,2297807,2297909
202607191727,e2e_trace_v3,1746,17293839968015221904,0,planning,in,82912890010752,1,/apollo/prediction,940,0,1784453269052028824,0,72074992950445208,2,2297807,2297918
202607191727,e2e_trace_v3,1763,17293839968015221904,0,planning,out,82912930924704,1,/apollo/planning,0,934,1784453269052028824,111,72074992950445208,2,2297807,2297918
202607191727,e2e_trace_v3,1764,17293839968015221905,0,planning,in,82913041647520,1,/apollo/prediction,941,0,1784453269163831633,0,72074992950445209,2,2297807,2297922
202607191727,e2e_trace_v3,1781,17293839968015221905,0,planning,out,82913083120704,1,/apollo/planning,0,935,1784453269163831633,119,72074992950445209,2,2297807,2297922
202607191727,e2e_trace_v3,1782,17293839968015221906,0,planning,in,82913144258336,1,/apollo/prediction,942,0,1784453269303397261,0,72074992950445210,2,2297807,2297925
202607191727,e2e_trace_v3,1799,17293839968015221906,0,planning,out,82913182847488,1,/apollo/planning,0,936,1784453269303397261,124,72074992950445210,2,2297807,2297925
202607191727,e2e_trace_v3,1800,17293839968015221907,0,planning,in,82913249965344,1,/apollo/prediction,943,0,1784453269416555606,0,72074992950445211,2,2297807,2297922
202607191727,e2e_trace_v3,1817,17293839968015221907,0,planning,out,82913280481696,1,/apollo/planning,0,937,1784453269416555606,130,72074992950445211,2,2297807,2297922
202607191727,e2e_trace_v3,1818,17293839968015221908,0,planning,in,82913359065280,1,/apollo/prediction,944,0,1784453269531160504,0,72074992950445212,2,2297807,2297924
202607191727,e2e_trace_v3,1835,17293839968015221908,0,planning,out,82913395069504,1,/apollo/planning,0,938,1784453269531160504,135,72074992950445212,2,2297807,2297924
202607191727,e2e_trace_v3,1836,17293839968015221909,0,planning,in,82913473554720,1,/apollo/prediction,945,0,1784453269643856320,0,72074992950445213,2,2297807,2297902
202607191727,e2e_trace_v3,1853,17293839968015221909,0,planning,out,82913502313920,1,/apollo/planning,0,939,1784453269643856320,136,72074992950445213,2,2297807,2297902
202607191727,e2e_trace_v3,1854,17293839968015221910,0,planning,in,82913588783584,1,/apollo/prediction,946,0,1784453269756611828,0,72074992950445214,2,2297807,2297902
202607191727,e2e_trace_v3,1871,17293839968015221910,0,planning,out,82913614809024,1,/apollo/planning,0,940,1784453269756611828,136,72074992950445214,2,2297807,2297902
202607191727,e2e_trace_v3,1872,17293839968015221911,0,planning,in,82913701468096,1,/apollo/prediction,947,0,1784453269869458750,0,72074992950445215,2,2297807,2297913
202607191727,e2e_trace_v3,1889,17293839968015221911,0,planning,out,82913742703776,1,/apollo/planning,0,941,1784453269869458750,136,72074992950445215,2,2297807,2297913
202607191727,e2e_trace_v3,1890,17293839968015221912,0,planning,in,82913821520928,1,/apollo/prediction,948,0,1784453269984491545,0,72074992950445216,1,2297807,2297924
202607191727,e2e_trace_v3,1907,17293839968015221912,0,planning,out,82913866812352,1,/apollo/planning,0,942,1784453269984491545,136,72074992950445216,1,2297807,2297924
202607191727,e2e_trace_v3,1908,17293839968015221913,0,planning,in,82913933454304,1,/apollo/prediction,949,0,1784453270096378258,0,72074992950445217,2,2297807,2297908
202607191727,e2e_trace_v3,1925,17293839968015221913,0,planning,out,82913982290880,1,/apollo/planning,0,943,1784453270096378258,136,72074992950445217,2,2297807,2297908
202607191727,e2e_trace_v3,1926,17293839968015221914,0,planning,in,82914047203104,1,/apollo/prediction,950,0,1784453270208601784,0,72074992950445218,2,2297807,2297909
202607191727,e2e_trace_v3,1943,17293839968015221914,0,planning,out,82914093336384,1,/apollo/planning,0,944,1784453270208601784,136,72074992950445218,2,2297807,2297909
202607191727,e2e_trace_v3,1944,17293839968015221915,0,planning,in,82914164721408,1,/apollo/prediction,951,0,1784453270325693686,0,72074992950445219,2,2297807,2297911
202607191727,e2e_trace_v3,1961,17293839968015221915,0,planning,out,82914199081600,1,/apollo/planning,0,945,1784453270325693686,140,72074992950445219,2,2297807,2297911
202607191727,e2e_trace_v3,1962,17293839968015221916,0,planning,in,82914317384800,1,/apollo/prediction,952,0,1784453270439806646,0,72074992950445220,2,2297807,2297920
202607191727,e2e_trace_v3,1979,17293839968015221916,0,planning,out,82914342104320,1,/apollo/planning,0,946,1784453270439806646,138,72074992950445220,2,2297807,2297920
202607191727,e2e_trace_v3,1980,17293839968015221917,0,planning,in,82914401800000,1,/apollo/prediction,953,0,1784453270577626066,0,72074992950445221,2,2297807,2297908
202607191727,e2e_trace_v3,1997,17293839968015221917,0,planning,out,82914432375584,1,/apollo/planning,0,947,1784453270577626066,137,72074992950445221,2,2297807,2297908
202607191727,e2e_trace_v3,1998,17293839968015221918,0,planning,in,82914509949120,1,/apollo/prediction,954,0,1784453270690484117,0,72074992950445222,1,2297807,2297920
202607191727,e2e_trace_v3,2015,17293839968015221918,0,planning,out,82914545426560,1,/apollo/planning,0,948,1784453270690484117,140,72074992950445222,1,2297807,2297920
202607191727,e2e_trace_v3,2016,17293839968015221919,0,planning,in,82914625329152,1,/apollo/prediction,955,0,1784453270802118847,0,72074992950445223,1,2297807,2297920
202607191727,e2e_trace_v3,2033,17293839968015221919,0,planning,out,82914650489504,1,/apollo/planning,0,949,1784453270802118847,141,72074992950445223,1,2297807,2297920
202607191727,e2e_trace_v3,2034,17293839968015221920,0,planning,in,82914758021344,1,/apollo/prediction,956,0,1784453270914783298,0,72074992950445224,1,2297807,2297913
202607191727,e2e_trace_v3,2051,17293839968015221920,0,planning,out,82914798698208,1,/apollo/planning,0,950,1784453270914783298,145,72074992950445224,1,2297807,2297913
202607191727,e2e_trace_v3,2052,17293839968015221921,0,planning,in,82914874192064,1,/apollo/prediction,957,0,1784453271031074913,0,72074992950445225,2,2297807,2297915
202607191727,e2e_trace_v3,2069,17293839968015221921,0,planning,out,82914922684992,1,/apollo/planning,0,951,1784453271031074913,148,72074992950445225,2,2297807,2297915
202607191727,e2e_trace_v3,2070,17293839968015221922,0,planning,in,82914989162816,1,/apollo/prediction,958,0,1784453271148295130,0,72074992950445226,1,2297807,2297896
202607191727,e2e_trace_v3,2087,17293839968015221922,0,planning,out,82915036706848,1,/apollo/planning,0,952,1784453271148295130,111,72074992950445226,1,2297807,2297896
202607191727,e2e_trace_v3,2088,17293839968015221923,0,planning,in,82915129678400,1,/apollo/prediction,959,0,1784453271264443106,0,72074992950445227,2,2297807,2297920
202607191727,e2e_trace_v3,2105,17293839968015221923,0,planning,out,82915163532192,1,/apollo/planning,0,953,1784453271264443106,119,72074992950445227,2,2297807,2297920
202607191727,e2e_trace_v3,2106,17293839968015221924,0,planning,in,82915241713952,1,/apollo/prediction,960,0,1784453271393178425,0,72074992950445228,1,2297807,2297918
202607191727,e2e_trace_v3,2123,17293839968015221924,0,planning,out,82915275191616,1,/apollo/planning,0,954,1784453271393178425,124,72074992950445228,1,2297807,2297918
202607191727,e2e_trace_v3,2124,17293839968015221925,0,planning,in,82915340591264,1,/apollo/prediction,961,0,1784453271506678909,0,72074992950445229,1,2297807,2297922
202607191727,e2e_trace_v3,2141,17293839968015221925,0,planning,out,82915366212064,1,/apollo/planning,0,955,1784453271506678909,129,72074992950445229,1,2297807,2297922
202607191727,e2e_trace_v3,2142,17293839968015221926,0,planning,in,82915445746720,1,/apollo/prediction,962,0,1784453271620373749,0,72074992950445230,2,2297807,2297911
202607191727,e2e_trace_v3,2159,17293839968015221926,0,planning,out,82915472616672,1,/apollo/planning,0,956,1784453271620373749,134,72074992950445230,2,2297807,2297911
202607191727,e2e_trace_v3,2160,17293839968015221927,0,planning,in,82915565288224,1,/apollo/prediction,963,0,1784453271736535522,0,72074992950445231,1,2297807,2297911
202607191727,e2e_trace_v3,2177,17293839968015221927,0,planning,out,82915590625984,1,/apollo/planning,0,957,1784453271736535522,140,72074992950445231,1,2297807,2297911
202607191727,e2e_trace_v3,2178,17293839968015221928,0,planning,in,82915670653024,1,/apollo/prediction,964,0,1784453271849184471,0,72074992950445232,2,2297807,2297900
202607191727,e2e_trace_v3,2195,17293839968015221928,0,planning,out,82915699622592,1,/apollo/planning,0,958,1784453271849184471,140,72074992950445232,2,2297807,2297900
202607191727,e2e_trace_v3,2196,17293839968015221929,0,planning,in,82915785534016,1,/apollo/prediction,965,0,1784453271961618777,0,72074992950445233,2,2297807,2297911
202607191727,e2e_trace_v3,2213,17293839968015221929,0,planning,out,82915816755776,1,/apollo/planning,0,959,1784453271961618777,145,72074992950445233,2,2297807,2297911
202607191727,e2e_trace_v3,2214,17293839968015221930,0,planning,in,82915943981952,1,/apollo/prediction,966,0,1784453272073862794,0,72074992950445234,2,2297807,2297920
202607191727,e2e_trace_v3,2231,17293839968015221930,0,planning,out,82915984543584,1,/apollo/planning,0,960,1784453272073862794,142,72074992950445234,2,2297807,2297920
202607191727,e2e_trace_v3,2232,17293839968015221931,0,planning,in,82916032507840,1,/apollo/prediction,967,0,1784453272204602446,0,72074992950445235,2,2297807,2297904
202607191727,e2e_trace_v3,2249,17293839968015221931,0,planning,out,82916067352576,1,/apollo/planning,0,961,1784453272204602446,139,72074992950445235,2,2297807,2297904
202607191727,e2e_trace_v3,2250,17293839968015221932,0,planning,in,82916151921664,1,/apollo/prediction,968,0,1784453272316824362,0,72074992950445236,2,2297807,2297900
202607191727,e2e_trace_v3,2267,17293839968015221932,0,planning,out,82916191554752,1,/apollo/planning,0,962,1784453272316824362,139,72074992950445236,2,2297807,2297900
202607191727,e2e_trace_v3,2268,17293839968015221933,0,planning,in,82916275258080,1,/apollo/prediction,969,0,1784453272434482412,0,72074992950445237,2,2297807,2297911
202607191727,e2e_trace_v3,2285,17293839968015221933,0,planning,out,82916307321664,1,/apollo/planning,0,963,1784453272434482412,140,72074992950445237,2,2297807,2297911
202607191727,e2e_trace_v3,2286,17293839968015221934,0,planning,in,82916400114784,1,/apollo/prediction,970,0,1784453272551622773,0,72074992950445238,2,2297807,2297911
202607191727,e2e_trace_v3,2303,17293839968015221934,0,planning,out,82916427845856,1,/apollo/planning,0,964,1784453272551622773,140,72074992950445238,2,2297807,2297911
202607191727,e2e_trace_v3,2304,17293839968015221935,0,planning,in,82916515920416,1,/apollo/prediction,971,0,1784453272672596325,0,72074992950445239,2,2297807,2297896
202607191727,e2e_trace_v3,2321,17293839968015221935,0,planning,out,82916543313632,1,/apollo/planning,0,965,1784453272672596325,141,72074992950445239,2,2297807,2297896
202607191727,e2e_trace_v3,2322,17293839968015221936,0,planning,in,82916621071456,1,/apollo/prediction,972,0,1784453272788588151,0,72074992950445240,1,2297807,2297896
202607191727,e2e_trace_v3,2339,17293839968015221936,0,planning,out,82916649603808,1,/apollo/planning,0,966,1784453272788588151,141,72074992950445240,1,2297807,2297896
202607191727,e2e_trace_v3,2340,17293839968015221937,0,planning,in,82916746286592,1,/apollo/prediction,973,0,1784453272899465972,0,72074992950445241,2,2297807,2297909
202607191727,e2e_trace_v3,2357,17293839968015221937,0,planning,out,82916782789920,1,/apollo/planning,0,967,1784453272899465972,142,72074992950445241,2,2297807,2297909
202607191727,e2e_trace_v3,2358,17293839968015221938,0,planning,in,82916859622592,1,/apollo/prediction,974,0,1784453273009819958,0,72074992950445242,2,2297807,2297922
202607191727,e2e_trace_v3,2375,17293839968015221938,0,planning,out,82916887361408,1,/apollo/planning,0,968,1784453273009819958,144,72074992950445242,2,2297807,2297922
202607191727,e2e_trace_v3,2376,17293839968015221939,0,planning,in,82916972449408,1,/apollo/prediction,975,0,1784453273142321272,0,72074992950445243,2,2297807,2297920
202607191727,e2e_trace_v3,2393,17293839968015221939,0,planning,out,82917020097056,1,/apollo/planning,0,969,1784453273142321272,147,72074992950445243,2,2297807,2297920
202607191727,e2e_trace_v3,2394,17293839968015221940,0,planning,in,82917102079616,1,/apollo/prediction,976,0,1784453273256068102,0,72074992950445244,2,2297807,2297900
202607191727,e2e_trace_v3,2411,17293839968015221940,0,planning,out,82917140304960,1,/apollo/planning,0,970,1784453273256068102,150,72074992950445244,2,2297807,2297900
202607191727,e2e_trace_v3,2412,17293839968015221941,0,planning,in,82917209374720,1,/apollo/prediction,977,0,1784453273369600170,0,72074992950445245,1,2297807,2297913
202607191727,e2e_trace_v3,2429,17293839968015221941,0,planning,out,82917232659296,1,/apollo/planning,0,971,1784453273369600170,153,72074992950445245,1,2297807,2297913
202607191727,e2e_trace_v3,2430,17293839968015221942,0,planning,in,82917315975552,1,/apollo/prediction,978,0,1784453273481669070,0,72074992950445246,2,2297807,2297925
202607191727,e2e_trace_v3,2447,17293839968015221942,0,planning,out,82917361664032,1,/apollo/planning,0,972,1784453273481669070,111,72074992950445246,2,2297807,2297925
202607191727,e2e_trace_v3,2448,17293839968015221943,0,planning,in,82917429200384,1,/apollo/prediction,979,0,1784453273596388942,0,72074992950445247,2,2297807,2297902
202607191727,e2e_trace_v3,2465,17293839968015221943,0,planning,out,82917459148416,1,/apollo/planning,0,973,1784453273596388942,117,72074992950445247,2,2297807,2297902
202607191727,e2e_trace_v3,2466,17293839968015221944,0,planning,in,82917553859264,1,/apollo/prediction,980,0,1784453273715437617,0,72074992950445248,1,2297807,2297902
202607191727,e2e_trace_v3,2483,17293839968015221944,0,planning,out,82917582767968,1,/apollo/planning,0,974,1784453273715437617,123,72074992950445248,1,2297807,2297902
202607191727,e2e_trace_v3,2484,17293839968015221945,0,planning,in,82917679447840,1,/apollo/prediction,981,0,1784453273828577030,0,72074992950445249,2,2297807,2297913
202607191727,e2e_trace_v3,2501,17293839968015221945,0,planning,out,82917714655296,1,/apollo/planning,0,975,1784453273828577030,130,72074992950445249,2,2297807,2297913
202607191727,e2e_trace_v3,2502,17293839968015221946,0,planning,in,82917772006144,1,/apollo/prediction,982,0,1784453273940909550,0,72074992950445250,2,2297807,2297922
202607191727,e2e_trace_v3,2519,17293839968015221946,0,planning,out,82917796544896,1,/apollo/planning,0,976,1784453273940909550,134,72074992950445250,2,2297807,2297922
202607191727,e2e_trace_v3,2520,17293839968015221947,0,planning,in,82917893055488,1,/apollo/prediction,983,0,1784453274056367586,0,72074992950445251,1,2297807,2297908
202607191727,e2e_trace_v3,2537,17293839968015221947,0,planning,out,82917937135776,1,/apollo/planning,0,977,1784453274056367586,139,72074992950445251,1,2297807,2297908
202607191727,e2e_trace_v3,2538,17293839968015221948,0,planning,in,82918031272416,1,/apollo/prediction,984,0,1784453274173818080,0,72074992950445252,1,2297807,2297908
202607191727,e2e_trace_v3,2555,17293839968015221948,0,planning,out,82918061436384,1,/apollo/planning,0,978,1784453274173818080,140,72074992950445252,1,2297807,2297908
202607191727,e2e_trace_v3,2556,17293839968015221949,0,planning,in,82918154059136,1,/apollo/prediction,985,0,1784453274288865190,0,72074992950445253,1,2297807,2297908
202607191727,e2e_trace_v3,2573,17293839968015221949,0,planning,out,82918181642016,1,/apollo/planning,0,979,1784453274288865190,141,72074992950445253,1,2297807,2297908
202607191727,e2e_trace_v3,2574,17293839968015221950,0,planning,in,82918267721568,1,/apollo/prediction,986,0,1784453274433148396,0,72074992950445254,2,2297807,2297911
202607191727,e2e_trace_v3,2591,17293839968015221950,0,planning,out,82918304452032,1,/apollo/planning,0,980,1784453274433148396,147,72074992950445254,2,2297807,2297911
202607191727,e2e_trace_v3,2592,17293839968015221951,0,planning,in,82918415702944,1,/apollo/prediction,987,0,1784453274547406562,0,72074992950445255,2,2297807,2297896
202607191727,e2e_trace_v3,2609,17293839968015221951,0,planning,out,82918440053152,1,/apollo/planning,0,981,1784453274547406562,144,72074992950445255,2,2297807,2297896
202607191727,e2e_trace_v3,2610,17293839968015221952,0,planning,in,82918514445856,1,/apollo/prediction,988,0,1784453274684746201,0,72074992950445256,2,2297807,2297900
202607191727,e2e_trace_v3,2627,17293839968015221952,0,planning,out,82918545536800,1,/apollo/planning,0,982,1784453274684746201,145,72074992950445256,2,2297807,2297900
202607191727,e2e_trace_v3,2628,17293839968015221953,0,planning,in,82918625738048,1,/apollo/prediction,989,0,1784453274799310554,0,72074992950445257,2,2297807,2297908
202607191727,e2e_trace_v3,2645,17293839968015221953,0,planning,out,82918659331872,1,/apollo/planning,0,983,1784453274799310554,145,72074992950445257,2,2297807,2297908
202607191727,e2e_trace_v3,2646,17293839968015221954,0,planning,in,82918729605792,1,/apollo/prediction,990,0,1784453274912138804,0,72074992950445258,2,2297807,2297902
202607191727,e2e_trace_v3,2663,17293839968015221954,0,planning,out,82918771797984,1,/apollo/planning,0,984,1784453274912138804,150,72074992950445258,2,2297807,2297902
202607191727,e2e_trace_v3,2664,17293839968015221955,0,planning,in,82918857239648,1,/apollo/prediction,991,0,1784453275025948945,0,72074992950445259,2,2297807,2297913
202607191727,e2e_trace_v3,2681,17293839968015221955,0,planning,out,82918882922848,1,/apollo/planning,0,985,1784453275025948945,148,72074992950445259,2,2297807,2297913
202607191727,e2e_trace_v3,2682,17293839968015221956,0,planning,in,82918985945184,1,/apollo/prediction,992,0,1784453275140504221,0,72074992950445260,2,2297807,2297906
202607191727,e2e_trace_v3,2699,17293839968015221956,0,planning,out,82919027435808,1,/apollo/planning,0,986,1784453275140504221,150,72074992950445260,2,2297807,2297906
202607191727,e2e_trace_v3,2700,17293839968015221957,0,planning,in,82919082954912,1,/apollo/prediction,993,0,1784453275254073110,0,72074992950445261,2,2297807,2297918
202607191727,e2e_trace_v3,2717,17293839968015221957,0,planning,out,82919116310240,1,/apollo/planning,0,987,1784453275254073110,150,72074992950445261,2,2297807,2297918
202607191727,e2e_trace_v3,2718,17293839968015221958,0,planning,in,82919220268672,1,/apollo/prediction,994,0,1784453275367228145,0,72074992950445262,1,2297807,2297925
202607191727,e2e_trace_v3,2735,17293839968015221958,0,planning,out,82919254796800,1,/apollo/planning,0,988,1784453275367228145,152,72074992950445262,1,2297807,2297925
202607191727,e2e_trace_v3,2736,17293839968015221959,0,planning,in,82919313491712,1,/apollo/prediction,995,0,1784453275479599028,0,72074992950445263,2,2297807,2297902
202607191727,e2e_trace_v3,2753,17293839968015221959,0,planning,out,82919357104896,1,/apollo/planning,0,989,1784453275479599028,151,72074992950445263,2,2297807,2297902
202607191727,e2e_trace_v3,2754,17293839968015221960,0,planning,in,82919421187168,1,/apollo/prediction,996,0,1784453275594320910,0,72074992950445264,2,2297807,2297924
202607191727,e2e_trace_v3,2771,17293839968015221960,0,planning,out,82919445969920,1,/apollo/planning,0,990,1784453275594320910,152,72074992950445264,2,2297807,2297924
202607191727,e2e_trace_v3,2772,17293839968015221961,0,planning,in,82919528205984,1,/apollo/prediction,997,0,1784453275708559415,0,72074992950445265,2,2297807,2297902
202607191727,e2e_trace_v3,2789,17293839968015221961,0,planning,out,82919565801024,1,/apollo/planning,0,991,1784453275708559415,111,72074992950445265,2,2297807,2297902
202607191727,e2e_trace_v3,2790,17293839968015221962,0,planning,in,82919638304608,1,/apollo/prediction,998,0,1784453275822662852,0,72074992950445266,2,2297807,2297922
202607191727,e2e_trace_v3,2807,17293839968015221962,0,planning,out,82919677794976,1,/apollo/planning,0,992,1784453275822662852,117,72074992950445266,2,2297807,2297922
202607191727,e2e_trace_v3,2808,17293839968015221963,0,planning,in,82919773002816,1,/apollo/prediction,999,0,1784453275936595149,0,72074992950445267,1,2297807,2297922
202607191727,e2e_trace_v3,2825,17293839968015221963,0,planning,out,82919803643584,1,/apollo/planning,0,993,1784453275936595149,124,72074992950445267,1,2297807,2297922
202607191727,e2e_trace_v3,2826,17293839968015221964,0,planning,in,82919906154848,1,/apollo/prediction,1000,0,1784453276064552379,0,72074992950445268,2,2297807,2297911
202607191727,e2e_trace_v3,2843,17293839968015221964,0,planning,out,82919946120576,1,/apollo/planning,0,994,1784453276064552379,130,72074992950445268,2,2297807,2297911
202607191727,e2e_trace_v3,2844,17293839968015221965,0,planning,in,82920012284320,1,/apollo/prediction,1001,0,1784453276176347731,0,72074992950445269,2,2297807,2297920
202607191727,e2e_trace_v3,2861,17293839968015221965,0,planning,out,82920041339264,1,/apollo/planning,0,995,1784453276176347731,136,72074992950445269,2,2297807,2297920
202607191727,e2e_trace_v3,2862,17293839968015221966,0,planning,in,82920121966016,1,/apollo/prediction,1002,0,1784453276288612314,0,72074992950445270,2,2297807,2297896
202607191727,e2e_trace_v3,2879,17293839968015221966,0,planning,out,82920169016800,1,/apollo/planning,0,996,1784453276288612314,136,72074992950445270,2,2297807,2297896
202607191727,e2e_trace_v3,2880,17293839968015221967,0,planning,in,82920237975392,1,/apollo/prediction,1003,0,1784453276398090200,0,72074992950445271,2,2297807,2297913
202607191727,e2e_trace_v3,2897,17293839968015221967,0,planning,out,82920283204096,1,/apollo/planning,0,997,1784453276398090200,136,72074992950445271,2,2297807,2297913
202607191727,e2e_trace_v3,2898,17293839968015221968,0,planning,in,82920353222784,1,/apollo/prediction,1004,0,1784453276510790411,0,72074992950445272,2,2297807,2297908
202607191727,e2e_trace_v3,2915,17293839968015221968,0,planning,out,82920393179360,1,/apollo/planning,0,998,1784453276510790411,136,72074992950445272,2,2297807,2297908
202607191727,e2e_trace_v3,2916,17293839968015221969,0,planning,in,82920462024288,1,/apollo/prediction,1005,0,1784453276626591905,0,72074992950445273,2,2297807,2297911
202607191727,e2e_trace_v3,2933,17293839968015221969,0,planning,out,82920487206144,1,/apollo/planning,0,999,1784453276626591905,136,72074992950445273,2,2297807,2297911
202607191727,e2e_trace_v3,2934,17293839968015221970,0,planning,in,82920553799360,1,/apollo/prediction,1006,0,1784453276739796726,0,72074992950445274,2,2297807,2297913
202607191727,e2e_trace_v3,2951,17293839968015221970,0,planning,out,82920582959296,1,/apollo/planning,0,1000,1784453276739796726,136,72074992950445274,2,2297807,2297913
202607191727,e2e_trace_v3,2952,17293839968015221971,0,planning,in,82920685818368,1,/apollo/prediction,1007,0,1784453276853904431,0,72074992950445275,2,2297807,2297913
202607191727,e2e_trace_v3,2969,17293839968015221971,0,planning,out,82920714798240,1,/apollo/planning,0,1001,1784453276853904431,136,72074992950445275,2,2297807,2297913
202607191727,e2e_trace_v3,2970,17293839968015221972,0,planning,in,82920809000000,1,/apollo/prediction,1008,0,1784453276978228647,0,72074992950445276,1,2297807,2297925
202607191727,e2e_trace_v3,2987,17293839968015221972,0,planning,out,82920839657824,1,/apollo/planning,0,1002,1784453276978228647,136,72074992950445276,1,2297807,2297925
202607191727,e2e_trace_v3,2988,17293839968015221973,0,planning,in,82920937689600,1,/apollo/prediction,1009,0,1784453277090598007,0,72074992950445277,2,2297807,2297898
202607191727,e2e_trace_v3,3005,17293839968015221973,0,planning,out,82920982888160,1,/apollo/planning,0,1003,1784453277090598007,136,72074992950445277,2,2297807,2297898
202607191727,e2e_trace_v3,3006,17293839968015221974,0,planning,in,82921041653056,1,/apollo/prediction,1010,0,1784453277200902275,0,72074992950445278,2,2297807,2297924
202607191727,e2e_trace_v3,3023,17293839968015221974,0,planning,out,82921084029792,1,/apollo/planning,0,1004,1784453277200902275,136,72074992950445278,2,2297807,2297924
202607191727,e2e_trace_v3,3024,17293839968015221975,0,planning,in,82921151095968,1,/apollo/prediction,1011,0,1784453277312729515,0,72074992950445279,2,2297807,2297896
202607191727,e2e_trace_v3,3041,17293839968015221975,0,planning,out,82921190390400,1,/apollo/planning,0,1005,1784453277312729515,138,72074992950445279,2,2297807,2297896
202607191727,e2e_trace_v3,3042,17293839968015221976,0,planning,in,82921265172192,1,/apollo/prediction,1012,0,1784453277428063985,0,72074992950445280,2,2297807,2297908
202607191727,e2e_trace_v3,3059,17293839968015221976,0,planning,out,82921298875552,1,/apollo/planning,0,1006,1784453277428063985,142,72074992950445280,2,2297807,2297908
202607191727,e2e_trace_v3,3060,17293839968015221977,0,planning,in,82921401903296,1,/apollo/prediction,1013,0,1784453277544073550,0,72074992950445281,2,2297807,2297898
202607191727,e2e_trace_v3,3077,17293839968015221977,0,planning,out,82921439383904,1,/apollo/planning,0,1007,1784453277544073550,147,72074992950445281,2,2297807,2297898
202607191727,e2e_trace_v3,3078,17293839968015221978,0,planning,in,82921497803104,1,/apollo/prediction,1014,0,1784453277656149612,0,72074992950445282,2,2297807,2297920
202607191727,e2e_trace_v3,3095,17293839968015221978,0,planning,out,82921522351392,1,/apollo/planning,0,1008,1784453277656149612,150,72074992950445282,2,2297807,2297920
202607191727,e2e_trace_v3,3096,17293839968015221979,0,planning,in,82921606008160,1,/apollo/prediction,1015,0,1784453277768791846,0,72074992950445283,2,2297807,2297902
202607191727,e2e_trace_v3,3113,17293839968015221979,0,planning,out,82921631968672,1,/apollo/planning,0,1009,1784453277768791846,153,72074992950445283,2,2297807,2297902
202607191727,e2e_trace_v3,3114,17293839968015221980,0,planning,in,82921709809088,1,/apollo/prediction,1016,0,1784453277882657837,0,72074992950445284,2,2297807,2297909
202607191727,e2e_trace_v3,3131,17293839968015221980,0,planning,out,82921742409088,1,/apollo/planning,0,1010,1784453277882657837,111,72074992950445284,2,2297807,2297909
202607191727,e2e_trace_v3,3132,17293839968015221981,0,planning,in,82921833431584,1,/apollo/prediction,1017,0,1784453278000806718,0,72074992950445285,2,2297807,2297918
202607191727,e2e_trace_v3,3149,17293839968015221981,0,planning,out,82921865626944,1,/apollo/planning,0,1011,1784453278000806718,118,72074992950445285,2,2297807,2297918
202607191727,e2e_trace_v3,3150,17293839968015221982,0,planning,in,82921944606720,1,/apollo/prediction,1018,0,1784453278114883620,0,72074992950445286,2,2297807,2297909
202607191727,e2e_trace_v3,3167,17293839968015221982,0,planning,out,82921980261120,1,/apollo/planning,0,1012,1784453278114883620,123,72074992950445286,2,2297807,2297909
202607191727,e2e_trace_v3,3168,17293839968015221983,0,planning,in,82922053856224,1,/apollo/prediction,1019,0,1784453278229810964,0,72074992950445287,2,2297807,2297913
202607191727,e2e_trace_v3,3185,17293839968015221983,0,planning,out,82922111644000,1,/apollo/planning,0,1013,1784453278229810964,129,72074992950445287,2,2297807,2297913
202607191727,e2e_trace_v3,3186,17293839968015221984,0,planning,in,82922180505184,1,/apollo/prediction,1020,0,1784453278342499426,0,72074992950445288,2,2297807,2297920
202607191727,e2e_trace_v3,3203,17293839968015221984,0,planning,out,82922223085344,1,/apollo/planning,0,1014,1784453278342499426,135,72074992950445288,2,2297807,2297920
202607191727,e2e_trace_v3,3204,17293839968015221985,0,planning,in,82922297674176,1,/apollo/prediction,1021,0,1784453278456119146,0,72074992950445289,2,2297807,2297922
202607191727,e2e_trace_v3,3221,17293839968015221985,0,planning,out,82922327255072,1,/apollo/planning,0,1015,1784453278456119146,136,72074992950445289,2,2297807,2297922
202607191727,e2e_trace_v3,3222,17293839968015221986,0,planning,in,82922406571648,1,/apollo/prediction,1022,0,1784453278569457342,0,72074992950445290,2,2297807,2297909
202607191727,e2e_trace_v3,3239,17293839968015221986,0,planning,out,82922449506752,1,/apollo/planning,0,1016,1784453278569457342,136,72074992950445290,2,2297807,2297909
202607191727,e2e_trace_v3,3240,17293839968015221987,0,planning,in,82922526405792,1,/apollo/prediction,1023,0,1784453278683365850,0,72074992950445291,1,2297807,2297904
202607191727,e2e_trace_v3,3257,17293839968015221987,0,planning,out,82922551938688,1,/apollo/planning,0,1017,1784453278683365850,140,72074992950445291,1,2297807,2297904
202607191727,e2e_trace_v3,3258,17293839968015221988,0,planning,in,82922614920640,1,/apollo/prediction,1024,0,1784453278796667568,0,72074992950445292,2,2297807,2297915
202607191727,e2e_trace_v3,3275,17293839968015221988,0,planning,out,82922650303232,1,/apollo/planning,0,1018,1784453278796667568,145,72074992950445292,2,2297807,2297915
202607191727,e2e_trace_v3,3276,17293839968015221989,0,planning,in,82922740081120,1,/apollo/prediction,1025,0,1784453278909639059,0,72074992950445293,2,2297807,2297911
202607191727,e2e_trace_v3,3293,17293839968015221989,0,planning,out,82922778948384,1,/apollo/planning,0,1019,1784453278909639059,151,72074992950445293,2,2297807,2297911
202607191727,e2e_trace_v3,3294,17293839968015221990,0,planning,in,82922859766688,1,/apollo/prediction,1026,0,1784453279023900849,0,72074992950445294,2,2297807,2297924
202607191727,e2e_trace_v3,3311,17293839968015221990,0,planning,out,82922903091328,1,/apollo/planning,0,1020,1784453279023900849,156,72074992950445294,2,2297807,2297924
202607191727,e2e_trace_v3,3312,17293839968015221991,0,planning,in,82922972946016,1,/apollo/prediction,1027,0,1784453279140347137,0,72074992950445295,2,2297807,2297924
202607191727,e2e_trace_v3,3329,17293839968015221991,0,planning,out,82923004801536,1,/apollo/planning,0,1021,1784453279140347137,161,72074992950445295,2,2297807,2297924
202607191727,e2e_trace_v3,3330,17293839968015221992,0,planning,in,82923097806176,1,/apollo/prediction,1028,0,1784453279251509560,0,72074992950445296,2,2297807,2297924
202607191727,e2e_trace_v3,3347,17293839968015221992,0,planning,out,82923124793984,1,/apollo/planning,0,1022,1784453279251509560,166,72074992950445296,2,2297807,2297924
202607191727,e2e_trace_v3,3348,17293839968015221993,0,planning,in,82923191889376,1,/apollo/prediction,1029,0,1784453279365844785,0,72074992950445297,2,2297807,2297900
202607191727,e2e_trace_v3,3365,17293839968015221993,0,planning,out,82923223054368,1,/apollo/planning,0,1023,1784453279365844785,111,72074992950445297,2,2297807,2297900
202607191727,e2e_trace_v3,3366,17293839968015221994,0,planning,in,82923324512064,1,/apollo/prediction,1030,0,1784453279486798875,0,72074992950445298,2,2297807,2297925
202607191727,e2e_trace_v3,3383,17293839968015221994,0,planning,out,82923368256928,1,/apollo/planning,0,1024,1784453279486798875,118,72074992950445298,2,2297807,2297925
202607191727,e2e_trace_v3,3384,17293839968015221995,0,planning,in,82923441276416,1,/apollo/prediction,1031,0,1784453279603860945,0,72074992950445299,2,2297807,2297900
202607191727,e2e_trace_v3,3401,17293839968015221995,0,planning,out,82923470086656,1,/apollo/planning,0,1025,1784453279603860945,124,72074992950445299,2,2297807,2297900
202607191727,e2e_trace_v3,3402,17293839968015221996,0,planning,in,82923573628128,1,/apollo/prediction,1032,0,1784453279715973609,0,72074992950445300,2,2297807,2297911
202607191727,e2e_trace_v3,3419,17293839968015221996,0,planning,out,82923599826432,1,/apollo/planning,0,1026,1784453279715973609,131,72074992950445300,2,2297807,2297911
202607191727,e2e_trace_v3,3420,17293839968015221997,0,planning,in,82923673149120,1,/apollo/prediction,1033,0,1784453279857981014,0,72074992950445301,2,2297807,2297908
202607191727,e2e_trace_v3,3437,17293839968015221997,0,planning,out,82923699164480,1,/apollo/planning,0,1027,1784453279857981014,136,72074992950445301,2,2297807,2297908
202607191727,e2e_trace_v3,3438,17293839968015221998,0,planning,in,82923793762016,1,/apollo/prediction,1034,0,1784453279973638339,0,72074992950445302,2,2297807,2297913
202607191727,e2e_trace_v3,3455,17293839968015221998,0,planning,out,82923828451872,1,/apollo/planning,0,1028,1784453279973638339,136,72074992950445302,2,2297807,2297913
202607191727,e2e_trace_v3,3456,17293839968015221999,0,planning,in,82923913928256,1,/apollo/prediction,1035,0,1784453280086359428,0,72074992950445303,2,2297807,2297909
202607191727,e2e_trace_v3,3473,17293839968015221999,0,planning,out,82923957027456,1,/apollo/planning,0,1029,1784453280086359428,136,72074992950445303,2,2297807,2297909
202607191727,e2e_trace_v3,3474,17293839968015222000,0,planning,in,82924035613248,1,/apollo/prediction,1036,0,1784453280201754860,0,72074992950445304,1,2297807,2297911
202607191727,e2e_trace_v3,3491,17293839968015222000,0,planning,out,82924076498048,1,/apollo/planning,0,1030,1784453280201754860,136,72074992950445304,1,2297807,2297911
202607191727,e2e_trace_v3,3492,17293839968015222001,0,planning,in,82924164368800,1,/apollo/prediction,1037,0,1784453280315692260,0,72074992950445305,2,2297807,2297896
202607191727,e2e_trace_v3,3509,17293839968015222001,0,planning,out,82924190049056,1,/apollo/planning,0,1031,1784453280315692260,136,72074992950445305,2,2297807,2297896
202607191727,e2e_trace_v3,3510,17293839968015222002,0,planning,in,82924282151648,1,/apollo/prediction,1038,0,1784453280431258742,0,72074992950445306,2,2297807,2297904
202607191727,e2e_trace_v3,3527,17293839968015222002,0,planning,out,82924316364096,1,/apollo/planning,0,1032,1784453280431258742,136,72074992950445306,2,2297807,2297904
202607191727,e2e_trace_v3,3528,17293839968015222003,0,planning,in,82924401753440,1,/apollo/prediction,1039,0,1784453280551760268,0,72074992950445307,2,2297807,2297908
202607191727,e2e_trace_v3,3545,17293839968015222003,0,planning,out,82924445809504,1,/apollo/planning,0,1033,1784453280551760268,136,72074992950445307,2,2297807,2297908
202607191727,e2e_trace_v3,3546,17293839968015222004,0,planning,in,82924526518752,1,/apollo/prediction,1040,0,1784453280674773076,0,72074992950445308,2,2297807,2297911
202607191727,e2e_trace_v3,3563,17293839968015222004,0,planning,out,82924563027968,1,/apollo/planning,0,1034,1784453280674773076,136,72074992950445308,2,2297807,2297911
202607191727,e2e_trace_v3,3564,17293839968015222005,0,planning,in,82924633706656,1,/apollo/prediction,1041,0,1784453280804617510,0,72074992950445309,2,2297807,2297896
202607191727,e2e_trace_v3,3581,17293839968015222005,0,planning,out,82924657546848,1,/apollo/planning,0,1035,1784453280804617510,136,72074992950445309,2,2297807,2297896
202607191727,e2e_trace_v3,3582,17293839968015222006,0,planning,in,82924734422656,1,/apollo/prediction,1042,0,1784453280920713364,0,72074992950445310,2,2297807,2297906
202607191727,e2e_trace_v3,3599,17293839968015222006,0,planning,out,82924765840256,1,/apollo/planning,0,1036,1784453280920713364,136,72074992950445310,2,2297807,2297906
202607191727,e2e_trace_v3,3600,17293839968015222007,0,planning,in,82924873922240,1,/apollo/prediction,1043,0,1784453281035140703,0,72074992950445311,2,2297807,2297920
202607191727,e2e_trace_v3,3617,17293839968015222007,0,planning,out,82924902687008,1,/apollo/planning,0,1037,1784453281035140703,136,72074992950445311,2,2297807,2297920
202607191727,e2e_trace_v3,3618,17293839968015222008,0,planning,in,82924985703360,1,/apollo/prediction,1044,0,1784453281148934813,0,72074992950445312,2,2297807,2297909
202607191727,e2e_trace_v3,3635,17293839968015222008,0,planning,out,82925010295744,1,/apollo/planning,0,1038,1784453281148934813,136,72074992950445312,2,2297807,2297909
202607191727,e2e_trace_v3,3636,17293839968015222009,0,planning,in,82925113427136,1,/apollo/prediction,1045,0,1784453281263844656,0,72074992950445313,2,2297807,2297925
202607191727,e2e_trace_v3,3653,17293839968015222009,0,planning,out,82925160846816,1,/apollo/planning,0,1039,1784453281263844656,136,72074992950445313,2,2297807,2297925
202607191727,e2e_trace_v3,3654,17293839968015222010,0,planning,in,82925226511104,1,/apollo/prediction,1046,0,1784453281378657781,0,72074992950445314,1,2297807,2297918
202607191727,e2e_trace_v3,3671,17293839968015222010,0,planning,out,82925267783200,1,/apollo/planning,0,1040,1784453281378657781,141,72074992950445314,1,2297807,2297918
202607191727,e2e_trace_v3,3672,17293839968015222011,0,planning,in,82925357973696,1,/apollo/prediction,1047,0,1784453281493633201,0,72074992950445315,1,2297807,2297911
202607191727,e2e_trace_v3,3689,17293839968015222011,0,planning,out,82925405552832,1,/apollo/planning,0,1041,1784453281493633201,142,72074992950445315,1,2297807,2297911
202607191727,e2e_trace_v3,3690,17293839968015222012,0,planning,in,82925485435936,1,/apollo/prediction,1048,0,1784453281634982596,0,72074992950445316,2,2297807,2297908
202607191727,e2e_trace_v3,3707,17293839968015222012,0,planning,out,82925510467872,1,/apollo/planning,0,1042,1784453281634982596,144,72074992950445316,2,2297807,2297908
202607191727,e2e_trace_v3,3708,17293839968015222013,0,planning,in,82925587673152,1,/apollo/prediction,1049,0,1784453281749393931,0,72074992950445317,2,2297807,2297908
202607191727,e2e_trace_v3,3725,17293839968015222013,0,planning,out,82925612201536,1,/apollo/planning,0,1043,1784453281749393931,144,72074992950445317,2,2297807,2297908
202607191727,e2e_trace_v3,3726,17293839968015222014,0,planning,in,82925689820800,1,/apollo/prediction,1050,0,1784453281863196454,0,72074992950445318,1,2297807,2297920
202607191727,e2e_trace_v3,3743,17293839968015222014,0,planning,out,82925715536640,1,/apollo/planning,0,1044,1784453281863196454,142,72074992950445318,1,2297807,2297920
202607191727,e2e_trace_v3,3744,17293839968015222015,0,planning,in,82925810248256,1,/apollo/prediction,1051,0,1784453281976568704,0,72074992950445319,2,2297807,2297924
202607191727,e2e_trace_v3,3761,17293839968015222015,0,planning,out,82925847960384,1,/apollo/planning,0,1045,1784453281976568704,142,72074992950445319,2,2297807,2297924
202607191727,e2e_trace_v3,3762,17293839968015222016,0,planning,in,82925922613824,1,/apollo/prediction,1052,0,1784453282092143975,0,72074992950445320,2,2297807,2297924
202607191727,e2e_trace_v3,3779,17293839968015222016,0,planning,out,82925950924416,1,/apollo/planning,0,1046,1784453282092143975,140,72074992950445320,2,2297807,2297924
202607191727,e2e_trace_v3,3780,17293839968015222017,0,planning,in,82926053711008,1,/apollo/prediction,1053,0,1784453282208658083,0,72074992950445321,1,2297807,2297924
202607191727,e2e_trace_v3,3797,17293839968015222017,0,planning,out,82926081479104,1,/apollo/planning,0,1047,1784453282208658083,142,72074992950445321,1,2297807,2297924
202607191727,e2e_trace_v3,3798,17293839968015222018,0,planning,in,82926177917216,1,/apollo/prediction,1054,0,1784453282322853968,0,72074992950445322,2,2297807,2297915
202607191727,e2e_trace_v3,3815,17293839968015222018,0,planning,out,82926213805888,1,/apollo/planning,0,1048,1784453282322853968,142,72074992950445322,2,2297807,2297915
202607191727,e2e_trace_v3,3816,17293839968015222019,0,planning,in,82926278271488,1,/apollo/prediction,1055,0,1784453282438500182,0,72074992950445323,2,2297807,2297909
202607191727,e2e_trace_v3,3833,17293839968015222019,0,planning,out,82926324117568,1,/apollo/planning,0,1049,1784453282438500182,141,72074992950445323,2,2297807,2297909
202607191727,e2e_trace_v3,3834,17293839968015222020,0,planning,in,82926401640512,1,/apollo/prediction,1056,0,1784453282550754631,0,72074992950445324,1,2297807,2297911
202607191727,e2e_trace_v3,3851,17293839968015222020,0,planning,out,82926435133984,1,/apollo/planning,0,1050,1784453282550754631,141,72074992950445324,1,2297807,2297911
202607191727,e2e_trace_v3,3852,17293839968015222021,0,planning,in,82926521835232,1,/apollo/prediction,1057,0,1784453282668812729,0,72074992950445325,2,2297807,2297924
202607191727,e2e_trace_v3,3869,17293839968015222021,0,planning,out,82926559083744,1,/apollo/planning,0,1051,1784453282668812729,141,72074992950445325,2,2297807,2297924
202607191727,e2e_trace_v3,3870,17293839968015222022,0,planning,in,82926625155808,1,/apollo/prediction,1058,0,1784453282784500426,0,72074992950445326,2,2297807,2297925
202607191727,e2e_trace_v3,3887,17293839968015222022,0,planning,out,82926649847264,1,/apollo/planning,0,1052,1784453282784500426,141,72074992950445326,2,2297807,2297925
202607191727,e2e_trace_v3,3888,17293839968015222023,0,planning,in,82926716296032,1,/apollo/prediction,1059,0,1784453282900295274,0,72074992950445327,2,2297807,2297913
202607191727,e2e_trace_v3,3905,17293839968015222023,0,planning,out,82926741692224,1,/apollo/planning,0,1053,1784453282900295274,146,72074992950445327,2,2297807,2297913
202607191727,e2e_trace_v3,3906,17293839968015222024,0,planning,in,82926835828128,1,/apollo/prediction,1060,0,1784453283016291290,0,72074992950445328,2,2297807,2297924
202607191727,e2e_trace_v3,3923,17293839968015222024,0,planning,out,82926865039584,1,/apollo/planning,0,1054,1784453283016291290,146,72074992950445328,2,2297807,2297924
202607191727,e2e_trace_v3,3924,17293839968015222025,0,planning,in,82926955806368,1,/apollo/prediction,1061,0,1784453283128841686,0,72074992950445329,1,2297807,2297900
202607191727,e2e_trace_v3,3941,17293839968015222025,0,planning,out,82927003387840,1,/apollo/planning,0,1055,1784453283128841686,141,72074992950445329,1,2297807,2297900
202607191727,e2e_trace_v3,3942,17293839968015222026,0,planning,in,82927068333696,1,/apollo/prediction,1062,0,1784453283245146084,0,72074992950445330,2,2297807,2297918
202607191727,e2e_trace_v3,3959,17293839968015222026,0,planning,out,82927100356128,1,/apollo/planning,0,1056,1784453283245146084,141,72074992950445330,2,2297807,2297918
202607191727,e2e_trace_v3,3960,17293839968015222027,0,planning,in,82927205933376,1,/apollo/prediction,1063,0,1784453283359427410,0,72074992950445331,2,2297807,2297913
202607191727,e2e_trace_v3,3977,17293839968015222027,0,planning,out,82927249891840,1,/apollo/planning,0,1057,1784453283359427410,144,72074992950445331,2,2297807,2297913
202607191727,e2e_trace_v3,3978,17293839968015222028,0,planning,in,82927298172160,1,/apollo/prediction,1064,0,1784453283470692502,0,72074992950445332,2,2297807,2297906
202607191727,e2e_trace_v3,3995,17293839968015222028,0,planning,out,82927335476608,1,/apollo/planning,0,1058,1784453283470692502,149,72074992950445332,2,2297807,2297906
202607191727,e2e_trace_v3,3996,17293839968015222029,0,planning,in,82927421363264,1,/apollo/prediction,1065,0,1784453283582733389,0,72074992950445333,2,2297807,2297896
202607191727,e2e_trace_v3,4013,17293839968015222029,0,planning,out,82927459849376,1,/apollo/planning,0,1059,1784453283582733389,150,72074992950445333,2,2297807,2297896
202607191727,e2e_trace_v3,4014,17293839968015222030,0,planning,in,82927553743904,1,/apollo/prediction,1066,0,1784453283710108977,0,72074992950445334,2,2297807,2297918
202607191727,e2e_trace_v3,4031,17293839968015222030,0,planning,out,82927584799584,1,/apollo/planning,0,1060,1784453283710108977,146,72074992950445334,2,2297807,2297918
202607191727,e2e_trace_v3,4032,17293839968015222031,0,planning,in,82927654922464,1,/apollo/prediction,1067,0,1784453283839664180,0,72074992950445335,2,2297807,2297896
202607191727,e2e_trace_v3,4049,17293839968015222031,0,planning,out,82927679089632,1,/apollo/planning,0,1061,1784453283839664180,151,72074992950445335,2,2297807,2297896
202607191727,e2e_trace_v3,4050,17293839968015222032,0,planning,in,82927773759264,1,/apollo/prediction,1068,0,1784453283956614403,0,72074992950445336,2,2297807,2297915
202607191727,e2e_trace_v3,4067,17293839968015222032,0,planning,out,82927806015648,1,/apollo/planning,0,1062,1784453283956614403,153,72074992950445336,2,2297807,2297915
202607191727,e2e_trace_v3,4068,17293839968015222033,0,planning,in,82927889477760,1,/apollo/prediction,1069,0,1784453284070730303,0,72074992950445337,2,2297807,2297898
202607191727,e2e_trace_v3,4085,17293839968015222033,0,planning,out,82927917465728,1,/apollo/planning,0,1063,1784453284070730303,153,72074992950445337,2,2297807,2297898
202607191727,e2e_trace_v3,4086,17293839968015222034,0,planning,in,82928018920160,1,/apollo/prediction,1070,0,1784453284184616339,0,72074992950445338,1,2297807,2297898
202607191727,e2e_trace_v3,4103,17293839968015222034,0,planning,out,82928048284032,1,/apollo/planning,0,1064,1784453284184616339,151,72074992950445338,1,2297807,2297898
202607191727,e2e_trace_v3,4104,17293839968015222035,0,planning,in,82928130537504,1,/apollo/prediction,1071,0,1784453284297555654,0,72074992950445339,2,2297807,2297902
202607191727,e2e_trace_v3,4121,17293839968015222035,0,planning,out,82928164191360,1,/apollo/planning,0,1065,1784453284297555654,156,72074992950445339,2,2297807,2297902
202607191727,e2e_trace_v3,4122,17293839968015222036,0,planning,in,82928279692544,1,/apollo/prediction,1072,0,1784453284412182221,0,72074992950445340,2,2297807,2297913
202607191727,e2e_trace_v3,4139,17293839968015222036,0,planning,out,82928319580896,1,/apollo/planning,0,1066,1784453284412182221,155,72074992950445340,2,2297807,2297913
202607191727,e2e_trace_v3,4140,17293839968015222037,0,planning,in,82928391233984,1,/apollo/prediction,1073,0,1784453284551383257,0,72074992950445341,1,2297807,2297918
202607191727,e2e_trace_v3,4157,17293839968015222037,0,planning,out,82928443218464,1,/apollo/planning,0,1067,1784453284551383257,111,72074992950445341,1,2297807,2297918
202607191727,e2e_trace_v3,4158,17293839968015222038,0,planning,in,82928534444768,1,/apollo/prediction,1074,0,1784453284675769937,0,72074992950445342,2,2297807,2297896
202607191727,e2e_trace_v3,4175,17293839968015222038,0,planning,out,82928560920864,1,/apollo/planning,0,1068,1784453284675769937,119,72074992950445342,2,2297807,2297896
202607191727,e2e_trace_v3,4176,17293839968015222039,0,planning,in,82928646061952,1,/apollo/prediction,1075,0,1784453284805680351,0,72074992950445343,2,2297807,2297902
202607191727,e2e_trace_v3,4193,17293839968015222039,0,planning,out,82928679336992,1,/apollo/planning,0,1069,1784453284805680351,124,72074992950445343,2,2297807,2297902
202607191727,e2e_trace_v3,4194,17293839968015222040,0,planning,in,82928745789184,1,/apollo/prediction,1076,0,1784453284919816745,0,72074992950445344,2,2297807,2297915
202607191727,e2e_trace_v3,4211,17293839968015222040,0,planning,out,82928788409600,1,/apollo/planning,0,1070,1784453284919816745,129,72074992950445344,2,2297807,2297915
202607191727,e2e_trace_v3,4212,17293839968015222041,0,planning,in,82928865193856,1,/apollo/prediction,1077,0,1784453285033425120,0,72074992950445345,2,2297807,2297922
202607191727,e2e_trace_v3,4229,17293839968015222041,0,planning,out,82928890078368,1,/apollo/planning,0,1071,1784453285033425120,135,72074992950445345,2,2297807,2297922
202607191727,e2e_trace_v3,4230,17293839968015222042,0,planning,in,82928961669664,1,/apollo/prediction,1078,0,1784453285146432212,0,72074992950445346,2,2297807,2297898
202607191727,e2e_trace_v3,4247,17293839968015222042,0,planning,out,82929010136672,1,/apollo/planning,0,1072,1784453285146432212,139,72074992950445346,2,2297807,2297898
202607191727,e2e_trace_v3,4248,17293839968015222043,0,planning,in,82929106075872,1,/apollo/prediction,1079,0,1784453285259986859,0,72074992950445347,2,2297807,2297900
202607191727,e2e_trace_v3,4265,17293839968015222043,0,planning,out,82929146410432,1,/apollo/planning,0,1073,1784453285259986859,136,72074992950445347,2,2297807,2297900
202607191727,e2e_trace_v3,4266,17293839968015222044,0,planning,in,82929220078752,1,/apollo/prediction,1080,0,1784453285384095852,0,72074992950445348,2,2297807,2297924
202607191727,e2e_trace_v3,4283,17293839968015222044,0,planning,out,82929247978528,1,/apollo/planning,0,1074,1784453285384095852,136,72074992950445348,2,2297807,2297924
202607191727,e2e_trace_v3,4284,17293839968015222045,0,planning,in,82929341899616,1,/apollo/prediction,1081,0,1784453285500649418,0,72074992950445349,2,2297807,2297904
202607191727,e2e_trace_v3,4301,17293839968015222045,0,planning,out,82929373334208,1,/apollo/planning,0,1075,1784453285500649418,136,72074992950445349,2,2297807,2297904
202607191727,e2e_trace_v3,4302,17293839968015222046,0,planning,in,82929445305664,1,/apollo/prediction,1082,0,1784453285615877027,0,72074992950445350,2,2297807,2297925
202607191727,e2e_trace_v3,4319,17293839968015222046,0,planning,out,82929476547648,1,/apollo/planning,0,1076,1784453285615877027,136,72074992950445350,2,2297807,2297925
202607191727,e2e_trace_v3,4320,17293839968015222047,0,planning,in,82929569389824,1,/apollo/prediction,1083,0,1784453285730503792,0,72074992950445351,2,2297807,2297900
202607191727,e2e_trace_v3,4337,17293839968015222047,0,planning,out,82929614352576,1,/apollo/planning,0,1077,1784453285730503792,136,72074992950445351,2,2297807,2297900
202607191727,e2e_trace_v3,4338,17293839968015222048,0,planning,in,82929685717696,1,/apollo/prediction,1084,0,1784453285842111495,0,72074992950445352,2,2297807,2297902
202607191727,e2e_trace_v3,4355,17293839968015222048,0,planning,out,82929716667296,1,/apollo/planning,0,1078,1784453285842111495,136,72074992950445352,2,2297807,2297902
202607191727,e2e_trace_v3,4356,17293839968015222049,0,planning,in,82929794931040,1,/apollo/prediction,1085,0,1784453285958892426,0,72074992950445353,2,2297807,2297908
202607191727,e2e_trace_v3,4373,17293839968015222049,0,planning,out,82929818879808,1,/apollo/planning,0,1079,1784453285958892426,136,72074992950445353,2,2297807,2297908
202607191727,e2e_trace_v3,4374,17293839968015222050,0,planning,in,82929924225600,1,/apollo/prediction,1086,0,1784453286070725058,0,72074992950445354,2,2297807,2297898
202607191727,e2e_trace_v3,4391,17293839968015222050,0,planning,out,82929965339296,1,/apollo/planning,0,1080,1784453286070725058,136,72074992950445354,2,2297807,2297898
202607191727,e2e_trace_v3,4392,17293839968015222051,0,planning,in,82930022517728,1,/apollo/prediction,1087,0,1784453286186796281,0,72074992950445355,2,2297807,2297922
202607191727,e2e_trace_v3,4409,17293839968015222051,0,planning,out,82930048251360,1,/apollo/planning,0,1081,1784453286186796281,136,72074992950445355,2,2297807,2297922
202607191727,e2e_trace_v3,4410,17293839968015222052,0,planning,in,82930134398688,1,/apollo/prediction,1088,0,1784453286300379114,0,72074992950445356,2,2297807,2297922
202607191727,e2e_trace_v3,4427,17293839968015222052,0,planning,out,82930161040928,1,/apollo/planning,0,1082,1784453286300379114,136,72074992950445356,2,2297807,2297922
202607191727,e2e_trace_v3,4428,17293839968015222053,0,planning,in,82930238210336,1,/apollo/prediction,1089,0,1784453286416845281,0,72074992950445357,2,2297807,2297908
202607191727,e2e_trace_v3,4445,17293839968015222053,0,planning,out,82930279789600,1,/apollo/planning,0,1083,1784453286416845281,140,72074992950445357,2,2297807,2297908
202607191727,e2e_trace_v3,4446,17293839968015222054,0,planning,in,82930366388128,1,/apollo/prediction,1090,0,1784453286532066306,0,72074992950445358,2,2297807,2297906
202607191727,e2e_trace_v3,4463,17293839968015222054,0,planning,out,82930398414400,1,/apollo/planning,0,1084,1784453286532066306,145,72074992950445358,2,2297807,2297906
202607191727,e2e_trace_v3,4464,17293839968015222055,0,planning,in,82930479572480,1,/apollo/prediction,1091,0,1784453286649499202,0,72074992950445359,1,2297807,2297906
202607191727,e2e_trace_v3,4481,17293839968015222055,0,planning,out,82930510192032,1,/apollo/planning,0,1085,1784453286649499202,150,72074992950445359,1,2297807,2297906
202607191727,e2e_trace_v3,4482,17293839968015222056,0,planning,in,82930591594336,1,/apollo/prediction,1092,0,1784453286762317477,0,72074992950445360,2,2297807,2297906
202607191727,e2e_trace_v3,4499,17293839968015222056,0,planning,out,82930617017632,1,/apollo/planning,0,1086,1784453286762317477,155,72074992950445360,2,2297807,2297906
202607191727,e2e_trace_v3,4500,17293839968015222057,0,planning,in,82930705438976,1,/apollo/prediction,1093,0,1784453286879113968,0,72074992950445361,2,2297807,2297913
202607191727,e2e_trace_v3,4517,17293839968015222057,0,planning,out,82930737536000,1,/apollo/planning,0,1087,1784453286879113968,111,72074992950445361,2,2297807,2297913
202607191727,e2e_trace_v3,4518,17293839968015222058,0,planning,in,82930806699776,1,/apollo/prediction,1094,0,1784453286992418974,0,72074992950445362,2,2297807,2297918
202607191727,e2e_trace_v3,4535,17293839968015222058,0,planning,out,82930832540384,1,/apollo/planning,0,1088,1784453286992418974,117,72074992950445362,2,2297807,2297918
202607191727,e2e_trace_v3,4536,17293839968015222059,0,planning,in,82930939553632,1,/apollo/prediction,1095,0,1784453287106033268,0,72074992950445363,2,2297807,2297898
202607191727,e2e_trace_v3,4553,17293839968015222059,0,planning,out,82930968140160,1,/apollo/planning,0,1089,1784453287106033268,123,72074992950445363,2,2297807,2297898
202607191727,e2e_trace_v3,4554,17293839968015222060,0,planning,in,82931066990112,1,/apollo/prediction,1096,0,1784453287219244110,0,72074992950445364,1,2297807,2297908
202607191727,e2e_trace_v3,4571,17293839968015222060,0,planning,out,82931097473568,1,/apollo/planning,0,1090,1784453287219244110,130,72074992950445364,1,2297807,2297908
202607191727,e2e_trace_v3,4572,17293839968015222061,0,planning,in,82931173798720,1,/apollo/prediction,1097,0,1784453287335281962,0,72074992950445365,2,2297807,2297908
202607191727,e2e_trace_v3,4589,17293839968015222061,0,planning,out,82931200007840,1,/apollo/planning,0,1091,1784453287335281962,135,72074992950445365,2,2297807,2297908
202607191727,e2e_trace_v3,4590,17293839968015222062,0,planning,in,82931292228928,1,/apollo/prediction,1098,0,1784453287455751063,0,72074992950445366,2,2297807,2297908
202607191727,e2e_trace_v3,4607,17293839968015222062,0,planning,out,82931320762112,1,/apollo/planning,0,1092,1784453287455751063,136,72074992950445366,2,2297807,2297908
202607191727,e2e_trace_v3,4608,17293839968015222063,0,planning,in,82931425187040,1,/apollo/prediction,1099,0,1784453287571656013,0,72074992950445367,2,2297807,2297904
202607191727,e2e_trace_v3,4625,17293839968015222063,0,planning,out,82931474023936,1,/apollo/planning,0,1093,1784453287571656013,136,72074992950445367,2,2297807,2297904
202607191727,e2e_trace_v3,4626,17293839968015222064,0,planning,in,82931521171168,1,/apollo/prediction,1100,0,1784453287685196174,0,72074992950445368,1,2297807,2297909
202607191727,e2e_trace_v3,4643,17293839968015222064,0,planning,out,82931569923328,1,/apollo/planning,0,1094,1784453287685196174,136,72074992950445368,1,2297807,2297909
202607191727,e2e_trace_v3,4644,17293839968015222065,0,planning,in,82931653796800,1,/apollo/prediction,1101,0,1784453287798018273,0,72074992950445369,2,2297807,2297922
202607191727,e2e_trace_v3,4661,17293839968015222065,0,planning,out,82931681965248,1,/apollo/planning,0,1095,1784453287798018273,136,72074992950445369,2,2297807,2297922
202607191727,e2e_trace_v3,4662,17293839968015222066,0,planning,in,82931745620288,1,/apollo/prediction,1102,0,1784453287912516589,0,72074992950445370,2,2297807,2297898
202607191727,e2e_trace_v3,4679,17293839968015222066,0,planning,out,82931773889376,1,/apollo/planning,0,1096,1784453287912516589,136,72074992950445370,2,2297807,2297898
202607191727,e2e_trace_v3,4680,17293839968015222067,0,planning,in,82931845787904,1,/apollo/prediction,1103,0,1784453288030306219,0,72074992950445371,2,2297807,2297908
202607191727,e2e_trace_v3,4697,17293839968015222067,0,planning,out,82931872606368,1,/apollo/planning,0,1097,1784453288030306219,136,72074992950445371,2,2297807,2297908
202607191727,e2e_trace_v3,4698,17293839968015222068,0,planning,in,82931975624512,1,/apollo/prediction,1104,0,1784453288144567433,0,72074992950445372,2,2297807,2297906
202607191727,e2e_trace_v3,4715,17293839968015222068,0,planning,out,82932010545536,1,/apollo/planning,0,1098,1784453288144567433,136,72074992950445372,2,2297807,2297906
202607191727,e2e_trace_v3,4716,17293839968015222069,0,planning,in,82932110684896,1,/apollo/prediction,1105,0,1784453288260791692,0,72074992950445373,2,2297807,2297908
202607191727,e2e_trace_v3,4733,17293839968015222069,0,planning,out,82932147104480,1,/apollo/planning,0,1099,1784453288260791692,137,72074992950445373,2,2297807,2297908
202607191727,e2e_trace_v3,4734,17293839968015222070,0,planning,in,82932211428224,1,/apollo/prediction,1106,0,1784453288376590893,0,72074992950445374,2,2297807,2297925
202607191727,e2e_trace_v3,4751,17293839968015222070,0,planning,out,82932244039104,1,/apollo/planning,0,1100,1784453288376590893,141,72074992950445374,2,2297807,2297925
202607191727,e2e_trace_v3,4752,17293839968015222071,0,planning,in,82932313132864,1,/apollo/prediction,1107,0,1784453288487267116,0,72074992950445375,1,2297807,2297918
202607191727,e2e_trace_v3,4769,17293839968015222071,0,planning,out,82932347194080,1,/apollo/planning,0,1101,1784453288487267116,144,72074992950445375,1,2297807,2297918
202607191727,e2e_trace_v3,4770,17293839968015222072,0,planning,in,82932449513440,1,/apollo/prediction,1108,0,1784453288601855590,0,72074992950445376,2,2297807,2297909
202607191727,e2e_trace_v3,4787,17293839968015222072,0,planning,out,82932493160864,1,/apollo/planning,0,1102,1784453288601855590,150,72074992950445376,2,2297807,2297909
202607191727,e2e_trace_v3,4788,17293839968015222073,0,planning,in,82932570385536,1,/apollo/prediction,1109,0,1784453288715119641,0,72074992950445377,1,2297807,2297909
202607191727,e2e_trace_v3,4805,17293839968015222073,0,planning,out,82932601419296,1,/apollo/planning,0,1103,1784453288715119641,154,72074992950445377,1,2297807,2297909
202607191727,e2e_trace_v3,4806,17293839968015222074,0,planning,in,82932684674240,1,/apollo/prediction,1110,0,1784453288838113893,0,72074992950445378,2,2297807,2297925
202607191727,e2e_trace_v3,4823,17293839968015222074,0,planning,out,82932719353888,1,/apollo/planning,0,1104,1784453288838113893,156,72074992950445378,2,2297807,2297925
202607191727,e2e_trace_v3,4824,17293839968015222075,0,planning,in,82932777433952,1,/apollo/prediction,1111,0,1784453288954825407,0,72074992950445379,2,2297807,2297909
202607191727,e2e_trace_v3,4841,17293839968015222075,0,planning,out,82932805439296,1,/apollo/planning,0,1105,1784453288954825407,161,72074992950445379,2,2297807,2297909
202607191727,e2e_trace_v3,4842,17293839968015222076,0,planning,in,82932884876064,1,/apollo/prediction,1112,0,1784453289071145091,0,72074992950445380,2,2297807,2297900
202607191727,e2e_trace_v3,4859,17293839968015222076,0,planning,out,82932915268512,1,/apollo/planning,0,1106,1784453289071145091,163,72074992950445380,2,2297807,2297900
202607191727,e2e_trace_v3,4860,17293839968015222077,0,planning,in,82933013449248,1,/apollo/prediction,1113,0,1784453289187422823,0,72074992950445381,2,2297807,2297904
202607191727,e2e_trace_v3,4877,17293839968015222077,0,planning,out,82933060395808,1,/apollo/planning,0,1107,1784453289187422823,165,72074992950445381,2,2297807,2297904
202607191727,e2e_trace_v3,4878,17293839968015222078,0,planning,in,82933149584064,1,/apollo/prediction,1114,0,1784453289306133681,0,72074992950445382,2,2297807,2297904
202607191727,e2e_trace_v3,4895,17293839968015222078,0,planning,out,82933180898848,1,/apollo/planning,0,1108,1784453289306133681,161,72074992950445382,2,2297807,2297904
202607191727,e2e_trace_v3,4896,17293839968015222079,0,planning,in,82933272677216,1,/apollo/prediction,1115,0,1784453289421870410,0,72074992950445383,2,2297807,2297911
202607191727,e2e_trace_v3,4913,17293839968015222079,0,planning,out,82933315376160,1,/apollo/planning,0,1109,1784453289421870410,160,72074992950445383,2,2297807,2297911
202607191727,e2e_trace_v3,4914,17293839968015222080,0,planning,in,82933390877920,1,/apollo/prediction,1116,0,1784453289546978465,0,72074992950445384,2,2297807,2297908
202607191727,e2e_trace_v3,4931,17293839968015222080,0,planning,out,82933422647008,1,/apollo/planning,0,1110,1784453289546978465,159,72074992950445384,2,2297807,2297908
202607191727,e2e_trace_v3,4932,17293839968015222081,0,planning,in,82933497511552,1,/apollo/prediction,1117,0,1784453289661998526,0,72074992950445385,2,2297807,2297913
202607191727,e2e_trace_v3,4949,17293839968015222081,0,planning,out,82933532485312,1,/apollo/planning,0,1111,1784453289661998526,156,72074992950445385,2,2297807,2297913
202607191727,e2e_trace_v3,4950,17293839968015222082,0,planning,in,82933609442816,1,/apollo/prediction,1118,0,1784453289775181690,0,72074992950445386,1,2297807,2297925
202607191727,e2e_trace_v3,4967,17293839968015222082,0,planning,out,82933636110720,1,/apollo/planning,0,1112,1784453289775181690,154,72074992950445386,1,2297807,2297925
202607191727,e2e_trace_v3,4968,17293839968015222083,0,planning,in,82933717678208,1,/apollo/prediction,1119,0,1784453289896149933,0,72074992950445387,2,2297807,2297906
202607191727,e2e_trace_v3,4985,17293839968015222083,0,planning,out,82933751629824,1,/apollo/planning,0,1113,1784453289896149933,159,72074992950445387,2,2297807,2297906
202607191727,e2e_trace_v3,4986,17293839968015222084,0,planning,in,82933837235648,1,/apollo/prediction,1120,0,1784453290014493708,0,72074992950445388,2,2297807,2297906
202607191727,e2e_trace_v3,5003,17293839968015222084,0,planning,out,82933863337344,1,/apollo/planning,0,1114,1784453290014493708,151,72074992950445388,2,2297807,2297906
202607191727,e2e_trace_v3,5004,17293839968015222085,0,planning,in,82933941500576,1,/apollo/prediction,1121,0,1784453290128447730,0,72074992950445389,2,2297807,2297896
202607191727,e2e_trace_v3,5021,17293839968015222085,0,planning,out,82933970086240,1,/apollo/planning,0,1115,1784453290128447730,156,72074992950445389,2,2297807,2297896
202607191727,e2e_trace_v3,5022,17293839968015222086,0,planning,in,82934054682240,1,/apollo/prediction,1122,0,1784453290241785901,0,72074992950445390,2,2297807,2297918
202607191727,e2e_trace_v3,5039,17293839968015222086,0,planning,out,82934096207584,1,/apollo/planning,0,1116,1784453290241785901,157,72074992950445390,2,2297807,2297918
202607191727,e2e_trace_v3,5040,17293839968015222087,0,planning,in,82934190643104,1,/apollo/prediction,1123,0,1784453290356974466,0,72074992950445391,2,2297807,2297918
202607191727,e2e_trace_v3,5057,17293839968015222087,0,planning,out,82934220979712,1,/apollo/planning,0,1117,1784453290356974466,152,72074992950445391,2,2297807,2297918
202607191727,e2e_trace_v3,5058,17293839968015222088,0,planning,in,82934297597280,1,/apollo/prediction,1124,0,1784453290471547097,0,72074992950445392,2,2297807,2297898
202607191727,e2e_trace_v3,5075,17293839968015222088,0,planning,out,82934345171232,1,/apollo/planning,0,1118,1784453290471547097,157,72074992950445392,2,2297807,2297898
202607191727,e2e_trace_v3,5076,17293839968015222089,0,planning,in,82934421529024,1,/apollo/prediction,1125,0,1784453290585826839,0,72074992950445393,2,2297807,2297908
202607191727,e2e_trace_v3,5093,17293839968015222089,0,planning,out,82934464090944,1,/apollo/planning,0,1119,1784453290585826839,151,72074992950445393,2,2297807,2297908
202607191727,e2e_trace_v3,5094,17293839968015222090,0,planning,in,82934538004448,1,/apollo/prediction,1126,0,1784453290706837790,0,72074992950445394,2,2297807,2297902
202607191727,e2e_trace_v3,5111,17293839968015222090,0,planning,out,82934581432736,1,/apollo/planning,0,1120,1784453290706837790,152,72074992950445394,2,2297807,2297902
202607191727,e2e_trace_v3,5112,17293839968015222091,0,planning,in,82934653551840,1,/apollo/prediction,1127,0,1784453290818537548,0,72074992950445395,2,2297807,2297918
202607191727,e2e_trace_v3,5129,17293839968015222091,0,planning,out,82934700498720,1,/apollo/planning,0,1121,1784453290818537548,152,72074992950445395,2,2297807,2297918
202607191727,e2e_trace_v3,5130,17293839968015222092,0,planning,in,82934761320416,1,/apollo/prediction,1128,0,1784453290931796918,0,72074992950445396,2,2297807,2297925
202607191727,e2e_trace_v3,5147,17293839968015222092,0,planning,out,82934801331904,1,/apollo/planning,0,1122,1784453290931796918,152,72074992950445396,2,2297807,2297925
202607191727,e2e_trace_v3,5148,17293839968015222093,0,planning,in,82934881164000,1,/apollo/prediction,1129,0,1784453291048447575,0,72074992950445397,2,2297807,2297908
202607191727,e2e_trace_v3,5165,17293839968015222093,0,planning,out,82934919117408,1,/apollo/planning,0,1123,1784453291048447575,152,72074992950445397,2,2297807,2297908
202607191727,e2e_trace_v3,5166,17293839968015222094,0,planning,in,82934997519136,1,/apollo/prediction,1130,0,1784453291168964499,0,72074992950445398,2,2297807,2297920
202607191727,e2e_trace_v3,5183,17293839968015222094,0,planning,out,82935035897440,1,/apollo/planning,0,1124,1784453291168964499,158,72074992950445398,2,2297807,2297920
202607191727,e2e_trace_v3,5184,17293839968015222095,0,planning,in,82935131515968,1,/apollo/prediction,1131,0,1784453291287948580,0,72074992950445399,2,2297807,2297900
202607191727,e2e_trace_v3,5201,17293839968015222095,0,planning,out,82935174856768,1,/apollo/planning,0,1125,1784453291287948580,156,72074992950445399,2,2297807,2297900
202607191727,e2e_trace_v3,5202,17293839968015222096,0,planning,in,82935232508224,1,/apollo/prediction,1132,0,1784453291403715228,0,72074992950445400,2,2297807,2297909
202607191727,e2e_trace_v3,5219,17293839968015222096,0,planning,out,82935268881952,1,/apollo/planning,0,1126,1784453291403715228,156,72074992950445400,2,2297807,2297909
202607191727,e2e_trace_v3,5220,17293839968015222097,0,planning,in,82935349633216,1,/apollo/prediction,1133,0,1784453291517044917,0,72074992950445401,1,2297807,2297904
202607191727,e2e_trace_v3,5237,17293839968015222097,0,planning,out,82935384464800,1,/apollo/planning,0,1127,1784453291517044917,157,72074992950445401,1,2297807,2297904
202607191727,e2e_trace_v3,5238,17293839968015222098,0,planning,in,82935465991584,1,/apollo/prediction,1134,0,1784453291629725513,0,72074992950445402,2,2297807,2297913
202607191727,e2e_trace_v3,5255,17293839968015222098,0,planning,out,82935504676864,1,/apollo/planning,0,1128,1784453291629725513,157,72074992950445402,2,2297807,2297913
202607191727,e2e_trace_v3,5256,17293839968015222099,0,planning,in,82935590381472,1,/apollo/prediction,1135,0,1784453291745687854,0,72074992950445403,2,2297807,2297920
202607191727,e2e_trace_v3,5273,17293839968015222099,0,planning,out,82935635494112,1,/apollo/planning,0,1129,1784453291745687854,111,72074992950445403,2,2297807,2297920
202607191727,e2e_trace_v3,5274,17293839968015222100,0,planning,in,82935704338880,1,/apollo/prediction,1136,0,1784453291871081576,0,72074992950445404,1,2297807,2297908
202607191727,e2e_trace_v3,5291,17293839968015222100,0,planning,out,82935749950496,1,/apollo/planning,0,1130,1784453291871081576,117,72074992950445404,1,2297807,2297908
202607191727,e2e_trace_v3,5292,17293839968015222101,0,planning,in,82935815886688,1,/apollo/prediction,1137,0,1784453291986415838,0,72074992950445405,2,2297807,2297904
202607191727,e2e_trace_v3,5309,17293839968015222101,0,planning,out,82935853604416,1,/apollo/planning,0,1131,1784453291986415838,123,72074992950445405,2,2297807,2297904
202607191727,e2e_trace_v3,5310,17293839968015222102,0,planning,in,82935941367136,1,/apollo/prediction,1138,0,1784453292103843929,0,72074992950445406,2,2297807,2297911
202607191727,e2e_trace_v3,5327,17293839968015222102,0,planning,out,82935983066752,1,/apollo/planning,0,1132,1784453292103843929,129,72074992950445406,2,2297807,2297911
202607191727,e2e_trace_v3,5328,17293839968015222103,0,planning,in,82936060884992,1,/apollo/prediction,1139,0,1784453292230039113,0,72074992950445407,2,2297807,2297909
202607191727,e2e_trace_v3,5345,17293839968015222103,0,planning,out,82936104508800,1,/apollo/planning,0,1133,1784453292230039113,135,72074992950445407,2,2297807,2297909
202607191727,e2e_trace_v3,5346,17293839968015222104,0,planning,in,82936177611488,1,/apollo/prediction,1140,0,1784453292343153681,0,72074992950445408,2,2297807,2297924
202607191727,e2e_trace_v3,5363,17293839968015222104,0,planning,out,82936221802976,1,/apollo/planning,0,1134,1784453292343153681,139,72074992950445408,2,2297807,2297924
202607191727,e2e_trace_v3,5364,17293839968015222105,0,planning,in,82936293778400,1,/apollo/prediction,1141,0,1784453292460524840,0,72074992950445409,2,2297807,2297896
202607191727,e2e_trace_v3,5381,17293839968015222105,0,planning,out,82936333701216,1,/apollo/planning,0,1135,1784453292460524840,140,72074992950445409,2,2297807,2297896
202607191727,e2e_trace_v3,5382,17293839968015222106,0,planning,in,82936421386208,1,/apollo/prediction,1142,0,1784453292574950994,0,72074992950445410,1,2297807,2297896
202607191727,e2e_trace_v3,5399,17293839968015222106,0,planning,out,82936452832864,1,/apollo/planning,0,1136,1784453292574950994,140,72074992950445410,1,2297807,2297896
202607191727,e2e_trace_v3,5400,17293839968015222107,0,planning,in,82936545427008,1,/apollo/prediction,1143,0,1784453292689037763,0,72074992950445411,2,2297807,2297896
202607191727,e2e_trace_v3,5417,17293839968015222107,0,planning,out,82936574734208,1,/apollo/planning,0,1137,1784453292689037763,141,72074992950445411,2,2297807,2297896
202607191727,e2e_trace_v3,5418,17293839968015222108,0,planning,in,82936628425056,1,/apollo/prediction,1144,0,1784453292812553575,0,72074992950445412,2,2297807,2297918
202607191727,e2e_trace_v3,5435,17293839968015222108,0,planning,out,82936660983552,1,/apollo/planning,0,1138,1784453292812553575,145,72074992950445412,2,2297807,2297918
202607191727,e2e_trace_v3,5436,17293839968015222109,0,planning,in,82936751360000,1,/apollo/prediction,1145,0,1784453292926432789,0,72074992950445413,2,2297807,2297915
202607191727,e2e_trace_v3,5453,17293839968015222109,0,planning,out,82936787613952,1,/apollo/planning,0,1139,1784453292926432789,140,72074992950445413,2,2297807,2297915
202607191727,e2e_trace_v3,5454,17293839968015222110,0,planning,in,82936869055552,1,/apollo/prediction,1146,0,1784453293040231874,0,72074992950445414,2,2297807,2297922
202607191727,e2e_trace_v3,5471,17293839968015222110,0,planning,out,82936895033664,1,/apollo/planning,0,1140,1784453293040231874,140,72074992950445414,2,2297807,2297922
202607191727,e2e_trace_v3,5472,17293839968015222111,0,planning,in,82936970746624,1,/apollo/prediction,1147,0,1784453293154813681,0,72074992950445415,2,2297807,2297909
202607191727,e2e_trace_v3,5489,17293839968015222111,0,planning,out,82936999001120,1,/apollo/planning,0,1141,1784453293154813681,146,72074992950445415,2,2297807,2297909
202607191727,e2e_trace_v3,5490,17293839968015222112,0,planning,in,82937089151968,1,/apollo/prediction,1148,0,1784453293271041332,0,72074992950445416,2,2297807,2297908
202607191727,e2e_trace_v3,5507,17293839968015222112,0,planning,out,82937124726112,1,/apollo/planning,0,1142,1784453293271041332,147,72074992950445416,2,2297807,2297908
202607191727,e2e_trace_v3,5508,17293839968015222113,0,planning,in,82937213137056,1,/apollo/prediction,1149,0,1784453293386545819,0,72074992950445417,1,2297807,2297898
202607191727,e2e_trace_v3,5525,17293839968015222113,0,planning,out,82937241728288,1,/apollo/planning,0,1143,1784453293386545819,143,72074992950445417,1,2297807,2297898
202607191727,e2e_trace_v3,5526,17293839968015222114,0,planning,in,82937324977344,1,/apollo/prediction,1150,0,1784453293503801178,0,72074992950445418,2,2297807,2297902
202607191727,e2e_trace_v3,5543,17293839968015222114,0,planning,out,82937369481952,1,/apollo/planning,0,1144,1784453293503801178,148,72074992950445418,2,2297807,2297902
202607191727,e2e_trace_v3,5544,17293839968015222115,0,planning,in,82937445992192,1,/apollo/prediction,1151,0,1784453293617657421,0,72074992950445419,2,2297807,2297925
202607191727,e2e_trace_v3,5561,17293839968015222115,0,planning,out,82937479886784,1,/apollo/planning,0,1145,1784453293617657421,144,72074992950445419,2,2297807,2297925
202607191727,e2e_trace_v3,5562,17293839968015222116,0,planning,in,82937560328480,1,/apollo/prediction,1152,0,1784453293734627927,0,72074992950445420,2,2297807,2297906
202607191727,e2e_trace_v3,5579,17293839968015222116,0,planning,out,82937602865440,1,/apollo/planning,0,1146,1784453293734627927,145,72074992950445420,2,2297807,2297906
202607191727,e2e_trace_v3,5580,17293839968015222117,0,planning,in,82937668716032,1,/apollo/prediction,1153,0,1784453293849442355,0,72074992950445421,2,2297807,2297918
202607191727,e2e_trace_v3,5597,17293839968015222117,0,planning,out,82937702454496,1,/apollo/planning,0,1147,1784453293849442355,150,72074992950445421,2,2297807,2297918
202607191727,e2e_trace_v3,5598,17293839968015222118,0,planning,in,82937806382336,1,/apollo/prediction,1154,0,1784453293962941815,0,72074992950445422,2,2297807,2297896
202607191727,e2e_trace_v3,5615,17293839968015222118,0,planning,out,82937831448256,1,/apollo/planning,0,1148,1784453293962941815,148,72074992950445422,2,2297807,2297896
202607191727,e2e_trace_v3,5616,17293839968015222119,0,planning,in,82937927051200,1,/apollo/prediction,1155,0,1784453294077664173,0,72074992950445423,1,2297807,2297902
202607191727,e2e_trace_v3,5633,17293839968015222119,0,planning,out,82937954511552,1,/apollo/planning,0,1149,1784453294077664173,149,72074992950445423,1,2297807,2297902
202607191727,e2e_trace_v3,5634,17293839968015222120,0,planning,in,82938025535904,1,/apollo/prediction,1156,0,1784453294202263209,0,72074992950445424,2,2297807,2297913
202607191727,e2e_trace_v3,5651,17293839968015222120,0,planning,out,82938055664544,1,/apollo/planning,0,1150,1784453294202263209,111,72074992950445424,2,2297807,2297913
202607191727,e2e_trace_v3,5652,17293839968015222121,0,planning,in,82938153633152,1,/apollo/prediction,1157,0,1784453294317818867,0,72074992950445425,2,2297807,2297913
202607191727,e2e_trace_v3,5669,17293839968015222121,0,planning,out,82938179285120,1,/apollo/planning,0,1151,1784453294317818867,118,72074992950445425,2,2297807,2297913
202607191727,e2e_trace_v3,5670,17293839968015222122,0,planning,in,82938265474112,1,/apollo/prediction,1158,0,1784453294442055870,0,72074992950445426,2,2297807,2297908
202607191727,e2e_trace_v3,5687,17293839968015222122,0,planning,out,82938295132736,1,/apollo/planning,0,1152,1784453294442055870,123,72074992950445426,2,2297807,2297908
202607191727,e2e_trace_v3,5688,17293839968015222123,0,planning,in,82938409155840,1,/apollo/prediction,1159,0,1784453294553269224,0,72074992950445427,2,2297807,2297925
202607191727,e2e_trace_v3,5705,17293839968015222123,0,planning,out,82938453911680,1,/apollo/planning,0,1153,1784453294553269224,131,72074992950445427,2,2297807,2297925
202607191727,e2e_trace_v3,5706,17293839968015222124,0,planning,in,82938521481792,1,/apollo/prediction,1160,0,1784453294686438469,0,72074992950445428,2,2297807,2297918
202607191727,e2e_trace_v3,5723,17293839968015222124,0,planning,out,82938547666976,1,/apollo/planning,0,1154,1784453294686438469,136,72074992950445428,2,2297807,2297918
202607191727,e2e_trace_v3,5724,17293839968015222125,0,planning,in,82938645648288,1,/apollo/prediction,1161,0,1784453294798419898,0,72074992950445429,2,2297807,2297918
202607191727,e2e_trace_v3,5741,17293839968015222125,0,planning,out,82938673476448,1,/apollo/planning,0,1155,1784453294798419898,136,72074992950445429,2,2297807,2297918
202607191727,e2e_trace_v3,5742,17293839968015222126,0,planning,in,82938761442432,1,/apollo/prediction,1162,0,1784453294918262062,0,72074992950445430,2,2297807,2297918
202607191727,e2e_trace_v3,5759,17293839968015222126,0,planning,out,82938785019008,1,/apollo/planning,0,1156,1784453294918262062,136,72074992950445430,2,2297807,2297918
202607191727,e2e_trace_v3,5760,17293839968015222127,0,planning,in,82938879494816,1,/apollo/prediction,1163,0,1784453295040025332,0,72074992950445431,2,2297807,2297918
202607191727,e2e_trace_v3,5777,17293839968015222127,0,planning,out,82938906220320,1,/apollo/planning,0,1157,1784453295040025332,136,72074992950445431,2,2297807,2297918
202607191727,e2e_trace_v3,5778,17293839968015222128,0,planning,in,82938997353024,1,/apollo/prediction,1164,0,1784453295153142823,0,72074992950445432,2,2297807,2297906
202607191727,e2e_trace_v3,5795,17293839968015222128,0,planning,out,82939022680704,1,/apollo/planning,0,1158,1784453295153142823,136,72074992950445432,2,2297807,2297906
202607191727,e2e_trace_v3,5796,17293839968015222129,0,planning,in,82939090547136,1,/apollo/prediction,1165,0,1784453295265535450,0,72074992950445433,1,2297807,2297908
202607191727,e2e_trace_v3,5813,17293839968015222129,0,planning,out,82939132655520,1,/apollo/planning,0,1159,1784453295265535450,136,72074992950445433,1,2297807,2297908
202607191727,e2e_trace_v3,5814,17293839968015222130,0,planning,in,82939211315104,1,/apollo/prediction,1166,0,1784453295378919235,0,72074992950445434,2,2297807,2297913
202607191727,e2e_trace_v3,5831,17293839968015222130,0,planning,out,82939247405312,1,/apollo/planning,0,1160,1784453295378919235,136,72074992950445434,2,2297807,2297913
202607191727,e2e_trace_v3,5832,17293839968015222131,0,planning,in,82939335423008,1,/apollo/prediction,1167,0,1784453295498190736,0,72074992950445435,2,2297807,2297913
202607191727,e2e_trace_v3,5849,17293839968015222131,0,planning,out,82939364633408,1,/apollo/planning,0,1161,1784453295498190736,136,72074992950445435,2,2297807,2297913
202607191727,e2e_trace_v3,5850,17293839968015222132,0,planning,in,82939444996640,1,/apollo/prediction,1168,0,1784453295609987230,0,72074992950445436,1,2297807,2297913
202607191727,e2e_trace_v3,5867,17293839968015222132,0,planning,out,82939471561824,1,/apollo/planning,0,1162,1784453295609987230,137,72074992950445436,1,2297807,2297913
202607191727,e2e_trace_v3,5868,17293839968015222133,0,planning,in,82939575923424,1,/apollo/prediction,1169,0,1784453295724605069,0,72074992950445437,2,2297807,2297913
202607191727,e2e_trace_v3,5885,17293839968015222133,0,planning,out,82939601568864,1,/apollo/planning,0,1163,1784453295724605069,140,72074992950445437,2,2297807,2297913
202607191727,e2e_trace_v3,5886,17293839968015222134,0,planning,in,82939661369216,1,/apollo/prediction,1170,0,1784453295842892460,0,72074992950445438,2,2297807,2297922
202607191727,e2e_trace_v3,5903,17293839968015222134,0,planning,out,82939694378048,1,/apollo/planning,0,1164,1784453295842892460,144,72074992950445438,2,2297807,2297922
202607191727,e2e_trace_v3,5904,17293839968015222135,0,planning,in,82939784235360,1,/apollo/prediction,1171,0,1784453295956480859,0,72074992950445439,1,2297807,2297922
202607191727,e2e_trace_v3,5921,17293839968015222135,0,planning,out,82939813323360,1,/apollo/planning,0,1165,1784453295956480859,143,72074992950445439,1,2297807,2297922
202607191727,e2e_trace_v3,5922,17293839968015222136,0,planning,in,82939905344832,1,/apollo/prediction,1172,0,1784453296072101818,0,72074992950445440,1,2297807,2297918
202607191727,e2e_trace_v3,5939,17293839968015222136,0,planning,out,82939941675904,1,/apollo/planning,0,1166,1784453296072101818,147,72074992950445440,1,2297807,2297918
202607191727,e2e_trace_v3,5940,17293839968015222137,0,planning,in,82940011703840,1,/apollo/prediction,1173,0,1784453296185044075,0,72074992950445441,2,2297807,2297896
202607191727,e2e_trace_v3,5957,17293839968015222137,0,planning,out,82940036476544,1,/apollo/planning,0,1167,1784453296185044075,149,72074992950445441,2,2297807,2297896
202607191727,e2e_trace_v3,5958,17293839968015222138,0,planning,in,82940117086240,1,/apollo/prediction,1174,0,1784453296298445711,0,72074992950445442,2,2297807,2297900
202607191727,e2e_trace_v3,5975,17293839968015222138,0,planning,out,82940145589472,1,/apollo/planning,0,1168,1784453296298445711,111,72074992950445442,2,2297807,2297900
202607191727,e2e_trace_v3,5976,17293839968015222139,0,planning,in,82940260938560,1,/apollo/prediction,1175,0,1784453296412472429,0,72074992950445443,2,2297807,2297909
202607191727,e2e_trace_v3,5993,17293839968015222139,0,planning,out,82940297968384,1,/apollo/planning,0,1169,1784453296412472429,119,72074992950445443,2,2297807,2297909
202607191727,e2e_trace_v3,5994,17293839968015222140,0,planning,in,82940351494848,1,/apollo/prediction,1176,0,1784453296531302280,0,72074992950445444,2,2297807,2297902
202607191727,e2e_trace_v3,6011,17293839968015222140,0,planning,out,82940376608832,1,/apollo/planning,0,1170,1784453296531302280,123,72074992950445444,2,2297807,2297902
202607191727,e2e_trace_v3,6012,17293839968015222141,0,planning,in,82940477234144,1,/apollo/prediction,1177,0,1784453296643767844,0,72074992950445445,2,2297807,2297896
202607191727,e2e_trace_v3,6029,17293839968015222141,0,planning,out,82940515058624,1,/apollo/planning,0,1171,1784453296643767844,130,72074992950445445,2,2297807,2297896
202607191727,e2e_trace_v3,6030,17293839968015222142,0,planning,in,82940604906816,1,/apollo/prediction,1178,0,1784453296755288126,0,72074992950445446,2,2297807,2297924
202607191727,e2e_trace_v3,6047,17293839968015222142,0,planning,out,82940632097056,1,/apollo/planning,0,1172,1784453296755288126,136,72074992950445446,2,2297807,2297924
202607191727,e2e_trace_v3,6048,17293839968015222143,0,planning,in,82940718747968,1,/apollo/prediction,1179,0,1784453296870463394,0,72074992950445447,2,2297807,2297924
202607191727,e2e_trace_v3,6065,17293839968015222143,0,planning,out,82940747469632,1,/apollo/planning,0,1173,1784453296870463394,136,72074992950445447,2,2297807,2297924
202607191727,e2e_trace_v3,6066,17293839968015222144,0,planning,in,82940810245440,1,/apollo/prediction,1180,0,1784453296983990683,0,72074992950445448,2,2297807,2297909
202607191727,e2e_trace_v3,6083,17293839968015222144,0,planning,out,82940836173088,1,/apollo/planning,0,1174,1784453296983990683,136,72074992950445448,2,2297807,2297909
202607191727,e2e_trace_v3,6084,17293839968015222145,0,planning,in,82940941507328,1,/apollo/prediction,1181,0,1784453297095861986,0,72074992950445449,2,2297807,2297904
202607191727,e2e_trace_v3,6101,17293839968015222145,0,planning,out,82940990381504,1,/apollo/planning,0,1175,1784453297095861986,136,72074992950445449,2,2297807,2297904
202607191727,e2e_trace_v3,6102,17293839968015222146,0,planning,in,82941059171904,1,/apollo/prediction,1182,0,1784453297211167787,0,72074992950445450,2,2297807,2297898
202607191727,e2e_trace_v3,6119,17293839968015222146,0,planning,out,82941094144896,1,/apollo/planning,0,1176,1784453297211167787,136,72074992950445450,2,2297807,2297898
202607191727,e2e_trace_v3,6120,17293839968015222147,0,planning,in,82941177295648,1,/apollo/prediction,1183,0,1784453297326068380,0,72074992950445451,2,2297807,2297909
202607191727,e2e_trace_v3,6137,17293839968015222147,0,planning,out,82941208234688,1,/apollo/planning,0,1177,1784453297326068380,136,72074992950445451,2,2297807,2297909
202607191727,e2e_trace_v3,6138,17293839968015222148,0,planning,in,82941296513024,1,/apollo/prediction,1184,0,1784453297464893516,0,72074992950445452,2,2297807,2297909
202607191727,e2e_trace_v3,6155,17293839968015222148,0,planning,out,82941324121120,1,/apollo/planning,0,1178,1784453297464893516,136,72074992950445452,2,2297807,2297909
202607191727,e2e_trace_v3,6156,17293839968015222149,0,planning,in,82941405422496,1,/apollo/prediction,1185,0,1784453297578559777,0,72074992950445453,2,2297807,2297911
202607191727,e2e_trace_v3,6173,17293839968015222149,0,planning,out,82941433430080,1,/apollo/planning,0,1179,1784453297578559777,136,72074992950445453,2,2297807,2297911
202607191727,e2e_trace_v3,6174,17293839968015222150,0,planning,in,82941530284768,1,/apollo/prediction,1186,0,1784453297689757473,0,72074992950445454,1,2297807,2297908
202607191727,e2e_trace_v3,6191,17293839968015222150,0,planning,out,82941580161824,1,/apollo/planning,0,1180,1784453297689757473,136,72074992950445454,1,2297807,2297908
202607191727,e2e_trace_v3,6192,17293839968015222151,0,planning,in,82941643262944,1,/apollo/prediction,1187,0,1784453297800798190,0,72074992950445455,1,2297807,2297904
202607191727,e2e_trace_v3,6209,17293839968015222151,0,planning,out,82941676284864,1,/apollo/planning,0,1181,1784453297800798190,137,72074992950445455,1,2297807,2297904
202607191727,e2e_trace_v3,6210,17293839968015222152,0,planning,in,82941741538112,1,/apollo/prediction,1188,0,1784453297912957580,0,72074992950445456,1,2297807,2297909
202607191727,e2e_trace_v3,6227,17293839968015222152,0,planning,out,82941767720384,1,/apollo/planning,0,1182,1784453297912957580,138,72074992950445456,1,2297807,2297909
202607191727,e2e_trace_v3,6228,17293839968015222153,0,planning,in,82941853502848,1,/apollo/prediction,1189,0,1784453298024637807,0,72074992950445457,2,2297807,2297913
202607191727,e2e_trace_v3,6245,17293839968015222153,0,planning,out,82941903624224,1,/apollo/planning,0,1183,1784453298024637807,139,72074992950445457,2,2297807,2297913
202607191727,e2e_trace_v3,6246,17293839968015222154,0,planning,in,82941989489120,1,/apollo/prediction,1190,0,1784453298141528240,0,72074992950445458,2,2297807,2297913
202607191727,e2e_trace_v3,6263,17293839968015222154,0,planning,out,82942017965024,1,/apollo/planning,0,1184,1784453298141528240,142,72074992950445458,2,2297807,2297913
202607191727,e2e_trace_v3,6264,17293839968015222155,0,planning,in,82942085536512,1,/apollo/prediction,1191,0,1784453298259686977,0,72074992950445459,2,2297807,2297906
202607191727,e2e_trace_v3,6281,17293839968015222155,0,planning,out,82942121280288,1,/apollo/planning,0,1185,1784453298259686977,143,72074992950445459,2,2297807,2297906
202607191727,e2e_trace_v3,6282,17293839968015222156,0,planning,in,82942198008448,1,/apollo/prediction,1192,0,1784453298371461132,0,72074992950445460,2,2297807,2297911
202607191727,e2e_trace_v3,6299,17293839968015222156,0,planning,out,82942240595488,1,/apollo/planning,0,1186,1784453298371461132,144,72074992950445460,2,2297807,2297911
202607191727,e2e_trace_v3,6300,17293839968015222157,0,planning,in,82942309902304,1,/apollo/prediction,1193,0,1784453298482990410,0,72074992950445461,2,2297807,2297915
202607191727,e2e_trace_v3,6317,17293839968015222157,0,planning,out,82942345024960,1,/apollo/planning,0,1187,1784453298482990410,145,72074992950445461,2,2297807,2297915
202607191727,e2e_trace_v3,6318,17293839968015222158,0,planning,in,82942426620896,1,/apollo/prediction,1194,0,1784453298598475728,0,72074992950445462,2,2297807,2297918
202607191727,e2e_trace_v3,6335,17293839968015222158,0,planning,out,82942452008064,1,/apollo/planning,0,1188,1784453298598475728,148,72074992950445462,2,2297807,2297918
202607191727,e2e_trace_v3,6336,17293839968015222159,0,planning,in,82942528616960,1,/apollo/prediction,1195,0,1784453298714275510,0,72074992950445463,2,2297807,2297922
202607191727,e2e_trace_v3,6353,17293839968015222159,0,planning,out,82942558457152,1,/apollo/planning,0,1189,1784453298714275510,153,72074992950445463,2,2297807,2297922
202607191727,e2e_trace_v3,6354,17293839968015222160,0,planning,in,82942641082656,1,/apollo/prediction,1196,0,1784453298826713648,0,72074992950445464,2,2297807,2297924
202607191727,e2e_trace_v3,6371,17293839968015222160,0,planning,out,82942673581952,1,/apollo/planning,0,1190,1784453298826713648,111,72074992950445464,2,2297807,2297924
202607191727,e2e_trace_v3,6372,17293839968015222161,0,planning,in,82942801081088,1,/apollo/prediction,1197,0,1784453298942468299,0,72074992950445465,2,2297807,2297904
202607191727,e2e_trace_v3,6389,17293839968015222161,0,planning,out,82942846622848,1,/apollo/planning,0,1191,1784453298942468299,120,72074992950445465,2,2297807,2297904
202607191727,e2e_trace_v3,6390,17293839968015222162,0,planning,in,82942921791872,1,/apollo/prediction,1198,0,1784453299083111991,0,72074992950445466,2,2297807,2297904
202607191727,e2e_trace_v3,6407,17293839968015222162,0,planning,out,82942954699264,1,/apollo/planning,0,1192,1784453299083111991,126,72074992950445466,2,2297807,2297904
202607191727,e2e_trace_v3,6408,17293839968015222163,0,planning,in,82943026834976,1,/apollo/prediction,1199,0,1784453299200465837,0,72074992950445467,2,2297807,2297906
202607191727,e2e_trace_v3,6425,17293839968015222163,0,planning,out,82943068427968,1,/apollo/planning,0,1193,1784453299200465837,131,72074992950445467,2,2297807,2297906
202607191727,e2e_trace_v3,6426,17293839968015222164,0,planning,in,82943142741664,1,/apollo/prediction,1200,0,1784453299315061671,0,72074992950445468,2,2297807,2297911
202607191727,e2e_trace_v3,6443,17293839968015222164,0,planning,out,82943179793472,1,/apollo/planning,0,1194,1784453299315061671,137,72074992950445468,2,2297807,2297911
202607191727,e2e_trace_v3,6444,17293839968015222165,0,planning,in,82943261694976,1,/apollo/prediction,1201,0,1784453299443890218,0,72074992950445469,2,2297807,2297896
202607191727,e2e_trace_v3,6461,17293839968015222165,0,planning,out,82943304484000,1,/apollo/planning,0,1195,1784453299443890218,139,72074992950445469,2,2297807,2297896
202607191727,e2e_trace_v3,6462,17293839968015222166,0,planning,in,82943390494304,1,/apollo/prediction,1202,0,1784453299554200460,0,72074992950445470,2,2297807,2297900
202607191727,e2e_trace_v3,6479,17293839968015222166,0,planning,out,82943435139136,1,/apollo/planning,0,1196,1784453299554200460,136,72074992950445470,2,2297807,2297900
202607191727,e2e_trace_v3,6480,17293839968015222167,0,planning,in,82943500894240,1,/apollo/prediction,1203,0,1784453299670369902,0,72074992950445471,1,2297807,2297906
202607191727,e2e_trace_v3,6497,17293839968015222167,0,planning,out,82943539551392,1,/apollo/planning,0,1197,1784453299670369902,136,72074992950445471,1,2297807,2297906
202607191727,e2e_trace_v3,6498,17293839968015222168,0,planning,in,82943639513984,1,/apollo/prediction,1204,0,1784453299783652684,0,72074992950445472,2,2297807,2297906
202607191727,e2e_trace_v3,6515,17293839968015222168,0,planning,out,82943670244896,1,/apollo/planning,0,1198,1784453299783652684,136,72074992950445472,2,2297807,2297906
202607191727,e2e_trace_v3,6516,17293839968015222169,0,planning,in,82943737270368,1,/apollo/prediction,1205,0,1784453299894977637,0,72074992950445473,2,2297807,2297924
202607191727,e2e_trace_v3,6533,17293839968015222169,0,planning,out,82943768265440,1,/apollo/planning,0,1199,1784453299894977637,136,72074992950445473,2,2297807,2297924
202607191727,e2e_trace_v3,6534,17293839968015222170,0,planning,in,82943881432096,1,/apollo/prediction,1206,0,1784453300011318734,0,72074992950445474,2,2297807,2297902
202607191727,e2e_trace_v3,6551,17293839968015222170,0,planning,out,82943913528960,1,/apollo/planning,0,1200,1784453300011318734,136,72074992950445474,2,2297807,2297902
202607191727,e2e_trace_v3,6552,17293839968015222171,0,planning,in,82943964942944,1,/apollo/prediction,1207,0,1784453300135209868,0,72074992950445475,1,2297807,2297911
202607191727,e2e_trace_v3,6569,17293839968015222171,0,planning,out,82944007078080,1,/apollo/planning,0,1201,1784453300135209868,136,72074992950445475,1,2297807,2297911
202607191727,e2e_trace_v3,6570,17293839968015222172,0,planning,in,82944086297344,1,/apollo/prediction,1208,0,1784453300251270367,0,72074992950445476,2,2297807,2297924
202607191727,e2e_trace_v3,6587,17293839968015222172,0,planning,out,82944113125152,1,/apollo/planning,0,1202,1784453300251270367,136,72074992950445476,2,2297807,2297924
202607191727,e2e_trace_v3,6588,17293839968015222173,0,planning,in,82944185694272,1,/apollo/prediction,1209,0,1784453300364018442,0,72074992950445477,2,2297807,2297922
202607191727,e2e_trace_v3,6605,17293839968015222173,0,planning,out,82944219149760,1,/apollo/planning,0,1203,1784453300364018442,136,72074992950445477,2,2297807,2297922
202607191727,e2e_trace_v3,6606,17293839968015222174,0,planning,in,82944305439872,1,/apollo/prediction,1210,0,1784453300475991928,0,72074992950445478,2,2297807,2297896
202607191727,e2e_trace_v3,6623,17293839968015222174,0,planning,out,82944332401024,1,/apollo/planning,0,1204,1784453300475991928,137,72074992950445478,2,2297807,2297896
202607191727,e2e_trace_v3,6624,17293839968015222175,0,planning,in,82944413226304,1,/apollo/prediction,1211,0,1784453300590313067,0,72074992950445479,2,2297807,2297909
202607191727,e2e_trace_v3,6641,17293839968015222175,0,planning,out,82944440032448,1,/apollo/planning,0,1205,1784453300590313067,142,72074992950445479,2,2297807,2297909
202607191727,e2e_trace_v3,6642,17293839968015222176,0,planning,in,82944534973696,1,/apollo/prediction,1212,0,1784453300703867624,0,72074992950445480,1,2297807,2297909
202607191727,e2e_trace_v3,6659,17293839968015222176,0,planning,out,82944561400704,1,/apollo/planning,0,1206,1784453300703867624,147,72074992950445480,1,2297807,2297909
202607191727,e2e_trace_v3,6660,17293839968015222177,0,planning,in,82944657438048,1,/apollo/prediction,1213,0,1784453300821023795,0,72074992950445481,2,2297807,2297909
202607191727,e2e_trace_v3,6677,17293839968015222177,0,planning,out,82944684353056,1,/apollo/planning,0,1207,1784453300821023795,152,72074992950445481,2,2297807,2297909
202607191727,e2e_trace_v3,6678,17293839968015222178,0,planning,in,82944780308800,1,/apollo/prediction,1214,0,1784453300935129685,0,72074992950445482,2,2297807,2297900
202607191727,e2e_trace_v3,6695,17293839968015222178,0,planning,out,82944824884192,1,/apollo/planning,0,1208,1784453300935129685,111,72074992950445482,2,2297807,2297900
202607191727,e2e_trace_v3,6696,17293839968015222179,0,planning,in,82944897616960,1,/apollo/prediction,1215,0,1784453301051961473,0,72074992950445483,2,2297807,2297908
202607191727,e2e_trace_v3,6713,17293839968015222179,0,planning,out,82944943247520,1,/apollo/planning,0,1209,1784453301051961473,117,72074992950445483,2,2297807,2297908
202607191727,e2e_trace_v3,6714,17293839968015222180,0,planning,in,82945011745696,1,/apollo/prediction,1216,0,1784453301165582948,0,72074992950445484,2,2297807,2297913
202607191727,e2e_trace_v3,6731,17293839968015222180,0,planning,out,82945042239168,1,/apollo/planning,0,1210,1784453301165582948,123,72074992950445484,2,2297807,2297913
202607191727,e2e_trace_v3,6732,17293839968015222181,0,planning,in,82945109208192,1,/apollo/prediction,1217,0,1784453301280215037,0,72074992950445485,1,2297807,2297908
202607191727,e2e_trace_v3,6749,17293839968015222181,0,planning,out,82945136021696,1,/apollo/planning,0,1211,1784453301280215037,128,72074992950445485,1,2297807,2297908
202607191727,e2e_trace_v3,6750,17293839968015222182,0,planning,in,82945206060032,1,/apollo/prediction,1218,0,1784453301391268274,0,72074992950445486,2,2297807,2297911
202607191727,e2e_trace_v3,6767,17293839968015222182,0,planning,out,82945240032736,1,/apollo/planning,0,1212,1784453301391268274,133,72074992950445486,2,2297807,2297911
202607191727,e2e_trace_v3,6768,17293839968015222183,0,planning,in,82945331375520,1,/apollo/prediction,1219,0,1784453301503947627,0,72074992950445487,2,2297807,2297906
202607191727,e2e_trace_v3,6785,17293839968015222183,0,planning,out,82945378001664,1,/apollo/planning,0,1213,1784453301503947627,136,72074992950445487,2,2297807,2297906
202607191727,e2e_trace_v3,6786,17293839968015222184,0,planning,in,82945465238784,1,/apollo/prediction,1220,0,1784453301622058102,0,72074992950445488,2,2297807,2297904
202607191727,e2e_trace_v3,6803,17293839968015222184,0,planning,out,82945496885216,1,/apollo/planning,0,1214,1784453301622058102,136,72074992950445488,2,2297807,2297904
202607191727,e2e_trace_v3,6804,17293839968015222185,0,planning,in,82945565266816,1,/apollo/prediction,1221,0,1784453301740503602,0,72074992950445489,2,2297807,2297918
202607191727,e2e_trace_v3,6821,17293839968015222185,0,planning,out,82945592932032,1,/apollo/planning,0,1215,1784453301740503602,136,72074992950445489,2,2297807,2297918
202607191727,e2e_trace_v3,6822,17293839968015222186,0,planning,in,82945680170944,1,/apollo/prediction,1222,0,1784453301855147049,0,72074992950445490,1,2297807,2297900
202607191727,e2e_trace_v3,6839,17293839968015222186,0,planning,out,82945714109344,1,/apollo/planning,0,1216,1784453301855147049,136,72074992950445490,1,2297807,2297900
202607191727,e2e_trace_v3,6840,17293839968015222187,0,planning,in,82945799602784,1,/apollo/prediction,1223,0,1784453301969095530,0,72074992950445491,2,2297807,2297922
202607191727,e2e_trace_v3,6857,17293839968015222187,0,planning,out,82945840108160,1,/apollo/planning,0,1217,1784453301969095530,136,72074992950445491,2,2297807,2297922
202607191727,e2e_trace_v3,6858,17293839968015222188,0,planning,in,82945935118624,1,/apollo/prediction,1224,0,1784453302094766569,0,72074992950445492,1,2297807,2297915
202607191727,e2e_trace_v3,6875,17293839968015222188,0,planning,out,82945974713056,1,/apollo/planning,0,1218,1784453302094766569,136,72074992950445492,1,2297807,2297915
202607191727,e2e_trace_v3,6876,17293839968015222189,0,planning,in,82946046580576,1,/apollo/prediction,1225,0,1784453302213111700,0,72074992950445493,2,2297807,2297902
202607191727,e2e_trace_v3,6893,17293839968015222189,0,planning,out,82946086205952,1,/apollo/planning,0,1219,1784453302213111700,136,72074992950445493,2,2297807,2297902
202607191727,e2e_trace_v3,6894,17293839968015222190,0,planning,in,82946187384640,1,/apollo/prediction,1226,0,1784453302328567533,0,72074992950445494,2,2297807,2297896
202607191727,e2e_trace_v3,6911,17293839968015222190,0,planning,out,82946214570496,1,/apollo/planning,0,1220,1784453302328567533,136,72074992950445494,2,2297807,2297896
202607191727,e2e_trace_v3,6912,17293839968015222191,0,planning,in,82946273567264,1,/apollo/prediction,1227,0,1784453302442468356,0,72074992950445495,2,2297807,2297906
202607191727,e2e_trace_v3,6929,17293839968015222191,0,planning,out,82946306787072,1,/apollo/planning,0,1221,1784453302442468356,136,72074992950445495,2,2297807,2297906
202607191727,e2e_trace_v3,6930,17293839968015222192,0,planning,in,82946393875328,1,/apollo/prediction,1228,0,1784453302558887236,0,72074992950445496,1,2297807,2297906
202607191727,e2e_trace_v3,6947,17293839968015222192,0,planning,out,82946423027328,1,/apollo/planning,0,1222,1784453302558887236,136,72074992950445496,1,2297807,2297906
202607191727,e2e_trace_v3,6948,17293839968015222193,0,planning,in,82946533422688,1,/apollo/prediction,1229,0,1784453302681156046,0,72074992950445497,2,2297807,2297904
202607191727,e2e_trace_v3,6965,17293839968015222193,0,planning,out,82946572442560,1,/apollo/planning,0,1223,1784453302681156046,137,72074992950445497,2,2297807,2297904
202607191727,e2e_trace_v3,6966,17293839968015222194,0,planning,in,82946654478944,1,/apollo/prediction,1230,0,1784453302794838645,0,72074992950445498,2,2297807,2297908
202607191727,e2e_trace_v3,6983,17293839968015222194,0,planning,out,82946689836256,1,/apollo/planning,0,1224,1784453302794838645,142,72074992950445498,2,2297807,2297908
202607191727,e2e_trace_v3,6984,17293839968015222195,0,planning,in,82946758904480,1,/apollo/prediction,1231,0,1784453302915072296,0,72074992950445499,2,2297807,2297925
202607191727,e2e_trace_v3,7001,17293839968015222195,0,planning,out,82946812393440,1,/apollo/planning,0,1225,1784453302915072296,146,72074992950445499,2,2297807,2297925
202607191727,e2e_trace_v3,7002,17293839968015222196,0,planning,in,82946876298144,1,/apollo/prediction,1232,0,1784453303030610351,0,72074992950445500,2,2297807,2297920
202607191727,e2e_trace_v3,7019,17293839968015222196,0,planning,out,82946904980064,1,/apollo/planning,0,1226,1784453303030610351,150,72074992950445500,2,2297807,2297920
202607191727,e2e_trace_v3,7020,17293839968015222197,0,planning,in,82946987524704,1,/apollo/prediction,1233,0,1784453303148794457,0,72074992950445501,2,2297807,2297922
202607191727,e2e_trace_v3,7037,17293839968015222197,0,planning,out,82947015140416,1,/apollo/planning,0,1227,1784453303148794457,154,72074992950445501,2,2297807,2297922
202607191727,e2e_trace_v3,7038,17293839968015222198,0,planning,in,82947108646080,1,/apollo/prediction,1234,0,1784453303265881628,0,72074992950445502,1,2297807,2297922
202607191727,e2e_trace_v3,7055,17293839968015222198,0,planning,out,82947137135488,1,/apollo/planning,0,1228,1784453303265881628,157,72074992950445502,1,2297807,2297922
202607191727,e2e_trace_v3,7056,17293839968015222199,0,planning,in,82947227762208,1,/apollo/prediction,1235,0,1784453303380004346,0,72074992950445503,2,2297807,2297922
202607191727,e2e_trace_v3,7073,17293839968015222199,0,planning,out,82947253896416,1,/apollo/planning,0,1229,1784453303380004346,159,72074992950445503,2,2297807,2297922
202607191727,e2e_trace_v3,7074,17293839968015222200,0,planning,in,82947325282944,1,/apollo/prediction,1236,0,1784453303493147220,0,72074992950445504,2,2297807,2297906
202607191727,e2e_trace_v3,7091,17293839968015222200,0,planning,out,82947363679424,1,/apollo/planning,0,1230,1784453303493147220,159,72074992950445504,2,2297807,2297906
202607191727,e2e_trace_v3,7092,17293839968015222201,0,planning,in,82947453234944,1,/apollo/prediction,1237,0,1784453303606561102,0,72074992950445505,2,2297807,2297906
202607191727,e2e_trace_v3,7109,17293839968015222201,0,planning,out,82947484354976,1,/apollo/planning,0,1231,1784453303606561102,160,72074992950445505,2,2297807,2297906
202607191727,e2e_trace_v3,7110,17293839968015222202,0,planning,in,82947556983392,1,/apollo/prediction,1238,0,1784453303725695381,0,72074992950445506,1,2297807,2297896
202607191727,e2e_trace_v3,7127,17293839968015222202,0,planning,out,82947589033568,1,/apollo/planning,0,1232,1784453303725695381,165,72074992950445506,1,2297807,2297896
202607191727,e2e_trace_v3,7128,17293839968015222203,0,planning,in,82947685247168,1,/apollo/prediction,1239,0,1784453303838721739,0,72074992950445507,2,2297807,2297920
202607191727,e2e_trace_v3,7145,17293839968015222203,0,planning,out,82947715847424,1,/apollo/planning,0,1233,1784453303838721739,159,72074992950445507,2,2297807,2297920
202607191727,e2e_trace_v3,7146,17293839968015222204,0,planning,in,82947792202432,1,/apollo/prediction,1240,0,1784453303966683630,0,72074992950445508,1,2297807,2297915
202607191727,e2e_trace_v3,7163,17293839968015222204,0,planning,out,82947822016384,1,/apollo/planning,0,1234,1784453303966683630,164,72074992950445508,1,2297807,2297915
202607191727,e2e_trace_v3,7164,17293839968015222205,0,planning,in,82947921116640,1,/apollo/prediction,1241,0,1784453304082038831,0,72074992950445509,2,2297807,2297913
202607191727,e2e_trace_v3,7181,17293839968015222205,0,planning,out,82947968634656,1,/apollo/planning,0,1235,1784453304082038831,156,72074992950445509,2,2297807,2297913
202607191727,e2e_trace_v3,7182,17293839968015222206,0,planning,in,82948041210432,1,/apollo/prediction,1242,0,1784453304200403613,0,72074992950445510,2,2297807,2297908
202607191727,e2e_trace_v3,7199,17293839968015222206,0,planning,out,82948067383232,1,/apollo/planning,0,1236,1784453304200403613,156,72074992950445510,2,2297807,2297908
202607191727,e2e_trace_v3,7200,17293839968015222207,0,planning,in,82948151144000,1,/apollo/prediction,1243,0,1784453304322437399,0,72074992950445511,2,2297807,2297904
202607191727,e2e_trace_v3,7217,17293839968015222207,0,planning,out,82948189929792,1,/apollo/planning,0,1237,1784453304322437399,154,72074992950445511,2,2297807,2297904
202607191727,e2e_trace_v3,7218,17293839968015222208,0,planning,in,82948281265408,1,/apollo/prediction,1244,0,1784453304443020890,0,72074992950445512,2,2297807,2297924
202607191727,e2e_trace_v3,7235,17293839968015222208,0,planning,out,82948322550720,1,/apollo/planning,0,1238,1784453304443020890,156,72074992950445512,2,2297807,2297924
202607191727,e2e_trace_v3,7236,17293839968015222209,0,planning,in,82948403153184,1,/apollo/prediction,1245,0,1784453304558031746,0,72074992950445513,2,2297807,2297913
202607191727,e2e_trace_v3,7253,17293839968015222209,0,planning,out,82948440805568,1,/apollo/planning,0,1239,1784453304558031746,156,72074992950445513,2,2297807,2297913
202607191727,e2e_trace_v3,7254,17293839968015222210,0,planning,in,82948517207840,1,/apollo/prediction,1246,0,1784453304673677819,0,72074992950445514,2,2297807,2297920
202607191727,e2e_trace_v3,7271,17293839968015222210,0,planning,out,82948542786592,1,/apollo/planning,0,1240,1784453304673677819,155,72074992950445514,2,2297807,2297920
202607191727,e2e_trace_v3,7272,17293839968015222211,0,planning,in,82948619656160,1,/apollo/prediction,1247,0,1784453304789699454,0,72074992950445515,1,2297807,2297922
202607191727,e2e_trace_v3,7289,17293839968015222211,0,planning,out,82948651617536,1,/apollo/planning,0,1241,1784453304789699454,160,72074992950445515,1,2297807,2297922
202607191727,e2e_trace_v3,7290,17293839968015222212,0,planning,in,82948769084512,1,/apollo/prediction,1248,0,1784453304903738660,0,72074992950445516,2,2297807,2297911
202607191727,e2e_trace_v3,7307,17293839968015222212,0,planning,out,82948803278336,1,/apollo/planning,0,1242,1784453304903738660,157,72074992950445516,2,2297807,2297911
202607191727,e2e_trace_v3,7308,17293839968015222213,0,planning,in,82948886525120,1,/apollo/prediction,1249,0,1784453305043962568,0,72074992950445517,1,2297807,2297925
202607191727,e2e_trace_v3,7325,17293839968015222213,0,planning,out,82948914527328,1,/apollo/planning,0,1243,1784453305043962568,157,72074992950445517,1,2297807,2297925
202607191727,e2e_trace_v3,7326,17293839968015222214,0,planning,in,82948998601536,1,/apollo/prediction,1250,0,1784453305157237333,0,72074992950445518,2,2297807,2297913
202607191727,e2e_trace_v3,7343,17293839968015222214,0,planning,out,82949033422784,1,/apollo/planning,0,1244,1784453305157237333,157,72074992950445518,2,2297807,2297913
202607191727,e2e_trace_v3,7344,17293839968015222215,0,planning,in,82949125372896,1,/apollo/prediction,1251,0,1784453305270893838,0,72074992950445519,2,2297807,2297924
202607191727,e2e_trace_v3,7361,17293839968015222215,0,planning,out,82949166950240,1,/apollo/planning,0,1245,1784453305270893838,159,72074992950445519,2,2297807,2297924
202607191727,e2e_trace_v3,7362,17293839968015222216,0,planning,in,82949225036064,1,/apollo/prediction,1252,0,1784453305384929173,0,72074992950445520,1,2297807,2297922
202607191727,e2e_trace_v3,7379,17293839968015222216,0,planning,out,82949257634560,1,/apollo/planning,0,1246,1784453305384929173,159,72074992950445520,1,2297807,2297922
202607191727,e2e_trace_v3,7380,17293839968015222217,0,planning,in,82949317245536,1,/apollo/prediction,1253,0,1784453305497266513,0,72074992950445521,1,2297807,2297904
202607191727,e2e_trace_v3,7397,17293839968015222217,0,planning,out,82949344633824,1,/apollo/planning,0,1247,1784453305497266513,111,72074992950445521,1,2297807,2297904
202607191727,e2e_trace_v3,7398,17293839968015222218,0,planning,in,82949427571552,1,/apollo/prediction,1254,0,1784453305612526940,0,72074992950445522,2,2297807,2297913
202607191727,e2e_trace_v3,7415,17293839968015222218,0,planning,out,82949458733152,1,/apollo/planning,0,1248,1784453305612526940,117,72074992950445522,2,2297807,2297913
202607191727,e2e_trace_v3,7416,17293839968015222219,0,planning,in,82949583801632,1,/apollo/prediction,1255,0,1784453305726292221,0,72074992950445523,2,2297807,2297906
202607191727,e2e_trace_v3,7433,17293839968015222219,0,planning,out,82949616086784,1,/apollo/planning,0,1249,1784453305726292221,125,72074992950445523,2,2297807,2297906
202607191727,e2e_trace_v3,7434,17293839968015222220,0,planning,in,82949715782528,1,/apollo/prediction,1256,0,1784453305867187463,0,72074992950445524,2,2297807,2297909
202607191727,e2e_trace_v3,7451,17293839968015222220,0,planning,out,82949741409792,1,/apollo/planning,0,1250,1784453305867187463,131,72074992950445524,2,2297807,2297909
202607191727,e2e_trace_v3,7452,17293839968015222221,0,planning,in,82949826235968,1,/apollo/prediction,1257,0,1784453305980123539,0,72074992950445525,2,2297807,2297909
202607191727,e2e_trace_v3,7469,17293839968015222221,0,planning,out,82949852052448,1,/apollo/planning,0,1251,1784453305980123539,136,72074992950445525,2,2297807,2297909
202607191727,e2e_trace_v3,7470,17293839968015222222,0,planning,in,82949941744064,1,/apollo/prediction,1258,0,1784453306104155395,0,72074992950445526,1,2297807,2297896
202607191727,e2e_trace_v3,7487,17293839968015222222,0,planning,out,82949984935840,1,/apollo/planning,0,1252,1784453306104155395,136,72074992950445526,1,2297807,2297896
202607191727,e2e_trace_v3,7488,17293839968015222223,0,planning,in,82950071837056,1,/apollo/prediction,1259,0,1784453306219098108,0,72074992950445527,2,2297807,2297896
202607191727,e2e_trace_v3,7505,17293839968015222223,0,planning,out,82950103756064,1,/apollo/planning,0,1253,1784453306219098108,138,72074992950445527,2,2297807,2297896
202607191727,e2e_trace_v3,7506,17293839968015222224,0,planning,in,82950197198656,1,/apollo/prediction,1260,0,1784453306344106412,0,72074992950445528,2,2297807,2297896
202607191727,e2e_trace_v3,7523,17293839968015222224,0,planning,out,82950225550944,1,/apollo/planning,0,1254,1784453306344106412,139,72074992950445528,2,2297807,2297896
202607191727,e2e_trace_v3,7524,17293839968015222225,0,planning,in,82950301219840,1,/apollo/prediction,1261,0,1784453306460552766,0,72074992950445529,2,2297807,2297915
202607191727,e2e_trace_v3,7541,17293839968015222225,0,planning,out,82950330251104,1,/apollo/planning,0,1255,1784453306460552766,139,72074992950445529,2,2297807,2297915
202607191727,e2e_trace_v3,7542,17293839968015222226,0,planning,in,82950428240288,1,/apollo/prediction,1262,0,1784453306580773957,0,72074992950445530,2,2297807,2297915
202607191727,e2e_trace_v3,7559,17293839968015222226,0,planning,out,82950456387424,1,/apollo/planning,0,1256,1784453306580773957,140,72074992950445530,2,2297807,2297915
202607191727,e2e_trace_v3,7560,17293839968015222227,0,planning,in,82950548754944,1,/apollo/prediction,1263,0,1784453306707226854,0,72074992950445531,2,2297807,2297918
202607191727,e2e_trace_v3,7577,17293839968015222227,0,planning,out,82950584534496,1,/apollo/planning,0,1257,1784453306707226854,141,72074992950445531,2,2297807,2297918
202607191727,e2e_trace_v3,7578,17293839968015222228,0,planning,in,82950666777024,1,/apollo/prediction,1264,0,1784453306824889533,0,72074992950445532,2,2297807,2297896
202607191727,e2e_trace_v3,7595,17293839968015222228,0,planning,out,82950702473568,1,/apollo/planning,0,1258,1784453306824889533,142,72074992950445532,2,2297807,2297896
202607191727,e2e_trace_v3,7596,17293839968015222229,0,planning,in,82950782833792,1,/apollo/prediction,1265,0,1784453306940502712,0,72074992950445533,2,2297807,2297922
202607191727,e2e_trace_v3,7613,17293839968015222229,0,planning,out,82950813071520,1,/apollo/planning,0,1259,1784453306940502712,143,72074992950445533,2,2297807,2297922
202607191727,e2e_trace_v3,7614,17293839968015222230,0,planning,in,82950883920608,1,/apollo/prediction,1266,0,1784453307056040933,0,72074992950445534,2,2297807,2297908
202607191727,e2e_trace_v3,7631,17293839968015222230,0,planning,out,82950933048544,1,/apollo/planning,0,1260,1784453307056040933,148,72074992950445534,2,2297807,2297908
202607191727,e2e_trace_v3,7632,17293839968015222231,0,planning,in,82951033398400,1,/apollo/prediction,1267,0,1784453307177105711,0,72074992950445535,2,2297807,2297898
202607191727,e2e_trace_v3,7649,17293839968015222231,0,planning,out,82951067995136,1,/apollo/planning,0,1261,1784453307177105711,146,72074992950445535,2,2297807,2297898
202607191727,e2e_trace_v3,7650,17293839968015222232,0,planning,in,82951145297600,1,/apollo/prediction,1268,0,1784453307301810889,0,72074992950445536,1,2297807,2297920
202607191727,e2e_trace_v3,7667,17293839968015222232,0,planning,out,82951184785376,1,/apollo/planning,0,1262,1784453307301810889,147,72074992950445536,1,2297807,2297920
202607191727,e2e_trace_v3,7668,17293839968015222233,0,planning,in,82951270315456,1,/apollo/prediction,1269,0,1784453307415879165,0,72074992950445537,2,2297807,2297925
202607191727,e2e_trace_v3,7685,17293839968015222233,0,planning,out,82951298615552,1,/apollo/planning,0,1263,1784453307415879165,148,72074992950445537,2,2297807,2297925
202607191727,e2e_trace_v3,7686,17293839968015222234,0,planning,in,82951360580832,1,/apollo/prediction,1270,0,1784453307538227193,0,72074992950445538,2,2297807,2297904
202607191727,e2e_trace_v3,7703,17293839968015222234,0,planning,out,82951386510112,1,/apollo/planning,0,1264,1784453307538227193,153,72074992950445538,2,2297807,2297904
202607191727,e2e_trace_v3,7704,17293839968015222235,0,planning,in,82951533471456,1,/apollo/prediction,1271,0,1784453307656134660,0,72074992950445539,2,2297807,2297906
202607191727,e2e_trace_v3,7721,17293839968015222235,0,planning,out,82951561651328,1,/apollo/planning,0,1265,1784453307656134660,151,72074992950445539,2,2297807,2297906
202607191727,e2e_trace_v3,7722,17293839968015222236,0,planning,in,82951635152576,1,/apollo/prediction,1272,0,1784453307813055671,0,72074992950445540,1,2297807,2297920
202607191727,e2e_trace_v3,7739,17293839968015222236,0,planning,out,82951664399904,1,/apollo/planning,0,1266,1784453307813055671,111,72074992950445540,1,2297807,2297920
202607191727,e2e_trace_v3,7740,17293839968015222237,0,planning,in,82951753100224,1,/apollo/prediction,1273,0,1784453307932195041,0,72074992950445541,2,2297807,2297922
202607191727,e2e_trace_v3,7757,17293839968015222237,0,planning,out,82951783949248,1,/apollo/planning,0,1267,1784453307932195041,117,72074992950445541,2,2297807,2297922
202607191727,e2e_trace_v3,7758,17293839968015222238,0,planning,in,82951884849056,1,/apollo/prediction,1274,0,1784453308047398944,0,72074992950445542,2,2297807,2297906
202607191727,e2e_trace_v3,7775,17293839968015222238,0,planning,out,82951921451872,1,/apollo/planning,0,1268,1784453308047398944,124,72074992950445542,2,2297807,2297906
202607191727,e2e_trace_v3,7776,17293839968015222239,0,planning,in,82951999686944,1,/apollo/prediction,1275,0,1784453308164572748,0,72074992950445543,2,2297807,2297904
202607191727,e2e_trace_v3,7793,17293839968015222239,0,planning,out,82952031210912,1,/apollo/planning,0,1269,1784453308164572748,130,72074992950445543,2,2297807,2297904
202607191727,e2e_trace_v3,7794,17293839968015222240,0,planning,in,82952135145184,1,/apollo/prediction,1276,0,1784453308280789110,0,72074992950445544,2,2297807,2297904
202607191727,e2e_trace_v3,7811,17293839968015222240,0,planning,out,82952163588384,1,/apollo/planning,0,1270,1784453308280789110,136,72074992950445544,2,2297807,2297904
202607191727,e2e_trace_v3,7812,17293839968015222241,0,planning,in,82952273015872,1,/apollo/prediction,1277,0,1784453308394409713,0,72074992950445545,2,2297807,2297896
202607191727,e2e_trace_v3,7829,17293839968015222241,0,planning,out,82952298317664,1,/apollo/planning,0,1271,1784453308394409713,136,72074992950445545,2,2297807,2297896
202607191727,e2e_trace_v3,7830,17293839968015222242,0,planning,in,82952364102112,1,/apollo/prediction,1278,0,1784453308531514366,0,72074992950445546,2,2297807,2297918
202607191727,e2e_trace_v3,7847,17293839968015222242,0,planning,out,82952389654976,1,/apollo/planning,0,1272,1784453308531514366,136,72074992950445546,2,2297807,2297918
202607191727,e2e_trace_v3,7848,17293839968015222243,0,planning,in,82952474715680,1,/apollo/prediction,1279,0,1784453308650587035,0,72074992950445547,2,2297807,2297922
202607191727,e2e_trace_v3,7865,17293839968015222243,0,planning,out,82952501273184,1,/apollo/planning,0,1273,1784453308650587035,136,72074992950445547,2,2297807,2297922
202607191727,e2e_trace_v3,7866,17293839968015222244,0,planning,in,82952601074816,1,/apollo/prediction,1280,0,1784453308765804015,0,72074992950445548,2,2297807,2297900
202607191727,e2e_trace_v3,7883,17293839968015222244,0,planning,out,82952646445408,1,/apollo/planning,0,1274,1784453308765804015,136,72074992950445548,2,2297807,2297900
202607191727,e2e_trace_v3,7884,17293839968015222245,0,planning,in,82952720633696,1,/apollo/prediction,1281,0,1784453308877562014,0,72074992950445549,1,2297807,2297896
202607191727,e2e_trace_v3,7901,17293839968015222245,0,planning,out,82952758980000,1,/apollo/planning,0,1275,1784453308877562014,136,72074992950445549,1,2297807,2297896
202607191727,e2e_trace_v3,7902,17293839968015222246,0,planning,in,82952845067968,1,/apollo/prediction,1282,0,1784453308991390533,0,72074992950445550,2,2297807,2297920
202607191727,e2e_trace_v3,7919,17293839968015222246,0,planning,out,82952879481568,1,/apollo/planning,0,1276,1784453308991390533,136,72074992950445550,2,2297807,2297920
202607191727,e2e_trace_v3,7920,17293839968015222247,0,planning,in,82952957015104,1,/apollo/prediction,1283,0,1784453309107670664,0,72074992950445551,2,2297807,2297902
202607191727,e2e_trace_v3,7937,17293839968015222247,0,planning,out,82953004463648,1,/apollo/planning,0,1277,1784453309107670664,136,72074992950445551,2,2297807,2297902
202607191727,e2e_trace_v3,7938,17293839968015222248,0,planning,in,82953072938304,1,/apollo/prediction,1284,0,1784453309221927429,0,72074992950445552,2,2297807,2297904
202607191727,e2e_trace_v3,7955,17293839968015222248,0,planning,out,82953113609760,1,/apollo/planning,0,1278,1784453309221927429,136,72074992950445552,2,2297807,2297904
202607191727,e2e_trace_v3,7956,17293839968015222249,0,planning,in,82953187140128,1,/apollo/prediction,1285,0,1784453309337380448,0,72074992950445553,2,2297807,2297922
202607191727,e2e_trace_v3,7973,17293839968015222249,0,planning,out,82953220198176,1,/apollo/planning,0,1279,1784453309337380448,138,72074992950445553,2,2297807,2297922
202607191727,e2e_trace_v3,7974,17293839968015222250,0,planning,in,82953308202368,1,/apollo/prediction,1286,0,1784453309462249887,0,72074992950445554,1,2297807,2297922
202607191727,e2e_trace_v3,7991,17293839968015222250,0,planning,out,82953336811168,1,/apollo/planning,0,1280,1784453309462249887,140,72074992950445554,1,2297807,2297922
202607191727,e2e_trace_v3,7992,17293839968015222251,0,planning,in,82953406972864,1,/apollo/prediction,1287,0,1784453309579993149,0,72074992950445555,2,2297807,2297918
202607191727,e2e_trace_v3,8009,17293839968015222251,0,planning,out,82953435342144,1,/apollo/planning,0,1281,1784453309579993149,145,72074992950445555,2,2297807,2297918
202607191727,e2e_trace_v3,8010,17293839968015222252,0,planning,in,82953520703328,1,/apollo/prediction,1288,0,1784453309701609711,0,72074992950445556,2,2297807,2297900
202607191727,e2e_trace_v3,8027,17293839968015222252,0,planning,out,82953560903104,1,/apollo/planning,0,1282,1784453309701609711,148,72074992950445556,2,2297807,2297900
202607191727,e2e_trace_v3,8028,17293839968015222253,0,planning,in,82953649853664,1,/apollo/prediction,1289,0,1784453309819502665,0,72074992950445557,2,2297807,2297924
202607191727,e2e_trace_v3,8045,17293839968015222253,0,planning,out,82953681228832,1,/apollo/planning,0,1283,1784453309819502665,148,72074992950445557,2,2297807,2297924
202607191727,e2e_trace_v3,8046,17293839968015222254,0,planning,in,82953770735648,1,/apollo/prediction,1290,0,1784453309939329476,0,72074992950445558,2,2297807,2297924
202607191727,e2e_trace_v3,8063,17293839968015222254,0,planning,out,82953799482880,1,/apollo/planning,0,1284,1784453309939329476,151,72074992950445558,2,2297807,2297924
202607191727,e2e_trace_v3,8064,17293839968015222255,0,planning,in,82953888845440,1,/apollo/prediction,1291,0,1784453310053658391,0,72074992950445559,2,2297807,2297924
202607191727,e2e_trace_v3,8081,17293839968015222255,0,planning,out,82953916407872,1,/apollo/planning,0,1285,1784453310053658391,111,72074992950445559,2,2297807,2297924
202607191727,e2e_trace_v3,8082,17293839968015222256,0,planning,in,82954008436736,1,/apollo/prediction,1292,0,1784453310168808655,0,72074992950445560,2,2297807,2297900
202607191727,e2e_trace_v3,8099,17293839968015222256,0,planning,out,82954050716800,1,/apollo/planning,0,1286,1784453310168808655,118,72074992950445560,2,2297807,2297900
202607191727,e2e_trace_v3,8100,17293839968015222257,0,planning,in,82954135281952,1,/apollo/prediction,1293,0,1784453310282487775,0,72074992950445561,2,2297807,2297900
202607191727,e2e_trace_v3,8117,17293839968015222257,0,planning,out,82954165087936,1,/apollo/planning,0,1287,1784453310282487775,124,72074992950445561,2,2297807,2297900
202607191727,e2e_trace_v3,8118,17293839968015222258,0,planning,in,82954245094400,1,/apollo/prediction,1294,0,1784453310407006406,0,72074992950445562,2,2297807,2297902
202607191727,e2e_trace_v3,8135,17293839968015222258,0,planning,out,82954291487680,1,/apollo/planning,0,1288,1784453310407006406,129,72074992950445562,2,2297807,2297902
202607191727,e2e_trace_v3,8136,17293839968015222259,0,planning,in,82954365004224,1,/apollo/prediction,1295,0,1784453310520598714,0,72074992950445563,2,2297807,2297911
202607191727,e2e_trace_v3,8153,17293839968015222259,0,planning,out,82954389557728,1,/apollo/planning,0,1289,1784453310520598714,135,72074992950445563,2,2297807,2297911
202607191727,e2e_trace_v3,8154,17293839968015222260,0,planning,in,82954460932704,1,/apollo/prediction,1296,0,1784453310638136940,0,72074992950445564,2,2297807,2297918
202607191727,e2e_trace_v3,8171,17293839968015222260,0,planning,out,82954487439488,1,/apollo/planning,0,1290,1784453310638136940,140,72074992950445564,2,2297807,2297918
202607191727,e2e_trace_v3,8172,17293839968015222261,0,planning,in,82954582905024,1,/apollo/prediction,1297,0,1784453310751512137,0,72074992950445565,2,2297807,2297918
202607191727,e2e_trace_v3,8189,17293839968015222261,0,planning,out,82954611592704,1,/apollo/planning,0,1291,1784453310751512137,141,72074992950445565,2,2297807,2297918
202607191727,e2e_trace_v3,8190,17293839968015222262,0,planning,in,82954692227744,1,/apollo/prediction,1298,0,1784453310865408747,0,72074992950445566,1,2297807,2297915
202607191727,e2e_trace_v3,8207,17293839968015222262,0,planning,out,82954716987808,1,/apollo/planning,0,1292,1784453310865408747,142,72074992950445566,1,2297807,2297915
202607191727,e2e_trace_v3,8208,17293839968015222263,0,planning,in,82954816410880,1,/apollo/prediction,1299,0,1784453310979394622,0,72074992950445567,1,2297807,2297915
202607191727,e2e_trace_v3,8225,17293839968015222263,0,planning,out,82954844335712,1,/apollo/planning,0,1293,1784453310979394622,143,72074992950445567,1,2297807,2297915
202607191727,e2e_trace_v3,8226,17293839968015222264,0,planning,in,82954941076000,1,/apollo/prediction,1300,0,1784453311096366738,1,72074992950445568,2,2297807,2297922
202607191727,e2e_trace_v3,8243,17293839968015222264,0,planning,out,82954979406176,1,/apollo/planning,0,1294,1784453311096366738,145,72074992950445568,2,2297807,2297922
202607191727,e2e_trace_v3,8244,17293839968015222265,0,planning,in,82955061311648,1,/apollo/prediction,1301,0,1784453311220780388,0,72074992950445569,1,2297807,2297902
202607191727,e2e_trace_v3,8261,17293839968015222265,0,planning,out,82955111536032,1,/apollo/planning,0,1295,1784453311220780388,146,72074992950445569,1,2297807,2297902
202607191727,e2e_trace_v3,8262,17293839968015222266,0,planning,in,82955169070496,1,/apollo/prediction,1302,0,1784453311335731163,0,72074992950445570,2,2297807,2297896
202607191727,e2e_trace_v3,8279,17293839968015222266,0,planning,out,82955200897792,1,/apollo/planning,0,1296,1784453311335731163,147,72074992950445570,2,2297807,2297896
202607191727,e2e_trace_v3,8280,17293839968015222267,0,planning,in,82955280611296,1,/apollo/prediction,1303,0,1784453311452692197,0,72074992950445571,2,2297807,2297896
202607191727,e2e_trace_v3,8297,17293839968015222267,0,planning,out,82955309966048,1,/apollo/planning,0,1297,1784453311452692197,147,72074992950445571,2,2297807,2297896
202607191727,e2e_trace_v3,8298,17293839968015222268,0,planning,in,82955424728000,1,/apollo/prediction,1304,0,1784453311567062209,0,72074992950445572,2,2297807,2297924
202607191727,e2e_trace_v3,8315,17293839968015222268,0,planning,out,82955451502624,1,/apollo/planning,0,1298,1784453311567062209,148,72074992950445572,2,2297807,2297924
202607191727,e2e_trace_v3,8316,17293839968015222269,0,planning,in,82955508804768,1,/apollo/prediction,1305,0,1784453311680593953,0,72074992950445573,2,2297807,2297909
202607191727,e2e_trace_v3,8333,17293839968015222269,0,planning,out,82955534128608,1,/apollo/planning,0,1299,1784453311680593953,147,72074992950445573,2,2297807,2297909
202607191727,e2e_trace_v3,8334,17293839968015222270,0,planning,in,82955640715904,1,/apollo/prediction,1306,0,1784453311793029759,0,72074992950445574,2,2297807,2297913
202607191727,e2e_trace_v3,8351,17293839968015222270,0,planning,out,82955683169792,1,/apollo/planning,0,1300,1784453311793029759,149,72074992950445574,2,2297807,2297913
202607191727,e2e_trace_v3,8352,17293839968015222271,0,planning,in,82955738133696,1,/apollo/prediction,1307,0,1784453311905363915,0,72074992950445575,2,2297807,2297915
202607191727,e2e_trace_v3,8369,17293839968015222271,0,planning,out,82955767850016,1,/apollo/planning,0,1301,1784453311905363915,149,72074992950445575,2,2297807,2297915
202607191727,e2e_trace_v3,8370,17293839968015222272,0,planning,in,82955862279808,1,/apollo/prediction,1308,0,1784453312020497957,0,72074992950445576,2,2297807,2297902
202607191727,e2e_trace_v3,8387,17293839968015222272,0,planning,out,82955888957760,1,/apollo/planning,0,1302,1784453312020497957,150,72074992950445576,2,2297807,2297902
202607191727,e2e_trace_v3,8388,17293839968015222273,0,planning,in,82955988842112,1,/apollo/prediction,1309,0,1784453312136078086,0,72074992950445577,2,2297807,2297909
202607191727,e2e_trace_v3,8405,17293839968015222273,0,planning,out,82956021754848,1,/apollo/planning,0,1303,1784453312136078086,151,72074992950445577,2,2297807,2297909
202607191727,e2e_trace_v3,8406,17293839968015222274,0,planning,in,82956105230496,1,/apollo/prediction,1310,0,1784453312253376569,0,72074992950445578,2,2297807,2297915
202607191727,e2e_trace_v3,8423,17293839968015222274,0,planning,out,82956135545024,1,/apollo/planning,0,1304,1784453312253376569,151,72074992950445578,2,2297807,2297915
202607191727,e2e_trace_v3,8424,17293839968015222275,0,planning,in,82956214896896,1,/apollo/prediction,1311,0,1784453312368734086,0,72074992950445579,2,2297807,2297896
202607191727,e2e_trace_v3,8441,17293839968015222275,0,planning,out,82956251455936,1,/apollo/planning,0,1305,1784453312368734086,152,72074992950445579,2,2297807,2297896
202607191727,e2e_trace_v3,8442,17293839968015222276,0,planning,in,82956307493376,1,/apollo/prediction,1312,0,1784453312485251453,0,72074992950445580,2,2297807,2297915
202607191727,e2e_trace_v3,8459,17293839968015222276,0,planning,out,82956337364768,1,/apollo/planning,0,1306,1784453312485251453,111,72074992950445580,2,2297807,2297915
202607191727,e2e_trace_v3,8460,17293839968015222277,0,planning,in,82956436639456,1,/apollo/prediction,1313,0,1784453312597297938,0,72074992950445581,1,2297807,2297896
202607191727,e2e_trace_v3,8477,17293839968015222277,0,planning,out,82956466613856,1,/apollo/planning,0,1307,1784453312597297938,118,72074992950445581,1,2297807,2297896
202607191727,e2e_trace_v3,8478,17293839968015222278,0,planning,in,82956545859232,1,/apollo/prediction,1314,0,1784453312715838123,0,72074992950445582,2,2297807,2297922
202607191727,e2e_trace_v3,8495,17293839968015222278,0,planning,out,82956584076384,1,/apollo/planning,0,1308,1784453312715838123,123,72074992950445582,2,2297807,2297922
202607191727,e2e_trace_v3,8496,17293839968015222279,0,planning,in,82956679879456,1,/apollo/prediction,1315,0,1784453312841980948,0,72074992950445583,2,2297807,2297902
202607191727,e2e_trace_v3,8513,17293839968015222279,0,planning,out,82956707710592,1,/apollo/planning,0,1309,1784453312841980948,130,72074992950445583,2,2297807,2297902
202607191727,e2e_trace_v3,8514,17293839968015222280,0,planning,in,82956792489312,1,/apollo/prediction,1316,0,1784453312957692272,0,72074992950445584,1,2297807,2297902
202607191727,e2e_trace_v3,8531,17293839968015222280,0,planning,out,82956822050368,1,/apollo/planning,0,1310,1784453312957692272,136,72074992950445584,1,2297807,2297902
202607191727,e2e_trace_v3,8532,17293839968015222281,0,planning,in,82956908936288,1,/apollo/prediction,1317,0,1784453313072939603,0,72074992950445585,2,2297807,2297924
202607191727,e2e_trace_v3,8549,17293839968015222281,0,planning,out,82956956177600,1,/apollo/planning,0,1311,1784453313072939603,136,72074992950445585,2,2297807,2297924
202607191727,e2e_trace_v3,8550,17293839968015222282,0,planning,in,82957028195552,1,/apollo/prediction,1318,0,1784453313188666174,0,72074992950445586,2,2297807,2297920
202607191727,e2e_trace_v3,8567,17293839968015222282,0,planning,out,82957078664640,1,/apollo/planning,0,1312,1784453313188666174,136,72074992950445586,2,2297807,2297920
202607191727,e2e_trace_v3,8568,17293839968015222283,0,planning,in,82957136629568,1,/apollo/prediction,1319,0,1784453313302185420,0,72074992950445587,1,2297807,2297915
202607191727,e2e_trace_v3,8585,17293839968015222283,0,planning,out,82957167256768,1,/apollo/planning,0,1313,1784453313302185420,136,72074992950445587,1,2297807,2297915
202607191727,e2e_trace_v3,8586,17293839968015222284,0,planning,in,82957253160640,1,/apollo/prediction,1320,0,1784453313417940095,0,72074992950445588,2,2297807,2297915
202607191727,e2e_trace_v3,8603,17293839968015222284,0,planning,out,82957279843584,1,/apollo/planning,0,1314,1784453313417940095,136,72074992950445588,2,2297807,2297915
202607191727,e2e_trace_v3,8604,17293839968015222285,0,planning,in,82957371315968,1,/apollo/prediction,1321,0,1784453313535132495,0,72074992950445589,2,2297807,2297906
202607191727,e2e_trace_v3,8621,17293839968015222285,0,planning,out,82957402940000,1,/apollo/planning,0,1315,1784453313535132495,141,72074992950445589,2,2297807,2297906
202607191727,e2e_trace_v3,8622,17293839968015222286,0,planning,in,82957506901920,1,/apollo/prediction,1322,0,1784453313657678912,0,72074992950445590,2,2297807,2297902
202607191727,e2e_trace_v3,8639,17293839968015222286,0,planning,out,82957536529504,1,/apollo/planning,0,1316,1784453313657678912,137,72074992950445590,2,2297807,2297902
202607191727,e2e_trace_v3,8640,17293839968015222287,0,planning,in,82957630022208,1,/apollo/prediction,1323,0,1784453313796532656,0,72074992950445591,2,2297807,2297913
202607191727,e2e_trace_v3,8657,17293839968015222287,0,planning,out,82957655366336,1,/apollo/planning,0,1317,1784453313796532656,140,72074992950445591,2,2297807,2297913
202607191727,e2e_trace_v3,8658,17293839968015222288,0,planning,in,82957744525536,1,/apollo/prediction,1324,0,1784453313909787097,0,72074992950445592,2,2297807,2297913
202607191727,e2e_trace_v3,8675,17293839968015222288,0,planning,out,82957772086240,1,/apollo/planning,0,1318,1784453313909787097,142,72074992950445592,2,2297807,2297913
202607191727,e2e_trace_v3,8676,17293839968015222289,0,planning,in,82957871292256,1,/apollo/prediction,1325,0,1784453314032411205,0,72074992950445593,2,2297807,2297920
202607191727,e2e_trace_v3,8693,17293839968015222289,0,planning,out,82957909866336,1,/apollo/planning,0,1319,1784453314032411205,146,72074992950445593,2,2297807,2297920
202607191727,e2e_trace_v3,8694,17293839968015222290,0,planning,in,82957995810816,1,/apollo/prediction,1326,0,1784453314147911254,0,72074992950445594,2,2297807,2297915
202607191727,e2e_trace_v3,8711,17293839968015222290,0,planning,out,82958025687584,1,/apollo/planning,0,1320,1784453314147911254,148,72074992950445594,2,2297807,2297915
202607191727,e2e_trace_v3,8712,17293839968015222291,0,planning,in,82958106063648,1,/apollo/prediction,1327,0,1784453314263967753,0,72074992950445595,2,2297807,2297915
202607191727,e2e_trace_v3,8729,17293839968015222291,0,planning,out,82958133753280,1,/apollo/planning,0,1321,1784453314263967753,150,72074992950445595,2,2297807,2297915
202607191727,e2e_trace_v3,8730,17293839968015222292,0,planning,in,82958220808576,1,/apollo/prediction,1328,0,1784453314378067779,0,72074992950445596,2,2297807,2297915
202607191727,e2e_trace_v3,8747,17293839968015222292,0,planning,out,82958250955520,1,/apollo/planning,0,1322,1784453314378067779,111,72074992950445596,2,2297807,2297915
202607191727,e2e_trace_v3,8748,17293839968015222293,0,planning,in,82958339241408,1,/apollo/prediction,1329,0,1784453314490478068,0,72074992950445597,1,2297807,2297915
202607191727,e2e_trace_v3,8765,17293839968015222293,0,planning,out,82958365220192,1,/apollo/planning,0,1323,1784453314490478068,117,72074992950445597,1,2297807,2297915
202607191727,e2e_trace_v3,8766,17293839968015222294,0,planning,in,82958449107840,1,/apollo/prediction,1330,0,1784453314604988831,0,72074992950445598,2,2297807,2297908
202607191727,e2e_trace_v3,8783,17293839968015222294,0,planning,out,82958489067168,1,/apollo/planning,0,1324,1784453314604988831,123,72074992950445598,2,2297807,2297908
202607191727,e2e_trace_v3,8784,17293839968015222295,0,planning,in,82958548460480,1,/apollo/prediction,1331,0,1784453314718568586,0,72074992950445599,2,2297807,2297898
202607191727,e2e_trace_v3,8801,17293839968015222295,0,planning,out,82958583909376,1,/apollo/planning,0,1325,1784453314718568586,128,72074992950445599,2,2297807,2297898
202607191727,e2e_trace_v3,8802,17293839968015222296,0,planning,in,82958696902656,1,/apollo/prediction,1332,0,1784453314832048405,0,72074992950445600,2,2297807,2297920
202607191727,e2e_trace_v3,8819,17293839968015222296,0,planning,out,82958743720704,1,/apollo/planning,0,1326,1784453314832048405,135,72074992950445600,2,2297807,2297920
202607191727,e2e_trace_v3,8820,17293839968015222297,0,planning,in,82958825219840,1,/apollo/prediction,1333,0,1784453314985182073,0,72074992950445601,2,2297807,2297896
202607191727,e2e_trace_v3,8837,17293839968015222297,0,planning,out,82958867107872,1,/apollo/planning,0,1327,1784453314985182073,142,72074992950445601,2,2297807,2297896
202607191727,e2e_trace_v3,8838,17293839968015222298,0,planning,in,82958953573216,1,/apollo/prediction,1334,0,1784453315098593445,0,72074992950445602,1,2297807,2297915
202607191727,e2e_trace_v3,8855,17293839968015222298,0,planning,out,82958997099904,1,/apollo/planning,0,1328,1784453315098593445,137,72074992950445602,1,2297807,2297915
202607191727,e2e_trace_v3,8856,17293839968015222299,0,planning,in,82959068536320,1,/apollo/prediction,1335,0,1784453315236188437,0,72074992950445603,2,2297807,2297900
202607191727,e2e_trace_v3,8873,17293839968015222299,0,planning,out,82959120588000,1,/apollo/planning,0,1329,1784453315236188437,136,72074992950445603,2,2297807,2297900
202607191727,e2e_trace_v3,8874,17293839968015222300,0,planning,in,82959191667616,1,/apollo/prediction,1336,0,1784453315349334735,0,72074992950445604,2,2297807,2297906
202607191727,e2e_trace_v3,8891,17293839968015222300,0,planning,out,82959219743008,1,/apollo/planning,0,1330,1784453315349334735,136,72074992950445604,2,2297807,2297906
202607191727,e2e_trace_v3,8892,17293839968015222301,0,planning,in,82959317001632,1,/apollo/prediction,1337,0,1784453315465993454,0,72074992950445605,2,2297807,2297906
202607191727,e2e_trace_v3,8909,17293839968015222301,0,planning,out,82959346039040,1,/apollo/planning,0,1331,1784453315465993454,136,72074992950445605,2,2297807,2297906
202607191727,e2e_trace_v3,8910,17293839968015222302,0,planning,in,82959421145152,1,/apollo/prediction,1338,0,1784453315577683452,0,72074992950445606,2,2297807,2297906
202607191727,e2e_trace_v3,8927,17293839968015222302,0,planning,out,82959446720160,1,/apollo/planning,0,1332,1784453315577683452,136,72074992950445606,2,2297807,2297906
202607191727,e2e_trace_v3,8928,17293839968015222303,0,planning,in,82959544902208,1,/apollo/prediction,1339,0,1784453315692043895,0,72074992950445607,2,2297807,2297898
202607191727,e2e_trace_v3,8945,17293839968015222303,0,planning,out,82959571720000,1,/apollo/planning,0,1333,1784453315692043895,136,72074992950445607,2,2297807,2297898
202607191727,e2e_trace_v3,8946,17293839968015222304,0,planning,in,82959626840736,1,/apollo/prediction,1340,0,1784453315807105078,0,72074992950445608,2,2297807,2297902
202607191727,e2e_trace_v3,8963,17293839968015222304,0,planning,out,82959659073376,1,/apollo/planning,0,1334,1784453315807105078,138,72074992950445608,2,2297807,2297902
202607191727,e2e_trace_v3,8964,17293839968015222305,0,planning,in,82959788832320,1,/apollo/prediction,1341,0,1784453315920407768,0,72074992950445609,1,2297807,2297925
202607191727,e2e_trace_v3,8981,17293839968015222305,0,planning,out,82959823709024,1,/apollo/planning,0,1335,1784453315920407768,136,72074992950445609,1,2297807,2297925
202607191727,e2e_trace_v3,8982,17293839968015222306,0,planning,in,82959888470624,1,/apollo/prediction,1342,0,1784453316061526946,0,72074992950445610,2,2297807,2297924
202607191727,e2e_trace_v3,8999,17293839968015222306,0,planning,out,82959921650080,1,/apollo/planning,0,1336,1784453316061526946,136,72074992950445610,2,2297807,2297924
202607191727,e2e_trace_v3,9000,17293839968015222307,0,planning,in,82960007253312,1,/apollo/prediction,1343,0,1784453316173227274,0,72074992950445611,2,2297807,2297924
202607191727,e2e_trace_v3,9017,17293839968015222307,0,planning,out,82960036741952,1,/apollo/planning,0,1337,1784453316173227274,139,72074992950445611,2,2297807,2297924
202607191727,e2e_trace_v3,9018,17293839968015222308,0,planning,in,82960135418240,1,/apollo/prediction,1344,0,1784453316287044484,0,72074992950445612,2,2297807,2297913
202607191727,e2e_trace_v3,9035,17293839968015222308,0,planning,out,82960179827968,1,/apollo/planning,0,1338,1784453316287044484,145,72074992950445612,2,2297807,2297913
202607191727,e2e_trace_v3,9036,17293839968015222309,0,planning,in,82960252052736,1,/apollo/prediction,1345,0,1784453316399817811,0,72074992950445613,2,2297807,2297909
202607191727,e2e_trace_v3,9053,17293839968015222309,0,planning,out,82960300523744,1,/apollo/planning,0,1339,1784453316399817811,151,72074992950445613,2,2297807,2297909
202607191727,e2e_trace_v3,9054,17293839968015222310,0,planning,in,82960358024192,1,/apollo/prediction,1346,0,1784453316517755731,0,72074992950445614,2,2297807,2297900
202607191727,e2e_trace_v3,9071,17293839968015222310,0,planning,out,82960404234048,1,/apollo/planning,0,1340,1784453316517755731,155,72074992950445614,2,2297807,2297900
202607191727,e2e_trace_v3,9072,17293839968015222311,0,planning,in,82960480918368,1,/apollo/prediction,1347,0,1784453316633804521,0,72074992950445615,2,2297807,2297896
202607191727,e2e_trace_v3,9089,17293839968015222311,0,planning,out,82960530215520,1,/apollo/planning,0,1341,1784453316633804521,111,72074992950445615,2,2297807,2297896
202607191727,e2e_trace_v3,9090,17293839968015222312,0,planning,in,82960583517696,1,/apollo/prediction,1348,0,1784453316751154870,0,72074992950445616,2,2297807,2297924
202607191727,e2e_trace_v3,9107,17293839968015222312,0,planning,out,82960614163360,1,/apollo/planning,0,1342,1784453316751154870,117,72074992950445616,2,2297807,2297924
202607191727,e2e_trace_v3,9108,17293839968015222313,0,planning,in,82960712365696,1,/apollo/prediction,1349,0,1784453316867629307,0,72074992950445617,2,2297807,2297924
202607191727,e2e_trace_v3,9125,17293839968015222313,0,planning,out,82960739776128,1,/apollo/planning,0,1343,1784453316867629307,123,72074992950445617,2,2297807,2297924
202607191727,e2e_trace_v3,9126,17293839968015222314,0,planning,in,82960821551136,1,/apollo/prediction,1350,0,1784453317008790083,0,72074992950445618,2,2297807,2297911
202607191727,e2e_trace_v3,9143,17293839968015222314,0,planning,out,82960869313056,1,/apollo/planning,0,1344,1784453317008790083,129,72074992950445618,2,2297807,2297911
202607191727,e2e_trace_v3,9144,17293839968015222315,0,planning,in,82960951653792,1,/apollo/prediction,1351,0,1784453317120247527,0,72074992950445619,2,2297807,2297925
202607191727,e2e_trace_v3,9161,17293839968015222315,0,planning,out,82960986765984,1,/apollo/planning,0,1345,1784453317120247527,135,72074992950445619,2,2297807,2297925
202607191727,e2e_trace_v3,9162,17293839968015222316,0,planning,in,82961074161824,1,/apollo/prediction,1352,0,1784453317243257873,0,72074992950445620,1,2297807,2297900
202607191727,e2e_trace_v3,9179,17293839968015222316,0,planning,out,82961109651424,1,/apollo/planning,0,1346,1784453317243257873,136,72074992950445620,1,2297807,2297900
202607191727,e2e_trace_v3,9180,17293839968015222317,0,planning,in,82961189139616,1,/apollo/prediction,1353,0,1784453317355079491,0,72074992950445621,1,2297807,2297898
202607191727,e2e_trace_v3,9197,17293839968015222317,0,planning,out,82961225114752,1,/apollo/planning,0,1347,1784453317355079491,136,72074992950445621,1,2297807,2297898
202607191727,e2e_trace_v3,9198,17293839968015222318,0,planning,in,82961304414944,1,/apollo/prediction,1354,0,1784453317468807282,0,72074992950445622,2,2297807,2297896
202607191727,e2e_trace_v3,9215,17293839968015222318,0,planning,out,82961343326368,1,/apollo/planning,0,1348,1784453317468807282,136,72074992950445622,2,2297807,2297896
202607191727,e2e_trace_v3,9216,17293839968015222319,0,planning,in,82961424035328,1,/apollo/prediction,1355,0,1784453317582797552,0,72074992950445623,2,2297807,2297906
202607191727,e2e_trace_v3,9233,17293839968015222319,0,planning,out,82961457828512,1,/apollo/planning,0,1349,1784453317582797552,136,72074992950445623,2,2297807,2297906
202607191727,e2e_trace_v3,9234,17293839968015222320,0,planning,in,82961572906112,1,/apollo/prediction,1356,0,1784453317700439175,0,72074992950445624,2,2297807,2297911
202607191727,e2e_trace_v3,9251,17293839968015222320,0,planning,out,82961600561984,1,/apollo/planning,0,1350,1784453317700439175,136,72074992950445624,2,2297807,2297911
202607191727,e2e_trace_v3,9252,17293839968015222321,0,planning,in,82961660161536,1,/apollo/prediction,1357,0,1784453317837873812,0,72074992950445625,2,2297807,2297906
202607191727,e2e_trace_v3,9269,17293839968015222321,0,planning,out,82961688437152,1,/apollo/planning,0,1351,1784453317837873812,136,72074992950445625,2,2297807,2297906
202607191727,e2e_trace_v3,9270,17293839968015222322,0,planning,in,82961794143008,1,/apollo/prediction,1358,0,1784453317952674348,0,72074992950445626,2,2297807,2297915
202607191727,e2e_trace_v3,9287,17293839968015222322,0,planning,out,82961822820288,1,/apollo/planning,0,1352,1784453317952674348,136,72074992950445626,2,2297807,2297915
202607191727,e2e_trace_v3,9288,17293839968015222323,0,planning,in,82961929085440,1,/apollo/prediction,1359,0,1784453318083094976,0,72074992950445627,2,2297807,2297908
202607191727,e2e_trace_v3,9305,17293839968015222323,0,planning,out,82961973058112,1,/apollo/planning,0,1353,1784453318083094976,136,72074992950445627,2,2297807,2297908
202607191727,e2e_trace_v3,9306,17293839968015222324,0,planning,in,82962048858688,1,/apollo/prediction,1360,0,1784453318197964260,0,72074992950445628,2,2297807,2297904
202607191727,e2e_trace_v3,9323,17293839968015222324,0,planning,out,82962099638048,1,/apollo/planning,0,1354,1784453318197964260,136,72074992950445628,2,2297807,2297904
202607191727,e2e_trace_v3,9324,17293839968015222325,0,planning,in,82962181521216,1,/apollo/prediction,1361,0,1784453318311176217,0,72074992950445629,2,2297807,2297900
202607191727,e2e_trace_v3,9341,17293839968015222325,0,planning,out,82962215096224,1,/apollo/planning,0,1355,1784453318311176217,136,72074992950445629,2,2297807,2297900
202607191727,e2e_trace_v3,9342,17293839968015222326,0,planning,in,82962305147552,1,/apollo/prediction,1362,0,1784453318447825654,0,72074992950445630,2,2297807,2297924
202607191727,e2e_trace_v3,9359,17293839968015222326,0,planning,out,82962340562496,1,/apollo/planning,0,1356,1784453318447825654,136,72074992950445630,2,2297807,2297924
202607191727,e2e_trace_v3,9360,17293839968015222327,0,planning,in,82962415642976,1,/apollo/prediction,1363,0,1784453318564041202,0,72074992950445631,1,2297807,2297920
202607191727,e2e_trace_v3,9377,17293839968015222327,0,planning,out,82962450465600,1,/apollo/planning,0,1357,1784453318564041202,139,72074992950445631,1,2297807,2297920
202607191727,e2e_trace_v3,9378,17293839968015222328,0,planning,in,82962572105888,1,/apollo/prediction,1364,0,1784453318696386957,0,72074992950445632,2,2297807,2297925
202607191727,e2e_trace_v3,9395,17293839968015222328,0,planning,out,82962612782272,1,/apollo/planning,0,1358,1784453318696386957,147,72074992950445632,2,2297807,2297925
202607191727,e2e_trace_v3,9396,17293839968015222329,0,planning,in,82962665630400,1,/apollo/prediction,1365,0,1784453318822555311,0,72074992950445633,2,2297807,2297900
202607191727,e2e_trace_v3,9413,17293839968015222329,0,planning,out,82962692933408,1,/apollo/planning,0,1359,1784453318822555311,150,72074992950445633,2,2297807,2297900
202607191727,e2e_trace_v3,9414,17293839968015222330,0,planning,in,82962768816416,1,/apollo/prediction,1366,0,1784453318945771087,0,72074992950445634,2,2297807,2297924
202607191727,e2e_trace_v3,9431,17293839968015222330,0,planning,out,82962795790464,1,/apollo/planning,0,1360,1784453318945771087,155,72074992950445634,2,2297807,2297924
202607191727,e2e_trace_v3,9432,17293839968015222331,0,planning,in,82962896901536,1,/apollo/prediction,1367,0,1784453319069601773,0,72074992950445635,2,2297807,2297908
202607191727,e2e_trace_v3,9449,17293839968015222331,0,planning,out,82962936824128,1,/apollo/planning,0,1361,1784453319069601773,156,72074992950445635,2,2297807,2297908
202607191727,e2e_trace_v3,9450,17293839968015222332,0,planning,in,82963019165760,1,/apollo/prediction,1368,0,1784453319183422263,0,72074992950445636,2,2297807,2297908
202607191727,e2e_trace_v3,9467,17293839968015222332,0,planning,out,82963050247008,1,/apollo/planning,0,1362,1784453319183422263,159,72074992950445636,2,2297807,2297908
202607191727,e2e_trace_v3,9468,17293839968015222333,0,planning,in,82963140958176,1,/apollo/prediction,1369,0,1784453319298735105,0,72074992950445637,2,2297807,2297909
202607191727,e2e_trace_v3,9485,17293839968015222333,0,planning,out,82963191372160,1,/apollo/planning,0,1363,1784453319298735105,162,72074992950445637,2,2297807,2297909
202607191727,e2e_trace_v3,9486,17293839968015222334,0,planning,in,82963242241440,1,/apollo/prediction,1370,0,1784453319411851766,0,72074992950445638,2,2297807,2297920
202607191727,e2e_trace_v3,9503,17293839968015222334,0,planning,out,82963288774080,1,/apollo/planning,0,1364,1784453319411851766,162,72074992950445638,2,2297807,2297920
202607191727,e2e_trace_v3,9504,17293839968015222335,0,planning,in,82963368680768,1,/apollo/prediction,1371,0,1784453319525186970,0,72074992950445639,2,2297807,2297904
202607191727,e2e_trace_v3,9521,17293839968015222335,0,planning,out,82963407228192,1,/apollo/planning,0,1365,1784453319525186970,161,72074992950445639,2,2297807,2297904
202607191727,e2e_trace_v3,9522,17293839968015222336,0,planning,in,82963495092352,1,/apollo/prediction,1372,0,1784453319641834465,0,72074992950445640,2,2297807,2297906
202607191727,e2e_trace_v3,9539,17293839968015222336,0,planning,out,82963525416992,1,/apollo/planning,0,1366,1784453319641834465,160,72074992950445640,2,2297807,2297906
202607191727,e2e_trace_v3,9540,17293839968015222337,0,planning,in,82963617167488,1,/apollo/prediction,1373,0,1784453319766835218,0,72074992950445641,2,2297807,2297906
202607191727,e2e_trace_v3,9557,17293839968015222337,0,planning,out,82963644746304,1,/apollo/planning,0,1367,1784453319766835218,158,72074992950445641,2,2297807,2297906
202607191727,e2e_trace_v3,9558,17293839968015222338,0,planning,in,82963702772192,1,/apollo/prediction,1374,0,1784453319879470085,0,72074992950445642,1,2297807,2297922
202607191727,e2e_trace_v3,9575,17293839968015222338,0,planning,out,82963729260544,1,/apollo/planning,0,1368,1784453319879470085,154,72074992950445642,1,2297807,2297922
202607191727,e2e_trace_v3,9576,17293839968015222339,0,planning,in,82963811057888,1,/apollo/prediction,1375,0,1784453319992744531,0,72074992950445643,2,2297807,2297925
202607191727,e2e_trace_v3,9593,17293839968015222339,0,planning,out,82963837766656,1,/apollo/planning,0,1369,1784453319992744531,159,72074992950445643,2,2297807,2297925
202607191727,e2e_trace_v3,9594,17293839968015222340,0,planning,in,82963940423072,1,/apollo/prediction,1376,0,1784453320104668340,0,72074992950445644,2,2297807,2297913
202607191727,e2e_trace_v3,9611,17293839968015222340,0,planning,out,82963969996032,1,/apollo/planning,0,1370,1784453320104668340,152,72074992950445644,2,2297807,2297913
202607191727,e2e_trace_v3,9612,17293839968015222341,0,planning,in,82964061084352,1,/apollo/prediction,1377,0,1784453320224479124,0,72074992950445645,1,2297807,2297913
202607191727,e2e_trace_v3,9629,17293839968015222341,0,planning,out,82964091352288,1,/apollo/planning,0,1371,1784453320224479124,152,72074992950445645,1,2297807,2297913
202607191727,e2e_trace_v3,9630,17293839968015222342,0,planning,in,82964179395712,1,/apollo/prediction,1378,0,1784453320338556886,0,72074992950445646,2,2297807,2297913
202607191727,e2e_trace_v3,9647,17293839968015222342,0,planning,out,82964207004384,1,/apollo/planning,0,1372,1784453320338556886,151,72074992950445646,2,2297807,2297913
202607191727,e2e_trace_v3,9648,17293839968015222343,0,planning,in,82964295692608,1,/apollo/prediction,1379,0,1784453320454360827,0,72074992950445647,2,2297807,2297908
202607191727,e2e_trace_v3,9665,17293839968015222343,0,planning,out,82964333102528,1,/apollo/planning,0,1373,1784453320454360827,153,72074992950445647,2,2297807,2297908
202607191727,e2e_trace_v3,9666,17293839968015222344,0,planning,in,82964408361344,1,/apollo/prediction,1380,0,1784453320567011488,0,72074992950445648,2,2297807,2297902
202607191727,e2e_trace_v3,9683,17293839968015222344,0,planning,out,82964440709472,1,/apollo/planning,0,1374,1784453320567011488,158,72074992950445648,2,2297807,2297902
202607191727,e2e_trace_v3,9684,17293839968015222345,0,planning,in,82964517033024,1,/apollo/prediction,1381,0,1784453320681295739,0,72074992950445649,1,2297807,2297898
202607191727,e2e_trace_v3,9701,17293839968015222345,0,planning,out,82964556974112,1,/apollo/planning,0,1375,1784453320681295739,163,72074992950445649,1,2297807,2297898
202607191727,e2e_trace_v3,9702,17293839968015222346,0,planning,in,82964630335200,1,/apollo/prediction,1382,0,1784453320795494110,0,72074992950445650,2,2297807,2297918
202607191727,e2e_trace_v3,9719,17293839968015222346,0,planning,out,82964658237536,1,/apollo/planning,0,1376,1784453320795494110,111,72074992950445650,2,2297807,2297918
202607191727,e2e_trace_v3,9720,17293839968015222347,0,planning,in,82964772006656,1,/apollo/prediction,1383,0,1784453320925450482,0,72074992950445651,2,2297807,2297924
202607191727,e2e_trace_v3,9737,17293839968015222347,0,planning,out,82964800548864,1,/apollo/planning,0,1377,1784453320925450482,119,72074992950445651,2,2297807,2297924
202607191727,e2e_trace_v3,9738,17293839968015222348,0,planning,in,82964888762784,1,/apollo/prediction,1384,0,1784453321074000078,0,72074992950445652,2,2297807,2297924
202607191727,e2e_trace_v3,9755,17293839968015222348,0,planning,out,82964917349472,1,/apollo/planning,0,1378,1784453321074000078,124,72074992950445652,2,2297807,2297924
202607191727,e2e_trace_v3,9756,17293839968015222349,0,planning,in,82965004499584,1,/apollo/prediction,1385,0,1784453321186446018,0,72074992950445653,1,2297807,2297918
202607191727,e2e_trace_v3,9773,17293839968015222349,0,planning,out,82965033204064,1,/apollo/planning,0,1379,1784453321186446018,130,72074992950445653,1,2297807,2297918
202607191727,e2e_trace_v3,9774,17293839968015222350,0,planning,in,82965128271872,1,/apollo/prediction,1386,0,1784453321297996774,0,72074992950445654,2,2297807,2297896
202607191727,e2e_trace_v3,9791,17293839968015222350,0,planning,out,82965177774496,1,/apollo/planning,0,1380,1784453321297996774,136,72074992950445654,2,2297807,2297896
202607191727,e2e_trace_v3,9792,17293839968015222351,0,planning,in,82965242588416,1,/apollo/prediction,1387,0,1784453321411104115,0,72074992950445655,2,2297807,2297904
202607191727,e2e_trace_v3,9809,17293839968015222351,0,planning,out,82965280835360,1,/apollo/planning,0,1381,1784453321411104115,136,72074992950445655,2,2297807,2297904
202607191727,e2e_trace_v3,9810,17293839968015222352,0,planning,in,82965355694688,1,/apollo/prediction,1388,0,1784453321522323490,0,72074992950445656,2,2297807,2297920
202607191727,e2e_trace_v3,9827,17293839968015222352,0,planning,out,82965397412960,1,/apollo/planning,0,1382,1784453321522323490,136,72074992950445656,2,2297807,2297920
202607191727,e2e_trace_v3,9828,17293839968015222353,0,planning,in,82965472955328,1,/apollo/prediction,1389,0,1784453321642676751,0,72074992950445657,2,2297807,2297918
202607191727,e2e_trace_v3,9845,17293839968015222353,0,planning,out,82965502670112,1,/apollo/planning,0,1383,1784453321642676751,136,72074992950445657,2,2297807,2297918
202607191727,e2e_trace_v3,9846,17293839968015222354,0,planning,in,82965593082912,1,/apollo/prediction,1390,0,1784453321757536311,0,72074992950445658,2,2297807,2297920
202607191727,e2e_trace_v3,9863,17293839968015222354,0,planning,out,82965629684800,1,/apollo/planning,0,1384,1784453321757536311,136,72074992950445658,2,2297807,2297920
202607191727,e2e_trace_v3,9864,17293839968015222355,0,planning,in,82965715390624,1,/apollo/prediction,1391,0,1784453321872447572,0,72074992950445659,2,2297807,2297902
202607191727,e2e_trace_v3,9881,17293839968015222355,0,planning,out,82965752111040,1,/apollo/planning,0,1385,1784453321872447572,136,72074992950445659,2,2297807,2297902
202607191727,e2e_trace_v3,9882,17293839968015222356,0,planning,in,82965829096608,1,/apollo/prediction,1392,0,1784453322010375679,0,72074992950445660,2,2297807,2297911
202607191727,e2e_trace_v3,9899,17293839968015222356,0,planning,out,82965869267552,1,/apollo/planning,0,1386,1784453322010375679,136,72074992950445660,2,2297807,2297911
202607191727,e2e_trace_v3,9900,17293839968015222357,0,planning,in,82965951906464,1,/apollo/prediction,1393,0,1784453322125377542,0,72074992950445661,2,2297807,2297898
202607191727,e2e_trace_v3,9917,17293839968015222357,0,planning,out,82965988946560,1,/apollo/planning,0,1387,1784453322125377542,136,72074992950445661,2,2297807,2297898
202607191727,e2e_trace_v3,9918,17293839968015222358,0,planning,in,82966077234048,1,/apollo/prediction,1394,0,1784453322240027516,0,72074992950445662,2,2297807,2297898
202607191727,e2e_trace_v3,9935,17293839968015222358,0,planning,out,82966107855776,1,/apollo/planning,0,1388,1784453322240027516,140,72074992950445662,2,2297807,2297898
202607191727,e2e_trace_v3,9936,17293839968015222359,0,planning,in,82966191958912,1,/apollo/prediction,1395,0,1784453322353675937,0,72074992950445663,1,2297807,2297904
202607191727,e2e_trace_v3,9953,17293839968015222359,0,planning,out,82966250664352,1,/apollo/planning,0,1389,1784453322353675937,146,72074992950445663,1,2297807,2297904
202607191727,e2e_trace_v3,9954,17293839968015222360,0,planning,in,82966305986304,1,/apollo/prediction,1396,0,1784453322465424731,0,72074992950445664,2,2297807,2297908
202607191727,e2e_trace_v3,9971,17293839968015222360,0,planning,out,82966356455008,1,/apollo/planning,0,1390,1784453322465424731,150,72074992950445664,2,2297807,2297908
202607191727,e2e_trace_v3,9972,17293839968015222361,0,planning,in,82966432693984,1,/apollo/prediction,1397,0,1784453322578851073,0,72074992950445665,2,2297807,2297922
202607191727,e2e_trace_v3,9989,17293839968015222361,0,planning,out,82966479582880,1,/apollo/planning,0,1391,1784453322578851073,156,72074992950445665,2,2297807,2297922
202607191727,e2e_trace_v3,9990,17293839968015222362,0,planning,in,82966548279104,1,/apollo/prediction,1398,0,1784453322706945514,0,72074992950445666,2,2297807,2297900
202607191727,e2e_trace_v3,10007,17293839968015222362,0,planning,out,82966579514336,1,/apollo/planning,0,1392,1784453322706945514,159,72074992950445666,2,2297807,2297900
202607191727,e2e_trace_v3,10008,17293839968015222363,0,planning,in,82966668399488,1,/apollo/prediction,1399,0,1784453322823620816,0,72074992950445667,2,2297807,2297918
202607191727,e2e_trace_v3,10025,17293839968015222363,0,planning,out,82966699169920,1,/apollo/planning,0,1393,1784453322823620816,163,72074992950445667,2,2297807,2297918
202607191727,e2e_trace_v3,10026,17293839968015222364,0,planning,in,82966764353216,1,/apollo/prediction,1400,0,1784453322939942797,0,72074992950445668,2,2297807,2297915
202607191727,e2e_trace_v3,10043,17293839968015222364,0,planning,out,82966791551456,1,/apollo/planning,0,1394,1784453322939942797,168,72074992950445668,2,2297807,2297915
202607191727,e2e_trace_v3,10044,17293839968015222365,0,planning,in,82966892340352,1,/apollo/prediction,1401,0,1784453323057680511,0,72074992950445669,2,2297807,2297904
202607191727,e2e_trace_v3,10061,17293839968015222365,0,planning,out,82966931912672,1,/apollo/planning,0,1395,1784453323057680511,167,72074992950445669,2,2297807,2297904
202607191727,e2e_trace_v3,10062,17293839968015222366,0,planning,in,82967004790304,1,/apollo/prediction,1402,0,1784453323171496145,0,72074992950445670,2,2297807,2297924
202607191727,e2e_trace_v3,10079,17293839968015222366,0,planning,out,82967038486688,1,/apollo/planning,0,1396,1784453323171496145,166,72074992950445670,2,2297807,2297924
202607191727,e2e_trace_v3,10080,17293839968015222367,0,planning,in,82967120889600,1,/apollo/prediction,1403,0,1784453323285506205,0,72074992950445671,1,2297807,2297924
202607191727,e2e_trace_v3,10097,17293839968015222367,0,planning,out,82967150706272,1,/apollo/planning,0,1397,1784453323285506205,166,72074992950445671,1,2297807,2297924
202607191727,e2e_trace_v3,10098,17293839968015222368,0,planning,in,82967249438336,1,/apollo/prediction,1404,0,1784453323399133710,0,72074992950445672,2,2297807,2297924
202607191727,e2e_trace_v3,10115,17293839968015222368,0,planning,out,82967282219072,1,/apollo/planning,0,1398,1784453323399133710,165,72074992950445672,2,2297807,2297924
202607191727,e2e_trace_v3,10116,17293839968015222369,0,planning,in,82967353018528,1,/apollo/prediction,1405,0,1784453323516130227,0,72074992950445673,2,2297807,2297920
202607191727,e2e_trace_v3,10133,17293839968015222369,0,planning,out,82967393617792,1,/apollo/planning,0,1399,1784453323516130227,163,72074992950445673,2,2297807,2297920
202607191727,e2e_trace_v3,10134,17293839968015222370,0,planning,in,82967477234496,1,/apollo/prediction,1406,0,1784453323631020197,0,72074992950445674,1,2297807,2297913
202607191727,e2e_trace_v3,10151,17293839968015222370,0,planning,out,82967520838528,1,/apollo/planning,0,1400,1784453323631020197,161,72074992950445674,1,2297807,2297913
202607191727,e2e_trace_v3,10152,17293839968015222371,0,planning,in,82967587563072,1,/apollo/prediction,1407,0,1784453323747398545,0,72074992950445675,1,2297807,2297909
202607191727,e2e_trace_v3,10169,17293839968015222371,0,planning,out,82967632494464,1,/apollo/planning,0,1401,1784453323747398545,158,72074992950445675,1,2297807,2297909
202607191727,e2e_trace_v3,10170,17293839968015222372,0,planning,in,82967694099488,1,/apollo/prediction,1408,0,1784453323859364639,0,72074992950445676,2,2297807,2297896
202607191727,e2e_trace_v3,10187,17293839968015222372,0,planning,out,82967730813632,1,/apollo/planning,0,1402,1784453323859364639,157,72074992950445676,2,2297807,2297896
202607191727,e2e_trace_v3,10188,17293839968015222373,0,planning,in,82967805312608,1,/apollo/prediction,1409,0,1784453323975258943,0,72074992950445677,2,2297807,2297909
202607191727,e2e_trace_v3,10205,17293839968015222373,0,planning,out,82967837589152,1,/apollo/planning,0,1403,1784453323975258943,155,72074992950445677,2,2297807,2297909
202607191727,e2e_trace_v3,10206,17293839968015222374,0,planning,in,82967914151328,1,/apollo/prediction,1410,0,1784453324090572623,0,72074992950445678,1,2297807,2297904
202607191727,e2e_trace_v3,10223,17293839968015222374,0,planning,out,82967949854784,1,/apollo/planning,0,1404,1784453324090572623,154,72074992950445678,1,2297807,2297904
202607191727,e2e_trace_v3,10224,17293839968015222375,0,planning,in,82968044795552,1,/apollo/prediction,1411,0,1784453324203346683,0,72074992950445679,2,2297807,2297918
202607191727,e2e_trace_v3,10241,17293839968015222375,0,planning,out,82968078240288,1,/apollo/planning,0,1405,1784453324203346683,154,72074992950445679,2,2297807,2297918
202607191727,e2e_trace_v3,10242,17293839968015222376,0,planning,in,82968157387904,1,/apollo/prediction,1412,0,1784453324319083012,0,72074992950445680,2,2297807,2297918
202607191727,e2e_trace_v3,10259,17293839968015222376,0,planning,out,82968185586720,1,/apollo/planning,0,1406,1784453324319083012,154,72074992950445680,2,2297807,2297918
202607191727,e2e_trace_v3,10260,17293839968015222377,0,planning,in,82968281091200,1,/apollo/prediction,1413,0,1784453324432917810,0,72074992950445681,2,2297807,2297918
202607191727,e2e_trace_v3,10277,17293839968015222377,0,planning,out,82968312524288,1,/apollo/planning,0,1407,1784453324432917810,154,72074992950445681,2,2297807,2297918
202607191727,e2e_trace_v3,10278,17293839968015222378,0,planning,in,82968393893312,1,/apollo/prediction,1414,0,1784453324545259049,0,72074992950445682,2,2297807,2297896
202607191727,e2e_trace_v3,10295,17293839968015222378,0,planning,out,82968423807936,1,/apollo/planning,0,1408,1784453324545259049,154,72074992950445682,2,2297807,2297896
202607191727,e2e_trace_v3,10296,17293839968015222379,0,planning,in,82968489055808,1,/apollo/prediction,1415,0,1784453324657037811,0,72074992950445683,2,2297807,2297900
202607191727,e2e_trace_v3,10313,17293839968015222379,0,planning,out,82968534413984,1,/apollo/planning,0,1409,1784453324657037811,152,72074992950445683,2,2297807,2297900
202607191727,e2e_trace_v3,10314,17293839968015222380,0,planning,in,82968614240128,1,/apollo/prediction,1416,0,1784453324771681997,0,72074992950445684,2,2297807,2297924
202607191727,e2e_trace_v3,10331,17293839968015222380,0,planning,out,82968664341344,1,/apollo/planning,0,1410,1784453324771681997,153,72074992950445684,2,2297807,2297924
202607191727,e2e_trace_v3,10332,17293839968015222381,0,planning,in,82968743979968,1,/apollo/prediction,1417,0,1784453324885609367,0,72074992950445685,2,2297807,2297913
202607191727,e2e_trace_v3,10349,17293839968015222381,0,planning,out,82968772148256,1,/apollo/planning,0,1411,1784453324885609367,154,72074992950445685,2,2297807,2297913
202607191727,e2e_trace_v3,10350,17293839968015222382,0,planning,in,82968860805632,1,/apollo/prediction,1418,0,1784453325006027441,0,72074992950445686,1,2297807,2297918
202607191727,e2e_trace_v3,10367,17293839968015222382,0,planning,out,82968889217024,1,/apollo/planning,0,1412,1784453325006027441,155,72074992950445686,1,2297807,2297918
202607191727,e2e_trace_v3,10368,17293839968015222383,0,planning,in,82968956385440,1,/apollo/prediction,1419,0,1784453325135446179,0,72074992950445687,2,2297807,2297924
202607191727,e2e_trace_v3,10385,17293839968015222383,0,planning,out,82968984172032,1,/apollo/planning,0,1413,1784453325135446179,160,72074992950445687,2,2297807,2297924
202607191727,e2e_trace_v3,10386,17293839968015222384,0,planning,in,82969070531776,1,/apollo/prediction,1420,0,1784453325250152767,0,72074992950445688,2,2297807,2297904
202607191727,e2e_trace_v3,10403,17293839968015222384,0,planning,out,82969106265792,1,/apollo/planning,0,1414,1784453325250152767,160,72074992950445688,2,2297807,2297904
202607191727,e2e_trace_v3,10404,17293839968015222385,0,planning,in,82969197082720,1,/apollo/prediction,1421,0,1784453325367267199,0,72074992950445689,2,2297807,2297915
202607191727,e2e_trace_v3,10421,17293839968015222385,0,planning,out,82969226527968,1,/apollo/planning,0,1415,1784453325367267199,156,72074992950445689,2,2297807,2297915
202607191727,e2e_trace_v3,10422,17293839968015222386,0,planning,in,82969317623488,1,/apollo/prediction,1422,0,1784453325479229206,0,72074992950445690,2,2297807,2297908
202607191727,e2e_trace_v3,10439,17293839968015222386,0,planning,out,82969361669248,1,/apollo/planning,0,1416,1784453325479229206,157,72074992950445690,2,2297807,2297908
202607191727,e2e_trace_v3,10440,17293839968015222387,0,planning,in,82969435529792,1,/apollo/prediction,1423,0,1784453325592999804,0,72074992950445691,2,2297807,2297902
202607191727,e2e_trace_v3,10457,17293839968015222387,0,planning,out,82969480725472,1,/apollo/planning,0,1417,1784453325592999804,158,72074992950445691,2,2297807,2297902
202607191727,e2e_trace_v3,10458,17293839968015222388,0,planning,in,82969540405632,1,/apollo/prediction,1424,0,1784453325710143118,0,72074992950445692,2,2297807,2297900
202607191727,e2e_trace_v3,10475,17293839968015222388,0,planning,out,82969574634400,1,/apollo/planning,0,1418,1784453325710143118,158,72074992950445692,2,2297807,2297900
202607191727,e2e_trace_v3,10476,17293839968015222389,0,planning,in,82969674553280,1,/apollo/prediction,1425,0,1784453325823766729,0,72074992950445693,2,2297807,2297900
202607191727,e2e_trace_v3,10493,17293839968015222389,0,planning,out,82969703979904,1,/apollo/planning,0,1419,1784453325823766729,111,72074992950445693,2,2297807,2297900
202607191727,e2e_trace_v3,10494,17293839968015222390,0,planning,in,82969756215520,1,/apollo/prediction,1426,0,1784453325936603702,0,72074992950445694,2,2297807,2297915
202607191727,e2e_trace_v3,10511,17293839968015222390,0,planning,out,82969786203072,1,/apollo/planning,0,1420,1784453325936603702,111,72074992950445694,2,2297807,2297915
202607191727,e2e_trace_v3,10512,17293839968015222391,0,planning,in,82969876748960,1,/apollo/prediction,1427,0,1784453326050684605,0,72074992950445695,2,2297807,2297915
202607191727,e2e_trace_v3,10529,17293839968015222391,0,planning,out,82969903496704,1,/apollo/planning,0,1421,1784453326050684605,118,72074992950445695,2,2297807,2297915
202607191727,e2e_trace_v3,10530,17293839968015222392,0,planning,in,82969988839456,1,/apollo/prediction,1428,0,1784453326165783854,0,72074992950445696,2,2297807,2297908
202607191727,e2e_trace_v3,10547,17293839968015222392,0,planning,out,82970017438720,1,/apollo/planning,0,1422,1784453326165783854,123,72074992950445696,2,2297807,2297908
202607191727,e2e_trace_v3,10548,17293839968015222393,0,planning,in,82970119546048,1,/apollo/prediction,1429,0,1784453326278220254,0,72074992950445697,1,2297807,2297908
202607191727,e2e_trace_v3,10565,17293839968015222393,0,planning,out,82970146672160,1,/apollo/planning,0,1423,1784453326278220254,130,72074992950445697,1,2297807,2297908
202607191727,e2e_trace_v3,10566,17293839968015222394,0,planning,in,82970251926432,1,/apollo/prediction,1430,0,1784453326392759649,0,72074992950445698,2,2297807,2297908
202607191727,e2e_trace_v3,10583,17293839968015222394,0,planning,out,82970279611648,1,/apollo/planning,0,1424,1784453326392759649,136,72074992950445698,2,2297807,2297908
202607191727,e2e_trace_v3,10584,17293839968015222395,0,planning,in,82970344877760,1,/apollo/prediction,1431,0,1784453326502927540,0,72074992950445699,1,2297807,2297904
202607191727,e2e_trace_v3,10601,17293839968015222395,0,planning,out,82970374619296,1,/apollo/planning,0,1425,1784453326502927540,136,72074992950445699,1,2297807,2297904
202607191727,e2e_trace_v3,10602,17293839968015222396,0,planning,in,82970469338368,1,/apollo/prediction,1432,0,1784453326617376933,0,72074992950445700,1,2297807,2297904
202607191727,e2e_trace_v3,10619,17293839968015222396,0,planning,out,82970501668384,1,/apollo/planning,0,1426,1784453326617376933,136,72074992950445700,1,2297807,2297904
202607191727,e2e_trace_v3,10620,17293839968015222397,0,planning,in,82970582504320,1,/apollo/prediction,1433,0,1784453326730387286,0,72074992950445701,2,2297807,2297904
202607191727,e2e_trace_v3,10637,17293839968015222397,0,planning,out,82970612169056,1,/apollo/planning,0,1427,1784453326730387286,136,72074992950445701,2,2297807,2297904
202607191727,e2e_trace_v3,10638,17293839968015222398,0,planning,in,82970681509664,1,/apollo/prediction,1434,0,1784453326844764303,0,72074992950445702,1,2297807,2297915
202607191727,e2e_trace_v3,10655,17293839968015222398,0,planning,out,82970724001952,1,/apollo/planning,0,1428,1784453326844764303,136,72074992950445702,1,2297807,2297915
202607191727,e2e_trace_v3,10656,17293839968015222399,0,planning,in,82970797125600,1,/apollo/prediction,1435,0,1784453326961541625,0,72074992950445703,2,2297807,2297900
202607191727,e2e_trace_v3,10673,17293839968015222399,0,planning,out,82970824690496,1,/apollo/planning,0,1429,1784453326961541625,136,72074992950445703,2,2297807,2297900
202607191727,e2e_trace_v3,10674,17293839968015222400,0,planning,in,82970893362304,1,/apollo/prediction,1436,0,1784453327075001434,0,72074992950445704,2,2297807,2297918
202607191727,e2e_trace_v3,10691,17293839968015222400,0,planning,out,82970920389184,1,/apollo/planning,0,1430,1784453327075001434,136,72074992950445704,2,2297807,2297918
202607191727,e2e_trace_v3,10692,17293839968015222401,0,planning,in,82971004498176,1,/apollo/prediction,1437,0,1784453327186075904,0,72074992950445705,2,2297807,2297900
202607191727,e2e_trace_v3,10709,17293839968015222401,0,planning,out,82971037919296,1,/apollo/planning,0,1431,1784453327186075904,140,72074992950445705,2,2297807,2297900
202607191727,e2e_trace_v3,10710,17293839968015222402,0,planning,in,82971144338496,1,/apollo/prediction,1438,0,1784453327297915931,0,72074992950445706,2,2297807,2297904
202607191727,e2e_trace_v3,10727,17293839968015222402,0,planning,out,82971189456608,1,/apollo/planning,0,1432,1784453327297915931,137,72074992950445706,2,2297807,2297904
202607191727,e2e_trace_v3,10728,17293839968015222403,0,planning,in,82971253411680,1,/apollo/prediction,1439,0,1784453327416435070,0,72074992950445707,2,2297807,2297902
202607191727,e2e_trace_v3,10745,17293839968015222403,0,planning,out,82971300644128,1,/apollo/planning,0,1433,1784453327416435070,138,72074992950445707,2,2297807,2297902
202607191727,e2e_trace_v3,10746,17293839968015222404,0,planning,in,82971373096928,1,/apollo/prediction,1440,0,1784453327535469879,0,72074992950445708,2,2297807,2297896
202607191727,e2e_trace_v3,10763,17293839968015222404,0,planning,out,82971406924480,1,/apollo/planning,0,1434,1784453327535469879,139,72074992950445708,2,2297807,2297896
202607191727,e2e_trace_v3,10764,17293839968015222405,0,planning,in,82971500597792,1,/apollo/prediction,1441,0,1784453327652068999,0,72074992950445709,2,2297807,2297896
202607191727,e2e_trace_v3,10781,17293839968015222405,0,planning,out,82971529664704,1,/apollo/planning,0,1435,1784453327652068999,141,72074992950445709,2,2297807,2297896
202607191727,e2e_trace_v3,10782,17293839968015222406,0,planning,in,82971617922112,1,/apollo/prediction,1442,0,1784453327767004100,0,72074992950445710,2,2297807,2297896
202607191727,e2e_trace_v3,10799,17293839968015222406,0,planning,out,82971645392096,1,/apollo/planning,0,1436,1784453327767004100,143,72074992950445710,2,2297807,2297896
202607191727,e2e_trace_v3,10800,17293839968015222407,0,planning,in,82971730373344,1,/apollo/prediction,1443,0,1784453327887519868,0,72074992950445711,2,2297807,2297924
202607191727,e2e_trace_v3,10817,17293839968015222407,0,planning,out,82971774941952,1,/apollo/planning,0,1437,1784453327887519868,143,72074992950445711,2,2297807,2297924
202607191727,e2e_trace_v3,10818,17293839968015222408,0,planning,in,82971844861344,1,/apollo/prediction,1444,0,1784453328002920920,0,72074992950445712,2,2297807,2297898
202607191727,e2e_trace_v3,10835,17293839968015222408,0,planning,out,82971872449600,1,/apollo/planning,0,1438,1784453328002920920,144,72074992950445712,2,2297807,2297898
202607191727,e2e_trace_v3,10836,17293839968015222409,0,planning,in,82971947264480,1,/apollo/prediction,1445,0,1784453328121251422,0,72074992950445713,2,2297807,2297920
202607191727,e2e_trace_v3,10853,17293839968015222409,0,planning,out,82971982569504,1,/apollo/planning,0,1439,1784453328121251422,144,72074992950445713,2,2297807,2297920
202607191727,e2e_trace_v3,10854,17293839968015222410,0,planning,in,82972058161920,1,/apollo/prediction,1446,0,1784453328238466268,0,72074992950445714,2,2297807,2297908
202607191727,e2e_trace_v3,10871,17293839968015222410,0,planning,out,82972088768032,1,/apollo/planning,0,1440,1784453328238466268,150,72074992950445714,2,2297807,2297908
202607191727,e2e_trace_v3,10872,17293839968015222411,0,planning,in,82972188374304,1,/apollo/prediction,1447,0,1784453328352901627,0,72074992950445715,2,2297807,2297918
202607191727,e2e_trace_v3,10889,17293839968015222411,0,planning,out,82972235576160,1,/apollo/planning,0,1441,1784453328352901627,147,72074992950445715,2,2297807,2297918
202607191727,e2e_trace_v3,10890,17293839968015222412,0,planning,in,82972316722848,1,/apollo/prediction,1448,0,1784453328467879725,0,72074992950445716,2,2297807,2297898
202607191727,e2e_trace_v3,10907,17293839968015222412,0,planning,out,82972351682304,1,/apollo/planning,0,1442,1784453328467879725,148,72074992950445716,2,2297807,2297898
202607191727,e2e_trace_v3,10908,17293839968015222413,0,planning,in,82972431722528,1,/apollo/prediction,1449,0,1784453328582144041,0,72074992950445717,2,2297807,2297922
202607191727,e2e_trace_v3,10925,17293839968015222413,0,planning,out,82972478778848,1,/apollo/planning,0,1443,1784453328582144041,148,72074992950445717,2,2297807,2297922
202607191727,e2e_trace_v3,10926,17293839968015222414,0,planning,in,82972536522656,1,/apollo/prediction,1450,0,1784453328695741780,0,72074992950445718,2,2297807,2297920
202607191727,e2e_trace_v3,10943,17293839968015222414,0,planning,out,82972587200256,1,/apollo/planning,0,1444,1784453328695741780,148,72074992950445718,2,2297807,2297920
202607191727,e2e_trace_v3,10944,17293839968015222415,0,planning,in,82972644931040,1,/apollo/prediction,1451,0,1784453328811536585,0,72074992950445719,2,2297807,2297924
202607191727,e2e_trace_v3,10961,17293839968015222415,0,planning,out,82972679188576,1,/apollo/planning,0,1445,1784453328811536585,146,72074992950445719,2,2297807,2297924
202607191727,e2e_trace_v3,10962,17293839968015222416,0,planning,in,82972749162432,1,/apollo/prediction,1452,0,1784453328928557509,0,72074992950445720,2,2297807,2297911
202607191727,e2e_trace_v3,10979,17293839968015222416,0,planning,out,82972778232672,1,/apollo/planning,0,1446,1784453328928557509,144,72074992950445720,2,2297807,2297911
202607191727,e2e_trace_v3,10980,17293839968015222417,0,planning,in,82972865440672,1,/apollo/prediction,1453,0,1784453329042218101,0,72074992950445721,1,2297807,2297915
202607191727,e2e_trace_v3,10997,17293839968015222417,0,planning,out,82972892782272,1,/apollo/planning,0,1447,1784453329042218101,144,72074992950445721,1,2297807,2297915
202607191727,e2e_trace_v3,10998,17293839968015222418,0,planning,in,82972973000576,1,/apollo/prediction,1454,0,1784453329154568516,0,72074992950445722,1,2297807,2297913
202607191727,e2e_trace_v3,11015,17293839968015222418,0,planning,out,82972999988384,1,/apollo/planning,0,1448,1784453329154568516,149,72074992950445722,1,2297807,2297913
202607191727,e2e_trace_v3,11016,17293839968015222419,0,planning,in,82973088068224,1,/apollo/prediction,1455,0,1784453329268010125,0,72074992950445723,2,2297807,2297904
202607191727,e2e_trace_v3,11033,17293839968015222419,0,planning,out,82973124937728,1,/apollo/planning,0,1449,1784453329268010125,143,72074992950445723,2,2297807,2297904
202607191727,e2e_trace_v3,11034,17293839968015222420,0,planning,in,82973209840224,1,/apollo/prediction,1456,0,1784453329381703284,0,72074992950445724,1,2297807,2297904
202607191727,e2e_trace_v3,11051,17293839968015222420,0,planning,out,82973238588384,1,/apollo/planning,0,1450,1784453329381703284,144,72074992950445724,1,2297807,2297904
202607191727,e2e_trace_v3,11052,17293839968015222421,0,planning,in,82973323448576,1,/apollo/prediction,1457,0,1784453329494993310,0,72074992950445725,2,2297807,2297904
202607191727,e2e_trace_v3,11069,17293839968015222421,0,planning,out,82973350948864,1,/apollo/planning,0,1451,1784453329494993310,144,72074992950445725,2,2297807,2297904
202607191727,e2e_trace_v3,11070,17293839968015222422,0,planning,in,82973434043360,1,/apollo/prediction,1458,0,1784453329609336052,0,72074992950445726,2,2297807,2297913
202607191727,e2e_trace_v3,11087,17293839968015222422,0,planning,out,82973477896704,1,/apollo/planning,0,1452,1784453329609336052,143,72074992950445726,2,2297807,2297913
202607191727,e2e_trace_v3,11088,17293839968015222423,0,planning,in,82973552405696,1,/apollo/prediction,1459,0,1784453329721432135,0,72074992950445727,2,2297807,2297918
202607191727,e2e_trace_v3,11105,17293839968015222423,0,planning,out,82973580323392,1,/apollo/planning,0,1453,1784453329721432135,145,72074992950445727,2,2297807,2297918
202607191727,e2e_trace_v3,11106,17293839968015222424,0,planning,in,82973673936128,1,/apollo/prediction,1460,0,1784453329835554187,0,72074992950445728,2,2297807,2297900
202607191727,e2e_trace_v3,11123,17293839968015222424,0,planning,out,82973703795936,1,/apollo/planning,0,1454,1784453329835554187,146,72074992950445728,2,2297807,2297900
202607191727,e2e_trace_v3,11124,17293839968015222425,0,planning,in,82973793430080,1,/apollo/prediction,1461,0,1784453329951195360,0,72074992950445729,1,2297807,2297900
202607191727,e2e_trace_v3,11141,17293839968015222425,0,planning,out,82973820798912,1,/apollo/planning,0,1455,1784453329951195360,148,72074992950445729,1,2297807,2297900
202607191727,e2e_trace_v3,11142,17293839968015222426,0,planning,in,82973911684992,1,/apollo/prediction,1462,0,1784453330071552371,0,72074992950445730,1,2297807,2297906
202607191727,e2e_trace_v3,11159,17293839968015222426,0,planning,out,82973939990656,1,/apollo/planning,0,1456,1784453330071552371,149,72074992950445730,1,2297807,2297906
202607191727,e2e_trace_v3,11160,17293839968015222427,0,planning,in,82974000323872,1,/apollo/prediction,1463,0,1784453330182742892,0,72074992950445731,2,2297807,2297904
202607191727,e2e_trace_v3,11177,17293839968015222427,0,planning,out,82974028907488,1,/apollo/planning,0,1457,1784453330182742892,111,72074992950445731,2,2297807,2297904
202607191727,e2e_trace_v3,11178,17293839968015222428,0,planning,in,82974148256928,1,/apollo/prediction,1464,0,1784453330294054031,0,72074992950445732,2,2297807,2297909
202607191727,e2e_trace_v3,11195,17293839968015222428,0,planning,out,82974182198400,1,/apollo/planning,0,1458,1784453330294054031,119,72074992950445732,2,2297807,2297909
202607191727,e2e_trace_v3,11196,17293839968015222429,0,planning,in,82974256314336,1,/apollo/prediction,1465,0,1784453330418823443,0,72074992950445733,2,2297807,2297902
202607191727,e2e_trace_v3,11213,17293839968015222429,0,planning,out,82974281537312,1,/apollo/planning,0,1459,1784453330418823443,124,72074992950445733,2,2297807,2297902
202607191727,e2e_trace_v3,11214,17293839968015222430,0,planning,in,82974379292032,1,/apollo/prediction,1466,0,1784453330533283963,0,72074992950445734,2,2297807,2297925
202607191727,e2e_trace_v3,11231,17293839968015222430,0,planning,out,82974421037184,1,/apollo/planning,0,1460,1784453330533283963,130,72074992950445734,2,2297807,2297925
202607191727,e2e_trace_v3,11232,17293839968015222431,0,planning,in,82974500427840,1,/apollo/prediction,1467,0,1784453330645323204,0,72074992950445735,2,2297807,2297918
202607191727,e2e_trace_v3,11249,17293839968015222431,0,planning,out,82974544224896,1,/apollo/planning,0,1461,1784453330645323204,136,72074992950445735,2,2297807,2297918
202607191727,e2e_trace_v3,11250,17293839968015222432,0,planning,in,82974613005568,1,/apollo/prediction,1468,0,1784453330762616762,0,72074992950445736,2,2297807,2297909
202607191727,e2e_trace_v3,11267,17293839968015222432,0,planning,out,82974645809792,1,/apollo/planning,0,1462,1784453330762616762,136,72074992950445736,2,2297807,2297909
202607191727,e2e_trace_v3,11268,17293839968015222433,0,planning,in,82974725857856,1,/apollo/prediction,1469,0,1784453330878695857,0,72074992950445737,2,2297807,2297908
202607191727,e2e_trace_v3,11285,17293839968015222433,0,planning,out,82974756941120,1,/apollo/planning,0,1463,1784453330878695857,136,72074992950445737,2,2297807,2297908
202607191727,e2e_trace_v3,11286,17293839968015222434,0,planning,in,82974820305952,1,/apollo/prediction,1470,0,1784453330990348877,0,72074992950445738,2,2297807,2297911
202607191727,e2e_trace_v3,11303,17293839968015222434,0,planning,out,82974854843456,1,/apollo/planning,0,1464,1784453330990348877,136,72074992950445738,2,2297807,2297911
202607191727,e2e_trace_v3,11304,17293839968015222435,0,planning,in,82974929840608,1,/apollo/prediction,1471,0,1784453331102471412,0,72074992950445739,2,2297807,2297913
202607191727,e2e_trace_v3,11321,17293839968015222435,0,planning,out,82974956172576,1,/apollo/planning,0,1465,1784453331102471412,137,72074992950445739,2,2297807,2297913
202607191727,e2e_trace_v3,11322,17293839968015222436,0,planning,in,82975062410592,1,/apollo/prediction,1472,0,1784453331214352714,0,72074992950445740,2,2297807,2297925
202607191727,e2e_trace_v3,11339,17293839968015222436,0,planning,out,82975097510784,1,/apollo/planning,0,1466,1784453331214352714,138,72074992950445740,2,2297807,2297925
202607191727,e2e_trace_v3,11340,17293839968015222437,0,planning,in,82975192748352,1,/apollo/prediction,1473,0,1784453331351539650,0,72074992950445741,2,2297807,2297904
202607191727,e2e_trace_v3,11357,17293839968015222437,0,planning,out,82975219978976,1,/apollo/planning,0,1467,1784453331351539650,136,72074992950445741,2,2297807,2297904
202607191727,e2e_trace_v3,11358,17293839968015222438,0,planning,in,82975308404480,1,/apollo/prediction,1474,0,1784453331469958162,0,72074992950445742,2,2297807,2297904
202607191727,e2e_trace_v3,11375,17293839968015222438,0,planning,out,82975334569504,1,/apollo/planning,0,1468,1784453331469958162,136,72074992950445742,2,2297807,2297904
202607191727,e2e_trace_v3,11376,17293839968015222439,0,planning,in,82975430475616,1,/apollo/prediction,1475,0,1784453331582554985,0,72074992950445743,2,2297807,2297904
202607191727,e2e_trace_v3,11393,17293839968015222439,0,planning,out,82975456062592,1,/apollo/planning,0,1469,1784453331582554985,136,72074992950445743,2,2297807,2297904
202607191727,e2e_trace_v3,11394,17293839968015222440,0,planning,in,82975555197600,1,/apollo/prediction,1476,0,1784453331691772541,0,72074992950445744,2,2297807,2297904
202607191727,e2e_trace_v3,11411,17293839968015222440,0,planning,out,82975582236032,1,/apollo/planning,0,1470,1784453331691772541,138,72074992950445744,2,2297807,2297904
202607191727,e2e_trace_v3,11412,17293839968015222441,0,planning,in,82975656070752,1,/apollo/prediction,1477,0,1784453331804567081,0,72074992950445745,2,2297807,2297918
202607191727,e2e_trace_v3,11429,17293839968015222441,0,planning,out,82975685879008,1,/apollo/planning,0,1471,1784453331804567081,140,72074992950445745,2,2297807,2297918
202607191727,e2e_trace_v3,11430,17293839968015222442,0,planning,in,82975757121696,1,/apollo/prediction,1478,0,1784453331920012919,0,72074992950445746,2,2297807,2297924
202607191727,e2e_trace_v3,11447,17293839968015222442,0,planning,out,82975782860768,1,/apollo/planning,0,1472,1784453331920012919,141,72074992950445746,2,2297807,2297924
202607191727,e2e_trace_v3,11448,17293839968015222443,0,planning,in,82975876564352,1,/apollo/prediction,1479,0,1784453332031547839,0,72074992950445747,2,2297807,2297924
202607191727,e2e_trace_v3,11465,17293839968015222443,0,planning,out,82975905788704,1,/apollo/planning,0,1473,1784453332031547839,144,72074992950445747,2,2297807,2297924
202607191727,e2e_trace_v3,11466,17293839968015222444,0,planning,in,82975983816096,1,/apollo/prediction,1480,0,1784453332142448955,0,72074992950445748,2,2297807,2297924
202607191727,e2e_trace_v3,11483,17293839968015222444,0,planning,out,82976010946720,1,/apollo/planning,0,1474,1784453332142448955,147,72074992950445748,2,2297807,2297924
202607191727,e2e_trace_v3,11484,17293839968015222445,0,planning,in,82976088620832,1,/apollo/prediction,1481,0,1784453332253134147,0,72074992950445749,2,2297807,2297925
202607191727,e2e_trace_v3,11501,17293839968015222445,0,planning,out,82976125194560,1,/apollo/planning,0,1475,1784453332253134147,149,72074992950445749,2,2297807,2297925
202607191727,e2e_trace_v3,11502,17293839968015222446,0,planning,in,82976218082016,1,/apollo/prediction,1482,0,1784453332368994309,0,72074992950445750,2,2297807,2297898
202607191727,e2e_trace_v3,11519,17293839968015222446,0,planning,out,82976248653152,1,/apollo/planning,0,1476,1784453332368994309,111,72074992950445750,2,2297807,2297898
202607191727,e2e_trace_v3,11520,17293839968015222447,0,planning,in,82976312945920,1,/apollo/prediction,1483,0,1784453332476661168,0,72074992950445751,2,2297807,2297908
202607191727,e2e_trace_v3,11537,17293839968015222447,0,planning,out,82976343174848,1,/apollo/planning,0,1477,1784453332476661168,111,72074992950445751,2,2297807,2297908
202607191727,e2e_trace_v3,11538,17293839968015222448,0,planning,in,82976434486752,1,/apollo/prediction,1484,0,1784453332587847291,0,72074992950445752,2,2297807,2297902
202607191727,e2e_trace_v3,11555,17293839968015222448,0,planning,out,82976482597408,1,/apollo/planning,0,1478,1784453332587847291,118,72074992950445752,2,2297807,2297902
202607191727,e2e_trace_v3,11556,17293839968015222449,0,planning,in,82976556670304,1,/apollo/prediction,1485,0,1784453332705410899,0,72074992950445753,2,2297807,2297911
202607191727,e2e_trace_v3,11573,17293839968015222449,0,planning,out,82976587448512,1,/apollo/planning,0,1479,1784453332705410899,124,72074992950445753,2,2297807,2297911
202607191727,e2e_trace_v3,11574,17293839968015222450,0,planning,in,82976663618208,1,/apollo/prediction,1486,0,1784453332815475353,0,72074992950445754,1,2297807,2297909
202607191727,e2e_trace_v3,11591,17293839968015222450,0,planning,out,82976693202368,1,/apollo/planning,0,1480,1784453332815475353,129,72074992950445754,1,2297807,2297909
202607191727,e2e_trace_v3,11592,17293839968015222451,0,planning,in,82976788837440,1,/apollo/prediction,1487,0,1784453332924674830,0,72074992950445755,2,2297807,2297908
202607191727,e2e_trace_v3,11609,17293839968015222451,0,planning,out,82976818531744,1,/apollo/planning,0,1481,1784453332924674830,135,72074992950445755,2,2297807,2297908
202607191727,e2e_trace_v3,11610,17293839968015222452,0,planning,in,82976879482848,1,/apollo/prediction,1488,0,1784453333039494874,0,72074992950445756,2,2297807,2297915
202607191727,e2e_trace_v3,11627,17293839968015222452,0,planning,out,82976919663072,1,/apollo/planning,0,1482,1784453333039494874,136,72074992950445756,2,2297807,2297915
202607191727,e2e_trace_v3,11628,17293839968015222453,0,planning,in,82977016215008,1,/apollo/prediction,1489,0,1784453333151575639,0,72074992950445757,2,2297807,2297896
202607191727,e2e_trace_v3,11645,17293839968015222453,0,planning,out,82977044852960,1,/apollo/planning,0,1483,1784453333151575639,136,72074992950445757,2,2297807,2297896
202607191727,e2e_trace_v3,11646,17293839968015222454,0,planning,in,82977108595744,1,/apollo/prediction,1490,0,1784453333263337634,0,72074992950445758,2,2297807,2297902
202607191727,e2e_trace_v3,11663,17293839968015222454,0,planning,out,82977136364288,1,/apollo/planning,0,1484,1784453333263337634,136,72074992950445758,2,2297807,2297902
202607191727,e2e_trace_v3,11664,17293839968015222455,0,planning,in,82977242503616,1,/apollo/prediction,1491,0,1784453333401897127,0,72074992950445759,2,2297807,2297924
202607191727,e2e_trace_v3,11681,17293839968015222455,0,planning,out,82977273404128,1,/apollo/planning,0,1485,1784453333401897127,136,72074992950445759,2,2297807,2297924
202607191727,e2e_trace_v3,11682,17293839968015222456,0,planning,in,82977367104800,1,/apollo/prediction,1492,0,1784453333509383166,0,72074992950445760,2,2297807,2297924
202607191727,e2e_trace_v3,11699,17293839968015222456,0,planning,out,82977397491072,1,/apollo/planning,0,1486,1784453333509383166,136,72074992950445760,2,2297807,2297924
202607191727,e2e_trace_v3,11700,17293839968015222457,0,planning,in,82977478143968,1,/apollo/prediction,1493,0,1784453333619855105,0,72074992950445761,2,2297807,2297924
202607191727,e2e_trace_v3,11717,17293839968015222457,0,planning,out,82977506209920,1,/apollo/planning,0,1487,1784453333619855105,136,72074992950445761,2,2297807,2297924
202607191727,e2e_trace_v3,11718,17293839968015222458,0,planning,in,82977569469760,1,/apollo/prediction,1494,0,1784453333736807598,0,72074992950445762,2,2297807,2297920
202607191727,e2e_trace_v3,11735,17293839968015222458,0,planning,out,82977599090880,1,/apollo/planning,0,1488,1784453333736807598,136,72074992950445762,2,2297807,2297920
202607191727,e2e_trace_v3,11736,17293839968015222459,0,planning,in,82977700112224,1,/apollo/prediction,1495,0,1784453333846393280,0,72074992950445763,2,2297807,2297915
202607191727,e2e_trace_v3,11753,17293839968015222459,0,planning,out,82977744601824,1,/apollo/planning,0,1489,1784453333846393280,136,72074992950445763,2,2297807,2297915
202607191727,e2e_trace_v3,11754,17293839968015222460,0,planning,in,82977794368256,1,/apollo/prediction,1496,0,1784453333955852687,0,72074992950445764,1,2297807,2297922
202607191727,e2e_trace_v3,11771,17293839968015222460,0,planning,out,82977824996224,1,/apollo/planning,0,1490,1784453333955852687,136,72074992950445764,1,2297807,2297922
202607191727,e2e_trace_v3,11772,17293839968015222461,0,planning,in,82977906181120,1,/apollo/prediction,1497,0,1784453334063838749,0,72074992950445765,2,2297807,2297924
202607191727,e2e_trace_v3,11789,17293839968015222461,0,planning,out,82977936139840,1,/apollo/planning,0,1491,1784453334063838749,136,72074992950445765,2,2297807,2297924
202607191727,e2e_trace_v3,11790,17293839968015222462,0,planning,in,82978044498848,1,/apollo/prediction,1498,0,1784453334172738806,0,72074992950445766,2,2297807,2297918
202607191727,e2e_trace_v3,11807,17293839968015222462,0,planning,out,82978073227808,1,/apollo/planning,0,1492,1784453334172738806,136,72074992950445766,2,2297807,2297918
202607191727,e2e_trace_v3,11808,17293839968015222463,0,planning,in,82978135535552,1,/apollo/prediction,1499,0,1784453334306119205,0,72074992950445767,2,2297807,2297925
202607191727,e2e_trace_v3,11825,17293839968015222463,0,planning,out,82978167015904,1,/apollo/planning,0,1493,1784453334306119205,137,72074992950445767,2,2297807,2297925
202607191727,e2e_trace_v3,11826,17293839968015222464,0,planning,in,82978266029312,1,/apollo/prediction,1500,0,1784453334414458790,0,72074992950445768,2,2297807,2297925
202607191727,e2e_trace_v3,11843,17293839968015222464,0,planning,out,82978297001536,1,/apollo/planning,0,1494,1784453334414458790,139,72074992950445768,2,2297807,2297925
202607191727,e2e_trace_v3,11844,17293839968015222465,0,planning,in,82978369749792,1,/apollo/prediction,1501,0,1784453334524018709,0,72074992950445769,2,2297807,2297924
202607191727,e2e_trace_v3,11861,17293839968015222465,0,planning,out,82978403363648,1,/apollo/planning,0,1495,1784453334524018709,141,72074992950445769,2,2297807,2297924
202607191727,e2e_trace_v3,11862,17293839968015222466,0,planning,in,82978520248320,1,/apollo/prediction,1502,0,1784453334638542194,0,72074992950445770,2,2297807,2297918
202607191727,e2e_trace_v3,11879,17293839968015222466,0,planning,out,82978556728640,1,/apollo/planning,0,1496,1784453334638542194,146,72074992950445770,2,2297807,2297918
202607191727,e2e_trace_v3,11880,17293839968015222467,0,planning,in,82978616001824,1,/apollo/prediction,1503,0,1784453334764193827,0,72074992950445771,2,2297807,2297911
202607191727,e2e_trace_v3,11897,17293839968015222467,0,planning,out,82978666616864,1,/apollo/planning,0,1497,1784453334764193827,148,72074992950445771,2,2297807,2297911
202607191727,e2e_trace_v3,11898,17293839968015222468,0,planning,in,82978724943648,1,/apollo/prediction,1504,0,1784453334875212902,0,72074992950445772,2,2297807,2297925
202607191727,e2e_trace_v3,11915,17293839968015222468,0,planning,out,82978763643008,1,/apollo/planning,0,1498,1784453334875212902,111,72074992950445772,2,2297807,2297925
202607191727,e2e_trace_v3,11916,17293839968015222469,0,planning,in,82978820638176,1,/apollo/prediction,1505,0,1784453334987716337,0,72074992950445773,2,2297807,2297904
202607191727,e2e_trace_v3,11933,17293839968015222469,0,planning,out,82978850215808,1,/apollo/planning,0,1499,1784453334987716337,111,72074992950445773,2,2297807,2297904
202607191727,e2e_trace_v3,11934,17293839968015222470,0,planning,in,82978948733888,1,/apollo/prediction,1506,0,1784453335097339631,0,72074992950445774,2,2297807,2297906
202607191727,e2e_trace_v3,11951,17293839968015222470,0,planning,out,82978983380416,1,/apollo/planning,0,1500,1784453335097339631,118,72074992950445774,2,2297807,2297906
202607191727,e2e_trace_v3,11952,17293839968015222471,0,planning,in,82979062026400,1,/apollo/prediction,1507,0,1784453335210618138,0,72074992950445775,2,2297807,2297906
202607191727,e2e_trace_v3,11969,17293839968015222471,0,planning,out,82979093874464,1,/apollo/planning,0,1501,1784453335210618138,124,72074992950445775,2,2297807,2297906
202607191727,e2e_trace_v3,11970,17293839968015222472,0,planning,in,82979165794784,1,/apollo/prediction,1508,0,1784453335327586382,0,72074992950445776,2,2297807,2297913
202607191727,e2e_trace_v3,11987,17293839968015222472,0,planning,out,82979202123648,1,/apollo/planning,0,1502,1784453335327586382,129,72074992950445776,2,2297807,2297913
202607191727,e2e_trace_v3,11988,17293839968015222473,0,planning,in,82979287960288,1,/apollo/prediction,1509,0,1784453335455031111,0,72074992950445777,1,2297807,2297896
202607191727,e2e_trace_v3,12005,17293839968015222473,0,planning,out,82979322185984,1,/apollo/planning,0,1503,1784453335455031111,135,72074992950445777,1,2297807,2297896
202607191727,e2e_trace_v3,12006,17293839968015222474,0,planning,in,82979380249792,1,/apollo/prediction,1510,0,1784453335563759379,0,72074992950445778,2,2297807,2297922
202607191727,e2e_trace_v3,12023,17293839968015222474,0,planning,out,82979422461216,1,/apollo/planning,0,1504,1784453335563759379,136,72074992950445778,2,2297807,2297922
202607191727,e2e_trace_v3,12024,17293839968015222475,0,planning,in,82979508301952,1,/apollo/prediction,1511,0,1784453335671564119,0,72074992950445779,2,2297807,2297915
202607191727,e2e_trace_v3,12041,17293839968015222475,0,planning,out,82979549305856,1,/apollo/planning,0,1505,1784453335671564119,136,72074992950445779,2,2297807,2297915
202607191727,e2e_trace_v3,12042,17293839968015222476,0,planning,in,82979624805920,1,/apollo/prediction,1512,0,1784453335781215791,0,72074992950445780,2,2297807,2297904
202607191727,e2e_trace_v3,12059,17293839968015222476,0,planning,out,82979657838912,1,/apollo/planning,0,1506,1784453335781215791,136,72074992950445780,2,2297807,2297904
202607191727,e2e_trace_v3,12060,17293839968015222477,0,planning,in,82979740777760,1,/apollo/prediction,1513,0,1784453335890867436,0,72074992950445781,2,2297807,2297904
202607191727,e2e_trace_v3,12077,17293839968015222477,0,planning,out,82979767643200,1,/apollo/planning,0,1507,1784453335890867436,136,72074992950445781,2,2297807,2297904
202607191727,e2e_trace_v3,12078,17293839968015222478,0,planning,in,82979856246752,1,/apollo/prediction,1514,0,1784453336005717154,0,72074992950445782,2,2297807,2297911
202607191727,e2e_trace_v3,12095,17293839968015222478,0,planning,out,82979899905088,1,/apollo/planning,0,1508,1784453336005717154,136,72074992950445782,2,2297807,2297911
202607191727,e2e_trace_v3,12096,17293839968015222479,0,planning,in,82979964977344,1,/apollo/prediction,1515,0,1784453336117703143,0,72074992950445783,2,2297807,2297924
202607191727,e2e_trace_v3,12113,17293839968015222479,0,planning,out,82979993176544,1,/apollo/planning,0,1509,1784453336117703143,136,72074992950445783,2,2297807,2297924
202607191727,e2e_trace_v3,12114,17293839968015222480,0,planning,in,82980064445088,1,/apollo/prediction,1516,0,1784453336230753438,0,72074992950445784,2,2297807,2297904
202607191727,e2e_trace_v3,12131,17293839968015222480,0,planning,out,82980091733952,1,/apollo/planning,0,1510,1784453336230753438,136,72074992950445784,2,2297807,2297904
202607191727,e2e_trace_v3,12132,17293839968015222481,0,planning,in,82980164328608,1,/apollo/prediction,1517,0,1784453336343018873,0,72074992950445785,1,2297807,2297915
202607191727,e2e_trace_v3,12149,17293839968015222481,0,planning,out,82980209946112,1,/apollo/planning,0,1511,1784453336343018873,136,72074992950445785,1,2297807,2297915
202607191727,e2e_trace_v3,12150,17293839968015222482,0,planning,in,82980272560992,1,/apollo/prediction,1518,0,1784453336454940422,0,72074992950445786,2,2297807,2297920
202607191727,e2e_trace_v3,12167,17293839968015222482,0,planning,out,82980314308128,1,/apollo/planning,0,1512,1784453336454940422,136,72074992950445786,2,2297807,2297920
202607191727,e2e_trace_v3,12168,17293839968015222483,0,planning,in,82980404736512,1,/apollo/prediction,1519,0,1784453336564161701,0,72074992950445787,2,2297807,2297920
202607191727,e2e_trace_v3,12185,17293839968015222483,0,planning,out,82980435210304,1,/apollo/planning,0,1513,1784453336564161701,140,72074992950445787,2,2297807,2297920
202607191727,e2e_trace_v3,12186,17293839968015222484,0,planning,in,82980508144576,1,/apollo/prediction,1520,0,1784453336672365007,0,72074992950445788,2,2297807,2297913
202607191727,e2e_trace_v3,12203,17293839968015222484,0,planning,out,82980557627264,1,/apollo/planning,0,1514,1784453336672365007,141,72074992950445788,2,2297807,2297913
202607191727,e2e_trace_v3,12204,17293839968015222485,0,planning,in,82980646832352,1,/apollo/prediction,1521,0,1784453336782483565,0,72074992950445789,2,2297807,2297915
202607191727,e2e_trace_v3,12221,17293839968015222485,0,planning,out,82980682302528,1,/apollo/planning,0,1515,1784453336782483565,144,72074992950445789,2,2297807,2297915
202607191727,e2e_trace_v3,12222,17293839968015222486,0,planning,in,82980746542784,1,/apollo/prediction,1522,0,1784453336902973857,0,72074992950445790,2,2297807,2297908
202607191727,e2e_trace_v3,12239,17293839968015222486,0,planning,out,82980777111040,1,/apollo/planning,0,1516,1784453336902973857,145,72074992950445790,2,2297807,2297908
202607191727,e2e_trace_v3,12240,17293839968015222487,0,planning,in,82980858552192,1,/apollo/prediction,1523,0,1784453337018204203,1,72074992950445791,1,2297807,2297908
202607191727,e2e_trace_v3,12257,17293839968015222487,0,planning,out,82980888227456,1,/apollo/planning,0,1517,1784453337018204203,146,72074992950445791,1,2297807,2297908
202607191727,e2e_trace_v3,12258,17293839968015222488,0,planning,in,82980955854176,1,/apollo/prediction,1524,0,1784453337128985799,0,72074992950445792,2,2297807,2297909
202607191727,e2e_trace_v3,12275,17293839968015222488,0,planning,out,82980994988736,1,/apollo/planning,0,1518,1784453337128985799,146,72074992950445792,2,2297807,2297909
202607191727,e2e_trace_v3,12276,17293839968015222489,0,planning,in,82981080571200,1,/apollo/prediction,1525,0,1784453337238371390,0,72074992950445793,2,2297807,2297924
202607191727,e2e_trace_v3,12293,17293839968015222489,0,planning,out,82981115341440,1,/apollo/planning,0,1519,1784453337238371390,111,72074992950445793,2,2297807,2297924
202607191727,e2e_trace_v3,12294,17293839968015222490,0,planning,in,82981176472576,1,/apollo/prediction,1526,0,1784453337357823731,0,72074992950445794,1,2297807,2297922
202607191727,e2e_trace_v3,12311,17293839968015222490,0,planning,out,82981205038048,1,/apollo/planning,0,1520,1784453337357823731,111,72074992950445794,1,2297807,2297922
202607191727,e2e_trace_v3,12312,17293839968015222491,0,planning,in,82981298741792,1,/apollo/prediction,1527,0,1784453337470399513,0,72074992950445795,2,2297807,2297896
202607191727,e2e_trace_v3,12329,17293839968015222491,0,planning,out,82981328548096,1,/apollo/planning,0,1521,1784453337470399513,118,72074992950445795,2,2297807,2297896
202607191727,e2e_trace_v3,12330,17293839968015222492,0,planning,in,82981410270880,1,/apollo/prediction,1528,0,1784453337582626376,0,72074992950445796,2,2297807,2297896
202607191727,e2e_trace_v3,12347,17293839968015222492,0,planning,out,82981440545056,1,/apollo/planning,0,1522,1784453337582626376,123,72074992950445796,2,2297807,2297896
202607191727,e2e_trace_v3,12348,17293839968015222493,0,planning,in,82981516935968,1,/apollo/prediction,1529,0,1784453337692511079,0,72074992950445797,2,2297807,2297900
202607191727,e2e_trace_v3,12365,17293839968015222493,0,planning,out,82981562938336,1,/apollo/planning,0,1523,1784453337692511079,129,72074992950445797,2,2297807,2297900
202607191727,e2e_trace_v3,12366,17293839968015222494,0,planning,in,82981632039296,1,/apollo/prediction,1530,0,1784453337801648514,0,72074992950445798,2,2297807,2297924
202607191727,e2e_trace_v3,12383,17293839968015222494,0,planning,out,82981661953536,1,/apollo/planning,0,1524,1784453337801648514,134,72074992950445798,2,2297807,2297924
202607191727,e2e_trace_v3,12384,17293839968015222495,0,planning,in,82981750300512,1,/apollo/prediction,1531,0,1784453337913478311,0,72074992950445799,2,2297807,2297924
202607191727,e2e_trace_v3,12401,17293839968015222495,0,planning,out,82981779382240,1,/apollo/planning,0,1525,1784453337913478311,137,72074992950445799,2,2297807,2297924
202607191727,e2e_trace_v3,12402,17293839968015222496,0,planning,in,82981863297472,1,/apollo/prediction,1532,0,1784453338034928885,0,72074992950445800,2,2297807,2297904
202607191727,e2e_trace_v3,12419,17293839968015222496,0,planning,out,82981895726848,1,/apollo/planning,0,1526,1784453338034928885,137,72074992950445800,2,2297807,2297904
202607191727,e2e_trace_v3,12420,17293839968015222497,0,planning,in,82981988455936,1,/apollo/prediction,1533,0,1784453338145491057,0,72074992950445801,2,2297807,2297904
202607191727,e2e_trace_v3,12437,17293839968015222497,0,planning,out,82982016185408,1,/apollo/planning,0,1527,1784453338145491057,137,72074992950445801,2,2297807,2297904
202607191727,e2e_trace_v3,12438,17293839968015222498,0,planning,in,82982102898816,1,/apollo/prediction,1534,0,1784453338260924342,0,72074992950445802,2,2297807,2297904
202607191727,e2e_trace_v3,12455,17293839968015222498,0,planning,out,82982130482432,1,/apollo/planning,0,1528,1784453338260924342,138,72074992950445802,2,2297807,2297904
202607191727,e2e_trace_v3,12456,17293839968015222499,0,planning,in,82982198045312,1,/apollo/prediction,1535,0,1784453338370646078,0,72074992950445803,2,2297807,2297902
202607191727,e2e_trace_v3,12473,17293839968015222499,0,planning,out,82982230764480,1,/apollo/planning,0,1529,1784453338370646078,137,72074992950445803,2,2297807,2297902
202607191727,e2e_trace_v3,12474,17293839968015222500,0,planning,in,82982303806688,1,/apollo/prediction,1536,0,1784453338485798269,0,72074992950445804,2,2297807,2297906
202607191727,e2e_trace_v3,12491,17293839968015222500,0,planning,out,82982337951264,1,/apollo/planning,0,1530,1784453338485798269,136,72074992950445804,2,2297807,2297906
202607191727,e2e_trace_v3,12492,17293839968015222501,0,planning,in,82982415680416,1,/apollo/prediction,1537,0,1784453338598089156,0,72074992950445805,2,2297807,2297913
202607191727,e2e_trace_v3,12509,17293839968015222501,0,planning,out,82982458184288,1,/apollo/planning,0,1531,1784453338598089156,137,72074992950445805,2,2297807,2297913
202607191727,e2e_trace_v3,12510,17293839968015222502,0,planning,in,82982539025184,1,/apollo/prediction,1538,0,1784453338707425850,0,72074992950445806,2,2297807,2297922
202607191727,e2e_trace_v3,12527,17293839968015222502,0,planning,out,82982580789472,1,/apollo/planning,0,1532,1784453338707425850,140,72074992950445806,2,2297807,2297922
202607191727,e2e_trace_v3,12528,17293839968015222503,0,planning,in,82982643270784,1,/apollo/prediction,1539,0,1784453338817592122,0,72074992950445807,2,2297807,2297896
202607191727,e2e_trace_v3,12545,17293839968015222503,0,planning,out,82982688454816,1,/apollo/planning,0,1533,1784453338817592122,141,72074992950445807,2,2297807,2297896
202607191727,e2e_trace_v3,12546,17293839968015222504,0,planning,in,82982774711168,1,/apollo/prediction,1540,0,1784453338927622123,0,72074992950445808,2,2297807,2297920
202607191727,e2e_trace_v3,12563,17293839968015222504,0,planning,out,82982815862560,1,/apollo/planning,0,1534,1784453338927622123,143,72074992950445808,2,2297807,2297920
202607191727,e2e_trace_v3,12564,17293839968015222505,0,planning,in,82982868989088,1,/apollo/prediction,1541,0,1784453339040821483,0,72074992950445809,2,2297807,2297902
202607191727,e2e_trace_v3,12581,17293839968015222505,0,planning,out,82982909651040,1,/apollo/planning,0,1535,1784453339040821483,144,72074992950445809,2,2297807,2297902
202607191727,e2e_trace_v3,12582,17293839968015222506,0,planning,in,82982990660704,1,/apollo/prediction,1542,0,1784453339152520137,0,72074992950445810,2,2297807,2297900
202607191727,e2e_trace_v3,12599,17293839968015222506,0,planning,out,82983032875520,1,/apollo/planning,0,1536,1784453339152520137,146,72074992950445810,2,2297807,2297900
202607191727,e2e_trace_v3,12600,17293839968015222507,0,planning,in,82983100350336,1,/apollo/prediction,1543,0,1784453339260509307,0,72074992950445811,2,2297807,2297920
202607191727,e2e_trace_v3,12617,17293839968015222507,0,planning,out,82983134381184,1,/apollo/planning,0,1537,1784453339260509307,111,72074992950445811,2,2297807,2297920
202607191727,e2e_trace_v3,12618,17293839968015222508,0,planning,in,82983189669792,1,/apollo/prediction,1544,0,1784453339367022213,0,72074992950445812,2,2297807,2297915
202607191727,e2e_trace_v3,12635,17293839968015222508,0,planning,out,82983219704896,1,/apollo/planning,0,1538,1784453339367022213,111,72074992950445812,2,2297807,2297915
202607191727,e2e_trace_v3,12636,17293839968015222509,0,planning,in,82983301883776,1,/apollo/prediction,1545,0,1784453339473994615,0,72074992950445813,1,2297807,2297913
202607191727,e2e_trace_v3,12653,17293839968015222509,0,planning,out,82983335725984,1,/apollo/planning,0,1539,1784453339473994615,117,72074992950445813,1,2297807,2297913
202607191727,e2e_trace_v3,12654,17293839968015222510,0,planning,in,82983415723872,1,/apollo/prediction,1546,0,1784453339587892811,0,72074992950445814,2,2297807,2297922
202607191727,e2e_trace_v3,12671,17293839968015222510,0,planning,out,82983446658912,1,/apollo/planning,0,1540,1784453339587892811,123,72074992950445814,2,2297807,2297922
202607191727,e2e_trace_v3,12672,17293839968015222511,0,planning,in,82983564693472,1,/apollo/prediction,1547,0,1784453339699178242,0,72074992950445815,2,2297807,2297904
202607191727,e2e_trace_v3,12689,17293839968015222511,0,planning,out,82983613358048,1,/apollo/planning,0,1541,1784453339699178242,130,72074992950445815,2,2297807,2297904
202607191727,e2e_trace_v3,12690,17293839968015222512,0,planning,in,82983677132608,1,/apollo/prediction,1548,0,1784453339827135137,0,72074992950445816,2,2297807,2297915
202607191727,e2e_trace_v3,12707,17293839968015222512,0,planning,out,82983709316352,1,/apollo/planning,0,1542,1784453339827135137,136,72074992950445816,2,2297807,2297915
202607191727,e2e_trace_v3,12708,17293839968015222513,0,planning,in,82983787034848,1,/apollo/prediction,1549,0,1784453339936307124,0,72074992950445817,2,2297807,2297898
202607191727,e2e_trace_v3,12725,17293839968015222513,0,planning,out,82983822937376,1,/apollo/planning,0,1543,1784453339936307124,137,72074992950445817,2,2297807,2297898
202607191727,e2e_trace_v3,12726,17293839968015222514,0,planning,in,82983892112640,1,/apollo/prediction,1550,0,1784453340073043256,0,72074992950445818,2,2297807,2297909
202607191727,e2e_trace_v3,12743,17293839968015222514,0,planning,out,82983942612960,1,/apollo/planning,0,1544,1784453340073043256,136,72074992950445818,2,2297807,2297909
202607191727,e2e_trace_v3,12744,17293839968015222515,0,planning,in,82984024600096,1,/apollo/prediction,1551,0,1784453340180279676,0,72074992950445819,2,2297807,2297924
202607191727,e2e_trace_v3,12761,17293839968015222515,0,planning,out,82984062194336,1,/apollo/planning,0,1545,1784453340180279676,138,72074992950445819,2,2297807,2297924
202607191727,e2e_trace_v3,12762,17293839968015222516,0,planning,in,82984120752768,1,/apollo/prediction,1552,0,1784453340296567530,0,72074992950445820,2,2297807,2297904
202607191727,e2e_trace_v3,12779,17293839968015222516,0,planning,out,82984154852064,1,/apollo/planning,0,1546,1784453340296567530,137,72074992950445820,2,2297807,2297904
202607191727,e2e_trace_v3,12780,17293839968015222517,0,planning,in,82984230262944,1,/apollo/prediction,1553,0,1784453340407322666,0,72074992950445821,2,2297807,2297913
202607191727,e2e_trace_v3,12797,17293839968015222517,0,planning,out,82984269237216,1,/apollo/planning,0,1547,1784453340407322666,138,72074992950445821,2,2297807,2297913
202607191727,e2e_trace_v3,12798,17293839968015222518,0,planning,in,82984331882336,1,/apollo/prediction,1554,0,1784453340516596592,0,72074992950445822,2,2297807,2297915
202607191727,e2e_trace_v3,12815,17293839968015222518,0,planning,out,82984359571936,1,/apollo/planning,0,1548,1784453340516596592,143,72074992950445822,2,2297807,2297915
202607191727,e2e_trace_v3,12816,17293839968015222519,0,planning,in,82984456705376,1,/apollo/prediction,1555,0,1784453340628747525,0,72074992950445823,2,2297807,2297915
202607191727,e2e_trace_v3,12833,17293839968015222519,0,planning,out,82984486068128,1,/apollo/planning,0,1549,1784453340628747525,139,72074992950445823,2,2297807,2297915
202607191727,e2e_trace_v3,12834,17293839968015222520,0,planning,in,82984567943712,1,/apollo/prediction,1556,0,1784453340739429971,0,72074992950445824,2,2297807,2297909
202607191727,e2e_trace_v3,12851,17293839968015222520,0,planning,out,82984614550368,1,/apollo/planning,0,1550,1784453340739429971,139,72074992950445824,2,2297807,2297909
202607191727,e2e_trace_v3,12852,17293839968015222521,0,planning,in,82984784713152,1,/apollo/prediction,1557,0,1784453340956832421,0,72074992950445826,2,2297807,2297900
202607191727,e2e_trace_v3,12869,17293839968015222521,0,planning,out,82984810984896,1,/apollo/planning,0,1551,1784453340956832421,141,72074992950445826,2,2297807,2297900
202607191727,e2e_trace_v3,12870,17293839968015222522,0,planning,in,82984912006816,1,/apollo/prediction,1558,0,1784453341067777195,0,72074992950445827,1,2297807,2297906
202607191727,e2e_trace_v3,12887,17293839968015222522,0,planning,out,82984961242176,1,/apollo/planning,0,1552,1784453341067777195,144,72074992950445827,1,2297807,2297906
202607191727,e2e_trace_v3,12888,17293839968015222523,0,planning,in,82985028492928,1,/apollo/prediction,1559,0,1784453341188184827,0,72074992950445828,2,2297807,2297924
202607191727,e2e_trace_v3,12905,17293839968015222523,0,planning,out,82985069524352,1,/apollo/planning,0,1553,1784453341188184827,145,72074992950445828,2,2297807,2297924
202607191727,e2e_trace_v3,12906,17293839968015222524,0,planning,in,82985140563072,1,/apollo/prediction,1560,0,1784453341296876449,0,72074992950445829,2,2297807,2297898
202607191727,e2e_trace_v3,12923,17293839968015222524,0,planning,out,82985174473600,1,/apollo/planning,0,1554,1784453341296876449,111,72074992950445829,2,2297807,2297898
202607191727,e2e_trace_v3,12924,17293839968015222525,0,planning,in,82985229927392,1,/apollo/prediction,1561,0,1784453341407837786,0,72074992950445830,2,2297807,2297924
202607191727,e2e_trace_v3,12941,17293839968015222525,0,planning,out,82985255896800,1,/apollo/planning,0,1555,1784453341407837786,111,72074992950445830,2,2297807,2297924
202607191727,e2e_trace_v3,12942,17293839968015222526,0,planning,in,82985335100576,1,/apollo/prediction,1562,0,1784453341514157291,0,72074992950445831,2,2297807,2297920
202607191727,e2e_trace_v3,12959,17293839968015222526,0,planning,out,82985360151040,1,/apollo/planning,0,1556,1784453341514157291,117,72074992950445831,2,2297807,2297920
202607191727,e2e_trace_v3,12960,17293839968015222527,0,planning,in,82985468821408,1,/apollo/prediction,1563,0,1784453341628089686,0,72074992950445832,2,2297807,2297922
202607191727,e2e_trace_v3,12977,17293839968015222527,0,planning,out,82985497977056,1,/apollo/planning,0,1557,1784453341628089686,123,72074992950445832,2,2297807,2297922
202607191727,e2e_trace_v3,12978,17293839968015222528,0,planning,in,82985574531872,1,/apollo/prediction,1564,0,1784453341743577131,0,72074992950445833,2,2297807,2297904
202607191727,e2e_trace_v3,12995,17293839968015222528,0,planning,out,82985613232768,1,/apollo/planning,0,1558,1784453341743577131,129,72074992950445833,2,2297807,2297904
202607191727,e2e_trace_v3,12996,17293839968015222529,0,planning,in,82985678785824,1,/apollo/prediction,1565,0,1784453341849683306,0,72074992950445834,2,2297807,2297911
202607191727,e2e_trace_v3,13013,17293839968015222529,0,planning,out,82985705562624,1,/apollo/planning,0,1559,1784453341849683306,134,72074992950445834,2,2297807,2297911
202607191727,e2e_trace_v3,13014,17293839968015222530,0,planning,in,82985796902784,1,/apollo/prediction,1566,0,1784453341957085483,0,72074992950445835,2,2297807,2297908
202607191727,e2e_trace_v3,13031,17293839968015222530,0,planning,out,82985831249312,1,/apollo/planning,0,1560,1784453341957085483,136,72074992950445835,2,2297807,2297908
202607191727,e2e_trace_v3,13032,17293839968015222531,0,planning,in,82985906988960,1,/apollo/prediction,1567,0,1784453342069000091,0,72074992950445836,2,2297807,2297925
202607191727,e2e_trace_v3,13049,17293839968015222531,0,planning,out,82985949375936,1,/apollo/planning,0,1561,1784453342069000091,136,72074992950445836,2,2297807,2297925
202607191727,e2e_trace_v3,13050,17293839968015222532,0,planning,in,82986005407264,1,/apollo/prediction,1568,0,1784453342176083595,0,72074992950445837,2,2297807,2297898
202607191727,e2e_trace_v3,13067,17293839968015222532,0,planning,out,82986045902656,1,/apollo/planning,0,1562,1784453342176083595,136,72074992950445837,2,2297807,2297898
202607191727,e2e_trace_v3,13068,17293839968015222533,0,planning,in,82986117646880,1,/apollo/prediction,1569,0,1784453342283436538,0,72074992950445838,2,2297807,2297913
202607191727,e2e_trace_v3,13085,17293839968015222533,0,planning,out,82986159815840,1,/apollo/planning,0,1563,1784453342283436538,136,72074992950445838,2,2297807,2297913
202607191727,e2e_trace_v3,13086,17293839968015222534,0,planning,in,82986219574816,1,/apollo/prediction,1570,0,1784453342394498191,0,72074992950445839,2,2297807,2297902
202607191727,e2e_trace_v3,13103,17293839968015222534,0,planning,out,82986246099712,1,/apollo/planning,0,1564,1784453342394498191,136,72074992950445839,2,2297807,2297902
202607191727,e2e_trace_v3,13104,17293839968015222535,0,planning,in,82986320377440,1,/apollo/prediction,1571,0,1784453342503049151,0,72074992950445840,2,2297807,2297902
202607191727,e2e_trace_v3,13121,17293839968015222535,0,planning,out,82986347509120,1,/apollo/planning,0,1565,1784453342503049151,136,72074992950445840,2,2297807,2297902
202607191727,e2e_trace_v3,13122,17293839968015222536,0,planning,in,82986431935008,1,/apollo/prediction,1572,0,1784453342612187750,0,72074992950445841,2,2297807,2297902
202607191727,e2e_trace_v3,13139,17293839968015222536,0,planning,out,82986459075520,1,/apollo/planning,0,1566,1784453342612187750,136,72074992950445841,2,2297807,2297902
202607191727,e2e_trace_v3,13140,17293839968015222537,0,planning,in,82986546498048,1,/apollo/prediction,1573,0,1784453342722820495,0,72074992950445842,2,2297807,2297902
202607191727,e2e_trace_v3,13157,17293839968015222537,0,planning,out,82986573932224,1,/apollo/planning,0,1567,1784453342722820495,136,72074992950445842,2,2297807,2297902
202607191727,e2e_trace_v3,13158,17293839968015222538,0,planning,in,82986660566368,1,/apollo/prediction,1574,0,1784453342829729015,0,72074992950445843,2,2297807,2297902
202607191727,e2e_trace_v3,13175,17293839968015222538,0,planning,out,82986688206208,1,/apollo/planning,0,1568,1784453342829729015,137,72074992950445843,2,2297807,2297902
202607191727,e2e_trace_v3,13176,17293839968015222539,0,planning,in,82986762791392,1,/apollo/prediction,1575,0,1784453342936842489,0,72074992950445844,2,2297807,2297918
202607191727,e2e_trace_v3,13193,17293839968015222539,0,planning,out,82986800716352,1,/apollo/planning,0,1569,1784453342936842489,138,72074992950445844,2,2297807,2297918
202607191727,e2e_trace_v3,13194,17293839968015222540,0,planning,in,82986873218240,1,/apollo/prediction,1576,0,1784453343043347431,0,72074992950445845,2,2297807,2297898
202607191727,e2e_trace_v3,13211,17293839968015222540,0,planning,out,82986911355040,1,/apollo/planning,0,1570,1784453343043347431,139,72074992950445845,2,2297807,2297898
202607191727,e2e_trace_v3,13212,17293839968015222541,0,planning,in,82986983266016,1,/apollo/prediction,1577,0,1784453343160446209,0,72074992950445846,1,2297807,2297915
202607191727,e2e_trace_v3,13229,17293839968015222541,0,planning,out,82987022970816,1,/apollo/planning,0,1571,1784453343160446209,141,72074992950445846,1,2297807,2297915
202607191727,e2e_trace_v3,13230,17293839968015222542,0,planning,in,82987099813984,1,/apollo/prediction,1578,0,1784453343274151555,0,72074992950445847,2,2297807,2297909
202607191727,e2e_trace_v3,13247,17293839968015222542,0,planning,out,82987132799296,1,/apollo/planning,0,1572,1784453343274151555,144,72074992950445847,2,2297807,2297909
202607191727,e2e_trace_v3,13248,17293839968015222543,0,planning,in,82987236053568,1,/apollo/prediction,1579,0,1784453343383210331,0,72074992950445848,2,2297807,2297909
202607191727,e2e_trace_v3,13265,17293839968015222543,0,planning,out,82987263645184,1,/apollo/planning,0,1573,1784453343383210331,111,72074992950445848,2,2297807,2297909
202607191727,e2e_trace_v3,13266,17293839968015222544,0,planning,in,82987340150496,1,/apollo/prediction,1580,0,1784453343496242683,0,72074992950445849,2,2297807,2297918
202607191727,e2e_trace_v3,13283,17293839968015222544,0,planning,out,82987381515072,1,/apollo/planning,0,1574,1784453343496242683,117,72074992950445849,2,2297807,2297918
202607191727,e2e_trace_v3,13284,17293839968015222545,0,planning,in,82987440762112,1,/apollo/prediction,1581,0,1784453343609188007,0,72074992950445850,2,2297807,2297913
202607191727,e2e_trace_v3,13301,17293839968015222545,0,planning,out,82987482573888,1,/apollo/planning,0,1575,1784453343609188007,122,72074992950445850,2,2297807,2297913
202607191727,e2e_trace_v3,13302,17293839968015222546,0,planning,in,82987549253344,1,/apollo/prediction,1582,0,1784453343721019850,0,72074992950445851,2,2297807,2297918
202607191727,e2e_trace_v3,13319,17293839968015222546,0,planning,out,82987583316928,1,/apollo/planning,0,1576,1784453343721019850,127,72074992950445851,2,2297807,2297918
202607191727,e2e_trace_v3,13320,17293839968015222547,0,planning,in,82987664474368,1,/apollo/prediction,1583,0,1784453343832565091,0,72074992950445852,2,2297807,2297900
202607191727,e2e_trace_v3,13337,17293839968015222547,0,planning,out,82987706845472,1,/apollo/planning,0,1577,1784453343832565091,133,72074992950445852,2,2297807,2297900
202607191727,e2e_trace_v3,13338,17293839968015222548,0,planning,in,82987784803232,1,/apollo/prediction,1584,0,1784453343943483109,0,72074992950445853,2,2297807,2297906
202607191727,e2e_trace_v3,13355,17293839968015222548,0,planning,out,82987829302144,1,/apollo/planning,0,1578,1784453343943483109,136,72074992950445853,2,2297807,2297906
202607191727,e2e_trace_v3,13356,17293839968015222549,0,planning,in,82987896459392,1,/apollo/prediction,1585,0,1784453344055340239,0,72074992950445854,2,2297807,2297911
202607191727,e2e_trace_v3,13373,17293839968015222549,0,planning,out,82987938088704,1,/apollo/planning,0,1579,1784453344055340239,136,72074992950445854,2,2297807,2297911
202607191727,e2e_trace_v3,13374,17293839968015222550,0,planning,in,82987998055520,1,/apollo/prediction,1586,0,1784453344166568538,1,72074992950445855,2,2297807,2297922
202607191727,e2e_trace_v3,13391,17293839968015222550,0,planning,out,82988042429728,1,/apollo/planning,0,1580,1784453344166568538,136,72074992950445855,2,2297807,2297922
202607191727,e2e_trace_v3,13392,17293839968015222551,0,planning,in,82988112708992,1,/apollo/prediction,1587,0,1784453344276103335,0,72074992950445856,2,2297807,2297925
202607191727,e2e_trace_v3,13409,17293839968015222551,0,planning,out,82988152837760,1,/apollo/planning,0,1581,1784453344276103335,136,72074992950445856,2,2297807,2297925
202607191727,e2e_trace_v3,13410,17293839968015222552,0,planning,in,82988309470112,1,/apollo/prediction,1588,0,1784453344491568667,0,72074992950445858,2,2297807,2297900
202607191727,e2e_trace_v3,13427,17293839968015222552,0,planning,out,82988337308224,1,/apollo/planning,0,1582,1784453344491568667,136,72074992950445858,2,2297807,2297900
202607191727,e2e_trace_v3,13428,17293839968015222553,0,planning,in,82988412976640,1,/apollo/prediction,1589,0,1784453344600037132,0,72074992950445859,2,2297807,2297925
202607191727,e2e_trace_v3,13445,17293839968015222553,0,planning,out,82988448975808,1,/apollo/planning,0,1583,1784453344600037132,136,72074992950445859,2,2297807,2297925
202607191727,e2e_trace_v3,13446,17293839968015222554,0,planning,in,82988520960896,1,/apollo/prediction,1590,0,1784453344706608160,0,72074992950445860,2,2297807,2297920
202607191727,e2e_trace_v3,13463,17293839968015222554,0,planning,out,82988555760192,1,/apollo/planning,0,1584,1784453344706608160,136,72074992950445860,2,2297807,2297920
202607191727,e2e_trace_v3,13464,17293839968015222555,0,planning,in,82988644217504,1,/apollo/prediction,1591,0,1784453344812484901,0,72074992950445861,2,2297807,2297922
202607191727,e2e_trace_v3,13481,17293839968015222555,0,planning,out,82988690992800,1,/apollo/planning,0,1585,1784453344812484901,137,72074992950445861,2,2297807,2297922
202607191727,e2e_trace_v3,13482,17293839968015222556,0,planning,in,82988748690624,1,/apollo/prediction,1592,0,1784453344916875691,0,72074992950445862,2,2297807,2297915
202607191727,e2e_trace_v3,13499,17293839968015222556,0,planning,out,82988800732096,1,/apollo/planning,0,1586,1784453344916875691,138,72074992950445862,2,2297807,2297915
202607191727,e2e_trace_v3,13500,17293839968015222557,0,planning,in,82988862813728,1,/apollo/prediction,1593,0,1784453345025705825,0,72074992950445863,2,2297807,2297904
202607191727,e2e_trace_v3,13517,17293839968015222557,0,planning,out,82988908018496,1,/apollo/planning,0,1587,1784453345025705825,140,72074992950445863,2,2297807,2297904
202607191727,e2e_trace_v3,13518,17293839968015222558,0,planning,in,82989090460064,1,/apollo/prediction,1594,0,1784453345247611617,0,72074992950445865,2,2297807,2297911
202607191727,e2e_trace_v3,13535,17293839968015222558,0,planning,out,82989141202944,1,/apollo/planning,0,1588,1784453345247611617,144,72074992950445865,2,2297807,2297911
202607191727,e2e_trace_v3,13536,17293839968015222559,0,planning,in,82989200534304,1,/apollo/prediction,1595,0,1784453345364247043,0,72074992950445866,2,2297807,2297900
202607191727,e2e_trace_v3,13553,17293839968015222559,0,planning,out,82989250432576,1,/apollo/planning,0,1589,1784453345364247043,146,72074992950445866,2,2297807,2297900
202607191727,e2e_trace_v3,13554,17293839968015222560,0,planning,in,82989320443072,1,/apollo/prediction,1596,0,1784453345476061347,0,72074992950445867,1,2297807,2297915
202607191727,e2e_trace_v3,13571,17293839968015222560,0,planning,out,82989356151456,1,/apollo/planning,0,1590,1784453345476061347,148,72074992950445867,1,2297807,2297915
202607191727,e2e_trace_v3,13572,17293839968015222561,0,planning,in,82989408459008,1,/apollo/prediction,1597,0,1784453345589360356,0,72074992950445868,2,2297807,2297925
202607191727,e2e_trace_v3,13589,17293839968015222561,0,planning,out,82989451883648,1,/apollo/planning,0,1591,1784453345589360356,147,72074992950445868,2,2297807,2297925
202607191727,e2e_trace_v3,13590,17293839968015222562,0,planning,in,82989520691040,1,/apollo/prediction,1598,0,1784453345703253121,0,72074992950445869,2,2297807,2297922
202607191727,e2e_trace_v3,13607,17293839968015222562,0,planning,out,82989566756832,1,/apollo/planning,0,1592,1784453345703253121,111,72074992950445869,2,2297807,2297922
202607191727,e2e_trace_v3,13608,17293839968015222563,0,planning,in,82989644683648,1,/apollo/prediction,1599,0,1784453345811212684,1,72074992950445870,2,2297807,2297911
202607191727,e2e_trace_v3,13625,17293839968015222563,0,planning,out,82989681889024,1,/apollo/planning,0,1593,1784453345811212684,118,72074992950445870,2,2297807,2297911
202607191727,e2e_trace_v3,13626,17293839968015222564,0,planning,in,82989751340416,1,/apollo/prediction,1600,0,1784453345928471817,1,72074992950445871,2,2297807,2297904
202607191727,e2e_trace_v3,13643,17293839968015222564,0,planning,out,82989797142944,1,/apollo/planning,0,1594,1784453345928471817,123,72074992950445871,2,2297807,2297904
202607191727,e2e_trace_v3,13644,17293839968015222565,0,planning,in,82989869035712,1,/apollo/prediction,1601,0,1784453346038183727,1,72074992950445872,2,2297807,2297924
202607191727,e2e_trace_v3,13661,17293839968015222565,0,planning,out,82989901693088,1,/apollo/planning,0,1595,1784453346038183727,129,72074992950445872,2,2297807,2297924
202607191727,e2e_trace_v3,13662,17293839968015222566,0,planning,in,82989977613888,1,/apollo/prediction,1602,0,1784453346146783439,1,72074992950445873,2,2297807,2297900
202607191727,e2e_trace_v3,13679,17293839968015222566,0,planning,out,82990016559680,1,/apollo/planning,0,1596,1784453346146783439,134,72074992950445873,2,2297807,2297900
202607191727,e2e_trace_v3,13680,17293839968015222567,0,planning,in,82990080343520,1,/apollo/prediction,1603,0,1784453346253191121,0,72074992950445874,2,2297807,2297902
202607191727,e2e_trace_v3,13697,17293839968015222567,0,planning,out,82990114207328,1,/apollo/planning,0,1597,1784453346253191121,136,72074992950445874,2,2297807,2297902
202607191727,e2e_trace_v3,13698,17293839968015222568,0,planning,in,82990179341120,1,/apollo/prediction,1604,0,1784453346359368363,0,72074992950445875,2,2297807,2297918
202607191727,e2e_trace_v3,13715,17293839968015222568,0,planning,out,82990218201664,1,/apollo/planning,0,1598,1784453346359368363,136,72074992950445875,2,2297807,2297918
202607191727,e2e_trace_v3,13716,17293839968015222569,0,planning,in,82990290625056,1,/apollo/prediction,1605,0,1784453346468695172,0,72074992950445876,2,2297807,2297922
202607191727,e2e_trace_v3,13733,17293839968015222569,0,planning,out,82990324433728,1,/apollo/planning,0,1599,1784453346468695172,136,72074992950445876,2,2297807,2297922
202607191727,e2e_trace_v3,13734,17293839968015222570,0,planning,in,82990390613792,1,/apollo/prediction,1606,0,1784453346573021581,0,72074992950445877,2,2297807,2297924
202607191727,e2e_trace_v3,13751,17293839968015222570,0,planning,out,82990425780480,1,/apollo/planning,0,1600,1784453346573021581,136,72074992950445877,2,2297807,2297924
202607191727,e2e_trace_v3,13752,17293839968015222571,0,planning,in,82990492483872,1,/apollo/prediction,1607,0,1784453346677760087,0,72074992950445878,1,2297807,2297906
202607191727,e2e_trace_v3,13769,17293839968015222571,0,planning,out,82990532857664,1,/apollo/planning,0,1601,1784453346677760087,136,72074992950445878,1,2297807,2297906
202607191727,e2e_trace_v3,13770,17293839968015222572,0,planning,in,82990605215104,1,/apollo/prediction,1608,0,1784453346781070284,0,72074992950445879,2,2297807,2297898
202607191727,e2e_trace_v3,13787,17293839968015222572,0,planning,out,82990641599936,1,/apollo/planning,0,1602,1784453346781070284,136,72074992950445879,2,2297807,2297898
202607191727,e2e_trace_v3,13788,17293839968015222573,0,planning,in,82990708578816,1,/apollo/prediction,1609,0,1784453346887370789,0,72074992950445880,2,2297807,2297902
202607191727,e2e_trace_v3,13805,17293839968015222573,0,planning,out,82990749269920,1,/apollo/planning,0,1603,1784453346887370789,136,72074992950445880,2,2297807,2297902
202607191727,e2e_trace_v3,13806,17293839968015222574,0,planning,in,82990817259584,1,/apollo/prediction,1610,0,1784453346991450972,0,72074992950445881,2,2297807,2297911
202607191727,e2e_trace_v3,13823,17293839968015222574,0,planning,out,82990875113440,1,/apollo/planning,0,1604,1784453346991450972,136,72074992950445881,2,2297807,2297911
202607191727,e2e_trace_v3,13824,17293839968015222575,0,planning,in,82990924315232,1,/apollo/prediction,1611,0,1784453347101586520,0,72074992950445882,2,2297807,2297896
202607191727,e2e_trace_v3,13841,17293839968015222575,0,planning,out,82990969804608,1,/apollo/planning,0,1605,1784453347101586520,140,72074992950445882,2,2297807,2297896
202607191727,e2e_trace_v3,13842,17293839968015222576,0,planning,in,82991069447616,1,/apollo/prediction,1612,0,1784453347216165660,0,72074992950445883,2,2297807,2297924
202607191727,e2e_trace_v3,13859,17293839968015222576,0,planning,out,82991110949088,1,/apollo/planning,0,1606,1784453347216165660,139,72074992950445883,2,2297807,2297924
202607191727,e2e_trace_v3,13860,17293839968015222577,0,planning,in,82991187421248,1,/apollo/prediction,1613,0,1784453347345677513,0,72074992950445884,2,2297807,2297922
202607191727,e2e_trace_v3,13877,17293839968015222577,0,planning,out,82991225832864,1,/apollo/planning,0,1607,1784453347345677513,141,72074992950445884,2,2297807,2297922
202607191727,e2e_trace_v3,13878,17293839968015222578,0,planning,in,82991278235808,1,/apollo/prediction,1614,0,1784453347453639274,0,72074992950445885,2,2297807,2297908
202607191727,e2e_trace_v3,13895,17293839968015222578,0,planning,out,82991305949376,1,/apollo/planning,0,1608,1784453347453639274,141,72074992950445885,2,2297807,2297908
202607191727,e2e_trace_v3,13896,17293839968015222579,0,planning,in,82991368693408,1,/apollo/prediction,1615,0,1784453347558309967,0,72074992950445886,2,2297807,2297898
202607191727,e2e_trace_v3,13913,17293839968015222579,0,planning,out,82991398080160,1,/apollo/planning,0,1609,1784453347558309967,143,72074992950445886,2,2297807,2297898
202607191727,e2e_trace_v3,13914,17293839968015222580,0,planning,in,82991473823552,1,/apollo/prediction,1616,0,1784453347663765235,0,72074992950445887,2,2297807,2297898
202607191727,e2e_trace_v3,13931,17293839968015222580,0,planning,out,82991503751872,1,/apollo/planning,0,1610,1784453347663765235,145,72074992950445887,2,2297807,2297898
202607191727,e2e_trace_v3,13932,17293839968015222581,0,planning,in,82991592717088,1,/apollo/prediction,1617,0,1784453347768237294,0,72074992950445888,2,2297807,2297898
202607191727,e2e_trace_v3,13949,17293839968015222581,0,planning,out,82991630453376,1,/apollo/planning,0,1611,1784453347768237294,148,72074992950445888,2,2297807,2297898
202607191727,e2e_trace_v3,13950,17293839968015222582,0,planning,in,82991708396736,1,/apollo/prediction,1618,0,1784453347872179025,0,72074992950445889,2,2297807,2297922
202607191727,e2e_trace_v3,13967,17293839968015222582,0,planning,out,82991754130272,1,/apollo/planning,0,1612,1784453347872179025,111,72074992950445889,2,2297807,2297922
202607191727,e2e_trace_v3,13968,17293839968015222583,0,planning,in,82991823965408,1,/apollo/prediction,1619,0,1784453347994147535,0,72074992950445890,2,2297807,2297896
202607191727,e2e_trace_v3,13985,17293839968015222583,0,planning,out,82991872698048,1,/apollo/planning,0,1613,1784453347994147535,117,72074992950445890,2,2297807,2297896
202607191727,e2e_trace_v3,13986,17293839968015222584,0,planning,in,82991928668416,1,/apollo/prediction,1620,0,1784453348107379319,0,72074992950445891,2,2297807,2297906
202607191727,e2e_trace_v3,14003,17293839968015222584,0,planning,out,82991970552576,1,/apollo/planning,0,1614,1784453348107379319,123,72074992950445891,2,2297807,2297906
202607191727,e2e_trace_v3,14004,17293839968015222585,0,planning,in,82992049026976,1,/apollo/prediction,1621,0,1784453348219327924,0,72074992950445892,2,2297807,2297920
202607191727,e2e_trace_v3,14021,17293839968015222585,0,planning,out,82992101402368,1,/apollo/planning,0,1615,1784453348219327924,129,72074992950445892,2,2297807,2297920
202607191727,e2e_trace_v3,14022,17293839968015222586,0,planning,in,82992168177600,1,/apollo/prediction,1622,0,1784453348331319870,0,72074992950445893,1,2297807,2297925
202607191727,e2e_trace_v3,14039,17293839968015222586,0,planning,out,82992211801792,1,/apollo/planning,0,1616,1784453348331319870,134,72074992950445893,1,2297807,2297925
202607191727,e2e_trace_v3,14040,17293839968015222587,0,planning,in,82992277435424,1,/apollo/prediction,1623,0,1784453348437996189,0,72074992950445894,2,2297807,2297908
202607191727,e2e_trace_v3,14057,17293839968015222587,0,planning,out,82992330435456,1,/apollo/planning,0,1617,1784453348437996189,137,72074992950445894,2,2297807,2297908
202607191727,e2e_trace_v3,14058,17293839968015222588,0,planning,in,82992367618080,1,/apollo/prediction,1624,0,1784453348544108157,0,72074992950445895,2,2297807,2297902
202607191727,e2e_trace_v3,14075,17293839968015222588,0,planning,out,82992399335936,1,/apollo/planning,0,1618,1784453348544108157,136,72074992950445895,2,2297807,2297902
202607191727,e2e_trace_v3,14076,17293839968015222589,0,planning,in,82992468064288,1,/apollo/prediction,1625,0,1784453348650931952,0,72074992950445896,2,2297807,2297896
202607191727,e2e_trace_v3,14093,17293839968015222589,0,planning,out,82992499152448,1,/apollo/planning,0,1619,1784453348650931952,136,72074992950445896,2,2297807,2297896
202607191727,e2e_trace_v3,14094,17293839968015222590,0,planning,in,82992579238976,1,/apollo/prediction,1626,0,1784453348758827175,0,72074992950445897,2,2297807,2297898
202607191727,e2e_trace_v3,14111,17293839968015222590,0,planning,out,82992619540160,1,/apollo/planning,0,1620,1784453348758827175,136,72074992950445897,2,2297807,2297898
202607191727,e2e_trace_v3,14112,17293839968015222591,0,planning,in,82992712496096,1,/apollo/prediction,1627,0,1784453348866014581,0,72074992950445898,2,2297807,2297909
202607191727,e2e_trace_v3,14129,17293839968015222591,0,planning,out,82992751860448,1,/apollo/planning,0,1621,1784453348866014581,136,72074992950445898,2,2297807,2297909
202607191727,e2e_trace_v3,14130,17293839968015222592,0,planning,in,82992809806016,1,/apollo/prediction,1628,0,1784453348974192114,0,72074992950445899,2,2297807,2297915
202607191727,e2e_trace_v3,14147,17293839968015222592,0,planning,out,82992851129600,1,/apollo/planning,0,1622,1784453348974192114,136,72074992950445899,2,2297807,2297915
202607191727,e2e_trace_v3,14148,17293839968015222593,0,planning,in,82992903951872,1,/apollo/prediction,1629,0,1784453349082297227,0,72074992950445900,2,2297807,2297909
202607191727,e2e_trace_v3,14165,17293839968015222593,0,planning,out,82992943942176,1,/apollo/planning,0,1623,1784453349082297227,136,72074992950445900,2,2297807,2297909
202607191727,e2e_trace_v3,14166,17293839968015222594,0,planning,in,82993014899296,1,/apollo/prediction,1630,0,1784453349189338924,0,72074992950445901,2,2297807,2297896
202607191727,e2e_trace_v3,14183,17293839968015222594,0,planning,out,82993058892864,1,/apollo/planning,0,1624,1784453349189338924,137,72074992950445901,2,2297807,2297896
202607191727,e2e_trace_v3,14184,17293839968015222595,0,planning,in,82993132095968,1,/apollo/prediction,1631,0,1784453349297945866,0,72074992950445902,2,2297807,2297920
202607191727,e2e_trace_v3,14201,17293839968015222595,0,planning,out,82993180017536,1,/apollo/planning,0,1625,1784453349297945866,143,72074992950445902,2,2297807,2297920
202607191727,e2e_trace_v3,14202,17293839968015222596,0,planning,in,82993238763680,1,/apollo/prediction,1632,0,1784453349405844666,0,72074992950445903,2,2297807,2297922
202607191727,e2e_trace_v3,14219,17293839968015222596,0,planning,out,82993283373856,1,/apollo/planning,0,1626,1784453349405844666,148,72074992950445903,2,2297807,2297922
202607191727,e2e_trace_v3,14220,17293839968015222597,0,planning,in,82993349043424,1,/apollo/prediction,1633,0,1784453349511961315,0,72074992950445904,2,2297807,2297918
202607191727,e2e_trace_v3,14237,17293839968015222597,0,planning,out,82993386005536,1,/apollo/planning,0,1627,1784453349511961315,154,72074992950445904,2,2297807,2297918
202607191727,e2e_trace_v3,14238,17293839968015222598,0,planning,in,82993444886240,1,/apollo/prediction,1634,0,1784453349619915879,0,72074992950445905,2,2297807,2297924
202607191727,e2e_trace_v3,14255,17293839968015222598,0,planning,out,82993471215968,1,/apollo/planning,0,1628,1784453349619915879,111,72074992950445905,2,2297807,2297924
202607191727,e2e_trace_v3,14256,17293839968015222599,0,planning,in,82993556444096,1,/apollo/prediction,1635,0,1784453349727302872,0,72074992950445906,2,2297807,2297898
202607191727,e2e_trace_v3,14273,17293839968015222599,0,planning,out,82993583365696,1,/apollo/planning,0,1629,1784453349727302872,117,72074992950445906,2,2297807,2297898
202607191727,e2e_trace_v3,14274,17293839968015222600,0,planning,in,82993661200128,1,/apollo/prediction,1636,0,1784453349833870741,0,72074992950445907,2,2297807,2297898
202607191727,e2e_trace_v3,14291,17293839968015222600,0,planning,out,82993687814848,1,/apollo/planning,0,1630,1784453349833870741,122,72074992950445907,2,2297807,2297898
202607191727,e2e_trace_v3,14292,17293839968015222601,0,planning,in,82993770098592,1,/apollo/prediction,1637,0,1784453349941434611,1,72074992950445908,2,2297807,2297898
202607191727,e2e_trace_v3,14309,17293839968015222601,0,planning,out,82993796359744,1,/apollo/planning,0,1631,1784453349941434611,128,72074992950445908,2,2297807,2297898
202607191727,e2e_trace_v3,14310,17293839968015222602,0,planning,in,82993908068896,1,/apollo/prediction,1638,0,1784453350056351531,0,72074992950445909,2,2297807,2297906
202607191727,e2e_trace_v3,14327,17293839968015222602,0,planning,out,82993935404352,1,/apollo/planning,0,1632,1784453350056351531,135,72074992950445909,2,2297807,2297906
202607191727,e2e_trace_v3,14328,17293839968015222603,0,planning,in,82993992772000,1,/apollo/prediction,1639,0,1784453350163653797,0,72074992950445910,2,2297807,2297913
202607191727,e2e_trace_v3,14345,17293839968015222603,0,planning,out,82994023989888,1,/apollo/planning,0,1633,1784453350163653797,136,72074992950445910,2,2297807,2297913
202607191727,e2e_trace_v3,14346,17293839968015222604,0,planning,in,82994088559296,1,/apollo/prediction,1640,0,1784453350269585424,0,72074992950445911,2,2297807,2297922
202607191727,e2e_trace_v3,14363,17293839968015222604,0,planning,out,82994116252448,1,/apollo/planning,0,1634,1784453350269585424,136,72074992950445911,2,2297807,2297922
202607191727,e2e_trace_v3,14364,17293839968015222605,0,planning,in,82994200563648,1,/apollo/prediction,1641,0,1784453350376831819,0,72074992950445912,2,2297807,2297922
202607191727,e2e_trace_v3,14381,17293839968015222605,0,planning,out,82994228523520,1,/apollo/planning,0,1635,1784453350376831819,136,72074992950445912,2,2297807,2297922
202607191727,e2e_trace_v3,14382,17293839968015222606,0,planning,in,82994307592032,1,/apollo/prediction,1642,0,1784453350483513315,0,72074992950445913,2,2297807,2297915
202607191727,e2e_trace_v3,14399,17293839968015222606,0,planning,out,82994337035296,1,/apollo/planning,0,1636,1784453350483513315,136,72074992950445913,2,2297807,2297915
202607191727,e2e_trace_v3,14400,17293839968015222607,0,planning,in,82994405980704,1,/apollo/prediction,1643,0,1784453350589490263,0,72074992950445914,2,2297807,2297898
202607191727,e2e_trace_v3,14417,17293839968015222607,0,planning,out,82994432314848,1,/apollo/planning,0,1637,1784453350589490263,136,72074992950445914,2,2297807,2297898
202607191727,e2e_trace_v3,14418,17293839968015222608,0,planning,in,82994525678880,1,/apollo/prediction,1644,0,1784453350695183013,0,72074992950445915,2,2297807,2297911
202607191727,e2e_trace_v3,14435,17293839968015222608,0,planning,out,82994550462400,1,/apollo/planning,0,1638,1784453350695183013,136,72074992950445915,2,2297807,2297911
202607191727,e2e_trace_v3,14436,17293839968015222609,0,planning,in,82994644518752,1,/apollo/prediction,1645,0,1784453350809482172,0,72074992950445916,2,2297807,2297911
202607191727,e2e_trace_v3,14453,17293839968015222609,0,planning,out,82994670414080,1,/apollo/planning,0,1639,1784453350809482172,136,72074992950445916,2,2297807,2297911
202607191727,e2e_trace_v3,14454,17293839968015222610,0,planning,in,82994752472224,1,/apollo/prediction,1646,0,1784453350918927630,0,72074992950445917,2,2297807,2297920
202607191727,e2e_trace_v3,14471,17293839968015222610,0,planning,out,82994784878048,1,/apollo/planning,0,1640,1784453350918927630,136,72074992950445917,2,2297807,2297920
202607191727,e2e_trace_v3,14472,17293839968015222611,0,planning,in,82994875270432,1,/apollo/prediction,1647,0,1784453351024194492,1,72074992950445918,2,2297807,2297898
202607191727,e2e_trace_v3,14489,17293839968015222611,0,planning,out,82994912165824,1,/apollo/planning,0,1641,1784453351024194492,136,72074992950445918,2,2297807,2297898
202607191727,e2e_trace_v3,14490,17293839968015222612,0,planning,in,82994957582464,1,/apollo/prediction,1648,0,1784453351130822461,1,72074992950445919,2,2297807,2297925
202607191727,e2e_trace_v3,14507,17293839968015222612,0,planning,out,82995012371104,1,/apollo/planning,0,1642,1784453351130822461,136,72074992950445919,2,2297807,2297925
202607191727,e2e_trace_v3,14508,17293839968015222613,0,planning,in,82995077242240,1,/apollo/prediction,1649,0,1784453351234694407,1,72074992950445920,2,2297807,2297898
202607191727,e2e_trace_v3,14525,17293839968015222613,0,planning,out,82995109393632,1,/apollo/planning,0,1643,1784453351234694407,137,72074992950445920,2,2297807,2297898
202607191727,e2e_trace_v3,14526,17293839968015222614,0,planning,in,82995172652320,1,/apollo/prediction,1650,0,1784453351341491868,0,72074992950445921,2,2297807,2297913
202607191727,e2e_trace_v3,14543,17293839968015222614,0,planning,out,82995206049280,1,/apollo/planning,0,1644,1784453351341491868,140,72074992950445921,2,2297807,2297913
202607191727,e2e_trace_v3,14544,17293839968015222615,0,planning,in,82995277801536,1,/apollo/prediction,1651,0,1784453351446838806,1,72074992950445922,2,2297807,2297900
202607191727,e2e_trace_v3,14561,17293839968015222615,0,planning,out,82995304838048,1,/apollo/planning,0,1645,1784453351446838806,143,72074992950445922,2,2297807,2297900
202607191727,e2e_trace_v3,14562,17293839968015222616,0,planning,in,82995396718112,1,/apollo/prediction,1652,0,1784453351555230284,0,72074992950445923,2,2297807,2297900
202607191727,e2e_trace_v3,14579,17293839968015222616,0,planning,out,82995425427232,1,/apollo/planning,0,1646,1784453351555230284,146,72074992950445923,2,2297807,2297900
202607191727,e2e_trace_v3,14580,17293839968015222617,0,planning,in,82995485586336,1,/apollo/prediction,1653,0,1784453351663922866,0,72074992950445924,2,2297807,2297906
202607191727,e2e_trace_v3,14597,17293839968015222617,0,planning,out,82995511311200,1,/apollo/planning,0,1647,1784453351663922866,148,72074992950445924,2,2297807,2297906
202607191727,e2e_trace_v3,14598,17293839968015222618,0,planning,in,82995577421120,1,/apollo/prediction,1654,0,1784453351768634762,0,72074992950445925,2,2297807,2297900
202607191727,e2e_trace_v3,14615,17293839968015222618,0,planning,out,82995603689504,1,/apollo/planning,0,1648,1784453351768634762,147,72074992950445925,2,2297807,2297900
202607191727,e2e_trace_v3,14616,17293839968015222619,0,planning,in,82995695047040,1,/apollo/prediction,1655,0,1784453351874681357,0,72074992950445926,2,2297807,2297898
202607191727,e2e_trace_v3,14633,17293839968015222619,0,planning,out,82995737277536,1,/apollo/planning,0,1649,1784453351874681357,146,72074992950445926,2,2297807,2297898
202607191727,e2e_trace_v3,14634,17293839968015222620,0,planning,in,82995812584192,1,/apollo/prediction,1656,0,1784453351977342501,0,72074992950445927,2,2297807,2297920
202607191727,e2e_trace_v3,14651,17293839968015222620,0,planning,out,82995854763168,1,/apollo/planning,0,1650,1784453351977342501,147,72074992950445927,2,2297807,2297920
202607191727,e2e_trace_v3,14652,17293839968015222621,0,planning,in,82995904563488,1,/apollo/prediction,1657,0,1784453352096196164,0,72074992950445928,2,2297807,2297913
202607191727,e2e_trace_v3,14669,17293839968015222621,0,planning,out,82995940239488,1,/apollo/planning,0,1651,1784453352096196164,144,72074992950445928,2,2297807,2297913
202607191727,e2e_trace_v3,14670,17293839968015222622,0,planning,in,82996029030560,1,/apollo/prediction,1658,0,1784453352199756761,0,72074992950445929,2,2297807,2297900
202607191727,e2e_trace_v3,14687,17293839968015222622,0,planning,out,82996059475072,1,/apollo/planning,0,1652,1784453352199756761,143,72074992950445929,2,2297807,2297900
202607191727,e2e_trace_v3,14688,17293839968015222623,0,planning,in,82996148415616,1,/apollo/prediction,1659,0,1784453352302479425,0,72074992950445930,2,2297807,2297900
202607191727,e2e_trace_v3,14705,17293839968015222623,0,planning,out,82996178868128,1,/apollo/planning,0,1653,1784453352302479425,141,72074992950445930,2,2297807,2297900
202607191727,e2e_trace_v3,14706,17293839968015222624,0,planning,in,82996239634816,1,/apollo/prediction,1660,0,1784453352405336405,1,72074992950445931,2,2297807,2297898
202607191727,e2e_trace_v3,14723,17293839968015222624,0,planning,out,82996265864736,1,/apollo/planning,0,1654,1784453352405336405,138,72074992950445931,2,2297807,2297898
202607191727,e2e_trace_v3,14724,17293839968015222625,0,planning,in,82996350988288,1,/apollo/prediction,1661,0,1784453352506060175,0,72074992950445932,2,2297807,2297898
202607191727,e2e_trace_v3,14741,17293839968015222625,0,planning,out,82996377267168,1,/apollo/planning,0,1655,1784453352506060175,137,72074992950445932,2,2297807,2297898
202607191727,e2e_trace_v3,14742,17293839968015222626,0,planning,in,82996440643616,1,/apollo/prediction,1662,0,1784453352612417681,0,72074992950445933,2,2297807,2297925
202607191727,e2e_trace_v3,14759,17293839968015222626,0,planning,out,82996485405280,1,/apollo/planning,0,1656,1784453352612417681,136,72074992950445933,2,2297807,2297925
202607191727,e2e_trace_v3,14760,17293839968015222627,0,planning,in,82996547000832,1,/apollo/prediction,1663,0,1784453352716681687,1,72074992950445934,2,2297807,2297908
202607191727,e2e_trace_v3,14777,17293839968015222627,0,planning,out,82996574550400,1,/apollo/planning,0,1657,1784453352716681687,136,72074992950445934,2,2297807,2297908
202607191727,e2e_trace_v3,14778,17293839968015222628,0,planning,in,82996637940576,1,/apollo/prediction,1664,0,1784453352817868131,1,72074992950445935,2,2297807,2297913
202607191727,e2e_trace_v3,14795,17293839968015222628,0,planning,out,82996664112736,1,/apollo/planning,0,1658,1784453352817868131,136,72074992950445935,2,2297807,2297913
202607191727,e2e_trace_v3,14796,17293839968015222629,0,planning,in,82996735352864,1,/apollo/prediction,1665,0,1784453352919600508,1,72074992950445936,2,2297807,2297920
202607191727,e2e_trace_v3,14813,17293839968015222629,0,planning,out,82996779796832,1,/apollo/planning,0,1659,1784453352919600508,136,72074992950445936,2,2297807,2297920
202607191727,e2e_trace_v3,14814,17293839968015222630,0,planning,in,82996832772416,1,/apollo/prediction,1666,0,1784453353021258272,0,72074992950445937,2,2297807,2297908
202607191727,e2e_trace_v3,14831,17293839968015222630,0,planning,out,82996866579744,1,/apollo/planning,0,1660,1784453353021258272,137,72074992950445937,2,2297807,2297908
202607191727,e2e_trace_v3,14832,17293839968015222631,0,planning,in,82996940714400,1,/apollo/prediction,1667,0,1784453353122656233,1,72074992950445938,2,2297807,2297896
202607191727,e2e_trace_v3,14849,17293839968015222631,0,planning,out,82996979216192,1,/apollo/planning,0,1661,1784453353122656233,141,72074992950445938,2,2297807,2297896
202607191727,e2e_trace_v3,14850,17293839968015222632,0,planning,in,82997050881824,1,/apollo/prediction,1668,0,1784453353227594885,0,72074992950445939,2,2297807,2297922
202607191727,e2e_trace_v3,14867,17293839968015222632,0,planning,out,82997097709088,1,/apollo/planning,0,1662,1784453353227594885,147,72074992950445939,2,2297807,2297922
202607191727,e2e_trace_v3,14868,17293839968015222633,0,planning,in,82997160476832,1,/apollo/prediction,1669,0,1784453353332309916,0,72074992950445940,2,2297807,2297911
202607191727,e2e_trace_v3,14885,17293839968015222633,0,planning,out,82997190797312,1,/apollo/planning,0,1663,1784453353332309916,151,72074992950445940,2,2297807,2297911
202607191727,e2e_trace_v3,14886,17293839968015222634,0,planning,in,82997271308544,1,/apollo/prediction,1670,0,1784453353438019680,0,72074992950445941,1,2297807,2297922
202607191727,e2e_trace_v3,14903,17293839968015222634,0,planning,out,82997299993632,1,/apollo/planning,0,1664,1784453353438019680,156,72074992950445941,1,2297807,2297922
202607191727,e2e_trace_v3,14904,17293839968015222635,0,planning,in,82997364032832,1,/apollo/prediction,1671,0,1784453353542488272,0,72074992950445942,2,2297807,2297913
202607191727,e2e_trace_v3,14921,17293839968015222635,0,planning,out,82997396900448,1,/apollo/planning,0,1665,1784453353542488272,159,72074992950445942,2,2297807,2297913
202607191727,e2e_trace_v3,14922,17293839968015222636,0,planning,in,82997463784640,1,/apollo/prediction,1672,0,1784453353646231249,0,72074992950445943,2,2297807,2297908
202607191727,e2e_trace_v3,14939,17293839968015222636,0,planning,out,82997497185664,1,/apollo/planning,0,1666,1784453353646231249,162,72074992950445943,2,2297807,2297908
202607191727,e2e_trace_v3,14940,17293839968015222637,0,planning,in,82997576797504,1,/apollo/prediction,1673,0,1784453353753946068,0,72074992950445944,2,2297807,2297918
202607191727,e2e_trace_v3,14957,17293839968015222637,0,planning,out,82997603835104,1,/apollo/planning,0,1667,1784453353753946068,111,72074992950445944,2,2297807,2297918
202607191727,e2e_trace_v3,14958,17293839968015222638,0,planning,in,82997668667744,1,/apollo/prediction,1674,0,1784453353857657514,0,72074992950445945,2,2297807,2297924
202607191727,e2e_trace_v3,14975,17293839968015222638,0,planning,out,82997692694976,1,/apollo/planning,0,1668,1784453353857657514,111,72074992950445945,2,2297807,2297924
202607191727,e2e_trace_v3,14976,17293839968015222639,0,planning,in,82997784468544,1,/apollo/prediction,1675,0,1784453353961910783,0,72074992950445946,2,2297807,2297924
202607191727,e2e_trace_v3,14993,17293839968015222639,0,planning,out,82997812453152,1,/apollo/planning,0,1669,1784453353961910783,117,72074992950445946,2,2297807,2297924
202607191727,e2e_trace_v3,14994,17293839968015222640,0,planning,in,82997888058624,1,/apollo/prediction,1676,0,1784453354068311214,0,72074992950445947,2,2297807,2297896
202607191727,e2e_trace_v3,15011,17293839968015222640,0,planning,out,82997922507424,1,/apollo/planning,0,1670,1784453354068311214,122,72074992950445947,2,2297807,2297896
202607191727,e2e_trace_v3,15012,17293839968015222641,0,planning,in,82998002583072,1,/apollo/prediction,1677,0,1784453354173250846,0,72074992950445948,1,2297807,2297924
202607191727,e2e_trace_v3,15029,17293839968015222641,0,planning,out,82998029480992,1,/apollo/planning,0,1671,1784453354173250846,128,72074992950445948,1,2297807,2297924
202607191727,e2e_trace_v3,15030,17293839968015222642,0,planning,in,82998112400512,1,/apollo/prediction,1678,0,1784453354278970715,0,72074992950445949,2,2297807,2297924
202607191727,e2e_trace_v3,15047,17293839968015222642,0,planning,out,82998140103232,1,/apollo/planning,0,1672,1784453354278970715,134,72074992950445949,2,2297807,2297924
202607191727,e2e_trace_v3,15048,17293839968015222643,0,planning,in,82998232509824,1,/apollo/prediction,1679,0,1784453354388264830,0,72074992950445950,2,2297807,2297924
202607191727,e2e_trace_v3,15065,17293839968015222643,0,planning,out,82998257623392,1,/apollo/planning,0,1673,1784453354388264830,136,72074992950445950,2,2297807,2297924
202607191727,e2e_trace_v3,15066,17293839968015222644,0,planning,in,82998343815008,1,/apollo/prediction,1680,0,1784453354492210997,0,72074992950445951,2,2297807,2297924
202607191727,e2e_trace_v3,15083,17293839968015222644,0,planning,out,82998369446752,1,/apollo/planning,0,1674,1784453354492210997,136,72074992950445951,2,2297807,2297924
202607191727,e2e_trace_v3,15084,17293839968015222645,0,planning,in,82998435346208,1,/apollo/prediction,1681,0,1784453354603653827,0,72074992950445952,2,2297807,2297925
202607191727,e2e_trace_v3,15101,17293839968015222645,0,planning,out,82998480628160,1,/apollo/planning,0,1675,1784453354603653827,136,72074992950445952,2,2297807,2297925
202607191727,e2e_trace_v3,15102,17293839968015222646,0,planning,in,82998554483008,1,/apollo/prediction,1682,0,1784453354709755351,0,72074992950445953,2,2297807,2297920
202607191727,e2e_trace_v3,15119,17293839968015222646,0,planning,out,82998582209088,1,/apollo/planning,0,1676,1784453354709755351,136,72074992950445953,2,2297807,2297920
202607191727,e2e_trace_v3,15120,17293839968015222647,0,planning,in,82998638682240,1,/apollo/prediction,1683,0,1784453354814317661,0,72074992950445954,2,2297807,2297904
202607191727,e2e_trace_v3,15137,17293839968015222647,0,planning,out,82998668851808,1,/apollo/planning,0,1677,1784453354814317661,136,72074992950445954,2,2297807,2297904
202607191727,e2e_trace_v3,15138,17293839968015222648,0,planning,in,82998752452576,1,/apollo/prediction,1684,0,1784453354923104211,0,72074992950445955,2,2297807,2297902
202607191727,e2e_trace_v3,15155,17293839968015222648,0,planning,out,82998792481728,1,/apollo/planning,0,1678,1784453354923104211,136,72074992950445955,2,2297807,2297902
202607191727,e2e_trace_v3,15156,17293839968015222649,0,planning,in,82998864753152,1,/apollo/prediction,1685,0,1784453355032000850,0,72074992950445956,2,2297807,2297924
202607191727,e2e_trace_v3,15173,17293839968015222649,0,planning,out,82998899334336,1,/apollo/planning,0,1679,1784453355032000850,136,72074992950445956,2,2297807,2297924
202607191727,e2e_trace_v3,15174,17293839968015222650,0,planning,in,82998992502080,1,/apollo/prediction,1686,0,1784453355144129510,0,72074992950445957,2,2297807,2297913
202607191727,e2e_trace_v3,15191,17293839968015222650,0,planning,out,82999032639392,1,/apollo/planning,0,1680,1784453355144129510,136,72074992950445957,2,2297807,2297913
202607191727,e2e_trace_v3,15192,17293839968015222651,0,planning,in,82999109820640,1,/apollo/prediction,1687,0,1784453355253298954,0,72074992950445958,2,2297807,2297911
202607191727,e2e_trace_v3,15209,17293839968015222651,0,planning,out,82999154231744,1,/apollo/planning,0,1681,1784453355253298954,136,72074992950445958,2,2297807,2297911
202607191727,e2e_trace_v3,15210,17293839968015222652,0,planning,in,82999248469920,1,/apollo/prediction,1688,0,1784453355366165973,0,72074992950445959,2,2297807,2297911
202607191727,e2e_trace_v3,15227,17293839968015222652,0,planning,out,82999277766016,1,/apollo/planning,0,1682,1784453355366165973,136,72074992950445959,2,2297807,2297911
202607191727,e2e_trace_v3,15228,17293839968015222653,0,planning,in,82999356546400,1,/apollo/prediction,1689,0,1784453355514468307,0,72074992950445960,2,2297807,2297904
202607191727,e2e_trace_v3,15245,17293839968015222653,0,planning,out,82999385129280,1,/apollo/planning,0,1683,1784453355514468307,138,72074992950445960,2,2297807,2297904
202607191727,e2e_trace_v3,15246,17293839968015222654,0,planning,in,82999477366336,1,/apollo/prediction,1690,0,1784453355621938469,0,72074992950445961,2,2297807,2297904
202607191727,e2e_trace_v3,15263,17293839968015222654,0,planning,out,82999505503584,1,/apollo/planning,0,1684,1784453355621938469,141,72074992950445961,2,2297807,2297904
202607191727,e2e_trace_v3,15264,17293839968015222655,0,planning,in,82999600477888,1,/apollo/prediction,1691,0,1784453355746605791,0,72074992950445962,2,2297807,2297904
202607191727,e2e_trace_v3,15281,17293839968015222655,0,planning,out,82999628385408,1,/apollo/planning,0,1685,1784453355746605791,144,72074992950445962,2,2297807,2297904
202607191727,e2e_trace_v3,15282,17293839968015222656,0,planning,in,82999689716576,1,/apollo/prediction,1692,0,1784453355855344874,0,72074992950445963,2,2297807,2297918
202607191727,e2e_trace_v3,15299,17293839968015222656,0,planning,out,82999731645664,1,/apollo/planning,0,1686,1784453355855344874,145,72074992950445963,2,2297807,2297918
202607191727,e2e_trace_v3,15300,17293839968015222657,0,planning,in,82999797651648,1,/apollo/prediction,1693,0,1784453355964226002,0,72074992950445964,2,2297807,2297906
202607191727,e2e_trace_v3,15317,17293839968015222657,0,planning,out,82999823398112,1,/apollo/planning,0,1687,1784453355964226002,146,72074992950445964,2,2297807,2297906
202607191727,e2e_trace_v3,15318,17293839968015222658,0,planning,in,82999900047200,1,/apollo/prediction,1694,0,1784453356078752253,0,72074992950445965,2,2297807,2297902
202607191727,e2e_trace_v3,15335,17293839968015222658,0,planning,out,82999937509792,1,/apollo/planning,0,1688,1784453356078752253,146,72074992950445965,2,2297807,2297902
202607191727,e2e_trace_v3,15336,17293839968015222659,0,planning,in,83000026356768,1,/apollo/prediction,1695,0,1784453356186127620,0,72074992950445966,1,2297807,2297902
202607191727,e2e_trace_v3,15353,17293839968015222659,0,planning,out,83000057330496,1,/apollo/planning,0,1689,1784453356186127620,147,72074992950445966,1,2297807,2297902
202607191727,e2e_trace_v3,15354,17293839968015222660,0,planning,in,83000135210336,1,/apollo/prediction,1696,0,1784453356292760987,0,72074992950445967,2,2297807,2297904
202607191727,e2e_trace_v3,15371,17293839968015222660,0,planning,out,83000179020000,1,/apollo/planning,0,1690,1784453356292760987,147,72074992950445967,2,2297807,2297904
202607191727,e2e_trace_v3,15372,17293839968015222661,0,planning,in,83000246606016,1,/apollo/prediction,1697,0,1784453356408304902,0,72074992950445968,2,2297807,2297909
202607191727,e2e_trace_v3,15389,17293839968015222661,0,planning,out,83000278232160,1,/apollo/planning,0,1691,1784453356408304902,147,72074992950445968,2,2297807,2297909
202607191727,e2e_trace_v3,15390,17293839968015222662,0,planning,in,83000360407552,1,/apollo/prediction,1698,0,1784453356528559213,0,72074992950445969,1,2297807,2297918
202607191727,e2e_trace_v3,15407,17293839968015222662,0,planning,out,83000391537216,1,/apollo/planning,0,1692,1784453356528559213,147,72074992950445969,1,2297807,2297918
202607191727,e2e_trace_v3,15408,17293839968015222663,0,planning,in,83000467943104,1,/apollo/prediction,1699,0,1784453356634322158,0,72074992950445970,2,2297807,2297902
202607191727,e2e_trace_v3,15425,17293839968015222663,0,planning,out,83000508574272,1,/apollo/planning,0,1693,1784453356634322158,147,72074992950445970,2,2297807,2297902
202607191727,e2e_trace_v3,15426,17293839968015222664,0,planning,in,83000588260416,1,/apollo/prediction,1700,0,1784453356743135847,0,72074992950445971,1,2297807,2297911
202607191727,e2e_trace_v3,15443,17293839968015222664,0,planning,out,83000614539296,1,/apollo/planning,0,1694,1784453356743135847,147,72074992950445971,1,2297807,2297911
202607191727,e2e_trace_v3,15444,17293839968015222665,0,planning,in,83000685435456,1,/apollo/prediction,1701,0,1784453356865023715,0,72074992950445972,2,2297807,2297922
202607191727,e2e_trace_v3,15461,17293839968015222665,0,planning,out,83000721159168,1,/apollo/planning,0,1695,1784453356865023715,147,72074992950445972,2,2297807,2297922
202607191727,e2e_trace_v3,15462,17293839968015222666,0,planning,in,83000800797472,1,/apollo/prediction,1702,0,1784453356977811671,0,72074992950445973,2,2297807,2297913
202607191727,e2e_trace_v3,15479,17293839968015222666,0,planning,out,83000839859936,1,/apollo/planning,0,1696,1784453356977811671,148,72074992950445973,2,2297807,2297913
202607191727,e2e_trace_v3,15480,17293839968015222667,0,planning,in,83000912579904,1,/apollo/prediction,1703,0,1784453357083780442,0,72074992950445974,2,2297807,2297920
202607191727,e2e_trace_v3,15497,17293839968015222667,0,planning,out,83000956783968,1,/apollo/planning,0,1697,1784453357083780442,148,72074992950445974,2,2297807,2297920
202607191727,e2e_trace_v3,15498,17293839968015222668,0,planning,in,83001038462944,1,/apollo/prediction,1704,0,1784453357187377364,0,72074992950445975,2,2297807,2297906
202607191727,e2e_trace_v3,15515,17293839968015222668,0,planning,out,83001071126688,1,/apollo/planning,0,1698,1784453357187377364,149,72074992950445975,2,2297807,2297906
202607191727,e2e_trace_v3,15516,17293839968015222669,0,planning,in,83001262847424,1,/apollo/prediction,1705,0,1784453357415446185,0,72074992950445976,2,2297807,2297900
202607191727,e2e_trace_v3,15533,17293839968015222669,0,planning,out,83001292023200,1,/apollo/planning,0,1699,1784453357415446185,150,72074992950445976,2,2297807,2297900
202607191727,e2e_trace_v3,15534,17293839968015222670,0,planning,in,83001355038304,1,/apollo/prediction,1706,0,1784453357520616958,0,72074992950445977,2,2297807,2297906
202607191727,e2e_trace_v3,15551,17293839968015222670,0,planning,out,83001393651008,1,/apollo/planning,0,1700,1784453357520616958,150,72074992950445977,2,2297807,2297906
202607191727,e2e_trace_v3,15552,17293839968015222671,0,planning,in,83001460831584,1,/apollo/prediction,1707,0,1784453357623872164,0,72074992950445978,2,2297807,2297924
202607191727,e2e_trace_v3,15569,17293839968015222671,0,planning,out,83001494407936,1,/apollo/planning,0,1701,1784453357623872164,150,72074992950445978,2,2297807,2297924
202607191727,e2e_trace_v3,15570,17293839968015222672,0,planning,in,83001580688256,1,/apollo/prediction,1708,0,1784453357729842707,0,72074992950445979,2,2297807,2297904
202607191727,e2e_trace_v3,15587,17293839968015222672,0,planning,out,83001619364800,1,/apollo/planning,0,1702,1784453357729842707,151,72074992950445979,2,2297807,2297904
202607191727,e2e_trace_v3,15588,17293839968015222673,0,planning,in,83001684252864,1,/apollo/prediction,1709,0,1784453357842660188,0,72074992950445980,2,2297807,2297918
202607191727,e2e_trace_v3,15605,17293839968015222673,0,planning,out,83001711663104,1,/apollo/planning,0,1703,1784453357842660188,151,72074992950445980,2,2297807,2297918
202607191727,e2e_trace_v3,15606,17293839968015222674,0,planning,in,83001792425472,1,/apollo/prediction,1710,0,1784453357950897880,0,72074992950445981,2,2297807,2297908
202607191727,e2e_trace_v3,15623,17293839968015222674,0,planning,out,83001822660576,1,/apollo/planning,0,1704,1784453357950897880,152,72074992950445981,2,2297807,2297908
202607191727,e2e_trace_v3,15624,17293839968015222675,0,planning,in,83001892929184,1,/apollo/prediction,1711,0,1784453358060666433,0,72074992950445982,2,2297807,2297906
202607191727,e2e_trace_v3,15641,17293839968015222675,0,planning,out,83001929143712,1,/apollo/planning,0,1705,1784453358060666433,152,72074992950445982,2,2297807,2297906
202607191727,e2e_trace_v3,15642,17293839968015222676,0,planning,in,83002006062784,1,/apollo/prediction,1712,0,1784453358167458501,1,72074992950445983,2,2297807,2297904
202607191727,e2e_trace_v3,15659,17293839968015222676,0,planning,out,83002048618336,1,/apollo/planning,0,1706,1784453358167458501,152,72074992950445983,2,2297807,2297904
202607191727,e2e_trace_v3,15660,17293839968015222677,0,planning,in,83002113722304,1,/apollo/prediction,1713,0,1784453358277211223,0,72074992950445984,2,2297807,2297902
202607191727,e2e_trace_v3,15677,17293839968015222677,0,planning,out,83002155886720,1,/apollo/planning,0,1707,1784453358277211223,153,72074992950445984,2,2297807,2297902
202607191727,e2e_trace_v3,15678,17293839968015222678,0,planning,in,83002232508512,1,/apollo/prediction,1714,0,1784453358384008299,1,72074992950445985,2,2297807,2297925
202607191727,e2e_trace_v3,15695,17293839968015222678,0,planning,out,83002272378240,1,/apollo/planning,0,1708,1784453358384008299,154,72074992950445985,2,2297807,2297925
202607191727,e2e_trace_v3,15696,17293839968015222679,0,planning,in,83002338555072,1,/apollo/prediction,1715,0,1784453358491595999,0,72074992950445986,2,2297807,2297906
202607191727,e2e_trace_v3,15713,17293839968015222679,0,planning,out,83002369450912,1,/apollo/planning,0,1709,1784453358491595999,154,72074992950445986,2,2297807,2297906
202607191727,e2e_trace_v3,15714,17293839968015222680,0,planning,in,83002430829952,1,/apollo/prediction,1716,0,1784453358599147526,0,72074992950445987,2,2297807,2297925
202607191727,e2e_trace_v3,15731,17293839968015222680,0,planning,out,83002463133280,1,/apollo/planning,0,1710,1784453358599147526,154,72074992950445987,2,2297807,2297925
202607191727,e2e_trace_v3,15732,17293839968015222681,0,planning,in,83002536717856,1,/apollo/prediction,1717,0,1784453358706930494,0,72074992950445988,2,2297807,2297900
202607191727,e2e_trace_v3,15749,17293839968015222681,0,planning,out,83002569569504,1,/apollo/planning,0,1711,1784453358706930494,153,72074992950445988,2,2297807,2297900
202607191727,e2e_trace_v3,15750,17293839968015222682,0,planning,in,83002647989248,1,/apollo/prediction,1718,0,1784453358814170443,0,72074992950445989,1,2297807,2297911
202607191727,e2e_trace_v3,15767,17293839968015222682,0,planning,out,83002675252736,1,/apollo/planning,0,1712,1784453358814170443,153,72074992950445989,1,2297807,2297911
202607191727,e2e_trace_v3,15768,17293839968015222683,0,planning,in,83002752322272,1,/apollo/prediction,1719,0,1784453358925585189,0,72074992950445990,2,2297807,2297915
202607191727,e2e_trace_v3,15785,17293839968015222683,0,planning,out,83002778549152,1,/apollo/planning,0,1713,1784453358925585189,154,72074992950445990,2,2297807,2297915
202607191727,e2e_trace_v3,15786,17293839968015222684,0,planning,in,83002863294208,1,/apollo/prediction,1720,0,1784453359035833951,0,72074992950445991,2,2297807,2297904
202607191727,e2e_trace_v3,15803,17293839968015222684,0,planning,out,83002892974272,1,/apollo/planning,0,1714,1784453359035833951,154,72074992950445991,2,2297807,2297904
202607191727,e2e_trace_v3,15804,17293839968015222685,0,planning,in,83002980087840,1,/apollo/prediction,1721,0,1784453359148378873,0,72074992950445992,2,2297807,2297922
202607191727,e2e_trace_v3,15821,17293839968015222685,0,planning,out,83003019831168,1,/apollo/planning,0,1715,1784453359148378873,111,72074992950445992,2,2297807,2297922
202607191727,e2e_trace_v3,15822,17293839968015222686,0,planning,in,83003119989088,1,/apollo/prediction,1722,0,1784453359260759441,0,72074992950445993,2,2297807,2297924
202607191727,e2e_trace_v3,15839,17293839968015222686,0,planning,out,83003153399872,1,/apollo/planning,0,1716,1784453359260759441,118,72074992950445993,2,2297807,2297924
202607191727,e2e_trace_v3,15840,17293839968015222687,0,planning,in,83003223974112,1,/apollo/prediction,1723,0,1784453359383284193,0,72074992950445994,2,2297807,2297911
202607191727,e2e_trace_v3,15857,17293839968015222687,0,planning,out,83003250367968,1,/apollo/planning,0,1717,1784453359383284193,124,72074992950445994,2,2297807,2297911
202607191727,e2e_trace_v3,15858,17293839968015222688,0,planning,in,83003325327648,1,/apollo/prediction,1724,0,1784453359493224934,0,72074992950445995,1,2297807,2297904
202607191727,e2e_trace_v3,15875,17293839968015222688,0,planning,out,83003355725376,1,/apollo/planning,0,1718,1784453359493224934,129,72074992950445995,1,2297807,2297904
202607191727,e2e_trace_v3,15876,17293839968015222689,0,planning,in,83003444597440,1,/apollo/prediction,1725,0,1784453359604341684,0,72074992950445996,2,2297807,2297909
202607191727,e2e_trace_v3,15893,17293839968015222689,0,planning,out,83003472908480,1,/apollo/planning,0,1719,1784453359604341684,135,72074992950445996,2,2297807,2297909
202607191727,e2e_trace_v3,15894,17293839968015222690,0,planning,in,83003566476096,1,/apollo/prediction,1726,0,1784453359714665711,0,72074992950445997,2,2297807,2297909
202607191727,e2e_trace_v3,15911,17293839968015222690,0,planning,out,83003595663904,1,/apollo/planning,0,1720,1784453359714665711,136,72074992950445997,2,2297807,2297909
202607191727,e2e_trace_v3,15912,17293839968015222691,0,planning,in,83003667929920,1,/apollo/prediction,1727,0,1784453359826858979,0,72074992950445998,1,2297807,2297924
202607191727,e2e_trace_v3,15929,17293839968015222691,0,planning,out,83003694018048,1,/apollo/planning,0,1721,1784453359826858979,136,72074992950445998,1,2297807,2297924
202607191727,e2e_trace_v3,15930,17293839968015222692,0,planning,in,83003783020992,1,/apollo/prediction,1728,0,1784453359934554928,0,72074992950445999,2,2297807,2297924
202607191727,e2e_trace_v3,15947,17293839968015222692,0,planning,out,83003812500000,1,/apollo/planning,0,1722,1784453359934554928,136,72074992950445999,2,2297807,2297924
202607191727,e2e_trace_v3,15948,17293839968015222693,0,planning,in,83003880810080,1,/apollo/prediction,1729,0,1784453360043439597,0,72074992950446000,2,2297807,2297922
202607191727,e2e_trace_v3,15965,17293839968015222693,0,planning,out,83003908200704,1,/apollo/planning,0,1723,1784453360043439597,136,72074992950446000,2,2297807,2297922
202607191727,e2e_trace_v3,15966,17293839968015222694,0,planning,in,83003983022368,1,/apollo/prediction,1730,0,1784453360152472862,0,72074992950446001,2,2297807,2297918
202607191727,e2e_trace_v3,15983,17293839968015222694,0,planning,out,83004006727584,1,/apollo/planning,0,1724,1784453360152472862,136,72074992950446001,2,2297807,2297918
202607191727,e2e_trace_v3,15984,17293839968015222695,0,planning,in,83004101291584,1,/apollo/prediction,1731,0,1784453360259213911,0,72074992950446002,2,2297807,2297918
202607191727,e2e_trace_v3,16001,17293839968015222695,0,planning,out,83004131748096,1,/apollo/planning,0,1725,1784453360259213911,137,72074992950446002,2,2297807,2297918
202607191727,e2e_trace_v3,16002,17293839968015222696,0,planning,in,83004200280640,1,/apollo/prediction,1732,0,1784453360367438743,0,72074992950446003,2,2297807,2297900
202607191727,e2e_trace_v3,16019,17293839968015222696,0,planning,out,83004245589312,1,/apollo/planning,0,1726,1784453360367438743,137,72074992950446003,2,2297807,2297900
202607191727,e2e_trace_v3,16020,17293839968015222697,0,planning,in,83004326997888,1,/apollo/prediction,1733,0,1784453360478808925,0,72074992950446004,2,2297807,2297900
202607191727,e2e_trace_v3,16037,17293839968015222697,0,planning,out,83004356005600,1,/apollo/planning,0,1727,1784453360478808925,139,72074992950446004,2,2297807,2297900
202607191727,e2e_trace_v3,16038,17293839968015222698,0,planning,in,83004452353856,1,/apollo/prediction,1734,0,1784453360591030781,0,72074992950446005,2,2297807,2297900
202607191727,e2e_trace_v3,16055,17293839968015222698,0,planning,out,83004481040992,1,/apollo/planning,0,1728,1784453360591030781,140,72074992950446005,2,2297807,2297900
202607191727,e2e_trace_v3,16056,17293839968015222699,0,planning,in,83004562242528,1,/apollo/prediction,1735,0,1784453360715439290,0,72074992950446006,2,2297807,2297918
202607191727,e2e_trace_v3,16073,17293839968015222699,0,planning,out,83004590047776,1,/apollo/planning,0,1729,1784453360715439290,141,72074992950446006,2,2297807,2297918
202607191727,e2e_trace_v3,16074,17293839968015222700,0,planning,in,83004672008640,1,/apollo/prediction,1736,0,1784453360827818274,0,72074992950446007,2,2297807,2297904
202607191727,e2e_trace_v3,16091,17293839968015222700,0,planning,out,83004716379872,1,/apollo/planning,0,1730,1784453360827818274,142,72074992950446007,2,2297807,2297904
202607191727,e2e_trace_v3,16092,17293839968015222701,0,planning,in,83004783628160,1,/apollo/prediction,1737,0,1784453360938256148,0,72074992950446008,2,2297807,2297915
202607191727,e2e_trace_v3,16109,17293839968015222701,0,planning,out,83004828359776,1,/apollo/planning,0,1731,1784453360938256148,143,72074992950446008,2,2297807,2297915
202607191727,e2e_trace_v3,16110,17293839968015222702,0,planning,in,83004880640224,1,/apollo/prediction,1738,0,1784453361048013681,0,72074992950446009,2,2297807,2297913
202607191727,e2e_trace_v3,16127,17293839968015222702,0,planning,out,83004912346720,1,/apollo/planning,0,1732,1784453361048013681,143,72074992950446009,2,2297807,2297913
202607191727,e2e_trace_v3,16128,17293839968015222703,0,planning,in,83004980860416,1,/apollo/prediction,1739,0,1784453361160595271,0,72074992950446010,2,2297807,2297909
202607191727,e2e_trace_v3,16145,17293839968015222703,0,planning,out,83005021265792,1,/apollo/planning,0,1733,1784453361160595271,144,72074992950446010,2,2297807,2297909
202607191727,e2e_trace_v3,16146,17293839968015222704,0,planning,in,83005124674336,1,/apollo/prediction,1740,0,1784453361269217525,0,72074992950446011,2,2297807,2297906
202607191727,e2e_trace_v3,16163,17293839968015222704,0,planning,out,83005152863904,1,/apollo/planning,0,1734,1784453361269217525,146,72074992950446011,2,2297807,2297906
202607191727,e2e_trace_v3,16164,17293839968015222705,0,planning,in,83005220617344,1,/apollo/prediction,1741,0,1784453361379536747,0,72074992950446012,2,2297807,2297904
202607191727,e2e_trace_v3,16181,17293839968015222705,0,planning,out,83005260996288,1,/apollo/planning,0,1735,1784453361379536747,146,72074992950446012,2,2297807,2297904
202607191727,e2e_trace_v3,16182,17293839968015222706,0,planning,in,83005323972736,1,/apollo/prediction,1742,0,1784453361490453453,0,72074992950446013,1,2297807,2297911
202607191727,e2e_trace_v3,16199,17293839968015222706,0,planning,out,83005371407008,1,/apollo/planning,0,1736,1784453361490453453,147,72074992950446013,1,2297807,2297911
202607191727,e2e_trace_v3,16200,17293839968015222707,0,planning,in,83005445486592,1,/apollo/prediction,1743,0,1784453361604144401,0,72074992950446014,2,2297807,2297896
202607191727,e2e_trace_v3,16217,17293839968015222707,0,planning,out,83005471043104,1,/apollo/planning,0,1737,1784453361604144401,148,72074992950446014,2,2297807,2297896
202607191727,e2e_trace_v3,16218,17293839968015222708,0,planning,in,83005562314400,1,/apollo/prediction,1744,0,1784453361712683123,0,72074992950446015,2,2297807,2297925
202607191727,e2e_trace_v3,16235,17293839968015222708,0,planning,out,83005610488224,1,/apollo/planning,0,1738,1784453361712683123,149,72074992950446015,2,2297807,2297925
202607191727,e2e_trace_v3,16236,17293839968015222709,0,planning,in,83005669675680,1,/apollo/prediction,1745,0,1784453361824872622,0,72074992950446016,2,2297807,2297915
202607191727,e2e_trace_v3,16253,17293839968015222709,0,planning,out,83005704171168,1,/apollo/planning,0,1739,1784453361824872622,149,72074992950446016,2,2297807,2297915
202607191727,e2e_trace_v3,16254,17293839968015222710,0,planning,in,83005796440768,1,/apollo/prediction,1746,0,1784453361939909908,0,72074992950446017,2,2297807,2297915
202607191727,e2e_trace_v3,16271,17293839968015222710,0,planning,out,83005822539104,1,/apollo/planning,0,1740,1784453361939909908,150,72074992950446017,2,2297807,2297915
202607191727,e2e_trace_v3,16272,17293839968015222711,0,planning,in,83005890797888,1,/apollo/prediction,1747,0,1784453362051657569,0,72074992950446018,2,2297807,2297898
202607191727,e2e_trace_v3,16289,17293839968015222711,0,planning,out,83005915143104,1,/apollo/planning,0,1741,1784453362051657569,150,72074992950446018,2,2297807,2297898
202607191727,e2e_trace_v3,16290,17293839968015222712,0,planning,in,83005996507328,1,/apollo/prediction,1748,0,1784453362161483774,0,72074992950446019,2,2297807,2297898
202607191727,e2e_trace_v3,16307,17293839968015222712,0,planning,out,83006024005600,1,/apollo/planning,0,1742,1784453362161483774,150,72074992950446019,2,2297807,2297898
202607191727,e2e_trace_v3,16308,17293839968015222713,0,planning,in,83006101793280,1,/apollo/prediction,1749,0,1784453362273717186,0,72074992950446020,2,2297807,2297896
202607191727,e2e_trace_v3,16325,17293839968015222713,0,planning,out,83006141998272,1,/apollo/planning,0,1743,1784453362273717186,151,72074992950446020,2,2297807,2297896
202607191727,e2e_trace_v3,16326,17293839968015222714,0,planning,in,83006206665440,1,/apollo/prediction,1750,0,1784453362382529594,0,72074992950446021,1,2297807,2297924
202607191727,e2e_trace_v3,16343,17293839968015222714,0,planning,out,83006234879008,1,/apollo/planning,0,1744,1784453362382529594,111,72074992950446021,1,2297807,2297924
202607191727,e2e_trace_v3,16344,17293839968015222715,0,planning,in,83006338517408,1,/apollo/prediction,1751,0,1784453362491193017,0,72074992950446022,2,2297807,2297918
202607191727,e2e_trace_v3,16361,17293839968015222715,0,planning,out,83006364461024,1,/apollo/planning,0,1745,1784453362491193017,118,72074992950446022,2,2297807,2297918
202607191727,e2e_trace_v3,16362,17293839968015222716,0,planning,in,83006467134528,1,/apollo/prediction,1752,0,1784453362625141856,0,72074992950446023,2,2297807,2297918
202607191727,e2e_trace_v3,16379,17293839968015222716,0,planning,out,83006492985824,1,/apollo/planning,0,1746,1784453362625141856,125,72074992950446023,2,2297807,2297918
202607191727,e2e_trace_v3,16380,17293839968015222717,0,planning,in,83006592441408,1,/apollo/prediction,1753,0,1784453362736727309,0,72074992950446024,2,2297807,2297902
202607191727,e2e_trace_v3,16397,17293839968015222717,0,planning,out,83006638677376,1,/apollo/planning,0,1747,1784453362736727309,131,72074992950446024,2,2297807,2297902
202607191727,e2e_trace_v3,16398,17293839968015222718,0,planning,in,83006684239136,1,/apollo/prediction,1754,0,1784453362844279965,0,72074992950446025,2,2297807,2297906
202607191727,e2e_trace_v3,16415,17293839968015222718,0,planning,out,83006709766336,1,/apollo/planning,0,1748,1784453362844279965,135,72074992950446025,2,2297807,2297906
202607191727,e2e_trace_v3,16416,17293839968015222719,0,planning,in,83006802457600,1,/apollo/prediction,1755,0,1784453362956654090,0,72074992950446026,2,2297807,2297898
202607191727,e2e_trace_v3,16433,17293839968015222719,0,planning,out,83006829466912,1,/apollo/planning,0,1749,1784453362956654090,136,72074992950446026,2,2297807,2297898
202607191727,e2e_trace_v3,16434,17293839968015222720,0,planning,in,83006900223040,1,/apollo/prediction,1756,0,1784453363064492053,0,72074992950446027,2,2297807,2297924
202607191727,e2e_trace_v3,16451,17293839968015222720,0,planning,out,83006932078016,1,/apollo/planning,0,1750,1784453363064492053,136,72074992950446027,2,2297807,2297924
202607191727,e2e_trace_v3,16452,17293839968015222721,0,planning,in,83007008000000,1,/apollo/prediction,1757,0,1784453363173547601,0,72074992950446028,1,2297807,2297908
202607191727,e2e_trace_v3,16469,17293839968015222721,0,planning,out,83007039340416,1,/apollo/planning,0,1751,1784453363173547601,136,72074992950446028,1,2297807,2297908
202607191727,e2e_trace_v3,16470,17293839968015222722,0,planning,in,83007136076768,1,/apollo/prediction,1758,0,1784453363284654020,0,72074992950446029,2,2297807,2297908
202607191727,e2e_trace_v3,16487,17293839968015222722,0,planning,out,83007169837984,1,/apollo/planning,0,1752,1784453363284654020,137,72074992950446029,2,2297807,2297908
202607191727,e2e_trace_v3,16488,17293839968015222723,0,planning,in,83007259512672,1,/apollo/prediction,1759,0,1784453363401345624,0,72074992950446030,2,2297807,2297908
202607191727,e2e_trace_v3,16505,17293839968015222723,0,planning,out,83007288466464,1,/apollo/planning,0,1753,1784453363401345624,138,72074992950446030,2,2297807,2297908
202607191727,e2e_trace_v3,16506,17293839968015222724,0,planning,in,83007376571040,1,/apollo/prediction,1760,0,1784453363514687951,0,72074992950446031,2,2297807,2297922
202607191727,e2e_trace_v3,16523,17293839968015222724,0,planning,out,83007406088160,1,/apollo/planning,0,1754,1784453363514687951,139,72074992950446031,2,2297807,2297922
202607191727,e2e_trace_v3,16524,17293839968015222725,0,planning,in,83007471675712,1,/apollo/prediction,1761,0,1784453363636030916,0,72074992950446032,2,2297807,2297902
202607191727,e2e_trace_v3,16541,17293839968015222725,0,planning,out,83007521449216,1,/apollo/planning,0,1755,1784453363636030916,139,72074992950446032,2,2297807,2297902
202607191727,e2e_trace_v3,16542,17293839968015222726,0,planning,in,83007608629376,1,/apollo/prediction,1762,0,1784453363746906078,0,72074992950446033,2,2297807,2297918
202607191727,e2e_trace_v3,16559,17293839968015222726,0,planning,out,83007656578592,1,/apollo/planning,0,1756,1784453363746906078,142,72074992950446033,2,2297807,2297918
202607191727,e2e_trace_v3,16560,17293839968015222727,0,planning,in,83007706690048,1,/apollo/prediction,1763,0,1784453363859338559,0,72074992950446034,2,2297807,2297908
202607191727,e2e_trace_v3,16577,17293839968015222727,0,planning,out,83007741914624,1,/apollo/planning,0,1757,1784453363859338559,142,72074992950446034,2,2297807,2297908
202607191727,e2e_trace_v3,16578,17293839968015222728,0,planning,in,83007832384992,1,/apollo/prediction,1764,0,1784453363976159561,0,72074992950446035,2,2297807,2297909
202607191727,e2e_trace_v3,16595,17293839968015222728,0,planning,out,83007858215232,1,/apollo/planning,0,1758,1784453363976159561,144,72074992950446035,2,2297807,2297909
202607191727,e2e_trace_v3,16596,17293839968015222729,0,planning,in,83007920541888,1,/apollo/prediction,1765,0,1784453364090167870,0,72074992950446036,2,2297807,2297902
202607191727,e2e_trace_v3,16613,17293839968015222729,0,planning,out,83007947538336,1,/apollo/planning,0,1759,1784453364090167870,143,72074992950446036,2,2297807,2297902
202607191727,e2e_trace_v3,16614,17293839968015222730,0,planning,in,83008054770624,1,/apollo/prediction,1766,0,1784453364201491122,0,72074992950446037,2,2297807,2297918
202607191727,e2e_trace_v3,16631,17293839968015222730,0,planning,out,83008087647840,1,/apollo/planning,0,1760,1784453364201491122,146,72074992950446037,2,2297807,2297918
202607191727,e2e_trace_v3,16632,17293839968015222731,0,planning,in,83008178140000,1,/apollo/prediction,1767,0,1784453364309340407,0,72074992950446038,2,2297807,2297918
202607191727,e2e_trace_v3,16649,17293839968015222731,0,planning,out,83008208088128,1,/apollo/planning,0,1761,1784453364309340407,147,72074992950446038,2,2297807,2297918
202607191727,e2e_trace_v3,16650,17293839968015222732,0,planning,in,83008279669888,1,/apollo/prediction,1768,0,1784453364427639910,0,72074992950446039,2,2297807,2297908
202607191727,e2e_trace_v3,16667,17293839968015222732,0,planning,out,83008317881792,1,/apollo/planning,0,1762,1784453364427639910,148,72074992950446039,2,2297807,2297908
202607191727,e2e_trace_v3,16668,17293839968015222733,0,planning,in,83008373455136,1,/apollo/prediction,1769,0,1784453364538575460,0,72074992950446040,2,2297807,2297924
202607191727,e2e_trace_v3,16685,17293839968015222733,0,planning,out,83008408614176,1,/apollo/planning,0,1763,1784453364538575460,148,72074992950446040,2,2297807,2297924
202607191727,e2e_trace_v3,16686,17293839968015222734,0,planning,in,83008509126464,1,/apollo/prediction,1770,0,1784453364648228328,0,72074992950446041,2,2297807,2297920
202607191727,e2e_trace_v3,16703,17293839968015222734,0,planning,out,83008554452256,1,/apollo/planning,0,1764,1784453364648228328,150,72074992950446041,2,2297807,2297920
202607191727,e2e_trace_v3,16704,17293839968015222735,0,planning,in,83008604807552,1,/apollo/prediction,1771,0,1784453364763464862,0,72074992950446042,2,2297807,2297896
202607191727,e2e_trace_v3,16721,17293839968015222735,0,planning,out,83008650526144,1,/apollo/planning,0,1765,1784453364763464862,149,72074992950446042,2,2297807,2297896
202607191727,e2e_trace_v3,16722,17293839968015222736,0,planning,in,83008720516992,1,/apollo/prediction,1772,0,1784453364875229143,0,72074992950446043,2,2297807,2297922
202607191727,e2e_trace_v3,16739,17293839968015222736,0,planning,out,83008753802912,1,/apollo/planning,0,1766,1784453364875229143,151,72074992950446043,2,2297807,2297922
202607191727,e2e_trace_v3,16740,17293839968015222737,0,planning,in,83008827844608,1,/apollo/prediction,1773,0,1784453364983105101,0,72074992950446044,2,2297807,2297909
202607191727,e2e_trace_v3,16757,17293839968015222737,0,planning,out,83008853340288,1,/apollo/planning,0,1767,1784453364983105101,152,72074992950446044,2,2297807,2297909
202607191727,e2e_trace_v3,16758,17293839968015222738,0,planning,in,83008919910720,1,/apollo/prediction,1774,0,1784453365090904208,0,72074992950446045,2,2297807,2297924
202607191727,e2e_trace_v3,16775,17293839968015222738,0,planning,out,83008947101056,1,/apollo/planning,0,1768,1784453365090904208,151,72074992950446045,2,2297807,2297924
202607191727,e2e_trace_v3,16776,17293839968015222739,0,planning,in,83009034200416,1,/apollo/prediction,1775,0,1784453365202938456,0,72074992950446046,2,2297807,2297922
202607191727,e2e_trace_v3,16793,17293839968015222739,0,planning,out,83009061671712,1,/apollo/planning,0,1769,1784453365202938456,152,72074992950446046,2,2297807,2297922
202607191727,e2e_trace_v3,16794,17293839968015222740,0,planning,in,83009139451776,1,/apollo/prediction,1776,0,1784453365313434040,0,72074992950446047,2,2297807,2297913
202607191727,e2e_trace_v3,16811,17293839968015222740,0,planning,out,83009179219392,1,/apollo/planning,0,1770,1784453365313434040,151,72074992950446047,2,2297807,2297913
202607191727,e2e_trace_v3,16812,17293839968015222741,0,planning,in,83009250596800,1,/apollo/prediction,1777,0,1784453365420817974,0,72074992950446048,2,2297807,2297922
202607191727,e2e_trace_v3,16829,17293839968015222741,0,planning,out,83009278304608,1,/apollo/planning,0,1771,1784453365420817974,111,72074992950446048,2,2297807,2297922
202607191727,e2e_trace_v3,16830,17293839968015222742,0,planning,in,83009372397408,1,/apollo/prediction,1778,0,1784453365531457774,0,72074992950446049,2,2297807,2297896
202607191727,e2e_trace_v3,16847,17293839968015222742,0,planning,out,83009404101216,1,/apollo/planning,0,1772,1784453365531457774,118,72074992950446049,2,2297807,2297896
202607191727,e2e_trace_v3,16848,17293839968015222743,0,planning,in,83009485410912,1,/apollo/prediction,1779,0,1784453365662386318,0,72074992950446050,2,2297807,2297920
202607191727,e2e_trace_v3,16865,17293839968015222743,0,planning,out,83009526276288,1,/apollo/planning,0,1773,1784453365662386318,123,72074992950446050,2,2297807,2297920
202607191727,e2e_trace_v3,16866,17293839968015222744,0,planning,in,83009628102784,1,/apollo/prediction,1780,0,1784453365771980379,0,72074992950446051,2,2297807,2297904
202607191727,e2e_trace_v3,16883,17293839968015222744,0,planning,out,83009669163392,1,/apollo/planning,0,1774,1784453365771980379,130,72074992950446051,2,2297807,2297904
202607191727,e2e_trace_v3,16884,17293839968015222745,0,planning,in,83009742096896,1,/apollo/prediction,1781,0,1784453365883713936,0,72074992950446052,2,2297807,2297925
202607191727,e2e_trace_v3,16901,17293839968015222745,0,planning,out,83009770868288,1,/apollo/planning,0,1775,1784453365883713936,136,72074992950446052,2,2297807,2297925
202607191727,e2e_trace_v3,16902,17293839968015222746,0,planning,in,83009848329664,1,/apollo/prediction,1782,0,1784453366001913663,0,72074992950446053,2,2297807,2297896
202607191727,e2e_trace_v3,16919,17293839968015222746,0,planning,out,83009875902720,1,/apollo/planning,0,1776,1784453366001913663,136,72074992950446053,2,2297807,2297896
202607191727,e2e_trace_v3,16920,17293839968015222747,0,planning,in,83009944388320,1,/apollo/prediction,1783,0,1784453366114226369,0,72074992950446054,2,2297807,2297902
202607191727,e2e_trace_v3,16937,17293839968015222747,0,planning,out,83009979524192,1,/apollo/planning,0,1777,1784453366114226369,140,72074992950446054,2,2297807,2297902
202607191727,e2e_trace_v3,16938,17293839968015222748,0,planning,in,83010069579616,1,/apollo/prediction,1784,0,1784453366228081145,0,72074992950446055,2,2297807,2297922
202607191727,e2e_trace_v3,16955,17293839968015222748,0,planning,out,83010097423744,1,/apollo/planning,0,1778,1784453366228081145,136,72074992950446055,2,2297807,2297922
202607191727,e2e_trace_v3,16956,17293839968015222749,0,planning,in,83010199603968,1,/apollo/prediction,1785,0,1784453366353466299,0,72074992950446056,2,2297807,2297911
202607191727,e2e_trace_v3,16973,17293839968015222749,0,planning,out,83010232415008,1,/apollo/planning,0,1779,1784453366353466299,138,72074992950446056,2,2297807,2297911
202607191727,e2e_trace_v3,16974,17293839968015222750,0,planning,in,83010320735872,1,/apollo/prediction,1786,0,1784453366462068337,0,72074992950446057,2,2297807,2297913
202607191727,e2e_trace_v3,16991,17293839968015222750,0,planning,out,83010354956640,1,/apollo/planning,0,1780,1784453366462068337,139,72074992950446057,2,2297807,2297913
202607191727,e2e_trace_v3,16992,17293839968015222751,0,planning,in,83010428349568,1,/apollo/prediction,1787,0,1784453366573718437,0,72074992950446058,2,2297807,2297902
202607191727,e2e_trace_v3,17009,17293839968015222751,0,planning,out,83010467204064,1,/apollo/planning,0,1781,1784453366573718437,139,72074992950446058,2,2297807,2297902
202607191727,e2e_trace_v3,17010,17293839968015222752,0,planning,in,83010544613344,1,/apollo/prediction,1788,0,1784453366701370414,0,72074992950446059,2,2297807,2297906
202607191727,e2e_trace_v3,17027,17293839968015222752,0,planning,out,83010590743584,1,/apollo/planning,0,1782,1784453366701370414,141,72074992950446059,2,2297807,2297906
202607191727,e2e_trace_v3,17028,17293839968015222753,0,planning,in,83010671969216,1,/apollo/prediction,1789,0,1784453366812916154,0,72074992950446060,2,2297807,2297898
202607191727,e2e_trace_v3,17045,17293839968015222753,0,planning,out,83010727546176,1,/apollo/planning,0,1783,1784453366812916154,143,72074992950446060,2,2297807,2297898
202607191727,e2e_trace_v3,17046,17293839968015222754,0,planning,in,83010788511072,1,/apollo/prediction,1790,0,1784453366926912697,0,72074992950446061,2,2297807,2297896
202607191727,e2e_trace_v3,17063,17293839968015222754,0,planning,out,83010817976160,1,/apollo/planning,0,1784,1784453366926912697,144,72074992950446061,2,2297807,2297896
202607191727,e2e_trace_v3,17064,17293839968015222755,0,planning,in,83010875111328,1,/apollo/prediction,1791,0,1784453367038916158,0,72074992950446062,2,2297807,2297898
202607191727,e2e_trace_v3,17081,17293839968015222755,0,planning,out,83010902205504,1,/apollo/planning,0,1785,1784453367038916158,144,72074992950446062,2,2297807,2297898
202607191727,e2e_trace_v3,17082,17293839968015222756,0,planning,in,83010984683232,1,/apollo/prediction,1792,0,1784453367153292154,0,72074992950446063,2,2297807,2297898
202607191727,e2e_trace_v3,17099,17293839968015222756,0,planning,out,83011013384896,1,/apollo/planning,0,1786,1784453367153292154,145,72074992950446063,2,2297807,2297898
202607191727,e2e_trace_v3,17100,17293839968015222757,0,planning,in,83011092046432,1,/apollo/prediction,1793,0,1784453367263707784,0,72074992950446064,2,2297807,2297906
202607191727,e2e_trace_v3,17117,17293839968015222757,0,planning,out,83011134373568,1,/apollo/planning,0,1787,1784453367263707784,146,72074992950446064,2,2297807,2297906
202607191727,e2e_trace_v3,17118,17293839968015222758,0,planning,in,83011216811680,1,/apollo/prediction,1794,0,1784453367374436222,0,72074992950446065,2,2297807,2297925
202607191727,e2e_trace_v3,17135,17293839968015222758,0,planning,out,83011265481536,1,/apollo/planning,0,1788,1784453367374436222,147,72074992950446065,2,2297807,2297925
202607191727,e2e_trace_v3,17136,17293839968015222759,0,planning,in,83011332380384,1,/apollo/prediction,1795,0,1784453367482950845,0,72074992950446066,2,2297807,2297920
202607191727,e2e_trace_v3,17153,17293839968015222759,0,planning,out,83011367526016,1,/apollo/planning,0,1789,1784453367482950845,149,72074992950446066,2,2297807,2297920
202607191727,e2e_trace_v3,17154,17293839968015222760,0,planning,in,83011428430592,1,/apollo/prediction,1796,0,1784453367590291359,0,72074992950446067,2,2297807,2297925
202607191727,e2e_trace_v3,17171,17293839968015222760,0,planning,out,83011461280032,1,/apollo/planning,0,1790,1784453367590291359,148,72074992950446067,2,2297807,2297925
202607191727,e2e_trace_v3,17172,17293839968015222761,0,planning,in,83011536297376,1,/apollo/prediction,1797,0,1784453367703494489,0,72074992950446068,2,2297807,2297922
202607191727,e2e_trace_v3,17189,17293839968015222761,0,planning,out,83011568066400,1,/apollo/planning,0,1791,1784453367703494489,149,72074992950446068,2,2297807,2297922
202607191727,e2e_trace_v3,17190,17293839968015222762,0,planning,in,83011660313024,1,/apollo/prediction,1798,0,1784453367814227629,0,72074992950446069,2,2297807,2297909
202607191727,e2e_trace_v3,17207,17293839968015222762,0,planning,out,83011698839360,1,/apollo/planning,0,1792,1784453367814227629,151,72074992950446069,2,2297807,2297909
202607191727,e2e_trace_v3,17208,17293839968015222763,0,planning,in,83011769079264,1,/apollo/prediction,1799,0,1784453367923904725,0,72074992950446070,2,2297807,2297896
202607191727,e2e_trace_v3,17225,17293839968015222763,0,planning,out,83011796893184,1,/apollo/planning,0,1793,1784453367923904725,151,72074992950446070,2,2297807,2297896
202607191727,e2e_trace_v3,17226,17293839968015222764,0,planning,in,83011897275392,1,/apollo/prediction,1800,0,1784453368045910259,0,72074992950446071,2,2297807,2297918
202607191727,e2e_trace_v3,17243,17293839968015222764,0,planning,out,83011925592672,1,/apollo/planning,0,1794,1784453368045910259,153,72074992950446071,2,2297807,2297918
202607191727,e2e_trace_v3,17244,17293839968015222765,0,planning,in,83011988966144,1,/apollo/prediction,1801,0,1784453368165684963,0,72074992950446072,2,2297807,2297911
202607191727,e2e_trace_v3,17261,17293839968015222765,0,planning,out,83012017423776,1,/apollo/planning,0,1795,1784453368165684963,152,72074992950446072,2,2297807,2297911
202607191727,e2e_trace_v3,17262,17293839968015222766,0,planning,in,83012099166432,1,/apollo/prediction,1802,0,1784453368276042290,0,72074992950446073,2,2297807,2297924
202607191727,e2e_trace_v3,17279,17293839968015222766,0,planning,out,83012132282944,1,/apollo/planning,0,1796,1784453368276042290,152,72074992950446073,2,2297807,2297924
202607191727,e2e_trace_v3,17280,17293839968015222767,0,planning,in,83012228130752,1,/apollo/prediction,1803,0,1784453368383945879,0,72074992950446074,1,2297807,2297918
202607191727,e2e_trace_v3,17297,17293839968015222767,0,planning,out,83012256687264,1,/apollo/planning,0,1797,1784453368383945879,111,72074992950446074,1,2297807,2297918
202607191727,e2e_trace_v3,17298,17293839968015222768,0,planning,in,83012361523872,1,/apollo/prediction,1804,0,1784453368503181267,0,72074992950446075,2,2297807,2297904
202607191727,e2e_trace_v3,17315,17293839968015222768,0,planning,out,83012390737120,1,/apollo/planning,0,1798,1784453368503181267,118,72074992950446075,2,2297807,2297904
202607191727,e2e_trace_v3,17316,17293839968015222769,0,planning,in,83012484648288,1,/apollo/prediction,1805,0,1784453368653755379,0,72074992950446076,2,2297807,2297904
202607191727,e2e_trace_v3,17333,17293839968015222769,0,planning,out,83012514288640,1,/apollo/planning,0,1799,1784453368653755379,124,72074992950446076,2,2297807,2297904
202607191727,e2e_trace_v3,17334,17293839968015222770,0,planning,in,83012587221952,1,/apollo/prediction,1806,0,1784453368760355281,0,72074992950446077,2,2297807,2297896
202607191727,e2e_trace_v3,17351,17293839968015222770,0,planning,out,83012620238912,1,/apollo/planning,0,1800,1784453368760355281,129,72074992950446077,2,2297807,2297896
202607191727,e2e_trace_v3,17352,17293839968015222771,0,planning,in,83012720663232,1,/apollo/prediction,1807,0,1784453368869437598,0,72074992950446078,2,2297807,2297918
202607191727,e2e_trace_v3,17369,17293839968015222771,0,planning,out,83012750595392,1,/apollo/planning,0,1801,1784453368869437598,136,72074992950446078,2,2297807,2297918
202607191727,e2e_trace_v3,17370,17293839968015222772,0,planning,in,83012849290432,1,/apollo/prediction,1808,0,1784453368980469650,0,72074992950446079,2,2297807,2297902
202607191727,e2e_trace_v3,17387,17293839968015222772,0,planning,out,83012882630784,1,/apollo/planning,0,1802,1784453368980469650,137,72074992950446079,2,2297807,2297902
202607191727,e2e_trace_v3,17388,17293839968015222773,0,planning,in,83012937587136,1,/apollo/prediction,1809,0,1784453369115110954,0,72074992950446080,2,2297807,2297909
202607191727,e2e_trace_v3,17405,17293839968015222773,0,planning,out,83012965291296,1,/apollo/planning,0,1803,1784453369115110954,136,72074992950446080,2,2297807,2297909
202607191727,e2e_trace_v3,17406,17293839968015222774,0,planning,in,83013044495232,1,/apollo/prediction,1810,0,1784453369227721288,0,72074992950446081,2,2297807,2297913
202607191727,e2e_trace_v3,17423,17293839968015222774,0,planning,out,83013082243296,1,/apollo/planning,0,1804,1784453369227721288,141,72074992950446081,2,2297807,2297913
202607191727,e2e_trace_v3,17424,17293839968015222775,0,planning,in,83013166379744,1,/apollo/prediction,1811,0,1784453369336343836,0,72074992950446082,2,2297807,2297904
202607191727,e2e_trace_v3,17441,17293839968015222775,0,planning,out,83013210008864,1,/apollo/planning,0,1805,1784453369336343836,137,72074992950446082,2,2297807,2297904
202607191727,e2e_trace_v3,17442,17293839968015222776,0,planning,in,83013296370944,1,/apollo/prediction,1812,0,1784453369452569592,0,72074992950446083,2,2297807,2297896
202607191727,e2e_trace_v3,17459,17293839968015222776,0,planning,out,83013346399968,1,/apollo/planning,0,1806,1784453369452569592,141,72074992950446083,2,2297807,2297896
202607191727,e2e_trace_v3,17460,17293839968015222777,0,planning,in,83013420719616,1,/apollo/prediction,1813,0,1784453369572091184,0,72074992950446084,2,2297807,2297906
202607191727,e2e_trace_v3,17477,17293839968015222777,0,planning,out,83013453931488,1,/apollo/planning,0,1807,1784453369572091184,143,72074992950446084,2,2297807,2297906
202607191727,e2e_trace_v3,17478,17293839968015222778,0,planning,in,83013521980320,1,/apollo/prediction,1814,0,1784453369683797130,0,72074992950446085,2,2297807,2297900
202607191727,e2e_trace_v3,17495,17293839968015222778,0,planning,out,83013562732128,1,/apollo/planning,0,1808,1784453369683797130,144,72074992950446085,2,2297807,2297900
202607191727,e2e_trace_v3,17496,17293839968015222779,0,planning,in,83013646938592,1,/apollo/prediction,1815,0,1784453369804820379,0,72074992950446086,2,2297807,2297918
202607191727,e2e_trace_v3,17513,17293839968015222779,0,planning,out,83013686498496,1,/apollo/planning,0,1809,1784453369804820379,146,72074992950446086,2,2297807,2297918
202607191727,e2e_trace_v3,17514,17293839968015222780,0,planning,in,83013752573888,1,/apollo/prediction,1816,0,1784453369915191241,0,72074992950446087,2,2297807,2297902
202607191727,e2e_trace_v3,17531,17293839968015222780,0,planning,out,83013786571776,1,/apollo/planning,0,1810,1784453369915191241,149,72074992950446087,2,2297807,2297902
202607191727,e2e_trace_v3,17532,17293839968015222781,0,planning,in,83013857985312,1,/apollo/prediction,1817,0,1784453370025749471,0,72074992950446088,2,2297807,2297915
202607191727,e2e_trace_v3,17549,17293839968015222781,0,planning,out,83013889304352,1,/apollo/planning,0,1811,1784453370025749471,150,72074992950446088,2,2297807,2297915
202607191727,e2e_trace_v3,17550,17293839968015222782,0,planning,in,83013959360704,1,/apollo/prediction,1818,0,1784453370138176858,0,72074992950446089,2,2297807,2297924
202607191727,e2e_trace_v3,17567,17293839968015222782,0,planning,out,83013987453600,1,/apollo/planning,0,1812,1784453370138176858,151,72074992950446089,2,2297807,2297924
202607191727,e2e_trace_v3,17568,17293839968015222783,0,planning,in,83014062871008,1,/apollo/prediction,1819,0,1784453370249535783,0,72074992950446090,1,2297807,2297908
202607191727,e2e_trace_v3,17585,17293839968015222783,0,planning,out,83014099206016,1,/apollo/planning,0,1813,1784453370249535783,152,72074992950446090,1,2297807,2297908
202607191727,e2e_trace_v3,17586,17293839968015222784,0,planning,in,83014184651264,1,/apollo/prediction,1820,0,1784453370355551314,0,72074992950446091,2,2297807,2297913
202607191727,e2e_trace_v3,17603,17293839968015222784,0,planning,out,83014227773984,1,/apollo/planning,0,1814,1784453370355551314,111,72074992950446091,2,2297807,2297913
202607191727,e2e_trace_v3,17604,17293839968015222785,0,planning,in,83014312273184,1,/apollo/prediction,1821,0,1784453370462840242,0,72074992950446092,2,2297807,2297898
202607191727,e2e_trace_v3,17621,17293839968015222785,0,planning,out,83014355535808,1,/apollo/planning,0,1815,1784453370462840242,118,72074992950446092,2,2297807,2297898
202607191727,e2e_trace_v3,17622,17293839968015222786,0,planning,in,83014426083104,1,/apollo/prediction,1822,0,1784453370579921574,0,72074992950446093,1,2297807,2297925
202607191727,e2e_trace_v3,17639,17293839968015222786,0,planning,out,83014469914240,1,/apollo/planning,0,1816,1784453370579921574,124,72074992950446093,1,2297807,2297925
202607191727,e2e_trace_v3,17640,17293839968015222787,0,planning,in,83014541853920,1,/apollo/prediction,1823,0,1784453370692611333,0,72074992950446094,2,2297807,2297902
202607191727,e2e_trace_v3,17657,17293839968015222787,0,planning,out,83014571958752,1,/apollo/planning,0,1817,1784453370692611333,129,72074992950446094,2,2297807,2297902
202607191727,e2e_trace_v3,17658,17293839968015222788,0,planning,in,83014641228032,1,/apollo/prediction,1824,0,1784453370799920813,0,72074992950446095,2,2297807,2297922
202607191727,e2e_trace_v3,17675,17293839968015222788,0,planning,out,83014680029248,1,/apollo/planning,0,1818,1784453370799920813,134,72074992950446095,2,2297807,2297922
202607191727,e2e_trace_v3,17676,17293839968015222789,0,planning,in,83014753141408,1,/apollo/prediction,1825,0,1784453370906386090,0,72074992950446096,2,2297807,2297915
202607191727,e2e_trace_v3,17693,17293839968015222789,0,planning,out,83014787619936,1,/apollo/planning,0,1819,1784453370906386090,137,72074992950446096,2,2297807,2297915
202607191727,e2e_trace_v3,17694,17293839968015222790,0,planning,in,83014856594848,1,/apollo/prediction,1826,0,1784453371022447955,0,72074992950446097,2,2297807,2297922
202607191727,e2e_trace_v3,17711,17293839968015222790,0,planning,out,83014884369760,1,/apollo/planning,0,1820,1784453371022447955,136,72074992950446097,2,2297807,2297922
202607191727,e2e_trace_v3,17712,17293839968015222791,0,planning,in,83014964097472,1,/apollo/prediction,1827,0,1784453371136795325,0,72074992950446098,2,2297807,2297909
202607191727,e2e_trace_v3,17729,17293839968015222791,0,planning,out,83014991826368,1,/apollo/planning,0,1821,1784453371136795325,136,72074992950446098,2,2297807,2297909
202607191727,e2e_trace_v3,17730,17293839968015222792,0,planning,in,83015068540928,1,/apollo/prediction,1828,0,1784453371243943014,0,72074992950446099,2,2297807,2297900
202607191727,e2e_trace_v3,17747,17293839968015222792,0,planning,out,83015095831488,1,/apollo/planning,0,1822,1784453371243943014,136,72074992950446099,2,2297807,2297900
202607191727,e2e_trace_v3,17748,17293839968015222793,0,planning,in,83015194687904,1,/apollo/prediction,1829,0,1784453371354651868,0,72074992950446100,2,2297807,2297924
202607191727,e2e_trace_v3,17765,17293839968015222793,0,planning,out,83015240459712,1,/apollo/planning,0,1823,1784453371354651868,136,72074992950446100,2,2297807,2297924
202607191727,e2e_trace_v3,17766,17293839968015222794,0,planning,in,83015308479936,1,/apollo/prediction,1830,0,1784453371466348609,0,72074992950446101,1,2297807,2297920
202607191727,e2e_trace_v3,17783,17293839968015222794,0,planning,out,83015341665312,1,/apollo/planning,0,1824,1784453371466348609,136,72074992950446101,1,2297807,2297920
202607191727,e2e_trace_v3,17784,17293839968015222795,0,planning,in,83015404532800,1,/apollo/prediction,1831,0,1784453371572559201,0,72074992950446102,2,2297807,2297924
202607191727,e2e_trace_v3,17801,17293839968015222795,0,planning,out,83015446826816,1,/apollo/planning,0,1825,1784453371572559201,136,72074992950446102,2,2297807,2297924
202607191727,e2e_trace_v3,17802,17293839968015222796,0,planning,in,83015511320832,1,/apollo/prediction,1832,0,1784453371682480440,0,72074992950446103,2,2297807,2297898
202607191727,e2e_trace_v3,17819,17293839968015222796,0,planning,out,83015544861472,1,/apollo/planning,0,1826,1784453371682480440,136,72074992950446103,2,2297807,2297898
202607191727,e2e_trace_v3,17820,17293839968015222797,0,planning,in,83015652386464,1,/apollo/prediction,1833,0,1784453371793492773,0,72074992950446104,2,2297807,2297908
202607191727,e2e_trace_v3,17837,17293839968015222797,0,planning,out,83015695964960,1,/apollo/planning,0,1827,1784453371793492773,139,72074992950446104,2,2297807,2297908
202607191727,e2e_trace_v3,17838,17293839968015222798,0,planning,in,83015750935712,1,/apollo/prediction,1834,0,1784453371904669941,0,72074992950446105,1,2297807,2297915
202607191727,e2e_trace_v3,17855,17293839968015222798,0,planning,out,83015799150400,1,/apollo/planning,0,1828,1784453371904669941,143,72074992950446105,1,2297807,2297915
202607191727,e2e_trace_v3,17856,17293839968015222799,0,planning,in,83015865828416,1,/apollo/prediction,1835,0,1784453372024467109,0,72074992950446106,2,2297807,2297925
202607191727,e2e_trace_v3,17873,17293839968015222799,0,planning,out,83015915317504,1,/apollo/planning,0,1829,1784453372024467109,147,72074992950446106,2,2297807,2297925
202607191727,e2e_trace_v3,17874,17293839968015222800,0,planning,in,83015964645568,1,/apollo/prediction,1836,0,1784453372134841694,0,72074992950446107,1,2297807,2297900
202607191727,e2e_trace_v3,17891,17293839968015222800,0,planning,out,83015996663648,1,/apollo/planning,0,1830,1784453372134841694,148,72074992950446107,1,2297807,2297900
202607191727,e2e_trace_v3,17892,17293839968015222801,0,planning,in,83016072102528,1,/apollo/prediction,1837,0,1784453372242984084,0,72074992950446108,2,2297807,2297896
202607191727,e2e_trace_v3,17909,17293839968015222801,0,planning,out,83016101759744,1,/apollo/planning,0,1831,1784453372242984084,152,72074992950446108,2,2297807,2297896
202607191727,e2e_trace_v3,17910,17293839968015222802,0,planning,in,83016191178368,1,/apollo/prediction,1838,0,1784453372354430592,0,72074992950446109,2,2297807,2297896
202607191727,e2e_trace_v3,17927,17293839968015222802,0,planning,out,83016219848416,1,/apollo/planning,0,1832,1784453372354430592,111,72074992950446109,2,2297807,2297896
202607191727,e2e_trace_v3,17928,17293839968015222803,0,planning,in,83016300283648,1,/apollo/prediction,1839,0,1784453372465948616,0,72074992950446110,2,2297807,2297896
202607191727,e2e_trace_v3,17945,17293839968015222803,0,planning,out,83016327302272,1,/apollo/planning,0,1833,1784453372465948616,117,72074992950446110,2,2297807,2297896
202607191727,e2e_trace_v3,17946,17293839968015222804,0,planning,in,83016428471424,1,/apollo/prediction,1840,0,1784453372578983085,0,72074992950446111,2,2297807,2297896
202607191727,e2e_trace_v3,17963,17293839968015222804,0,planning,out,83016456873120,1,/apollo/planning,0,1834,1784453372578983085,123,72074992950446111,2,2297807,2297896
202607191727,e2e_trace_v3,17964,17293839968015222805,0,planning,in,83016520838336,1,/apollo/prediction,1841,0,1784453372694843576,0,72074992950446112,2,2297807,2297902
202607191727,e2e_trace_v3,17981,17293839968015222805,0,planning,out,83016547155840,1,/apollo/planning,0,1835,1784453372694843576,128,72074992950446112,2,2297807,2297902
202607191727,e2e_trace_v3,17982,17293839968015222806,0,planning,in,83016648471904,1,/apollo/prediction,1842,0,1784453372802496699,0,72074992950446113,2,2297807,2297924
202607191727,e2e_trace_v3,17999,17293839968015222806,0,planning,out,83016683759264,1,/apollo/planning,0,1836,1784453372802496699,134,72074992950446113,2,2297807,2297924
202607191727,e2e_trace_v3,18000,17293839968015222807,0,planning,in,83016754773152,1,/apollo/prediction,1843,0,1784453372911501301,0,72074992950446114,2,2297807,2297925
202607191727,e2e_trace_v3,18017,17293839968015222807,0,planning,out,83016802275392,1,/apollo/planning,0,1837,1784453372911501301,136,72074992950446114,2,2297807,2297925
202607191727,e2e_trace_v3,18018,17293839968015222808,0,planning,in,83016874416352,1,/apollo/prediction,1844,0,1784453373021539304,0,72074992950446115,2,2297807,2297906
202607191727,e2e_trace_v3,18035,17293839968015222808,0,planning,out,83016901805504,1,/apollo/planning,0,1838,1784453373021539304,136,72074992950446115,2,2297807,2297906
202607191727,e2e_trace_v3,18036,17293839968015222809,0,planning,in,83016959848704,1,/apollo/prediction,1845,0,1784453373128511411,0,72074992950446116,2,2297807,2297896
202607191727,e2e_trace_v3,18053,17293839968015222809,0,planning,out,83017001228672,1,/apollo/planning,0,1839,1784453373128511411,136,72074992950446116,2,2297807,2297896
202607191727,e2e_trace_v3,18054,17293839968015222810,0,planning,in,83017074325408,1,/apollo/prediction,1846,0,1784453373248464226,0,72074992950446117,2,2297807,2297904
202607191727,e2e_trace_v3,18071,17293839968015222810,0,planning,out,83017101135072,1,/apollo/planning,0,1840,1784453373248464226,140,72074992950446117,2,2297807,2297904
202607191727,e2e_trace_v3,18072,17293839968015222811,0,planning,in,83017180351296,1,/apollo/prediction,1847,0,1784453373359030270,0,72074992950446118,2,2297807,2297925
202607191727,e2e_trace_v3,18089,17293839968015222811,0,planning,out,83017219243776,1,/apollo/planning,0,1841,1784453373359030270,145,72074992950446118,2,2297807,2297925
202607191727,e2e_trace_v3,18090,17293839968015222812,0,planning,in,83017304070368,1,/apollo/prediction,1848,0,1784453373466400751,0,72074992950446119,2,2297807,2297925
202607191727,e2e_trace_v3,18107,17293839968015222812,0,planning,out,83017334152160,1,/apollo/planning,0,1842,1784453373466400751,151,72074992950446119,2,2297807,2297925
202607191727,e2e_trace_v3,18108,17293839968015222813,0,planning,in,83017427912192,1,/apollo/prediction,1849,0,1784453373574402858,0,72074992950446120,2,2297807,2297925
202607191727,e2e_trace_v3,18125,17293839968015222813,0,planning,out,83017455646208,1,/apollo/planning,0,1843,1784453373574402858,157,72074992950446120,2,2297807,2297925
202607191727,e2e_trace_v3,18126,17293839968015222814,0,planning,in,83017531871520,1,/apollo/prediction,1850,0,1784453373683480569,0,72074992950446121,2,2297807,2297904
202607191727,e2e_trace_v3,18143,17293839968015222814,0,planning,out,83017566115776,1,/apollo/planning,0,1844,1784453373683480569,162,72074992950446121,2,2297807,2297904
202607191727,e2e_trace_v3,18144,17293839968015222815,0,planning,in,83017633120352,1,/apollo/prediction,1851,0,1784453373792745376,0,72074992950446122,2,2297807,2297911
202607191727,e2e_trace_v3,18161,17293839968015222815,0,planning,out,83017683283040,1,/apollo/planning,0,1845,1784453373792745376,165,72074992950446122,2,2297807,2297911
202607191727,e2e_trace_v3,18162,17293839968015222816,0,planning,in,83017759925600,1,/apollo/prediction,1852,0,1784453373901413287,0,72074992950446123,2,2297807,2297902
202607191727,e2e_trace_v3,18179,17293839968015222816,0,planning,out,83017810123072,1,/apollo/planning,0,1846,1784453373901413287,111,72074992950446123,2,2297807,2297902
202607191727,e2e_trace_v3,18180,17293839968015222817,0,planning,in,83017856257888,1,/apollo/prediction,1853,0,1784453374012256750,0,72074992950446124,2,2297807,2297920
202607191727,e2e_trace_v3,18197,17293839968015222817,0,planning,out,83017905343360,1,/apollo/planning,0,1847,1784453374012256750,111,72074992950446124,2,2297807,2297920
202607191727,e2e_trace_v3,18198,17293839968015222818,0,planning,in,83017971881664,1,/apollo/prediction,1854,0,1784453374121732480,0,72074992950446125,2,2297807,2297898
202607191727,e2e_trace_v3,18215,17293839968015222818,0,planning,out,83018010178752,1,/apollo/planning,0,1848,1784453374121732480,117,72074992950446125,2,2297807,2297898
202607191727,e2e_trace_v3,18216,17293839968015222819,0,planning,in,83018058451872,1,/apollo/prediction,1855,0,1784453374232207910,0,72074992950446126,2,2297807,2297920
202607191727,e2e_trace_v3,18233,17293839968015222819,0,planning,out,83018094837024,1,/apollo/planning,0,1849,1784453374232207910,122,72074992950446126,2,2297807,2297920
202607191727,e2e_trace_v3,18234,17293839968015222820,0,planning,in,83018163727456,1,/apollo/prediction,1856,0,1784453374341850409,0,72074992950446127,2,2297807,2297906
202607191727,e2e_trace_v3,18251,17293839968015222820,0,planning,out,83018198086624,1,/apollo/planning,0,1850,1784453374341850409,127,72074992950446127,2,2297807,2297906
202607191727,e2e_trace_v3,18252,17293839968015222821,0,planning,in,83018277913280,1,/apollo/prediction,1857,0,1784453374452310389,0,72074992950446128,2,2297807,2297925
202607191727,e2e_trace_v3,18269,17293839968015222821,0,planning,out,83018303508544,1,/apollo/planning,0,1851,1784453374452310389,133,72074992950446128,2,2297807,2297925
202607191727,e2e_trace_v3,18270,17293839968015222822,0,planning,in,83018388451232,1,/apollo/prediction,1858,0,1784453374562760956,0,72074992950446129,2,2297807,2297902
202607191727,e2e_trace_v3,18287,17293839968015222822,0,planning,out,83018419570496,1,/apollo/planning,0,1852,1784453374562760956,136,72074992950446129,2,2297807,2297902
202607191727,e2e_trace_v3,18288,17293839968015222823,0,planning,in,83018506624704,1,/apollo/prediction,1859,0,1784453374671558626,0,72074992950446130,2,2297807,2297896
202607191727,e2e_trace_v3,18305,17293839968015222823,0,planning,out,83018550731872,1,/apollo/planning,0,1853,1784453374671558626,136,72074992950446130,2,2297807,2297896
202607191727,e2e_trace_v3,18306,17293839968015222824,0,planning,in,83018616416032,1,/apollo/prediction,1860,0,1784453374783629888,0,72074992950446131,2,2297807,2297920
202607191727,e2e_trace_v3,18323,17293839968015222824,0,planning,out,83018661752192,1,/apollo/planning,0,1854,1784453374783629888,136,72074992950446131,2,2297807,2297920
202607191727,e2e_trace_v3,18324,17293839968015222825,0,planning,in,83018733014176,1,/apollo/prediction,1861,0,1784453374896494378,0,72074992950446132,2,2297807,2297925
202607191727,e2e_trace_v3,18341,17293839968015222825,0,planning,out,83018772678624,1,/apollo/planning,0,1855,1784453374896494378,136,72074992950446132,2,2297807,2297925
202607191727,e2e_trace_v3,18342,17293839968015222826,0,planning,in,83018842651136,1,/apollo/prediction,1862,0,1784453375007853147,0,72074992950446133,2,2297807,2297924
202607191727,e2e_trace_v3,18359,17293839968015222826,0,planning,out,83018868500000,1,/apollo/planning,0,1856,1784453375007853147,136,72074992950446133,2,2297807,2297924
202607191727,e2e_trace_v3,18360,17293839968015222827,0,planning,in,83018960216928,1,/apollo/prediction,1863,0,1784453375118994589,0,72074992950446134,2,2297807,2297904
202607191727,e2e_trace_v3,18377,17293839968015222827,0,planning,out,83018989942144,1,/apollo/planning,0,1857,1784453375118994589,136,72074992950446134,2,2297807,2297904
202607191727,e2e_trace_v3,18378,17293839968015222828,0,planning,in,83019080700224,1,/apollo/prediction,1864,0,1784453375227608134,0,72074992950446135,2,2297807,2297904
202607191727,e2e_trace_v3,18395,17293839968015222828,0,planning,out,83019108608800,1,/apollo/planning,0,1858,1784453375227608134,136,72074992950446135,2,2297807,2297904
202607191727,e2e_trace_v3,18396,17293839968015222829,0,planning,in,83019169976704,1,/apollo/prediction,1865,0,1784453375342704446,0,72074992950446136,2,2297807,2297911
202607191727,e2e_trace_v3,18413,17293839968015222829,0,planning,out,83019198294976,1,/apollo/planning,0,1859,1784453375342704446,136,72074992950446136,2,2297807,2297911
202607191727,e2e_trace_v3,18414,17293839968015222830,0,planning,in,83019272324896,1,/apollo/prediction,1866,0,1784453375450330636,0,72074992950446137,2,2297807,2297904
202607191727,e2e_trace_v3,18431,17293839968015222830,0,planning,out,83019304378496,1,/apollo/planning,0,1860,1784453375450330636,136,72074992950446137,2,2297807,2297904
202607191727,e2e_trace_v3,18432,17293839968015222831,0,planning,in,83019411604768,1,/apollo/prediction,1867,0,1784453375559402255,0,72074992950446138,2,2297807,2297896
202607191727,e2e_trace_v3,18449,17293839968015222831,0,planning,out,83019449532768,1,/apollo/planning,0,1861,1784453375559402255,136,72074992950446138,2,2297807,2297896
202607191727,e2e_trace_v3,18450,17293839968015222832,0,planning,in,83019536304096,1,/apollo/prediction,1868,0,1784453375674563316,0,72074992950446139,2,2297807,2297913
202607191727,e2e_trace_v3,18467,17293839968015222832,0,planning,out,83019581325792,1,/apollo/planning,0,1862,1784453375674563316,136,72074992950446139,2,2297807,2297913
202607191727,e2e_trace_v3,18468,17293839968015222833,0,planning,in,83019669066208,1,/apollo/prediction,1869,0,1784453375798471110,0,72074992950446140,2,2297807,2297925
202607191727,e2e_trace_v3,18485,17293839968015222833,0,planning,out,83019702459584,1,/apollo/planning,0,1863,1784453375798471110,136,72074992950446140,2,2297807,2297925
202607191727,e2e_trace_v3,18486,17293839968015222834,0,planning,in,83019793378336,1,/apollo/prediction,1870,0,1784453375924667200,0,72074992950446141,2,2297807,2297902
202607191727,e2e_trace_v3,18503,17293839968015222834,0,planning,out,83019841424320,1,/apollo/planning,0,1864,1784453375924667200,139,72074992950446141,2,2297807,2297902
202607191727,e2e_trace_v3,18504,17293839968015222835,0,planning,in,83019916181120,1,/apollo/prediction,1871,0,1784453376065983263,0,72074992950446142,2,2297807,2297915
202607191727,e2e_trace_v3,18521,17293839968015222835,0,planning,out,83019948228544,1,/apollo/planning,0,1865,1784453376065983263,141,72074992950446142,2,2297807,2297915
202607191727,e2e_trace_v3,18522,17293839968015222836,0,planning,in,83020024431552,1,/apollo/prediction,1872,0,1784453376181103790,0,72074992950446143,2,2297807,2297906
202607191727,e2e_trace_v3,18539,17293839968015222836,0,planning,out,83020055014688,1,/apollo/planning,0,1866,1784453376181103790,143,72074992950446143,2,2297807,2297906
202607191727,e2e_trace_v3,18540,17293839968015222837,0,planning,in,83020145171616,1,/apollo/prediction,1873,0,1784453376289304687,0,72074992950446144,2,2297807,2297900
202607191727,e2e_trace_v3,18557,17293839968015222837,0,planning,out,83020173405600,1,/apollo/planning,0,1867,1784453376289304687,143,72074992950446144,2,2297807,2297900
202607191727,e2e_trace_v3,18558,17293839968015222838,0,planning,in,83020239054368,1,/apollo/prediction,1874,0,1784453376404673831,0,72074992950446145,2,2297807,2297911
202607191727,e2e_trace_v3,18575,17293839968015222838,0,planning,out,83020272690752,1,/apollo/planning,0,1868,1784453376404673831,143,72074992950446145,2,2297807,2297911
202607191727,e2e_trace_v3,18576,17293839968015222839,0,planning,in,83020345008544,1,/apollo/prediction,1875,0,1784453376514500590,0,72074992950446146,2,2297807,2297918
202607191727,e2e_trace_v3,18593,17293839968015222839,0,planning,out,83020392928896,1,/apollo/planning,0,1869,1784453376514500590,141,72074992950446146,2,2297807,2297918
202607191727,e2e_trace_v3,18594,17293839968015222840,0,planning,in,83020468359776,1,/apollo/prediction,1876,0,1784453376624110946,0,72074992950446147,2,2297807,2297913
202607191727,e2e_trace_v3,18611,17293839968015222840,0,planning,out,83020507541120,1,/apollo/planning,0,1870,1784453376624110946,141,72074992950446147,2,2297807,2297913
202607191727,e2e_trace_v3,18612,17293839968015222841,0,planning,in,83020564901056,1,/apollo/prediction,1877,0,1784453376733571627,0,72074992950446148,2,2297807,2297920
202607191727,e2e_trace_v3,18629,17293839968015222841,0,planning,out,83020604272000,1,/apollo/planning,0,1871,1784453376733571627,140,72074992950446148,2,2297807,2297920
202607191727,e2e_trace_v3,18630,17293839968015222842,0,planning,in,83020684508416,1,/apollo/prediction,1878,0,1784453376837714051,0,72074992950446149,2,2297807,2297900
202607191727,e2e_trace_v3,18647,17293839968015222842,0,planning,out,83020722129984,1,/apollo/planning,0,1872,1784453376837714051,140,72074992950446149,2,2297807,2297900
202607191727,e2e_trace_v3,18648,17293839968015222843,0,planning,in,83020808495136,1,/apollo/prediction,1879,0,1784453376956896798,0,72074992950446150,2,2297807,2297924
202607191727,e2e_trace_v3,18665,17293839968015222843,0,planning,out,83020839454848,1,/apollo/planning,0,1873,1784453376956896798,140,72074992950446150,2,2297807,2297924
202607191727,e2e_trace_v3,18666,17293839968015222844,0,planning,in,83020912203200,1,/apollo/prediction,1880,0,1784453377066308319,0,72074992950446151,2,2297807,2297898
202607191727,e2e_trace_v3,18683,17293839968015222844,0,planning,out,83020947585056,1,/apollo/planning,0,1874,1784453377066308319,139,72074992950446151,2,2297807,2297898
202607191727,e2e_trace_v3,18684,17293839968015222845,0,planning,in,83021017323232,1,/apollo/prediction,1881,0,1784453377171984189,0,72074992950446152,2,2297807,2297913
202607191727,e2e_trace_v3,18701,17293839968015222845,0,planning,out,83021064475264,1,/apollo/planning,0,1875,1784453377171984189,140,72074992950446152,2,2297807,2297913
202607191727,e2e_trace_v3,18702,17293839968015222846,0,planning,in,83021125434304,1,/apollo/prediction,1882,0,1784453377288660347,0,72074992950446153,2,2297807,2297920
202607191727,e2e_trace_v3,18719,17293839968015222846,0,planning,out,83021151618464,1,/apollo/planning,0,1876,1784453377288660347,140,72074992950446153,2,2297807,2297920
202607191727,e2e_trace_v3,18720,17293839968015222847,0,planning,in,83021215758112,1,/apollo/prediction,1883,0,1784453377396471905,0,72074992950446154,2,2297807,2297915
202607191727,e2e_trace_v3,18737,17293839968015222847,0,planning,out,83021241607200,1,/apollo/planning,0,1877,1784453377396471905,138,72074992950446154,2,2297807,2297915
202607191727,e2e_trace_v3,18738,17293839968015222848,0,planning,in,83021323174144,1,/apollo/prediction,1884,0,1784453377501840573,0,72074992950446155,2,2297807,2297918
202607191727,e2e_trace_v3,18755,17293839968015222848,0,planning,out,83021357745088,1,/apollo/planning,0,1878,1784453377501840573,139,72074992950446155,2,2297807,2297918
202607191727,e2e_trace_v3,18756,17293839968015222849,0,planning,in,83021430588672,1,/apollo/prediction,1885,0,1784453377605897651,0,72074992950446156,2,2297807,2297924
202607191727,e2e_trace_v3,18773,17293839968015222849,0,planning,out,83021459072896,1,/apollo/planning,0,1879,1784453377605897651,144,72074992950446156,2,2297807,2297924
202607191727,e2e_trace_v3,18774,17293839968015222850,0,planning,in,83021588584608,1,/apollo/prediction,1886,0,1784453377711873332,0,72074992950446157,2,2297807,2297913
202607191727,e2e_trace_v3,18791,17293839968015222850,0,planning,out,83021638427840,1,/apollo/planning,0,1880,1784453377711873332,142,72074992950446157,2,2297807,2297913
202607191727,e2e_trace_v3,18792,17293839968015222851,0,planning,in,83021701295520,1,/apollo/prediction,1887,0,1784453377846715425,0,72074992950446158,2,2297807,2297918
202607191727,e2e_trace_v3,18809,17293839968015222851,0,planning,out,83021742039744,1,/apollo/planning,0,1881,1784453377846715425,143,72074992950446158,2,2297807,2297918
202607191727,e2e_trace_v3,18810,17293839968015222852,0,planning,in,83021790423136,1,/apollo/prediction,1888,0,1784453377951513902,0,72074992950446159,2,2297807,2297902
202607191727,e2e_trace_v3,18827,17293839968015222852,0,planning,out,83021837229408,1,/apollo/planning,0,1882,1784453377951513902,142,72074992950446159,2,2297807,2297902
202607191727,e2e_trace_v3,18828,17293839968015222853,0,planning,in,83021895557824,1,/apollo/prediction,1889,0,1784453378055797047,0,72074992950446160,2,2297807,2297904
202607191727,e2e_trace_v3,18845,17293839968015222853,0,planning,out,83021923470464,1,/apollo/planning,0,1883,1784453378055797047,142,72074992950446160,2,2297807,2297904
202607191727,e2e_trace_v3,18846,17293839968015222854,0,planning,in,83021986942880,1,/apollo/prediction,1890,0,1784453378160772374,0,72074992950446161,2,2297807,2297915
202607191727,e2e_trace_v3,18863,17293839968015222854,0,planning,out,83022026516928,1,/apollo/planning,0,1884,1784453378160772374,143,72074992950446161,2,2297807,2297915
202607191727,e2e_trace_v3,18864,17293839968015222855,0,planning,in,83022100444608,1,/apollo/prediction,1891,0,1784453378267244379,0,72074992950446162,2,2297807,2297902
202607191727,e2e_trace_v3,18881,17293839968015222855,0,planning,out,83022137972448,1,/apollo/planning,0,1885,1784453378267244379,144,72074992950446162,2,2297807,2297902
202607191727,e2e_trace_v3,18882,17293839968015222856,0,planning,in,83022202690560,1,/apollo/prediction,1892,0,1784453378372666094,0,72074992950446163,2,2297807,2297920
202607191727,e2e_trace_v3,18899,17293839968015222856,0,planning,out,83022232959552,1,/apollo/planning,0,1886,1784453378372666094,143,72074992950446163,2,2297807,2297920
202607191727,e2e_trace_v3,18900,17293839968015222857,0,planning,in,83022295268384,1,/apollo/prediction,1893,0,1784453378476967966,0,72074992950446164,2,2297807,2297896
202607191727,e2e_trace_v3,18917,17293839968015222857,0,planning,out,83022323598624,1,/apollo/planning,0,1887,1784453378476967966,142,72074992950446164,2,2297807,2297896
202607191727,e2e_trace_v3,18918,17293839968015222858,0,planning,in,83022412018880,1,/apollo/prediction,1894,0,1784453378584146612,0,72074992950446165,2,2297807,2297896
202607191727,e2e_trace_v3,18935,17293839968015222858,0,planning,out,83022438198912,1,/apollo/planning,0,1888,1784453378584146612,143,72074992950446165,2,2297807,2297896
202607191727,e2e_trace_v3,18936,17293839968015222859,0,planning,in,83022537245888,1,/apollo/prediction,1895,0,1784453378689610446,0,72074992950446166,2,2297807,2297896
202607191727,e2e_trace_v3,18953,17293839968015222859,0,planning,out,83022563552864,1,/apollo/planning,0,1889,1784453378689610446,144,72074992950446166,2,2297807,2297896
202607191727,e2e_trace_v3,18954,17293839968015222860,0,planning,in,83022643228736,1,/apollo/prediction,1896,0,1784453378794388024,0,72074992950446167,2,2297807,2297898
202607191727,e2e_trace_v3,18971,17293839968015222860,0,planning,out,83022687756064,1,/apollo/planning,0,1890,1784453378794388024,143,72074992950446167,2,2297807,2297898
202607191727,e2e_trace_v3,18972,17293839968015222861,0,planning,in,83022737632736,1,/apollo/prediction,1897,0,1784453378899468784,0,72074992950446168,2,2297807,2297915
202607191727,e2e_trace_v3,18989,17293839968015222861,0,planning,out,83022779854272,1,/apollo/planning,0,1891,1784453378899468784,141,72074992950446168,2,2297807,2297915
202607191727,e2e_trace_v3,18990,17293839968015222862,0,planning,in,83022846893056,1,/apollo/prediction,1898,0,1784453379007121232,0,72074992950446169,2,2297807,2297898
202607191727,e2e_trace_v3,19007,17293839968015222862,0,planning,out,83022874644640,1,/apollo/planning,0,1892,1784453379007121232,140,72074992950446169,2,2297807,2297898
202607191727,e2e_trace_v3,19008,17293839968015222863,0,planning,in,83022966733600,1,/apollo/prediction,1899,0,1784453379124840834,0,72074992950446170,2,2297807,2297906
202607191727,e2e_trace_v3,19025,17293839968015222863,0,planning,out,83022992353312,1,/apollo/planning,0,1893,1784453379124840834,140,72074992950446170,2,2297807,2297906
202607191727,e2e_trace_v3,19026,17293839968015222864,0,planning,in,83023056158816,1,/apollo/prediction,1900,0,1784453379235686701,0,72074992950446171,2,2297807,2297920
202607191727,e2e_trace_v3,19043,17293839968015222864,0,planning,out,83023095733248,1,/apollo/planning,0,1894,1784453379235686701,138,72074992950446171,2,2297807,2297920
202607191727,e2e_trace_v3,19044,17293839968015222865,0,planning,in,83023175375328,1,/apollo/prediction,1901,0,1784453379338739830,0,72074992950446172,2,2297807,2297918
202607191727,e2e_trace_v3,19061,17293839968015222865,0,planning,out,83023201676928,1,/apollo/planning,0,1895,1784453379338739830,138,72074992950446172,2,2297807,2297918
202607191727,e2e_trace_v3,19062,17293839968015222866,0,planning,in,83023263950752,1,/apollo/prediction,1902,0,1784453379448860618,0,72074992950446173,2,2297807,2297922
202607191727,e2e_trace_v3,19079,17293839968015222866,0,planning,out,83023301503616,1,/apollo/planning,0,1896,1784453379448860618,137,72074992950446173,2,2297807,2297922
202607191727,e2e_trace_v3,19080,17293839968015222867,0,planning,in,83023365230720,1,/apollo/prediction,1903,0,1784453379553559957,0,72074992950446174,2,2297807,2297915
202607191727,e2e_trace_v3,19097,17293839968015222867,0,planning,out,83023391807584,1,/apollo/planning,0,1897,1784453379553559957,142,72074992950446174,2,2297807,2297915
202607191727,e2e_trace_v3,19098,17293839968015222868,0,planning,in,83023499465472,1,/apollo/prediction,1904,0,1784453379658819178,0,72074992950446175,2,2297807,2297922
202607191727,e2e_trace_v3,19115,17293839968015222868,0,planning,out,83023531420256,1,/apollo/planning,0,1898,1784453379658819178,143,72074992950446175,2,2297807,2297922
202607191727,e2e_trace_v3,19116,17293839968015222869,0,planning,in,83023630024384,1,/apollo/prediction,1905,0,1784453379782548561,0,72074992950446176,2,2297807,2297922
202607191727,e2e_trace_v3,19133,17293839968015222869,0,planning,out,83023658976768,1,/apollo/planning,0,1899,1784453379782548561,137,72074992950446176,2,2297807,2297922
202607191727,e2e_trace_v3,19134,17293839968015222870,0,planning,in,83023743871456,1,/apollo/prediction,1906,0,1784453379907545328,0,72074992950446177,2,2297807,2297915
202607191727,e2e_trace_v3,19151,17293839968015222870,0,planning,out,83023772746784,1,/apollo/planning,0,1900,1784453379907545328,138,72074992950446177,2,2297807,2297915
202607191727,e2e_trace_v3,19152,17293839968015222871,0,planning,in,83023857049504,1,/apollo/prediction,1907,0,1784453380012079182,0,72074992950446178,2,2297807,2297906
202607191727,e2e_trace_v3,19169,17293839968015222871,0,planning,out,83023882548960,1,/apollo/planning,0,1901,1784453380012079182,139,72074992950446178,2,2297807,2297906
202607191727,e2e_trace_v3,19170,17293839968015222872,0,planning,in,83023944241408,1,/apollo/prediction,1908,0,1784453380116388830,0,72074992950446179,2,2297807,2297898
202607191727,e2e_trace_v3,19187,17293839968015222872,0,planning,out,83023987940352,1,/apollo/planning,0,1902,1784453380116388830,137,72074992950446179,2,2297807,2297898
202607191727,e2e_trace_v3,19188,17293839968015222873,0,planning,in,83024055150400,1,/apollo/prediction,1909,0,1784453380221912555,0,72074992950446180,2,2297807,2297915
202607191727,e2e_trace_v3,19205,17293839968015222873,0,planning,out,83024094024256,1,/apollo/planning,0,1903,1784453380221912555,137,72074992950446180,2,2297807,2297915
202607191727,e2e_trace_v3,19206,17293839968015222874,0,planning,in,83024160234016,1,/apollo/prediction,1910,0,1784453380328448765,0,72074992950446181,2,2297807,2297918
202607191727,e2e_trace_v3,19223,17293839968015222874,0,planning,out,83024190393952,1,/apollo/planning,0,1904,1784453380328448765,138,72074992950446181,2,2297807,2297918
202607191727,e2e_trace_v3,19224,17293839968015222875,0,planning,in,83024257548896,1,/apollo/prediction,1911,0,1784453380431252257,0,72074992950446182,2,2297807,2297896
202607191727,e2e_trace_v3,19241,17293839968015222875,0,planning,out,83024292612480,1,/apollo/planning,0,1905,1784453380431252257,138,72074992950446182,2,2297807,2297896
202607191727,e2e_trace_v3,19242,17293839968015222876,0,planning,in,83024351317632,1,/apollo/prediction,1912,0,1784453380535772911,0,72074992950446183,2,2297807,2297898
202607191727,e2e_trace_v3,19259,17293839968015222876,0,planning,out,83024376091552,1,/apollo/planning,0,1906,1784453380535772911,142,72074992950446183,2,2297807,2297898
202607191727,e2e_trace_v3,19260,17293839968015222877,0,planning,in,83024553430944,1,/apollo/prediction,1913,0,1784453380642193363,0,72074992950446184,2,2297807,2297900
202607191727,e2e_trace_v3,19277,17293839968015222877,0,planning,out,83024588411200,1,/apollo/planning,0,1907,1784453380642193363,142,72074992950446184,2,2297807,2297900
202607191727,e2e_trace_v3,19278,17293839968015222878,0,planning,in,83024660083968,1,/apollo/prediction,1914,0,1784453380820637023,0,72074992950446185,2,2297807,2297902
202607191727,e2e_trace_v3,19295,17293839968015222878,0,planning,out,83024697037536,1,/apollo/planning,0,1908,1784453380820637023,142,72074992950446185,2,2297807,2297902
202607191727,e2e_trace_v3,19296,17293839968015222879,0,planning,in,83024752962816,1,/apollo/prediction,1915,0,1784453380928649828,0,72074992950446186,1,2297807,2297924
202607191727,e2e_trace_v3,19313,17293839968015222879,0,planning,out,83024780842272,1,/apollo/planning,0,1909,1784453380928649828,141,72074992950446186,1,2297807,2297924
202607191727,e2e_trace_v3,19314,17293839968015222880,0,planning,in,83024895004224,1,/apollo/prediction,1916,0,1784453381033330903,1,72074992950446187,2,2297807,2297924
202607191727,e2e_trace_v3,19331,17293839968015222880,0,planning,out,83024946425600,1,/apollo/planning,0,1910,1784453381033330903,143,72074992950446187,2,2297807,2297924
202607191727,e2e_trace_v3,19332,17293839968015222881,0,planning,in,83024988757376,1,/apollo/prediction,1917,0,1784453381138194907,1,72074992950446188,1,2297807,2297898
202607191727,e2e_trace_v3,19349,17293839968015222881,0,planning,out,83025015922944,1,/apollo/planning,0,1911,1784453381138194907,142,72074992950446188,1,2297807,2297898
202607191727,e2e_trace_v3,19350,17293839968015222882,0,planning,in,83025082116160,1,/apollo/prediction,1918,0,1784453381241756338,0,72074992950446189,2,2297807,2297908
202607191727,e2e_trace_v3,19367,17293839968015222882,0,planning,out,83025117689632,1,/apollo/planning,0,1912,1784453381241756338,142,72074992950446189,2,2297807,2297908
202607191727,e2e_trace_v3,19368,17293839968015222883,0,planning,in,83025193017408,1,/apollo/prediction,1919,0,1784453381347688148,1,72074992950446190,2,2297807,2297900
202607191727,e2e_trace_v3,19385,17293839968015222883,0,planning,out,83025226089760,1,/apollo/planning,0,1913,1784453381347688148,141,72074992950446190,2,2297807,2297900
202607191727,e2e_trace_v3,19386,17293839968015222884,0,planning,in,83025289248384,1,/apollo/prediction,1920,0,1784453381451130837,1,72074992950446191,2,2297807,2297906
202607191727,e2e_trace_v3,19403,17293839968015222884,0,planning,out,83025314151008,1,/apollo/planning,0,1914,1784453381451130837,141,72074992950446191,2,2297807,2297906
202607191727,e2e_trace_v3,19404,17293839968015222885,0,planning,in,83025396117056,1,/apollo/prediction,1921,0,1784453381557938891,1,72074992950446192,2,2297807,2297915
202607191727,e2e_trace_v3,19421,17293839968015222885,0,planning,out,83025440763808,1,/apollo/planning,0,1915,1784453381557938891,140,72074992950446192,2,2297807,2297915
202607191727,e2e_trace_v3,19422,17293839968015222886,0,planning,in,83025517466080,1,/apollo/prediction,1922,0,1784453381673700003,1,72074992950446193,2,2297807,2297909
202607191727,e2e_trace_v3,19439,17293839968015222886,0,planning,out,83025548876640,1,/apollo/planning,0,1916,1784453381673700003,141,72074992950446193,2,2297807,2297909
202607191727,e2e_trace_v3,19440,17293839968015222887,0,planning,in,83025628504096,1,/apollo/prediction,1923,0,1784453381782109268,2,72074992950446194,2,2297807,2297908
202607191727,e2e_trace_v3,19457,17293839968015222887,0,planning,out,83025653170624,1,/apollo/planning,0,1917,1784453381782109268,140,72074992950446194,2,2297807,2297908
202607191727,e2e_trace_v3,19458,17293839968015222888,0,planning,in,83025752975008,1,/apollo/prediction,1924,0,1784453381888100919,2,72074992950446195,2,2297807,2297908
202607191727,e2e_trace_v3,19475,17293839968015222888,0,planning,out,83025780812224,1,/apollo/planning,0,1918,1784453381888100919,141,72074992950446195,2,2297807,2297908
202607191727,e2e_trace_v3,19476,17293839968015222889,0,planning,in,83025869074752,1,/apollo/prediction,1925,0,1784453382018314293,2,72074992950446196,2,2297807,2297915
202607191727,e2e_trace_v3,19493,17293839968015222889,0,planning,out,83025906395072,1,/apollo/planning,0,1919,1784453382018314293,141,72074992950446196,2,2297807,2297915
202607191727,e2e_trace_v3,19494,17293839968015222890,0,planning,in,83025977113664,1,/apollo/prediction,1926,0,1784453382132393190,2,72074992950446197,2,2297807,2297925
202607191727,e2e_trace_v3,19511,17293839968015222890,0,planning,out,83026011782432,1,/apollo/planning,0,1920,1784453382132393190,142,72074992950446197,2,2297807,2297925
202607191727,e2e_trace_v3,19512,17293839968015222891,0,planning,in,83026092191040,1,/apollo/prediction,1927,0,1784453382247754877,1,72074992950446198,2,2297807,2297908
202607191727,e2e_trace_v3,19529,17293839968015222891,0,planning,out,83026129543872,1,/apollo/planning,0,1921,1784453382247754877,142,72074992950446198,2,2297807,2297908
202607191727,e2e_trace_v3,19530,17293839968015222892,0,planning,in,83026212657632,1,/apollo/prediction,1928,0,1784453382352220666,2,72074992950446199,2,2297807,2297902
202607191727,e2e_trace_v3,19547,17293839968015222892,0,planning,out,83026241451904,1,/apollo/planning,0,1922,1784453382352220666,142,72074992950446199,2,2297807,2297902
202607191727,e2e_trace_v3,19548,17293839968015222893,0,planning,in,83026302492800,1,/apollo/prediction,1929,0,1784453382467113865,2,72074992950446200,2,2297807,2297896
202607191727,e2e_trace_v3,19565,17293839968015222893,0,planning,out,83026328645824,1,/apollo/planning,0,1923,1784453382467113865,142,72074992950446200,2,2297807,2297896
202607191727,e2e_trace_v3,19566,17293839968015222894,0,planning,in,83026399808768,1,/apollo/prediction,1930,0,1784453382573186080,2,72074992950446201,2,2297807,2297902
202607191727,e2e_trace_v3,19583,17293839968015222894,0,planning,out,83026432506560,1,/apollo/planning,0,1924,1784453382573186080,142,72074992950446201,2,2297807,2297902
202607191727,e2e_trace_v3,19584,17293839968015222895,0,planning,in,83026512675264,1,/apollo/prediction,1931,0,1784453382678811250,1,72074992950446202,2,2297807,2297925
202607191727,e2e_trace_v3,19601,17293839968015222895,0,planning,out,83026546209760,1,/apollo/planning,0,1925,1784453382678811250,142,72074992950446202,2,2297807,2297925
202607191727,e2e_trace_v3,19602,17293839968015222896,0,planning,in,83026638787040,1,/apollo/prediction,1932,0,1784453382788071862,0,72074992950446203,2,2297807,2297925
202607191727,e2e_trace_v3,19619,17293839968015222896,0,planning,out,83026668938752,1,/apollo/planning,0,1926,1784453382788071862,143,72074992950446203,2,2297807,2297925
202607191727,e2e_trace_v3,19620,17293839968015222897,0,planning,in,83026736597600,1,/apollo/prediction,1933,0,1784453382895010507,1,72074992950446204,2,2297807,2297924
202607191727,e2e_trace_v3,19637,17293839968015222897,0,planning,out,83026768963808,1,/apollo/planning,0,1927,1784453382895010507,143,72074992950446204,2,2297807,2297924
202607191727,e2e_trace_v3,19638,17293839968015222898,0,planning,in,83026830740992,1,/apollo/prediction,1934,0,1784453383006322814,1,72074992950446205,2,2297807,2297913
202607191727,e2e_trace_v3,19655,17293839968015222898,0,planning,out,83026870683648,1,/apollo/planning,0,1928,1784453383006322814,142,72074992950446205,2,2297807,2297913
202607191727,e2e_trace_v3,19656,17293839968015222899,0,planning,in,83026947968032,1,/apollo/prediction,1935,0,1784453383112852848,1,72074992950446206,1,2297807,2297900
202607191727,e2e_trace_v3,19673,17293839968015222899,0,planning,out,83026975035776,1,/apollo/planning,0,1929,1784453383112852848,143,72074992950446206,1,2297807,2297900
202607191727,e2e_trace_v3,19674,17293839968015222900,0,planning,in,83027052684416,1,/apollo/prediction,1936,0,1784453383219248843,1,72074992950446207,2,2297807,2297906
202607191727,e2e_trace_v3,19691,17293839968015222900,0,planning,out,83027083148928,1,/apollo/planning,0,1930,1784453383219248843,143,72074992950446207,2,2297807,2297906
202607191727,e2e_trace_v3,19692,17293839968015222901,0,planning,in,83027184480352,1,/apollo/prediction,1937,0,1784453383323129397,1,72074992950446208,2,2297807,2297918
202607191727,e2e_trace_v3,19709,17293839968015222901,0,planning,out,83027229308512,1,/apollo/planning,0,1931,1784453383323129397,111,72074992950446208,2,2297807,2297918
202607191727,e2e_trace_v3,19710,17293839968015222902,0,planning,in,83027265287712,1,/apollo/prediction,1938,0,1784453383427518365,1,72074992950446209,2,2297807,2297924
202607191727,e2e_trace_v3,19727,17293839968015222902,0,planning,out,83027293697632,1,/apollo/planning,0,1932,1784453383427518365,111,72074992950446209,2,2297807,2297924
202607191727,e2e_trace_v3,19728,17293839968015222903,0,planning,in,83027363165728,1,/apollo/prediction,1939,0,1784453383531892077,1,72074992950446210,2,2297807,2297911
202607191727,e2e_trace_v3,19745,17293839968015222903,0,planning,out,83027391701984,1,/apollo/planning,0,1933,1784453383531892077,111,72074992950446210,2,2297807,2297911
202607191727,e2e_trace_v3,19746,17293839968015222904,0,planning,in,83027479817088,1,/apollo/prediction,1940,0,1784453383638167868,1,72074992950446211,2,2297807,2297925
202607191727,e2e_trace_v3,19763,17293839968015222904,0,planning,out,83027519533952,1,/apollo/planning,0,1934,1784453383638167868,117,72074992950446211,2,2297807,2297925
202607191727,e2e_trace_v3,19764,17293839968015222905,0,planning,in,83027599365792,1,/apollo/prediction,1941,0,1784453383745513676,1,72074992950446212,2,2297807,2297906
202607191727,e2e_trace_v3,19781,17293839968015222905,0,planning,out,83027633294880,1,/apollo/planning,0,1935,1784453383745513676,123,72074992950446212,2,2297807,2297906
202607191727,e2e_trace_v3,19782,17293839968015222906,0,planning,in,83027708178880,1,/apollo/prediction,1942,0,1784453383856498738,0,72074992950446213,2,2297807,2297913
202607191727,e2e_trace_v3,19799,17293839968015222906,0,planning,out,83027745944608,1,/apollo/planning,0,1936,1784453383856498738,129,72074992950446213,2,2297807,2297913
202607191727,e2e_trace_v3,19800,17293839968015222907,0,planning,in,83027821358048,1,/apollo/prediction,1943,0,1784453383965040595,1,72074992950446214,2,2297807,2297909
202607191727,e2e_trace_v3,19817,17293839968015222907,0,planning,out,83027868044000,1,/apollo/planning,0,1937,1784453383965040595,134,72074992950446214,2,2297807,2297909
202607191727,e2e_trace_v3,19818,17293839968015222908,0,planning,in,83027926512448,1,/apollo/prediction,1944,0,1784453384074628824,1,72074992950446215,2,2297807,2297920
202607191727,e2e_trace_v3,19835,17293839968015222908,0,planning,out,83027961184064,1,/apollo/planning,0,1938,1784453384074628824,139,72074992950446215,2,2297807,2297920
202607191727,e2e_trace_v3,19836,17293839968015222909,0,planning,in,83028032019040,1,/apollo/prediction,1945,0,1784453384185003994,1,72074992950446216,2,2297807,2297898
202607191727,e2e_trace_v3,19853,17293839968015222909,0,planning,out,83028070814368,1,/apollo/planning,0,1939,1784453384185003994,139,72074992950446216,2,2297807,2297898
202607191727,e2e_trace_v3,19854,17293839968015222910,0,planning,in,83028184561408,1,/apollo/prediction,1946,0,1784453384295426270,1,72074992950446217,2,2297807,2297896
202607191727,e2e_trace_v3,19871,17293839968015222910,0,planning,out,83028230642400,1,/apollo/planning,0,1940,1784453384295426270,142,72074992950446217,2,2297807,2297896
202607191727,e2e_trace_v3,19872,17293839968015222911,0,planning,in,83028281539616,1,/apollo/prediction,1947,0,1784453384423987577,1,72074992950446218,2,2297807,2297902
202607191727,e2e_trace_v3,19889,17293839968015222911,0,planning,out,83028308712960,1,/apollo/planning,0,1941,1784453384423987577,142,72074992950446218,2,2297807,2297902
202607191727,e2e_trace_v3,19890,17293839968015222912,0,planning,in,83028380328896,1,/apollo/prediction,1948,0,1784453384536443692,1,72074992950446219,2,2297807,2297902
202607191727,e2e_trace_v3,19907,17293839968015222912,0,planning,out,83028407086592,1,/apollo/planning,0,1942,1784453384536443692,142,72074992950446219,2,2297807,2297902
202607191727,e2e_trace_v3,19908,17293839968015222913,0,planning,in,83028513753152,1,/apollo/prediction,1949,0,1784453384646671670,1,72074992950446220,2,2297807,2297898
202607191727,e2e_trace_v3,19925,17293839968015222913,0,planning,out,83028547898144,1,/apollo/planning,0,1943,1784453384646671670,111,72074992950446220,2,2297807,2297898
202607191727,e2e_trace_v3,19926,17293839968015222914,0,planning,in,83028619982624,1,/apollo/prediction,1950,0,1784453384758188203,1,72074992950446221,2,2297807,2297908
202607191727,e2e_trace_v3,19943,17293839968015222914,0,planning,out,83028668846144,1,/apollo/planning,0,1944,1784453384758188203,117,72074992950446221,2,2297807,2297908
202607191727,e2e_trace_v3,19944,17293839968015222915,0,planning,in,83028719502784,1,/apollo/prediction,1951,0,1784453384868290541,1,72074992950446222,2,2297807,2297913
202607191727,e2e_trace_v3,19961,17293839968015222915,0,planning,out,83028761315520,1,/apollo/planning,0,1945,1784453384868290541,122,72074992950446222,2,2297807,2297913
202607191727,e2e_trace_v3,19962,17293839968015222916,0,planning,in,83028844735296,1,/apollo/prediction,1952,0,1784453384977859104,1,72074992950446223,2,2297807,2297896
202607191727,e2e_trace_v3,19979,17293839968015222916,0,planning,out,83028881323808,1,/apollo/planning,0,1946,1784453384977859104,128,72074992950446223,2,2297807,2297896
202607191727,e2e_trace_v3,19980,17293839968015222917,0,planning,in,83028968120992,1,/apollo/prediction,1953,0,1784453385099383918,1,72074992950446224,2,2297807,2297902
202607191727,e2e_trace_v3,19997,17293839968015222917,0,planning,out,83028983800128,1,/apollo/planning,0,1947,1784453385099383918,92,72074992950446224,2,2297807,2297902
202607191727,e2e_trace_v3,19998,17293839968015222918,0,planning,in,83029064461216,1,/apollo/prediction,1954,0,1784453385212185478,2,72074992950446225,2,2297807,2297908
202607191727,e2e_trace_v3,20015,17293839968015222918,0,planning,out,83029086783968,1,/apollo/planning,0,1948,1784453385212185478,96,72074992950446225,2,2297807,2297908
202607191727,e2e_trace_v3,20016,17293839968015222919,0,planning,in,83029164430688,1,/apollo/prediction,1955,0,1784453385319648701,2,72074992950446226,2,2297807,2297906
202607191727,e2e_trace_v3,20033,17293839968015222919,0,planning,out,83029183024608,1,/apollo/planning,0,1949,1784453385319648701,97,72074992950446226,2,2297807,2297906
202607191727,e2e_trace_v3,20034,17293839968015222920,0,planning,in,83029264392288,1,/apollo/prediction,1956,0,1784453385428248178,2,72074992950446227,2,2297807,2297913
202607191727,e2e_trace_v3,20051,17293839968015222920,0,planning,out,83029284823040,1,/apollo/planning,0,1950,1784453385428248178,98,72074992950446227,2,2297807,2297913
202607191727,e2e_trace_v3,20052,17293839968015222921,0,planning,in,83029394711872,1,/apollo/prediction,1957,0,1784453385542290276,2,72074992950446228,2,2297807,2297909
202607191727,e2e_trace_v3,20069,17293839968015222921,0,planning,out,83029407524736,1,/apollo/planning,0,1951,1784453385542290276,69,72074992950446228,2,2297807,2297909
202607191727,e2e_trace_v3,20070,17293839968015222922,0,planning,in,83029500434240,1,/apollo/prediction,1958,0,1784453385648663777,1,72074992950446229,2,2297807,2297909
202607191727,e2e_trace_v3,20087,17293839968015222922,0,planning,out,83029518450912,1,/apollo/planning,0,1952,1784453385648663777,75,72074992950446229,2,2297807,2297909
202607191727,e2e_trace_v3,20088,17293839968015222923,0,planning,in,83029641027744,1,/apollo/prediction,1959,0,1784453385758028847,2,72074992950446230,1,2297807,2297908
202607191727,e2e_trace_v3,20105,17293839968015222923,0,planning,out,83029665621792,1,/apollo/planning,0,1953,1784453385758028847,82,72074992950446230,1,2297807,2297908
202607191727,e2e_trace_v3,20106,17293839968015222924,0,planning,in,83029751001536,1,/apollo/prediction,1960,0,1784453385908652251,1,72074992950446231,2,2297807,2297911
202607191727,e2e_trace_v3,20123,17293839968015222924,0,planning,out,83029775378560,1,/apollo/planning,0,1954,1784453385908652251,69,72074992950446231,2,2297807,2297911
202607191727,e2e_trace_v3,20124,17293839968015222925,0,planning,in,83029932961728,1,/apollo/prediction,1961,0,1784453386028301048,2,72074992950446232,2,2297807,2297900
202607191727,e2e_trace_v3,20141,17293839968015222925,0,planning,out,83029956597056,1,/apollo/planning,0,1955,1784453386028301048,79,72074992950446232,2,2297807,2297900
202607191727,e2e_trace_v3,20142,17293839968015222926,0,planning,in,83030043863456,1,/apollo/prediction,1962,0,1784453386188495374,1,72074992950446233,2,2297807,2297911
202607191727,e2e_trace_v3,20159,17293839968015222926,0,planning,out,83030060063648,1,/apollo/planning,0,1956,1784453386188495374,84,72074992950446233,2,2297807,2297911
202607191727,e2e_trace_v3,20160,17293839968015222927,0,planning,in,83030144527712,1,/apollo/prediction,1963,0,1784453386297294457,1,72074992950446234,2,2297807,2297906
202607191727,e2e_trace_v3,20177,17293839968015222927,0,planning,out,83030155782848,1,/apollo/planning,0,1957,1784453386297294457,69,72074992950446234,2,2297807,2297906
202607191727,e2e_trace_v3,20178,17293839968015222928,0,planning,in,83030277000064,1,/apollo/prediction,1964,0,1784453386407051960,1,72074992950446235,2,2297807,2297924
202607191727,e2e_trace_v3,20195,17293839968015222928,0,planning,out,83030287541248,1,/apollo/planning,0,1958,1784453386407051960,76,72074992950446235,2,2297807,2297924
202607191727,e2e_trace_v3,20196,17293839968015222929,0,planning,in,83030375794208,1,/apollo/prediction,1965,0,1784453386528065839,1,72074992950446236,2,2297807,2297904
202607191727,e2e_trace_v3,20213,17293839968015222929,0,planning,out,83030386135264,1,/apollo/planning,0,1959,1784453386528065839,81,72074992950446236,2,2297807,2297904
202607191727,e2e_trace_v3,20214,17293839968015222930,0,planning,in,83030474724736,1,/apollo/prediction,1966,0,1784453386645521657,1,72074992950446237,2,2297807,2297924
202607191727,e2e_trace_v3,20231,17293839968015222930,0,planning,out,83030488359168,1,/apollo/planning,0,1960,1784453386645521657,69,72074992950446237,2,2297807,2297924
202607191727,e2e_trace_v3,20232,17293839968015222931,0,planning,in,83030616396160,1,/apollo/prediction,1967,0,1784453386756184774,1,72074992950446238,2,2297807,2297906
202607191727,e2e_trace_v3,20249,17293839968015222931,0,planning,out,83030626700992,1,/apollo/planning,0,1961,1784453386756184774,77,72074992950446238,2,2297807,2297906
202607191727,e2e_trace_v3,20250,17293839968015222932,0,planning,in,83030725359296,1,/apollo/prediction,1968,0,1784453386884360108,1,72074992950446239,2,2297807,2297906
202607191727,e2e_trace_v3,20267,17293839968015222932,0,planning,out,83030735703968,1,/apollo/planning,0,1962,1784453386884360108,82,72074992950446239,2,2297807,2297906
202607191727,e2e_trace_v3,20268,17293839968015222933,0,planning,in,83030840369952,1,/apollo/prediction,1969,0,1784453386996681872,2,72074992950446240,1,2297807,2297896
202607191727,e2e_trace_v3,20285,17293839968015222933,0,planning,out,83030867973536,1,/apollo/planning,0,1963,1784453386996681872,88,72074992950446240,1,2297807,2297896
202607191727,e2e_trace_v3,20286,17293839968015222934,0,planning,in,83030950237312,1,/apollo/prediction,1970,0,1784453387108585406,1,72074992950446241,2,2297807,2297904
202607191727,e2e_trace_v3,20303,17293839968015222934,0,planning,out,83030964928224,1,/apollo/planning,0,1964,1784453387108585406,93,72074992950446241,2,2297807,2297904
202607191727,e2e_trace_v3,20304,17293839968015222935,0,planning,in,83031068883168,1,/apollo/prediction,1971,0,1784453387217501357,2,72074992950446242,2,2297807,2297918
202607191727,e2e_trace_v3,20321,17293839968015222935,0,planning,out,83031089571904,1,/apollo/planning,0,1965,1784453387217501357,69,72074992950446242,2,2297807,2297918
202607191727,e2e_trace_v3,20322,17293839968015222936,0,planning,in,83031166081152,1,/apollo/prediction,1972,0,1784453387324727477,1,72074992950446243,1,2297807,2297913
202607191727,e2e_trace_v3,20339,17293839968015222936,0,planning,out,83031178502144,1,/apollo/planning,0,1966,1784453387324727477,69,72074992950446243,1,2297807,2297913
202607191727,e2e_trace_v3,20340,17293839968015222937,0,planning,in,83031290034976,1,/apollo/prediction,1973,0,1784453387436418118,1,72074992950446244,2,2297807,2297896
202607191727,e2e_trace_v3,20357,17293839968015222937,0,planning,out,83031318021184,1,/apollo/planning,0,1967,1784453387436418118,76,72074992950446244,2,2297807,2297896
202607191727,e2e_trace_v3,20358,17293839968015222938,0,planning,in,83031408874112,1,/apollo/prediction,1974,0,1784453387544889615,1,72074992950446245,2,2297807,2297896
202607191727,e2e_trace_v3,20375,17293839968015222938,0,planning,out,83031422793376,1,/apollo/planning,0,1968,1784453387544889615,82,72074992950446245,2,2297807,2297896
202607191727,e2e_trace_v3,20376,17293839968015222939,0,planning,in,83031515630848,1,/apollo/prediction,1975,0,1784453387658308239,1,72074992950446246,2,2297807,2297900
202607191727,e2e_trace_v3,20393,17293839968015222939,0,planning,out,83031534751424,1,/apollo/planning,0,1969,1784453387658308239,87,72074992950446246,2,2297807,2297900
202607191727,e2e_trace_v3,20394,17293839968015222940,0,planning,in,83031616860736,1,/apollo/prediction,1976,0,1784453387772712694,1,72074992950446247,2,2297807,2297911
202607191727,e2e_trace_v3,20411,17293839968015222940,0,planning,out,83031632551008,1,/apollo/planning,0,1970,1784453387772712694,69,72074992950446247,2,2297807,2297911
202607191727,e2e_trace_v3,20412,17293839968015222941,0,planning,in,83031732483456,1,/apollo/prediction,1977,0,1784453387882456446,1,72074992950446248,2,2297807,2297925
202607191727,e2e_trace_v3,20429,17293839968015222941,0,planning,out,83031746401088,1,/apollo/planning,0,1971,1784453387882456446,75,72074992950446248,2,2297807,2297925
202607191727,e2e_trace_v3,20430,17293839968015222942,0,planning,in,83031831470848,1,/apollo/prediction,1978,0,1784453387998607658,0,72074992950446249,2,2297807,2297898
202607191727,e2e_trace_v3,20447,17293839968015222942,0,planning,out,83031867302944,1,/apollo/planning,0,1972,1784453387998607658,122,72074992950446249,2,2297807,2297898
202607191727,e2e_trace_v3,20448,17293839968015222943,0,planning,in,83031954315104,1,/apollo/prediction,1979,0,1784453388112781002,0,72074992950446250,2,2297807,2297904
202607191727,e2e_trace_v3,20465,17293839968015222943,0,planning,out,83032002014112,1,/apollo/planning,0,1973,1784453388112781002,128,72074992950446250,2,2297807,2297904
202607191727,e2e_trace_v3,20466,17293839968015222944,0,planning,in,83032061746720,1,/apollo/prediction,1980,0,1784453388222826966,0,72074992950446251,2,2297807,2297911
202607191727,e2e_trace_v3,20483,17293839968015222944,0,planning,out,83032113052032,1,/apollo/planning,0,1974,1784453388222826966,134,72074992950446251,2,2297807,2297911
202607191727,e2e_trace_v3,20484,17293839968015222945,0,planning,in,83032178275968,1,/apollo/prediction,1981,0,1784453388330700964,0,72074992950446252,2,2297807,2297922
202607191727,e2e_trace_v3,20501,17293839968015222945,0,planning,out,83032220689632,1,/apollo/planning,0,1975,1784453388330700964,140,72074992950446252,2,2297807,2297922
202607191727,e2e_trace_v3,20502,17293839968015222946,0,planning,in,83032300077088,1,/apollo/prediction,1982,0,1784453388440803842,0,72074992950446253,2,2297807,2297906
202607191727,e2e_trace_v3,20519,17293839968015222946,0,planning,out,83032332684576,1,/apollo/planning,0,1976,1784453388440803842,111,72074992950446253,2,2297807,2297906
202607191727,e2e_trace_v3,20520,17293839968015222947,0,planning,in,83032400060768,1,/apollo/prediction,1983,0,1784453388548635497,0,72074992950446254,2,2297807,2297896
202607191727,e2e_trace_v3,20537,17293839968015222947,0,planning,out,83032433557632,1,/apollo/planning,0,1977,1784453388548635497,69,72074992950446254,2,2297807,2297896
202607191727,e2e_trace_v3,20538,17293839968015222948,0,planning,in,83032493819744,1,/apollo/prediction,1984,0,1784453388660034201,0,72074992950446255,2,2297807,2297906
202607191727,e2e_trace_v3,20555,17293839968015222948,0,planning,out,83032520586176,1,/apollo/planning,0,1978,1784453388660034201,111,72074992950446255,2,2297807,2297906
202607191727,e2e_trace_v3,20556,17293839968015222949,0,planning,in,83032632705440,1,/apollo/prediction,1985,0,1784453388768684306,0,72074992950446256,2,2297807,2297898
202607191727,e2e_trace_v3,20573,17293839968015222949,0,planning,out,83032662625728,1,/apollo/planning,0,1979,1784453388768684306,118,72074992950446256,2,2297807,2297898
202607191727,e2e_trace_v3,20574,17293839968015222950,0,planning,in,83032732136800,1,/apollo/prediction,1986,0,1784453388881838042,0,72074992950446257,2,2297807,2297924
202607191727,e2e_trace_v3,20591,17293839968015222950,0,planning,out,83032780842592,1,/apollo/planning,0,1980,1784453388881838042,123,72074992950446257,2,2297807,2297924
202607191727,e2e_trace_v3,20592,17293839968015222951,0,planning,in,83032825484160,1,/apollo/prediction,1987,0,1784453388993806049,0,72074992950446258,2,2297807,2297898
202607191727,e2e_trace_v3,20609,17293839968015222951,0,planning,out,83032852563488,1,/apollo/planning,0,1981,1784453388993806049,128,72074992950446258,2,2297807,2297898
202607191727,e2e_trace_v3,20610,17293839968015222952,0,planning,in,83032956308864,1,/apollo/prediction,1988,0,1784453389104470951,0,72074992950446259,2,2297807,2297896
202607191727,e2e_trace_v3,20627,17293839968015222952,0,planning,out,83033004104416,1,/apollo/planning,0,1982,1784453389104470951,135,72074992950446259,2,2297807,2297896
202607191727,e2e_trace_v3,20628,17293839968015222953,0,planning,in,83033051796352,1,/apollo/prediction,1989,0,1784453389212140831,0,72074992950446260,2,2297807,2297913
202607191727,e2e_trace_v3,20645,17293839968015222953,0,planning,out,83033078135136,1,/apollo/planning,0,1983,1784453389212140831,139,72074992950446260,2,2297807,2297913
202607191727,e2e_trace_v3,20646,17293839968015222954,0,planning,in,83033175528800,1,/apollo/prediction,1990,0,1784453389320829808,0,72074992950446261,2,2297807,2297913
202607191727,e2e_trace_v3,20663,17293839968015222954,0,planning,out,83033205294400,1,/apollo/planning,0,1984,1784453389320829808,146,72074992950446261,2,2297807,2297913
202607191727,e2e_trace_v3,20664,17293839968015222955,0,planning,in,83033291311584,1,/apollo/prediction,1991,0,1784453389433240583,0,72074992950446262,2,2297807,2297913
202607191727,e2e_trace_v3,20681,17293839968015222955,0,planning,out,83033318431200,1,/apollo/planning,0,1985,1784453389433240583,151,72074992950446262,2,2297807,2297913
202607191727,e2e_trace_v3,20682,17293839968015222956,0,planning,in,83033406305600,1,/apollo/prediction,1992,0,1784453389572757767,0,72074992950446263,2,2297807,2297898
202607191727,e2e_trace_v3,20699,17293839968015222956,0,planning,out,83033444022336,1,/apollo/planning,0,1986,1784453389572757767,154,72074992950446263,2,2297807,2297898
202607191727,e2e_trace_v3,20700,17293839968015222957,0,planning,in,83033512087616,1,/apollo/prediction,1993,0,1784453389683672574,0,72074992950446264,2,2297807,2297896
202607191727,e2e_trace_v3,20717,17293839968015222957,0,planning,out,83033546576480,1,/apollo/planning,0,1987,1784453389683672574,153,72074992950446264,2,2297807,2297896
202607191727,e2e_trace_v3,20718,17293839968015222958,0,planning,in,83033632156800,1,/apollo/prediction,1994,0,1784453389794573210,0,72074992950446265,1,2297807,2297904
202607191727,e2e_trace_v3,20735,17293839968015222958,0,planning,out,83033661483328,1,/apollo/planning,0,1988,1784453389794573210,152,72074992950446265,1,2297807,2297904
202607191727,e2e_trace_v3,20736,17293839968015222959,0,planning,in,83033737304000,1,/apollo/prediction,1995,0,1784453389908555394,0,72074992950446266,1,2297807,2297915
202607191727,e2e_trace_v3,20753,17293839968015222959,0,planning,out,83033762321120,1,/apollo/planning,0,1989,1784453389908555394,151,72074992950446266,1,2297807,2297915
202607191727,e2e_trace_v3,20754,17293839968015222960,0,planning,in,83033868286272,1,/apollo/prediction,1996,0,1784453390018572141,0,72074992950446267,2,2297807,2297920
202607191727,e2e_trace_v3,20771,17293839968015222960,0,planning,out,83033892575104,1,/apollo/planning,0,1990,1784453390018572141,150,72074992950446267,2,2297807,2297920
202607191727,e2e_trace_v3,20772,17293839968015222961,0,planning,in,83033980212320,1,/apollo/prediction,1997,0,1784453390129294804,0,72074992950446268,2,2297807,2297920
202607191727,e2e_trace_v3,20789,17293839968015222961,0,planning,out,83034008524608,1,/apollo/planning,0,1991,1784453390129294804,149,72074992950446268,2,2297807,2297920
202607191727,e2e_trace_v3,20790,17293839968015222962,0,planning,in,83034078579872,1,/apollo/prediction,1998,0,1784453390236488312,0,72074992950446269,2,2297807,2297913
202607191727,e2e_trace_v3,20807,17293839968015222962,0,planning,out,83034118882848,1,/apollo/planning,0,1992,1784453390236488312,147,72074992950446269,2,2297807,2297913
202607191727,e2e_trace_v3,20808,17293839968015222963,0,planning,in,83034220482080,1,/apollo/prediction,1999,0,1784453390345403443,0,72074992950446270,2,2297807,2297918
202607191727,e2e_trace_v3,20825,17293839968015222963,0,planning,out,83034262305600,1,/apollo/planning,0,1993,1784453390345403443,146,72074992950446270,2,2297807,2297918
202607191727,e2e_trace_v3,20826,17293839968015222964,0,planning,in,83034310019616,1,/apollo/prediction,2000,0,1784453390455197107,0,72074992950446271,2,2297807,2297904
202607191727,e2e_trace_v3,20843,17293839968015222964,0,planning,out,83034336380992,1,/apollo/planning,0,1994,1784453390455197107,142,72074992950446271,2,2297807,2297904
202607191727,e2e_trace_v3,20844,17293839968015222965,0,planning,in,83034413966560,1,/apollo/prediction,2001,0,1784453390563728726,0,72074992950446272,2,2297807,2297904
202607191727,e2e_trace_v3,20861,17293839968015222965,0,planning,out,83034440648416,1,/apollo/planning,0,1995,1784453390563728726,140,72074992950446272,2,2297807,2297904
202607191727,e2e_trace_v3,20862,17293839968015222966,0,planning,in,83034513866080,1,/apollo/prediction,2002,0,1784453390671602547,1,72074992950446273,2,2297807,2297896
202607191727,e2e_trace_v3,20879,17293839968015222966,0,planning,out,83034527830080,1,/apollo/planning,0,1996,1784453390671602547,94,72074992950446273,2,2297807,2297896
202607191727,e2e_trace_v3,20880,17293839968015222967,0,planning,in,83034635412256,1,/apollo/prediction,2003,0,1784453390780653008,1,72074992950446274,2,2297807,2297909
202607191727,e2e_trace_v3,20897,17293839968015222967,0,planning,out,83034668370624,1,/apollo/planning,0,1997,1784453390780653008,100,72074992950446274,2,2297807,2297909
202607191727,e2e_trace_v3,20898,17293839968015222968,0,planning,in,83034777394208,1,/apollo/prediction,2004,0,1784453390917668512,1,72074992950446275,1,2297807,2297922
202607191727,e2e_trace_v3,20915,17293839968015222968,0,planning,out,83034807107488,1,/apollo/planning,0,1998,1784453390917668512,101,72074992950446275,1,2297807,2297922
202607191727,e2e_trace_v3,20916,17293839968015222969,0,planning,in,83034912506592,1,/apollo/prediction,2005,0,1784453391045725825,1,72074992950446276,2,2297807,2297913
202607191727,e2e_trace_v3,20933,17293839968015222969,0,planning,out,83034930638048,1,/apollo/planning,0,1999,1784453391045725825,107,72074992950446276,2,2297807,2297913
202607191727,e2e_trace_v3,20934,17293839968015222970,0,planning,in,83035019252800,1,/apollo/prediction,2006,0,1784453391180327388,1,72074992950446277,2,2297807,2297913
202607191727,e2e_trace_v3,20951,17293839968015222970,0,planning,out,83035040047840,1,/apollo/planning,0,2000,1784453391180327388,112,72074992950446277,2,2297807,2297913
202607191727,e2e_trace_v3,20952,17293839968015222971,0,planning,in,83035148361088,1,/apollo/prediction,2007,0,1784453391296621243,1,72074992950446278,2,2297807,2297896
202607191727,e2e_trace_v3,20969,17293839968015222971,0,planning,out,83035191167872,1,/apollo/planning,0,2001,1784453391296621243,118,72074992950446278,2,2297807,2297896
202607191727,e2e_trace_v3,20970,17293839968015222972,0,planning,in,83035275328352,1,/apollo/prediction,2008,0,1784453391406820616,1,72074992950446279,2,2297807,2297902
202607191727,e2e_trace_v3,20987,17293839968015222972,0,planning,out,83035335575392,1,/apollo/planning,0,2002,1784453391406820616,125,72074992950446279,2,2297807,2297902
202607191727,e2e_trace_v3,20988,17293839968015222973,0,planning,in,83035374771648,1,/apollo/prediction,2009,0,1784453391517039915,1,72074992950446280,2,2297807,2297925
202607191727,e2e_trace_v3,20999,17293839968015222973,0,planning,out,83035377940416,1,/apollo/planning,0,2003,1784453391517039915,30,72074992950446280,2,2297807,2297925
202607191727,e2e_trace_v3,21000,17293839968015222974,0,planning,in,83035480068800,1,/apollo/prediction,2010,0,1784453391627222257,1,72074992950446281,2,2297807,2297909
202607191727,e2e_trace_v3,21011,17293839968015222974,0,planning,out,83035485298432,1,/apollo/planning,0,2004,1784453391627222257,30,72074992950446281,2,2297807,2297909
202607191727,e2e_trace_v3,21012,17293839968015222975,0,planning,in,83035597640640,1,/apollo/prediction,2011,0,1784453391744691334,1,72074992950446282,2,2297807,2297925
202607191727,e2e_trace_v3,21023,17293839968015222975,0,planning,out,83035601027008,1,/apollo/planning,0,2005,1784453391744691334,30,72074992950446282,2,2297807,2297925
202607191727,e2e_trace_v3,21024,17293839968015222976,0,planning,in,83035723484192,1,/apollo/prediction,2012,0,1784453391852222151,1,72074992950446283,2,2297807,2297920
202607191727,e2e_trace_v3,21035,17293839968015222976,0,planning,out,83035727155552,1,/apollo/planning,0,2006,1784453391852222151,30,72074992950446283,2,2297807,2297920
202607191727,e2e_trace_v3,21036,17293839968015222977,0,planning,in,83035856571104,1,/apollo/prediction,2013,0,1784453391990237325,1,72074992950446284,2,2297807,2297900
202607191727,e2e_trace_v3,21047,17293839968015222977,0,planning,out,83035859425472,1,/apollo/planning,0,2007,1784453391990237325,30,72074992950446284,2,2297807,2297900
202607191727,e2e_trace_v3,21048,17293839968015222978,0,planning,in,83035940214336,1,/apollo/prediction,2014,0,1784453392103111469,1,72074992950446285,2,2297807,2297922
202607191727,e2e_trace_v3,21059,17293839968015222978,0,planning,out,83035943403104,1,/apollo/planning,0,2008,1784453392103111469,30,72074992950446285,2,2297807,2297922
202607191727,e2e_trace_v3,21060,17293839968015222979,0,planning,in,83036060613408,1,/apollo/prediction,2015,0,1784453392209674013,0,72074992950446286,2,2297807,2297898
202607191727,e2e_trace_v3,21077,17293839968015222979,0,planning,out,83036100120672,1,/apollo/planning,0,2009,1784453392209674013,206,72074992950446286,2,2297807,2297898
202607191727,e2e_trace_v3,21078,17293839968015222980,0,planning,in,83036172141952,1,/apollo/prediction,2016,0,1784453392316297130,0,72074992950446287,2,2297807,2297902
202607191727,e2e_trace_v3,21095,17293839968015222980,0,planning,out,83036217636064,1,/apollo/planning,0,2010,1784453392316297130,211,72074992950446287,2,2297807,2297902
202607191727,e2e_trace_v3,21096,17293839968015222981,0,planning,in,83036284235648,1,/apollo/prediction,2017,0,1784453392431538685,0,72074992950446288,1,2297807,2297900
202607191727,e2e_trace_v3,21113,17293839968015222981,0,planning,out,83036313054944,1,/apollo/planning,0,2011,1784453392431538685,217,72074992950446288,1,2297807,2297900
202607191727,e2e_trace_v3,21114,17293839968015222982,0,planning,in,83036385352160,1,/apollo/prediction,2018,0,1784453392545402645,0,72074992950446289,2,2297807,2297922
202607191727,e2e_trace_v3,21131,17293839968015222982,0,planning,out,83036417650784,1,/apollo/planning,0,2012,1784453392545402645,222,72074992950446289,2,2297807,2297922
202607191727,e2e_trace_v3,21132,17293839968015222983,0,planning,in,83036502372096,1,/apollo/prediction,2019,0,1784453392662764138,0,72074992950446290,2,2297807,2297922
202607191727,e2e_trace_v3,21149,17293839968015222983,0,planning,out,83036532293856,1,/apollo/planning,0,2013,1784453392662764138,228,72074992950446290,2,2297807,2297922
202607191727,e2e_trace_v3,21150,17293839968015222984,0,planning,in,83036622754304,1,/apollo/prediction,2020,0,1784453392773035008,0,72074992950446291,2,2297807,2297920
202607191727,e2e_trace_v3,21167,17293839968015222984,0,planning,out,83036648067104,1,/apollo/planning,0,2014,1784453392773035008,234,72074992950446291,2,2297807,2297920
202607191727,e2e_trace_v3,21168,17293839968015222985,0,planning,in,83036741764256,1,/apollo/prediction,2021,0,1784453392902435674,0,72074992950446292,2,2297807,2297920
202607191727,e2e_trace_v3,21185,17293839968015222985,0,planning,out,83036771216320,1,/apollo/planning,0,2015,1784453392902435674,240,72074992950446292,2,2297807,2297920
202607191727,e2e_trace_v3,21186,17293839968015222986,0,planning,in,83036860175936,1,/apollo/prediction,2022,0,1784453393016565644,0,72074992950446293,2,2297807,2297908
202607191727,e2e_trace_v3,21203,17293839968015222986,0,planning,out,83036894348704,1,/apollo/planning,0,2016,1784453393016565644,246,72074992950446293,2,2297807,2297908
202607191727,e2e_trace_v3,21204,17293839968015222987,0,planning,in,83036983337600,1,/apollo/prediction,2023,0,1784453393127952849,0,72074992950446294,2,2297807,2297902
202607191727,e2e_trace_v3,21221,17293839968015222987,0,planning,out,83037031093664,1,/apollo/planning,0,2017,1784453393127952849,252,72074992950446294,2,2297807,2297902
202607191727,e2e_trace_v3,21222,17293839968015222988,0,planning,in,83037087652064,1,/apollo/prediction,2024,0,1784453393239562352,0,72074992950446295,2,2297807,2297925
202607191727,e2e_trace_v3,21239,17293839968015222988,0,planning,out,83037130633280,1,/apollo/planning,0,2018,1784453393239562352,256,72074992950446295,2,2297807,2297925
202607191727,e2e_trace_v3,21240,17293839968015222989,0,planning,in,83037207969824,1,/apollo/prediction,2025,0,1784453393353780725,0,72074992950446296,2,2297807,2297909
202607191727,e2e_trace_v3,21257,17293839968015222989,0,planning,out,83037242737056,1,/apollo/planning,0,2019,1784453393353780725,261,72074992950446296,2,2297807,2297909
202607191727,e2e_trace_v3,21258,17293839968015222990,0,planning,in,83037317935136,1,/apollo/prediction,2026,0,1784453393466432406,0,72074992950446297,2,2297807,2297915
202607191727,e2e_trace_v3,21275,17293839968015222990,0,planning,out,83037359715776,1,/apollo/planning,0,2020,1784453393466432406,265,72074992950446297,2,2297807,2297915
202607191727,e2e_trace_v3,21276,17293839968015222991,0,planning,in,83037448706848,1,/apollo/prediction,2027,0,1784453393577382377,0,72074992950446298,1,2297807,2297906
202607191727,e2e_trace_v3,21293,17293839968015222991,0,planning,out,83037491645760,1,/apollo/planning,0,2021,1784453393577382377,269,72074992950446298,1,2297807,2297906
202607191727,e2e_trace_v3,21294,17293839968015222992,0,planning,in,83037569000992,1,/apollo/prediction,2028,0,1784453393702887397,0,72074992950446299,2,2297807,2297925
202607191727,e2e_trace_v3,21311,17293839968015222992,0,planning,out,83037600620736,1,/apollo/planning,0,2022,1784453393702887397,272,72074992950446299,2,2297807,2297925
202607191727,e2e_trace_v3,21312,17293839968015222993,0,planning,in,83037666464896,1,/apollo/prediction,2029,0,1784453393832321188,0,72074992950446300,2,2297807,2297904
202607191727,e2e_trace_v3,21329,17293839968015222993,0,planning,out,83037698266016,1,/apollo/planning,0,2023,1784453393832321188,271,72074992950446300,2,2297807,2297904
202607191727,e2e_trace_v3,21330,17293839968015222994,0,planning,in,83037779461056,1,/apollo/prediction,2030,0,1784453393946317610,0,72074992950446301,2,2297807,2297920
202607191727,e2e_trace_v3,21347,17293839968015222994,0,planning,out,83037811283520,1,/apollo/planning,0,2024,1784453393946317610,269,72074992950446301,2,2297807,2297920
202607191727,e2e_trace_v3,21348,17293839968015222995,0,planning,in,83037903688512,1,/apollo/prediction,2031,0,1784453394062419897,0,72074992950446302,1,2297807,2297900
202607191727,e2e_trace_v3,21365,17293839968015222995,0,planning,out,83037931283520,1,/apollo/planning,0,2025,1784453394062419897,184,72074992950446302,1,2297807,2297900
202607191727,e2e_trace_v3,21366,17293839968015222996,0,planning,in,83038032738336,1,/apollo/prediction,2032,0,1784453394180606897,0,72074992950446303,2,2297807,2297918
202607191727,e2e_trace_v3,21383,17293839968015222996,0,planning,out,83038071847392,1,/apollo/planning,0,2026,1784453394180606897,169,72074992950446303,2,2297807,2297918
202607191727,e2e_trace_v3,21384,17293839968015222997,0,planning,in,83038138000576,1,/apollo/prediction,2033,0,1784453394296904770,0,72074992950446304,2,2297807,2297915
202607191727,e2e_trace_v3,21401,17293839968015222997,0,planning,out,83038175882784,1,/apollo/planning,0,2027,1784453394296904770,162,72074992950446304,2,2297807,2297915
202607191727,e2e_trace_v3,21402,17293839968015222998,0,planning,in,83038275516128,1,/apollo/prediction,2034,0,1784453394408941607,0,72074992950446305,2,2297807,2297896
202607191727,e2e_trace_v3,21419,17293839968015222998,0,planning,out,83038324674240,1,/apollo/planning,0,2028,1784453394408941607,159,72074992950446305,2,2297807,2297896
202607191727,e2e_trace_v3,21420,17293839968015222999,0,planning,in,83038376016544,1,/apollo/prediction,2035,0,1784453394521302792,0,72074992950446306,2,2297807,2297900
202607191727,e2e_trace_v3,21437,17293839968015222999,0,planning,out,83038412025600,1,/apollo/planning,0,2029,1784453394521302792,155,72074992950446306,2,2297807,2297900
202607191727,e2e_trace_v3,21438,17293839968015223000,0,planning,in,83038488573856,1,/apollo/prediction,2036,0,1784453394631139833,0,72074992950446307,2,2297807,2297909
202607191727,e2e_trace_v3,21455,17293839968015223000,0,planning,out,83038536469568,1,/apollo/planning,0,2030,1784453394631139833,151,72074992950446307,2,2297807,2297909
202607191727,e2e_trace_v3,21456,17293839968015223001,0,planning,in,83038626809056,1,/apollo/prediction,2037,0,1784453394747650146,0,72074992950446308,2,2297807,2297920
202607191727,e2e_trace_v3,21473,17293839968015223001,0,planning,out,83038653706016,1,/apollo/planning,0,2031,1784453394747650146,152,72074992950446308,2,2297807,2297920
202607191727,e2e_trace_v3,21474,17293839968015223002,0,planning,in,83038727884064,1,/apollo/prediction,2038,0,1784453394892574730,0,72074992950446309,2,2297807,2297898
202607191727,e2e_trace_v3,21491,17293839968015223002,0,planning,out,83038771944000,1,/apollo/planning,0,2032,1784453394892574730,150,72074992950446309,2,2297807,2297898
202607191727,e2e_trace_v3,21492,17293839968015223003,0,planning,in,83038859274176,1,/apollo/prediction,2039,0,1784453395015434628,0,72074992950446310,2,2297807,2297922
202607191727,e2e_trace_v3,21509,17293839968015223003,0,planning,out,83038900983488,1,/apollo/planning,0,2033,1784453395015434628,151,72074992950446310,2,2297807,2297922
202607191727,e2e_trace_v3,21510,17293839968015223004,0,planning,in,83038979189792,1,/apollo/prediction,2040,0,1784453395126981674,0,72074992950446311,2,2297807,2297922
202607191727,e2e_trace_v3,21527,17293839968015223004,0,planning,out,83039005917472,1,/apollo/planning,0,2034,1784453395126981674,151,72074992950446311,2,2297807,2297922
202607191727,e2e_trace_v3,21528,17293839968015223005,0,planning,in,83039112329056,1,/apollo/prediction,2041,0,1784453395241916562,0,72074992950446312,2,2297807,2297911
202607191727,e2e_trace_v3,21545,17293839968015223005,0,planning,out,83039150601728,1,/apollo/planning,0,2035,1784453395241916562,151,72074992950446312,2,2297807,2297911
202607191727,e2e_trace_v3,21546,17293839968015223006,0,planning,in,83039228172288,1,/apollo/prediction,2042,0,1784453395357749849,0,72074992950446313,2,2297807,2297896
202607191727,e2e_trace_v3,21563,17293839968015223006,0,planning,out,83039269385216,1,/apollo/planning,0,2036,1784453395357749849,151,72074992950446313,2,2297807,2297896
202607191727,e2e_trace_v3,21564,17293839968015223007,0,planning,in,83039338706144,1,/apollo/prediction,2043,0,1784453395480259613,0,72074992950446314,2,2297807,2297918
202607191727,e2e_trace_v3,21581,17293839968015223007,0,planning,out,83039366144224,1,/apollo/planning,0,2037,1784453395480259613,151,72074992950446314,2,2297807,2297918
202607191727,e2e_trace_v3,21582,17293839968015223008,0,planning,in,83039434851360,1,/apollo/prediction,2044,0,1784453395597587162,0,72074992950446315,2,2297807,2297906
202607191727,e2e_trace_v3,21599,17293839968015223008,0,planning,out,83039461883776,1,/apollo/planning,0,2038,1784453395597587162,156,72074992950446315,2,2297807,2297906
202607191727,e2e_trace_v3,21600,17293839968015223009,0,planning,in,83039603705344,1,/apollo/prediction,2045,0,1784453395714725486,0,72074992950446316,2,2297807,2297911
202607191727,e2e_trace_v3,21617,17293839968015223009,0,planning,out,83039629708032,1,/apollo/planning,0,2039,1784453395714725486,154,72074992950446316,2,2297807,2297911
202607191727,e2e_trace_v3,21618,17293839968015223010,0,planning,in,83039703645216,1,/apollo/prediction,2046,0,1784453395867970936,0,72074992950446317,2,2297807,2297898
202607191727,e2e_trace_v3,21635,17293839968015223010,0,planning,out,83039733910784,1,/apollo/planning,0,2040,1784453395867970936,111,72074992950446317,2,2297807,2297898
202607191727,e2e_trace_v3,21636,17293839968015223011,0,planning,in,83039871101440,1,/apollo/prediction,2047,0,1784453395980783669,0,72074992950446318,2,2297807,2297925
202607191727,e2e_trace_v3,21653,17293839968015223011,0,planning,out,83039914166464,1,/apollo/planning,0,2041,1784453395980783669,120,72074992950446318,2,2297807,2297925
202607191727,e2e_trace_v3,21654,17293839968015223012,0,planning,in,83039996130144,1,/apollo/prediction,2048,0,1784453396142020019,0,72074992950446319,2,2297807,2297920
202607191727,e2e_trace_v3,21671,17293839968015223012,0,planning,out,83040035613440,1,/apollo/planning,0,2042,1784453396142020019,126,72074992950446319,2,2297807,2297920
202607191727,e2e_trace_v3,21672,17293839968015223013,0,planning,in,83040107161760,1,/apollo/prediction,2049,0,1784453396256788666,0,72074992950446320,1,2297807,2297918
202607191727,e2e_trace_v3,21689,17293839968015223013,0,planning,out,83040137116224,1,/apollo/planning,0,2043,1784453396256788666,132,72074992950446320,1,2297807,2297918
202607191727,e2e_trace_v3,21690,17293839968015223014,0,planning,in,83040211131296,1,/apollo/prediction,2050,0,1784453396371668033,0,72074992950446321,2,2297807,2297913
202607191727,e2e_trace_v3,21707,17293839968015223014,0,planning,out,83040236992000,1,/apollo/planning,0,2044,1784453396371668033,136,72074992950446321,2,2297807,2297913
