run_id,schema_version,event_id,trace_id,proc_id,module,phase,mono_ns,pid,tid
202607271206,e2e_trace_v3,0,17293833482614604474,0,prediction,proc_enter,6006719073920,657892,657977
202607271206,e2e_trace_v3,1,17293833482614604474,0,prediction,container_enter,6006719387936,657892,657977
202607271206,e2e_trace_v3,2,17293833482614604474,0,prediction,container_exit,6006719791456,657892,657977
202607271206,e2e_trace_v3,3,17293833482614604474,0,prediction,perception_enter,6006719804544,657892,657977
202607271206,e2e_trace_v3,4,17293833482614604474,0,prediction,evaluator_enter,6006720221248,657892,657977
202607271206,e2e_trace_v3,5,17293833482614604474,0,prediction,evaluator_exit,6006727063520,657892,657977
202607271206,e2e_trace_v3,6,17293833482614604474,0,prediction,predictor_enter,6006727089184,657892,657977
202607271206,e2e_trace_v3,7,17293833482614604474,0,prediction,predictor_exit,6006727095360,657892,657977
202607271206,e2e_trace_v3,8,17293833482614604474,0,prediction,perception_exit,6006727101280,657892,657977
202607271206,e2e_trace_v3,9,17293833482614604474,0,prediction,writer_enter,6006727150048,657892,657977
202607271206,e2e_trace_v3,10,17293833482614604474,0,prediction,writer_done,6006727291328,657892,657977
202607271206,e2e_trace_v3,11,17293833482614604474,0,prediction,output_pub,6006727150048,657892,657977
202607271206,e2e_trace_v3,12,17293833482614604475,0,prediction,proc_enter,6006811222176,657892,657967
202607271206,e2e_trace_v3,13,17293833482614604475,0,prediction,container_enter,6006811253312,657892,657967
202607271206,e2e_trace_v3,14,17293833482614604475,0,prediction,container_exit,6006811737792,657892,657967
202607271206,e2e_trace_v3,15,17293833482614604475,0,prediction,perception_enter,6006811750272,657892,657967
202607271206,e2e_trace_v3,16,17293833482614604475,0,prediction,evaluator_enter,6006812192672,657892,657967
202607271206,e2e_trace_v3,17,17293833482614604475,0,prediction,evaluator_exit,6006813811296,657892,657967
202607271206,e2e_trace_v3,18,17293833482614604475,0,prediction,predictor_enter,6006813831296,657892,657967
202607271206,e2e_trace_v3,19,17293833482614604475,0,prediction,predictor_exit,6006813839104,657892,657967
202607271206,e2e_trace_v3,20,17293833482614604475,0,prediction,perception_exit,6006813843808,657892,657967
202607271206,e2e_trace_v3,21,17293833482614604475,0,prediction,writer_enter,6006813902432,657892,657967
202607271206,e2e_trace_v3,22,17293833482614604475,0,prediction,writer_done,6006814059168,657892,657967
202607271206,e2e_trace_v3,23,17293833482614604475,0,prediction,output_pub,6006813902432,657892,657967
202607271206,e2e_trace_v3,24,17293833482614604476,0,prediction,proc_enter,6006919518432,657892,657974
202607271206,e2e_trace_v3,25,17293833482614604476,0,prediction,container_enter,6006919549344,657892,657974
202607271206,e2e_trace_v3,26,17293833482614604476,0,prediction,container_exit,6006919945216,657892,657974
202607271206,e2e_trace_v3,27,17293833482614604476,0,prediction,perception_enter,6006919960128,657892,657974
202607271206,e2e_trace_v3,28,17293833482614604476,0,prediction,evaluator_enter,6006920435360,657892,657974
202607271206,e2e_trace_v3,29,17293833482614604476,0,prediction,evaluator_exit,6006931062176,657892,657974
202607271206,e2e_trace_v3,30,17293833482614604476,0,prediction,predictor_enter,6006931089120,657892,657974
202607271206,e2e_trace_v3,31,17293833482614604476,0,prediction,predictor_exit,6006931097312,657892,657974
202607271206,e2e_trace_v3,32,17293833482614604476,0,prediction,perception_exit,6006931103040,657892,657974
202607271206,e2e_trace_v3,33,17293833482614604476,0,prediction,writer_enter,6006931152288,657892,657974
202607271206,e2e_trace_v3,34,17293833482614604476,0,prediction,writer_done,6006931280768,657892,657974
202607271206,e2e_trace_v3,35,17293833482614604476,0,prediction,output_pub,6006931152288,657892,657974
202607271206,e2e_trace_v3,36,17293833482614604477,0,prediction,proc_enter,6007013184544,657892,657976
202607271206,e2e_trace_v3,37,17293833482614604477,0,prediction,container_enter,6007013220448,657892,657976
202607271206,e2e_trace_v3,38,17293833482614604477,0,prediction,container_exit,6007013752928,657892,657976
202607271206,e2e_trace_v3,39,17293833482614604477,0,prediction,perception_enter,6007013770176,657892,657976
202607271206,e2e_trace_v3,40,17293833482614604477,0,prediction,evaluator_enter,6007014191008,657892,657976
202607271206,e2e_trace_v3,41,17293833482614604477,0,prediction,evaluator_exit,6007023083872,657892,657976
202607271206,e2e_trace_v3,42,17293833482614604477,0,prediction,predictor_enter,6007023115360,657892,657976
202607271206,e2e_trace_v3,43,17293833482614604477,0,prediction,predictor_exit,6007023122912,657892,657976
202607271206,e2e_trace_v3,44,17293833482614604477,0,prediction,perception_exit,6007023128928,657892,657976
202607271206,e2e_trace_v3,45,17293833482614604477,0,prediction,writer_enter,6007023179232,657892,657976
202607271206,e2e_trace_v3,46,17293833482614604477,0,prediction,writer_done,6007023333696,657892,657976
202607271206,e2e_trace_v3,47,17293833482614604477,0,prediction,output_pub,6007023179232,657892,657976
202607271206,e2e_trace_v3,48,17293833482614604478,0,prediction,proc_enter,6007125977472,657892,657967
202607271206,e2e_trace_v3,49,17293833482614604478,0,prediction,container_enter,6007126011584,657892,657967
202607271206,e2e_trace_v3,50,17293833482614604478,0,prediction,container_exit,6007126466816,657892,657967
202607271206,e2e_trace_v3,51,17293833482614604478,0,prediction,perception_enter,6007126478560,657892,657967
202607271206,e2e_trace_v3,52,17293833482614604478,0,prediction,evaluator_enter,6007126915232,657892,657967
202607271206,e2e_trace_v3,53,17293833482614604478,0,prediction,evaluator_exit,6007128548224,657892,657967
202607271206,e2e_trace_v3,54,17293833482614604478,0,prediction,predictor_enter,6007128569920,657892,657967
202607271206,e2e_trace_v3,55,17293833482614604478,0,prediction,predictor_exit,6007128577696,657892,657967
202607271206,e2e_trace_v3,56,17293833482614604478,0,prediction,perception_exit,6007128583296,657892,657967
202607271206,e2e_trace_v3,57,17293833482614604478,0,prediction,writer_enter,6007128640544,657892,657967
202607271206,e2e_trace_v3,58,17293833482614604478,0,prediction,writer_done,6007128798368,657892,657967
202607271206,e2e_trace_v3,59,17293833482614604478,0,prediction,output_pub,6007128640544,657892,657967
202607271206,e2e_trace_v3,60,17293833482614604479,0,prediction,proc_enter,6007219357536,657892,657972
202607271206,e2e_trace_v3,61,17293833482614604479,0,prediction,container_enter,6007219398176,657892,657972
202607271206,e2e_trace_v3,62,17293833482614604479,0,prediction,container_exit,6007219820384,657892,657972
202607271206,e2e_trace_v3,63,17293833482614604479,0,prediction,perception_enter,6007219834976,657892,657972
202607271206,e2e_trace_v3,64,17293833482614604479,0,prediction,evaluator_enter,6007220375008,657892,657972
202607271206,e2e_trace_v3,65,17293833482614604479,0,prediction,evaluator_exit,6007222202496,657892,657972
202607271206,e2e_trace_v3,66,17293833482614604479,0,prediction,predictor_enter,6007222227584,657892,657972
202607271206,e2e_trace_v3,67,17293833482614604479,0,prediction,predictor_exit,6007222237248,657892,657972
202607271206,e2e_trace_v3,68,17293833482614604479,0,prediction,perception_exit,6007222244320,657892,657972
202607271206,e2e_trace_v3,69,17293833482614604479,0,prediction,writer_enter,6007222310048,657892,657972
202607271206,e2e_trace_v3,70,17293833482614604479,0,prediction,writer_done,6007222492576,657892,657972
202607271206,e2e_trace_v3,71,17293833482614604479,0,prediction,output_pub,6007222310048,657892,657972
202607271206,e2e_trace_v3,72,17293833482614604480,0,prediction,proc_enter,6007313338048,657892,657971
202607271206,e2e_trace_v3,73,17293833482614604480,0,prediction,container_enter,6007313367072,657892,657971
202607271206,e2e_trace_v3,74,17293833482614604480,0,prediction,container_exit,6007313769440,657892,657971
202607271206,e2e_trace_v3,75,17293833482614604480,0,prediction,perception_enter,6007313782336,657892,657971
202607271206,e2e_trace_v3,76,17293833482614604480,0,prediction,evaluator_enter,6007314220928,657892,657971
202607271206,e2e_trace_v3,77,17293833482614604480,0,prediction,evaluator_exit,6007319080256,657892,657971
202607271206,e2e_trace_v3,78,17293833482614604480,0,prediction,predictor_enter,6007319222336,657892,657971
202607271206,e2e_trace_v3,79,17293833482614604480,0,prediction,predictor_exit,6007319233792,657892,657971
202607271206,e2e_trace_v3,80,17293833482614604480,0,prediction,perception_exit,6007319240288,657892,657971
202607271206,e2e_trace_v3,81,17293833482614604480,0,prediction,writer_enter,6007319300448,657892,657971
202607271206,e2e_trace_v3,82,17293833482614604480,0,prediction,writer_done,6007319442368,657892,657971
202607271206,e2e_trace_v3,83,17293833482614604480,0,prediction,output_pub,6007319300448,657892,657971
202607271206,e2e_trace_v3,84,17293833482614604481,0,prediction,proc_enter,6007412011456,657892,657963
202607271206,e2e_trace_v3,85,17293833482614604481,0,prediction,container_enter,6007412050976,657892,657963
202607271206,e2e_trace_v3,86,17293833482614604481,0,prediction,container_exit,6007412625280,657892,657963
202607271206,e2e_trace_v3,87,17293833482614604481,0,prediction,perception_enter,6007412644704,657892,657963
202607271206,e2e_trace_v3,88,17293833482614604481,0,prediction,evaluator_enter,6007413147072,657892,657963
202607271206,e2e_trace_v3,89,17293833482614604481,0,prediction,evaluator_exit,6007419025280,657892,657963
202607271206,e2e_trace_v3,90,17293833482614604481,0,prediction,predictor_enter,6007419052896,657892,657963
202607271206,e2e_trace_v3,91,17293833482614604481,0,prediction,predictor_exit,6007419059776,657892,657963
202607271206,e2e_trace_v3,92,17293833482614604481,0,prediction,perception_exit,6007419064864,657892,657963
202607271206,e2e_trace_v3,93,17293833482614604481,0,prediction,writer_enter,6007419111520,657892,657963
202607271206,e2e_trace_v3,94,17293833482614604481,0,prediction,writer_done,6007419240992,657892,657963
202607271206,e2e_trace_v3,95,17293833482614604481,0,prediction,output_pub,6007419111520,657892,657963
202607271206,e2e_trace_v3,96,17293833482614604482,0,prediction,proc_enter,6007512607616,657892,657967
202607271206,e2e_trace_v3,97,17293833482614604482,0,prediction,container_enter,6007512637472,657892,657967
202607271206,e2e_trace_v3,98,17293833482614604482,0,prediction,container_exit,6007513038528,657892,657967
202607271206,e2e_trace_v3,99,17293833482614604482,0,prediction,perception_enter,6007513054912,657892,657967
202607271206,e2e_trace_v3,100,17293833482614604482,0,prediction,evaluator_enter,6007513496928,657892,657967
202607271206,e2e_trace_v3,101,17293833482614604482,0,prediction,evaluator_exit,6007519085408,657892,657967
202607271206,e2e_trace_v3,102,17293833482614604482,0,prediction,predictor_enter,6007519113408,657892,657967
202607271206,e2e_trace_v3,103,17293833482614604482,0,prediction,predictor_exit,6007519119584,657892,657967
202607271206,e2e_trace_v3,104,17293833482614604482,0,prediction,perception_exit,6007519124448,657892,657967
202607271206,e2e_trace_v3,105,17293833482614604482,0,prediction,writer_enter,6007519166752,657892,657967
202607271206,e2e_trace_v3,106,17293833482614604482,0,prediction,writer_done,6007519296192,657892,657967
202607271206,e2e_trace_v3,107,17293833482614604482,0,prediction,output_pub,6007519166752,657892,657967
202607271206,e2e_trace_v3,108,17293833482614604483,0,prediction,proc_enter,6007608012576,657892,657975
202607271206,e2e_trace_v3,109,17293833482614604483,0,prediction,container_enter,6007608058336,657892,657975
202607271206,e2e_trace_v3,110,17293833482614604483,0,prediction,container_exit,6007608440896,657892,657975
202607271206,e2e_trace_v3,111,17293833482614604483,0,prediction,perception_enter,6007608453408,657892,657975
202607271206,e2e_trace_v3,112,17293833482614604483,0,prediction,evaluator_enter,6007608906688,657892,657975
202607271206,e2e_trace_v3,113,17293833482614604483,0,prediction,evaluator_exit,6007610476032,657892,657975
202607271206,e2e_trace_v3,114,17293833482614604483,0,prediction,predictor_enter,6007610494496,657892,657975
202607271206,e2e_trace_v3,115,17293833482614604483,0,prediction,predictor_exit,6007610503456,657892,657975
202607271206,e2e_trace_v3,116,17293833482614604483,0,prediction,perception_exit,6007610511456,657892,657975
202607271206,e2e_trace_v3,117,17293833482614604483,0,prediction,writer_enter,6007610580768,657892,657975
202607271206,e2e_trace_v3,118,17293833482614604483,0,prediction,writer_done,6007610743360,657892,657975
202607271206,e2e_trace_v3,119,17293833482614604483,0,prediction,output_pub,6007610580768,657892,657975
202607271206,e2e_trace_v3,120,17293833482614604484,0,prediction,proc_enter,6007722326208,657892,657967
202607271206,e2e_trace_v3,121,17293833482614604484,0,prediction,container_enter,6007722377600,657892,657967
202607271206,e2e_trace_v3,122,17293833482614604484,0,prediction,container_exit,6007723007008,657892,657967
202607271206,e2e_trace_v3,123,17293833482614604484,0,prediction,perception_enter,6007723030624,657892,657967
202607271206,e2e_trace_v3,124,17293833482614604484,0,prediction,evaluator_enter,6007723677472,657892,657967
202607271206,e2e_trace_v3,125,17293833482614604484,0,prediction,evaluator_exit,6007727270528,657892,657967
202607271206,e2e_trace_v3,126,17293833482614604484,0,prediction,predictor_enter,6007727295424,657892,657967
202607271206,e2e_trace_v3,127,17293833482614604484,0,prediction,predictor_exit,6007727304672,657892,657967
202607271206,e2e_trace_v3,128,17293833482614604484,0,prediction,perception_exit,6007727312640,657892,657967
202607271206,e2e_trace_v3,129,17293833482614604484,0,prediction,writer_enter,6007727359328,657892,657967
202607271206,e2e_trace_v3,130,17293833482614604484,0,prediction,writer_done,6007727523360,657892,657967
202607271206,e2e_trace_v3,131,17293833482614604484,0,prediction,output_pub,6007727359328,657892,657967
202607271206,e2e_trace_v3,132,17293833482614604485,0,prediction,proc_enter,6007825295744,657892,657969
202607271206,e2e_trace_v3,133,17293833482614604485,0,prediction,container_enter,6007825344928,657892,657969
202607271206,e2e_trace_v3,134,17293833482614604485,0,prediction,container_exit,6007825746176,657892,657969
202607271206,e2e_trace_v3,135,17293833482614604485,0,prediction,perception_enter,6007825760800,657892,657969
202607271206,e2e_trace_v3,136,17293833482614604485,0,prediction,evaluator_enter,6007826209472,657892,657969
202607271206,e2e_trace_v3,137,17293833482614604485,0,prediction,evaluator_exit,6007831073120,657892,657969
202607271206,e2e_trace_v3,138,17293833482614604485,0,prediction,predictor_enter,6007831099808,657892,657969
202607271206,e2e_trace_v3,139,17293833482614604485,0,prediction,predictor_exit,6007831106720,657892,657969
202607271206,e2e_trace_v3,140,17293833482614604485,0,prediction,perception_exit,6007831112000,657892,657969
202607271206,e2e_trace_v3,141,17293833482614604485,0,prediction,writer_enter,6007831154240,657892,657969
202607271206,e2e_trace_v3,142,17293833482614604485,0,prediction,writer_done,6007831298240,657892,657969
202607271206,e2e_trace_v3,143,17293833482614604485,0,prediction,output_pub,6007831154240,657892,657969
202607271206,e2e_trace_v3,144,17293833482614604486,0,prediction,proc_enter,6007922687872,657892,657968
202607271206,e2e_trace_v3,145,17293833482614604486,0,prediction,container_enter,6007922730240,657892,657968
202607271206,e2e_trace_v3,146,17293833482614604486,0,prediction,container_exit,6007923121216,657892,657968
202607271206,e2e_trace_v3,147,17293833482614604486,0,prediction,perception_enter,6007923135520,657892,657968
202607271206,e2e_trace_v3,148,17293833482614604486,0,prediction,evaluator_enter,6007923585152,657892,657968
202607271206,e2e_trace_v3,149,17293833482614604486,0,prediction,evaluator_exit,6007931009504,657892,657968
202607271206,e2e_trace_v3,150,17293833482614604486,0,prediction,predictor_enter,6007931030912,657892,657968
202607271206,e2e_trace_v3,151,17293833482614604486,0,prediction,predictor_exit,6007931043392,657892,657968
202607271206,e2e_trace_v3,152,17293833482614604486,0,prediction,perception_exit,6007931049120,657892,657968
202607271206,e2e_trace_v3,153,17293833482614604486,0,prediction,writer_enter,6007931099584,657892,657968
202607271206,e2e_trace_v3,154,17293833482614604486,0,prediction,writer_done,6007931219072,657892,657968
202607271206,e2e_trace_v3,155,17293833482614604486,0,prediction,output_pub,6007931099584,657892,657968
202607271206,e2e_trace_v3,156,17293833482614604487,0,prediction,proc_enter,6008017538720,657892,657976
202607271206,e2e_trace_v3,157,17293833482614604487,0,prediction,container_enter,6008017572992,657892,657976
202607271206,e2e_trace_v3,158,17293833482614604487,0,prediction,container_exit,6008018065472,657892,657976
202607271206,e2e_trace_v3,159,17293833482614604487,0,prediction,perception_enter,6008018082912,657892,657976
202607271206,e2e_trace_v3,160,17293833482614604487,0,prediction,evaluator_enter,6008018583616,657892,657976
202607271206,e2e_trace_v3,161,17293833482614604487,0,prediction,evaluator_exit,6008020339744,657892,657976
202607271206,e2e_trace_v3,162,17293833482614604487,0,prediction,predictor_enter,6008020362560,657892,657976
202607271206,e2e_trace_v3,163,17293833482614604487,0,prediction,predictor_exit,6008020372032,657892,657976
202607271206,e2e_trace_v3,164,17293833482614604487,0,prediction,perception_exit,6008020378880,657892,657976
202607271206,e2e_trace_v3,165,17293833482614604487,0,prediction,writer_enter,6008020433536,657892,657976
202607271206,e2e_trace_v3,166,17293833482614604487,0,prediction,writer_done,6008020597536,657892,657976
202607271206,e2e_trace_v3,167,17293833482614604487,0,prediction,output_pub,6008020433536,657892,657976
202607271206,e2e_trace_v3,168,17293833482614604488,0,prediction,proc_enter,6008124342496,657892,657977
202607271206,e2e_trace_v3,169,17293833482614604488,0,prediction,container_enter,6008124377664,657892,657977
202607271206,e2e_trace_v3,170,17293833482614604488,0,prediction,container_exit,6008124733280,657892,657977
202607271206,e2e_trace_v3,171,17293833482614604488,0,prediction,perception_enter,6008124745440,657892,657977
202607271206,e2e_trace_v3,172,17293833482614604488,0,prediction,evaluator_enter,6008125213120,657892,657977
202607271206,e2e_trace_v3,173,17293833482614604488,0,prediction,evaluator_exit,6008127224608,657892,657977
202607271206,e2e_trace_v3,174,17293833482614604488,0,prediction,predictor_enter,6008127249664,657892,657977
202607271206,e2e_trace_v3,175,17293833482614604488,0,prediction,predictor_exit,6008127255936,657892,657977
202607271206,e2e_trace_v3,176,17293833482614604488,0,prediction,perception_exit,6008127261248,657892,657977
202607271206,e2e_trace_v3,177,17293833482614604488,0,prediction,writer_enter,6008127305088,657892,657977
202607271206,e2e_trace_v3,178,17293833482614604488,0,prediction,writer_done,6008127442912,657892,657977
202607271206,e2e_trace_v3,179,17293833482614604488,0,prediction,output_pub,6008127305088,657892,657977
202607271206,e2e_trace_v3,180,17293833482614604489,0,prediction,proc_enter,6008215112448,657892,657974
202607271206,e2e_trace_v3,181,17293833482614604489,0,prediction,container_enter,6008215160160,657892,657974
202607271206,e2e_trace_v3,182,17293833482614604489,0,prediction,container_exit,6008215521568,657892,657974
202607271206,e2e_trace_v3,183,17293833482614604489,0,prediction,perception_enter,6008215540928,657892,657974
202607271206,e2e_trace_v3,184,17293833482614604489,0,prediction,evaluator_enter,6008215958016,657892,657974
202607271206,e2e_trace_v3,185,17293833482614604489,0,prediction,evaluator_exit,6008219038432,657892,657974
202607271206,e2e_trace_v3,186,17293833482614604489,0,prediction,predictor_enter,6008219062784,657892,657974
202607271206,e2e_trace_v3,187,17293833482614604489,0,prediction,predictor_exit,6008219068608,657892,657974
202607271206,e2e_trace_v3,188,17293833482614604489,0,prediction,perception_exit,6008219073696,657892,657974
202607271206,e2e_trace_v3,189,17293833482614604489,0,prediction,writer_enter,6008219117120,657892,657974
202607271206,e2e_trace_v3,190,17293833482614604489,0,prediction,writer_done,6008219268224,657892,657974
202607271206,e2e_trace_v3,191,17293833482614604489,0,prediction,output_pub,6008219117120,657892,657974
202607271206,e2e_trace_v3,192,17293833482614604490,0,prediction,proc_enter,6008322194368,657892,657972
202607271206,e2e_trace_v3,193,17293833482614604490,0,prediction,container_enter,6008322234112,657892,657972
202607271206,e2e_trace_v3,194,17293833482614604490,0,prediction,container_exit,6008322737728,657892,657972
202607271206,e2e_trace_v3,195,17293833482614604490,0,prediction,perception_enter,6008322751552,657892,657972
202607271206,e2e_trace_v3,196,17293833482614604490,0,prediction,evaluator_enter,6008323302304,657892,657972
202607271206,e2e_trace_v3,197,17293833482614604490,0,prediction,evaluator_exit,6008324993728,657892,657972
202607271206,e2e_trace_v3,198,17293833482614604490,0,prediction,predictor_enter,6008325018848,657892,657972
202607271206,e2e_trace_v3,199,17293833482614604490,0,prediction,predictor_exit,6008325027520,657892,657972
202607271206,e2e_trace_v3,200,17293833482614604490,0,prediction,perception_exit,6008325034368,657892,657972
202607271206,e2e_trace_v3,201,17293833482614604490,0,prediction,writer_enter,6008325097472,657892,657972
202607271206,e2e_trace_v3,202,17293833482614604490,0,prediction,writer_done,6008325254304,657892,657972
202607271206,e2e_trace_v3,203,17293833482614604490,0,prediction,output_pub,6008325097472,657892,657972
202607271206,e2e_trace_v3,204,17293833482614604491,0,prediction,proc_enter,6008421725568,657892,657967
202607271206,e2e_trace_v3,205,17293833482614604491,0,prediction,container_enter,6008421763520,657892,657967
202607271206,e2e_trace_v3,206,17293833482614604491,0,prediction,container_exit,6008422164096,657892,657967
202607271206,e2e_trace_v3,207,17293833482614604491,0,prediction,perception_enter,6008422189984,657892,657967
202607271206,e2e_trace_v3,208,17293833482614604491,0,prediction,evaluator_enter,6008422687808,657892,657967
202607271206,e2e_trace_v3,209,17293833482614604491,0,prediction,evaluator_exit,6008424540864,657892,657967
202607271206,e2e_trace_v3,210,17293833482614604491,0,prediction,predictor_enter,6008424563776,657892,657967
202607271206,e2e_trace_v3,211,17293833482614604491,0,prediction,predictor_exit,6008424572672,657892,657967
202607271206,e2e_trace_v3,212,17293833482614604491,0,prediction,perception_exit,6008424579424,657892,657967
202607271206,e2e_trace_v3,213,17293833482614604491,0,prediction,writer_enter,6008424623744,657892,657967
202607271206,e2e_trace_v3,214,17293833482614604491,0,prediction,writer_done,6008424765664,657892,657967
202607271206,e2e_trace_v3,215,17293833482614604491,0,prediction,output_pub,6008424623744,657892,657967
202607271206,e2e_trace_v3,216,17293833482614604492,0,prediction,proc_enter,6008519938208,657892,657971
202607271206,e2e_trace_v3,217,17293833482614604492,0,prediction,container_enter,6008519975296,657892,657971
202607271206,e2e_trace_v3,218,17293833482614604492,0,prediction,container_exit,6008520341632,657892,657971
202607271206,e2e_trace_v3,219,17293833482614604492,0,prediction,perception_enter,6008520353312,657892,657971
202607271206,e2e_trace_v3,220,17293833482614604492,0,prediction,evaluator_enter,6008520760256,657892,657971
202607271206,e2e_trace_v3,221,17293833482614604492,0,prediction,evaluator_exit,6008522293184,657892,657971
202607271206,e2e_trace_v3,222,17293833482614604492,0,prediction,predictor_enter,6008522312512,657892,657971
202607271206,e2e_trace_v3,223,17293833482614604492,0,prediction,predictor_exit,6008522318656,657892,657971
202607271206,e2e_trace_v3,224,17293833482614604492,0,prediction,perception_exit,6008522323296,657892,657971
202607271206,e2e_trace_v3,225,17293833482614604492,0,prediction,writer_enter,6008522356352,657892,657971
202607271206,e2e_trace_v3,226,17293833482614604492,0,prediction,writer_done,6008522491456,657892,657971
202607271206,e2e_trace_v3,227,17293833482614604492,0,prediction,output_pub,6008522356352,657892,657971
202607271206,e2e_trace_v3,228,17293833482614604493,0,prediction,proc_enter,6008622950944,657892,657976
202607271206,e2e_trace_v3,229,17293833482614604493,0,prediction,container_enter,6008622991968,657892,657976
202607271206,e2e_trace_v3,230,17293833482614604493,0,prediction,container_exit,6008623468576,657892,657976
202607271206,e2e_trace_v3,231,17293833482614604493,0,prediction,perception_enter,6008623479936,657892,657976
202607271206,e2e_trace_v3,232,17293833482614604493,0,prediction,evaluator_enter,6008623886080,657892,657976
202607271206,e2e_trace_v3,233,17293833482614604493,0,prediction,evaluator_exit,6008625442784,657892,657976
202607271206,e2e_trace_v3,234,17293833482614604493,0,prediction,predictor_enter,6008625456480,657892,657976
202607271206,e2e_trace_v3,235,17293833482614604493,0,prediction,predictor_exit,6008625463008,657892,657976
202607271206,e2e_trace_v3,236,17293833482614604493,0,prediction,perception_exit,6008625467200,657892,657976
202607271206,e2e_trace_v3,237,17293833482614604493,0,prediction,writer_enter,6008625516960,657892,657976
202607271206,e2e_trace_v3,238,17293833482614604493,0,prediction,writer_done,6008625663648,657892,657976
202607271206,e2e_trace_v3,239,17293833482614604493,0,prediction,output_pub,6008625516960,657892,657976
202607271206,e2e_trace_v3,240,17293833482614604494,0,prediction,proc_enter,6008711753408,657892,657970
202607271206,e2e_trace_v3,241,17293833482614604494,0,prediction,container_enter,6008711807968,657892,657970
202607271206,e2e_trace_v3,242,17293833482614604494,0,prediction,container_exit,6008712221760,657892,657970
202607271206,e2e_trace_v3,243,17293833482614604494,0,prediction,perception_enter,6008712237600,657892,657970
202607271206,e2e_trace_v3,244,17293833482614604494,0,prediction,evaluator_enter,6008712745760,657892,657970
202607271206,e2e_trace_v3,245,17293833482614604494,0,prediction,evaluator_exit,6008723379264,657892,657970
202607271206,e2e_trace_v3,246,17293833482614604494,0,prediction,predictor_enter,6008723405408,657892,657970
202607271206,e2e_trace_v3,247,17293833482614604494,0,prediction,predictor_exit,6008723413792,657892,657970
202607271206,e2e_trace_v3,248,17293833482614604494,0,prediction,perception_exit,6008723420800,657892,657970
202607271206,e2e_trace_v3,249,17293833482614604494,0,prediction,writer_enter,6008723462816,657892,657970
202607271206,e2e_trace_v3,250,17293833482614604494,0,prediction,writer_done,6008723618336,657892,657970
202607271206,e2e_trace_v3,251,17293833482614604494,0,prediction,output_pub,6008723462816,657892,657970
202607271206,e2e_trace_v3,252,17293833482614604495,0,prediction,proc_enter,6008821864160,657892,657976
202607271206,e2e_trace_v3,253,17293833482614604495,0,prediction,container_enter,6008821906560,657892,657976
202607271206,e2e_trace_v3,254,17293833482614604495,0,prediction,container_exit,6008822288640,657892,657976
202607271206,e2e_trace_v3,255,17293833482614604495,0,prediction,perception_enter,6008822305088,657892,657976
202607271206,e2e_trace_v3,256,17293833482614604495,0,prediction,evaluator_enter,6008822901984,657892,657976
202607271206,e2e_trace_v3,257,17293833482614604495,0,prediction,evaluator_exit,6008827096160,657892,657976
202607271206,e2e_trace_v3,258,17293833482614604495,0,prediction,predictor_enter,6008827119968,657892,657976
202607271206,e2e_trace_v3,259,17293833482614604495,0,prediction,predictor_exit,6008827131680,657892,657976
202607271206,e2e_trace_v3,260,17293833482614604495,0,prediction,perception_exit,6008827141984,657892,657976
202607271206,e2e_trace_v3,261,17293833482614604495,0,prediction,writer_enter,6008827198880,657892,657976
202607271206,e2e_trace_v3,262,17293833482614604495,0,prediction,writer_done,6008827372160,657892,657976
202607271206,e2e_trace_v3,263,17293833482614604495,0,prediction,output_pub,6008827198880,657892,657976
202607271206,e2e_trace_v3,264,17293833482614604496,0,prediction,proc_enter,6008920134240,657892,657978
202607271206,e2e_trace_v3,265,17293833482614604496,0,prediction,container_enter,6008920197184,657892,657978
202607271206,e2e_trace_v3,266,17293833482614604496,0,prediction,container_exit,6008920787680,657892,657978
202607271206,e2e_trace_v3,267,17293833482614604496,0,prediction,perception_enter,6008920807776,657892,657978
202607271206,e2e_trace_v3,268,17293833482614604496,0,prediction,evaluator_enter,6008921519200,657892,657978
202607271206,e2e_trace_v3,269,17293833482614604496,0,prediction,evaluator_exit,6008927747936,657892,657978
202607271206,e2e_trace_v3,270,17293833482614604496,0,prediction,predictor_enter,6008927773216,657892,657978
202607271206,e2e_trace_v3,271,17293833482614604496,0,prediction,predictor_exit,6008927780768,657892,657978
202607271206,e2e_trace_v3,272,17293833482614604496,0,prediction,perception_exit,6008927787776,657892,657978
202607271206,e2e_trace_v3,273,17293833482614604496,0,prediction,writer_enter,6008927827392,657892,657978
202607271206,e2e_trace_v3,274,17293833482614604496,0,prediction,writer_done,6008927984288,657892,657978
202607271206,e2e_trace_v3,275,17293833482614604496,0,prediction,output_pub,6008927827392,657892,657978
202607271206,e2e_trace_v3,276,17293833482614604497,0,prediction,proc_enter,6009015572992,657892,657964
202607271206,e2e_trace_v3,277,17293833482614604497,0,prediction,container_enter,6009015603712,657892,657964
202607271206,e2e_trace_v3,278,17293833482614604497,0,prediction,container_exit,6009015997664,657892,657964
202607271206,e2e_trace_v3,279,17293833482614604497,0,prediction,perception_enter,6009016011136,657892,657964
202607271206,e2e_trace_v3,280,17293833482614604497,0,prediction,evaluator_enter,6009016410400,657892,657964
202607271206,e2e_trace_v3,281,17293833482614604497,0,prediction,evaluator_exit,6009017988992,657892,657964
202607271206,e2e_trace_v3,282,17293833482614604497,0,prediction,predictor_enter,6009018007392,657892,657964
202607271206,e2e_trace_v3,283,17293833482614604497,0,prediction,predictor_exit,6009018015648,657892,657964
202607271206,e2e_trace_v3,284,17293833482614604497,0,prediction,perception_exit,6009018021344,657892,657964
202607271206,e2e_trace_v3,285,17293833482614604497,0,prediction,writer_enter,6009018077152,657892,657964
202607271206,e2e_trace_v3,286,17293833482614604497,0,prediction,writer_done,6009018220672,657892,657964
202607271206,e2e_trace_v3,287,17293833482614604497,0,prediction,output_pub,6009018077152,657892,657964
202607271206,e2e_trace_v3,288,17293833482614604498,0,prediction,proc_enter,6009111223904,657892,657977
202607271206,e2e_trace_v3,289,17293833482614604498,0,prediction,container_enter,6009111335968,657892,657977
202607271206,e2e_trace_v3,290,17293833482614604498,0,prediction,container_exit,6009111719040,657892,657977
202607271206,e2e_trace_v3,291,17293833482614604498,0,prediction,perception_enter,6009111731040,657892,657977
202607271206,e2e_trace_v3,292,17293833482614604498,0,prediction,evaluator_enter,6009112258496,657892,657977
202607271206,e2e_trace_v3,293,17293833482614604498,0,prediction,evaluator_exit,6009113977696,657892,657977
202607271206,e2e_trace_v3,294,17293833482614604498,0,prediction,predictor_enter,6009114002080,657892,657977
202607271206,e2e_trace_v3,295,17293833482614604498,0,prediction,predictor_exit,6009114010592,657892,657977
202607271206,e2e_trace_v3,296,17293833482614604498,0,prediction,perception_exit,6009114016768,657892,657977
202607271206,e2e_trace_v3,297,17293833482614604498,0,prediction,writer_enter,6009114069216,657892,657977
202607271206,e2e_trace_v3,298,17293833482614604498,0,prediction,writer_done,6009114232640,657892,657977
202607271206,e2e_trace_v3,299,17293833482614604498,0,prediction,output_pub,6009114069216,657892,657977
202607271206,e2e_trace_v3,300,17293833482614604499,0,prediction,proc_enter,6009221111904,657892,657968
202607271206,e2e_trace_v3,301,17293833482614604499,0,prediction,container_enter,6009221157568,657892,657968
202607271206,e2e_trace_v3,302,17293833482614604499,0,prediction,container_exit,6009221734784,657892,657968
202607271206,e2e_trace_v3,303,17293833482614604499,0,prediction,perception_enter,6009221767552,657892,657968
202607271206,e2e_trace_v3,304,17293833482614604499,0,prediction,evaluator_enter,6009222387456,657892,657968
202607271206,e2e_trace_v3,305,17293833482614604499,0,prediction,evaluator_exit,6009227141760,657892,657968
202607271206,e2e_trace_v3,306,17293833482614604499,0,prediction,predictor_enter,6009227170496,657892,657968
202607271206,e2e_trace_v3,307,17293833482614604499,0,prediction,predictor_exit,6009227180448,657892,657968
202607271206,e2e_trace_v3,308,17293833482614604499,0,prediction,perception_exit,6009227187872,657892,657968
202607271206,e2e_trace_v3,309,17293833482614604499,0,prediction,writer_enter,6009227242272,657892,657968
202607271206,e2e_trace_v3,310,17293833482614604499,0,prediction,writer_done,6009227403200,657892,657968
202607271206,e2e_trace_v3,311,17293833482614604499,0,prediction,output_pub,6009227242272,657892,657968
202607271206,e2e_trace_v3,312,17293833482614604500,0,prediction,proc_enter,6009329580992,657892,657974
202607271206,e2e_trace_v3,313,17293833482614604500,0,prediction,container_enter,6009329624704,657892,657974
202607271206,e2e_trace_v3,314,17293833482614604500,0,prediction,container_exit,6009330028320,657892,657974
202607271206,e2e_trace_v3,315,17293833482614604500,0,prediction,perception_enter,6009330042400,657892,657974
202607271206,e2e_trace_v3,316,17293833482614604500,0,prediction,evaluator_enter,6009330533824,657892,657974
202607271206,e2e_trace_v3,317,17293833482614604500,0,prediction,evaluator_exit,6009332348960,657892,657974
202607271206,e2e_trace_v3,318,17293833482614604500,0,prediction,predictor_enter,6009332387936,657892,657974
202607271206,e2e_trace_v3,319,17293833482614604500,0,prediction,predictor_exit,6009332399616,657892,657974
202607271206,e2e_trace_v3,320,17293833482614604500,0,prediction,perception_exit,6009332423200,657892,657974
202607271206,e2e_trace_v3,321,17293833482614604500,0,prediction,writer_enter,6009332502944,657892,657974
202607271206,e2e_trace_v3,322,17293833482614604500,0,prediction,writer_done,6009332710048,657892,657974
202607271206,e2e_trace_v3,323,17293833482614604500,0,prediction,output_pub,6009332502944,657892,657974
202607271206,e2e_trace_v3,324,17293833482614604501,0,prediction,proc_enter,6009428964512,657892,657965
202607271206,e2e_trace_v3,325,17293833482614604501,0,prediction,container_enter,6009429030784,657892,657965
202607271206,e2e_trace_v3,326,17293833482614604501,0,prediction,container_exit,6009429575616,657892,657965
202607271206,e2e_trace_v3,327,17293833482614604501,0,prediction,perception_enter,6009429603968,657892,657965
202607271206,e2e_trace_v3,328,17293833482614604501,0,prediction,evaluator_enter,6009430295168,657892,657965
202607271206,e2e_trace_v3,329,17293833482614604501,0,prediction,evaluator_exit,6009443071008,657892,657965
202607271206,e2e_trace_v3,330,17293833482614604501,0,prediction,predictor_enter,6009443103616,657892,657965
202607271206,e2e_trace_v3,331,17293833482614604501,0,prediction,predictor_exit,6009443128704,657892,657965
202607271206,e2e_trace_v3,332,17293833482614604501,0,prediction,perception_exit,6009443140448,657892,657965
202607271206,e2e_trace_v3,333,17293833482614604501,0,prediction,writer_enter,6009443204128,657892,657965
202607271206,e2e_trace_v3,334,17293833482614604501,0,prediction,writer_done,6009443395328,657892,657965
202607271206,e2e_trace_v3,335,17293833482614604501,0,prediction,output_pub,6009443204128,657892,657965
202607271206,e2e_trace_v3,336,17293833482614604502,0,prediction,proc_enter,6009516436704,657892,657977
202607271206,e2e_trace_v3,337,17293833482614604502,0,prediction,container_enter,6009516478432,657892,657977
202607271206,e2e_trace_v3,338,17293833482614604502,0,prediction,container_exit,6009516958528,657892,657977
202607271206,e2e_trace_v3,339,17293833482614604502,0,prediction,perception_enter,6009516972224,657892,657977
202607271206,e2e_trace_v3,340,17293833482614604502,0,prediction,evaluator_enter,6009517380096,657892,657977
202607271206,e2e_trace_v3,341,17293833482614604502,0,prediction,evaluator_exit,6009518977024,657892,657977
202607271206,e2e_trace_v3,342,17293833482614604502,0,prediction,predictor_enter,6009519001216,657892,657977
202607271206,e2e_trace_v3,343,17293833482614604502,0,prediction,predictor_exit,6009519008384,657892,657977
202607271206,e2e_trace_v3,344,17293833482614604502,0,prediction,perception_exit,6009519013248,657892,657977
202607271206,e2e_trace_v3,345,17293833482614604502,0,prediction,writer_enter,6009519068256,657892,657977
202607271206,e2e_trace_v3,346,17293833482614604502,0,prediction,writer_done,6009519215808,657892,657977
202607271206,e2e_trace_v3,347,17293833482614604502,0,prediction,output_pub,6009519068256,657892,657977
202607271206,e2e_trace_v3,348,17293833482614604503,0,prediction,proc_enter,6009644926560,657892,657963
202607271206,e2e_trace_v3,349,17293833482614604503,0,prediction,container_enter,6009644994944,657892,657963
202607271206,e2e_trace_v3,350,17293833482614604503,0,prediction,container_exit,6009645479008,657892,657963
202607271206,e2e_trace_v3,351,17293833482614604503,0,prediction,perception_enter,6009645500896,657892,657963
202607271206,e2e_trace_v3,352,17293833482614604503,0,prediction,evaluator_enter,6009646195552,657892,657963
202607271206,e2e_trace_v3,353,17293833482614604503,0,prediction,evaluator_exit,6009648142784,657892,657963
202607271206,e2e_trace_v3,354,17293833482614604503,0,prediction,predictor_enter,6009648183328,657892,657963
202607271206,e2e_trace_v3,355,17293833482614604503,0,prediction,predictor_exit,6009648195200,657892,657963
202607271206,e2e_trace_v3,356,17293833482614604503,0,prediction,perception_exit,6009648203776,657892,657963
202607271206,e2e_trace_v3,357,17293833482614604503,0,prediction,writer_enter,6009648266784,657892,657963
202607271206,e2e_trace_v3,358,17293833482614604503,0,prediction,writer_done,6009648457184,657892,657963
202607271206,e2e_trace_v3,359,17293833482614604503,0,prediction,output_pub,6009648266784,657892,657963
202607271206,e2e_trace_v3,360,17293833482614604504,0,prediction,proc_enter,6009747969152,657892,657966
202607271206,e2e_trace_v3,361,17293833482614604504,0,prediction,container_enter,6009748032864,657892,657966
202607271206,e2e_trace_v3,362,17293833482614604504,0,prediction,container_exit,6009748587392,657892,657966
202607271206,e2e_trace_v3,363,17293833482614604504,0,prediction,perception_enter,6009748623328,657892,657966
202607271206,e2e_trace_v3,364,17293833482614604504,0,prediction,evaluator_enter,6009749280928,657892,657966
202607271206,e2e_trace_v3,365,17293833482614604504,0,prediction,evaluator_exit,6009751229120,657892,657966
202607271206,e2e_trace_v3,366,17293833482614604504,0,prediction,predictor_enter,6009751254112,657892,657966
202607271206,e2e_trace_v3,367,17293833482614604504,0,prediction,predictor_exit,6009751264224,657892,657966
202607271206,e2e_trace_v3,368,17293833482614604504,0,prediction,perception_exit,6009751273248,657892,657966
202607271206,e2e_trace_v3,369,17293833482614604504,0,prediction,writer_enter,6009751330656,657892,657966
202607271206,e2e_trace_v3,370,17293833482614604504,0,prediction,writer_done,6009751522880,657892,657966
202607271206,e2e_trace_v3,371,17293833482614604504,0,prediction,output_pub,6009751330656,657892,657966
202607271206,e2e_trace_v3,372,17293833482614604505,0,prediction,proc_enter,6009850697600,657892,657978
202607271206,e2e_trace_v3,373,17293833482614604505,0,prediction,container_enter,6009850737312,657892,657978
202607271206,e2e_trace_v3,374,17293833482614604505,0,prediction,container_exit,6009851324384,657892,657978
202607271206,e2e_trace_v3,375,17293833482614604505,0,prediction,perception_enter,6009851338880,657892,657978
202607271206,e2e_trace_v3,376,17293833482614604505,0,prediction,evaluator_enter,6009851826688,657892,657978
202607271206,e2e_trace_v3,377,17293833482614604505,0,prediction,evaluator_exit,6009853685056,657892,657978
202607271206,e2e_trace_v3,378,17293833482614604505,0,prediction,predictor_enter,6009853715520,657892,657978
202607271206,e2e_trace_v3,379,17293833482614604505,0,prediction,predictor_exit,6009853725472,657892,657978
202607271206,e2e_trace_v3,380,17293833482614604505,0,prediction,perception_exit,6009853733248,657892,657978
202607271206,e2e_trace_v3,381,17293833482614604505,0,prediction,writer_enter,6009853788000,657892,657978
202607271206,e2e_trace_v3,382,17293833482614604505,0,prediction,writer_done,6009853961696,657892,657978
202607271206,e2e_trace_v3,383,17293833482614604505,0,prediction,output_pub,6009853788000,657892,657978
202607271206,e2e_trace_v3,384,17293833482614604506,0,prediction,proc_enter,6009934519584,657892,657976
202607271206,e2e_trace_v3,385,17293833482614604506,0,prediction,container_enter,6009934558400,657892,657976
202607271206,e2e_trace_v3,386,17293833482614604506,0,prediction,container_exit,6009934982464,657892,657976
202607271206,e2e_trace_v3,387,17293833482614604506,0,prediction,perception_enter,6009935066368,657892,657976
202607271206,e2e_trace_v3,388,17293833482614604506,0,prediction,evaluator_enter,6009935595488,657892,657976
202607271206,e2e_trace_v3,389,17293833482614604506,0,prediction,evaluator_exit,6009937169856,657892,657976
202607271206,e2e_trace_v3,390,17293833482614604506,0,prediction,predictor_enter,6009937188640,657892,657976
202607271206,e2e_trace_v3,391,17293833482614604506,0,prediction,predictor_exit,6009937196608,657892,657976
202607271206,e2e_trace_v3,392,17293833482614604506,0,prediction,perception_exit,6009937203232,657892,657976
202607271206,e2e_trace_v3,393,17293833482614604506,0,prediction,writer_enter,6009937267200,657892,657976
202607271206,e2e_trace_v3,394,17293833482614604506,0,prediction,writer_done,6009937444384,657892,657976
202607271206,e2e_trace_v3,395,17293833482614604506,0,prediction,output_pub,6009937267200,657892,657976
202607271206,e2e_trace_v3,396,17293833482614604507,0,prediction,proc_enter,6010027201056,657892,657965
202607271206,e2e_trace_v3,397,17293833482614604507,0,prediction,container_enter,6010027232832,657892,657965
202607271206,e2e_trace_v3,398,17293833482614604507,0,prediction,container_exit,6010027608352,657892,657965
202607271206,e2e_trace_v3,399,17293833482614604507,0,prediction,perception_enter,6010027622176,657892,657965
202607271206,e2e_trace_v3,400,17293833482614604507,0,prediction,evaluator_enter,6010028021504,657892,657965
202607271206,e2e_trace_v3,401,17293833482614604507,0,prediction,evaluator_exit,6010031317600,657892,657965
202607271206,e2e_trace_v3,402,17293833482614604507,0,prediction,predictor_enter,6010031340864,657892,657965
202607271206,e2e_trace_v3,403,17293833482614604507,0,prediction,predictor_exit,6010031347680,657892,657965
202607271206,e2e_trace_v3,404,17293833482614604507,0,prediction,perception_exit,6010031353536,657892,657965
202607271206,e2e_trace_v3,405,17293833482614604507,0,prediction,writer_enter,6010031422752,657892,657965
202607271206,e2e_trace_v3,406,17293833482614604507,0,prediction,writer_done,6010031550528,657892,657965
202607271206,e2e_trace_v3,407,17293833482614604507,0,prediction,output_pub,6010031422752,657892,657965
202607271206,e2e_trace_v3,408,17293833482614604508,0,prediction,proc_enter,6010120901728,657892,657974
202607271206,e2e_trace_v3,409,17293833482614604508,0,prediction,container_enter,6010120931648,657892,657974
202607271206,e2e_trace_v3,410,17293833482614604508,0,prediction,container_exit,6010121402176,657892,657974
202607271206,e2e_trace_v3,411,17293833482614604508,0,prediction,perception_enter,6010121412576,657892,657974
202607271206,e2e_trace_v3,412,17293833482614604508,0,prediction,evaluator_enter,6010121810432,657892,657974
202607271206,e2e_trace_v3,413,17293833482614604508,0,prediction,evaluator_exit,6010123393888,657892,657974
202607271206,e2e_trace_v3,414,17293833482614604508,0,prediction,predictor_enter,6010123414112,657892,657974
202607271206,e2e_trace_v3,415,17293833482614604508,0,prediction,predictor_exit,6010123420928,657892,657974
202607271206,e2e_trace_v3,416,17293833482614604508,0,prediction,perception_exit,6010123426432,657892,657974
202607271206,e2e_trace_v3,417,17293833482614604508,0,prediction,writer_enter,6010123476352,657892,657974
202607271206,e2e_trace_v3,418,17293833482614604508,0,prediction,writer_done,6010123621216,657892,657974
202607271206,e2e_trace_v3,419,17293833482614604508,0,prediction,output_pub,6010123476352,657892,657974
202607271206,e2e_trace_v3,420,17293833482614604509,0,prediction,proc_enter,6010216474944,657892,657967
202607271206,e2e_trace_v3,421,17293833482614604509,0,prediction,container_enter,6010216507392,657892,657967
202607271206,e2e_trace_v3,422,17293833482614604509,0,prediction,container_exit,6010216950752,657892,657967
202607271206,e2e_trace_v3,423,17293833482614604509,0,prediction,perception_enter,6010216965216,657892,657967
202607271206,e2e_trace_v3,424,17293833482614604509,0,prediction,evaluator_enter,6010217426144,657892,657967
202607271206,e2e_trace_v3,425,17293833482614604509,0,prediction,evaluator_exit,6010219133696,657892,657967
202607271206,e2e_trace_v3,426,17293833482614604509,0,prediction,predictor_enter,6010219158080,657892,657967
202607271206,e2e_trace_v3,427,17293833482614604509,0,prediction,predictor_exit,6010219165920,657892,657967
202607271206,e2e_trace_v3,428,17293833482614604509,0,prediction,perception_exit,6010219171584,657892,657967
202607271206,e2e_trace_v3,429,17293833482614604509,0,prediction,writer_enter,6010219209920,657892,657967
202607271206,e2e_trace_v3,430,17293833482614604509,0,prediction,writer_done,6010219357600,657892,657967
202607271206,e2e_trace_v3,431,17293833482614604509,0,prediction,output_pub,6010219209920,657892,657967
202607271206,e2e_trace_v3,432,17293833482614604510,0,prediction,proc_enter,6010312438208,657892,657963
202607271206,e2e_trace_v3,433,17293833482614604510,0,prediction,container_enter,6010312493216,657892,657963
202607271206,e2e_trace_v3,434,17293833482614604510,0,prediction,container_exit,6010312953088,657892,657963
202607271206,e2e_trace_v3,435,17293833482614604510,0,prediction,perception_enter,6010312967616,657892,657963
202607271206,e2e_trace_v3,436,17293833482614604510,0,prediction,evaluator_enter,6010313499072,657892,657963
202607271206,e2e_trace_v3,437,17293833482614604510,0,prediction,evaluator_exit,6010316639904,657892,657963
202607271206,e2e_trace_v3,438,17293833482614604510,0,prediction,predictor_enter,6010316665056,657892,657963
202607271206,e2e_trace_v3,439,17293833482614604510,0,prediction,predictor_exit,6010316671648,657892,657963
202607271206,e2e_trace_v3,440,17293833482614604510,0,prediction,perception_exit,6010316677248,657892,657963
202607271206,e2e_trace_v3,441,17293833482614604510,0,prediction,writer_enter,6010316721376,657892,657963
202607271206,e2e_trace_v3,442,17293833482614604510,0,prediction,writer_done,6010316841760,657892,657963
202607271206,e2e_trace_v3,443,17293833482614604510,0,prediction,output_pub,6010316721376,657892,657963
202607271206,e2e_trace_v3,444,17293833482614604511,0,prediction,proc_enter,6010429921408,657892,657972
202607271206,e2e_trace_v3,445,17293833482614604511,0,prediction,container_enter,6010429957728,657892,657972
202607271206,e2e_trace_v3,446,17293833482614604511,0,prediction,container_exit,6010430447104,657892,657972
202607271206,e2e_trace_v3,447,17293833482614604511,0,prediction,perception_enter,6010430460096,657892,657972
202607271206,e2e_trace_v3,448,17293833482614604511,0,prediction,evaluator_enter,6010431185920,657892,657972
202607271206,e2e_trace_v3,449,17293833482614604511,0,prediction,evaluator_exit,6010433278752,657892,657972
202607271206,e2e_trace_v3,450,17293833482614604511,0,prediction,predictor_enter,6010433316224,657892,657972
202607271206,e2e_trace_v3,451,17293833482614604511,0,prediction,predictor_exit,6010433326048,657892,657972
202607271206,e2e_trace_v3,452,17293833482614604511,0,prediction,perception_exit,6010433332416,657892,657972
202607271206,e2e_trace_v3,453,17293833482614604511,0,prediction,writer_enter,6010433391936,657892,657972
202607271206,e2e_trace_v3,454,17293833482614604511,0,prediction,writer_done,6010433564608,657892,657972
202607271206,e2e_trace_v3,455,17293833482614604511,0,prediction,output_pub,6010433391936,657892,657972
202607271206,e2e_trace_v3,456,17293833482614604512,0,prediction,proc_enter,6010521150272,657892,657974
202607271206,e2e_trace_v3,457,17293833482614604512,0,prediction,container_enter,6010521195328,657892,657974
202607271206,e2e_trace_v3,458,17293833482614604512,0,prediction,container_exit,6010521627040,657892,657974
202607271206,e2e_trace_v3,459,17293833482614604512,0,prediction,perception_enter,6010521641376,657892,657974
202607271206,e2e_trace_v3,460,17293833482614604512,0,prediction,evaluator_enter,6010522064032,657892,657974
202607271206,e2e_trace_v3,461,17293833482614604512,0,prediction,evaluator_exit,6010526749824,657892,657974
202607271206,e2e_trace_v3,462,17293833482614604512,0,prediction,predictor_enter,6010526771616,657892,657974
202607271206,e2e_trace_v3,463,17293833482614604512,0,prediction,predictor_exit,6010526778752,657892,657974
202607271206,e2e_trace_v3,464,17293833482614604512,0,prediction,perception_exit,6010526860384,657892,657974
202607271206,e2e_trace_v3,465,17293833482614604512,0,prediction,writer_enter,6010526897184,657892,657974
202607271206,e2e_trace_v3,466,17293833482614604512,0,prediction,writer_done,6010527020544,657892,657974
202607271206,e2e_trace_v3,467,17293833482614604512,0,prediction,output_pub,6010526897184,657892,657974
202607271206,e2e_trace_v3,468,17293833482614604513,0,prediction,proc_enter,6010615393664,657892,657972
202607271206,e2e_trace_v3,469,17293833482614604513,0,prediction,container_enter,6010615433216,657892,657972
202607271206,e2e_trace_v3,470,17293833482614604513,0,prediction,container_exit,6010615864288,657892,657972
202607271206,e2e_trace_v3,471,17293833482614604513,0,prediction,perception_enter,6010615878688,657892,657972
202607271206,e2e_trace_v3,472,17293833482614604513,0,prediction,evaluator_enter,6010616301792,657892,657972
202607271206,e2e_trace_v3,473,17293833482614604513,0,prediction,evaluator_exit,6010618998400,657892,657972
202607271206,e2e_trace_v3,474,17293833482614604513,0,prediction,predictor_enter,6010619019680,657892,657972
202607271206,e2e_trace_v3,475,17293833482614604513,0,prediction,predictor_exit,6010619026272,657892,657972
202607271206,e2e_trace_v3,476,17293833482614604513,0,prediction,perception_exit,6010619031584,657892,657972
202607271206,e2e_trace_v3,477,17293833482614604513,0,prediction,writer_enter,6010619075232,657892,657972
202607271206,e2e_trace_v3,478,17293833482614604513,0,prediction,writer_done,6010619209536,657892,657972
202607271206,e2e_trace_v3,479,17293833482614604513,0,prediction,output_pub,6010619075232,657892,657972
202607271206,e2e_trace_v3,480,17293833482614604514,0,prediction,proc_enter,6010710467168,657892,657973
202607271206,e2e_trace_v3,481,17293833482614604514,0,prediction,container_enter,6010710499840,657892,657973
202607271206,e2e_trace_v3,482,17293833482614604514,0,prediction,container_exit,6010710974528,657892,657973
202607271206,e2e_trace_v3,483,17293833482614604514,0,prediction,perception_enter,6010710985184,657892,657973
202607271206,e2e_trace_v3,484,17293833482614604514,0,prediction,evaluator_enter,6010711379424,657892,657973
202607271206,e2e_trace_v3,485,17293833482614604514,0,prediction,evaluator_exit,6010715009472,657892,657973
202607271206,e2e_trace_v3,486,17293833482614604514,0,prediction,predictor_enter,6010715034784,657892,657973
202607271206,e2e_trace_v3,487,17293833482614604514,0,prediction,predictor_exit,6010715040672,657892,657973
202607271206,e2e_trace_v3,488,17293833482614604514,0,prediction,perception_exit,6010715046176,657892,657973
202607271206,e2e_trace_v3,489,17293833482614604514,0,prediction,writer_enter,6010715087392,657892,657973
202607271206,e2e_trace_v3,490,17293833482614604514,0,prediction,writer_done,6010715211296,657892,657973
202607271206,e2e_trace_v3,491,17293833482614604514,0,prediction,output_pub,6010715087392,657892,657973
202607271206,e2e_trace_v3,492,17293833482614604515,0,prediction,proc_enter,6010822204320,657892,657967
202607271206,e2e_trace_v3,493,17293833482614604515,0,prediction,container_enter,6010822241504,657892,657967
202607271206,e2e_trace_v3,494,17293833482614604515,0,prediction,container_exit,6010822670720,657892,657967
202607271206,e2e_trace_v3,495,17293833482614604515,0,prediction,perception_enter,6010822685024,657892,657967
202607271206,e2e_trace_v3,496,17293833482614604515,0,prediction,evaluator_enter,6010823244864,657892,657967
202607271206,e2e_trace_v3,497,17293833482614604515,0,prediction,evaluator_exit,6010824992832,657892,657967
202607271206,e2e_trace_v3,498,17293833482614604515,0,prediction,predictor_enter,6010825019744,657892,657967
202607271206,e2e_trace_v3,499,17293833482614604515,0,prediction,predictor_exit,6010825031424,657892,657967
202607271206,e2e_trace_v3,500,17293833482614604515,0,prediction,perception_exit,6010825039968,657892,657967
202607271206,e2e_trace_v3,501,17293833482614604515,0,prediction,writer_enter,6010825098944,657892,657967
202607271206,e2e_trace_v3,502,17293833482614604515,0,prediction,writer_done,6010825277184,657892,657967
202607271206,e2e_trace_v3,503,17293833482614604515,0,prediction,output_pub,6010825098944,657892,657967
202607271206,e2e_trace_v3,504,17293833482614604516,0,prediction,proc_enter,6010927080480,657892,657968
202607271206,e2e_trace_v3,505,17293833482614604516,0,prediction,container_enter,6010927139744,657892,657968
202607271206,e2e_trace_v3,506,17293833482614604516,0,prediction,container_exit,6010927529760,657892,657968
202607271206,e2e_trace_v3,507,17293833482614604516,0,prediction,perception_enter,6010927543520,657892,657968
202607271206,e2e_trace_v3,508,17293833482614604516,0,prediction,evaluator_enter,6010928065152,657892,657968
202607271206,e2e_trace_v3,509,17293833482614604516,0,prediction,evaluator_exit,6010929825696,657892,657968
202607271206,e2e_trace_v3,510,17293833482614604516,0,prediction,predictor_enter,6010929850592,657892,657968
202607271206,e2e_trace_v3,511,17293833482614604516,0,prediction,predictor_exit,6010929860032,657892,657968
202607271206,e2e_trace_v3,512,17293833482614604516,0,prediction,perception_exit,6010929867200,657892,657968
202607271206,e2e_trace_v3,513,17293833482614604516,0,prediction,writer_enter,6010929922016,657892,657968
202607271206,e2e_trace_v3,514,17293833482614604516,0,prediction,writer_done,6010930090336,657892,657968
202607271206,e2e_trace_v3,515,17293833482614604516,0,prediction,output_pub,6010929922016,657892,657968
202607271206,e2e_trace_v3,516,17293833482614604517,0,prediction,proc_enter,6011021414080,657892,657970
202607271206,e2e_trace_v3,517,17293833482614604517,0,prediction,container_enter,6011021443904,657892,657970
202607271206,e2e_trace_v3,518,17293833482614604517,0,prediction,container_exit,6011021917664,657892,657970
202607271206,e2e_trace_v3,519,17293833482614604517,0,prediction,perception_enter,6011021931616,657892,657970
202607271206,e2e_trace_v3,520,17293833482614604517,0,prediction,evaluator_enter,6011022355456,657892,657970
202607271206,e2e_trace_v3,521,17293833482614604517,0,prediction,evaluator_exit,6011023990272,657892,657970
202607271206,e2e_trace_v3,522,17293833482614604517,0,prediction,predictor_enter,6011024009088,657892,657970
202607271206,e2e_trace_v3,523,17293833482614604517,0,prediction,predictor_exit,6011024015904,657892,657970
202607271206,e2e_trace_v3,524,17293833482614604517,0,prediction,perception_exit,6011024021184,657892,657970
202607271206,e2e_trace_v3,525,17293833482614604517,0,prediction,writer_enter,6011024071712,657892,657970
202607271206,e2e_trace_v3,526,17293833482614604517,0,prediction,writer_done,6011024232832,657892,657970
202607271206,e2e_trace_v3,527,17293833482614604517,0,prediction,output_pub,6011024071712,657892,657970
202607271206,e2e_trace_v3,528,17293833482614604518,0,prediction,proc_enter,6011114780608,657892,657968
202607271206,e2e_trace_v3,529,17293833482614604518,0,prediction,container_enter,6011114826656,657892,657968
202607271206,e2e_trace_v3,530,17293833482614604518,0,prediction,container_exit,6011115191232,657892,657968
202607271206,e2e_trace_v3,531,17293833482614604518,0,prediction,perception_enter,6011115204256,657892,657968
202607271206,e2e_trace_v3,532,17293833482614604518,0,prediction,evaluator_enter,6011115596768,657892,657968
202607271206,e2e_trace_v3,533,17293833482614604518,0,prediction,evaluator_exit,6011117284704,657892,657968
202607271206,e2e_trace_v3,534,17293833482614604518,0,prediction,predictor_enter,6011117309344,657892,657968
202607271206,e2e_trace_v3,535,17293833482614604518,0,prediction,predictor_exit,6011117316896,657892,657968
202607271206,e2e_trace_v3,536,17293833482614604518,0,prediction,perception_exit,6011117322848,657892,657968
202607271206,e2e_trace_v3,537,17293833482614604518,0,prediction,writer_enter,6011117381088,657892,657968
202607271206,e2e_trace_v3,538,17293833482614604518,0,prediction,writer_done,6011117532832,657892,657968
202607271206,e2e_trace_v3,539,17293833482614604518,0,prediction,output_pub,6011117381088,657892,657968
202607271206,e2e_trace_v3,540,17293833482614604519,0,prediction,proc_enter,6011211017440,657892,657969
202607271206,e2e_trace_v3,541,17293833482614604519,0,prediction,container_enter,6011211140512,657892,657969
202607271206,e2e_trace_v3,542,17293833482614604519,0,prediction,container_exit,6011211550048,657892,657969
202607271206,e2e_trace_v3,543,17293833482614604519,0,prediction,perception_enter,6011211564096,657892,657969
202607271206,e2e_trace_v3,544,17293833482614604519,0,prediction,evaluator_enter,6011212098304,657892,657969
202607271206,e2e_trace_v3,545,17293833482614604519,0,prediction,evaluator_exit,6011213812160,657892,657969
202607271206,e2e_trace_v3,546,17293833482614604519,0,prediction,predictor_enter,6011213841888,657892,657969
202607271206,e2e_trace_v3,547,17293833482614604519,0,prediction,predictor_exit,6011213851808,657892,657969
202607271206,e2e_trace_v3,548,17293833482614604519,0,prediction,perception_exit,6011213860000,657892,657969
202607271206,e2e_trace_v3,549,17293833482614604519,0,prediction,writer_enter,6011213920160,657892,657969
202607271206,e2e_trace_v3,550,17293833482614604519,0,prediction,writer_done,6011214072704,657892,657969
202607271206,e2e_trace_v3,551,17293833482614604519,0,prediction,output_pub,6011213920160,657892,657969
202607271206,e2e_trace_v3,552,17293833482614604520,0,prediction,proc_enter,6011315994240,657892,657968
202607271206,e2e_trace_v3,553,17293833482614604520,0,prediction,container_enter,6011316027584,657892,657968
202607271206,e2e_trace_v3,554,17293833482614604520,0,prediction,container_exit,6011316550432,657892,657968
202607271206,e2e_trace_v3,555,17293833482614604520,0,prediction,perception_enter,6011316564960,657892,657968
202607271206,e2e_trace_v3,556,17293833482614604520,0,prediction,evaluator_enter,6011316985792,657892,657968
202607271206,e2e_trace_v3,557,17293833482614604520,0,prediction,evaluator_exit,6011323011168,657892,657968
202607271206,e2e_trace_v3,558,17293833482614604520,0,prediction,predictor_enter,6011323034592,657892,657968
202607271206,e2e_trace_v3,559,17293833482614604520,0,prediction,predictor_exit,6011323040384,657892,657968
202607271206,e2e_trace_v3,560,17293833482614604520,0,prediction,perception_exit,6011323045248,657892,657968
202607271206,e2e_trace_v3,561,17293833482614604520,0,prediction,writer_enter,6011323085568,657892,657968
202607271206,e2e_trace_v3,562,17293833482614604520,0,prediction,writer_done,6011323205696,657892,657968
202607271206,e2e_trace_v3,563,17293833482614604520,0,prediction,output_pub,6011323085568,657892,657968
202607271206,e2e_trace_v3,564,17293833482614604521,0,prediction,proc_enter,6011413805280,657892,657966
202607271206,e2e_trace_v3,565,17293833482614604521,0,prediction,container_enter,6011413875072,657892,657966
202607271206,e2e_trace_v3,566,17293833482614604521,0,prediction,container_exit,6011414372128,657892,657966
202607271206,e2e_trace_v3,567,17293833482614604521,0,prediction,perception_enter,6011414400544,657892,657966
202607271206,e2e_trace_v3,568,17293833482614604521,0,prediction,evaluator_enter,6011415213632,657892,657966
202607271206,e2e_trace_v3,569,17293833482614604521,0,prediction,evaluator_exit,6011416755552,657892,657966
202607271206,e2e_trace_v3,570,17293833482614604521,0,prediction,predictor_enter,6011416779552,657892,657966
202607271206,e2e_trace_v3,571,17293833482614604521,0,prediction,predictor_exit,6011416785856,657892,657966
202607271206,e2e_trace_v3,572,17293833482614604521,0,prediction,perception_exit,6011416791360,657892,657966
202607271206,e2e_trace_v3,573,17293833482614604521,0,prediction,writer_enter,6011416845536,657892,657966
202607271206,e2e_trace_v3,574,17293833482614604521,0,prediction,writer_done,6011416982272,657892,657966
202607271206,e2e_trace_v3,575,17293833482614604521,0,prediction,output_pub,6011416845536,657892,657966
202607271206,e2e_trace_v3,576,17293833482614604522,0,prediction,proc_enter,6011522238016,657892,657975
202607271206,e2e_trace_v3,577,17293833482614604522,0,prediction,container_enter,6011522365152,657892,657975
202607271206,e2e_trace_v3,578,17293833482614604522,0,prediction,container_exit,6011522859008,657892,657975
202607271206,e2e_trace_v3,579,17293833482614604522,0,prediction,perception_enter,6011522878080,657892,657975
202607271206,e2e_trace_v3,580,17293833482614604522,0,prediction,evaluator_enter,6011523652864,657892,657975
202607271206,e2e_trace_v3,581,17293833482614604522,0,prediction,evaluator_exit,6011525572864,657892,657975
202607271206,e2e_trace_v3,582,17293833482614604522,0,prediction,predictor_enter,6011525605312,657892,657975
202607271206,e2e_trace_v3,583,17293833482614604522,0,prediction,predictor_exit,6011525618464,657892,657975
202607271206,e2e_trace_v3,584,17293833482614604522,0,prediction,perception_exit,6011525630464,657892,657975
202607271206,e2e_trace_v3,585,17293833482614604522,0,prediction,writer_enter,6011525701600,657892,657975
202607271206,e2e_trace_v3,586,17293833482614604522,0,prediction,writer_done,6011525916672,657892,657975
202607271206,e2e_trace_v3,587,17293833482614604522,0,prediction,output_pub,6011525701600,657892,657975
202607271206,e2e_trace_v3,588,17293833482614604523,0,prediction,proc_enter,6011623412704,657892,657966
202607271206,e2e_trace_v3,589,17293833482614604523,0,prediction,container_enter,6011623448384,657892,657966
202607271206,e2e_trace_v3,590,17293833482614604523,0,prediction,container_exit,6011623930336,657892,657966
202607271206,e2e_trace_v3,591,17293833482614604523,0,prediction,perception_enter,6011623946816,657892,657966
202607271206,e2e_trace_v3,592,17293833482614604523,0,prediction,evaluator_enter,6011624417088,657892,657966
202607271206,e2e_trace_v3,593,17293833482614604523,0,prediction,evaluator_exit,6011625979968,657892,657966
202607271206,e2e_trace_v3,594,17293833482614604523,0,prediction,predictor_enter,6011626007392,657892,657966
202607271206,e2e_trace_v3,595,17293833482614604523,0,prediction,predictor_exit,6011626016288,657892,657966
202607271206,e2e_trace_v3,596,17293833482614604523,0,prediction,perception_exit,6011626023168,657892,657966
202607271206,e2e_trace_v3,597,17293833482614604523,0,prediction,writer_enter,6011626096480,657892,657966
202607271206,e2e_trace_v3,598,17293833482614604523,0,prediction,writer_done,6011626243520,657892,657966
202607271206,e2e_trace_v3,599,17293833482614604523,0,prediction,output_pub,6011626096480,657892,657966
202607271206,e2e_trace_v3,600,17293833482614604524,0,prediction,proc_enter,6011722284128,657892,657972
202607271206,e2e_trace_v3,601,17293833482614604524,0,prediction,container_enter,6011722316352,657892,657972
202607271206,e2e_trace_v3,602,17293833482614604524,0,prediction,container_exit,6011722720256,657892,657972
202607271206,e2e_trace_v3,603,17293833482614604524,0,prediction,perception_enter,6011722731680,657892,657972
202607271206,e2e_trace_v3,604,17293833482614604524,0,prediction,evaluator_enter,6011723212096,657892,657972
202607271206,e2e_trace_v3,605,17293833482614604524,0,prediction,evaluator_exit,6011724964224,657892,657972
202607271206,e2e_trace_v3,606,17293833482614604524,0,prediction,predictor_enter,6011724987840,657892,657972
202607271206,e2e_trace_v3,607,17293833482614604524,0,prediction,predictor_exit,6011724998304,657892,657972
202607271206,e2e_trace_v3,608,17293833482614604524,0,prediction,perception_exit,6011725006944,657892,657972
202607271206,e2e_trace_v3,609,17293833482614604524,0,prediction,writer_enter,6011725062176,657892,657972
202607271206,e2e_trace_v3,610,17293833482614604524,0,prediction,writer_done,6011725219744,657892,657972
202607271206,e2e_trace_v3,611,17293833482614604524,0,prediction,output_pub,6011725062176,657892,657972
202607271206,e2e_trace_v3,612,17293833482614604525,0,prediction,proc_enter,6011822502912,657892,657974
202607271206,e2e_trace_v3,613,17293833482614604525,0,prediction,container_enter,6011822558528,657892,657974
202607271206,e2e_trace_v3,614,17293833482614604525,0,prediction,container_exit,6011823060544,657892,657974
202607271206,e2e_trace_v3,615,17293833482614604525,0,prediction,perception_enter,6011823083328,657892,657974
202607271206,e2e_trace_v3,616,17293833482614604525,0,prediction,evaluator_enter,6011823844736,657892,657974
202607271206,e2e_trace_v3,617,17293833482614604525,0,prediction,evaluator_exit,6011826014432,657892,657974
202607271206,e2e_trace_v3,618,17293833482614604525,0,prediction,predictor_enter,6011826136576,657892,657974
202607271206,e2e_trace_v3,619,17293833482614604525,0,prediction,predictor_exit,6011826152416,657892,657974
202607271206,e2e_trace_v3,620,17293833482614604525,0,prediction,perception_exit,6011826163968,657892,657974
202607271206,e2e_trace_v3,621,17293833482614604525,0,prediction,writer_enter,6011826224896,657892,657974
202607271206,e2e_trace_v3,622,17293833482614604525,0,prediction,writer_done,6011826392832,657892,657974
202607271206,e2e_trace_v3,623,17293833482614604525,0,prediction,output_pub,6011826224896,657892,657974
202607271206,e2e_trace_v3,624,17293833482614604526,0,prediction,proc_enter,6011944153344,657892,657972
202607271206,e2e_trace_v3,625,17293833482614604526,0,prediction,container_enter,6011944196832,657892,657972
202607271206,e2e_trace_v3,626,17293833482614604526,0,prediction,container_exit,6011944701088,657892,657972
202607271206,e2e_trace_v3,627,17293833482614604526,0,prediction,perception_enter,6011944716256,657892,657972
202607271206,e2e_trace_v3,628,17293833482614604526,0,prediction,evaluator_enter,6011945281504,657892,657972
202607271206,e2e_trace_v3,629,17293833482614604526,0,prediction,evaluator_exit,6011947125984,657892,657972
202607271206,e2e_trace_v3,630,17293833482614604526,0,prediction,predictor_enter,6011947148352,657892,657972
202607271206,e2e_trace_v3,631,17293833482614604526,0,prediction,predictor_exit,6011947159936,657892,657972
202607271206,e2e_trace_v3,632,17293833482614604526,0,prediction,perception_exit,6011947168576,657892,657972
202607271206,e2e_trace_v3,633,17293833482614604526,0,prediction,writer_enter,6011947224672,657892,657972
202607271206,e2e_trace_v3,634,17293833482614604526,0,prediction,writer_done,6011947376000,657892,657972
202607271206,e2e_trace_v3,635,17293833482614604526,0,prediction,output_pub,6011947224672,657892,657972
202607271206,e2e_trace_v3,636,17293833482614604527,0,prediction,proc_enter,6012129218144,657892,657975
202607271206,e2e_trace_v3,637,17293833482614604527,0,prediction,container_enter,6012129255168,657892,657975
202607271206,e2e_trace_v3,638,17293833482614604527,0,prediction,container_exit,6012129642080,657892,657975
202607271206,e2e_trace_v3,639,17293833482614604527,0,prediction,perception_enter,6012129658080,657892,657975
202607271206,e2e_trace_v3,640,17293833482614604527,0,prediction,evaluator_enter,6012130105536,657892,657975
202607271206,e2e_trace_v3,641,17293833482614604527,0,prediction,evaluator_exit,6012132535936,657892,657975
202607271206,e2e_trace_v3,642,17293833482614604527,0,prediction,predictor_enter,6012132563072,657892,657975
202607271206,e2e_trace_v3,643,17293833482614604527,0,prediction,predictor_exit,6012132569920,657892,657975
202607271206,e2e_trace_v3,644,17293833482614604527,0,prediction,perception_exit,6012132576128,657892,657975
202607271206,e2e_trace_v3,645,17293833482614604527,0,prediction,writer_enter,6012132625120,657892,657975
202607271206,e2e_trace_v3,646,17293833482614604527,0,prediction,writer_done,6012132740480,657892,657975
202607271206,e2e_trace_v3,647,17293833482614604527,0,prediction,output_pub,6012132625120,657892,657975
202607271206,e2e_trace_v3,648,17293833482614604528,0,prediction,proc_enter,6012321079840,657892,657965
202607271206,e2e_trace_v3,649,17293833482614604528,0,prediction,container_enter,6012321125024,657892,657965
202607271206,e2e_trace_v3,650,17293833482614604528,0,prediction,container_exit,6012321638592,657892,657965
202607271206,e2e_trace_v3,651,17293833482614604528,0,prediction,perception_enter,6012321664928,657892,657965
202607271206,e2e_trace_v3,652,17293833482614604528,0,prediction,evaluator_enter,6012322367936,657892,657965
202607271206,e2e_trace_v3,653,17293833482614604528,0,prediction,evaluator_exit,6012324466016,657892,657965
202607271206,e2e_trace_v3,654,17293833482614604528,0,prediction,predictor_enter,6012324497888,657892,657965
202607271206,e2e_trace_v3,655,17293833482614604528,0,prediction,predictor_exit,6012324510976,657892,657965
202607271206,e2e_trace_v3,656,17293833482614604528,0,prediction,perception_exit,6012324521664,657892,657965
202607271206,e2e_trace_v3,657,17293833482614604528,0,prediction,writer_enter,6012324582624,657892,657965
202607271206,e2e_trace_v3,658,17293833482614604528,0,prediction,writer_done,6012324743744,657892,657965
202607271206,e2e_trace_v3,659,17293833482614604528,0,prediction,output_pub,6012324582624,657892,657965
202607271206,e2e_trace_v3,660,17293833482614604529,0,prediction,proc_enter,6012514853024,657892,657966
202607271206,e2e_trace_v3,661,17293833482614604529,0,prediction,container_enter,6012514923904,657892,657966
202607271206,e2e_trace_v3,662,17293833482614604529,0,prediction,container_exit,6012515570048,657892,657966
202607271206,e2e_trace_v3,663,17293833482614604529,0,prediction,perception_enter,6012515599328,657892,657966
202607271206,e2e_trace_v3,664,17293833482614604529,0,prediction,evaluator_enter,6012516416640,657892,657966
202607271206,e2e_trace_v3,665,17293833482614604529,0,prediction,evaluator_exit,6012518550624,657892,657966
202607271206,e2e_trace_v3,666,17293833482614604529,0,prediction,predictor_enter,6012518579424,657892,657966
202607271206,e2e_trace_v3,667,17293833482614604529,0,prediction,predictor_exit,6012518588608,657892,657966
202607271206,e2e_trace_v3,668,17293833482614604529,0,prediction,perception_exit,6012518595648,657892,657966
202607271206,e2e_trace_v3,669,17293833482614604529,0,prediction,writer_enter,6012518653856,657892,657966
202607271206,e2e_trace_v3,670,17293833482614604529,0,prediction,writer_done,6012518986272,657892,657966
202607271206,e2e_trace_v3,671,17293833482614604529,0,prediction,output_pub,6012518653856,657892,657966
202607271206,e2e_trace_v3,672,17293833482614604530,0,prediction,proc_enter,6012719005664,657892,657965
202607271206,e2e_trace_v3,673,17293833482614604530,0,prediction,container_enter,6012719039744,657892,657965
202607271206,e2e_trace_v3,674,17293833482614604530,0,prediction,container_exit,6012719481792,657892,657965
202607271206,e2e_trace_v3,675,17293833482614604530,0,prediction,perception_enter,6012719497760,657892,657965
202607271206,e2e_trace_v3,676,17293833482614604530,0,prediction,evaluator_enter,6012719981824,657892,657965
202607271206,e2e_trace_v3,677,17293833482614604530,0,prediction,evaluator_exit,6012721582656,657892,657965
202607271206,e2e_trace_v3,678,17293833482614604530,0,prediction,predictor_enter,6012721609760,657892,657965
202607271206,e2e_trace_v3,679,17293833482614604530,0,prediction,predictor_exit,6012721618048,657892,657965
202607271206,e2e_trace_v3,680,17293833482614604530,0,prediction,perception_exit,6012721623520,657892,657965
202607271206,e2e_trace_v3,681,17293833482614604530,0,prediction,writer_enter,6012721692256,657892,657965
202607271206,e2e_trace_v3,682,17293833482614604530,0,prediction,writer_done,6012721833120,657892,657965
202607271206,e2e_trace_v3,683,17293833482614604530,0,prediction,output_pub,6012721692256,657892,657965
202607271206,e2e_trace_v3,684,17293833482614604531,0,prediction,proc_enter,6012920647232,657892,657971
202607271206,e2e_trace_v3,685,17293833482614604531,0,prediction,container_enter,6012920684640,657892,657971
202607271206,e2e_trace_v3,686,17293833482614604531,0,prediction,container_exit,6012921123200,657892,657971
202607271206,e2e_trace_v3,687,17293833482614604531,0,prediction,perception_enter,6012921141920,657892,657971
202607271206,e2e_trace_v3,688,17293833482614604531,0,prediction,evaluator_enter,6012922435360,657892,657971
202607271206,e2e_trace_v3,689,17293833482614604531,0,prediction,evaluator_exit,6012928662208,657892,657971
202607271206,e2e_trace_v3,690,17293833482614604531,0,prediction,predictor_enter,6012928702656,657892,657971
202607271206,e2e_trace_v3,691,17293833482614604531,0,prediction,predictor_exit,6012928710720,657892,657971
202607271206,e2e_trace_v3,692,17293833482614604531,0,prediction,perception_exit,6012928717152,657892,657971
202607271206,e2e_trace_v3,693,17293833482614604531,0,prediction,writer_enter,6012928764576,657892,657971
202607271206,e2e_trace_v3,694,17293833482614604531,0,prediction,writer_done,6012928893344,657892,657971
202607271206,e2e_trace_v3,695,17293833482614604531,0,prediction,output_pub,6012928764576,657892,657971
202607271206,e2e_trace_v3,696,17293833482614604532,0,prediction,proc_enter,6013128821920,657892,657968
202607271206,e2e_trace_v3,697,17293833482614604532,0,prediction,container_enter,6013128864128,657892,657968
202607271206,e2e_trace_v3,698,17293833482614604532,0,prediction,container_exit,6013129349120,657892,657968
202607271206,e2e_trace_v3,699,17293833482614604532,0,prediction,perception_enter,6013129364640,657892,657968
202607271206,e2e_trace_v3,700,17293833482614604532,0,prediction,evaluator_enter,6013129833984,657892,657968
202607271206,e2e_trace_v3,701,17293833482614604532,0,prediction,evaluator_exit,6013135099616,657892,657968
202607271206,e2e_trace_v3,702,17293833482614604532,0,prediction,predictor_enter,6013135122912,657892,657968
202607271206,e2e_trace_v3,703,17293833482614604532,0,prediction,predictor_exit,6013135128992,657892,657968
202607271206,e2e_trace_v3,704,17293833482614604532,0,prediction,perception_exit,6013135134624,657892,657968
202607271206,e2e_trace_v3,705,17293833482614604532,0,prediction,writer_enter,6013135179776,657892,657968
202607271206,e2e_trace_v3,706,17293833482614604532,0,prediction,writer_done,6013135288416,657892,657968
202607271206,e2e_trace_v3,707,17293833482614604532,0,prediction,output_pub,6013135179776,657892,657968
202607271206,e2e_trace_v3,708,17293833482614604533,0,prediction,proc_enter,6013222413696,657892,657973
202607271206,e2e_trace_v3,709,17293833482614604533,0,prediction,container_enter,6013222454496,657892,657973
202607271206,e2e_trace_v3,710,17293833482614604533,0,prediction,container_exit,6013222868864,657892,657973
202607271206,e2e_trace_v3,711,17293833482614604533,0,prediction,perception_enter,6013222881024,657892,657973
202607271206,e2e_trace_v3,712,17293833482614604533,0,prediction,evaluator_enter,6013223363328,657892,657973
202607271206,e2e_trace_v3,713,17293833482614604533,0,prediction,evaluator_exit,6013224908576,657892,657973
202607271206,e2e_trace_v3,714,17293833482614604533,0,prediction,predictor_enter,6013224930336,657892,657973
202607271206,e2e_trace_v3,715,17293833482614604533,0,prediction,predictor_exit,6013224937504,657892,657973
202607271206,e2e_trace_v3,716,17293833482614604533,0,prediction,perception_exit,6013224943008,657892,657973
202607271206,e2e_trace_v3,717,17293833482614604533,0,prediction,writer_enter,6013225003168,657892,657973
202607271206,e2e_trace_v3,718,17293833482614604533,0,prediction,writer_done,6013225137920,657892,657973
202607271206,e2e_trace_v3,719,17293833482614604533,0,prediction,output_pub,6013225003168,657892,657973
202607271206,e2e_trace_v3,720,17293833482614604534,0,prediction,proc_enter,6013314122944,657892,657972
202607271206,e2e_trace_v3,721,17293833482614604534,0,prediction,container_enter,6013314157600,657892,657972
202607271206,e2e_trace_v3,722,17293833482614604534,0,prediction,container_exit,6013314600704,657892,657972
202607271206,e2e_trace_v3,723,17293833482614604534,0,prediction,perception_enter,6013314617824,657892,657972
202607271206,e2e_trace_v3,724,17293833482614604534,0,prediction,evaluator_enter,6013315150048,657892,657972
202607271206,e2e_trace_v3,725,17293833482614604534,0,prediction,evaluator_exit,6013316774816,657892,657972
202607271206,e2e_trace_v3,726,17293833482614604534,0,prediction,predictor_enter,6013316795168,657892,657972
202607271206,e2e_trace_v3,727,17293833482614604534,0,prediction,predictor_exit,6013316802272,657892,657972
202607271206,e2e_trace_v3,728,17293833482614604534,0,prediction,perception_exit,6013316807520,657892,657972
202607271206,e2e_trace_v3,729,17293833482614604534,0,prediction,writer_enter,6013316861120,657892,657972
202607271206,e2e_trace_v3,730,17293833482614604534,0,prediction,writer_done,6013316991712,657892,657972
202607271206,e2e_trace_v3,731,17293833482614604534,0,prediction,output_pub,6013316861120,657892,657972
202607271206,e2e_trace_v3,732,17293833482614604535,0,prediction,proc_enter,6013406050240,657892,657963
202607271206,e2e_trace_v3,733,17293833482614604535,0,prediction,container_enter,6013406094368,657892,657963
202607271206,e2e_trace_v3,734,17293833482614604535,0,prediction,container_exit,6013406699232,657892,657963
202607271206,e2e_trace_v3,735,17293833482614604535,0,prediction,perception_enter,6013406718976,657892,657963
202607271206,e2e_trace_v3,736,17293833482614604535,0,prediction,evaluator_enter,6013407223776,657892,657963
202607271206,e2e_trace_v3,737,17293833482614604535,0,prediction,evaluator_exit,6013408967680,657892,657963
202607271206,e2e_trace_v3,738,17293833482614604535,0,prediction,predictor_enter,6013409001792,657892,657963
202607271206,e2e_trace_v3,739,17293833482614604535,0,prediction,predictor_exit,6013409008640,657892,657963
202607271206,e2e_trace_v3,740,17293833482614604535,0,prediction,perception_exit,6013409014784,657892,657963
202607271206,e2e_trace_v3,741,17293833482614604535,0,prediction,writer_enter,6013409075072,657892,657963
202607271206,e2e_trace_v3,742,17293833482614604535,0,prediction,writer_done,6013409228896,657892,657963
202607271206,e2e_trace_v3,743,17293833482614604535,0,prediction,output_pub,6013409075072,657892,657963
202607271206,e2e_trace_v3,744,17293833482614604536,0,prediction,proc_enter,6013498809344,657892,657974
202607271206,e2e_trace_v3,745,17293833482614604536,0,prediction,container_enter,6013498847904,657892,657974
202607271206,e2e_trace_v3,746,17293833482614604536,0,prediction,container_exit,6013499233408,657892,657974
202607271206,e2e_trace_v3,747,17293833482614604536,0,prediction,perception_enter,6013499244416,657892,657974
202607271206,e2e_trace_v3,748,17293833482614604536,0,prediction,evaluator_enter,6013499651712,657892,657974
202607271206,e2e_trace_v3,749,17293833482614604536,0,prediction,evaluator_exit,6013501313120,657892,657974
202607271206,e2e_trace_v3,750,17293833482614604536,0,prediction,predictor_enter,6013501341888,657892,657974
202607271206,e2e_trace_v3,751,17293833482614604536,0,prediction,predictor_exit,6013501350528,657892,657974
202607271206,e2e_trace_v3,752,17293833482614604536,0,prediction,perception_exit,6013501357568,657892,657974
202607271206,e2e_trace_v3,753,17293833482614604536,0,prediction,writer_enter,6013501409376,657892,657974
202607271206,e2e_trace_v3,754,17293833482614604536,0,prediction,writer_done,6013501543456,657892,657974
202607271206,e2e_trace_v3,755,17293833482614604536,0,prediction,output_pub,6013501409376,657892,657974
202607271206,e2e_trace_v3,756,17293833482614604537,0,prediction,proc_enter,6013592519360,657892,657968
202607271206,e2e_trace_v3,757,17293833482614604537,0,prediction,container_enter,6013592560384,657892,657968
202607271206,e2e_trace_v3,758,17293833482614604537,0,prediction,container_exit,6013592934112,657892,657968
202607271206,e2e_trace_v3,759,17293833482614604537,0,prediction,perception_enter,6013592946176,657892,657968
202607271206,e2e_trace_v3,760,17293833482614604537,0,prediction,evaluator_enter,6013593391584,657892,657968
202607271206,e2e_trace_v3,761,17293833482614604537,0,prediction,evaluator_exit,6013607641600,657892,657968
202607271206,e2e_trace_v3,762,17293833482614604537,0,prediction,predictor_enter,6013607667200,657892,657968
202607271206,e2e_trace_v3,763,17293833482614604537,0,prediction,predictor_exit,6013607673408,657892,657968
202607271206,e2e_trace_v3,764,17293833482614604537,0,prediction,perception_exit,6013607679232,657892,657968
202607271206,e2e_trace_v3,765,17293833482614604537,0,prediction,writer_enter,6013607739488,657892,657968
202607271206,e2e_trace_v3,766,17293833482614604537,0,prediction,writer_done,6013607852480,657892,657968
202607271206,e2e_trace_v3,767,17293833482614604537,0,prediction,output_pub,6013607739488,657892,657968
202607271206,e2e_trace_v3,768,17293833482614604538,0,prediction,proc_enter,6013687929728,657892,657974
202607271206,e2e_trace_v3,769,17293833482614604538,0,prediction,container_enter,6013687971072,657892,657974
202607271206,e2e_trace_v3,770,17293833482614604538,0,prediction,container_exit,6013688493120,657892,657974
202607271206,e2e_trace_v3,771,17293833482614604538,0,prediction,perception_enter,6013688508288,657892,657974
202607271206,e2e_trace_v3,772,17293833482614604538,0,prediction,evaluator_enter,6013689066400,657892,657974
202607271206,e2e_trace_v3,773,17293833482614604538,0,prediction,evaluator_exit,6013690986848,657892,657974
202607271206,e2e_trace_v3,774,17293833482614604538,0,prediction,predictor_enter,6013691006624,657892,657974
202607271206,e2e_trace_v3,775,17293833482614604538,0,prediction,predictor_exit,6013691012800,657892,657974
202607271206,e2e_trace_v3,776,17293833482614604538,0,prediction,perception_exit,6013691018464,657892,657974
202607271206,e2e_trace_v3,777,17293833482614604538,0,prediction,writer_enter,6013691059712,657892,657974
202607271206,e2e_trace_v3,778,17293833482614604538,0,prediction,writer_done,6013691172288,657892,657974
202607271206,e2e_trace_v3,779,17293833482614604538,0,prediction,output_pub,6013691059712,657892,657974
202607271206,e2e_trace_v3,780,17293833482614604539,0,prediction,proc_enter,6013779713536,657892,657966
202607271206,e2e_trace_v3,781,17293833482614604539,0,prediction,container_enter,6013779754240,657892,657966
202607271206,e2e_trace_v3,782,17293833482614604539,0,prediction,container_exit,6013780174240,657892,657966
202607271206,e2e_trace_v3,783,17293833482614604539,0,prediction,perception_enter,6013780190880,657892,657966
202607271206,e2e_trace_v3,784,17293833482614604539,0,prediction,evaluator_enter,6013780642048,657892,657966
202607271206,e2e_trace_v3,785,17293833482614604539,0,prediction,evaluator_exit,6013783191296,657892,657966
202607271206,e2e_trace_v3,786,17293833482614604539,0,prediction,predictor_enter,6013783216384,657892,657966
202607271206,e2e_trace_v3,787,17293833482614604539,0,prediction,predictor_exit,6013783223232,657892,657966
202607271206,e2e_trace_v3,788,17293833482614604539,0,prediction,perception_exit,6013783228672,657892,657966
202607271206,e2e_trace_v3,789,17293833482614604539,0,prediction,writer_enter,6013783279520,657892,657966
202607271206,e2e_trace_v3,790,17293833482614604539,0,prediction,writer_done,6013783400384,657892,657966
202607271206,e2e_trace_v3,791,17293833482614604539,0,prediction,output_pub,6013783279520,657892,657966
202607271206,e2e_trace_v3,792,17293833482614604540,0,prediction,proc_enter,6013868312000,657892,657978
202607271206,e2e_trace_v3,793,17293833482614604540,0,prediction,container_enter,6013868360192,657892,657978
202607271206,e2e_trace_v3,794,17293833482614604540,0,prediction,container_exit,6013868770656,657892,657978
202607271206,e2e_trace_v3,795,17293833482614604540,0,prediction,perception_enter,6013868796768,657892,657978
202607271206,e2e_trace_v3,796,17293833482614604540,0,prediction,evaluator_enter,6013869339648,657892,657978
202607271206,e2e_trace_v3,797,17293833482614604540,0,prediction,evaluator_exit,6013875387904,657892,657978
202607271206,e2e_trace_v3,798,17293833482614604540,0,prediction,predictor_enter,6013875413408,657892,657978
202607271206,e2e_trace_v3,799,17293833482614604540,0,prediction,predictor_exit,6013875421312,657892,657978
202607271206,e2e_trace_v3,800,17293833482614604540,0,prediction,perception_exit,6013875427264,657892,657978
202607271206,e2e_trace_v3,801,17293833482614604540,0,prediction,writer_enter,6013875473088,657892,657978
202607271206,e2e_trace_v3,802,17293833482614604540,0,prediction,writer_done,6013875605440,657892,657978
202607271206,e2e_trace_v3,803,17293833482614604540,0,prediction,output_pub,6013875473088,657892,657978
202607271206,e2e_trace_v3,804,17293833482614604541,0,prediction,proc_enter,6013958743488,657892,657977
202607271206,e2e_trace_v3,805,17293833482614604541,0,prediction,container_enter,6013958799904,657892,657977
202607271206,e2e_trace_v3,806,17293833482614604541,0,prediction,container_exit,6013959304320,657892,657977
202607271206,e2e_trace_v3,807,17293833482614604541,0,prediction,perception_enter,6013959324544,657892,657977
202607271206,e2e_trace_v3,808,17293833482614604541,0,prediction,evaluator_enter,6013959823904,657892,657977
202607271206,e2e_trace_v3,809,17293833482614604541,0,prediction,evaluator_exit,6013961524736,657892,657977
202607271206,e2e_trace_v3,810,17293833482614604541,0,prediction,predictor_enter,6013961545184,657892,657977
202607271206,e2e_trace_v3,811,17293833482614604541,0,prediction,predictor_exit,6013961554784,657892,657977
202607271206,e2e_trace_v3,812,17293833482614604541,0,prediction,perception_exit,6013961561376,657892,657977
202607271206,e2e_trace_v3,813,17293833482614604541,0,prediction,writer_enter,6013961622496,657892,657977
202607271206,e2e_trace_v3,814,17293833482614604541,0,prediction,writer_done,6013961764704,657892,657977
202607271206,e2e_trace_v3,815,17293833482614604541,0,prediction,output_pub,6013961622496,657892,657977
202607271206,e2e_trace_v3,816,17293833482614604542,0,prediction,proc_enter,6014048148608,657892,657966
202607271206,e2e_trace_v3,817,17293833482614604542,0,prediction,container_enter,6014048180256,657892,657966
202607271206,e2e_trace_v3,818,17293833482614604542,0,prediction,container_exit,6014048581664,657892,657966
202607271206,e2e_trace_v3,819,17293833482614604542,0,prediction,perception_enter,6014048594272,657892,657966
202607271206,e2e_trace_v3,820,17293833482614604542,0,prediction,evaluator_enter,6014049012640,657892,657966
202607271206,e2e_trace_v3,821,17293833482614604542,0,prediction,evaluator_exit,6014050767744,657892,657966
202607271206,e2e_trace_v3,822,17293833482614604542,0,prediction,predictor_enter,6014050800608,657892,657966
202607271206,e2e_trace_v3,823,17293833482614604542,0,prediction,predictor_exit,6014050808544,657892,657966
202607271206,e2e_trace_v3,824,17293833482614604542,0,prediction,perception_exit,6014050814432,657892,657966
202607271206,e2e_trace_v3,825,17293833482614604542,0,prediction,writer_enter,6014050876864,657892,657966
202607271206,e2e_trace_v3,826,17293833482614604542,0,prediction,writer_done,6014051012704,657892,657966
202607271206,e2e_trace_v3,827,17293833482614604542,0,prediction,output_pub,6014050876864,657892,657966
202607271206,e2e_trace_v3,828,17293833482614604543,0,prediction,proc_enter,6014136287232,657892,657975
202607271206,e2e_trace_v3,829,17293833482614604543,0,prediction,container_enter,6014136319520,657892,657975
202607271206,e2e_trace_v3,830,17293833482614604543,0,prediction,container_exit,6014136701440,657892,657975
202607271206,e2e_trace_v3,831,17293833482614604543,0,prediction,perception_enter,6014136713504,657892,657975
202607271206,e2e_trace_v3,832,17293833482614604543,0,prediction,evaluator_enter,6014137177120,657892,657975
202607271206,e2e_trace_v3,833,17293833482614604543,0,prediction,evaluator_exit,6014138979584,657892,657975
202607271206,e2e_trace_v3,834,17293833482614604543,0,prediction,predictor_enter,6014139012768,657892,657975
202607271206,e2e_trace_v3,835,17293833482614604543,0,prediction,predictor_exit,6014139029504,657892,657975
202607271206,e2e_trace_v3,836,17293833482614604543,0,prediction,perception_exit,6014139036096,657892,657975
202607271206,e2e_trace_v3,837,17293833482614604543,0,prediction,writer_enter,6014139103840,657892,657975
202607271206,e2e_trace_v3,838,17293833482614604543,0,prediction,writer_done,6014139229536,657892,657975
202607271206,e2e_trace_v3,839,17293833482614604543,0,prediction,output_pub,6014139103840,657892,657975
202607271206,e2e_trace_v3,840,17293833482614604544,0,prediction,proc_enter,6014224815072,657892,657977
202607271206,e2e_trace_v3,841,17293833482614604544,0,prediction,container_enter,6014224853824,657892,657977
202607271206,e2e_trace_v3,842,17293833482614604544,0,prediction,container_exit,6014225367680,657892,657977
202607271206,e2e_trace_v3,843,17293833482614604544,0,prediction,perception_enter,6014225384736,657892,657977
202607271206,e2e_trace_v3,844,17293833482614604544,0,prediction,evaluator_enter,6014225999488,657892,657977
202607271206,e2e_trace_v3,845,17293833482614604544,0,prediction,evaluator_exit,6014234830528,657892,657977
202607271206,e2e_trace_v3,846,17293833482614604544,0,prediction,predictor_enter,6014234859776,657892,657977
202607271206,e2e_trace_v3,847,17293833482614604544,0,prediction,predictor_exit,6014234878560,657892,657977
202607271206,e2e_trace_v3,848,17293833482614604544,0,prediction,perception_exit,6014234887392,657892,657977
202607271206,e2e_trace_v3,849,17293833482614604544,0,prediction,writer_enter,6014235010112,657892,657977
202607271206,e2e_trace_v3,850,17293833482614604544,0,prediction,writer_done,6014235220544,657892,657977
202607271206,e2e_trace_v3,851,17293833482614604544,0,prediction,output_pub,6014235010112,657892,657977
202607271206,e2e_trace_v3,852,17293833482614604545,0,prediction,proc_enter,6014319425952,657892,657968
202607271206,e2e_trace_v3,853,17293833482614604545,0,prediction,container_enter,6014319485088,657892,657968
202607271206,e2e_trace_v3,854,17293833482614604545,0,prediction,container_exit,6014319951680,657892,657968
202607271206,e2e_trace_v3,855,17293833482614604545,0,prediction,perception_enter,6014319976352,657892,657968
202607271206,e2e_trace_v3,856,17293833482614604545,0,prediction,evaluator_enter,6014320643040,657892,657968
202607271206,e2e_trace_v3,857,17293833482614604545,0,prediction,evaluator_exit,6014323231936,657892,657968
202607271206,e2e_trace_v3,858,17293833482614604545,0,prediction,predictor_enter,6014323256000,657892,657968
202607271206,e2e_trace_v3,859,17293833482614604545,0,prediction,predictor_exit,6014323265760,657892,657968
202607271206,e2e_trace_v3,860,17293833482614604545,0,prediction,perception_exit,6014323272960,657892,657968
202607271206,e2e_trace_v3,861,17293833482614604545,0,prediction,writer_enter,6014323330144,657892,657968
202607271206,e2e_trace_v3,862,17293833482614604545,0,prediction,writer_done,6014323463872,657892,657968
202607271206,e2e_trace_v3,863,17293833482614604545,0,prediction,output_pub,6014323330144,657892,657968
202607271206,e2e_trace_v3,864,17293833482614604546,0,prediction,proc_enter,6014432637248,657892,657967
202607271206,e2e_trace_v3,865,17293833482614604546,0,prediction,container_enter,6014432694048,657892,657967
202607271206,e2e_trace_v3,866,17293833482614604546,0,prediction,container_exit,6014433224160,657892,657967
202607271206,e2e_trace_v3,867,17293833482614604546,0,prediction,perception_enter,6014433271712,657892,657967
202607271206,e2e_trace_v3,868,17293833482614604546,0,prediction,evaluator_enter,6014434021920,657892,657967
202607271206,e2e_trace_v3,869,17293833482614604546,0,prediction,evaluator_exit,6014435948800,657892,657967
202607271206,e2e_trace_v3,870,17293833482614604546,0,prediction,predictor_enter,6014435981792,657892,657967
202607271206,e2e_trace_v3,871,17293833482614604546,0,prediction,predictor_exit,6014435997888,657892,657967
202607271206,e2e_trace_v3,872,17293833482614604546,0,prediction,perception_exit,6014436010880,657892,657967
202607271206,e2e_trace_v3,873,17293833482614604546,0,prediction,writer_enter,6014436084736,657892,657967
202607271206,e2e_trace_v3,874,17293833482614604546,0,prediction,writer_done,6014436276800,657892,657967
202607271206,e2e_trace_v3,875,17293833482614604546,0,prediction,output_pub,6014436084736,657892,657967
202607271206,e2e_trace_v3,876,17293833482614604547,0,prediction,proc_enter,6014553406464,657892,657968
202607271206,e2e_trace_v3,877,17293833482614604547,0,prediction,container_enter,6014553452704,657892,657968
202607271206,e2e_trace_v3,878,17293833482614604547,0,prediction,container_exit,6014553969952,657892,657968
202607271206,e2e_trace_v3,879,17293833482614604547,0,prediction,perception_enter,6014553989120,657892,657968
202607271206,e2e_trace_v3,880,17293833482614604547,0,prediction,evaluator_enter,6014554539200,657892,657968
202607271206,e2e_trace_v3,881,17293833482614604547,0,prediction,evaluator_exit,6014556415488,657892,657968
202607271206,e2e_trace_v3,882,17293833482614604547,0,prediction,predictor_enter,6014556448416,657892,657968
202607271206,e2e_trace_v3,883,17293833482614604547,0,prediction,predictor_exit,6014556457120,657892,657968
202607271206,e2e_trace_v3,884,17293833482614604547,0,prediction,perception_exit,6014556465472,657892,657968
202607271206,e2e_trace_v3,885,17293833482614604547,0,prediction,writer_enter,6014556531136,657892,657968
202607271206,e2e_trace_v3,886,17293833482614604547,0,prediction,writer_done,6014556726112,657892,657968
202607271206,e2e_trace_v3,887,17293833482614604547,0,prediction,output_pub,6014556531136,657892,657968
202607271206,e2e_trace_v3,888,17293833482614604548,0,prediction,proc_enter,6014641044704,657892,657977
202607271206,e2e_trace_v3,889,17293833482614604548,0,prediction,container_enter,6014641086592,657892,657977
202607271206,e2e_trace_v3,890,17293833482614604548,0,prediction,container_exit,6014641464480,657892,657977
202607271206,e2e_trace_v3,891,17293833482614604548,0,prediction,perception_enter,6014641478560,657892,657977
202607271206,e2e_trace_v3,892,17293833482614604548,0,prediction,evaluator_enter,6014641885184,657892,657977
202607271206,e2e_trace_v3,893,17293833482614604548,0,prediction,evaluator_exit,6014643683872,657892,657977
202607271206,e2e_trace_v3,894,17293833482614604548,0,prediction,predictor_enter,6014643711264,657892,657977
202607271206,e2e_trace_v3,895,17293833482614604548,0,prediction,predictor_exit,6014643719328,657892,657977
202607271206,e2e_trace_v3,896,17293833482614604548,0,prediction,perception_exit,6014643724256,657892,657977
202607271206,e2e_trace_v3,897,17293833482614604548,0,prediction,writer_enter,6014643763456,657892,657977
202607271206,e2e_trace_v3,898,17293833482614604548,0,prediction,writer_done,6014643879680,657892,657977
202607271206,e2e_trace_v3,899,17293833482614604548,0,prediction,output_pub,6014643763456,657892,657977
202607271206,e2e_trace_v3,900,17293833482614604549,0,prediction,proc_enter,6014728354528,657892,657974
202607271206,e2e_trace_v3,901,17293833482614604549,0,prediction,container_enter,6014728386816,657892,657974
202607271206,e2e_trace_v3,902,17293833482614604549,0,prediction,container_exit,6014728773248,657892,657974
202607271206,e2e_trace_v3,903,17293833482614604549,0,prediction,perception_enter,6014728784512,657892,657974
202607271206,e2e_trace_v3,904,17293833482614604549,0,prediction,evaluator_enter,6014729146400,657892,657974
202607271206,e2e_trace_v3,905,17293833482614604549,0,prediction,evaluator_exit,6014730688864,657892,657974
202607271206,e2e_trace_v3,906,17293833482614604549,0,prediction,predictor_enter,6014730721504,657892,657974
202607271206,e2e_trace_v3,907,17293833482614604549,0,prediction,predictor_exit,6014730729472,657892,657974
202607271206,e2e_trace_v3,908,17293833482614604549,0,prediction,perception_exit,6014730735008,657892,657974
202607271206,e2e_trace_v3,909,17293833482614604549,0,prediction,writer_enter,6014730800352,657892,657974
202607271206,e2e_trace_v3,910,17293833482614604549,0,prediction,writer_done,6014730939840,657892,657974
202607271206,e2e_trace_v3,911,17293833482614604549,0,prediction,output_pub,6014730800352,657892,657974
202607271206,e2e_trace_v3,912,17293833482614604550,0,prediction,proc_enter,6014815164448,657892,657963
202607271206,e2e_trace_v3,913,17293833482614604550,0,prediction,container_enter,6014815203456,657892,657963
202607271206,e2e_trace_v3,914,17293833482614604550,0,prediction,container_exit,6014815675360,657892,657963
202607271206,e2e_trace_v3,915,17293833482614604550,0,prediction,perception_enter,6014815688768,657892,657963
202607271206,e2e_trace_v3,916,17293833482614604550,0,prediction,evaluator_enter,6014816136320,657892,657963
202607271206,e2e_trace_v3,917,17293833482614604550,0,prediction,evaluator_exit,6014817766368,657892,657963
202607271206,e2e_trace_v3,918,17293833482614604550,0,prediction,predictor_enter,6014817794784,657892,657963
202607271206,e2e_trace_v3,919,17293833482614604550,0,prediction,predictor_exit,6014817802496,657892,657963
202607271206,e2e_trace_v3,920,17293833482614604550,0,prediction,perception_exit,6014817809120,657892,657963
202607271206,e2e_trace_v3,921,17293833482614604550,0,prediction,writer_enter,6014817862496,657892,657963
202607271206,e2e_trace_v3,922,17293833482614604550,0,prediction,writer_done,6014817994656,657892,657963
202607271206,e2e_trace_v3,923,17293833482614604550,0,prediction,output_pub,6014817862496,657892,657963
202607271206,e2e_trace_v3,924,17293833482614604551,0,prediction,proc_enter,6014921935296,657892,657977
202607271206,e2e_trace_v3,925,17293833482614604551,0,prediction,container_enter,6014921980256,657892,657977
202607271206,e2e_trace_v3,926,17293833482614604551,0,prediction,container_exit,6014922484704,657892,657977
202607271206,e2e_trace_v3,927,17293833482614604551,0,prediction,perception_enter,6014922498944,657892,657977
202607271206,e2e_trace_v3,928,17293833482614604551,0,prediction,evaluator_enter,6014922920960,657892,657977
202607271206,e2e_trace_v3,929,17293833482614604551,0,prediction,evaluator_exit,6014924549920,657892,657977
202607271206,e2e_trace_v3,930,17293833482614604551,0,prediction,predictor_enter,6014924572320,657892,657977
202607271206,e2e_trace_v3,931,17293833482614604551,0,prediction,predictor_exit,6014924581568,657892,657977
202607271206,e2e_trace_v3,932,17293833482614604551,0,prediction,perception_exit,6014924589280,657892,657977
202607271206,e2e_trace_v3,933,17293833482614604551,0,prediction,writer_enter,6014924641824,657892,657977
202607271206,e2e_trace_v3,934,17293833482614604551,0,prediction,writer_done,6014924783872,657892,657977
202607271206,e2e_trace_v3,935,17293833482614604551,0,prediction,output_pub,6014924641824,657892,657977
202607271206,e2e_trace_v3,936,17293833482614604552,0,prediction,proc_enter,6015028972576,657892,657966
202607271206,e2e_trace_v3,937,17293833482614604552,0,prediction,container_enter,6015029031168,657892,657966
202607271206,e2e_trace_v3,938,17293833482614604552,0,prediction,container_exit,6015029602816,657892,657966
202607271206,e2e_trace_v3,939,17293833482614604552,0,prediction,perception_enter,6015029631392,657892,657966
202607271206,e2e_trace_v3,940,17293833482614604552,0,prediction,evaluator_enter,6015030300736,657892,657966
202607271206,e2e_trace_v3,941,17293833482614604552,0,prediction,evaluator_exit,6015032400576,657892,657966
202607271206,e2e_trace_v3,942,17293833482614604552,0,prediction,predictor_enter,6015032430688,657892,657966
202607271206,e2e_trace_v3,943,17293833482614604552,0,prediction,predictor_exit,6015032441920,657892,657966
202607271206,e2e_trace_v3,944,17293833482614604552,0,prediction,perception_exit,6015032451296,657892,657966
202607271206,e2e_trace_v3,945,17293833482614604552,0,prediction,writer_enter,6015032520000,657892,657966
202607271206,e2e_trace_v3,946,17293833482614604552,0,prediction,writer_done,6015032668832,657892,657966
202607271206,e2e_trace_v3,947,17293833482614604552,0,prediction,output_pub,6015032520000,657892,657966
202607271206,e2e_trace_v3,948,17293833482614604553,0,prediction,proc_enter,6015117644576,657892,657968
202607271206,e2e_trace_v3,949,17293833482614604553,0,prediction,container_enter,6015117698688,657892,657968
202607271206,e2e_trace_v3,950,17293833482614604553,0,prediction,container_exit,6015118319264,657892,657968
202607271206,e2e_trace_v3,951,17293833482614604553,0,prediction,perception_enter,6015118341504,657892,657968
202607271206,e2e_trace_v3,952,17293833482614604553,0,prediction,evaluator_enter,6015118987840,657892,657968
202607271206,e2e_trace_v3,953,17293833482614604553,0,prediction,evaluator_exit,6015120918240,657892,657968
202607271206,e2e_trace_v3,954,17293833482614604553,0,prediction,predictor_enter,6015120948992,657892,657968
202607271206,e2e_trace_v3,955,17293833482614604553,0,prediction,predictor_exit,6015120961472,657892,657968
202607271206,e2e_trace_v3,956,17293833482614604553,0,prediction,perception_exit,6015120972128,657892,657968
202607271206,e2e_trace_v3,957,17293833482614604553,0,prediction,writer_enter,6015121033504,657892,657968
202607271206,e2e_trace_v3,958,17293833482614604553,0,prediction,writer_done,6015121162944,657892,657968
202607271206,e2e_trace_v3,959,17293833482614604553,0,prediction,output_pub,6015121033504,657892,657968
202607271206,e2e_trace_v3,960,17293833482614604554,0,prediction,proc_enter,6015221045856,657892,657965
202607271206,e2e_trace_v3,961,17293833482614604554,0,prediction,container_enter,6015221086624,657892,657965
202607271206,e2e_trace_v3,962,17293833482614604554,0,prediction,container_exit,6015221487360,657892,657965
202607271206,e2e_trace_v3,963,17293833482614604554,0,prediction,perception_enter,6015221500896,657892,657965
202607271206,e2e_trace_v3,964,17293833482614604554,0,prediction,evaluator_enter,6015221901760,657892,657965
202607271206,e2e_trace_v3,965,17293833482614604554,0,prediction,evaluator_exit,6015227018304,657892,657965
202607271206,e2e_trace_v3,966,17293833482614604554,0,prediction,predictor_enter,6015227044544,657892,657965
202607271206,e2e_trace_v3,967,17293833482614604554,0,prediction,predictor_exit,6015227050880,657892,657965
202607271206,e2e_trace_v3,968,17293833482614604554,0,prediction,perception_exit,6015227055584,657892,657965
202607271206,e2e_trace_v3,969,17293833482614604554,0,prediction,writer_enter,6015227096480,657892,657965
202607271206,e2e_trace_v3,970,17293833482614604554,0,prediction,writer_done,6015227210208,657892,657965
202607271206,e2e_trace_v3,971,17293833482614604554,0,prediction,output_pub,6015227096480,657892,657965
202607271206,e2e_trace_v3,972,17293833482614604555,0,prediction,proc_enter,6015313098464,657892,657964
202607271206,e2e_trace_v3,973,17293833482614604555,0,prediction,container_enter,6015313132352,657892,657964
202607271206,e2e_trace_v3,974,17293833482614604555,0,prediction,container_exit,6015313588096,657892,657964
202607271206,e2e_trace_v3,975,17293833482614604555,0,prediction,perception_enter,6015313603552,657892,657964
202607271206,e2e_trace_v3,976,17293833482614604555,0,prediction,evaluator_enter,6015313998144,657892,657964
202607271206,e2e_trace_v3,977,17293833482614604555,0,prediction,evaluator_exit,6015315872960,657892,657964
202607271206,e2e_trace_v3,978,17293833482614604555,0,prediction,predictor_enter,6015315903744,657892,657964
202607271206,e2e_trace_v3,979,17293833482614604555,0,prediction,predictor_exit,6015315911232,657892,657964
202607271206,e2e_trace_v3,980,17293833482614604555,0,prediction,perception_exit,6015315917280,657892,657964
202607271206,e2e_trace_v3,981,17293833482614604555,0,prediction,writer_enter,6015315974112,657892,657964
202607271206,e2e_trace_v3,982,17293833482614604555,0,prediction,writer_done,6015316102688,657892,657964
202607271206,e2e_trace_v3,983,17293833482614604555,0,prediction,output_pub,6015315974112,657892,657964
202607271206,e2e_trace_v3,984,17293833482614604556,0,prediction,proc_enter,6015415520416,657892,657975
202607271206,e2e_trace_v3,985,17293833482614604556,0,prediction,container_enter,6015415579680,657892,657975
202607271206,e2e_trace_v3,986,17293833482614604556,0,prediction,container_exit,6015416152832,657892,657975
202607271206,e2e_trace_v3,987,17293833482614604556,0,prediction,perception_enter,6015416176480,657892,657975
202607271206,e2e_trace_v3,988,17293833482614604556,0,prediction,evaluator_enter,6015416713952,657892,657975
202607271206,e2e_trace_v3,989,17293833482614604556,0,prediction,evaluator_exit,6015423051872,657892,657975
202607271206,e2e_trace_v3,990,17293833482614604556,0,prediction,predictor_enter,6015423086592,657892,657975
202607271206,e2e_trace_v3,991,17293833482614604556,0,prediction,predictor_exit,6015423100960,657892,657975
202607271206,e2e_trace_v3,992,17293833482614604556,0,prediction,perception_exit,6015423112960,657892,657975
202607271206,e2e_trace_v3,993,17293833482614604556,0,prediction,writer_enter,6015423189312,657892,657975
202607271206,e2e_trace_v3,994,17293833482614604556,0,prediction,writer_done,6015423373952,657892,657975
202607271206,e2e_trace_v3,995,17293833482614604556,0,prediction,output_pub,6015423189312,657892,657975
202607271206,e2e_trace_v3,996,17293833482614604557,0,prediction,proc_enter,6015520072672,657892,657967
202607271206,e2e_trace_v3,997,17293833482614604557,0,prediction,container_enter,6015520123104,657892,657967
202607271206,e2e_trace_v3,998,17293833482614604557,0,prediction,container_exit,6015520667648,657892,657967
202607271206,e2e_trace_v3,999,17293833482614604557,0,prediction,perception_enter,6015520709248,657892,657967
202607271206,e2e_trace_v3,1000,17293833482614604557,0,prediction,evaluator_enter,6015521526816,657892,657967
202607271206,e2e_trace_v3,1001,17293833482614604557,0,prediction,evaluator_exit,6015527021376,657892,657967
202607271206,e2e_trace_v3,1002,17293833482614604557,0,prediction,predictor_enter,6015527058496,657892,657967
202607271206,e2e_trace_v3,1003,17293833482614604557,0,prediction,predictor_exit,6015527356096,657892,657967
202607271206,e2e_trace_v3,1004,17293833482614604557,0,prediction,perception_exit,6015527389760,657892,657967
202607271206,e2e_trace_v3,1005,17293833482614604557,0,prediction,writer_enter,6015527500192,657892,657967
202607271206,e2e_trace_v3,1006,17293833482614604557,0,prediction,writer_done,6015527743040,657892,657967
202607271206,e2e_trace_v3,1007,17293833482614604557,0,prediction,output_pub,6015527500192,657892,657967
202607271206,e2e_trace_v3,1008,17293833482614604558,0,prediction,proc_enter,6015638818464,657892,657970
202607271206,e2e_trace_v3,1009,17293833482614604558,0,prediction,container_enter,6015638894144,657892,657970
202607271206,e2e_trace_v3,1010,17293833482614604558,0,prediction,container_exit,6015639438432,657892,657970
202607271206,e2e_trace_v3,1011,17293833482614604558,0,prediction,perception_enter,6015639480224,657892,657970
202607271206,e2e_trace_v3,1012,17293833482614604558,0,prediction,evaluator_enter,6015640272992,657892,657970
202607271206,e2e_trace_v3,1013,17293833482614604558,0,prediction,evaluator_exit,6015652801152,657892,657970
202607271206,e2e_trace_v3,1014,17293833482614604558,0,prediction,predictor_enter,6015652830336,657892,657970
202607271206,e2e_trace_v3,1015,17293833482614604558,0,prediction,predictor_exit,6015652936352,657892,657970
202607271206,e2e_trace_v3,1016,17293833482614604558,0,prediction,perception_exit,6015652947232,657892,657970
202607271206,e2e_trace_v3,1017,17293833482614604558,0,prediction,writer_enter,6015653035232,657892,657970
202607271206,e2e_trace_v3,1018,17293833482614604558,0,prediction,writer_done,6015653200576,657892,657970
202607271206,e2e_trace_v3,1019,17293833482614604558,0,prediction,output_pub,6015653035232,657892,657970
202607271206,e2e_trace_v3,1020,17293833482614604559,0,prediction,proc_enter,6015723973568,657892,657966
202607271206,e2e_trace_v3,1021,17293833482614604559,0,prediction,container_enter,6015724030752,657892,657966
202607271206,e2e_trace_v3,1022,17293833482614604559,0,prediction,container_exit,6015724496000,657892,657966
202607271206,e2e_trace_v3,1023,17293833482614604559,0,prediction,perception_enter,6015724507456,657892,657966
202607271206,e2e_trace_v3,1024,17293833482614604559,0,prediction,evaluator_enter,6015724869920,657892,657966
202607271206,e2e_trace_v3,1025,17293833482614604559,0,prediction,evaluator_exit,6015738941408,657892,657966
202607271206,e2e_trace_v3,1026,17293833482614604559,0,prediction,predictor_enter,6015738972544,657892,657966
202607271206,e2e_trace_v3,1027,17293833482614604559,0,prediction,predictor_exit,6015738984640,657892,657966
202607271206,e2e_trace_v3,1028,17293833482614604559,0,prediction,perception_exit,6015738989856,657892,657966
202607271206,e2e_trace_v3,1029,17293833482614604559,0,prediction,writer_enter,6015739044544,657892,657966
202607271206,e2e_trace_v3,1030,17293833482614604559,0,prediction,writer_done,6015739164192,657892,657966
202607271206,e2e_trace_v3,1031,17293833482614604559,0,prediction,output_pub,6015739044544,657892,657966
202607271206,e2e_trace_v3,1032,17293833482614604560,0,prediction,proc_enter,6015815087008,657892,657973
202607271206,e2e_trace_v3,1033,17293833482614604560,0,prediction,container_enter,6015815123232,657892,657973
202607271206,e2e_trace_v3,1034,17293833482614604560,0,prediction,container_exit,6015815542208,657892,657973
202607271206,e2e_trace_v3,1035,17293833482614604560,0,prediction,perception_enter,6015815558080,657892,657973
202607271206,e2e_trace_v3,1036,17293833482614604560,0,prediction,evaluator_enter,6015815940864,657892,657973
202607271206,e2e_trace_v3,1037,17293833482614604560,0,prediction,evaluator_exit,6015822884064,657892,657973
202607271206,e2e_trace_v3,1038,17293833482614604560,0,prediction,predictor_enter,6015822906080,657892,657973
202607271206,e2e_trace_v3,1039,17293833482614604560,0,prediction,predictor_exit,6015822911680,657892,657973
202607271206,e2e_trace_v3,1040,17293833482614604560,0,prediction,perception_exit,6015822916352,657892,657973
202607271206,e2e_trace_v3,1041,17293833482614604560,0,prediction,writer_enter,6015822951872,657892,657973
202607271206,e2e_trace_v3,1042,17293833482614604560,0,prediction,writer_done,6015823072192,657892,657973
202607271206,e2e_trace_v3,1043,17293833482614604560,0,prediction,output_pub,6015822951872,657892,657973
202607271206,e2e_trace_v3,1044,17293833482614604561,0,prediction,proc_enter,6015928721152,657892,657977
202607271206,e2e_trace_v3,1045,17293833482614604561,0,prediction,container_enter,6015928777888,657892,657977
202607271206,e2e_trace_v3,1046,17293833482614604561,0,prediction,container_exit,6015929282880,657892,657977
202607271206,e2e_trace_v3,1047,17293833482614604561,0,prediction,perception_enter,6015929298240,657892,657977
202607271206,e2e_trace_v3,1048,17293833482614604561,0,prediction,evaluator_enter,6015929712288,657892,657977
202607271206,e2e_trace_v3,1049,17293833482614604561,0,prediction,evaluator_exit,6015931431712,657892,657977
202607271206,e2e_trace_v3,1050,17293833482614604561,0,prediction,predictor_enter,6015931461056,657892,657977
202607271206,e2e_trace_v3,1051,17293833482614604561,0,prediction,predictor_exit,6015931473760,657892,657977
202607271206,e2e_trace_v3,1052,17293833482614604561,0,prediction,perception_exit,6015931485920,657892,657977
202607271206,e2e_trace_v3,1053,17293833482614604561,0,prediction,writer_enter,6015931548576,657892,657977
202607271206,e2e_trace_v3,1054,17293833482614604561,0,prediction,writer_done,6015931718112,657892,657977
202607271206,e2e_trace_v3,1055,17293833482614604561,0,prediction,output_pub,6015931548576,657892,657977
202607271206,e2e_trace_v3,1056,17293833482614604562,0,prediction,proc_enter,6016032189792,657892,657964
202607271206,e2e_trace_v3,1057,17293833482614604562,0,prediction,container_enter,6016032226976,657892,657964
202607271206,e2e_trace_v3,1058,17293833482614604562,0,prediction,container_exit,6016032704512,657892,657964
202607271206,e2e_trace_v3,1059,17293833482614604562,0,prediction,perception_enter,6016032729088,657892,657964
202607271206,e2e_trace_v3,1060,17293833482614604562,0,prediction,evaluator_enter,6016033173760,657892,657964
202607271206,e2e_trace_v3,1061,17293833482614604562,0,prediction,evaluator_exit,6016034949216,657892,657964
202607271206,e2e_trace_v3,1062,17293833482614604562,0,prediction,predictor_enter,6016034968128,657892,657964
202607271206,e2e_trace_v3,1063,17293833482614604562,0,prediction,predictor_exit,6016034976032,657892,657964
202607271206,e2e_trace_v3,1064,17293833482614604562,0,prediction,perception_exit,6016034982112,657892,657964
202607271206,e2e_trace_v3,1065,17293833482614604562,0,prediction,writer_enter,6016035028384,657892,657964
202607271206,e2e_trace_v3,1066,17293833482614604562,0,prediction,writer_done,6016035164480,657892,657964
202607271206,e2e_trace_v3,1067,17293833482614604562,0,prediction,output_pub,6016035028384,657892,657964
202607271206,e2e_trace_v3,1068,17293833482614604563,0,prediction,proc_enter,6016132608512,657892,657970
202607271206,e2e_trace_v3,1069,17293833482614604563,0,prediction,container_enter,6016132662976,657892,657970
202607271206,e2e_trace_v3,1070,17293833482614604563,0,prediction,container_exit,6016133062048,657892,657970
202607271206,e2e_trace_v3,1071,17293833482614604563,0,prediction,perception_enter,6016133076160,657892,657970
202607271206,e2e_trace_v3,1072,17293833482614604563,0,prediction,evaluator_enter,6016133443904,657892,657970
202607271206,e2e_trace_v3,1073,17293833482614604563,0,prediction,evaluator_exit,6016135051968,657892,657970
202607271206,e2e_trace_v3,1074,17293833482614604563,0,prediction,predictor_enter,6016135076960,657892,657970
202607271206,e2e_trace_v3,1075,17293833482614604563,0,prediction,predictor_exit,6016135084448,657892,657970
202607271206,e2e_trace_v3,1076,17293833482614604563,0,prediction,perception_exit,6016135090560,657892,657970
202607271206,e2e_trace_v3,1077,17293833482614604563,0,prediction,writer_enter,6016135146400,657892,657970
202607271206,e2e_trace_v3,1078,17293833482614604563,0,prediction,writer_done,6016135300576,657892,657970
202607271206,e2e_trace_v3,1079,17293833482614604563,0,prediction,output_pub,6016135146400,657892,657970
202607271206,e2e_trace_v3,1080,17293833482614604564,0,prediction,proc_enter,6016222922944,657892,657978
202607271206,e2e_trace_v3,1081,17293833482614604564,0,prediction,container_enter,6016222957216,657892,657978
202607271206,e2e_trace_v3,1082,17293833482614604564,0,prediction,container_exit,6016223336256,657892,657978
202607271206,e2e_trace_v3,1083,17293833482614604564,0,prediction,perception_enter,6016223357152,657892,657978
202607271206,e2e_trace_v3,1084,17293833482614604564,0,prediction,evaluator_enter,6016223737504,657892,657978
202607271206,e2e_trace_v3,1085,17293833482614604564,0,prediction,evaluator_exit,6016225322368,657892,657978
202607271206,e2e_trace_v3,1086,17293833482614604564,0,prediction,predictor_enter,6016225342464,657892,657978
202607271206,e2e_trace_v3,1087,17293833482614604564,0,prediction,predictor_exit,6016225348928,657892,657978
202607271206,e2e_trace_v3,1088,17293833482614604564,0,prediction,perception_exit,6016225354240,657892,657978
202607271206,e2e_trace_v3,1089,17293833482614604564,0,prediction,writer_enter,6016225395232,657892,657978
202607271206,e2e_trace_v3,1090,17293833482614604564,0,prediction,writer_done,6016225505440,657892,657978
202607271206,e2e_trace_v3,1091,17293833482614604564,0,prediction,output_pub,6016225395232,657892,657978
202607271206,e2e_trace_v3,1092,17293833482614604565,0,prediction,proc_enter,6016318160864,657892,657965
202607271206,e2e_trace_v3,1093,17293833482614604565,0,prediction,container_enter,6016318197632,657892,657965
202607271206,e2e_trace_v3,1094,17293833482614604565,0,prediction,container_exit,6016318666752,657892,657965
202607271206,e2e_trace_v3,1095,17293833482614604565,0,prediction,perception_enter,6016318677824,657892,657965
202607271206,e2e_trace_v3,1096,17293833482614604565,0,prediction,evaluator_enter,6016319071712,657892,657965
202607271206,e2e_trace_v3,1097,17293833482614604565,0,prediction,evaluator_exit,6016320599872,657892,657965
202607271206,e2e_trace_v3,1098,17293833482614604565,0,prediction,predictor_enter,6016320623744,657892,657965
202607271206,e2e_trace_v3,1099,17293833482614604565,0,prediction,predictor_exit,6016320631104,657892,657965
202607271206,e2e_trace_v3,1100,17293833482614604565,0,prediction,perception_exit,6016320637920,657892,657965
202607271206,e2e_trace_v3,1101,17293833482614604565,0,prediction,writer_enter,6016320707520,657892,657965
202607271206,e2e_trace_v3,1102,17293833482614604565,0,prediction,writer_done,6016320845472,657892,657965
202607271206,e2e_trace_v3,1103,17293833482614604565,0,prediction,output_pub,6016320707520,657892,657965
202607271206,e2e_trace_v3,1104,17293833482614604566,0,prediction,proc_enter,6016416919392,657892,657976
202607271206,e2e_trace_v3,1105,17293833482614604566,0,prediction,container_enter,6016416957696,657892,657976
202607271206,e2e_trace_v3,1106,17293833482614604566,0,prediction,container_exit,6016417359008,657892,657976
202607271206,e2e_trace_v3,1107,17293833482614604566,0,prediction,perception_enter,6016417375360,657892,657976
202607271206,e2e_trace_v3,1108,17293833482614604566,0,prediction,evaluator_enter,6016417827040,657892,657976
202607271206,e2e_trace_v3,1109,17293833482614604566,0,prediction,evaluator_exit,6016419401632,657892,657976
202607271206,e2e_trace_v3,1110,17293833482614604566,0,prediction,predictor_enter,6016419418272,657892,657976
202607271206,e2e_trace_v3,1111,17293833482614604566,0,prediction,predictor_exit,6016419427232,657892,657976
202607271206,e2e_trace_v3,1112,17293833482614604566,0,prediction,perception_exit,6016419433920,657892,657976
202607271206,e2e_trace_v3,1113,17293833482614604566,0,prediction,writer_enter,6016419488224,657892,657976
202607271206,e2e_trace_v3,1114,17293833482614604566,0,prediction,writer_done,6016419628608,657892,657976
202607271206,e2e_trace_v3,1115,17293833482614604566,0,prediction,output_pub,6016419488224,657892,657976
202607271206,e2e_trace_v3,1116,17293833482614604567,0,prediction,proc_enter,6016514004768,657892,657967
202607271206,e2e_trace_v3,1117,17293833482614604567,0,prediction,container_enter,6016514036480,657892,657967
202607271206,e2e_trace_v3,1118,17293833482614604567,0,prediction,container_exit,6016514422432,657892,657967
202607271206,e2e_trace_v3,1119,17293833482614604567,0,prediction,perception_enter,6016514436000,657892,657967
202607271206,e2e_trace_v3,1120,17293833482614604567,0,prediction,evaluator_enter,6016514820128,657892,657967
202607271206,e2e_trace_v3,1121,17293833482614604567,0,prediction,evaluator_exit,6016516407392,657892,657967
202607271206,e2e_trace_v3,1122,17293833482614604567,0,prediction,predictor_enter,6016516424864,657892,657967
202607271206,e2e_trace_v3,1123,17293833482614604567,0,prediction,predictor_exit,6016516430400,657892,657967
202607271206,e2e_trace_v3,1124,17293833482614604567,0,prediction,perception_exit,6016516435360,657892,657967
202607271206,e2e_trace_v3,1125,17293833482614604567,0,prediction,writer_enter,6016516477600,657892,657967
202607271206,e2e_trace_v3,1126,17293833482614604567,0,prediction,writer_done,6016516592704,657892,657967
202607271206,e2e_trace_v3,1127,17293833482614604567,0,prediction,output_pub,6016516477600,657892,657967
202607271206,e2e_trace_v3,1128,17293833482614604568,0,prediction,proc_enter,6016609181664,657892,657969
202607271206,e2e_trace_v3,1129,17293833482614604568,0,prediction,container_enter,6016609235744,657892,657969
202607271206,e2e_trace_v3,1130,17293833482614604568,0,prediction,container_exit,6016609931904,657892,657969
202607271206,e2e_trace_v3,1131,17293833482614604568,0,prediction,perception_enter,6016609960768,657892,657969
202607271206,e2e_trace_v3,1132,17293833482614604568,0,prediction,evaluator_enter,6016610572576,657892,657969
202607271206,e2e_trace_v3,1133,17293833482614604568,0,prediction,evaluator_exit,6016615056160,657892,657969
202607271206,e2e_trace_v3,1134,17293833482614604568,0,prediction,predictor_enter,6016615088352,657892,657969
202607271206,e2e_trace_v3,1135,17293833482614604568,0,prediction,predictor_exit,6016615099008,657892,657969
202607271206,e2e_trace_v3,1136,17293833482614604568,0,prediction,perception_exit,6016615107392,657892,657969
202607271206,e2e_trace_v3,1137,17293833482614604568,0,prediction,writer_enter,6016615167584,657892,657969
202607271206,e2e_trace_v3,1138,17293833482614604568,0,prediction,writer_done,6016615327264,657892,657969
202607271206,e2e_trace_v3,1139,17293833482614604568,0,prediction,output_pub,6016615167584,657892,657969
202607271206,e2e_trace_v3,1140,17293833482614604569,0,prediction,proc_enter,6016717741312,657892,657964
202607271206,e2e_trace_v3,1141,17293833482614604569,0,prediction,container_enter,6016717774944,657892,657964
202607271206,e2e_trace_v3,1142,17293833482614604569,0,prediction,container_exit,6016718137632,657892,657964
202607271206,e2e_trace_v3,1143,17293833482614604569,0,prediction,perception_enter,6016718149184,657892,657964
202607271206,e2e_trace_v3,1144,17293833482614604569,0,prediction,evaluator_enter,6016718523744,657892,657964
202607271206,e2e_trace_v3,1145,17293833482614604569,0,prediction,evaluator_exit,6016720241088,657892,657964
202607271206,e2e_trace_v3,1146,17293833482614604569,0,prediction,predictor_enter,6016720271648,657892,657964
202607271206,e2e_trace_v3,1147,17293833482614604569,0,prediction,predictor_exit,6016720280128,657892,657964
202607271206,e2e_trace_v3,1148,17293833482614604569,0,prediction,perception_exit,6016720285760,657892,657964
202607271206,e2e_trace_v3,1149,17293833482614604569,0,prediction,writer_enter,6016720344576,657892,657964
202607271206,e2e_trace_v3,1150,17293833482614604569,0,prediction,writer_done,6016720453056,657892,657964
202607271206,e2e_trace_v3,1151,17293833482614604569,0,prediction,output_pub,6016720344576,657892,657964
202607271206,e2e_trace_v3,1152,17293833482614604570,0,prediction,proc_enter,6016811912704,657892,657969
202607271206,e2e_trace_v3,1153,17293833482614604570,0,prediction,container_enter,6016811952128,657892,657969
202607271206,e2e_trace_v3,1154,17293833482614604570,0,prediction,container_exit,6016812363712,657892,657969
202607271206,e2e_trace_v3,1155,17293833482614604570,0,prediction,perception_enter,6016812377568,657892,657969
202607271206,e2e_trace_v3,1156,17293833482614604570,0,prediction,evaluator_enter,6016812880544,657892,657969
202607271206,e2e_trace_v3,1157,17293833482614604570,0,prediction,evaluator_exit,6016814988544,657892,657969
202607271206,e2e_trace_v3,1158,17293833482614604570,0,prediction,predictor_enter,6016815048096,657892,657969
202607271206,e2e_trace_v3,1159,17293833482614604570,0,prediction,predictor_exit,6016815056576,657892,657969
202607271206,e2e_trace_v3,1160,17293833482614604570,0,prediction,perception_exit,6016815064192,657892,657969
202607271206,e2e_trace_v3,1161,17293833482614604570,0,prediction,writer_enter,6016815125408,657892,657969
202607271206,e2e_trace_v3,1162,17293833482614604570,0,prediction,writer_done,6016815255872,657892,657969
202607271206,e2e_trace_v3,1163,17293833482614604570,0,prediction,output_pub,6016815125408,657892,657969
202607271206,e2e_trace_v3,1164,17293833482614604571,0,prediction,proc_enter,6016920668160,657892,657975
202607271206,e2e_trace_v3,1165,17293833482614604571,0,prediction,container_enter,6016920710432,657892,657975
202607271206,e2e_trace_v3,1166,17293833482614604571,0,prediction,container_exit,6016921228512,657892,657975
202607271206,e2e_trace_v3,1167,17293833482614604571,0,prediction,perception_enter,6016921246912,657892,657975
202607271206,e2e_trace_v3,1168,17293833482614604571,0,prediction,evaluator_enter,6016921713536,657892,657975
202607271206,e2e_trace_v3,1169,17293833482614604571,0,prediction,evaluator_exit,6016923921888,657892,657975
202607271206,e2e_trace_v3,1170,17293833482614604571,0,prediction,predictor_enter,6016923951616,657892,657975
202607271206,e2e_trace_v3,1171,17293833482614604571,0,prediction,predictor_exit,6016923961504,657892,657975
202607271206,e2e_trace_v3,1172,17293833482614604571,0,prediction,perception_exit,6016923970816,657892,657975
202607271206,e2e_trace_v3,1173,17293833482614604571,0,prediction,writer_enter,6016924031840,657892,657975
202607271206,e2e_trace_v3,1174,17293833482614604571,0,prediction,writer_done,6016924185664,657892,657975
202607271206,e2e_trace_v3,1175,17293833482614604571,0,prediction,output_pub,6016924031840,657892,657975
202607271206,e2e_trace_v3,1176,17293833482614604572,0,prediction,proc_enter,6017016274560,657892,657969
202607271206,e2e_trace_v3,1177,17293833482614604572,0,prediction,container_enter,6017016320448,657892,657969
202607271206,e2e_trace_v3,1178,17293833482614604572,0,prediction,container_exit,6017016769280,657892,657969
202607271206,e2e_trace_v3,1179,17293833482614604572,0,prediction,perception_enter,6017016789952,657892,657969
202607271206,e2e_trace_v3,1180,17293833482614604572,0,prediction,evaluator_enter,6017017323296,657892,657969
202607271206,e2e_trace_v3,1181,17293833482614604572,0,prediction,evaluator_exit,6017022934880,657892,657969
202607271206,e2e_trace_v3,1182,17293833482614604572,0,prediction,predictor_enter,6017022957408,657892,657969
202607271206,e2e_trace_v3,1183,17293833482614604572,0,prediction,predictor_exit,6017022963936,657892,657969
202607271206,e2e_trace_v3,1184,17293833482614604572,0,prediction,perception_exit,6017022969344,657892,657969
202607271206,e2e_trace_v3,1185,17293833482614604572,0,prediction,writer_enter,6017023011904,657892,657969
202607271206,e2e_trace_v3,1186,17293833482614604572,0,prediction,writer_done,6017023128448,657892,657969
202607271206,e2e_trace_v3,1187,17293833482614604572,0,prediction,output_pub,6017023011904,657892,657969
202607271206,e2e_trace_v3,1188,17293833482614604573,0,prediction,proc_enter,6017122534688,657892,657976
202607271206,e2e_trace_v3,1189,17293833482614604573,0,prediction,container_enter,6017122575808,657892,657976
202607271206,e2e_trace_v3,1190,17293833482614604573,0,prediction,container_exit,6017123038144,657892,657976
202607271206,e2e_trace_v3,1191,17293833482614604573,0,prediction,perception_enter,6017123057888,657892,657976
202607271206,e2e_trace_v3,1192,17293833482614604573,0,prediction,evaluator_enter,6017123592000,657892,657976
202607271206,e2e_trace_v3,1193,17293833482614604573,0,prediction,evaluator_exit,6017125724864,657892,657976
202607271206,e2e_trace_v3,1194,17293833482614604573,0,prediction,predictor_enter,6017125760288,657892,657976
202607271206,e2e_trace_v3,1195,17293833482614604573,0,prediction,predictor_exit,6017125771168,657892,657976
202607271206,e2e_trace_v3,1196,17293833482614604573,0,prediction,perception_exit,6017125780064,657892,657976
202607271206,e2e_trace_v3,1197,17293833482614604573,0,prediction,writer_enter,6017125836864,657892,657976
202607271206,e2e_trace_v3,1198,17293833482614604573,0,prediction,writer_done,6017125998592,657892,657976
202607271206,e2e_trace_v3,1199,17293833482614604573,0,prediction,output_pub,6017125836864,657892,657976
202607271206,e2e_trace_v3,1200,17293833482614604574,0,prediction,proc_enter,6017216402112,657892,657975
202607271206,e2e_trace_v3,1201,17293833482614604574,0,prediction,container_enter,6017216446752,657892,657975
202607271206,e2e_trace_v3,1202,17293833482614604574,0,prediction,container_exit,6017216983680,657892,657975
202607271206,e2e_trace_v3,1203,17293833482614604574,0,prediction,perception_enter,6017217000832,657892,657975
202607271206,e2e_trace_v3,1204,17293833482614604574,0,prediction,evaluator_enter,6017217492608,657892,657975
202607271206,e2e_trace_v3,1205,17293833482614604574,0,prediction,evaluator_exit,6017219212352,657892,657975
202607271206,e2e_trace_v3,1206,17293833482614604574,0,prediction,predictor_enter,6017219230464,657892,657975
202607271206,e2e_trace_v3,1207,17293833482614604574,0,prediction,predictor_exit,6017219240160,657892,657975
202607271206,e2e_trace_v3,1208,17293833482614604574,0,prediction,perception_exit,6017219248224,657892,657975
202607271206,e2e_trace_v3,1209,17293833482614604574,0,prediction,writer_enter,6017219304928,657892,657975
202607271206,e2e_trace_v3,1210,17293833482614604574,0,prediction,writer_done,6017219454880,657892,657975
202607271206,e2e_trace_v3,1211,17293833482614604574,0,prediction,output_pub,6017219304928,657892,657975
202607271206,e2e_trace_v3,1212,17293833482614604575,0,prediction,proc_enter,6017319552544,657892,657971
202607271206,e2e_trace_v3,1213,17293833482614604575,0,prediction,container_enter,6017319588416,657892,657971
202607271206,e2e_trace_v3,1214,17293833482614604575,0,prediction,container_exit,6017319987008,657892,657971
202607271206,e2e_trace_v3,1215,17293833482614604575,0,prediction,perception_enter,6017319999328,657892,657971
202607271206,e2e_trace_v3,1216,17293833482614604575,0,prediction,evaluator_enter,6017320386656,657892,657971
202607271206,e2e_trace_v3,1217,17293833482614604575,0,prediction,evaluator_exit,6017322914912,657892,657971
202607271206,e2e_trace_v3,1218,17293833482614604575,0,prediction,predictor_enter,6017322943808,657892,657971
202607271206,e2e_trace_v3,1219,17293833482614604575,0,prediction,predictor_exit,6017322955616,657892,657971
202607271206,e2e_trace_v3,1220,17293833482614604575,0,prediction,perception_exit,6017322978080,657892,657971
202607271206,e2e_trace_v3,1221,17293833482614604575,0,prediction,writer_enter,6017323037472,657892,657971
202607271206,e2e_trace_v3,1222,17293833482614604575,0,prediction,writer_done,6017323196480,657892,657971
202607271206,e2e_trace_v3,1223,17293833482614604575,0,prediction,output_pub,6017323037472,657892,657971
202607271206,e2e_trace_v3,1224,17293833482614604576,0,prediction,proc_enter,6017430184032,657892,657964
202607271206,e2e_trace_v3,1225,17293833482614604576,0,prediction,container_enter,6017430238144,657892,657964
202607271206,e2e_trace_v3,1226,17293833482614604576,0,prediction,container_exit,6017430688000,657892,657964
202607271206,e2e_trace_v3,1227,17293833482614604576,0,prediction,perception_enter,6017430730752,657892,657964
202607271206,e2e_trace_v3,1228,17293833482614604576,0,prediction,evaluator_enter,6017431308224,657892,657964
202607271206,e2e_trace_v3,1229,17293833482614604576,0,prediction,evaluator_exit,6017433208096,657892,657964
202607271206,e2e_trace_v3,1230,17293833482614604576,0,prediction,predictor_enter,6017433236736,657892,657964
202607271206,e2e_trace_v3,1231,17293833482614604576,0,prediction,predictor_exit,6017433246464,657892,657964
202607271206,e2e_trace_v3,1232,17293833482614604576,0,prediction,perception_exit,6017433358624,657892,657964
202607271206,e2e_trace_v3,1233,17293833482614604576,0,prediction,writer_enter,6017433414528,657892,657964
202607271206,e2e_trace_v3,1234,17293833482614604576,0,prediction,writer_done,6017433539680,657892,657964
202607271206,e2e_trace_v3,1235,17293833482614604576,0,prediction,output_pub,6017433414528,657892,657964
202607271206,e2e_trace_v3,1236,17293833482614604577,0,prediction,proc_enter,6017519314624,657892,657969
202607271206,e2e_trace_v3,1237,17293833482614604577,0,prediction,container_enter,6017519371168,657892,657969
202607271206,e2e_trace_v3,1238,17293833482614604577,0,prediction,container_exit,6017519931296,657892,657969
202607271206,e2e_trace_v3,1239,17293833482614604577,0,prediction,perception_enter,6017519953888,657892,657969
202607271206,e2e_trace_v3,1240,17293833482614604577,0,prediction,evaluator_enter,6017520461664,657892,657969
202607271206,e2e_trace_v3,1241,17293833482614604577,0,prediction,evaluator_exit,6017522364480,657892,657969
202607271206,e2e_trace_v3,1242,17293833482614604577,0,prediction,predictor_enter,6017522392064,657892,657969
202607271206,e2e_trace_v3,1243,17293833482614604577,0,prediction,predictor_exit,6017522406720,657892,657969
202607271206,e2e_trace_v3,1244,17293833482614604577,0,prediction,perception_exit,6017522418752,657892,657969
202607271206,e2e_trace_v3,1245,17293833482614604577,0,prediction,writer_enter,6017522498080,657892,657969
202607271206,e2e_trace_v3,1246,17293833482614604577,0,prediction,writer_done,6017522651744,657892,657969
202607271206,e2e_trace_v3,1247,17293833482614604577,0,prediction,output_pub,6017522498080,657892,657969
202607271206,e2e_trace_v3,1248,17293833482614604578,0,prediction,proc_enter,6017621648032,657892,657969
202607271206,e2e_trace_v3,1249,17293833482614604578,0,prediction,container_enter,6017621697408,657892,657969
202607271206,e2e_trace_v3,1250,17293833482614604578,0,prediction,container_exit,6017622159104,657892,657969
202607271206,e2e_trace_v3,1251,17293833482614604578,0,prediction,perception_enter,6017622181088,657892,657969
202607271206,e2e_trace_v3,1252,17293833482614604578,0,prediction,evaluator_enter,6017622848256,657892,657969
202607271206,e2e_trace_v3,1253,17293833482614604578,0,prediction,evaluator_exit,6017627014464,657892,657969
202607271206,e2e_trace_v3,1254,17293833482614604578,0,prediction,predictor_enter,6017627051872,657892,657969
202607271206,e2e_trace_v3,1255,17293833482614604578,0,prediction,predictor_exit,6017627065344,657892,657969
202607271206,e2e_trace_v3,1256,17293833482614604578,0,prediction,perception_exit,6017627076224,657892,657969
202607271206,e2e_trace_v3,1257,17293833482614604578,0,prediction,writer_enter,6017627140448,657892,657969
202607271206,e2e_trace_v3,1258,17293833482614604578,0,prediction,writer_done,6017627335552,657892,657969
202607271206,e2e_trace_v3,1259,17293833482614604578,0,prediction,output_pub,6017627140448,657892,657969
202607271206,e2e_trace_v3,1260,17293833482614604579,0,prediction,proc_enter,6017722072576,657892,657978
202607271206,e2e_trace_v3,1261,17293833482614604579,0,prediction,container_enter,6017722106560,657892,657978
202607271206,e2e_trace_v3,1262,17293833482614604579,0,prediction,container_exit,6017722486400,657892,657978
202607271206,e2e_trace_v3,1263,17293833482614604579,0,prediction,perception_enter,6017722497568,657892,657978
202607271206,e2e_trace_v3,1264,17293833482614604579,0,prediction,evaluator_enter,6017722888064,657892,657978
202607271206,e2e_trace_v3,1265,17293833482614604579,0,prediction,evaluator_exit,6017724540384,657892,657978
202607271206,e2e_trace_v3,1266,17293833482614604579,0,prediction,predictor_enter,6017724562208,657892,657978
202607271206,e2e_trace_v3,1267,17293833482614604579,0,prediction,predictor_exit,6017724568864,657892,657978
202607271206,e2e_trace_v3,1268,17293833482614604579,0,prediction,perception_exit,6017724574464,657892,657978
202607271206,e2e_trace_v3,1269,17293833482614604579,0,prediction,writer_enter,6017724625984,657892,657978
202607271206,e2e_trace_v3,1270,17293833482614604579,0,prediction,writer_done,6017724760544,657892,657978
202607271206,e2e_trace_v3,1271,17293833482614604579,0,prediction,output_pub,6017724625984,657892,657978
202607271206,e2e_trace_v3,1272,17293833482614604580,0,prediction,proc_enter,6017806829472,657892,657966
202607271206,e2e_trace_v3,1273,17293833482614604580,0,prediction,container_enter,6017806859872,657892,657966
202607271206,e2e_trace_v3,1274,17293833482614604580,0,prediction,container_exit,6017807330464,657892,657966
202607271206,e2e_trace_v3,1275,17293833482614604580,0,prediction,perception_enter,6017807342912,657892,657966
202607271206,e2e_trace_v3,1276,17293833482614604580,0,prediction,evaluator_enter,6017807664448,657892,657966
202607271206,e2e_trace_v3,1277,17293833482614604580,0,prediction,evaluator_exit,6017809158784,657892,657966
202607271206,e2e_trace_v3,1278,17293833482614604580,0,prediction,predictor_enter,6017809182432,657892,657966
202607271206,e2e_trace_v3,1279,17293833482614604580,0,prediction,predictor_exit,6017809189696,657892,657966
202607271206,e2e_trace_v3,1280,17293833482614604580,0,prediction,perception_exit,6017809194784,657892,657966
202607271206,e2e_trace_v3,1281,17293833482614604580,0,prediction,writer_enter,6017809266848,657892,657966
202607271206,e2e_trace_v3,1282,17293833482614604580,0,prediction,writer_done,6017809407392,657892,657966
202607271206,e2e_trace_v3,1283,17293833482614604580,0,prediction,output_pub,6017809266848,657892,657966
202607271206,e2e_trace_v3,1284,17293833482614604581,0,prediction,proc_enter,6017909248576,657892,657974
202607271206,e2e_trace_v3,1285,17293833482614604581,0,prediction,container_enter,6017909282464,657892,657974
202607271206,e2e_trace_v3,1286,17293833482614604581,0,prediction,container_exit,6017909675968,657892,657974
202607271206,e2e_trace_v3,1287,17293833482614604581,0,prediction,perception_enter,6017909689984,657892,657974
202607271206,e2e_trace_v3,1288,17293833482614604581,0,prediction,evaluator_enter,6017910047872,657892,657974
202607271206,e2e_trace_v3,1289,17293833482614604581,0,prediction,evaluator_exit,6017911757536,657892,657974
202607271206,e2e_trace_v3,1290,17293833482614604581,0,prediction,predictor_enter,6017911786080,657892,657974
202607271206,e2e_trace_v3,1291,17293833482614604581,0,prediction,predictor_exit,6017911794048,657892,657974
202607271206,e2e_trace_v3,1292,17293833482614604581,0,prediction,perception_exit,6017911800032,657892,657974
202607271206,e2e_trace_v3,1293,17293833482614604581,0,prediction,writer_enter,6017911851520,657892,657974
202607271206,e2e_trace_v3,1294,17293833482614604581,0,prediction,writer_done,6017911980608,657892,657974
202607271206,e2e_trace_v3,1295,17293833482614604581,0,prediction,output_pub,6017911851520,657892,657974
202607271206,e2e_trace_v3,1296,17293833482614604582,0,prediction,proc_enter,6018016158560,657892,657975
202607271206,e2e_trace_v3,1297,17293833482614604582,0,prediction,container_enter,6018016194112,657892,657975
202607271206,e2e_trace_v3,1298,17293833482614604582,0,prediction,container_exit,6018016585120,657892,657975
202607271206,e2e_trace_v3,1299,17293833482614604582,0,prediction,perception_enter,6018016600000,657892,657975
202607271206,e2e_trace_v3,1300,17293833482614604582,0,prediction,evaluator_enter,6018016991584,657892,657975
202607271206,e2e_trace_v3,1301,17293833482614604582,0,prediction,evaluator_exit,6018018576032,657892,657975
202607271206,e2e_trace_v3,1302,17293833482614604582,0,prediction,predictor_enter,6018018591328,657892,657975
202607271206,e2e_trace_v3,1303,17293833482614604582,0,prediction,predictor_exit,6018018599488,657892,657975
202607271206,e2e_trace_v3,1304,17293833482614604582,0,prediction,perception_exit,6018018605248,657892,657975
202607271206,e2e_trace_v3,1305,17293833482614604582,0,prediction,writer_enter,6018018660448,657892,657975
202607271206,e2e_trace_v3,1306,17293833482614604582,0,prediction,writer_done,6018018816032,657892,657975
202607271206,e2e_trace_v3,1307,17293833482614604582,0,prediction,output_pub,6018018660448,657892,657975
202607271206,e2e_trace_v3,1308,17293833482614604583,0,prediction,proc_enter,6018126085440,657892,657966
202607271206,e2e_trace_v3,1309,17293833482614604583,0,prediction,container_enter,6018126127072,657892,657966
202607271206,e2e_trace_v3,1310,17293833482614604583,0,prediction,container_exit,6018126630464,657892,657966
202607271206,e2e_trace_v3,1311,17293833482614604583,0,prediction,perception_enter,6018126645152,657892,657966
202607271206,e2e_trace_v3,1312,17293833482614604583,0,prediction,evaluator_enter,6018127206304,657892,657966
202607271206,e2e_trace_v3,1313,17293833482614604583,0,prediction,evaluator_exit,6018134886944,657892,657966
202607271206,e2e_trace_v3,1314,17293833482614604583,0,prediction,predictor_enter,6018134914336,657892,657966
202607271206,e2e_trace_v3,1315,17293833482614604583,0,prediction,predictor_exit,6018134923104,657892,657966
202607271206,e2e_trace_v3,1316,17293833482614604583,0,prediction,perception_exit,6018134930464,657892,657966
202607271206,e2e_trace_v3,1317,17293833482614604583,0,prediction,writer_enter,6018134981120,657892,657966
202607271206,e2e_trace_v3,1318,17293833482614604583,0,prediction,writer_done,6018135109472,657892,657966
202607271206,e2e_trace_v3,1319,17293833482614604583,0,prediction,output_pub,6018134981120,657892,657966
202607271206,e2e_trace_v3,1320,17293833482614604584,0,prediction,proc_enter,6018245293952,657892,657973
202607271206,e2e_trace_v3,1321,17293833482614604584,0,prediction,container_enter,6018245336192,657892,657973
202607271206,e2e_trace_v3,1322,17293833482614604584,0,prediction,container_exit,6018245729056,657892,657973
202607271206,e2e_trace_v3,1323,17293833482614604584,0,prediction,perception_enter,6018245744448,657892,657973
202607271206,e2e_trace_v3,1324,17293833482614604584,0,prediction,evaluator_enter,6018246142016,657892,657973
202607271206,e2e_trace_v3,1325,17293833482614604584,0,prediction,evaluator_exit,6018249327168,657892,657973
202607271206,e2e_trace_v3,1326,17293833482614604584,0,prediction,predictor_enter,6018249364256,657892,657973
202607271206,e2e_trace_v3,1327,17293833482614604584,0,prediction,predictor_exit,6018249377152,657892,657973
202607271206,e2e_trace_v3,1328,17293833482614604584,0,prediction,perception_exit,6018249387616,657892,657973
202607271206,e2e_trace_v3,1329,17293833482614604584,0,prediction,writer_enter,6018249451744,657892,657973
202607271206,e2e_trace_v3,1330,17293833482614604584,0,prediction,writer_done,6018249625152,657892,657973
202607271206,e2e_trace_v3,1331,17293833482614604584,0,prediction,output_pub,6018249451744,657892,657973
202607271206,e2e_trace_v3,1332,17293833482614604585,0,prediction,proc_enter,6018331767360,657892,657971
202607271206,e2e_trace_v3,1333,17293833482614604585,0,prediction,container_enter,6018331827968,657892,657971
202607271206,e2e_trace_v3,1334,17293833482614604585,0,prediction,container_exit,6018332281344,657892,657971
202607271206,e2e_trace_v3,1335,17293833482614604585,0,prediction,perception_enter,6018332321120,657892,657971
202607271206,e2e_trace_v3,1336,17293833482614604585,0,prediction,evaluator_enter,6018332854752,657892,657971
202607271206,e2e_trace_v3,1337,17293833482614604585,0,prediction,evaluator_exit,6018334603584,657892,657971
202607271206,e2e_trace_v3,1338,17293833482614604585,0,prediction,predictor_enter,6018334627648,657892,657971
202607271206,e2e_trace_v3,1339,17293833482614604585,0,prediction,predictor_exit,6018334637088,657892,657971
202607271206,e2e_trace_v3,1340,17293833482614604585,0,prediction,perception_exit,6018334644608,657892,657971
202607271206,e2e_trace_v3,1341,17293833482614604585,0,prediction,writer_enter,6018334732000,657892,657971
202607271206,e2e_trace_v3,1342,17293833482614604585,0,prediction,writer_done,6018334901568,657892,657971
202607271206,e2e_trace_v3,1343,17293833482614604585,0,prediction,output_pub,6018334732000,657892,657971
202607271206,e2e_trace_v3,1344,17293833482614604586,0,prediction,proc_enter,6018434067520,657892,657965
202607271206,e2e_trace_v3,1345,17293833482614604586,0,prediction,container_enter,6018434116896,657892,657965
202607271206,e2e_trace_v3,1346,17293833482614604586,0,prediction,container_exit,6018434608640,657892,657965
202607271206,e2e_trace_v3,1347,17293833482614604586,0,prediction,perception_enter,6018434625472,657892,657965
202607271206,e2e_trace_v3,1348,17293833482614604586,0,prediction,evaluator_enter,6018435075840,657892,657965
202607271206,e2e_trace_v3,1349,17293833482614604586,0,prediction,evaluator_exit,6018443026464,657892,657965
202607271206,e2e_trace_v3,1350,17293833482614604586,0,prediction,predictor_enter,6018443051872,657892,657965
202607271206,e2e_trace_v3,1351,17293833482614604586,0,prediction,predictor_exit,6018443058720,657892,657965
202607271206,e2e_trace_v3,1352,17293833482614604586,0,prediction,perception_exit,6018443064448,657892,657965
202607271206,e2e_trace_v3,1353,17293833482614604586,0,prediction,writer_enter,6018443122848,657892,657965
202607271206,e2e_trace_v3,1354,17293833482614604586,0,prediction,writer_done,6018443246464,657892,657965
202607271206,e2e_trace_v3,1355,17293833482614604586,0,prediction,output_pub,6018443122848,657892,657965
202607271206,e2e_trace_v3,1356,17293833482614604587,0,prediction,proc_enter,6018522468960,657892,657977
202607271206,e2e_trace_v3,1357,17293833482614604587,0,prediction,container_enter,6018522513696,657892,657977
202607271206,e2e_trace_v3,1358,17293833482614604587,0,prediction,container_exit,6018522960864,657892,657977
202607271206,e2e_trace_v3,1359,17293833482614604587,0,prediction,perception_enter,6018522996128,657892,657977
202607271206,e2e_trace_v3,1360,17293833482614604587,0,prediction,evaluator_enter,6018523461504,657892,657977
202607271206,e2e_trace_v3,1361,17293833482614604587,0,prediction,evaluator_exit,6018535096960,657892,657977
202607271206,e2e_trace_v3,1362,17293833482614604587,0,prediction,predictor_enter,6018535123872,657892,657977
202607271206,e2e_trace_v3,1363,17293833482614604587,0,prediction,predictor_exit,6018535131712,657892,657977
202607271206,e2e_trace_v3,1364,17293833482614604587,0,prediction,perception_exit,6018535138304,657892,657977
202607271206,e2e_trace_v3,1365,17293833482614604587,0,prediction,writer_enter,6018535186400,657892,657977
202607271206,e2e_trace_v3,1366,17293833482614604587,0,prediction,writer_done,6018535319296,657892,657977
202607271206,e2e_trace_v3,1367,17293833482614604587,0,prediction,output_pub,6018535186400,657892,657977
202607271206,e2e_trace_v3,1368,17293833482614604588,0,prediction,proc_enter,6018631194688,657892,657971
202607271206,e2e_trace_v3,1369,17293833482614604588,0,prediction,container_enter,6018631241376,657892,657971
202607271206,e2e_trace_v3,1370,17293833482614604588,0,prediction,container_exit,6018631658944,657892,657971
202607271206,e2e_trace_v3,1371,17293833482614604588,0,prediction,perception_enter,6018631674528,657892,657971
202607271206,e2e_trace_v3,1372,17293833482614604588,0,prediction,evaluator_enter,6018632076064,657892,657971
202607271206,e2e_trace_v3,1373,17293833482614604588,0,prediction,evaluator_exit,6018633783744,657892,657971
202607271206,e2e_trace_v3,1374,17293833482614604588,0,prediction,predictor_enter,6018633810272,657892,657971
202607271206,e2e_trace_v3,1375,17293833482614604588,0,prediction,predictor_exit,6018633817984,657892,657971
202607271206,e2e_trace_v3,1376,17293833482614604588,0,prediction,perception_exit,6018633824224,657892,657971
202607271206,e2e_trace_v3,1377,17293833482614604588,0,prediction,writer_enter,6018633878720,657892,657971
202607271206,e2e_trace_v3,1378,17293833482614604588,0,prediction,writer_done,6018633996000,657892,657971
202607271206,e2e_trace_v3,1379,17293833482614604588,0,prediction,output_pub,6018633878720,657892,657971
202607271206,e2e_trace_v3,1380,17293833482614604589,0,prediction,proc_enter,6018721290784,657892,657977
202607271206,e2e_trace_v3,1381,17293833482614604589,0,prediction,container_enter,6018721343712,657892,657977
202607271206,e2e_trace_v3,1382,17293833482614604589,0,prediction,container_exit,6018721923488,657892,657977
202607271206,e2e_trace_v3,1383,17293833482614604589,0,prediction,perception_enter,6018721943136,657892,657977
202607271206,e2e_trace_v3,1384,17293833482614604589,0,prediction,evaluator_enter,6018722470880,657892,657977
202607271206,e2e_trace_v3,1385,17293833482614604589,0,prediction,evaluator_exit,6018724560928,657892,657977
202607271206,e2e_trace_v3,1386,17293833482614604589,0,prediction,predictor_enter,6018724615424,657892,657977
202607271206,e2e_trace_v3,1387,17293833482614604589,0,prediction,predictor_exit,6018724632832,657892,657977
202607271206,e2e_trace_v3,1388,17293833482614604589,0,prediction,perception_exit,6018724646592,657892,657977
202607271206,e2e_trace_v3,1389,17293833482614604589,0,prediction,writer_enter,6018724724128,657892,657977
202607271206,e2e_trace_v3,1390,17293833482614604589,0,prediction,writer_done,6018724906048,657892,657977
202607271206,e2e_trace_v3,1391,17293833482614604589,0,prediction,output_pub,6018724724128,657892,657977
202607271206,e2e_trace_v3,1392,17293833482614604590,0,prediction,proc_enter,6018822903520,657892,657966
202607271206,e2e_trace_v3,1393,17293833482614604590,0,prediction,container_enter,6018822934656,657892,657966
202607271206,e2e_trace_v3,1394,17293833482614604590,0,prediction,container_exit,6018823341056,657892,657966
202607271206,e2e_trace_v3,1395,17293833482614604590,0,prediction,perception_enter,6018823353824,657892,657966
202607271206,e2e_trace_v3,1396,17293833482614604590,0,prediction,evaluator_enter,6018823747104,657892,657966
202607271206,e2e_trace_v3,1397,17293833482614604590,0,prediction,evaluator_exit,6018825261280,657892,657966
202607271206,e2e_trace_v3,1398,17293833482614604590,0,prediction,predictor_enter,6018825297952,657892,657966
202607271206,e2e_trace_v3,1399,17293833482614604590,0,prediction,predictor_exit,6018825306304,657892,657966
202607271206,e2e_trace_v3,1400,17293833482614604590,0,prediction,perception_exit,6018825312544,657892,657966
202607271206,e2e_trace_v3,1401,17293833482614604590,0,prediction,writer_enter,6018825379904,657892,657966
202607271206,e2e_trace_v3,1402,17293833482614604590,0,prediction,writer_done,6018825522912,657892,657966
202607271206,e2e_trace_v3,1403,17293833482614604590,0,prediction,output_pub,6018825379904,657892,657966
202607271206,e2e_trace_v3,1404,17293833482614604591,0,prediction,proc_enter,6018911487264,657892,657966
202607271206,e2e_trace_v3,1405,17293833482614604591,0,prediction,container_enter,6018911526496,657892,657966
202607271206,e2e_trace_v3,1406,17293833482614604591,0,prediction,container_exit,6018911914528,657892,657966
202607271206,e2e_trace_v3,1407,17293833482614604591,0,prediction,perception_enter,6018911927520,657892,657966
202607271206,e2e_trace_v3,1408,17293833482614604591,0,prediction,evaluator_enter,6018912329600,657892,657966
202607271206,e2e_trace_v3,1409,17293833482614604591,0,prediction,evaluator_exit,6018914946688,657892,657966
202607271206,e2e_trace_v3,1410,17293833482614604591,0,prediction,predictor_enter,6018914973536,657892,657966
202607271206,e2e_trace_v3,1411,17293833482614604591,0,prediction,predictor_exit,6018914983200,657892,657966
202607271206,e2e_trace_v3,1412,17293833482614604591,0,prediction,perception_exit,6018914989888,657892,657966
202607271206,e2e_trace_v3,1413,17293833482614604591,0,prediction,writer_enter,6018915043744,657892,657966
202607271206,e2e_trace_v3,1414,17293833482614604591,0,prediction,writer_done,6018915191488,657892,657966
202607271206,e2e_trace_v3,1415,17293833482614604591,0,prediction,output_pub,6018915043744,657892,657966
202607271206,e2e_trace_v3,1416,17293833482614604592,0,prediction,proc_enter,6019018721152,657892,657972
202607271206,e2e_trace_v3,1417,17293833482614604592,0,prediction,container_enter,6019018756832,657892,657972
202607271206,e2e_trace_v3,1418,17293833482614604592,0,prediction,container_exit,6019019234624,657892,657972
202607271206,e2e_trace_v3,1419,17293833482614604592,0,prediction,perception_enter,6019019247872,657892,657972
202607271206,e2e_trace_v3,1420,17293833482614604592,0,prediction,evaluator_enter,6019019613952,657892,657972
202607271206,e2e_trace_v3,1421,17293833482614604592,0,prediction,evaluator_exit,6019022515840,657892,657972
202607271206,e2e_trace_v3,1422,17293833482614604592,0,prediction,predictor_enter,6019022537696,657892,657972
202607271206,e2e_trace_v3,1423,17293833482614604592,0,prediction,predictor_exit,6019022544000,657892,657972
202607271206,e2e_trace_v3,1424,17293833482614604592,0,prediction,perception_exit,6019022549120,657892,657972
202607271206,e2e_trace_v3,1425,17293833482614604592,0,prediction,writer_enter,6019022587424,657892,657972
202607271206,e2e_trace_v3,1426,17293833482614604592,0,prediction,writer_done,6019022713120,657892,657972
202607271206,e2e_trace_v3,1427,17293833482614604592,0,prediction,output_pub,6019022587424,657892,657972
202607271206,e2e_trace_v3,1428,17293833482614604593,0,prediction,proc_enter,6019116031808,657892,657974
202607271206,e2e_trace_v3,1429,17293833482614604593,0,prediction,container_enter,6019116066496,657892,657974
202607271206,e2e_trace_v3,1430,17293833482614604593,0,prediction,container_exit,6019116472768,657892,657974
202607271206,e2e_trace_v3,1431,17293833482614604593,0,prediction,perception_enter,6019116488768,657892,657974
202607271206,e2e_trace_v3,1432,17293833482614604593,0,prediction,evaluator_enter,6019116859136,657892,657974
202607271206,e2e_trace_v3,1433,17293833482614604593,0,prediction,evaluator_exit,6019118505280,657892,657974
202607271206,e2e_trace_v3,1434,17293833482614604593,0,prediction,predictor_enter,6019118526208,657892,657974
202607271206,e2e_trace_v3,1435,17293833482614604593,0,prediction,predictor_exit,6019118534368,657892,657974
202607271206,e2e_trace_v3,1436,17293833482614604593,0,prediction,perception_exit,6019118540544,657892,657974
202607271206,e2e_trace_v3,1437,17293833482614604593,0,prediction,writer_enter,6019118596832,657892,657974
202607271206,e2e_trace_v3,1438,17293833482614604593,0,prediction,writer_done,6019133150016,657892,657974
202607271206,e2e_trace_v3,1439,17293833482614604593,0,prediction,output_pub,6019118596832,657892,657974
202607271206,e2e_trace_v3,1440,17293833482614604594,0,prediction,proc_enter,6019216402368,657892,657969
202607271206,e2e_trace_v3,1441,17293833482614604594,0,prediction,container_enter,6019216438784,657892,657969
202607271206,e2e_trace_v3,1442,17293833482614604594,0,prediction,container_exit,6019216825120,657892,657969
202607271206,e2e_trace_v3,1443,17293833482614604594,0,prediction,perception_enter,6019216837728,657892,657969
202607271206,e2e_trace_v3,1444,17293833482614604594,0,prediction,evaluator_enter,6019217218720,657892,657969
202607271206,e2e_trace_v3,1445,17293833482614604594,0,prediction,evaluator_exit,6019218831104,657892,657969
202607271206,e2e_trace_v3,1446,17293833482614604594,0,prediction,predictor_enter,6019218855040,657892,657969
202607271206,e2e_trace_v3,1447,17293833482614604594,0,prediction,predictor_exit,6019218862880,657892,657969
202607271206,e2e_trace_v3,1448,17293833482614604594,0,prediction,perception_exit,6019218868832,657892,657969
202607271206,e2e_trace_v3,1449,17293833482614604594,0,prediction,writer_enter,6019218919264,657892,657969
202607271206,e2e_trace_v3,1450,17293833482614604594,0,prediction,writer_done,6019219064000,657892,657969
202607271206,e2e_trace_v3,1451,17293833482614604594,0,prediction,output_pub,6019218919264,657892,657969
202607271206,e2e_trace_v3,1452,17293833482614604595,0,prediction,proc_enter,6019312407456,657892,657975
202607271206,e2e_trace_v3,1453,17293833482614604595,0,prediction,container_enter,6019312444416,657892,657975
202607271206,e2e_trace_v3,1454,17293833482614604595,0,prediction,container_exit,6019312954592,657892,657975
202607271206,e2e_trace_v3,1455,17293833482614604595,0,prediction,perception_enter,6019312969344,657892,657975
202607271206,e2e_trace_v3,1456,17293833482614604595,0,prediction,evaluator_enter,6019313350912,657892,657975
202607271206,e2e_trace_v3,1457,17293833482614604595,0,prediction,evaluator_exit,6019315796128,657892,657975
202607271206,e2e_trace_v3,1458,17293833482614604595,0,prediction,predictor_enter,6019315826912,657892,657975
202607271206,e2e_trace_v3,1459,17293833482614604595,0,prediction,predictor_exit,6019315837280,657892,657975
202607271206,e2e_trace_v3,1460,17293833482614604595,0,prediction,perception_exit,6019315844320,657892,657975
202607271206,e2e_trace_v3,1461,17293833482614604595,0,prediction,writer_enter,6019315989216,657892,657975
202607271206,e2e_trace_v3,1462,17293833482614604595,0,prediction,writer_done,6019316105152,657892,657975
202607271206,e2e_trace_v3,1463,17293833482614604595,0,prediction,output_pub,6019315989216,657892,657975
202607271206,e2e_trace_v3,1464,17293833482614604596,0,prediction,proc_enter,6019421335040,657892,657966
202607271206,e2e_trace_v3,1465,17293833482614604596,0,prediction,container_enter,6019421371360,657892,657966
202607271206,e2e_trace_v3,1466,17293833482614604596,0,prediction,container_exit,6019421760928,657892,657966
202607271206,e2e_trace_v3,1467,17293833482614604596,0,prediction,perception_enter,6019421773824,657892,657966
202607271206,e2e_trace_v3,1468,17293833482614604596,0,prediction,evaluator_enter,6019422108864,657892,657966
202607271206,e2e_trace_v3,1469,17293833482614604596,0,prediction,evaluator_exit,6019423678976,657892,657966
202607271206,e2e_trace_v3,1470,17293833482614604596,0,prediction,predictor_enter,6019423704384,657892,657966
202607271206,e2e_trace_v3,1471,17293833482614604596,0,prediction,predictor_exit,6019423713088,657892,657966
202607271206,e2e_trace_v3,1472,17293833482614604596,0,prediction,perception_exit,6019423718464,657892,657966
202607271206,e2e_trace_v3,1473,17293833482614604596,0,prediction,writer_enter,6019423777472,657892,657966
202607271206,e2e_trace_v3,1474,17293833482614604596,0,prediction,writer_done,6019423914752,657892,657966
202607271206,e2e_trace_v3,1475,17293833482614604596,0,prediction,output_pub,6019423777472,657892,657966
202607271206,e2e_trace_v3,1476,17293833482614604597,0,prediction,proc_enter,6019520976000,657892,657969
202607271206,e2e_trace_v3,1477,17293833482614604597,0,prediction,container_enter,6019521019040,657892,657969
202607271206,e2e_trace_v3,1478,17293833482614604597,0,prediction,container_exit,6019521391488,657892,657969
202607271206,e2e_trace_v3,1479,17293833482614604597,0,prediction,perception_enter,6019521406560,657892,657969
202607271206,e2e_trace_v3,1480,17293833482614604597,0,prediction,evaluator_enter,6019521795872,657892,657969
202607271206,e2e_trace_v3,1481,17293833482614604597,0,prediction,evaluator_exit,6019526859648,657892,657969
202607271206,e2e_trace_v3,1482,17293833482614604597,0,prediction,predictor_enter,6019526881664,657892,657969
202607271206,e2e_trace_v3,1483,17293833482614604597,0,prediction,predictor_exit,6019526888992,657892,657969
202607271206,e2e_trace_v3,1484,17293833482614604597,0,prediction,perception_exit,6019526894656,657892,657969
202607271206,e2e_trace_v3,1485,17293833482614604597,0,prediction,writer_enter,6019526939968,657892,657969
202607271206,e2e_trace_v3,1486,17293833482614604597,0,prediction,writer_done,6019527059232,657892,657969
202607271206,e2e_trace_v3,1487,17293833482614604597,0,prediction,output_pub,6019526939968,657892,657969
202607271206,e2e_trace_v3,1488,17293833482614604598,0,prediction,proc_enter,6019623482464,657892,657971
202607271206,e2e_trace_v3,1489,17293833482614604598,0,prediction,container_enter,6019623521120,657892,657971
202607271206,e2e_trace_v3,1490,17293833482614604598,0,prediction,container_exit,6019624008576,657892,657971
202607271206,e2e_trace_v3,1491,17293833482614604598,0,prediction,perception_enter,6019624022528,657892,657971
202607271206,e2e_trace_v3,1492,17293833482614604598,0,prediction,evaluator_enter,6019624408256,657892,657971
202607271206,e2e_trace_v3,1493,17293833482614604598,0,prediction,evaluator_exit,6019626853760,657892,657971
202607271206,e2e_trace_v3,1494,17293833482614604598,0,prediction,predictor_enter,6019626876032,657892,657971
202607271206,e2e_trace_v3,1495,17293833482614604598,0,prediction,predictor_exit,6019626885568,657892,657971
202607271206,e2e_trace_v3,1496,17293833482614604598,0,prediction,perception_exit,6019626894176,657892,657971
202607271206,e2e_trace_v3,1497,17293833482614604598,0,prediction,writer_enter,6019626943648,657892,657971
202607271206,e2e_trace_v3,1498,17293833482614604598,0,prediction,writer_done,6019627075872,657892,657971
202607271206,e2e_trace_v3,1499,17293833482614604598,0,prediction,output_pub,6019626943648,657892,657971
202607271206,e2e_trace_v3,1500,17293833482614604599,0,prediction,proc_enter,6019725182688,657892,657967
202607271206,e2e_trace_v3,1501,17293833482614604599,0,prediction,container_enter,6019725233952,657892,657967
202607271206,e2e_trace_v3,1502,17293833482614604599,0,prediction,container_exit,6019725626496,657892,657967
202607271206,e2e_trace_v3,1503,17293833482614604599,0,prediction,perception_enter,6019725640128,657892,657967
202607271206,e2e_trace_v3,1504,17293833482614604599,0,prediction,evaluator_enter,6019726042656,657892,657967
202607271206,e2e_trace_v3,1505,17293833482614604599,0,prediction,evaluator_exit,6019730933248,657892,657967
202607271206,e2e_trace_v3,1506,17293833482614604599,0,prediction,predictor_enter,6019730975840,657892,657967
202607271206,e2e_trace_v3,1507,17293833482614604599,0,prediction,predictor_exit,6019730986464,657892,657967
202607271206,e2e_trace_v3,1508,17293833482614604599,0,prediction,perception_exit,6019730995488,657892,657967
202607271206,e2e_trace_v3,1509,17293833482614604599,0,prediction,writer_enter,6019731053216,657892,657967
202607271206,e2e_trace_v3,1510,17293833482614604599,0,prediction,writer_done,6019731203456,657892,657967
202607271206,e2e_trace_v3,1511,17293833482614604599,0,prediction,output_pub,6019731053216,657892,657967
202607271206,e2e_trace_v3,1512,17293833482614604600,0,prediction,proc_enter,6019814234240,657892,657965
202607271206,e2e_trace_v3,1513,17293833482614604600,0,prediction,container_enter,6019814271488,657892,657965
202607271206,e2e_trace_v3,1514,17293833482614604600,0,prediction,container_exit,6019814653440,657892,657965
202607271206,e2e_trace_v3,1515,17293833482614604600,0,prediction,perception_enter,6019814683936,657892,657965
202607271206,e2e_trace_v3,1516,17293833482614604600,0,prediction,evaluator_enter,6019815039808,657892,657965
202607271206,e2e_trace_v3,1517,17293833482614604600,0,prediction,evaluator_exit,6019816740096,657892,657965
202607271206,e2e_trace_v3,1518,17293833482614604600,0,prediction,predictor_enter,6019816768576,657892,657965
202607271206,e2e_trace_v3,1519,17293833482614604600,0,prediction,predictor_exit,6019816777184,657892,657965
202607271206,e2e_trace_v3,1520,17293833482614604600,0,prediction,perception_exit,6019816783328,657892,657965
202607271206,e2e_trace_v3,1521,17293833482614604600,0,prediction,writer_enter,6019816829696,657892,657965
202607271206,e2e_trace_v3,1522,17293833482614604600,0,prediction,writer_done,6019816982688,657892,657965
202607271206,e2e_trace_v3,1523,17293833482614604600,0,prediction,output_pub,6019816829696,657892,657965
202607271206,e2e_trace_v3,1524,17293833482614604601,0,prediction,proc_enter,6019920015936,657892,657967
202607271206,e2e_trace_v3,1525,17293833482614604601,0,prediction,container_enter,6019920061664,657892,657967
202607271206,e2e_trace_v3,1526,17293833482614604601,0,prediction,container_exit,6019920553696,657892,657967
202607271206,e2e_trace_v3,1527,17293833482614604601,0,prediction,perception_enter,6019920568448,657892,657967
202607271206,e2e_trace_v3,1528,17293833482614604601,0,prediction,evaluator_enter,6019920950848,657892,657967
202607271206,e2e_trace_v3,1529,17293833482614604601,0,prediction,evaluator_exit,6019927086208,657892,657967
202607271206,e2e_trace_v3,1530,17293833482614604601,0,prediction,predictor_enter,6019927110016,657892,657967
202607271206,e2e_trace_v3,1531,17293833482614604601,0,prediction,predictor_exit,6019927117344,657892,657967
202607271206,e2e_trace_v3,1532,17293833482614604601,0,prediction,perception_exit,6019927123136,657892,657967
202607271206,e2e_trace_v3,1533,17293833482614604601,0,prediction,writer_enter,6019927158016,657892,657967
202607271206,e2e_trace_v3,1534,17293833482614604601,0,prediction,writer_done,6019927287072,657892,657967
202607271206,e2e_trace_v3,1535,17293833482614604601,0,prediction,output_pub,6019927158016,657892,657967
202607271206,e2e_trace_v3,1536,17293833482614604602,0,prediction,proc_enter,6020013398144,657892,657974
202607271206,e2e_trace_v3,1537,17293833482614604602,0,prediction,container_enter,6020013505152,657892,657974
202607271206,e2e_trace_v3,1538,17293833482614604602,0,prediction,container_exit,6020013904192,657892,657974
202607271206,e2e_trace_v3,1539,17293833482614604602,0,prediction,perception_enter,6020013920160,657892,657974
202607271206,e2e_trace_v3,1540,17293833482614604602,0,prediction,evaluator_enter,6020014343456,657892,657974
202607271206,e2e_trace_v3,1541,17293833482614604602,0,prediction,evaluator_exit,6020018885440,657892,657974
202607271206,e2e_trace_v3,1542,17293833482614604602,0,prediction,predictor_enter,6020018915872,657892,657974
202607271206,e2e_trace_v3,1543,17293833482614604602,0,prediction,predictor_exit,6020018924064,657892,657974
202607271206,e2e_trace_v3,1544,17293833482614604602,0,prediction,perception_exit,6020018929952,657892,657974
202607271206,e2e_trace_v3,1545,17293833482614604602,0,prediction,writer_enter,6020018977760,657892,657974
202607271206,e2e_trace_v3,1546,17293833482614604602,0,prediction,writer_done,6020019122080,657892,657974
202607271206,e2e_trace_v3,1547,17293833482614604602,0,prediction,output_pub,6020018977760,657892,657974
202607271206,e2e_trace_v3,1548,17293833482614604603,0,prediction,proc_enter,6020114826112,657892,657975
202607271206,e2e_trace_v3,1549,17293833482614604603,0,prediction,container_enter,6020114864928,657892,657975
202607271206,e2e_trace_v3,1550,17293833482614604603,0,prediction,container_exit,6020115253824,657892,657975
202607271206,e2e_trace_v3,1551,17293833482614604603,0,prediction,perception_enter,6020115268864,657892,657975
202607271206,e2e_trace_v3,1552,17293833482614604603,0,prediction,evaluator_enter,6020115599808,657892,657975
202607271206,e2e_trace_v3,1553,17293833482614604603,0,prediction,evaluator_exit,6020117078560,657892,657975
202607271206,e2e_trace_v3,1554,17293833482614604603,0,prediction,predictor_enter,6020117101088,657892,657975
202607271206,e2e_trace_v3,1555,17293833482614604603,0,prediction,predictor_exit,6020117108224,657892,657975
202607271206,e2e_trace_v3,1556,17293833482614604603,0,prediction,perception_exit,6020117112608,657892,657975
202607271206,e2e_trace_v3,1557,17293833482614604603,0,prediction,writer_enter,6020117174176,657892,657975
202607271206,e2e_trace_v3,1558,17293833482614604603,0,prediction,writer_done,6020117311456,657892,657975
202607271206,e2e_trace_v3,1559,17293833482614604603,0,prediction,output_pub,6020117174176,657892,657975
202607271206,e2e_trace_v3,1560,17293833482614604604,0,prediction,proc_enter,6020210129760,657892,657965
202607271206,e2e_trace_v3,1561,17293833482614604604,0,prediction,container_enter,6020210170464,657892,657965
202607271206,e2e_trace_v3,1562,17293833482614604604,0,prediction,container_exit,6020210681920,657892,657965
202607271206,e2e_trace_v3,1563,17293833482614604604,0,prediction,perception_enter,6020210697024,657892,657965
202607271206,e2e_trace_v3,1564,17293833482614604604,0,prediction,evaluator_enter,6020211110464,657892,657965
202607271206,e2e_trace_v3,1565,17293833482614604604,0,prediction,evaluator_exit,6020215085408,657892,657965
202607271206,e2e_trace_v3,1566,17293833482614604604,0,prediction,predictor_enter,6020215116128,657892,657965
202607271206,e2e_trace_v3,1567,17293833482614604604,0,prediction,predictor_exit,6020215124768,657892,657965
202607271206,e2e_trace_v3,1568,17293833482614604604,0,prediction,perception_exit,6020215130464,657892,657965
202607271206,e2e_trace_v3,1569,17293833482614604604,0,prediction,writer_enter,6020215179136,657892,657965
202607271206,e2e_trace_v3,1570,17293833482614604604,0,prediction,writer_done,6020215305056,657892,657965
202607271206,e2e_trace_v3,1571,17293833482614604604,0,prediction,output_pub,6020215179136,657892,657965
202607271206,e2e_trace_v3,1572,17293833482614604605,0,prediction,proc_enter,6020312925856,657892,657973
202607271206,e2e_trace_v3,1573,17293833482614604605,0,prediction,container_enter,6020312967552,657892,657973
202607271206,e2e_trace_v3,1574,17293833482614604605,0,prediction,container_exit,6020313402080,657892,657973
202607271206,e2e_trace_v3,1575,17293833482614604605,0,prediction,perception_enter,6020313422688,657892,657973
202607271206,e2e_trace_v3,1576,17293833482614604605,0,prediction,evaluator_enter,6020313840832,657892,657973
202607271206,e2e_trace_v3,1577,17293833482614604605,0,prediction,evaluator_exit,6020315556224,657892,657973
202607271206,e2e_trace_v3,1578,17293833482614604605,0,prediction,predictor_enter,6020315587712,657892,657973
202607271206,e2e_trace_v3,1579,17293833482614604605,0,prediction,predictor_exit,6020315595680,657892,657973
202607271206,e2e_trace_v3,1580,17293833482614604605,0,prediction,perception_exit,6020315603040,657892,657973
202607271206,e2e_trace_v3,1581,17293833482614604605,0,prediction,writer_enter,6020315660384,657892,657973
202607271206,e2e_trace_v3,1582,17293833482614604605,0,prediction,writer_done,6020315800448,657892,657973
202607271206,e2e_trace_v3,1583,17293833482614604605,0,prediction,output_pub,6020315660384,657892,657973
202607271206,e2e_trace_v3,1584,17293833482614604606,0,prediction,proc_enter,6020422847584,657892,657964
202607271206,e2e_trace_v3,1585,17293833482614604606,0,prediction,container_enter,6020422893408,657892,657964
202607271206,e2e_trace_v3,1586,17293833482614604606,0,prediction,container_exit,6020423348224,657892,657964
202607271206,e2e_trace_v3,1587,17293833482614604606,0,prediction,perception_enter,6020423369984,657892,657964
202607271206,e2e_trace_v3,1588,17293833482614604606,0,prediction,evaluator_enter,6020423895744,657892,657964
202607271206,e2e_trace_v3,1589,17293833482614604606,0,prediction,evaluator_exit,6020425626880,657892,657964
202607271206,e2e_trace_v3,1590,17293833482614604606,0,prediction,predictor_enter,6020425655360,657892,657964
202607271206,e2e_trace_v3,1591,17293833482614604606,0,prediction,predictor_exit,6020425668064,657892,657964
202607271206,e2e_trace_v3,1592,17293833482614604606,0,prediction,perception_exit,6020425679136,657892,657964
202607271206,e2e_trace_v3,1593,17293833482614604606,0,prediction,writer_enter,6020425740864,657892,657964
202607271206,e2e_trace_v3,1594,17293833482614604606,0,prediction,writer_done,6020425905696,657892,657964
202607271206,e2e_trace_v3,1595,17293833482614604606,0,prediction,output_pub,6020425740864,657892,657964
202607271206,e2e_trace_v3,1596,17293833482614604607,0,prediction,proc_enter,6020528973120,657892,657966
202607271206,e2e_trace_v3,1597,17293833482614604607,0,prediction,container_enter,6020529020448,657892,657966
202607271206,e2e_trace_v3,1598,17293833482614604607,0,prediction,container_exit,6020529580672,657892,657966
202607271206,e2e_trace_v3,1599,17293833482614604607,0,prediction,perception_enter,6020529600512,657892,657966
202607271206,e2e_trace_v3,1600,17293833482614604607,0,prediction,evaluator_enter,6020530013696,657892,657966
202607271206,e2e_trace_v3,1601,17293833482614604607,0,prediction,evaluator_exit,6020532742208,657892,657966
202607271206,e2e_trace_v3,1602,17293833482614604607,0,prediction,predictor_enter,6020532772512,657892,657966
202607271206,e2e_trace_v3,1603,17293833482614604607,0,prediction,predictor_exit,6020532781760,657892,657966
202607271206,e2e_trace_v3,1604,17293833482614604607,0,prediction,perception_exit,6020532789792,657892,657966
202607271206,e2e_trace_v3,1605,17293833482614604607,0,prediction,writer_enter,6020532858560,657892,657966
202607271206,e2e_trace_v3,1606,17293833482614604607,0,prediction,writer_done,6020533020672,657892,657966
202607271206,e2e_trace_v3,1607,17293833482614604607,0,prediction,output_pub,6020532858560,657892,657966
202607271206,e2e_trace_v3,1608,17293833482614604608,0,prediction,proc_enter,6020617853088,657892,657976
202607271206,e2e_trace_v3,1609,17293833482614604608,0,prediction,container_enter,6020617893088,657892,657976
202607271206,e2e_trace_v3,1610,17293833482614604608,0,prediction,container_exit,6020618304576,657892,657976
202607271206,e2e_trace_v3,1611,17293833482614604608,0,prediction,perception_enter,6020618316896,657892,657976
202607271206,e2e_trace_v3,1612,17293833482614604608,0,prediction,evaluator_enter,6020618696960,657892,657976
202607271206,e2e_trace_v3,1613,17293833482614604608,0,prediction,evaluator_exit,6020620422816,657892,657976
202607271206,e2e_trace_v3,1614,17293833482614604608,0,prediction,predictor_enter,6020620562176,657892,657976
202607271206,e2e_trace_v3,1615,17293833482614604608,0,prediction,predictor_exit,6020620575840,657892,657976
202607271206,e2e_trace_v3,1616,17293833482614604608,0,prediction,perception_exit,6020620584576,657892,657976
202607271206,e2e_trace_v3,1617,17293833482614604608,0,prediction,writer_enter,6020620657184,657892,657976
202607271206,e2e_trace_v3,1618,17293833482614604608,0,prediction,writer_done,6020620864768,657892,657976
202607271206,e2e_trace_v3,1619,17293833482614604608,0,prediction,output_pub,6020620657184,657892,657976
202607271206,e2e_trace_v3,1620,17293833482614604609,0,prediction,proc_enter,6020712403840,657892,657964
202607271206,e2e_trace_v3,1621,17293833482614604609,0,prediction,container_enter,6020712448352,657892,657964
202607271206,e2e_trace_v3,1622,17293833482614604609,0,prediction,container_exit,6020712834368,657892,657964
202607271206,e2e_trace_v3,1623,17293833482614604609,0,prediction,perception_enter,6020712848352,657892,657964
202607271206,e2e_trace_v3,1624,17293833482614604609,0,prediction,evaluator_enter,6020713264064,657892,657964
202607271206,e2e_trace_v3,1625,17293833482614604609,0,prediction,evaluator_exit,6020714953088,657892,657964
202607271206,e2e_trace_v3,1626,17293833482614604609,0,prediction,predictor_enter,6020714985216,657892,657964
202607271206,e2e_trace_v3,1627,17293833482614604609,0,prediction,predictor_exit,6020714994368,657892,657964
202607271206,e2e_trace_v3,1628,17293833482614604609,0,prediction,perception_exit,6020715000864,657892,657964
202607271206,e2e_trace_v3,1629,17293833482614604609,0,prediction,writer_enter,6020715054752,657892,657964
202607271206,e2e_trace_v3,1630,17293833482614604609,0,prediction,writer_done,6020715187392,657892,657964
202607271206,e2e_trace_v3,1631,17293833482614604609,0,prediction,output_pub,6020715054752,657892,657964
202607271206,e2e_trace_v3,1632,17293833482614604610,0,prediction,proc_enter,6020817373344,657892,657965
202607271206,e2e_trace_v3,1633,17293833482614604610,0,prediction,container_enter,6020817412832,657892,657965
202607271206,e2e_trace_v3,1634,17293833482614604610,0,prediction,container_exit,6020817876800,657892,657965
202607271206,e2e_trace_v3,1635,17293833482614604610,0,prediction,perception_enter,6020817887520,657892,657965
202607271206,e2e_trace_v3,1636,17293833482614604610,0,prediction,evaluator_enter,6020818229760,657892,657965
202607271206,e2e_trace_v3,1637,17293833482614604610,0,prediction,evaluator_exit,6020826843968,657892,657965
202607271206,e2e_trace_v3,1638,17293833482614604610,0,prediction,predictor_enter,6020826865568,657892,657965
202607271206,e2e_trace_v3,1639,17293833482614604610,0,prediction,predictor_exit,6020826871488,657892,657965
202607271206,e2e_trace_v3,1640,17293833482614604610,0,prediction,perception_exit,6020826876704,657892,657965
202607271206,e2e_trace_v3,1641,17293833482614604610,0,prediction,writer_enter,6020826916608,657892,657965
202607271206,e2e_trace_v3,1642,17293833482614604610,0,prediction,writer_done,6020827022080,657892,657965
202607271206,e2e_trace_v3,1643,17293833482614604610,0,prediction,output_pub,6020826916608,657892,657965
202607271206,e2e_trace_v3,1644,17293833482614604611,0,prediction,proc_enter,6020907125600,657892,657968
202607271206,e2e_trace_v3,1645,17293833482614604611,0,prediction,container_enter,6020907162368,657892,657968
202607271206,e2e_trace_v3,1646,17293833482614604611,0,prediction,container_exit,6020907557696,657892,657968
202607271206,e2e_trace_v3,1647,17293833482614604611,0,prediction,perception_enter,6020907570944,657892,657968
202607271206,e2e_trace_v3,1648,17293833482614604611,0,prediction,evaluator_enter,6020907901248,657892,657968
202607271206,e2e_trace_v3,1649,17293833482614604611,0,prediction,evaluator_exit,6020909437696,657892,657968
202607271206,e2e_trace_v3,1650,17293833482614604611,0,prediction,predictor_enter,6020909463264,657892,657968
202607271206,e2e_trace_v3,1651,17293833482614604611,0,prediction,predictor_exit,6020909470720,657892,657968
202607271206,e2e_trace_v3,1652,17293833482614604611,0,prediction,perception_exit,6020909477152,657892,657968
202607271206,e2e_trace_v3,1653,17293833482614604611,0,prediction,writer_enter,6020909543648,657892,657968
202607271206,e2e_trace_v3,1654,17293833482614604611,0,prediction,writer_done,6020909684576,657892,657968
202607271206,e2e_trace_v3,1655,17293833482614604611,0,prediction,output_pub,6020909543648,657892,657968
202607271206,e2e_trace_v3,1656,17293833482614604612,0,prediction,proc_enter,6021008349632,657892,657963
202607271206,e2e_trace_v3,1657,17293833482614604612,0,prediction,container_enter,6021008396960,657892,657963
202607271206,e2e_trace_v3,1658,17293833482614604612,0,prediction,container_exit,6021008984032,657892,657963
202607271206,e2e_trace_v3,1659,17293833482614604612,0,prediction,perception_enter,6021009006368,657892,657963
202607271206,e2e_trace_v3,1660,17293833482614604612,0,prediction,evaluator_enter,6021009434080,657892,657963
202607271206,e2e_trace_v3,1661,17293833482614604612,0,prediction,evaluator_exit,6021011286240,657892,657963
202607271206,e2e_trace_v3,1662,17293833482614604612,0,prediction,predictor_enter,6021011311104,657892,657963
202607271206,e2e_trace_v3,1663,17293833482614604612,0,prediction,predictor_exit,6021011318976,657892,657963
202607271206,e2e_trace_v3,1664,17293833482614604612,0,prediction,perception_exit,6021011326272,657892,657963
202607271206,e2e_trace_v3,1665,17293833482614604612,0,prediction,writer_enter,6021011384064,657892,657963
202607271206,e2e_trace_v3,1666,17293833482614604612,0,prediction,writer_done,6021011539840,657892,657963
202607271206,e2e_trace_v3,1667,17293833482614604612,0,prediction,output_pub,6021011384064,657892,657963
202607271206,e2e_trace_v3,1668,17293833482614604613,0,prediction,proc_enter,6021108711712,657892,657969
202607271206,e2e_trace_v3,1669,17293833482614604613,0,prediction,container_enter,6021108762208,657892,657969
202607271206,e2e_trace_v3,1670,17293833482614604613,0,prediction,container_exit,6021109333408,657892,657969
202607271206,e2e_trace_v3,1671,17293833482614604613,0,prediction,perception_enter,6021109354720,657892,657969
202607271206,e2e_trace_v3,1672,17293833482614604613,0,prediction,evaluator_enter,6021109847232,657892,657969
202607271206,e2e_trace_v3,1673,17293833482614604613,0,prediction,evaluator_exit,6021111807904,657892,657969
202607271206,e2e_trace_v3,1674,17293833482614604613,0,prediction,predictor_enter,6021111851072,657892,657969
202607271206,e2e_trace_v3,1675,17293833482614604613,0,prediction,predictor_exit,6021111862784,657892,657969
202607271206,e2e_trace_v3,1676,17293833482614604613,0,prediction,perception_exit,6021111872416,657892,657969
202607271206,e2e_trace_v3,1677,17293833482614604613,0,prediction,writer_enter,6021111942272,657892,657969
202607271206,e2e_trace_v3,1678,17293833482614604613,0,prediction,writer_done,6021112103456,657892,657969
202607271206,e2e_trace_v3,1679,17293833482614604613,0,prediction,output_pub,6021111942272,657892,657969
202607271206,e2e_trace_v3,1680,17293833482614604614,0,prediction,proc_enter,6021215577184,657892,657975
202607271206,e2e_trace_v3,1681,17293833482614604614,0,prediction,container_enter,6021215644832,657892,657975
202607271206,e2e_trace_v3,1682,17293833482614604614,0,prediction,container_exit,6021216143200,657892,657975
202607271206,e2e_trace_v3,1683,17293833482614604614,0,prediction,perception_enter,6021216167712,657892,657975
202607271206,e2e_trace_v3,1684,17293833482614604614,0,prediction,evaluator_enter,6021216709280,657892,657975
202607271206,e2e_trace_v3,1685,17293833482614604614,0,prediction,evaluator_exit,6021226829152,657892,657975
202607271206,e2e_trace_v3,1686,17293833482614604614,0,prediction,predictor_enter,6021226856448,657892,657975
202607271206,e2e_trace_v3,1687,17293833482614604614,0,prediction,predictor_exit,6021226864288,657892,657975
202607271206,e2e_trace_v3,1688,17293833482614604614,0,prediction,perception_exit,6021226871008,657892,657975
202607271206,e2e_trace_v3,1689,17293833482614604614,0,prediction,writer_enter,6021226916736,657892,657975
202607271206,e2e_trace_v3,1690,17293833482614604614,0,prediction,writer_done,6021227036544,657892,657975
202607271206,e2e_trace_v3,1691,17293833482614604614,0,prediction,output_pub,6021226916736,657892,657975
202607271206,e2e_trace_v3,1692,17293833482614604615,0,prediction,proc_enter,6021316835296,657892,657978
202607271206,e2e_trace_v3,1693,17293833482614604615,0,prediction,container_enter,6021316886144,657892,657978
202607271206,e2e_trace_v3,1694,17293833482614604615,0,prediction,container_exit,6021317300224,657892,657978
202607271206,e2e_trace_v3,1695,17293833482614604615,0,prediction,perception_enter,6021317328288,657892,657978
202607271206,e2e_trace_v3,1696,17293833482614604615,0,prediction,evaluator_enter,6021317771712,657892,657978
202607271206,e2e_trace_v3,1697,17293833482614604615,0,prediction,evaluator_exit,6021319540160,657892,657978
202607271206,e2e_trace_v3,1698,17293833482614604615,0,prediction,predictor_enter,6021319569760,657892,657978
202607271206,e2e_trace_v3,1699,17293833482614604615,0,prediction,predictor_exit,6021319581888,657892,657978
202607271206,e2e_trace_v3,1700,17293833482614604615,0,prediction,perception_exit,6021319592128,657892,657978
202607271206,e2e_trace_v3,1701,17293833482614604615,0,prediction,writer_enter,6021319647168,657892,657978
202607271206,e2e_trace_v3,1702,17293833482614604615,0,prediction,writer_done,6021319818240,657892,657978
202607271206,e2e_trace_v3,1703,17293833482614604615,0,prediction,output_pub,6021319647168,657892,657978
202607271206,e2e_trace_v3,1704,17293833482614604616,0,prediction,proc_enter,6021426896640,657892,657976
202607271206,e2e_trace_v3,1705,17293833482614604616,0,prediction,container_enter,6021426949600,657892,657976
202607271206,e2e_trace_v3,1706,17293833482614604616,0,prediction,container_exit,6021427558432,657892,657976
202607271206,e2e_trace_v3,1707,17293833482614604616,0,prediction,perception_enter,6021427579040,657892,657976
202607271206,e2e_trace_v3,1708,17293833482614604616,0,prediction,evaluator_enter,6021428096192,657892,657976
202607271206,e2e_trace_v3,1709,17293833482614604616,0,prediction,evaluator_exit,6021431721344,657892,657976
202607271206,e2e_trace_v3,1710,17293833482614604616,0,prediction,predictor_enter,6021431754944,657892,657976
202607271206,e2e_trace_v3,1711,17293833482614604616,0,prediction,predictor_exit,6021431766080,657892,657976
202607271206,e2e_trace_v3,1712,17293833482614604616,0,prediction,perception_exit,6021431774304,657892,657976
202607271206,e2e_trace_v3,1713,17293833482614604616,0,prediction,writer_enter,6021431831936,657892,657976
202607271206,e2e_trace_v3,1714,17293833482614604616,0,prediction,writer_done,6021432001664,657892,657976
202607271206,e2e_trace_v3,1715,17293833482614604616,0,prediction,output_pub,6021431831936,657892,657976
202607271206,e2e_trace_v3,1716,17293833482614604617,0,prediction,proc_enter,6021513858208,657892,657975
202607271206,e2e_trace_v3,1717,17293833482614604617,0,prediction,container_enter,6021513902368,657892,657975
202607271206,e2e_trace_v3,1718,17293833482614604617,0,prediction,container_exit,6021514276864,657892,657975
202607271206,e2e_trace_v3,1719,17293833482614604617,0,prediction,perception_enter,6021514291008,657892,657975
202607271206,e2e_trace_v3,1720,17293833482614604617,0,prediction,evaluator_enter,6021514618464,657892,657975
202607271206,e2e_trace_v3,1721,17293833482614604617,0,prediction,evaluator_exit,6021516207392,657892,657975
202607271206,e2e_trace_v3,1722,17293833482614604617,0,prediction,predictor_enter,6021516228160,657892,657975
202607271206,e2e_trace_v3,1723,17293833482614604617,0,prediction,predictor_exit,6021516235360,657892,657975
202607271206,e2e_trace_v3,1724,17293833482614604617,0,prediction,perception_exit,6021516240064,657892,657975
202607271206,e2e_trace_v3,1725,17293833482614604617,0,prediction,writer_enter,6021516291008,657892,657975
202607271206,e2e_trace_v3,1726,17293833482614604617,0,prediction,writer_done,6021516422080,657892,657975
202607271206,e2e_trace_v3,1727,17293833482614604617,0,prediction,output_pub,6021516291008,657892,657975
202607271206,e2e_trace_v3,1728,17293833482614604618,0,prediction,proc_enter,6021605220992,657892,657964
202607271206,e2e_trace_v3,1729,17293833482614604618,0,prediction,container_enter,6021605253888,657892,657964
202607271206,e2e_trace_v3,1730,17293833482614604618,0,prediction,container_exit,6021605660384,657892,657964
202607271206,e2e_trace_v3,1731,17293833482614604618,0,prediction,perception_enter,6021605673824,657892,657964
202607271206,e2e_trace_v3,1732,17293833482614604618,0,prediction,evaluator_enter,6021606052128,657892,657964
202607271206,e2e_trace_v3,1733,17293833482614604618,0,prediction,evaluator_exit,6021607941344,657892,657964
202607271206,e2e_trace_v3,1734,17293833482614604618,0,prediction,predictor_enter,6021607969120,657892,657964
202607271206,e2e_trace_v3,1735,17293833482614604618,0,prediction,predictor_exit,6021607976608,657892,657964
202607271206,e2e_trace_v3,1736,17293833482614604618,0,prediction,perception_exit,6021607983456,657892,657964
202607271206,e2e_trace_v3,1737,17293833482614604618,0,prediction,writer_enter,6021608041280,657892,657964
202607271206,e2e_trace_v3,1738,17293833482614604618,0,prediction,writer_done,6021608166304,657892,657964
202607271206,e2e_trace_v3,1739,17293833482614604618,0,prediction,output_pub,6021608041280,657892,657964
202607271206,e2e_trace_v3,1740,17293833482614604619,0,prediction,proc_enter,6021706092448,657892,657972
202607271206,e2e_trace_v3,1741,17293833482614604619,0,prediction,container_enter,6021706142464,657892,657972
202607271206,e2e_trace_v3,1742,17293833482614604619,0,prediction,container_exit,6021706719680,657892,657972
202607271206,e2e_trace_v3,1743,17293833482614604619,0,prediction,perception_enter,6021706746688,657892,657972
202607271206,e2e_trace_v3,1744,17293833482614604619,0,prediction,evaluator_enter,6021707248192,657892,657972
202607271206,e2e_trace_v3,1745,17293833482614604619,0,prediction,evaluator_exit,6021725453312,657892,657972
202607271206,e2e_trace_v3,1746,17293833482614604619,0,prediction,predictor_enter,6021725481664,657892,657972
202607271206,e2e_trace_v3,1747,17293833482614604619,0,prediction,predictor_exit,6021725488896,657892,657972
202607271206,e2e_trace_v3,1748,17293833482614604619,0,prediction,perception_exit,6021725495072,657892,657972
202607271206,e2e_trace_v3,1749,17293833482614604619,0,prediction,writer_enter,6021725546144,657892,657972
202607271206,e2e_trace_v3,1750,17293833482614604619,0,prediction,writer_done,6021725661504,657892,657972
202607271206,e2e_trace_v3,1751,17293833482614604619,0,prediction,output_pub,6021725546144,657892,657972
202607271206,e2e_trace_v3,1752,17293833482614604620,0,prediction,proc_enter,6021814740576,657892,657966
202607271206,e2e_trace_v3,1753,17293833482614604620,0,prediction,container_enter,6021814771712,657892,657966
202607271206,e2e_trace_v3,1754,17293833482614604620,0,prediction,container_exit,6021815145408,657892,657966
202607271206,e2e_trace_v3,1755,17293833482614604620,0,prediction,perception_enter,6021815157952,657892,657966
202607271206,e2e_trace_v3,1756,17293833482614604620,0,prediction,evaluator_enter,6021815501504,657892,657966
202607271206,e2e_trace_v3,1757,17293833482614604620,0,prediction,evaluator_exit,6021817089056,657892,657966
202607271206,e2e_trace_v3,1758,17293833482614604620,0,prediction,predictor_enter,6021817116640,657892,657966
202607271206,e2e_trace_v3,1759,17293833482614604620,0,prediction,predictor_exit,6021817123168,657892,657966
202607271206,e2e_trace_v3,1760,17293833482614604620,0,prediction,perception_exit,6021817129280,657892,657966
202607271206,e2e_trace_v3,1761,17293833482614604620,0,prediction,writer_enter,6021817186816,657892,657966
202607271206,e2e_trace_v3,1762,17293833482614604620,0,prediction,writer_done,6021817321536,657892,657966
202607271206,e2e_trace_v3,1763,17293833482614604620,0,prediction,output_pub,6021817186816,657892,657966
202607271206,e2e_trace_v3,1764,17293833482614604621,0,prediction,proc_enter,6021910026688,657892,657973
202607271206,e2e_trace_v3,1765,17293833482614604621,0,prediction,container_enter,6021910059840,657892,657973
202607271206,e2e_trace_v3,1766,17293833482614604621,0,prediction,container_exit,6021910557376,657892,657973
202607271206,e2e_trace_v3,1767,17293833482614604621,0,prediction,perception_enter,6021910573600,657892,657973
202607271206,e2e_trace_v3,1768,17293833482614604621,0,prediction,evaluator_enter,6021910923328,657892,657973
202607271206,e2e_trace_v3,1769,17293833482614604621,0,prediction,evaluator_exit,6021912687296,657892,657973
202607271206,e2e_trace_v3,1770,17293833482614604621,0,prediction,predictor_enter,6021912716512,657892,657973
202607271206,e2e_trace_v3,1771,17293833482614604621,0,prediction,predictor_exit,6021912724320,657892,657973
202607271206,e2e_trace_v3,1772,17293833482614604621,0,prediction,perception_exit,6021912730496,657892,657973
202607271206,e2e_trace_v3,1773,17293833482614604621,0,prediction,writer_enter,6021912786400,657892,657973
202607271206,e2e_trace_v3,1774,17293833482614604621,0,prediction,writer_done,6021912907936,657892,657973
202607271206,e2e_trace_v3,1775,17293833482614604621,0,prediction,output_pub,6021912786400,657892,657973
202607271206,e2e_trace_v3,1776,17293833482614604622,0,prediction,proc_enter,6022005420672,657892,657968
202607271206,e2e_trace_v3,1777,17293833482614604622,0,prediction,container_enter,6022005456640,657892,657968
202607271206,e2e_trace_v3,1778,17293833482614604622,0,prediction,container_exit,6022005941696,657892,657968
202607271206,e2e_trace_v3,1779,17293833482614604622,0,prediction,perception_enter,6022005952896,657892,657968
202607271206,e2e_trace_v3,1780,17293833482614604622,0,prediction,evaluator_enter,6022006430176,657892,657968
202607271206,e2e_trace_v3,1781,17293833482614604622,0,prediction,evaluator_exit,6022010822496,657892,657968
202607271206,e2e_trace_v3,1782,17293833482614604622,0,prediction,predictor_enter,6022010849888,657892,657968
202607271206,e2e_trace_v3,1783,17293833482614604622,0,prediction,predictor_exit,6022010856896,657892,657968
202607271206,e2e_trace_v3,1784,17293833482614604622,0,prediction,perception_exit,6022010863296,657892,657968
202607271206,e2e_trace_v3,1785,17293833482614604622,0,prediction,writer_enter,6022010909504,657892,657968
202607271206,e2e_trace_v3,1786,17293833482614604622,0,prediction,writer_done,6022011038848,657892,657968
202607271206,e2e_trace_v3,1787,17293833482614604622,0,prediction,output_pub,6022010909504,657892,657968
202607271206,e2e_trace_v3,1788,17293833482614604623,0,prediction,proc_enter,6022108745696,657892,657975
202607271206,e2e_trace_v3,1789,17293833482614604623,0,prediction,container_enter,6022108780320,657892,657975
202607271206,e2e_trace_v3,1790,17293833482614604623,0,prediction,container_exit,6022109204928,657892,657975
202607271206,e2e_trace_v3,1791,17293833482614604623,0,prediction,perception_enter,6022109219744,657892,657975
202607271206,e2e_trace_v3,1792,17293833482614604623,0,prediction,evaluator_enter,6022109559680,657892,657975
202607271206,e2e_trace_v3,1793,17293833482614604623,0,prediction,evaluator_exit,6022114864384,657892,657975
202607271206,e2e_trace_v3,1794,17293833482614604623,0,prediction,predictor_enter,6022114888256,657892,657975
202607271206,e2e_trace_v3,1795,17293833482614604623,0,prediction,predictor_exit,6022114899840,657892,657975
202607271206,e2e_trace_v3,1796,17293833482614604623,0,prediction,perception_exit,6022114907264,657892,657975
202607271206,e2e_trace_v3,1797,17293833482614604623,0,prediction,writer_enter,6022114947296,657892,657975
202607271206,e2e_trace_v3,1798,17293833482614604623,0,prediction,writer_done,6022115049728,657892,657975
202607271206,e2e_trace_v3,1799,17293833482614604623,0,prediction,output_pub,6022114947296,657892,657975
202607271206,e2e_trace_v3,1800,17293833482614604624,0,prediction,proc_enter,6022206534272,657892,657974
202607271206,e2e_trace_v3,1801,17293833482614604624,0,prediction,container_enter,6022206568960,657892,657974
202607271206,e2e_trace_v3,1802,17293833482614604624,0,prediction,container_exit,6022207016576,657892,657974
202607271206,e2e_trace_v3,1803,17293833482614604624,0,prediction,perception_enter,6022207032320,657892,657974
202607271206,e2e_trace_v3,1804,17293833482614604624,0,prediction,evaluator_enter,6022207421280,657892,657974
202607271206,e2e_trace_v3,1805,17293833482614604624,0,prediction,evaluator_exit,6022210815968,657892,657974
202607271206,e2e_trace_v3,1806,17293833482614604624,0,prediction,predictor_enter,6022210837920,657892,657974
202607271206,e2e_trace_v3,1807,17293833482614604624,0,prediction,predictor_exit,6022210844992,657892,657974
202607271206,e2e_trace_v3,1808,17293833482614604624,0,prediction,perception_exit,6022210851040,657892,657974
202607271206,e2e_trace_v3,1809,17293833482614604624,0,prediction,writer_enter,6022210891520,657892,657974
202607271206,e2e_trace_v3,1810,17293833482614604624,0,prediction,writer_done,6022211038144,657892,657974
202607271206,e2e_trace_v3,1811,17293833482614604624,0,prediction,output_pub,6022210891520,657892,657974
202607271206,e2e_trace_v3,1812,17293833482614604625,0,prediction,proc_enter,6022314330432,657892,657973
202607271206,e2e_trace_v3,1813,17293833482614604625,0,prediction,container_enter,6022314372128,657892,657973
202607271206,e2e_trace_v3,1814,17293833482614604625,0,prediction,container_exit,6022314899520,657892,657973
202607271206,e2e_trace_v3,1815,17293833482614604625,0,prediction,perception_enter,6022314915168,657892,657973
202607271206,e2e_trace_v3,1816,17293833482614604625,0,prediction,evaluator_enter,6022315432288,657892,657973
202607271206,e2e_trace_v3,1817,17293833482614604625,0,prediction,evaluator_exit,6022322014432,657892,657973
202607271206,e2e_trace_v3,1818,17293833482614604625,0,prediction,predictor_enter,6022322040544,657892,657973
202607271206,e2e_trace_v3,1819,17293833482614604625,0,prediction,predictor_exit,6022322049344,657892,657973
202607271206,e2e_trace_v3,1820,17293833482614604625,0,prediction,perception_exit,6022322056608,657892,657973
202607271206,e2e_trace_v3,1821,17293833482614604625,0,prediction,writer_enter,6022322104640,657892,657973
202607271206,e2e_trace_v3,1822,17293833482614604625,0,prediction,writer_done,6022322244160,657892,657973
202607271206,e2e_trace_v3,1823,17293833482614604625,0,prediction,output_pub,6022322104640,657892,657973
202607271206,e2e_trace_v3,1824,17293833482614604626,0,prediction,proc_enter,6022421542368,657892,657966
202607271206,e2e_trace_v3,1825,17293833482614604626,0,prediction,container_enter,6022421578656,657892,657966
202607271206,e2e_trace_v3,1826,17293833482614604626,0,prediction,container_exit,6022422041568,657892,657966
202607271206,e2e_trace_v3,1827,17293833482614604626,0,prediction,perception_enter,6022422059264,657892,657966
202607271206,e2e_trace_v3,1828,17293833482614604626,0,prediction,evaluator_enter,6022422549632,657892,657966
202607271206,e2e_trace_v3,1829,17293833482614604626,0,prediction,evaluator_exit,6022431059584,657892,657966
202607271206,e2e_trace_v3,1830,17293833482614604626,0,prediction,predictor_enter,6022431088640,657892,657966
202607271206,e2e_trace_v3,1831,17293833482614604626,0,prediction,predictor_exit,6022431096064,657892,657966
202607271206,e2e_trace_v3,1832,17293833482614604626,0,prediction,perception_exit,6022431102720,657892,657966
202607271206,e2e_trace_v3,1833,17293833482614604626,0,prediction,writer_enter,6022431153760,657892,657966
202607271206,e2e_trace_v3,1834,17293833482614604626,0,prediction,writer_done,6022431285248,657892,657966
202607271206,e2e_trace_v3,1835,17293833482614604626,0,prediction,output_pub,6022431153760,657892,657966
202607271206,e2e_trace_v3,1836,17293833482614604627,0,prediction,proc_enter,6022520922624,657892,657969
202607271206,e2e_trace_v3,1837,17293833482614604627,0,prediction,container_enter,6022520972544,657892,657969
202607271206,e2e_trace_v3,1838,17293833482614604627,0,prediction,container_exit,6022521389312,657892,657969
202607271206,e2e_trace_v3,1839,17293833482614604627,0,prediction,perception_enter,6022521407520,657892,657969
202607271206,e2e_trace_v3,1840,17293833482614604627,0,prediction,evaluator_enter,6022521798560,657892,657969
202607271206,e2e_trace_v3,1841,17293833482614604627,0,prediction,evaluator_exit,6022526827040,657892,657969
202607271206,e2e_trace_v3,1842,17293833482614604627,0,prediction,predictor_enter,6022526852320,657892,657969
202607271206,e2e_trace_v3,1843,17293833482614604627,0,prediction,predictor_exit,6022526922752,657892,657969
202607271206,e2e_trace_v3,1844,17293833482614604627,0,prediction,perception_exit,6022526929216,657892,657969
202607271206,e2e_trace_v3,1845,17293833482614604627,0,prediction,writer_enter,6022526978880,657892,657969
202607271206,e2e_trace_v3,1846,17293833482614604627,0,prediction,writer_done,6022527103520,657892,657969
202607271206,e2e_trace_v3,1847,17293833482614604627,0,prediction,output_pub,6022526978880,657892,657969
202607271206,e2e_trace_v3,1848,17293833482614604628,0,prediction,proc_enter,6022618297120,657892,657973
202607271206,e2e_trace_v3,1849,17293833482614604628,0,prediction,container_enter,6022618338240,657892,657973
202607271206,e2e_trace_v3,1850,17293833482614604628,0,prediction,container_exit,6022618805984,657892,657973
202607271206,e2e_trace_v3,1851,17293833482614604628,0,prediction,perception_enter,6022618818656,657892,657973
202607271206,e2e_trace_v3,1852,17293833482614604628,0,prediction,evaluator_enter,6022619150240,657892,657973
202607271206,e2e_trace_v3,1853,17293833482614604628,0,prediction,evaluator_exit,6022620860544,657892,657973
202607271206,e2e_trace_v3,1854,17293833482614604628,0,prediction,predictor_enter,6022620890336,657892,657973
202607271206,e2e_trace_v3,1855,17293833482614604628,0,prediction,predictor_exit,6022620921248,657892,657973
202607271206,e2e_trace_v3,1856,17293833482614604628,0,prediction,perception_exit,6022620928960,657892,657973
202607271206,e2e_trace_v3,1857,17293833482614604628,0,prediction,writer_enter,6022620983648,657892,657973
202607271206,e2e_trace_v3,1858,17293833482614604628,0,prediction,writer_done,6022621123328,657892,657973
202607271206,e2e_trace_v3,1859,17293833482614604628,0,prediction,output_pub,6022620983648,657892,657973
202607271206,e2e_trace_v3,1860,17293833482614604629,0,prediction,proc_enter,6022709500544,657892,657978
202607271206,e2e_trace_v3,1861,17293833482614604629,0,prediction,container_enter,6022709530976,657892,657978
202607271206,e2e_trace_v3,1862,17293833482614604629,0,prediction,container_exit,6022709903584,657892,657978
202607271206,e2e_trace_v3,1863,17293833482614604629,0,prediction,perception_enter,6022709914144,657892,657978
202607271206,e2e_trace_v3,1864,17293833482614604629,0,prediction,evaluator_enter,6022710226848,657892,657978
202607271206,e2e_trace_v3,1865,17293833482614604629,0,prediction,evaluator_exit,6022718758752,657892,657978
202607271206,e2e_trace_v3,1866,17293833482614604629,0,prediction,predictor_enter,6022718781600,657892,657978
202607271206,e2e_trace_v3,1867,17293833482614604629,0,prediction,predictor_exit,6022718788192,657892,657978
202607271206,e2e_trace_v3,1868,17293833482614604629,0,prediction,perception_exit,6022718793536,657892,657978
202607271206,e2e_trace_v3,1869,17293833482614604629,0,prediction,writer_enter,6022718827072,657892,657978
202607271206,e2e_trace_v3,1870,17293833482614604629,0,prediction,writer_done,6022718932416,657892,657978
202607271206,e2e_trace_v3,1871,17293833482614604629,0,prediction,output_pub,6022718827072,657892,657978
202607271206,e2e_trace_v3,1872,17293833482614604630,0,prediction,proc_enter,6022833724320,657892,657974
202607271206,e2e_trace_v3,1873,17293833482614604630,0,prediction,container_enter,6022833755392,657892,657974
202607271206,e2e_trace_v3,1874,17293833482614604630,0,prediction,container_exit,6022834136704,657892,657974
202607271206,e2e_trace_v3,1875,17293833482614604630,0,prediction,perception_enter,6022834149632,657892,657974
202607271206,e2e_trace_v3,1876,17293833482614604630,0,prediction,evaluator_enter,6022834483456,657892,657974
202607271206,e2e_trace_v3,1877,17293833482614604630,0,prediction,evaluator_exit,6022836004224,657892,657974
202607271206,e2e_trace_v3,1878,17293833482614604630,0,prediction,predictor_enter,6022836030496,657892,657974
202607271206,e2e_trace_v3,1879,17293833482614604630,0,prediction,predictor_exit,6022836036352,657892,657974
202607271206,e2e_trace_v3,1880,17293833482614604630,0,prediction,perception_exit,6022836041664,657892,657974
202607271206,e2e_trace_v3,1881,17293833482614604630,0,prediction,writer_enter,6022836093344,657892,657974
202607271206,e2e_trace_v3,1882,17293833482614604630,0,prediction,writer_done,6022836218560,657892,657974
202607271206,e2e_trace_v3,1883,17293833482614604630,0,prediction,output_pub,6022836093344,657892,657974
202607271206,e2e_trace_v3,1884,17293833482614604631,0,prediction,proc_enter,6022919437824,657892,657977
202607271206,e2e_trace_v3,1885,17293833482614604631,0,prediction,container_enter,6022919467936,657892,657977
202607271206,e2e_trace_v3,1886,17293833482614604631,0,prediction,container_exit,6022919903456,657892,657977
202607271206,e2e_trace_v3,1887,17293833482614604631,0,prediction,perception_enter,6022919913952,657892,657977
202607271206,e2e_trace_v3,1888,17293833482614604631,0,prediction,evaluator_enter,6022920248832,657892,657977
202607271206,e2e_trace_v3,1889,17293833482614604631,0,prediction,evaluator_exit,6022922128576,657892,657977
202607271206,e2e_trace_v3,1890,17293833482614604631,0,prediction,predictor_enter,6022922148512,657892,657977
202607271206,e2e_trace_v3,1891,17293833482614604631,0,prediction,predictor_exit,6022922154528,657892,657977
202607271206,e2e_trace_v3,1892,17293833482614604631,0,prediction,perception_exit,6022922159648,657892,657977
202607271206,e2e_trace_v3,1893,17293833482614604631,0,prediction,writer_enter,6022922201632,657892,657977
202607271206,e2e_trace_v3,1894,17293833482614604631,0,prediction,writer_done,6022922308704,657892,657977
202607271206,e2e_trace_v3,1895,17293833482614604631,0,prediction,output_pub,6022922201632,657892,657977
202607271206,e2e_trace_v3,1896,17293833482614604632,0,prediction,proc_enter,6023012210432,657892,657969
202607271206,e2e_trace_v3,1897,17293833482614604632,0,prediction,container_enter,6023012255488,657892,657969
202607271206,e2e_trace_v3,1898,17293833482614604632,0,prediction,container_exit,6023012675488,657892,657969
202607271206,e2e_trace_v3,1899,17293833482614604632,0,prediction,perception_enter,6023012689376,657892,657969
202607271206,e2e_trace_v3,1900,17293833482614604632,0,prediction,evaluator_enter,6023013108320,657892,657969
202607271206,e2e_trace_v3,1901,17293833482614604632,0,prediction,evaluator_exit,6023018848128,657892,657969
202607271206,e2e_trace_v3,1902,17293833482614604632,0,prediction,predictor_enter,6023018878560,657892,657969
202607271206,e2e_trace_v3,1903,17293833482614604632,0,prediction,predictor_exit,6023018887904,657892,657969
202607271206,e2e_trace_v3,1904,17293833482614604632,0,prediction,perception_exit,6023018896192,657892,657969
202607271206,e2e_trace_v3,1905,17293833482614604632,0,prediction,writer_enter,6023018946976,657892,657969
202607271206,e2e_trace_v3,1906,17293833482614604632,0,prediction,writer_done,6023019087520,657892,657969
202607271206,e2e_trace_v3,1907,17293833482614604632,0,prediction,output_pub,6023018946976,657892,657969
202607271206,e2e_trace_v3,1908,17293833482614604633,0,prediction,proc_enter,6023120309952,657892,657967
202607271206,e2e_trace_v3,1909,17293833482614604633,0,prediction,container_enter,6023120345984,657892,657967
202607271206,e2e_trace_v3,1910,17293833482614604633,0,prediction,container_exit,6023120742336,657892,657967
202607271206,e2e_trace_v3,1911,17293833482614604633,0,prediction,perception_enter,6023120757792,657892,657967
202607271206,e2e_trace_v3,1912,17293833482614604633,0,prediction,evaluator_enter,6023121132992,657892,657967
202607271206,e2e_trace_v3,1913,17293833482614604633,0,prediction,evaluator_exit,6023122687808,657892,657967
202607271206,e2e_trace_v3,1914,17293833482614604633,0,prediction,predictor_enter,6023122707392,657892,657967
202607271206,e2e_trace_v3,1915,17293833482614604633,0,prediction,predictor_exit,6023122714592,657892,657967
202607271206,e2e_trace_v3,1916,17293833482614604633,0,prediction,perception_exit,6023122720832,657892,657967
202607271206,e2e_trace_v3,1917,17293833482614604633,0,prediction,writer_enter,6023122773856,657892,657967
202607271206,e2e_trace_v3,1918,17293833482614604633,0,prediction,writer_done,6023122911296,657892,657967
202607271206,e2e_trace_v3,1919,17293833482614604633,0,prediction,output_pub,6023122773856,657892,657967
202607271206,e2e_trace_v3,1920,17293833482614604634,0,prediction,proc_enter,6023216429632,657892,657970
202607271206,e2e_trace_v3,1921,17293833482614604634,0,prediction,container_enter,6023216504544,657892,657970
202607271206,e2e_trace_v3,1922,17293833482614604634,0,prediction,container_exit,6023217100736,657892,657970
202607271206,e2e_trace_v3,1923,17293833482614604634,0,prediction,perception_enter,6023217118720,657892,657970
202607271206,e2e_trace_v3,1924,17293833482614604634,0,prediction,evaluator_enter,6023217610336,657892,657970
202607271206,e2e_trace_v3,1925,17293833482614604634,0,prediction,evaluator_exit,6023230303904,657892,657970
202607271206,e2e_trace_v3,1926,17293833482614604634,0,prediction,predictor_enter,6023230332448,657892,657970
202607271206,e2e_trace_v3,1927,17293833482614604634,0,prediction,predictor_exit,6023230340896,657892,657970
202607271206,e2e_trace_v3,1928,17293833482614604634,0,prediction,perception_exit,6023230347744,657892,657970
202607271206,e2e_trace_v3,1929,17293833482614604634,0,prediction,writer_enter,6023230394304,657892,657970
202607271206,e2e_trace_v3,1930,17293833482614604634,0,prediction,writer_done,6023230533952,657892,657970
202607271206,e2e_trace_v3,1931,17293833482614604634,0,prediction,output_pub,6023230394304,657892,657970
202607271206,e2e_trace_v3,1932,17293833482614604635,0,prediction,proc_enter,6023318738784,657892,657974
202607271206,e2e_trace_v3,1933,17293833482614604635,0,prediction,container_enter,6023318790112,657892,657974
202607271206,e2e_trace_v3,1934,17293833482614604635,0,prediction,container_exit,6023319261408,657892,657974
202607271206,e2e_trace_v3,1935,17293833482614604635,0,prediction,perception_enter,6023319281376,657892,657974
202607271206,e2e_trace_v3,1936,17293833482614604635,0,prediction,evaluator_enter,6023319796480,657892,657974
202607271206,e2e_trace_v3,1937,17293833482614604635,0,prediction,evaluator_exit,6023327158016,657892,657974
202607271206,e2e_trace_v3,1938,17293833482614604635,0,prediction,predictor_enter,6023327188832,657892,657974
202607271206,e2e_trace_v3,1939,17293833482614604635,0,prediction,predictor_exit,6023327200544,657892,657974
202607271206,e2e_trace_v3,1940,17293833482614604635,0,prediction,perception_exit,6023327209600,657892,657974
202607271206,e2e_trace_v3,1941,17293833482614604635,0,prediction,writer_enter,6023327256544,657892,657974
202607271206,e2e_trace_v3,1942,17293833482614604635,0,prediction,writer_done,6023327422560,657892,657974
202607271206,e2e_trace_v3,1943,17293833482614604635,0,prediction,output_pub,6023327256544,657892,657974
202607271206,e2e_trace_v3,1944,17293833482614604636,0,prediction,proc_enter,6023437561248,657892,657975
202607271206,e2e_trace_v3,1945,17293833482614604636,0,prediction,container_enter,6023437598848,657892,657975
202607271206,e2e_trace_v3,1946,17293833482614604636,0,prediction,container_exit,6023438025696,657892,657975
202607271206,e2e_trace_v3,1947,17293833482614604636,0,prediction,perception_enter,6023438038944,657892,657975
202607271206,e2e_trace_v3,1948,17293833482614604636,0,prediction,evaluator_enter,6023438442080,657892,657975
202607271206,e2e_trace_v3,1949,17293833482614604636,0,prediction,evaluator_exit,6023440363968,657892,657975
202607271206,e2e_trace_v3,1950,17293833482614604636,0,prediction,predictor_enter,6023440391008,657892,657975
202607271206,e2e_trace_v3,1951,17293833482614604636,0,prediction,predictor_exit,6023440401024,657892,657975
202607271206,e2e_trace_v3,1952,17293833482614604636,0,prediction,perception_exit,6023440408576,657892,657975
202607271206,e2e_trace_v3,1953,17293833482614604636,0,prediction,writer_enter,6023440453536,657892,657975
202607271206,e2e_trace_v3,1954,17293833482614604636,0,prediction,writer_done,6023440617216,657892,657975
202607271206,e2e_trace_v3,1955,17293833482614604636,0,prediction,output_pub,6023440453536,657892,657975
202607271206,e2e_trace_v3,1956,17293833482614604637,0,prediction,proc_enter,6023532320672,657892,657971
202607271206,e2e_trace_v3,1957,17293833482614604637,0,prediction,container_enter,6023532356224,657892,657971
202607271206,e2e_trace_v3,1958,17293833482614604637,0,prediction,container_exit,6023532873248,657892,657971
202607271206,e2e_trace_v3,1959,17293833482614604637,0,prediction,perception_enter,6023532891456,657892,657971
202607271206,e2e_trace_v3,1960,17293833482614604637,0,prediction,evaluator_enter,6023533321312,657892,657971
202607271206,e2e_trace_v3,1961,17293833482614604637,0,prediction,evaluator_exit,6023535087808,657892,657971
202607271206,e2e_trace_v3,1962,17293833482614604637,0,prediction,predictor_enter,6023535119552,657892,657971
202607271206,e2e_trace_v3,1963,17293833482614604637,0,prediction,predictor_exit,6023535135360,657892,657971
202607271206,e2e_trace_v3,1964,17293833482614604637,0,prediction,perception_exit,6023535146816,657892,657971
202607271206,e2e_trace_v3,1965,17293833482614604637,0,prediction,writer_enter,6023535201856,657892,657971
202607271206,e2e_trace_v3,1966,17293833482614604637,0,prediction,writer_done,6023535384448,657892,657971
202607271206,e2e_trace_v3,1967,17293833482614604637,0,prediction,output_pub,6023535201856,657892,657971
202607271206,e2e_trace_v3,1968,17293833482614604638,0,prediction,proc_enter,6023623879008,657892,657978
202607271206,e2e_trace_v3,1969,17293833482614604638,0,prediction,container_enter,6023623930432,657892,657978
202607271206,e2e_trace_v3,1970,17293833482614604638,0,prediction,container_exit,6023624382624,657892,657978
202607271206,e2e_trace_v3,1971,17293833482614604638,0,prediction,perception_enter,6023624406400,657892,657978
202607271206,e2e_trace_v3,1972,17293833482614604638,0,prediction,evaluator_enter,6023624958560,657892,657978
202607271206,e2e_trace_v3,1973,17293833482614604638,0,prediction,evaluator_exit,6023631170336,657892,657978
202607271206,e2e_trace_v3,1974,17293833482614604638,0,prediction,predictor_enter,6023631210336,657892,657978
202607271206,e2e_trace_v3,1975,17293833482614604638,0,prediction,predictor_exit,6023631225568,657892,657978
202607271206,e2e_trace_v3,1976,17293833482614604638,0,prediction,perception_exit,6023631238208,657892,657978
202607271206,e2e_trace_v3,1977,17293833482614604638,0,prediction,writer_enter,6023631306848,657892,657978
202607271206,e2e_trace_v3,1978,17293833482614604638,0,prediction,writer_done,6023631508896,657892,657978
202607271206,e2e_trace_v3,1979,17293833482614604638,0,prediction,output_pub,6023631306848,657892,657978
202607271206,e2e_trace_v3,1980,17293833482614604639,0,prediction,proc_enter,6023722643360,657892,657964
202607271206,e2e_trace_v3,1981,17293833482614604639,0,prediction,container_enter,6023722693664,657892,657964
202607271206,e2e_trace_v3,1982,17293833482614604639,0,prediction,container_exit,6023723226112,657892,657964
202607271206,e2e_trace_v3,1983,17293833482614604639,0,prediction,perception_enter,6023723250880,657892,657964
202607271206,e2e_trace_v3,1984,17293833482614604639,0,prediction,evaluator_enter,6023723808800,657892,657964
202607271206,e2e_trace_v3,1985,17293833482614604639,0,prediction,evaluator_exit,6023726998272,657892,657964
202607271206,e2e_trace_v3,1986,17293833482614604639,0,prediction,predictor_enter,6023727034368,657892,657964
202607271206,e2e_trace_v3,1987,17293833482614604639,0,prediction,predictor_exit,6023727050496,657892,657964
202607271206,e2e_trace_v3,1988,17293833482614604639,0,prediction,perception_exit,6023727065440,657892,657964
202607271206,e2e_trace_v3,1989,17293833482614604639,0,prediction,writer_enter,6023727130368,657892,657964
202607271206,e2e_trace_v3,1990,17293833482614604639,0,prediction,writer_done,6023727315168,657892,657964
202607271206,e2e_trace_v3,1991,17293833482614604639,0,prediction,output_pub,6023727130368,657892,657964
202607271206,e2e_trace_v3,1992,17293833482614604640,0,prediction,proc_enter,6023828791680,657892,657978
202607271206,e2e_trace_v3,1993,17293833482614604640,0,prediction,container_enter,6023828838432,657892,657978
202607271206,e2e_trace_v3,1994,17293833482614604640,0,prediction,container_exit,6023829337312,657892,657978
202607271206,e2e_trace_v3,1995,17293833482614604640,0,prediction,perception_enter,6023829400960,657892,657978
202607271206,e2e_trace_v3,1996,17293833482614604640,0,prediction,evaluator_enter,6023829808896,657892,657978
202607271206,e2e_trace_v3,1997,17293833482614604640,0,prediction,evaluator_exit,6023831465280,657892,657978
202607271206,e2e_trace_v3,1998,17293833482614604640,0,prediction,predictor_enter,6023831488448,657892,657978
202607271206,e2e_trace_v3,1999,17293833482614604640,0,prediction,predictor_exit,6023831496256,657892,657978
202607271206,e2e_trace_v3,2000,17293833482614604640,0,prediction,perception_exit,6023831501760,657892,657978
202607271206,e2e_trace_v3,2001,17293833482614604640,0,prediction,writer_enter,6023831558368,657892,657978
202607271206,e2e_trace_v3,2002,17293833482614604640,0,prediction,writer_done,6023831695072,657892,657978
202607271206,e2e_trace_v3,2003,17293833482614604640,0,prediction,output_pub,6023831558368,657892,657978
202607271206,e2e_trace_v3,2004,17293833482614604641,0,prediction,proc_enter,6023919458720,657892,657968
202607271206,e2e_trace_v3,2005,17293833482614604641,0,prediction,container_enter,6023919491776,657892,657968
202607271206,e2e_trace_v3,2006,17293833482614604641,0,prediction,container_exit,6023919881344,657892,657968
202607271206,e2e_trace_v3,2007,17293833482614604641,0,prediction,perception_enter,6023919894144,657892,657968
202607271206,e2e_trace_v3,2008,17293833482614604641,0,prediction,evaluator_enter,6023920239136,657892,657968
202607271206,e2e_trace_v3,2009,17293833482614604641,0,prediction,evaluator_exit,6023921693696,657892,657968
202607271206,e2e_trace_v3,2010,17293833482614604641,0,prediction,predictor_enter,6023921711360,657892,657968
202607271206,e2e_trace_v3,2011,17293833482614604641,0,prediction,predictor_exit,6023921719168,657892,657968
202607271206,e2e_trace_v3,2012,17293833482614604641,0,prediction,perception_exit,6023921724672,657892,657968
202607271206,e2e_trace_v3,2013,17293833482614604641,0,prediction,writer_enter,6023921780032,657892,657968
202607271206,e2e_trace_v3,2014,17293833482614604641,0,prediction,writer_done,6023921922304,657892,657968
202607271206,e2e_trace_v3,2015,17293833482614604641,0,prediction,output_pub,6023921780032,657892,657968
202607271206,e2e_trace_v3,2016,17293833482614604642,0,prediction,proc_enter,6024009486784,657892,657969
202607271206,e2e_trace_v3,2017,17293833482614604642,0,prediction,container_enter,6024009521088,657892,657969
202607271206,e2e_trace_v3,2018,17293833482614604642,0,prediction,container_exit,6024009917024,657892,657969
202607271206,e2e_trace_v3,2019,17293833482614604642,0,prediction,perception_enter,6024009932000,657892,657969
202607271206,e2e_trace_v3,2020,17293833482614604642,0,prediction,evaluator_enter,6024010330592,657892,657969
202607271206,e2e_trace_v3,2021,17293833482614604642,0,prediction,evaluator_exit,6024011961088,657892,657969
202607271206,e2e_trace_v3,2022,17293833482614604642,0,prediction,predictor_enter,6024011987744,657892,657969
202607271206,e2e_trace_v3,2023,17293833482614604642,0,prediction,predictor_exit,6024011996608,657892,657969
202607271206,e2e_trace_v3,2024,17293833482614604642,0,prediction,perception_exit,6024012003328,657892,657969
202607271206,e2e_trace_v3,2025,17293833482614604642,0,prediction,writer_enter,6024012072992,657892,657969
202607271206,e2e_trace_v3,2026,17293833482614604642,0,prediction,writer_done,6024012224992,657892,657969
202607271206,e2e_trace_v3,2027,17293833482614604642,0,prediction,output_pub,6024012072992,657892,657969
202607271206,e2e_trace_v3,2028,17293833482614604643,0,prediction,proc_enter,6024110701888,657892,657967
202607271206,e2e_trace_v3,2029,17293833482614604643,0,prediction,container_enter,6024110748672,657892,657967
202607271206,e2e_trace_v3,2030,17293833482614604643,0,prediction,container_exit,6024111262368,657892,657967
202607271206,e2e_trace_v3,2031,17293833482614604643,0,prediction,perception_enter,6024111280640,657892,657967
202607271206,e2e_trace_v3,2032,17293833482614604643,0,prediction,evaluator_enter,6024111692928,657892,657967
202607271206,e2e_trace_v3,2033,17293833482614604643,0,prediction,evaluator_exit,6024114851872,657892,657967
202607271206,e2e_trace_v3,2034,17293833482614604643,0,prediction,predictor_enter,6024114878912,657892,657967
202607271206,e2e_trace_v3,2035,17293833482614604643,0,prediction,predictor_exit,6024114889344,657892,657967
202607271206,e2e_trace_v3,2036,17293833482614604643,0,prediction,perception_exit,6024114898112,657892,657967
202607271206,e2e_trace_v3,2037,17293833482614604643,0,prediction,writer_enter,6024114945664,657892,657967
202607271206,e2e_trace_v3,2038,17293833482614604643,0,prediction,writer_done,6024115081312,657892,657967
202607271206,e2e_trace_v3,2039,17293833482614604643,0,prediction,output_pub,6024114945664,657892,657967
202607271206,e2e_trace_v3,2040,17293833482614604644,0,prediction,proc_enter,6024218291712,657892,657971
202607271206,e2e_trace_v3,2041,17293833482614604644,0,prediction,container_enter,6024218338880,657892,657971
202607271206,e2e_trace_v3,2042,17293833482614604644,0,prediction,container_exit,6024218854880,657892,657971
202607271206,e2e_trace_v3,2043,17293833482614604644,0,prediction,perception_enter,6024218875776,657892,657971
202607271206,e2e_trace_v3,2044,17293833482614604644,0,prediction,evaluator_enter,6024219394944,657892,657971
202607271206,e2e_trace_v3,2045,17293833482614604644,0,prediction,evaluator_exit,6024221641920,657892,657971
202607271206,e2e_trace_v3,2046,17293833482614604644,0,prediction,predictor_enter,6024221672576,657892,657971
202607271206,e2e_trace_v3,2047,17293833482614604644,0,prediction,predictor_exit,6024221686144,657892,657971
202607271206,e2e_trace_v3,2048,17293833482614604644,0,prediction,perception_exit,6024221696224,657892,657971
202607271206,e2e_trace_v3,2049,17293833482614604644,0,prediction,writer_enter,6024221755648,657892,657971
202607271206,e2e_trace_v3,2050,17293833482614604644,0,prediction,writer_done,6024221937376,657892,657971
202607271206,e2e_trace_v3,2051,17293833482614604644,0,prediction,output_pub,6024221755648,657892,657971
202607271206,e2e_trace_v3,2052,17293833482614604645,0,prediction,proc_enter,6024326651360,657892,657973
202607271206,e2e_trace_v3,2053,17293833482614604645,0,prediction,container_enter,6024326702624,657892,657973
202607271206,e2e_trace_v3,2054,17293833482614604645,0,prediction,container_exit,6024327177760,657892,657973
202607271206,e2e_trace_v3,2055,17293833482614604645,0,prediction,perception_enter,6024327197088,657892,657973
202607271206,e2e_trace_v3,2056,17293833482614604645,0,prediction,evaluator_enter,6024327766496,657892,657973
202607271206,e2e_trace_v3,2057,17293833482614604645,0,prediction,evaluator_exit,6024329769056,657892,657973
202607271206,e2e_trace_v3,2058,17293833482614604645,0,prediction,predictor_enter,6024329786656,657892,657973
202607271206,e2e_trace_v3,2059,17293833482614604645,0,prediction,predictor_exit,6024329795488,657892,657973
202607271206,e2e_trace_v3,2060,17293833482614604645,0,prediction,perception_exit,6024329801632,657892,657973
202607271206,e2e_trace_v3,2061,17293833482614604645,0,prediction,writer_enter,6024329852128,657892,657973
202607271206,e2e_trace_v3,2062,17293833482614604645,0,prediction,writer_done,6024329998176,657892,657973
202607271206,e2e_trace_v3,2063,17293833482614604645,0,prediction,output_pub,6024329852128,657892,657973
202607271206,e2e_trace_v3,2064,17293833482614604646,0,prediction,proc_enter,6024428843200,657892,657972
202607271206,e2e_trace_v3,2065,17293833482614604646,0,prediction,container_enter,6024428898080,657892,657972
202607271206,e2e_trace_v3,2066,17293833482614604646,0,prediction,container_exit,6024429481696,657892,657972
202607271206,e2e_trace_v3,2067,17293833482614604646,0,prediction,perception_enter,6024429504320,657892,657972
202607271206,e2e_trace_v3,2068,17293833482614604646,0,prediction,evaluator_enter,6024430086560,657892,657972
202607271206,e2e_trace_v3,2069,17293833482614604646,0,prediction,evaluator_exit,6024432321664,657892,657972
202607271206,e2e_trace_v3,2070,17293833482614604646,0,prediction,predictor_enter,6024432349344,657892,657972
202607271206,e2e_trace_v3,2071,17293833482614604646,0,prediction,predictor_exit,6024432360928,657892,657972
202607271206,e2e_trace_v3,2072,17293833482614604646,0,prediction,perception_exit,6024432496480,657892,657972
202607271206,e2e_trace_v3,2073,17293833482614604646,0,prediction,writer_enter,6024432566272,657892,657972
202607271206,e2e_trace_v3,2074,17293833482614604646,0,prediction,writer_done,6024432740864,657892,657972
202607271206,e2e_trace_v3,2075,17293833482614604646,0,prediction,output_pub,6024432566272,657892,657972
202607271206,e2e_trace_v3,2076,17293833482614604647,0,prediction,proc_enter,6024549884768,657892,657969
202607271206,e2e_trace_v3,2077,17293833482614604647,0,prediction,container_enter,6024549936160,657892,657969
202607271206,e2e_trace_v3,2078,17293833482614604647,0,prediction,container_exit,6024550414688,657892,657969
202607271206,e2e_trace_v3,2079,17293833482614604647,0,prediction,perception_enter,6024550435008,657892,657969
202607271206,e2e_trace_v3,2080,17293833482614604647,0,prediction,evaluator_enter,6024551066720,657892,657969
202607271206,e2e_trace_v3,2081,17293833482614604647,0,prediction,evaluator_exit,6024553341312,657892,657969
202607271206,e2e_trace_v3,2082,17293833482614604647,0,prediction,predictor_enter,6024553376064,657892,657969
202607271206,e2e_trace_v3,2083,17293833482614604647,0,prediction,predictor_exit,6024553389632,657892,657969
202607271206,e2e_trace_v3,2084,17293833482614604647,0,prediction,perception_exit,6024553399296,657892,657969
202607271206,e2e_trace_v3,2085,17293833482614604647,0,prediction,writer_enter,6024553473824,657892,657969
202607271206,e2e_trace_v3,2086,17293833482614604647,0,prediction,writer_done,6024553658400,657892,657969
202607271206,e2e_trace_v3,2087,17293833482614604647,0,prediction,output_pub,6024553473824,657892,657969
202607271206,e2e_trace_v3,2088,17293833482614604648,0,prediction,proc_enter,6024637631008,657892,657977
202607271206,e2e_trace_v3,2089,17293833482614604648,0,prediction,container_enter,6024637683200,657892,657977
202607271206,e2e_trace_v3,2090,17293833482614604648,0,prediction,container_exit,6024638188000,657892,657977
202607271206,e2e_trace_v3,2091,17293833482614604648,0,prediction,perception_enter,6024638208480,657892,657977
202607271206,e2e_trace_v3,2092,17293833482614604648,0,prediction,evaluator_enter,6024638808800,657892,657977
202607271206,e2e_trace_v3,2093,17293833482614604648,0,prediction,evaluator_exit,6024642999840,657892,657977
202607271206,e2e_trace_v3,2094,17293833482614604648,0,prediction,predictor_enter,6024643035808,657892,657977
202607271206,e2e_trace_v3,2095,17293833482614604648,0,prediction,predictor_exit,6024643053408,657892,657977
202607271206,e2e_trace_v3,2096,17293833482614604648,0,prediction,perception_exit,6024643065376,657892,657977
202607271206,e2e_trace_v3,2097,17293833482614604648,0,prediction,writer_enter,6024643123488,657892,657977
202607271206,e2e_trace_v3,2098,17293833482614604648,0,prediction,writer_done,6024643303264,657892,657977
202607271206,e2e_trace_v3,2099,17293833482614604648,0,prediction,output_pub,6024643123488,657892,657977
202607271206,e2e_trace_v3,2100,17293833482614604649,0,prediction,proc_enter,6024727955072,657892,657976
202607271206,e2e_trace_v3,2101,17293833482614604649,0,prediction,container_enter,6024727987232,657892,657976
202607271206,e2e_trace_v3,2102,17293833482614604649,0,prediction,container_exit,6024728455648,657892,657976
202607271206,e2e_trace_v3,2103,17293833482614604649,0,prediction,perception_enter,6024728467648,657892,657976
202607271206,e2e_trace_v3,2104,17293833482614604649,0,prediction,evaluator_enter,6024728819264,657892,657976
202607271206,e2e_trace_v3,2105,17293833482614604649,0,prediction,evaluator_exit,6024730261600,657892,657976
202607271206,e2e_trace_v3,2106,17293833482614604649,0,prediction,predictor_enter,6024730277504,657892,657976
202607271206,e2e_trace_v3,2107,17293833482614604649,0,prediction,predictor_exit,6024730284352,657892,657976
202607271206,e2e_trace_v3,2108,17293833482614604649,0,prediction,perception_exit,6024730289376,657892,657976
202607271206,e2e_trace_v3,2109,17293833482614604649,0,prediction,writer_enter,6024730340128,657892,657976
202607271206,e2e_trace_v3,2110,17293833482614604649,0,prediction,writer_done,6024730479744,657892,657976
202607271206,e2e_trace_v3,2111,17293833482614604649,0,prediction,output_pub,6024730340128,657892,657976
202607271206,e2e_trace_v3,2112,17293833482614604650,0,prediction,proc_enter,6024825075584,657892,657974
202607271206,e2e_trace_v3,2113,17293833482614604650,0,prediction,container_enter,6024825114688,657892,657974
202607271206,e2e_trace_v3,2114,17293833482614604650,0,prediction,container_exit,6024825548768,657892,657974
202607271206,e2e_trace_v3,2115,17293833482614604650,0,prediction,perception_enter,6024825570496,657892,657974
202607271206,e2e_trace_v3,2116,17293833482614604650,0,prediction,evaluator_enter,6024826014240,657892,657974
202607271206,e2e_trace_v3,2117,17293833482614604650,0,prediction,evaluator_exit,6024830776640,657892,657974
202607271206,e2e_trace_v3,2118,17293833482614604650,0,prediction,predictor_enter,6024830803328,657892,657974
202607271206,e2e_trace_v3,2119,17293833482614604650,0,prediction,predictor_exit,6024830811456,657892,657974
202607271206,e2e_trace_v3,2120,17293833482614604650,0,prediction,perception_exit,6024830818848,657892,657974
202607271206,e2e_trace_v3,2121,17293833482614604650,0,prediction,writer_enter,6024830863264,657892,657974
202607271206,e2e_trace_v3,2122,17293833482614604650,0,prediction,writer_done,6024831088800,657892,657974
202607271206,e2e_trace_v3,2123,17293833482614604650,0,prediction,output_pub,6024830863264,657892,657974
202607271206,e2e_trace_v3,2124,17293833482614604651,0,prediction,proc_enter,6024924907200,657892,657963
202607271206,e2e_trace_v3,2125,17293833482614604651,0,prediction,container_enter,6024924936864,657892,657963
202607271206,e2e_trace_v3,2126,17293833482614604651,0,prediction,container_exit,6024925317792,657892,657963
202607271206,e2e_trace_v3,2127,17293833482614604651,0,prediction,perception_enter,6024925328832,657892,657963
202607271206,e2e_trace_v3,2128,17293833482614604651,0,prediction,evaluator_enter,6024925688096,657892,657963
202607271206,e2e_trace_v3,2129,17293833482614604651,0,prediction,evaluator_exit,6024927190944,657892,657963
202607271206,e2e_trace_v3,2130,17293833482614604651,0,prediction,predictor_enter,6024927212032,657892,657963
202607271206,e2e_trace_v3,2131,17293833482614604651,0,prediction,predictor_exit,6024927219360,657892,657963
202607271206,e2e_trace_v3,2132,17293833482614604651,0,prediction,perception_exit,6024927225024,657892,657963
202607271206,e2e_trace_v3,2133,17293833482614604651,0,prediction,writer_enter,6024927280288,657892,657963
202607271206,e2e_trace_v3,2134,17293833482614604651,0,prediction,writer_done,6024927409088,657892,657963
202607271206,e2e_trace_v3,2135,17293833482614604651,0,prediction,output_pub,6024927280288,657892,657963
202607271206,e2e_trace_v3,2136,17293833482614604652,0,prediction,proc_enter,6025016496320,657892,657968
202607271206,e2e_trace_v3,2137,17293833482614604652,0,prediction,container_enter,6025016534368,657892,657968
202607271206,e2e_trace_v3,2138,17293833482614604652,0,prediction,container_exit,6025017027008,657892,657968
202607271206,e2e_trace_v3,2139,17293833482614604652,0,prediction,perception_enter,6025017040800,657892,657968
202607271206,e2e_trace_v3,2140,17293833482614604652,0,prediction,evaluator_enter,6025017446048,657892,657968
202607271206,e2e_trace_v3,2141,17293833482614604652,0,prediction,evaluator_exit,6025018991520,657892,657968
202607271206,e2e_trace_v3,2142,17293833482614604652,0,prediction,predictor_enter,6025019008512,657892,657968
202607271206,e2e_trace_v3,2143,17293833482614604652,0,prediction,predictor_exit,6025019015840,657892,657968
202607271206,e2e_trace_v3,2144,17293833482614604652,0,prediction,perception_exit,6025019021792,657892,657968
202607271206,e2e_trace_v3,2145,17293833482614604652,0,prediction,writer_enter,6025019076832,657892,657968
202607271206,e2e_trace_v3,2146,17293833482614604652,0,prediction,writer_done,6025019209888,657892,657968
202607271206,e2e_trace_v3,2147,17293833482614604652,0,prediction,output_pub,6025019076832,657892,657968
202607271206,e2e_trace_v3,2148,17293833482614604653,0,prediction,proc_enter,6025118080448,657892,657974
202607271206,e2e_trace_v3,2149,17293833482614604653,0,prediction,container_enter,6025118114624,657892,657974
202607271206,e2e_trace_v3,2150,17293833482614604653,0,prediction,container_exit,6025118496192,657892,657974
202607271206,e2e_trace_v3,2151,17293833482614604653,0,prediction,perception_enter,6025118507872,657892,657974
202607271206,e2e_trace_v3,2152,17293833482614604653,0,prediction,evaluator_enter,6025118864160,657892,657974
202607271206,e2e_trace_v3,2153,17293833482614604653,0,prediction,evaluator_exit,6025120389344,657892,657974
202607271206,e2e_trace_v3,2154,17293833482614604653,0,prediction,predictor_enter,6025120411904,657892,657974
202607271206,e2e_trace_v3,2155,17293833482614604653,0,prediction,predictor_exit,6025120420352,657892,657974
202607271206,e2e_trace_v3,2156,17293833482614604653,0,prediction,perception_exit,6025120427648,657892,657974
202607271206,e2e_trace_v3,2157,17293833482614604653,0,prediction,writer_enter,6025120478016,657892,657974
202607271206,e2e_trace_v3,2158,17293833482614604653,0,prediction,writer_done,6025120614784,657892,657974
202607271206,e2e_trace_v3,2159,17293833482614604653,0,prediction,output_pub,6025120478016,657892,657974
202607271206,e2e_trace_v3,2160,17293833482614604654,0,prediction,proc_enter,6025214730496,657892,657971
202607271206,e2e_trace_v3,2161,17293833482614604654,0,prediction,container_enter,6025214767072,657892,657971
202607271206,e2e_trace_v3,2162,17293833482614604654,0,prediction,container_exit,6025215136416,657892,657971
202607271206,e2e_trace_v3,2163,17293833482614604654,0,prediction,perception_enter,6025215150752,657892,657971
202607271206,e2e_trace_v3,2164,17293833482614604654,0,prediction,evaluator_enter,6025215521056,657892,657971
202607271206,e2e_trace_v3,2165,17293833482614604654,0,prediction,evaluator_exit,6025217061888,657892,657971
202607271206,e2e_trace_v3,2166,17293833482614604654,0,prediction,predictor_enter,6025217077696,657892,657971
202607271206,e2e_trace_v3,2167,17293833482614604654,0,prediction,predictor_exit,6025217084480,657892,657971
202607271206,e2e_trace_v3,2168,17293833482614604654,0,prediction,perception_exit,6025217089760,657892,657971
202607271206,e2e_trace_v3,2169,17293833482614604654,0,prediction,writer_enter,6025217142944,657892,657971
202607271206,e2e_trace_v3,2170,17293833482614604654,0,prediction,writer_done,6025217282144,657892,657971
202607271206,e2e_trace_v3,2171,17293833482614604654,0,prediction,output_pub,6025217142944,657892,657971
202607271206,e2e_trace_v3,2172,17293833482614604655,0,prediction,proc_enter,6025320363744,657892,657967
202607271206,e2e_trace_v3,2173,17293833482614604655,0,prediction,container_enter,6025320409152,657892,657967
202607271206,e2e_trace_v3,2174,17293833482614604655,0,prediction,container_exit,6025320931136,657892,657967
202607271206,e2e_trace_v3,2175,17293833482614604655,0,prediction,perception_enter,6025320945856,657892,657967
202607271206,e2e_trace_v3,2176,17293833482614604655,0,prediction,evaluator_enter,6025321427008,657892,657967
202607271206,e2e_trace_v3,2177,17293833482614604655,0,prediction,evaluator_exit,6025323200544,657892,657967
202607271206,e2e_trace_v3,2178,17293833482614604655,0,prediction,predictor_enter,6025323238432,657892,657967
202607271206,e2e_trace_v3,2179,17293833482614604655,0,prediction,predictor_exit,6025323248224,657892,657967
202607271206,e2e_trace_v3,2180,17293833482614604655,0,prediction,perception_exit,6025323255776,657892,657967
202607271206,e2e_trace_v3,2181,17293833482614604655,0,prediction,writer_enter,6025323315584,657892,657967
202607271206,e2e_trace_v3,2182,17293833482614604655,0,prediction,writer_done,6025323459808,657892,657967
202607271206,e2e_trace_v3,2183,17293833482614604655,0,prediction,output_pub,6025323315584,657892,657967
202607271206,e2e_trace_v3,2184,17293833482614604656,0,prediction,proc_enter,6025424081088,657892,657969
202607271206,e2e_trace_v3,2185,17293833482614604656,0,prediction,container_enter,6025424121088,657892,657969
202607271206,e2e_trace_v3,2186,17293833482614604656,0,prediction,container_exit,6025424516160,657892,657969
202607271206,e2e_trace_v3,2187,17293833482614604656,0,prediction,perception_enter,6025424531040,657892,657969
202607271206,e2e_trace_v3,2188,17293833482614604656,0,prediction,evaluator_enter,6025424943360,657892,657969
202607271206,e2e_trace_v3,2189,17293833482614604656,0,prediction,evaluator_exit,6025426948928,657892,657969
202607271206,e2e_trace_v3,2190,17293833482614604656,0,prediction,predictor_enter,6025426978272,657892,657969
202607271206,e2e_trace_v3,2191,17293833482614604656,0,prediction,predictor_exit,6025426992640,657892,657969
202607271206,e2e_trace_v3,2192,17293833482614604656,0,prediction,perception_exit,6025427004288,657892,657969
202607271206,e2e_trace_v3,2193,17293833482614604656,0,prediction,writer_enter,6025427072928,657892,657969
202607271206,e2e_trace_v3,2194,17293833482614604656,0,prediction,writer_done,6025427265088,657892,657969
202607271206,e2e_trace_v3,2195,17293833482614604656,0,prediction,output_pub,6025427072928,657892,657969
202607271206,e2e_trace_v3,2196,17293833482614604657,0,prediction,proc_enter,6025534070048,657892,657970
202607271206,e2e_trace_v3,2197,17293833482614604657,0,prediction,container_enter,6025534105120,657892,657970
202607271206,e2e_trace_v3,2198,17293833482614604657,0,prediction,container_exit,6025534512128,657892,657970
202607271206,e2e_trace_v3,2199,17293833482614604657,0,prediction,perception_enter,6025534524416,657892,657970
202607271206,e2e_trace_v3,2200,17293833482614604657,0,prediction,evaluator_enter,6025534953856,657892,657970
202607271206,e2e_trace_v3,2201,17293833482614604657,0,prediction,evaluator_exit,6025536583328,657892,657970
202607271206,e2e_trace_v3,2202,17293833482614604657,0,prediction,predictor_enter,6025536603040,657892,657970
202607271206,e2e_trace_v3,2203,17293833482614604657,0,prediction,predictor_exit,6025536610176,657892,657970
202607271206,e2e_trace_v3,2204,17293833482614604657,0,prediction,perception_exit,6025536615840,657892,657970
202607271206,e2e_trace_v3,2205,17293833482614604657,0,prediction,writer_enter,6025536663424,657892,657970
202607271206,e2e_trace_v3,2206,17293833482614604657,0,prediction,writer_done,6025536797632,657892,657970
202607271206,e2e_trace_v3,2207,17293833482614604657,0,prediction,output_pub,6025536663424,657892,657970
202607271206,e2e_trace_v3,2208,17293833482614604658,0,prediction,proc_enter,6025628480800,657892,657977
202607271206,e2e_trace_v3,2209,17293833482614604658,0,prediction,container_enter,6025628513920,657892,657977
202607271206,e2e_trace_v3,2210,17293833482614604658,0,prediction,container_exit,6025629023712,657892,657977
202607271206,e2e_trace_v3,2211,17293833482614604658,0,prediction,perception_enter,6025629039808,657892,657977
202607271206,e2e_trace_v3,2212,17293833482614604658,0,prediction,evaluator_enter,6025629388320,657892,657977
202607271206,e2e_trace_v3,2213,17293833482614604658,0,prediction,evaluator_exit,6025631130688,657892,657977
202607271206,e2e_trace_v3,2214,17293833482614604658,0,prediction,predictor_enter,6025631154272,657892,657977
202607271206,e2e_trace_v3,2215,17293833482614604658,0,prediction,predictor_exit,6025631162624,657892,657977
202607271206,e2e_trace_v3,2216,17293833482614604658,0,prediction,perception_exit,6025631170048,657892,657977
202607271206,e2e_trace_v3,2217,17293833482614604658,0,prediction,writer_enter,6025631219168,657892,657977
202607271206,e2e_trace_v3,2218,17293833482614604658,0,prediction,writer_done,6025631360672,657892,657977
202607271206,e2e_trace_v3,2219,17293833482614604658,0,prediction,output_pub,6025631219168,657892,657977
202607271206,e2e_trace_v3,2220,17293833482614604659,0,prediction,proc_enter,6025721638400,657892,657967
202607271206,e2e_trace_v3,2221,17293833482614604659,0,prediction,container_enter,6025721679840,657892,657967
202607271206,e2e_trace_v3,2222,17293833482614604659,0,prediction,container_exit,6025722064384,657892,657967
202607271206,e2e_trace_v3,2223,17293833482614604659,0,prediction,perception_enter,6025722076352,657892,657967
202607271206,e2e_trace_v3,2224,17293833482614604659,0,prediction,evaluator_enter,6025722481024,657892,657967
202607271206,e2e_trace_v3,2225,17293833482614604659,0,prediction,evaluator_exit,6025724094560,657892,657967
202607271206,e2e_trace_v3,2226,17293833482614604659,0,prediction,predictor_enter,6025724113888,657892,657967
202607271206,e2e_trace_v3,2227,17293833482614604659,0,prediction,predictor_exit,6025724121600,657892,657967
202607271206,e2e_trace_v3,2228,17293833482614604659,0,prediction,perception_exit,6025724127136,657892,657967
202607271206,e2e_trace_v3,2229,17293833482614604659,0,prediction,writer_enter,6025724196576,657892,657967
202607271206,e2e_trace_v3,2230,17293833482614604659,0,prediction,writer_done,6025724323616,657892,657967
202607271206,e2e_trace_v3,2231,17293833482614604659,0,prediction,output_pub,6025724196576,657892,657967
202607271206,e2e_trace_v3,2232,17293833482614604660,0,prediction,proc_enter,6025816436928,657892,657965
202607271206,e2e_trace_v3,2233,17293833482614604660,0,prediction,container_enter,6025816471264,657892,657965
202607271206,e2e_trace_v3,2234,17293833482614604660,0,prediction,container_exit,6025816866080,657892,657965
202607271206,e2e_trace_v3,2235,17293833482614604660,0,prediction,perception_enter,6025816879840,657892,657965
202607271206,e2e_trace_v3,2236,17293833482614604660,0,prediction,evaluator_enter,6025817223776,657892,657965
202607271206,e2e_trace_v3,2237,17293833482614604660,0,prediction,evaluator_exit,6025818788192,657892,657965
202607271206,e2e_trace_v3,2238,17293833482614604660,0,prediction,predictor_enter,6025818803104,657892,657965
202607271206,e2e_trace_v3,2239,17293833482614604660,0,prediction,predictor_exit,6025818810080,657892,657965
202607271206,e2e_trace_v3,2240,17293833482614604660,0,prediction,perception_exit,6025818815712,657892,657965
202607271206,e2e_trace_v3,2241,17293833482614604660,0,prediction,writer_enter,6025818869504,657892,657965
202607271206,e2e_trace_v3,2242,17293833482614604660,0,prediction,writer_done,6025819006560,657892,657965
202607271206,e2e_trace_v3,2243,17293833482614604660,0,prediction,output_pub,6025818869504,657892,657965
202607271206,e2e_trace_v3,2244,17293833482614604661,0,prediction,proc_enter,6025922152064,657892,657969
202607271206,e2e_trace_v3,2245,17293833482614604661,0,prediction,container_enter,6025922185856,657892,657969
202607271206,e2e_trace_v3,2246,17293833482614604661,0,prediction,container_exit,6025922680384,657892,657969
202607271206,e2e_trace_v3,2247,17293833482614604661,0,prediction,perception_enter,6025922696256,657892,657969
202607271206,e2e_trace_v3,2248,17293833482614604661,0,prediction,evaluator_enter,6025923050176,657892,657969
202607271206,e2e_trace_v3,2249,17293833482614604661,0,prediction,evaluator_exit,6025924713088,657892,657969
202607271206,e2e_trace_v3,2250,17293833482614604661,0,prediction,predictor_enter,6025924735232,657892,657969
202607271206,e2e_trace_v3,2251,17293833482614604661,0,prediction,predictor_exit,6025924744288,657892,657969
202607271206,e2e_trace_v3,2252,17293833482614604661,0,prediction,perception_exit,6025924750752,657892,657969
202607271206,e2e_trace_v3,2253,17293833482614604661,0,prediction,writer_enter,6025924806432,657892,657969
202607271206,e2e_trace_v3,2254,17293833482614604661,0,prediction,writer_done,6025924925024,657892,657969
202607271206,e2e_trace_v3,2255,17293833482614604661,0,prediction,output_pub,6025924806432,657892,657969
202607271206,e2e_trace_v3,2256,17293833482614604662,0,prediction,proc_enter,6026019905696,657892,657976
202607271206,e2e_trace_v3,2257,17293833482614604662,0,prediction,container_enter,6026019938816,657892,657976
202607271206,e2e_trace_v3,2258,17293833482614604662,0,prediction,container_exit,6026020346080,657892,657976
202607271206,e2e_trace_v3,2259,17293833482614604662,0,prediction,perception_enter,6026020360576,657892,657976
202607271206,e2e_trace_v3,2260,17293833482614604662,0,prediction,evaluator_enter,6026020717728,657892,657976
202607271206,e2e_trace_v3,2261,17293833482614604662,0,prediction,evaluator_exit,6026022261088,657892,657976
202607271206,e2e_trace_v3,2262,17293833482614604662,0,prediction,predictor_enter,6026022286304,657892,657976
202607271206,e2e_trace_v3,2263,17293833482614604662,0,prediction,predictor_exit,6026022293184,657892,657976
202607271206,e2e_trace_v3,2264,17293833482614604662,0,prediction,perception_exit,6026022298016,657892,657976
202607271206,e2e_trace_v3,2265,17293833482614604662,0,prediction,writer_enter,6026022352128,657892,657976
202607271206,e2e_trace_v3,2266,17293833482614604662,0,prediction,writer_done,6026022501440,657892,657976
202607271206,e2e_trace_v3,2267,17293833482614604662,0,prediction,output_pub,6026022352128,657892,657976
202607271206,e2e_trace_v3,2268,17293833482614604663,0,prediction,proc_enter,6026115265056,657892,657975
202607271206,e2e_trace_v3,2269,17293833482614604663,0,prediction,container_enter,6026115304608,657892,657975
202607271206,e2e_trace_v3,2270,17293833482614604663,0,prediction,container_exit,6026115687264,657892,657975
202607271206,e2e_trace_v3,2271,17293833482614604663,0,prediction,perception_enter,6026115702016,657892,657975
202607271206,e2e_trace_v3,2272,17293833482614604663,0,prediction,evaluator_enter,6026116050784,657892,657975
202607271206,e2e_trace_v3,2273,17293833482614604663,0,prediction,evaluator_exit,6026117525056,657892,657975
202607271206,e2e_trace_v3,2274,17293833482614604663,0,prediction,predictor_enter,6026117545472,657892,657975
202607271206,e2e_trace_v3,2275,17293833482614604663,0,prediction,predictor_exit,6026117553536,657892,657975
202607271206,e2e_trace_v3,2276,17293833482614604663,0,prediction,perception_exit,6026117559264,657892,657975
202607271206,e2e_trace_v3,2277,17293833482614604663,0,prediction,writer_enter,6026117613440,657892,657975
202607271206,e2e_trace_v3,2278,17293833482614604663,0,prediction,writer_done,6026117761760,657892,657975
202607271206,e2e_trace_v3,2279,17293833482614604663,0,prediction,output_pub,6026117613440,657892,657975
202607271206,e2e_trace_v3,2280,17293833482614604664,0,prediction,proc_enter,6026215582208,657892,657969
202607271206,e2e_trace_v3,2281,17293833482614604664,0,prediction,container_enter,6026215622336,657892,657969
202607271206,e2e_trace_v3,2282,17293833482614604664,0,prediction,container_exit,6026216074944,657892,657969
202607271206,e2e_trace_v3,2283,17293833482614604664,0,prediction,perception_enter,6026216086400,657892,657969
202607271206,e2e_trace_v3,2284,17293833482614604664,0,prediction,evaluator_enter,6026216441312,657892,657969
202607271206,e2e_trace_v3,2285,17293833482614604664,0,prediction,evaluator_exit,6026218837248,657892,657969
202607271206,e2e_trace_v3,2286,17293833482614604664,0,prediction,predictor_enter,6026218866624,657892,657969
202607271206,e2e_trace_v3,2287,17293833482614604664,0,prediction,predictor_exit,6026218880096,657892,657969
202607271206,e2e_trace_v3,2288,17293833482614604664,0,prediction,perception_exit,6026218911712,657892,657969
202607271206,e2e_trace_v3,2289,17293833482614604664,0,prediction,writer_enter,6026218982176,657892,657969
202607271206,e2e_trace_v3,2290,17293833482614604664,0,prediction,writer_done,6026219186272,657892,657969
202607271206,e2e_trace_v3,2291,17293833482614604664,0,prediction,output_pub,6026218982176,657892,657969
202607271206,e2e_trace_v3,2292,17293833482614604665,0,prediction,proc_enter,6026317024512,657892,657963
202607271206,e2e_trace_v3,2293,17293833482614604665,0,prediction,container_enter,6026317078336,657892,657963
202607271206,e2e_trace_v3,2294,17293833482614604665,0,prediction,container_exit,6026317617728,657892,657963
202607271206,e2e_trace_v3,2295,17293833482614604665,0,prediction,perception_enter,6026317641728,657892,657963
202607271206,e2e_trace_v3,2296,17293833482614604665,0,prediction,evaluator_enter,6026318256512,657892,657963
202607271206,e2e_trace_v3,2297,17293833482614604665,0,prediction,evaluator_exit,6026320505280,657892,657963
202607271206,e2e_trace_v3,2298,17293833482614604665,0,prediction,predictor_enter,6026320533568,657892,657963
202607271206,e2e_trace_v3,2299,17293833482614604665,0,prediction,predictor_exit,6026320549056,657892,657963
202607271206,e2e_trace_v3,2300,17293833482614604665,0,prediction,perception_exit,6026320563264,657892,657963
202607271206,e2e_trace_v3,2301,17293833482614604665,0,prediction,writer_enter,6026320748096,657892,657963
202607271206,e2e_trace_v3,2302,17293833482614604665,0,prediction,writer_done,6026320931328,657892,657963
202607271206,e2e_trace_v3,2303,17293833482614604665,0,prediction,output_pub,6026320748096,657892,657963
202607271206,e2e_trace_v3,2304,17293833482614604666,0,prediction,proc_enter,6026418818592,657892,657965
202607271206,e2e_trace_v3,2305,17293833482614604666,0,prediction,container_enter,6026418869600,657892,657965
202607271206,e2e_trace_v3,2306,17293833482614604666,0,prediction,container_exit,6026419383136,657892,657965
202607271206,e2e_trace_v3,2307,17293833482614604666,0,prediction,perception_enter,6026419407904,657892,657965
202607271206,e2e_trace_v3,2308,17293833482614604666,0,prediction,evaluator_enter,6026419967232,657892,657965
202607271206,e2e_trace_v3,2309,17293833482614604666,0,prediction,evaluator_exit,6026426792704,657892,657965
202607271206,e2e_trace_v3,2310,17293833482614604666,0,prediction,predictor_enter,6026426835168,657892,657965
202607271206,e2e_trace_v3,2311,17293833482614604666,0,prediction,predictor_exit,6026426852800,657892,657965
202607271206,e2e_trace_v3,2312,17293833482614604666,0,prediction,perception_exit,6026426865856,657892,657965
202607271206,e2e_trace_v3,2313,17293833482614604666,0,prediction,writer_enter,6026426931104,657892,657965
202607271206,e2e_trace_v3,2314,17293833482614604666,0,prediction,writer_done,6026427122784,657892,657965
202607271206,e2e_trace_v3,2315,17293833482614604666,0,prediction,output_pub,6026426931104,657892,657965
202607271206,e2e_trace_v3,2316,17293833482614604667,0,prediction,proc_enter,6026519459488,657892,657974
202607271206,e2e_trace_v3,2317,17293833482614604667,0,prediction,container_enter,6026519528672,657892,657974
202607271206,e2e_trace_v3,2318,17293833482614604667,0,prediction,container_exit,6026520219136,657892,657974
202607271206,e2e_trace_v3,2319,17293833482614604667,0,prediction,perception_enter,6026520242912,657892,657974
202607271206,e2e_trace_v3,2320,17293833482614604667,0,prediction,evaluator_enter,6026520809376,657892,657974
202607271206,e2e_trace_v3,2321,17293833482614604667,0,prediction,evaluator_exit,6026523172864,657892,657974
202607271206,e2e_trace_v3,2322,17293833482614604667,0,prediction,predictor_enter,6026523202496,657892,657974
202607271206,e2e_trace_v3,2323,17293833482614604667,0,prediction,predictor_exit,6026523217888,657892,657974
202607271206,e2e_trace_v3,2324,17293833482614604667,0,prediction,perception_exit,6026523229920,657892,657974
202607271206,e2e_trace_v3,2325,17293833482614604667,0,prediction,writer_enter,6026523295904,657892,657974
202607271206,e2e_trace_v3,2326,17293833482614604667,0,prediction,writer_done,6026523499424,657892,657974
202607271206,e2e_trace_v3,2327,17293833482614604667,0,prediction,output_pub,6026523295904,657892,657974
202607271206,e2e_trace_v3,2328,17293833482614604668,0,prediction,proc_enter,6026625004960,657892,657971
202607271206,e2e_trace_v3,2329,17293833482614604668,0,prediction,container_enter,6026625059872,657892,657971
202607271206,e2e_trace_v3,2330,17293833482614604668,0,prediction,container_exit,6026625581376,657892,657971
202607271206,e2e_trace_v3,2331,17293833482614604668,0,prediction,perception_enter,6026625607712,657892,657971
202607271206,e2e_trace_v3,2332,17293833482614604668,0,prediction,evaluator_enter,6026626216608,657892,657971
202607271206,e2e_trace_v3,2333,17293833482614604668,0,prediction,evaluator_exit,6026628276640,657892,657971
202607271206,e2e_trace_v3,2334,17293833482614604668,0,prediction,predictor_enter,6026628302720,657892,657971
202607271206,e2e_trace_v3,2335,17293833482614604668,0,prediction,predictor_exit,6026628318208,657892,657971
202607271206,e2e_trace_v3,2336,17293833482614604668,0,prediction,perception_exit,6026628328640,657892,657971
202607271206,e2e_trace_v3,2337,17293833482614604668,0,prediction,writer_enter,6026628392768,657892,657971
202607271206,e2e_trace_v3,2338,17293833482614604668,0,prediction,writer_done,6026628564288,657892,657971
202607271206,e2e_trace_v3,2339,17293833482614604668,0,prediction,output_pub,6026628392768,657892,657971
202607271206,e2e_trace_v3,2340,17293833482614604669,0,prediction,proc_enter,6026728619296,657892,657966
202607271206,e2e_trace_v3,2341,17293833482614604669,0,prediction,container_enter,6026728678784,657892,657966
202607271206,e2e_trace_v3,2342,17293833482614604669,0,prediction,container_exit,6026729231712,657892,657966
202607271206,e2e_trace_v3,2343,17293833482614604669,0,prediction,perception_enter,6026729261280,657892,657966
202607271206,e2e_trace_v3,2344,17293833482614604669,0,prediction,evaluator_enter,6026729895200,657892,657966
202607271206,e2e_trace_v3,2345,17293833482614604669,0,prediction,evaluator_exit,6026734863840,657892,657966
202607271206,e2e_trace_v3,2346,17293833482614604669,0,prediction,predictor_enter,6026734903264,657892,657966
202607271206,e2e_trace_v3,2347,17293833482614604669,0,prediction,predictor_exit,6026734920736,657892,657966
202607271206,e2e_trace_v3,2348,17293833482614604669,0,prediction,perception_exit,6026734933824,657892,657966
202607271206,e2e_trace_v3,2349,17293833482614604669,0,prediction,writer_enter,6026735013120,657892,657966
202607271206,e2e_trace_v3,2350,17293833482614604669,0,prediction,writer_done,6026735230816,657892,657966
202607271206,e2e_trace_v3,2351,17293833482614604669,0,prediction,output_pub,6026735013120,657892,657966
202607271206,e2e_trace_v3,2352,17293833482614604670,0,prediction,proc_enter,6026821891008,657892,657970
202607271206,e2e_trace_v3,2353,17293833482614604670,0,prediction,container_enter,6026821925856,657892,657970
202607271206,e2e_trace_v3,2354,17293833482614604670,0,prediction,container_exit,6026822399776,657892,657970
202607271206,e2e_trace_v3,2355,17293833482614604670,0,prediction,perception_enter,6026822410912,657892,657970
202607271206,e2e_trace_v3,2356,17293833482614604670,0,prediction,evaluator_enter,6026822789600,657892,657970
202607271206,e2e_trace_v3,2357,17293833482614604670,0,prediction,evaluator_exit,6026824376864,657892,657970
202607271206,e2e_trace_v3,2358,17293833482614604670,0,prediction,predictor_enter,6026824403392,657892,657970
202607271206,e2e_trace_v3,2359,17293833482614604670,0,prediction,predictor_exit,6026824411872,657892,657970
202607271206,e2e_trace_v3,2360,17293833482614604670,0,prediction,perception_exit,6026824419136,657892,657970
202607271206,e2e_trace_v3,2361,17293833482614604670,0,prediction,writer_enter,6026824473376,657892,657970
202607271206,e2e_trace_v3,2362,17293833482614604670,0,prediction,writer_done,6026824608416,657892,657970
202607271206,e2e_trace_v3,2363,17293833482614604670,0,prediction,output_pub,6026824473376,657892,657970
202607271206,e2e_trace_v3,2364,17293833482614604671,0,prediction,proc_enter,6026925237824,657892,657971
202607271206,e2e_trace_v3,2365,17293833482614604671,0,prediction,container_enter,6026925279136,657892,657971
202607271206,e2e_trace_v3,2366,17293833482614604671,0,prediction,container_exit,6026925663168,657892,657971
202607271206,e2e_trace_v3,2367,17293833482614604671,0,prediction,perception_enter,6026925673824,657892,657971
202607271206,e2e_trace_v3,2368,17293833482614604671,0,prediction,evaluator_enter,6026926035904,657892,657971
202607271206,e2e_trace_v3,2369,17293833482614604671,0,prediction,evaluator_exit,6026927572576,657892,657971
202607271206,e2e_trace_v3,2370,17293833482614604671,0,prediction,predictor_enter,6026927592192,657892,657971
202607271206,e2e_trace_v3,2371,17293833482614604671,0,prediction,predictor_exit,6026927599648,657892,657971
202607271206,e2e_trace_v3,2372,17293833482614604671,0,prediction,perception_exit,6026927605888,657892,657971
202607271206,e2e_trace_v3,2373,17293833482614604671,0,prediction,writer_enter,6026927660288,657892,657971
202607271206,e2e_trace_v3,2374,17293833482614604671,0,prediction,writer_done,6026927796736,657892,657971
202607271206,e2e_trace_v3,2375,17293833482614604671,0,prediction,output_pub,6026927660288,657892,657971
202607271206,e2e_trace_v3,2376,17293833482614604672,0,prediction,proc_enter,6027015750944,657892,657971
202607271206,e2e_trace_v3,2377,17293833482614604672,0,prediction,container_enter,6027015836768,657892,657971
202607271206,e2e_trace_v3,2378,17293833482614604672,0,prediction,container_exit,6027016212128,657892,657971
202607271206,e2e_trace_v3,2379,17293833482614604672,0,prediction,perception_enter,6027016222496,657892,657971
202607271206,e2e_trace_v3,2380,17293833482614604672,0,prediction,evaluator_enter,6027016566592,657892,657971
202607271206,e2e_trace_v3,2381,17293833482614604672,0,prediction,evaluator_exit,6027018120640,657892,657971
202607271206,e2e_trace_v3,2382,17293833482614604672,0,prediction,predictor_enter,6027018148160,657892,657971
202607271206,e2e_trace_v3,2383,17293833482614604672,0,prediction,predictor_exit,6027018155840,657892,657971
202607271206,e2e_trace_v3,2384,17293833482614604672,0,prediction,perception_exit,6027018162176,657892,657971
202607271206,e2e_trace_v3,2385,17293833482614604672,0,prediction,writer_enter,6027018221376,657892,657971
202607271206,e2e_trace_v3,2386,17293833482614604672,0,prediction,writer_done,6027018362880,657892,657971
202607271206,e2e_trace_v3,2387,17293833482614604672,0,prediction,output_pub,6027018221376,657892,657971
202607271206,e2e_trace_v3,2388,17293833482614604673,0,prediction,proc_enter,6027119028448,657892,657972
202607271206,e2e_trace_v3,2389,17293833482614604673,0,prediction,container_enter,6027119066624,657892,657972
202607271206,e2e_trace_v3,2390,17293833482614604673,0,prediction,container_exit,6027119537312,657892,657972
202607271206,e2e_trace_v3,2391,17293833482614604673,0,prediction,perception_enter,6027119547552,657892,657972
202607271206,e2e_trace_v3,2392,17293833482614604673,0,prediction,evaluator_enter,6027119908224,657892,657972
202607271206,e2e_trace_v3,2393,17293833482614604673,0,prediction,evaluator_exit,6027121443680,657892,657972
202607271206,e2e_trace_v3,2394,17293833482614604673,0,prediction,predictor_enter,6027121469152,657892,657972
202607271206,e2e_trace_v3,2395,17293833482614604673,0,prediction,predictor_exit,6027121477568,657892,657972
202607271206,e2e_trace_v3,2396,17293833482614604673,0,prediction,perception_exit,6027121483904,657892,657972
202607271206,e2e_trace_v3,2397,17293833482614604673,0,prediction,writer_enter,6027121536160,657892,657972
202607271206,e2e_trace_v3,2398,17293833482614604673,0,prediction,writer_done,6027121677024,657892,657972
202607271206,e2e_trace_v3,2399,17293833482614604673,0,prediction,output_pub,6027121536160,657892,657972
202607271206,e2e_trace_v3,2400,17293833482614604674,0,prediction,proc_enter,6027230712160,657892,657973
202607271206,e2e_trace_v3,2401,17293833482614604674,0,prediction,container_enter,6027230806400,657892,657973
202607271206,e2e_trace_v3,2402,17293833482614604674,0,prediction,container_exit,6027231233248,657892,657973
202607271206,e2e_trace_v3,2403,17293833482614604674,0,prediction,perception_enter,6027231248096,657892,657973
202607271206,e2e_trace_v3,2404,17293833482614604674,0,prediction,evaluator_enter,6027231630048,657892,657973
202607271206,e2e_trace_v3,2405,17293833482614604674,0,prediction,evaluator_exit,6027234775168,657892,657973
202607271206,e2e_trace_v3,2406,17293833482614604674,0,prediction,predictor_enter,6027234805952,657892,657973
202607271206,e2e_trace_v3,2407,17293833482614604674,0,prediction,predictor_exit,6027234816192,657892,657973
202607271206,e2e_trace_v3,2408,17293833482614604674,0,prediction,perception_exit,6027234825056,657892,657973
202607271206,e2e_trace_v3,2409,17293833482614604674,0,prediction,writer_enter,6027234886560,657892,657973
202607271206,e2e_trace_v3,2410,17293833482614604674,0,prediction,writer_done,6027235020800,657892,657973
202607271206,e2e_trace_v3,2411,17293833482614604674,0,prediction,output_pub,6027234886560,657892,657973
202607271206,e2e_trace_v3,2412,17293833482614604675,0,prediction,proc_enter,6027321588640,657892,657976
202607271206,e2e_trace_v3,2413,17293833482614604675,0,prediction,container_enter,6027321661696,657892,657976
202607271206,e2e_trace_v3,2414,17293833482614604675,0,prediction,container_exit,6027322082816,657892,657976
202607271206,e2e_trace_v3,2415,17293833482614604675,0,prediction,perception_enter,6027322098848,657892,657976
202607271206,e2e_trace_v3,2416,17293833482614604675,0,prediction,evaluator_enter,6027322578048,657892,657976
202607271206,e2e_trace_v3,2417,17293833482614604675,0,prediction,evaluator_exit,6027326772960,657892,657976
202607271206,e2e_trace_v3,2418,17293833482614604675,0,prediction,predictor_enter,6027326803488,657892,657976
202607271206,e2e_trace_v3,2419,17293833482614604675,0,prediction,predictor_exit,6027326813088,657892,657976
202607271206,e2e_trace_v3,2420,17293833482614604675,0,prediction,perception_exit,6027326821856,657892,657976
202607271206,e2e_trace_v3,2421,17293833482614604675,0,prediction,writer_enter,6027326878080,657892,657976
202607271206,e2e_trace_v3,2422,17293833482614604675,0,prediction,writer_done,6027327033376,657892,657976
202607271206,e2e_trace_v3,2423,17293833482614604675,0,prediction,output_pub,6027326878080,657892,657976
202607271206,e2e_trace_v3,2424,17293833482614604676,0,prediction,proc_enter,6027419225280,657892,657963
202607271206,e2e_trace_v3,2425,17293833482614604676,0,prediction,container_enter,6027419303616,657892,657963
202607271206,e2e_trace_v3,2426,17293833482614604676,0,prediction,container_exit,6027419865600,657892,657963
202607271206,e2e_trace_v3,2427,17293833482614604676,0,prediction,perception_enter,6027419884224,657892,657963
202607271206,e2e_trace_v3,2428,17293833482614604676,0,prediction,evaluator_enter,6027420354816,657892,657963
202607271206,e2e_trace_v3,2429,17293833482614604676,0,prediction,evaluator_exit,6027422783936,657892,657963
202607271206,e2e_trace_v3,2430,17293833482614604676,0,prediction,predictor_enter,6027422811456,657892,657963
202607271206,e2e_trace_v3,2431,17293833482614604676,0,prediction,predictor_exit,6027422821216,657892,657963
202607271206,e2e_trace_v3,2432,17293833482614604676,0,prediction,perception_exit,6027422829408,657892,657963
202607271206,e2e_trace_v3,2433,17293833482614604676,0,prediction,writer_enter,6027422883456,657892,657963
202607271206,e2e_trace_v3,2434,17293833482614604676,0,prediction,writer_done,6027423037984,657892,657963
202607271206,e2e_trace_v3,2435,17293833482614604676,0,prediction,output_pub,6027422883456,657892,657963
202607271206,e2e_trace_v3,2436,17293833482614604677,0,prediction,proc_enter,6027523728960,657892,657970
202607271206,e2e_trace_v3,2437,17293833482614604677,0,prediction,container_enter,6027523797760,657892,657970
202607271206,e2e_trace_v3,2438,17293833482614604677,0,prediction,container_exit,6027524286048,657892,657970
202607271206,e2e_trace_v3,2439,17293833482614604677,0,prediction,perception_enter,6027524309760,657892,657970
202607271206,e2e_trace_v3,2440,17293833482614604677,0,prediction,evaluator_enter,6027524935200,657892,657970
202607271206,e2e_trace_v3,2441,17293833482614604677,0,prediction,evaluator_exit,6027530802464,657892,657970
202607271206,e2e_trace_v3,2442,17293833482614604677,0,prediction,predictor_enter,6027530834336,657892,657970
202607271206,e2e_trace_v3,2443,17293833482614604677,0,prediction,predictor_exit,6027530843616,657892,657970
202607271206,e2e_trace_v3,2444,17293833482614604677,0,prediction,perception_exit,6027530851520,657892,657970
202607271206,e2e_trace_v3,2445,17293833482614604677,0,prediction,writer_enter,6027530907936,657892,657970
202607271206,e2e_trace_v3,2446,17293833482614604677,0,prediction,writer_done,6027531111008,657892,657970
202607271206,e2e_trace_v3,2447,17293833482614604677,0,prediction,output_pub,6027530907936,657892,657970
202607271206,e2e_trace_v3,2448,17293833482614604678,0,prediction,proc_enter,6027634579072,657892,657964
202607271206,e2e_trace_v3,2449,17293833482614604678,0,prediction,container_enter,6027634649504,657892,657964
202607271206,e2e_trace_v3,2450,17293833482614604678,0,prediction,container_exit,6027635142912,657892,657964
202607271206,e2e_trace_v3,2451,17293833482614604678,0,prediction,perception_enter,6027635180160,657892,657964
202607271206,e2e_trace_v3,2452,17293833482614604678,0,prediction,evaluator_enter,6027635823200,657892,657964
202607271206,e2e_trace_v3,2453,17293833482614604678,0,prediction,evaluator_exit,6027638787072,657892,657964
202607271206,e2e_trace_v3,2454,17293833482614604678,0,prediction,predictor_enter,6027638821408,657892,657964
202607271206,e2e_trace_v3,2455,17293833482614604678,0,prediction,predictor_exit,6027638833248,657892,657964
202607271206,e2e_trace_v3,2456,17293833482614604678,0,prediction,perception_exit,6027638841760,657892,657964
202607271206,e2e_trace_v3,2457,17293833482614604678,0,prediction,writer_enter,6027638901440,657892,657964
202607271206,e2e_trace_v3,2458,17293833482614604678,0,prediction,writer_done,6027639084576,657892,657964
202607271206,e2e_trace_v3,2459,17293833482614604678,0,prediction,output_pub,6027638901440,657892,657964
202607271206,e2e_trace_v3,2460,17293833482614604679,0,prediction,proc_enter,6027730647520,657892,657969
202607271206,e2e_trace_v3,2461,17293833482614604679,0,prediction,container_enter,6027730697600,657892,657969
202607271206,e2e_trace_v3,2462,17293833482614604679,0,prediction,container_exit,6027731329920,657892,657969
202607271206,e2e_trace_v3,2463,17293833482614604679,0,prediction,perception_enter,6027731357600,657892,657969
202607271206,e2e_trace_v3,2464,17293833482614604679,0,prediction,evaluator_enter,6027732277824,657892,657969
202607271206,e2e_trace_v3,2465,17293833482614604679,0,prediction,evaluator_exit,6027738821120,657892,657969
202607271206,e2e_trace_v3,2466,17293833482614604679,0,prediction,predictor_enter,6027738862336,657892,657969
202607271206,e2e_trace_v3,2467,17293833482614604679,0,prediction,predictor_exit,6027738880224,657892,657969
202607271206,e2e_trace_v3,2468,17293833482614604679,0,prediction,perception_exit,6027738911168,657892,657969
202607271206,e2e_trace_v3,2469,17293833482614604679,0,prediction,writer_enter,6027738984512,657892,657969
202607271206,e2e_trace_v3,2470,17293833482614604679,0,prediction,writer_done,6027739182912,657892,657969
202607271206,e2e_trace_v3,2471,17293833482614604679,0,prediction,output_pub,6027738984512,657892,657969
202607271206,e2e_trace_v3,2472,17293833482614604680,0,prediction,proc_enter,6027835919168,657892,657966
202607271206,e2e_trace_v3,2473,17293833482614604680,0,prediction,container_enter,6027835967232,657892,657966
202607271206,e2e_trace_v3,2474,17293833482614604680,0,prediction,container_exit,6027836432352,657892,657966
202607271206,e2e_trace_v3,2475,17293833482614604680,0,prediction,perception_enter,6027836449760,657892,657966
202607271206,e2e_trace_v3,2476,17293833482614604680,0,prediction,evaluator_enter,6027836978272,657892,657966
202607271206,e2e_trace_v3,2477,17293833482614604680,0,prediction,evaluator_exit,6027842781760,657892,657966
202607271206,e2e_trace_v3,2478,17293833482614604680,0,prediction,predictor_enter,6027842812480,657892,657966
202607271206,e2e_trace_v3,2479,17293833482614604680,0,prediction,predictor_exit,6027842822528,657892,657966
202607271206,e2e_trace_v3,2480,17293833482614604680,0,prediction,perception_exit,6027842830240,657892,657966
202607271206,e2e_trace_v3,2481,17293833482614604680,0,prediction,writer_enter,6027842883008,657892,657966
202607271206,e2e_trace_v3,2482,17293833482614604680,0,prediction,writer_done,6027843058368,657892,657966
202607271206,e2e_trace_v3,2483,17293833482614604680,0,prediction,output_pub,6027842883008,657892,657966
202607271206,e2e_trace_v3,2484,17293833482614604681,0,prediction,proc_enter,6027925390848,657892,657971
202607271206,e2e_trace_v3,2485,17293833482614604681,0,prediction,container_enter,6027925444704,657892,657971
202607271206,e2e_trace_v3,2486,17293833482614604681,0,prediction,container_exit,6027925961920,657892,657971
202607271206,e2e_trace_v3,2487,17293833482614604681,0,prediction,perception_enter,6027925986016,657892,657971
202607271206,e2e_trace_v3,2488,17293833482614604681,0,prediction,evaluator_enter,6027926736000,657892,657971
202607271206,e2e_trace_v3,2489,17293833482614604681,0,prediction,evaluator_exit,6027928832288,657892,657971
202607271206,e2e_trace_v3,2490,17293833482614604681,0,prediction,predictor_enter,6027928858080,657892,657971
202607271206,e2e_trace_v3,2491,17293833482614604681,0,prediction,predictor_exit,6027928870752,657892,657971
202607271206,e2e_trace_v3,2492,17293833482614604681,0,prediction,perception_exit,6027928880768,657892,657971
202607271206,e2e_trace_v3,2493,17293833482614604681,0,prediction,writer_enter,6027928942336,657892,657971
202607271206,e2e_trace_v3,2494,17293833482614604681,0,prediction,writer_done,6027929114048,657892,657971
202607271206,e2e_trace_v3,2495,17293833482614604681,0,prediction,output_pub,6027928942336,657892,657971
202607271206,e2e_trace_v3,2496,17293833482614604682,0,prediction,proc_enter,6028030323648,657892,657976
202607271206,e2e_trace_v3,2497,17293833482614604682,0,prediction,container_enter,6028030375328,657892,657976
202607271206,e2e_trace_v3,2498,17293833482614604682,0,prediction,container_exit,6028030930464,657892,657976
202607271206,e2e_trace_v3,2499,17293833482614604682,0,prediction,perception_enter,6028030952096,657892,657976
202607271206,e2e_trace_v3,2500,17293833482614604682,0,prediction,evaluator_enter,6028031394272,657892,657976
202607271206,e2e_trace_v3,2501,17293833482614604682,0,prediction,evaluator_exit,6028034852928,657892,657976
202607271206,e2e_trace_v3,2502,17293833482614604682,0,prediction,predictor_enter,6028034879520,657892,657976
202607271206,e2e_trace_v3,2503,17293833482614604682,0,prediction,predictor_exit,6028034886912,657892,657976
202607271206,e2e_trace_v3,2504,17293833482614604682,0,prediction,perception_exit,6028034892928,657892,657976
202607271206,e2e_trace_v3,2505,17293833482614604682,0,prediction,writer_enter,6028034950304,657892,657976
202607271206,e2e_trace_v3,2506,17293833482614604682,0,prediction,writer_done,6028035072576,657892,657976
202607271206,e2e_trace_v3,2507,17293833482614604682,0,prediction,output_pub,6028034950304,657892,657976
202607271206,e2e_trace_v3,2508,17293833482614604683,0,prediction,proc_enter,6028123935968,657892,657963
202607271206,e2e_trace_v3,2509,17293833482614604683,0,prediction,container_enter,6028123968928,657892,657963
202607271206,e2e_trace_v3,2510,17293833482614604683,0,prediction,container_exit,6028124320736,657892,657963
202607271206,e2e_trace_v3,2511,17293833482614604683,0,prediction,perception_enter,6028124331680,657892,657963
202607271206,e2e_trace_v3,2512,17293833482614604683,0,prediction,evaluator_enter,6028124711840,657892,657963
202607271206,e2e_trace_v3,2513,17293833482614604683,0,prediction,evaluator_exit,6028126299328,657892,657963
202607271206,e2e_trace_v3,2514,17293833482614604683,0,prediction,predictor_enter,6028126321376,657892,657963
202607271206,e2e_trace_v3,2515,17293833482614604683,0,prediction,predictor_exit,6028126327744,657892,657963
202607271206,e2e_trace_v3,2516,17293833482614604683,0,prediction,perception_exit,6028126332768,657892,657963
202607271206,e2e_trace_v3,2517,17293833482614604683,0,prediction,writer_enter,6028126366848,657892,657963
202607271206,e2e_trace_v3,2518,17293833482614604683,0,prediction,writer_done,6028126506880,657892,657963
202607271206,e2e_trace_v3,2519,17293833482614604683,0,prediction,output_pub,6028126366848,657892,657963
202607271206,e2e_trace_v3,2520,17293833482614604684,0,prediction,proc_enter,6028223095104,657892,657965
202607271206,e2e_trace_v3,2521,17293833482614604684,0,prediction,container_enter,6028223133376,657892,657965
202607271206,e2e_trace_v3,2522,17293833482614604684,0,prediction,container_exit,6028223509920,657892,657965
202607271206,e2e_trace_v3,2523,17293833482614604684,0,prediction,perception_enter,6028223529664,657892,657965
202607271206,e2e_trace_v3,2524,17293833482614604684,0,prediction,evaluator_enter,6028223896288,657892,657965
202607271206,e2e_trace_v3,2525,17293833482614604684,0,prediction,evaluator_exit,6028225413984,657892,657965
202607271206,e2e_trace_v3,2526,17293833482614604684,0,prediction,predictor_enter,6028225431296,657892,657965
202607271206,e2e_trace_v3,2527,17293833482614604684,0,prediction,predictor_exit,6028225439104,657892,657965
202607271206,e2e_trace_v3,2528,17293833482614604684,0,prediction,perception_exit,6028225445568,657892,657965
202607271206,e2e_trace_v3,2529,17293833482614604684,0,prediction,writer_enter,6028225586976,657892,657965
202607271206,e2e_trace_v3,2530,17293833482614604684,0,prediction,writer_done,6028225739840,657892,657965
202607271206,e2e_trace_v3,2531,17293833482614604684,0,prediction,output_pub,6028225586976,657892,657965
202607271206,e2e_trace_v3,2532,17293833482614604685,0,prediction,proc_enter,6028326439136,657892,657973
202607271206,e2e_trace_v3,2533,17293833482614604685,0,prediction,container_enter,6028326506976,657892,657973
202607271206,e2e_trace_v3,2534,17293833482614604685,0,prediction,container_exit,6028327063776,657892,657973
202607271206,e2e_trace_v3,2535,17293833482614604685,0,prediction,perception_enter,6028327081632,657892,657973
202607271206,e2e_trace_v3,2536,17293833482614604685,0,prediction,evaluator_enter,6028327610304,657892,657973
202607271206,e2e_trace_v3,2537,17293833482614604685,0,prediction,evaluator_exit,6028329444608,657892,657973
202607271206,e2e_trace_v3,2538,17293833482614604685,0,prediction,predictor_enter,6028329468960,657892,657973
202607271206,e2e_trace_v3,2539,17293833482614604685,0,prediction,predictor_exit,6028329483200,657892,657973
202607271206,e2e_trace_v3,2540,17293833482614604685,0,prediction,perception_exit,6028329494944,657892,657973
202607271206,e2e_trace_v3,2541,17293833482614604685,0,prediction,writer_enter,6028329558784,657892,657973
202607271206,e2e_trace_v3,2542,17293833482614604685,0,prediction,writer_done,6028329724320,657892,657973
202607271206,e2e_trace_v3,2543,17293833482614604685,0,prediction,output_pub,6028329558784,657892,657973
202607271206,e2e_trace_v3,2544,17293833482614604686,0,prediction,proc_enter,6028435564480,657892,657966
202607271206,e2e_trace_v3,2545,17293833482614604686,0,prediction,container_enter,6028435606816,657892,657966
202607271206,e2e_trace_v3,2546,17293833482614604686,0,prediction,container_exit,6028436045952,657892,657966
202607271206,e2e_trace_v3,2547,17293833482614604686,0,prediction,perception_enter,6028436065024,657892,657966
202607271206,e2e_trace_v3,2548,17293833482614604686,0,prediction,evaluator_enter,6028436504928,657892,657966
202607271206,e2e_trace_v3,2549,17293833482614604686,0,prediction,evaluator_exit,6028438183264,657892,657966
202607271206,e2e_trace_v3,2550,17293833482614604686,0,prediction,predictor_enter,6028438204000,657892,657966
202607271206,e2e_trace_v3,2551,17293833482614604686,0,prediction,predictor_exit,6028438211936,657892,657966
202607271206,e2e_trace_v3,2552,17293833482614604686,0,prediction,perception_exit,6028438217536,657892,657966
202607271206,e2e_trace_v3,2553,17293833482614604686,0,prediction,writer_enter,6028438271872,657892,657966
202607271206,e2e_trace_v3,2554,17293833482614604686,0,prediction,writer_done,6028438409760,657892,657966
202607271206,e2e_trace_v3,2555,17293833482614604686,0,prediction,output_pub,6028438271872,657892,657966
202607271206,e2e_trace_v3,2556,17293833482614604687,0,prediction,proc_enter,6028530757024,657892,657971
202607271206,e2e_trace_v3,2557,17293833482614604687,0,prediction,container_enter,6028530788320,657892,657971
202607271206,e2e_trace_v3,2558,17293833482614604687,0,prediction,container_exit,6028531163552,657892,657971
202607271206,e2e_trace_v3,2559,17293833482614604687,0,prediction,perception_enter,6028531175328,657892,657971
202607271206,e2e_trace_v3,2560,17293833482614604687,0,prediction,evaluator_enter,6028531544000,657892,657971
202607271206,e2e_trace_v3,2561,17293833482614604687,0,prediction,evaluator_exit,6028533050208,657892,657971
202607271206,e2e_trace_v3,2562,17293833482614604687,0,prediction,predictor_enter,6028533070496,657892,657971
202607271206,e2e_trace_v3,2563,17293833482614604687,0,prediction,predictor_exit,6028533078720,657892,657971
202607271206,e2e_trace_v3,2564,17293833482614604687,0,prediction,perception_exit,6028533084608,657892,657971
202607271206,e2e_trace_v3,2565,17293833482614604687,0,prediction,writer_enter,6028533143328,657892,657971
202607271206,e2e_trace_v3,2566,17293833482614604687,0,prediction,writer_done,6028533274976,657892,657971
202607271206,e2e_trace_v3,2567,17293833482614604687,0,prediction,output_pub,6028533143328,657892,657971
202607271206,e2e_trace_v3,2568,17293833482614604688,0,prediction,proc_enter,6028623122976,657892,657965
202607271206,e2e_trace_v3,2569,17293833482614604688,0,prediction,container_enter,6028623168256,657892,657965
202607271206,e2e_trace_v3,2570,17293833482614604688,0,prediction,container_exit,6028623663328,657892,657965
202607271206,e2e_trace_v3,2571,17293833482614604688,0,prediction,perception_enter,6028623680608,657892,657965
202607271206,e2e_trace_v3,2572,17293833482614604688,0,prediction,evaluator_enter,6028624106560,657892,657965
202607271206,e2e_trace_v3,2573,17293833482614604688,0,prediction,evaluator_exit,6028626642304,657892,657965
202607271206,e2e_trace_v3,2574,17293833482614604688,0,prediction,predictor_enter,6028626659840,657892,657965
202607271206,e2e_trace_v3,2575,17293833482614604688,0,prediction,predictor_exit,6028626665856,657892,657965
202607271206,e2e_trace_v3,2576,17293833482614604688,0,prediction,perception_exit,6028626672416,657892,657965
202607271206,e2e_trace_v3,2577,17293833482614604688,0,prediction,writer_enter,6028626722848,657892,657965
202607271206,e2e_trace_v3,2578,17293833482614604688,0,prediction,writer_done,6028626860032,657892,657965
202607271206,e2e_trace_v3,2579,17293833482614604688,0,prediction,output_pub,6028626722848,657892,657965
202607271206,e2e_trace_v3,2580,17293833482614604689,0,prediction,proc_enter,6028727224608,657892,657974
202607271206,e2e_trace_v3,2581,17293833482614604689,0,prediction,container_enter,6028727271584,657892,657974
202607271206,e2e_trace_v3,2582,17293833482614604689,0,prediction,container_exit,6028727706144,657892,657974
202607271206,e2e_trace_v3,2583,17293833482614604689,0,prediction,perception_enter,6028727721088,657892,657974
202607271206,e2e_trace_v3,2584,17293833482614604689,0,prediction,evaluator_enter,6028728157728,657892,657974
202607271206,e2e_trace_v3,2585,17293833482614604689,0,prediction,evaluator_exit,6028734727840,657892,657974
202607271206,e2e_trace_v3,2586,17293833482614604689,0,prediction,predictor_enter,6028734756960,657892,657974
202607271206,e2e_trace_v3,2587,17293833482614604689,0,prediction,predictor_exit,6028734765920,657892,657974
202607271206,e2e_trace_v3,2588,17293833482614604689,0,prediction,perception_exit,6028734773952,657892,657974
202607271206,e2e_trace_v3,2589,17293833482614604689,0,prediction,writer_enter,6028734832288,657892,657974
202607271206,e2e_trace_v3,2590,17293833482614604689,0,prediction,writer_done,6028734965632,657892,657974
202607271206,e2e_trace_v3,2591,17293833482614604689,0,prediction,output_pub,6028734832288,657892,657974
202607271206,e2e_trace_v3,2592,17293833482614604690,0,prediction,proc_enter,6028826942048,657892,657973
202607271206,e2e_trace_v3,2593,17293833482614604690,0,prediction,container_enter,6028826996288,657892,657973
202607271206,e2e_trace_v3,2594,17293833482614604690,0,prediction,container_exit,6028827446560,657892,657973
202607271206,e2e_trace_v3,2595,17293833482614604690,0,prediction,perception_enter,6028827464000,657892,657973
202607271206,e2e_trace_v3,2596,17293833482614604690,0,prediction,evaluator_enter,6028827905696,657892,657973
202607271206,e2e_trace_v3,2597,17293833482614604690,0,prediction,evaluator_exit,6028830602144,657892,657973
202607271206,e2e_trace_v3,2598,17293833482614604690,0,prediction,predictor_enter,6028830625024,657892,657973
202607271206,e2e_trace_v3,2599,17293833482614604690,0,prediction,predictor_exit,6028830631104,657892,657973
202607271206,e2e_trace_v3,2600,17293833482614604690,0,prediction,perception_exit,6028830635776,657892,657973
202607271206,e2e_trace_v3,2601,17293833482614604690,0,prediction,writer_enter,6028830682688,657892,657973
202607271206,e2e_trace_v3,2602,17293833482614604690,0,prediction,writer_done,6028830800000,657892,657973
202607271206,e2e_trace_v3,2603,17293833482614604690,0,prediction,output_pub,6028830682688,657892,657973
202607271206,e2e_trace_v3,2604,17293833482614604691,0,prediction,proc_enter,6028920731200,657892,657974
202607271206,e2e_trace_v3,2605,17293833482614604691,0,prediction,container_enter,6028920779840,657892,657974
202607271206,e2e_trace_v3,2606,17293833482614604691,0,prediction,container_exit,6028921277632,657892,657974
202607271206,e2e_trace_v3,2607,17293833482614604691,0,prediction,perception_enter,6028921292160,657892,657974
202607271206,e2e_trace_v3,2608,17293833482614604691,0,prediction,evaluator_enter,6028921658528,657892,657974
202607271206,e2e_trace_v3,2609,17293833482614604691,0,prediction,evaluator_exit,6028923327776,657892,657974
202607271206,e2e_trace_v3,2610,17293833482614604691,0,prediction,predictor_enter,6028923353888,657892,657974
202607271206,e2e_trace_v3,2611,17293833482614604691,0,prediction,predictor_exit,6028923364384,657892,657974
202607271206,e2e_trace_v3,2612,17293833482614604691,0,prediction,perception_exit,6028923374144,657892,657974
202607271206,e2e_trace_v3,2613,17293833482614604691,0,prediction,writer_enter,6028923419968,657892,657974
202607271206,e2e_trace_v3,2614,17293833482614604691,0,prediction,writer_done,6028923556384,657892,657974
202607271206,e2e_trace_v3,2615,17293833482614604691,0,prediction,output_pub,6028923419968,657892,657974
202607271206,e2e_trace_v3,2616,17293833482614604692,0,prediction,proc_enter,6029026612000,657892,657968
202607271206,e2e_trace_v3,2617,17293833482614604692,0,prediction,container_enter,6029026649632,657892,657968
202607271206,e2e_trace_v3,2618,17293833482614604692,0,prediction,container_exit,6029027071552,657892,657968
202607271206,e2e_trace_v3,2619,17293833482614604692,0,prediction,perception_enter,6029027083200,657892,657968
202607271206,e2e_trace_v3,2620,17293833482614604692,0,prediction,evaluator_enter,6029027461440,657892,657968
202607271206,e2e_trace_v3,2621,17293833482614604692,0,prediction,evaluator_exit,6029030718880,657892,657968
202607271206,e2e_trace_v3,2622,17293833482614604692,0,prediction,predictor_enter,6029030742656,657892,657968
202607271206,e2e_trace_v3,2623,17293833482614604692,0,prediction,predictor_exit,6029030750080,657892,657968
202607271206,e2e_trace_v3,2624,17293833482614604692,0,prediction,perception_exit,6029030755680,657892,657968
202607271206,e2e_trace_v3,2625,17293833482614604692,0,prediction,writer_enter,6029030799616,657892,657968
202607271206,e2e_trace_v3,2626,17293833482614604692,0,prediction,writer_done,6029030926176,657892,657968
202607271206,e2e_trace_v3,2627,17293833482614604692,0,prediction,output_pub,6029030799616,657892,657968
202607271206,e2e_trace_v3,2628,17293833482614604693,0,prediction,proc_enter,6029116007648,657892,657977
202607271206,e2e_trace_v3,2629,17293833482614604693,0,prediction,container_enter,6029116041792,657892,657977
202607271206,e2e_trace_v3,2630,17293833482614604693,0,prediction,container_exit,6029116475840,657892,657977
202607271206,e2e_trace_v3,2631,17293833482614604693,0,prediction,perception_enter,6029116490048,657892,657977
202607271206,e2e_trace_v3,2632,17293833482614604693,0,prediction,evaluator_enter,6029116931168,657892,657977
202607271206,e2e_trace_v3,2633,17293833482614604693,0,prediction,evaluator_exit,6029118548352,657892,657977
202607271206,e2e_trace_v3,2634,17293833482614604693,0,prediction,predictor_enter,6029118572224,657892,657977
202607271206,e2e_trace_v3,2635,17293833482614604693,0,prediction,predictor_exit,6029118578656,657892,657977
202607271206,e2e_trace_v3,2636,17293833482614604693,0,prediction,perception_exit,6029118584992,657892,657977
202607271206,e2e_trace_v3,2637,17293833482614604693,0,prediction,writer_enter,6029118644448,657892,657977
202607271206,e2e_trace_v3,2638,17293833482614604693,0,prediction,writer_done,6029118781344,657892,657977
202607271206,e2e_trace_v3,2639,17293833482614604693,0,prediction,output_pub,6029118644448,657892,657977
202607271206,e2e_trace_v3,2640,17293833482614604694,0,prediction,proc_enter,6029225468128,657892,657969
202607271206,e2e_trace_v3,2641,17293833482614604694,0,prediction,container_enter,6029225500672,657892,657969
202607271206,e2e_trace_v3,2642,17293833482614604694,0,prediction,container_exit,6029225999648,657892,657969
202607271206,e2e_trace_v3,2643,17293833482614604694,0,prediction,perception_enter,6029226013152,657892,657969
202607271206,e2e_trace_v3,2644,17293833482614604694,0,prediction,evaluator_enter,6029226379360,657892,657969
202607271206,e2e_trace_v3,2645,17293833482614604694,0,prediction,evaluator_exit,6029228019040,657892,657969
202607271206,e2e_trace_v3,2646,17293833482614604694,0,prediction,predictor_enter,6029228041184,657892,657969
202607271206,e2e_trace_v3,2647,17293833482614604694,0,prediction,predictor_exit,6029228048224,657892,657969
202607271206,e2e_trace_v3,2648,17293833482614604694,0,prediction,perception_exit,6029228053856,657892,657969
202607271206,e2e_trace_v3,2649,17293833482614604694,0,prediction,writer_enter,6029228091584,657892,657969
202607271206,e2e_trace_v3,2650,17293833482614604694,0,prediction,writer_done,6029228198976,657892,657969
202607271206,e2e_trace_v3,2651,17293833482614604694,0,prediction,output_pub,6029228091584,657892,657969
202607271206,e2e_trace_v3,2652,17293833482614604695,0,prediction,proc_enter,6029328285376,657892,657978
202607271206,e2e_trace_v3,2653,17293833482614604695,0,prediction,container_enter,6029328346560,657892,657978
202607271206,e2e_trace_v3,2654,17293833482614604695,0,prediction,container_exit,6029328885120,657892,657978
202607271206,e2e_trace_v3,2655,17293833482614604695,0,prediction,perception_enter,6029328910208,657892,657978
202607271206,e2e_trace_v3,2656,17293833482614604695,0,prediction,evaluator_enter,6029329532352,657892,657978
202607271206,e2e_trace_v3,2657,17293833482614604695,0,prediction,evaluator_exit,6029332166048,657892,657978
202607271206,e2e_trace_v3,2658,17293833482614604695,0,prediction,predictor_enter,6029332196768,657892,657978
202607271206,e2e_trace_v3,2659,17293833482614604695,0,prediction,predictor_exit,6029332206880,657892,657978
202607271206,e2e_trace_v3,2660,17293833482614604695,0,prediction,perception_exit,6029332215520,657892,657978
202607271206,e2e_trace_v3,2661,17293833482614604695,0,prediction,writer_enter,6029332273856,657892,657978
202607271206,e2e_trace_v3,2662,17293833482614604695,0,prediction,writer_done,6029332451360,657892,657978
202607271206,e2e_trace_v3,2663,17293833482614604695,0,prediction,output_pub,6029332273856,657892,657978
202607271206,e2e_trace_v3,2664,17293833482614604696,0,prediction,proc_enter,6029451965216,657892,657969
202607271206,e2e_trace_v3,2665,17293833482614604696,0,prediction,container_enter,6029451995392,657892,657969
202607271206,e2e_trace_v3,2666,17293833482614604696,0,prediction,container_exit,6029452377376,657892,657969
202607271206,e2e_trace_v3,2667,17293833482614604696,0,prediction,perception_enter,6029452389280,657892,657969
202607271206,e2e_trace_v3,2668,17293833482614604696,0,prediction,evaluator_enter,6029452750944,657892,657969
202607271206,e2e_trace_v3,2669,17293833482614604696,0,prediction,evaluator_exit,6029454283136,657892,657969
202607271206,e2e_trace_v3,2670,17293833482614604696,0,prediction,predictor_enter,6029454298016,657892,657969
202607271206,e2e_trace_v3,2671,17293833482614604696,0,prediction,predictor_exit,6029454305344,657892,657969
202607271206,e2e_trace_v3,2672,17293833482614604696,0,prediction,perception_exit,6029454310656,657892,657969
202607271206,e2e_trace_v3,2673,17293833482614604696,0,prediction,writer_enter,6029454362496,657892,657969
202607271206,e2e_trace_v3,2674,17293833482614604696,0,prediction,writer_done,6029454586400,657892,657969
202607271206,e2e_trace_v3,2675,17293833482614604696,0,prediction,output_pub,6029454362496,657892,657969
202607271206,e2e_trace_v3,2676,17293833482614604697,0,prediction,proc_enter,6029568597888,657892,657976
202607271206,e2e_trace_v3,2677,17293833482614604697,0,prediction,container_enter,6029568632576,657892,657976
202607271206,e2e_trace_v3,2678,17293833482614604697,0,prediction,container_exit,6029569131584,657892,657976
202607271206,e2e_trace_v3,2679,17293833482614604697,0,prediction,perception_enter,6029569143328,657892,657976
202607271206,e2e_trace_v3,2680,17293833482614604697,0,prediction,evaluator_enter,6029569546880,657892,657976
202607271206,e2e_trace_v3,2681,17293833482614604697,0,prediction,evaluator_exit,6029571049536,657892,657976
202607271206,e2e_trace_v3,2682,17293833482614604697,0,prediction,predictor_enter,6029571124928,657892,657976
202607271206,e2e_trace_v3,2683,17293833482614604697,0,prediction,predictor_exit,6029571133056,657892,657976
202607271206,e2e_trace_v3,2684,17293833482614604697,0,prediction,perception_exit,6029571138432,657892,657976
202607271206,e2e_trace_v3,2685,17293833482614604697,0,prediction,writer_enter,6029571181792,657892,657976
202607271206,e2e_trace_v3,2686,17293833482614604697,0,prediction,writer_done,6029571293152,657892,657976
202607271206,e2e_trace_v3,2687,17293833482614604697,0,prediction,output_pub,6029571181792,657892,657976
202607271206,e2e_trace_v3,2688,17293833482614604698,0,prediction,proc_enter,6029662367808,657892,657978
202607271206,e2e_trace_v3,2689,17293833482614604698,0,prediction,container_enter,6029662397120,657892,657978
202607271206,e2e_trace_v3,2690,17293833482614604698,0,prediction,container_exit,6029662801504,657892,657978
202607271206,e2e_trace_v3,2691,17293833482614604698,0,prediction,perception_enter,6029662816256,657892,657978
202607271206,e2e_trace_v3,2692,17293833482614604698,0,prediction,evaluator_enter,6029663191712,657892,657978
202607271206,e2e_trace_v3,2693,17293833482614604698,0,prediction,evaluator_exit,6029665026976,657892,657978
202607271206,e2e_trace_v3,2694,17293833482614604698,0,prediction,predictor_enter,6029665062976,657892,657978
202607271206,e2e_trace_v3,2695,17293833482614604698,0,prediction,predictor_exit,6029665072192,657892,657978
202607271206,e2e_trace_v3,2696,17293833482614604698,0,prediction,perception_exit,6029665078432,657892,657978
202607271206,e2e_trace_v3,2697,17293833482614604698,0,prediction,writer_enter,6029665127776,657892,657978
202607271206,e2e_trace_v3,2698,17293833482614604698,0,prediction,writer_done,6029665276640,657892,657978
202607271206,e2e_trace_v3,2699,17293833482614604698,0,prediction,output_pub,6029665127776,657892,657978
202607271206,e2e_trace_v3,2700,17293833482614604699,0,prediction,proc_enter,6029754176352,657892,657977
202607271206,e2e_trace_v3,2701,17293833482614604699,0,prediction,container_enter,6029754207200,657892,657977
202607271206,e2e_trace_v3,2702,17293833482614604699,0,prediction,container_exit,6029754655808,657892,657977
202607271206,e2e_trace_v3,2703,17293833482614604699,0,prediction,perception_enter,6029754670912,657892,657977
202607271206,e2e_trace_v3,2704,17293833482614604699,0,prediction,evaluator_enter,6029755035200,657892,657977
202607271206,e2e_trace_v3,2705,17293833482614604699,0,prediction,evaluator_exit,6029756549632,657892,657977
202607271206,e2e_trace_v3,2706,17293833482614604699,0,prediction,predictor_enter,6029756569408,657892,657977
202607271206,e2e_trace_v3,2707,17293833482614604699,0,prediction,predictor_exit,6029756577568,657892,657977
202607271206,e2e_trace_v3,2708,17293833482614604699,0,prediction,perception_exit,6029756583616,657892,657977
202607271206,e2e_trace_v3,2709,17293833482614604699,0,prediction,writer_enter,6029756653568,657892,657977
202607271206,e2e_trace_v3,2710,17293833482614604699,0,prediction,writer_done,6029756783776,657892,657977
202607271206,e2e_trace_v3,2711,17293833482614604699,0,prediction,output_pub,6029756653568,657892,657977
202607271206,e2e_trace_v3,2712,17293833482614604700,0,prediction,proc_enter,6029844740480,657892,657973
202607271206,e2e_trace_v3,2713,17293833482614604700,0,prediction,container_enter,6029844771520,657892,657973
202607271206,e2e_trace_v3,2714,17293833482614604700,0,prediction,container_exit,6029845264288,657892,657973
202607271206,e2e_trace_v3,2715,17293833482614604700,0,prediction,perception_enter,6029845286848,657892,657973
202607271206,e2e_trace_v3,2716,17293833482614604700,0,prediction,evaluator_enter,6029845649376,657892,657973
202607271206,e2e_trace_v3,2717,17293833482614604700,0,prediction,evaluator_exit,6029847129120,657892,657973
202607271206,e2e_trace_v3,2718,17293833482614604700,0,prediction,predictor_enter,6029847147616,657892,657973
202607271206,e2e_trace_v3,2719,17293833482614604700,0,prediction,predictor_exit,6029847153792,657892,657973
202607271206,e2e_trace_v3,2720,17293833482614604700,0,prediction,perception_exit,6029847158848,657892,657973
202607271206,e2e_trace_v3,2721,17293833482614604700,0,prediction,writer_enter,6029847215136,657892,657973
202607271206,e2e_trace_v3,2722,17293833482614604700,0,prediction,writer_done,6029847330240,657892,657973
202607271206,e2e_trace_v3,2723,17293833482614604700,0,prediction,output_pub,6029847215136,657892,657973
202607271206,e2e_trace_v3,2724,17293833482614604701,0,prediction,proc_enter,6029937315680,657892,657970
202607271206,e2e_trace_v3,2725,17293833482614604701,0,prediction,container_enter,6029937357056,657892,657970
202607271206,e2e_trace_v3,2726,17293833482614604701,0,prediction,container_exit,6029937898816,657892,657970
202607271206,e2e_trace_v3,2727,17293833482614604701,0,prediction,perception_enter,6029937914976,657892,657970
202607271206,e2e_trace_v3,2728,17293833482614604701,0,prediction,evaluator_enter,6029938387904,657892,657970
202607271206,e2e_trace_v3,2729,17293833482614604701,0,prediction,evaluator_exit,6029940232192,657892,657970
202607271206,e2e_trace_v3,2730,17293833482614604701,0,prediction,predictor_enter,6029940267296,657892,657970
202607271206,e2e_trace_v3,2731,17293833482614604701,0,prediction,predictor_exit,6029940275520,657892,657970
202607271206,e2e_trace_v3,2732,17293833482614604701,0,prediction,perception_exit,6029940281408,657892,657970
202607271206,e2e_trace_v3,2733,17293833482614604701,0,prediction,writer_enter,6029940346880,657892,657970
202607271206,e2e_trace_v3,2734,17293833482614604701,0,prediction,writer_done,6029940479360,657892,657970
202607271206,e2e_trace_v3,2735,17293833482614604701,0,prediction,output_pub,6029940346880,657892,657970
202607271206,e2e_trace_v3,2736,17293833482614604702,0,prediction,proc_enter,6030029633120,657892,657971
202607271206,e2e_trace_v3,2737,17293833482614604702,0,prediction,container_enter,6030029676896,657892,657971
202607271206,e2e_trace_v3,2738,17293833482614604702,0,prediction,container_exit,6030030069376,657892,657971
202607271206,e2e_trace_v3,2739,17293833482614604702,0,prediction,perception_enter,6030030081216,657892,657971
202607271206,e2e_trace_v3,2740,17293833482614604702,0,prediction,evaluator_enter,6030030434592,657892,657971
202607271206,e2e_trace_v3,2741,17293833482614604702,0,prediction,evaluator_exit,6030032060544,657892,657971
202607271206,e2e_trace_v3,2742,17293833482614604702,0,prediction,predictor_enter,6030032087552,657892,657971
202607271206,e2e_trace_v3,2743,17293833482614604702,0,prediction,predictor_exit,6030032094784,657892,657971
202607271206,e2e_trace_v3,2744,17293833482614604702,0,prediction,perception_exit,6030032100768,657892,657971
202607271206,e2e_trace_v3,2745,17293833482614604702,0,prediction,writer_enter,6030032155360,657892,657971
202607271206,e2e_trace_v3,2746,17293833482614604702,0,prediction,writer_done,6030032300032,657892,657971
202607271206,e2e_trace_v3,2747,17293833482614604702,0,prediction,output_pub,6030032155360,657892,657971
202607271206,e2e_trace_v3,2748,17293833482614604703,0,prediction,proc_enter,6030121832832,657892,657967
202607271206,e2e_trace_v3,2749,17293833482614604703,0,prediction,container_enter,6030121864736,657892,657967
202607271206,e2e_trace_v3,2750,17293833482614604703,0,prediction,container_exit,6030122332608,657892,657967
202607271206,e2e_trace_v3,2751,17293833482614604703,0,prediction,perception_enter,6030122343328,657892,657967
202607271206,e2e_trace_v3,2752,17293833482614604703,0,prediction,evaluator_enter,6030122779552,657892,657967
202607271206,e2e_trace_v3,2753,17293833482614604703,0,prediction,evaluator_exit,6030130586016,657892,657967
202607271206,e2e_trace_v3,2754,17293833482614604703,0,prediction,predictor_enter,6030130611584,657892,657967
202607271206,e2e_trace_v3,2755,17293833482614604703,0,prediction,predictor_exit,6030130617856,657892,657967
202607271206,e2e_trace_v3,2756,17293833482614604703,0,prediction,perception_exit,6030130623008,657892,657967
202607271206,e2e_trace_v3,2757,17293833482614604703,0,prediction,writer_enter,6030130668864,657892,657967
202607271206,e2e_trace_v3,2758,17293833482614604703,0,prediction,writer_done,6030130794656,657892,657967
202607271206,e2e_trace_v3,2759,17293833482614604703,0,prediction,output_pub,6030130668864,657892,657967
202607271206,e2e_trace_v3,2760,17293833482614604704,0,prediction,proc_enter,6030215046496,657892,657973
202607271206,e2e_trace_v3,2761,17293833482614604704,0,prediction,container_enter,6030215082976,657892,657973
202607271206,e2e_trace_v3,2762,17293833482614604704,0,prediction,container_exit,6030215518592,657892,657973
202607271206,e2e_trace_v3,2763,17293833482614604704,0,prediction,perception_enter,6030215551136,657892,657973
202607271206,e2e_trace_v3,2764,17293833482614604704,0,prediction,evaluator_enter,6030215895648,657892,657973
202607271206,e2e_trace_v3,2765,17293833482614604704,0,prediction,evaluator_exit,6030217501440,657892,657973
202607271206,e2e_trace_v3,2766,17293833482614604704,0,prediction,predictor_enter,6030217524128,657892,657973
202607271206,e2e_trace_v3,2767,17293833482614604704,0,prediction,predictor_exit,6030217532128,657892,657973
202607271206,e2e_trace_v3,2768,17293833482614604704,0,prediction,perception_exit,6030217537984,657892,657973
202607271206,e2e_trace_v3,2769,17293833482614604704,0,prediction,writer_enter,6030217607104,657892,657973
202607271206,e2e_trace_v3,2770,17293833482614604704,0,prediction,writer_done,6030217741728,657892,657973
202607271206,e2e_trace_v3,2771,17293833482614604704,0,prediction,output_pub,6030217607104,657892,657973
202607271206,e2e_trace_v3,2772,17293833482614604705,0,prediction,proc_enter,6030316411168,657892,657969
202607271206,e2e_trace_v3,2773,17293833482614604705,0,prediction,container_enter,6030316458144,657892,657969
202607271206,e2e_trace_v3,2774,17293833482614604705,0,prediction,container_exit,6030316867520,657892,657969
202607271206,e2e_trace_v3,2775,17293833482614604705,0,prediction,perception_enter,6030316883040,657892,657969
202607271206,e2e_trace_v3,2776,17293833482614604705,0,prediction,evaluator_enter,6030317282400,657892,657969
202607271206,e2e_trace_v3,2777,17293833482614604705,0,prediction,evaluator_exit,6030318902624,657892,657969
202607271206,e2e_trace_v3,2778,17293833482614604705,0,prediction,predictor_enter,6030318923136,657892,657969
202607271206,e2e_trace_v3,2779,17293833482614604705,0,prediction,predictor_exit,6030318931072,657892,657969
202607271206,e2e_trace_v3,2780,17293833482614604705,0,prediction,perception_exit,6030318936448,657892,657969
202607271206,e2e_trace_v3,2781,17293833482614604705,0,prediction,writer_enter,6030318989856,657892,657969
202607271206,e2e_trace_v3,2782,17293833482614604705,0,prediction,writer_done,6030319138304,657892,657969
202607271206,e2e_trace_v3,2783,17293833482614604705,0,prediction,output_pub,6030318989856,657892,657969
202607271206,e2e_trace_v3,2784,17293833482614604706,0,prediction,proc_enter,6030423646688,657892,657963
202607271206,e2e_trace_v3,2785,17293833482614604706,0,prediction,container_enter,6030423687008,657892,657963
202607271206,e2e_trace_v3,2786,17293833482614604706,0,prediction,container_exit,6030424175488,657892,657963
202607271206,e2e_trace_v3,2787,17293833482614604706,0,prediction,perception_enter,6030424191776,657892,657963
202607271206,e2e_trace_v3,2788,17293833482614604706,0,prediction,evaluator_enter,6030424649248,657892,657963
202607271206,e2e_trace_v3,2789,17293833482614604706,0,prediction,evaluator_exit,6030426664928,657892,657963
202607271206,e2e_trace_v3,2790,17293833482614604706,0,prediction,predictor_enter,6030426695232,657892,657963
202607271206,e2e_trace_v3,2791,17293833482614604706,0,prediction,predictor_exit,6030426704960,657892,657963
202607271206,e2e_trace_v3,2792,17293833482614604706,0,prediction,perception_exit,6030426712544,657892,657963
202607271206,e2e_trace_v3,2793,17293833482614604706,0,prediction,writer_enter,6030426766464,657892,657963
202607271206,e2e_trace_v3,2794,17293833482614604706,0,prediction,writer_done,6030426908640,657892,657963
202607271206,e2e_trace_v3,2795,17293833482614604706,0,prediction,output_pub,6030426766464,657892,657963
202607271206,e2e_trace_v3,2796,17293833482614604707,0,prediction,proc_enter,6030523382208,657892,657965
202607271206,e2e_trace_v3,2797,17293833482614604707,0,prediction,container_enter,6030523420992,657892,657965
202607271206,e2e_trace_v3,2798,17293833482614604707,0,prediction,container_exit,6030523841184,657892,657965
202607271206,e2e_trace_v3,2799,17293833482614604707,0,prediction,perception_enter,6030523859136,657892,657965
202607271206,e2e_trace_v3,2800,17293833482614604707,0,prediction,evaluator_enter,6030524300448,657892,657965
202607271206,e2e_trace_v3,2801,17293833482614604707,0,prediction,evaluator_exit,6030526017312,657892,657965
202607271206,e2e_trace_v3,2802,17293833482614604707,0,prediction,predictor_enter,6030526043520,657892,657965
202607271206,e2e_trace_v3,2803,17293833482614604707,0,prediction,predictor_exit,6030526053152,657892,657965
202607271206,e2e_trace_v3,2804,17293833482614604707,0,prediction,perception_exit,6030526060416,657892,657965
202607271206,e2e_trace_v3,2805,17293833482614604707,0,prediction,writer_enter,6030526120640,657892,657965
202607271206,e2e_trace_v3,2806,17293833482614604707,0,prediction,writer_done,6030526274144,657892,657965
202607271206,e2e_trace_v3,2807,17293833482614604707,0,prediction,output_pub,6030526120640,657892,657965
202607271206,e2e_trace_v3,2808,17293833482614604708,0,prediction,proc_enter,6030634605312,657892,657975
202607271206,e2e_trace_v3,2809,17293833482614604708,0,prediction,container_enter,6030634649152,657892,657975
202607271206,e2e_trace_v3,2810,17293833482614604708,0,prediction,container_exit,6030635143072,657892,657975
202607271206,e2e_trace_v3,2811,17293833482614604708,0,prediction,perception_enter,6030635161440,657892,657975
202607271206,e2e_trace_v3,2812,17293833482614604708,0,prediction,evaluator_enter,6030635641088,657892,657975
202607271206,e2e_trace_v3,2813,17293833482614604708,0,prediction,evaluator_exit,6030642697600,657892,657975
202607271206,e2e_trace_v3,2814,17293833482614604708,0,prediction,predictor_enter,6030642730688,657892,657975
202607271206,e2e_trace_v3,2815,17293833482614604708,0,prediction,predictor_exit,6030642741824,657892,657975
202607271206,e2e_trace_v3,2816,17293833482614604708,0,prediction,perception_exit,6030642751424,657892,657975
202607271206,e2e_trace_v3,2817,17293833482614604708,0,prediction,writer_enter,6030642807936,657892,657975
202607271206,e2e_trace_v3,2818,17293833482614604708,0,prediction,writer_done,6030642967264,657892,657975
202607271206,e2e_trace_v3,2819,17293833482614604708,0,prediction,output_pub,6030642807936,657892,657975
202607271206,e2e_trace_v3,2820,17293833482614604709,0,prediction,proc_enter,6030735840384,657892,657963
202607271206,e2e_trace_v3,2821,17293833482614604709,0,prediction,container_enter,6030735876320,657892,657963
202607271206,e2e_trace_v3,2822,17293833482614604709,0,prediction,container_exit,6030736356064,657892,657963
202607271206,e2e_trace_v3,2823,17293833482614604709,0,prediction,perception_enter,6030736369344,657892,657963
202607271206,e2e_trace_v3,2824,17293833482614604709,0,prediction,evaluator_enter,6030736836768,657892,657963
202607271206,e2e_trace_v3,2825,17293833482614604709,0,prediction,evaluator_exit,6030738683648,657892,657963
202607271206,e2e_trace_v3,2826,17293833482614604709,0,prediction,predictor_enter,6030738713120,657892,657963
202607271206,e2e_trace_v3,2827,17293833482614604709,0,prediction,predictor_exit,6030738721600,657892,657963
202607271206,e2e_trace_v3,2828,17293833482614604709,0,prediction,perception_exit,6030738728672,657892,657963
202607271206,e2e_trace_v3,2829,17293833482614604709,0,prediction,writer_enter,6030738785536,657892,657963
202607271206,e2e_trace_v3,2830,17293833482614604709,0,prediction,writer_done,6030738919968,657892,657963
202607271206,e2e_trace_v3,2831,17293833482614604709,0,prediction,output_pub,6030738785536,657892,657963
202607271206,e2e_trace_v3,2832,17293833482614604710,0,prediction,proc_enter,6030829942336,657892,657971
202607271206,e2e_trace_v3,2833,17293833482614604710,0,prediction,container_enter,6030830010592,657892,657971
202607271206,e2e_trace_v3,2834,17293833482614604710,0,prediction,container_exit,6030830486688,657892,657971
202607271206,e2e_trace_v3,2835,17293833482614604710,0,prediction,perception_enter,6030830573792,657892,657971
202607271206,e2e_trace_v3,2836,17293833482614604710,0,prediction,evaluator_enter,6030831054944,657892,657971
202607271206,e2e_trace_v3,2837,17293833482614604710,0,prediction,evaluator_exit,6030838527616,657892,657971
202607271206,e2e_trace_v3,2838,17293833482614604710,0,prediction,predictor_enter,6030838557568,657892,657971
202607271206,e2e_trace_v3,2839,17293833482614604710,0,prediction,predictor_exit,6030838566592,657892,657971
202607271206,e2e_trace_v3,2840,17293833482614604710,0,prediction,perception_exit,6030838573920,657892,657971
202607271206,e2e_trace_v3,2841,17293833482614604710,0,prediction,writer_enter,6030838625760,657892,657971
202607271206,e2e_trace_v3,2842,17293833482614604710,0,prediction,writer_done,6030838794400,657892,657971
202607271206,e2e_trace_v3,2843,17293833482614604710,0,prediction,output_pub,6030838625760,657892,657971
202607271206,e2e_trace_v3,2844,17293833482614604711,0,prediction,proc_enter,6030921306176,657892,657968
202607271206,e2e_trace_v3,2845,17293833482614604711,0,prediction,container_enter,6030921343392,657892,657968
202607271206,e2e_trace_v3,2846,17293833482614604711,0,prediction,container_exit,6030921773344,657892,657968
202607271206,e2e_trace_v3,2847,17293833482614604711,0,prediction,perception_enter,6030921783808,657892,657968
202607271206,e2e_trace_v3,2848,17293833482614604711,0,prediction,evaluator_enter,6030922152544,657892,657968
202607271206,e2e_trace_v3,2849,17293833482614604711,0,prediction,evaluator_exit,6030923879200,657892,657968
202607271206,e2e_trace_v3,2850,17293833482614604711,0,prediction,predictor_enter,6030923905280,657892,657968
202607271206,e2e_trace_v3,2851,17293833482614604711,0,prediction,predictor_exit,6030923912736,657892,657968
202607271206,e2e_trace_v3,2852,17293833482614604711,0,prediction,perception_exit,6030923918496,657892,657968
202607271206,e2e_trace_v3,2853,17293833482614604711,0,prediction,writer_enter,6030923972704,657892,657968
202607271206,e2e_trace_v3,2854,17293833482614604711,0,prediction,writer_done,6030924093248,657892,657968
202607271206,e2e_trace_v3,2855,17293833482614604711,0,prediction,output_pub,6030923972704,657892,657968
202607271206,e2e_trace_v3,2856,17293833482614604712,0,prediction,proc_enter,6031020167104,657892,657977
202607271206,e2e_trace_v3,2857,17293833482614604712,0,prediction,container_enter,6031020199264,657892,657977
202607271206,e2e_trace_v3,2858,17293833482614604712,0,prediction,container_exit,6031020698976,657892,657977
202607271206,e2e_trace_v3,2859,17293833482614604712,0,prediction,perception_enter,6031020712384,657892,657977
202607271206,e2e_trace_v3,2860,17293833482614604712,0,prediction,evaluator_enter,6031021087392,657892,657977
202607271206,e2e_trace_v3,2861,17293833482614604712,0,prediction,evaluator_exit,6031022725792,657892,657977
202607271206,e2e_trace_v3,2862,17293833482614604712,0,prediction,predictor_enter,6031022744576,657892,657977
202607271206,e2e_trace_v3,2863,17293833482614604712,0,prediction,predictor_exit,6031022752448,657892,657977
202607271206,e2e_trace_v3,2864,17293833482614604712,0,prediction,perception_exit,6031022757888,657892,657977
202607271206,e2e_trace_v3,2865,17293833482614604712,0,prediction,writer_enter,6031022830400,657892,657977
202607271206,e2e_trace_v3,2866,17293833482614604712,0,prediction,writer_done,6031022983808,657892,657977
202607271206,e2e_trace_v3,2867,17293833482614604712,0,prediction,output_pub,6031022830400,657892,657977
202607271206,e2e_trace_v3,2868,17293833482614604713,0,prediction,proc_enter,6031124218208,657892,657971
202607271206,e2e_trace_v3,2869,17293833482614604713,0,prediction,container_enter,6031124251872,657892,657971
202607271206,e2e_trace_v3,2870,17293833482614604713,0,prediction,container_exit,6031124644736,657892,657971
202607271206,e2e_trace_v3,2871,17293833482614604713,0,prediction,perception_enter,6031124656128,657892,657971
202607271206,e2e_trace_v3,2872,17293833482614604713,0,prediction,evaluator_enter,6031125001312,657892,657971
202607271206,e2e_trace_v3,2873,17293833482614604713,0,prediction,evaluator_exit,6031126572864,657892,657971
202607271206,e2e_trace_v3,2874,17293833482614604713,0,prediction,predictor_enter,6031126602720,657892,657971
202607271206,e2e_trace_v3,2875,17293833482614604713,0,prediction,predictor_exit,6031126610880,657892,657971
202607271206,e2e_trace_v3,2876,17293833482614604713,0,prediction,perception_exit,6031126617696,657892,657971
202607271206,e2e_trace_v3,2877,17293833482614604713,0,prediction,writer_enter,6031126675296,657892,657971
202607271206,e2e_trace_v3,2878,17293833482614604713,0,prediction,writer_done,6031126809440,657892,657971
202607271206,e2e_trace_v3,2879,17293833482614604713,0,prediction,output_pub,6031126675296,657892,657971
202607271206,e2e_trace_v3,2880,17293833482614604714,0,prediction,proc_enter,6031244070656,657892,657977
202607271206,e2e_trace_v3,2881,17293833482614604714,0,prediction,container_enter,6031244107232,657892,657977
202607271206,e2e_trace_v3,2882,17293833482614604714,0,prediction,container_exit,6031244534816,657892,657977
202607271206,e2e_trace_v3,2883,17293833482614604714,0,prediction,perception_enter,6031244549376,657892,657977
202607271206,e2e_trace_v3,2884,17293833482614604714,0,prediction,evaluator_enter,6031244939040,657892,657977
202607271206,e2e_trace_v3,2885,17293833482614604714,0,prediction,evaluator_exit,6031246492160,657892,657977
202607271206,e2e_trace_v3,2886,17293833482614604714,0,prediction,predictor_enter,6031246507328,657892,657977
202607271206,e2e_trace_v3,2887,17293833482614604714,0,prediction,predictor_exit,6031246514432,657892,657977
202607271206,e2e_trace_v3,2888,17293833482614604714,0,prediction,perception_exit,6031246520192,657892,657977
202607271206,e2e_trace_v3,2889,17293833482614604714,0,prediction,writer_enter,6031246565120,657892,657977
202607271206,e2e_trace_v3,2890,17293833482614604714,0,prediction,writer_done,6031246682912,657892,657977
202607271206,e2e_trace_v3,2891,17293833482614604714,0,prediction,output_pub,6031246565120,657892,657977
202607271206,e2e_trace_v3,2892,17293833482614604715,0,prediction,proc_enter,6031343710752,657892,657970
202607271206,e2e_trace_v3,2893,17293833482614604715,0,prediction,container_enter,6031343746752,657892,657970
202607271206,e2e_trace_v3,2894,17293833482614604715,0,prediction,container_exit,6031344232800,657892,657970
202607271206,e2e_trace_v3,2895,17293833482614604715,0,prediction,perception_enter,6031344246688,657892,657970
202607271206,e2e_trace_v3,2896,17293833482614604715,0,prediction,evaluator_enter,6031344627104,657892,657970
202607271206,e2e_trace_v3,2897,17293833482614604715,0,prediction,evaluator_exit,6031346148800,657892,657970
202607271206,e2e_trace_v3,2898,17293833482614604715,0,prediction,predictor_enter,6031346173824,657892,657970
202607271206,e2e_trace_v3,2899,17293833482614604715,0,prediction,predictor_exit,6031346181792,657892,657970
202607271206,e2e_trace_v3,2900,17293833482614604715,0,prediction,perception_exit,6031346188512,657892,657970
202607271206,e2e_trace_v3,2901,17293833482614604715,0,prediction,writer_enter,6031346251712,657892,657970
202607271206,e2e_trace_v3,2902,17293833482614604715,0,prediction,writer_done,6031346391296,657892,657970
202607271206,e2e_trace_v3,2903,17293833482614604715,0,prediction,output_pub,6031346251712,657892,657970
202607271206,e2e_trace_v3,2904,17293833482614604716,0,prediction,proc_enter,6031434093728,657892,657968
202607271206,e2e_trace_v3,2905,17293833482614604716,0,prediction,container_enter,6031434143328,657892,657968
202607271206,e2e_trace_v3,2906,17293833482614604716,0,prediction,container_exit,6031434683968,657892,657968
202607271206,e2e_trace_v3,2907,17293833482614604716,0,prediction,perception_enter,6031434708800,657892,657968
202607271206,e2e_trace_v3,2908,17293833482614604716,0,prediction,evaluator_enter,6031435270336,657892,657968
202607271206,e2e_trace_v3,2909,17293833482614604716,0,prediction,evaluator_exit,6031437399552,657892,657968
202607271206,e2e_trace_v3,2910,17293833482614604716,0,prediction,predictor_enter,6031437440448,657892,657968
202607271206,e2e_trace_v3,2911,17293833482614604716,0,prediction,predictor_exit,6031437568512,657892,657968
202607271206,e2e_trace_v3,2912,17293833482614604716,0,prediction,perception_exit,6031437579936,657892,657968
202607271206,e2e_trace_v3,2913,17293833482614604716,0,prediction,writer_enter,6031437658720,657892,657968
202607271206,e2e_trace_v3,2914,17293833482614604716,0,prediction,writer_done,6031437851744,657892,657968
202607271206,e2e_trace_v3,2915,17293833482614604716,0,prediction,output_pub,6031437658720,657892,657968
202607271206,e2e_trace_v3,2916,17293833482614604717,0,prediction,proc_enter,6031525753344,657892,657976
202607271206,e2e_trace_v3,2917,17293833482614604717,0,prediction,container_enter,6031525789856,657892,657976
202607271206,e2e_trace_v3,2918,17293833482614604717,0,prediction,container_exit,6031526238880,657892,657976
202607271206,e2e_trace_v3,2919,17293833482614604717,0,prediction,perception_enter,6031526256608,657892,657976
202607271206,e2e_trace_v3,2920,17293833482614604717,0,prediction,evaluator_enter,6031526750944,657892,657976
202607271206,e2e_trace_v3,2921,17293833482614604717,0,prediction,evaluator_exit,6031528461760,657892,657976
202607271206,e2e_trace_v3,2922,17293833482614604717,0,prediction,predictor_enter,6031528487008,657892,657976
202607271206,e2e_trace_v3,2923,17293833482614604717,0,prediction,predictor_exit,6031528497216,657892,657976
202607271206,e2e_trace_v3,2924,17293833482614604717,0,prediction,perception_exit,6031528505280,657892,657976
202607271206,e2e_trace_v3,2925,17293833482614604717,0,prediction,writer_enter,6031528572992,657892,657976
202607271206,e2e_trace_v3,2926,17293833482614604717,0,prediction,writer_done,6031528722912,657892,657976
202607271206,e2e_trace_v3,2927,17293833482614604717,0,prediction,output_pub,6031528572992,657892,657976
202607271206,e2e_trace_v3,2928,17293833482614604718,0,prediction,proc_enter,6031616167616,657892,657977
202607271206,e2e_trace_v3,2929,17293833482614604718,0,prediction,container_enter,6031616231072,657892,657977
202607271206,e2e_trace_v3,2930,17293833482614604718,0,prediction,container_exit,6031616795648,657892,657977
202607271206,e2e_trace_v3,2931,17293833482614604718,0,prediction,perception_enter,6031616816608,657892,657977
202607271206,e2e_trace_v3,2932,17293833482614604718,0,prediction,evaluator_enter,6031617336960,657892,657977
202607271206,e2e_trace_v3,2933,17293833482614604718,0,prediction,evaluator_exit,6031619142880,657892,657977
202607271206,e2e_trace_v3,2934,17293833482614604718,0,prediction,predictor_enter,6031619165376,657892,657977
202607271206,e2e_trace_v3,2935,17293833482614604718,0,prediction,predictor_exit,6031619178656,657892,657977
202607271206,e2e_trace_v3,2936,17293833482614604718,0,prediction,perception_exit,6031619188736,657892,657977
202607271206,e2e_trace_v3,2937,17293833482614604718,0,prediction,writer_enter,6031619251776,657892,657977
202607271206,e2e_trace_v3,2938,17293833482614604718,0,prediction,writer_done,6031619439552,657892,657977
202607271206,e2e_trace_v3,2939,17293833482614604718,0,prediction,output_pub,6031619251776,657892,657977
202607271206,e2e_trace_v3,2940,17293833482614604719,0,prediction,proc_enter,6031730216320,657892,657970
202607271206,e2e_trace_v3,2941,17293833482614604719,0,prediction,container_enter,6031730257056,657892,657970
202607271206,e2e_trace_v3,2942,17293833482614604719,0,prediction,container_exit,6031730691328,657892,657970
202607271206,e2e_trace_v3,2943,17293833482614604719,0,prediction,perception_enter,6031730704896,657892,657970
202607271206,e2e_trace_v3,2944,17293833482614604719,0,prediction,evaluator_enter,6031731080224,657892,657970
202607271206,e2e_trace_v3,2945,17293833482614604719,0,prediction,evaluator_exit,6031732809344,657892,657970
202607271206,e2e_trace_v3,2946,17293833482614604719,0,prediction,predictor_enter,6031732840512,657892,657970
202607271206,e2e_trace_v3,2947,17293833482614604719,0,prediction,predictor_exit,6031732889664,657892,657970
202607271206,e2e_trace_v3,2948,17293833482614604719,0,prediction,perception_exit,6031732898336,657892,657970
202607271206,e2e_trace_v3,2949,17293833482614604719,0,prediction,writer_enter,6031732946368,657892,657970
202607271206,e2e_trace_v3,2950,17293833482614604719,0,prediction,writer_done,6031734642464,657892,657970
202607271206,e2e_trace_v3,2951,17293833482614604719,0,prediction,output_pub,6031732946368,657892,657970
202607271206,e2e_trace_v3,2952,17293833482614604720,0,prediction,proc_enter,6031823960896,657892,657967
202607271206,e2e_trace_v3,2953,17293833482614604720,0,prediction,container_enter,6031824001376,657892,657967
202607271206,e2e_trace_v3,2954,17293833482614604720,0,prediction,container_exit,6031824434784,657892,657967
202607271206,e2e_trace_v3,2955,17293833482614604720,0,prediction,perception_enter,6031824449824,657892,657967
202607271206,e2e_trace_v3,2956,17293833482614604720,0,prediction,evaluator_enter,6031824897728,657892,657967
202607271206,e2e_trace_v3,2957,17293833482614604720,0,prediction,evaluator_exit,6031826569024,657892,657967
202607271206,e2e_trace_v3,2958,17293833482614604720,0,prediction,predictor_enter,6031826587936,657892,657967
202607271206,e2e_trace_v3,2959,17293833482614604720,0,prediction,predictor_exit,6031826596256,657892,657967
202607271206,e2e_trace_v3,2960,17293833482614604720,0,prediction,perception_exit,6031826602496,657892,657967
202607271206,e2e_trace_v3,2961,17293833482614604720,0,prediction,writer_enter,6031826655360,657892,657967
202607271206,e2e_trace_v3,2962,17293833482614604720,0,prediction,writer_done,6031826797856,657892,657967
202607271206,e2e_trace_v3,2963,17293833482614604720,0,prediction,output_pub,6031826655360,657892,657967
202607271206,e2e_trace_v3,2964,17293833482614604721,0,prediction,proc_enter,6031919159680,657892,657965
202607271206,e2e_trace_v3,2965,17293833482614604721,0,prediction,container_enter,6031919203936,657892,657965
202607271206,e2e_trace_v3,2966,17293833482614604721,0,prediction,container_exit,6031919776256,657892,657965
202607271206,e2e_trace_v3,2967,17293833482614604721,0,prediction,perception_enter,6031919797408,657892,657965
202607271206,e2e_trace_v3,2968,17293833482614604721,0,prediction,evaluator_enter,6031920305664,657892,657965
202607271206,e2e_trace_v3,2969,17293833482614604721,0,prediction,evaluator_exit,6031922682016,657892,657965
202607271206,e2e_trace_v3,2970,17293833482614604721,0,prediction,predictor_enter,6031922710880,657892,657965
202607271206,e2e_trace_v3,2971,17293833482614604721,0,prediction,predictor_exit,6031922720672,657892,657965
202607271206,e2e_trace_v3,2972,17293833482614604721,0,prediction,perception_exit,6031922728768,657892,657965
202607271206,e2e_trace_v3,2973,17293833482614604721,0,prediction,writer_enter,6031922773568,657892,657965
202607271206,e2e_trace_v3,2974,17293833482614604721,0,prediction,writer_done,6031922915776,657892,657965
202607271206,e2e_trace_v3,2975,17293833482614604721,0,prediction,output_pub,6031922773568,657892,657965
202607271206,e2e_trace_v3,2976,17293833482614604722,0,prediction,proc_enter,6032028474048,657892,657972
202607271206,e2e_trace_v3,2977,17293833482614604722,0,prediction,container_enter,6032028541760,657892,657972
202607271206,e2e_trace_v3,2978,17293833482614604722,0,prediction,container_exit,6032029055328,657892,657972
202607271206,e2e_trace_v3,2979,17293833482614604722,0,prediction,perception_enter,6032029075360,657892,657972
202607271206,e2e_trace_v3,2980,17293833482614604722,0,prediction,evaluator_enter,6032029714400,657892,657972
202607271206,e2e_trace_v3,2981,17293833482614604722,0,prediction,evaluator_exit,6032031907232,657892,657972
202607271206,e2e_trace_v3,2982,17293833482614604722,0,prediction,predictor_enter,6032031944128,657892,657972
202607271206,e2e_trace_v3,2983,17293833482614604722,0,prediction,predictor_exit,6032031959424,657892,657972
202607271206,e2e_trace_v3,2984,17293833482614604722,0,prediction,perception_exit,6032031973248,657892,657972
202607271206,e2e_trace_v3,2985,17293833482614604722,0,prediction,writer_enter,6032032041568,657892,657972
202607271206,e2e_trace_v3,2986,17293833482614604722,0,prediction,writer_done,6032032240096,657892,657972
202607271206,e2e_trace_v3,2987,17293833482614604722,0,prediction,output_pub,6032032041568,657892,657972
202607271206,e2e_trace_v3,2988,17293833482614604723,0,prediction,proc_enter,6032123000224,657892,657970
202607271206,e2e_trace_v3,2989,17293833482614604723,0,prediction,container_enter,6032123039264,657892,657970
202607271206,e2e_trace_v3,2990,17293833482614604723,0,prediction,container_exit,6032123440032,657892,657970
202607271206,e2e_trace_v3,2991,17293833482614604723,0,prediction,perception_enter,6032123455488,657892,657970
202607271206,e2e_trace_v3,2992,17293833482614604723,0,prediction,evaluator_enter,6032123879808,657892,657970
202607271206,e2e_trace_v3,2993,17293833482614604723,0,prediction,evaluator_exit,6032126057248,657892,657970
202607271206,e2e_trace_v3,2994,17293833482614604723,0,prediction,predictor_enter,6032126083904,657892,657970
202607271206,e2e_trace_v3,2995,17293833482614604723,0,prediction,predictor_exit,6032126090336,657892,657970
202607271206,e2e_trace_v3,2996,17293833482614604723,0,prediction,perception_exit,6032126095520,657892,657970
202607271206,e2e_trace_v3,2997,17293833482614604723,0,prediction,writer_enter,6032126139744,657892,657970
202607271206,e2e_trace_v3,2998,17293833482614604723,0,prediction,writer_done,6032126252352,657892,657970
202607271206,e2e_trace_v3,2999,17293833482614604723,0,prediction,output_pub,6032126139744,657892,657970
202607271206,e2e_trace_v3,3000,17293833482614604724,0,prediction,proc_enter,6032215353504,657892,657978
202607271206,e2e_trace_v3,3001,17293833482614604724,0,prediction,container_enter,6032215387520,657892,657978
202607271206,e2e_trace_v3,3002,17293833482614604724,0,prediction,container_exit,6032215865056,657892,657978
202607271206,e2e_trace_v3,3003,17293833482614604724,0,prediction,perception_enter,6032215879584,657892,657978
202607271206,e2e_trace_v3,3004,17293833482614604724,0,prediction,evaluator_enter,6032216235680,657892,657978
202607271206,e2e_trace_v3,3005,17293833482614604724,0,prediction,evaluator_exit,6032217729696,657892,657978
202607271206,e2e_trace_v3,3006,17293833482614604724,0,prediction,predictor_enter,6032217747456,657892,657978
202607271206,e2e_trace_v3,3007,17293833482614604724,0,prediction,predictor_exit,6032217755808,657892,657978
202607271206,e2e_trace_v3,3008,17293833482614604724,0,prediction,perception_exit,6032217762336,657892,657978
202607271206,e2e_trace_v3,3009,17293833482614604724,0,prediction,writer_enter,6032217815072,657892,657978
202607271206,e2e_trace_v3,3010,17293833482614604724,0,prediction,writer_done,6032217955424,657892,657978
202607271206,e2e_trace_v3,3011,17293833482614604724,0,prediction,output_pub,6032217815072,657892,657978
202607271206,e2e_trace_v3,3012,17293833482614604725,0,prediction,proc_enter,6032318690816,657892,657975
202607271206,e2e_trace_v3,3013,17293833482614604725,0,prediction,container_enter,6032318727744,657892,657975
202607271206,e2e_trace_v3,3014,17293833482614604725,0,prediction,container_exit,6032319149440,657892,657975
202607271206,e2e_trace_v3,3015,17293833482614604725,0,prediction,perception_enter,6032319165472,657892,657975
202607271206,e2e_trace_v3,3016,17293833482614604725,0,prediction,evaluator_enter,6032319587712,657892,657975
202607271206,e2e_trace_v3,3017,17293833482614604725,0,prediction,evaluator_exit,6032321228864,657892,657975
202607271206,e2e_trace_v3,3018,17293833482614604725,0,prediction,predictor_enter,6032321253120,657892,657975
202607271206,e2e_trace_v3,3019,17293833482614604725,0,prediction,predictor_exit,6032321262432,657892,657975
202607271206,e2e_trace_v3,3020,17293833482614604725,0,prediction,perception_exit,6032321270080,657892,657975
202607271206,e2e_trace_v3,3021,17293833482614604725,0,prediction,writer_enter,6032321321952,657892,657975
202607271206,e2e_trace_v3,3022,17293833482614604725,0,prediction,writer_done,6032321456576,657892,657975
202607271206,e2e_trace_v3,3023,17293833482614604725,0,prediction,output_pub,6032321321952,657892,657975
202607271206,e2e_trace_v3,3024,17293833482614604726,0,prediction,proc_enter,6032422046560,657892,657963
202607271206,e2e_trace_v3,3025,17293833482614604726,0,prediction,container_enter,6032422093248,657892,657963
202607271206,e2e_trace_v3,3026,17293833482614604726,0,prediction,container_exit,6032422581920,657892,657963
202607271206,e2e_trace_v3,3027,17293833482614604726,0,prediction,perception_enter,6032422602560,657892,657963
202607271206,e2e_trace_v3,3028,17293833482614604726,0,prediction,evaluator_enter,6032423077760,657892,657963
202607271206,e2e_trace_v3,3029,17293833482614604726,0,prediction,evaluator_exit,6032430627168,657892,657963
202607271206,e2e_trace_v3,3030,17293833482614604726,0,prediction,predictor_enter,6032430655040,657892,657963
202607271206,e2e_trace_v3,3031,17293833482614604726,0,prediction,predictor_exit,6032430663552,657892,657963
202607271206,e2e_trace_v3,3032,17293833482614604726,0,prediction,perception_exit,6032430671168,657892,657963
202607271206,e2e_trace_v3,3033,17293833482614604726,0,prediction,writer_enter,6032430730048,657892,657963
202607271206,e2e_trace_v3,3034,17293833482614604726,0,prediction,writer_done,6032430865792,657892,657963
202607271206,e2e_trace_v3,3035,17293833482614604726,0,prediction,output_pub,6032430730048,657892,657963
202607271206,e2e_trace_v3,3036,17293833482614604727,0,prediction,proc_enter,6032521136224,657892,657975
202607271206,e2e_trace_v3,3037,17293833482614604727,0,prediction,container_enter,6032521173024,657892,657975
202607271206,e2e_trace_v3,3038,17293833482614604727,0,prediction,container_exit,6032521738688,657892,657975
202607271206,e2e_trace_v3,3039,17293833482614604727,0,prediction,perception_enter,6032521756800,657892,657975
202607271206,e2e_trace_v3,3040,17293833482614604727,0,prediction,evaluator_enter,6032522172864,657892,657975
202607271206,e2e_trace_v3,3041,17293833482614604727,0,prediction,evaluator_exit,6032526683328,657892,657975
202607271206,e2e_trace_v3,3042,17293833482614604727,0,prediction,predictor_enter,6032526711456,657892,657975
202607271206,e2e_trace_v3,3043,17293833482614604727,0,prediction,predictor_exit,6032526719712,657892,657975
202607271206,e2e_trace_v3,3044,17293833482614604727,0,prediction,perception_exit,6032526725760,657892,657975
202607271206,e2e_trace_v3,3045,17293833482614604727,0,prediction,writer_enter,6032526773824,657892,657975
202607271206,e2e_trace_v3,3046,17293833482614604727,0,prediction,writer_done,6032526912032,657892,657975
202607271206,e2e_trace_v3,3047,17293833482614604727,0,prediction,output_pub,6032526773824,657892,657975
202607271206,e2e_trace_v3,3048,17293833482614604728,0,prediction,proc_enter,6032639585184,657892,657972
202607271206,e2e_trace_v3,3049,17293833482614604728,0,prediction,container_enter,6032639626560,657892,657972
202607271206,e2e_trace_v3,3050,17293833482614604728,0,prediction,container_exit,6032640166912,657892,657972
202607271206,e2e_trace_v3,3051,17293833482614604728,0,prediction,perception_enter,6032640187200,657892,657972
202607271206,e2e_trace_v3,3052,17293833482614604728,0,prediction,evaluator_enter,6032640800128,657892,657972
202607271206,e2e_trace_v3,3053,17293833482614604728,0,prediction,evaluator_exit,6032643013888,657892,657972
202607271206,e2e_trace_v3,3054,17293833482614604728,0,prediction,predictor_enter,6032643045600,657892,657972
202607271206,e2e_trace_v3,3055,17293833482614604728,0,prediction,predictor_exit,6032643057120,657892,657972
202607271206,e2e_trace_v3,3056,17293833482614604728,0,prediction,perception_exit,6032643065664,657892,657972
202607271206,e2e_trace_v3,3057,17293833482614604728,0,prediction,writer_enter,6032643120256,657892,657972
202607271206,e2e_trace_v3,3058,17293833482614604728,0,prediction,writer_done,6032643266560,657892,657972
202607271206,e2e_trace_v3,3059,17293833482614604728,0,prediction,output_pub,6032643120256,657892,657972
202607271206,e2e_trace_v3,3060,17293833482614604729,0,prediction,proc_enter,6032732711648,657892,657969
202607271206,e2e_trace_v3,3061,17293833482614604729,0,prediction,container_enter,6032732745024,657892,657969
202607271206,e2e_trace_v3,3062,17293833482614604729,0,prediction,container_exit,6032733112256,657892,657969
202607271206,e2e_trace_v3,3063,17293833482614604729,0,prediction,perception_enter,6032733123328,657892,657969
202607271206,e2e_trace_v3,3064,17293833482614604729,0,prediction,evaluator_enter,6032733536096,657892,657969
202607271206,e2e_trace_v3,3065,17293833482614604729,0,prediction,evaluator_exit,6032735156992,657892,657969
202607271206,e2e_trace_v3,3066,17293833482614604729,0,prediction,predictor_enter,6032735177568,657892,657969
202607271206,e2e_trace_v3,3067,17293833482614604729,0,prediction,predictor_exit,6032735184032,657892,657969
202607271206,e2e_trace_v3,3068,17293833482614604729,0,prediction,perception_exit,6032735188928,657892,657969
202607271206,e2e_trace_v3,3069,17293833482614604729,0,prediction,writer_enter,6032735242144,657892,657969
202607271206,e2e_trace_v3,3070,17293833482614604729,0,prediction,writer_done,6032735338336,657892,657969
202607271206,e2e_trace_v3,3071,17293833482614604729,0,prediction,output_pub,6032735242144,657892,657969
202607271206,e2e_trace_v3,3072,17293833482614604730,0,prediction,proc_enter,6032822336768,657892,657976
202607271206,e2e_trace_v3,3073,17293833482614604730,0,prediction,container_enter,6032822397120,657892,657976
202607271206,e2e_trace_v3,3074,17293833482614604730,0,prediction,container_exit,6032822886880,657892,657976
202607271206,e2e_trace_v3,3075,17293833482614604730,0,prediction,perception_enter,6032822903328,657892,657976
202607271206,e2e_trace_v3,3076,17293833482614604730,0,prediction,evaluator_enter,6032823315584,657892,657976
202607271206,e2e_trace_v3,3077,17293833482614604730,0,prediction,evaluator_exit,6032827545888,657892,657976
202607271206,e2e_trace_v3,3078,17293833482614604730,0,prediction,predictor_enter,6032827573152,657892,657976
202607271206,e2e_trace_v3,3079,17293833482614604730,0,prediction,predictor_exit,6032827580832,657892,657976
202607271206,e2e_trace_v3,3080,17293833482614604730,0,prediction,perception_exit,6032827586400,657892,657976
202607271206,e2e_trace_v3,3081,17293833482614604730,0,prediction,writer_enter,6032827626112,657892,657976
202607271206,e2e_trace_v3,3082,17293833482614604730,0,prediction,writer_done,6032827761504,657892,657976
202607271206,e2e_trace_v3,3083,17293833482614604730,0,prediction,output_pub,6032827626112,657892,657976
202607271206,e2e_trace_v3,3084,17293833482614604731,0,prediction,proc_enter,6032922168416,657892,657973
202607271206,e2e_trace_v3,3085,17293833482614604731,0,prediction,container_enter,6032922200768,657892,657973
202607271206,e2e_trace_v3,3086,17293833482614604731,0,prediction,container_exit,6032922629344,657892,657973
202607271206,e2e_trace_v3,3087,17293833482614604731,0,prediction,perception_enter,6032922645248,657892,657973
202607271206,e2e_trace_v3,3088,17293833482614604731,0,prediction,evaluator_enter,6032923112832,657892,657973
202607271206,e2e_trace_v3,3089,17293833482614604731,0,prediction,evaluator_exit,6032924728448,657892,657973
202607271206,e2e_trace_v3,3090,17293833482614604731,0,prediction,predictor_enter,6032924747456,657892,657973
202607271206,e2e_trace_v3,3091,17293833482614604731,0,prediction,predictor_exit,6032924755872,657892,657973
202607271206,e2e_trace_v3,3092,17293833482614604731,0,prediction,perception_exit,6032924761952,657892,657973
202607271206,e2e_trace_v3,3093,17293833482614604731,0,prediction,writer_enter,6032924820992,657892,657973
202607271206,e2e_trace_v3,3094,17293833482614604731,0,prediction,writer_done,6032924972160,657892,657973
202607271206,e2e_trace_v3,3095,17293833482614604731,0,prediction,output_pub,6032924820992,657892,657973
202607271206,e2e_trace_v3,3096,17293833482614604732,0,prediction,proc_enter,6033025005152,657892,657978
202607271206,e2e_trace_v3,3097,17293833482614604732,0,prediction,container_enter,6033025057120,657892,657978
202607271206,e2e_trace_v3,3098,17293833482614604732,0,prediction,container_exit,6033025491168,657892,657978
202607271206,e2e_trace_v3,3099,17293833482614604732,0,prediction,perception_enter,6033025521024,657892,657978
202607271206,e2e_trace_v3,3100,17293833482614604732,0,prediction,evaluator_enter,6033025999584,657892,657978
202607271206,e2e_trace_v3,3101,17293833482614604732,0,prediction,evaluator_exit,6033030723168,657892,657978
202607271206,e2e_trace_v3,3102,17293833482614604732,0,prediction,predictor_enter,6033030747200,657892,657978
202607271206,e2e_trace_v3,3103,17293833482614604732,0,prediction,predictor_exit,6033030753504,657892,657978
202607271206,e2e_trace_v3,3104,17293833482614604732,0,prediction,perception_exit,6033030758848,657892,657978
202607271206,e2e_trace_v3,3105,17293833482614604732,0,prediction,writer_enter,6033030801280,657892,657978
202607271206,e2e_trace_v3,3106,17293833482614604732,0,prediction,writer_done,6033030910720,657892,657978
202607271206,e2e_trace_v3,3107,17293833482614604732,0,prediction,output_pub,6033030801280,657892,657978
202607271206,e2e_trace_v3,3108,17293833482614604733,0,prediction,proc_enter,6033121098400,657892,657966
202607271206,e2e_trace_v3,3109,17293833482614604733,0,prediction,container_enter,6033121130080,657892,657966
202607271206,e2e_trace_v3,3110,17293833482614604733,0,prediction,container_exit,6033121633952,657892,657966
202607271206,e2e_trace_v3,3111,17293833482614604733,0,prediction,perception_enter,6033121648992,657892,657966
202607271206,e2e_trace_v3,3112,17293833482614604733,0,prediction,evaluator_enter,6033122007392,657892,657966
202607271206,e2e_trace_v3,3113,17293833482614604733,0,prediction,evaluator_exit,6033123590144,657892,657966
202607271206,e2e_trace_v3,3114,17293833482614604733,0,prediction,predictor_enter,6033123615776,657892,657966
202607271206,e2e_trace_v3,3115,17293833482614604733,0,prediction,predictor_exit,6033123622944,657892,657966
202607271206,e2e_trace_v3,3116,17293833482614604733,0,prediction,perception_exit,6033123627968,657892,657966
202607271206,e2e_trace_v3,3117,17293833482614604733,0,prediction,writer_enter,6033123677440,657892,657966
202607271206,e2e_trace_v3,3118,17293833482614604733,0,prediction,writer_done,6033123789760,657892,657966
202607271206,e2e_trace_v3,3119,17293833482614604733,0,prediction,output_pub,6033123677440,657892,657966
202607271206,e2e_trace_v3,3120,17293833482614604734,0,prediction,proc_enter,6033214488000,657892,657963
202607271206,e2e_trace_v3,3121,17293833482614604734,0,prediction,container_enter,6033214521536,657892,657963
202607271206,e2e_trace_v3,3122,17293833482614604734,0,prediction,container_exit,6033214911712,657892,657963
202607271206,e2e_trace_v3,3123,17293833482614604734,0,prediction,perception_enter,6033214926144,657892,657963
202607271206,e2e_trace_v3,3124,17293833482614604734,0,prediction,evaluator_enter,6033215286176,657892,657963
202607271206,e2e_trace_v3,3125,17293833482614604734,0,prediction,evaluator_exit,6033221758880,657892,657963
202607271206,e2e_trace_v3,3126,17293833482614604734,0,prediction,predictor_enter,6033221784416,657892,657963
202607271206,e2e_trace_v3,3127,17293833482614604734,0,prediction,predictor_exit,6033221790400,657892,657963
202607271206,e2e_trace_v3,3128,17293833482614604734,0,prediction,perception_exit,6033221795168,657892,657963
202607271206,e2e_trace_v3,3129,17293833482614604734,0,prediction,writer_enter,6033221843744,657892,657963
202607271206,e2e_trace_v3,3130,17293833482614604734,0,prediction,writer_done,6033221948416,657892,657963
202607271206,e2e_trace_v3,3131,17293833482614604734,0,prediction,output_pub,6033221843744,657892,657963
202607271206,e2e_trace_v3,3132,17293833482614604735,0,prediction,proc_enter,6033331027104,657892,657965
202607271206,e2e_trace_v3,3133,17293833482614604735,0,prediction,container_enter,6033331066848,657892,657965
202607271206,e2e_trace_v3,3134,17293833482614604735,0,prediction,container_exit,6033331545120,657892,657965
202607271206,e2e_trace_v3,3135,17293833482614604735,0,prediction,perception_enter,6033331564416,657892,657965
202607271206,e2e_trace_v3,3136,17293833482614604735,0,prediction,evaluator_enter,6033332010368,657892,657965
202607271206,e2e_trace_v3,3137,17293833482614604735,0,prediction,evaluator_exit,6033333750784,657892,657965
202607271206,e2e_trace_v3,3138,17293833482614604735,0,prediction,predictor_enter,6033333779136,657892,657965
202607271206,e2e_trace_v3,3139,17293833482614604735,0,prediction,predictor_exit,6033333786976,657892,657965
202607271206,e2e_trace_v3,3140,17293833482614604735,0,prediction,perception_exit,6033333869056,657892,657965
202607271206,e2e_trace_v3,3141,17293833482614604735,0,prediction,writer_enter,6033333925152,657892,657965
202607271206,e2e_trace_v3,3142,17293833482614604735,0,prediction,writer_done,6033334054656,657892,657965
202607271206,e2e_trace_v3,3143,17293833482614604735,0,prediction,output_pub,6033333925152,657892,657965
202607271206,e2e_trace_v3,3144,17293833482614604736,0,prediction,proc_enter,6033433001856,657892,657973
202607271206,e2e_trace_v3,3145,17293833482614604736,0,prediction,container_enter,6033433039104,657892,657973
202607271206,e2e_trace_v3,3146,17293833482614604736,0,prediction,container_exit,6033433543936,657892,657973
202607271206,e2e_trace_v3,3147,17293833482614604736,0,prediction,perception_enter,6033433560480,657892,657973
202607271206,e2e_trace_v3,3148,17293833482614604736,0,prediction,evaluator_enter,6033433977952,657892,657973
202607271206,e2e_trace_v3,3149,17293833482614604736,0,prediction,evaluator_exit,6033435666624,657892,657973
202607271206,e2e_trace_v3,3150,17293833482614604736,0,prediction,predictor_enter,6033435691520,657892,657973
202607271206,e2e_trace_v3,3151,17293833482614604736,0,prediction,predictor_exit,6033435699936,657892,657973
202607271206,e2e_trace_v3,3152,17293833482614604736,0,prediction,perception_exit,6033435706944,657892,657973
202607271206,e2e_trace_v3,3153,17293833482614604736,0,prediction,writer_enter,6033435768288,657892,657973
202607271206,e2e_trace_v3,3154,17293833482614604736,0,prediction,writer_done,6033435908096,657892,657973
202607271206,e2e_trace_v3,3155,17293833482614604736,0,prediction,output_pub,6033435768288,657892,657973
202607271206,e2e_trace_v3,3156,17293833482614604737,0,prediction,proc_enter,6033524519328,657892,657964
202607271206,e2e_trace_v3,3157,17293833482614604737,0,prediction,container_enter,6033524564608,657892,657964
202607271206,e2e_trace_v3,3158,17293833482614604737,0,prediction,container_exit,6033525059616,657892,657964
202607271206,e2e_trace_v3,3159,17293833482614604737,0,prediction,perception_enter,6033525080640,657892,657964
202607271206,e2e_trace_v3,3160,17293833482614604737,0,prediction,evaluator_enter,6033525588608,657892,657964
202607271206,e2e_trace_v3,3161,17293833482614604737,0,prediction,evaluator_exit,6033527403648,657892,657964
202607271206,e2e_trace_v3,3162,17293833482614604737,0,prediction,predictor_enter,6033527428224,657892,657964
202607271206,e2e_trace_v3,3163,17293833482614604737,0,prediction,predictor_exit,6033527439488,657892,657964
202607271206,e2e_trace_v3,3164,17293833482614604737,0,prediction,perception_exit,6033527448480,657892,657964
202607271206,e2e_trace_v3,3165,17293833482614604737,0,prediction,writer_enter,6033527507712,657892,657964
202607271206,e2e_trace_v3,3166,17293833482614604737,0,prediction,writer_done,6033527683840,657892,657964
202607271206,e2e_trace_v3,3167,17293833482614604737,0,prediction,output_pub,6033527507712,657892,657964
202607271206,e2e_trace_v3,3168,17293833482614604738,0,prediction,proc_enter,6033628603808,657892,657966
202607271206,e2e_trace_v3,3169,17293833482614604738,0,prediction,container_enter,6033628650528,657892,657966
202607271206,e2e_trace_v3,3170,17293833482614604738,0,prediction,container_exit,6033629179584,657892,657966
202607271206,e2e_trace_v3,3171,17293833482614604738,0,prediction,perception_enter,6033629201920,657892,657966
202607271206,e2e_trace_v3,3172,17293833482614604738,0,prediction,evaluator_enter,6033629925152,657892,657966
202607271206,e2e_trace_v3,3173,17293833482614604738,0,prediction,evaluator_exit,6033631941248,657892,657966
202607271206,e2e_trace_v3,3174,17293833482614604738,0,prediction,predictor_enter,6033631986272,657892,657966
202607271206,e2e_trace_v3,3175,17293833482614604738,0,prediction,predictor_exit,6033631998304,657892,657966
202607271206,e2e_trace_v3,3176,17293833482614604738,0,prediction,perception_exit,6033632006528,657892,657966
202607271206,e2e_trace_v3,3177,17293833482614604738,0,prediction,writer_enter,6033632063328,657892,657966
202607271206,e2e_trace_v3,3178,17293833482614604738,0,prediction,writer_done,6033632243776,657892,657966
202607271206,e2e_trace_v3,3179,17293833482614604738,0,prediction,output_pub,6033632063328,657892,657966
202607271206,e2e_trace_v3,3180,17293833482614604739,0,prediction,proc_enter,6033722849184,657892,657976
202607271206,e2e_trace_v3,3181,17293833482614604739,0,prediction,container_enter,6033722883264,657892,657976
202607271206,e2e_trace_v3,3182,17293833482614604739,0,prediction,container_exit,6033723357920,657892,657976
202607271206,e2e_trace_v3,3183,17293833482614604739,0,prediction,perception_enter,6033723368608,657892,657976
202607271206,e2e_trace_v3,3184,17293833482614604739,0,prediction,evaluator_enter,6033723732704,657892,657976
202607271206,e2e_trace_v3,3185,17293833482614604739,0,prediction,evaluator_exit,6033725404992,657892,657976
202607271206,e2e_trace_v3,3186,17293833482614604739,0,prediction,predictor_enter,6033725437984,657892,657976
202607271206,e2e_trace_v3,3187,17293833482614604739,0,prediction,predictor_exit,6033725445728,657892,657976
202607271206,e2e_trace_v3,3188,17293833482614604739,0,prediction,perception_exit,6033725451712,657892,657976
202607271206,e2e_trace_v3,3189,17293833482614604739,0,prediction,writer_enter,6033725513312,657892,657976
202607271206,e2e_trace_v3,3190,17293833482614604739,0,prediction,writer_done,6033725652960,657892,657976
202607271206,e2e_trace_v3,3191,17293833482614604739,0,prediction,output_pub,6033725513312,657892,657976
202607271206,e2e_trace_v3,3192,17293833482614604740,0,prediction,proc_enter,6033821045952,657892,657963
202607271206,e2e_trace_v3,3193,17293833482614604740,0,prediction,container_enter,6033821080768,657892,657963
202607271206,e2e_trace_v3,3194,17293833482614604740,0,prediction,container_exit,6033821508512,657892,657963
202607271206,e2e_trace_v3,3195,17293833482614604740,0,prediction,perception_enter,6033821521952,657892,657963
202607271206,e2e_trace_v3,3196,17293833482614604740,0,prediction,evaluator_enter,6033821930976,657892,657963
202607271206,e2e_trace_v3,3197,17293833482614604740,0,prediction,evaluator_exit,6033823622464,657892,657963
202607271206,e2e_trace_v3,3198,17293833482614604740,0,prediction,predictor_enter,6033823648512,657892,657963
202607271206,e2e_trace_v3,3199,17293833482614604740,0,prediction,predictor_exit,6033823657248,657892,657963
202607271206,e2e_trace_v3,3200,17293833482614604740,0,prediction,perception_exit,6033823662752,657892,657963
202607271206,e2e_trace_v3,3201,17293833482614604740,0,prediction,writer_enter,6033823712032,657892,657963
202607271206,e2e_trace_v3,3202,17293833482614604740,0,prediction,writer_done,6033823852992,657892,657963
202607271206,e2e_trace_v3,3203,17293833482614604740,0,prediction,output_pub,6033823712032,657892,657963
202607271206,e2e_trace_v3,3204,17293833482614604741,0,prediction,proc_enter,6033943026880,657892,657964
202607271206,e2e_trace_v3,3205,17293833482614604741,0,prediction,container_enter,6033943071104,657892,657964
202607271206,e2e_trace_v3,3206,17293833482614604741,0,prediction,container_exit,6033943619008,657892,657964
202607271206,e2e_trace_v3,3207,17293833482614604741,0,prediction,perception_enter,6033943637504,657892,657964
202607271206,e2e_trace_v3,3208,17293833482614604741,0,prediction,evaluator_enter,6033944141024,657892,657964
202607271206,e2e_trace_v3,3209,17293833482614604741,0,prediction,evaluator_exit,6033946057824,657892,657964
202607271206,e2e_trace_v3,3210,17293833482614604741,0,prediction,predictor_enter,6033946089952,657892,657964
202607271206,e2e_trace_v3,3211,17293833482614604741,0,prediction,predictor_exit,6033946104544,657892,657964
202607271206,e2e_trace_v3,3212,17293833482614604741,0,prediction,perception_exit,6033946117888,657892,657964
202607271206,e2e_trace_v3,3213,17293833482614604741,0,prediction,writer_enter,6033946183328,657892,657964
202607271206,e2e_trace_v3,3214,17293833482614604741,0,prediction,writer_done,6033946353824,657892,657964
202607271206,e2e_trace_v3,3215,17293833482614604741,0,prediction,output_pub,6033946183328,657892,657964
202607271206,e2e_trace_v3,3216,17293833482614604742,0,prediction,proc_enter,6034032595680,657892,657976
202607271206,e2e_trace_v3,3217,17293833482614604742,0,prediction,container_enter,6034032686976,657892,657976
202607271206,e2e_trace_v3,3218,17293833482614604742,0,prediction,container_exit,6034033167744,657892,657976
202607271206,e2e_trace_v3,3219,17293833482614604742,0,prediction,perception_enter,6034033178144,657892,657976
202607271206,e2e_trace_v3,3220,17293833482614604742,0,prediction,evaluator_enter,6034033537760,657892,657976
202607271206,e2e_trace_v3,3221,17293833482614604742,0,prediction,evaluator_exit,6034035139648,657892,657976
202607271206,e2e_trace_v3,3222,17293833482614604742,0,prediction,predictor_enter,6034035170592,657892,657976
202607271206,e2e_trace_v3,3223,17293833482614604742,0,prediction,predictor_exit,6034035179392,657892,657976
202607271206,e2e_trace_v3,3224,17293833482614604742,0,prediction,perception_exit,6034035186272,657892,657976
202607271206,e2e_trace_v3,3225,17293833482614604742,0,prediction,writer_enter,6034035248416,657892,657976
202607271206,e2e_trace_v3,3226,17293833482614604742,0,prediction,writer_done,6034035386368,657892,657976
202607271206,e2e_trace_v3,3227,17293833482614604742,0,prediction,output_pub,6034035248416,657892,657976
202607271206,e2e_trace_v3,3228,17293833482614604743,0,prediction,proc_enter,6034122523616,657892,657977
202607271206,e2e_trace_v3,3229,17293833482614604743,0,prediction,container_enter,6034122555328,657892,657977
202607271206,e2e_trace_v3,3230,17293833482614604743,0,prediction,container_exit,6034123053056,657892,657977
202607271206,e2e_trace_v3,3231,17293833482614604743,0,prediction,perception_enter,6034123071008,657892,657977
202607271206,e2e_trace_v3,3232,17293833482614604743,0,prediction,evaluator_enter,6034123446240,657892,657977
202607271206,e2e_trace_v3,3233,17293833482614604743,0,prediction,evaluator_exit,6034125174880,657892,657977
202607271206,e2e_trace_v3,3234,17293833482614604743,0,prediction,predictor_enter,6034125203200,657892,657977
202607271206,e2e_trace_v3,3235,17293833482614604743,0,prediction,predictor_exit,6034125210144,657892,657977
202607271206,e2e_trace_v3,3236,17293833482614604743,0,prediction,perception_exit,6034125215904,657892,657977
202607271206,e2e_trace_v3,3237,17293833482614604743,0,prediction,writer_enter,6034125271584,657892,657977
202607271206,e2e_trace_v3,3238,17293833482614604743,0,prediction,writer_done,6034132780640,657892,657977
202607271206,e2e_trace_v3,3239,17293833482614604743,0,prediction,output_pub,6034125271584,657892,657977
202607271206,e2e_trace_v3,3240,17293833482614604744,0,prediction,proc_enter,6034215767296,657892,657971
202607271206,e2e_trace_v3,3241,17293833482614604744,0,prediction,container_enter,6034215805056,657892,657971
202607271206,e2e_trace_v3,3242,17293833482614604744,0,prediction,container_exit,6034216200096,657892,657971
202607271206,e2e_trace_v3,3243,17293833482614604744,0,prediction,perception_enter,6034216209920,657892,657971
202607271206,e2e_trace_v3,3244,17293833482614604744,0,prediction,evaluator_enter,6034216578336,657892,657971
202607271206,e2e_trace_v3,3245,17293833482614604744,0,prediction,evaluator_exit,6034218093088,657892,657971
202607271206,e2e_trace_v3,3246,17293833482614604744,0,prediction,predictor_enter,6034218114656,657892,657971
202607271206,e2e_trace_v3,3247,17293833482614604744,0,prediction,predictor_exit,6034218122208,657892,657971
202607271206,e2e_trace_v3,3248,17293833482614604744,0,prediction,perception_exit,6034218128480,657892,657971
202607271206,e2e_trace_v3,3249,17293833482614604744,0,prediction,writer_enter,6034218179072,657892,657971
202607271206,e2e_trace_v3,3250,17293833482614604744,0,prediction,writer_done,6034218321376,657892,657971
202607271206,e2e_trace_v3,3251,17293833482614604744,0,prediction,output_pub,6034218179072,657892,657971
202607271206,e2e_trace_v3,3252,17293833482614604745,0,prediction,proc_enter,6034318942816,657892,657976
202607271206,e2e_trace_v3,3253,17293833482614604745,0,prediction,container_enter,6034318980896,657892,657976
202607271206,e2e_trace_v3,3254,17293833482614604745,0,prediction,container_exit,6034319539872,657892,657976
202607271206,e2e_trace_v3,3255,17293833482614604745,0,prediction,perception_enter,6034319556736,657892,657976
202607271206,e2e_trace_v3,3256,17293833482614604745,0,prediction,evaluator_enter,6034320036864,657892,657976
202607271206,e2e_trace_v3,3257,17293833482614604745,0,prediction,evaluator_exit,6034326591168,657892,657976
202607271206,e2e_trace_v3,3258,17293833482614604745,0,prediction,predictor_enter,6034326620352,657892,657976
202607271206,e2e_trace_v3,3259,17293833482614604745,0,prediction,predictor_exit,6034326629120,657892,657976
202607271206,e2e_trace_v3,3260,17293833482614604745,0,prediction,perception_exit,6034326636288,657892,657976
202607271206,e2e_trace_v3,3261,17293833482614604745,0,prediction,writer_enter,6034326695648,657892,657976
202607271206,e2e_trace_v3,3262,17293833482614604745,0,prediction,writer_done,6034326843616,657892,657976
202607271206,e2e_trace_v3,3263,17293833482614604745,0,prediction,output_pub,6034326695648,657892,657976
202607271206,e2e_trace_v3,3264,17293833482614604746,0,prediction,proc_enter,6034429876064,657892,657964
202607271206,e2e_trace_v3,3265,17293833482614604746,0,prediction,container_enter,6034429933696,657892,657964
202607271206,e2e_trace_v3,3266,17293833482614604746,0,prediction,container_exit,6034430749280,657892,657964
202607271206,e2e_trace_v3,3267,17293833482614604746,0,prediction,perception_enter,6034430778048,657892,657964
202607271206,e2e_trace_v3,3268,17293833482614604746,0,prediction,evaluator_enter,6034431404576,657892,657964
202607271206,e2e_trace_v3,3269,17293833482614604746,0,prediction,evaluator_exit,6034434773952,657892,657964
202607271206,e2e_trace_v3,3270,17293833482614604746,0,prediction,predictor_enter,6034434801984,657892,657964
202607271206,e2e_trace_v3,3271,17293833482614604746,0,prediction,predictor_exit,6034434810624,657892,657964
202607271206,e2e_trace_v3,3272,17293833482614604746,0,prediction,perception_exit,6034434818656,657892,657964
202607271206,e2e_trace_v3,3273,17293833482614604746,0,prediction,writer_enter,6034434862912,657892,657964
202607271206,e2e_trace_v3,3274,17293833482614604746,0,prediction,writer_done,6034435003744,657892,657964
202607271206,e2e_trace_v3,3275,17293833482614604746,0,prediction,output_pub,6034434862912,657892,657964
202607271206,e2e_trace_v3,3276,17293833482614604747,0,prediction,proc_enter,6034527998464,657892,657971
202607271206,e2e_trace_v3,3277,17293833482614604747,0,prediction,container_enter,6034528046432,657892,657971
202607271206,e2e_trace_v3,3278,17293833482614604747,0,prediction,container_exit,6034528628512,657892,657971
202607271206,e2e_trace_v3,3279,17293833482614604747,0,prediction,perception_enter,6034528650592,657892,657971
202607271206,e2e_trace_v3,3280,17293833482614604747,0,prediction,evaluator_enter,6034529204832,657892,657971
202607271206,e2e_trace_v3,3281,17293833482614604747,0,prediction,evaluator_exit,6034534611264,657892,657971
202607271206,e2e_trace_v3,3282,17293833482614604747,0,prediction,predictor_enter,6034534648736,657892,657971
202607271206,e2e_trace_v3,3283,17293833482614604747,0,prediction,predictor_exit,6034534662112,657892,657971
202607271206,e2e_trace_v3,3284,17293833482614604747,0,prediction,perception_exit,6034534672704,657892,657971
202607271206,e2e_trace_v3,3285,17293833482614604747,0,prediction,writer_enter,6034534742848,657892,657971
202607271206,e2e_trace_v3,3286,17293833482614604747,0,prediction,writer_done,6034534923200,657892,657971
202607271206,e2e_trace_v3,3287,17293833482614604747,0,prediction,output_pub,6034534742848,657892,657971
202607271206,e2e_trace_v3,3288,17293833482614604748,0,prediction,proc_enter,6034629324128,657892,657968
202607271206,e2e_trace_v3,3289,17293833482614604748,0,prediction,container_enter,6034629385600,657892,657968
202607271206,e2e_trace_v3,3290,17293833482614604748,0,prediction,container_exit,6034629960800,657892,657968
202607271206,e2e_trace_v3,3291,17293833482614604748,0,prediction,perception_enter,6034629982336,657892,657968
202607271206,e2e_trace_v3,3292,17293833482614604748,0,prediction,evaluator_enter,6034630491296,657892,657968
202607271206,e2e_trace_v3,3293,17293833482614604748,0,prediction,evaluator_exit,6034638775552,657892,657968
202607271206,e2e_trace_v3,3294,17293833482614604748,0,prediction,predictor_enter,6034638805440,657892,657968
202607271206,e2e_trace_v3,3295,17293833482614604748,0,prediction,predictor_exit,6034638814400,657892,657968
202607271206,e2e_trace_v3,3296,17293833482614604748,0,prediction,perception_exit,6034638822272,657892,657968
202607271206,e2e_trace_v3,3297,17293833482614604748,0,prediction,writer_enter,6034638873472,657892,657968
202607271206,e2e_trace_v3,3298,17293833482614604748,0,prediction,writer_done,6034639013312,657892,657968
202607271206,e2e_trace_v3,3299,17293833482614604748,0,prediction,output_pub,6034638873472,657892,657968
202607271206,e2e_trace_v3,3300,17293833482614604749,0,prediction,proc_enter,6034728373376,657892,657963
202607271206,e2e_trace_v3,3301,17293833482614604749,0,prediction,container_enter,6034728407776,657892,657963
202607271206,e2e_trace_v3,3302,17293833482614604749,0,prediction,container_exit,6034728829760,657892,657963
202607271206,e2e_trace_v3,3303,17293833482614604749,0,prediction,perception_enter,6034728842016,657892,657963
202607271206,e2e_trace_v3,3304,17293833482614604749,0,prediction,evaluator_enter,6034729212064,657892,657963
202607271206,e2e_trace_v3,3305,17293833482614604749,0,prediction,evaluator_exit,6034730840608,657892,657963
202607271206,e2e_trace_v3,3306,17293833482614604749,0,prediction,predictor_enter,6034730871136,657892,657963
202607271206,e2e_trace_v3,3307,17293833482614604749,0,prediction,predictor_exit,6034730879008,657892,657963
202607271206,e2e_trace_v3,3308,17293833482614604749,0,prediction,perception_exit,6034730885280,657892,657963
202607271206,e2e_trace_v3,3309,17293833482614604749,0,prediction,writer_enter,6034730944544,657892,657963
202607271206,e2e_trace_v3,3310,17293833482614604749,0,prediction,writer_done,6034731106208,657892,657963
202607271206,e2e_trace_v3,3311,17293833482614604749,0,prediction,output_pub,6034730944544,657892,657963
202607271206,e2e_trace_v3,3312,17293833482614604750,0,prediction,proc_enter,6034823604320,657892,657969
202607271206,e2e_trace_v3,3313,17293833482614604750,0,prediction,container_enter,6034823667392,657892,657969
202607271206,e2e_trace_v3,3314,17293833482614604750,0,prediction,container_exit,6034824186112,657892,657969
202607271206,e2e_trace_v3,3315,17293833482614604750,0,prediction,perception_enter,6034824208416,657892,657969
202607271206,e2e_trace_v3,3316,17293833482614604750,0,prediction,evaluator_enter,6034824856608,657892,657969
202607271206,e2e_trace_v3,3317,17293833482614604750,0,prediction,evaluator_exit,6034830655232,657892,657969
202607271206,e2e_trace_v3,3318,17293833482614604750,0,prediction,predictor_enter,6034830681888,657892,657969
202607271206,e2e_trace_v3,3319,17293833482614604750,0,prediction,predictor_exit,6034830689632,657892,657969
202607271206,e2e_trace_v3,3320,17293833482614604750,0,prediction,perception_exit,6034830696448,657892,657969
202607271206,e2e_trace_v3,3321,17293833482614604750,0,prediction,writer_enter,6034830750080,657892,657969
202607271206,e2e_trace_v3,3322,17293833482614604750,0,prediction,writer_done,6034830884960,657892,657969
202607271206,e2e_trace_v3,3323,17293833482614604750,0,prediction,output_pub,6034830750080,657892,657969
202607271206,e2e_trace_v3,3324,17293833482614604751,0,prediction,proc_enter,6034939789856,657892,657973
202607271206,e2e_trace_v3,3325,17293833482614604751,0,prediction,container_enter,6034939846688,657892,657973
202607271206,e2e_trace_v3,3326,17293833482614604751,0,prediction,container_exit,6034940426720,657892,657973
202607271206,e2e_trace_v3,3327,17293833482614604751,0,prediction,perception_enter,6034940451040,657892,657973
202607271206,e2e_trace_v3,3328,17293833482614604751,0,prediction,evaluator_enter,6034940981184,657892,657973
202607271206,e2e_trace_v3,3329,17293833482614604751,0,prediction,evaluator_exit,6034943041568,657892,657973
202607271206,e2e_trace_v3,3330,17293833482614604751,0,prediction,predictor_enter,6034943075904,657892,657973
202607271206,e2e_trace_v3,3331,17293833482614604751,0,prediction,predictor_exit,6034943092224,657892,657973
202607271206,e2e_trace_v3,3332,17293833482614604751,0,prediction,perception_exit,6034943106304,657892,657973
202607271206,e2e_trace_v3,3333,17293833482614604751,0,prediction,writer_enter,6034943183008,657892,657973
202607271206,e2e_trace_v3,3334,17293833482614604751,0,prediction,writer_done,6034943339392,657892,657973
202607271206,e2e_trace_v3,3335,17293833482614604751,0,prediction,output_pub,6034943183008,657892,657973
202607271206,e2e_trace_v3,3336,17293833482614604752,0,prediction,proc_enter,6035037083264,657892,657963
202607271206,e2e_trace_v3,3337,17293833482614604752,0,prediction,container_enter,6035037132288,657892,657963
202607271206,e2e_trace_v3,3338,17293833482614604752,0,prediction,container_exit,6035037621856,657892,657963
202607271206,e2e_trace_v3,3339,17293833482614604752,0,prediction,perception_enter,6035037639008,657892,657963
202607271206,e2e_trace_v3,3340,17293833482614604752,0,prediction,evaluator_enter,6035038222336,657892,657963
202607271206,e2e_trace_v3,3341,17293833482614604752,0,prediction,evaluator_exit,6035041945152,657892,657963
202607271206,e2e_trace_v3,3342,17293833482614604752,0,prediction,predictor_enter,6035041969056,657892,657963
202607271206,e2e_trace_v3,3343,17293833482614604752,0,prediction,predictor_exit,6035041978048,657892,657963
202607271206,e2e_trace_v3,3344,17293833482614604752,0,prediction,perception_exit,6035041984768,657892,657963
202607271206,e2e_trace_v3,3345,17293833482614604752,0,prediction,writer_enter,6035042026912,657892,657963
202607271206,e2e_trace_v3,3346,17293833482614604752,0,prediction,writer_done,6035042142112,657892,657963
202607271206,e2e_trace_v3,3347,17293833482614604752,0,prediction,output_pub,6035042026912,657892,657963
202607271206,e2e_trace_v3,3348,17293833482614604753,0,prediction,proc_enter,6035128884384,657892,657968
202607271206,e2e_trace_v3,3349,17293833482614604753,0,prediction,container_enter,6035128920288,657892,657968
202607271206,e2e_trace_v3,3350,17293833482614604753,0,prediction,container_exit,6035129348640,657892,657968
202607271206,e2e_trace_v3,3351,17293833482614604753,0,prediction,perception_enter,6035129361984,657892,657968
202607271206,e2e_trace_v3,3352,17293833482614604753,0,prediction,evaluator_enter,6035129713472,657892,657968
202607271206,e2e_trace_v3,3353,17293833482614604753,0,prediction,evaluator_exit,6035131263584,657892,657968
202607271206,e2e_trace_v3,3354,17293833482614604753,0,prediction,predictor_enter,6035131285984,657892,657968
202607271206,e2e_trace_v3,3355,17293833482614604753,0,prediction,predictor_exit,6035131292832,657892,657968
202607271206,e2e_trace_v3,3356,17293833482614604753,0,prediction,perception_exit,6035131297696,657892,657968
202607271206,e2e_trace_v3,3357,17293833482614604753,0,prediction,writer_enter,6035131354336,657892,657968
202607271206,e2e_trace_v3,3358,17293833482614604753,0,prediction,writer_done,6035131481120,657892,657968
202607271206,e2e_trace_v3,3359,17293833482614604753,0,prediction,output_pub,6035131354336,657892,657968
202607271206,e2e_trace_v3,3360,17293833482614604754,0,prediction,proc_enter,6035227610400,657892,657974
202607271206,e2e_trace_v3,3361,17293833482614604754,0,prediction,container_enter,6035227649888,657892,657974
202607271206,e2e_trace_v3,3362,17293833482614604754,0,prediction,container_exit,6035228130496,657892,657974
202607271206,e2e_trace_v3,3363,17293833482614604754,0,prediction,perception_enter,6035228143136,657892,657974
202607271206,e2e_trace_v3,3364,17293833482614604754,0,prediction,evaluator_enter,6035228517888,657892,657974
202607271206,e2e_trace_v3,3365,17293833482614604754,0,prediction,evaluator_exit,6035231704800,657892,657974
202607271206,e2e_trace_v3,3366,17293833482614604754,0,prediction,predictor_enter,6035231723488,657892,657974
202607271206,e2e_trace_v3,3367,17293833482614604754,0,prediction,predictor_exit,6035231730080,657892,657974
202607271206,e2e_trace_v3,3368,17293833482614604754,0,prediction,perception_exit,6035231736000,657892,657974
202607271206,e2e_trace_v3,3369,17293833482614604754,0,prediction,writer_enter,6035231838496,657892,657974
202607271206,e2e_trace_v3,3370,17293833482614604754,0,prediction,writer_done,6035231935488,657892,657974
202607271206,e2e_trace_v3,3371,17293833482614604754,0,prediction,output_pub,6035231838496,657892,657974
202607271206,e2e_trace_v3,3372,17293833482614604755,0,prediction,proc_enter,6035322115232,657892,657965
202607271206,e2e_trace_v3,3373,17293833482614604755,0,prediction,container_enter,6035322155904,657892,657965
202607271206,e2e_trace_v3,3374,17293833482614604755,0,prediction,container_exit,6035322594656,657892,657965
202607271206,e2e_trace_v3,3375,17293833482614604755,0,prediction,perception_enter,6035322609536,657892,657965
202607271206,e2e_trace_v3,3376,17293833482614604755,0,prediction,evaluator_enter,6035323018816,657892,657965
202607271206,e2e_trace_v3,3377,17293833482614604755,0,prediction,evaluator_exit,6035324586976,657892,657965
202607271206,e2e_trace_v3,3378,17293833482614604755,0,prediction,predictor_enter,6035324607904,657892,657965
202607271206,e2e_trace_v3,3379,17293833482614604755,0,prediction,predictor_exit,6035324615648,657892,657965
202607271206,e2e_trace_v3,3380,17293833482614604755,0,prediction,perception_exit,6035324621600,657892,657965
202607271206,e2e_trace_v3,3381,17293833482614604755,0,prediction,writer_enter,6035324682016,657892,657965
202607271206,e2e_trace_v3,3382,17293833482614604755,0,prediction,writer_done,6035324825184,657892,657965
202607271206,e2e_trace_v3,3383,17293833482614604755,0,prediction,output_pub,6035324682016,657892,657965
202607271206,e2e_trace_v3,3384,17293833482614604756,0,prediction,proc_enter,6035421240064,657892,657978
202607271206,e2e_trace_v3,3385,17293833482614604756,0,prediction,container_enter,6035421279424,657892,657978
202607271206,e2e_trace_v3,3386,17293833482614604756,0,prediction,container_exit,6035421734144,657892,657978
202607271206,e2e_trace_v3,3387,17293833482614604756,0,prediction,perception_enter,6035421753856,657892,657978
202607271206,e2e_trace_v3,3388,17293833482614604756,0,prediction,evaluator_enter,6035422241120,657892,657978
202607271206,e2e_trace_v3,3389,17293833482614604756,0,prediction,evaluator_exit,6035426559232,657892,657978
202607271206,e2e_trace_v3,3390,17293833482614604756,0,prediction,predictor_enter,6035426588704,657892,657978
202607271206,e2e_trace_v3,3391,17293833482614604756,0,prediction,predictor_exit,6035426599264,657892,657978
202607271206,e2e_trace_v3,3392,17293833482614604756,0,prediction,perception_exit,6035426608224,657892,657978
202607271206,e2e_trace_v3,3393,17293833482614604756,0,prediction,writer_enter,6035426673760,657892,657978
202607271206,e2e_trace_v3,3394,17293833482614604756,0,prediction,writer_done,6035426810944,657892,657978
202607271206,e2e_trace_v3,3395,17293833482614604756,0,prediction,output_pub,6035426673760,657892,657978
202607271206,e2e_trace_v3,3396,17293833482614604757,0,prediction,proc_enter,6035528760800,657892,657965
202607271206,e2e_trace_v3,3397,17293833482614604757,0,prediction,container_enter,6035528806144,657892,657965
202607271206,e2e_trace_v3,3398,17293833482614604757,0,prediction,container_exit,6035529352384,657892,657965
202607271206,e2e_trace_v3,3399,17293833482614604757,0,prediction,perception_enter,6035529370208,657892,657965
202607271206,e2e_trace_v3,3400,17293833482614604757,0,prediction,evaluator_enter,6035529845760,657892,657965
202607271206,e2e_trace_v3,3401,17293833482614604757,0,prediction,evaluator_exit,6035531606816,657892,657965
202607271206,e2e_trace_v3,3402,17293833482614604757,0,prediction,predictor_enter,6035531630208,657892,657965
202607271206,e2e_trace_v3,3403,17293833482614604757,0,prediction,predictor_exit,6035531641984,657892,657965
202607271206,e2e_trace_v3,3404,17293833482614604757,0,prediction,perception_exit,6035531652256,657892,657965
202607271206,e2e_trace_v3,3405,17293833482614604757,0,prediction,writer_enter,6035531700960,657892,657965
202607271206,e2e_trace_v3,3406,17293833482614604757,0,prediction,writer_done,6035531844448,657892,657965
202607271206,e2e_trace_v3,3407,17293833482614604757,0,prediction,output_pub,6035531700960,657892,657965
202607271206,e2e_trace_v3,3408,17293833482614604758,0,prediction,proc_enter,6035630425824,657892,657967
202607271206,e2e_trace_v3,3409,17293833482614604758,0,prediction,container_enter,6035630476256,657892,657967
202607271206,e2e_trace_v3,3410,17293833482614604758,0,prediction,container_exit,6035630944288,657892,657967
202607271206,e2e_trace_v3,3411,17293833482614604758,0,prediction,perception_enter,6035630961696,657892,657967
202607271206,e2e_trace_v3,3412,17293833482614604758,0,prediction,evaluator_enter,6035631432064,657892,657967
202607271206,e2e_trace_v3,3413,17293833482614604758,0,prediction,evaluator_exit,6035642676864,657892,657967
202607271206,e2e_trace_v3,3414,17293833482614604758,0,prediction,predictor_enter,6035642708736,657892,657967
202607271206,e2e_trace_v3,3415,17293833482614604758,0,prediction,predictor_exit,6035642718272,657892,657967
202607271206,e2e_trace_v3,3416,17293833482614604758,0,prediction,perception_exit,6035642726080,657892,657967
202607271206,e2e_trace_v3,3417,17293833482614604758,0,prediction,writer_enter,6035642786880,657892,657967
202607271206,e2e_trace_v3,3418,17293833482614604758,0,prediction,writer_done,6035642957440,657892,657967
202607271206,e2e_trace_v3,3419,17293833482614604758,0,prediction,output_pub,6035642786880,657892,657967
202607271206,e2e_trace_v3,3420,17293833482614604759,0,prediction,proc_enter,6035738099104,657892,657964
202607271206,e2e_trace_v3,3421,17293833482614604759,0,prediction,container_enter,6035738142688,657892,657964
202607271206,e2e_trace_v3,3422,17293833482614604759,0,prediction,container_exit,6035738569824,657892,657964
202607271206,e2e_trace_v3,3423,17293833482614604759,0,prediction,perception_enter,6035738582400,657892,657964
202607271206,e2e_trace_v3,3424,17293833482614604759,0,prediction,evaluator_enter,6035738942592,657892,657964
202607271206,e2e_trace_v3,3425,17293833482614604759,0,prediction,evaluator_exit,6035740500480,657892,657964
202607271206,e2e_trace_v3,3426,17293833482614604759,0,prediction,predictor_enter,6035740520288,657892,657964
202607271206,e2e_trace_v3,3427,17293833482614604759,0,prediction,predictor_exit,6035740527872,657892,657964
202607271206,e2e_trace_v3,3428,17293833482614604759,0,prediction,perception_exit,6035740533504,657892,657964
202607271206,e2e_trace_v3,3429,17293833482614604759,0,prediction,writer_enter,6035740582688,657892,657964
202607271206,e2e_trace_v3,3430,17293833482614604759,0,prediction,writer_done,6035740714656,657892,657964
202607271206,e2e_trace_v3,3431,17293833482614604759,0,prediction,output_pub,6035740582688,657892,657964
202607271206,e2e_trace_v3,3432,17293833482614604760,0,prediction,proc_enter,6035828532736,657892,657971
202607271206,e2e_trace_v3,3433,17293833482614604760,0,prediction,container_enter,6035828565088,657892,657971
202607271206,e2e_trace_v3,3434,17293833482614604760,0,prediction,container_exit,6035829065856,657892,657971
202607271206,e2e_trace_v3,3435,17293833482614604760,0,prediction,perception_enter,6035829079008,657892,657971
202607271206,e2e_trace_v3,3436,17293833482614604760,0,prediction,evaluator_enter,6035829476192,657892,657971
202607271206,e2e_trace_v3,3437,17293833482614604760,0,prediction,evaluator_exit,6035831168768,657892,657971
202607271206,e2e_trace_v3,3438,17293833482614604760,0,prediction,predictor_enter,6035831198432,657892,657971
202607271206,e2e_trace_v3,3439,17293833482614604760,0,prediction,predictor_exit,6035831211264,657892,657971
202607271206,e2e_trace_v3,3440,17293833482614604760,0,prediction,perception_exit,6035831223040,657892,657971
202607271206,e2e_trace_v3,3441,17293833482614604760,0,prediction,writer_enter,6035831288832,657892,657971
202607271206,e2e_trace_v3,3442,17293833482614604760,0,prediction,writer_done,6035831443264,657892,657971
202607271206,e2e_trace_v3,3443,17293833482614604760,0,prediction,output_pub,6035831288832,657892,657971
202607271206,e2e_trace_v3,3444,17293833482614604761,0,prediction,proc_enter,6035919657408,657892,657966
202607271206,e2e_trace_v3,3445,17293833482614604761,0,prediction,container_enter,6035919691456,657892,657966
202607271206,e2e_trace_v3,3446,17293833482614604761,0,prediction,container_exit,6035920173408,657892,657966
202607271206,e2e_trace_v3,3447,17293833482614604761,0,prediction,perception_enter,6035920188288,657892,657966
202607271206,e2e_trace_v3,3448,17293833482614604761,0,prediction,evaluator_enter,6035920606976,657892,657966
202607271206,e2e_trace_v3,3449,17293833482614604761,0,prediction,evaluator_exit,6035926746848,657892,657966
202607271206,e2e_trace_v3,3450,17293833482614604761,0,prediction,predictor_enter,6035926798720,657892,657966
202607271206,e2e_trace_v3,3451,17293833482614604761,0,prediction,predictor_exit,6035926808032,657892,657966
202607271206,e2e_trace_v3,3452,17293833482614604761,0,prediction,perception_exit,6035926815360,657892,657966
202607271206,e2e_trace_v3,3453,17293833482614604761,0,prediction,writer_enter,6035926859424,657892,657966
202607271206,e2e_trace_v3,3454,17293833482614604761,0,prediction,writer_done,6035926996000,657892,657966
202607271206,e2e_trace_v3,3455,17293833482614604761,0,prediction,output_pub,6035926859424,657892,657966
202607271206,e2e_trace_v3,3456,17293833482614604762,0,prediction,proc_enter,6036014808224,657892,657972
202607271206,e2e_trace_v3,3457,17293833482614604762,0,prediction,container_enter,6036014864576,657892,657972
202607271206,e2e_trace_v3,3458,17293833482614604762,0,prediction,container_exit,6036015376960,657892,657972
202607271206,e2e_trace_v3,3459,17293833482614604762,0,prediction,perception_enter,6036015402336,657892,657972
202607271206,e2e_trace_v3,3460,17293833482614604762,0,prediction,evaluator_enter,6036015983456,657892,657972
202607271206,e2e_trace_v3,3461,17293833482614604762,0,prediction,evaluator_exit,6036018123104,657892,657972
202607271206,e2e_trace_v3,3462,17293833482614604762,0,prediction,predictor_enter,6036018155360,657892,657972
202607271206,e2e_trace_v3,3463,17293833482614604762,0,prediction,predictor_exit,6036018172640,657892,657972
202607271206,e2e_trace_v3,3464,17293833482614604762,0,prediction,perception_exit,6036018188320,657892,657972
202607271206,e2e_trace_v3,3465,17293833482614604762,0,prediction,writer_enter,6036018256992,657892,657972
202607271206,e2e_trace_v3,3466,17293833482614604762,0,prediction,writer_done,6036018460832,657892,657972
202607271206,e2e_trace_v3,3467,17293833482614604762,0,prediction,output_pub,6036018256992,657892,657972
202607271206,e2e_trace_v3,3468,17293833482614604763,0,prediction,proc_enter,6036132219840,657892,657970
202607271206,e2e_trace_v3,3469,17293833482614604763,0,prediction,container_enter,6036132258432,657892,657970
202607271206,e2e_trace_v3,3470,17293833482614604763,0,prediction,container_exit,6036132787712,657892,657970
202607271206,e2e_trace_v3,3471,17293833482614604763,0,prediction,perception_enter,6036132800864,657892,657970
202607271206,e2e_trace_v3,3472,17293833482614604763,0,prediction,evaluator_enter,6036133213568,657892,657970
202607271206,e2e_trace_v3,3473,17293833482614604763,0,prediction,evaluator_exit,6036138540960,657892,657970
202607271206,e2e_trace_v3,3474,17293833482614604763,0,prediction,predictor_enter,6036138571712,657892,657970
202607271206,e2e_trace_v3,3475,17293833482614604763,0,prediction,predictor_exit,6036138578144,657892,657970
202607271206,e2e_trace_v3,3476,17293833482614604763,0,prediction,perception_exit,6036138583616,657892,657970
202607271206,e2e_trace_v3,3477,17293833482614604763,0,prediction,writer_enter,6036138637536,657892,657970
202607271206,e2e_trace_v3,3478,17293833482614604763,0,prediction,writer_done,6036138769120,657892,657970
202607271206,e2e_trace_v3,3479,17293833482614604763,0,prediction,output_pub,6036138637536,657892,657970
202607271206,e2e_trace_v3,3480,17293833482614604764,0,prediction,proc_enter,6036220492416,657892,657968
202607271206,e2e_trace_v3,3481,17293833482614604764,0,prediction,container_enter,6036220525312,657892,657968
202607271206,e2e_trace_v3,3482,17293833482614604764,0,prediction,container_exit,6036220958496,657892,657968
202607271206,e2e_trace_v3,3483,17293833482614604764,0,prediction,perception_enter,6036220973824,657892,657968
202607271206,e2e_trace_v3,3484,17293833482614604764,0,prediction,evaluator_enter,6036221432064,657892,657968
202607271206,e2e_trace_v3,3485,17293833482614604764,0,prediction,evaluator_exit,6036223102560,657892,657968
202607271206,e2e_trace_v3,3486,17293833482614604764,0,prediction,predictor_enter,6036223130752,657892,657968
202607271206,e2e_trace_v3,3487,17293833482614604764,0,prediction,predictor_exit,6036223138624,657892,657968
202607271206,e2e_trace_v3,3488,17293833482614604764,0,prediction,perception_exit,6036223165024,657892,657968
202607271206,e2e_trace_v3,3489,17293833482614604764,0,prediction,writer_enter,6036223222784,657892,657968
202607271206,e2e_trace_v3,3490,17293833482614604764,0,prediction,writer_done,6036223357728,657892,657968
202607271206,e2e_trace_v3,3491,17293833482614604764,0,prediction,output_pub,6036223222784,657892,657968
202607271206,e2e_trace_v3,3492,17293833482614604765,0,prediction,proc_enter,6036313134912,657892,657967
202607271206,e2e_trace_v3,3493,17293833482614604765,0,prediction,container_enter,6036313171200,657892,657967
202607271206,e2e_trace_v3,3494,17293833482614604765,0,prediction,container_exit,6036313572192,657892,657967
202607271206,e2e_trace_v3,3495,17293833482614604765,0,prediction,perception_enter,6036313582624,657892,657967
202607271206,e2e_trace_v3,3496,17293833482614604765,0,prediction,evaluator_enter,6036313932128,657892,657967
202607271206,e2e_trace_v3,3497,17293833482614604765,0,prediction,evaluator_exit,6036315487232,657892,657967
202607271206,e2e_trace_v3,3498,17293833482614604765,0,prediction,predictor_enter,6036315509376,657892,657967
202607271206,e2e_trace_v3,3499,17293833482614604765,0,prediction,predictor_exit,6036315518176,657892,657967
202607271206,e2e_trace_v3,3500,17293833482614604765,0,prediction,perception_exit,6036315522976,657892,657967
202607271206,e2e_trace_v3,3501,17293833482614604765,0,prediction,writer_enter,6036315582656,657892,657967
202607271206,e2e_trace_v3,3502,17293833482614604765,0,prediction,writer_done,6036315712896,657892,657967
202607271206,e2e_trace_v3,3503,17293833482614604765,0,prediction,output_pub,6036315582656,657892,657967
202607271206,e2e_trace_v3,3504,17293833482614604766,0,prediction,proc_enter,6036411284384,657892,657976
202607271206,e2e_trace_v3,3505,17293833482614604766,0,prediction,container_enter,6036411322848,657892,657976
202607271206,e2e_trace_v3,3506,17293833482614604766,0,prediction,container_exit,6036411871040,657892,657976
202607271206,e2e_trace_v3,3507,17293833482614604766,0,prediction,perception_enter,6036411889696,657892,657976
202607271206,e2e_trace_v3,3508,17293833482614604766,0,prediction,evaluator_enter,6036412343296,657892,657976
202607271206,e2e_trace_v3,3509,17293833482614604766,0,prediction,evaluator_exit,6036418561376,657892,657976
202607271206,e2e_trace_v3,3510,17293833482614604766,0,prediction,predictor_enter,6036418587552,657892,657976
202607271206,e2e_trace_v3,3511,17293833482614604766,0,prediction,predictor_exit,6036418596064,657892,657976
202607271206,e2e_trace_v3,3512,17293833482614604766,0,prediction,perception_exit,6036418602336,657892,657976
202607271206,e2e_trace_v3,3513,17293833482614604766,0,prediction,writer_enter,6036418645024,657892,657976
202607271206,e2e_trace_v3,3514,17293833482614604766,0,prediction,writer_done,6036418772448,657892,657976
202607271206,e2e_trace_v3,3515,17293833482614604766,0,prediction,output_pub,6036418645024,657892,657976
202607271206,e2e_trace_v3,3516,17293833482614604767,0,prediction,proc_enter,6036517953024,657892,657970
202607271206,e2e_trace_v3,3517,17293833482614604767,0,prediction,container_enter,6036517991968,657892,657970
202607271206,e2e_trace_v3,3518,17293833482614604767,0,prediction,container_exit,6036518495008,657892,657970
202607271206,e2e_trace_v3,3519,17293833482614604767,0,prediction,perception_enter,6036518525472,657892,657970
202607271206,e2e_trace_v3,3520,17293833482614604767,0,prediction,evaluator_enter,6036518985568,657892,657970
202607271206,e2e_trace_v3,3521,17293833482614604767,0,prediction,evaluator_exit,6036522690976,657892,657970
202607271206,e2e_trace_v3,3522,17293833482614604767,0,prediction,predictor_enter,6036522799296,657892,657970
202607271206,e2e_trace_v3,3523,17293833482614604767,0,prediction,predictor_exit,6036522809728,657892,657970
202607271206,e2e_trace_v3,3524,17293833482614604767,0,prediction,perception_exit,6036522817600,657892,657970
202607271206,e2e_trace_v3,3525,17293833482614604767,0,prediction,writer_enter,6036522869184,657892,657970
202607271206,e2e_trace_v3,3526,17293833482614604767,0,prediction,writer_done,6036523005760,657892,657970
202607271206,e2e_trace_v3,3527,17293833482614604767,0,prediction,output_pub,6036522869184,657892,657970
202607271206,e2e_trace_v3,3528,17293833482614604768,0,prediction,proc_enter,6036626994144,657892,657965
202607271206,e2e_trace_v3,3529,17293833482614604768,0,prediction,container_enter,6036627049248,657892,657965
202607271206,e2e_trace_v3,3530,17293833482614604768,0,prediction,container_exit,6036627587616,657892,657965
202607271206,e2e_trace_v3,3531,17293833482614604768,0,prediction,perception_enter,6036627624512,657892,657965
202607271206,e2e_trace_v3,3532,17293833482614604768,0,prediction,evaluator_enter,6036628171712,657892,657965
202607271206,e2e_trace_v3,3533,17293833482614604768,0,prediction,evaluator_exit,6036630084032,657892,657965
202607271206,e2e_trace_v3,3534,17293833482614604768,0,prediction,predictor_enter,6036630111136,657892,657965
202607271206,e2e_trace_v3,3535,17293833482614604768,0,prediction,predictor_exit,6036630127264,657892,657965
202607271206,e2e_trace_v3,3536,17293833482614604768,0,prediction,perception_exit,6036630138016,657892,657965
202607271206,e2e_trace_v3,3537,17293833482614604768,0,prediction,writer_enter,6036630205696,657892,657965
202607271206,e2e_trace_v3,3538,17293833482614604768,0,prediction,writer_done,6036630426880,657892,657965
202607271206,e2e_trace_v3,3539,17293833482614604768,0,prediction,output_pub,6036630205696,657892,657965
202607271206,e2e_trace_v3,3540,17293833482614604769,0,prediction,proc_enter,6036718476640,657892,657967
202607271206,e2e_trace_v3,3541,17293833482614604769,0,prediction,container_enter,6036718509472,657892,657967
202607271206,e2e_trace_v3,3542,17293833482614604769,0,prediction,container_exit,6036719032000,657892,657967
202607271206,e2e_trace_v3,3543,17293833482614604769,0,prediction,perception_enter,6036719044160,657892,657967
202607271206,e2e_trace_v3,3544,17293833482614604769,0,prediction,evaluator_enter,6036719509568,657892,657967
202607271206,e2e_trace_v3,3545,17293833482614604769,0,prediction,evaluator_exit,6036730538528,657892,657967
202607271206,e2e_trace_v3,3546,17293833482614604769,0,prediction,predictor_enter,6036730565120,657892,657967
202607271206,e2e_trace_v3,3547,17293833482614604769,0,prediction,predictor_exit,6036730571584,657892,657967
202607271206,e2e_trace_v3,3548,17293833482614604769,0,prediction,perception_exit,6036730577312,657892,657967
202607271206,e2e_trace_v3,3549,17293833482614604769,0,prediction,writer_enter,6036730618816,657892,657967
202607271206,e2e_trace_v3,3550,17293833482614604769,0,prediction,writer_done,6036730734272,657892,657967
202607271206,e2e_trace_v3,3551,17293833482614604769,0,prediction,output_pub,6036730618816,657892,657967
202607271206,e2e_trace_v3,3552,17293833482614604770,0,prediction,proc_enter,6036818704736,657892,657966
202607271206,e2e_trace_v3,3553,17293833482614604770,0,prediction,container_enter,6036818746912,657892,657966
202607271206,e2e_trace_v3,3554,17293833482614604770,0,prediction,container_exit,6036819252448,657892,657966
202607271206,e2e_trace_v3,3555,17293833482614604770,0,prediction,perception_enter,6036819270752,657892,657966
202607271206,e2e_trace_v3,3556,17293833482614604770,0,prediction,evaluator_enter,6036819710752,657892,657966
202607271206,e2e_trace_v3,3557,17293833482614604770,0,prediction,evaluator_exit,6036825514944,657892,657966
202607271206,e2e_trace_v3,3558,17293833482614604770,0,prediction,predictor_enter,6036825544864,657892,657966
202607271206,e2e_trace_v3,3559,17293833482614604770,0,prediction,predictor_exit,6036825556480,657892,657966
202607271206,e2e_trace_v3,3560,17293833482614604770,0,prediction,perception_exit,6036825565248,657892,657966
202607271206,e2e_trace_v3,3561,17293833482614604770,0,prediction,writer_enter,6036825609088,657892,657966
202607271206,e2e_trace_v3,3562,17293833482614604770,0,prediction,writer_done,6036825753120,657892,657966
202607271206,e2e_trace_v3,3563,17293833482614604770,0,prediction,output_pub,6036825609088,657892,657966
202607271206,e2e_trace_v3,3564,17293833482614604771,0,prediction,proc_enter,6036937668480,657892,657971
202607271206,e2e_trace_v3,3565,17293833482614604771,0,prediction,container_enter,6036937711648,657892,657971
202607271206,e2e_trace_v3,3566,17293833482614604771,0,prediction,container_exit,6036938158688,657892,657971
202607271206,e2e_trace_v3,3567,17293833482614604771,0,prediction,perception_enter,6036938173952,657892,657971
202607271206,e2e_trace_v3,3568,17293833482614604771,0,prediction,evaluator_enter,6036938623904,657892,657971
202607271206,e2e_trace_v3,3569,17293833482614604771,0,prediction,evaluator_exit,6036940141152,657892,657971
202607271206,e2e_trace_v3,3570,17293833482614604771,0,prediction,predictor_enter,6036940157408,657892,657971
202607271206,e2e_trace_v3,3571,17293833482614604771,0,prediction,predictor_exit,6036940165280,657892,657971
202607271206,e2e_trace_v3,3572,17293833482614604771,0,prediction,perception_exit,6036940171296,657892,657971
202607271206,e2e_trace_v3,3573,17293833482614604771,0,prediction,writer_enter,6036940227904,657892,657971
202607271206,e2e_trace_v3,3574,17293833482614604771,0,prediction,writer_done,6036940367072,657892,657971
202607271206,e2e_trace_v3,3575,17293833482614604771,0,prediction,output_pub,6036940227904,657892,657971
202607271206,e2e_trace_v3,3576,17293833482614604772,0,prediction,proc_enter,6037029216160,657892,657963
202607271206,e2e_trace_v3,3577,17293833482614604772,0,prediction,container_enter,6037029253856,657892,657963
202607271206,e2e_trace_v3,3578,17293833482614604772,0,prediction,container_exit,6037029790464,657892,657963
202607271206,e2e_trace_v3,3579,17293833482614604772,0,prediction,perception_enter,6037029807936,657892,657963
202607271206,e2e_trace_v3,3580,17293833482614604772,0,prediction,evaluator_enter,6037030316480,657892,657963
202607271206,e2e_trace_v3,3581,17293833482614604772,0,prediction,evaluator_exit,6037032207808,657892,657963
202607271206,e2e_trace_v3,3582,17293833482614604772,0,prediction,predictor_enter,6037032235488,657892,657963
202607271206,e2e_trace_v3,3583,17293833482614604772,0,prediction,predictor_exit,6037032245824,657892,657963
202607271206,e2e_trace_v3,3584,17293833482614604772,0,prediction,perception_exit,6037032254496,657892,657963
202607271206,e2e_trace_v3,3585,17293833482614604772,0,prediction,writer_enter,6037032319296,657892,657963
202607271206,e2e_trace_v3,3586,17293833482614604772,0,prediction,writer_done,6037032474688,657892,657963
202607271206,e2e_trace_v3,3587,17293833482614604772,0,prediction,output_pub,6037032319296,657892,657963
202607271206,e2e_trace_v3,3588,17293833482614604773,0,prediction,proc_enter,6037128502112,657892,657972
202607271206,e2e_trace_v3,3589,17293833482614604773,0,prediction,container_enter,6037128538592,657892,657972
202607271206,e2e_trace_v3,3590,17293833482614604773,0,prediction,container_exit,6037129001056,657892,657972
202607271206,e2e_trace_v3,3591,17293833482614604773,0,prediction,perception_enter,6037129019040,657892,657972
202607271206,e2e_trace_v3,3592,17293833482614604773,0,prediction,evaluator_enter,6037129506816,657892,657972
202607271206,e2e_trace_v3,3593,17293833482614604773,0,prediction,evaluator_exit,6037138606272,657892,657972
202607271206,e2e_trace_v3,3594,17293833482614604773,0,prediction,predictor_enter,6037138638880,657892,657972
202607271206,e2e_trace_v3,3595,17293833482614604773,0,prediction,predictor_exit,6037138646656,657892,657972
202607271206,e2e_trace_v3,3596,17293833482614604773,0,prediction,perception_exit,6037138654240,657892,657972
202607271206,e2e_trace_v3,3597,17293833482614604773,0,prediction,writer_enter,6037138718880,657892,657972
202607271206,e2e_trace_v3,3598,17293833482614604773,0,prediction,writer_done,6037138857760,657892,657972
202607271206,e2e_trace_v3,3599,17293833482614604773,0,prediction,output_pub,6037138718880,657892,657972
202607271206,e2e_trace_v3,3600,17293833482614604774,0,prediction,proc_enter,6037232395072,657892,657973
202607271206,e2e_trace_v3,3601,17293833482614604774,0,prediction,container_enter,6037232427296,657892,657973
202607271206,e2e_trace_v3,3602,17293833482614604774,0,prediction,container_exit,6037232859552,657892,657973
202607271206,e2e_trace_v3,3603,17293833482614604774,0,prediction,perception_enter,6037232871584,657892,657973
202607271206,e2e_trace_v3,3604,17293833482614604774,0,prediction,evaluator_enter,6037233221632,657892,657973
202607271206,e2e_trace_v3,3605,17293833482614604774,0,prediction,evaluator_exit,6037238494368,657892,657973
202607271206,e2e_trace_v3,3606,17293833482614604774,0,prediction,predictor_enter,6037238521056,657892,657973
202607271206,e2e_trace_v3,3607,17293833482614604774,0,prediction,predictor_exit,6037238527136,657892,657973
202607271206,e2e_trace_v3,3608,17293833482614604774,0,prediction,perception_exit,6037238532160,657892,657973
202607271206,e2e_trace_v3,3609,17293833482614604774,0,prediction,writer_enter,6037238582080,657892,657973
202607271206,e2e_trace_v3,3610,17293833482614604774,0,prediction,writer_done,6037238700256,657892,657973
202607271206,e2e_trace_v3,3611,17293833482614604774,0,prediction,output_pub,6037238582080,657892,657973
202607271206,e2e_trace_v3,3612,17293833482614604775,0,prediction,proc_enter,6037321776960,657892,657977
202607271206,e2e_trace_v3,3613,17293833482614604775,0,prediction,container_enter,6037321810208,657892,657977
202607271206,e2e_trace_v3,3614,17293833482614604775,0,prediction,container_exit,6037322387424,657892,657977
202607271206,e2e_trace_v3,3615,17293833482614604775,0,prediction,perception_enter,6037322403136,657892,657977
202607271206,e2e_trace_v3,3616,17293833482614604775,0,prediction,evaluator_enter,6037322886560,657892,657977
202607271206,e2e_trace_v3,3617,17293833482614604775,0,prediction,evaluator_exit,6037324440032,657892,657977
202607271206,e2e_trace_v3,3618,17293833482614604775,0,prediction,predictor_enter,6037324468448,657892,657977
202607271206,e2e_trace_v3,3619,17293833482614604775,0,prediction,predictor_exit,6037324476800,657892,657977
202607271206,e2e_trace_v3,3620,17293833482614604775,0,prediction,perception_exit,6037324483328,657892,657977
202607271206,e2e_trace_v3,3621,17293833482614604775,0,prediction,writer_enter,6037324541088,657892,657977
202607271206,e2e_trace_v3,3622,17293833482614604775,0,prediction,writer_done,6037324669664,657892,657977
202607271206,e2e_trace_v3,3623,17293833482614604775,0,prediction,output_pub,6037324541088,657892,657977
202607271206,e2e_trace_v3,3624,17293833482614604776,0,prediction,proc_enter,6037426394368,657892,657964
202607271206,e2e_trace_v3,3625,17293833482614604776,0,prediction,container_enter,6037426432128,657892,657964
202607271206,e2e_trace_v3,3626,17293833482614604776,0,prediction,container_exit,6037426865664,657892,657964
202607271206,e2e_trace_v3,3627,17293833482614604776,0,prediction,perception_enter,6037426881184,657892,657964
202607271206,e2e_trace_v3,3628,17293833482614604776,0,prediction,evaluator_enter,6037427283968,657892,657964
202607271206,e2e_trace_v3,3629,17293833482614604776,0,prediction,evaluator_exit,6037428953984,657892,657964
202607271206,e2e_trace_v3,3630,17293833482614604776,0,prediction,predictor_enter,6037428980960,657892,657964
202607271206,e2e_trace_v3,3631,17293833482614604776,0,prediction,predictor_exit,6037428989856,657892,657964
202607271206,e2e_trace_v3,3632,17293833482614604776,0,prediction,perception_exit,6037428995840,657892,657964
202607271206,e2e_trace_v3,3633,17293833482614604776,0,prediction,writer_enter,6037429060672,657892,657964
202607271206,e2e_trace_v3,3634,17293833482614604776,0,prediction,writer_done,6037429203456,657892,657964
202607271206,e2e_trace_v3,3635,17293833482614604776,0,prediction,output_pub,6037429060672,657892,657964
202607271206,e2e_trace_v3,3636,17293833482614604777,0,prediction,proc_enter,6037521855200,657892,657968
202607271206,e2e_trace_v3,3637,17293833482614604777,0,prediction,container_enter,6037521895744,657892,657968
202607271206,e2e_trace_v3,3638,17293833482614604777,0,prediction,container_exit,6037522380096,657892,657968
202607271206,e2e_trace_v3,3639,17293833482614604777,0,prediction,perception_enter,6037522397600,657892,657968
202607271206,e2e_trace_v3,3640,17293833482614604777,0,prediction,evaluator_enter,6037522868352,657892,657968
202607271206,e2e_trace_v3,3641,17293833482614604777,0,prediction,evaluator_exit,6037524781280,657892,657968
202607271206,e2e_trace_v3,3642,17293833482614604777,0,prediction,predictor_enter,6037524803904,657892,657968
202607271206,e2e_trace_v3,3643,17293833482614604777,0,prediction,predictor_exit,6037524811520,657892,657968
202607271206,e2e_trace_v3,3644,17293833482614604777,0,prediction,perception_exit,6037524817568,657892,657968
202607271206,e2e_trace_v3,3645,17293833482614604777,0,prediction,writer_enter,6037524861888,657892,657968
202607271206,e2e_trace_v3,3646,17293833482614604777,0,prediction,writer_done,6037525002272,657892,657968
202607271206,e2e_trace_v3,3647,17293833482614604777,0,prediction,output_pub,6037524861888,657892,657968
202607271206,e2e_trace_v3,3648,17293833482614604778,0,prediction,proc_enter,6037619890496,657892,657971
202607271206,e2e_trace_v3,3649,17293833482614604778,0,prediction,container_enter,6037619935232,657892,657971
202607271206,e2e_trace_v3,3650,17293833482614604778,0,prediction,container_exit,6037620506560,657892,657971
202607271206,e2e_trace_v3,3651,17293833482614604778,0,prediction,perception_enter,6037620524576,657892,657971
202607271206,e2e_trace_v3,3652,17293833482614604778,0,prediction,evaluator_enter,6037621058720,657892,657971
202607271206,e2e_trace_v3,3653,17293833482614604778,0,prediction,evaluator_exit,6037622905440,657892,657971
202607271206,e2e_trace_v3,3654,17293833482614604778,0,prediction,predictor_enter,6037622932704,657892,657971
202607271206,e2e_trace_v3,3655,17293833482614604778,0,prediction,predictor_exit,6037622943424,657892,657971
202607271206,e2e_trace_v3,3656,17293833482614604778,0,prediction,perception_exit,6037622952032,657892,657971
202607271206,e2e_trace_v3,3657,17293833482614604778,0,prediction,writer_enter,6037623008416,657892,657971
202607271206,e2e_trace_v3,3658,17293833482614604778,0,prediction,writer_done,6037623152320,657892,657971
202607271206,e2e_trace_v3,3659,17293833482614604778,0,prediction,output_pub,6037623008416,657892,657971
202607271206,e2e_trace_v3,3660,17293833482614604779,0,prediction,proc_enter,6037729023616,657892,657976
202607271206,e2e_trace_v3,3661,17293833482614604779,0,prediction,container_enter,6037729060608,657892,657976
202607271206,e2e_trace_v3,3662,17293833482614604779,0,prediction,container_exit,6037729485216,657892,657976
202607271206,e2e_trace_v3,3663,17293833482614604779,0,prediction,perception_enter,6037729498880,657892,657976
202607271206,e2e_trace_v3,3664,17293833482614604779,0,prediction,evaluator_enter,6037729891936,657892,657976
202607271206,e2e_trace_v3,3665,17293833482614604779,0,prediction,evaluator_exit,6037738567552,657892,657976
202607271206,e2e_trace_v3,3666,17293833482614604779,0,prediction,predictor_enter,6037738596544,657892,657976
202607271206,e2e_trace_v3,3667,17293833482614604779,0,prediction,predictor_exit,6037738604064,657892,657976
202607271206,e2e_trace_v3,3668,17293833482614604779,0,prediction,perception_exit,6037738611008,657892,657976
202607271206,e2e_trace_v3,3669,17293833482614604779,0,prediction,writer_enter,6037738664576,657892,657976
202607271206,e2e_trace_v3,3670,17293833482614604779,0,prediction,writer_done,6037738779520,657892,657976
202607271206,e2e_trace_v3,3671,17293833482614604779,0,prediction,output_pub,6037738664576,657892,657976
202607271206,e2e_trace_v3,3672,17293833482614604780,0,prediction,proc_enter,6037820791456,657892,657972
202607271206,e2e_trace_v3,3673,17293833482614604780,0,prediction,container_enter,6037820843168,657892,657972
202607271206,e2e_trace_v3,3674,17293833482614604780,0,prediction,container_exit,6037821321760,657892,657972
202607271206,e2e_trace_v3,3675,17293833482614604780,0,prediction,perception_enter,6037821439136,657892,657972
202607271206,e2e_trace_v3,3676,17293833482614604780,0,prediction,evaluator_enter,6037821941280,657892,657972
202607271206,e2e_trace_v3,3677,17293833482614604780,0,prediction,evaluator_exit,6037826611072,657892,657972
202607271206,e2e_trace_v3,3678,17293833482614604780,0,prediction,predictor_enter,6037826636320,657892,657972
202607271206,e2e_trace_v3,3679,17293833482614604780,0,prediction,predictor_exit,6037826644768,657892,657972
202607271206,e2e_trace_v3,3680,17293833482614604780,0,prediction,perception_exit,6037826652032,657892,657972
202607271206,e2e_trace_v3,3681,17293833482614604780,0,prediction,writer_enter,6037826698432,657892,657972
202607271206,e2e_trace_v3,3682,17293833482614604780,0,prediction,writer_done,6037826815648,657892,657972
202607271206,e2e_trace_v3,3683,17293833482614604780,0,prediction,output_pub,6037826698432,657892,657972
202607271206,e2e_trace_v3,3684,17293833482614604781,0,prediction,proc_enter,6037927846400,657892,657971
202607271206,e2e_trace_v3,3685,17293833482614604781,0,prediction,container_enter,6037927886624,657892,657971
202607271206,e2e_trace_v3,3686,17293833482614604781,0,prediction,container_exit,6037928510240,657892,657971
202607271206,e2e_trace_v3,3687,17293833482614604781,0,prediction,perception_enter,6037928531904,657892,657971
202607271206,e2e_trace_v3,3688,17293833482614604781,0,prediction,evaluator_enter,6037929053632,657892,657971
202607271206,e2e_trace_v3,3689,17293833482614604781,0,prediction,evaluator_exit,6037941267808,657892,657971
202607271206,e2e_trace_v3,3690,17293833482614604781,0,prediction,predictor_enter,6037941352704,657892,657971
202607271206,e2e_trace_v3,3691,17293833482614604781,0,prediction,predictor_exit,6037941363744,657892,657971
202607271206,e2e_trace_v3,3692,17293833482614604781,0,prediction,perception_exit,6037941372320,657892,657971
202607271206,e2e_trace_v3,3693,17293833482614604781,0,prediction,writer_enter,6037941433280,657892,657971
202607271206,e2e_trace_v3,3694,17293833482614604781,0,prediction,writer_done,6037941563328,657892,657971
202607271206,e2e_trace_v3,3695,17293833482614604781,0,prediction,output_pub,6037941433280,657892,657971
202607271206,e2e_trace_v3,3696,17293833482614604782,0,prediction,proc_enter,6038025170976,657892,657963
202607271206,e2e_trace_v3,3697,17293833482614604782,0,prediction,container_enter,6038025225248,657892,657963
202607271206,e2e_trace_v3,3698,17293833482614604782,0,prediction,container_exit,6038025639616,657892,657963
202607271206,e2e_trace_v3,3699,17293833482614604782,0,prediction,perception_enter,6038025654944,657892,657963
202607271206,e2e_trace_v3,3700,17293833482614604782,0,prediction,evaluator_enter,6038026089728,657892,657963
202607271206,e2e_trace_v3,3701,17293833482614604782,0,prediction,evaluator_exit,6038027867808,657892,657963
202607271206,e2e_trace_v3,3702,17293833482614604782,0,prediction,predictor_enter,6038027896064,657892,657963
202607271206,e2e_trace_v3,3703,17293833482614604782,0,prediction,predictor_exit,6038027904384,657892,657963
202607271206,e2e_trace_v3,3704,17293833482614604782,0,prediction,perception_exit,6038027910432,657892,657963
202607271206,e2e_trace_v3,3705,17293833482614604782,0,prediction,writer_enter,6038027963456,657892,657963
202607271206,e2e_trace_v3,3706,17293833482614604782,0,prediction,writer_done,6038028108160,657892,657963
202607271206,e2e_trace_v3,3707,17293833482614604782,0,prediction,output_pub,6038027963456,657892,657963
202607271206,e2e_trace_v3,3708,17293833482614604783,0,prediction,proc_enter,6038120562912,657892,657972
202607271206,e2e_trace_v3,3709,17293833482614604783,0,prediction,container_enter,6038120600096,657892,657972
202607271206,e2e_trace_v3,3710,17293833482614604783,0,prediction,container_exit,6038121070720,657892,657972
202607271206,e2e_trace_v3,3711,17293833482614604783,0,prediction,perception_enter,6038121088672,657892,657972
202607271206,e2e_trace_v3,3712,17293833482614604783,0,prediction,evaluator_enter,6038121517120,657892,657972
202607271206,e2e_trace_v3,3713,17293833482614604783,0,prediction,evaluator_exit,6038123324928,657892,657972
202607271206,e2e_trace_v3,3714,17293833482614604783,0,prediction,predictor_enter,6038123353824,657892,657972
202607271206,e2e_trace_v3,3715,17293833482614604783,0,prediction,predictor_exit,6038123363136,657892,657972
202607271206,e2e_trace_v3,3716,17293833482614604783,0,prediction,perception_exit,6038123369664,657892,657972
202607271206,e2e_trace_v3,3717,17293833482614604783,0,prediction,writer_enter,6038123429952,657892,657972
202607271206,e2e_trace_v3,3718,17293833482614604783,0,prediction,writer_done,6038123577120,657892,657972
202607271206,e2e_trace_v3,3719,17293833482614604783,0,prediction,output_pub,6038123429952,657892,657972
202607271206,e2e_trace_v3,3720,17293833482614604784,0,prediction,proc_enter,6038226630784,657892,657978
202607271206,e2e_trace_v3,3721,17293833482614604784,0,prediction,container_enter,6038226672544,657892,657978
202607271206,e2e_trace_v3,3722,17293833482614604784,0,prediction,container_exit,6038227131776,657892,657978
202607271206,e2e_trace_v3,3723,17293833482614604784,0,prediction,perception_enter,6038227142080,657892,657978
202607271206,e2e_trace_v3,3724,17293833482614604784,0,prediction,evaluator_enter,6038227531296,657892,657978
202607271206,e2e_trace_v3,3725,17293833482614604784,0,prediction,evaluator_exit,6038229053120,657892,657978
202607271206,e2e_trace_v3,3726,17293833482614604784,0,prediction,predictor_enter,6038229071008,657892,657978
202607271206,e2e_trace_v3,3727,17293833482614604784,0,prediction,predictor_exit,6038229077600,657892,657978
202607271206,e2e_trace_v3,3728,17293833482614604784,0,prediction,perception_exit,6038229083776,657892,657978
202607271206,e2e_trace_v3,3729,17293833482614604784,0,prediction,writer_enter,6038229120544,657892,657978
202607271206,e2e_trace_v3,3730,17293833482614604784,0,prediction,writer_done,6038229217728,657892,657978
202607271206,e2e_trace_v3,3731,17293833482614604784,0,prediction,output_pub,6038229120544,657892,657978
202607271206,e2e_trace_v3,3732,17293833482614604785,0,prediction,proc_enter,6038313055648,657892,657972
202607271206,e2e_trace_v3,3733,17293833482614604785,0,prediction,container_enter,6038313095232,657892,657972
202607271206,e2e_trace_v3,3734,17293833482614604785,0,prediction,container_exit,6038313488288,657892,657972
202607271206,e2e_trace_v3,3735,17293833482614604785,0,prediction,perception_enter,6038313501600,657892,657972
202607271206,e2e_trace_v3,3736,17293833482614604785,0,prediction,evaluator_enter,6038313888128,657892,657972
202607271206,e2e_trace_v3,3737,17293833482614604785,0,prediction,evaluator_exit,6038315641664,657892,657972
202607271206,e2e_trace_v3,3738,17293833482614604785,0,prediction,predictor_enter,6038315668768,657892,657972
202607271206,e2e_trace_v3,3739,17293833482614604785,0,prediction,predictor_exit,6038315676672,657892,657972
202607271206,e2e_trace_v3,3740,17293833482614604785,0,prediction,perception_exit,6038315682880,657892,657972
202607271206,e2e_trace_v3,3741,17293833482614604785,0,prediction,writer_enter,6038315736224,657892,657972
202607271206,e2e_trace_v3,3742,17293833482614604785,0,prediction,writer_done,6038315854400,657892,657972
202607271206,e2e_trace_v3,3743,17293833482614604785,0,prediction,output_pub,6038315736224,657892,657972
202607271206,e2e_trace_v3,3744,17293833482614604786,0,prediction,proc_enter,6038414303200,657892,657976
202607271206,e2e_trace_v3,3745,17293833482614604786,0,prediction,container_enter,6038414382080,657892,657976
202607271206,e2e_trace_v3,3746,17293833482614604786,0,prediction,container_exit,6038414811904,657892,657976
202607271206,e2e_trace_v3,3747,17293833482614604786,0,prediction,perception_enter,6038414827456,657892,657976
202607271206,e2e_trace_v3,3748,17293833482614604786,0,prediction,evaluator_enter,6038415360416,657892,657976
202607271206,e2e_trace_v3,3749,17293833482614604786,0,prediction,evaluator_exit,6038416998432,657892,657976
202607271206,e2e_trace_v3,3750,17293833482614604786,0,prediction,predictor_enter,6038417023648,657892,657976
202607271206,e2e_trace_v3,3751,17293833482614604786,0,prediction,predictor_exit,6038417137440,657892,657976
202607271206,e2e_trace_v3,3752,17293833482614604786,0,prediction,perception_exit,6038417147392,657892,657976
202607271206,e2e_trace_v3,3753,17293833482614604786,0,prediction,writer_enter,6038417201504,657892,657976
202607271206,e2e_trace_v3,3754,17293833482614604786,0,prediction,writer_done,6038417365920,657892,657976
202607271206,e2e_trace_v3,3755,17293833482614604786,0,prediction,output_pub,6038417201504,657892,657976
202607271206,e2e_trace_v3,3756,17293833482614604787,0,prediction,proc_enter,6038516025312,657892,657976
202607271206,e2e_trace_v3,3757,17293833482614604787,0,prediction,container_enter,6038516067232,657892,657976
202607271206,e2e_trace_v3,3758,17293833482614604787,0,prediction,container_exit,6038516618304,657892,657976
202607271206,e2e_trace_v3,3759,17293833482614604787,0,prediction,perception_enter,6038516635488,657892,657976
202607271206,e2e_trace_v3,3760,17293833482614604787,0,prediction,evaluator_enter,6038517130752,657892,657976
202607271206,e2e_trace_v3,3761,17293833482614604787,0,prediction,evaluator_exit,6038522715712,657892,657976
202607271206,e2e_trace_v3,3762,17293833482614604787,0,prediction,predictor_enter,6038522747648,657892,657976
202607271206,e2e_trace_v3,3763,17293833482614604787,0,prediction,predictor_exit,6038522758528,657892,657976
202607271206,e2e_trace_v3,3764,17293833482614604787,0,prediction,perception_exit,6038522766720,657892,657976
202607271206,e2e_trace_v3,3765,17293833482614604787,0,prediction,writer_enter,6038522819264,657892,657976
202607271206,e2e_trace_v3,3766,17293833482614604787,0,prediction,writer_done,6038522958112,657892,657976
202607271206,e2e_trace_v3,3767,17293833482614604787,0,prediction,output_pub,6038522819264,657892,657976
202607271206,e2e_trace_v3,3768,17293833482614604788,0,prediction,proc_enter,6038613984896,657892,657964
202607271206,e2e_trace_v3,3769,17293833482614604788,0,prediction,container_enter,6038614028352,657892,657964
202607271206,e2e_trace_v3,3770,17293833482614604788,0,prediction,container_exit,6038614530880,657892,657964
202607271206,e2e_trace_v3,3771,17293833482614604788,0,prediction,perception_enter,6038614554304,657892,657964
202607271206,e2e_trace_v3,3772,17293833482614604788,0,prediction,evaluator_enter,6038615073824,657892,657964
202607271206,e2e_trace_v3,3773,17293833482614604788,0,prediction,evaluator_exit,6038616889120,657892,657964
202607271206,e2e_trace_v3,3774,17293833482614604788,0,prediction,predictor_enter,6038616914016,657892,657964
202607271206,e2e_trace_v3,3775,17293833482614604788,0,prediction,predictor_exit,6038616922432,657892,657964
202607271206,e2e_trace_v3,3776,17293833482614604788,0,prediction,perception_exit,6038616928480,657892,657964
202607271206,e2e_trace_v3,3777,17293833482614604788,0,prediction,writer_enter,6038616982016,657892,657964
202607271206,e2e_trace_v3,3778,17293833482614604788,0,prediction,writer_done,6038617119520,657892,657964
202607271206,e2e_trace_v3,3779,17293833482614604788,0,prediction,output_pub,6038616982016,657892,657964
202607271206,e2e_trace_v3,3780,17293833482614604789,0,prediction,proc_enter,6038723659456,657892,657975
202607271206,e2e_trace_v3,3781,17293833482614604789,0,prediction,container_enter,6038723694368,657892,657975
202607271206,e2e_trace_v3,3782,17293833482614604789,0,prediction,container_exit,6038724086880,657892,657975
202607271206,e2e_trace_v3,3783,17293833482614604789,0,prediction,perception_enter,6038724101248,657892,657975
202607271206,e2e_trace_v3,3784,17293833482614604789,0,prediction,evaluator_enter,6038724520960,657892,657975
202607271206,e2e_trace_v3,3785,17293833482614604789,0,prediction,evaluator_exit,6038729771008,657892,657975
202607271206,e2e_trace_v3,3786,17293833482614604789,0,prediction,predictor_enter,6038729798720,657892,657975
202607271206,e2e_trace_v3,3787,17293833482614604789,0,prediction,predictor_exit,6038729805632,657892,657975
202607271206,e2e_trace_v3,3788,17293833482614604789,0,prediction,perception_exit,6038729811776,657892,657975
202607271206,e2e_trace_v3,3789,17293833482614604789,0,prediction,writer_enter,6038729865280,657892,657975
202607271206,e2e_trace_v3,3790,17293833482614604789,0,prediction,writer_done,6038729982912,657892,657975
202607271206,e2e_trace_v3,3791,17293833482614604789,0,prediction,output_pub,6038729865280,657892,657975
202607271206,e2e_trace_v3,3792,17293833482614604790,0,prediction,proc_enter,6038814239808,657892,657975
202607271206,e2e_trace_v3,3793,17293833482614604790,0,prediction,container_enter,6038814286528,657892,657975
202607271206,e2e_trace_v3,3794,17293833482614604790,0,prediction,container_exit,6038814848896,657892,657975
202607271206,e2e_trace_v3,3795,17293833482614604790,0,prediction,perception_enter,6038814869440,657892,657975
202607271206,e2e_trace_v3,3796,17293833482614604790,0,prediction,evaluator_enter,6038815330208,657892,657975
202607271206,e2e_trace_v3,3797,17293833482614604790,0,prediction,evaluator_exit,6038817166432,657892,657975
202607271206,e2e_trace_v3,3798,17293833482614604790,0,prediction,predictor_enter,6038817188288,657892,657975
202607271206,e2e_trace_v3,3799,17293833482614604790,0,prediction,predictor_exit,6038817197792,657892,657975
202607271206,e2e_trace_v3,3800,17293833482614604790,0,prediction,perception_exit,6038817204352,657892,657975
202607271206,e2e_trace_v3,3801,17293833482614604790,0,prediction,writer_enter,6038817252448,657892,657975
202607271206,e2e_trace_v3,3802,17293833482614604790,0,prediction,writer_done,6038817415040,657892,657975
202607271206,e2e_trace_v3,3803,17293833482614604790,0,prediction,output_pub,6038817252448,657892,657975
202607271206,e2e_trace_v3,3804,17293833482614604791,0,prediction,proc_enter,6038917394656,657892,657968
202607271206,e2e_trace_v3,3805,17293833482614604791,0,prediction,container_enter,6038917433984,657892,657968
202607271206,e2e_trace_v3,3806,17293833482614604791,0,prediction,container_exit,6038917870592,657892,657968
202607271206,e2e_trace_v3,3807,17293833482614604791,0,prediction,perception_enter,6038917890016,657892,657968
202607271206,e2e_trace_v3,3808,17293833482614604791,0,prediction,evaluator_enter,6038918398176,657892,657968
202607271206,e2e_trace_v3,3809,17293833482614604791,0,prediction,evaluator_exit,6038920037568,657892,657968
202607271206,e2e_trace_v3,3810,17293833482614604791,0,prediction,predictor_enter,6038920055296,657892,657968
202607271206,e2e_trace_v3,3811,17293833482614604791,0,prediction,predictor_exit,6038920064704,657892,657968
202607271206,e2e_trace_v3,3812,17293833482614604791,0,prediction,perception_exit,6038920072160,657892,657968
202607271206,e2e_trace_v3,3813,17293833482614604791,0,prediction,writer_enter,6038920128672,657892,657968
202607271206,e2e_trace_v3,3814,17293833482614604791,0,prediction,writer_done,6038920272256,657892,657968
202607271206,e2e_trace_v3,3815,17293833482614604791,0,prediction,output_pub,6038920128672,657892,657968
202607271206,e2e_trace_v3,3816,17293833482614604792,0,prediction,proc_enter,6039025098208,657892,657967
202607271206,e2e_trace_v3,3817,17293833482614604792,0,prediction,container_enter,6039025151168,657892,657967
202607271206,e2e_trace_v3,3818,17293833482614604792,0,prediction,container_exit,6039025644256,657892,657967
202607271206,e2e_trace_v3,3819,17293833482614604792,0,prediction,perception_enter,6039025661408,657892,657967
202607271206,e2e_trace_v3,3820,17293833482614604792,0,prediction,evaluator_enter,6039026210752,657892,657967
202607271206,e2e_trace_v3,3821,17293833482614604792,0,prediction,evaluator_exit,6039030711296,657892,657967
202607271206,e2e_trace_v3,3822,17293833482614604792,0,prediction,predictor_enter,6039030741184,657892,657967
202607271206,e2e_trace_v3,3823,17293833482614604792,0,prediction,predictor_exit,6039030753376,657892,657967
202607271206,e2e_trace_v3,3824,17293833482614604792,0,prediction,perception_exit,6039030761984,657892,657967
202607271206,e2e_trace_v3,3825,17293833482614604792,0,prediction,writer_enter,6039030818208,657892,657967
202607271206,e2e_trace_v3,3826,17293833482614604792,0,prediction,writer_done,6039030984960,657892,657967
202607271206,e2e_trace_v3,3827,17293833482614604792,0,prediction,output_pub,6039030818208,657892,657967
202607271206,e2e_trace_v3,3828,17293833482614604793,0,prediction,proc_enter,6039144795712,657892,657974
202607271206,e2e_trace_v3,3829,17293833482614604793,0,prediction,container_enter,6039144849216,657892,657974
202607271206,e2e_trace_v3,3830,17293833482614604793,0,prediction,container_exit,6039145477952,657892,657974
202607271206,e2e_trace_v3,3831,17293833482614604793,0,prediction,perception_enter,6039145498560,657892,657974
202607271206,e2e_trace_v3,3832,17293833482614604793,0,prediction,evaluator_enter,6039146156544,657892,657974
202607271206,e2e_trace_v3,3833,17293833482614604793,0,prediction,evaluator_exit,6039150693312,657892,657974
202607271206,e2e_trace_v3,3834,17293833482614604793,0,prediction,predictor_enter,6039150727968,657892,657974
202607271206,e2e_trace_v3,3835,17293833482614604793,0,prediction,predictor_exit,6039150740960,657892,657974
202607271206,e2e_trace_v3,3836,17293833482614604793,0,prediction,perception_exit,6039150750752,657892,657974
202607271206,e2e_trace_v3,3837,17293833482614604793,0,prediction,writer_enter,6039150821376,657892,657974
202607271206,e2e_trace_v3,3838,17293833482614604793,0,prediction,writer_done,6039151022848,657892,657974
202607271206,e2e_trace_v3,3839,17293833482614604793,0,prediction,output_pub,6039150821376,657892,657974
202607271206,e2e_trace_v3,3840,17293833482614604794,0,prediction,proc_enter,6039239846208,657892,657966
202607271206,e2e_trace_v3,3841,17293833482614604794,0,prediction,container_enter,6039239883168,657892,657966
202607271206,e2e_trace_v3,3842,17293833482614604794,0,prediction,container_exit,6039240293952,657892,657966
202607271206,e2e_trace_v3,3843,17293833482614604794,0,prediction,perception_enter,6039240307552,657892,657966
202607271206,e2e_trace_v3,3844,17293833482614604794,0,prediction,evaluator_enter,6039240683840,657892,657966
202607271206,e2e_trace_v3,3845,17293833482614604794,0,prediction,evaluator_exit,6039242493024,657892,657966
202607271206,e2e_trace_v3,3846,17293833482614604794,0,prediction,predictor_enter,6039242521440,657892,657966
202607271206,e2e_trace_v3,3847,17293833482614604794,0,prediction,predictor_exit,6039242528384,657892,657966
202607271206,e2e_trace_v3,3848,17293833482614604794,0,prediction,perception_exit,6039242533472,657892,657966
202607271206,e2e_trace_v3,3849,17293833482614604794,0,prediction,writer_enter,6039242601632,657892,657966
202607271206,e2e_trace_v3,3850,17293833482614604794,0,prediction,writer_done,6039242733184,657892,657966
202607271206,e2e_trace_v3,3851,17293833482614604794,0,prediction,output_pub,6039242601632,657892,657966
202607271206,e2e_trace_v3,3852,17293833482614604795,0,prediction,proc_enter,6039327762848,657892,657974
202607271206,e2e_trace_v3,3853,17293833482614604795,0,prediction,container_enter,6039327795776,657892,657974
202607271206,e2e_trace_v3,3854,17293833482614604795,0,prediction,container_exit,6039328183648,657892,657974
202607271206,e2e_trace_v3,3855,17293833482614604795,0,prediction,perception_enter,6039328193408,657892,657974
202607271206,e2e_trace_v3,3856,17293833482614604795,0,prediction,evaluator_enter,6039328581632,657892,657974
202607271206,e2e_trace_v3,3857,17293833482614604795,0,prediction,evaluator_exit,6039334524640,657892,657974
202607271206,e2e_trace_v3,3858,17293833482614604795,0,prediction,predictor_enter,6039334546272,657892,657974
202607271206,e2e_trace_v3,3859,17293833482614604795,0,prediction,predictor_exit,6039334553408,657892,657974
202607271206,e2e_trace_v3,3860,17293833482614604795,0,prediction,perception_exit,6039334558912,657892,657974
202607271206,e2e_trace_v3,3861,17293833482614604795,0,prediction,writer_enter,6039334604224,657892,657974
202607271206,e2e_trace_v3,3862,17293833482614604795,0,prediction,writer_done,6039334703712,657892,657974
202607271206,e2e_trace_v3,3863,17293833482614604795,0,prediction,output_pub,6039334604224,657892,657974
202607271206,e2e_trace_v3,3864,17293833482614604796,0,prediction,proc_enter,6039419347808,657892,657975
202607271206,e2e_trace_v3,3865,17293833482614604796,0,prediction,container_enter,6039419383904,657892,657975
202607271206,e2e_trace_v3,3866,17293833482614604796,0,prediction,container_exit,6039419907552,657892,657975
202607271206,e2e_trace_v3,3867,17293833482614604796,0,prediction,perception_enter,6039419923456,657892,657975
202607271206,e2e_trace_v3,3868,17293833482614604796,0,prediction,evaluator_enter,6039420334592,657892,657975
202607271206,e2e_trace_v3,3869,17293833482614604796,0,prediction,evaluator_exit,6039421982784,657892,657975
202607271206,e2e_trace_v3,3870,17293833482614604796,0,prediction,predictor_enter,6039422003296,657892,657975
202607271206,e2e_trace_v3,3871,17293833482614604796,0,prediction,predictor_exit,6039422013312,657892,657975
202607271206,e2e_trace_v3,3872,17293833482614604796,0,prediction,perception_exit,6039422020928,657892,657975
202607271206,e2e_trace_v3,3873,17293833482614604796,0,prediction,writer_enter,6039422075712,657892,657975
202607271206,e2e_trace_v3,3874,17293833482614604796,0,prediction,writer_done,6039422201536,657892,657975
202607271206,e2e_trace_v3,3875,17293833482614604796,0,prediction,output_pub,6039422075712,657892,657975
202607271206,e2e_trace_v3,3876,17293833482614604797,0,prediction,proc_enter,6039516933952,657892,657975
202607271206,e2e_trace_v3,3877,17293833482614604797,0,prediction,container_enter,6039516978400,657892,657975
202607271206,e2e_trace_v3,3878,17293833482614604797,0,prediction,container_exit,6039517373088,657892,657975
202607271206,e2e_trace_v3,3879,17293833482614604797,0,prediction,perception_enter,6039517385312,657892,657975
202607271206,e2e_trace_v3,3880,17293833482614604797,0,prediction,evaluator_enter,6039517806208,657892,657975
202607271206,e2e_trace_v3,3881,17293833482614604797,0,prediction,evaluator_exit,6039522500384,657892,657975
202607271206,e2e_trace_v3,3882,17293833482614604797,0,prediction,predictor_enter,6039522521120,657892,657975
202607271206,e2e_trace_v3,3883,17293833482614604797,0,prediction,predictor_exit,6039522529504,657892,657975
202607271206,e2e_trace_v3,3884,17293833482614604797,0,prediction,perception_exit,6039522536928,657892,657975
202607271206,e2e_trace_v3,3885,17293833482614604797,0,prediction,writer_enter,6039522584864,657892,657975
202607271206,e2e_trace_v3,3886,17293833482614604797,0,prediction,writer_done,6039522708096,657892,657975
202607271206,e2e_trace_v3,3887,17293833482614604797,0,prediction,output_pub,6039522584864,657892,657975
202607271206,e2e_trace_v3,3888,17293833482614604798,0,prediction,proc_enter,6039728984576,657892,657963
202607271206,e2e_trace_v3,3889,17293833482614604798,0,prediction,container_enter,6039729039680,657892,657963
202607271206,e2e_trace_v3,3890,17293833482614604798,0,prediction,container_exit,6039729581248,657892,657963
202607271206,e2e_trace_v3,3891,17293833482614604798,0,prediction,perception_enter,6039729606400,657892,657963
202607271206,e2e_trace_v3,3892,17293833482614604798,0,prediction,evaluator_enter,6039730253728,657892,657963
202607271206,e2e_trace_v3,3893,17293833482614604798,0,prediction,evaluator_exit,6039732216256,657892,657963
202607271206,e2e_trace_v3,3894,17293833482614604798,0,prediction,predictor_enter,6039732246784,657892,657963
202607271206,e2e_trace_v3,3895,17293833482614604798,0,prediction,predictor_exit,6039732258688,657892,657963
202607271206,e2e_trace_v3,3896,17293833482614604798,0,prediction,perception_exit,6039732268576,657892,657963
202607271206,e2e_trace_v3,3897,17293833482614604798,0,prediction,writer_enter,6039732335616,657892,657963
202607271206,e2e_trace_v3,3898,17293833482614604798,0,prediction,writer_done,6039732513600,657892,657963
202607271206,e2e_trace_v3,3899,17293833482614604798,0,prediction,output_pub,6039732335616,657892,657963
202607271206,e2e_trace_v3,3900,17293833482614604799,0,prediction,proc_enter,6039822915168,657892,657965
202607271206,e2e_trace_v3,3901,17293833482614604799,0,prediction,container_enter,6039822947968,657892,657965
202607271206,e2e_trace_v3,3902,17293833482614604799,0,prediction,container_exit,6039823406560,657892,657965
202607271206,e2e_trace_v3,3903,17293833482614604799,0,prediction,perception_enter,6039823417344,657892,657965
202607271206,e2e_trace_v3,3904,17293833482614604799,0,prediction,evaluator_enter,6039823885984,657892,657965
202607271206,e2e_trace_v3,3905,17293833482614604799,0,prediction,evaluator_exit,6039825593120,657892,657965
202607271206,e2e_trace_v3,3906,17293833482614604799,0,prediction,predictor_enter,6039825616320,657892,657965
202607271206,e2e_trace_v3,3907,17293833482614604799,0,prediction,predictor_exit,6039825624064,657892,657965
202607271206,e2e_trace_v3,3908,17293833482614604799,0,prediction,perception_exit,6039825630048,657892,657965
202607271206,e2e_trace_v3,3909,17293833482614604799,0,prediction,writer_enter,6039825677696,657892,657965
202607271206,e2e_trace_v3,3910,17293833482614604799,0,prediction,writer_done,6039825787680,657892,657965
202607271206,e2e_trace_v3,3911,17293833482614604799,0,prediction,output_pub,6039825677696,657892,657965
202607271206,e2e_trace_v3,3912,17293833482614604800,0,prediction,proc_enter,6039947276352,657892,657963
202607271206,e2e_trace_v3,3913,17293833482614604800,0,prediction,container_enter,6039947312832,657892,657963
202607271206,e2e_trace_v3,3914,17293833482614604800,0,prediction,container_exit,6039947732864,657892,657963
202607271206,e2e_trace_v3,3915,17293833482614604800,0,prediction,perception_enter,6039947746144,657892,657963
202607271206,e2e_trace_v3,3916,17293833482614604800,0,prediction,evaluator_enter,6039948162656,657892,657963
202607271206,e2e_trace_v3,3917,17293833482614604800,0,prediction,evaluator_exit,6039949836480,657892,657963
202607271206,e2e_trace_v3,3918,17293833482614604800,0,prediction,predictor_enter,6039949867968,657892,657963
202607271206,e2e_trace_v3,3919,17293833482614604800,0,prediction,predictor_exit,6039949876416,657892,657963
202607271206,e2e_trace_v3,3920,17293833482614604800,0,prediction,perception_exit,6039949883648,657892,657963
202607271206,e2e_trace_v3,3921,17293833482614604800,0,prediction,writer_enter,6039949938368,657892,657963
202607271206,e2e_trace_v3,3922,17293833482614604800,0,prediction,writer_done,6039950087168,657892,657963
202607271206,e2e_trace_v3,3923,17293833482614604800,0,prediction,output_pub,6039949938368,657892,657963
202607271206,e2e_trace_v3,3924,17293833482614604801,0,prediction,proc_enter,6040035615584,657892,657978
202607271206,e2e_trace_v3,3925,17293833482614604801,0,prediction,container_enter,6040035652832,657892,657978
202607271206,e2e_trace_v3,3926,17293833482614604801,0,prediction,container_exit,6040036071232,657892,657978
202607271206,e2e_trace_v3,3927,17293833482614604801,0,prediction,perception_enter,6040036082464,657892,657978
202607271206,e2e_trace_v3,3928,17293833482614604801,0,prediction,evaluator_enter,6040036510464,657892,657978
202607271206,e2e_trace_v3,3929,17293833482614604801,0,prediction,evaluator_exit,6040039458880,657892,657978
202607271206,e2e_trace_v3,3930,17293833482614604801,0,prediction,predictor_enter,6040039486080,657892,657978
202607271206,e2e_trace_v3,3931,17293833482614604801,0,prediction,predictor_exit,6040039494176,657892,657978
202607271206,e2e_trace_v3,3932,17293833482614604801,0,prediction,perception_exit,6040039501344,657892,657978
202607271206,e2e_trace_v3,3933,17293833482614604801,0,prediction,writer_enter,6040039547680,657892,657978
202607271206,e2e_trace_v3,3934,17293833482614604801,0,prediction,writer_done,6040039736608,657892,657978
202607271206,e2e_trace_v3,3935,17293833482614604801,0,prediction,output_pub,6040039547680,657892,657978
202607271206,e2e_trace_v3,3936,17293833482614604802,0,prediction,proc_enter,6040125083840,657892,657969
202607271206,e2e_trace_v3,3937,17293833482614604802,0,prediction,container_enter,6040125131584,657892,657969
202607271206,e2e_trace_v3,3938,17293833482614604802,0,prediction,container_exit,6040125694624,657892,657969
202607271206,e2e_trace_v3,3939,17293833482614604802,0,prediction,perception_enter,6040125714016,657892,657969
202607271206,e2e_trace_v3,3940,17293833482614604802,0,prediction,evaluator_enter,6040126208416,657892,657969
202607271206,e2e_trace_v3,3941,17293833482614604802,0,prediction,evaluator_exit,6040130238464,657892,657969
202607271206,e2e_trace_v3,3942,17293833482614604802,0,prediction,predictor_enter,6040130269216,657892,657969
202607271206,e2e_trace_v3,3943,17293833482614604802,0,prediction,predictor_exit,6040130279648,657892,657969
202607271206,e2e_trace_v3,3944,17293833482614604802,0,prediction,perception_exit,6040130287680,657892,657969
202607271206,e2e_trace_v3,3945,17293833482614604802,0,prediction,writer_enter,6040130357504,657892,657969
202607271206,e2e_trace_v3,3946,17293833482614604802,0,prediction,writer_done,6040130519872,657892,657969
202607271206,e2e_trace_v3,3947,17293833482614604802,0,prediction,output_pub,6040130357504,657892,657969
202607271206,e2e_trace_v3,3948,17293833482614604803,0,prediction,proc_enter,6040218858176,657892,657973
202607271206,e2e_trace_v3,3949,17293833482614604803,0,prediction,container_enter,6040218891296,657892,657973
202607271206,e2e_trace_v3,3950,17293833482614604803,0,prediction,container_exit,6040219303456,657892,657973
202607271206,e2e_trace_v3,3951,17293833482614604803,0,prediction,perception_enter,6040219315488,657892,657973
202607271206,e2e_trace_v3,3952,17293833482614604803,0,prediction,evaluator_enter,6040219710048,657892,657973
202607271206,e2e_trace_v3,3953,17293833482614604803,0,prediction,evaluator_exit,6040221252288,657892,657973
202607271206,e2e_trace_v3,3954,17293833482614604803,0,prediction,predictor_enter,6040221280576,657892,657973
202607271206,e2e_trace_v3,3955,17293833482614604803,0,prediction,predictor_exit,6040221287904,657892,657973
202607271206,e2e_trace_v3,3956,17293833482614604803,0,prediction,perception_exit,6040221293952,657892,657973
202607271206,e2e_trace_v3,3957,17293833482614604803,0,prediction,writer_enter,6040221344896,657892,657973
202607271206,e2e_trace_v3,3958,17293833482614604803,0,prediction,writer_done,6040221479136,657892,657973
202607271206,e2e_trace_v3,3959,17293833482614604803,0,prediction,output_pub,6040221344896,657892,657973
202607271206,e2e_trace_v3,3960,17293833482614604804,0,prediction,proc_enter,6040320359840,657892,657964
202607271206,e2e_trace_v3,3961,17293833482614604804,0,prediction,container_enter,6040320391392,657892,657964
202607271206,e2e_trace_v3,3962,17293833482614604804,0,prediction,container_exit,6040320784032,657892,657964
202607271206,e2e_trace_v3,3963,17293833482614604804,0,prediction,perception_enter,6040320818080,657892,657964
202607271206,e2e_trace_v3,3964,17293833482614604804,0,prediction,evaluator_enter,6040321244192,657892,657964
202607271206,e2e_trace_v3,3965,17293833482614604804,0,prediction,evaluator_exit,6040322795072,657892,657964
202607271206,e2e_trace_v3,3966,17293833482614604804,0,prediction,predictor_enter,6040322815136,657892,657964
202607271206,e2e_trace_v3,3967,17293833482614604804,0,prediction,predictor_exit,6040322823616,657892,657964
202607271206,e2e_trace_v3,3968,17293833482614604804,0,prediction,perception_exit,6040322830272,657892,657964
202607271206,e2e_trace_v3,3969,17293833482614604804,0,prediction,writer_enter,6040322888224,657892,657964
202607271206,e2e_trace_v3,3970,17293833482614604804,0,prediction,writer_done,6040323029344,657892,657964
202607271206,e2e_trace_v3,3971,17293833482614604804,0,prediction,output_pub,6040322888224,657892,657964
202607271206,e2e_trace_v3,3972,17293833482614604805,0,prediction,proc_enter,6040410628096,657892,657972
202607271206,e2e_trace_v3,3973,17293833482614604805,0,prediction,container_enter,6040410675744,657892,657972
202607271206,e2e_trace_v3,3974,17293833482614604805,0,prediction,container_exit,6040411273728,657892,657972
202607271206,e2e_trace_v3,3975,17293833482614604805,0,prediction,perception_enter,6040411293440,657892,657972
202607271206,e2e_trace_v3,3976,17293833482614604805,0,prediction,evaluator_enter,6040411880960,657892,657972
202607271206,e2e_trace_v3,3977,17293833482614604805,0,prediction,evaluator_exit,6040418559968,657892,657972
202607271206,e2e_trace_v3,3978,17293833482614604805,0,prediction,predictor_enter,6040418586208,657892,657972
202607271206,e2e_trace_v3,3979,17293833482614604805,0,prediction,predictor_exit,6040418595904,657892,657972
202607271206,e2e_trace_v3,3980,17293833482614604805,0,prediction,perception_exit,6040418689440,657892,657972
202607271206,e2e_trace_v3,3981,17293833482614604805,0,prediction,writer_enter,6040418740992,657892,657972
202607271206,e2e_trace_v3,3982,17293833482614604805,0,prediction,writer_done,6040418872128,657892,657972
202607271206,e2e_trace_v3,3983,17293833482614604805,0,prediction,output_pub,6040418740992,657892,657972
202607271206,e2e_trace_v3,3984,17293833482614604806,0,prediction,proc_enter,6040510297568,657892,657974
202607271206,e2e_trace_v3,3985,17293833482614604806,0,prediction,container_enter,6040510376224,657892,657974
202607271206,e2e_trace_v3,3986,17293833482614604806,0,prediction,container_exit,6040510916896,657892,657974
202607271206,e2e_trace_v3,3987,17293833482614604806,0,prediction,perception_enter,6040510940576,657892,657974
202607271206,e2e_trace_v3,3988,17293833482614604806,0,prediction,evaluator_enter,6040511678112,657892,657974
202607271206,e2e_trace_v3,3989,17293833482614604806,0,prediction,evaluator_exit,6040532818016,657892,657974
202607271206,e2e_trace_v3,3990,17293833482614604806,0,prediction,predictor_enter,6040532845856,657892,657974
202607271206,e2e_trace_v3,3991,17293833482614604806,0,prediction,predictor_exit,6040532855552,657892,657974
202607271206,e2e_trace_v3,3992,17293833482614604806,0,prediction,perception_exit,6040532863456,657892,657974
202607271206,e2e_trace_v3,3993,17293833482614604806,0,prediction,writer_enter,6040532914688,657892,657974
202607271206,e2e_trace_v3,3994,17293833482614604806,0,prediction,writer_done,6040533053312,657892,657974
202607271206,e2e_trace_v3,3995,17293833482614604806,0,prediction,output_pub,6040532914688,657892,657974
202607271206,e2e_trace_v3,3996,17293833482614604807,0,prediction,proc_enter,6040613236000,657892,657964
202607271206,e2e_trace_v3,3997,17293833482614604807,0,prediction,container_enter,6040613285952,657892,657964
202607271206,e2e_trace_v3,3998,17293833482614604807,0,prediction,container_exit,6040613743872,657892,657964
202607271206,e2e_trace_v3,3999,17293833482614604807,0,prediction,perception_enter,6040613762624,657892,657964
202607271206,e2e_trace_v3,4000,17293833482614604807,0,prediction,evaluator_enter,6040614266688,657892,657964
202607271206,e2e_trace_v3,4001,17293833482614604807,0,prediction,evaluator_exit,6040616580768,657892,657964
202607271206,e2e_trace_v3,4002,17293833482614604807,0,prediction,predictor_enter,6040616602496,657892,657964
202607271206,e2e_trace_v3,4003,17293833482614604807,0,prediction,predictor_exit,6040616612832,657892,657964
202607271206,e2e_trace_v3,4004,17293833482614604807,0,prediction,perception_exit,6040616621344,657892,657964
202607271206,e2e_trace_v3,4005,17293833482614604807,0,prediction,writer_enter,6040616675008,657892,657964
202607271206,e2e_trace_v3,4006,17293833482614604807,0,prediction,writer_done,6040616814144,657892,657964
202607271206,e2e_trace_v3,4007,17293833482614604807,0,prediction,output_pub,6040616675008,657892,657964
202607271206,e2e_trace_v3,4008,17293833482614604808,0,prediction,proc_enter,6040712224864,657892,657975
202607271206,e2e_trace_v3,4009,17293833482614604808,0,prediction,container_enter,6040712256320,657892,657975
202607271206,e2e_trace_v3,4010,17293833482614604808,0,prediction,container_exit,6040712766112,657892,657975
202607271206,e2e_trace_v3,4011,17293833482614604808,0,prediction,perception_enter,6040712779424,657892,657975
202607271206,e2e_trace_v3,4012,17293833482614604808,0,prediction,evaluator_enter,6040713186208,657892,657975
202607271206,e2e_trace_v3,4013,17293833482614604808,0,prediction,evaluator_exit,6040718479712,657892,657975
202607271206,e2e_trace_v3,4014,17293833482614604808,0,prediction,predictor_enter,6040718506656,657892,657975
202607271206,e2e_trace_v3,4015,17293833482614604808,0,prediction,predictor_exit,6040718513120,657892,657975
202607271206,e2e_trace_v3,4016,17293833482614604808,0,prediction,perception_exit,6040718519200,657892,657975
202607271206,e2e_trace_v3,4017,17293833482614604808,0,prediction,writer_enter,6040718567680,657892,657975
202607271206,e2e_trace_v3,4018,17293833482614604808,0,prediction,writer_done,6040718685696,657892,657975
202607271206,e2e_trace_v3,4019,17293833482614604808,0,prediction,output_pub,6040718567680,657892,657975
202607271206,e2e_trace_v3,4020,17293833482614604809,0,prediction,proc_enter,6040823868000,657892,657967
202607271206,e2e_trace_v3,4021,17293833482614604809,0,prediction,container_enter,6040823900896,657892,657967
202607271206,e2e_trace_v3,4022,17293833482614604809,0,prediction,container_exit,6040824272288,657892,657967
202607271206,e2e_trace_v3,4023,17293833482614604809,0,prediction,perception_enter,6040824283392,657892,657967
202607271206,e2e_trace_v3,4024,17293833482614604809,0,prediction,evaluator_enter,6040824683008,657892,657967
202607271206,e2e_trace_v3,4025,17293833482614604809,0,prediction,evaluator_exit,6040826183712,657892,657967
202607271206,e2e_trace_v3,4026,17293833482614604809,0,prediction,predictor_enter,6040826209280,657892,657967
202607271206,e2e_trace_v3,4027,17293833482614604809,0,prediction,predictor_exit,6040826217024,657892,657967
202607271206,e2e_trace_v3,4028,17293833482614604809,0,prediction,perception_exit,6040826223616,657892,657967
202607271206,e2e_trace_v3,4029,17293833482614604809,0,prediction,writer_enter,6040826277408,657892,657967
202607271206,e2e_trace_v3,4030,17293833482614604809,0,prediction,writer_done,6040826428928,657892,657967
202607271206,e2e_trace_v3,4031,17293833482614604809,0,prediction,output_pub,6040826277408,657892,657967
202607271206,e2e_trace_v3,4032,17293833482614604810,0,prediction,proc_enter,6040914492864,657892,657975
202607271206,e2e_trace_v3,4033,17293833482614604810,0,prediction,container_enter,6040914522080,657892,657975
202607271206,e2e_trace_v3,4034,17293833482614604810,0,prediction,container_exit,6040914911008,657892,657975
202607271206,e2e_trace_v3,4035,17293833482614604810,0,prediction,perception_enter,6040914923744,657892,657975
202607271206,e2e_trace_v3,4036,17293833482614604810,0,prediction,evaluator_enter,6040915325984,657892,657975
202607271206,e2e_trace_v3,4037,17293833482614604810,0,prediction,evaluator_exit,6040922482432,657892,657975
202607271206,e2e_trace_v3,4038,17293833482614604810,0,prediction,predictor_enter,6040922506720,657892,657975
202607271206,e2e_trace_v3,4039,17293833482614604810,0,prediction,predictor_exit,6040922513088,657892,657975
202607271206,e2e_trace_v3,4040,17293833482614604810,0,prediction,perception_exit,6040922518336,657892,657975
202607271206,e2e_trace_v3,4041,17293833482614604810,0,prediction,writer_enter,6040922555904,657892,657975
202607271206,e2e_trace_v3,4042,17293833482614604810,0,prediction,writer_done,6040922657568,657892,657975
202607271206,e2e_trace_v3,4043,17293833482614604810,0,prediction,output_pub,6040922555904,657892,657975
202607271206,e2e_trace_v3,4044,17293833482614604811,0,prediction,proc_enter,6041021045760,657892,657965
202607271206,e2e_trace_v3,4045,17293833482614604811,0,prediction,container_enter,6041021084160,657892,657965
202607271206,e2e_trace_v3,4046,17293833482614604811,0,prediction,container_exit,6041021614272,657892,657965
202607271206,e2e_trace_v3,4047,17293833482614604811,0,prediction,perception_enter,6041021630880,657892,657965
202607271206,e2e_trace_v3,4048,17293833482614604811,0,prediction,evaluator_enter,6041022107200,657892,657965
202607271206,e2e_trace_v3,4049,17293833482614604811,0,prediction,evaluator_exit,6041023843936,657892,657965
202607271206,e2e_trace_v3,4050,17293833482614604811,0,prediction,predictor_enter,6041023876256,657892,657965
202607271206,e2e_trace_v3,4051,17293833482614604811,0,prediction,predictor_exit,6041023889376,657892,657965
202607271206,e2e_trace_v3,4052,17293833482614604811,0,prediction,perception_exit,6041023900160,657892,657965
202607271206,e2e_trace_v3,4053,17293833482614604811,0,prediction,writer_enter,6041023957056,657892,657965
202607271206,e2e_trace_v3,4054,17293833482614604811,0,prediction,writer_done,6041024118560,657892,657965
202607271206,e2e_trace_v3,4055,17293833482614604811,0,prediction,output_pub,6041023957056,657892,657965
202607271206,e2e_trace_v3,4056,17293833482614604812,0,prediction,proc_enter,6041124155104,657892,657970
202607271206,e2e_trace_v3,4057,17293833482614604812,0,prediction,container_enter,6041124200320,657892,657970
202607271206,e2e_trace_v3,4058,17293833482614604812,0,prediction,container_exit,6041124710464,657892,657970
202607271206,e2e_trace_v3,4059,17293833482614604812,0,prediction,perception_enter,6041124732640,657892,657970
202607271206,e2e_trace_v3,4060,17293833482614604812,0,prediction,evaluator_enter,6041125422496,657892,657970
202607271206,e2e_trace_v3,4061,17293833482614604812,0,prediction,evaluator_exit,6041132830112,657892,657970
202607271206,e2e_trace_v3,4062,17293833482614604812,0,prediction,predictor_enter,6041132861888,657892,657970
202607271206,e2e_trace_v3,4063,17293833482614604812,0,prediction,predictor_exit,6041132874336,657892,657970
202607271206,e2e_trace_v3,4064,17293833482614604812,0,prediction,perception_exit,6041132885920,657892,657970
202607271206,e2e_trace_v3,4065,17293833482614604812,0,prediction,writer_enter,6041132940000,657892,657970
202607271206,e2e_trace_v3,4066,17293833482614604812,0,prediction,writer_done,6041133097920,657892,657970
202607271206,e2e_trace_v3,4067,17293833482614604812,0,prediction,output_pub,6041132940000,657892,657970
202607271206,e2e_trace_v3,4068,17293833482614604813,0,prediction,proc_enter,6041227081024,657892,657972
202607271206,e2e_trace_v3,4069,17293833482614604813,0,prediction,container_enter,6041227127392,657892,657972
202607271206,e2e_trace_v3,4070,17293833482614604813,0,prediction,container_exit,6041227577440,657892,657972
202607271206,e2e_trace_v3,4071,17293833482614604813,0,prediction,perception_enter,6041227591328,657892,657972
202607271206,e2e_trace_v3,4072,17293833482614604813,0,prediction,evaluator_enter,6041228079648,657892,657972
202607271206,e2e_trace_v3,4073,17293833482614604813,0,prediction,evaluator_exit,6041234613280,657892,657972
202607271206,e2e_trace_v3,4074,17293833482614604813,0,prediction,predictor_enter,6041234642592,657892,657972
202607271206,e2e_trace_v3,4075,17293833482614604813,0,prediction,predictor_exit,6041234653312,657892,657972
202607271206,e2e_trace_v3,4076,17293833482614604813,0,prediction,perception_exit,6041234660000,657892,657972
202607271206,e2e_trace_v3,4077,17293833482614604813,0,prediction,writer_enter,6041234711584,657892,657972
202607271206,e2e_trace_v3,4078,17293833482614604813,0,prediction,writer_done,6041234847264,657892,657972
202607271206,e2e_trace_v3,4079,17293833482614604813,0,prediction,output_pub,6041234711584,657892,657972
202607271206,e2e_trace_v3,4080,17293833482614604814,0,prediction,proc_enter,6041322023776,657892,657976
202607271206,e2e_trace_v3,4081,17293833482614604814,0,prediction,container_enter,6041322057472,657892,657976
202607271206,e2e_trace_v3,4082,17293833482614604814,0,prediction,container_exit,6041322576416,657892,657976
202607271206,e2e_trace_v3,4083,17293833482614604814,0,prediction,perception_enter,6041322590880,657892,657976
202607271206,e2e_trace_v3,4084,17293833482614604814,0,prediction,evaluator_enter,6041323018304,657892,657976
202607271206,e2e_trace_v3,4085,17293833482614604814,0,prediction,evaluator_exit,6041330462816,657892,657976
202607271206,e2e_trace_v3,4086,17293833482614604814,0,prediction,predictor_enter,6041330488768,657892,657976
202607271206,e2e_trace_v3,4087,17293833482614604814,0,prediction,predictor_exit,6041330495232,657892,657976
202607271206,e2e_trace_v3,4088,17293833482614604814,0,prediction,perception_exit,6041330500608,657892,657976
202607271206,e2e_trace_v3,4089,17293833482614604814,0,prediction,writer_enter,6041330537344,657892,657976
202607271206,e2e_trace_v3,4090,17293833482614604814,0,prediction,writer_done,6041330661312,657892,657976
202607271206,e2e_trace_v3,4091,17293833482614604814,0,prediction,output_pub,6041330537344,657892,657976
202607271206,e2e_trace_v3,4092,17293833482614604815,0,prediction,proc_enter,6041427865664,657892,657971
202607271206,e2e_trace_v3,4093,17293833482614604815,0,prediction,container_enter,6041427904672,657892,657971
202607271206,e2e_trace_v3,4094,17293833482614604815,0,prediction,container_exit,6041428310368,657892,657971
202607271206,e2e_trace_v3,4095,17293833482614604815,0,prediction,perception_enter,6041428325376,657892,657971
202607271206,e2e_trace_v3,4096,17293833482614604815,0,prediction,evaluator_enter,6041428724832,657892,657971
202607271206,e2e_trace_v3,4097,17293833482614604815,0,prediction,evaluator_exit,6041430522496,657892,657971
202607271206,e2e_trace_v3,4098,17293833482614604815,0,prediction,predictor_enter,6041430544320,657892,657971
202607271206,e2e_trace_v3,4099,17293833482614604815,0,prediction,predictor_exit,6041430551424,657892,657971
202607271206,e2e_trace_v3,4100,17293833482614604815,0,prediction,perception_exit,6041430557728,657892,657971
202607271206,e2e_trace_v3,4101,17293833482614604815,0,prediction,writer_enter,6041430604128,657892,657971
202607271206,e2e_trace_v3,4102,17293833482614604815,0,prediction,writer_done,6041430722336,657892,657971
202607271206,e2e_trace_v3,4103,17293833482614604815,0,prediction,output_pub,6041430604128,657892,657971
202607271206,e2e_trace_v3,4104,17293833482614604816,0,prediction,proc_enter,6041522449952,657892,657974
202607271206,e2e_trace_v3,4105,17293833482614604816,0,prediction,container_enter,6041522503808,657892,657974
202607271206,e2e_trace_v3,4106,17293833482614604816,0,prediction,container_exit,6041522948928,657892,657974
202607271206,e2e_trace_v3,4107,17293833482614604816,0,prediction,perception_enter,6041522965760,657892,657974
202607271206,e2e_trace_v3,4108,17293833482614604816,0,prediction,evaluator_enter,6041523446272,657892,657974
202607271206,e2e_trace_v3,4109,17293833482614604816,0,prediction,evaluator_exit,6041534448224,657892,657974
202607271206,e2e_trace_v3,4110,17293833482614604816,0,prediction,predictor_enter,6041534477376,657892,657974
202607271206,e2e_trace_v3,4111,17293833482614604816,0,prediction,predictor_exit,6041534485280,657892,657974
202607271206,e2e_trace_v3,4112,17293833482614604816,0,prediction,perception_exit,6041534492352,657892,657974
202607271206,e2e_trace_v3,4113,17293833482614604816,0,prediction,writer_enter,6041534531488,657892,657974
202607271206,e2e_trace_v3,4114,17293833482614604816,0,prediction,writer_done,6041534652832,657892,657974
202607271206,e2e_trace_v3,4115,17293833482614604816,0,prediction,output_pub,6041534531488,657892,657974
202607271206,e2e_trace_v3,4116,17293833482614604817,0,prediction,proc_enter,6041622304224,657892,657965
202607271206,e2e_trace_v3,4117,17293833482614604817,0,prediction,container_enter,6041622346368,657892,657965
202607271206,e2e_trace_v3,4118,17293833482614604817,0,prediction,container_exit,6041622904448,657892,657965
202607271206,e2e_trace_v3,4119,17293833482614604817,0,prediction,perception_enter,6041622932704,657892,657965
202607271206,e2e_trace_v3,4120,17293833482614604817,0,prediction,evaluator_enter,6041623408576,657892,657965
202607271206,e2e_trace_v3,4121,17293833482614604817,0,prediction,evaluator_exit,6041625488224,657892,657965
202607271206,e2e_trace_v3,4122,17293833482614604817,0,prediction,predictor_enter,6041625517440,657892,657965
202607271206,e2e_trace_v3,4123,17293833482614604817,0,prediction,predictor_exit,6041625526016,657892,657965
202607271206,e2e_trace_v3,4124,17293833482614604817,0,prediction,perception_exit,6041625533152,657892,657965
202607271206,e2e_trace_v3,4125,17293833482614604817,0,prediction,writer_enter,6041625582048,657892,657965
202607271206,e2e_trace_v3,4126,17293833482614604817,0,prediction,writer_done,6041625728096,657892,657965
202607271206,e2e_trace_v3,4127,17293833482614604817,0,prediction,output_pub,6041625582048,657892,657965
202607271206,e2e_trace_v3,4128,17293833482614604818,0,prediction,proc_enter,6041712794624,657892,657970
202607271206,e2e_trace_v3,4129,17293833482614604818,0,prediction,container_enter,6041712844992,657892,657970
202607271206,e2e_trace_v3,4130,17293833482614604818,0,prediction,container_exit,6041713259744,657892,657970
202607271206,e2e_trace_v3,4131,17293833482614604818,0,prediction,perception_enter,6041713273056,657892,657970
202607271206,e2e_trace_v3,4132,17293833482614604818,0,prediction,evaluator_enter,6041713734176,657892,657970
202607271206,e2e_trace_v3,4133,17293833482614604818,0,prediction,evaluator_exit,6041716466080,657892,657970
202607271206,e2e_trace_v3,4134,17293833482614604818,0,prediction,predictor_enter,6041716492800,657892,657970
202607271206,e2e_trace_v3,4135,17293833482614604818,0,prediction,predictor_exit,6041716501824,657892,657970
202607271206,e2e_trace_v3,4136,17293833482614604818,0,prediction,perception_exit,6041716507936,657892,657970
202607271206,e2e_trace_v3,4137,17293833482614604818,0,prediction,writer_enter,6041716554304,657892,657970
202607271206,e2e_trace_v3,4138,17293833482614604818,0,prediction,writer_done,6041716697216,657892,657970
202607271206,e2e_trace_v3,4139,17293833482614604818,0,prediction,output_pub,6041716554304,657892,657970
202607271206,e2e_trace_v3,4140,17293833482614604819,0,prediction,proc_enter,6041820653888,657892,657969
202607271206,e2e_trace_v3,4141,17293833482614604819,0,prediction,container_enter,6041820693952,657892,657969
202607271206,e2e_trace_v3,4142,17293833482614604819,0,prediction,container_exit,6041821145952,657892,657969
202607271206,e2e_trace_v3,4143,17293833482614604819,0,prediction,perception_enter,6041821164000,657892,657969
202607271206,e2e_trace_v3,4144,17293833482614604819,0,prediction,evaluator_enter,6041821671040,657892,657969
202607271206,e2e_trace_v3,4145,17293833482614604819,0,prediction,evaluator_exit,6041823595712,657892,657969
202607271206,e2e_trace_v3,4146,17293833482614604819,0,prediction,predictor_enter,6041823622432,657892,657969
202607271206,e2e_trace_v3,4147,17293833482614604819,0,prediction,predictor_exit,6041823632032,657892,657969
202607271206,e2e_trace_v3,4148,17293833482614604819,0,prediction,perception_exit,6041823641216,657892,657969
202607271206,e2e_trace_v3,4149,17293833482614604819,0,prediction,writer_enter,6041823699776,657892,657969
202607271206,e2e_trace_v3,4150,17293833482614604819,0,prediction,writer_done,6041823837344,657892,657969
202607271206,e2e_trace_v3,4151,17293833482614604819,0,prediction,output_pub,6041823699776,657892,657969
202607271206,e2e_trace_v3,4152,17293833482614604820,0,prediction,proc_enter,6041915600224,657892,657968
202607271206,e2e_trace_v3,4153,17293833482614604820,0,prediction,container_enter,6041915662080,657892,657968
202607271206,e2e_trace_v3,4154,17293833482614604820,0,prediction,container_exit,6041916241152,657892,657968
202607271206,e2e_trace_v3,4155,17293833482614604820,0,prediction,perception_enter,6041916261536,657892,657968
202607271206,e2e_trace_v3,4156,17293833482614604820,0,prediction,evaluator_enter,6041916773344,657892,657968
202607271206,e2e_trace_v3,4157,17293833482614604820,0,prediction,evaluator_exit,6041922615776,657892,657968
202607271206,e2e_trace_v3,4158,17293833482614604820,0,prediction,predictor_enter,6041922646080,657892,657968
202607271206,e2e_trace_v3,4159,17293833482614604820,0,prediction,predictor_exit,6041922656320,657892,657968
202607271206,e2e_trace_v3,4160,17293833482614604820,0,prediction,perception_exit,6041922663808,657892,657968
202607271206,e2e_trace_v3,4161,17293833482614604820,0,prediction,writer_enter,6041922716352,657892,657968
202607271206,e2e_trace_v3,4162,17293833482614604820,0,prediction,writer_done,6041922864032,657892,657968
202607271206,e2e_trace_v3,4163,17293833482614604820,0,prediction,output_pub,6041922716352,657892,657968
202607271206,e2e_trace_v3,4164,17293833482614604821,0,prediction,proc_enter,6042033848480,657892,657975
202607271206,e2e_trace_v3,4165,17293833482614604821,0,prediction,container_enter,6042033912864,657892,657975
202607271206,e2e_trace_v3,4166,17293833482614604821,0,prediction,container_exit,6042034462688,657892,657975
202607271206,e2e_trace_v3,4167,17293833482614604821,0,prediction,perception_enter,6042034487648,657892,657975
202607271206,e2e_trace_v3,4168,17293833482614604821,0,prediction,evaluator_enter,6042035109856,657892,657975
202607271206,e2e_trace_v3,4169,17293833482614604821,0,prediction,evaluator_exit,6042037080032,657892,657975
202607271206,e2e_trace_v3,4170,17293833482614604821,0,prediction,predictor_enter,6042037103552,657892,657975
202607271206,e2e_trace_v3,4171,17293833482614604821,0,prediction,predictor_exit,6042037112864,657892,657975
202607271206,e2e_trace_v3,4172,17293833482614604821,0,prediction,perception_exit,6042037121248,657892,657975
202607271206,e2e_trace_v3,4173,17293833482614604821,0,prediction,writer_enter,6042037172576,657892,657975
202607271206,e2e_trace_v3,4174,17293833482614604821,0,prediction,writer_done,6042037303744,657892,657975
202607271206,e2e_trace_v3,4175,17293833482614604821,0,prediction,output_pub,6042037172576,657892,657975
202607271206,e2e_trace_v3,4176,17293833482614604822,0,prediction,proc_enter,6042120877472,657892,657973
202607271206,e2e_trace_v3,4177,17293833482614604822,0,prediction,container_enter,6042120973632,657892,657973
202607271206,e2e_trace_v3,4178,17293833482614604822,0,prediction,container_exit,6042121449472,657892,657973
202607271206,e2e_trace_v3,4179,17293833482614604822,0,prediction,perception_enter,6042121467136,657892,657973
202607271206,e2e_trace_v3,4180,17293833482614604822,0,prediction,evaluator_enter,6042121990912,657892,657973
202607271206,e2e_trace_v3,4181,17293833482614604822,0,prediction,evaluator_exit,6042123990336,657892,657973
202607271206,e2e_trace_v3,4182,17293833482614604822,0,prediction,predictor_enter,6042124024640,657892,657973
202607271206,e2e_trace_v3,4183,17293833482614604822,0,prediction,predictor_exit,6042124034208,657892,657973
202607271206,e2e_trace_v3,4184,17293833482614604822,0,prediction,perception_exit,6042124041952,657892,657973
202607271206,e2e_trace_v3,4185,17293833482614604822,0,prediction,writer_enter,6042124100096,657892,657973
202607271206,e2e_trace_v3,4186,17293833482614604822,0,prediction,writer_done,6042124269056,657892,657973
202607271206,e2e_trace_v3,4187,17293833482614604822,0,prediction,output_pub,6042124100096,657892,657973
202607271206,e2e_trace_v3,4188,17293833482614604823,0,prediction,proc_enter,6042234850592,657892,657970
202607271206,e2e_trace_v3,4189,17293833482614604823,0,prediction,container_enter,6042234891712,657892,657970
202607271206,e2e_trace_v3,4190,17293833482614604823,0,prediction,container_exit,6042235389472,657892,657970
202607271206,e2e_trace_v3,4191,17293833482614604823,0,prediction,perception_enter,6042235404032,657892,657970
202607271206,e2e_trace_v3,4192,17293833482614604823,0,prediction,evaluator_enter,6042235877056,657892,657970
202607271206,e2e_trace_v3,4193,17293833482614604823,0,prediction,evaluator_exit,6042238486080,657892,657970
202607271206,e2e_trace_v3,4194,17293833482614604823,0,prediction,predictor_enter,6042238511872,657892,657970
202607271206,e2e_trace_v3,4195,17293833482614604823,0,prediction,predictor_exit,6042238519968,657892,657970
202607271206,e2e_trace_v3,4196,17293833482614604823,0,prediction,perception_exit,6042238526496,657892,657970
202607271206,e2e_trace_v3,4197,17293833482614604823,0,prediction,writer_enter,6042238578304,657892,657970
202607271206,e2e_trace_v3,4198,17293833482614604823,0,prediction,writer_done,6042238713760,657892,657970
202607271206,e2e_trace_v3,4199,17293833482614604823,0,prediction,output_pub,6042238578304,657892,657970
202607271206,e2e_trace_v3,4200,17293833482614604824,0,prediction,proc_enter,6042327411456,657892,657973
202607271206,e2e_trace_v3,4201,17293833482614604824,0,prediction,container_enter,6042327445216,657892,657973
202607271206,e2e_trace_v3,4202,17293833482614604824,0,prediction,container_exit,6042327841088,657892,657973
202607271206,e2e_trace_v3,4203,17293833482614604824,0,prediction,perception_enter,6042327852768,657892,657973
202607271206,e2e_trace_v3,4204,17293833482614604824,0,prediction,evaluator_enter,6042328234848,657892,657973
202607271206,e2e_trace_v3,4205,17293833482614604824,0,prediction,evaluator_exit,6042329832512,657892,657973
202607271206,e2e_trace_v3,4206,17293833482614604824,0,prediction,predictor_enter,6042329862112,657892,657973
202607271206,e2e_trace_v3,4207,17293833482614604824,0,prediction,predictor_exit,6042329869408,657892,657973
202607271206,e2e_trace_v3,4208,17293833482614604824,0,prediction,perception_exit,6042329875264,657892,657973
202607271206,e2e_trace_v3,4209,17293833482614604824,0,prediction,writer_enter,6042330045120,657892,657973
202607271206,e2e_trace_v3,4210,17293833482614604824,0,prediction,writer_done,6042330196064,657892,657973
202607271206,e2e_trace_v3,4211,17293833482614604824,0,prediction,output_pub,6042330045120,657892,657973
202607271206,e2e_trace_v3,4212,17293833482614604825,0,prediction,proc_enter,6042421604352,657892,657969
202607271206,e2e_trace_v3,4213,17293833482614604825,0,prediction,container_enter,6042421640800,657892,657969
202607271206,e2e_trace_v3,4214,17293833482614604825,0,prediction,container_exit,6042422044032,657892,657969
202607271206,e2e_trace_v3,4215,17293833482614604825,0,prediction,perception_enter,6042422058048,657892,657969
202607271206,e2e_trace_v3,4216,17293833482614604825,0,prediction,evaluator_enter,6042422468704,657892,657969
202607271206,e2e_trace_v3,4217,17293833482614604825,0,prediction,evaluator_exit,6042423950240,657892,657969
202607271206,e2e_trace_v3,4218,17293833482614604825,0,prediction,predictor_enter,6042423968960,657892,657969
202607271206,e2e_trace_v3,4219,17293833482614604825,0,prediction,predictor_exit,6042423975808,657892,657969
202607271206,e2e_trace_v3,4220,17293833482614604825,0,prediction,perception_exit,6042423981824,657892,657969
202607271206,e2e_trace_v3,4221,17293833482614604825,0,prediction,writer_enter,6042424039776,657892,657969
202607271206,e2e_trace_v3,4222,17293833482614604825,0,prediction,writer_done,6042424182112,657892,657969
202607271206,e2e_trace_v3,4223,17293833482614604825,0,prediction,output_pub,6042424039776,657892,657969
202607271206,e2e_trace_v3,4224,17293833482614604826,0,prediction,proc_enter,6042513696768,657892,657970
202607271206,e2e_trace_v3,4225,17293833482614604826,0,prediction,container_enter,6042513744064,657892,657970
202607271206,e2e_trace_v3,4226,17293833482614604826,0,prediction,container_exit,6042514236160,657892,657970
202607271206,e2e_trace_v3,4227,17293833482614604826,0,prediction,perception_enter,6042514251936,657892,657970
202607271206,e2e_trace_v3,4228,17293833482614604826,0,prediction,evaluator_enter,6042514723040,657892,657970
202607271206,e2e_trace_v3,4229,17293833482614604826,0,prediction,evaluator_exit,6042522456704,657892,657970
202607271206,e2e_trace_v3,4230,17293833482614604826,0,prediction,predictor_enter,6042522483968,657892,657970
202607271206,e2e_trace_v3,4231,17293833482614604826,0,prediction,predictor_exit,6042522490688,657892,657970
202607271206,e2e_trace_v3,4232,17293833482614604826,0,prediction,perception_exit,6042522496096,657892,657970
202607271206,e2e_trace_v3,4233,17293833482614604826,0,prediction,writer_enter,6042522549376,657892,657970
202607271206,e2e_trace_v3,4234,17293833482614604826,0,prediction,writer_done,6042522668736,657892,657970
202607271206,e2e_trace_v3,4235,17293833482614604826,0,prediction,output_pub,6042522549376,657892,657970
202607271206,e2e_trace_v3,4236,17293833482614604827,0,prediction,proc_enter,6042614031712,657892,657973
202607271206,e2e_trace_v3,4237,17293833482614604827,0,prediction,container_enter,6042614085600,657892,657973
202607271206,e2e_trace_v3,4238,17293833482614604827,0,prediction,container_exit,6042614654720,657892,657973
202607271206,e2e_trace_v3,4239,17293833482614604827,0,prediction,perception_enter,6042614682112,657892,657973
202607271206,e2e_trace_v3,4240,17293833482614604827,0,prediction,evaluator_enter,6042615210528,657892,657973
202607271206,e2e_trace_v3,4241,17293833482614604827,0,prediction,evaluator_exit,6042616947744,657892,657973
202607271206,e2e_trace_v3,4242,17293833482614604827,0,prediction,predictor_enter,6042616968544,657892,657973
202607271206,e2e_trace_v3,4243,17293833482614604827,0,prediction,predictor_exit,6042616980704,657892,657973
202607271206,e2e_trace_v3,4244,17293833482614604827,0,prediction,perception_exit,6042616989056,657892,657973
202607271206,e2e_trace_v3,4245,17293833482614604827,0,prediction,writer_enter,6042617036736,657892,657973
202607271206,e2e_trace_v3,4246,17293833482614604827,0,prediction,writer_done,6042617196128,657892,657973
202607271206,e2e_trace_v3,4247,17293833482614604827,0,prediction,output_pub,6042617036736,657892,657973
202607271206,e2e_trace_v3,4248,17293833482614604828,0,prediction,proc_enter,6042716877824,657892,657968
202607271206,e2e_trace_v3,4249,17293833482614604828,0,prediction,container_enter,6042716925568,657892,657968
202607271206,e2e_trace_v3,4250,17293833482614604828,0,prediction,container_exit,6042717439392,657892,657968
202607271206,e2e_trace_v3,4251,17293833482614604828,0,prediction,perception_enter,6042717462496,657892,657968
202607271206,e2e_trace_v3,4252,17293833482614604828,0,prediction,evaluator_enter,6042717970432,657892,657968
202607271206,e2e_trace_v3,4253,17293833482614604828,0,prediction,evaluator_exit,6042725462656,657892,657968
202607271206,e2e_trace_v3,4254,17293833482614604828,0,prediction,predictor_enter,6042725494496,657892,657968
202607271206,e2e_trace_v3,4255,17293833482614604828,0,prediction,predictor_exit,6042725504064,657892,657968
202607271206,e2e_trace_v3,4256,17293833482614604828,0,prediction,perception_exit,6042725511456,657892,657968
202607271206,e2e_trace_v3,4257,17293833482614604828,0,prediction,writer_enter,6042725567104,657892,657968
202607271206,e2e_trace_v3,4258,17293833482614604828,0,prediction,writer_done,6042725714144,657892,657968
202607271206,e2e_trace_v3,4259,17293833482614604828,0,prediction,output_pub,6042725567104,657892,657968
202607271206,e2e_trace_v3,4260,17293833482614604829,0,prediction,proc_enter,6042820837120,657892,657970
202607271206,e2e_trace_v3,4261,17293833482614604829,0,prediction,container_enter,6042820884096,657892,657970
202607271206,e2e_trace_v3,4262,17293833482614604829,0,prediction,container_exit,6042821410240,657892,657970
202607271206,e2e_trace_v3,4263,17293833482614604829,0,prediction,perception_enter,6042821428736,657892,657970
202607271206,e2e_trace_v3,4264,17293833482614604829,0,prediction,evaluator_enter,6042821951200,657892,657970
202607271206,e2e_trace_v3,4265,17293833482614604829,0,prediction,evaluator_exit,6042823864960,657892,657970
202607271206,e2e_trace_v3,4266,17293833482614604829,0,prediction,predictor_enter,6042823891456,657892,657970
202607271206,e2e_trace_v3,4267,17293833482614604829,0,prediction,predictor_exit,6042823901536,657892,657970
202607271206,e2e_trace_v3,4268,17293833482614604829,0,prediction,perception_exit,6042823910400,657892,657970
202607271206,e2e_trace_v3,4269,17293833482614604829,0,prediction,writer_enter,6042823971264,657892,657970
202607271206,e2e_trace_v3,4270,17293833482614604829,0,prediction,writer_done,6042824125440,657892,657970
202607271206,e2e_trace_v3,4271,17293833482614604829,0,prediction,output_pub,6042823971264,657892,657970
202607271206,e2e_trace_v3,4272,17293833482614604830,0,prediction,proc_enter,6042926867232,657892,657972
202607271206,e2e_trace_v3,4273,17293833482614604830,0,prediction,container_enter,6042926919616,657892,657972
202607271206,e2e_trace_v3,4274,17293833482614604830,0,prediction,container_exit,6042927350496,657892,657972
202607271206,e2e_trace_v3,4275,17293833482614604830,0,prediction,perception_enter,6042927366336,657892,657972
202607271206,e2e_trace_v3,4276,17293833482614604830,0,prediction,evaluator_enter,6042927864640,657892,657972
202607271206,e2e_trace_v3,4277,17293833482614604830,0,prediction,evaluator_exit,6042929542592,657892,657972
202607271206,e2e_trace_v3,4278,17293833482614604830,0,prediction,predictor_enter,6042929565696,657892,657972
202607271206,e2e_trace_v3,4279,17293833482614604830,0,prediction,predictor_exit,6042929575840,657892,657972
202607271206,e2e_trace_v3,4280,17293833482614604830,0,prediction,perception_exit,6042929584352,657892,657972
202607271206,e2e_trace_v3,4281,17293833482614604830,0,prediction,writer_enter,6042929642272,657892,657972
202607271206,e2e_trace_v3,4282,17293833482614604830,0,prediction,writer_done,6042929788064,657892,657972
202607271206,e2e_trace_v3,4283,17293833482614604830,0,prediction,output_pub,6042929642272,657892,657972
202607271206,e2e_trace_v3,4284,17293833482614604831,0,prediction,proc_enter,6043039752000,657892,657967
202607271206,e2e_trace_v3,4285,17293833482614604831,0,prediction,container_enter,6043039920960,657892,657967
202607271206,e2e_trace_v3,4286,17293833482614604831,0,prediction,container_exit,6043040601728,657892,657967
202607271206,e2e_trace_v3,4287,17293833482614604831,0,prediction,perception_enter,6043040630208,657892,657967
202607271206,e2e_trace_v3,4288,17293833482614604831,0,prediction,evaluator_enter,6043041510176,657892,657967
202607271206,e2e_trace_v3,4289,17293833482614604831,0,prediction,evaluator_exit,6043050956096,657892,657967
202607271206,e2e_trace_v3,4290,17293833482614604831,0,prediction,predictor_enter,6043050997472,657892,657967
202607271206,e2e_trace_v3,4291,17293833482614604831,0,prediction,predictor_exit,6043051010368,657892,657967
202607271206,e2e_trace_v3,4292,17293833482614604831,0,prediction,perception_exit,6043051019712,657892,657967
202607271206,e2e_trace_v3,4293,17293833482614604831,0,prediction,writer_enter,6043051095648,657892,657967
202607271206,e2e_trace_v3,4294,17293833482614604831,0,prediction,writer_done,6043051308448,657892,657967
202607271206,e2e_trace_v3,4295,17293833482614604831,0,prediction,output_pub,6043051095648,657892,657967
202607271206,e2e_trace_v3,4296,17293833482614604832,0,prediction,proc_enter,6043146362560,657892,657978
202607271206,e2e_trace_v3,4297,17293833482614604832,0,prediction,container_enter,6043146424576,657892,657978
202607271206,e2e_trace_v3,4298,17293833482614604832,0,prediction,container_exit,6043147047968,657892,657978
202607271206,e2e_trace_v3,4299,17293833482614604832,0,prediction,perception_enter,6043147070336,657892,657978
202607271206,e2e_trace_v3,4300,17293833482614604832,0,prediction,evaluator_enter,6043147722624,657892,657978
202607271206,e2e_trace_v3,4301,17293833482614604832,0,prediction,evaluator_exit,6043150823552,657892,657978
202607271206,e2e_trace_v3,4302,17293833482614604832,0,prediction,predictor_enter,6043150851488,657892,657978
202607271206,e2e_trace_v3,4303,17293833482614604832,0,prediction,predictor_exit,6043150860448,657892,657978
202607271206,e2e_trace_v3,4304,17293833482614604832,0,prediction,perception_exit,6043150868480,657892,657978
202607271206,e2e_trace_v3,4305,17293833482614604832,0,prediction,writer_enter,6043150924480,657892,657978
202607271206,e2e_trace_v3,4306,17293833482614604832,0,prediction,writer_done,6043151097568,657892,657978
202607271206,e2e_trace_v3,4307,17293833482614604832,0,prediction,output_pub,6043150924480,657892,657978
202607271206,e2e_trace_v3,4308,17293833482614604833,0,prediction,proc_enter,6043251352288,657892,657976
202607271206,e2e_trace_v3,4309,17293833482614604833,0,prediction,container_enter,6043251409856,657892,657976
202607271206,e2e_trace_v3,4310,17293833482614604833,0,prediction,container_exit,6043251944544,657892,657976
202607271206,e2e_trace_v3,4311,17293833482614604833,0,prediction,perception_enter,6043251966560,657892,657976
202607271206,e2e_trace_v3,4312,17293833482614604833,0,prediction,evaluator_enter,6043252575456,657892,657976
202607271206,e2e_trace_v3,4313,17293833482614604833,0,prediction,evaluator_exit,6043254479232,657892,657976
202607271206,e2e_trace_v3,4314,17293833482614604833,0,prediction,predictor_enter,6043254505952,657892,657976
202607271206,e2e_trace_v3,4315,17293833482614604833,0,prediction,predictor_exit,6043254521664,657892,657976
202607271206,e2e_trace_v3,4316,17293833482614604833,0,prediction,perception_exit,6043254532864,657892,657976
202607271206,e2e_trace_v3,4317,17293833482614604833,0,prediction,writer_enter,6043254602144,657892,657976
202607271206,e2e_trace_v3,4318,17293833482614604833,0,prediction,writer_done,6043254799904,657892,657976
202607271206,e2e_trace_v3,4319,17293833482614604833,0,prediction,output_pub,6043254602144,657892,657976
202607271206,e2e_trace_v3,4320,17293833482614604834,0,prediction,proc_enter,6043351021568,657892,657968
202607271206,e2e_trace_v3,4321,17293833482614604834,0,prediction,container_enter,6043351052800,657892,657968
202607271206,e2e_trace_v3,4322,17293833482614604834,0,prediction,container_exit,6043351483328,657892,657968
202607271206,e2e_trace_v3,4323,17293833482614604834,0,prediction,perception_enter,6043351495360,657892,657968
202607271206,e2e_trace_v3,4324,17293833482614604834,0,prediction,evaluator_enter,6043351871968,657892,657968
202607271206,e2e_trace_v3,4325,17293833482614604834,0,prediction,evaluator_exit,6043362789344,657892,657968
202607271206,e2e_trace_v3,4326,17293833482614604834,0,prediction,predictor_enter,6043362818944,657892,657968
202607271206,e2e_trace_v3,4327,17293833482614604834,0,prediction,predictor_exit,6043362826784,657892,657968
202607271206,e2e_trace_v3,4328,17293833482614604834,0,prediction,perception_exit,6043362841312,657892,657968
202607271206,e2e_trace_v3,4329,17293833482614604834,0,prediction,writer_enter,6043362892928,657892,657968
202607271206,e2e_trace_v3,4330,17293833482614604834,0,prediction,writer_done,6043363031520,657892,657968
202607271206,e2e_trace_v3,4331,17293833482614604834,0,prediction,output_pub,6043362892928,657892,657968
202607271206,e2e_trace_v3,4332,17293833482614604835,0,prediction,proc_enter,6043438108928,657892,657967
202607271206,e2e_trace_v3,4333,17293833482614604835,0,prediction,container_enter,6043438142240,657892,657967
202607271206,e2e_trace_v3,4334,17293833482614604835,0,prediction,container_exit,6043438720384,657892,657967
202607271206,e2e_trace_v3,4335,17293833482614604835,0,prediction,perception_enter,6043438732896,657892,657967
202607271206,e2e_trace_v3,4336,17293833482614604835,0,prediction,evaluator_enter,6043439103200,657892,657967
202607271206,e2e_trace_v3,4337,17293833482614604835,0,prediction,evaluator_exit,6043440563648,657892,657967
202607271206,e2e_trace_v3,4338,17293833482614604835,0,prediction,predictor_enter,6043440582912,657892,657967
202607271206,e2e_trace_v3,4339,17293833482614604835,0,prediction,predictor_exit,6043440590592,657892,657967
202607271206,e2e_trace_v3,4340,17293833482614604835,0,prediction,perception_exit,6043440596352,657892,657967
202607271206,e2e_trace_v3,4341,17293833482614604835,0,prediction,writer_enter,6043440651008,657892,657967
202607271206,e2e_trace_v3,4342,17293833482614604835,0,prediction,writer_done,6043440793312,657892,657967
202607271206,e2e_trace_v3,4343,17293833482614604835,0,prediction,output_pub,6043440651008,657892,657967
202607271206,e2e_trace_v3,4344,17293833482614604836,0,prediction,proc_enter,6043525997184,657892,657966
202607271206,e2e_trace_v3,4345,17293833482614604836,0,prediction,container_enter,6043526028928,657892,657966
202607271206,e2e_trace_v3,4346,17293833482614604836,0,prediction,container_exit,6043526457888,657892,657966
202607271206,e2e_trace_v3,4347,17293833482614604836,0,prediction,perception_enter,6043526472576,657892,657966
202607271206,e2e_trace_v3,4348,17293833482614604836,0,prediction,evaluator_enter,6043526848480,657892,657966
202607271206,e2e_trace_v3,4349,17293833482614604836,0,prediction,evaluator_exit,6043534416736,657892,657966
202607271206,e2e_trace_v3,4350,17293833482614604836,0,prediction,predictor_enter,6043534441664,657892,657966
202607271206,e2e_trace_v3,4351,17293833482614604836,0,prediction,predictor_exit,6043534448288,657892,657966
202607271206,e2e_trace_v3,4352,17293833482614604836,0,prediction,perception_exit,6043534454080,657892,657966
202607271206,e2e_trace_v3,4353,17293833482614604836,0,prediction,writer_enter,6043534496608,657892,657966
202607271206,e2e_trace_v3,4354,17293833482614604836,0,prediction,writer_done,6043534602144,657892,657966
202607271206,e2e_trace_v3,4355,17293833482614604836,0,prediction,output_pub,6043534496608,657892,657966
202607271206,e2e_trace_v3,4356,17293833482614604837,0,prediction,proc_enter,6043616307040,657892,657963
202607271206,e2e_trace_v3,4357,17293833482614604837,0,prediction,container_enter,6043616358240,657892,657963
202607271206,e2e_trace_v3,4358,17293833482614604837,0,prediction,container_exit,6043616777184,657892,657963
202607271206,e2e_trace_v3,4359,17293833482614604837,0,prediction,perception_enter,6043616793408,657892,657963
202607271206,e2e_trace_v3,4360,17293833482614604837,0,prediction,evaluator_enter,6043617213792,657892,657963
202607271206,e2e_trace_v3,4361,17293833482614604837,0,prediction,evaluator_exit,6043618837888,657892,657963
202607271206,e2e_trace_v3,4362,17293833482614604837,0,prediction,predictor_enter,6043618950784,657892,657963
202607271206,e2e_trace_v3,4363,17293833482614604837,0,prediction,predictor_exit,6043618965024,657892,657963
202607271206,e2e_trace_v3,4364,17293833482614604837,0,prediction,perception_exit,6043618971488,657892,657963
202607271206,e2e_trace_v3,4365,17293833482614604837,0,prediction,writer_enter,6043619024640,657892,657963
202607271206,e2e_trace_v3,4366,17293833482614604837,0,prediction,writer_done,6043619161472,657892,657963
202607271206,e2e_trace_v3,4367,17293833482614604837,0,prediction,output_pub,6043619024640,657892,657963
202607271206,e2e_trace_v3,4368,17293833482614604838,0,prediction,proc_enter,6043718600384,657892,657970
202607271206,e2e_trace_v3,4369,17293833482614604838,0,prediction,container_enter,6043718635872,657892,657970
202607271206,e2e_trace_v3,4370,17293833482614604838,0,prediction,container_exit,6043719127520,657892,657970
202607271206,e2e_trace_v3,4371,17293833482614604838,0,prediction,perception_enter,6043719142240,657892,657970
202607271206,e2e_trace_v3,4372,17293833482614604838,0,prediction,evaluator_enter,6043719559584,657892,657970
202607271206,e2e_trace_v3,4373,17293833482614604838,0,prediction,evaluator_exit,6043722489248,657892,657970
202607271206,e2e_trace_v3,4374,17293833482614604838,0,prediction,predictor_enter,6043722508384,657892,657970
202607271206,e2e_trace_v3,4375,17293833482614604838,0,prediction,predictor_exit,6043722514688,657892,657970
202607271206,e2e_trace_v3,4376,17293833482614604838,0,prediction,perception_exit,6043722520640,657892,657970
202607271206,e2e_trace_v3,4377,17293833482614604838,0,prediction,writer_enter,6043722556160,657892,657970
202607271206,e2e_trace_v3,4378,17293833482614604838,0,prediction,writer_done,6043722663648,657892,657970
202607271206,e2e_trace_v3,4379,17293833482614604838,0,prediction,output_pub,6043722556160,657892,657970
202607271206,e2e_trace_v3,4380,17293833482614604839,0,prediction,proc_enter,6043819438784,657892,657977
202607271206,e2e_trace_v3,4381,17293833482614604839,0,prediction,container_enter,6043819476672,657892,657977
202607271206,e2e_trace_v3,4382,17293833482614604839,0,prediction,container_exit,6043819900928,657892,657977
202607271206,e2e_trace_v3,4383,17293833482614604839,0,prediction,perception_enter,6043819912384,657892,657977
202607271206,e2e_trace_v3,4384,17293833482614604839,0,prediction,evaluator_enter,6043820401248,657892,657977
202607271206,e2e_trace_v3,4385,17293833482614604839,0,prediction,evaluator_exit,6043821963072,657892,657977
202607271206,e2e_trace_v3,4386,17293833482614604839,0,prediction,predictor_enter,6043821976736,657892,657977
202607271206,e2e_trace_v3,4387,17293833482614604839,0,prediction,predictor_exit,6043821983136,657892,657977
202607271206,e2e_trace_v3,4388,17293833482614604839,0,prediction,perception_exit,6043821988160,657892,657977
202607271206,e2e_trace_v3,4389,17293833482614604839,0,prediction,writer_enter,6043822027936,657892,657977
202607271206,e2e_trace_v3,4390,17293833482614604839,0,prediction,writer_done,6043822128416,657892,657977
202607271206,e2e_trace_v3,4391,17293833482614604839,0,prediction,output_pub,6043822027936,657892,657977
202607271206,e2e_trace_v3,4392,17293833482614604840,0,prediction,proc_enter,6043920741792,657892,657964
202607271206,e2e_trace_v3,4393,17293833482614604840,0,prediction,container_enter,6043920777024,657892,657964
202607271206,e2e_trace_v3,4394,17293833482614604840,0,prediction,container_exit,6043921165536,657892,657964
202607271206,e2e_trace_v3,4395,17293833482614604840,0,prediction,perception_enter,6043921180800,657892,657964
202607271206,e2e_trace_v3,4396,17293833482614604840,0,prediction,evaluator_enter,6043921671872,657892,657964
202607271206,e2e_trace_v3,4397,17293833482614604840,0,prediction,evaluator_exit,6043923248096,657892,657964
202607271206,e2e_trace_v3,4398,17293833482614604840,0,prediction,predictor_enter,6043923270912,657892,657964
202607271206,e2e_trace_v3,4399,17293833482614604840,0,prediction,predictor_exit,6043923279328,657892,657964
202607271206,e2e_trace_v3,4400,17293833482614604840,0,prediction,perception_exit,6043923293280,657892,657964
202607271206,e2e_trace_v3,4401,17293833482614604840,0,prediction,writer_enter,6043923355040,657892,657964
202607271206,e2e_trace_v3,4402,17293833482614604840,0,prediction,writer_done,6043923486080,657892,657964
202607271206,e2e_trace_v3,4403,17293833482614604840,0,prediction,output_pub,6043923355040,657892,657964
202607271206,e2e_trace_v3,4404,17293833482614604841,0,prediction,proc_enter,6044019138976,657892,657969
202607271206,e2e_trace_v3,4405,17293833482614604841,0,prediction,container_enter,6044019193632,657892,657969
202607271206,e2e_trace_v3,4406,17293833482614604841,0,prediction,container_exit,6044019766240,657892,657969
202607271206,e2e_trace_v3,4407,17293833482614604841,0,prediction,perception_enter,6044019786592,657892,657969
202607271206,e2e_trace_v3,4408,17293833482614604841,0,prediction,evaluator_enter,6044020532224,657892,657969
202607271206,e2e_trace_v3,4409,17293833482614604841,0,prediction,evaluator_exit,6044022583296,657892,657969
202607271206,e2e_trace_v3,4410,17293833482614604841,0,prediction,predictor_enter,6044022616000,657892,657969
202607271206,e2e_trace_v3,4411,17293833482614604841,0,prediction,predictor_exit,6044022641792,657892,657969
202607271206,e2e_trace_v3,4412,17293833482614604841,0,prediction,perception_exit,6044022651392,657892,657969
202607271206,e2e_trace_v3,4413,17293833482614604841,0,prediction,writer_enter,6044022710720,657892,657969
202607271206,e2e_trace_v3,4414,17293833482614604841,0,prediction,writer_done,6044022902912,657892,657969
202607271206,e2e_trace_v3,4415,17293833482614604841,0,prediction,output_pub,6044022710720,657892,657969
202607271206,e2e_trace_v3,4416,17293833482614604842,0,prediction,proc_enter,6044131945984,657892,657975
202607271206,e2e_trace_v3,4417,17293833482614604842,0,prediction,container_enter,6044131985984,657892,657975
202607271206,e2e_trace_v3,4418,17293833482614604842,0,prediction,container_exit,6044132417472,657892,657975
202607271206,e2e_trace_v3,4419,17293833482614604842,0,prediction,perception_enter,6044132434464,657892,657975
202607271206,e2e_trace_v3,4420,17293833482614604842,0,prediction,evaluator_enter,6044133023648,657892,657975
202607271206,e2e_trace_v3,4421,17293833482614604842,0,prediction,evaluator_exit,6044134920864,657892,657975
202607271206,e2e_trace_v3,4422,17293833482614604842,0,prediction,predictor_enter,6044134942336,657892,657975
202607271206,e2e_trace_v3,4423,17293833482614604842,0,prediction,predictor_exit,6044134949920,657892,657975
202607271206,e2e_trace_v3,4424,17293833482614604842,0,prediction,perception_exit,6044134956416,657892,657975
202607271206,e2e_trace_v3,4425,17293833482614604842,0,prediction,writer_enter,6044134999200,657892,657975
202607271206,e2e_trace_v3,4426,17293833482614604842,0,prediction,writer_done,6044135124672,657892,657975
202607271206,e2e_trace_v3,4427,17293833482614604842,0,prediction,output_pub,6044134999200,657892,657975
202607271206,e2e_trace_v3,4428,17293833482614604843,0,prediction,proc_enter,6044235496768,657892,657976
202607271206,e2e_trace_v3,4429,17293833482614604843,0,prediction,container_enter,6044235535808,657892,657976
202607271206,e2e_trace_v3,4430,17293833482614604843,0,prediction,container_exit,6044235989120,657892,657976
202607271206,e2e_trace_v3,4431,17293833482614604843,0,prediction,perception_enter,6044236004576,657892,657976
202607271206,e2e_trace_v3,4432,17293833482614604843,0,prediction,evaluator_enter,6044236587232,657892,657976
202607271206,e2e_trace_v3,4433,17293833482614604843,0,prediction,evaluator_exit,6044238434112,657892,657976
202607271206,e2e_trace_v3,4434,17293833482614604843,0,prediction,predictor_enter,6044238463648,657892,657976
202607271206,e2e_trace_v3,4435,17293833482614604843,0,prediction,predictor_exit,6044238477568,657892,657976
202607271206,e2e_trace_v3,4436,17293833482614604843,0,prediction,perception_exit,6044238489344,657892,657976
202607271206,e2e_trace_v3,4437,17293833482614604843,0,prediction,writer_enter,6044238566336,657892,657976
202607271206,e2e_trace_v3,4438,17293833482614604843,0,prediction,writer_done,6044238724928,657892,657976
202607271206,e2e_trace_v3,4439,17293833482614604843,0,prediction,output_pub,6044238566336,657892,657976
202607271206,e2e_trace_v3,4440,17293833482614604844,0,prediction,proc_enter,6044330138656,657892,657968
202607271206,e2e_trace_v3,4441,17293833482614604844,0,prediction,container_enter,6044330178912,657892,657968
202607271206,e2e_trace_v3,4442,17293833482614604844,0,prediction,container_exit,6044330705216,657892,657968
202607271206,e2e_trace_v3,4443,17293833482614604844,0,prediction,perception_enter,6044330732576,657892,657968
202607271206,e2e_trace_v3,4444,17293833482614604844,0,prediction,evaluator_enter,6044331504032,657892,657968
202607271206,e2e_trace_v3,4445,17293833482614604844,0,prediction,evaluator_exit,6044342568128,657892,657968
202607271206,e2e_trace_v3,4446,17293833482614604844,0,prediction,predictor_enter,6044342592704,657892,657968
202607271206,e2e_trace_v3,4447,17293833482614604844,0,prediction,predictor_exit,6044342713280,657892,657968
202607271206,e2e_trace_v3,4448,17293833482614604844,0,prediction,perception_exit,6044342732000,657892,657968
202607271206,e2e_trace_v3,4449,17293833482614604844,0,prediction,writer_enter,6044342814304,657892,657968
202607271206,e2e_trace_v3,4450,17293833482614604844,0,prediction,writer_done,6044343013152,657892,657968
202607271206,e2e_trace_v3,4451,17293833482614604844,0,prediction,output_pub,6044342814304,657892,657968
202607271206,e2e_trace_v3,4452,17293833482614604845,0,prediction,proc_enter,6044431923712,657892,657967
202607271206,e2e_trace_v3,4453,17293833482614604845,0,prediction,container_enter,6044431956256,657892,657967
202607271206,e2e_trace_v3,4454,17293833482614604845,0,prediction,container_exit,6044432389376,657892,657967
202607271206,e2e_trace_v3,4455,17293833482614604845,0,prediction,perception_enter,6044432402848,657892,657967
202607271206,e2e_trace_v3,4456,17293833482614604845,0,prediction,evaluator_enter,6044432931680,657892,657967
202607271206,e2e_trace_v3,4457,17293833482614604845,0,prediction,evaluator_exit,6044438502944,657892,657967
202607271206,e2e_trace_v3,4458,17293833482614604845,0,prediction,predictor_enter,6044438530080,657892,657967
202607271206,e2e_trace_v3,4459,17293833482614604845,0,prediction,predictor_exit,6044438543392,657892,657967
202607271206,e2e_trace_v3,4460,17293833482614604845,0,prediction,perception_exit,6044438549856,657892,657967
202607271206,e2e_trace_v3,4461,17293833482614604845,0,prediction,writer_enter,6044438596896,657892,657967
202607271206,e2e_trace_v3,4462,17293833482614604845,0,prediction,writer_done,6044438713120,657892,657967
202607271206,e2e_trace_v3,4463,17293833482614604845,0,prediction,output_pub,6044438596896,657892,657967
202607271206,e2e_trace_v3,4464,17293833482614604846,0,prediction,proc_enter,6044522177216,657892,657973
202607271206,e2e_trace_v3,4465,17293833482614604846,0,prediction,container_enter,6044522209472,657892,657973
202607271206,e2e_trace_v3,4466,17293833482614604846,0,prediction,container_exit,6044522630336,657892,657973
202607271206,e2e_trace_v3,4467,17293833482614604846,0,prediction,perception_enter,6044522643328,657892,657973
202607271206,e2e_trace_v3,4468,17293833482614604846,0,prediction,evaluator_enter,6044523148096,657892,657973
202607271206,e2e_trace_v3,4469,17293833482614604846,0,prediction,evaluator_exit,6044530442912,657892,657973
202607271206,e2e_trace_v3,4470,17293833482614604846,0,prediction,predictor_enter,6044530470016,657892,657973
202607271206,e2e_trace_v3,4471,17293833482614604846,0,prediction,predictor_exit,6044530477312,657892,657973
202607271206,e2e_trace_v3,4472,17293833482614604846,0,prediction,perception_exit,6044530484192,657892,657973
202607271206,e2e_trace_v3,4473,17293833482614604846,0,prediction,writer_enter,6044530529056,657892,657973
202607271206,e2e_trace_v3,4474,17293833482614604846,0,prediction,writer_done,6044530657120,657892,657973
202607271206,e2e_trace_v3,4475,17293833482614604846,0,prediction,output_pub,6044530529056,657892,657973
202607271206,e2e_trace_v3,4476,17293833482614604847,0,prediction,proc_enter,6044621397152,657892,657977
202607271206,e2e_trace_v3,4477,17293833482614604847,0,prediction,container_enter,6044621434112,657892,657977
202607271206,e2e_trace_v3,4478,17293833482614604847,0,prediction,container_exit,6044621944544,657892,657977
202607271206,e2e_trace_v3,4479,17293833482614604847,0,prediction,perception_enter,6044621973472,657892,657977
202607271206,e2e_trace_v3,4480,17293833482614604847,0,prediction,evaluator_enter,6044622728224,657892,657977
202607271206,e2e_trace_v3,4481,17293833482614604847,0,prediction,evaluator_exit,6044625090048,657892,657977
202607271206,e2e_trace_v3,4482,17293833482614604847,0,prediction,predictor_enter,6044625110944,657892,657977
202607271206,e2e_trace_v3,4483,17293833482614604847,0,prediction,predictor_exit,6044630377504,657892,657977
202607271206,e2e_trace_v3,4484,17293833482614604847,0,prediction,perception_exit,6044630409024,657892,657977
202607271206,e2e_trace_v3,4485,17293833482614604847,0,prediction,writer_enter,6044630480480,657892,657977
202607271206,e2e_trace_v3,4486,17293833482614604847,0,prediction,writer_done,6044630617824,657892,657977
202607271206,e2e_trace_v3,4487,17293833482614604847,0,prediction,output_pub,6044630480480,657892,657977
202607271206,e2e_trace_v3,4488,17293833482614604848,0,prediction,proc_enter,6044716392512,657892,657976
202607271206,e2e_trace_v3,4489,17293833482614604848,0,prediction,container_enter,6044716430880,657892,657976
202607271206,e2e_trace_v3,4490,17293833482614604848,0,prediction,container_exit,6044716840800,657892,657976
202607271206,e2e_trace_v3,4491,17293833482614604848,0,prediction,perception_enter,6044716853248,657892,657976
202607271206,e2e_trace_v3,4492,17293833482614604848,0,prediction,evaluator_enter,6044717294144,657892,657976
202607271206,e2e_trace_v3,4493,17293833482614604848,0,prediction,evaluator_exit,6044731007584,657892,657976
202607271206,e2e_trace_v3,4494,17293833482614604848,0,prediction,predictor_enter,6044731032384,657892,657976
202607271206,e2e_trace_v3,4495,17293833482614604848,0,prediction,predictor_exit,6044731044736,657892,657976
202607271206,e2e_trace_v3,4496,17293833482614604848,0,prediction,perception_exit,6044731050048,657892,657976
202607271206,e2e_trace_v3,4497,17293833482614604848,0,prediction,writer_enter,6044731095776,657892,657976
202607271206,e2e_trace_v3,4498,17293833482614604848,0,prediction,writer_done,6044731221920,657892,657976
202607271206,e2e_trace_v3,4499,17293833482614604848,0,prediction,output_pub,6044731095776,657892,657976
202607271206,e2e_trace_v3,4500,17293833482614604849,0,prediction,proc_enter,6044819005728,657892,657973
202607271206,e2e_trace_v3,4501,17293833482614604849,0,prediction,container_enter,6044819058592,657892,657973
202607271206,e2e_trace_v3,4502,17293833482614604849,0,prediction,container_exit,6044819550176,657892,657973
202607271206,e2e_trace_v3,4503,17293833482614604849,0,prediction,perception_enter,6044819579392,657892,657973
202607271206,e2e_trace_v3,4504,17293833482614604849,0,prediction,evaluator_enter,6044820543520,657892,657973
202607271206,e2e_trace_v3,4505,17293833482614604849,0,prediction,evaluator_exit,6044822541312,657892,657973
202607271206,e2e_trace_v3,4506,17293833482614604849,0,prediction,predictor_enter,6044822566688,657892,657973
202607271206,e2e_trace_v3,4507,17293833482614604849,0,prediction,predictor_exit,6044823006272,657892,657973
202607271206,e2e_trace_v3,4508,17293833482614604849,0,prediction,perception_exit,6044823045152,657892,657973
202607271206,e2e_trace_v3,4509,17293833482614604849,0,prediction,writer_enter,6044823159840,657892,657973
202607271206,e2e_trace_v3,4510,17293833482614604849,0,prediction,writer_done,6044823377888,657892,657973
202607271206,e2e_trace_v3,4511,17293833482614604849,0,prediction,output_pub,6044823159840,657892,657973
202607271206,e2e_trace_v3,4512,17293833482614604850,0,prediction,proc_enter,6044914200992,657892,657975
202607271206,e2e_trace_v3,4513,17293833482614604850,0,prediction,container_enter,6044914290720,657892,657975
202607271206,e2e_trace_v3,4514,17293833482614604850,0,prediction,container_exit,6044914959296,657892,657975
202607271206,e2e_trace_v3,4515,17293833482614604850,0,prediction,perception_enter,6044914992416,657892,657975
202607271206,e2e_trace_v3,4516,17293833482614604850,0,prediction,evaluator_enter,6044915850272,657892,657975
202607271206,e2e_trace_v3,4517,17293833482614604850,0,prediction,evaluator_exit,6044922828608,657892,657975
202607271206,e2e_trace_v3,4518,17293833482614604850,0,prediction,predictor_enter,6044922853696,657892,657975
202607271206,e2e_trace_v3,4519,17293833482614604850,0,prediction,predictor_exit,6044922978624,657892,657975
202607271206,e2e_trace_v3,4520,17293833482614604850,0,prediction,perception_exit,6044923002368,657892,657975
202607271206,e2e_trace_v3,4521,17293833482614604850,0,prediction,writer_enter,6044923094240,657892,657975
202607271206,e2e_trace_v3,4522,17293833482614604850,0,prediction,writer_done,6044923268736,657892,657975
202607271206,e2e_trace_v3,4523,17293833482614604850,0,prediction,output_pub,6044923094240,657892,657975
202607271206,e2e_trace_v3,4524,17293833482614604851,0,prediction,proc_enter,6045075757664,657892,657978
202607271206,e2e_trace_v3,4525,17293833482614604851,0,prediction,container_enter,6045075799744,657892,657978
202607271206,e2e_trace_v3,4526,17293833482614604851,0,prediction,container_exit,6045076198240,657892,657978
202607271206,e2e_trace_v3,4527,17293833482614604851,0,prediction,perception_enter,6045076224704,657892,657978
202607271206,e2e_trace_v3,4528,17293833482614604851,0,prediction,evaluator_enter,6045077010976,657892,657978
202607271206,e2e_trace_v3,4529,17293833482614604851,0,prediction,evaluator_exit,6045082515616,657892,657978
202607271206,e2e_trace_v3,4530,17293833482614604851,0,prediction,predictor_enter,6045082535360,657892,657978
202607271206,e2e_trace_v3,4531,17293833482614604851,0,prediction,predictor_exit,6045082692128,657892,657978
202607271206,e2e_trace_v3,4532,17293833482614604851,0,prediction,perception_exit,6045082706272,657892,657978
202607271206,e2e_trace_v3,4533,17293833482614604851,0,prediction,writer_enter,6045082778016,657892,657978
202607271206,e2e_trace_v3,4534,17293833482614604851,0,prediction,writer_done,6045082940032,657892,657978
202607271206,e2e_trace_v3,4535,17293833482614604851,0,prediction,output_pub,6045082778016,657892,657978
202607271206,e2e_trace_v3,4536,17293833482614604852,0,prediction,proc_enter,6045168597888,657892,657976
202607271206,e2e_trace_v3,4537,17293833482614604852,0,prediction,container_enter,6045168643424,657892,657976
202607271206,e2e_trace_v3,4538,17293833482614604852,0,prediction,container_exit,6045169237824,657892,657976
202607271206,e2e_trace_v3,4539,17293833482614604852,0,prediction,perception_enter,6045169277312,657892,657976
202607271206,e2e_trace_v3,4540,17293833482614604852,0,prediction,evaluator_enter,6045170316672,657892,657976
202607271206,e2e_trace_v3,4541,17293833482614604852,0,prediction,evaluator_exit,6045172319520,657892,657976
202607271206,e2e_trace_v3,4542,17293833482614604852,0,prediction,predictor_enter,6045172342496,657892,657976
202607271206,e2e_trace_v3,4543,17293833482614604852,0,prediction,predictor_exit,6045172464128,657892,657976
202607271206,e2e_trace_v3,4544,17293833482614604852,0,prediction,perception_exit,6045172485248,657892,657976
202607271206,e2e_trace_v3,4545,17293833482614604852,0,prediction,writer_enter,6045172595264,657892,657976
202607271206,e2e_trace_v3,4546,17293833482614604852,0,prediction,writer_done,6045172802336,657892,657976
202607271206,e2e_trace_v3,4547,17293833482614604852,0,prediction,output_pub,6045172595264,657892,657976
202607271206,e2e_trace_v3,4548,17293833482614604853,0,prediction,proc_enter,6045256454688,657892,657974
202607271206,e2e_trace_v3,4549,17293833482614604853,0,prediction,container_enter,6045256507104,657892,657974
202607271206,e2e_trace_v3,4550,17293833482614604853,0,prediction,container_exit,6045257117504,657892,657974
202607271206,e2e_trace_v3,4551,17293833482614604853,0,prediction,perception_enter,6045257157056,657892,657974
202607271206,e2e_trace_v3,4552,17293833482614604853,0,prediction,evaluator_enter,6045258129024,657892,657974
202607271206,e2e_trace_v3,4553,17293833482614604853,0,prediction,evaluator_exit,6045260262432,657892,657974
202607271206,e2e_trace_v3,4554,17293833482614604853,0,prediction,predictor_enter,6045260275552,657892,657974
202607271206,e2e_trace_v3,4555,17293833482614604853,0,prediction,predictor_exit,6045260367680,657892,657974
202607271206,e2e_trace_v3,4556,17293833482614604853,0,prediction,perception_exit,6045260383424,657892,657974
202607271206,e2e_trace_v3,4557,17293833482614604853,0,prediction,writer_enter,6045260481312,657892,657974
202607271206,e2e_trace_v3,4558,17293833482614604853,0,prediction,writer_done,6045260646592,657892,657974
202607271206,e2e_trace_v3,4559,17293833482614604853,0,prediction,output_pub,6045260481312,657892,657974
202607271206,e2e_trace_v3,4560,17293833482614604854,0,prediction,proc_enter,6045348385024,657892,657975
202607271206,e2e_trace_v3,4561,17293833482614604854,0,prediction,container_enter,6045348424960,657892,657975
202607271206,e2e_trace_v3,4562,17293833482614604854,0,prediction,container_exit,6045348896704,657892,657975
202607271206,e2e_trace_v3,4563,17293833482614604854,0,prediction,perception_enter,6045348936608,657892,657975
202607271206,e2e_trace_v3,4564,17293833482614604854,0,prediction,evaluator_enter,6045349707424,657892,657975
202607271206,e2e_trace_v3,4565,17293833482614604854,0,prediction,evaluator_exit,6045351569920,657892,657975
202607271206,e2e_trace_v3,4566,17293833482614604854,0,prediction,predictor_enter,6045351594400,657892,657975
202607271206,e2e_trace_v3,4567,17293833482614604854,0,prediction,predictor_exit,6045351734624,657892,657975
202607271206,e2e_trace_v3,4568,17293833482614604854,0,prediction,perception_exit,6045351755968,657892,657975
202607271206,e2e_trace_v3,4569,17293833482614604854,0,prediction,writer_enter,6045351852736,657892,657975
202607271206,e2e_trace_v3,4570,17293833482614604854,0,prediction,writer_done,6045352054656,657892,657975
202607271206,e2e_trace_v3,4571,17293833482614604854,0,prediction,output_pub,6045351852736,657892,657975
202607271206,e2e_trace_v3,4572,17293833482614604855,0,prediction,proc_enter,6045451486912,657892,657963
202607271206,e2e_trace_v3,4573,17293833482614604855,0,prediction,container_enter,6045451524544,657892,657963
202607271206,e2e_trace_v3,4574,17293833482614604855,0,prediction,container_exit,6045451961536,657892,657963
202607271206,e2e_trace_v3,4575,17293833482614604855,0,prediction,perception_enter,6045451983456,657892,657963
202607271206,e2e_trace_v3,4576,17293833482614604855,0,prediction,evaluator_enter,6045452586688,657892,657963
202607271206,e2e_trace_v3,4577,17293833482614604855,0,prediction,evaluator_exit,6045454258688,657892,657963
202607271206,e2e_trace_v3,4578,17293833482614604855,0,prediction,predictor_enter,6045454278240,657892,657963
202607271206,e2e_trace_v3,4579,17293833482614604855,0,prediction,predictor_exit,6045454376352,657892,657963
202607271206,e2e_trace_v3,4580,17293833482614604855,0,prediction,perception_exit,6045454386944,657892,657963
202607271206,e2e_trace_v3,4581,17293833482614604855,0,prediction,writer_enter,6045454455840,657892,657963
202607271206,e2e_trace_v3,4582,17293833482614604855,0,prediction,writer_done,6045454637280,657892,657963
202607271206,e2e_trace_v3,4583,17293833482614604855,0,prediction,output_pub,6045454455840,657892,657963
202607271206,e2e_trace_v3,4584,17293833482614604856,0,prediction,proc_enter,6045546149472,657892,657968
202607271206,e2e_trace_v3,4585,17293833482614604856,0,prediction,container_enter,6045546207072,657892,657968
202607271206,e2e_trace_v3,4586,17293833482614604856,0,prediction,container_exit,6045546810144,657892,657968
202607271206,e2e_trace_v3,4587,17293833482614604856,0,prediction,perception_enter,6045546829024,657892,657968
202607271206,e2e_trace_v3,4588,17293833482614604856,0,prediction,evaluator_enter,6045547458048,657892,657968
202607271206,e2e_trace_v3,4589,17293833482614604856,0,prediction,evaluator_exit,6045549146336,657892,657968
202607271206,e2e_trace_v3,4590,17293833482614604856,0,prediction,predictor_enter,6045549172896,657892,657968
202607271206,e2e_trace_v3,4591,17293833482614604856,0,prediction,predictor_exit,6045549288640,657892,657968
202607271206,e2e_trace_v3,4592,17293833482614604856,0,prediction,perception_exit,6045549299264,657892,657968
202607271206,e2e_trace_v3,4593,17293833482614604856,0,prediction,writer_enter,6045549355616,657892,657968
202607271206,e2e_trace_v3,4594,17293833482614604856,0,prediction,writer_done,6045549514752,657892,657968
202607271206,e2e_trace_v3,4595,17293833482614604856,0,prediction,output_pub,6045549355616,657892,657968
202607271206,e2e_trace_v3,4596,17293833482614604857,0,prediction,proc_enter,6045638154816,657892,657977
202607271206,e2e_trace_v3,4597,17293833482614604857,0,prediction,container_enter,6045638195712,657892,657977
202607271206,e2e_trace_v3,4598,17293833482614604857,0,prediction,container_exit,6045638708096,657892,657977
202607271206,e2e_trace_v3,4599,17293833482614604857,0,prediction,perception_enter,6045638748512,657892,657977
202607271206,e2e_trace_v3,4600,17293833482614604857,0,prediction,evaluator_enter,6045639446304,657892,657977
202607271206,e2e_trace_v3,4601,17293833482614604857,0,prediction,evaluator_exit,6045646535904,657892,657977
202607271206,e2e_trace_v3,4602,17293833482614604857,0,prediction,predictor_enter,6045646561216,657892,657977
202607271206,e2e_trace_v3,4603,17293833482614604857,0,prediction,predictor_exit,6045646666912,657892,657977
202607271206,e2e_trace_v3,4604,17293833482614604857,0,prediction,perception_exit,6045646686272,657892,657977
202607271206,e2e_trace_v3,4605,17293833482614604857,0,prediction,writer_enter,6045646786272,657892,657977
202607271206,e2e_trace_v3,4606,17293833482614604857,0,prediction,writer_done,6045646962848,657892,657977
202607271206,e2e_trace_v3,4607,17293833482614604857,0,prediction,output_pub,6045646786272,657892,657977
202607271206,e2e_trace_v3,4608,17293833482614604858,0,prediction,proc_enter,6045856879744,657892,657970
202607271206,e2e_trace_v3,4609,17293833482614604858,0,prediction,container_enter,6045856919776,657892,657970
202607271206,e2e_trace_v3,4610,17293833482614604858,0,prediction,container_exit,6045857350048,657892,657970
202607271206,e2e_trace_v3,4611,17293833482614604858,0,prediction,perception_enter,6045857386816,657892,657970
202607271206,e2e_trace_v3,4612,17293833482614604858,0,prediction,evaluator_enter,6045858087424,657892,657970
202607271206,e2e_trace_v3,4613,17293833482614604858,0,prediction,evaluator_exit,6045864609376,657892,657970
202607271206,e2e_trace_v3,4614,17293833482614604858,0,prediction,predictor_enter,6045864631296,657892,657970
202607271206,e2e_trace_v3,4615,17293833482614604858,0,prediction,predictor_exit,6045864724672,657892,657970
202607271206,e2e_trace_v3,4616,17293833482614604858,0,prediction,perception_exit,6045864741312,657892,657970
202607271206,e2e_trace_v3,4617,17293833482614604858,0,prediction,writer_enter,6045864818176,657892,657970
202607271206,e2e_trace_v3,4618,17293833482614604858,0,prediction,writer_done,6045864943424,657892,657970
202607271206,e2e_trace_v3,4619,17293833482614604858,0,prediction,output_pub,6045864818176,657892,657970
202607271206,e2e_trace_v3,4620,17293833482614604859,0,prediction,proc_enter,6046071257056,657892,657978
202607271206,e2e_trace_v3,4621,17293833482614604859,0,prediction,container_enter,6046071300704,657892,657978
202607271206,e2e_trace_v3,4622,17293833482614604859,0,prediction,container_exit,6046071851872,657892,657978
202607271206,e2e_trace_v3,4623,17293833482614604859,0,prediction,perception_enter,6046071885440,657892,657978
202607271206,e2e_trace_v3,4624,17293833482614604859,0,prediction,evaluator_enter,6046072755424,657892,657978
202607271206,e2e_trace_v3,4625,17293833482614604859,0,prediction,evaluator_exit,6046074844576,657892,657978
202607271206,e2e_trace_v3,4626,17293833482614604859,0,prediction,predictor_enter,6046074864992,657892,657978
202607271206,e2e_trace_v3,4627,17293833482614604859,0,prediction,predictor_exit,6046074989344,657892,657978
202607271206,e2e_trace_v3,4628,17293833482614604859,0,prediction,perception_exit,6046075012576,657892,657978
202607271206,e2e_trace_v3,4629,17293833482614604859,0,prediction,writer_enter,6046075129184,657892,657978
202607271206,e2e_trace_v3,4630,17293833482614604859,0,prediction,writer_done,6046075358112,657892,657978
202607271206,e2e_trace_v3,4631,17293833482614604859,0,prediction,output_pub,6046075129184,657892,657978
202607271206,e2e_trace_v3,4632,17293833482614604860,0,prediction,proc_enter,6046303111712,657892,657977
202607271206,e2e_trace_v3,4633,17293833482614604860,0,prediction,container_enter,6046303209760,657892,657977
202607271206,e2e_trace_v3,4634,17293833482614604860,0,prediction,container_exit,6046303833120,657892,657977
202607271206,e2e_trace_v3,4635,17293833482614604860,0,prediction,perception_enter,6046303874368,657892,657977
202607271206,e2e_trace_v3,4636,17293833482614604860,0,prediction,evaluator_enter,6046304735712,657892,657977
202607271206,e2e_trace_v3,4637,17293833482614604860,0,prediction,evaluator_exit,6046313164736,657892,657977
202607271206,e2e_trace_v3,4638,17293833482614604860,0,prediction,predictor_enter,6046313196320,657892,657977
202607271206,e2e_trace_v3,4639,17293833482614604860,0,prediction,predictor_exit,6046313346976,657892,657977
202607271206,e2e_trace_v3,4640,17293833482614604860,0,prediction,perception_exit,6046313369184,657892,657977
202607271206,e2e_trace_v3,4641,17293833482614604860,0,prediction,writer_enter,6046313480384,657892,657977
202607271206,e2e_trace_v3,4642,17293833482614604860,0,prediction,writer_done,6046313734880,657892,657977
202607271206,e2e_trace_v3,4643,17293833482614604860,0,prediction,output_pub,6046313480384,657892,657977
202607271206,e2e_trace_v3,4644,17293833482614604861,0,prediction,proc_enter,6046524779168,657892,657976
202607271206,e2e_trace_v3,4645,17293833482614604861,0,prediction,container_enter,6046524807648,657892,657976
202607271206,e2e_trace_v3,4646,17293833482614604861,0,prediction,container_exit,6046525297568,657892,657976
202607271206,e2e_trace_v3,4647,17293833482614604861,0,prediction,perception_enter,6046525324000,657892,657976
202607271206,e2e_trace_v3,4648,17293833482614604861,0,prediction,evaluator_enter,6046525946560,657892,657976
202607271206,e2e_trace_v3,4649,17293833482614604861,0,prediction,evaluator_exit,6046527744320,657892,657976
202607271206,e2e_trace_v3,4650,17293833482614604861,0,prediction,predictor_enter,6046527762208,657892,657976
202607271206,e2e_trace_v3,4651,17293833482614604861,0,prediction,predictor_exit,6046527841888,657892,657976
202607271206,e2e_trace_v3,4652,17293833482614604861,0,prediction,perception_exit,6046527851776,657892,657976
202607271206,e2e_trace_v3,4653,17293833482614604861,0,prediction,writer_enter,6046527917152,657892,657976
202607271206,e2e_trace_v3,4654,17293833482614604861,0,prediction,writer_done,6046528048384,657892,657976
202607271206,e2e_trace_v3,4655,17293833482614604861,0,prediction,output_pub,6046527917152,657892,657976
202607271206,e2e_trace_v3,4656,17293833482614604862,0,prediction,proc_enter,6046761958304,657892,657969
202607271206,e2e_trace_v3,4657,17293833482614604862,0,prediction,container_enter,6046762004480,657892,657969
202607271206,e2e_trace_v3,4658,17293833482614604862,0,prediction,container_exit,6046762545248,657892,657969
202607271206,e2e_trace_v3,4659,17293833482614604862,0,prediction,perception_enter,6046762562304,657892,657969
202607271206,e2e_trace_v3,4660,17293833482614604862,0,prediction,evaluator_enter,6046763164192,657892,657969
202607271206,e2e_trace_v3,4661,17293833482614604862,0,prediction,evaluator_exit,6046764985408,657892,657969
202607271206,e2e_trace_v3,4662,17293833482614604862,0,prediction,predictor_enter,6046765012544,657892,657969
202607271206,e2e_trace_v3,4663,17293833482614604862,0,prediction,predictor_exit,6046765026144,657892,657969
202607271206,e2e_trace_v3,4664,17293833482614604862,0,prediction,perception_exit,6046765032192,657892,657969
202607271206,e2e_trace_v3,4665,17293833482614604862,0,prediction,writer_enter,6046765082912,657892,657969
202607271206,e2e_trace_v3,4666,17293833482614604862,0,prediction,writer_done,6046765201216,657892,657969
202607271206,e2e_trace_v3,4667,17293833482614604862,0,prediction,output_pub,6046765082912,657892,657969
202607271206,e2e_trace_v3,4668,17293833482614604863,0,prediction,proc_enter,6046994840320,657892,657966
202607271206,e2e_trace_v3,4669,17293833482614604863,0,prediction,container_enter,6046994888672,657892,657966
202607271206,e2e_trace_v3,4670,17293833482614604863,0,prediction,container_exit,6046995336288,657892,657966
202607271206,e2e_trace_v3,4671,17293833482614604863,0,prediction,perception_enter,6046995363264,657892,657966
202607271206,e2e_trace_v3,4672,17293833482614604863,0,prediction,evaluator_enter,6046996210720,657892,657966
202607271206,e2e_trace_v3,4673,17293833482614604863,0,prediction,evaluator_exit,6047002976032,657892,657966
202607271206,e2e_trace_v3,4674,17293833482614604863,0,prediction,predictor_enter,6047003007456,657892,657966
202607271206,e2e_trace_v3,4675,17293833482614604863,0,prediction,predictor_exit,6047003215776,657892,657966
202607271206,e2e_trace_v3,4676,17293833482614604863,0,prediction,perception_exit,6047003249120,657892,657966
202607271206,e2e_trace_v3,4677,17293833482614604863,0,prediction,writer_enter,6047003360224,657892,657966
202607271206,e2e_trace_v3,4678,17293833482614604863,0,prediction,writer_done,6047003576352,657892,657966
202607271206,e2e_trace_v3,4679,17293833482614604863,0,prediction,output_pub,6047003360224,657892,657966
202607271206,e2e_trace_v3,4680,17293833482614604864,0,prediction,proc_enter,6047096359264,657892,657967
202607271206,e2e_trace_v3,4681,17293833482614604864,0,prediction,container_enter,6047096420928,657892,657967
202607271206,e2e_trace_v3,4682,17293833482614604864,0,prediction,container_exit,6047096934528,657892,657967
202607271206,e2e_trace_v3,4683,17293833482614604864,0,prediction,perception_enter,6047096971936,657892,657967
202607271206,e2e_trace_v3,4684,17293833482614604864,0,prediction,evaluator_enter,6047097822656,657892,657967
202607271206,e2e_trace_v3,4685,17293833482614604864,0,prediction,evaluator_exit,6047100628640,657892,657967
202607271206,e2e_trace_v3,4686,17293833482614604864,0,prediction,predictor_enter,6047100680832,657892,657967
202607271206,e2e_trace_v3,4687,17293833482614604864,0,prediction,predictor_exit,6047100827808,657892,657967
202607271206,e2e_trace_v3,4688,17293833482614604864,0,prediction,perception_exit,6047100855008,657892,657967
202607271206,e2e_trace_v3,4689,17293833482614604864,0,prediction,writer_enter,6047100970016,657892,657967
202607271206,e2e_trace_v3,4690,17293833482614604864,0,prediction,writer_done,6047101180224,657892,657967
202607271206,e2e_trace_v3,4691,17293833482614604864,0,prediction,output_pub,6047100970016,657892,657967
202607271206,e2e_trace_v3,4692,17293833482614604865,0,prediction,proc_enter,6047198855008,657892,657971
202607271206,e2e_trace_v3,4693,17293833482614604865,0,prediction,container_enter,6047198915360,657892,657971
202607271206,e2e_trace_v3,4694,17293833482614604865,0,prediction,container_exit,6047199520224,657892,657971
202607271206,e2e_trace_v3,4695,17293833482614604865,0,prediction,perception_enter,6047199554368,657892,657971
202607271206,e2e_trace_v3,4696,17293833482614604865,0,prediction,evaluator_enter,6047200528800,657892,657971
202607271206,e2e_trace_v3,4697,17293833482614604865,0,prediction,evaluator_exit,6047202878720,657892,657971
202607271206,e2e_trace_v3,4698,17293833482614604865,0,prediction,predictor_enter,6047202914368,657892,657971
202607271206,e2e_trace_v3,4699,17293833482614604865,0,prediction,predictor_exit,6047203106208,657892,657971
202607271206,e2e_trace_v3,4700,17293833482614604865,0,prediction,perception_exit,6047203142848,657892,657971
202607271206,e2e_trace_v3,4701,17293833482614604865,0,prediction,writer_enter,6047203235680,657892,657971
202607271206,e2e_trace_v3,4702,17293833482614604865,0,prediction,writer_done,6047203408864,657892,657971
202607271206,e2e_trace_v3,4703,17293833482614604865,0,prediction,output_pub,6047203235680,657892,657971
202607271206,e2e_trace_v3,4704,17293833482614604866,0,prediction,proc_enter,6047300277856,657892,657978
202607271206,e2e_trace_v3,4705,17293833482614604866,0,prediction,container_enter,6047300327104,657892,657978
202607271206,e2e_trace_v3,4706,17293833482614604866,0,prediction,container_exit,6047301069184,657892,657978
202607271206,e2e_trace_v3,4707,17293833482614604866,0,prediction,perception_enter,6047301119488,657892,657978
202607271206,e2e_trace_v3,4708,17293833482614604866,0,prediction,evaluator_enter,6047302164480,657892,657978
202607271206,e2e_trace_v3,4709,17293833482614604866,0,prediction,evaluator_exit,6047306619584,657892,657978
202607271206,e2e_trace_v3,4710,17293833482614604866,0,prediction,predictor_enter,6047306656768,657892,657978
202607271206,e2e_trace_v3,4711,17293833482614604866,0,prediction,predictor_exit,6047306809472,657892,657978
202607271206,e2e_trace_v3,4712,17293833482614604866,0,prediction,perception_exit,6047306832384,657892,657978
202607271206,e2e_trace_v3,4713,17293833482614604866,0,prediction,writer_enter,6047307035840,657892,657978
202607271206,e2e_trace_v3,4714,17293833482614604866,0,prediction,writer_done,6047307429152,657892,657978
202607271206,e2e_trace_v3,4715,17293833482614604866,0,prediction,output_pub,6047307035840,657892,657978
202607271206,e2e_trace_v3,4716,17293833482614604867,0,prediction,proc_enter,6047414021312,657892,657968
202607271206,e2e_trace_v3,4717,17293833482614604867,0,prediction,container_enter,6047414052448,657892,657968
202607271206,e2e_trace_v3,4718,17293833482614604867,0,prediction,container_exit,6047414510592,657892,657968
202607271206,e2e_trace_v3,4719,17293833482614604867,0,prediction,perception_enter,6047414548224,657892,657968
202607271206,e2e_trace_v3,4720,17293833482614604867,0,prediction,evaluator_enter,6047415572928,657892,657968
202607271206,e2e_trace_v3,4721,17293833482614604867,0,prediction,evaluator_exit,6047423568288,657892,657968
202607271206,e2e_trace_v3,4722,17293833482614604867,0,prediction,predictor_enter,6047423588928,657892,657968
202607271206,e2e_trace_v3,4723,17293833482614604867,0,prediction,predictor_exit,6047423722624,657892,657968
202607271206,e2e_trace_v3,4724,17293833482614604867,0,prediction,perception_exit,6047423735456,657892,657968
202607271206,e2e_trace_v3,4725,17293833482614604867,0,prediction,writer_enter,6047423799424,657892,657968
202607271206,e2e_trace_v3,4726,17293833482614604867,0,prediction,writer_done,6047423936160,657892,657968
202607271206,e2e_trace_v3,4727,17293833482614604867,0,prediction,output_pub,6047423799424,657892,657968
202607271206,e2e_trace_v3,4728,17293833482614604868,0,prediction,proc_enter,6047516985472,657892,657964
202607271206,e2e_trace_v3,4729,17293833482614604868,0,prediction,container_enter,6047517025984,657892,657964
202607271206,e2e_trace_v3,4730,17293833482614604868,0,prediction,container_exit,6047517442912,657892,657964
202607271206,e2e_trace_v3,4731,17293833482614604868,0,prediction,perception_enter,6047517466176,657892,657964
202607271206,e2e_trace_v3,4732,17293833482614604868,0,prediction,evaluator_enter,6047517994368,657892,657964
202607271206,e2e_trace_v3,4733,17293833482614604868,0,prediction,evaluator_exit,6047522457664,657892,657964
202607271206,e2e_trace_v3,4734,17293833482614604868,0,prediction,predictor_enter,6047522488384,657892,657964
202607271206,e2e_trace_v3,4735,17293833482614604868,0,prediction,predictor_exit,6047522618976,657892,657964
202607271206,e2e_trace_v3,4736,17293833482614604868,0,prediction,perception_exit,6047522637184,657892,657964
202607271206,e2e_trace_v3,4737,17293833482614604868,0,prediction,writer_enter,6047522706752,657892,657964
202607271206,e2e_trace_v3,4738,17293833482614604868,0,prediction,writer_done,6047522850752,657892,657964
202607271206,e2e_trace_v3,4739,17293833482614604868,0,prediction,output_pub,6047522706752,657892,657964
202607271206,e2e_trace_v3,4740,17293833482614604869,0,prediction,proc_enter,6047615507680,657892,657972
202607271206,e2e_trace_v3,4741,17293833482614604869,0,prediction,container_enter,6047615542624,657892,657972
202607271206,e2e_trace_v3,4742,17293833482614604869,0,prediction,container_exit,6047615852640,657892,657972
202607271206,e2e_trace_v3,4743,17293833482614604869,0,prediction,perception_enter,6047615952544,657892,657972
202607271206,e2e_trace_v3,4744,17293833482614604869,0,prediction,evaluator_enter,6047616483296,657892,657972
202607271206,e2e_trace_v3,4745,17293833482614604869,0,prediction,evaluator_exit,6047618229280,657892,657972
202607271206,e2e_trace_v3,4746,17293833482614604869,0,prediction,predictor_enter,6047618254688,657892,657972
202607271206,e2e_trace_v3,4747,17293833482614604869,0,prediction,predictor_exit,6047618373696,657892,657972
202607271206,e2e_trace_v3,4748,17293833482614604869,0,prediction,perception_exit,6047618389792,657892,657972
202607271206,e2e_trace_v3,4749,17293833482614604869,0,prediction,writer_enter,6047618474208,657892,657972
202607271206,e2e_trace_v3,4750,17293833482614604869,0,prediction,writer_done,6047618638720,657892,657972
202607271206,e2e_trace_v3,4751,17293833482614604869,0,prediction,output_pub,6047618474208,657892,657972
202607271206,e2e_trace_v3,4752,17293833482614604870,0,prediction,proc_enter,6047720542528,657892,657971
202607271206,e2e_trace_v3,4753,17293833482614604870,0,prediction,container_enter,6047720598368,657892,657971
202607271206,e2e_trace_v3,4754,17293833482614604870,0,prediction,container_exit,6047720986400,657892,657971
202607271206,e2e_trace_v3,4755,17293833482614604870,0,prediction,perception_enter,6047721014400,657892,657971
202607271206,e2e_trace_v3,4756,17293833482614604870,0,prediction,evaluator_enter,6047721682976,657892,657971
202607271206,e2e_trace_v3,4757,17293833482614604870,0,prediction,evaluator_exit,6047723699552,657892,657971
202607271206,e2e_trace_v3,4758,17293833482614604870,0,prediction,predictor_enter,6047723726432,657892,657971
202607271206,e2e_trace_v3,4759,17293833482614604870,0,prediction,predictor_exit,6047723911168,657892,657971
202607271206,e2e_trace_v3,4760,17293833482614604870,0,prediction,perception_exit,6047723934720,657892,657971
202607271206,e2e_trace_v3,4761,17293833482614604870,0,prediction,writer_enter,6047724032960,657892,657971
202607271206,e2e_trace_v3,4762,17293833482614604870,0,prediction,writer_done,6047724247392,657892,657971
202607271206,e2e_trace_v3,4763,17293833482614604870,0,prediction,output_pub,6047724032960,657892,657971
202607271206,e2e_trace_v3,4764,17293833482614604871,0,prediction,proc_enter,6047819577056,657892,657967
202607271206,e2e_trace_v3,4765,17293833482614604871,0,prediction,container_enter,6047819606976,657892,657967
202607271206,e2e_trace_v3,4766,17293833482614604871,0,prediction,container_exit,6047819962848,657892,657967
202607271206,e2e_trace_v3,4767,17293833482614604871,0,prediction,perception_enter,6047819989344,657892,657967
202607271206,e2e_trace_v3,4768,17293833482614604871,0,prediction,evaluator_enter,6047820411840,657892,657967
202607271206,e2e_trace_v3,4769,17293833482614604871,0,prediction,evaluator_exit,6047822228768,657892,657967
202607271206,e2e_trace_v3,4770,17293833482614604871,0,prediction,predictor_enter,6047822249728,657892,657967
202607271206,e2e_trace_v3,4771,17293833482614604871,0,prediction,predictor_exit,6047822369632,657892,657967
202607271206,e2e_trace_v3,4772,17293833482614604871,0,prediction,perception_exit,6047822385952,657892,657967
202607271206,e2e_trace_v3,4773,17293833482614604871,0,prediction,writer_enter,6047822458720,657892,657967
202607271206,e2e_trace_v3,4774,17293833482614604871,0,prediction,writer_done,6047822612928,657892,657967
202607271206,e2e_trace_v3,4775,17293833482614604871,0,prediction,output_pub,6047822458720,657892,657967
202607271206,e2e_trace_v3,4776,17293833482614604872,0,prediction,proc_enter,6047928619552,657892,657965
202607271206,e2e_trace_v3,4777,17293833482614604872,0,prediction,container_enter,6047928671328,657892,657965
202607271206,e2e_trace_v3,4778,17293833482614604872,0,prediction,container_exit,6047929042880,657892,657965
202607271206,e2e_trace_v3,4779,17293833482614604872,0,prediction,perception_enter,6047929076672,657892,657965
202607271206,e2e_trace_v3,4780,17293833482614604872,0,prediction,evaluator_enter,6047929828000,657892,657965
202607271206,e2e_trace_v3,4781,17293833482614604872,0,prediction,evaluator_exit,6047932235968,657892,657965
202607271206,e2e_trace_v3,4782,17293833482614604872,0,prediction,predictor_enter,6047932263232,657892,657965
202607271206,e2e_trace_v3,4783,17293833482614604872,0,prediction,predictor_exit,6047932379744,657892,657965
202607271206,e2e_trace_v3,4784,17293833482614604872,0,prediction,perception_exit,6047932395712,657892,657965
202607271206,e2e_trace_v3,4785,17293833482614604872,0,prediction,writer_enter,6047932492384,657892,657965
202607271206,e2e_trace_v3,4786,17293833482614604872,0,prediction,writer_done,6047932678400,657892,657965
202607271206,e2e_trace_v3,4787,17293833482614604872,0,prediction,output_pub,6047932492384,657892,657965
202607271206,e2e_trace_v3,4788,17293833482614604873,0,prediction,proc_enter,6048026949440,657892,657972
202607271206,e2e_trace_v3,4789,17293833482614604873,0,prediction,container_enter,6048026999360,657892,657972
202607271206,e2e_trace_v3,4790,17293833482614604873,0,prediction,container_exit,6048027407200,657892,657972
202607271206,e2e_trace_v3,4791,17293833482614604873,0,prediction,perception_enter,6048027440032,657892,657972
202607271206,e2e_trace_v3,4792,17293833482614604873,0,prediction,evaluator_enter,6048028132480,657892,657972
202607271206,e2e_trace_v3,4793,17293833482614604873,0,prediction,evaluator_exit,6048030424448,657892,657972
202607271206,e2e_trace_v3,4794,17293833482614604873,0,prediction,predictor_enter,6048030454176,657892,657972
202607271206,e2e_trace_v3,4795,17293833482614604873,0,prediction,predictor_exit,6048030594560,657892,657972
202607271206,e2e_trace_v3,4796,17293833482614604873,0,prediction,perception_exit,6048030618944,657892,657972
202607271206,e2e_trace_v3,4797,17293833482614604873,0,prediction,writer_enter,6048030753312,657892,657972
202607271206,e2e_trace_v3,4798,17293833482614604873,0,prediction,writer_done,6048031010944,657892,657972
202607271206,e2e_trace_v3,4799,17293833482614604873,0,prediction,output_pub,6048030753312,657892,657972
202607271206,e2e_trace_v3,4800,17293833482614604874,0,prediction,proc_enter,6048125087840,657892,657966
202607271206,e2e_trace_v3,4801,17293833482614604874,0,prediction,container_enter,6048125138144,657892,657966
202607271206,e2e_trace_v3,4802,17293833482614604874,0,prediction,container_exit,6048125608640,657892,657966
202607271206,e2e_trace_v3,4803,17293833482614604874,0,prediction,perception_enter,6048125646368,657892,657966
202607271206,e2e_trace_v3,4804,17293833482614604874,0,prediction,evaluator_enter,6048126429408,657892,657966
202607271206,e2e_trace_v3,4805,17293833482614604874,0,prediction,evaluator_exit,6048135090528,657892,657966
202607271206,e2e_trace_v3,4806,17293833482614604874,0,prediction,predictor_enter,6048135121504,657892,657966
202607271206,e2e_trace_v3,4807,17293833482614604874,0,prediction,predictor_exit,6048135419872,657892,657966
202607271206,e2e_trace_v3,4808,17293833482614604874,0,prediction,perception_exit,6048135449024,657892,657966
202607271206,e2e_trace_v3,4809,17293833482614604874,0,prediction,writer_enter,6048135544288,657892,657966
202607271206,e2e_trace_v3,4810,17293833482614604874,0,prediction,writer_done,6048135784576,657892,657966
202607271206,e2e_trace_v3,4811,17293833482614604874,0,prediction,output_pub,6048135544288,657892,657966
202607271206,e2e_trace_v3,4812,17293833482614604875,0,prediction,proc_enter,6048224461952,657892,657967
202607271206,e2e_trace_v3,4813,17293833482614604875,0,prediction,container_enter,6048224547616,657892,657967
202607271206,e2e_trace_v3,4814,17293833482614604875,0,prediction,container_exit,6048224915712,657892,657967
202607271206,e2e_trace_v3,4815,17293833482614604875,0,prediction,perception_enter,6048224952512,657892,657967
202607271206,e2e_trace_v3,4816,17293833482614604875,0,prediction,evaluator_enter,6048225763456,657892,657967
202607271206,e2e_trace_v3,4817,17293833482614604875,0,prediction,evaluator_exit,6048228131360,657892,657967
202607271206,e2e_trace_v3,4818,17293833482614604875,0,prediction,predictor_enter,6048228156224,657892,657967
202607271206,e2e_trace_v3,4819,17293833482614604875,0,prediction,predictor_exit,6048228289024,657892,657967
202607271206,e2e_trace_v3,4820,17293833482614604875,0,prediction,perception_exit,6048228406400,657892,657967
202607271206,e2e_trace_v3,4821,17293833482614604875,0,prediction,writer_enter,6048228508992,657892,657967
202607271206,e2e_trace_v3,4822,17293833482614604875,0,prediction,writer_done,6048228733728,657892,657967
202607271206,e2e_trace_v3,4823,17293833482614604875,0,prediction,output_pub,6048228508992,657892,657967
202607271206,e2e_trace_v3,4824,17293833482614604876,0,prediction,proc_enter,6048322241216,657892,657973
202607271206,e2e_trace_v3,4825,17293833482614604876,0,prediction,container_enter,6048322287584,657892,657973
202607271206,e2e_trace_v3,4826,17293833482614604876,0,prediction,container_exit,6048322647424,657892,657973
202607271206,e2e_trace_v3,4827,17293833482614604876,0,prediction,perception_enter,6048322682560,657892,657973
202607271206,e2e_trace_v3,4828,17293833482614604876,0,prediction,evaluator_enter,6048323278624,657892,657973
202607271206,e2e_trace_v3,4829,17293833482614604876,0,prediction,evaluator_exit,6048325306944,657892,657973
202607271206,e2e_trace_v3,4830,17293833482614604876,0,prediction,predictor_enter,6048325333696,657892,657973
202607271206,e2e_trace_v3,4831,17293833482614604876,0,prediction,predictor_exit,6048325461440,657892,657973
202607271206,e2e_trace_v3,4832,17293833482614604876,0,prediction,perception_exit,6048325481216,657892,657973
202607271206,e2e_trace_v3,4833,17293833482614604876,0,prediction,writer_enter,6048325582048,657892,657973
202607271206,e2e_trace_v3,4834,17293833482614604876,0,prediction,writer_done,6048325750464,657892,657973
202607271206,e2e_trace_v3,4835,17293833482614604876,0,prediction,output_pub,6048325582048,657892,657973
202607271206,e2e_trace_v3,4836,17293833482614604877,0,prediction,proc_enter,6048422344448,657892,657971
202607271206,e2e_trace_v3,4837,17293833482614604877,0,prediction,container_enter,6048422410432,657892,657971
202607271206,e2e_trace_v3,4838,17293833482614604877,0,prediction,container_exit,6048423062208,657892,657971
202607271206,e2e_trace_v3,4839,17293833482614604877,0,prediction,perception_enter,6048423104544,657892,657971
202607271206,e2e_trace_v3,4840,17293833482614604877,0,prediction,evaluator_enter,6048423786560,657892,657971
202607271206,e2e_trace_v3,4841,17293833482614604877,0,prediction,evaluator_exit,6048426331296,657892,657971
202607271206,e2e_trace_v3,4842,17293833482614604877,0,prediction,predictor_enter,6048426366496,657892,657971
202607271206,e2e_trace_v3,4843,17293833482614604877,0,prediction,predictor_exit,6048426542368,657892,657971
202607271206,e2e_trace_v3,4844,17293833482614604877,0,prediction,perception_exit,6048426573952,657892,657971
202607271206,e2e_trace_v3,4845,17293833482614604877,0,prediction,writer_enter,6048426702848,657892,657971
202607271206,e2e_trace_v3,4846,17293833482614604877,0,prediction,writer_done,6048427021312,657892,657971
202607271206,e2e_trace_v3,4847,17293833482614604877,0,prediction,output_pub,6048426702848,657892,657971
202607271206,e2e_trace_v3,4848,17293833482614604878,0,prediction,proc_enter,6048516858528,657892,657963
202607271206,e2e_trace_v3,4849,17293833482614604878,0,prediction,container_enter,6048516891680,657892,657963
202607271206,e2e_trace_v3,4850,17293833482614604878,0,prediction,container_exit,6048517200992,657892,657963
202607271206,e2e_trace_v3,4851,17293833482614604878,0,prediction,perception_enter,6048517226752,657892,657963
202607271206,e2e_trace_v3,4852,17293833482614604878,0,prediction,evaluator_enter,6048517658432,657892,657963
202607271206,e2e_trace_v3,4853,17293833482614604878,0,prediction,evaluator_exit,6048526489344,657892,657963
202607271206,e2e_trace_v3,4854,17293833482614604878,0,prediction,predictor_enter,6048526510752,657892,657963
202607271206,e2e_trace_v3,4855,17293833482614604878,0,prediction,predictor_exit,6048526611456,657892,657963
202607271206,e2e_trace_v3,4856,17293833482614604878,0,prediction,perception_exit,6048526624512,657892,657963
202607271206,e2e_trace_v3,4857,17293833482614604878,0,prediction,writer_enter,6048526685824,657892,657963
202607271206,e2e_trace_v3,4858,17293833482614604878,0,prediction,writer_done,6048526825952,657892,657963
202607271206,e2e_trace_v3,4859,17293833482614604878,0,prediction,output_pub,6048526685824,657892,657963
202607271206,e2e_trace_v3,4860,17293833482614604879,0,prediction,proc_enter,6048614239456,657892,657978
202607271206,e2e_trace_v3,4861,17293833482614604879,0,prediction,container_enter,6048614274528,657892,657978
202607271206,e2e_trace_v3,4862,17293833482614604879,0,prediction,container_exit,6048614589472,657892,657978
202607271206,e2e_trace_v3,4863,17293833482614604879,0,prediction,perception_enter,6048614615360,657892,657978
202607271206,e2e_trace_v3,4864,17293833482614604879,0,prediction,evaluator_enter,6048615065920,657892,657978
202607271206,e2e_trace_v3,4865,17293833482614604879,0,prediction,evaluator_exit,6048616906048,657892,657978
202607271206,e2e_trace_v3,4866,17293833482614604879,0,prediction,predictor_enter,6048616928224,657892,657978
202607271206,e2e_trace_v3,4867,17293833482614604879,0,prediction,predictor_exit,6048617012832,657892,657978
202607271206,e2e_trace_v3,4868,17293833482614604879,0,prediction,perception_exit,6048617023072,657892,657978
202607271206,e2e_trace_v3,4869,17293833482614604879,0,prediction,writer_enter,6048617084896,657892,657978
202607271206,e2e_trace_v3,4870,17293833482614604879,0,prediction,writer_done,6048617230080,657892,657978
202607271206,e2e_trace_v3,4871,17293833482614604879,0,prediction,output_pub,6048617084896,657892,657978
202607271206,e2e_trace_v3,4872,17293833482614604880,0,prediction,proc_enter,6048712623168,657892,657970
202607271206,e2e_trace_v3,4873,17293833482614604880,0,prediction,container_enter,6048712656544,657892,657970
202607271206,e2e_trace_v3,4874,17293833482614604880,0,prediction,container_exit,6048712964864,657892,657970
202607271206,e2e_trace_v3,4875,17293833482614604880,0,prediction,perception_enter,6048712988448,657892,657970
202607271206,e2e_trace_v3,4876,17293833482614604880,0,prediction,evaluator_enter,6048713464320,657892,657970
202607271206,e2e_trace_v3,4877,17293833482614604880,0,prediction,evaluator_exit,6048715340448,657892,657970
202607271206,e2e_trace_v3,4878,17293833482614604880,0,prediction,predictor_enter,6048715367840,657892,657970
202607271206,e2e_trace_v3,4879,17293833482614604880,0,prediction,predictor_exit,6048715485184,657892,657970
202607271206,e2e_trace_v3,4880,17293833482614604880,0,prediction,perception_exit,6048715496192,657892,657970
202607271206,e2e_trace_v3,4881,17293833482614604880,0,prediction,writer_enter,6048715576800,657892,657970
202607271206,e2e_trace_v3,4882,17293833482614604880,0,prediction,writer_done,6048715708480,657892,657970
202607271206,e2e_trace_v3,4883,17293833482614604880,0,prediction,output_pub,6048715576800,657892,657970
202607271206,e2e_trace_v3,4884,17293833482614604881,0,prediction,proc_enter,6048812521376,657892,657976
202607271206,e2e_trace_v3,4885,17293833482614604881,0,prediction,container_enter,6048812552800,657892,657976
202607271206,e2e_trace_v3,4886,17293833482614604881,0,prediction,container_exit,6048812847648,657892,657976
202607271206,e2e_trace_v3,4887,17293833482614604881,0,prediction,perception_enter,6048812873824,657892,657976
202607271206,e2e_trace_v3,4888,17293833482614604881,0,prediction,evaluator_enter,6048813320256,657892,657976
202607271206,e2e_trace_v3,4889,17293833482614604881,0,prediction,evaluator_exit,6048818700768,657892,657976
202607271206,e2e_trace_v3,4890,17293833482614604881,0,prediction,predictor_enter,6048818731520,657892,657976
202607271206,e2e_trace_v3,4891,17293833482614604881,0,prediction,predictor_exit,6048818938944,657892,657976
202607271206,e2e_trace_v3,4892,17293833482614604881,0,prediction,perception_exit,6048818967648,657892,657976
202607271206,e2e_trace_v3,4893,17293833482614604881,0,prediction,writer_enter,6048819071936,657892,657976
202607271206,e2e_trace_v3,4894,17293833482614604881,0,prediction,writer_done,6048819307328,657892,657976
202607271206,e2e_trace_v3,4895,17293833482614604881,0,prediction,output_pub,6048819071936,657892,657976
202607271206,e2e_trace_v3,4896,17293833482614604882,0,prediction,proc_enter,6048925340288,657892,657971
202607271206,e2e_trace_v3,4897,17293833482614604882,0,prediction,container_enter,6048925378560,657892,657971
202607271206,e2e_trace_v3,4898,17293833482614604882,0,prediction,container_exit,6048925714464,657892,657971
202607271206,e2e_trace_v3,4899,17293833482614604882,0,prediction,perception_enter,6048925745568,657892,657971
202607271206,e2e_trace_v3,4900,17293833482614604882,0,prediction,evaluator_enter,6048926590528,657892,657971
202607271206,e2e_trace_v3,4901,17293833482614604882,0,prediction,evaluator_exit,6048928466624,657892,657971
202607271206,e2e_trace_v3,4902,17293833482614604882,0,prediction,predictor_enter,6048928478880,657892,657971
202607271206,e2e_trace_v3,4903,17293833482614604882,0,prediction,predictor_exit,6048928606464,657892,657971
202607271206,e2e_trace_v3,4904,17293833482614604882,0,prediction,perception_exit,6048928624032,657892,657971
202607271206,e2e_trace_v3,4905,17293833482614604882,0,prediction,writer_enter,6048928698592,657892,657971
202607271206,e2e_trace_v3,4906,17293833482614604882,0,prediction,writer_done,6048928883360,657892,657971
202607271206,e2e_trace_v3,4907,17293833482614604882,0,prediction,output_pub,6048928698592,657892,657971
202607271206,e2e_trace_v3,4908,17293833482614604883,0,prediction,proc_enter,6049030389152,657892,657970
202607271206,e2e_trace_v3,4909,17293833482614604883,0,prediction,container_enter,6049030434592,657892,657970
202607271206,e2e_trace_v3,4910,17293833482614604883,0,prediction,container_exit,6049030828672,657892,657970
202607271206,e2e_trace_v3,4911,17293833482614604883,0,prediction,perception_enter,6049030863104,657892,657970
202607271206,e2e_trace_v3,4912,17293833482614604883,0,prediction,evaluator_enter,6049031401728,657892,657970
202607271206,e2e_trace_v3,4913,17293833482614604883,0,prediction,evaluator_exit,6049033269408,657892,657970
202607271206,e2e_trace_v3,4914,17293833482614604883,0,prediction,predictor_enter,6049033292032,657892,657970
202607271206,e2e_trace_v3,4915,17293833482614604883,0,prediction,predictor_exit,6049033467360,657892,657970
202607271206,e2e_trace_v3,4916,17293833482614604883,0,prediction,perception_exit,6049033484000,657892,657970
202607271206,e2e_trace_v3,4917,17293833482614604883,0,prediction,writer_enter,6049033572448,657892,657970
202607271206,e2e_trace_v3,4918,17293833482614604883,0,prediction,writer_done,6049033756960,657892,657970
202607271206,e2e_trace_v3,4919,17293833482614604883,0,prediction,output_pub,6049033572448,657892,657970
202607271206,e2e_trace_v3,4920,17293833482614604884,0,prediction,proc_enter,6049123287744,657892,657976
202607271206,e2e_trace_v3,4921,17293833482614604884,0,prediction,container_enter,6049123330880,657892,657976
202607271206,e2e_trace_v3,4922,17293833482614604884,0,prediction,container_exit,6049123706976,657892,657976
202607271206,e2e_trace_v3,4923,17293833482614604884,0,prediction,perception_enter,6049123742528,657892,657976
202607271206,e2e_trace_v3,4924,17293833482614604884,0,prediction,evaluator_enter,6049124420928,657892,657976
202607271206,e2e_trace_v3,4925,17293833482614604884,0,prediction,evaluator_exit,6049130651168,657892,657976
202607271206,e2e_trace_v3,4926,17293833482614604884,0,prediction,predictor_enter,6049130677536,657892,657976
202607271206,e2e_trace_v3,4927,17293833482614604884,0,prediction,predictor_exit,6049130826560,657892,657976
202607271206,e2e_trace_v3,4928,17293833482614604884,0,prediction,perception_exit,6049130859200,657892,657976
202607271206,e2e_trace_v3,4929,17293833482614604884,0,prediction,writer_enter,6049130950912,657892,657976
202607271206,e2e_trace_v3,4930,17293833482614604884,0,prediction,writer_done,6049131159008,657892,657976
202607271206,e2e_trace_v3,4931,17293833482614604884,0,prediction,output_pub,6049130950912,657892,657976
202607271206,e2e_trace_v3,4932,17293833482614604885,0,prediction,proc_enter,6049219502496,657892,657974
202607271206,e2e_trace_v3,4933,17293833482614604885,0,prediction,container_enter,6049219552864,657892,657974
202607271206,e2e_trace_v3,4934,17293833482614604885,0,prediction,container_exit,6049219906816,657892,657974
202607271206,e2e_trace_v3,4935,17293833482614604885,0,prediction,perception_enter,6049219939712,657892,657974
202607271206,e2e_trace_v3,4936,17293833482614604885,0,prediction,evaluator_enter,6049220537952,657892,657974
202607271206,e2e_trace_v3,4937,17293833482614604885,0,prediction,evaluator_exit,6049222624960,657892,657974
202607271206,e2e_trace_v3,4938,17293833482614604885,0,prediction,predictor_enter,6049222648640,657892,657974
202607271206,e2e_trace_v3,4939,17293833482614604885,0,prediction,predictor_exit,6049222784864,657892,657974
202607271206,e2e_trace_v3,4940,17293833482614604885,0,prediction,perception_exit,6049222798432,657892,657974
202607271206,e2e_trace_v3,4941,17293833482614604885,0,prediction,writer_enter,6049222868000,657892,657974
202607271206,e2e_trace_v3,4942,17293833482614604885,0,prediction,writer_done,6049223027488,657892,657974
202607271206,e2e_trace_v3,4943,17293833482614604885,0,prediction,output_pub,6049222868000,657892,657974
202607271206,e2e_trace_v3,4944,17293833482614604886,0,prediction,proc_enter,6049318131168,657892,657972
202607271206,e2e_trace_v3,4945,17293833482614604886,0,prediction,container_enter,6049318170816,657892,657972
202607271206,e2e_trace_v3,4946,17293833482614604886,0,prediction,container_exit,6049318567456,657892,657972
202607271206,e2e_trace_v3,4947,17293833482614604886,0,prediction,perception_enter,6049318603168,657892,657972
202607271206,e2e_trace_v3,4948,17293833482614604886,0,prediction,evaluator_enter,6049319199168,657892,657972
202607271206,e2e_trace_v3,4949,17293833482614604886,0,prediction,evaluator_exit,6049321192864,657892,657972
202607271206,e2e_trace_v3,4950,17293833482614604886,0,prediction,predictor_enter,6049321223424,657892,657972
202607271206,e2e_trace_v3,4951,17293833482614604886,0,prediction,predictor_exit,6049321409568,657892,657972
202607271206,e2e_trace_v3,4952,17293833482614604886,0,prediction,perception_exit,6049321433216,657892,657972
202607271206,e2e_trace_v3,4953,17293833482614604886,0,prediction,writer_enter,6049321582624,657892,657972
202607271206,e2e_trace_v3,4954,17293833482614604886,0,prediction,writer_done,6049321917440,657892,657972
202607271206,e2e_trace_v3,4955,17293833482614604886,0,prediction,output_pub,6049321582624,657892,657972
202607271206,e2e_trace_v3,4956,17293833482614604887,0,prediction,proc_enter,6049412801472,657892,657968
202607271206,e2e_trace_v3,4957,17293833482614604887,0,prediction,container_enter,6049412844960,657892,657968
202607271206,e2e_trace_v3,4958,17293833482614604887,0,prediction,container_exit,6049413221600,657892,657968
202607271206,e2e_trace_v3,4959,17293833482614604887,0,prediction,perception_enter,6049413258336,657892,657968
202607271206,e2e_trace_v3,4960,17293833482614604887,0,prediction,evaluator_enter,6049413883904,657892,657968
202607271206,e2e_trace_v3,4961,17293833482614604887,0,prediction,evaluator_exit,6049416179104,657892,657968
202607271206,e2e_trace_v3,4962,17293833482614604887,0,prediction,predictor_enter,6049416209600,657892,657968
202607271206,e2e_trace_v3,4963,17293833482614604887,0,prediction,predictor_exit,6049416358528,657892,657968
202607271206,e2e_trace_v3,4964,17293833482614604887,0,prediction,perception_exit,6049416374272,657892,657968
202607271206,e2e_trace_v3,4965,17293833482614604887,0,prediction,writer_enter,6049416471328,657892,657968
202607271206,e2e_trace_v3,4966,17293833482614604887,0,prediction,writer_done,6049416634272,657892,657968
202607271206,e2e_trace_v3,4967,17293833482614604887,0,prediction,output_pub,6049416471328,657892,657968
202607271206,e2e_trace_v3,4968,17293833482614604888,0,prediction,proc_enter,6049510864320,657892,657963
202607271206,e2e_trace_v3,4969,17293833482614604888,0,prediction,container_enter,6049510899488,657892,657963
202607271206,e2e_trace_v3,4970,17293833482614604888,0,prediction,container_exit,6049511270752,657892,657963
202607271206,e2e_trace_v3,4971,17293833482614604888,0,prediction,perception_enter,6049511296576,657892,657963
202607271206,e2e_trace_v3,4972,17293833482614604888,0,prediction,evaluator_enter,6049511812384,657892,657963
202607271206,e2e_trace_v3,4973,17293833482614604888,0,prediction,evaluator_exit,6049513667744,657892,657963
202607271206,e2e_trace_v3,4974,17293833482614604888,0,prediction,predictor_enter,6049513695872,657892,657963
202607271206,e2e_trace_v3,4975,17293833482614604888,0,prediction,predictor_exit,6049513843328,657892,657963
202607271206,e2e_trace_v3,4976,17293833482614604888,0,prediction,perception_exit,6049513856064,657892,657963
202607271206,e2e_trace_v3,4977,17293833482614604888,0,prediction,writer_enter,6049513927040,657892,657963
202607271206,e2e_trace_v3,4978,17293833482614604888,0,prediction,writer_done,6049514079328,657892,657963
202607271206,e2e_trace_v3,4979,17293833482614604888,0,prediction,output_pub,6049513927040,657892,657963
202607271206,e2e_trace_v3,4980,17293833482614604889,0,prediction,proc_enter,6049610316640,657892,657964
202607271206,e2e_trace_v3,4981,17293833482614604889,0,prediction,container_enter,6049610352352,657892,657964
202607271206,e2e_trace_v3,4982,17293833482614604889,0,prediction,container_exit,6049610725024,657892,657964
202607271206,e2e_trace_v3,4983,17293833482614604889,0,prediction,perception_enter,6049610756000,657892,657964
202607271206,e2e_trace_v3,4984,17293833482614604889,0,prediction,evaluator_enter,6049611229664,657892,657964
202607271206,e2e_trace_v3,4985,17293833482614604889,0,prediction,evaluator_exit,6049613026816,657892,657964
202607271206,e2e_trace_v3,4986,17293833482614604889,0,prediction,predictor_enter,6049613044448,657892,657964
202607271206,e2e_trace_v3,4987,17293833482614604889,0,prediction,predictor_exit,6049613175008,657892,657964
202607271206,e2e_trace_v3,4988,17293833482614604889,0,prediction,perception_exit,6049613232640,657892,657964
202607271206,e2e_trace_v3,4989,17293833482614604889,0,prediction,writer_enter,6049613309248,657892,657964
202607271206,e2e_trace_v3,4990,17293833482614604889,0,prediction,writer_done,6049613459712,657892,657964
202607271206,e2e_trace_v3,4991,17293833482614604889,0,prediction,output_pub,6049613309248,657892,657964
202607271206,e2e_trace_v3,4992,17293833482614604890,0,prediction,proc_enter,6049703758080,657892,657971
202607271206,e2e_trace_v3,4993,17293833482614604890,0,prediction,container_enter,6049703791456,657892,657971
202607271206,e2e_trace_v3,4994,17293833482614604890,0,prediction,container_exit,6049704124032,657892,657971
202607271206,e2e_trace_v3,4995,17293833482614604890,0,prediction,perception_enter,6049704136960,657892,657971
202607271206,e2e_trace_v3,4996,17293833482614604890,0,prediction,evaluator_enter,6049704547456,657892,657971
202607271206,e2e_trace_v3,4997,17293833482614604890,0,prediction,evaluator_exit,6049706474272,657892,657971
202607271206,e2e_trace_v3,4998,17293833482614604890,0,prediction,predictor_enter,6049706499040,657892,657971
202607271206,e2e_trace_v3,4999,17293833482614604890,0,prediction,predictor_exit,6049706513344,657892,657971
202607271206,e2e_trace_v3,5000,17293833482614604890,0,prediction,perception_exit,6049706519552,657892,657971
202607271206,e2e_trace_v3,5001,17293833482614604890,0,prediction,writer_enter,6049706577696,657892,657971
202607271206,e2e_trace_v3,5002,17293833482614604890,0,prediction,writer_done,6049706695936,657892,657971
202607271206,e2e_trace_v3,5003,17293833482614604890,0,prediction,output_pub,6049706577696,657892,657971
202607271206,e2e_trace_v3,5004,17293833482614604891,0,prediction,proc_enter,6049797833824,657892,657964
202607271206,e2e_trace_v3,5005,17293833482614604891,0,prediction,container_enter,6049797875232,657892,657964
202607271206,e2e_trace_v3,5006,17293833482614604891,0,prediction,container_exit,6049798387776,657892,657964
202607271206,e2e_trace_v3,5007,17293833482614604891,0,prediction,perception_enter,6049798417472,657892,657964
202607271206,e2e_trace_v3,5008,17293833482614604891,0,prediction,evaluator_enter,6049798935072,657892,657964
202607271206,e2e_trace_v3,5009,17293833482614604891,0,prediction,evaluator_exit,6049800582048,657892,657964
202607271206,e2e_trace_v3,5010,17293833482614604891,0,prediction,predictor_enter,6049800592800,657892,657964
202607271206,e2e_trace_v3,5011,17293833482614604891,0,prediction,predictor_exit,6049800678496,657892,657964
202607271206,e2e_trace_v3,5012,17293833482614604891,0,prediction,perception_exit,6049800700256,657892,657964
202607271206,e2e_trace_v3,5013,17293833482614604891,0,prediction,writer_enter,6049800768992,657892,657964
202607271206,e2e_trace_v3,5014,17293833482614604891,0,prediction,writer_done,6049800927264,657892,657964
202607271206,e2e_trace_v3,5015,17293833482614604891,0,prediction,output_pub,6049800768992,657892,657964
202607271206,e2e_trace_v3,5016,17293833482614604892,0,prediction,proc_enter,6049892137184,657892,657966
202607271206,e2e_trace_v3,5017,17293833482614604892,0,prediction,container_enter,6049892172064,657892,657966
202607271206,e2e_trace_v3,5018,17293833482614604892,0,prediction,container_exit,6049892629792,657892,657966
202607271206,e2e_trace_v3,5019,17293833482614604892,0,prediction,perception_enter,6049892656192,657892,657966
202607271206,e2e_trace_v3,5020,17293833482614604892,0,prediction,evaluator_enter,6049893159360,657892,657966
202607271206,e2e_trace_v3,5021,17293833482614604892,0,prediction,evaluator_exit,6049895211296,657892,657966
202607271206,e2e_trace_v3,5022,17293833482614604892,0,prediction,predictor_enter,6049895232896,657892,657966
202607271206,e2e_trace_v3,5023,17293833482614604892,0,prediction,predictor_exit,6049898315072,657892,657966
202607271206,e2e_trace_v3,5024,17293833482614604892,0,prediction,perception_exit,6049898344864,657892,657966
202607271206,e2e_trace_v3,5025,17293833482614604892,0,prediction,writer_enter,6049898434336,657892,657966
202607271206,e2e_trace_v3,5026,17293833482614604892,0,prediction,writer_done,6049898591584,657892,657966
202607271206,e2e_trace_v3,5027,17293833482614604892,0,prediction,output_pub,6049898434336,657892,657966
202607271206,e2e_trace_v3,5028,17293833482614604893,0,prediction,proc_enter,6049989767936,657892,657975
202607271206,e2e_trace_v3,5029,17293833482614604893,0,prediction,container_enter,6049989811776,657892,657975
202607271206,e2e_trace_v3,5030,17293833482614604893,0,prediction,container_exit,6049990310336,657892,657975
202607271206,e2e_trace_v3,5031,17293833482614604893,0,prediction,perception_enter,6049990340256,657892,657975
202607271206,e2e_trace_v3,5032,17293833482614604893,0,prediction,evaluator_enter,6049990894048,657892,657975
202607271206,e2e_trace_v3,5033,17293833482614604893,0,prediction,evaluator_exit,6049992883200,657892,657975
202607271206,e2e_trace_v3,5034,17293833482614604893,0,prediction,predictor_enter,6049992906400,657892,657975
202607271206,e2e_trace_v3,5035,17293833482614604893,0,prediction,predictor_exit,6049993088256,657892,657975
202607271206,e2e_trace_v3,5036,17293833482614604893,0,prediction,perception_exit,6049993113120,657892,657975
202607271206,e2e_trace_v3,5037,17293833482614604893,0,prediction,writer_enter,6049993207904,657892,657975
202607271206,e2e_trace_v3,5038,17293833482614604893,0,prediction,writer_done,6049993400384,657892,657975
202607271206,e2e_trace_v3,5039,17293833482614604893,0,prediction,output_pub,6049993207904,657892,657975
202607271206,e2e_trace_v3,5040,17293833482614604894,0,prediction,proc_enter,6050081097056,657892,657963
202607271206,e2e_trace_v3,5041,17293833482614604894,0,prediction,container_enter,6050081134528,657892,657963
202607271206,e2e_trace_v3,5042,17293833482614604894,0,prediction,container_exit,6050081643136,657892,657963
202607271206,e2e_trace_v3,5043,17293833482614604894,0,prediction,perception_enter,6050081661248,657892,657963
202607271206,e2e_trace_v3,5044,17293833482614604894,0,prediction,evaluator_enter,6050082039808,657892,657963
202607271206,e2e_trace_v3,5045,17293833482614604894,0,prediction,evaluator_exit,6050083857152,657892,657963
202607271206,e2e_trace_v3,5046,17293833482614604894,0,prediction,predictor_enter,6050083885696,657892,657963
202607271206,e2e_trace_v3,5047,17293833482614604894,0,prediction,predictor_exit,6050083900256,657892,657963
202607271206,e2e_trace_v3,5048,17293833482614604894,0,prediction,perception_exit,6050083906816,657892,657963
202607271206,e2e_trace_v3,5049,17293833482614604894,0,prediction,writer_enter,6050084059488,657892,657963
202607271206,e2e_trace_v3,5050,17293833482614604894,0,prediction,writer_done,6050084193824,657892,657963
202607271206,e2e_trace_v3,5051,17293833482614604894,0,prediction,output_pub,6050084059488,657892,657963
202607271206,e2e_trace_v3,5052,17293833482614604895,0,prediction,proc_enter,6050175987296,657892,657966
202607271206,e2e_trace_v3,5053,17293833482614604895,0,prediction,container_enter,6050176035296,657892,657966
202607271206,e2e_trace_v3,5054,17293833482614604895,0,prediction,container_exit,6050176560512,657892,657966
202607271206,e2e_trace_v3,5055,17293833482614604895,0,prediction,perception_enter,6050176589888,657892,657966
202607271206,e2e_trace_v3,5056,17293833482614604895,0,prediction,evaluator_enter,6050177167584,657892,657966
202607271206,e2e_trace_v3,5057,17293833482614604895,0,prediction,evaluator_exit,6050179165728,657892,657966
202607271206,e2e_trace_v3,5058,17293833482614604895,0,prediction,predictor_enter,6050179197856,657892,657966
202607271206,e2e_trace_v3,5059,17293833482614604895,0,prediction,predictor_exit,6050179329408,657892,657966
202607271206,e2e_trace_v3,5060,17293833482614604895,0,prediction,perception_exit,6050179361568,657892,657966
202607271206,e2e_trace_v3,5061,17293833482614604895,0,prediction,writer_enter,6050179453408,657892,657966
202607271206,e2e_trace_v3,5062,17293833482614604895,0,prediction,writer_done,6050179641024,657892,657966
202607271206,e2e_trace_v3,5063,17293833482614604895,0,prediction,output_pub,6050179453408,657892,657966
202607271206,e2e_trace_v3,5064,17293833482614604896,0,prediction,proc_enter,6050268966816,657892,657968
202607271206,e2e_trace_v3,5065,17293833482614604896,0,prediction,container_enter,6050269040800,657892,657968
202607271206,e2e_trace_v3,5066,17293833482614604896,0,prediction,container_exit,6050269813920,657892,657968
202607271206,e2e_trace_v3,5067,17293833482614604896,0,prediction,perception_enter,6050269847104,657892,657968
202607271206,e2e_trace_v3,5068,17293833482614604896,0,prediction,evaluator_enter,6050270490944,657892,657968
202607271206,e2e_trace_v3,5069,17293833482614604896,0,prediction,evaluator_exit,6050274480288,657892,657968
202607271206,e2e_trace_v3,5070,17293833482614604896,0,prediction,predictor_enter,6050274511808,657892,657968
202607271206,e2e_trace_v3,5071,17293833482614604896,0,prediction,predictor_exit,6050274529472,657892,657968
202607271206,e2e_trace_v3,5072,17293833482614604896,0,prediction,perception_exit,6050274538720,657892,657968
202607271206,e2e_trace_v3,5073,17293833482614604896,0,prediction,writer_enter,6050274600384,657892,657968
202607271206,e2e_trace_v3,5074,17293833482614604896,0,prediction,writer_done,6050274789472,657892,657968
202607271206,e2e_trace_v3,5075,17293833482614604896,0,prediction,output_pub,6050274600384,657892,657968
202607271206,e2e_trace_v3,5076,17293833482614604897,0,prediction,proc_enter,6050365144672,657892,657963
202607271206,e2e_trace_v3,5077,17293833482614604897,0,prediction,container_enter,6050365190752,657892,657963
202607271206,e2e_trace_v3,5078,17293833482614604897,0,prediction,container_exit,6050365740256,657892,657963
202607271206,e2e_trace_v3,5079,17293833482614604897,0,prediction,perception_enter,6050365771968,657892,657963
202607271206,e2e_trace_v3,5080,17293833482614604897,0,prediction,evaluator_enter,6050366468000,657892,657963
202607271206,e2e_trace_v3,5081,17293833482614604897,0,prediction,evaluator_exit,6050368444160,657892,657963
202607271206,e2e_trace_v3,5082,17293833482614604897,0,prediction,predictor_enter,6050368471392,657892,657963
202607271206,e2e_trace_v3,5083,17293833482614604897,0,prediction,predictor_exit,6050368612032,657892,657963
202607271206,e2e_trace_v3,5084,17293833482614604897,0,prediction,perception_exit,6050368643584,657892,657963
202607271206,e2e_trace_v3,5085,17293833482614604897,0,prediction,writer_enter,6050368723488,657892,657963
202607271206,e2e_trace_v3,5086,17293833482614604897,0,prediction,writer_done,6050368908640,657892,657963
202607271206,e2e_trace_v3,5087,17293833482614604897,0,prediction,output_pub,6050368723488,657892,657963
202607271206,e2e_trace_v3,5088,17293833482614604898,0,prediction,proc_enter,6050457556736,657892,657976
202607271206,e2e_trace_v3,5089,17293833482614604898,0,prediction,container_enter,6050457610336,657892,657976
202607271206,e2e_trace_v3,5090,17293833482614604898,0,prediction,container_exit,6050458255904,657892,657976
202607271206,e2e_trace_v3,5091,17293833482614604898,0,prediction,perception_enter,6050458283360,657892,657976
202607271206,e2e_trace_v3,5092,17293833482614604898,0,prediction,evaluator_enter,6050458888224,657892,657976
202607271206,e2e_trace_v3,5093,17293833482614604898,0,prediction,evaluator_exit,6050460963104,657892,657976
202607271206,e2e_trace_v3,5094,17293833482614604898,0,prediction,predictor_enter,6050460989280,657892,657976
202607271206,e2e_trace_v3,5095,17293833482614604898,0,prediction,predictor_exit,6050461009920,657892,657976
202607271206,e2e_trace_v3,5096,17293833482614604898,0,prediction,perception_exit,6050461037632,657892,657976
202607271206,e2e_trace_v3,5097,17293833482614604898,0,prediction,writer_enter,6050461103616,657892,657976
202607271206,e2e_trace_v3,5098,17293833482614604898,0,prediction,writer_done,6050461266336,657892,657976
202607271206,e2e_trace_v3,5099,17293833482614604898,0,prediction,output_pub,6050461103616,657892,657976
202607271206,e2e_trace_v3,5100,17293833482614604899,0,prediction,proc_enter,6050552740864,657892,657974
202607271206,e2e_trace_v3,5101,17293833482614604899,0,prediction,container_enter,6050552773696,657892,657974
202607271206,e2e_trace_v3,5102,17293833482614604899,0,prediction,container_exit,6050553163744,657892,657974
202607271206,e2e_trace_v3,5103,17293833482614604899,0,prediction,perception_enter,6050553177728,657892,657974
202607271206,e2e_trace_v3,5104,17293833482614604899,0,prediction,evaluator_enter,6050553519680,657892,657974
202607271206,e2e_trace_v3,5105,17293833482614604899,0,prediction,evaluator_exit,6050562387712,657892,657974
202607271206,e2e_trace_v3,5106,17293833482614604899,0,prediction,predictor_enter,6050562410176,657892,657974
202607271206,e2e_trace_v3,5107,17293833482614604899,0,prediction,predictor_exit,6050562417408,657892,657974
202607271206,e2e_trace_v3,5108,17293833482614604899,0,prediction,perception_exit,6050562422720,657892,657974
202607271206,e2e_trace_v3,5109,17293833482614604899,0,prediction,writer_enter,6050562470464,657892,657974
202607271206,e2e_trace_v3,5110,17293833482614604899,0,prediction,writer_done,6050562592992,657892,657974
202607271206,e2e_trace_v3,5111,17293833482614604899,0,prediction,output_pub,6050562470464,657892,657974
202607271206,e2e_trace_v3,5112,17293833482614604900,0,prediction,proc_enter,6050650351520,657892,657965
202607271206,e2e_trace_v3,5113,17293833482614604900,0,prediction,container_enter,6050650388800,657892,657965
202607271206,e2e_trace_v3,5114,17293833482614604900,0,prediction,container_exit,6050650871584,657892,657965
202607271206,e2e_trace_v3,5115,17293833482614604900,0,prediction,perception_enter,6050650908928,657892,657965
202607271206,e2e_trace_v3,5116,17293833482614604900,0,prediction,evaluator_enter,6050651366400,657892,657965
202607271206,e2e_trace_v3,5117,17293833482614604900,0,prediction,evaluator_exit,6050653160384,657892,657965
202607271206,e2e_trace_v3,5118,17293833482614604900,0,prediction,predictor_enter,6050653183040,657892,657965
202607271206,e2e_trace_v3,5119,17293833482614604900,0,prediction,predictor_exit,6050653323904,657892,657965
202607271206,e2e_trace_v3,5120,17293833482614604900,0,prediction,perception_exit,6050653342144,657892,657965
202607271206,e2e_trace_v3,5121,17293833482614604900,0,prediction,writer_enter,6050653408736,657892,657965
202607271206,e2e_trace_v3,5122,17293833482614604900,0,prediction,writer_done,6050662593152,657892,657965
202607271206,e2e_trace_v3,5123,17293833482614604900,0,prediction,output_pub,6050653408736,657892,657965
202607271206,e2e_trace_v3,5124,17293833482614604901,0,prediction,proc_enter,6050741871488,657892,657978
202607271206,e2e_trace_v3,5125,17293833482614604901,0,prediction,container_enter,6050741964832,657892,657978
202607271206,e2e_trace_v3,5126,17293833482614604901,0,prediction,container_exit,6050742394944,657892,657978
202607271206,e2e_trace_v3,5127,17293833482614604901,0,prediction,perception_enter,6050742420128,657892,657978
202607271206,e2e_trace_v3,5128,17293833482614604901,0,prediction,evaluator_enter,6050742851552,657892,657978
202607271206,e2e_trace_v3,5129,17293833482614604901,0,prediction,evaluator_exit,6050744497600,657892,657978
202607271206,e2e_trace_v3,5130,17293833482614604901,0,prediction,predictor_enter,6050744520640,657892,657978
202607271206,e2e_trace_v3,5131,17293833482614604901,0,prediction,predictor_exit,6050744633440,657892,657978
202607271206,e2e_trace_v3,5132,17293833482614604901,0,prediction,perception_exit,6050744655712,657892,657978
202607271206,e2e_trace_v3,5133,17293833482614604901,0,prediction,writer_enter,6050744736320,657892,657978
202607271206,e2e_trace_v3,5134,17293833482614604901,0,prediction,writer_done,6050744863072,657892,657978
202607271206,e2e_trace_v3,5135,17293833482614604901,0,prediction,output_pub,6050744736320,657892,657978
202607271206,e2e_trace_v3,5136,17293833482614604902,0,prediction,proc_enter,6050836393824,657892,657964
202607271206,e2e_trace_v3,5137,17293833482614604902,0,prediction,container_enter,6050836440576,657892,657964
202607271206,e2e_trace_v3,5138,17293833482614604902,0,prediction,container_exit,6050836829632,657892,657964
202607271206,e2e_trace_v3,5139,17293833482614604902,0,prediction,perception_enter,6050836858112,657892,657964
202607271206,e2e_trace_v3,5140,17293833482614604902,0,prediction,evaluator_enter,6050837340192,657892,657964
202607271206,e2e_trace_v3,5141,17293833482614604902,0,prediction,evaluator_exit,6050839045696,657892,657964
202607271206,e2e_trace_v3,5142,17293833482614604902,0,prediction,predictor_enter,6050839063776,657892,657964
202607271206,e2e_trace_v3,5143,17293833482614604902,0,prediction,predictor_exit,6050839184000,657892,657964
202607271206,e2e_trace_v3,5144,17293833482614604902,0,prediction,perception_exit,6050839198592,657892,657964
202607271206,e2e_trace_v3,5145,17293833482614604902,0,prediction,writer_enter,6050839272864,657892,657964
202607271206,e2e_trace_v3,5146,17293833482614604902,0,prediction,writer_done,6050839532896,657892,657964
202607271206,e2e_trace_v3,5147,17293833482614604902,0,prediction,output_pub,6050839272864,657892,657964
202607271206,e2e_trace_v3,5148,17293833482614604903,0,prediction,proc_enter,6050933793664,657892,657969
202607271206,e2e_trace_v3,5149,17293833482614604903,0,prediction,container_enter,6050933824544,657892,657969
202607271206,e2e_trace_v3,5150,17293833482614604903,0,prediction,container_exit,6050934205280,657892,657969
202607271206,e2e_trace_v3,5151,17293833482614604903,0,prediction,perception_enter,6050934236896,657892,657969
202607271206,e2e_trace_v3,5152,17293833482614604903,0,prediction,evaluator_enter,6050934676032,657892,657969
202607271206,e2e_trace_v3,5153,17293833482614604903,0,prediction,evaluator_exit,6050938433632,657892,657969
202607271206,e2e_trace_v3,5154,17293833482614604903,0,prediction,predictor_enter,6050938456128,657892,657969
202607271206,e2e_trace_v3,5155,17293833482614604903,0,prediction,predictor_exit,6050938583232,657892,657969
202607271206,e2e_trace_v3,5156,17293833482614604903,0,prediction,perception_exit,6050938611648,657892,657969
202607271206,e2e_trace_v3,5157,17293833482614604903,0,prediction,writer_enter,6050938694752,657892,657969
202607271206,e2e_trace_v3,5158,17293833482614604903,0,prediction,writer_done,6050938855904,657892,657969
202607271206,e2e_trace_v3,5159,17293833482614604903,0,prediction,output_pub,6050938694752,657892,657969
202607271206,e2e_trace_v3,5160,17293833482614604904,0,prediction,proc_enter,6051029184352,657892,657974
202607271206,e2e_trace_v3,5161,17293833482614604904,0,prediction,container_enter,6051029219808,657892,657974
202607271206,e2e_trace_v3,5162,17293833482614604904,0,prediction,container_exit,6051029751584,657892,657974
202607271206,e2e_trace_v3,5163,17293833482614604904,0,prediction,perception_enter,6051029781344,657892,657974
202607271206,e2e_trace_v3,5164,17293833482614604904,0,prediction,evaluator_enter,6051030288288,657892,657974
202607271206,e2e_trace_v3,5165,17293833482614604904,0,prediction,evaluator_exit,6051032694336,657892,657974
202607271206,e2e_trace_v3,5166,17293833482614604904,0,prediction,predictor_enter,6051032717568,657892,657974
202607271206,e2e_trace_v3,5167,17293833482614604904,0,prediction,predictor_exit,6051032819328,657892,657974
202607271206,e2e_trace_v3,5168,17293833482614604904,0,prediction,perception_exit,6051032838144,657892,657974
202607271206,e2e_trace_v3,5169,17293833482614604904,0,prediction,writer_enter,6051032912992,657892,657974
202607271206,e2e_trace_v3,5170,17293833482614604904,0,prediction,writer_done,6051033066432,657892,657974
202607271206,e2e_trace_v3,5171,17293833482614604904,0,prediction,output_pub,6051032912992,657892,657974
202607271206,e2e_trace_v3,5172,17293833482614604905,0,prediction,proc_enter,6051132639296,657892,657969
202607271206,e2e_trace_v3,5173,17293833482614604905,0,prediction,container_enter,6051132724768,657892,657969
202607271206,e2e_trace_v3,5174,17293833482614604905,0,prediction,container_exit,6051133047264,657892,657969
202607271206,e2e_trace_v3,5175,17293833482614604905,0,prediction,perception_enter,6051133086016,657892,657969
202607271206,e2e_trace_v3,5176,17293833482614604905,0,prediction,evaluator_enter,6051133727488,657892,657969
202607271206,e2e_trace_v3,5177,17293833482614604905,0,prediction,evaluator_exit,6051143446272,657892,657969
202607271206,e2e_trace_v3,5178,17293833482614604905,0,prediction,predictor_enter,6051143470496,657892,657969
202607271206,e2e_trace_v3,5179,17293833482614604905,0,prediction,predictor_exit,6051143640960,657892,657969
202607271206,e2e_trace_v3,5180,17293833482614604905,0,prediction,perception_exit,6051143680800,657892,657969
202607271206,e2e_trace_v3,5181,17293833482614604905,0,prediction,writer_enter,6051143789568,657892,657969
202607271206,e2e_trace_v3,5182,17293833482614604905,0,prediction,writer_done,6051144112992,657892,657969
202607271206,e2e_trace_v3,5183,17293833482614604905,0,prediction,output_pub,6051143789568,657892,657969
202607271206,e2e_trace_v3,5184,17293833482614604906,0,prediction,proc_enter,6051245612064,657892,657972
202607271206,e2e_trace_v3,5185,17293833482614604906,0,prediction,container_enter,6051245653600,657892,657972
202607271206,e2e_trace_v3,5186,17293833482614604906,0,prediction,container_exit,6051245824160,657892,657972
202607271206,e2e_trace_v3,5187,17293833482614604906,0,prediction,perception_enter,6051245855264,657892,657972
202607271206,e2e_trace_v3,5188,17293833482614604906,0,prediction,evaluator_enter,6051246484128,657892,657972
202607271206,e2e_trace_v3,5189,17293833482614604906,0,prediction,evaluator_exit,6051248553024,657892,657972
202607271206,e2e_trace_v3,5190,17293833482614604906,0,prediction,predictor_enter,6051248568224,657892,657972
202607271206,e2e_trace_v3,5191,17293833482614604906,0,prediction,predictor_exit,6051250275104,657892,657972
202607271206,e2e_trace_v3,5192,17293833482614604906,0,prediction,perception_exit,6051250300608,657892,657972
202607271206,e2e_trace_v3,5193,17293833482614604906,0,prediction,writer_enter,6051250411968,657892,657972
202607271206,e2e_trace_v3,5194,17293833482614604906,0,prediction,writer_done,6051250633472,657892,657972
202607271206,e2e_trace_v3,5195,17293833482614604906,0,prediction,output_pub,6051250411968,657892,657972
202607271206,e2e_trace_v3,5196,17293833482614604907,0,prediction,proc_enter,6051345227296,657892,657974
202607271206,e2e_trace_v3,5197,17293833482614604907,0,prediction,container_enter,6051345300544,657892,657974
202607271206,e2e_trace_v3,5198,17293833482614604907,0,prediction,container_exit,6051345514784,657892,657974
202607271206,e2e_trace_v3,5199,17293833482614604907,0,prediction,perception_enter,6051345554272,657892,657974
202607271206,e2e_trace_v3,5200,17293833482614604907,0,prediction,evaluator_enter,6051346349408,657892,657974
202607271206,e2e_trace_v3,5201,17293833482614604907,0,prediction,evaluator_exit,6051348976608,657892,657974
202607271206,e2e_trace_v3,5202,17293833482614604907,0,prediction,predictor_enter,6051349002016,657892,657974
202607271206,e2e_trace_v3,5203,17293833482614604907,0,prediction,predictor_exit,6051349139392,657892,657974
202607271206,e2e_trace_v3,5204,17293833482614604907,0,prediction,perception_exit,6051349196896,657892,657974
202607271206,e2e_trace_v3,5205,17293833482614604907,0,prediction,writer_enter,6051349312992,657892,657974
202607271206,e2e_trace_v3,5206,17293833482614604907,0,prediction,writer_done,6051349561376,657892,657974
202607271206,e2e_trace_v3,5207,17293833482614604907,0,prediction,output_pub,6051349312992,657892,657974
202607271206,e2e_trace_v3,5208,17293833482614604908,0,prediction,proc_enter,6051444874048,657892,657970
202607271206,e2e_trace_v3,5209,17293833482614604908,0,prediction,container_enter,6051444918144,657892,657970
202607271206,e2e_trace_v3,5210,17293833482614604908,0,prediction,container_exit,6051445100256,657892,657970
202607271206,e2e_trace_v3,5211,17293833482614604908,0,prediction,perception_enter,6051445134592,657892,657970
202607271206,e2e_trace_v3,5212,17293833482614604908,0,prediction,evaluator_enter,6051445931456,657892,657970
202607271206,e2e_trace_v3,5213,17293833482614604908,0,prediction,evaluator_exit,6051448395200,657892,657970
202607271206,e2e_trace_v3,5214,17293833482614604908,0,prediction,predictor_enter,6051448418176,657892,657970
202607271206,e2e_trace_v3,5215,17293833482614604908,0,prediction,predictor_exit,6051448538784,657892,657970
202607271206,e2e_trace_v3,5216,17293833482614604908,0,prediction,perception_exit,6051448565248,657892,657970
202607271206,e2e_trace_v3,5217,17293833482614604908,0,prediction,writer_enter,6051448679936,657892,657970
202607271206,e2e_trace_v3,5218,17293833482614604908,0,prediction,writer_done,6051448874784,657892,657970
202607271206,e2e_trace_v3,5219,17293833482614604908,0,prediction,output_pub,6051448679936,657892,657970
202607271206,e2e_trace_v3,5220,17293833482614604909,0,prediction,proc_enter,6051540652928,657892,657971
202607271206,e2e_trace_v3,5221,17293833482614604909,0,prediction,container_enter,6051540688512,657892,657971
202607271206,e2e_trace_v3,5222,17293833482614604909,0,prediction,container_exit,6051540858912,657892,657971
202607271206,e2e_trace_v3,5223,17293833482614604909,0,prediction,perception_enter,6051540867936,657892,657971
202607271206,e2e_trace_v3,5224,17293833482614604909,0,prediction,evaluator_enter,6051541199424,657892,657971
202607271206,e2e_trace_v3,5225,17293833482614604909,0,prediction,evaluator_exit,6051546470336,657892,657971
202607271206,e2e_trace_v3,5226,17293833482614604909,0,prediction,predictor_enter,6051546495296,657892,657971
202607271206,e2e_trace_v3,5227,17293833482614604909,0,prediction,predictor_exit,6051546510464,657892,657971
202607271206,e2e_trace_v3,5228,17293833482614604909,0,prediction,perception_exit,6051546515584,657892,657971
202607271206,e2e_trace_v3,5229,17293833482614604909,0,prediction,writer_enter,6051546552896,657892,657971
202607271206,e2e_trace_v3,5230,17293833482614604909,0,prediction,writer_done,6051546669760,657892,657971
202607271206,e2e_trace_v3,5231,17293833482614604909,0,prediction,output_pub,6051546552896,657892,657971
202607271206,e2e_trace_v3,5232,17293833482614604910,0,prediction,proc_enter,6051634056704,657892,657964
202607271206,e2e_trace_v3,5233,17293833482614604910,0,prediction,container_enter,6051634094656,657892,657964
202607271206,e2e_trace_v3,5234,17293833482614604910,0,prediction,container_exit,6051634612128,657892,657964
202607271206,e2e_trace_v3,5235,17293833482614604910,0,prediction,perception_enter,6051634626720,657892,657964
202607271206,e2e_trace_v3,5236,17293833482614604910,0,prediction,evaluator_enter,6051635006272,657892,657964
202607271206,e2e_trace_v3,5237,17293833482614604910,0,prediction,evaluator_exit,6051642051136,657892,657964
202607271206,e2e_trace_v3,5238,17293833482614604910,0,prediction,predictor_enter,6051642073216,657892,657964
202607271206,e2e_trace_v3,5239,17293833482614604910,0,prediction,predictor_exit,6051642081536,657892,657964
202607271206,e2e_trace_v3,5240,17293833482614604910,0,prediction,perception_exit,6051642087808,657892,657964
202607271206,e2e_trace_v3,5241,17293833482614604910,0,prediction,writer_enter,6051642175936,657892,657964
202607271206,e2e_trace_v3,5242,17293833482614604910,0,prediction,writer_done,6051642276960,657892,657964
202607271206,e2e_trace_v3,5243,17293833482614604910,0,prediction,output_pub,6051642175936,657892,657964
202607271206,e2e_trace_v3,5244,17293833482614604911,0,prediction,proc_enter,6051727738240,657892,657970
202607271206,e2e_trace_v3,5245,17293833482614604911,0,prediction,container_enter,6051727775776,657892,657970
202607271206,e2e_trace_v3,5246,17293833482614604911,0,prediction,container_exit,6051728286624,657892,657970
202607271206,e2e_trace_v3,5247,17293833482614604911,0,prediction,perception_enter,6051728298016,657892,657970
202607271206,e2e_trace_v3,5248,17293833482614604911,0,prediction,evaluator_enter,6051728635648,657892,657970
202607271206,e2e_trace_v3,5249,17293833482614604911,0,prediction,evaluator_exit,6051730563680,657892,657970
202607271206,e2e_trace_v3,5250,17293833482614604911,0,prediction,predictor_enter,6051730585696,657892,657970
202607271206,e2e_trace_v3,5251,17293833482614604911,0,prediction,predictor_exit,6051730591776,657892,657970
202607271206,e2e_trace_v3,5252,17293833482614604911,0,prediction,perception_exit,6051730597184,657892,657970
202607271206,e2e_trace_v3,5253,17293833482614604911,0,prediction,writer_enter,6051730644768,657892,657970
202607271206,e2e_trace_v3,5254,17293833482614604911,0,prediction,writer_done,6051730749152,657892,657970
202607271206,e2e_trace_v3,5255,17293833482614604911,0,prediction,output_pub,6051730644768,657892,657970
202607271206,e2e_trace_v3,5256,17293833482614604912,0,prediction,proc_enter,6051831515008,657892,657963
202607271206,e2e_trace_v3,5257,17293833482614604912,0,prediction,container_enter,6051831549888,657892,657963
202607271206,e2e_trace_v3,5258,17293833482614604912,0,prediction,container_exit,6051832085280,657892,657963
202607271206,e2e_trace_v3,5259,17293833482614604912,0,prediction,perception_enter,6051832103040,657892,657963
202607271206,e2e_trace_v3,5260,17293833482614604912,0,prediction,evaluator_enter,6051832511904,657892,657963
202607271206,e2e_trace_v3,5261,17293833482614604912,0,prediction,evaluator_exit,6051834310240,657892,657963
202607271206,e2e_trace_v3,5262,17293833482614604912,0,prediction,predictor_enter,6051834342304,657892,657963
202607271206,e2e_trace_v3,5263,17293833482614604912,0,prediction,predictor_exit,6051834353120,657892,657963
202607271206,e2e_trace_v3,5264,17293833482614604912,0,prediction,perception_exit,6051834361408,657892,657963
202607271206,e2e_trace_v3,5265,17293833482614604912,0,prediction,writer_enter,6051834430112,657892,657963
202607271206,e2e_trace_v3,5266,17293833482614604912,0,prediction,writer_done,6051834569088,657892,657963
202607271206,e2e_trace_v3,5267,17293833482614604912,0,prediction,output_pub,6051834430112,657892,657963
202607271206,e2e_trace_v3,5268,17293833482614604913,0,prediction,proc_enter,6051928058912,657892,657976
202607271206,e2e_trace_v3,5269,17293833482614604913,0,prediction,container_enter,6051928090400,657892,657976
202607271206,e2e_trace_v3,5270,17293833482614604913,0,prediction,container_exit,6051928635072,657892,657976
202607271206,e2e_trace_v3,5271,17293833482614604913,0,prediction,perception_enter,6051928648352,657892,657976
202607271206,e2e_trace_v3,5272,17293833482614604913,0,prediction,evaluator_enter,6051929024320,657892,657976
202607271206,e2e_trace_v3,5273,17293833482614604913,0,prediction,evaluator_exit,6051934412960,657892,657976
202607271206,e2e_trace_v3,5274,17293833482614604913,0,prediction,predictor_enter,6051934437600,657892,657976
202607271206,e2e_trace_v3,5275,17293833482614604913,0,prediction,predictor_exit,6051934445376,657892,657976
202607271206,e2e_trace_v3,5276,17293833482614604913,0,prediction,perception_exit,6051934452352,657892,657976
202607271206,e2e_trace_v3,5277,17293833482614604913,0,prediction,writer_enter,6051934554976,657892,657976
202607271206,e2e_trace_v3,5278,17293833482614604913,0,prediction,writer_done,6051934677152,657892,657976
202607271206,e2e_trace_v3,5279,17293833482614604913,0,prediction,output_pub,6051934554976,657892,657976
202607271206,e2e_trace_v3,5280,17293833482614604914,0,prediction,proc_enter,6052032291872,657892,657970
202607271206,e2e_trace_v3,5281,17293833482614604914,0,prediction,container_enter,6052032334112,657892,657970
202607271206,e2e_trace_v3,5282,17293833482614604914,0,prediction,container_exit,6052032861376,657892,657970
202607271206,e2e_trace_v3,5283,17293833482614604914,0,prediction,perception_enter,6052032878336,657892,657970
202607271206,e2e_trace_v3,5284,17293833482614604914,0,prediction,evaluator_enter,6052033277984,657892,657970
202607271206,e2e_trace_v3,5285,17293833482614604914,0,prediction,evaluator_exit,6052034968160,657892,657970
202607271206,e2e_trace_v3,5286,17293833482614604914,0,prediction,predictor_enter,6052034996064,657892,657970
202607271206,e2e_trace_v3,5287,17293833482614604914,0,prediction,predictor_exit,6052035004224,657892,657970
202607271206,e2e_trace_v3,5288,17293833482614604914,0,prediction,perception_exit,6052035010688,657892,657970
202607271206,e2e_trace_v3,5289,17293833482614604914,0,prediction,writer_enter,6052035073760,657892,657970
202607271206,e2e_trace_v3,5290,17293833482614604914,0,prediction,writer_done,6052035245792,657892,657970
202607271206,e2e_trace_v3,5291,17293833482614604914,0,prediction,output_pub,6052035073760,657892,657970
202607271206,e2e_trace_v3,5292,17293833482614604915,0,prediction,proc_enter,6052132281984,657892,657965
202607271206,e2e_trace_v3,5293,17293833482614604915,0,prediction,container_enter,6052132335168,657892,657965
202607271206,e2e_trace_v3,5294,17293833482614604915,0,prediction,container_exit,6052132918144,657892,657965
202607271206,e2e_trace_v3,5295,17293833482614604915,0,prediction,perception_enter,6052132961216,657892,657965
202607271206,e2e_trace_v3,5296,17293833482614604915,0,prediction,evaluator_enter,6052133501664,657892,657965
202607271206,e2e_trace_v3,5297,17293833482614604915,0,prediction,evaluator_exit,6052146432256,657892,657965
202607271206,e2e_trace_v3,5298,17293833482614604915,0,prediction,predictor_enter,6052146553120,657892,657965
202607271206,e2e_trace_v3,5299,17293833482614604915,0,prediction,predictor_exit,6052146566560,657892,657965
202607271206,e2e_trace_v3,5300,17293833482614604915,0,prediction,perception_exit,6052146574976,657892,657965
202607271206,e2e_trace_v3,5301,17293833482614604915,0,prediction,writer_enter,6052146623776,657892,657965
202607271206,e2e_trace_v3,5302,17293833482614604915,0,prediction,writer_done,6052146793536,657892,657965
202607271206,e2e_trace_v3,5303,17293833482614604915,0,prediction,output_pub,6052146623776,657892,657965
202607271206,e2e_trace_v3,5304,17293833482614604916,0,prediction,proc_enter,6052244083328,657892,657963
202607271206,e2e_trace_v3,5305,17293833482614604916,0,prediction,container_enter,6052244121504,657892,657963
202607271206,e2e_trace_v3,5306,17293833482614604916,0,prediction,container_exit,6052244600672,657892,657963
202607271206,e2e_trace_v3,5307,17293833482614604916,0,prediction,perception_enter,6052244616992,657892,657963
202607271206,e2e_trace_v3,5308,17293833482614604916,0,prediction,evaluator_enter,6052245001344,657892,657963
202607271206,e2e_trace_v3,5309,17293833482614604916,0,prediction,evaluator_exit,6052247550368,657892,657963
202607271206,e2e_trace_v3,5310,17293833482614604916,0,prediction,predictor_enter,6052247587648,657892,657963
202607271206,e2e_trace_v3,5311,17293833482614604916,0,prediction,predictor_exit,6052247594784,657892,657963
202607271206,e2e_trace_v3,5312,17293833482614604916,0,prediction,perception_exit,6052247600128,657892,657963
202607271206,e2e_trace_v3,5313,17293833482614604916,0,prediction,writer_enter,6052247639936,657892,657963
202607271206,e2e_trace_v3,5314,17293833482614604916,0,prediction,writer_done,6052247757984,657892,657963
202607271206,e2e_trace_v3,5315,17293833482614604916,0,prediction,output_pub,6052247639936,657892,657963
