run_id,schema_version,event_id,trace_id,proc_id,module,edge,mono_ns,trace_valid,channel,input_seq,output_seq,data_ts_ns,object_count,primary_parent_trace_id,parent_trace_count,pid,tid
202607031503,e2e_trace_v3,20,72301518115571687,0,perception.lidar_tracking,in,158522416660576,1,/perception/lidar/detection_filter,0,0,1783062205440760776,0,0,0,1564121,1564299
202607031503,e2e_trace_v3,21,72301518115571687,0,perception.lidar_tracking,out,158522417138112,1,/perception/inner/PrefusedObjects,0,0,1783062205440760776,0,0,0,1564121,1564299
202607031503,e2e_trace_v3,29,72301518115571688,0,perception.lidar_tracking,in,158522481066944,1,/perception/lidar/detection_filter,0,0,1783062205540174963,0,0,0,1564121,1564305
202607031503,e2e_trace_v3,30,72301518115571688,0,perception.lidar_tracking,out,158522481460000,1,/perception/inner/PrefusedObjects,0,0,1783062205540174963,0,0,0,1564121,1564305
202607031503,e2e_trace_v3,46,72301518115571689,0,perception.lidar_tracking,in,158522582462656,1,/perception/lidar/detection_filter,0,0,1783062205639208819,0,0,0,1564121,1564304
202607031503,e2e_trace_v3,47,72301518115571689,0,perception.lidar_tracking,out,158522582809920,1,/perception/inner/PrefusedObjects,0,0,1783062205639208819,0,0,0,1564121,1564304
202607031503,e2e_trace_v3,64,72301518115571690,0,perception.lidar_tracking,in,158522697086592,1,/perception/lidar/detection_filter,0,0,1783062205740364240,0,0,0,1564121,1564295
202607031503,e2e_trace_v3,65,72301518115571690,0,perception.lidar_tracking,out,158522697462496,1,/perception/inner/PrefusedObjects,0,0,1783062205740364240,0,0,0,1564121,1564295
202607031503,e2e_trace_v3,79,72301518115571691,0,perception.lidar_tracking,in,158522787528704,1,/perception/lidar/detection_filter,0,0,1783062205839697310,0,0,0,1564121,1564295
202607031503,e2e_trace_v3,81,72301518115571691,0,perception.lidar_tracking,out,158522787932576,1,/perception/inner/PrefusedObjects,0,0,1783062205839697310,0,0,0,1564121,1564295
202607031503,e2e_trace_v3,97,72301518115571692,0,perception.lidar_tracking,in,158522882644832,1,/perception/lidar/detection_filter,0,0,1783062205939614406,0,0,0,1564121,1564300
202607031503,e2e_trace_v3,98,72301518115571692,0,perception.lidar_tracking,out,158522883083232,1,/perception/inner/PrefusedObjects,0,0,1783062205939614406,0,0,0,1564121,1564300
202607031503,e2e_trace_v3,114,72301518115571693,0,perception.lidar_tracking,in,158522982244544,1,/perception/lidar/detection_filter,0,0,1783062206040310639,0,0,0,1564121,1564304
202607031503,e2e_trace_v3,115,72301518115571693,0,perception.lidar_tracking,out,158522982593088,1,/perception/inner/PrefusedObjects,0,0,1783062206040310639,0,0,0,1564121,1564304
202607031503,e2e_trace_v3,132,72301518115571694,0,perception.lidar_tracking,in,158523104560800,1,/perception/lidar/detection_filter,0,0,1783062206139717511,0,0,0,1564121,1564294
202607031503,e2e_trace_v3,133,72301518115571694,0,perception.lidar_tracking,out,158523104920224,1,/perception/inner/PrefusedObjects,0,0,1783062206139717511,0,0,0,1564121,1564294
202607031503,e2e_trace_v3,148,72301518115571695,0,perception.lidar_tracking,in,158523181617184,1,/perception/lidar/detection_filter,0,0,1783062206240366251,0,0,0,1564121,1564300
202607031503,e2e_trace_v3,149,72301518115571695,0,perception.lidar_tracking,out,158523181993664,1,/perception/inner/PrefusedObjects,0,0,1783062206240366251,0,0,0,1564121,1564300
202607031503,e2e_trace_v3,166,72301518115571696,0,perception.lidar_tracking,in,158523305921408,1,/perception/lidar/detection_filter,0,0,1783062206353248781,0,0,0,1564121,1564295
202607031503,e2e_trace_v3,167,72301518115571696,0,perception.lidar_tracking,out,158523306622464,1,/perception/inner/PrefusedObjects,0,0,1783062206353248781,0,0,0,1564121,1564295
202607031503,e2e_trace_v3,182,72301518115571697,0,perception.lidar_tracking,in,158523386776224,1,/perception/lidar/detection_filter,0,0,1783062206444808246,0,0,0,1564121,1564307
202607031503,e2e_trace_v3,183,72301518115571697,0,perception.lidar_tracking,out,158523387153632,1,/perception/inner/PrefusedObjects,0,0,1783062206444808246,0,0,0,1564121,1564307
202607031503,e2e_trace_v3,199,72301518115571698,0,perception.lidar_tracking,in,158523482499616,1,/perception/lidar/detection_filter,0,0,1783062206540961834,0,0,0,1564121,1564297
202607031503,e2e_trace_v3,200,72301518115571698,0,perception.lidar_tracking,out,158523482869088,1,/perception/inner/PrefusedObjects,0,0,1783062206540961834,0,0,0,1564121,1564297
202607031503,e2e_trace_v3,216,72301518115571699,0,perception.lidar_tracking,in,158523587411008,1,/perception/lidar/detection_filter,0,0,1783062206640180644,0,0,0,1564121,1564303
202607031503,e2e_trace_v3,217,72301518115571699,0,perception.lidar_tracking,out,158523587927968,1,/perception/inner/PrefusedObjects,0,0,1783062206640180644,0,0,0,1564121,1564303
202607031503,e2e_trace_v3,233,72301518115571700,0,perception.lidar_tracking,in,158523685116928,1,/perception/lidar/detection_filter,0,0,1783062206739190273,0,0,0,1564121,1564308
202607031503,e2e_trace_v3,234,72301518115571700,0,perception.lidar_tracking,out,158523685524864,1,/perception/inner/PrefusedObjects,0,0,1783062206739190273,0,0,0,1564121,1564308
202607031503,e2e_trace_v3,250,72301518115571701,0,perception.lidar_tracking,in,158523782891584,1,/perception/lidar/detection_filter,0,0,1783062206838901973,0,0,0,1564121,1564302
202607031503,e2e_trace_v3,251,72301518115571701,0,perception.lidar_tracking,out,158523783248960,1,/perception/inner/PrefusedObjects,0,0,1783062206838901973,0,0,0,1564121,1564302
202607031503,e2e_trace_v3,277,72301518115571702,0,perception.lidar_tracking,in,158523920312576,1,/perception/lidar/detection_filter,0,0,1783062206939452279,0,0,0,1564121,1564305
202607031503,e2e_trace_v3,278,72301518115571702,0,perception.lidar_tracking,out,158523920666208,1,/perception/inner/PrefusedObjects,0,0,1783062206939452279,0,0,0,1564121,1564305
202607031503,e2e_trace_v3,284,72301518115571703,0,perception.lidar_tracking,in,158523983418688,1,/perception/lidar/detection_filter,0,0,1783062207038498409,0,0,0,1564121,1564296
202607031503,e2e_trace_v3,285,72301518115571703,0,perception.lidar_tracking,out,158523983740000,1,/perception/inner/PrefusedObjects,0,0,1783062207038498409,0,0,0,1564121,1564296
202607031503,e2e_trace_v3,301,72301518115571704,0,perception.lidar_tracking,in,158524083660288,1,/perception/lidar/detection_filter,0,0,1783062207139356417,0,0,0,1564121,1564297
202607031503,e2e_trace_v3,302,72301518115571704,0,perception.lidar_tracking,out,158524084009600,1,/perception/inner/PrefusedObjects,0,0,1783062207139356417,0,0,0,1564121,1564297
202607031503,e2e_trace_v3,318,72301518115571705,0,perception.lidar_tracking,in,158524180266656,1,/perception/lidar/detection_filter,0,0,1783062207240149088,0,0,0,1564121,1564301
202607031503,e2e_trace_v3,319,72301518115571705,0,perception.lidar_tracking,out,158524180667040,1,/perception/inner/PrefusedObjects,0,0,1783062207240149088,0,0,0,1564121,1564301
202607031503,e2e_trace_v3,335,72301518115571706,0,perception.lidar_tracking,in,158524282290304,1,/perception/lidar/detection_filter,0,0,1783062207338626252,0,0,0,1564121,1564309
202607031503,e2e_trace_v3,336,72301518115571706,0,perception.lidar_tracking,out,158524282739488,1,/perception/inner/PrefusedObjects,0,0,1783062207338626252,0,0,0,1564121,1564309
202607031503,e2e_trace_v3,352,72301518115571707,0,perception.lidar_tracking,in,158524382306144,1,/perception/lidar/detection_filter,0,0,1783062207438304492,0,0,0,1564121,1564299
202607031503,e2e_trace_v3,353,72301518115571707,0,perception.lidar_tracking,out,158524382725280,1,/perception/inner/PrefusedObjects,0,0,1783062207438304492,0,0,0,1564121,1564299
202607031503,e2e_trace_v3,369,72301518115571708,0,perception.lidar_tracking,in,158524483829504,1,/perception/lidar/detection_filter,0,0,1783062207538927240,0,0,0,1564121,1564298
202607031503,e2e_trace_v3,370,72301518115571708,0,perception.lidar_tracking,out,158524484273408,1,/perception/inner/PrefusedObjects,0,0,1783062207538927240,0,0,0,1564121,1564298
202607031503,e2e_trace_v3,386,72301518115571709,0,perception.lidar_tracking,in,158524582096960,1,/perception/lidar/detection_filter,0,0,1783062207639611156,0,0,0,1564121,1564300
202607031503,e2e_trace_v3,387,72301518115571709,0,perception.lidar_tracking,out,158524582711968,1,/perception/inner/PrefusedObjects,0,0,1783062207639611156,0,0,0,1564121,1564300
202607031503,e2e_trace_v3,403,72301518115571710,0,perception.lidar_tracking,in,158524687400544,1,/perception/lidar/detection_filter,0,0,1783062207739487796,0,0,0,1564121,1564304
202607031503,e2e_trace_v3,404,72301518115571710,0,perception.lidar_tracking,out,158524687817184,1,/perception/inner/PrefusedObjects,0,0,1783062207739487796,0,0,0,1564121,1564304
202607031503,e2e_trace_v3,420,72301518115571711,0,perception.lidar_tracking,in,158524782159456,1,/perception/lidar/detection_filter,0,0,1783062207838658307,0,0,0,1564121,1564302
202607031503,e2e_trace_v3,421,72301518115571711,0,perception.lidar_tracking,out,158524782586816,1,/perception/inner/PrefusedObjects,0,0,1783062207838658307,0,0,0,1564121,1564302
202607031503,e2e_trace_v3,437,72301518115571712,0,perception.lidar_tracking,in,158524883726144,1,/perception/lidar/detection_filter,0,0,1783062207938034310,0,0,0,1564121,1564298
202607031503,e2e_trace_v3,438,72301518115571712,0,perception.lidar_tracking,out,158524884113408,1,/perception/inner/PrefusedObjects,0,0,1783062207938034310,0,0,0,1564121,1564298
202607031503,e2e_trace_v3,454,72301518115571713,0,perception.lidar_tracking,in,158524984207616,1,/perception/lidar/detection_filter,0,0,1783062208038153006,0,0,0,1564121,1564294
202607031503,e2e_trace_v3,455,72301518115571713,0,perception.lidar_tracking,out,158524984620096,1,/perception/inner/PrefusedObjects,0,0,1783062208038153006,0,0,0,1564121,1564294
202607031503,e2e_trace_v3,472,72301518115571714,0,perception.lidar_tracking,in,158525093815680,1,/perception/lidar/detection_filter,0,0,1783062208139162727,0,0,0,1564121,1564297
202607031503,e2e_trace_v3,473,72301518115571714,0,perception.lidar_tracking,out,158525094222624,1,/perception/inner/PrefusedObjects,0,0,1783062208139162727,0,0,0,1564121,1564297
202607031503,e2e_trace_v3,488,72301518115571715,0,perception.lidar_tracking,in,158525181326464,1,/perception/lidar/detection_filter,0,0,1783062208239437693,0,0,0,1564121,1564298
202607031503,e2e_trace_v3,489,72301518115571715,0,perception.lidar_tracking,out,158525181686272,1,/perception/inner/PrefusedObjects,0,0,1783062208239437693,0,0,0,1564121,1564298
202607031503,e2e_trace_v3,505,72301518115571716,0,perception.lidar_tracking,in,158525281173248,1,/perception/lidar/detection_filter,0,0,1783062208339166864,0,0,0,1564121,1564309
202607031503,e2e_trace_v3,506,72301518115571716,0,perception.lidar_tracking,out,158525281642944,1,/perception/inner/PrefusedObjects,0,0,1783062208339166864,0,0,0,1564121,1564309
202607031503,e2e_trace_v3,522,72301518115571717,0,perception.lidar_tracking,in,158525382324832,1,/perception/lidar/detection_filter,0,0,1783062208439385913,0,0,0,1564121,1564301
202607031503,e2e_trace_v3,523,72301518115571717,0,perception.lidar_tracking,out,158525382665920,1,/perception/inner/PrefusedObjects,0,0,1783062208439385913,0,0,0,1564121,1564301
202607031503,e2e_trace_v3,540,72301518115571718,0,perception.lidar_tracking,in,158525497008544,1,/perception/lidar/detection_filter,0,0,1783062208539523133,0,0,0,1564121,1564298
202607031503,e2e_trace_v3,541,72301518115571718,0,perception.lidar_tracking,out,158525497323232,1,/perception/inner/PrefusedObjects,0,0,1783062208539523133,0,0,0,1564121,1564298
202607031503,e2e_trace_v3,556,72301518115571719,0,perception.lidar_tracking,in,158525579128704,1,/perception/lidar/detection_filter,0,0,1783062208638713747,0,0,0,1564121,1564298
202607031503,e2e_trace_v3,557,72301518115571719,0,perception.lidar_tracking,out,158525579459584,1,/perception/inner/PrefusedObjects,0,0,1783062208638713747,0,0,0,1564121,1564298
202607031503,e2e_trace_v3,573,72301518115571720,0,perception.lidar_tracking,in,158525682405728,1,/perception/lidar/detection_filter,0,0,1783062208739712561,0,0,0,1564121,1564309
202607031503,e2e_trace_v3,574,72301518115571720,0,perception.lidar_tracking,out,158525682759168,1,/perception/inner/PrefusedObjects,0,0,1783062208739712561,0,0,0,1564121,1564309
202607031503,e2e_trace_v3,590,72301518115571721,0,perception.lidar_tracking,in,158525783456960,1,/perception/lidar/detection_filter,0,0,1783062208838660331,0,0,0,1564121,1564306
202607031503,e2e_trace_v3,591,72301518115571721,0,perception.lidar_tracking,out,158525783896672,1,/perception/inner/PrefusedObjects,0,0,1783062208838660331,0,0,0,1564121,1564306
202607031503,e2e_trace_v3,606,72301518115571722,0,perception.lidar_tracking,in,158525881331360,1,/perception/lidar/detection_filter,0,0,1783062208939284384,0,0,0,1564121,1564302
202607031503,e2e_trace_v3,608,72301518115571722,0,perception.lidar_tracking,out,158525881701472,1,/perception/inner/PrefusedObjects,0,0,1783062208939284384,0,0,0,1564121,1564302
202607031503,e2e_trace_v3,624,72301518115571723,0,perception.lidar_tracking,in,158525979258016,1,/perception/lidar/detection_filter,0,0,1783062209038454833,0,0,0,1564121,1564297
202607031503,e2e_trace_v3,625,72301518115571723,0,perception.lidar_tracking,out,158525979604256,1,/perception/inner/PrefusedObjects,0,0,1783062209038454833,0,0,0,1564121,1564297
202607031503,e2e_trace_v3,642,72301518115571724,0,perception.lidar_tracking,in,158526101380416,1,/perception/lidar/detection_filter,0,0,1783062209138756443,0,0,0,1564121,1564306
202607031503,e2e_trace_v3,643,72301518115571724,0,perception.lidar_tracking,out,158526101707616,1,/perception/inner/PrefusedObjects,0,0,1783062209138756443,0,0,0,1564121,1564306
202607031503,e2e_trace_v3,661,72301518115571725,0,perception.lidar_tracking,in,158526208194976,1,/perception/lidar/detection_filter,0,0,1783062209239131894,0,0,0,1564121,1564297
202607031503,e2e_trace_v3,662,72301518115571725,0,perception.lidar_tracking,out,158526208553312,1,/perception/inner/PrefusedObjects,0,0,1783062209239131894,0,0,0,1564121,1564297
202607031503,e2e_trace_v3,675,72301518115571726,0,perception.lidar_tracking,in,158526280765312,1,/perception/lidar/detection_filter,0,0,1783062209339157596,0,0,0,1564121,1564296
202607031503,e2e_trace_v3,676,72301518115571726,0,perception.lidar_tracking,out,158526281134208,1,/perception/inner/PrefusedObjects,0,0,1783062209339157596,0,0,0,1564121,1564296
202607031503,e2e_trace_v3,692,72301518115571727,0,perception.lidar_tracking,in,158526378819200,1,/perception/lidar/detection_filter,0,0,1783062209438341600,0,0,0,1564121,1564297
202607031503,e2e_trace_v3,693,72301518115571727,0,perception.lidar_tracking,out,158526379222944,1,/perception/inner/PrefusedObjects,0,0,1783062209438341600,0,0,0,1564121,1564297
202607031503,e2e_trace_v3,719,72301518115571728,0,perception.lidar_tracking,in,158526539495520,1,/perception/lidar/detection_filter,0,0,1783062209538313793,0,0,0,1564121,1564306
202607031503,e2e_trace_v3,720,72301518115571728,0,perception.lidar_tracking,out,158526539863776,1,/perception/inner/PrefusedObjects,0,0,1783062209538313793,0,0,0,1564121,1564306
202607031503,e2e_trace_v3,736,72301518115571729,0,perception.lidar_tracking,in,158526669564736,1,/perception/lidar/detection_filter,0,0,1783062209638475842,0,0,0,1564121,1564300
202607031503,e2e_trace_v3,737,72301518115571729,0,perception.lidar_tracking,out,158526669968384,1,/perception/inner/PrefusedObjects,0,0,1783062209638475842,0,0,0,1564121,1564300
202607031503,e2e_trace_v3,753,72301518115571730,0,perception.lidar_tracking,in,158526807300672,1,/perception/lidar/detection_filter,0,0,1783062209738501177,0,0,0,1564121,1564296
202607031503,e2e_trace_v3,754,72301518115571730,0,perception.lidar_tracking,out,158526807683776,1,/perception/inner/PrefusedObjects,0,0,1783062209738501177,0,0,0,1564121,1564296
202607031503,e2e_trace_v3,779,72301518115571731,0,perception.lidar_tracking,in,158526947451872,1,/perception/lidar/detection_filter,0,0,1783062209838081405,0,0,0,1564121,1564294
202607031503,e2e_trace_v3,780,72301518115571731,0,perception.lidar_tracking,out,158526947771040,1,/perception/inner/PrefusedObjects,0,0,1783062209838081405,0,0,0,1564121,1564294
202607031503,e2e_trace_v3,790,72301518115571732,0,perception.lidar_tracking,in,158527017796352,1,/perception/lidar/detection_filter,0,0,1783062209938327961,0,0,0,1564121,1564305
202607031503,e2e_trace_v3,791,72301518115571732,0,perception.lidar_tracking,out,158527018175936,1,/perception/inner/PrefusedObjects,0,0,1783062209938327961,0,0,0,1564121,1564305
202607031503,e2e_trace_v3,804,72301518115571733,0,perception.lidar_tracking,in,158527088010976,1,/perception/lidar/detection_filter,0,0,1783062210038779510,0,0,0,1564121,1564307
202607031503,e2e_trace_v3,805,72301518115571733,0,perception.lidar_tracking,out,158527088620544,1,/perception/inner/PrefusedObjects,0,0,1783062210038779510,0,0,0,1564121,1564307
202607031503,e2e_trace_v3,830,72301518115571734,0,perception.lidar_tracking,in,158527230748640,1,/perception/lidar/detection_filter,0,0,1783062210139455965,0,0,0,1564121,1564305
202607031503,e2e_trace_v3,831,72301518115571734,0,perception.lidar_tracking,out,158527231258464,1,/perception/inner/PrefusedObjects,0,0,1783062210139455965,0,0,0,1564121,1564305
202607031503,e2e_trace_v3,847,72301518115571735,0,perception.lidar_tracking,in,158527371583008,1,/perception/lidar/detection_filter,0,0,1783062210238725777,0,0,0,1564121,1564299
202607031503,e2e_trace_v3,848,72301518115571735,0,perception.lidar_tracking,out,158527372200000,1,/perception/inner/PrefusedObjects,0,0,1783062210238725777,0,0,0,1564121,1564299
202607031503,e2e_trace_v3,867,72301518115571736,0,perception.lidar_tracking,in,158527512581280,1,/perception/lidar/detection_filter,0,0,1783062210339204774,0,0,0,1564121,1564303
202607031503,e2e_trace_v3,868,72301518115571736,0,perception.lidar_tracking,out,158527512964704,1,/perception/inner/PrefusedObjects,0,0,1783062210339204774,0,0,0,1564121,1564303
202607031503,e2e_trace_v3,881,72301518115571737,0,perception.lidar_tracking,in,158527584325952,1,/perception/lidar/detection_filter,0,0,1783062210438893390,0,0,0,1564121,1564294
202607031503,e2e_trace_v3,882,72301518115571737,0,perception.lidar_tracking,out,158527584683712,1,/perception/inner/PrefusedObjects,0,0,1783062210438893390,0,0,0,1564121,1564294
202607031503,e2e_trace_v3,907,72301518115571738,0,perception.lidar_tracking,in,158527727405696,1,/perception/lidar/detection_filter,0,0,1783062210539928560,0,0,0,1564121,1564303
202607031503,e2e_trace_v3,908,72301518115571738,0,perception.lidar_tracking,out,158527727761792,1,/perception/inner/PrefusedObjects,0,0,1783062210539928560,0,0,0,1564121,1564303
202607031503,e2e_trace_v3,916,72301518115571739,0,perception.lidar_tracking,in,158527797806624,1,/perception/lidar/detection_filter,0,0,1783062210637446321,0,0,0,1564121,1564294
202607031503,e2e_trace_v3,917,72301518115571739,0,perception.lidar_tracking,out,158527798020832,1,/perception/inner/PrefusedObjects,0,0,1783062210637446321,0,0,0,1564121,1564294
202607031503,e2e_trace_v3,941,72301518115571740,0,perception.lidar_tracking,in,158527940116704,1,/perception/lidar/detection_filter,0,0,1783062210737630906,0,0,0,1564121,1564307
202607031503,e2e_trace_v3,942,72301518115571740,0,perception.lidar_tracking,out,158527940406816,1,/perception/inner/PrefusedObjects,0,0,1783062210737630906,0,0,0,1564121,1564307
202607031503,e2e_trace_v3,958,72301518115571741,0,perception.lidar_tracking,in,158528081919648,1,/perception/lidar/detection_filter,0,0,1783062210838753975,0,0,0,1564121,1564309
202607031503,e2e_trace_v3,959,72301518115571741,0,perception.lidar_tracking,out,158528082273696,1,/perception/inner/PrefusedObjects,0,0,1783062210838753975,0,0,0,1564121,1564309
202607031503,e2e_trace_v3,983,72301518115571742,0,perception.lidar_tracking,in,158528225339360,1,/perception/lidar/detection_filter,0,0,1783062210939130195,0,0,0,1564121,1564302
202607031503,e2e_trace_v3,985,72301518115571742,0,perception.lidar_tracking,out,158528225666688,1,/perception/inner/PrefusedObjects,0,0,1783062210939130195,0,0,0,1564121,1564302
202607031503,e2e_trace_v3,1001,72301518115571743,0,perception.lidar_tracking,in,158528367850368,1,/perception/lidar/detection_filter,0,0,1783062211038713480,0,0,0,1564121,1564295
202607031503,e2e_trace_v3,1002,72301518115571743,0,perception.lidar_tracking,out,158528368187008,1,/perception/inner/PrefusedObjects,0,0,1783062211038713480,0,0,0,1564121,1564295
202607031503,e2e_trace_v3,1021,72301518115571744,0,perception.lidar_tracking,in,158528511258432,1,/perception/lidar/detection_filter,0,0,1783062211139309100,0,0,0,1564121,1564302
202607031503,e2e_trace_v3,1022,72301518115571744,0,perception.lidar_tracking,out,158528511586048,1,/perception/inner/PrefusedObjects,0,0,1783062211139309100,0,0,0,1564121,1564302
202607031503,e2e_trace_v3,1044,72301518115571745,0,perception.lidar_tracking,in,158528658539904,1,/perception/lidar/detection_filter,0,0,1783062211239160641,0,0,0,1564121,1564305
202607031503,e2e_trace_v3,1045,72301518115571745,0,perception.lidar_tracking,out,158528658909984,1,/perception/inner/PrefusedObjects,0,0,1783062211239160641,0,0,0,1564121,1564305
202607031503,e2e_trace_v3,1064,72301518115571746,0,perception.lidar_tracking,in,158528806933248,1,/perception/lidar/detection_filter,0,0,1783062211339181682,0,0,0,1564121,1564301
202607031503,e2e_trace_v3,1065,72301518115571746,0,perception.lidar_tracking,out,158528807275040,1,/perception/inner/PrefusedObjects,0,0,1783062211339181682,0,0,0,1564121,1564301
202607031503,e2e_trace_v3,1078,72301518115571747,0,perception.lidar_tracking,in,158528883519936,1,/perception/lidar/detection_filter,0,0,1783062211438280189,0,0,0,1564121,1564299
202607031503,e2e_trace_v3,1079,72301518115571747,0,perception.lidar_tracking,out,158528883803072,1,/perception/inner/PrefusedObjects,0,0,1783062211438280189,0,0,0,1564121,1564299
202607031503,e2e_trace_v3,1104,72301518115571748,0,perception.lidar_tracking,in,158529041524544,1,/perception/lidar/detection_filter,0,0,1783062211539451592,0,0,0,1564121,1564306
202607031503,e2e_trace_v3,1105,72301518115571748,0,perception.lidar_tracking,out,158529041864480,1,/perception/inner/PrefusedObjects,0,0,1783062211539451592,0,0,0,1564121,1564306
202607031503,e2e_trace_v3,1115,72301518115571749,0,perception.lidar_tracking,in,158529113506016,1,/perception/lidar/detection_filter,0,0,1783062211639839642,0,0,0,1564121,1564309
202607031503,e2e_trace_v3,1116,72301518115571749,0,perception.lidar_tracking,out,158529113793600,1,/perception/inner/PrefusedObjects,0,0,1783062211639839642,0,0,0,1564121,1564309
202607031503,e2e_trace_v3,1138,72301518115571750,0,perception.lidar_tracking,in,158529261826048,1,/perception/lidar/detection_filter,0,0,1783062211739529414,0,0,0,1564121,1564307
202607031503,e2e_trace_v3,1139,72301518115571750,0,perception.lidar_tracking,out,158529262133472,1,/perception/inner/PrefusedObjects,0,0,1783062211739529414,0,0,0,1564121,1564307
202607031503,e2e_trace_v3,1155,72301518115571751,0,perception.lidar_tracking,in,158529333366688,1,/perception/lidar/detection_filter,0,0,1783062211839746617,0,0,0,1564121,1564303
202607031503,e2e_trace_v3,1156,72301518115571751,0,perception.lidar_tracking,out,158529333690112,1,/perception/inner/PrefusedObjects,0,0,1783062211839746617,0,0,0,1564121,1564303
202607031503,e2e_trace_v3,1172,72301518115571752,0,perception.lidar_tracking,in,158529480735648,1,/perception/lidar/detection_filter,0,0,1783062211939348862,0,0,0,1564121,1564300
202607031503,e2e_trace_v3,1173,72301518115571752,0,perception.lidar_tracking,out,158529481061600,1,/perception/inner/PrefusedObjects,0,0,1783062211939348862,0,0,0,1564121,1564300
202607031503,e2e_trace_v3,1198,72301518115571753,0,perception.lidar_tracking,in,158529629485728,1,/perception/lidar/detection_filter,0,0,1783062212039025703,0,0,0,1564121,1564309
202607031503,e2e_trace_v3,1199,72301518115571753,0,perception.lidar_tracking,out,158529629809792,1,/perception/inner/PrefusedObjects,0,0,1783062212039025703,0,0,0,1564121,1564309
202607031503,e2e_trace_v3,1207,72301518115571754,0,perception.lidar_tracking,in,158529701250208,1,/perception/lidar/detection_filter,0,0,1783062212138274837,0,0,0,1564121,1564300
202607031503,e2e_trace_v3,1208,72301518115571754,0,perception.lidar_tracking,out,158529701431392,1,/perception/inner/PrefusedObjects,0,0,1783062212138274837,0,0,0,1564121,1564300
202607031503,e2e_trace_v3,1223,72301518115571755,0,perception.lidar_tracking,in,158529773566880,1,/perception/lidar/detection_filter,0,0,1783062212238978162,0,0,0,1564121,1564296
202607031503,e2e_trace_v3,1224,72301518115571755,0,perception.lidar_tracking,out,158529773842752,1,/perception/inner/PrefusedObjects,0,0,1783062212238978162,0,0,0,1564121,1564296
202607031503,e2e_trace_v3,1240,72301518115571756,0,perception.lidar_tracking,in,158529846905184,1,/perception/lidar/detection_filter,0,0,1783062212339625027,0,0,0,1564121,1564300
202607031503,e2e_trace_v3,1241,72301518115571756,0,perception.lidar_tracking,out,158529847269856,1,/perception/inner/PrefusedObjects,0,0,1783062212339625027,0,0,0,1564121,1564300
202607031503,e2e_trace_v3,1257,72301518115571757,0,perception.lidar_tracking,in,158529920612704,1,/perception/lidar/detection_filter,0,0,1783062212438894115,0,0,0,1564121,1564301
202607031503,e2e_trace_v3,1258,72301518115571757,0,perception.lidar_tracking,out,158529920963072,1,/perception/inner/PrefusedObjects,0,0,1783062212438894115,0,0,0,1564121,1564301
202607031503,e2e_trace_v3,1266,72301518115571758,0,perception.lidar_tracking,in,158529993611904,1,/perception/lidar/detection_filter,0,0,1783062212539229995,0,0,0,1564121,1564304
202607031503,e2e_trace_v3,1267,72301518115571758,0,perception.lidar_tracking,out,158529994270496,1,/perception/inner/PrefusedObjects,0,0,1783062212539229995,0,0,0,1564121,1564304
202607031503,e2e_trace_v3,1282,72301518115571759,0,perception.lidar_tracking,in,158530067196928,1,/perception/lidar/detection_filter,0,0,1783062212638956520,0,0,0,1564121,1564295
202607031503,e2e_trace_v3,1283,72301518115571759,0,perception.lidar_tracking,out,158530067593728,1,/perception/inner/PrefusedObjects,0,0,1783062212638956520,0,0,0,1564121,1564295
202607031503,e2e_trace_v3,1308,72301518115571760,0,perception.lidar_tracking,in,158530218234112,1,/perception/lidar/detection_filter,0,0,1783062212738662161,0,0,0,1564121,1564308
202607031503,e2e_trace_v3,1309,72301518115571760,0,perception.lidar_tracking,out,158530218577632,1,/perception/inner/PrefusedObjects,0,0,1783062212738662161,0,0,0,1564121,1564308
202607031503,e2e_trace_v3,1325,72301518115571761,0,perception.lidar_tracking,in,158530366810592,1,/perception/lidar/detection_filter,0,0,1783062212838959051,0,0,0,1564121,1564305
202607031503,e2e_trace_v3,1326,72301518115571761,0,perception.lidar_tracking,out,158530367146336,1,/perception/inner/PrefusedObjects,0,0,1783062212838959051,0,0,0,1564121,1564305
202607031503,e2e_trace_v3,1345,72301518115571762,0,perception.lidar_tracking,in,158530516847872,1,/perception/lidar/detection_filter,0,0,1783062212939088164,0,0,0,1564121,1564294
202607031503,e2e_trace_v3,1346,72301518115571762,0,perception.lidar_tracking,out,158530517171040,1,/perception/inner/PrefusedObjects,0,0,1783062212939088164,0,0,0,1564121,1564294
202607031503,e2e_trace_v3,1360,72301518115571763,0,perception.lidar_tracking,in,158530591100512,1,/perception/lidar/detection_filter,0,0,1783062213038830929,0,0,0,1564121,1564301
202607031503,e2e_trace_v3,1361,72301518115571763,0,perception.lidar_tracking,out,158530591457536,1,/perception/inner/PrefusedObjects,0,0,1783062213038830929,0,0,0,1564121,1564301
202607031503,e2e_trace_v3,1376,72301518115571764,0,perception.lidar_tracking,in,158530663152640,1,/perception/lidar/detection_filter,0,0,1783062213138169774,0,0,0,1564121,1564306
202607031503,e2e_trace_v3,1377,72301518115571764,0,perception.lidar_tracking,out,158530663511392,1,/perception/inner/PrefusedObjects,0,0,1783062213138169774,0,0,0,1564121,1564306
202607031503,e2e_trace_v3,1393,72301518115571765,0,perception.lidar_tracking,in,158530735739264,1,/perception/lidar/detection_filter,0,0,1783062213242986882,0,0,0,1564121,1564295
202607031503,e2e_trace_v3,1394,72301518115571765,0,perception.lidar_tracking,out,158530736033504,1,/perception/inner/PrefusedObjects,0,0,1783062213242986882,0,0,0,1564121,1564295
202607031503,e2e_trace_v3,1404,72301518115571766,0,perception.lidar_tracking,in,158530808005632,1,/perception/lidar/detection_filter,0,0,1783062213339230876,0,0,0,1564121,1564305
202607031503,e2e_trace_v3,1405,72301518115571766,0,perception.lidar_tracking,out,158530808294144,1,/perception/inner/PrefusedObjects,0,0,1783062213339230876,0,0,0,1564121,1564305
202607031503,e2e_trace_v3,1418,72301518115571767,0,perception.lidar_tracking,in,158530880570304,1,/perception/lidar/detection_filter,0,0,1783062213438507191,0,0,0,1564121,1564304
202607031503,e2e_trace_v3,1419,72301518115571767,0,perception.lidar_tracking,out,158530880851104,1,/perception/inner/PrefusedObjects,0,0,1783062213438507191,0,0,0,1564121,1564304
202607031503,e2e_trace_v3,1435,72301518115571768,0,perception.lidar_tracking,in,158530953195072,1,/perception/lidar/detection_filter,0,0,1783062213538605083,0,0,0,1564121,1564295
202607031503,e2e_trace_v3,1436,72301518115571768,0,perception.lidar_tracking,out,158530953486112,1,/perception/inner/PrefusedObjects,0,0,1783062213538605083,0,0,0,1564121,1564295
202607031503,e2e_trace_v3,1455,72301518115571769,0,perception.lidar_tracking,in,158531102608832,1,/perception/lidar/detection_filter,0,0,1783062213638173989,0,0,0,1564121,1564308
202607031503,e2e_trace_v3,1456,72301518115571769,0,perception.lidar_tracking,out,158531102882656,1,/perception/inner/PrefusedObjects,0,0,1783062213638173989,0,0,0,1564121,1564308
202607031503,e2e_trace_v3,1469,72301518115571770,0,perception.lidar_tracking,in,158531175342240,1,/perception/lidar/detection_filter,0,0,1783062213738703403,0,0,0,1564121,1564295
202607031503,e2e_trace_v3,1470,72301518115571770,0,perception.lidar_tracking,out,158531175679744,1,/perception/inner/PrefusedObjects,0,0,1783062213738703403,0,0,0,1564121,1564295
202607031503,e2e_trace_v3,1495,72301518115571771,0,perception.lidar_tracking,in,158531325779136,1,/perception/lidar/detection_filter,0,0,1783062213838857155,0,0,0,1564121,1564309
202607031503,e2e_trace_v3,1496,72301518115571771,0,perception.lidar_tracking,out,158531326110624,1,/perception/inner/PrefusedObjects,0,0,1783062213838857155,0,0,0,1564121,1564309
202607031503,e2e_trace_v3,1504,72301518115571772,0,perception.lidar_tracking,in,158531398625600,1,/perception/lidar/detection_filter,0,0,1783062213937646884,0,0,0,1564121,1564295
202607031503,e2e_trace_v3,1505,72301518115571772,0,perception.lidar_tracking,out,158531398902656,1,/perception/inner/PrefusedObjects,0,0,1783062213937646884,0,0,0,1564121,1564295
202607031503,e2e_trace_v3,1520,72301518115571773,0,perception.lidar_tracking,in,158531471563232,1,/perception/lidar/detection_filter,0,0,1783062214038300596,0,0,0,1564121,1564295
202607031503,e2e_trace_v3,1521,72301518115571773,0,perception.lidar_tracking,out,158531471940576,1,/perception/inner/PrefusedObjects,0,0,1783062214038300596,0,0,0,1564121,1564295
202607031503,e2e_trace_v3,1537,72301518115571774,0,perception.lidar_tracking,in,158531545085440,1,/perception/lidar/detection_filter,0,0,1783062214137719049,0,0,0,1564121,1564304
202607031503,e2e_trace_v3,1538,72301518115571774,0,perception.lidar_tracking,out,158531545431520,1,/perception/inner/PrefusedObjects,0,0,1783062214137719049,0,0,0,1564121,1564304
202607031503,e2e_trace_v3,1554,72301518115571775,0,perception.lidar_tracking,in,158531621716288,1,/perception/lidar/detection_filter,0,0,1783062214238219919,0,0,0,1564121,1564298
202607031503,e2e_trace_v3,1555,72301518115571775,0,perception.lidar_tracking,out,158531622070240,1,/perception/inner/PrefusedObjects,0,0,1783062214238219919,0,0,0,1564121,1564298
202607031503,e2e_trace_v3,1563,72301518115571776,0,perception.lidar_tracking,in,158531694215392,1,/perception/lidar/detection_filter,0,0,1783062214338269641,0,0,0,1564121,1564309
202607031503,e2e_trace_v3,1564,72301518115571776,0,perception.lidar_tracking,out,158531694510880,1,/perception/inner/PrefusedObjects,0,0,1783062214338269641,0,0,0,1564121,1564309
202607031503,e2e_trace_v3,1579,72301518115571777,0,perception.lidar_tracking,in,158531767955520,1,/perception/lidar/detection_filter,0,0,1783062214437799338,0,0,0,1564121,1564299
202607031503,e2e_trace_v3,1580,72301518115571777,0,perception.lidar_tracking,out,158531768278080,1,/perception/inner/PrefusedObjects,0,0,1783062214437799338,0,0,0,1564121,1564299
202607031503,e2e_trace_v3,1596,72301518115571778,0,perception.lidar_tracking,in,158531840922080,1,/perception/lidar/detection_filter,0,0,1783062214539113934,0,0,0,1564121,1564302
202607031503,e2e_trace_v3,1597,72301518115571778,0,perception.lidar_tracking,out,158531841315488,1,/perception/inner/PrefusedObjects,0,0,1783062214539113934,0,0,0,1564121,1564302
202607031503,e2e_trace_v3,1613,72301518115571779,0,perception.lidar_tracking,in,158531918598880,1,/perception/lidar/detection_filter,0,0,1783062214638458964,0,0,0,1564121,1564296
202607031503,e2e_trace_v3,1614,72301518115571779,0,perception.lidar_tracking,out,158531918918368,1,/perception/inner/PrefusedObjects,0,0,1783062214638458964,0,0,0,1564121,1564296
202607031503,e2e_trace_v3,1622,72301518115571780,0,perception.lidar_tracking,in,158531992210080,1,/perception/lidar/detection_filter,0,0,1783062214738487193,0,0,0,1564121,1564309
202607031503,e2e_trace_v3,1623,72301518115571780,0,perception.lidar_tracking,out,158531992705216,1,/perception/inner/PrefusedObjects,0,0,1783062214738487193,0,0,0,1564121,1564309
202607031503,e2e_trace_v3,1638,72301518115571781,0,perception.lidar_tracking,in,158532068841280,1,/perception/lidar/detection_filter,0,0,1783062214838402684,0,0,0,1564121,1564306
202607031503,e2e_trace_v3,1639,72301518115571781,0,perception.lidar_tracking,out,158532069157376,1,/perception/inner/PrefusedObjects,0,0,1783062214838402684,0,0,0,1564121,1564306
202607031503,e2e_trace_v3,1655,72301518115571782,0,perception.lidar_tracking,in,158532141707136,1,/perception/lidar/detection_filter,0,0,1783062214938445918,0,0,0,1564121,1564307
202607031503,e2e_trace_v3,1656,72301518115571782,0,perception.lidar_tracking,out,158532142050816,1,/perception/inner/PrefusedObjects,0,0,1783062214938445918,0,0,0,1564121,1564307
202607031503,e2e_trace_v3,1673,72301518115571783,0,perception.lidar_tracking,in,158532295036416,1,/perception/lidar/detection_filter,0,0,1783062215038050803,0,0,0,1564121,1564301
202607031503,e2e_trace_v3,1674,72301518115571783,0,perception.lidar_tracking,out,158532295377120,1,/perception/inner/PrefusedObjects,0,0,1783062215038050803,0,0,0,1564121,1564301
202607031503,e2e_trace_v3,1698,72301518115571784,0,perception.lidar_tracking,in,158532443539904,1,/perception/lidar/detection_filter,0,0,1783062215138315692,0,0,0,1564121,1564301
202607031503,e2e_trace_v3,1699,72301518115571784,0,perception.lidar_tracking,out,158532443862976,1,/perception/inner/PrefusedObjects,0,0,1783062215138315692,0,0,0,1564121,1564301
202607031503,e2e_trace_v3,1709,72301518115571785,0,perception.lidar_tracking,in,158532516333408,1,/perception/lidar/detection_filter,0,0,1783062215239996012,0,0,0,1564121,1564295
202607031503,e2e_trace_v3,1710,72301518115571785,0,perception.lidar_tracking,out,158532516646560,1,/perception/inner/PrefusedObjects,0,0,1783062215239996012,0,0,0,1564121,1564295
202607031503,e2e_trace_v3,1723,72301518115571786,0,perception.lidar_tracking,in,158532590084160,1,/perception/lidar/detection_filter,0,0,1783062215339656383,0,0,0,1564121,1564295
202607031503,e2e_trace_v3,1724,72301518115571786,0,perception.lidar_tracking,out,158532590392960,1,/perception/inner/PrefusedObjects,0,0,1783062215339656383,0,0,0,1564121,1564295
202607031503,e2e_trace_v3,1740,72301518115571787,0,perception.lidar_tracking,in,158532663281248,1,/perception/lidar/detection_filter,0,0,1783062215440186945,0,0,0,1564121,1564294
202607031503,e2e_trace_v3,1741,72301518115571787,0,perception.lidar_tracking,out,158532663544576,1,/perception/inner/PrefusedObjects,0,0,1783062215440186945,0,0,0,1564121,1564294
202607031503,e2e_trace_v3,1757,72301518115571788,0,perception.lidar_tracking,in,158532737369760,1,/perception/lidar/detection_filter,0,0,1783062215539478539,0,0,0,1564121,1564303
202607031503,e2e_trace_v3,1758,72301518115571788,0,perception.lidar_tracking,out,158532737703328,1,/perception/inner/PrefusedObjects,0,0,1783062215539478539,0,0,0,1564121,1564303
202607031503,e2e_trace_v3,1768,72301518115571789,0,perception.lidar_tracking,in,158532809154592,1,/perception/lidar/detection_filter,0,0,1783062215639946157,0,0,0,1564121,1564305
202607031503,e2e_trace_v3,1769,72301518115571789,0,perception.lidar_tracking,out,158532809442304,1,/perception/inner/PrefusedObjects,0,0,1783062215639946157,0,0,0,1564121,1564305
202607031503,e2e_trace_v3,1782,72301518115571790,0,perception.lidar_tracking,in,158532882547680,1,/perception/lidar/detection_filter,0,0,1783062215739478537,0,0,0,1564121,1564301
202607031503,e2e_trace_v3,1783,72301518115571790,0,perception.lidar_tracking,out,158532882731488,1,/perception/inner/PrefusedObjects,0,0,1783062215739478537,0,0,0,1564121,1564301
202607031503,e2e_trace_v3,1799,72301518115571791,0,perception.lidar_tracking,in,158532956249536,1,/perception/lidar/detection_filter,0,0,1783062215839853555,0,0,0,1564121,1564298
202607031503,e2e_trace_v3,1800,72301518115571791,0,perception.lidar_tracking,out,158532956412736,1,/perception/inner/PrefusedObjects,0,0,1783062215839853555,0,0,0,1564121,1564298
202607031503,e2e_trace_v3,1816,72301518115571792,0,perception.lidar_tracking,in,158533029682880,1,/perception/lidar/detection_filter,0,0,1783062215939265928,0,0,0,1564121,1564309
202607031503,e2e_trace_v3,1817,72301518115571792,0,perception.lidar_tracking,out,158533029923232,1,/perception/inner/PrefusedObjects,0,0,1783062215939265928,0,0,0,1564121,1564309
202607031503,e2e_trace_v3,1825,72301518115571793,0,perception.lidar_tracking,in,158533102284992,1,/perception/lidar/detection_filter,0,0,1783062216040108289,0,0,0,1564121,1564298
202607031503,e2e_trace_v3,1826,72301518115571793,0,perception.lidar_tracking,out,158533102561536,1,/perception/inner/PrefusedObjects,0,0,1783062216040108289,0,0,0,1564121,1564298
202607031503,e2e_trace_v3,1841,72301518115571794,0,perception.lidar_tracking,in,158533174569792,1,/perception/lidar/detection_filter,0,0,1783062216140987117,0,0,0,1564121,1564296
202607031503,e2e_trace_v3,1842,72301518115571794,0,perception.lidar_tracking,out,158533174872320,1,/perception/inner/PrefusedObjects,0,0,1783062216140987117,0,0,0,1564121,1564296
202607031503,e2e_trace_v3,1867,72301518115571795,0,perception.lidar_tracking,in,158533325150496,1,/perception/lidar/detection_filter,0,0,1783062216240149390,0,0,0,1564121,1564299
202607031503,e2e_trace_v3,1868,72301518115571795,0,perception.lidar_tracking,out,158533325467808,1,/perception/inner/PrefusedObjects,0,0,1783062216240149390,0,0,0,1564121,1564299
202607031503,e2e_trace_v3,1876,72301518115571796,0,perception.lidar_tracking,in,158533397308384,1,/perception/lidar/detection_filter,0,0,1783062216338910627,0,0,0,1564121,1564296
202607031503,e2e_trace_v3,1877,72301518115571796,0,perception.lidar_tracking,out,158533397623360,1,/perception/inner/PrefusedObjects,0,0,1783062216338910627,0,0,0,1564121,1564296
202607031503,e2e_trace_v3,1899,72301518115571797,0,perception.lidar_tracking,in,158533550170976,1,/perception/lidar/detection_filter,0,0,1783062216439956473,0,0,0,1564121,1564302
202607031503,e2e_trace_v3,1902,72301518115571797,0,perception.lidar_tracking,out,158533550497664,1,/perception/inner/PrefusedObjects,0,0,1783062216439956473,0,0,0,1564121,1564302
202607031503,e2e_trace_v3,1918,72301518115571798,0,perception.lidar_tracking,in,158533624035808,1,/perception/lidar/detection_filter,0,0,1783062216539261537,0,0,0,1564121,1564301
202607031503,e2e_trace_v3,1919,72301518115571798,0,perception.lidar_tracking,out,158533624388288,1,/perception/inner/PrefusedObjects,0,0,1783062216539261537,0,0,0,1564121,1564301
202607031503,e2e_trace_v3,1927,72301518115571799,0,perception.lidar_tracking,in,158533697238336,1,/perception/lidar/detection_filter,0,0,1783062216639428894,0,0,0,1564121,1564307
202607031503,e2e_trace_v3,1928,72301518115571799,0,perception.lidar_tracking,out,158533697580992,1,/perception/inner/PrefusedObjects,0,0,1783062216639428894,0,0,0,1564121,1564307
202607031503,e2e_trace_v3,1943,72301518115571800,0,perception.lidar_tracking,in,158533771647424,1,/perception/lidar/detection_filter,0,0,1783062216740041457,0,0,0,1564121,1564303
202607031503,e2e_trace_v3,1944,72301518115571800,0,perception.lidar_tracking,out,158533771908096,1,/perception/inner/PrefusedObjects,0,0,1783062216740041457,0,0,0,1564121,1564303
202607031503,e2e_trace_v3,1960,72301518115571801,0,perception.lidar_tracking,in,158533847076128,1,/perception/lidar/detection_filter,0,0,1783062216840635189,0,0,0,1564121,1564306
202607031503,e2e_trace_v3,1961,72301518115571801,0,perception.lidar_tracking,out,158533847414816,1,/perception/inner/PrefusedObjects,0,0,1783062216840635189,0,0,0,1564121,1564306
202607031503,e2e_trace_v3,1976,72301518115571802,0,perception.lidar_tracking,in,158533921016768,1,/perception/lidar/detection_filter,0,0,1783062216940778577,0,0,0,1564121,1564309
202607031503,e2e_trace_v3,1978,72301518115571802,0,perception.lidar_tracking,out,158533921355840,1,/perception/inner/PrefusedObjects,0,0,1783062216940778577,0,0,0,1564121,1564309
202607031503,e2e_trace_v3,1985,72301518115571803,0,perception.lidar_tracking,in,158533994655680,1,/perception/lidar/detection_filter,0,0,1783062217040878879,0,0,0,1564121,1564299
202607031503,e2e_trace_v3,1986,72301518115571803,0,perception.lidar_tracking,out,158533994955008,1,/perception/inner/PrefusedObjects,0,0,1783062217040878879,0,0,0,1564121,1564299
202607031503,e2e_trace_v3,2004,72301518115571804,0,perception.lidar_tracking,in,158534106502112,1,/perception/lidar/detection_filter,0,0,1783062217140128801,0,0,0,1564121,1564303
202607031503,e2e_trace_v3,2005,72301518115571804,0,perception.lidar_tracking,out,158534106785024,1,/perception/inner/PrefusedObjects,0,0,1783062217140128801,0,0,0,1564121,1564303
202607031503,e2e_trace_v3,2017,72301518115571805,0,perception.lidar_tracking,in,158534193760576,1,/perception/lidar/detection_filter,0,0,1783062217240513534,0,0,0,1564121,1564299
202607031503,e2e_trace_v3,2019,72301518115571805,0,perception.lidar_tracking,out,158534194081120,1,/perception/inner/PrefusedObjects,0,0,1783062217240513534,0,0,0,1564121,1564299
202607031503,e2e_trace_v3,2036,72301518115571806,0,perception.lidar_tracking,in,158534296749184,1,/perception/lidar/detection_filter,0,0,1783062217343805200,0,0,0,1564121,1564295
202607031503,e2e_trace_v3,2037,72301518115571806,0,perception.lidar_tracking,out,158534297143136,1,/perception/inner/PrefusedObjects,0,0,1783062217343805200,0,0,0,1564121,1564295
202607031503,e2e_trace_v3,2053,72301518115571807,0,perception.lidar_tracking,in,158534396900128,1,/perception/lidar/detection_filter,0,0,1783062217439878501,0,0,0,1564121,1564309
202607031503,e2e_trace_v3,2054,72301518115571807,0,perception.lidar_tracking,out,158534397199808,1,/perception/inner/PrefusedObjects,0,0,1783062217439878501,0,0,0,1564121,1564309
202607031503,e2e_trace_v3,2079,72301518115571808,0,perception.lidar_tracking,in,158534521890176,1,/perception/lidar/detection_filter,0,0,1783062217539445634,0,0,0,1564121,1564298
202607031503,e2e_trace_v3,2080,72301518115571808,0,perception.lidar_tracking,out,158534522062784,1,/perception/inner/PrefusedObjects,0,0,1783062217539445634,0,0,0,1564121,1564298
202607031503,e2e_trace_v3,2087,72301518115571809,0,perception.lidar_tracking,in,158534596388416,1,/perception/lidar/detection_filter,0,0,1783062217640819519,0,0,0,1564121,1564303
202607031503,e2e_trace_v3,2088,72301518115571809,0,perception.lidar_tracking,out,158534596802656,1,/perception/inner/PrefusedObjects,0,0,1783062217640819519,0,0,0,1564121,1564303
202607031503,e2e_trace_v3,2113,72301518115571810,0,perception.lidar_tracking,in,158534774676992,1,/perception/lidar/detection_filter,0,0,1783062217740601235,0,0,0,1564121,1564302
202607031503,e2e_trace_v3,2114,72301518115571810,0,perception.lidar_tracking,out,158534774860800,1,/perception/inner/PrefusedObjects,0,0,1783062217740601235,0,0,0,1564121,1564302
202607031503,e2e_trace_v3,2139,72301518115571811,0,perception.lidar_tracking,in,158534927905152,1,/perception/lidar/detection_filter,0,0,1783062217839653509,0,0,0,1564121,1564300
202607031503,e2e_trace_v3,2140,72301518115571811,0,perception.lidar_tracking,out,158534928202784,1,/perception/inner/PrefusedObjects,0,0,1783062217839653509,0,0,0,1564121,1564300
202607031503,e2e_trace_v3,2156,72301518115571812,0,perception.lidar_tracking,in,158535076783968,1,/perception/lidar/detection_filter,0,0,1783062217940712793,0,0,0,1564121,1564299
202607031503,e2e_trace_v3,2157,72301518115571812,0,perception.lidar_tracking,out,158535077081120,1,/perception/inner/PrefusedObjects,0,0,1783062217940712793,0,0,0,1564121,1564299
202607031503,e2e_trace_v3,2182,72301518115571813,0,perception.lidar_tracking,in,158535228018880,1,/perception/lidar/detection_filter,0,0,1783062218039375269,0,0,0,1564121,1564302
202607031503,e2e_trace_v3,2183,72301518115571813,0,perception.lidar_tracking,out,158535228329312,1,/perception/inner/PrefusedObjects,0,0,1783062218039375269,0,0,0,1564121,1564302
202607031503,e2e_trace_v3,2199,72301518115571814,0,perception.lidar_tracking,in,158535379428736,1,/perception/lidar/detection_filter,0,0,1783062218139243051,0,0,0,1564121,1564296
202607031503,e2e_trace_v3,2200,72301518115571814,0,perception.lidar_tracking,out,158535379596384,1,/perception/inner/PrefusedObjects,0,0,1783062218139243051,0,0,0,1564121,1564296
202607031503,e2e_trace_v3,2225,72301518115571815,0,perception.lidar_tracking,in,158535532739168,1,/perception/lidar/detection_filter,0,0,1783062218239060359,0,0,0,1564121,1564309
202607031503,e2e_trace_v3,2226,72301518115571815,0,perception.lidar_tracking,out,158535533015936,1,/perception/inner/PrefusedObjects,0,0,1783062218239060359,0,0,0,1564121,1564309
202607031503,e2e_trace_v3,2242,72301518115571816,0,perception.lidar_tracking,in,158535689316928,1,/perception/lidar/detection_filter,0,0,1783062218340659075,0,0,0,1564121,1564297
202607031503,e2e_trace_v3,2243,72301518115571816,0,perception.lidar_tracking,out,158535689545024,1,/perception/inner/PrefusedObjects,0,0,1783062218340659075,0,0,0,1564121,1564297
202607031503,e2e_trace_v3,2268,72301518115571817,0,perception.lidar_tracking,in,158535844281120,1,/perception/lidar/detection_filter,0,0,1783062218440933006,0,0,0,1564121,1564302
202607031503,e2e_trace_v3,2269,72301518115571817,0,perception.lidar_tracking,out,158535844556608,1,/perception/inner/PrefusedObjects,0,0,1783062218440933006,0,0,0,1564121,1564302
202607031503,e2e_trace_v3,2286,72301518115571818,0,perception.lidar_tracking,in,158536000876288,1,/perception/lidar/detection_filter,0,0,1783062218540560433,0,0,0,1564121,1564300
202607031503,e2e_trace_v3,2287,72301518115571818,0,perception.lidar_tracking,out,158536001047296,1,/perception/inner/PrefusedObjects,0,0,1783062218540560433,0,0,0,1564121,1564300
202607031503,e2e_trace_v3,2311,72301518115571819,0,perception.lidar_tracking,in,158536174035936,1,/perception/lidar/detection_filter,0,0,1783062218639015435,0,0,0,1564121,1564300
202607031503,e2e_trace_v3,2312,72301518115571819,0,perception.lidar_tracking,out,158536174358048,1,/perception/inner/PrefusedObjects,0,0,1783062218639015435,0,0,0,1564121,1564300
202607031503,e2e_trace_v3,2337,72301518115571820,0,perception.lidar_tracking,in,158536330923872,1,/perception/lidar/detection_filter,0,0,1783062218739248193,0,0,0,1564121,1564309
202607031503,e2e_trace_v3,2338,72301518115571820,0,perception.lidar_tracking,out,158536331148096,1,/perception/inner/PrefusedObjects,0,0,1783062218739248193,0,0,0,1564121,1564309
202607031503,e2e_trace_v3,2354,72301518115571821,0,perception.lidar_tracking,in,158536489463264,1,/perception/lidar/detection_filter,0,0,1783062218840365252,0,0,0,1564121,1564295
202607031503,e2e_trace_v3,2355,72301518115571821,0,perception.lidar_tracking,out,158536489750816,1,/perception/inner/PrefusedObjects,0,0,1783062218840365252,0,0,0,1564121,1564295
202607031503,e2e_trace_v3,2380,72301518115571822,0,perception.lidar_tracking,in,158536638773440,1,/perception/lidar/detection_filter,0,0,1783062218939996585,0,0,0,1564121,1564296
202607031503,e2e_trace_v3,2381,72301518115571822,0,perception.lidar_tracking,out,158536639046592,1,/perception/inner/PrefusedObjects,0,0,1783062218939996585,0,0,0,1564121,1564296
202607031503,e2e_trace_v3,2397,72301518115571823,0,perception.lidar_tracking,in,158536790762784,1,/perception/lidar/detection_filter,0,0,1783062219040568798,0,0,0,1564121,1564302
202607031503,e2e_trace_v3,2398,72301518115571823,0,perception.lidar_tracking,out,158536791038048,1,/perception/inner/PrefusedObjects,0,0,1783062219040568798,0,0,0,1564121,1564302
202607031503,e2e_trace_v3,2423,72301518115571824,0,perception.lidar_tracking,in,158536980899328,1,/perception/lidar/detection_filter,0,0,1783062219139918895,0,0,0,1564121,1564302
202607031503,e2e_trace_v3,2424,72301518115571824,0,perception.lidar_tracking,out,158536981219744,1,/perception/inner/PrefusedObjects,0,0,1783062219139918895,0,0,0,1564121,1564302
202607031503,e2e_trace_v3,2449,72301518115571825,0,perception.lidar_tracking,in,158537145764096,1,/perception/lidar/detection_filter,0,0,1783062219240076101,0,0,0,1564121,1564303
202607031503,e2e_trace_v3,2450,72301518115571825,0,perception.lidar_tracking,out,158537146067648,1,/perception/inner/PrefusedObjects,0,0,1783062219240076101,0,0,0,1564121,1564303
202607031503,e2e_trace_v3,2469,72301518115571826,0,perception.lidar_tracking,in,158537309712096,1,/perception/lidar/detection_filter,0,0,1783062219339719832,0,0,0,1564121,1564302
202607031503,e2e_trace_v3,2470,72301518115571826,0,perception.lidar_tracking,out,158537309888288,1,/perception/inner/PrefusedObjects,0,0,1783062219339719832,0,0,0,1564121,1564302
202607031503,e2e_trace_v3,2492,72301518115571827,0,perception.lidar_tracking,in,158537477481920,1,/perception/lidar/detection_filter,0,0,1783062219440460646,0,0,0,1564121,1564297
202607031503,e2e_trace_v3,2493,72301518115571827,0,perception.lidar_tracking,out,158537477755136,1,/perception/inner/PrefusedObjects,0,0,1783062219440460646,0,0,0,1564121,1564297
202607031503,e2e_trace_v3,2518,72301518115571828,0,perception.lidar_tracking,in,158537646584000,1,/perception/lidar/detection_filter,0,0,1783062219540052526,0,0,0,1564121,1564296
202607031503,e2e_trace_v3,2519,72301518115571828,0,perception.lidar_tracking,out,158537646755424,1,/perception/inner/PrefusedObjects,0,0,1783062219540052526,0,0,0,1564121,1564296
202607031503,e2e_trace_v3,2535,72301518115571829,0,perception.lidar_tracking,in,158537722319008,1,/perception/lidar/detection_filter,0,0,1783062219639843800,0,0,0,1564121,1564302
202607031503,e2e_trace_v3,2536,72301518115571829,0,perception.lidar_tracking,out,158537722553888,1,/perception/inner/PrefusedObjects,0,0,1783062219639843800,0,0,0,1564121,1564302
202607031503,e2e_trace_v3,2561,72301518115571830,0,perception.lidar_tracking,in,158537976285504,1,/perception/lidar/detection_filter,0,0,1783062219743061750,0,0,0,1564121,1564307
202607031503,e2e_trace_v3,2562,72301518115571830,0,perception.lidar_tracking,out,158537976814688,1,/perception/inner/PrefusedObjects,0,0,1783062219743061750,0,0,0,1564121,1564307
202607031503,e2e_trace_v3,2578,72301518115571831,0,perception.lidar_tracking,in,158538053011168,1,/perception/lidar/detection_filter,0,0,1783062219838599376,0,0,0,1564121,1564298
202607031503,e2e_trace_v3,2579,72301518115571831,0,perception.lidar_tracking,out,158538053298880,1,/perception/inner/PrefusedObjects,0,0,1783062219838599376,0,0,0,1564121,1564298
202607031503,e2e_trace_v3,2613,72301518115571832,0,perception.lidar_tracking,in,158538354226496,1,/perception/lidar/detection_filter,0,0,1783062219940437150,0,0,0,1564121,1564294
202607031503,e2e_trace_v3,2614,72301518115571832,0,perception.lidar_tracking,out,158538354418176,1,/perception/inner/PrefusedObjects,0,0,1783062219940437150,0,0,0,1564121,1564294
202607031503,e2e_trace_v3,2648,72301518115571833,0,perception.lidar_tracking,in,158538652708480,1,/perception/lidar/detection_filter,0,0,1783062220039602017,0,0,0,1564121,1564300
202607031503,e2e_trace_v3,2649,72301518115571833,0,perception.lidar_tracking,out,158538652946752,1,/perception/inner/PrefusedObjects,0,0,1783062220039602017,0,0,0,1564121,1564300
202607031503,e2e_trace_v3,2665,72301518115571834,0,perception.lidar_tracking,in,158538728770784,1,/perception/lidar/detection_filter,0,0,1783062220139338865,0,0,0,1564121,1564303
202607031503,e2e_trace_v3,2666,72301518115571834,0,perception.lidar_tracking,out,158538728992352,1,/perception/inner/PrefusedObjects,0,0,1783062220139338865,0,0,0,1564121,1564303
202607031503,e2e_trace_v3,2676,72301518115571835,0,perception.lidar_tracking,in,158538806026304,1,/perception/lidar/detection_filter,0,0,1783062220239074020,0,0,0,1564121,1564307
202607031503,e2e_trace_v3,2677,72301518115571835,0,perception.lidar_tracking,out,158538806271296,1,/perception/inner/PrefusedObjects,0,0,1783062220239074020,0,0,0,1564121,1564307
202607031503,e2e_trace_v3,2690,72301518115571836,0,perception.lidar_tracking,in,158538883080224,1,/perception/lidar/detection_filter,0,0,1783062220340228356,0,0,0,1564121,1564297
202607031503,e2e_trace_v3,2691,72301518115571836,0,perception.lidar_tracking,out,158538883486176,1,/perception/inner/PrefusedObjects,0,0,1783062220340228356,0,0,0,1564121,1564297
202607031503,e2e_trace_v3,2707,72301518115571837,0,perception.lidar_tracking,in,158538961100352,1,/perception/lidar/detection_filter,0,0,1783062220440109559,0,0,0,1564121,1564306
202607031503,e2e_trace_v3,2708,72301518115571837,0,perception.lidar_tracking,out,158538961409920,1,/perception/inner/PrefusedObjects,0,0,1783062220440109559,0,0,0,1564121,1564306
202607031503,e2e_trace_v3,2724,72301518115571838,0,perception.lidar_tracking,in,158539037879008,1,/perception/lidar/detection_filter,0,0,1783062220539838662,0,0,0,1564121,1564308
202607031503,e2e_trace_v3,2725,72301518115571838,0,perception.lidar_tracking,out,158539038115712,1,/perception/inner/PrefusedObjects,0,0,1783062220539838662,0,0,0,1564121,1564308
202607031503,e2e_trace_v3,2738,72301518115571839,0,perception.lidar_tracking,in,158539115999200,1,/perception/lidar/detection_filter,0,0,1783062220639194565,0,0,0,1564121,1564308
202607031503,e2e_trace_v3,2739,72301518115571839,0,perception.lidar_tracking,out,158539116294176,1,/perception/inner/PrefusedObjects,0,0,1783062220639194565,0,0,0,1564121,1564308
202607031503,e2e_trace_v3,2750,72301518115571840,0,perception.lidar_tracking,in,158539194304800,1,/perception/lidar/detection_filter,0,0,1783062220740325338,0,0,0,1564121,1564296
202607031503,e2e_trace_v3,2751,72301518115571840,0,perception.lidar_tracking,out,158539194679904,1,/perception/inner/PrefusedObjects,0,0,1783062220740325338,0,0,0,1564121,1564296
202607031503,e2e_trace_v3,2766,72301518115571841,0,perception.lidar_tracking,in,158539271513184,1,/perception/lidar/detection_filter,0,0,1783062220840006665,0,0,0,1564121,1564308
202607031503,e2e_trace_v3,2767,72301518115571841,0,perception.lidar_tracking,out,158539271863520,1,/perception/inner/PrefusedObjects,0,0,1783062220840006665,0,0,0,1564121,1564308
202607031503,e2e_trace_v3,2783,72301518115571842,0,perception.lidar_tracking,in,158539351286848,1,/perception/lidar/detection_filter,0,0,1783062220939817987,0,0,0,1564121,1564297
202607031503,e2e_trace_v3,2784,72301518115571842,0,perception.lidar_tracking,out,158539351508416,1,/perception/inner/PrefusedObjects,0,0,1783062220939817987,0,0,0,1564121,1564297
202607031503,e2e_trace_v3,2800,72301518115571843,0,perception.lidar_tracking,in,158539428462976,1,/perception/lidar/detection_filter,0,0,1783062221040441394,0,0,0,1564121,1564303
202607031503,e2e_trace_v3,2801,72301518115571843,0,perception.lidar_tracking,out,158539428648128,1,/perception/inner/PrefusedObjects,0,0,1783062221040441394,0,0,0,1564121,1564303
202607031503,e2e_trace_v3,2811,72301518115571844,0,perception.lidar_tracking,in,158539506259680,1,/perception/lidar/detection_filter,0,0,1783062221139348226,0,0,0,1564121,1564302
202607031503,e2e_trace_v3,2812,72301518115571844,0,perception.lidar_tracking,out,158539506516352,1,/perception/inner/PrefusedObjects,0,0,1783062221139348226,0,0,0,1564121,1564302
202607031503,e2e_trace_v3,2825,72301518115571845,0,perception.lidar_tracking,in,158539584144288,1,/perception/lidar/detection_filter,0,0,1783062221239576041,0,0,0,1564121,1564306
202607031503,e2e_trace_v3,2826,72301518115571845,0,perception.lidar_tracking,out,158539584324096,1,/perception/inner/PrefusedObjects,0,0,1783062221239576041,0,0,0,1564121,1564306
202607031503,e2e_trace_v3,2842,72301518115571846,0,perception.lidar_tracking,in,158539661072160,1,/perception/lidar/detection_filter,0,0,1783062221339051649,0,0,0,1564121,1564303
202607031503,e2e_trace_v3,2843,72301518115571846,0,perception.lidar_tracking,out,158539661247648,1,/perception/inner/PrefusedObjects,0,0,1783062221339051649,0,0,0,1564121,1564303
202607031503,e2e_trace_v3,2859,72301518115571847,0,perception.lidar_tracking,in,158539737756032,1,/perception/lidar/detection_filter,0,0,1783062221443525674,0,0,0,1564121,1564308
202607031503,e2e_trace_v3,2860,72301518115571847,0,perception.lidar_tracking,out,158539737990432,1,/perception/inner/PrefusedObjects,0,0,1783062221443525674,0,0,0,1564121,1564308
202607031503,e2e_trace_v3,2873,72301518115571848,0,perception.lidar_tracking,in,158539814358464,1,/perception/lidar/detection_filter,0,0,1783062221539440537,0,0,0,1564121,1564307
202607031503,e2e_trace_v3,2874,72301518115571848,0,perception.lidar_tracking,out,158539814628960,1,/perception/inner/PrefusedObjects,0,0,1783062221539440537,0,0,0,1564121,1564307
202607031503,e2e_trace_v3,2884,72301518115571849,0,perception.lidar_tracking,in,158539889112864,1,/perception/lidar/detection_filter,0,0,1783062221638702709,0,0,0,1564121,1564303
202607031503,e2e_trace_v3,2885,72301518115571849,0,perception.lidar_tracking,out,158539889391040,1,/perception/inner/PrefusedObjects,0,0,1783062221638702709,0,0,0,1564121,1564303
202607031503,e2e_trace_v3,2901,72301518115571850,0,perception.lidar_tracking,in,158539964257472,1,/perception/lidar/detection_filter,0,0,1783062221740396089,0,0,0,1564121,1564308
202607031503,e2e_trace_v3,2902,72301518115571850,0,perception.lidar_tracking,out,158539964447584,1,/perception/inner/PrefusedObjects,0,0,1783062221740396089,0,0,0,1564121,1564308
202607031503,e2e_trace_v3,2918,72301518115571851,0,perception.lidar_tracking,in,158540038596832,1,/perception/lidar/detection_filter,0,0,1783062221839656629,0,0,0,1564121,1564300
202607031503,e2e_trace_v3,2919,72301518115571851,0,perception.lidar_tracking,out,158540038866016,1,/perception/inner/PrefusedObjects,0,0,1783062221839656629,0,0,0,1564121,1564300
202607031503,e2e_trace_v3,2929,72301518115571852,0,perception.lidar_tracking,in,158540110780480,1,/perception/lidar/detection_filter,0,0,1783062221939649160,0,0,0,1564121,1564297
202607031503,e2e_trace_v3,2930,72301518115571852,0,perception.lidar_tracking,out,158540111081280,1,/perception/inner/PrefusedObjects,0,0,1783062221939649160,0,0,0,1564121,1564297
202607031503,e2e_trace_v3,2943,72301518115571853,0,perception.lidar_tracking,in,158540183195360,1,/perception/lidar/detection_filter,0,0,1783062222038165858,0,0,0,1564121,1564308
202607031503,e2e_trace_v3,2944,72301518115571853,0,perception.lidar_tracking,out,158540183463104,1,/perception/inner/PrefusedObjects,0,0,1783062222038165858,0,0,0,1564121,1564308
202607031503,e2e_trace_v3,2960,72301518115571854,0,perception.lidar_tracking,in,158540255808480,1,/perception/lidar/detection_filter,0,0,1783062222140477821,0,0,0,1564121,1564294
202607031503,e2e_trace_v3,2961,72301518115571854,0,perception.lidar_tracking,out,158540256093440,1,/perception/inner/PrefusedObjects,0,0,1783062222140477821,0,0,0,1564121,1564294
202607031503,e2e_trace_v3,2977,72301518115571855,0,perception.lidar_tracking,in,158540327694112,1,/perception/lidar/detection_filter,0,0,1783062222241903056,0,0,0,1564121,1564299
202607031503,e2e_trace_v3,2978,72301518115571855,0,perception.lidar_tracking,out,158540328044512,1,/perception/inner/PrefusedObjects,0,0,1783062222241903056,0,0,0,1564121,1564299
202607031503,e2e_trace_v3,2986,72301518115571856,0,perception.lidar_tracking,in,158540399621440,1,/perception/lidar/detection_filter,0,0,1783062222340155116,0,0,0,1564121,1564298
202607031503,e2e_trace_v3,2987,72301518115571856,0,perception.lidar_tracking,out,158540399960096,1,/perception/inner/PrefusedObjects,0,0,1783062222340155116,0,0,0,1564121,1564298
202607031503,e2e_trace_v3,3000,72301518115571857,0,perception.lidar_tracking,in,158540472030144,1,/perception/lidar/detection_filter,0,0,1783062222439826566,0,0,0,1564121,1564298
202607031503,e2e_trace_v3,3003,72301518115571857,0,perception.lidar_tracking,out,158540472392544,1,/perception/inner/PrefusedObjects,0,0,1783062222439826566,0,0,0,1564121,1564298
202607031503,e2e_trace_v3,3019,72301518115571858,0,perception.lidar_tracking,in,158540544245280,1,/perception/lidar/detection_filter,0,0,1783062222539124429,0,0,0,1564121,1564299
202607031503,e2e_trace_v3,3020,72301518115571858,0,perception.lidar_tracking,out,158540544598528,1,/perception/inner/PrefusedObjects,0,0,1783062222539124429,0,0,0,1564121,1564299
202607031503,e2e_trace_v3,3030,72301518115571859,0,perception.lidar_tracking,in,158540615493440,1,/perception/lidar/detection_filter,0,0,1783062222639162476,0,0,0,1564121,1564300
202607031503,e2e_trace_v3,3031,72301518115571859,0,perception.lidar_tracking,out,158540615764608,1,/perception/inner/PrefusedObjects,0,0,1783062222639162476,0,0,0,1564121,1564300
202607031503,e2e_trace_v3,3043,72301518115571860,0,perception.lidar_tracking,in,158540688782720,1,/perception/lidar/detection_filter,0,0,1783062222738759447,0,0,0,1564121,1564298
202607031503,e2e_trace_v3,3045,72301518115571860,0,perception.lidar_tracking,out,158540689071168,1,/perception/inner/PrefusedObjects,0,0,1783062222738759447,0,0,0,1564121,1564298
202607031503,e2e_trace_v3,3061,72301518115571861,0,perception.lidar_tracking,in,158540763440288,1,/perception/lidar/detection_filter,0,0,1783062222838653609,0,0,0,1564121,1564299
202607031503,e2e_trace_v3,3062,72301518115571861,0,perception.lidar_tracking,out,158540763616800,1,/perception/inner/PrefusedObjects,0,0,1783062222838653609,0,0,0,1564121,1564299
202607031503,e2e_trace_v3,3078,72301518115571862,0,perception.lidar_tracking,in,158540836934848,1,/perception/lidar/detection_filter,0,0,1783062222938964870,0,0,0,1564121,1564296
202607031503,e2e_trace_v3,3079,72301518115571862,0,perception.lidar_tracking,out,158540837169568,1,/perception/inner/PrefusedObjects,0,0,1783062222938964870,0,0,0,1564121,1564296
202607031503,e2e_trace_v3,3088,72301518115571863,0,perception.lidar_tracking,in,158540910913152,1,/perception/lidar/detection_filter,0,0,1783062223039634030,0,0,0,1564121,1564299
202607031503,e2e_trace_v3,3090,72301518115571863,0,perception.lidar_tracking,out,158540911236288,1,/perception/inner/PrefusedObjects,0,0,1783062223039634030,0,0,0,1564121,1564299
202607031503,e2e_trace_v3,3103,72301518115571864,0,perception.lidar_tracking,in,158540989966208,1,/perception/lidar/detection_filter,0,0,1783062223139312555,0,0,0,1564121,1564297
202607031503,e2e_trace_v3,3104,72301518115571864,0,perception.lidar_tracking,out,158540990281664,1,/perception/inner/PrefusedObjects,0,0,1783062223139312555,0,0,0,1564121,1564297
202607031503,e2e_trace_v3,3120,72301518115571865,0,perception.lidar_tracking,in,158541062970592,1,/perception/lidar/detection_filter,0,0,1783062223239009610,0,0,0,1564121,1564297
202607031503,e2e_trace_v3,3122,72301518115571865,0,perception.lidar_tracking,out,158541063482272,1,/perception/inner/PrefusedObjects,0,0,1783062223239009610,0,0,0,1564121,1564297
202607031503,e2e_trace_v3,3137,72301518115571866,0,perception.lidar_tracking,in,158541136061184,1,/perception/lidar/detection_filter,0,0,1783062223339323425,0,0,0,1564121,1564304
202607031503,e2e_trace_v3,3138,72301518115571866,0,perception.lidar_tracking,out,158541136375648,1,/perception/inner/PrefusedObjects,0,0,1783062223339323425,0,0,0,1564121,1564304
202607031503,e2e_trace_v3,3148,72301518115571867,0,perception.lidar_tracking,in,158541208722688,1,/perception/lidar/detection_filter,0,0,1783062223438534375,0,0,0,1564121,1564300
202607031503,e2e_trace_v3,3149,72301518115571867,0,perception.lidar_tracking,out,158541209027008,1,/perception/inner/PrefusedObjects,0,0,1783062223438534375,0,0,0,1564121,1564300
202607031503,e2e_trace_v3,3162,72301518115571868,0,perception.lidar_tracking,in,158541284046080,1,/perception/lidar/detection_filter,0,0,1783062223539628033,0,0,0,1564121,1564306
202607031503,e2e_trace_v3,3163,72301518115571868,0,perception.lidar_tracking,out,158541284323968,1,/perception/inner/PrefusedObjects,0,0,1783062223539628033,0,0,0,1564121,1564306
202607031503,e2e_trace_v3,3179,72301518115571869,0,perception.lidar_tracking,in,158541358788384,1,/perception/lidar/detection_filter,0,0,1783062223643383020,0,0,0,1564121,1564303
202607031503,e2e_trace_v3,3180,72301518115571869,0,perception.lidar_tracking,out,158541358958720,1,/perception/inner/PrefusedObjects,0,0,1783062223643383020,0,0,0,1564121,1564303
202607031503,e2e_trace_v3,3190,72301518115571870,0,perception.lidar_tracking,in,158541432003904,1,/perception/lidar/detection_filter,0,0,1783062223739118365,0,0,0,1564121,1564308
202607031503,e2e_trace_v3,3191,72301518115571870,0,perception.lidar_tracking,out,158541432347680,1,/perception/inner/PrefusedObjects,0,0,1783062223739118365,0,0,0,1564121,1564308
202607031503,e2e_trace_v3,3207,72301518115571871,0,perception.lidar_tracking,in,158541507433888,1,/perception/lidar/detection_filter,0,0,1783062223839779843,0,0,0,1564121,1564305
202607031503,e2e_trace_v3,3208,72301518115571871,0,perception.lidar_tracking,out,158541507727040,1,/perception/inner/PrefusedObjects,0,0,1783062223839779843,0,0,0,1564121,1564305
202607031503,e2e_trace_v3,3221,72301518115571872,0,perception.lidar_tracking,in,158541579761664,1,/perception/lidar/detection_filter,0,0,1783062223939162354,0,0,0,1564121,1564296
202607031503,e2e_trace_v3,3222,72301518115571872,0,perception.lidar_tracking,out,158541580056640,1,/perception/inner/PrefusedObjects,0,0,1783062223939162354,0,0,0,1564121,1564296
202607031503,e2e_trace_v3,3238,72301518115571873,0,perception.lidar_tracking,in,158541653172736,1,/perception/lidar/detection_filter,0,0,1783062224040093079,0,0,0,1564121,1564301
202607031503,e2e_trace_v3,3239,72301518115571873,0,perception.lidar_tracking,out,158541653343744,1,/perception/inner/PrefusedObjects,0,0,1783062224040093079,0,0,0,1564121,1564301
202607031503,e2e_trace_v3,3255,72301518115571874,0,perception.lidar_tracking,in,158541725934272,1,/perception/lidar/detection_filter,0,0,1783062224139727616,0,0,0,1564121,1564306
202607031503,e2e_trace_v3,3256,72301518115571874,0,perception.lidar_tracking,out,158541726102720,1,/perception/inner/PrefusedObjects,0,0,1783062224139727616,0,0,0,1564121,1564306
202607031503,e2e_trace_v3,3264,72301518115571875,0,perception.lidar_tracking,in,158541798017856,1,/perception/lidar/detection_filter,0,0,1783062224238608957,0,0,0,1564121,1564301
202607031503,e2e_trace_v3,3265,72301518115571875,0,perception.lidar_tracking,out,158541798183968,1,/perception/inner/PrefusedObjects,0,0,1783062224238608957,0,0,0,1564121,1564301
202607031503,e2e_trace_v3,3280,72301518115571876,0,perception.lidar_tracking,in,158541870524416,1,/perception/lidar/detection_filter,0,0,1783062224339523321,0,0,0,1564121,1564307
202607031503,e2e_trace_v3,3281,72301518115571876,0,perception.lidar_tracking,out,158541870706848,1,/perception/inner/PrefusedObjects,0,0,1783062224339523321,0,0,0,1564121,1564307
202607031503,e2e_trace_v3,3297,72301518115571877,0,perception.lidar_tracking,in,158541941855200,1,/perception/lidar/detection_filter,0,0,1783062224438859158,0,0,0,1564121,1564294
202607031503,e2e_trace_v3,3298,72301518115571877,0,perception.lidar_tracking,out,158541942053408,1,/perception/inner/PrefusedObjects,0,0,1783062224438859158,0,0,0,1564121,1564294
202607031503,e2e_trace_v3,3313,72301518115571878,0,perception.lidar_tracking,in,158542014769792,1,/perception/lidar/detection_filter,0,0,1783062224539180342,0,0,0,1564121,1564296
202607031503,e2e_trace_v3,3314,72301518115571878,0,perception.lidar_tracking,out,158542014932000,1,/perception/inner/PrefusedObjects,0,0,1783062224539180342,0,0,0,1564121,1564296
202607031503,e2e_trace_v3,3322,72301518115571879,0,perception.lidar_tracking,in,158542088011936,1,/perception/lidar/detection_filter,0,0,1783062224638986387,0,0,0,1564121,1564307
202607031503,e2e_trace_v3,3323,72301518115571879,0,perception.lidar_tracking,out,158542088212928,1,/perception/inner/PrefusedObjects,0,0,1783062224638986387,0,0,0,1564121,1564307
202607031503,e2e_trace_v3,3339,72301518115571880,0,perception.lidar_tracking,in,158542160561376,1,/perception/lidar/detection_filter,0,0,1783062224737119918,0,0,0,1564121,1564303
202607031503,e2e_trace_v3,3340,72301518115571880,0,perception.lidar_tracking,out,158542160785472,1,/perception/inner/PrefusedObjects,0,0,1783062224737119918,0,0,0,1564121,1564303
202607031503,e2e_trace_v3,3356,72301518115571881,0,perception.lidar_tracking,in,158542233452768,1,/perception/lidar/detection_filter,0,0,1783062224838626146,0,0,0,1564121,1564306
202607031503,e2e_trace_v3,3357,72301518115571881,0,perception.lidar_tracking,out,158542233707808,1,/perception/inner/PrefusedObjects,0,0,1783062224838626146,0,0,0,1564121,1564306
202607031503,e2e_trace_v3,3367,72301518115571882,0,perception.lidar_tracking,in,158542305722176,1,/perception/lidar/detection_filter,0,0,1783062224938303192,0,0,0,1564121,1564303
202607031503,e2e_trace_v3,3368,72301518115571882,0,perception.lidar_tracking,out,158542305960256,1,/perception/inner/PrefusedObjects,0,0,1783062224938303192,0,0,0,1564121,1564303
202607031503,e2e_trace_v3,3381,72301518115571883,0,perception.lidar_tracking,in,158542378358240,1,/perception/lidar/detection_filter,0,0,1783062225039845047,0,0,0,1564121,1564301
202607031503,e2e_trace_v3,3382,72301518115571883,0,perception.lidar_tracking,out,158542378677216,1,/perception/inner/PrefusedObjects,0,0,1783062225039845047,0,0,0,1564121,1564301
202607031503,e2e_trace_v3,3398,72301518115571884,0,perception.lidar_tracking,in,158542450825824,1,/perception/lidar/detection_filter,0,0,1783062225138753687,0,0,0,1564121,1564295
202607031503,e2e_trace_v3,3399,72301518115571884,0,perception.lidar_tracking,out,158542451112736,1,/perception/inner/PrefusedObjects,0,0,1783062225138753687,0,0,0,1564121,1564295
202607031503,e2e_trace_v3,3415,72301518115571885,0,perception.lidar_tracking,in,158542523534272,1,/perception/lidar/detection_filter,0,0,1783062225238203582,0,0,0,1564121,1564308
202607031503,e2e_trace_v3,3416,72301518115571885,0,perception.lidar_tracking,out,158542523855104,1,/perception/inner/PrefusedObjects,0,0,1783062225238203582,0,0,0,1564121,1564308
202607031503,e2e_trace_v3,3424,72301518115571886,0,perception.lidar_tracking,in,158542595995040,1,/perception/lidar/detection_filter,0,0,1783062225339462668,0,0,0,1564121,1564302
202607031503,e2e_trace_v3,3425,72301518115571886,0,perception.lidar_tracking,out,158542596181600,1,/perception/inner/PrefusedObjects,0,0,1783062225339462668,0,0,0,1564121,1564302
202607031503,e2e_trace_v3,3440,72301518115571887,0,perception.lidar_tracking,in,158542672361504,1,/perception/lidar/detection_filter,0,0,1783062225437902089,0,0,0,1564121,1564302
202607031503,e2e_trace_v3,3441,72301518115571887,0,perception.lidar_tracking,out,158542672594272,1,/perception/inner/PrefusedObjects,0,0,1783062225437902089,0,0,0,1564121,1564302
202607031503,e2e_trace_v3,3457,72301518115571888,0,perception.lidar_tracking,in,158542744920800,1,/perception/lidar/detection_filter,0,0,1783062225539345433,0,0,0,1564121,1564304
202607031503,e2e_trace_v3,3458,72301518115571888,0,perception.lidar_tracking,out,158542745201344,1,/perception/inner/PrefusedObjects,0,0,1783062225539345433,0,0,0,1564121,1564304
202607031503,e2e_trace_v3,3474,72301518115571889,0,perception.lidar_tracking,in,158542818937088,1,/perception/lidar/detection_filter,0,0,1783062225639261453,0,0,0,1564121,1564303
202607031503,e2e_trace_v3,3475,72301518115571889,0,perception.lidar_tracking,out,158542819231840,1,/perception/inner/PrefusedObjects,0,0,1783062225639261453,0,0,0,1564121,1564303
202607031503,e2e_trace_v3,3483,72301518115571890,0,perception.lidar_tracking,in,158542893085024,1,/perception/lidar/detection_filter,0,0,1783062225738663724,0,0,0,1564121,1564308
202607031503,e2e_trace_v3,3484,72301518115571890,0,perception.lidar_tracking,out,158542893352960,1,/perception/inner/PrefusedObjects,0,0,1783062225738663724,0,0,0,1564121,1564308
202607031503,e2e_trace_v3,3499,72301518115571891,0,perception.lidar_tracking,in,158542966399840,1,/perception/lidar/detection_filter,0,0,1783062225838322817,0,0,0,1564121,1564307
202607031503,e2e_trace_v3,3500,72301518115571891,0,perception.lidar_tracking,out,158542966698048,1,/perception/inner/PrefusedObjects,0,0,1783062225838322817,0,0,0,1564121,1564307
202607031503,e2e_trace_v3,3516,72301518115571892,0,perception.lidar_tracking,in,158543040484960,1,/perception/lidar/detection_filter,0,0,1783062225939156412,0,0,0,1564121,1564301
202607031503,e2e_trace_v3,3517,72301518115571892,0,perception.lidar_tracking,out,158543040857696,1,/perception/inner/PrefusedObjects,0,0,1783062225939156412,0,0,0,1564121,1564301
202607031503,e2e_trace_v3,3532,72301518115571893,0,perception.lidar_tracking,in,158543115418432,1,/perception/lidar/detection_filter,0,0,1783062226039204825,0,0,0,1564121,1564306
202607031503,e2e_trace_v3,3533,72301518115571893,0,perception.lidar_tracking,out,158543115727616,1,/perception/inner/PrefusedObjects,0,0,1783062226039204825,0,0,0,1564121,1564306
202607031503,e2e_trace_v3,3541,72301518115571894,0,perception.lidar_tracking,in,158543190756416,1,/perception/lidar/detection_filter,0,0,1783062226140083742,0,0,0,1564121,1564302
202607031503,e2e_trace_v3,3542,72301518115571894,0,perception.lidar_tracking,out,158543191090112,1,/perception/inner/PrefusedObjects,0,0,1783062226140083742,0,0,0,1564121,1564302
202607031503,e2e_trace_v3,3558,72301518115571895,0,perception.lidar_tracking,in,158543265614816,1,/perception/lidar/detection_filter,0,0,1783062226238595590,0,0,0,1564121,1564299
202607031503,e2e_trace_v3,3559,72301518115571895,0,perception.lidar_tracking,out,158543265848704,1,/perception/inner/PrefusedObjects,0,0,1783062226238595590,0,0,0,1564121,1564299
202607031503,e2e_trace_v3,3575,72301518115571896,0,perception.lidar_tracking,in,158543341180640,1,/perception/lidar/detection_filter,0,0,1783062226340095394,0,0,0,1564121,1564303
202607031503,e2e_trace_v3,3576,72301518115571896,0,perception.lidar_tracking,out,158543341353312,1,/perception/inner/PrefusedObjects,0,0,1783062226340095394,0,0,0,1564121,1564303
202607031503,e2e_trace_v3,3589,72301518115571897,0,perception.lidar_tracking,in,158543417844608,1,/perception/lidar/detection_filter,0,0,1783062226438963995,0,0,0,1564121,1564305
202607031503,e2e_trace_v3,3592,72301518115571897,0,perception.lidar_tracking,out,158543418159808,1,/perception/inner/PrefusedObjects,0,0,1783062226438963995,0,0,0,1564121,1564305
202607031503,e2e_trace_v3,3600,72301518115571898,0,perception.lidar_tracking,in,158543495554976,1,/perception/lidar/detection_filter,0,0,1783062226540094041,0,0,0,1564121,1564309
202607031503,e2e_trace_v3,3601,72301518115571898,0,perception.lidar_tracking,out,158543495847776,1,/perception/inner/PrefusedObjects,0,0,1783062226540094041,0,0,0,1564121,1564309
202607031503,e2e_trace_v3,3617,72301518115571899,0,perception.lidar_tracking,in,158543598618112,1,/perception/lidar/detection_filter,0,0,1783062226638632771,0,0,0,1564121,1564303
202607031503,e2e_trace_v3,3618,72301518115571899,0,perception.lidar_tracking,out,158543598928160,1,/perception/inner/PrefusedObjects,0,0,1783062226638632771,0,0,0,1564121,1564303
202607031503,e2e_trace_v3,3634,72301518115571900,0,perception.lidar_tracking,in,158543697687680,1,/perception/lidar/detection_filter,0,0,1783062226739007552,0,0,0,1564121,1564299
202607031503,e2e_trace_v3,3635,72301518115571900,0,perception.lidar_tracking,out,158543697958848,1,/perception/inner/PrefusedObjects,0,0,1783062226739007552,0,0,0,1564121,1564299
202607031503,e2e_trace_v3,3653,72301518115571901,0,perception.lidar_tracking,in,158543802456768,1,/perception/lidar/detection_filter,0,0,1783062226839600743,0,0,0,1564121,1564297
202607031503,e2e_trace_v3,3654,72301518115571901,0,perception.lidar_tracking,out,158543803019584,1,/perception/inner/PrefusedObjects,0,0,1783062226839600743,0,0,0,1564121,1564297
202607031503,e2e_trace_v3,3668,72301518115571902,0,perception.lidar_tracking,in,158543894559232,1,/perception/lidar/detection_filter,0,0,1783062226938288906,0,0,0,1564121,1564294
202607031503,e2e_trace_v3,3669,72301518115571902,0,perception.lidar_tracking,out,158543894920640,1,/perception/inner/PrefusedObjects,0,0,1783062226938288906,0,0,0,1564121,1564294
202607031503,e2e_trace_v3,3703,72301518115571903,0,perception.lidar_tracking,in,158544144088448,1,/perception/lidar/detection_filter,0,0,1783062227039043712,0,0,0,1564121,1564296
202607031503,e2e_trace_v3,3704,72301518115571903,0,perception.lidar_tracking,out,158544144584768,1,/perception/inner/PrefusedObjects,0,0,1783062227039043712,0,0,0,1564121,1564296
202607031503,e2e_trace_v3,3729,72301518115571904,0,perception.lidar_tracking,in,158544371482112,1,/perception/lidar/detection_filter,0,0,1783062227137632418,0,0,0,1564121,1564305
202607031503,e2e_trace_v3,3730,72301518115571904,0,perception.lidar_tracking,out,158544371663904,1,/perception/inner/PrefusedObjects,0,0,1783062227137632418,0,0,0,1564121,1564305
202607031503,e2e_trace_v3,3746,72301518115571905,0,perception.lidar_tracking,in,158544450344736,1,/perception/lidar/detection_filter,0,0,1783062227238905129,0,0,0,1564121,1564300
202607031503,e2e_trace_v3,3747,72301518115571905,0,perception.lidar_tracking,out,158544450615104,1,/perception/inner/PrefusedObjects,0,0,1783062227238905129,0,0,0,1564121,1564300
202607031503,e2e_trace_v3,3772,72301518115571906,0,perception.lidar_tracking,in,158544677553376,1,/perception/lidar/detection_filter,0,0,1783062227338131205,0,0,0,1564121,1564297
202607031503,e2e_trace_v3,3773,72301518115571906,0,perception.lidar_tracking,out,158544677849792,1,/perception/inner/PrefusedObjects,0,0,1783062227338131205,0,0,0,1564121,1564297
202607031503,e2e_trace_v3,3801,72301518115571907,0,perception.lidar_tracking,in,158544905136032,1,/perception/lidar/detection_filter,0,0,1783062227437865570,0,0,0,1564121,1564300
202607031503,e2e_trace_v3,3802,72301518115571907,0,perception.lidar_tracking,out,158544905457984,1,/perception/inner/PrefusedObjects,0,0,1783062227437865570,0,0,0,1564121,1564300
202607031503,e2e_trace_v3,3833,72301518115571908,0,perception.lidar_tracking,in,158545133675648,1,/perception/lidar/detection_filter,0,0,1783062227538247650,0,0,0,1564121,1564307
202607031503,e2e_trace_v3,3834,72301518115571908,0,perception.lidar_tracking,out,158545134009056,1,/perception/inner/PrefusedObjects,0,0,1783062227538247650,0,0,0,1564121,1564307
202607031503,e2e_trace_v3,3859,72301518115571909,0,perception.lidar_tracking,in,158545355639904,1,/perception/lidar/detection_filter,0,0,1783062227638124150,0,0,0,1564121,1564299
202607031503,e2e_trace_v3,3860,72301518115571909,0,perception.lidar_tracking,out,158545356000288,1,/perception/inner/PrefusedObjects,0,0,1783062227638124150,0,0,0,1564121,1564299
202607031503,e2e_trace_v3,3885,72301518115571910,0,perception.lidar_tracking,in,158545552948256,1,/perception/lidar/detection_filter,0,0,1783062227738422561,0,0,0,1564121,1564309
202607031503,e2e_trace_v3,3886,72301518115571910,0,perception.lidar_tracking,out,158545553295392,1,/perception/inner/PrefusedObjects,0,0,1783062227738422561,0,0,0,1564121,1564309
202607031503,e2e_trace_v3,3911,72301518115571911,0,perception.lidar_tracking,in,158545748653408,1,/perception/lidar/detection_filter,0,0,1783062227838244419,0,0,0,1564121,1564309
202607031503,e2e_trace_v3,3912,72301518115571911,0,perception.lidar_tracking,out,158545748984576,1,/perception/inner/PrefusedObjects,0,0,1783062227838244419,0,0,0,1564121,1564309
202607031503,e2e_trace_v3,3937,72301518115571912,0,perception.lidar_tracking,in,158545942868672,1,/perception/lidar/detection_filter,0,0,1783062227938368956,0,0,0,1564121,1564299
202607031503,e2e_trace_v3,3938,72301518115571912,0,perception.lidar_tracking,out,158545943221120,1,/perception/inner/PrefusedObjects,0,0,1783062227938368956,0,0,0,1564121,1564299
202607031503,e2e_trace_v3,3963,72301518115571913,0,perception.lidar_tracking,in,158546137863392,1,/perception/lidar/detection_filter,0,0,1783062228039014497,0,0,0,1564121,1564301
202607031503,e2e_trace_v3,3964,72301518115571913,0,perception.lidar_tracking,out,158546138328608,1,/perception/inner/PrefusedObjects,0,0,1783062228039014497,0,0,0,1564121,1564301
202607031503,e2e_trace_v3,3989,72301518115571914,0,perception.lidar_tracking,in,158546334086752,1,/perception/lidar/detection_filter,0,0,1783062228138167264,0,0,0,1564121,1564304
202607031503,e2e_trace_v3,3990,72301518115571914,0,perception.lidar_tracking,out,158546334446400,1,/perception/inner/PrefusedObjects,0,0,1783062228138167264,0,0,0,1564121,1564304
202607031503,e2e_trace_v3,4003,72301518115571915,0,perception.lidar_tracking,in,158546413111168,1,/perception/lidar/detection_filter,0,0,1783062228238084640,0,0,0,1564121,1564296
202607031503,e2e_trace_v3,4005,72301518115571915,0,perception.lidar_tracking,out,158546413454624,1,/perception/inner/PrefusedObjects,0,0,1783062228238084640,0,0,0,1564121,1564296
202607031503,e2e_trace_v3,4015,72301518115571916,0,perception.lidar_tracking,in,158546492053440,1,/perception/lidar/detection_filter,0,0,1783062228339570332,0,0,0,1564121,1564309
202607031503,e2e_trace_v3,4016,72301518115571916,0,perception.lidar_tracking,out,158546492342976,1,/perception/inner/PrefusedObjects,0,0,1783062228339570332,0,0,0,1564121,1564309
202607031503,e2e_trace_v3,4031,72301518115571917,0,perception.lidar_tracking,in,158546570296352,1,/perception/lidar/detection_filter,0,0,1783062228437415862,0,0,0,1564121,1564309
202607031503,e2e_trace_v3,4032,72301518115571917,0,perception.lidar_tracking,out,158546570623040,1,/perception/inner/PrefusedObjects,0,0,1783062228437415862,0,0,0,1564121,1564309
202607031503,e2e_trace_v3,4048,72301518115571918,0,perception.lidar_tracking,in,158546648387776,1,/perception/lidar/detection_filter,0,0,1783062228538626598,0,0,0,1564121,1564300
202607031503,e2e_trace_v3,4049,72301518115571918,0,perception.lidar_tracking,out,158546648756832,1,/perception/inner/PrefusedObjects,0,0,1783062228538626598,0,0,0,1564121,1564300
202607031503,e2e_trace_v3,4065,72301518115571919,0,perception.lidar_tracking,in,158546726788000,1,/perception/lidar/detection_filter,0,0,1783062228637948537,0,0,0,1564121,1564301
202607031503,e2e_trace_v3,4066,72301518115571919,0,perception.lidar_tracking,out,158546727068992,1,/perception/inner/PrefusedObjects,0,0,1783062228637948537,0,0,0,1564121,1564301
202607031503,e2e_trace_v3,4076,72301518115571920,0,perception.lidar_tracking,in,158546804793376,1,/perception/lidar/detection_filter,0,0,1783062228737286659,0,0,0,1564121,1564306
202607031503,e2e_trace_v3,4077,72301518115571920,0,perception.lidar_tracking,out,158546804976352,1,/perception/inner/PrefusedObjects,0,0,1783062228737286659,0,0,0,1564121,1564306
202607031503,e2e_trace_v3,4090,72301518115571921,0,perception.lidar_tracking,in,158546882750880,1,/perception/lidar/detection_filter,0,0,1783062228838369942,0,0,0,1564121,1564295
202607031503,e2e_trace_v3,4091,72301518115571921,0,perception.lidar_tracking,out,158546882944480,1,/perception/inner/PrefusedObjects,0,0,1783062228838369942,0,0,0,1564121,1564295
202607031503,e2e_trace_v3,4107,72301518115571922,0,perception.lidar_tracking,in,158546961008864,1,/perception/lidar/detection_filter,0,0,1783062228938092754,0,0,0,1564121,1564301
202607031503,e2e_trace_v3,4109,72301518115571922,0,perception.lidar_tracking,out,158546961755936,1,/perception/inner/PrefusedObjects,0,0,1783062228938092754,0,0,0,1564121,1564301
202607031503,e2e_trace_v3,4124,72301518115571923,0,perception.lidar_tracking,in,158547037757088,1,/perception/lidar/detection_filter,0,0,1783062229037921303,0,0,0,1564121,1564294
202607031503,e2e_trace_v3,4125,72301518115571923,0,perception.lidar_tracking,out,158547038200096,1,/perception/inner/PrefusedObjects,0,0,1783062229037921303,0,0,0,1564121,1564294
202607031503,e2e_trace_v3,4141,72301518115571924,0,perception.lidar_tracking,in,158547116011008,1,/perception/lidar/detection_filter,0,0,1783062229136831319,0,0,0,1564121,1564306
202607031503,e2e_trace_v3,4142,72301518115571924,0,perception.lidar_tracking,out,158547116317824,1,/perception/inner/PrefusedObjects,0,0,1783062229136831319,0,0,0,1564121,1564306
202607031503,e2e_trace_v3,4150,72301518115571925,0,perception.lidar_tracking,in,158547192810560,1,/perception/lidar/detection_filter,0,0,1783062229236682357,0,0,0,1564121,1564305
202607031503,e2e_trace_v3,4151,72301518115571925,0,perception.lidar_tracking,out,158547193185312,1,/perception/inner/PrefusedObjects,0,0,1783062229236682357,0,0,0,1564121,1564305
202607031503,e2e_trace_v3,4166,72301518115571926,0,perception.lidar_tracking,in,158547271250240,1,/perception/lidar/detection_filter,0,0,1783062229337744704,0,0,0,1564121,1564294
202607031503,e2e_trace_v3,4167,72301518115571926,0,perception.lidar_tracking,out,158547271563264,1,/perception/inner/PrefusedObjects,0,0,1783062229337744704,0,0,0,1564121,1564294
202607031503,e2e_trace_v3,4183,72301518115571927,0,perception.lidar_tracking,in,158547349860608,1,/perception/lidar/detection_filter,0,0,1783062229437613572,0,0,0,1564121,1564306
202607031503,e2e_trace_v3,4184,72301518115571927,0,perception.lidar_tracking,out,158547350233280,1,/perception/inner/PrefusedObjects,0,0,1783062229437613572,0,0,0,1564121,1564306
202607031503,e2e_trace_v3,4200,72301518115571928,0,perception.lidar_tracking,in,158547428344736,1,/perception/lidar/detection_filter,0,0,1783062229537659038,0,0,0,1564121,1564307
202607031503,e2e_trace_v3,4201,72301518115571928,0,perception.lidar_tracking,out,158547428620416,1,/perception/inner/PrefusedObjects,0,0,1783062229537659038,0,0,0,1564121,1564307
202607031503,e2e_trace_v3,4211,72301518115571929,0,perception.lidar_tracking,in,158547506146528,1,/perception/lidar/detection_filter,0,0,1783062229637390078,0,0,0,1564121,1564295
202607031503,e2e_trace_v3,4212,72301518115571929,0,perception.lidar_tracking,out,158547506342880,1,/perception/inner/PrefusedObjects,0,0,1783062229637390078,0,0,0,1564121,1564295
202607031503,e2e_trace_v3,4225,72301518115571930,0,perception.lidar_tracking,in,158547584748544,1,/perception/lidar/detection_filter,0,0,1783062229738695817,0,0,0,1564121,1564306
202607031503,e2e_trace_v3,4226,72301518115571930,0,perception.lidar_tracking,out,158547584902400,1,/perception/inner/PrefusedObjects,0,0,1783062229738695817,0,0,0,1564121,1564306
202607031503,e2e_trace_v3,4242,72301518115571931,0,perception.lidar_tracking,in,158547662897472,1,/perception/lidar/detection_filter,0,0,1783062229837166741,0,0,0,1564121,1564295
202607031503,e2e_trace_v3,4243,72301518115571931,0,perception.lidar_tracking,out,158547663187264,1,/perception/inner/PrefusedObjects,0,0,1783062229837166741,0,0,0,1564121,1564295
202607031503,e2e_trace_v3,4259,72301518115571932,0,perception.lidar_tracking,in,158547738893440,1,/perception/lidar/detection_filter,0,0,1783062229937417390,0,0,0,1564121,1564305
202607031503,e2e_trace_v3,4260,72301518115571932,0,perception.lidar_tracking,out,158547739053152,1,/perception/inner/PrefusedObjects,0,0,1783062229937417390,0,0,0,1564121,1564305
202607031503,e2e_trace_v3,4270,72301518115571933,0,perception.lidar_tracking,in,158547814909728,1,/perception/lidar/detection_filter,0,0,1783062230037762400,0,0,0,1564121,1564296
202607031503,e2e_trace_v3,4271,72301518115571933,0,perception.lidar_tracking,out,158547815081792,1,/perception/inner/PrefusedObjects,0,0,1783062230037762400,0,0,0,1564121,1564296
202607031503,e2e_trace_v3,4285,72301518115571934,0,perception.lidar_tracking,in,158547892625568,1,/perception/lidar/detection_filter,0,0,1783062230137724337,0,0,0,1564121,1564294
202607031503,e2e_trace_v3,4286,72301518115571934,0,perception.lidar_tracking,out,158547892884864,1,/perception/inner/PrefusedObjects,0,0,1783062230137724337,0,0,0,1564121,1564294
202607031503,e2e_trace_v3,4301,72301518115571935,0,perception.lidar_tracking,in,158547968277888,1,/perception/lidar/detection_filter,0,0,1783062230237932374,0,0,0,1564121,1564302
202607031503,e2e_trace_v3,4302,72301518115571935,0,perception.lidar_tracking,out,158547968554560,1,/perception/inner/PrefusedObjects,0,0,1783062230237932374,0,0,0,1564121,1564302
202607031503,e2e_trace_v3,4318,72301518115571936,0,perception.lidar_tracking,in,158548043888832,1,/perception/lidar/detection_filter,0,0,1783062230337078730,0,0,0,1564121,1564306
202607031503,e2e_trace_v3,4319,72301518115571936,0,perception.lidar_tracking,out,158548044171872,1,/perception/inner/PrefusedObjects,0,0,1783062230337078730,0,0,0,1564121,1564306
202607031503,e2e_trace_v3,4335,72301518115571937,0,perception.lidar_tracking,in,158548119627232,1,/perception/lidar/detection_filter,0,0,1783062230438490170,0,0,0,1564121,1564295
202607031503,e2e_trace_v3,4336,72301518115571937,0,perception.lidar_tracking,out,158548119890432,1,/perception/inner/PrefusedObjects,0,0,1783062230438490170,0,0,0,1564121,1564295
202607031503,e2e_trace_v3,4344,72301518115571938,0,perception.lidar_tracking,in,158548194515808,1,/perception/lidar/detection_filter,0,0,1783062230538786626,0,0,0,1564121,1564303
202607031503,e2e_trace_v3,4345,72301518115571938,0,perception.lidar_tracking,out,158548194753248,1,/perception/inner/PrefusedObjects,0,0,1783062230538786626,0,0,0,1564121,1564303
202607031503,e2e_trace_v3,4360,72301518115571939,0,perception.lidar_tracking,in,158548275999424,1,/perception/lidar/detection_filter,0,0,1783062230638607144,0,0,0,1564121,1564308
202607031503,e2e_trace_v3,4361,72301518115571939,0,perception.lidar_tracking,out,158548276278048,1,/perception/inner/PrefusedObjects,0,0,1783062230638607144,0,0,0,1564121,1564308
202607031503,e2e_trace_v3,4377,72301518115571940,0,perception.lidar_tracking,in,158548351306656,1,/perception/lidar/detection_filter,0,0,1783062230737687463,0,0,0,1564121,1564296
202607031503,e2e_trace_v3,4378,72301518115571940,0,perception.lidar_tracking,out,158548351468416,1,/perception/inner/PrefusedObjects,0,0,1783062230737687463,0,0,0,1564121,1564296
202607031503,e2e_trace_v3,4394,72301518115571941,0,perception.lidar_tracking,in,158548425755296,1,/perception/lidar/detection_filter,0,0,1783062230837904405,0,0,0,1564121,1564307
202607031503,e2e_trace_v3,4395,72301518115571941,0,perception.lidar_tracking,out,158548425919392,1,/perception/inner/PrefusedObjects,0,0,1783062230837904405,0,0,0,1564121,1564307
202607031503,e2e_trace_v3,4403,72301518115571942,0,perception.lidar_tracking,in,158548499374368,1,/perception/lidar/detection_filter,0,0,1783062230937547882,0,0,0,1564121,1564296
202607031503,e2e_trace_v3,4404,72301518115571942,0,perception.lidar_tracking,out,158548499539008,1,/perception/inner/PrefusedObjects,0,0,1783062230937547882,0,0,0,1564121,1564296
202607031503,e2e_trace_v3,4419,72301518115571943,0,perception.lidar_tracking,in,158548573341376,1,/perception/lidar/detection_filter,0,0,1783062231038222687,0,0,0,1564121,1564294
202607031503,e2e_trace_v3,4420,72301518115571943,0,perception.lidar_tracking,out,158548573515520,1,/perception/inner/PrefusedObjects,0,0,1783062231038222687,0,0,0,1564121,1564294
202607031503,e2e_trace_v3,4436,72301518115571944,0,perception.lidar_tracking,in,158548647600384,1,/perception/lidar/detection_filter,0,0,1783062231138265052,0,0,0,1564121,1564307
202607031503,e2e_trace_v3,4437,72301518115571944,0,perception.lidar_tracking,out,158548647761120,1,/perception/inner/PrefusedObjects,0,0,1783062231138265052,0,0,0,1564121,1564307
202607031503,e2e_trace_v3,4453,72301518115571945,0,perception.lidar_tracking,in,158548722018432,1,/perception/lidar/detection_filter,0,0,1783062231239876733,0,0,0,1564121,1564301
202607031503,e2e_trace_v3,4454,72301518115571945,0,perception.lidar_tracking,out,158548722184576,1,/perception/inner/PrefusedObjects,0,0,1783062231239876733,0,0,0,1564121,1564301
202607031503,e2e_trace_v3,4462,72301518115571946,0,perception.lidar_tracking,in,158548796334816,1,/perception/lidar/detection_filter,0,0,1783062231339283328,0,0,0,1564121,1564299
202607031503,e2e_trace_v3,4463,72301518115571946,0,perception.lidar_tracking,out,158548796518624,1,/perception/inner/PrefusedObjects,0,0,1783062231339283328,0,0,0,1564121,1564299
202607031503,e2e_trace_v3,4478,72301518115571947,0,perception.lidar_tracking,in,158548871216352,1,/perception/lidar/detection_filter,0,0,1783062231439379889,0,0,0,1564121,1564306
202607031503,e2e_trace_v3,4479,72301518115571947,0,perception.lidar_tracking,out,158548871383136,1,/perception/inner/PrefusedObjects,0,0,1783062231439379889,0,0,0,1564121,1564306
202607031503,e2e_trace_v3,4495,72301518115571948,0,perception.lidar_tracking,in,158548946012096,1,/perception/lidar/detection_filter,0,0,1783062231538748266,0,0,0,1564121,1564294
202607031503,e2e_trace_v3,4496,72301518115571948,0,perception.lidar_tracking,out,158548946154784,1,/perception/inner/PrefusedObjects,0,0,1783062231538748266,0,0,0,1564121,1564294
202607031503,e2e_trace_v3,4512,72301518115571949,0,perception.lidar_tracking,in,158549020965312,1,/perception/lidar/detection_filter,0,0,1783062231638576609,0,0,0,1564121,1564296
202607031503,e2e_trace_v3,4513,72301518115571949,0,perception.lidar_tracking,out,158549021090208,1,/perception/inner/PrefusedObjects,0,0,1783062231638576609,0,0,0,1564121,1564296
202607031503,e2e_trace_v3,4521,72301518115571950,0,perception.lidar_tracking,in,158549095463328,1,/perception/lidar/detection_filter,0,0,1783062231738841076,0,0,0,1564121,1564297
202607031503,e2e_trace_v3,4522,72301518115571950,0,perception.lidar_tracking,out,158549095616192,1,/perception/inner/PrefusedObjects,0,0,1783062231738841076,0,0,0,1564121,1564297
202607031503,e2e_trace_v3,4537,72301518115571951,0,perception.lidar_tracking,in,158549169788224,1,/perception/lidar/detection_filter,0,0,1783062231838478144,0,0,0,1564121,1564294
202607031503,e2e_trace_v3,4538,72301518115571951,0,perception.lidar_tracking,out,158549169933312,1,/perception/inner/PrefusedObjects,0,0,1783062231838478144,0,0,0,1564121,1564294
202607031503,e2e_trace_v3,4554,72301518115571952,0,perception.lidar_tracking,in,158549243076640,1,/perception/lidar/detection_filter,0,0,1783062231937908465,0,0,0,1564121,1564304
202607031503,e2e_trace_v3,4555,72301518115571952,0,perception.lidar_tracking,out,158549243221344,1,/perception/inner/PrefusedObjects,0,0,1783062231937908465,0,0,0,1564121,1564304
202607031503,e2e_trace_v3,4571,72301518115571953,0,perception.lidar_tracking,in,158549317408864,1,/perception/lidar/detection_filter,0,0,1783062232039840570,0,0,0,1564121,1564308
202607031503,e2e_trace_v3,4572,72301518115571953,0,perception.lidar_tracking,out,158549317538944,1,/perception/inner/PrefusedObjects,0,0,1783062232039840570,0,0,0,1564121,1564308
202607031503,e2e_trace_v3,4580,72301518115571954,0,perception.lidar_tracking,in,158549391514784,1,/perception/lidar/detection_filter,0,0,1783062232138259966,0,0,0,1564121,1564304
202607031503,e2e_trace_v3,4581,72301518115571954,0,perception.lidar_tracking,out,158549391673696,1,/perception/inner/PrefusedObjects,0,0,1783062232138259966,0,0,0,1564121,1564304
202607031503,e2e_trace_v3,4596,72301518115571955,0,perception.lidar_tracking,in,158549465127680,1,/perception/lidar/detection_filter,0,0,1783062232239423096,0,0,0,1564121,1564295
202607031503,e2e_trace_v3,4597,72301518115571955,0,perception.lidar_tracking,out,158549465339488,1,/perception/inner/PrefusedObjects,0,0,1783062232239423096,0,0,0,1564121,1564295
202607031503,e2e_trace_v3,4613,72301518115571956,0,perception.lidar_tracking,in,158549538642752,1,/perception/lidar/detection_filter,0,0,1783062232339909201,0,0,0,1564121,1564308
202607031503,e2e_trace_v3,4614,72301518115571956,0,perception.lidar_tracking,out,158549538794688,1,/perception/inner/PrefusedObjects,0,0,1783062232339909201,0,0,0,1564121,1564308
202607031503,e2e_trace_v3,4624,72301518115571957,0,perception.lidar_tracking,in,158549611798592,1,/perception/lidar/detection_filter,0,0,1783062232439533354,0,0,0,1564121,1564297
202607031503,e2e_trace_v3,4625,72301518115571957,0,perception.lidar_tracking,out,158549611969984,1,/perception/inner/PrefusedObjects,0,0,1783062232439533354,0,0,0,1564121,1564297
202607031503,e2e_trace_v3,4638,72301518115571958,0,perception.lidar_tracking,in,158549685970560,1,/perception/lidar/detection_filter,0,0,1783062232539051816,0,0,0,1564121,1564300
202607031503,e2e_trace_v3,4639,72301518115571958,0,perception.lidar_tracking,out,158549686120224,1,/perception/inner/PrefusedObjects,0,0,1783062232539051816,0,0,0,1564121,1564300
202607031503,e2e_trace_v3,4655,72301518115571959,0,perception.lidar_tracking,in,158549759837600,1,/perception/lidar/detection_filter,0,0,1783062232638832632,0,0,0,1564121,1564308
202607031503,e2e_trace_v3,4656,72301518115571959,0,perception.lidar_tracking,out,158549760008192,1,/perception/inner/PrefusedObjects,0,0,1783062232638832632,0,0,0,1564121,1564308
202607031503,e2e_trace_v3,4672,72301518115571960,0,perception.lidar_tracking,in,158549833637024,1,/perception/lidar/detection_filter,0,0,1783062232739608896,0,0,0,1564121,1564306
202607031503,e2e_trace_v3,4673,72301518115571960,0,perception.lidar_tracking,out,158549833804032,1,/perception/inner/PrefusedObjects,0,0,1783062232739608896,0,0,0,1564121,1564306
202607031503,e2e_trace_v3,4683,72301518115571961,0,perception.lidar_tracking,in,158549906947552,1,/perception/lidar/detection_filter,0,0,1783062232841915331,0,0,0,1564121,1564299
202607031503,e2e_trace_v3,4684,72301518115571961,0,perception.lidar_tracking,out,158549907089792,1,/perception/inner/PrefusedObjects,0,0,1783062232841915331,0,0,0,1564121,1564299
202607031503,e2e_trace_v3,4697,72301518115571962,0,perception.lidar_tracking,in,158549981236224,1,/perception/lidar/detection_filter,0,0,1783062232939544386,0,0,0,1564121,1564303
202607031503,e2e_trace_v3,4698,72301518115571962,0,perception.lidar_tracking,out,158549981468960,1,/perception/inner/PrefusedObjects,0,0,1783062232939544386,0,0,0,1564121,1564303
202607031503,e2e_trace_v3,4714,72301518115571963,0,perception.lidar_tracking,in,158550054525184,1,/perception/lidar/detection_filter,0,0,1783062233039507638,0,0,0,1564121,1564306
202607031503,e2e_trace_v3,4715,72301518115571963,0,perception.lidar_tracking,out,158550054690528,1,/perception/inner/PrefusedObjects,0,0,1783062233039507638,0,0,0,1564121,1564306
202607031503,e2e_trace_v3,4731,72301518115571964,0,perception.lidar_tracking,in,158550127691552,1,/perception/lidar/detection_filter,0,0,1783062233138534306,0,0,0,1564121,1564295
202607031503,e2e_trace_v3,4732,72301518115571964,0,perception.lidar_tracking,out,158550127866592,1,/perception/inner/PrefusedObjects,0,0,1783062233138534306,0,0,0,1564121,1564295
202607031503,e2e_trace_v3,4739,72301518115571965,0,perception.lidar_tracking,in,158550201380288,1,/perception/lidar/detection_filter,0,0,1783062233239721539,0,0,0,1564121,1564309
202607031503,e2e_trace_v3,4740,72301518115571965,0,perception.lidar_tracking,out,158550201536224,1,/perception/inner/PrefusedObjects,0,0,1783062233239721539,0,0,0,1564121,1564309
202607031503,e2e_trace_v3,4756,72301518115571966,0,perception.lidar_tracking,in,158550294995104,1,/perception/lidar/detection_filter,0,0,1783062233339421975,0,0,0,1564121,1564303
202607031503,e2e_trace_v3,4757,72301518115571966,0,perception.lidar_tracking,out,158550295124384,1,/perception/inner/PrefusedObjects,0,0,1783062233339421975,0,0,0,1564121,1564303
202607031503,e2e_trace_v3,4773,72301518115571967,0,perception.lidar_tracking,in,158550394516352,1,/perception/lidar/detection_filter,0,0,1783062233440078731,0,0,0,1564121,1564298
202607031503,e2e_trace_v3,4774,72301518115571967,0,perception.lidar_tracking,out,158550394713024,1,/perception/inner/PrefusedObjects,0,0,1783062233440078731,0,0,0,1564121,1564298
202607031503,e2e_trace_v3,4790,72301518115571968,0,perception.lidar_tracking,in,158550493657312,1,/perception/lidar/detection_filter,0,0,1783062233540232033,0,0,0,1564121,1564307
202607031503,e2e_trace_v3,4791,72301518115571968,0,perception.lidar_tracking,out,158550493897472,1,/perception/inner/PrefusedObjects,0,0,1783062233540232033,0,0,0,1564121,1564307
202607031503,e2e_trace_v3,4807,72301518115571969,0,perception.lidar_tracking,in,158550591925120,1,/perception/lidar/detection_filter,0,0,1783062233640251153,0,0,0,1564121,1564296
202607031503,e2e_trace_v3,4808,72301518115571969,0,perception.lidar_tracking,out,158550592187520,1,/perception/inner/PrefusedObjects,0,0,1783062233640251153,0,0,0,1564121,1564296
202607031503,e2e_trace_v3,4824,72301518115571970,0,perception.lidar_tracking,in,158550693362112,1,/perception/lidar/detection_filter,0,0,1783062233740229659,0,0,0,1564121,1564302
202607031503,e2e_trace_v3,4825,72301518115571970,0,perception.lidar_tracking,out,158550693520896,1,/perception/inner/PrefusedObjects,0,0,1783062233740229659,0,0,0,1564121,1564302
202607031503,e2e_trace_v3,4841,72301518115571971,0,perception.lidar_tracking,in,158550793373248,1,/perception/lidar/detection_filter,0,0,1783062233839789608,0,0,0,1564121,1564299
202607031503,e2e_trace_v3,4842,72301518115571971,0,perception.lidar_tracking,out,158550793649024,1,/perception/inner/PrefusedObjects,0,0,1783062233839789608,0,0,0,1564121,1564299
202607031503,e2e_trace_v3,4858,72301518115571972,0,perception.lidar_tracking,in,158550899172000,1,/perception/lidar/detection_filter,0,0,1783062233939385687,0,0,0,1564121,1564302
202607031503,e2e_trace_v3,4859,72301518115571972,0,perception.lidar_tracking,out,158550899424800,1,/perception/inner/PrefusedObjects,0,0,1783062233939385687,0,0,0,1564121,1564302
202607031503,e2e_trace_v3,4874,72301518115571973,0,perception.lidar_tracking,in,158550991496224,1,/perception/lidar/detection_filter,0,0,1783062234039628393,0,0,0,1564121,1564301
202607031503,e2e_trace_v3,4876,72301518115571973,0,perception.lidar_tracking,out,158550991819360,1,/perception/inner/PrefusedObjects,0,0,1783062234039628393,0,0,0,1564121,1564301
202607031503,e2e_trace_v3,4892,72301518115571974,0,perception.lidar_tracking,in,158551102372320,1,/perception/lidar/detection_filter,0,0,1783062234140095654,0,0,0,1564121,1564307
202607031503,e2e_trace_v3,4893,72301518115571974,0,perception.lidar_tracking,out,158551102682720,1,/perception/inner/PrefusedObjects,0,0,1783062234140095654,0,0,0,1564121,1564307
202607031503,e2e_trace_v3,4909,72301518115571975,0,perception.lidar_tracking,in,158551195937632,1,/perception/lidar/detection_filter,0,0,1783062234239708855,0,0,0,1564121,1564306
202607031503,e2e_trace_v3,4910,72301518115571975,0,perception.lidar_tracking,out,158551196120672,1,/perception/inner/PrefusedObjects,0,0,1783062234239708855,0,0,0,1564121,1564306
202607031503,e2e_trace_v3,4926,72301518115571976,0,perception.lidar_tracking,in,158551295322240,1,/perception/lidar/detection_filter,0,0,1783062234340377238,0,0,0,1564121,1564303
202607031503,e2e_trace_v3,4927,72301518115571976,0,perception.lidar_tracking,out,158551295657760,1,/perception/inner/PrefusedObjects,0,0,1783062234340377238,0,0,0,1564121,1564303
202607031503,e2e_trace_v3,4943,72301518115571977,0,perception.lidar_tracking,in,158551397905888,1,/perception/lidar/detection_filter,0,0,1783062234440737064,0,0,0,1564121,1564305
202607031503,e2e_trace_v3,4944,72301518115571977,0,perception.lidar_tracking,out,158551398186624,1,/perception/inner/PrefusedObjects,0,0,1783062234440737064,0,0,0,1564121,1564305
202607031503,e2e_trace_v3,4960,72301518115571978,0,perception.lidar_tracking,in,158551497123264,1,/perception/lidar/detection_filter,0,0,1783062234540136676,0,0,0,1564121,1564295
202607031503,e2e_trace_v3,4961,72301518115571978,0,perception.lidar_tracking,out,158551497412032,1,/perception/inner/PrefusedObjects,0,0,1783062234540136676,0,0,0,1564121,1564295
202607031503,e2e_trace_v3,4977,72301518115571979,0,perception.lidar_tracking,in,158551593342080,1,/perception/lidar/detection_filter,0,0,1783062234639604563,0,0,0,1564121,1564309
202607031503,e2e_trace_v3,4978,72301518115571979,0,perception.lidar_tracking,out,158551593670784,1,/perception/inner/PrefusedObjects,0,0,1783062234639604563,0,0,0,1564121,1564309
202607031503,e2e_trace_v3,4994,72301518115571980,0,perception.lidar_tracking,in,158551696380704,1,/perception/lidar/detection_filter,0,0,1783062234740556448,0,0,0,1564121,1564300
202607031503,e2e_trace_v3,4995,72301518115571980,0,perception.lidar_tracking,out,158551696644832,1,/perception/inner/PrefusedObjects,0,0,1783062234740556448,0,0,0,1564121,1564300
202607031503,e2e_trace_v3,5010,72301518115571981,0,perception.lidar_tracking,in,158551793562400,1,/perception/lidar/detection_filter,0,0,1783062234840372519,0,0,0,1564121,1564295
202607031503,e2e_trace_v3,5012,72301518115571981,0,perception.lidar_tracking,out,158551793813984,1,/perception/inner/PrefusedObjects,0,0,1783062234840372519,0,0,0,1564121,1564295
202607031503,e2e_trace_v3,5030,72301518115571982,0,perception.lidar_tracking,in,158551910377408,1,/perception/lidar/detection_filter,0,0,1783062234940378702,0,0,0,1564121,1564297
202607031503,e2e_trace_v3,5031,72301518115571982,0,perception.lidar_tracking,out,158551910846304,1,/perception/inner/PrefusedObjects,0,0,1783062234940378702,0,0,0,1564121,1564297
202607031503,e2e_trace_v3,5044,72301518115571983,0,perception.lidar_tracking,in,158551990246720,1,/perception/lidar/detection_filter,0,0,1783062235039399715,0,0,0,1564121,1564307
202607031503,e2e_trace_v3,5046,72301518115571983,0,perception.lidar_tracking,out,158551990509568,1,/perception/inner/PrefusedObjects,0,0,1783062235039399715,0,0,0,1564121,1564307
202607031503,e2e_trace_v3,5061,72301518115571984,0,perception.lidar_tracking,in,158552091090368,1,/perception/lidar/detection_filter,0,0,1783062235138676139,0,0,0,1564121,1564299
202607031503,e2e_trace_v3,5062,72301518115571984,0,perception.lidar_tracking,out,158552091240128,1,/perception/inner/PrefusedObjects,0,0,1783062235138676139,0,0,0,1564121,1564299
202607031503,e2e_trace_v3,5078,72301518115571985,0,perception.lidar_tracking,in,158552191594336,1,/perception/lidar/detection_filter,0,0,1783062235239846897,0,0,0,1564121,1564303
202607031503,e2e_trace_v3,5081,72301518115571985,0,perception.lidar_tracking,out,158552191989568,1,/perception/inner/PrefusedObjects,0,0,1783062235239846897,0,0,0,1564121,1564303
202607031503,e2e_trace_v3,5096,72301518115571986,0,perception.lidar_tracking,in,158552294044320,1,/perception/lidar/detection_filter,0,0,1783062235340188541,0,0,0,1564121,1564301
202607031503,e2e_trace_v3,5097,72301518115571986,0,perception.lidar_tracking,out,158552294253536,1,/perception/inner/PrefusedObjects,0,0,1783062235340188541,0,0,0,1564121,1564301
202607031503,e2e_trace_v3,5113,72301518115571987,0,perception.lidar_tracking,in,158552393773920,1,/perception/lidar/detection_filter,0,0,1783062235440294445,0,0,0,1564121,1564304
202607031503,e2e_trace_v3,5114,72301518115571987,0,perception.lidar_tracking,out,158552393977888,1,/perception/inner/PrefusedObjects,0,0,1783062235440294445,0,0,0,1564121,1564304
202607031503,e2e_trace_v3,5130,72301518115571988,0,perception.lidar_tracking,in,158552493282080,1,/perception/lidar/detection_filter,0,0,1783062235540161347,0,0,0,1564121,1564301
202607031503,e2e_trace_v3,5131,72301518115571988,0,perception.lidar_tracking,out,158552493447008,1,/perception/inner/PrefusedObjects,0,0,1783062235540161347,0,0,0,1564121,1564301
202607031503,e2e_trace_v3,5147,72301518115571989,0,perception.lidar_tracking,in,158552595250656,1,/perception/lidar/detection_filter,0,0,1783062235639751743,0,0,0,1564121,1564304
202607031503,e2e_trace_v3,5148,72301518115571989,0,perception.lidar_tracking,out,158552595554816,1,/perception/inner/PrefusedObjects,0,0,1783062235639751743,0,0,0,1564121,1564304
202607031503,e2e_trace_v3,5164,72301518115571990,0,perception.lidar_tracking,in,158552695377632,1,/perception/lidar/detection_filter,0,0,1783062235739888756,0,0,0,1564121,1564301
202607031503,e2e_trace_v3,5165,72301518115571990,0,perception.lidar_tracking,out,158552695634240,1,/perception/inner/PrefusedObjects,0,0,1783062235739888756,0,0,0,1564121,1564301
202607031503,e2e_trace_v3,5180,72301518115571991,0,perception.lidar_tracking,in,158552796639200,1,/perception/lidar/detection_filter,0,0,1783062235843483979,0,0,0,1564121,1564306
202607031503,e2e_trace_v3,5181,72301518115571991,0,perception.lidar_tracking,out,158552797615936,1,/perception/inner/PrefusedObjects,0,0,1783062235843483979,0,0,0,1564121,1564306
202607031503,e2e_trace_v3,5197,72301518115571992,0,perception.lidar_tracking,in,158552890636064,1,/perception/lidar/detection_filter,0,0,1783062235940508700,0,0,0,1564121,1564305
202607031503,e2e_trace_v3,5198,72301518115571992,0,perception.lidar_tracking,out,158552890846432,1,/perception/inner/PrefusedObjects,0,0,1783062235940508700,0,0,0,1564121,1564305
202607031503,e2e_trace_v3,5215,72301518115571993,0,perception.lidar_tracking,in,158552993601024,1,/perception/lidar/detection_filter,0,0,1783062236040962009,0,0,0,1564121,1564297
202607031503,e2e_trace_v3,5216,72301518115571993,0,perception.lidar_tracking,out,158552993775808,1,/perception/inner/PrefusedObjects,0,0,1783062236040962009,0,0,0,1564121,1564297
202607031503,e2e_trace_v3,5234,72301518115571994,0,perception.lidar_tracking,in,158553106546176,1,/perception/lidar/detection_filter,0,0,1783062236140596085,0,0,0,1564121,1564294
202607031503,e2e_trace_v3,5235,72301518115571994,0,perception.lidar_tracking,out,158553106685280,1,/perception/inner/PrefusedObjects,0,0,1783062236140596085,0,0,0,1564121,1564294
202607031503,e2e_trace_v3,5248,72301518115571995,0,perception.lidar_tracking,in,158553187958144,1,/perception/lidar/detection_filter,0,0,1783062236239237909,0,0,0,1564121,1564306
202607031503,e2e_trace_v3,5249,72301518115571995,0,perception.lidar_tracking,out,158553188123360,1,/perception/inner/PrefusedObjects,0,0,1783062236239237909,0,0,0,1564121,1564306
202607031503,e2e_trace_v3,5265,72301518115571996,0,perception.lidar_tracking,in,158553292506432,1,/perception/lidar/detection_filter,0,0,1783062236340219576,0,0,0,1564121,1564295
202607031503,e2e_trace_v3,5267,72301518115571996,0,perception.lidar_tracking,out,158553292828448,1,/perception/inner/PrefusedObjects,0,0,1783062236340219576,0,0,0,1564121,1564295
202607031503,e2e_trace_v3,5283,72301518115571997,0,perception.lidar_tracking,in,158553395656768,1,/perception/lidar/detection_filter,0,0,1783062236440852025,0,0,0,1564121,1564301
202607031503,e2e_trace_v3,5284,72301518115571997,0,perception.lidar_tracking,out,158553395824256,1,/perception/inner/PrefusedObjects,0,0,1783062236440852025,0,0,0,1564121,1564301
202607031503,e2e_trace_v3,5300,72301518115571998,0,perception.lidar_tracking,in,158553492091232,1,/perception/lidar/detection_filter,0,0,1783062236540692578,0,0,0,1564121,1564298
202607031503,e2e_trace_v3,5301,72301518115571998,0,perception.lidar_tracking,out,158553493587200,1,/perception/inner/PrefusedObjects,0,0,1783062236540692578,0,0,0,1564121,1564298
202607031503,e2e_trace_v3,5317,72301518115571999,0,perception.lidar_tracking,in,158553596508128,1,/perception/lidar/detection_filter,0,0,1783062236640096988,0,0,0,1564121,1564300
202607031503,e2e_trace_v3,5318,72301518115571999,0,perception.lidar_tracking,out,158553596772992,1,/perception/inner/PrefusedObjects,0,0,1783062236640096988,0,0,0,1564121,1564300
202607031503,e2e_trace_v3,5334,72301518115572000,0,perception.lidar_tracking,in,158553691331904,1,/perception/lidar/detection_filter,0,0,1783062236740170686,0,0,0,1564121,1564307
202607031503,e2e_trace_v3,5335,72301518115572000,0,perception.lidar_tracking,out,158553691522752,1,/perception/inner/PrefusedObjects,0,0,1783062236740170686,0,0,0,1564121,1564307
202607031503,e2e_trace_v3,5351,72301518115572001,0,perception.lidar_tracking,in,158553792460288,1,/perception/lidar/detection_filter,0,0,1783062236839407986,0,0,0,1564121,1564299
202607031503,e2e_trace_v3,5352,72301518115572001,0,perception.lidar_tracking,out,158553792619008,1,/perception/inner/PrefusedObjects,0,0,1783062236839407986,0,0,0,1564121,1564299
202607031503,e2e_trace_v3,5368,72301518115572002,0,perception.lidar_tracking,in,158553893000384,1,/perception/lidar/detection_filter,0,0,1783062236940475117,0,0,0,1564121,1564295
202607031503,e2e_trace_v3,5369,72301518115572002,0,perception.lidar_tracking,out,158553893230784,1,/perception/inner/PrefusedObjects,0,0,1783062236940475117,0,0,0,1564121,1564295
202607031503,e2e_trace_v3,5384,72301518115572003,0,perception.lidar_tracking,in,158553989556096,1,/perception/lidar/detection_filter,0,0,1783062237039078557,0,0,0,1564121,1564295
202607031503,e2e_trace_v3,5385,72301518115572003,0,perception.lidar_tracking,out,158553989748736,1,/perception/inner/PrefusedObjects,0,0,1783062237039078557,0,0,0,1564121,1564295
202607031503,e2e_trace_v3,5401,72301518115572004,0,perception.lidar_tracking,in,158554094642368,1,/perception/lidar/detection_filter,0,0,1783062237140994677,0,0,0,1564121,1564306
202607031503,e2e_trace_v3,5403,72301518115572004,0,perception.lidar_tracking,out,158554094862528,1,/perception/inner/PrefusedObjects,0,0,1783062237140994677,0,0,0,1564121,1564306
202607031503,e2e_trace_v3,5419,72301518115572005,0,perception.lidar_tracking,in,158554197648704,1,/perception/lidar/detection_filter,0,0,1783062237240579414,0,0,0,1564121,1564305
202607031503,e2e_trace_v3,5420,72301518115572005,0,perception.lidar_tracking,out,158554197890144,1,/perception/inner/PrefusedObjects,0,0,1783062237240579414,0,0,0,1564121,1564305
202607031503,e2e_trace_v3,5436,72301518115572006,0,perception.lidar_tracking,in,158554294257248,1,/perception/lidar/detection_filter,0,0,1783062237339254399,0,0,0,1564121,1564307
202607031503,e2e_trace_v3,5437,72301518115572006,0,perception.lidar_tracking,out,158554294457472,1,/perception/inner/PrefusedObjects,0,0,1783062237339254399,0,0,0,1564121,1564307
202607031503,e2e_trace_v3,5453,72301518115572007,0,perception.lidar_tracking,in,158554400684736,1,/perception/lidar/detection_filter,0,0,1783062237439039975,0,0,0,1564121,1564295
202607031503,e2e_trace_v3,5454,72301518115572007,0,perception.lidar_tracking,out,158554400868128,1,/perception/inner/PrefusedObjects,0,0,1783062237439039975,0,0,0,1564121,1564295
202607031503,e2e_trace_v3,5470,72301518115572008,0,perception.lidar_tracking,in,158554493908960,1,/perception/lidar/detection_filter,0,0,1783062237540529167,0,0,0,1564121,1564305
202607031503,e2e_trace_v3,5471,72301518115572008,0,perception.lidar_tracking,out,158554494168608,1,/perception/inner/PrefusedObjects,0,0,1783062237540529167,0,0,0,1564121,1564305
202607031503,e2e_trace_v3,5487,72301518115572009,0,perception.lidar_tracking,in,158554596392096,1,/perception/lidar/detection_filter,0,0,1783062237640469642,0,0,0,1564121,1564295
202607031503,e2e_trace_v3,5488,72301518115572009,0,perception.lidar_tracking,out,158554596682112,1,/perception/inner/PrefusedObjects,0,0,1783062237640469642,0,0,0,1564121,1564295
202607031503,e2e_trace_v3,5504,72301518115572010,0,perception.lidar_tracking,in,158554694143040,1,/perception/lidar/detection_filter,0,0,1783062237738896774,0,0,0,1564121,1564305
202607031503,e2e_trace_v3,5505,72301518115572010,0,perception.lidar_tracking,out,158554694390112,1,/perception/inner/PrefusedObjects,0,0,1783062237738896774,0,0,0,1564121,1564305
202607031503,e2e_trace_v3,5521,72301518115572011,0,perception.lidar_tracking,in,158554799764480,1,/perception/lidar/detection_filter,0,0,1783062237839123204,0,0,0,1564121,1564307
202607031503,e2e_trace_v3,5522,72301518115572011,0,perception.lidar_tracking,out,158554799923424,1,/perception/inner/PrefusedObjects,0,0,1783062237839123204,0,0,0,1564121,1564307
202607031503,e2e_trace_v3,5538,72301518115572012,0,perception.lidar_tracking,in,158554895600960,1,/perception/lidar/detection_filter,0,0,1783062237940730052,0,0,0,1564121,1564304
202607031503,e2e_trace_v3,5539,72301518115572012,0,perception.lidar_tracking,out,158554895843520,1,/perception/inner/PrefusedObjects,0,0,1783062237940730052,0,0,0,1564121,1564304
202607031503,e2e_trace_v3,5555,72301518115572013,0,perception.lidar_tracking,in,158554997069504,1,/perception/lidar/detection_filter,0,0,1783062238040189529,0,0,0,1564121,1564303
202607031503,e2e_trace_v3,5556,72301518115572013,0,perception.lidar_tracking,out,158554997332448,1,/perception/inner/PrefusedObjects,0,0,1783062238040189529,0,0,0,1564121,1564303
202607031503,e2e_trace_v3,5572,72301518115572014,0,perception.lidar_tracking,in,158555095406688,1,/perception/lidar/detection_filter,0,0,1783062238140547276,0,0,0,1564121,1564294
202607031503,e2e_trace_v3,5573,72301518115572014,0,perception.lidar_tracking,out,158555095587872,1,/perception/inner/PrefusedObjects,0,0,1783062238140547276,0,0,0,1564121,1564294
202607031503,e2e_trace_v3,5589,72301518115572015,0,perception.lidar_tracking,in,158555196247040,1,/perception/lidar/detection_filter,0,0,1783062238241198850,0,0,0,1564121,1564300
202607031503,e2e_trace_v3,5590,72301518115572015,0,perception.lidar_tracking,out,158555196432736,1,/perception/inner/PrefusedObjects,0,0,1783062238241198850,0,0,0,1564121,1564300
202607031503,e2e_trace_v3,5606,72301518115572016,0,perception.lidar_tracking,in,158555295113856,1,/perception/lidar/detection_filter,0,0,1783062238339741824,0,0,0,1564121,1564306
202607031503,e2e_trace_v3,5607,72301518115572016,0,perception.lidar_tracking,out,158555295296416,1,/perception/inner/PrefusedObjects,0,0,1783062238339741824,0,0,0,1564121,1564306
202607031503,e2e_trace_v3,5623,72301518115572017,0,perception.lidar_tracking,in,158555396016000,1,/perception/lidar/detection_filter,0,0,1783062238440101755,0,0,0,1564121,1564297
202607031503,e2e_trace_v3,5624,72301518115572017,0,perception.lidar_tracking,out,158555396181312,1,/perception/inner/PrefusedObjects,0,0,1783062238440101755,0,0,0,1564121,1564297
202607031503,e2e_trace_v3,5649,72301518115572018,0,perception.lidar_tracking,in,158555521826848,1,/perception/lidar/detection_filter,0,0,1783062238539813938,0,0,0,1564121,1564297
202607031503,e2e_trace_v3,5650,72301518115572018,0,perception.lidar_tracking,out,158555522092736,1,/perception/inner/PrefusedObjects,0,0,1783062238539813938,0,0,0,1564121,1564297
202607031503,e2e_trace_v3,5657,72301518115572019,0,perception.lidar_tracking,in,158555596347968,1,/perception/lidar/detection_filter,0,0,1783062238639562059,0,0,0,1564121,1564308
202607031503,e2e_trace_v3,5658,72301518115572019,0,perception.lidar_tracking,out,158555596603200,1,/perception/inner/PrefusedObjects,0,0,1783062238639562059,0,0,0,1564121,1564308
202607031503,e2e_trace_v3,5674,72301518115572020,0,perception.lidar_tracking,in,158555691834432,1,/perception/lidar/detection_filter,0,0,1783062238739671502,0,0,0,1564121,1564301
202607031503,e2e_trace_v3,5675,72301518115572020,0,perception.lidar_tracking,out,158555692079840,1,/perception/inner/PrefusedObjects,0,0,1783062238739671502,0,0,0,1564121,1564301
202607031503,e2e_trace_v3,5691,72301518115572021,0,perception.lidar_tracking,in,158555793628736,1,/perception/lidar/detection_filter,0,0,1783062238839845379,0,0,0,1564121,1564308
202607031503,e2e_trace_v3,5692,72301518115572021,0,perception.lidar_tracking,out,158555793910432,1,/perception/inner/PrefusedObjects,0,0,1783062238839845379,0,0,0,1564121,1564308
202607031503,e2e_trace_v3,5708,72301518115572022,0,perception.lidar_tracking,in,158555895628768,1,/perception/lidar/detection_filter,0,0,1783062238941322168,0,0,0,1564121,1564301
202607031503,e2e_trace_v3,5709,72301518115572022,0,perception.lidar_tracking,out,158555895880896,1,/perception/inner/PrefusedObjects,0,0,1783062238941322168,0,0,0,1564121,1564301
202607031503,e2e_trace_v3,5725,72301518115572023,0,perception.lidar_tracking,in,158555992176576,1,/perception/lidar/detection_filter,0,0,1783062239040645647,0,0,0,1564121,1564309
202607031503,e2e_trace_v3,5726,72301518115572023,0,perception.lidar_tracking,out,158555992454688,1,/perception/inner/PrefusedObjects,0,0,1783062239040645647,0,0,0,1564121,1564309
202607031503,e2e_trace_v3,5742,72301518115572024,0,perception.lidar_tracking,in,158556093153568,1,/perception/lidar/detection_filter,0,0,1783062239139648808,0,0,0,1564121,1564308
202607031503,e2e_trace_v3,5743,72301518115572024,0,perception.lidar_tracking,out,158556093513280,1,/perception/inner/PrefusedObjects,0,0,1783062239139648808,0,0,0,1564121,1564308
202607031503,e2e_trace_v3,5759,72301518115572025,0,perception.lidar_tracking,in,158556193905696,1,/perception/lidar/detection_filter,0,0,1783062239240498298,0,0,0,1564121,1564303
202607031503,e2e_trace_v3,5760,72301518115572025,0,perception.lidar_tracking,out,158556194076352,1,/perception/inner/PrefusedObjects,0,0,1783062239240498298,0,0,0,1564121,1564303
202607031503,e2e_trace_v3,5776,72301518115572026,0,perception.lidar_tracking,in,158556294115552,1,/perception/lidar/detection_filter,0,0,1783062239339041770,0,0,0,1564121,1564295
202607031503,e2e_trace_v3,5777,72301518115572026,0,perception.lidar_tracking,out,158556294385440,1,/perception/inner/PrefusedObjects,0,0,1783062239339041770,0,0,0,1564121,1564295
202607031503,e2e_trace_v3,5792,72301518115572027,0,perception.lidar_tracking,in,158556394177056,1,/perception/lidar/detection_filter,0,0,1783062239440340878,0,0,0,1564121,1564299
202607031503,e2e_trace_v3,5794,72301518115572027,0,perception.lidar_tracking,out,158556394347040,1,/perception/inner/PrefusedObjects,0,0,1783062239440340878,0,0,0,1564121,1564299
202607031503,e2e_trace_v3,5810,72301518115572028,0,perception.lidar_tracking,in,158556496821440,1,/perception/lidar/detection_filter,0,0,1783062239540461725,0,0,0,1564121,1564296
202607031503,e2e_trace_v3,5811,72301518115572028,0,perception.lidar_tracking,out,158556497093568,1,/perception/inner/PrefusedObjects,0,0,1783062239540461725,0,0,0,1564121,1564296
202607031503,e2e_trace_v3,5827,72301518115572029,0,perception.lidar_tracking,in,158556597220288,1,/perception/lidar/detection_filter,0,0,1783062239641012861,0,0,0,1564121,1564295
202607031503,e2e_trace_v3,5828,72301518115572029,0,perception.lidar_tracking,out,158556597567296,1,/perception/inner/PrefusedObjects,0,0,1783062239641012861,0,0,0,1564121,1564295
202607031503,e2e_trace_v3,5844,72301518115572030,0,perception.lidar_tracking,in,158556694645440,1,/perception/lidar/detection_filter,0,0,1783062239739837322,0,0,0,1564121,1564307
202607031503,e2e_trace_v3,5845,72301518115572030,0,perception.lidar_tracking,out,158556694939424,1,/perception/inner/PrefusedObjects,0,0,1783062239739837322,0,0,0,1564121,1564307
202607031503,e2e_trace_v3,5861,72301518115572031,0,perception.lidar_tracking,in,158556794819520,1,/perception/lidar/detection_filter,0,0,1783062239840074527,0,0,0,1564121,1564303
202607031503,e2e_trace_v3,5862,72301518115572031,0,perception.lidar_tracking,out,158556795180320,1,/perception/inner/PrefusedObjects,0,0,1783062239840074527,0,0,0,1564121,1564303
202607031503,e2e_trace_v3,5878,72301518115572032,0,perception.lidar_tracking,in,158556892927680,1,/perception/lidar/detection_filter,0,0,1783062239940172305,0,0,0,1564121,1564296
202607031503,e2e_trace_v3,5879,72301518115572032,0,perception.lidar_tracking,out,158556893074624,1,/perception/inner/PrefusedObjects,0,0,1783062239940172305,0,0,0,1564121,1564296
202607031503,e2e_trace_v3,5895,72301518115572033,0,perception.lidar_tracking,in,158556994046944,1,/perception/lidar/detection_filter,0,0,1783062240039986041,0,0,0,1564121,1564304
202607031503,e2e_trace_v3,5896,72301518115572033,0,perception.lidar_tracking,out,158556994319168,1,/perception/inner/PrefusedObjects,0,0,1783062240039986041,0,0,0,1564121,1564304
202607031503,e2e_trace_v3,5911,72301518115572034,0,perception.lidar_tracking,in,158557088850048,1,/perception/lidar/detection_filter,0,0,1783062240139571122,0,0,0,1564121,1564308
202607031503,e2e_trace_v3,5913,72301518115572034,0,perception.lidar_tracking,out,158557089616768,1,/perception/inner/PrefusedObjects,0,0,1783062240139571122,0,0,0,1564121,1564308
202607031503,e2e_trace_v3,5928,72301518115572035,0,perception.lidar_tracking,in,158557193975712,1,/perception/lidar/detection_filter,0,0,1783062240240631456,0,0,0,1564121,1564294
202607031503,e2e_trace_v3,5930,72301518115572035,0,perception.lidar_tracking,out,158557194270944,1,/perception/inner/PrefusedObjects,0,0,1783062240240631456,0,0,0,1564121,1564294
202607031503,e2e_trace_v3,5945,72301518115572036,0,perception.lidar_tracking,in,158557291555264,1,/perception/lidar/detection_filter,0,0,1783062240339700101,0,0,0,1564121,1564302
202607031503,e2e_trace_v3,5947,72301518115572036,0,perception.lidar_tracking,out,158557291860480,1,/perception/inner/PrefusedObjects,0,0,1783062240339700101,0,0,0,1564121,1564302
202607031503,e2e_trace_v3,5963,72301518115572037,0,perception.lidar_tracking,in,158557393956320,1,/perception/lidar/detection_filter,0,0,1783062240439748864,0,0,0,1564121,1564308
202607031503,e2e_trace_v3,5964,72301518115572037,0,perception.lidar_tracking,out,158557394130368,1,/perception/inner/PrefusedObjects,0,0,1783062240439748864,0,0,0,1564121,1564308
202607031503,e2e_trace_v3,5989,72301518115572038,0,perception.lidar_tracking,in,158557522783616,1,/perception/lidar/detection_filter,0,0,1783062240539541797,0,0,0,1564121,1564308
202607031503,e2e_trace_v3,5990,72301518115572038,0,perception.lidar_tracking,out,158557522936640,1,/perception/inner/PrefusedObjects,0,0,1783062240539541797,0,0,0,1564121,1564308
202607031503,e2e_trace_v3,5997,72301518115572039,0,perception.lidar_tracking,in,158557596000576,1,/perception/lidar/detection_filter,0,0,1783062240639866059,0,0,0,1564121,1564299
202607031503,e2e_trace_v3,5998,72301518115572039,0,perception.lidar_tracking,out,158557596188512,1,/perception/inner/PrefusedObjects,0,0,1783062240639866059,0,0,0,1564121,1564299
202607031503,e2e_trace_v3,6014,72301518115572040,0,perception.lidar_tracking,in,158557691747616,1,/perception/lidar/detection_filter,0,0,1783062240740560925,0,0,0,1564121,1564297
202607031503,e2e_trace_v3,6015,72301518115572040,0,perception.lidar_tracking,out,158557691902016,1,/perception/inner/PrefusedObjects,0,0,1783062240740560925,0,0,0,1564121,1564297
202607031503,e2e_trace_v3,6030,72301518115572041,0,perception.lidar_tracking,in,158557791376928,1,/perception/lidar/detection_filter,0,0,1783062240839149618,0,0,0,1564121,1564308
202607031503,e2e_trace_v3,6031,72301518115572041,0,perception.lidar_tracking,out,158557791544608,1,/perception/inner/PrefusedObjects,0,0,1783062240839149618,0,0,0,1564121,1564308
202607031503,e2e_trace_v3,6047,72301518115572042,0,perception.lidar_tracking,in,158557889195200,1,/perception/lidar/detection_filter,0,0,1783062240940023000,0,0,0,1564121,1564306
202607031503,e2e_trace_v3,6048,72301518115572042,0,perception.lidar_tracking,out,158557889407008,1,/perception/inner/PrefusedObjects,0,0,1783062240940023000,0,0,0,1564121,1564306
202607031503,e2e_trace_v3,6064,72301518115572043,0,perception.lidar_tracking,in,158557988717920,1,/perception/lidar/detection_filter,0,0,1783062241038896923,0,0,0,1564121,1564296
202607031503,e2e_trace_v3,6065,72301518115572043,0,perception.lidar_tracking,out,158557988901184,1,/perception/inner/PrefusedObjects,0,0,1783062241038896923,0,0,0,1564121,1564296
202607031503,e2e_trace_v3,6081,72301518115572044,0,perception.lidar_tracking,in,158558088482496,1,/perception/lidar/detection_filter,0,0,1783062241138733225,0,0,0,1564121,1564309
202607031503,e2e_trace_v3,6082,72301518115572044,0,perception.lidar_tracking,out,158558088671616,1,/perception/inner/PrefusedObjects,0,0,1783062241138733225,0,0,0,1564121,1564309
202607031503,e2e_trace_v3,6099,72301518115572045,0,perception.lidar_tracking,in,158558191097920,1,/perception/lidar/detection_filter,0,0,1783062241240492801,0,0,0,1564121,1564297
202607031503,e2e_trace_v3,6100,72301518115572045,0,perception.lidar_tracking,out,158558191386688,1,/perception/inner/PrefusedObjects,0,0,1783062241240492801,0,0,0,1564121,1564297
202607031503,e2e_trace_v3,6115,72301518115572046,0,perception.lidar_tracking,in,158558290562112,1,/perception/lidar/detection_filter,0,0,1783062241339968087,0,0,0,1564121,1564301
202607031503,e2e_trace_v3,6116,72301518115572046,0,perception.lidar_tracking,out,158558290775008,1,/perception/inner/PrefusedObjects,0,0,1783062241339968087,0,0,0,1564121,1564301
202607031503,e2e_trace_v3,6133,72301518115572047,0,perception.lidar_tracking,in,158558393522496,1,/perception/lidar/detection_filter,0,0,1783062241439968531,0,0,0,1564121,1564296
202607031503,e2e_trace_v3,6134,72301518115572047,0,perception.lidar_tracking,out,158558393755616,1,/perception/inner/PrefusedObjects,0,0,1783062241439968531,0,0,0,1564121,1564296
202607031503,e2e_trace_v3,6150,72301518115572048,0,perception.lidar_tracking,in,158558492677088,1,/perception/lidar/detection_filter,0,0,1783062241540021440,0,0,0,1564121,1564303
202607031503,e2e_trace_v3,6151,72301518115572048,0,perception.lidar_tracking,out,158558492833344,1,/perception/inner/PrefusedObjects,0,0,1783062241540021440,0,0,0,1564121,1564303
202607031503,e2e_trace_v3,6166,72301518115572049,0,perception.lidar_tracking,in,158558590172416,1,/perception/lidar/detection_filter,0,0,1783062241639430515,0,0,0,1564121,1564304
202607031503,e2e_trace_v3,6167,72301518115572049,0,perception.lidar_tracking,out,158558590416832,1,/perception/inner/PrefusedObjects,0,0,1783062241639430515,0,0,0,1564121,1564304
202607031503,e2e_trace_v3,6183,72301518115572050,0,perception.lidar_tracking,in,158558690383936,1,/perception/lidar/detection_filter,0,0,1783062241739877196,0,0,0,1564121,1564297
202607031503,e2e_trace_v3,6184,72301518115572050,0,perception.lidar_tracking,out,158558690551328,1,/perception/inner/PrefusedObjects,0,0,1783062241739877196,0,0,0,1564121,1564297
202607031503,e2e_trace_v3,6201,72301518115572051,0,perception.lidar_tracking,in,158558791606912,1,/perception/lidar/detection_filter,0,0,1783062241840698529,0,0,0,1564121,1564308
202607031503,e2e_trace_v3,6202,72301518115572051,0,perception.lidar_tracking,out,158558792216032,1,/perception/inner/PrefusedObjects,0,0,1783062241840698529,0,0,0,1564121,1564308
202607031503,e2e_trace_v3,6217,72301518115572052,0,perception.lidar_tracking,in,158558887412224,1,/perception/lidar/detection_filter,0,0,1783062241940530809,0,0,0,1564121,1564299
202607031503,e2e_trace_v3,6218,72301518115572052,0,perception.lidar_tracking,out,158558887600960,1,/perception/inner/PrefusedObjects,0,0,1783062241940530809,0,0,0,1564121,1564299
202607031503,e2e_trace_v3,6234,72301518115572053,0,perception.lidar_tracking,in,158558988813504,1,/perception/lidar/detection_filter,0,0,1783062242039939107,0,0,0,1564121,1564302
202607031503,e2e_trace_v3,6235,72301518115572053,0,perception.lidar_tracking,out,158558988977696,1,/perception/inner/PrefusedObjects,0,0,1783062242039939107,0,0,0,1564121,1564302
202607031503,e2e_trace_v3,6251,72301518115572054,0,perception.lidar_tracking,in,158559086974112,1,/perception/lidar/detection_filter,0,0,1783062242138626897,0,0,0,1564121,1564296
202607031503,e2e_trace_v3,6253,72301518115572054,0,perception.lidar_tracking,out,158559087235072,1,/perception/inner/PrefusedObjects,0,0,1783062242138626897,0,0,0,1564121,1564296
202607031503,e2e_trace_v3,6268,72301518115572055,0,perception.lidar_tracking,in,158559188709472,1,/perception/lidar/detection_filter,0,0,1783062242239487287,0,0,0,1564121,1564307
202607031503,e2e_trace_v3,6269,72301518115572055,0,perception.lidar_tracking,out,158559189054208,1,/perception/inner/PrefusedObjects,0,0,1783062242239487287,0,0,0,1564121,1564307
202607031503,e2e_trace_v3,6286,72301518115572056,0,perception.lidar_tracking,in,158559300252096,1,/perception/lidar/detection_filter,0,0,1783062242341543509,0,0,0,1564121,1564294
202607031503,e2e_trace_v3,6287,72301518115572056,0,perception.lidar_tracking,out,158559300596384,1,/perception/inner/PrefusedObjects,0,0,1783062242341543509,0,0,0,1564121,1564294
202607031503,e2e_trace_v3,6303,72301518115572057,0,perception.lidar_tracking,in,158559399014176,1,/perception/lidar/detection_filter,0,0,1783062242439422651,0,0,0,1564121,1564297
202607031503,e2e_trace_v3,6304,72301518115572057,0,perception.lidar_tracking,out,158559399172160,1,/perception/inner/PrefusedObjects,0,0,1783062242439422651,0,0,0,1564121,1564297
202607031503,e2e_trace_v3,6320,72301518115572058,0,perception.lidar_tracking,in,158559492786720,1,/perception/lidar/detection_filter,0,0,1783062242539800924,0,0,0,1564121,1564302
202607031503,e2e_trace_v3,6321,72301518115572058,0,perception.lidar_tracking,out,158559492940320,1,/perception/inner/PrefusedObjects,0,0,1783062242539800924,0,0,0,1564121,1564302
202607031503,e2e_trace_v3,6337,72301518115572059,0,perception.lidar_tracking,in,158559591187840,1,/perception/lidar/detection_filter,0,0,1783062242639353611,0,0,0,1564121,1564296
202607031503,e2e_trace_v3,6338,72301518115572059,0,perception.lidar_tracking,out,158559591432320,1,/perception/inner/PrefusedObjects,0,0,1783062242639353611,0,0,0,1564121,1564296
202607031503,e2e_trace_v3,6352,72301518115572060,0,perception.lidar_tracking,in,158559688476096,1,/perception/lidar/detection_filter,0,0,1783062242738313245,0,0,0,1564121,1564298
202607031503,e2e_trace_v3,6354,72301518115572060,0,perception.lidar_tracking,out,158559688763520,1,/perception/inner/PrefusedObjects,0,0,1783062242738313245,0,0,0,1564121,1564298
202607031503,e2e_trace_v3,6369,72301518115572061,0,perception.lidar_tracking,in,158559787831200,1,/perception/lidar/detection_filter,0,0,1783062242838977422,0,0,0,1564121,1564303
202607031503,e2e_trace_v3,6370,72301518115572061,0,perception.lidar_tracking,out,158559788121152,1,/perception/inner/PrefusedObjects,0,0,1783062242838977422,0,0,0,1564121,1564303
202607031503,e2e_trace_v3,6388,72301518115572062,0,perception.lidar_tracking,in,158559896391136,1,/perception/lidar/detection_filter,0,0,1783062242939070475,0,0,0,1564121,1564308
202607031503,e2e_trace_v3,6389,72301518115572062,0,perception.lidar_tracking,out,158559896674624,1,/perception/inner/PrefusedObjects,0,0,1783062242939070475,0,0,0,1564121,1564308
202607031503,e2e_trace_v3,6404,72301518115572063,0,perception.lidar_tracking,in,158559985921120,1,/perception/lidar/detection_filter,0,0,1783062243039128488,0,0,0,1564121,1564302
202607031503,e2e_trace_v3,6405,72301518115572063,0,perception.lidar_tracking,out,158559986202016,1,/perception/inner/PrefusedObjects,0,0,1783062243039128488,0,0,0,1564121,1564302
202607031503,e2e_trace_v3,6424,72301518115572064,0,perception.lidar_tracking,in,158560111978208,1,/perception/lidar/detection_filter,0,0,1783062243139558854,0,0,0,1564121,1564306
202607031503,e2e_trace_v3,6425,72301518115572064,0,perception.lidar_tracking,out,158560112130400,1,/perception/inner/PrefusedObjects,0,0,1783062243139558854,0,0,0,1564121,1564306
202607031503,e2e_trace_v3,6438,72301518115572065,0,perception.lidar_tracking,in,158560186568128,1,/perception/lidar/detection_filter,0,0,1783062243238694086,0,0,0,1564121,1564302
202607031503,e2e_trace_v3,6439,72301518115572065,0,perception.lidar_tracking,out,158560186723904,1,/perception/inner/PrefusedObjects,0,0,1783062243238694086,0,0,0,1564121,1564302
202607031503,e2e_trace_v3,6455,72301518115572066,0,perception.lidar_tracking,in,158560283777184,1,/perception/lidar/detection_filter,0,0,1783062243338603521,0,0,0,1564121,1564304
202607031503,e2e_trace_v3,6456,72301518115572066,0,perception.lidar_tracking,out,158560283958208,1,/perception/inner/PrefusedObjects,0,0,1783062243338603521,0,0,0,1564121,1564304
202607031503,e2e_trace_v3,6472,72301518115572067,0,perception.lidar_tracking,in,158560385978944,1,/perception/lidar/detection_filter,0,0,1783062243439057689,0,0,0,1564121,1564307
202607031503,e2e_trace_v3,6473,72301518115572067,0,perception.lidar_tracking,out,158560386279520,1,/perception/inner/PrefusedObjects,0,0,1783062243439057689,0,0,0,1564121,1564307
202607031503,e2e_trace_v3,6489,72301518115572068,0,perception.lidar_tracking,in,158560488187456,1,/perception/lidar/detection_filter,0,0,1783062243538664774,0,0,0,1564121,1564294
202607031503,e2e_trace_v3,6490,72301518115572068,0,perception.lidar_tracking,out,158560488884352,1,/perception/inner/PrefusedObjects,0,0,1783062243538664774,0,0,0,1564121,1564294
202607031503,e2e_trace_v3,6506,72301518115572069,0,perception.lidar_tracking,in,158560586389088,1,/perception/lidar/detection_filter,0,0,1783062243639895821,0,0,0,1564121,1564295
202607031503,e2e_trace_v3,6507,72301518115572069,0,perception.lidar_tracking,out,158560586733824,1,/perception/inner/PrefusedObjects,0,0,1783062243639895821,0,0,0,1564121,1564295
202607031503,e2e_trace_v3,6524,72301518115572070,0,perception.lidar_tracking,in,158560702221824,1,/perception/lidar/detection_filter,0,0,1783062243739263511,0,0,0,1564121,1564298
202607031503,e2e_trace_v3,6525,72301518115572070,0,perception.lidar_tracking,out,158560702409856,1,/perception/inner/PrefusedObjects,0,0,1783062243739263511,0,0,0,1564121,1564298
202607031503,e2e_trace_v3,6540,72301518115572071,0,perception.lidar_tracking,in,158560786733184,1,/perception/lidar/detection_filter,0,0,1783062243839068291,0,0,0,1564121,1564299
202607031503,e2e_trace_v3,6541,72301518115572071,0,perception.lidar_tracking,out,158560786897600,1,/perception/inner/PrefusedObjects,0,0,1783062243839068291,0,0,0,1564121,1564299
202607031503,e2e_trace_v3,6557,72301518115572072,0,perception.lidar_tracking,in,158560885794784,1,/perception/lidar/detection_filter,0,0,1783062243939497933,0,0,0,1564121,1564294
202607031503,e2e_trace_v3,6558,72301518115572072,0,perception.lidar_tracking,out,158560886185824,1,/perception/inner/PrefusedObjects,0,0,1783062243939497933,0,0,0,1564121,1564294
202607031503,e2e_trace_v3,6574,72301518115572073,0,perception.lidar_tracking,in,158560987767424,1,/perception/lidar/detection_filter,0,0,1783062244039920025,0,0,0,1564121,1564305
202607031503,e2e_trace_v3,6575,72301518115572073,0,perception.lidar_tracking,out,158560987937856,1,/perception/inner/PrefusedObjects,0,0,1783062244039920025,0,0,0,1564121,1564305
202607031503,e2e_trace_v3,6591,72301518115572074,0,perception.lidar_tracking,in,158561084353280,1,/perception/lidar/detection_filter,0,0,1783062244138912229,0,0,0,1564121,1564300
202607031503,e2e_trace_v3,6592,72301518115572074,0,perception.lidar_tracking,out,158561084576800,1,/perception/inner/PrefusedObjects,0,0,1783062244138912229,0,0,0,1564121,1564300
202607031503,e2e_trace_v3,6617,72301518115572075,0,perception.lidar_tracking,in,158561216554560,1,/perception/lidar/detection_filter,0,0,1783062244239753259,0,0,0,1564121,1564309
202607031503,e2e_trace_v3,6619,72301518115572075,0,perception.lidar_tracking,out,158561216769664,1,/perception/inner/PrefusedObjects,0,0,1783062244239753259,0,0,0,1564121,1564309
202607031503,e2e_trace_v3,6625,72301518115572076,0,perception.lidar_tracking,in,158561283179424,1,/perception/lidar/detection_filter,0,0,1783062244338151640,0,0,0,1564121,1564308
202607031503,e2e_trace_v3,6626,72301518115572076,0,perception.lidar_tracking,out,158561283331232,1,/perception/inner/PrefusedObjects,0,0,1783062244338151640,0,0,0,1564121,1564308
202607031503,e2e_trace_v3,6643,72301518115572077,0,perception.lidar_tracking,in,158561401940192,1,/perception/lidar/detection_filter,0,0,1783062244438321895,0,0,0,1564121,1564297
202607031503,e2e_trace_v3,6644,72301518115572077,0,perception.lidar_tracking,out,158561402142720,1,/perception/inner/PrefusedObjects,0,0,1783062244438321895,0,0,0,1564121,1564297
202607031503,e2e_trace_v3,6659,72301518115572078,0,perception.lidar_tracking,in,158561483452256,1,/perception/lidar/detection_filter,0,0,1783062244539513160,0,0,0,1564121,1564297
202607031503,e2e_trace_v3,6660,72301518115572078,0,perception.lidar_tracking,out,158561483602912,1,/perception/inner/PrefusedObjects,0,0,1783062244539513160,0,0,0,1564121,1564297
202607031503,e2e_trace_v3,6675,72301518115572079,0,perception.lidar_tracking,in,158561583715744,1,/perception/lidar/detection_filter,0,0,1783062244638640477,0,0,0,1564121,1564303
202607031503,e2e_trace_v3,6677,72301518115572079,0,perception.lidar_tracking,out,158561583984192,1,/perception/inner/PrefusedObjects,0,0,1783062244638640477,0,0,0,1564121,1564303
202607031503,e2e_trace_v3,6693,72301518115572080,0,perception.lidar_tracking,in,158561681721728,1,/perception/lidar/detection_filter,0,0,1783062244737557164,0,0,0,1564121,1564304
202607031503,e2e_trace_v3,6694,72301518115572080,0,perception.lidar_tracking,out,158561681915104,1,/perception/inner/PrefusedObjects,0,0,1783062244737557164,0,0,0,1564121,1564304
202607031503,e2e_trace_v3,6710,72301518115572081,0,perception.lidar_tracking,in,158561782008512,1,/perception/lidar/detection_filter,0,0,1783062244838676894,0,0,0,1564121,1564306
202607031503,e2e_trace_v3,6711,72301518115572081,0,perception.lidar_tracking,out,158561782182880,1,/perception/inner/PrefusedObjects,0,0,1783062244838676894,0,0,0,1564121,1564306
202607031503,e2e_trace_v3,6733,72301518115572082,0,perception.lidar_tracking,in,158561913167424,1,/perception/lidar/detection_filter,0,0,1783062244939028081,0,0,0,1564121,1564304
202607031503,e2e_trace_v3,6734,72301518115572082,0,perception.lidar_tracking,out,158561913417152,1,/perception/inner/PrefusedObjects,0,0,1783062244939028081,0,0,0,1564121,1564304
202607031503,e2e_trace_v3,6744,72301518115572083,0,perception.lidar_tracking,in,158561982008128,1,/perception/lidar/detection_filter,0,0,1783062245039100396,0,0,0,1564121,1564300
202607031503,e2e_trace_v3,6745,72301518115572083,0,perception.lidar_tracking,out,158561982306752,1,/perception/inner/PrefusedObjects,0,0,1783062245039100396,0,0,0,1564121,1564300
202607031503,e2e_trace_v3,6761,72301518115572084,0,perception.lidar_tracking,in,158562081355872,1,/perception/lidar/detection_filter,0,0,1783062245138335651,0,0,0,1564121,1564299
202607031503,e2e_trace_v3,6762,72301518115572084,0,perception.lidar_tracking,out,158562081768384,1,/perception/inner/PrefusedObjects,0,0,1783062245138335651,0,0,0,1564121,1564299
202607031503,e2e_trace_v3,6778,72301518115572085,0,perception.lidar_tracking,in,158562182317856,1,/perception/lidar/detection_filter,0,0,1783062245238233950,0,0,0,1564121,1564308
202607031503,e2e_trace_v3,6779,72301518115572085,0,perception.lidar_tracking,out,158562182504224,1,/perception/inner/PrefusedObjects,0,0,1783062245238233950,0,0,0,1564121,1564308
202607031503,e2e_trace_v3,6795,72301518115572086,0,perception.lidar_tracking,in,158562278886048,1,/perception/lidar/detection_filter,0,0,1783062245338209195,0,0,0,1564121,1564295
202607031503,e2e_trace_v3,6796,72301518115572086,0,perception.lidar_tracking,out,158562279076992,1,/perception/inner/PrefusedObjects,0,0,1783062245338209195,0,0,0,1564121,1564295
202607031503,e2e_trace_v3,6812,72301518115572087,0,perception.lidar_tracking,in,158562383883424,1,/perception/lidar/detection_filter,0,0,1783062245439504380,0,0,0,1564121,1564309
202607031503,e2e_trace_v3,6813,72301518115572087,0,perception.lidar_tracking,out,158562384154816,1,/perception/inner/PrefusedObjects,0,0,1783062245439504380,0,0,0,1564121,1564309
202607031503,e2e_trace_v3,6829,72301518115572088,0,perception.lidar_tracking,in,158562482430880,1,/perception/lidar/detection_filter,0,0,1783062245539676674,0,0,0,1564121,1564300
202607031503,e2e_trace_v3,6830,72301518115572088,0,perception.lidar_tracking,out,158562482602240,1,/perception/inner/PrefusedObjects,0,0,1783062245539676674,0,0,0,1564121,1564300
202607031503,e2e_trace_v3,6846,72301518115572089,0,perception.lidar_tracking,in,158562584216000,1,/perception/lidar/detection_filter,0,0,1783062245640026488,0,0,0,1564121,1564299
202607031503,e2e_trace_v3,6847,72301518115572089,0,perception.lidar_tracking,out,158562584449632,1,/perception/inner/PrefusedObjects,0,0,1783062245640026488,0,0,0,1564121,1564299
202607031503,e2e_trace_v3,6864,72301518115572090,0,perception.lidar_tracking,in,158562690890624,1,/perception/lidar/detection_filter,0,0,1783062245739726610,0,0,0,1564121,1564296
202607031503,e2e_trace_v3,6865,72301518115572090,0,perception.lidar_tracking,out,158562691048896,1,/perception/inner/PrefusedObjects,0,0,1783062245739726610,0,0,0,1564121,1564296
202607031503,e2e_trace_v3,6880,72301518115572091,0,perception.lidar_tracking,in,158562788166176,1,/perception/lidar/detection_filter,0,0,1783062245839219776,0,0,0,1564121,1564305
202607031503,e2e_trace_v3,6881,72301518115572091,0,perception.lidar_tracking,out,158562788523232,1,/perception/inner/PrefusedObjects,0,0,1783062245839219776,0,0,0,1564121,1564305
202607031503,e2e_trace_v3,6898,72301518115572092,0,perception.lidar_tracking,in,158562898299616,1,/perception/lidar/detection_filter,0,0,1783062245939800311,0,0,0,1564121,1564306
202607031503,e2e_trace_v3,6899,72301518115572092,0,perception.lidar_tracking,out,158562898717504,1,/perception/inner/PrefusedObjects,0,0,1783062245939800311,0,0,0,1564121,1564306
202607031503,e2e_trace_v3,6914,72301518115572093,0,perception.lidar_tracking,in,158562989756224,1,/perception/lidar/detection_filter,0,0,1783062246040597757,0,0,0,1564121,1564294
202607031503,e2e_trace_v3,6915,72301518115572093,0,perception.lidar_tracking,out,158562990006560,1,/perception/inner/PrefusedObjects,0,0,1783062246040597757,0,0,0,1564121,1564294
202607031503,e2e_trace_v3,6931,72301518115572094,0,perception.lidar_tracking,in,158563086014368,1,/perception/lidar/detection_filter,0,0,1783062246140015059,0,0,0,1564121,1564309
202607031503,e2e_trace_v3,6932,72301518115572094,0,perception.lidar_tracking,out,158563086194944,1,/perception/inner/PrefusedObjects,0,0,1783062246140015059,0,0,0,1564121,1564309
202607031503,e2e_trace_v3,6948,72301518115572095,0,perception.lidar_tracking,in,158563184756000,1,/perception/lidar/detection_filter,0,0,1783062246240888072,0,0,0,1564121,1564307
202607031503,e2e_trace_v3,6949,72301518115572095,0,perception.lidar_tracking,out,158563185001248,1,/perception/inner/PrefusedObjects,0,0,1783062246240888072,0,0,0,1564121,1564307
202607031503,e2e_trace_v3,6965,72301518115572096,0,perception.lidar_tracking,in,158563286817632,1,/perception/lidar/detection_filter,0,0,1783062246340483835,0,0,0,1564121,1564305
202607031503,e2e_trace_v3,6966,72301518115572096,0,perception.lidar_tracking,out,158563287103808,1,/perception/inner/PrefusedObjects,0,0,1783062246340483835,0,0,0,1564121,1564305
202607031503,e2e_trace_v3,6982,72301518115572097,0,perception.lidar_tracking,in,158563388989536,1,/perception/lidar/detection_filter,0,0,1783062246440282798,0,0,0,1564121,1564304
202607031503,e2e_trace_v3,6983,72301518115572097,0,perception.lidar_tracking,out,158563389591328,1,/perception/inner/PrefusedObjects,0,0,1783062246440282798,0,0,0,1564121,1564304
202607031503,e2e_trace_v3,6999,72301518115572098,0,perception.lidar_tracking,in,158563488884256,1,/perception/lidar/detection_filter,0,0,1783062246539920811,0,0,0,1564121,1564303
202607031503,e2e_trace_v3,7000,72301518115572098,0,perception.lidar_tracking,out,158563489093376,1,/perception/inner/PrefusedObjects,0,0,1783062246539920811,0,0,0,1564121,1564303
202607031503,e2e_trace_v3,7016,72301518115572099,0,perception.lidar_tracking,in,158563586718592,1,/perception/lidar/detection_filter,0,0,1783062246640268161,0,0,0,1564121,1564302
202607031503,e2e_trace_v3,7017,72301518115572099,0,perception.lidar_tracking,out,158563586878432,1,/perception/inner/PrefusedObjects,0,0,1783062246640268161,0,0,0,1564121,1564302
202607031503,e2e_trace_v3,7033,72301518115572100,0,perception.lidar_tracking,in,158563690278176,1,/perception/lidar/detection_filter,0,0,1783062246739451743,0,0,0,1564121,1564294
202607031503,e2e_trace_v3,7034,72301518115572100,0,perception.lidar_tracking,out,158563690462240,1,/perception/inner/PrefusedObjects,0,0,1783062246739451743,0,0,0,1564121,1564294
202607031503,e2e_trace_v3,7050,72301518115572101,0,perception.lidar_tracking,in,158563793659712,1,/perception/lidar/detection_filter,0,0,1783062246839990794,0,0,0,1564121,1564306
202607031503,e2e_trace_v3,7051,72301518115572101,0,perception.lidar_tracking,out,158563793833984,1,/perception/inner/PrefusedObjects,0,0,1783062246839990794,0,0,0,1564121,1564306
202607031503,e2e_trace_v3,7067,72301518115572102,0,perception.lidar_tracking,in,158563882800032,1,/perception/lidar/detection_filter,0,0,1783062246940153555,0,0,0,1564121,1564296
202607031503,e2e_trace_v3,7068,72301518115572102,0,perception.lidar_tracking,out,158563883068896,1,/perception/inner/PrefusedObjects,0,0,1783062246940153555,0,0,0,1564121,1564296
202607031503,e2e_trace_v3,7084,72301518115572103,0,perception.lidar_tracking,in,158563983546144,1,/perception/lidar/detection_filter,0,0,1783062247040609886,0,0,0,1564121,1564299
202607031503,e2e_trace_v3,7085,72301518115572103,0,perception.lidar_tracking,out,158563983721344,1,/perception/inner/PrefusedObjects,0,0,1783062247040609886,0,0,0,1564121,1564299
202607031503,e2e_trace_v3,7101,72301518115572104,0,perception.lidar_tracking,in,158564083337024,1,/perception/lidar/detection_filter,0,0,1783062247140332259,0,0,0,1564121,1564298
202607031503,e2e_trace_v3,7102,72301518115572104,0,perception.lidar_tracking,out,158564083541280,1,/perception/inner/PrefusedObjects,0,0,1783062247140332259,0,0,0,1564121,1564298
202607031503,e2e_trace_v3,7118,72301518115572105,0,perception.lidar_tracking,in,158564183426400,1,/perception/lidar/detection_filter,0,0,1783062247240988518,0,0,0,1564121,1564308
202607031503,e2e_trace_v3,7119,72301518115572105,0,perception.lidar_tracking,out,158564183718816,1,/perception/inner/PrefusedObjects,0,0,1783062247240988518,0,0,0,1564121,1564308
202607031503,e2e_trace_v3,7135,72301518115572106,0,perception.lidar_tracking,in,158564283676000,1,/perception/lidar/detection_filter,0,0,1783062247341192728,0,0,0,1564121,1564295
202607031503,e2e_trace_v3,7136,72301518115572106,0,perception.lidar_tracking,out,158564283937152,1,/perception/inner/PrefusedObjects,0,0,1783062247341192728,0,0,0,1564121,1564295
202607031503,e2e_trace_v3,7152,72301518115572107,0,perception.lidar_tracking,in,158564382707136,1,/perception/lidar/detection_filter,0,0,1783062247440536588,0,0,0,1564121,1564307
202607031503,e2e_trace_v3,7153,72301518115572107,0,perception.lidar_tracking,out,158564382984736,1,/perception/inner/PrefusedObjects,0,0,1783062247440536588,0,0,0,1564121,1564307
202607031503,e2e_trace_v3,7169,72301518115572108,0,perception.lidar_tracking,in,158564481432320,1,/perception/lidar/detection_filter,0,0,1783062247540118505,0,0,0,1564121,1564298
202607031503,e2e_trace_v3,7170,72301518115572108,0,perception.lidar_tracking,out,158564481760640,1,/perception/inner/PrefusedObjects,0,0,1783062247540118505,0,0,0,1564121,1564298
202607031503,e2e_trace_v3,7186,72301518115572109,0,perception.lidar_tracking,in,158564582314368,1,/perception/lidar/detection_filter,0,0,1783062247640236775,0,0,0,1564121,1564303
202607031503,e2e_trace_v3,7187,72301518115572109,0,perception.lidar_tracking,out,158564582641408,1,/perception/inner/PrefusedObjects,0,0,1783062247640236775,0,0,0,1564121,1564303
202607031503,e2e_trace_v3,7203,72301518115572110,0,perception.lidar_tracking,in,158564681874816,1,/perception/lidar/detection_filter,0,0,1783062247741008330,0,0,0,1564121,1564297
202607031503,e2e_trace_v3,7204,72301518115572110,0,perception.lidar_tracking,out,158564682178464,1,/perception/inner/PrefusedObjects,0,0,1783062247741008330,0,0,0,1564121,1564297
202607031503,e2e_trace_v3,7220,72301518115572111,0,perception.lidar_tracking,in,158564780839648,1,/perception/lidar/detection_filter,0,0,1783062247840389681,0,0,0,1564121,1564301
202607031503,e2e_trace_v3,7221,72301518115572111,0,perception.lidar_tracking,out,158564781140832,1,/perception/inner/PrefusedObjects,0,0,1783062247840389681,0,0,0,1564121,1564301
202607031503,e2e_trace_v3,7237,72301518115572112,0,perception.lidar_tracking,in,158564882076800,1,/perception/lidar/detection_filter,0,0,1783062247940308408,0,0,0,1564121,1564298
202607031503,e2e_trace_v3,7238,72301518115572112,0,perception.lidar_tracking,out,158564882356480,1,/perception/inner/PrefusedObjects,0,0,1783062247940308408,0,0,0,1564121,1564298
202607031503,e2e_trace_v3,7255,72301518115572113,0,perception.lidar_tracking,in,158565000056224,1,/perception/lidar/detection_filter,0,0,1783062248040443126,0,0,0,1564121,1564294
202607031503,e2e_trace_v3,7256,72301518115572113,0,perception.lidar_tracking,out,158565000342688,1,/perception/inner/PrefusedObjects,0,0,1783062248040443126,0,0,0,1564121,1564294
202607031503,e2e_trace_v3,7271,72301518115572114,0,perception.lidar_tracking,in,158565086744352,1,/perception/lidar/detection_filter,0,0,1783062248140726864,0,0,0,1564121,1564308
202607031503,e2e_trace_v3,7272,72301518115572114,0,perception.lidar_tracking,out,158565087054400,1,/perception/inner/PrefusedObjects,0,0,1783062248140726864,0,0,0,1564121,1564308
202607031503,e2e_trace_v3,7288,72301518115572115,0,perception.lidar_tracking,in,158565186327392,1,/perception/lidar/detection_filter,0,0,1783062248240376275,0,0,0,1564121,1564302
202607031503,e2e_trace_v3,7289,72301518115572115,0,perception.lidar_tracking,out,158565186700128,1,/perception/inner/PrefusedObjects,0,0,1783062248240376275,0,0,0,1564121,1564302
202607031503,e2e_trace_v3,7305,72301518115572116,0,perception.lidar_tracking,in,158565285867392,1,/perception/lidar/detection_filter,0,0,1783062248341045248,0,0,0,1564121,1564301
202607031503,e2e_trace_v3,7306,72301518115572116,0,perception.lidar_tracking,out,158565286150656,1,/perception/inner/PrefusedObjects,0,0,1783062248341045248,0,0,0,1564121,1564301
202607031503,e2e_trace_v3,7322,72301518115572117,0,perception.lidar_tracking,in,158565388784672,1,/perception/lidar/detection_filter,0,0,1783062248440308800,0,0,0,1564121,1564307
202607031503,e2e_trace_v3,7323,72301518115572117,0,perception.lidar_tracking,out,158565389072800,1,/perception/inner/PrefusedObjects,0,0,1783062248440308800,0,0,0,1564121,1564307
202607031503,e2e_trace_v3,7339,72301518115572118,0,perception.lidar_tracking,in,158565487176288,1,/perception/lidar/detection_filter,0,0,1783062248540469152,0,0,0,1564121,1564308
202607031503,e2e_trace_v3,7340,72301518115572118,0,perception.lidar_tracking,out,158565487476448,1,/perception/inner/PrefusedObjects,0,0,1783062248540469152,0,0,0,1564121,1564308
202607031503,e2e_trace_v3,7356,72301518115572119,0,perception.lidar_tracking,in,158565584087456,1,/perception/lidar/detection_filter,0,0,1783062248639661730,0,0,0,1564121,1564305
202607031503,e2e_trace_v3,7357,72301518115572119,0,perception.lidar_tracking,out,158565584419552,1,/perception/inner/PrefusedObjects,0,0,1783062248639661730,0,0,0,1564121,1564305
202607031503,e2e_trace_v3,7374,72301518115572120,0,perception.lidar_tracking,in,158565692186656,1,/perception/lidar/detection_filter,0,0,1783062248740805009,0,0,0,1564121,1564295
202607031503,e2e_trace_v3,7375,72301518115572120,0,perception.lidar_tracking,out,158565692586368,1,/perception/inner/PrefusedObjects,0,0,1783062248740805009,0,0,0,1564121,1564295
202607031503,e2e_trace_v3,7390,72301518115572121,0,perception.lidar_tracking,in,158565791748128,1,/perception/lidar/detection_filter,0,0,1783062248840253842,0,0,0,1564121,1564303
202607031503,e2e_trace_v3,7391,72301518115572121,0,perception.lidar_tracking,out,158565792309088,1,/perception/inner/PrefusedObjects,0,0,1783062248840253842,0,0,0,1564121,1564303
202607031503,e2e_trace_v3,7410,72301518115572122,0,perception.lidar_tracking,in,158565906925248,1,/perception/lidar/detection_filter,0,0,1783062248942788149,0,0,0,1564121,1564305
202607031503,e2e_trace_v3,7411,72301518115572122,0,perception.lidar_tracking,out,158565907288640,1,/perception/inner/PrefusedObjects,0,0,1783062248942788149,0,0,0,1564121,1564305
202607031503,e2e_trace_v3,7427,72301518115572123,0,perception.lidar_tracking,in,158566013262240,1,/perception/lidar/detection_filter,0,0,1783062249041165943,0,0,0,1564121,1564295
202607031503,e2e_trace_v3,7428,72301518115572123,0,perception.lidar_tracking,out,158566013878624,1,/perception/inner/PrefusedObjects,0,0,1783062249041165943,0,0,0,1564121,1564295
202607031503,e2e_trace_v3,7441,72301518115572124,0,perception.lidar_tracking,in,158566088986848,1,/perception/lidar/detection_filter,0,0,1783062249141270038,0,0,0,1564121,1564302
202607031503,e2e_trace_v3,7442,72301518115572124,0,perception.lidar_tracking,out,158566089398336,1,/perception/inner/PrefusedObjects,0,0,1783062249141270038,0,0,0,1564121,1564302
202607031503,e2e_trace_v3,7458,72301518115572125,0,perception.lidar_tracking,in,158566189052736,1,/perception/lidar/detection_filter,0,0,1783062249240415194,0,0,0,1564121,1564302
202607031503,e2e_trace_v3,7459,72301518115572125,0,perception.lidar_tracking,out,158566189389024,1,/perception/inner/PrefusedObjects,0,0,1783062249240415194,0,0,0,1564121,1564302
202607031503,e2e_trace_v3,7475,72301518115572126,0,perception.lidar_tracking,in,158566284623264,1,/perception/lidar/detection_filter,0,0,1783062249339840686,0,0,0,1564121,1564302
202607031503,e2e_trace_v3,7476,72301518115572126,0,perception.lidar_tracking,out,158566285030592,1,/perception/inner/PrefusedObjects,0,0,1783062249339840686,0,0,0,1564121,1564302
202607031503,e2e_trace_v3,7492,72301518115572127,0,perception.lidar_tracking,in,158566386787008,1,/perception/lidar/detection_filter,0,0,1783062249439119639,0,0,0,1564121,1564306
202607031503,e2e_trace_v3,7493,72301518115572127,0,perception.lidar_tracking,out,158566387145120,1,/perception/inner/PrefusedObjects,0,0,1783062249439119639,0,0,0,1564121,1564306
202607031503,e2e_trace_v3,7509,72301518115572128,0,perception.lidar_tracking,in,158566483306656,1,/perception/lidar/detection_filter,0,0,1783062249539211946,0,0,0,1564121,1564301
202607031503,e2e_trace_v3,7510,72301518115572128,0,perception.lidar_tracking,out,158566483605312,1,/perception/inner/PrefusedObjects,0,0,1783062249539211946,0,0,0,1564121,1564301
202607031503,e2e_trace_v3,7526,72301518115572129,0,perception.lidar_tracking,in,158566590576160,1,/perception/lidar/detection_filter,0,0,1783062249640936352,0,0,0,1564121,1564296
202607031503,e2e_trace_v3,7527,72301518115572129,0,perception.lidar_tracking,out,158566590943424,1,/perception/inner/PrefusedObjects,0,0,1783062249640936352,0,0,0,1564121,1564296
202607031503,e2e_trace_v3,7543,72301518115572130,0,perception.lidar_tracking,in,158566685026624,1,/perception/lidar/detection_filter,0,0,1783062249739837298,0,0,0,1564121,1564298
202607031503,e2e_trace_v3,7545,72301518115572130,0,perception.lidar_tracking,out,158566685505312,1,/perception/inner/PrefusedObjects,0,0,1783062249739837298,0,0,0,1564121,1564298
202607031503,e2e_trace_v3,7560,72301518115572131,0,perception.lidar_tracking,in,158566784453952,1,/perception/lidar/detection_filter,0,0,1783062249841111364,0,0,0,1564121,1564299
202607031503,e2e_trace_v3,7561,72301518115572131,0,perception.lidar_tracking,out,158566784810912,1,/perception/inner/PrefusedObjects,0,0,1783062249841111364,0,0,0,1564121,1564299
202607031503,e2e_trace_v3,7577,72301518115572132,0,perception.lidar_tracking,in,158566882624352,1,/perception/lidar/detection_filter,0,0,1783062249940903018,0,0,0,1564121,1564295
202607031503,e2e_trace_v3,7578,72301518115572132,0,perception.lidar_tracking,out,158566882959168,1,/perception/inner/PrefusedObjects,0,0,1783062249940903018,0,0,0,1564121,1564295
202607031503,e2e_trace_v3,7594,72301518115572133,0,perception.lidar_tracking,in,158566982434112,1,/perception/lidar/detection_filter,0,0,1783062250040953531,0,0,0,1564121,1564309
202607031503,e2e_trace_v3,7595,72301518115572133,0,perception.lidar_tracking,out,158566982757632,1,/perception/inner/PrefusedObjects,0,0,1783062250040953531,0,0,0,1564121,1564309
202607031503,e2e_trace_v3,7611,72301518115572134,0,perception.lidar_tracking,in,158567081008160,1,/perception/lidar/detection_filter,0,0,1783062250140802419,0,0,0,1564121,1564305
202607031503,e2e_trace_v3,7612,72301518115572134,0,perception.lidar_tracking,out,158567081294240,1,/perception/inner/PrefusedObjects,0,0,1783062250140802419,0,0,0,1564121,1564305
202607031503,e2e_trace_v3,7629,72301518115572135,0,perception.lidar_tracking,in,158567192202048,1,/perception/lidar/detection_filter,0,0,1783062250241039924,0,0,0,1564121,1564294
202607031503,e2e_trace_v3,7630,72301518115572135,0,perception.lidar_tracking,out,158567192512480,1,/perception/inner/PrefusedObjects,0,0,1783062250241039924,0,0,0,1564121,1564294
202607031503,e2e_trace_v3,7645,72301518115572136,0,perception.lidar_tracking,in,158567280310176,1,/perception/lidar/detection_filter,0,0,1783062250339743355,0,0,0,1564121,1564295
202607031503,e2e_trace_v3,7646,72301518115572136,0,perception.lidar_tracking,out,158567280604224,1,/perception/inner/PrefusedObjects,0,0,1783062250339743355,0,0,0,1564121,1564295
202607031503,e2e_trace_v3,7665,72301518115572137,0,perception.lidar_tracking,in,158567412256960,1,/perception/lidar/detection_filter,0,0,1783062250440455245,0,0,0,1564121,1564297
202607031503,e2e_trace_v3,7666,72301518115572137,0,perception.lidar_tracking,out,158567412713568,1,/perception/inner/PrefusedObjects,0,0,1783062250440455245,0,0,0,1564121,1564297
202607031503,e2e_trace_v3,7679,72301518115572138,0,perception.lidar_tracking,in,158567484855232,1,/perception/lidar/detection_filter,0,0,1783062250539671255,0,0,0,1564121,1564309
202607031503,e2e_trace_v3,7682,72301518115572138,0,perception.lidar_tracking,out,158567486591904,1,/perception/inner/PrefusedObjects,0,0,1783062250539671255,0,0,0,1564121,1564309
202607031503,e2e_trace_v3,7696,72301518115572139,0,perception.lidar_tracking,in,158567584573152,1,/perception/lidar/detection_filter,0,0,1783062250640228778,0,0,0,1564121,1564297
202607031503,e2e_trace_v3,7697,72301518115572139,0,perception.lidar_tracking,out,158567584924032,1,/perception/inner/PrefusedObjects,0,0,1783062250640228778,0,0,0,1564121,1564297
202607031503,e2e_trace_v3,7713,72301518115572140,0,perception.lidar_tracking,in,158567689693568,1,/perception/lidar/detection_filter,0,0,1783062250742423162,0,0,0,1564121,1564302
202607031503,e2e_trace_v3,7715,72301518115572140,0,perception.lidar_tracking,out,158567690178144,1,/perception/inner/PrefusedObjects,0,0,1783062250742423162,0,0,0,1564121,1564302
202607031503,e2e_trace_v3,7731,72301518115572141,0,perception.lidar_tracking,in,158567790745504,1,/perception/lidar/detection_filter,0,0,1783062250838793761,0,0,0,1564121,1564308
202607031503,e2e_trace_v3,7732,72301518115572141,0,perception.lidar_tracking,out,158567791179616,1,/perception/inner/PrefusedObjects,0,0,1783062250838793761,0,0,0,1564121,1564308
202607031503,e2e_trace_v3,7747,72301518115572142,0,perception.lidar_tracking,in,158567888147168,1,/perception/lidar/detection_filter,0,0,1783062250939190799,0,0,0,1564121,1564297
202607031503,e2e_trace_v3,7748,72301518115572142,0,perception.lidar_tracking,out,158567888655680,1,/perception/inner/PrefusedObjects,0,0,1783062250939190799,0,0,0,1564121,1564297
202607031503,e2e_trace_v3,7767,72301518115572143,0,perception.lidar_tracking,in,158568012643104,1,/perception/lidar/detection_filter,0,0,1783062251039965500,0,0,0,1564121,1564299
202607031503,e2e_trace_v3,7768,72301518115572143,0,perception.lidar_tracking,out,158568012993696,1,/perception/inner/PrefusedObjects,0,0,1783062251039965500,0,0,0,1564121,1564299
202607031503,e2e_trace_v3,7781,72301518115572144,0,perception.lidar_tracking,in,158568085254624,1,/perception/lidar/detection_filter,0,0,1783062251140646883,0,0,0,1564121,1564298
202607031503,e2e_trace_v3,7782,72301518115572144,0,perception.lidar_tracking,out,158568085692288,1,/perception/inner/PrefusedObjects,0,0,1783062251140646883,0,0,0,1564121,1564298
202607031503,e2e_trace_v3,7799,72301518115572145,0,perception.lidar_tracking,in,158568193219456,1,/perception/lidar/detection_filter,0,0,1783062251240465774,0,0,0,1564121,1564301
202607031503,e2e_trace_v3,7800,72301518115572145,0,perception.lidar_tracking,out,158568193647104,1,/perception/inner/PrefusedObjects,0,0,1783062251240465774,0,0,0,1564121,1564301
202607031503,e2e_trace_v3,7815,72301518115572146,0,perception.lidar_tracking,in,158568287737760,1,/perception/lidar/detection_filter,0,0,1783062251340135145,0,0,0,1564121,1564307
202607031503,e2e_trace_v3,7816,72301518115572146,0,perception.lidar_tracking,out,158568288122176,1,/perception/inner/PrefusedObjects,0,0,1783062251340135145,0,0,0,1564121,1564307
202607031503,e2e_trace_v3,7832,72301518115572147,0,perception.lidar_tracking,in,158568389101568,1,/perception/lidar/detection_filter,0,0,1783062251440638350,0,0,0,1564121,1564305
202607031503,e2e_trace_v3,7833,72301518115572147,0,perception.lidar_tracking,out,158568389504256,1,/perception/inner/PrefusedObjects,0,0,1783062251440638350,0,0,0,1564121,1564305
202607031503,e2e_trace_v3,7848,72301518115572148,0,perception.lidar_tracking,in,158568488132928,1,/perception/lidar/detection_filter,0,0,1783062251539835974,0,0,0,1564121,1564302
202607031503,e2e_trace_v3,7849,72301518115572148,0,perception.lidar_tracking,out,158568488503168,1,/perception/inner/PrefusedObjects,0,0,1783062251539835974,0,0,0,1564121,1564302
202607031503,e2e_trace_v3,7866,72301518115572149,0,perception.lidar_tracking,in,158568585545056,1,/perception/lidar/detection_filter,0,0,1783062251639640289,0,0,0,1564121,1564308
202607031503,e2e_trace_v3,7867,72301518115572149,0,perception.lidar_tracking,out,158568586604704,1,/perception/inner/PrefusedObjects,0,0,1783062251639640289,0,0,0,1564121,1564308
202607031503,e2e_trace_v3,7884,72301518115572150,0,perception.lidar_tracking,in,158568697646496,1,/perception/lidar/detection_filter,0,0,1783062251739656414,0,0,0,1564121,1564298
202607031503,e2e_trace_v3,7885,72301518115572150,0,perception.lidar_tracking,out,158568698009024,1,/perception/inner/PrefusedObjects,0,0,1783062251739656414,0,0,0,1564121,1564298
202607031503,e2e_trace_v3,7901,72301518115572151,0,perception.lidar_tracking,in,158568790932160,1,/perception/lidar/detection_filter,0,0,1783062251840948225,0,0,0,1564121,1564305
202607031503,e2e_trace_v3,7902,72301518115572151,0,perception.lidar_tracking,out,158568791304672,1,/perception/inner/PrefusedObjects,0,0,1783062251840948225,0,0,0,1564121,1564305
202607031503,e2e_trace_v3,7917,72301518115572152,0,perception.lidar_tracking,in,158568886051168,1,/perception/lidar/detection_filter,0,0,1783062251939542113,0,0,0,1564121,1564309
202607031503,e2e_trace_v3,7920,72301518115572152,0,perception.lidar_tracking,out,158568887926464,1,/perception/inner/PrefusedObjects,0,0,1783062251939542113,0,0,0,1564121,1564309
202607031503,e2e_trace_v3,7934,72301518115572153,0,perception.lidar_tracking,in,158568987375392,1,/perception/lidar/detection_filter,0,0,1783062252040238560,0,0,0,1564121,1564307
202607031503,e2e_trace_v3,7935,72301518115572153,0,perception.lidar_tracking,out,158568987749088,1,/perception/inner/PrefusedObjects,0,0,1783062252040238560,0,0,0,1564121,1564307
202607031503,e2e_trace_v3,7951,72301518115572154,0,perception.lidar_tracking,in,158569088928864,1,/perception/lidar/detection_filter,0,0,1783062252140205057,0,0,0,1564121,1564298
202607031503,e2e_trace_v3,7952,72301518115572154,0,perception.lidar_tracking,out,158569089398016,1,/perception/inner/PrefusedObjects,0,0,1783062252140205057,0,0,0,1564121,1564298
202607031503,e2e_trace_v3,7969,72301518115572155,0,perception.lidar_tracking,in,158569194758880,1,/perception/lidar/detection_filter,0,0,1783062252243949235,0,0,0,1564121,1564305
202607031503,e2e_trace_v3,7970,72301518115572155,0,perception.lidar_tracking,out,158569195086080,1,/perception/inner/PrefusedObjects,0,0,1783062252243949235,0,0,0,1564121,1564305
202607031503,e2e_trace_v3,7985,72301518115572156,0,perception.lidar_tracking,in,158569286788704,1,/perception/lidar/detection_filter,0,0,1783062252340697424,0,0,0,1564121,1564299
202607031503,e2e_trace_v3,7986,72301518115572156,0,perception.lidar_tracking,out,158569287149216,1,/perception/inner/PrefusedObjects,0,0,1783062252340697424,0,0,0,1564121,1564299
202607031503,e2e_trace_v3,8002,72301518115572157,0,perception.lidar_tracking,in,158569382653696,1,/perception/lidar/detection_filter,0,0,1783062252438690263,0,0,0,1564121,1564303
202607031503,e2e_trace_v3,8003,72301518115572157,0,perception.lidar_tracking,out,158569382984800,1,/perception/inner/PrefusedObjects,0,0,1783062252438690263,0,0,0,1564121,1564303
202607031503,e2e_trace_v3,8022,72301518115572158,0,perception.lidar_tracking,in,158569510227968,1,/perception/lidar/detection_filter,0,0,1783062252540879086,0,0,0,1564121,1564306
202607031503,e2e_trace_v3,8023,72301518115572158,0,perception.lidar_tracking,out,158569510554784,1,/perception/inner/PrefusedObjects,0,0,1783062252540879086,0,0,0,1564121,1564306
202607031503,e2e_trace_v3,8036,72301518115572159,0,perception.lidar_tracking,in,158569588137152,1,/perception/lidar/detection_filter,0,0,1783062252640036168,0,0,0,1564121,1564305
202607031503,e2e_trace_v3,8037,72301518115572159,0,perception.lidar_tracking,out,158569588479200,1,/perception/inner/PrefusedObjects,0,0,1783062252640036168,0,0,0,1564121,1564305
202607031503,e2e_trace_v3,8053,72301518115572160,0,perception.lidar_tracking,in,158569685062784,1,/perception/lidar/detection_filter,0,0,1783062252740321538,0,0,0,1564121,1564301
202607031503,e2e_trace_v3,8054,72301518115572160,0,perception.lidar_tracking,out,158569685417984,1,/perception/inner/PrefusedObjects,0,0,1783062252740321538,0,0,0,1564121,1564301
202607031503,e2e_trace_v3,8068,72301518115572161,0,perception.lidar_tracking,in,158569786024256,1,/perception/lidar/detection_filter,0,0,1783062252840019969,0,0,0,1564121,1564307
202607031503,e2e_trace_v3,8071,72301518115572161,0,perception.lidar_tracking,out,158569786396576,1,/perception/inner/PrefusedObjects,0,0,1783062252840019969,0,0,0,1564121,1564307
202607031503,e2e_trace_v3,8086,72301518115572162,0,perception.lidar_tracking,in,158569883977376,1,/perception/lidar/detection_filter,0,0,1783062252940247918,0,0,0,1564121,1564309
202607031503,e2e_trace_v3,8087,72301518115572162,0,perception.lidar_tracking,out,158569884372448,1,/perception/inner/PrefusedObjects,0,0,1783062252940247918,0,0,0,1564121,1564309
202607031503,e2e_trace_v3,8104,72301518115572163,0,perception.lidar_tracking,in,158569983240960,1,/perception/lidar/detection_filter,0,0,1783062253039605786,0,0,0,1564121,1564294
202607031503,e2e_trace_v3,8106,72301518115572163,0,perception.lidar_tracking,out,158569983593504,1,/perception/inner/PrefusedObjects,0,0,1783062253039605786,0,0,0,1564121,1564294
202607031503,e2e_trace_v3,8121,72301518115572164,0,perception.lidar_tracking,in,158570083977184,1,/perception/lidar/detection_filter,0,0,1783062253141171153,0,0,0,1564121,1564308
202607031503,e2e_trace_v3,8122,72301518115572164,0,perception.lidar_tracking,out,158570084305600,1,/perception/inner/PrefusedObjects,0,0,1783062253141171153,0,0,0,1564121,1564308
202607031503,e2e_trace_v3,8138,72301518115572165,0,perception.lidar_tracking,in,158570184599968,1,/perception/lidar/detection_filter,0,0,1783062253241446426,0,0,0,1564121,1564307
202607031503,e2e_trace_v3,8139,72301518115572165,0,perception.lidar_tracking,out,158570185054272,1,/perception/inner/PrefusedObjects,0,0,1783062253241446426,0,0,0,1564121,1564307
202607031503,e2e_trace_v3,8156,72301518115572166,0,perception.lidar_tracking,in,158570297849472,1,/perception/lidar/detection_filter,0,0,1783062253339648324,0,0,0,1564121,1564294
202607031503,e2e_trace_v3,8157,72301518115572166,0,perception.lidar_tracking,out,158570298158464,1,/perception/inner/PrefusedObjects,0,0,1783062253339648324,0,0,0,1564121,1564294
202607031503,e2e_trace_v3,8172,72301518115572167,0,perception.lidar_tracking,in,158570382529248,1,/perception/lidar/detection_filter,0,0,1783062253440322775,0,0,0,1564121,1564300
202607031503,e2e_trace_v3,8173,72301518115572167,0,perception.lidar_tracking,out,158570382905952,1,/perception/inner/PrefusedObjects,0,0,1783062253440322775,0,0,0,1564121,1564300
202607031503,e2e_trace_v3,8189,72301518115572168,0,perception.lidar_tracking,in,158570485125312,1,/perception/lidar/detection_filter,0,0,1783062253539909626,0,0,0,1564121,1564305
202607031503,e2e_trace_v3,8190,72301518115572168,0,perception.lidar_tracking,out,158570485513088,1,/perception/inner/PrefusedObjects,0,0,1783062253539909626,0,0,0,1564121,1564305
202607031503,e2e_trace_v3,8206,72301518115572169,0,perception.lidar_tracking,in,158570586130368,1,/perception/lidar/detection_filter,0,0,1783062253640692570,0,0,0,1564121,1564298
202607031503,e2e_trace_v3,8207,72301518115572169,0,perception.lidar_tracking,out,158570586457088,1,/perception/inner/PrefusedObjects,0,0,1783062253640692570,0,0,0,1564121,1564298
202607031503,e2e_trace_v3,8223,72301518115572170,0,perception.lidar_tracking,in,158570688203360,1,/perception/lidar/detection_filter,0,0,1783062253740312965,0,0,0,1564121,1564307
202607031503,e2e_trace_v3,8224,72301518115572170,0,perception.lidar_tracking,out,158570688565056,1,/perception/inner/PrefusedObjects,0,0,1783062253740312965,0,0,0,1564121,1564307
202607031503,e2e_trace_v3,8240,72301518115572171,0,perception.lidar_tracking,in,158570788777664,1,/perception/lidar/detection_filter,0,0,1783062253839947262,0,0,0,1564121,1564303
202607031503,e2e_trace_v3,8241,72301518115572171,0,perception.lidar_tracking,out,158570789150112,1,/perception/inner/PrefusedObjects,0,0,1783062253839947262,0,0,0,1564121,1564303
202607031503,e2e_trace_v3,8257,72301518115572172,0,perception.lidar_tracking,in,158570888631680,1,/perception/lidar/detection_filter,0,0,1783062253938914512,0,0,0,1564121,1564306
202607031503,e2e_trace_v3,8258,72301518115572172,0,perception.lidar_tracking,out,158570888976576,1,/perception/inner/PrefusedObjects,0,0,1783062253938914512,0,0,0,1564121,1564306
202607031503,e2e_trace_v3,8275,72301518115572173,0,perception.lidar_tracking,in,158570991148992,1,/perception/lidar/detection_filter,0,0,1783062254041919166,0,0,0,1564121,1564302
202607031503,e2e_trace_v3,8276,72301518115572173,0,perception.lidar_tracking,out,158570991498720,1,/perception/inner/PrefusedObjects,0,0,1783062254041919166,0,0,0,1564121,1564302
202607031503,e2e_trace_v3,8291,72301518115572174,0,perception.lidar_tracking,in,158571086505376,1,/perception/lidar/detection_filter,0,0,1783062254139774520,0,0,0,1564121,1564307
202607031503,e2e_trace_v3,8292,72301518115572174,0,perception.lidar_tracking,out,158571086837248,1,/perception/inner/PrefusedObjects,0,0,1783062254139774520,0,0,0,1564121,1564307
202607031503,e2e_trace_v3,8308,72301518115572175,0,perception.lidar_tracking,in,158571189784448,1,/perception/lidar/detection_filter,0,0,1783062254240862369,0,0,0,1564121,1564300
202607031503,e2e_trace_v3,8309,72301518115572175,0,perception.lidar_tracking,out,158571190124160,1,/perception/inner/PrefusedObjects,0,0,1783062254240862369,0,0,0,1564121,1564300
202607031503,e2e_trace_v3,8325,72301518115572176,0,perception.lidar_tracking,in,158571290118464,1,/perception/lidar/detection_filter,0,0,1783062254340239430,0,0,0,1564121,1564298
202607031503,e2e_trace_v3,8327,72301518115572176,0,perception.lidar_tracking,out,158571290431904,1,/perception/inner/PrefusedObjects,0,0,1783062254340239430,0,0,0,1564121,1564298
202607031503,e2e_trace_v3,8350,72301518115572177,0,perception.lidar_tracking,in,158571418787328,1,/perception/lidar/detection_filter,0,0,1783062254439780079,0,0,0,1564121,1564295
202607031503,e2e_trace_v3,8353,72301518115572177,0,perception.lidar_tracking,out,158571419127008,1,/perception/inner/PrefusedObjects,0,0,1783062254439780079,0,0,0,1564121,1564295
202607031503,e2e_trace_v3,8362,72301518115572178,0,perception.lidar_tracking,in,158571509048960,1,/perception/lidar/detection_filter,0,0,1783062254539471191,0,0,0,1564121,1564303
202607031503,e2e_trace_v3,8363,72301518115572178,0,perception.lidar_tracking,out,158571509378848,1,/perception/inner/PrefusedObjects,0,0,1783062254539471191,0,0,0,1564121,1564303
202607031503,e2e_trace_v3,8376,72301518115572179,0,perception.lidar_tracking,in,158571588984512,1,/perception/lidar/detection_filter,0,0,1783062254639841208,0,0,0,1564121,1564300
202607031503,e2e_trace_v3,8377,72301518115572179,0,perception.lidar_tracking,out,158571589302720,1,/perception/inner/PrefusedObjects,0,0,1783062254639841208,0,0,0,1564121,1564300
202607031503,e2e_trace_v3,8395,72301518115572180,0,perception.lidar_tracking,in,158571708458528,1,/perception/lidar/detection_filter,0,0,1783062254739387897,0,0,0,1564121,1564299
202607031503,e2e_trace_v3,8397,72301518115572180,0,perception.lidar_tracking,out,158571708790528,1,/perception/inner/PrefusedObjects,0,0,1783062254739387897,0,0,0,1564121,1564299
202607031503,e2e_trace_v3,8410,72301518115572181,0,perception.lidar_tracking,in,158571782710464,1,/perception/lidar/detection_filter,0,0,1783062254840250767,0,0,0,1564121,1564307
202607031503,e2e_trace_v3,8411,72301518115572181,0,perception.lidar_tracking,out,158571783023232,1,/perception/inner/PrefusedObjects,0,0,1783062254840250767,0,0,0,1564121,1564307
202607031503,e2e_trace_v3,8427,72301518115572182,0,perception.lidar_tracking,in,158571882312352,1,/perception/lidar/detection_filter,0,0,1783062254940816976,0,0,0,1564121,1564304
202607031503,e2e_trace_v3,8428,72301518115572182,0,perception.lidar_tracking,out,158571882623776,1,/perception/inner/PrefusedObjects,0,0,1783062254940816976,0,0,0,1564121,1564304
202607031503,e2e_trace_v3,8445,72301518115572183,0,perception.lidar_tracking,in,158571992761344,1,/perception/lidar/detection_filter,0,0,1783062255040124281,0,0,0,1564121,1564309
202607031503,e2e_trace_v3,8446,72301518115572183,0,perception.lidar_tracking,out,158571993061344,1,/perception/inner/PrefusedObjects,0,0,1783062255040124281,0,0,0,1564121,1564309
202607031503,e2e_trace_v3,8461,72301518115572184,0,perception.lidar_tracking,in,158572079823776,1,/perception/lidar/detection_filter,0,0,1783062255138735649,0,0,0,1564121,1564309
202607031503,e2e_trace_v3,8462,72301518115572184,0,perception.lidar_tracking,out,158572080191456,1,/perception/inner/PrefusedObjects,0,0,1783062255138735649,0,0,0,1564121,1564309
202607031503,e2e_trace_v3,8481,72301518115572185,0,perception.lidar_tracking,in,158572203703136,1,/perception/lidar/detection_filter,0,0,1783062255239717162,0,0,0,1564121,1564297
202607031503,e2e_trace_v3,8482,72301518115572185,0,perception.lidar_tracking,out,158572204081888,1,/perception/inner/PrefusedObjects,0,0,1783062255239717162,0,0,0,1564121,1564297
202607031503,e2e_trace_v3,8496,72301518115572186,0,perception.lidar_tracking,in,158572298453440,1,/perception/lidar/detection_filter,0,0,1783062255339118653,0,0,0,1564121,1564300
202607031503,e2e_trace_v3,8497,72301518115572186,0,perception.lidar_tracking,out,158572298791136,1,/perception/inner/PrefusedObjects,0,0,1783062255339118653,0,0,0,1564121,1564300
202607031503,e2e_trace_v3,8512,72301518115572187,0,perception.lidar_tracking,in,158572380433472,1,/perception/lidar/detection_filter,0,0,1783062255439453570,0,0,0,1564121,1564302
202607031503,e2e_trace_v3,8513,72301518115572187,0,perception.lidar_tracking,out,158572380760416,1,/perception/inner/PrefusedObjects,0,0,1783062255439453570,0,0,0,1564121,1564302
202607031503,e2e_trace_v3,8529,72301518115572188,0,perception.lidar_tracking,in,158572483485344,1,/perception/lidar/detection_filter,0,0,1783062255539934367,0,0,0,1564121,1564309
202607031503,e2e_trace_v3,8530,72301518115572188,0,perception.lidar_tracking,out,158572483845376,1,/perception/inner/PrefusedObjects,0,0,1783062255539934367,0,0,0,1564121,1564309
202607031503,e2e_trace_v3,8546,72301518115572189,0,perception.lidar_tracking,in,158572580297632,1,/perception/lidar/detection_filter,0,0,1783062255639359126,0,0,0,1564121,1564308
202607031503,e2e_trace_v3,8547,72301518115572189,0,perception.lidar_tracking,out,158572580586016,1,/perception/inner/PrefusedObjects,0,0,1783062255639359126,0,0,0,1564121,1564308
202607031503,e2e_trace_v3,8563,72301518115572190,0,perception.lidar_tracking,in,158572680519232,1,/perception/lidar/detection_filter,0,0,1783062255740577716,0,0,0,1564121,1564307
202607031503,e2e_trace_v3,8564,72301518115572190,0,perception.lidar_tracking,out,158572680824640,1,/perception/inner/PrefusedObjects,0,0,1783062255740577716,0,0,0,1564121,1564307
202607031503,e2e_trace_v3,8580,72301518115572191,0,perception.lidar_tracking,in,158572783240896,1,/perception/lidar/detection_filter,0,0,1783062255839684471,0,0,0,1564121,1564296
202607031503,e2e_trace_v3,8581,72301518115572191,0,perception.lidar_tracking,out,158572783631328,1,/perception/inner/PrefusedObjects,0,0,1783062255839684471,0,0,0,1564121,1564296
202607031503,e2e_trace_v3,8597,72301518115572192,0,perception.lidar_tracking,in,158572890034112,1,/perception/lidar/detection_filter,0,0,1783062255940606665,0,0,0,1564121,1564309
202607031503,e2e_trace_v3,8598,72301518115572192,0,perception.lidar_tracking,out,158572890346016,1,/perception/inner/PrefusedObjects,0,0,1783062255940606665,0,0,0,1564121,1564309
202607031503,e2e_trace_v3,8614,72301518115572193,0,perception.lidar_tracking,in,158572991021152,1,/perception/lidar/detection_filter,0,0,1783062256041099773,0,0,0,1564121,1564297
202607031503,e2e_trace_v3,8615,72301518115572193,0,perception.lidar_tracking,out,158572991337216,1,/perception/inner/PrefusedObjects,0,0,1783062256041099773,0,0,0,1564121,1564297
202607031503,e2e_trace_v3,8630,72301518115572194,0,perception.lidar_tracking,in,158573089883552,1,/perception/lidar/detection_filter,0,0,1783062256142720128,0,0,0,1564121,1564301
202607031503,e2e_trace_v3,8632,72301518115572194,0,perception.lidar_tracking,out,158573090216800,1,/perception/inner/PrefusedObjects,0,0,1783062256142720128,0,0,0,1564121,1564301
202607031503,e2e_trace_v3,8649,72301518115572195,0,perception.lidar_tracking,in,158573191698176,1,/perception/lidar/detection_filter,0,0,1783062256245181987,0,0,0,1564121,1564294
202607031503,e2e_trace_v3,8650,72301518115572195,0,perception.lidar_tracking,out,158573192138528,1,/perception/inner/PrefusedObjects,0,0,1783062256245181987,0,0,0,1564121,1564294
202607031503,e2e_trace_v3,8666,72301518115572196,0,perception.lidar_tracking,in,158573295492896,1,/perception/lidar/detection_filter,0,0,1783062256339530681,0,0,0,1564121,1564308
202607031503,e2e_trace_v3,8667,72301518115572196,0,perception.lidar_tracking,out,158573295806624,1,/perception/inner/PrefusedObjects,0,0,1783062256339530681,0,0,0,1564121,1564308
202607031503,e2e_trace_v3,8681,72301518115572197,0,perception.lidar_tracking,in,158573386795552,1,/perception/lidar/detection_filter,0,0,1783062256439929236,0,0,0,1564121,1564308
202607031503,e2e_trace_v3,8682,72301518115572197,0,perception.lidar_tracking,out,158573387133984,1,/perception/inner/PrefusedObjects,0,0,1783062256439929236,0,0,0,1564121,1564308
202607031503,e2e_trace_v3,8699,72301518115572198,0,perception.lidar_tracking,in,158573483211520,1,/perception/lidar/detection_filter,0,0,1783062256538795272,0,0,0,1564121,1564303
202607031503,e2e_trace_v3,8700,72301518115572198,0,perception.lidar_tracking,out,158573483560704,1,/perception/inner/PrefusedObjects,0,0,1783062256538795272,0,0,0,1564121,1564303
202607031503,e2e_trace_v3,8719,72301518115572199,0,perception.lidar_tracking,in,158573611127360,1,/perception/lidar/detection_filter,0,0,1783062256639800987,0,0,0,1564121,1564296
202607031503,e2e_trace_v3,8721,72301518115572199,0,perception.lidar_tracking,out,158573611554624,1,/perception/inner/PrefusedObjects,0,0,1783062256639800987,0,0,0,1564121,1564296
202607031503,e2e_trace_v3,8733,72301518115572200,0,perception.lidar_tracking,in,158573684927552,1,/perception/lidar/detection_filter,0,0,1783062256739711199,0,0,0,1564121,1564299
202607031503,e2e_trace_v3,8734,72301518115572200,0,perception.lidar_tracking,out,158573685318720,1,/perception/inner/PrefusedObjects,0,0,1783062256739711199,0,0,0,1564121,1564299
202607031503,e2e_trace_v3,8750,72301518115572201,0,perception.lidar_tracking,in,158573786737344,1,/perception/lidar/detection_filter,0,0,1783062256840448294,0,0,0,1564121,1564301
202607031503,e2e_trace_v3,8751,72301518115572201,0,perception.lidar_tracking,out,158573787164608,1,/perception/inner/PrefusedObjects,0,0,1783062256840448294,0,0,0,1564121,1564301
202607031503,e2e_trace_v3,8767,72301518115572202,0,perception.lidar_tracking,in,158573889670976,1,/perception/lidar/detection_filter,0,0,1783062256938306035,0,0,0,1564121,1564303
202607031503,e2e_trace_v3,8768,72301518115572202,0,perception.lidar_tracking,out,158573890069536,1,/perception/inner/PrefusedObjects,0,0,1783062256938306035,0,0,0,1564121,1564303
202607031503,e2e_trace_v3,8785,72301518115572203,0,perception.lidar_tracking,in,158573991703072,1,/perception/lidar/detection_filter,0,0,1783062257040930904,0,0,0,1564121,1564306
202607031503,e2e_trace_v3,8786,72301518115572203,0,perception.lidar_tracking,out,158573992060064,1,/perception/inner/PrefusedObjects,0,0,1783062257040930904,0,0,0,1564121,1564306
202607031503,e2e_trace_v3,8801,72301518115572204,0,perception.lidar_tracking,in,158574084470496,1,/perception/lidar/detection_filter,0,0,1783062257139503505,0,0,0,1564121,1564298
202607031503,e2e_trace_v3,8802,72301518115572204,0,perception.lidar_tracking,out,158574084819136,1,/perception/inner/PrefusedObjects,0,0,1783062257139503505,0,0,0,1564121,1564298
202607031503,e2e_trace_v3,8818,72301518115572205,0,perception.lidar_tracking,in,158574185815232,1,/perception/lidar/detection_filter,0,0,1783062257239705704,0,0,0,1564121,1564296
202607031503,e2e_trace_v3,8820,72301518115572205,0,perception.lidar_tracking,out,158574186360288,1,/perception/inner/PrefusedObjects,0,0,1783062257239705704,0,0,0,1564121,1564296
202607031503,e2e_trace_v3,8835,72301518115572206,0,perception.lidar_tracking,in,158574284000320,1,/perception/lidar/detection_filter,0,0,1783062257338907449,0,0,0,1564121,1564303
202607031503,e2e_trace_v3,8836,72301518115572206,0,perception.lidar_tracking,out,158574284335712,1,/perception/inner/PrefusedObjects,0,0,1783062257338907449,0,0,0,1564121,1564303
202607031503,e2e_trace_v3,8852,72301518115572207,0,perception.lidar_tracking,in,158574384290880,1,/perception/lidar/detection_filter,0,0,1783062257439408682,0,0,0,1564121,1564294
202607031503,e2e_trace_v3,8853,72301518115572207,0,perception.lidar_tracking,out,158574384580288,1,/perception/inner/PrefusedObjects,0,0,1783062257439408682,0,0,0,1564121,1564294
202607031503,e2e_trace_v3,8870,72301518115572208,0,perception.lidar_tracking,in,158574490157280,1,/perception/lidar/detection_filter,0,0,1783062257539252505,0,0,0,1564121,1564295
202607031503,e2e_trace_v3,8871,72301518115572208,0,perception.lidar_tracking,out,158574490510784,1,/perception/inner/PrefusedObjects,0,0,1783062257539252505,0,0,0,1564121,1564295
202607031503,e2e_trace_v3,8886,72301518115572209,0,perception.lidar_tracking,in,158574581490112,1,/perception/lidar/detection_filter,0,0,1783062257639382757,0,0,0,1564121,1564295
202607031503,e2e_trace_v3,8887,72301518115572209,0,perception.lidar_tracking,out,158574581821056,1,/perception/inner/PrefusedObjects,0,0,1783062257639382757,0,0,0,1564121,1564295
202607031503,e2e_trace_v3,8903,72301518115572210,0,perception.lidar_tracking,in,158574680174400,1,/perception/lidar/detection_filter,0,0,1783062257738830152,0,0,0,1564121,1564297
202607031503,e2e_trace_v3,8904,72301518115572210,0,perception.lidar_tracking,out,158574680499712,1,/perception/inner/PrefusedObjects,0,0,1783062257738830152,0,0,0,1564121,1564297
202607031503,e2e_trace_v3,8920,72301518115572211,0,perception.lidar_tracking,in,158574782092512,1,/perception/lidar/detection_filter,0,0,1783062257840205765,0,0,0,1564121,1564305
202607031503,e2e_trace_v3,8921,72301518115572211,0,perception.lidar_tracking,out,158574782387584,1,/perception/inner/PrefusedObjects,0,0,1783062257840205765,0,0,0,1564121,1564305
202607031503,e2e_trace_v3,8937,72301518115572212,0,perception.lidar_tracking,in,158574882566368,1,/perception/lidar/detection_filter,0,0,1783062257938730396,0,0,0,1564121,1564306
202607031503,e2e_trace_v3,8938,72301518115572212,0,perception.lidar_tracking,out,158574882864384,1,/perception/inner/PrefusedObjects,0,0,1783062257938730396,0,0,0,1564121,1564306
202607031503,e2e_trace_v3,8954,72301518115572213,0,perception.lidar_tracking,in,158574980826240,1,/perception/lidar/detection_filter,0,0,1783062258038943835,0,0,0,1564121,1564308
202607031503,e2e_trace_v3,8955,72301518115572213,0,perception.lidar_tracking,out,158574981171456,1,/perception/inner/PrefusedObjects,0,0,1783062258038943835,0,0,0,1564121,1564308
202607031503,e2e_trace_v3,8971,72301518115572214,0,perception.lidar_tracking,in,158575081560448,1,/perception/lidar/detection_filter,0,0,1783062258139885377,0,0,0,1564121,1564299
202607031503,e2e_trace_v3,8972,72301518115572214,0,perception.lidar_tracking,out,158575081930656,1,/perception/inner/PrefusedObjects,0,0,1783062258139885377,0,0,0,1564121,1564299
202607031503,e2e_trace_v3,8988,72301518115572215,0,perception.lidar_tracking,in,158575180259744,1,/perception/lidar/detection_filter,0,0,1783062258239003638,0,0,0,1564121,1564302
202607031503,e2e_trace_v3,8989,72301518115572215,0,perception.lidar_tracking,out,158575180605344,1,/perception/inner/PrefusedObjects,0,0,1783062258239003638,0,0,0,1564121,1564302
202607031503,e2e_trace_v3,9006,72301518115572216,0,perception.lidar_tracking,in,158575292066080,1,/perception/lidar/detection_filter,0,0,1783062258339561508,0,0,0,1564121,1564297
202607031503,e2e_trace_v3,9007,72301518115572216,0,perception.lidar_tracking,out,158575292430784,1,/perception/inner/PrefusedObjects,0,0,1783062258339561508,0,0,0,1564121,1564297
202607031503,e2e_trace_v3,9022,72301518115572217,0,perception.lidar_tracking,in,158575388691584,1,/perception/lidar/detection_filter,0,0,1783062258438189347,0,0,0,1564121,1564294
202607031503,e2e_trace_v3,9023,72301518115572217,0,perception.lidar_tracking,out,158575389064064,1,/perception/inner/PrefusedObjects,0,0,1783062258438189347,0,0,0,1564121,1564294
202607031503,e2e_trace_v3,9039,72301518115572218,0,perception.lidar_tracking,in,158575487520416,1,/perception/lidar/detection_filter,0,0,1783062258539895484,0,0,0,1564121,1564300
202607031503,e2e_trace_v3,9040,72301518115572218,0,perception.lidar_tracking,out,158575487853856,1,/perception/inner/PrefusedObjects,0,0,1783062258539895484,0,0,0,1564121,1564300
202607031503,e2e_trace_v3,9056,72301518115572219,0,perception.lidar_tracking,in,158575584886176,1,/perception/lidar/detection_filter,0,0,1783062258638660680,0,0,0,1564121,1564295
202607031503,e2e_trace_v3,9057,72301518115572219,0,perception.lidar_tracking,out,158575585278624,1,/perception/inner/PrefusedObjects,0,0,1783062258638660680,0,0,0,1564121,1564295
202607031503,e2e_trace_v3,9073,72301518115572220,0,perception.lidar_tracking,in,158575684615584,1,/perception/lidar/detection_filter,0,0,1783062258740142798,0,0,0,1564121,1564306
202607031503,e2e_trace_v3,9074,72301518115572220,0,perception.lidar_tracking,out,158575684933152,1,/perception/inner/PrefusedObjects,0,0,1783062258740142798,0,0,0,1564121,1564306
202607031503,e2e_trace_v3,9091,72301518115572221,0,perception.lidar_tracking,in,158575794689408,1,/perception/lidar/detection_filter,0,0,1783062258840101542,0,0,0,1564121,1564301
202607031503,e2e_trace_v3,9092,72301518115572221,0,perception.lidar_tracking,out,158575794985696,1,/perception/inner/PrefusedObjects,0,0,1783062258840101542,0,0,0,1564121,1564301
202607031503,e2e_trace_v3,9107,72301518115572222,0,perception.lidar_tracking,in,158575883660096,1,/perception/lidar/detection_filter,0,0,1783062258938950850,0,0,0,1564121,1564300
202607031503,e2e_trace_v3,9108,72301518115572222,0,perception.lidar_tracking,out,158575884008384,1,/perception/inner/PrefusedObjects,0,0,1783062258938950850,0,0,0,1564121,1564300
202607031503,e2e_trace_v3,9124,72301518115572223,0,perception.lidar_tracking,in,158575985829440,1,/perception/lidar/detection_filter,0,0,1783062259038336996,0,0,0,1564121,1564298
202607031503,e2e_trace_v3,9125,72301518115572223,0,perception.lidar_tracking,out,158575986240096,1,/perception/inner/PrefusedObjects,0,0,1783062259038336996,0,0,0,1564121,1564298
202607031503,e2e_trace_v3,9141,72301518115572224,0,perception.lidar_tracking,in,158576087258048,1,/perception/lidar/detection_filter,0,0,1783062259139046556,0,0,0,1564121,1564295
202607031503,e2e_trace_v3,9144,72301518115572224,0,perception.lidar_tracking,out,158576089815584,1,/perception/inner/PrefusedObjects,0,0,1783062259139046556,0,0,0,1564121,1564295
202607031503,e2e_trace_v3,9158,72301518115572225,0,perception.lidar_tracking,in,158576187971744,1,/perception/lidar/detection_filter,0,0,1783062259239025591,0,0,0,1564121,1564303
202607031503,e2e_trace_v3,9159,72301518115572225,0,perception.lidar_tracking,out,158576188345312,1,/perception/inner/PrefusedObjects,0,0,1783062259239025591,0,0,0,1564121,1564303
202607031503,e2e_trace_v3,9175,72301518115572226,0,perception.lidar_tracking,in,158576288827552,1,/perception/lidar/detection_filter,0,0,1783062259338907187,0,0,0,1564121,1564302
202607031503,e2e_trace_v3,9176,72301518115572226,0,perception.lidar_tracking,out,158576289190400,1,/perception/inner/PrefusedObjects,0,0,1783062259338907187,0,0,0,1564121,1564302
202607031503,e2e_trace_v3,9192,72301518115572227,0,perception.lidar_tracking,in,158576388454560,1,/perception/lidar/detection_filter,0,0,1783062259439890193,0,0,0,1564121,1564306
202607031503,e2e_trace_v3,9193,72301518115572227,0,perception.lidar_tracking,out,158576388773856,1,/perception/inner/PrefusedObjects,0,0,1783062259439890193,0,0,0,1564121,1564306
202607031503,e2e_trace_v3,9210,72301518115572228,0,perception.lidar_tracking,in,158576500625184,1,/perception/lidar/detection_filter,0,0,1783062259538582539,0,0,0,1564121,1564296
202607031503,e2e_trace_v3,9213,72301518115572228,0,perception.lidar_tracking,out,158576501050400,1,/perception/inner/PrefusedObjects,0,0,1783062259538582539,0,0,0,1564121,1564296
202607031503,e2e_trace_v3,9226,72301518115572229,0,perception.lidar_tracking,in,158576579598368,1,/perception/lidar/detection_filter,0,0,1783062259637568205,0,0,0,1564121,1564294
202607031503,e2e_trace_v3,9227,72301518115572229,0,perception.lidar_tracking,out,158576579976128,1,/perception/inner/PrefusedObjects,0,0,1783062259637568205,0,0,0,1564121,1564294
202607031503,e2e_trace_v3,9243,72301518115572230,0,perception.lidar_tracking,in,158576680467552,1,/perception/lidar/detection_filter,0,0,1783062259738449224,0,0,0,1564121,1564301
202607031503,e2e_trace_v3,9244,72301518115572230,0,perception.lidar_tracking,out,158576680790208,1,/perception/inner/PrefusedObjects,0,0,1783062259738449224,0,0,0,1564121,1564301
202607031503,e2e_trace_v3,9260,72301518115572231,0,perception.lidar_tracking,in,158576781341408,1,/perception/lidar/detection_filter,0,0,1783062259838651797,0,0,0,1564121,1564308
202607031503,e2e_trace_v3,9261,72301518115572231,0,perception.lidar_tracking,out,158576781709504,1,/perception/inner/PrefusedObjects,0,0,1783062259838651797,0,0,0,1564121,1564308
202607031503,e2e_trace_v3,9278,72301518115572232,0,perception.lidar_tracking,in,158576900731456,1,/perception/lidar/detection_filter,0,0,1783062259938764999,0,0,0,1564121,1564306
202607031503,e2e_trace_v3,9279,72301518115572232,0,perception.lidar_tracking,out,158576901152544,1,/perception/inner/PrefusedObjects,0,0,1783062259938764999,0,0,0,1564121,1564306
202607031503,e2e_trace_v3,9294,72301518115572233,0,perception.lidar_tracking,in,158576980970528,1,/perception/lidar/detection_filter,0,0,1783062260038711608,0,0,0,1564121,1564294
202607031503,e2e_trace_v3,9295,72301518115572233,0,perception.lidar_tracking,out,158576981378400,1,/perception/inner/PrefusedObjects,0,0,1783062260038711608,0,0,0,1564121,1564294
202607031503,e2e_trace_v3,9311,72301518115572234,0,perception.lidar_tracking,in,158577081766464,1,/perception/lidar/detection_filter,0,0,1783062260138604673,0,0,0,1564121,1564301
202607031503,e2e_trace_v3,9312,72301518115572234,0,perception.lidar_tracking,out,158577082137088,1,/perception/inner/PrefusedObjects,0,0,1783062260138604673,0,0,0,1564121,1564301
202607031503,e2e_trace_v3,9327,72301518115572235,0,perception.lidar_tracking,in,158577185846560,1,/perception/lidar/detection_filter,0,0,1783062260241322991,0,0,0,1564121,1564298
202607031503,e2e_trace_v3,9328,72301518115572235,0,perception.lidar_tracking,out,158577186178496,1,/perception/inner/PrefusedObjects,0,0,1783062260241322991,0,0,0,1564121,1564298
202607031503,e2e_trace_v3,9345,72301518115572236,0,perception.lidar_tracking,in,158577278217568,1,/perception/lidar/detection_filter,0,0,1783062260337445971,0,0,0,1564121,1564298
202607031503,e2e_trace_v3,9346,72301518115572236,0,perception.lidar_tracking,out,158577278570848,1,/perception/inner/PrefusedObjects,0,0,1783062260337445971,0,0,0,1564121,1564298
202607031503,e2e_trace_v3,9362,72301518115572237,0,perception.lidar_tracking,in,158577381653920,1,/perception/lidar/detection_filter,0,0,1783062260441720323,0,0,0,1564121,1564302
202607031503,e2e_trace_v3,9363,72301518115572237,0,perception.lidar_tracking,out,158577382063296,1,/perception/inner/PrefusedObjects,0,0,1783062260441720323,0,0,0,1564121,1564302
202607031503,e2e_trace_v3,9379,72301518115572238,0,perception.lidar_tracking,in,158577480467520,1,/perception/lidar/detection_filter,0,0,1783062260538400508,0,0,0,1564121,1564307
202607031503,e2e_trace_v3,9380,72301518115572238,0,perception.lidar_tracking,out,158577480798368,1,/perception/inner/PrefusedObjects,0,0,1783062260538400508,0,0,0,1564121,1564307
202607031503,e2e_trace_v3,9395,72301518115572239,0,perception.lidar_tracking,in,158577579302400,1,/perception/lidar/detection_filter,0,0,1783062260639244327,0,0,0,1564121,1564309
202607031503,e2e_trace_v3,9397,72301518115572239,0,perception.lidar_tracking,out,158577579646592,1,/perception/inner/PrefusedObjects,0,0,1783062260639244327,0,0,0,1564121,1564309
202607031503,e2e_trace_v3,9413,72301518115572240,0,perception.lidar_tracking,in,158577682624256,1,/perception/lidar/detection_filter,0,0,1783062260738603594,0,0,0,1564121,1564300
202607031503,e2e_trace_v3,9414,72301518115572240,0,perception.lidar_tracking,out,158577682953280,1,/perception/inner/PrefusedObjects,0,0,1783062260738603594,0,0,0,1564121,1564300
202607031503,e2e_trace_v3,9430,72301518115572241,0,perception.lidar_tracking,in,158577784390112,1,/perception/lidar/detection_filter,0,0,1783062260840489009,0,0,0,1564121,1564296
202607031503,e2e_trace_v3,9431,72301518115572241,0,perception.lidar_tracking,out,158577784741888,1,/perception/inner/PrefusedObjects,0,0,1783062260840489009,0,0,0,1564121,1564296
202607031503,e2e_trace_v3,9447,72301518115572242,0,perception.lidar_tracking,in,158577885597568,1,/perception/lidar/detection_filter,0,0,1783062260940366649,0,0,0,1564121,1564304
202607031503,e2e_trace_v3,9448,72301518115572242,0,perception.lidar_tracking,out,158577885953568,1,/perception/inner/PrefusedObjects,0,0,1783062260940366649,0,0,0,1564121,1564304
202607031503,e2e_trace_v3,9464,72301518115572243,0,perception.lidar_tracking,in,158577982439776,1,/perception/lidar/detection_filter,0,0,1783062261038671654,0,0,0,1564121,1564299
202607031503,e2e_trace_v3,9465,72301518115572243,0,perception.lidar_tracking,out,158577982790080,1,/perception/inner/PrefusedObjects,0,0,1783062261038671654,0,0,0,1564121,1564299
202607031503,e2e_trace_v3,9481,72301518115572244,0,perception.lidar_tracking,in,158578084785024,1,/perception/lidar/detection_filter,0,0,1783062261139904007,0,0,0,1564121,1564305
202607031503,e2e_trace_v3,9482,72301518115572244,0,perception.lidar_tracking,out,158578085170496,1,/perception/inner/PrefusedObjects,0,0,1783062261139904007,0,0,0,1564121,1564305
202607031503,e2e_trace_v3,9498,72301518115572245,0,perception.lidar_tracking,in,158578185371328,1,/perception/lidar/detection_filter,0,0,1783062261240058773,0,0,0,1564121,1564301
202607031503,e2e_trace_v3,9499,72301518115572245,0,perception.lidar_tracking,out,158578185733568,1,/perception/inner/PrefusedObjects,0,0,1783062261240058773,0,0,0,1564121,1564301
202607031503,e2e_trace_v3,9515,72301518115572246,0,perception.lidar_tracking,in,158578287851808,1,/perception/lidar/detection_filter,0,0,1783062261344908892,0,0,0,1564121,1564295
202607031503,e2e_trace_v3,9516,72301518115572246,0,perception.lidar_tracking,out,158578288185568,1,/perception/inner/PrefusedObjects,0,0,1783062261344908892,0,0,0,1564121,1564295
202607031503,e2e_trace_v3,9533,72301518115572247,0,perception.lidar_tracking,in,158578398745984,1,/perception/lidar/detection_filter,0,0,1783062261441002002,0,0,0,1564121,1564298
202607031503,e2e_trace_v3,9534,72301518115572247,0,perception.lidar_tracking,out,158578399113696,1,/perception/inner/PrefusedObjects,0,0,1783062261441002002,0,0,0,1564121,1564298
202607031503,e2e_trace_v3,9552,72301518115572248,0,perception.lidar_tracking,in,158578507511712,1,/perception/lidar/detection_filter,0,0,1783062261539760182,0,0,0,1564121,1564303
202607031503,e2e_trace_v3,9553,72301518115572248,0,perception.lidar_tracking,out,158578507778240,1,/perception/inner/PrefusedObjects,0,0,1783062261539760182,0,0,0,1564121,1564303
202607031503,e2e_trace_v3,9566,72301518115572249,0,perception.lidar_tracking,in,158578588459200,1,/perception/lidar/detection_filter,0,0,1783062261640516725,0,0,0,1564121,1564296
202607031503,e2e_trace_v3,9567,72301518115572249,0,perception.lidar_tracking,out,158578588793440,1,/perception/inner/PrefusedObjects,0,0,1783062261640516725,0,0,0,1564121,1564296
202607031503,e2e_trace_v3,9583,72301518115572250,0,perception.lidar_tracking,in,158578686124576,1,/perception/lidar/detection_filter,0,0,1783062261739905084,0,0,0,1564121,1564307
202607031503,e2e_trace_v3,9584,72301518115572250,0,perception.lidar_tracking,out,158578686486208,1,/perception/inner/PrefusedObjects,0,0,1783062261739905084,0,0,0,1564121,1564307
202607031503,e2e_trace_v3,9600,72301518115572251,0,perception.lidar_tracking,in,158578789133024,1,/perception/lidar/detection_filter,0,0,1783062261840152021,0,0,0,1564121,1564306
202607031503,e2e_trace_v3,9601,72301518115572251,0,perception.lidar_tracking,out,158578789681248,1,/perception/inner/PrefusedObjects,0,0,1783062261840152021,0,0,0,1564121,1564306
202607031503,e2e_trace_v3,9617,72301518115572252,0,perception.lidar_tracking,in,158578888493536,1,/perception/lidar/detection_filter,0,0,1783062261940820850,0,0,0,1564121,1564300
202607031503,e2e_trace_v3,9618,72301518115572252,0,perception.lidar_tracking,out,158578888818048,1,/perception/inner/PrefusedObjects,0,0,1783062261940820850,0,0,0,1564121,1564300
202607031503,e2e_trace_v3,9634,72301518115572253,0,perception.lidar_tracking,in,158578987242144,1,/perception/lidar/detection_filter,0,0,1783062262040471252,0,0,0,1564121,1564303
202607031503,e2e_trace_v3,9635,72301518115572253,0,perception.lidar_tracking,out,158578989286624,1,/perception/inner/PrefusedObjects,0,0,1783062262040471252,0,0,0,1564121,1564303
202607031503,e2e_trace_v3,9651,72301518115572254,0,perception.lidar_tracking,in,158579088140224,1,/perception/lidar/detection_filter,0,0,1783062262140998001,0,0,0,1564121,1564296
202607031503,e2e_trace_v3,9652,72301518115572254,0,perception.lidar_tracking,out,158579088554112,1,/perception/inner/PrefusedObjects,0,0,1783062262140998001,0,0,0,1564121,1564296
202607031503,e2e_trace_v3,9668,72301518115572255,0,perception.lidar_tracking,in,158579183885120,1,/perception/lidar/detection_filter,0,0,1783062262240628893,0,0,0,1564121,1564299
202607031503,e2e_trace_v3,9669,72301518115572255,0,perception.lidar_tracking,out,158579184167584,1,/perception/inner/PrefusedObjects,0,0,1783062262240628893,0,0,0,1564121,1564299
202607031503,e2e_trace_v3,9685,72301518115572256,0,perception.lidar_tracking,in,158579286123200,1,/perception/lidar/detection_filter,0,0,1783062262341220399,0,0,0,1564121,1564301
202607031503,e2e_trace_v3,9686,72301518115572256,0,perception.lidar_tracking,out,158579286514784,1,/perception/inner/PrefusedObjects,0,0,1783062262341220399,0,0,0,1564121,1564301
202607031503,e2e_trace_v3,9701,72301518115572257,0,perception.lidar_tracking,in,158579390076960,1,/perception/lidar/detection_filter,0,0,1783062262442092325,0,0,0,1564121,1564294
202607031503,e2e_trace_v3,9703,72301518115572257,0,perception.lidar_tracking,out,158579390438016,1,/perception/inner/PrefusedObjects,0,0,1783062262442092325,0,0,0,1564121,1564294
202607031503,e2e_trace_v3,9718,72301518115572258,0,perception.lidar_tracking,in,158579490730368,1,/perception/lidar/detection_filter,0,0,1783062262541148205,0,0,0,1564121,1564303
202607031503,e2e_trace_v3,9720,72301518115572258,0,perception.lidar_tracking,out,158579491934688,1,/perception/inner/PrefusedObjects,0,0,1783062262541148205,0,0,0,1564121,1564303
202607031503,e2e_trace_v3,9736,72301518115572259,0,perception.lidar_tracking,in,158579582833536,1,/perception/lidar/detection_filter,0,0,1783062262640941445,0,0,0,1564121,1564300
202607031503,e2e_trace_v3,9737,72301518115572259,0,perception.lidar_tracking,out,158579583209440,1,/perception/inner/PrefusedObjects,0,0,1783062262640941445,0,0,0,1564121,1564300
202607031503,e2e_trace_v3,9753,72301518115572260,0,perception.lidar_tracking,in,158579681659456,1,/perception/lidar/detection_filter,0,0,1783062262739391409,0,0,0,1564121,1564301
202607031503,e2e_trace_v3,9754,72301518115572260,0,perception.lidar_tracking,out,158579682168544,1,/perception/inner/PrefusedObjects,0,0,1783062262739391409,0,0,0,1564121,1564301
202607031503,e2e_trace_v3,9770,72301518115572261,0,perception.lidar_tracking,in,158579780701088,1,/perception/lidar/detection_filter,0,0,1783062262840286903,0,0,0,1564121,1564302
202607031503,e2e_trace_v3,9771,72301518115572261,0,perception.lidar_tracking,out,158579781004480,1,/perception/inner/PrefusedObjects,0,0,1783062262840286903,0,0,0,1564121,1564302
202607031503,e2e_trace_v3,9788,72301518115572262,0,perception.lidar_tracking,in,158579894969312,1,/perception/lidar/detection_filter,0,0,1783062262940344932,0,0,0,1564121,1564303
202607031503,e2e_trace_v3,9789,72301518115572262,0,perception.lidar_tracking,out,158579895221888,1,/perception/inner/PrefusedObjects,0,0,1783062262940344932,0,0,0,1564121,1564303
202607031503,e2e_trace_v3,9804,72301518115572263,0,perception.lidar_tracking,in,158579982351328,1,/perception/lidar/detection_filter,0,0,1783062263040293448,0,0,0,1564121,1564300
202607031503,e2e_trace_v3,9805,72301518115572263,0,perception.lidar_tracking,out,158579982664736,1,/perception/inner/PrefusedObjects,0,0,1783062263040293448,0,0,0,1564121,1564300
202607031503,e2e_trace_v3,9821,72301518115572264,0,perception.lidar_tracking,in,158580086692480,1,/perception/lidar/detection_filter,0,0,1783062263140712520,0,0,0,1564121,1564298
202607031503,e2e_trace_v3,9822,72301518115572264,0,perception.lidar_tracking,out,158580086994048,1,/perception/inner/PrefusedObjects,0,0,1783062263140712520,0,0,0,1564121,1564298
202607031503,e2e_trace_v3,9837,72301518115572265,0,perception.lidar_tracking,in,158580185435712,1,/perception/lidar/detection_filter,0,0,1783062263242136875,0,0,0,1564121,1564296
202607031503,e2e_trace_v3,9838,72301518115572265,0,perception.lidar_tracking,out,158580185784992,1,/perception/inner/PrefusedObjects,0,0,1783062263242136875,0,0,0,1564121,1564296
202607031503,e2e_trace_v3,9855,72301518115572266,0,perception.lidar_tracking,in,158580283990048,1,/perception/lidar/detection_filter,0,0,1783062263341521231,0,0,0,1564121,1564299
202607031503,e2e_trace_v3,9856,72301518115572266,0,perception.lidar_tracking,out,158580284314848,1,/perception/inner/PrefusedObjects,0,0,1783062263341521231,0,0,0,1564121,1564299
202607031503,e2e_trace_v3,9872,72301518115572267,0,perception.lidar_tracking,in,158580390793216,1,/perception/lidar/detection_filter,0,0,1783062263440320711,0,0,0,1564121,1564306
202607031503,e2e_trace_v3,9873,72301518115572267,0,perception.lidar_tracking,out,158580391121056,1,/perception/inner/PrefusedObjects,0,0,1783062263440320711,0,0,0,1564121,1564306
202607031503,e2e_trace_v3,9889,72301518115572268,0,perception.lidar_tracking,in,158580488742176,1,/perception/lidar/detection_filter,0,0,1783062263540959195,0,0,0,1564121,1564294
202607031503,e2e_trace_v3,9890,72301518115572268,0,perception.lidar_tracking,out,158580489128864,1,/perception/inner/PrefusedObjects,0,0,1783062263540959195,0,0,0,1564121,1564294
202607031503,e2e_trace_v3,9906,72301518115572269,0,perception.lidar_tracking,in,158580590031616,1,/perception/lidar/detection_filter,0,0,1783062263640337436,0,0,0,1564121,1564304
202607031503,e2e_trace_v3,9907,72301518115572269,0,perception.lidar_tracking,out,158580590357120,1,/perception/inner/PrefusedObjects,0,0,1783062263640337436,0,0,0,1564121,1564304
202607031503,e2e_trace_v3,9923,72301518115572270,0,perception.lidar_tracking,in,158580688267680,1,/perception/lidar/detection_filter,0,0,1783062263740402634,0,0,0,1564121,1564304
202607031503,e2e_trace_v3,9924,72301518115572270,0,perception.lidar_tracking,out,158580688633952,1,/perception/inner/PrefusedObjects,0,0,1783062263740402634,0,0,0,1564121,1564304
202607031503,e2e_trace_v3,9941,72301518115572271,0,perception.lidar_tracking,in,158580794216192,1,/perception/lidar/detection_filter,0,0,1783062263840349379,0,0,0,1564121,1564308
202607031503,e2e_trace_v3,9942,72301518115572271,0,perception.lidar_tracking,out,158580794545024,1,/perception/inner/PrefusedObjects,0,0,1783062263840349379,0,0,0,1564121,1564308
202607031503,e2e_trace_v3,9957,72301518115572272,0,perception.lidar_tracking,in,158580887076288,1,/perception/lidar/detection_filter,0,0,1783062263940365511,0,0,0,1564121,1564302
202607031503,e2e_trace_v3,9959,72301518115572272,0,perception.lidar_tracking,out,158580887669952,1,/perception/inner/PrefusedObjects,0,0,1783062263940365511,0,0,0,1564121,1564302
202607031503,e2e_trace_v3,9973,72301518115572273,0,perception.lidar_tracking,in,158580987221344,1,/perception/lidar/detection_filter,0,0,1783062264041295559,0,0,0,1564121,1564307
202607031503,e2e_trace_v3,9975,72301518115572273,0,perception.lidar_tracking,out,158580987557216,1,/perception/inner/PrefusedObjects,0,0,1783062264041295559,0,0,0,1564121,1564307
202607031503,e2e_trace_v3,9992,72301518115572274,0,perception.lidar_tracking,in,158581092806912,1,/perception/lidar/detection_filter,0,0,1783062264144446930,0,0,0,1564121,1564308
202607031503,e2e_trace_v3,9993,72301518115572274,0,perception.lidar_tracking,out,158581093086400,1,/perception/inner/PrefusedObjects,0,0,1783062264144446930,0,0,0,1564121,1564308
202607031503,e2e_trace_v3,10008,72301518115572275,0,perception.lidar_tracking,in,158581191388128,1,/perception/lidar/detection_filter,0,0,1783062264240914378,0,0,0,1564121,1564304
202607031503,e2e_trace_v3,10009,72301518115572275,0,perception.lidar_tracking,out,158581191716480,1,/perception/inner/PrefusedObjects,0,0,1783062264240914378,0,0,0,1564121,1564304
202607031503,e2e_trace_v3,10025,72301518115572276,0,perception.lidar_tracking,in,158581288311904,1,/perception/lidar/detection_filter,0,0,1783062264340685292,0,0,0,1564121,1564302
202607031503,e2e_trace_v3,10026,72301518115572276,0,perception.lidar_tracking,out,158581288597216,1,/perception/inner/PrefusedObjects,0,0,1783062264340685292,0,0,0,1564121,1564302
202607031503,e2e_trace_v3,10043,72301518115572277,0,perception.lidar_tracking,in,158581392509984,1,/perception/lidar/detection_filter,0,0,1783062264441014096,0,0,0,1564121,1564307
202607031503,e2e_trace_v3,10044,72301518115572277,0,perception.lidar_tracking,out,158581392878528,1,/perception/inner/PrefusedObjects,0,0,1783062264441014096,0,0,0,1564121,1564307
202607031503,e2e_trace_v3,10060,72301518115572278,0,perception.lidar_tracking,in,158581494164896,1,/perception/lidar/detection_filter,0,0,1783062264541013734,0,0,0,1564121,1564300
202607031503,e2e_trace_v3,10061,72301518115572278,0,perception.lidar_tracking,out,158581494719008,1,/perception/inner/PrefusedObjects,0,0,1783062264541013734,0,0,0,1564121,1564300
202607031503,e2e_trace_v3,10077,72301518115572279,0,perception.lidar_tracking,in,158581595115872,1,/perception/lidar/detection_filter,0,0,1783062264639966121,0,0,0,1564121,1564295
202607031503,e2e_trace_v3,10078,72301518115572279,0,perception.lidar_tracking,out,158581595481440,1,/perception/inner/PrefusedObjects,0,0,1783062264639966121,0,0,0,1564121,1564295
202607031503,e2e_trace_v3,10093,72301518115572280,0,perception.lidar_tracking,in,158581688162976,1,/perception/lidar/detection_filter,0,0,1783062264741603910,0,0,0,1564121,1564302
202607031503,e2e_trace_v3,10094,72301518115572280,0,perception.lidar_tracking,out,158581688499712,1,/perception/inner/PrefusedObjects,0,0,1783062264741603910,0,0,0,1564121,1564302
202607031503,e2e_trace_v3,10109,72301518115572281,0,perception.lidar_tracking,in,158581790227552,1,/perception/lidar/detection_filter,0,0,1783062264840995613,0,0,0,1564121,1564309
202607031503,e2e_trace_v3,10112,72301518115572281,0,perception.lidar_tracking,out,158581790599584,1,/perception/inner/PrefusedObjects,0,0,1783062264840995613,0,0,0,1564121,1564309
202607031503,e2e_trace_v3,10127,72301518115572282,0,perception.lidar_tracking,in,158581887649472,1,/perception/lidar/detection_filter,0,0,1783062264939239331,0,0,0,1564121,1564309
202607031503,e2e_trace_v3,10128,72301518115572282,0,perception.lidar_tracking,out,158581887964864,1,/perception/inner/PrefusedObjects,0,0,1783062264939239331,0,0,0,1564121,1564309
202607031503,e2e_trace_v3,10145,72301518115572283,0,perception.lidar_tracking,in,158582000588832,1,/perception/lidar/detection_filter,0,0,1783062265040555873,0,0,0,1564121,1564300
202607031503,e2e_trace_v3,10146,72301518115572283,0,perception.lidar_tracking,out,158582000980544,1,/perception/inner/PrefusedObjects,0,0,1783062265040555873,0,0,0,1564121,1564300
202607031503,e2e_trace_v3,10162,72301518115572284,0,perception.lidar_tracking,in,158582094439936,1,/perception/lidar/detection_filter,0,0,1783062265139825437,0,0,0,1564121,1564305
202607031503,e2e_trace_v3,10163,72301518115572284,0,perception.lidar_tracking,out,158582095025184,1,/perception/inner/PrefusedObjects,0,0,1783062265139825437,0,0,0,1564121,1564305
202607031503,e2e_trace_v3,10179,72301518115572285,0,perception.lidar_tracking,in,158582193468288,1,/perception/lidar/detection_filter,0,0,1783062265240908044,0,0,0,1564121,1564308
202607031503,e2e_trace_v3,10180,72301518115572285,0,perception.lidar_tracking,out,158582193831008,1,/perception/inner/PrefusedObjects,0,0,1783062265240908044,0,0,0,1564121,1564308
202607031503,e2e_trace_v3,10196,72301518115572286,0,perception.lidar_tracking,in,158582293531328,1,/perception/lidar/detection_filter,0,0,1783062265342137005,0,0,0,1564121,1564309
202607031503,e2e_trace_v3,10197,72301518115572286,0,perception.lidar_tracking,out,158582293860448,1,/perception/inner/PrefusedObjects,0,0,1783062265342137005,0,0,0,1564121,1564309
202607031503,e2e_trace_v3,10212,72301518115572287,0,perception.lidar_tracking,in,158582392990912,1,/perception/lidar/detection_filter,0,0,1783062265440678431,0,0,0,1564121,1564297
202607031503,e2e_trace_v3,10214,72301518115572287,0,perception.lidar_tracking,out,158582393359712,1,/perception/inner/PrefusedObjects,0,0,1783062265440678431,0,0,0,1564121,1564297
202607031503,e2e_trace_v3,10232,72301518115572288,0,perception.lidar_tracking,in,158582509655392,1,/perception/lidar/detection_filter,0,0,1783062265539366598,0,0,0,1564121,1564299
202607031503,e2e_trace_v3,10234,72301518115572288,0,perception.lidar_tracking,out,158582510039840,1,/perception/inner/PrefusedObjects,0,0,1783062265539366598,0,0,0,1564121,1564299
202607031503,e2e_trace_v3,10246,72301518115572289,0,perception.lidar_tracking,in,158582591584672,1,/perception/lidar/detection_filter,0,0,1783062265640210173,0,0,0,1564121,1564309
202607031503,e2e_trace_v3,10247,72301518115572289,0,perception.lidar_tracking,out,158582591761248,1,/perception/inner/PrefusedObjects,0,0,1783062265640210173,0,0,0,1564121,1564309
202607031503,e2e_trace_v3,10264,72301518115572290,0,perception.lidar_tracking,in,158582692725184,1,/perception/lidar/detection_filter,0,0,1783062265741656330,0,0,0,1564121,1564300
202607031503,e2e_trace_v3,10265,72301518115572290,0,perception.lidar_tracking,out,158582693044352,1,/perception/inner/PrefusedObjects,0,0,1783062265741656330,0,0,0,1564121,1564300
202607031503,e2e_trace_v3,10281,72301518115572291,0,perception.lidar_tracking,in,158582793066176,1,/perception/lidar/detection_filter,0,0,1783062265841029399,0,0,0,1564121,1564301
202607031503,e2e_trace_v3,10282,72301518115572291,0,perception.lidar_tracking,out,158582793386400,1,/perception/inner/PrefusedObjects,0,0,1783062265841029399,0,0,0,1564121,1564301
202607031503,e2e_trace_v3,10298,72301518115572292,0,perception.lidar_tracking,in,158582896892064,1,/perception/lidar/detection_filter,0,0,1783062265941375989,0,0,0,1564121,1564300
202607031503,e2e_trace_v3,10299,72301518115572292,0,perception.lidar_tracking,out,158582897089152,1,/perception/inner/PrefusedObjects,0,0,1783062265941375989,0,0,0,1564121,1564300
202607031503,e2e_trace_v3,10315,72301518115572293,0,perception.lidar_tracking,in,158582993385056,1,/perception/lidar/detection_filter,0,0,1783062266040284229,0,0,0,1564121,1564303
202607031503,e2e_trace_v3,10316,72301518115572293,0,perception.lidar_tracking,out,158582993701088,1,/perception/inner/PrefusedObjects,0,0,1783062266040284229,0,0,0,1564121,1564303
202607031503,e2e_trace_v3,10330,72301518115572294,0,perception.lidar_tracking,in,158583091866112,1,/perception/lidar/detection_filter,0,0,1783062266139447733,0,0,0,1564121,1564299
202607031503,e2e_trace_v3,10331,72301518115572294,0,perception.lidar_tracking,out,158583092201440,1,/perception/inner/PrefusedObjects,0,0,1783062266139447733,0,0,0,1564121,1564299
202607031503,e2e_trace_v3,10349,72301518115572295,0,perception.lidar_tracking,in,158583194353568,1,/perception/lidar/detection_filter,0,0,1783062266241001514,0,0,0,1564121,1564299
202607031503,e2e_trace_v3,10350,72301518115572295,0,perception.lidar_tracking,out,158583194653184,1,/perception/inner/PrefusedObjects,0,0,1783062266241001514,0,0,0,1564121,1564299
202607031503,e2e_trace_v3,10366,72301518115572296,0,perception.lidar_tracking,in,158583293283456,1,/perception/lidar/detection_filter,0,0,1783062266340342506,0,0,0,1564121,1564298
202607031503,e2e_trace_v3,10367,72301518115572296,0,perception.lidar_tracking,out,158583293673600,1,/perception/inner/PrefusedObjects,0,0,1783062266340342506,0,0,0,1564121,1564298
202607031503,e2e_trace_v3,10383,72301518115572297,0,perception.lidar_tracking,in,158583399008384,1,/perception/lidar/detection_filter,0,0,1783062266440685210,0,0,0,1564121,1564309
202607031503,e2e_trace_v3,10384,72301518115572297,0,perception.lidar_tracking,out,158583399319584,1,/perception/inner/PrefusedObjects,0,0,1783062266440685210,0,0,0,1564121,1564309
202607031503,e2e_trace_v3,10399,72301518115572298,0,perception.lidar_tracking,in,158583494262752,1,/perception/lidar/detection_filter,0,0,1783062266541371416,0,0,0,1564121,1564297
202607031503,e2e_trace_v3,10400,72301518115572298,0,perception.lidar_tracking,out,158583494527040,1,/perception/inner/PrefusedObjects,0,0,1783062266541371416,0,0,0,1564121,1564297
202607031503,e2e_trace_v3,10417,72301518115572299,0,perception.lidar_tracking,in,158583595624608,1,/perception/lidar/detection_filter,0,0,1783062266642537215,0,0,0,1564121,1564301
202607031503,e2e_trace_v3,10418,72301518115572299,0,perception.lidar_tracking,out,158583595801600,1,/perception/inner/PrefusedObjects,0,0,1783062266642537215,0,0,0,1564121,1564301
202607031503,e2e_trace_v3,10434,72301518115572300,0,perception.lidar_tracking,in,158583694473440,1,/perception/lidar/detection_filter,0,0,1783062266740776153,0,0,0,1564121,1564305
202607031503,e2e_trace_v3,10436,72301518115572300,0,perception.lidar_tracking,out,158583694860032,1,/perception/inner/PrefusedObjects,0,0,1783062266740776153,0,0,0,1564121,1564305
202607031503,e2e_trace_v3,10451,72301518115572301,0,perception.lidar_tracking,in,158583792437760,1,/perception/lidar/detection_filter,0,0,1783062266840808255,0,0,0,1564121,1564301
202607031503,e2e_trace_v3,10452,72301518115572301,0,perception.lidar_tracking,out,158583792864192,1,/perception/inner/PrefusedObjects,0,0,1783062266840808255,0,0,0,1564121,1564301
202607031503,e2e_trace_v3,10468,72301518115572302,0,perception.lidar_tracking,in,158583893722272,1,/perception/lidar/detection_filter,0,0,1783062266940982452,0,0,0,1564121,1564300
202607031503,e2e_trace_v3,10469,72301518115572302,0,perception.lidar_tracking,out,158583894004768,1,/perception/inner/PrefusedObjects,0,0,1783062266940982452,0,0,0,1564121,1564300
202607031503,e2e_trace_v3,10485,72301518115572303,0,perception.lidar_tracking,in,158583993550624,1,/perception/lidar/detection_filter,0,0,1783062267039458673,0,0,0,1564121,1564294
202607031503,e2e_trace_v3,10486,72301518115572303,0,perception.lidar_tracking,out,158583993814912,1,/perception/inner/PrefusedObjects,0,0,1783062267039458673,0,0,0,1564121,1564294
202607031503,e2e_trace_v3,10504,72301518115572304,0,perception.lidar_tracking,in,158584109891680,1,/perception/lidar/detection_filter,0,0,1783062267140732194,0,0,0,1564121,1564308
202607031503,e2e_trace_v3,10505,72301518115572304,0,perception.lidar_tracking,out,158584110052416,1,/perception/inner/PrefusedObjects,0,0,1783062267140732194,0,0,0,1564121,1564308
202607031503,e2e_trace_v3,10519,72301518115572305,0,perception.lidar_tracking,in,158584192298496,1,/perception/lidar/detection_filter,0,0,1783062267240309316,0,0,0,1564121,1564297
202607031503,e2e_trace_v3,10520,72301518115572305,0,perception.lidar_tracking,out,158584192549312,1,/perception/inner/PrefusedObjects,0,0,1783062267240309316,0,0,0,1564121,1564297
202607031503,e2e_trace_v3,10535,72301518115572306,0,perception.lidar_tracking,in,158584291584896,1,/perception/lidar/detection_filter,0,0,1783062267341134080,0,0,0,1564121,1564307
202607031503,e2e_trace_v3,10536,72301518115572306,0,perception.lidar_tracking,out,158584291771648,1,/perception/inner/PrefusedObjects,0,0,1783062267341134080,0,0,0,1564121,1564307
202607031503,e2e_trace_v3,10553,72301518115572307,0,perception.lidar_tracking,in,158584398665824,1,/perception/lidar/detection_filter,0,0,1783062267445536675,0,0,0,1564121,1564295
202607031503,e2e_trace_v3,10554,72301518115572307,0,perception.lidar_tracking,out,158584398915104,1,/perception/inner/PrefusedObjects,0,0,1783062267445536675,0,0,0,1564121,1564295
202607031503,e2e_trace_v3,10570,72301518115572308,0,perception.lidar_tracking,in,158584492265088,1,/perception/lidar/detection_filter,0,0,1783062267539711020,0,0,0,1564121,1564304
202607031503,e2e_trace_v3,10571,72301518115572308,0,perception.lidar_tracking,out,158584492521536,1,/perception/inner/PrefusedObjects,0,0,1783062267539711020,0,0,0,1564121,1564304
202607031503,e2e_trace_v3,10586,72301518115572309,0,perception.lidar_tracking,in,158584591506016,1,/perception/lidar/detection_filter,0,0,1783062267640541846,0,0,0,1564121,1564298
202607031503,e2e_trace_v3,10588,72301518115572309,0,perception.lidar_tracking,out,158584591868640,1,/perception/inner/PrefusedObjects,0,0,1783062267640541846,0,0,0,1564121,1564298
202607031503,e2e_trace_v3,10604,72301518115572310,0,perception.lidar_tracking,in,158584694353280,1,/perception/lidar/detection_filter,0,0,1783062267739783408,0,0,0,1564121,1564301
202607031503,e2e_trace_v3,10605,72301518115572310,0,perception.lidar_tracking,out,158584694576576,1,/perception/inner/PrefusedObjects,0,0,1783062267739783408,0,0,0,1564121,1564301
202607031503,e2e_trace_v3,10621,72301518115572311,0,perception.lidar_tracking,in,158584791575232,1,/perception/lidar/detection_filter,0,0,1783062267840013906,0,0,0,1564121,1564302
202607031503,e2e_trace_v3,10622,72301518115572311,0,perception.lidar_tracking,out,158584791746144,1,/perception/inner/PrefusedObjects,0,0,1783062267840013906,0,0,0,1564121,1564302
202607031503,e2e_trace_v3,10638,72301518115572312,0,perception.lidar_tracking,in,158584892762816,1,/perception/lidar/detection_filter,0,0,1783062267939626296,0,0,0,1564121,1564298
202607031503,e2e_trace_v3,10639,72301518115572312,0,perception.lidar_tracking,out,158584893019712,1,/perception/inner/PrefusedObjects,0,0,1783062267939626296,0,0,0,1564121,1564298
202607031503,e2e_trace_v3,10653,72301518115572313,0,perception.lidar_tracking,in,158584990914016,1,/perception/lidar/detection_filter,0,0,1783062268039294759,0,0,0,1564121,1564295
202607031503,e2e_trace_v3,10655,72301518115572313,0,perception.lidar_tracking,out,158584991217824,1,/perception/inner/PrefusedObjects,0,0,1783062268039294759,0,0,0,1564121,1564295
202607031503,e2e_trace_v3,10671,72301518115572314,0,perception.lidar_tracking,in,158585091117824,1,/perception/lidar/detection_filter,0,0,1783062268140375479,0,0,0,1564121,1564294
202607031503,e2e_trace_v3,10672,72301518115572314,0,perception.lidar_tracking,out,158585091284736,1,/perception/inner/PrefusedObjects,0,0,1783062268140375479,0,0,0,1564121,1564294
202607031503,e2e_trace_v3,10689,72301518115572315,0,perception.lidar_tracking,in,158585192307968,1,/perception/lidar/detection_filter,0,0,1783062268240791482,0,0,0,1564121,1564300
202607031503,e2e_trace_v3,10690,72301518115572315,0,perception.lidar_tracking,out,158585192564992,1,/perception/inner/PrefusedObjects,0,0,1783062268240791482,0,0,0,1564121,1564300
202607031503,e2e_trace_v3,10706,72301518115572316,0,perception.lidar_tracking,in,158585293434848,1,/perception/lidar/detection_filter,0,0,1783062268339616247,0,0,0,1564121,1564306
202607031503,e2e_trace_v3,10707,72301518115572316,0,perception.lidar_tracking,out,158585293657792,1,/perception/inner/PrefusedObjects,0,0,1783062268339616247,0,0,0,1564121,1564306
202607031503,e2e_trace_v3,10723,72301518115572317,0,perception.lidar_tracking,in,158585393518336,1,/perception/lidar/detection_filter,0,0,1783062268440105468,0,0,0,1564121,1564305
202607031503,e2e_trace_v3,10724,72301518115572317,0,perception.lidar_tracking,out,158585393830176,1,/perception/inner/PrefusedObjects,0,0,1783062268440105468,0,0,0,1564121,1564305
202607031503,e2e_trace_v3,10739,72301518115572318,0,perception.lidar_tracking,in,158585491256992,1,/perception/lidar/detection_filter,0,0,1783062268538669135,0,0,0,1564121,1564306
202607031503,e2e_trace_v3,10740,72301518115572318,0,perception.lidar_tracking,out,158585491638816,1,/perception/inner/PrefusedObjects,0,0,1783062268538669135,0,0,0,1564121,1564306
202607031503,e2e_trace_v3,10757,72301518115572319,0,perception.lidar_tracking,in,158585596186848,1,/perception/lidar/detection_filter,0,0,1783062268641905035,0,0,0,1564121,1564301
202607031503,e2e_trace_v3,10758,72301518115572319,0,perception.lidar_tracking,out,158585596491392,1,/perception/inner/PrefusedObjects,0,0,1783062268641905035,0,0,0,1564121,1564301
202607031503,e2e_trace_v3,10774,72301518115572320,0,perception.lidar_tracking,in,158585693707776,1,/perception/lidar/detection_filter,0,0,1783062268740743169,0,0,0,1564121,1564298
202607031503,e2e_trace_v3,10775,72301518115572320,0,perception.lidar_tracking,out,158585693877088,1,/perception/inner/PrefusedObjects,0,0,1783062268740743169,0,0,0,1564121,1564298
202607031503,e2e_trace_v3,10791,72301518115572321,0,perception.lidar_tracking,in,158585793335936,1,/perception/lidar/detection_filter,0,0,1783062268841203169,0,0,0,1564121,1564297
202607031503,e2e_trace_v3,10792,72301518115572321,0,perception.lidar_tracking,out,158585793508928,1,/perception/inner/PrefusedObjects,0,0,1783062268841203169,0,0,0,1564121,1564297
202607031503,e2e_trace_v3,10808,72301518115572322,0,perception.lidar_tracking,in,158585894942048,1,/perception/lidar/detection_filter,0,0,1783062268941356693,0,0,0,1564121,1564306
202607031503,e2e_trace_v3,10809,72301518115572322,0,perception.lidar_tracking,out,158585895114816,1,/perception/inner/PrefusedObjects,0,0,1783062268941356693,0,0,0,1564121,1564306
202607031503,e2e_trace_v3,10825,72301518115572323,0,perception.lidar_tracking,in,158585995494368,1,/perception/lidar/detection_filter,0,0,1783062269039838911,0,0,0,1564121,1564302
202607031503,e2e_trace_v3,10826,72301518115572323,0,perception.lidar_tracking,out,158585995670240,1,/perception/inner/PrefusedObjects,0,0,1783062269039838911,0,0,0,1564121,1564302
202607031503,e2e_trace_v3,10842,72301518115572324,0,perception.lidar_tracking,in,158586092796800,1,/perception/lidar/detection_filter,0,0,1783062269140196258,0,0,0,1564121,1564297
202607031503,e2e_trace_v3,10843,72301518115572324,0,perception.lidar_tracking,out,158586092970944,1,/perception/inner/PrefusedObjects,0,0,1783062269140196258,0,0,0,1564121,1564297
202607031503,e2e_trace_v3,10859,72301518115572325,0,perception.lidar_tracking,in,158586193310144,1,/perception/lidar/detection_filter,0,0,1783062269239940853,0,0,0,1564121,1564306
202607031503,e2e_trace_v3,10860,72301518115572325,0,perception.lidar_tracking,out,158586193527808,1,/perception/inner/PrefusedObjects,0,0,1783062269239940853,0,0,0,1564121,1564306
202607031503,e2e_trace_v3,10878,72301518115572326,0,perception.lidar_tracking,in,158586308862720,1,/perception/lidar/detection_filter,0,0,1783062269339441414,0,0,0,1564121,1564300
202607031503,e2e_trace_v3,10879,72301518115572326,0,perception.lidar_tracking,out,158586309101888,1,/perception/inner/PrefusedObjects,0,0,1783062269339441414,0,0,0,1564121,1564300
202607031503,e2e_trace_v3,10893,72301518115572327,0,perception.lidar_tracking,in,158586396408096,1,/perception/lidar/detection_filter,0,0,1783062269440294172,0,0,0,1564121,1564308
202607031503,e2e_trace_v3,10894,72301518115572327,0,perception.lidar_tracking,out,158586396621344,1,/perception/inner/PrefusedObjects,0,0,1783062269440294172,0,0,0,1564121,1564308
202607031503,e2e_trace_v3,10910,72301518115572328,0,perception.lidar_tracking,in,158586495899552,1,/perception/lidar/detection_filter,0,0,1783062269539064477,0,0,0,1564121,1564296
202607031503,e2e_trace_v3,10911,72301518115572328,0,perception.lidar_tracking,out,158586496080928,1,/perception/inner/PrefusedObjects,0,0,1783062269539064477,0,0,0,1564121,1564296
202607031503,e2e_trace_v3,10927,72301518115572329,0,perception.lidar_tracking,in,158586592932736,1,/perception/lidar/detection_filter,0,0,1783062269640038239,0,0,0,1564121,1564294
202607031503,e2e_trace_v3,10928,72301518115572329,0,perception.lidar_tracking,out,158586593192800,1,/perception/inner/PrefusedObjects,0,0,1783062269640038239,0,0,0,1564121,1564294
202607031503,e2e_trace_v3,10944,72301518115572330,0,perception.lidar_tracking,in,158586691777856,1,/perception/lidar/detection_filter,0,0,1783062269739020965,0,0,0,1564121,1564296
202607031503,e2e_trace_v3,10945,72301518115572330,0,perception.lidar_tracking,out,158586691944640,1,/perception/inner/PrefusedObjects,0,0,1783062269739020965,0,0,0,1564121,1564296
202607031503,e2e_trace_v3,10960,72301518115572331,0,perception.lidar_tracking,in,158586791479584,1,/perception/lidar/detection_filter,0,0,1783062269839389776,0,0,0,1564121,1564303
202607031503,e2e_trace_v3,10961,72301518115572331,0,perception.lidar_tracking,out,158586791745024,1,/perception/inner/PrefusedObjects,0,0,1783062269839389776,0,0,0,1564121,1564303
202607031503,e2e_trace_v3,10978,72301518115572332,0,perception.lidar_tracking,in,158586896292192,1,/perception/lidar/detection_filter,0,0,1783062269941159114,0,0,0,1564121,1564302
202607031503,e2e_trace_v3,10979,72301518115572332,0,perception.lidar_tracking,out,158586896768448,1,/perception/inner/PrefusedObjects,0,0,1783062269941159114,0,0,0,1564121,1564302
202607031503,e2e_trace_v3,10995,72301518115572333,0,perception.lidar_tracking,in,158586996638464,1,/perception/lidar/detection_filter,0,0,1783062270040711143,0,0,0,1564121,1564299
202607031503,e2e_trace_v3,10996,72301518115572333,0,perception.lidar_tracking,out,158586997021696,1,/perception/inner/PrefusedObjects,0,0,1783062270040711143,0,0,0,1564121,1564299
202607031503,e2e_trace_v3,11012,72301518115572334,0,perception.lidar_tracking,in,158587094645792,1,/perception/lidar/detection_filter,0,0,1783062270140550744,0,0,0,1564121,1564302
202607031503,e2e_trace_v3,11013,72301518115572334,0,perception.lidar_tracking,out,158587094956064,1,/perception/inner/PrefusedObjects,0,0,1783062270140550744,0,0,0,1564121,1564302
202607031503,e2e_trace_v3,11029,72301518115572335,0,perception.lidar_tracking,in,158587193671552,1,/perception/lidar/detection_filter,0,0,1783062270240578137,0,0,0,1564121,1564299
202607031503,e2e_trace_v3,11030,72301518115572335,0,perception.lidar_tracking,out,158587193983072,1,/perception/inner/PrefusedObjects,0,0,1783062270240578137,0,0,0,1564121,1564299
202607031503,e2e_trace_v3,11046,72301518115572336,0,perception.lidar_tracking,in,158587294963392,1,/perception/lidar/detection_filter,0,0,1783062270339961778,0,0,0,1564121,1564298
202607031503,e2e_trace_v3,11047,72301518115572336,0,perception.lidar_tracking,out,158587295338976,1,/perception/inner/PrefusedObjects,0,0,1783062270339961778,0,0,0,1564121,1564298
202607031503,e2e_trace_v3,11063,72301518115572337,0,perception.lidar_tracking,in,158587392451232,1,/perception/lidar/detection_filter,0,0,1783062270439640915,0,0,0,1564121,1564299
202607031503,e2e_trace_v3,11064,72301518115572337,0,perception.lidar_tracking,out,158587392776640,1,/perception/inner/PrefusedObjects,0,0,1783062270439640915,0,0,0,1564121,1564299
202607031503,e2e_trace_v3,11080,72301518115572338,0,perception.lidar_tracking,in,158587494909504,1,/perception/lidar/detection_filter,0,0,1783062270541136936,0,0,0,1564121,1564295
202607031503,e2e_trace_v3,11081,72301518115572338,0,perception.lidar_tracking,out,158587495203936,1,/perception/inner/PrefusedObjects,0,0,1783062270541136936,0,0,0,1564121,1564295
202607031503,e2e_trace_v3,11097,72301518115572339,0,perception.lidar_tracking,in,158587593732608,1,/perception/lidar/detection_filter,0,0,1783062270640752451,0,0,0,1564121,1564308
202607031503,e2e_trace_v3,11098,72301518115572339,0,perception.lidar_tracking,out,158587594015840,1,/perception/inner/PrefusedObjects,0,0,1783062270640752451,0,0,0,1564121,1564308
202607031503,e2e_trace_v3,11114,72301518115572340,0,perception.lidar_tracking,in,158587696668160,1,/perception/lidar/detection_filter,0,0,1783062270741827524,0,0,0,1564121,1564299
202607031503,e2e_trace_v3,11115,72301518115572340,0,perception.lidar_tracking,out,158587696832096,1,/perception/inner/PrefusedObjects,0,0,1783062270741827524,0,0,0,1564121,1564299
202607031503,e2e_trace_v3,11131,72301518115572341,0,perception.lidar_tracking,in,158587794673568,1,/perception/lidar/detection_filter,0,0,1783062270839666681,0,0,0,1564121,1564300
202607031503,e2e_trace_v3,11132,72301518115572341,0,perception.lidar_tracking,out,158587794974016,1,/perception/inner/PrefusedObjects,0,0,1783062270839666681,0,0,0,1564121,1564300
202607031503,e2e_trace_v3,11147,72301518115572342,0,perception.lidar_tracking,in,158587890009248,1,/perception/lidar/detection_filter,0,0,1783062270939110135,0,0,0,1564121,1564305
202607031503,e2e_trace_v3,11148,72301518115572342,0,perception.lidar_tracking,out,158587890186144,1,/perception/inner/PrefusedObjects,0,0,1783062270939110135,0,0,0,1564121,1564305
202607031503,e2e_trace_v3,11164,72301518115572343,0,perception.lidar_tracking,in,158587993596128,1,/perception/lidar/detection_filter,0,0,1783062271040504163,0,0,0,1564121,1564298
202607031503,e2e_trace_v3,11165,72301518115572343,0,perception.lidar_tracking,out,158587994119584,1,/perception/inner/PrefusedObjects,0,0,1783062271040504163,0,0,0,1564121,1564298
202607031503,e2e_trace_v3,11188,72301518115572344,0,perception.lidar_tracking,in,158588117268256,1,/perception/lidar/detection_filter,0,0,1783062271140109827,0,0,0,1564121,1564308
202607031503,e2e_trace_v3,11192,72301518115572344,0,perception.lidar_tracking,out,158588117431904,1,/perception/inner/PrefusedObjects,0,0,1783062271140109827,0,0,0,1564121,1564308
202607031503,e2e_trace_v3,11198,72301518115572345,0,perception.lidar_tracking,in,158588190307936,1,/perception/lidar/detection_filter,0,0,1783062271240155158,0,0,0,1564121,1564302
202607031503,e2e_trace_v3,11202,72301518115572345,0,perception.lidar_tracking,out,158588191716320,1,/perception/inner/PrefusedObjects,0,0,1783062271240155158,0,0,0,1564121,1564302
202607031503,e2e_trace_v3,11214,72301518115572346,0,perception.lidar_tracking,in,158588288399040,1,/perception/lidar/detection_filter,0,0,1783062271339890568,0,0,0,1564121,1564299
202607031503,e2e_trace_v3,11216,72301518115572346,0,perception.lidar_tracking,out,158588288615680,1,/perception/inner/PrefusedObjects,0,0,1783062271339890568,0,0,0,1564121,1564299
202607031503,e2e_trace_v3,11232,72301518115572347,0,perception.lidar_tracking,in,158588387308672,1,/perception/lidar/detection_filter,0,0,1783062271439167309,0,0,0,1564121,1564304
202607031503,e2e_trace_v3,11233,72301518115572347,0,perception.lidar_tracking,out,158588387574016,1,/perception/inner/PrefusedObjects,0,0,1783062271439167309,0,0,0,1564121,1564304
202607031503,e2e_trace_v3,11250,72301518115572348,0,perception.lidar_tracking,in,158588492250976,1,/perception/lidar/detection_filter,0,0,1783062271540968255,0,0,0,1564121,1564309
202607031503,e2e_trace_v3,11251,72301518115572348,0,perception.lidar_tracking,out,158588492442688,1,/perception/inner/PrefusedObjects,0,0,1783062271540968255,0,0,0,1564121,1564309
202607031503,e2e_trace_v3,11267,72301518115572349,0,perception.lidar_tracking,in,158588596706560,1,/perception/lidar/detection_filter,0,0,1783062271641022139,0,0,0,1564121,1564300
202607031503,e2e_trace_v3,11268,72301518115572349,0,perception.lidar_tracking,out,158588596897024,1,/perception/inner/PrefusedObjects,0,0,1783062271641022139,0,0,0,1564121,1564300
202607031503,e2e_trace_v3,11284,72301518115572350,0,perception.lidar_tracking,in,158588694496768,1,/perception/lidar/detection_filter,0,0,1783062271740851761,0,0,0,1564121,1564303
202607031503,e2e_trace_v3,11285,72301518115572350,0,perception.lidar_tracking,out,158588694655936,1,/perception/inner/PrefusedObjects,0,0,1783062271740851761,0,0,0,1564121,1564303
202607031503,e2e_trace_v3,11300,72301518115572351,0,perception.lidar_tracking,in,158588790285440,1,/perception/lidar/detection_filter,0,0,1783062271839274042,0,0,0,1564121,1564295
202607031503,e2e_trace_v3,11301,72301518115572351,0,perception.lidar_tracking,out,158588790502208,1,/perception/inner/PrefusedObjects,0,0,1783062271839274042,0,0,0,1564121,1564295
202607031503,e2e_trace_v3,11318,72301518115572352,0,perception.lidar_tracking,in,158588890717216,1,/perception/lidar/detection_filter,0,0,1783062271939930407,0,0,0,1564121,1564301
202607031503,e2e_trace_v3,11319,72301518115572352,0,perception.lidar_tracking,out,158588891000576,1,/perception/inner/PrefusedObjects,0,0,1783062271939930407,0,0,0,1564121,1564301
202607031503,e2e_trace_v3,11334,72301518115572353,0,perception.lidar_tracking,in,158588991501248,1,/perception/lidar/detection_filter,0,0,1783062272039049873,0,0,0,1564121,1564298
202607031503,e2e_trace_v3,11336,72301518115572353,0,perception.lidar_tracking,out,158588991854272,1,/perception/inner/PrefusedObjects,0,0,1783062272039049873,0,0,0,1564121,1564298
202607031503,e2e_trace_v3,11351,72301518115572354,0,perception.lidar_tracking,in,158589089229248,1,/perception/lidar/detection_filter,0,0,1783062272139275269,0,0,0,1564121,1564298
202607031503,e2e_trace_v3,11352,72301518115572354,0,perception.lidar_tracking,out,158589089529376,1,/perception/inner/PrefusedObjects,0,0,1783062272139275269,0,0,0,1564121,1564298
202607031503,e2e_trace_v3,11369,72301518115572355,0,perception.lidar_tracking,in,158589190809632,1,/perception/lidar/detection_filter,0,0,1783062272241135305,0,0,0,1564121,1564297
202607031503,e2e_trace_v3,11370,72301518115572355,0,perception.lidar_tracking,out,158589191072704,1,/perception/inner/PrefusedObjects,0,0,1783062272241135305,0,0,0,1564121,1564297
202607031503,e2e_trace_v3,11388,72301518115572356,0,perception.lidar_tracking,in,158589304901248,1,/perception/lidar/detection_filter,0,0,1783062272339334709,0,0,0,1564121,1564305
202607031503,e2e_trace_v3,11389,72301518115572356,0,perception.lidar_tracking,out,158589305320224,1,/perception/inner/PrefusedObjects,0,0,1783062272339334709,0,0,0,1564121,1564305
202607031503,e2e_trace_v3,11403,72301518115572357,0,perception.lidar_tracking,in,158589394028448,1,/perception/lidar/detection_filter,0,0,1783062272439278884,0,0,0,1564121,1564305
202607031503,e2e_trace_v3,11404,72301518115572357,0,perception.lidar_tracking,out,158589394187360,1,/perception/inner/PrefusedObjects,0,0,1783062272439278884,0,0,0,1564121,1564305
202607031503,e2e_trace_v3,11419,72301518115572358,0,perception.lidar_tracking,in,158589498744800,1,/perception/lidar/detection_filter,0,0,1783062272538458585,0,0,0,1564121,1564300
202607031503,e2e_trace_v3,11421,72301518115572358,0,perception.lidar_tracking,out,158589498913536,1,/perception/inner/PrefusedObjects,0,0,1783062272538458585,0,0,0,1564121,1564300
202607031503,e2e_trace_v3,11446,72301518115572359,0,perception.lidar_tracking,in,158589624845600,1,/perception/lidar/detection_filter,0,0,1783062272640952721,0,0,0,1564121,1564298
202607031503,e2e_trace_v3,11447,72301518115572359,0,perception.lidar_tracking,out,158589625023104,1,/perception/inner/PrefusedObjects,0,0,1783062272640952721,0,0,0,1564121,1564298
202607031503,e2e_trace_v3,11454,72301518115572360,0,perception.lidar_tracking,in,158589697682080,1,/perception/lidar/detection_filter,0,0,1783062272739451685,0,0,0,1564121,1564306
202607031503,e2e_trace_v3,11455,72301518115572360,0,perception.lidar_tracking,out,158589697863936,1,/perception/inner/PrefusedObjects,0,0,1783062272739451685,0,0,0,1564121,1564306
202607031503,e2e_trace_v3,11471,72301518115572361,0,perception.lidar_tracking,in,158589793200128,1,/perception/lidar/detection_filter,0,0,1783062272839596033,0,0,0,1564121,1564297
202607031503,e2e_trace_v3,11472,72301518115572361,0,perception.lidar_tracking,out,158589793429120,1,/perception/inner/PrefusedObjects,0,0,1783062272839596033,0,0,0,1564121,1564297
202607031503,e2e_trace_v3,11488,72301518115572362,0,perception.lidar_tracking,in,158589897691840,1,/perception/lidar/detection_filter,0,0,1783062272939166731,0,0,0,1564121,1564307
202607031503,e2e_trace_v3,11489,72301518115572362,0,perception.lidar_tracking,out,158589897860352,1,/perception/inner/PrefusedObjects,0,0,1783062272939166731,0,0,0,1564121,1564307
202607031503,e2e_trace_v3,11504,72301518115572363,0,perception.lidar_tracking,in,158589989342368,1,/perception/lidar/detection_filter,0,0,1783062273039742159,0,0,0,1564121,1564297
202607031503,e2e_trace_v3,11505,72301518115572363,0,perception.lidar_tracking,out,158589989581664,1,/perception/inner/PrefusedObjects,0,0,1783062273039742159,0,0,0,1564121,1564297
202607031503,e2e_trace_v3,11522,72301518115572364,0,perception.lidar_tracking,in,158590091057472,1,/perception/lidar/detection_filter,0,0,1783062273139582598,0,0,0,1564121,1564309
202607031503,e2e_trace_v3,11523,72301518115572364,0,perception.lidar_tracking,out,158590091270976,1,/perception/inner/PrefusedObjects,0,0,1783062273139582598,0,0,0,1564121,1564309
202607031503,e2e_trace_v3,11539,72301518115572365,0,perception.lidar_tracking,in,158590192189984,1,/perception/lidar/detection_filter,0,0,1783062273239479820,0,0,0,1564121,1564302
202607031503,e2e_trace_v3,11540,72301518115572365,0,perception.lidar_tracking,out,158590192446432,1,/perception/inner/PrefusedObjects,0,0,1783062273239479820,0,0,0,1564121,1564302
202607031503,e2e_trace_v3,11555,72301518115572366,0,perception.lidar_tracking,in,158590288969984,1,/perception/lidar/detection_filter,0,0,1783062273338829471,0,0,0,1564121,1564307
202607031503,e2e_trace_v3,11556,72301518115572366,0,perception.lidar_tracking,out,158590289169696,1,/perception/inner/PrefusedObjects,0,0,1783062273338829471,0,0,0,1564121,1564307
202607031503,e2e_trace_v3,11573,72301518115572367,0,perception.lidar_tracking,in,158590391000736,1,/perception/lidar/detection_filter,0,0,1783062273439706811,0,0,0,1564121,1564297
202607031503,e2e_trace_v3,11574,72301518115572367,0,perception.lidar_tracking,out,158590391254016,1,/perception/inner/PrefusedObjects,0,0,1783062273439706811,0,0,0,1564121,1564297
202607031503,e2e_trace_v3,11590,72301518115572368,0,perception.lidar_tracking,in,158590490748544,1,/perception/lidar/detection_filter,0,0,1783062273538021471,0,0,0,1564121,1564301
202607031503,e2e_trace_v3,11591,72301518115572368,0,perception.lidar_tracking,out,158590490919072,1,/perception/inner/PrefusedObjects,0,0,1783062273538021471,0,0,0,1564121,1564301
202607031503,e2e_trace_v3,11609,72301518115572369,0,perception.lidar_tracking,in,158590608156384,1,/perception/lidar/detection_filter,0,0,1783062273638909204,0,0,0,1564121,1564304
202607031503,e2e_trace_v3,11610,72301518115572369,0,perception.lidar_tracking,out,158590608377632,1,/perception/inner/PrefusedObjects,0,0,1783062273638909204,0,0,0,1564121,1564304
202607031503,e2e_trace_v3,11626,72301518115572370,0,perception.lidar_tracking,in,158590704787936,1,/perception/lidar/detection_filter,0,0,1783062273737424374,0,0,0,1564121,1564302
202607031503,e2e_trace_v3,11627,72301518115572370,0,perception.lidar_tracking,out,158590705196512,1,/perception/inner/PrefusedObjects,0,0,1783062273737424374,0,0,0,1564121,1564302
202607031503,e2e_trace_v3,11641,72301518115572371,0,perception.lidar_tracking,in,158590794647904,1,/perception/lidar/detection_filter,0,0,1783062273838149506,0,0,0,1564121,1564307
202607031503,e2e_trace_v3,11642,72301518115572371,0,perception.lidar_tracking,out,158590794971200,1,/perception/inner/PrefusedObjects,0,0,1783062273838149506,0,0,0,1564121,1564307
202607031503,e2e_trace_v3,11658,72301518115572372,0,perception.lidar_tracking,in,158590891532768,1,/perception/lidar/detection_filter,0,0,1783062273938298868,0,0,0,1564121,1564296
202607031503,e2e_trace_v3,11659,72301518115572372,0,perception.lidar_tracking,out,158590891731904,1,/perception/inner/PrefusedObjects,0,0,1783062273938298868,0,0,0,1564121,1564296
202607031503,e2e_trace_v3,11674,72301518115572373,0,perception.lidar_tracking,in,158590989098048,1,/perception/lidar/detection_filter,0,0,1783062274038493802,0,0,0,1564121,1564304
202607031503,e2e_trace_v3,11676,72301518115572373,0,perception.lidar_tracking,out,158590989453056,1,/perception/inner/PrefusedObjects,0,0,1783062274038493802,0,0,0,1564121,1564304
202607031503,e2e_trace_v3,11692,72301518115572374,0,perception.lidar_tracking,in,158591093921664,1,/perception/lidar/detection_filter,0,0,1783062274138619403,0,0,0,1564121,1564299
202607031503,e2e_trace_v3,11693,72301518115572374,0,perception.lidar_tracking,out,158591094308256,1,/perception/inner/PrefusedObjects,0,0,1783062274138619403,0,0,0,1564121,1564299
202607031503,e2e_trace_v3,11709,72301518115572375,0,perception.lidar_tracking,in,158591191976544,1,/perception/lidar/detection_filter,0,0,1783062274238291170,0,0,0,1564121,1564303
202607031503,e2e_trace_v3,11710,72301518115572375,0,perception.lidar_tracking,out,158591192363904,1,/perception/inner/PrefusedObjects,0,0,1783062274238291170,0,0,0,1564121,1564303
202607031503,e2e_trace_v3,11728,72301518115572376,0,perception.lidar_tracking,in,158591305620736,1,/perception/lidar/detection_filter,0,0,1783062274339547356,0,0,0,1564121,1564305
202607031503,e2e_trace_v3,11729,72301518115572376,0,perception.lidar_tracking,out,158591305910592,1,/perception/inner/PrefusedObjects,0,0,1783062274339547356,0,0,0,1564121,1564305
202607031503,e2e_trace_v3,11743,72301518115572377,0,perception.lidar_tracking,in,158591392043232,1,/perception/lidar/detection_filter,0,0,1783062274439936469,0,0,0,1564121,1564301
202607031503,e2e_trace_v3,11744,72301518115572377,0,perception.lidar_tracking,out,158591392212192,1,/perception/inner/PrefusedObjects,0,0,1783062274439936469,0,0,0,1564121,1564301
202607031503,e2e_trace_v3,11760,72301518115572378,0,perception.lidar_tracking,in,158591490037280,1,/perception/lidar/detection_filter,0,0,1783062274536975552,0,0,0,1564121,1564304
202607031503,e2e_trace_v3,11761,72301518115572378,0,perception.lidar_tracking,out,158591490215616,1,/perception/inner/PrefusedObjects,0,0,1783062274536975552,0,0,0,1564121,1564304
202607031503,e2e_trace_v3,11777,72301518115572379,0,perception.lidar_tracking,in,158591592886176,1,/perception/lidar/detection_filter,0,0,1783062274638286888,0,0,0,1564121,1564302
202607031503,e2e_trace_v3,11778,72301518115572379,0,perception.lidar_tracking,out,158591593098816,1,/perception/inner/PrefusedObjects,0,0,1783062274638286888,0,0,0,1564121,1564302
202607031503,e2e_trace_v3,11794,72301518115572380,0,perception.lidar_tracking,in,158591693268512,1,/perception/lidar/detection_filter,0,0,1783062274738810999,0,0,0,1564121,1564296
202607031503,e2e_trace_v3,11795,72301518115572380,0,perception.lidar_tracking,out,158591693527648,1,/perception/inner/PrefusedObjects,0,0,1783062274738810999,0,0,0,1564121,1564296
202607031503,e2e_trace_v3,11811,72301518115572381,0,perception.lidar_tracking,in,158591791131968,1,/perception/lidar/detection_filter,0,0,1783062274837886692,0,0,0,1564121,1564309
202607031503,e2e_trace_v3,11812,72301518115572381,0,perception.lidar_tracking,out,158591791313184,1,/perception/inner/PrefusedObjects,0,0,1783062274837886692,0,0,0,1564121,1564309
202607031503,e2e_trace_v3,11827,72301518115572382,0,perception.lidar_tracking,in,158591889066144,1,/perception/lidar/detection_filter,0,0,1783062274938502062,0,0,0,1564121,1564301
202607031503,e2e_trace_v3,11828,72301518115572382,0,perception.lidar_tracking,out,158591889237408,1,/perception/inner/PrefusedObjects,0,0,1783062274938502062,0,0,0,1564121,1564301
202607031503,e2e_trace_v3,11844,72301518115572383,0,perception.lidar_tracking,in,158591988308064,1,/perception/lidar/detection_filter,0,0,1783062275039322856,0,0,0,1564121,1564306
202607031503,e2e_trace_v3,11845,72301518115572383,0,perception.lidar_tracking,out,158591988485600,1,/perception/inner/PrefusedObjects,0,0,1783062275039322856,0,0,0,1564121,1564306
202607031503,e2e_trace_v3,11861,72301518115572384,0,perception.lidar_tracking,in,158592087583232,1,/perception/lidar/detection_filter,0,0,1783062275139267701,0,0,0,1564121,1564302
202607031503,e2e_trace_v3,11862,72301518115572384,0,perception.lidar_tracking,out,158592087835936,1,/perception/inner/PrefusedObjects,0,0,1783062275139267701,0,0,0,1564121,1564302
202607031503,e2e_trace_v3,11878,72301518115572385,0,perception.lidar_tracking,in,158592187554848,1,/perception/lidar/detection_filter,0,0,1783062275239396103,0,0,0,1564121,1564305
202607031503,e2e_trace_v3,11879,72301518115572385,0,perception.lidar_tracking,out,158592187788512,1,/perception/inner/PrefusedObjects,0,0,1783062275239396103,0,0,0,1564121,1564305
202607031503,e2e_trace_v3,11896,72301518115572386,0,perception.lidar_tracking,in,158592290788512,1,/perception/lidar/detection_filter,0,0,1783062275337794237,0,0,0,1564121,1564296
202607031503,e2e_trace_v3,11897,72301518115572386,0,perception.lidar_tracking,out,158592291117504,1,/perception/inner/PrefusedObjects,0,0,1783062275337794237,0,0,0,1564121,1564296
202607031503,e2e_trace_v3,11913,72301518115572387,0,perception.lidar_tracking,in,158592390960288,1,/perception/lidar/detection_filter,0,0,1783062275438937437,0,0,0,1564121,1564304
202607031503,e2e_trace_v3,11914,72301518115572387,0,perception.lidar_tracking,out,158592391210976,1,/perception/inner/PrefusedObjects,0,0,1783062275438937437,0,0,0,1564121,1564304
202607031503,e2e_trace_v3,11930,72301518115572388,0,perception.lidar_tracking,in,158592500886528,1,/perception/lidar/detection_filter,0,0,1783062275538540414,0,0,0,1564121,1564294
202607031503,e2e_trace_v3,11931,72301518115572388,0,perception.lidar_tracking,out,158592501163328,1,/perception/inner/PrefusedObjects,0,0,1783062275538540414,0,0,0,1564121,1564294
202607031503,e2e_trace_v3,11946,72301518115572389,0,perception.lidar_tracking,in,158592584518048,1,/perception/lidar/detection_filter,0,0,1783062275638775052,0,0,0,1564121,1564294
202607031503,e2e_trace_v3,11947,72301518115572389,0,perception.lidar_tracking,out,158592584775264,1,/perception/inner/PrefusedObjects,0,0,1783062275638775052,0,0,0,1564121,1564294
202607031503,e2e_trace_v3,11963,72301518115572390,0,perception.lidar_tracking,in,158592688376256,1,/perception/lidar/detection_filter,0,0,1783062275739554597,0,0,0,1564121,1564298
202607031503,e2e_trace_v3,11964,72301518115572390,0,perception.lidar_tracking,out,158592688536128,1,/perception/inner/PrefusedObjects,0,0,1783062275739554597,0,0,0,1564121,1564298
202607031503,e2e_trace_v3,11980,72301518115572391,0,perception.lidar_tracking,in,158592783724896,1,/perception/lidar/detection_filter,0,0,1783062275838277418,0,0,0,1564121,1564303
202607031503,e2e_trace_v3,11981,72301518115572391,0,perception.lidar_tracking,out,158592783987168,1,/perception/inner/PrefusedObjects,0,0,1783062275838277418,0,0,0,1564121,1564303
202607031503,e2e_trace_v3,11997,72301518115572392,0,perception.lidar_tracking,in,158592889129760,1,/perception/lidar/detection_filter,0,0,1783062275940582150,0,0,0,1564121,1564302
202607031503,e2e_trace_v3,11998,72301518115572392,0,perception.lidar_tracking,out,158592889442912,1,/perception/inner/PrefusedObjects,0,0,1783062275940582150,0,0,0,1564121,1564302
202607031503,e2e_trace_v3,12014,72301518115572393,0,perception.lidar_tracking,in,158592984685024,1,/perception/lidar/detection_filter,0,0,1783062276039510001,0,0,0,1564121,1564302
202607031503,e2e_trace_v3,12016,72301518115572393,0,perception.lidar_tracking,out,158592985025600,1,/perception/inner/PrefusedObjects,0,0,1783062276039510001,0,0,0,1564121,1564302
202607031503,e2e_trace_v3,12031,72301518115572394,0,perception.lidar_tracking,in,158593087741856,1,/perception/lidar/detection_filter,0,0,1783062276139928004,0,0,0,1564121,1564298
202607031503,e2e_trace_v3,12032,72301518115572394,0,perception.lidar_tracking,out,158593088040416,1,/perception/inner/PrefusedObjects,0,0,1783062276139928004,0,0,0,1564121,1564298
202607031503,e2e_trace_v3,12048,72301518115572395,0,perception.lidar_tracking,in,158593185593984,1,/perception/lidar/detection_filter,0,0,1783062276238632364,0,0,0,1564121,1564298
202607031503,e2e_trace_v3,12049,72301518115572395,0,perception.lidar_tracking,out,158593186045888,1,/perception/inner/PrefusedObjects,0,0,1783062276238632364,0,0,0,1564121,1564298
202607031503,e2e_trace_v3,12066,72301518115572396,0,perception.lidar_tracking,in,158593292001856,1,/perception/lidar/detection_filter,0,0,1783062276339654851,0,0,0,1564121,1564299
202607031503,e2e_trace_v3,12067,72301518115572396,0,perception.lidar_tracking,out,158593292487968,1,/perception/inner/PrefusedObjects,0,0,1783062276339654851,0,0,0,1564121,1564299
202607031503,e2e_trace_v3,12082,72301518115572397,0,perception.lidar_tracking,in,158593388151808,1,/perception/lidar/detection_filter,0,0,1783062276440041940,0,0,0,1564121,1564300
202607031503,e2e_trace_v3,12083,72301518115572397,0,perception.lidar_tracking,out,158593388479840,1,/perception/inner/PrefusedObjects,0,0,1783062276440041940,0,0,0,1564121,1564300
202607031503,e2e_trace_v3,12099,72301518115572398,0,perception.lidar_tracking,in,158593486935584,1,/perception/lidar/detection_filter,0,0,1783062276539382802,0,0,0,1564121,1564308
202607031503,e2e_trace_v3,12100,72301518115572398,0,perception.lidar_tracking,out,158593487281472,1,/perception/inner/PrefusedObjects,0,0,1783062276539382802,0,0,0,1564121,1564308
202607031503,e2e_trace_v3,12116,72301518115572399,0,perception.lidar_tracking,in,158593585964960,1,/perception/lidar/detection_filter,0,0,1783062276639068354,0,0,0,1564121,1564304
202607031503,e2e_trace_v3,12117,72301518115572399,0,perception.lidar_tracking,out,158593586352320,1,/perception/inner/PrefusedObjects,0,0,1783062276639068354,0,0,0,1564121,1564304
202607031503,e2e_trace_v3,12133,72301518115572400,0,perception.lidar_tracking,in,158593689001728,1,/perception/lidar/detection_filter,0,0,1783062276740149267,0,0,0,1564121,1564302
202607031503,e2e_trace_v3,12134,72301518115572400,0,perception.lidar_tracking,out,158593689636288,1,/perception/inner/PrefusedObjects,0,0,1783062276740149267,0,0,0,1564121,1564302
202607031503,e2e_trace_v3,12151,72301518115572401,0,perception.lidar_tracking,in,158593792659584,1,/perception/lidar/detection_filter,0,0,1783062276839887816,0,0,0,1564121,1564295
202607031503,e2e_trace_v3,12152,72301518115572401,0,perception.lidar_tracking,out,158593793096896,1,/perception/inner/PrefusedObjects,0,0,1783062276839887816,0,0,0,1564121,1564295
202607031503,e2e_trace_v3,12167,72301518115572402,0,perception.lidar_tracking,in,158593886968320,1,/perception/lidar/detection_filter,0,0,1783062276939917523,0,0,0,1564121,1564300
202607031503,e2e_trace_v3,12168,72301518115572402,0,perception.lidar_tracking,out,158593887336576,1,/perception/inner/PrefusedObjects,0,0,1783062276939917523,0,0,0,1564121,1564300
202607031503,e2e_trace_v3,12184,72301518115572403,0,perception.lidar_tracking,in,158593979743232,1,/perception/lidar/detection_filter,0,0,1783062277039103134,0,0,0,1564121,1564308
202607031503,e2e_trace_v3,12185,72301518115572403,0,perception.lidar_tracking,out,158593980093696,1,/perception/inner/PrefusedObjects,0,0,1783062277039103134,0,0,0,1564121,1564308
202607031503,e2e_trace_v3,12201,72301518115572404,0,perception.lidar_tracking,in,158594083084832,1,/perception/lidar/detection_filter,0,0,1783062277140285321,0,0,0,1564121,1564307
202607031503,e2e_trace_v3,12202,72301518115572404,0,perception.lidar_tracking,out,158594083449760,1,/perception/inner/PrefusedObjects,0,0,1783062277140285321,0,0,0,1564121,1564307
202607031503,e2e_trace_v3,12218,72301518115572405,0,perception.lidar_tracking,in,158594181342080,1,/perception/lidar/detection_filter,0,0,1783062277239887921,0,0,0,1564121,1564299
202607031503,e2e_trace_v3,12219,72301518115572405,0,perception.lidar_tracking,out,158594181706304,1,/perception/inner/PrefusedObjects,0,0,1783062277239887921,0,0,0,1564121,1564299
202607031503,e2e_trace_v3,12234,72301518115572406,0,perception.lidar_tracking,in,158594284106336,1,/perception/lidar/detection_filter,0,0,1783062277338662024,0,0,0,1564121,1564298
202607031503,e2e_trace_v3,12236,72301518115572406,0,perception.lidar_tracking,out,158594284521600,1,/perception/inner/PrefusedObjects,0,0,1783062277338662024,0,0,0,1564121,1564298
202607031503,e2e_trace_v3,12252,72301518115572407,0,perception.lidar_tracking,in,158594384649824,1,/perception/lidar/detection_filter,0,0,1783062277440231205,0,0,0,1564121,1564302
202607031503,e2e_trace_v3,12253,72301518115572407,0,perception.lidar_tracking,out,158594385346016,1,/perception/inner/PrefusedObjects,0,0,1783062277440231205,0,0,0,1564121,1564302
202607031503,e2e_trace_v3,12269,72301518115572408,0,perception.lidar_tracking,in,158594485863232,1,/perception/lidar/detection_filter,0,0,1783062277539542106,0,0,0,1564121,1564300
202607031503,e2e_trace_v3,12270,72301518115572408,0,perception.lidar_tracking,out,158594486224224,1,/perception/inner/PrefusedObjects,0,0,1783062277539542106,0,0,0,1564121,1564300
202607031503,e2e_trace_v3,12285,72301518115572409,0,perception.lidar_tracking,in,158594581004064,1,/perception/lidar/detection_filter,0,0,1783062277639689487,0,0,0,1564121,1564296
202607031503,e2e_trace_v3,12287,72301518115572409,0,perception.lidar_tracking,out,158594581410240,1,/perception/inner/PrefusedObjects,0,0,1783062277639689487,0,0,0,1564121,1564296
202607031503,e2e_trace_v3,12303,72301518115572410,0,perception.lidar_tracking,in,158594682801376,1,/perception/lidar/detection_filter,0,0,1783062277740787591,0,0,0,1564121,1564309
202607031503,e2e_trace_v3,12304,72301518115572410,0,perception.lidar_tracking,out,158594683253440,1,/perception/inner/PrefusedObjects,0,0,1783062277740787591,0,0,0,1564121,1564309
202607031503,e2e_trace_v3,12320,72301518115572411,0,perception.lidar_tracking,in,158594784994560,1,/perception/lidar/detection_filter,0,0,1783062277840507477,0,0,0,1564121,1564303
202607031503,e2e_trace_v3,12322,72301518115572411,0,perception.lidar_tracking,out,158594788035392,1,/perception/inner/PrefusedObjects,0,0,1783062277840507477,0,0,0,1564121,1564303
202607031503,e2e_trace_v3,12337,72301518115572412,0,perception.lidar_tracking,in,158594884121984,1,/perception/lidar/detection_filter,0,0,1783062277941327005,0,0,0,1564121,1564302
202607031503,e2e_trace_v3,12338,72301518115572412,0,perception.lidar_tracking,out,158594884603200,1,/perception/inner/PrefusedObjects,0,0,1783062277941327005,0,0,0,1564121,1564302
202607031503,e2e_trace_v3,12354,72301518115572413,0,perception.lidar_tracking,in,158594980970176,1,/perception/lidar/detection_filter,0,0,1783062278040276797,0,0,0,1564121,1564307
202607031503,e2e_trace_v3,12355,72301518115572413,0,perception.lidar_tracking,out,158594981338272,1,/perception/inner/PrefusedObjects,0,0,1783062278040276797,0,0,0,1564121,1564307
202607031503,e2e_trace_v3,12371,72301518115572414,0,perception.lidar_tracking,in,158595085404128,1,/perception/lidar/detection_filter,0,0,1783062278140607724,0,0,0,1564121,1564294
202607031503,e2e_trace_v3,12372,72301518115572414,0,perception.lidar_tracking,out,158595085761088,1,/perception/inner/PrefusedObjects,0,0,1783062278140607724,0,0,0,1564121,1564294
202607031503,e2e_trace_v3,12388,72301518115572415,0,perception.lidar_tracking,in,158595187521248,1,/perception/lidar/detection_filter,0,0,1783062278240411996,0,0,0,1564121,1564296
202607031503,e2e_trace_v3,12389,72301518115572415,0,perception.lidar_tracking,out,158595187864928,1,/perception/inner/PrefusedObjects,0,0,1783062278240411996,0,0,0,1564121,1564296
202607031503,e2e_trace_v3,12405,72301518115572416,0,perception.lidar_tracking,in,158595288090080,1,/perception/lidar/detection_filter,0,0,1783062278340035300,0,0,0,1564121,1564301
202607031503,e2e_trace_v3,12406,72301518115572416,0,perception.lidar_tracking,out,158595288426336,1,/perception/inner/PrefusedObjects,0,0,1783062278340035300,0,0,0,1564121,1564301
202607031503,e2e_trace_v3,12423,72301518115572417,0,perception.lidar_tracking,in,158595393686336,1,/perception/lidar/detection_filter,0,0,1783062278440609203,0,0,0,1564121,1564299
202607031503,e2e_trace_v3,12424,72301518115572417,0,perception.lidar_tracking,out,158595394025728,1,/perception/inner/PrefusedObjects,0,0,1783062278440609203,0,0,0,1564121,1564299
202607031503,e2e_trace_v3,12440,72301518115572418,0,perception.lidar_tracking,in,158595498607488,1,/perception/lidar/detection_filter,0,0,1783062278539722419,0,0,0,1564121,1564294
202607031503,e2e_trace_v3,12441,72301518115572418,0,perception.lidar_tracking,out,158595498943008,1,/perception/inner/PrefusedObjects,0,0,1783062278539722419,0,0,0,1564121,1564294
202607031503,e2e_trace_v3,12466,72301518115572419,0,perception.lidar_tracking,in,158595618325408,1,/perception/lidar/detection_filter,0,0,1783062278639771057,0,0,0,1564121,1564296
202607031503,e2e_trace_v3,12467,72301518115572419,0,perception.lidar_tracking,out,158595618655776,1,/perception/inner/PrefusedObjects,0,0,1783062278639771057,0,0,0,1564121,1564296
202607031503,e2e_trace_v3,12473,72301518115572420,0,perception.lidar_tracking,in,158595685999776,1,/perception/lidar/detection_filter,0,0,1783062278740206921,0,0,0,1564121,1564305
202607031503,e2e_trace_v3,12474,72301518115572420,0,perception.lidar_tracking,out,158595686329408,1,/perception/inner/PrefusedObjects,0,0,1783062278740206921,0,0,0,1564121,1564305
202607031503,e2e_trace_v3,12490,72301518115572421,0,perception.lidar_tracking,in,158595783283168,1,/perception/lidar/detection_filter,0,0,1783062278840410418,0,0,0,1564121,1564307
202607031503,e2e_trace_v3,12491,72301518115572421,0,perception.lidar_tracking,out,158595783630464,1,/perception/inner/PrefusedObjects,0,0,1783062278840410418,0,0,0,1564121,1564307
202607031503,e2e_trace_v3,12507,72301518115572422,0,perception.lidar_tracking,in,158595884908928,1,/perception/lidar/detection_filter,0,0,1783062278939262010,0,0,0,1564121,1564294
202607031503,e2e_trace_v3,12508,72301518115572422,0,perception.lidar_tracking,out,158595885423616,1,/perception/inner/PrefusedObjects,0,0,1783062278939262010,0,0,0,1564121,1564294
202607031503,e2e_trace_v3,12525,72301518115572423,0,perception.lidar_tracking,in,158595997996480,1,/perception/lidar/detection_filter,0,0,1783062279046448017,0,0,0,1564121,1564298
202607031503,e2e_trace_v3,12526,72301518115572423,0,perception.lidar_tracking,out,158595998414592,1,/perception/inner/PrefusedObjects,0,0,1783062279046448017,0,0,0,1564121,1564298
202607031503,e2e_trace_v3,12541,72301518115572424,0,perception.lidar_tracking,in,158596089646720,1,/perception/lidar/detection_filter,0,0,1783062279141738934,0,0,0,1564121,1564304
202607031503,e2e_trace_v3,12542,72301518115572424,0,perception.lidar_tracking,out,158596089997344,1,/perception/inner/PrefusedObjects,0,0,1783062279141738934,0,0,0,1564121,1564304
202607031503,e2e_trace_v3,12558,72301518115572425,0,perception.lidar_tracking,in,158596186969760,1,/perception/lidar/detection_filter,0,0,1783062279240531990,0,0,0,1564121,1564308
202607031503,e2e_trace_v3,12559,72301518115572425,0,perception.lidar_tracking,out,158596187338912,1,/perception/inner/PrefusedObjects,0,0,1783062279240531990,0,0,0,1564121,1564308
202607031503,e2e_trace_v3,12576,72301518115572426,0,perception.lidar_tracking,in,158596290114272,1,/perception/lidar/detection_filter,0,0,1783062279339681256,0,0,0,1564121,1564300
202607031503,e2e_trace_v3,12577,72301518115572426,0,perception.lidar_tracking,out,158596290493568,1,/perception/inner/PrefusedObjects,0,0,1783062279339681256,0,0,0,1564121,1564300
202607031503,e2e_trace_v3,12593,72301518115572427,0,perception.lidar_tracking,in,158596391823104,1,/perception/lidar/detection_filter,0,0,1783062279439327474,0,0,0,1564121,1564303
202607031503,e2e_trace_v3,12594,72301518115572427,0,perception.lidar_tracking,out,158596392179328,1,/perception/inner/PrefusedObjects,0,0,1783062279439327474,0,0,0,1564121,1564303
202607031503,e2e_trace_v3,12610,72301518115572428,0,perception.lidar_tracking,in,158596492974848,1,/perception/lidar/detection_filter,0,0,1783062279540034973,0,0,0,1564121,1564305
202607031503,e2e_trace_v3,12611,72301518115572428,0,perception.lidar_tracking,out,158596493342848,1,/perception/inner/PrefusedObjects,0,0,1783062279540034973,0,0,0,1564121,1564305
202607031503,e2e_trace_v3,12626,72301518115572429,0,perception.lidar_tracking,in,158596589981088,1,/perception/lidar/detection_filter,0,0,1783062279640924049,0,0,0,1564121,1564302
202607031503,e2e_trace_v3,12627,72301518115572429,0,perception.lidar_tracking,out,158596590335328,1,/perception/inner/PrefusedObjects,0,0,1783062279640924049,0,0,0,1564121,1564302
202607031503,e2e_trace_v3,12643,72301518115572430,0,perception.lidar_tracking,in,158596690012768,1,/perception/lidar/detection_filter,0,0,1783062279740710240,0,0,0,1564121,1564307
202607031503,e2e_trace_v3,12644,72301518115572430,0,perception.lidar_tracking,out,158596690372160,1,/perception/inner/PrefusedObjects,0,0,1783062279740710240,0,0,0,1564121,1564307
202607031503,e2e_trace_v3,12668,72301518115572431,0,perception.lidar_tracking,in,158596819799872,1,/perception/lidar/detection_filter,0,0,1783062279839721704,0,0,0,1564121,1564298
202607031503,e2e_trace_v3,12671,72301518115572431,0,perception.lidar_tracking,out,158596820177600,1,/perception/inner/PrefusedObjects,0,0,1783062279839721704,0,0,0,1564121,1564298
202607031503,e2e_trace_v3,12676,72301518115572432,0,perception.lidar_tracking,in,158596889071040,1,/perception/lidar/detection_filter,0,0,1783062279940046472,0,0,0,1564121,1564297
202607031503,e2e_trace_v3,12678,72301518115572432,0,perception.lidar_tracking,out,158596889526432,1,/perception/inner/PrefusedObjects,0,0,1783062279940046472,0,0,0,1564121,1564297
202607031503,e2e_trace_v3,12694,72301518115572433,0,perception.lidar_tracking,in,158596983011456,1,/perception/lidar/detection_filter,0,0,1783062280040497132,0,0,0,1564121,1564304
202607031503,e2e_trace_v3,12695,72301518115572433,0,perception.lidar_tracking,out,158596983456640,1,/perception/inner/PrefusedObjects,0,0,1783062280040497132,0,0,0,1564121,1564304
202607031503,e2e_trace_v3,12711,72301518115572434,0,perception.lidar_tracking,in,158597082333536,1,/perception/lidar/detection_filter,0,0,1783062280139654221,0,0,0,1564121,1564298
202607031503,e2e_trace_v3,12712,72301518115572434,0,perception.lidar_tracking,out,158597082718528,1,/perception/inner/PrefusedObjects,0,0,1783062280139654221,0,0,0,1564121,1564298
202607031503,e2e_trace_v3,12728,72301518115572435,0,perception.lidar_tracking,in,158597183136064,1,/perception/lidar/detection_filter,0,0,1783062280240377683,0,0,0,1564121,1564309
202607031503,e2e_trace_v3,12729,72301518115572435,0,perception.lidar_tracking,out,158597183517088,1,/perception/inner/PrefusedObjects,0,0,1783062280240377683,0,0,0,1564121,1564309
202607031503,e2e_trace_v3,12745,72301518115572436,0,perception.lidar_tracking,in,158597280112512,1,/perception/lidar/detection_filter,0,0,1783062280339151845,0,0,0,1564121,1564308
202607031503,e2e_trace_v3,12746,72301518115572436,0,perception.lidar_tracking,out,158597280762112,1,/perception/inner/PrefusedObjects,0,0,1783062280339151845,0,0,0,1564121,1564308
202607031503,e2e_trace_v3,12762,72301518115572437,0,perception.lidar_tracking,in,158597381640992,1,/perception/lidar/detection_filter,0,0,1783062280439301789,0,0,0,1564121,1564304
202607031503,e2e_trace_v3,12763,72301518115572437,0,perception.lidar_tracking,out,158597382069472,1,/perception/inner/PrefusedObjects,0,0,1783062280439301789,0,0,0,1564121,1564304
202607031503,e2e_trace_v3,12779,72301518115572438,0,perception.lidar_tracking,in,158597483551744,1,/perception/lidar/detection_filter,0,0,1783062280540120974,0,0,0,1564121,1564306
202607031503,e2e_trace_v3,12780,72301518115572438,0,perception.lidar_tracking,out,158597483887424,1,/perception/inner/PrefusedObjects,0,0,1783062280540120974,0,0,0,1564121,1564306
202607031503,e2e_trace_v3,12795,72301518115572439,0,perception.lidar_tracking,in,158597584172384,1,/perception/lidar/detection_filter,0,0,1783062280638847456,0,0,0,1564121,1564298
202607031503,e2e_trace_v3,12797,72301518115572439,0,perception.lidar_tracking,out,158597584500704,1,/perception/inner/PrefusedObjects,0,0,1783062280638847456,0,0,0,1564121,1564298
202607031503,e2e_trace_v3,12813,72301518115572440,0,perception.lidar_tracking,in,158597685705792,1,/perception/lidar/detection_filter,0,0,1783062280744208033,0,0,0,1564121,1564305
202607031503,e2e_trace_v3,12814,72301518115572440,0,perception.lidar_tracking,out,158597686072384,1,/perception/inner/PrefusedObjects,0,0,1783062280744208033,0,0,0,1564121,1564305
202607031503,e2e_trace_v3,12830,72301518115572441,0,perception.lidar_tracking,in,158597788445856,1,/perception/lidar/detection_filter,0,0,1783062280842558238,0,0,0,1564121,1564309
202607031503,e2e_trace_v3,12831,72301518115572441,0,perception.lidar_tracking,out,158597788820416,1,/perception/inner/PrefusedObjects,0,0,1783062280842558238,0,0,0,1564121,1564309
202607031503,e2e_trace_v3,12848,72301518115572442,0,perception.lidar_tracking,in,158597892866720,1,/perception/lidar/detection_filter,0,0,1783062280939485819,0,0,0,1564121,1564304
202607031503,e2e_trace_v3,12849,72301518115572442,0,perception.lidar_tracking,out,158597893411840,1,/perception/inner/PrefusedObjects,0,0,1783062280939485819,0,0,0,1564121,1564304
202607031503,e2e_trace_v3,12864,72301518115572443,0,perception.lidar_tracking,in,158597984026208,1,/perception/lidar/detection_filter,0,0,1783062281039542647,0,0,0,1564121,1564304
202607031503,e2e_trace_v3,12865,72301518115572443,0,perception.lidar_tracking,out,158597984418848,1,/perception/inner/PrefusedObjects,0,0,1783062281039542647,0,0,0,1564121,1564304
202607031503,e2e_trace_v3,12881,72301518115572444,0,perception.lidar_tracking,in,158598085249824,1,/perception/lidar/detection_filter,0,0,1783062281143099558,0,0,0,1564121,1564309
202607031503,e2e_trace_v3,12882,72301518115572444,0,perception.lidar_tracking,out,158598085700736,1,/perception/inner/PrefusedObjects,0,0,1783062281143099558,0,0,0,1564121,1564309
202607031503,e2e_trace_v3,12898,72301518115572445,0,perception.lidar_tracking,in,158598184666912,1,/perception/lidar/detection_filter,0,0,1783062281240211247,0,0,0,1564121,1564299
202607031503,e2e_trace_v3,12901,72301518115572445,0,perception.lidar_tracking,out,158598186780032,1,/perception/inner/PrefusedObjects,0,0,1783062281240211247,0,0,0,1564121,1564299
202607031503,e2e_trace_v3,12925,72301518115572446,0,perception.lidar_tracking,in,158598324750880,1,/perception/lidar/detection_filter,0,0,1783062281340603337,0,0,0,1564121,1564294
202607031503,e2e_trace_v3,12926,72301518115572446,0,perception.lidar_tracking,out,158598325136512,1,/perception/inner/PrefusedObjects,0,0,1783062281340603337,0,0,0,1564121,1564294
202607031503,e2e_trace_v3,12933,72301518115572447,0,perception.lidar_tracking,in,158598395202112,1,/perception/lidar/detection_filter,0,0,1783062281440178669,0,0,0,1564121,1564303
202607031503,e2e_trace_v3,12936,72301518115572447,0,perception.lidar_tracking,out,158598397667040,1,/perception/inner/PrefusedObjects,0,0,1783062281440178669,0,0,0,1564121,1564303
202607031503,e2e_trace_v3,12950,72301518115572448,0,perception.lidar_tracking,in,158598498769088,1,/perception/lidar/detection_filter,0,0,1783062281539480878,0,0,0,1564121,1564301
202607031503,e2e_trace_v3,12951,72301518115572448,0,perception.lidar_tracking,out,158598499102848,1,/perception/inner/PrefusedObjects,0,0,1783062281539480878,0,0,0,1564121,1564301
202607031503,e2e_trace_v3,12966,72301518115572449,0,perception.lidar_tracking,in,158598590075232,1,/perception/lidar/detection_filter,0,0,1783062281640790718,0,0,0,1564121,1564294
202607031503,e2e_trace_v3,12967,72301518115572449,0,perception.lidar_tracking,out,158598590543232,1,/perception/inner/PrefusedObjects,0,0,1783062281640790718,0,0,0,1564121,1564294
202607031503,e2e_trace_v3,12984,72301518115572450,0,perception.lidar_tracking,in,158598698067040,1,/perception/lidar/detection_filter,0,0,1783062281742261132,0,0,0,1564121,1564305
202607031503,e2e_trace_v3,12985,72301518115572450,0,perception.lidar_tracking,out,158598698453600,1,/perception/inner/PrefusedObjects,0,0,1783062281742261132,0,0,0,1564121,1564305
202607031503,e2e_trace_v3,13000,72301518115572451,0,perception.lidar_tracking,in,158598789413600,1,/perception/lidar/detection_filter,0,0,1783062281840335639,0,0,0,1564121,1564307
202607031503,e2e_trace_v3,13001,72301518115572451,0,perception.lidar_tracking,out,158598789779872,1,/perception/inner/PrefusedObjects,0,0,1783062281840335639,0,0,0,1564121,1564307
202607031503,e2e_trace_v3,13018,72301518115572452,0,perception.lidar_tracking,in,158598900069248,1,/perception/lidar/detection_filter,0,0,1783062281941542150,0,0,0,1564121,1564298
202607031503,e2e_trace_v3,13019,72301518115572452,0,perception.lidar_tracking,out,158598900462400,1,/perception/inner/PrefusedObjects,0,0,1783062281941542150,0,0,0,1564121,1564298
202607031503,e2e_trace_v3,13034,72301518115572453,0,perception.lidar_tracking,in,158598988834240,1,/perception/lidar/detection_filter,0,0,1783062282040202506,0,0,0,1564121,1564299
202607031503,e2e_trace_v3,13035,72301518115572453,0,perception.lidar_tracking,out,158598989613024,1,/perception/inner/PrefusedObjects,0,0,1783062282040202506,0,0,0,1564121,1564299
202607031503,e2e_trace_v3,13052,72301518115572454,0,perception.lidar_tracking,in,158599089940576,1,/perception/lidar/detection_filter,0,0,1783062282140546247,0,0,0,1564121,1564295
202607031503,e2e_trace_v3,13053,72301518115572454,0,perception.lidar_tracking,out,158599090300128,1,/perception/inner/PrefusedObjects,0,0,1783062282140546247,0,0,0,1564121,1564295
202607031503,e2e_trace_v3,13068,72301518115572455,0,perception.lidar_tracking,in,158599186617344,1,/perception/lidar/detection_filter,0,0,1783062282238589578,0,0,0,1564121,1564307
202607031503,e2e_trace_v3,13069,72301518115572455,0,perception.lidar_tracking,out,158599186986592,1,/perception/inner/PrefusedObjects,0,0,1783062282238589578,0,0,0,1564121,1564307
202607031503,e2e_trace_v3,13086,72301518115572456,0,perception.lidar_tracking,in,158599299474784,1,/perception/lidar/detection_filter,0,0,1783062282339992384,0,0,0,1564121,1564299
202607031503,e2e_trace_v3,13087,72301518115572456,0,perception.lidar_tracking,out,158599299808672,1,/perception/inner/PrefusedObjects,0,0,1783062282339992384,0,0,0,1564121,1564299
202607031503,e2e_trace_v3,13102,72301518115572457,0,perception.lidar_tracking,in,158599385943328,1,/perception/lidar/detection_filter,0,0,1783062282439608103,0,0,0,1564121,1564297
202607031503,e2e_trace_v3,13103,72301518115572457,0,perception.lidar_tracking,out,158599386362208,1,/perception/inner/PrefusedObjects,0,0,1783062282439608103,0,0,0,1564121,1564297
202607031503,e2e_trace_v3,13119,72301518115572458,0,perception.lidar_tracking,in,158599489103616,1,/perception/lidar/detection_filter,0,0,1783062282540183834,0,0,0,1564121,1564308
202607031503,e2e_trace_v3,13120,72301518115572458,0,perception.lidar_tracking,out,158599489492576,1,/perception/inner/PrefusedObjects,0,0,1783062282540183834,0,0,0,1564121,1564308
202607031503,e2e_trace_v3,13136,72301518115572459,0,perception.lidar_tracking,in,158599587447744,1,/perception/lidar/detection_filter,0,0,1783062282641627456,0,0,0,1564121,1564295
202607031503,e2e_trace_v3,13137,72301518115572459,0,perception.lidar_tracking,out,158599587789568,1,/perception/inner/PrefusedObjects,0,0,1783062282641627456,0,0,0,1564121,1564295
202607031503,e2e_trace_v3,13153,72301518115572460,0,perception.lidar_tracking,in,158599683478944,1,/perception/lidar/detection_filter,0,0,1783062282739970798,0,0,0,1564121,1564301
202607031503,e2e_trace_v3,13154,72301518115572460,0,perception.lidar_tracking,out,158599683839456,1,/perception/inner/PrefusedObjects,0,0,1783062282739970798,0,0,0,1564121,1564301
202607031503,e2e_trace_v3,13170,72301518115572461,0,perception.lidar_tracking,in,158599785022784,1,/perception/lidar/detection_filter,0,0,1783062282840841644,0,0,0,1564121,1564299
202607031503,e2e_trace_v3,13171,72301518115572461,0,perception.lidar_tracking,out,158599785439040,1,/perception/inner/PrefusedObjects,0,0,1783062282840841644,0,0,0,1564121,1564299
202607031503,e2e_trace_v3,13188,72301518115572462,0,perception.lidar_tracking,in,158599892055680,1,/perception/lidar/detection_filter,0,0,1783062282943570714,0,0,0,1564121,1564303
202607031503,e2e_trace_v3,13189,72301518115572462,0,perception.lidar_tracking,out,158599892337216,1,/perception/inner/PrefusedObjects,0,0,1783062282943570714,0,0,0,1564121,1564303
202607031503,e2e_trace_v3,13204,72301518115572463,0,perception.lidar_tracking,in,158599988437920,1,/perception/lidar/detection_filter,0,0,1783062283040707355,0,0,0,1564121,1564303
202607031503,e2e_trace_v3,13205,72301518115572463,0,perception.lidar_tracking,out,158599988963424,1,/perception/inner/PrefusedObjects,0,0,1783062283040707355,0,0,0,1564121,1564303
202607031503,e2e_trace_v3,13221,72301518115572464,0,perception.lidar_tracking,in,158600087441760,1,/perception/lidar/detection_filter,0,0,1783062283140797891,0,0,0,1564121,1564297
202607031503,e2e_trace_v3,13222,72301518115572464,0,perception.lidar_tracking,out,158600087949664,1,/perception/inner/PrefusedObjects,0,0,1783062283140797891,0,0,0,1564121,1564297
202607031503,e2e_trace_v3,13238,72301518115572465,0,perception.lidar_tracking,in,158600185759584,1,/perception/lidar/detection_filter,0,0,1783062283239753346,0,0,0,1564121,1564306
202607031503,e2e_trace_v3,13239,72301518115572465,0,perception.lidar_tracking,out,158600186231456,1,/perception/inner/PrefusedObjects,0,0,1783062283239753346,0,0,0,1564121,1564306
202607031503,e2e_trace_v3,13255,72301518115572466,0,perception.lidar_tracking,in,158600283704448,1,/perception/lidar/detection_filter,0,0,1783062283340014217,0,0,0,1564121,1564300
202607031503,e2e_trace_v3,13256,72301518115572466,0,perception.lidar_tracking,out,158600284049728,1,/perception/inner/PrefusedObjects,0,0,1783062283340014217,0,0,0,1564121,1564300
202607031503,e2e_trace_v3,13272,72301518115572467,0,perception.lidar_tracking,in,158600386998912,1,/perception/lidar/detection_filter,0,0,1783062283439530253,0,0,0,1564121,1564296
202607031503,e2e_trace_v3,13273,72301518115572467,0,perception.lidar_tracking,out,158600387320000,1,/perception/inner/PrefusedObjects,0,0,1783062283439530253,0,0,0,1564121,1564296
202607031503,e2e_trace_v3,13290,72301518115572468,0,perception.lidar_tracking,in,158600490605984,1,/perception/lidar/detection_filter,0,0,1783062283543285167,0,0,0,1564121,1564299
202607031503,e2e_trace_v3,13291,72301518115572468,0,perception.lidar_tracking,out,158600490934144,1,/perception/inner/PrefusedObjects,0,0,1783062283543285167,0,0,0,1564121,1564299
202607031503,e2e_trace_v3,13306,72301518115572469,0,perception.lidar_tracking,in,158600586724064,1,/perception/lidar/detection_filter,0,0,1783062283639533803,0,0,0,1564121,1564299
202607031503,e2e_trace_v3,13307,72301518115572469,0,perception.lidar_tracking,out,158600587114944,1,/perception/inner/PrefusedObjects,0,0,1783062283639533803,0,0,0,1564121,1564299
202607031503,e2e_trace_v3,13323,72301518115572470,0,perception.lidar_tracking,in,158600689344800,1,/perception/lidar/detection_filter,0,0,1783062283740578334,0,0,0,1564121,1564300
202607031503,e2e_trace_v3,13324,72301518115572470,0,perception.lidar_tracking,out,158600689725664,1,/perception/inner/PrefusedObjects,0,0,1783062283740578334,0,0,0,1564121,1564300
202607031503,e2e_trace_v3,13340,72301518115572471,0,perception.lidar_tracking,in,158600786836288,1,/perception/lidar/detection_filter,0,0,1783062283840579413,0,0,0,1564121,1564294
202607031503,e2e_trace_v3,13341,72301518115572471,0,perception.lidar_tracking,out,158600787143008,1,/perception/inner/PrefusedObjects,0,0,1783062283840579413,0,0,0,1564121,1564294
202607031503,e2e_trace_v3,13357,72301518115572472,0,perception.lidar_tracking,in,158600887559072,1,/perception/lidar/detection_filter,0,0,1783062283940102035,0,0,0,1564121,1564304
202607031503,e2e_trace_v3,13358,72301518115572472,0,perception.lidar_tracking,out,158600887970432,1,/perception/inner/PrefusedObjects,0,0,1783062283940102035,0,0,0,1564121,1564304
202607031503,e2e_trace_v3,13384,72301518115572473,0,perception.lidar_tracking,in,158601020923488,1,/perception/lidar/detection_filter,0,0,1783062284040683856,0,0,0,1564121,1564305
202607031503,e2e_trace_v3,13385,72301518115572473,0,perception.lidar_tracking,out,158601021312896,1,/perception/inner/PrefusedObjects,0,0,1783062284040683856,0,0,0,1564121,1564305
202607031503,e2e_trace_v3,13392,72301518115572474,0,perception.lidar_tracking,in,158601092568512,1,/perception/lidar/detection_filter,0,0,1783062284139495421,0,0,0,1564121,1564301
202607031503,e2e_trace_v3,13393,72301518115572474,0,perception.lidar_tracking,out,158601092869280,1,/perception/inner/PrefusedObjects,0,0,1783062284139495421,0,0,0,1564121,1564301
202607031503,e2e_trace_v3,13408,72301518115572475,0,perception.lidar_tracking,in,158601183610496,1,/perception/lidar/detection_filter,0,0,1783062284239442379,0,0,0,1564121,1564298
202607031503,e2e_trace_v3,13409,72301518115572475,0,perception.lidar_tracking,out,158601183927968,1,/perception/inner/PrefusedObjects,0,0,1783062284239442379,0,0,0,1564121,1564298
202607031503,e2e_trace_v3,13425,72301518115572476,0,perception.lidar_tracking,in,158601282645440,1,/perception/lidar/detection_filter,0,0,1783062284339414803,0,0,0,1564121,1564309
202607031503,e2e_trace_v3,13426,72301518115572476,0,perception.lidar_tracking,out,158601282958880,1,/perception/inner/PrefusedObjects,0,0,1783062284339414803,0,0,0,1564121,1564309
202607031503,e2e_trace_v3,13442,72301518115572477,0,perception.lidar_tracking,in,158601382830080,1,/perception/lidar/detection_filter,0,0,1783062284439859685,0,0,0,1564121,1564303
202607031503,e2e_trace_v3,13443,72301518115572477,0,perception.lidar_tracking,out,158601383145216,1,/perception/inner/PrefusedObjects,0,0,1783062284439859685,0,0,0,1564121,1564303
202607031503,e2e_trace_v3,13459,72301518115572478,0,perception.lidar_tracking,in,158601485827520,1,/perception/lidar/detection_filter,0,0,1783062284539868016,0,0,0,1564121,1564297
202607031503,e2e_trace_v3,13460,72301518115572478,0,perception.lidar_tracking,out,158601486150976,1,/perception/inner/PrefusedObjects,0,0,1783062284539868016,0,0,0,1564121,1564297
202607031503,e2e_trace_v3,13476,72301518115572479,0,perception.lidar_tracking,in,158601584418432,1,/perception/lidar/detection_filter,0,0,1783062284639437539,0,0,0,1564121,1564298
202607031503,e2e_trace_v3,13477,72301518115572479,0,perception.lidar_tracking,out,158601584791808,1,/perception/inner/PrefusedObjects,0,0,1783062284639437539,0,0,0,1564121,1564298
202607031503,e2e_trace_v3,13493,72301518115572480,0,perception.lidar_tracking,in,158601690296672,1,/perception/lidar/detection_filter,0,0,1783062284739876555,0,0,0,1564121,1564306
202607031503,e2e_trace_v3,13494,72301518115572480,0,perception.lidar_tracking,out,158601690631264,1,/perception/inner/PrefusedObjects,0,0,1783062284739876555,0,0,0,1564121,1564306
202607031503,e2e_trace_v3,13510,72301518115572481,0,perception.lidar_tracking,in,158601782659232,1,/perception/lidar/detection_filter,0,0,1783062284841024997,0,0,0,1564121,1564306
202607031503,e2e_trace_v3,13511,72301518115572481,0,perception.lidar_tracking,out,158601783040352,1,/perception/inner/PrefusedObjects,0,0,1783062284841024997,0,0,0,1564121,1564306
202607031503,e2e_trace_v3,13527,72301518115572482,0,perception.lidar_tracking,in,158601881919264,1,/perception/lidar/detection_filter,0,0,1783062284939863523,0,0,0,1564121,1564307
202607031503,e2e_trace_v3,13528,72301518115572482,0,perception.lidar_tracking,out,158601882288896,1,/perception/inner/PrefusedObjects,0,0,1783062284939863523,0,0,0,1564121,1564307
202607031503,e2e_trace_v3,13545,72301518115572483,0,perception.lidar_tracking,in,158601995000160,1,/perception/lidar/detection_filter,0,0,1783062285040037805,0,0,0,1564121,1564294
202607031503,e2e_trace_v3,13546,72301518115572483,0,perception.lidar_tracking,out,158601995418752,1,/perception/inner/PrefusedObjects,0,0,1783062285040037805,0,0,0,1564121,1564294
202607031503,e2e_trace_v3,13561,72301518115572484,0,perception.lidar_tracking,in,158602081685952,1,/perception/lidar/detection_filter,0,0,1783062285138875493,0,0,0,1564121,1564302
202607031503,e2e_trace_v3,13562,72301518115572484,0,perception.lidar_tracking,out,158602082070592,1,/perception/inner/PrefusedObjects,0,0,1783062285138875493,0,0,0,1564121,1564302
202607031503,e2e_trace_v3,13578,72301518115572485,0,perception.lidar_tracking,in,158602183650496,1,/perception/lidar/detection_filter,0,0,1783062285240774729,0,0,0,1564121,1564295
202607031503,e2e_trace_v3,13579,72301518115572485,0,perception.lidar_tracking,out,158602184008000,1,/perception/inner/PrefusedObjects,0,0,1783062285240774729,0,0,0,1564121,1564295
202607031503,e2e_trace_v3,13595,72301518115572486,0,perception.lidar_tracking,in,158602289275072,1,/perception/lidar/detection_filter,0,0,1783062285341171332,0,0,0,1564121,1564301
202607031503,e2e_trace_v3,13596,72301518115572486,0,perception.lidar_tracking,out,158602289945600,1,/perception/inner/PrefusedObjects,0,0,1783062285341171332,0,0,0,1564121,1564301
202607031503,e2e_trace_v3,13613,72301518115572487,0,perception.lidar_tracking,in,158602392885504,1,/perception/lidar/detection_filter,0,0,1783062285440399502,0,0,0,1564121,1564309
202607031503,e2e_trace_v3,13614,72301518115572487,0,perception.lidar_tracking,out,158602393247040,1,/perception/inner/PrefusedObjects,0,0,1783062285440399502,0,0,0,1564121,1564309
202607031503,e2e_trace_v3,13629,72301518115572488,0,perception.lidar_tracking,in,158602491303808,1,/perception/lidar/detection_filter,0,0,1783062285540971504,0,0,0,1564121,1564309
202607031503,e2e_trace_v3,13631,72301518115572488,0,perception.lidar_tracking,out,158602491746144,1,/perception/inner/PrefusedObjects,0,0,1783062285540971504,0,0,0,1564121,1564309
202607031503,e2e_trace_v3,13649,72301518115572489,0,perception.lidar_tracking,in,158602610639040,1,/perception/lidar/detection_filter,0,0,1783062285640754558,0,0,0,1564121,1564305
202607031503,e2e_trace_v3,13650,72301518115572489,0,perception.lidar_tracking,out,158602611015552,1,/perception/inner/PrefusedObjects,0,0,1783062285640754558,0,0,0,1564121,1564305
202607031503,e2e_trace_v3,13664,72301518115572490,0,perception.lidar_tracking,in,158602702750432,1,/perception/lidar/detection_filter,0,0,1783062285740266687,0,0,0,1564121,1564305
202607031503,e2e_trace_v3,13665,72301518115572490,0,perception.lidar_tracking,out,158602703070496,1,/perception/inner/PrefusedObjects,0,0,1783062285740266687,0,0,0,1564121,1564305
202607031503,e2e_trace_v3,13680,72301518115572491,0,perception.lidar_tracking,in,158602785108576,1,/perception/lidar/detection_filter,0,0,1783062285840344539,0,0,0,1564121,1564309
202607031503,e2e_trace_v3,13681,72301518115572491,0,perception.lidar_tracking,out,158602785380576,1,/perception/inner/PrefusedObjects,0,0,1783062285840344539,0,0,0,1564121,1564309
202607031503,e2e_trace_v3,13697,72301518115572492,0,perception.lidar_tracking,in,158602885625024,1,/perception/lidar/detection_filter,0,0,1783062285940937667,0,0,0,1564121,1564302
202607031503,e2e_trace_v3,13698,72301518115572492,0,perception.lidar_tracking,out,158602885916128,1,/perception/inner/PrefusedObjects,0,0,1783062285940937667,0,0,0,1564121,1564302
202607031503,e2e_trace_v3,13714,72301518115572493,0,perception.lidar_tracking,in,158602986458976,1,/perception/lidar/detection_filter,0,0,1783062286041333050,0,0,0,1564121,1564298
202607031503,e2e_trace_v3,13715,72301518115572493,0,perception.lidar_tracking,out,158602987151008,1,/perception/inner/PrefusedObjects,0,0,1783062286041333050,0,0,0,1564121,1564298
202607031503,e2e_trace_v3,13732,72301518115572494,0,perception.lidar_tracking,in,158603092465376,1,/perception/lidar/detection_filter,0,0,1783062286146804633,0,0,0,1564121,1564300
202607031503,e2e_trace_v3,13733,72301518115572494,0,perception.lidar_tracking,out,158603092870304,1,/perception/inner/PrefusedObjects,0,0,1783062286146804633,0,0,0,1564121,1564300
202607031503,e2e_trace_v3,13749,72301518115572495,0,perception.lidar_tracking,in,158603201646912,1,/perception/lidar/detection_filter,0,0,1783062286238611658,0,0,0,1564121,1564297
202607031503,e2e_trace_v3,13750,72301518115572495,0,perception.lidar_tracking,out,158603201959552,1,/perception/inner/PrefusedObjects,0,0,1783062286238611658,0,0,0,1564121,1564297
202607031503,e2e_trace_v3,13765,72301518115572496,0,perception.lidar_tracking,in,158603284456576,1,/perception/lidar/detection_filter,0,0,1783062286339968906,0,0,0,1564121,1564297
202607031503,e2e_trace_v3,13766,72301518115572496,0,perception.lidar_tracking,out,158603284823392,1,/perception/inner/PrefusedObjects,0,0,1783062286339968906,0,0,0,1564121,1564297
202607031503,e2e_trace_v3,13782,72301518115572497,0,perception.lidar_tracking,in,158603388400832,1,/perception/lidar/detection_filter,0,0,1783062286439887475,0,0,0,1564121,1564308
202607031503,e2e_trace_v3,13783,72301518115572497,0,perception.lidar_tracking,out,158603388728192,1,/perception/inner/PrefusedObjects,0,0,1783062286439887475,0,0,0,1564121,1564308
202607031503,e2e_trace_v3,13800,72301518115572498,0,perception.lidar_tracking,in,158603491488320,1,/perception/lidar/detection_filter,0,0,1783062286539406706,0,0,0,1564121,1564302
202607031503,e2e_trace_v3,13801,72301518115572498,0,perception.lidar_tracking,out,158603491895520,1,/perception/inner/PrefusedObjects,0,0,1783062286539406706,0,0,0,1564121,1564302
202607031503,e2e_trace_v3,13817,72301518115572499,0,perception.lidar_tracking,in,158603590140992,1,/perception/lidar/detection_filter,0,0,1783062286639762915,0,0,0,1564121,1564296
202607031503,e2e_trace_v3,13818,72301518115572499,0,perception.lidar_tracking,out,158603590611264,1,/perception/inner/PrefusedObjects,0,0,1783062286639762915,0,0,0,1564121,1564296
202607031503,e2e_trace_v3,13833,72301518115572500,0,perception.lidar_tracking,in,158603687683360,1,/perception/lidar/detection_filter,0,0,1783062286739506627,0,0,0,1564121,1564296
202607031503,e2e_trace_v3,13834,72301518115572500,0,perception.lidar_tracking,out,158603688042112,1,/perception/inner/PrefusedObjects,0,0,1783062286739506627,0,0,0,1564121,1564296
202607031503,e2e_trace_v3,13851,72301518115572501,0,perception.lidar_tracking,in,158603794112256,1,/perception/lidar/detection_filter,0,0,1783062286840000344,0,0,0,1564121,1564307
202607031503,e2e_trace_v3,13852,72301518115572501,0,perception.lidar_tracking,out,158603794447744,1,/perception/inner/PrefusedObjects,0,0,1783062286840000344,0,0,0,1564121,1564307
202607031503,e2e_trace_v3,13867,72301518115572502,0,perception.lidar_tracking,in,158603886794560,1,/perception/lidar/detection_filter,0,0,1783062286940082140,0,0,0,1564121,1564307
202607031503,e2e_trace_v3,13868,72301518115572502,0,perception.lidar_tracking,out,158603887146080,1,/perception/inner/PrefusedObjects,0,0,1783062286940082140,0,0,0,1564121,1564307
202607031503,e2e_trace_v3,13884,72301518115572503,0,perception.lidar_tracking,in,158603987389952,1,/perception/lidar/detection_filter,0,0,1783062287039418861,0,0,0,1564121,1564299
202607031503,e2e_trace_v3,13885,72301518115572503,0,perception.lidar_tracking,out,158603987758336,1,/perception/inner/PrefusedObjects,0,0,1783062287039418861,0,0,0,1564121,1564299
202607031503,e2e_trace_v3,13901,72301518115572504,0,perception.lidar_tracking,in,158604087068640,1,/perception/lidar/detection_filter,0,0,1783062287140805453,0,0,0,1564121,1564308
202607031503,e2e_trace_v3,13902,72301518115572504,0,perception.lidar_tracking,out,158604087553312,1,/perception/inner/PrefusedObjects,0,0,1783062287140805453,0,0,0,1564121,1564308
202607031503,e2e_trace_v3,13918,72301518115572505,0,perception.lidar_tracking,in,158604189652160,1,/perception/lidar/detection_filter,0,0,1783062287240055994,0,0,0,1564121,1564298
202607031503,e2e_trace_v3,13919,72301518115572505,0,perception.lidar_tracking,out,158604189963648,1,/perception/inner/PrefusedObjects,0,0,1783062287240055994,0,0,0,1564121,1564298
202607031503,e2e_trace_v3,13935,72301518115572506,0,perception.lidar_tracking,in,158604281637760,1,/perception/lidar/detection_filter,0,0,1783062287340281823,0,0,0,1564121,1564298
202607031503,e2e_trace_v3,13936,72301518115572506,0,perception.lidar_tracking,out,158604281969696,1,/perception/inner/PrefusedObjects,0,0,1783062287340281823,0,0,0,1564121,1564298
202607031503,e2e_trace_v3,13952,72301518115572507,0,perception.lidar_tracking,in,158604394745280,1,/perception/lidar/detection_filter,0,0,1783062287440531177,0,0,0,1564121,1564295
202607031503,e2e_trace_v3,13954,72301518115572507,0,perception.lidar_tracking,out,158604395152448,1,/perception/inner/PrefusedObjects,0,0,1783062287440531177,0,0,0,1564121,1564295
202607031503,e2e_trace_v3,13968,72301518115572508,0,perception.lidar_tracking,in,158604490395104,1,/perception/lidar/detection_filter,0,0,1783062287544255585,0,0,0,1564121,1564300
202607031503,e2e_trace_v3,13970,72301518115572508,0,perception.lidar_tracking,out,158604490787008,1,/perception/inner/PrefusedObjects,0,0,1783062287544255585,0,0,0,1564121,1564300
202607031503,e2e_trace_v3,13987,72301518115572509,0,perception.lidar_tracking,in,158604591286592,1,/perception/lidar/detection_filter,0,0,1783062287643783735,0,0,0,1564121,1564303
202607031503,e2e_trace_v3,13988,72301518115572509,0,perception.lidar_tracking,out,158604591650336,1,/perception/inner/PrefusedObjects,0,0,1783062287643783735,0,0,0,1564121,1564303
202607031503,e2e_trace_v3,14003,72301518115572510,0,perception.lidar_tracking,in,158604682693120,1,/perception/lidar/detection_filter,0,0,1783062287740586968,0,0,0,1564121,1564303
202607031503,e2e_trace_v3,14004,72301518115572510,0,perception.lidar_tracking,out,158604683026976,1,/perception/inner/PrefusedObjects,0,0,1783062287740586968,0,0,0,1564121,1564303
202607031503,e2e_trace_v3,14020,72301518115572511,0,perception.lidar_tracking,in,158604782806848,1,/perception/lidar/detection_filter,0,0,1783062287838337599,0,0,0,1564121,1564307
202607031503,e2e_trace_v3,14021,72301518115572511,0,perception.lidar_tracking,out,158604783185184,1,/perception/inner/PrefusedObjects,0,0,1783062287838337599,0,0,0,1564121,1564307
202607031503,e2e_trace_v3,14038,72301518115572512,0,perception.lidar_tracking,in,158604900831392,1,/perception/lidar/detection_filter,0,0,1783062287939971949,0,0,0,1564121,1564299
202607031503,e2e_trace_v3,14039,72301518115572512,0,perception.lidar_tracking,out,158604901195200,1,/perception/inner/PrefusedObjects,0,0,1783062287939971949,0,0,0,1564121,1564299
202607031503,e2e_trace_v3,14055,72301518115572513,0,perception.lidar_tracking,in,158604999919008,1,/perception/lidar/detection_filter,0,0,1783062288040785388,0,0,0,1564121,1564305
202607031503,e2e_trace_v3,14056,72301518115572513,0,perception.lidar_tracking,out,158605000297344,1,/perception/inner/PrefusedObjects,0,0,1783062288040785388,0,0,0,1564121,1564305
202607031503,e2e_trace_v3,14071,72301518115572514,0,perception.lidar_tracking,in,158605084297664,1,/perception/lidar/detection_filter,0,0,1783062288139010085,0,0,0,1564121,1564305
202607031503,e2e_trace_v3,14072,72301518115572514,0,perception.lidar_tracking,out,158605084663072,1,/perception/inner/PrefusedObjects,0,0,1783062288139010085,0,0,0,1564121,1564305
202607031503,e2e_trace_v3,14088,72301518115572515,0,perception.lidar_tracking,in,158605189052384,1,/perception/lidar/detection_filter,0,0,1783062288240202536,0,0,0,1564121,1564300
202607031503,e2e_trace_v3,14089,72301518115572515,0,perception.lidar_tracking,out,158605189425408,1,/perception/inner/PrefusedObjects,0,0,1783062288240202536,0,0,0,1564121,1564300
202607031503,e2e_trace_v3,14105,72301518115572516,0,perception.lidar_tracking,in,158605289073344,1,/perception/lidar/detection_filter,0,0,1783062288340151972,0,0,0,1564121,1564306
202607031503,e2e_trace_v3,14106,72301518115572516,0,perception.lidar_tracking,out,158605289440800,1,/perception/inner/PrefusedObjects,0,0,1783062288340151972,0,0,0,1564121,1564306
202607031503,e2e_trace_v3,14123,72301518115572517,0,perception.lidar_tracking,in,158605395263680,1,/perception/lidar/detection_filter,0,0,1783062288440541544,0,0,0,1564121,1564303
202607031503,e2e_trace_v3,14124,72301518115572517,0,perception.lidar_tracking,out,158605395615904,1,/perception/inner/PrefusedObjects,0,0,1783062288440541544,0,0,0,1564121,1564303
202607031503,e2e_trace_v3,14139,72301518115572518,0,perception.lidar_tracking,in,158605487796736,1,/perception/lidar/detection_filter,0,0,1783062288539118494,0,0,0,1564121,1564304
202607031503,e2e_trace_v3,14140,72301518115572518,0,perception.lidar_tracking,out,158605488184672,1,/perception/inner/PrefusedObjects,0,0,1783062288539118494,0,0,0,1564121,1564304
202607031503,e2e_trace_v3,14157,72301518115572519,0,perception.lidar_tracking,in,158605589772224,1,/perception/lidar/detection_filter,0,0,1783062288638818952,0,0,0,1564121,1564295
202607031503,e2e_trace_v3,14158,72301518115572519,0,perception.lidar_tracking,out,158605590179168,1,/perception/inner/PrefusedObjects,0,0,1783062288638818952,0,0,0,1564121,1564295
202607031503,e2e_trace_v3,14173,72301518115572520,0,perception.lidar_tracking,in,158605689981408,1,/perception/lidar/detection_filter,0,0,1783062288739544131,0,0,0,1564121,1564306
202607031503,e2e_trace_v3,14174,72301518115572520,0,perception.lidar_tracking,out,158605690423808,1,/perception/inner/PrefusedObjects,0,0,1783062288739544131,0,0,0,1564121,1564306
202607031503,e2e_trace_v3,14190,72301518115572521,0,perception.lidar_tracking,in,158605788933280,1,/perception/lidar/detection_filter,0,0,1783062288839506720,0,0,0,1564121,1564307
202607031503,e2e_trace_v3,14191,72301518115572521,0,perception.lidar_tracking,out,158605789259872,1,/perception/inner/PrefusedObjects,0,0,1783062288839506720,0,0,0,1564121,1564307
202607031503,e2e_trace_v3,14207,72301518115572522,0,perception.lidar_tracking,in,158605887996032,1,/perception/lidar/detection_filter,0,0,1783062288939536774,0,0,0,1564121,1564305
202607031503,e2e_trace_v3,14208,72301518115572522,0,perception.lidar_tracking,out,158605888321248,1,/perception/inner/PrefusedObjects,0,0,1783062288939536774,0,0,0,1564121,1564305
202607031503,e2e_trace_v3,14224,72301518115572523,0,perception.lidar_tracking,in,158605987549664,1,/perception/lidar/detection_filter,0,0,1783062289038817144,0,0,0,1564121,1564309
202607031503,e2e_trace_v3,14225,72301518115572523,0,perception.lidar_tracking,out,158605987984928,1,/perception/inner/PrefusedObjects,0,0,1783062289038817144,0,0,0,1564121,1564309
202607031503,e2e_trace_v3,14241,72301518115572524,0,perception.lidar_tracking,in,158606084605440,1,/perception/lidar/detection_filter,0,0,1783062289139187586,0,0,0,1564121,1564309
202607031503,e2e_trace_v3,14242,72301518115572524,0,perception.lidar_tracking,out,158606085031648,1,/perception/inner/PrefusedObjects,0,0,1783062289139187586,0,0,0,1564121,1564309
202607031503,e2e_trace_v3,14257,72301518115572525,0,perception.lidar_tracking,in,158606186758336,1,/perception/lidar/detection_filter,0,0,1783062289239186996,0,0,0,1564121,1564295
202607031503,e2e_trace_v3,14258,72301518115572525,0,perception.lidar_tracking,out,158606187052576,1,/perception/inner/PrefusedObjects,0,0,1783062289239186996,0,0,0,1564121,1564295
202607031503,e2e_trace_v3,14275,72301518115572526,0,perception.lidar_tracking,in,158606281557216,1,/perception/lidar/detection_filter,0,0,1783062289339460257,0,0,0,1564121,1564300
202607031503,e2e_trace_v3,14276,72301518115572526,0,perception.lidar_tracking,out,158606281898592,1,/perception/inner/PrefusedObjects,0,0,1783062289339460257,0,0,0,1564121,1564300
202607031503,e2e_trace_v3,14292,72301518115572527,0,perception.lidar_tracking,in,158606381577056,1,/perception/lidar/detection_filter,0,0,1783062289438768766,0,0,0,1564121,1564304
202607031503,e2e_trace_v3,14293,72301518115572527,0,perception.lidar_tracking,out,158606381889152,1,/perception/inner/PrefusedObjects,0,0,1783062289438768766,0,0,0,1564121,1564304
202607031503,e2e_trace_v3,14309,72301518115572528,0,perception.lidar_tracking,in,158606482423648,1,/perception/lidar/detection_filter,0,0,1783062289539088798,0,0,0,1564121,1564296
202607031503,e2e_trace_v3,14310,72301518115572528,0,perception.lidar_tracking,out,158606482752448,1,/perception/inner/PrefusedObjects,0,0,1783062289539088798,0,0,0,1564121,1564296
202607031503,e2e_trace_v3,14327,72301518115572529,0,perception.lidar_tracking,in,158606593552608,1,/perception/lidar/detection_filter,0,0,1783062289649151954,0,0,0,1564121,1564298
202607031503,e2e_trace_v3,14328,72301518115572529,0,perception.lidar_tracking,out,158606593900704,1,/perception/inner/PrefusedObjects,0,0,1783062289649151954,0,0,0,1564121,1564298
202607031503,e2e_trace_v3,14344,72301518115572530,0,perception.lidar_tracking,in,158606693350816,1,/perception/lidar/detection_filter,0,0,1783062289738090731,0,0,0,1564121,1564297
202607031503,e2e_trace_v3,14345,72301518115572530,0,perception.lidar_tracking,out,158606693670304,1,/perception/inner/PrefusedObjects,0,0,1783062289738090731,0,0,0,1564121,1564297
202607031503,e2e_trace_v3,14360,72301518115572531,0,perception.lidar_tracking,in,158606784475296,1,/perception/lidar/detection_filter,0,0,1783062289838860673,0,0,0,1564121,1564307
202607031503,e2e_trace_v3,14361,72301518115572531,0,perception.lidar_tracking,out,158606784821952,1,/perception/inner/PrefusedObjects,0,0,1783062289838860673,0,0,0,1564121,1564307
202607031503,e2e_trace_v3,14378,72301518115572532,0,perception.lidar_tracking,in,158606889328672,1,/perception/lidar/detection_filter,0,0,1783062289939939000,0,0,0,1564121,1564296
202607031503,e2e_trace_v3,14379,72301518115572532,0,perception.lidar_tracking,out,158606889721728,1,/perception/inner/PrefusedObjects,0,0,1783062289939939000,0,0,0,1564121,1564296
202607031503,e2e_trace_v3,14395,72301518115572533,0,perception.lidar_tracking,in,158606998433024,1,/perception/lidar/detection_filter,0,0,1783062290039348225,0,0,0,1564121,1564302
202607031503,e2e_trace_v3,14396,72301518115572533,0,perception.lidar_tracking,out,158606998846112,1,/perception/inner/PrefusedObjects,0,0,1783062290039348225,0,0,0,1564121,1564302
202607031503,e2e_trace_v3,14411,72301518115572534,0,perception.lidar_tracking,in,158607088221472,1,/perception/lidar/detection_filter,0,0,1783062290138754341,0,0,0,1564121,1564308
202607031503,e2e_trace_v3,14413,72301518115572534,0,perception.lidar_tracking,out,158607088612576,1,/perception/inner/PrefusedObjects,0,0,1783062290138754341,0,0,0,1564121,1564308
202607031503,e2e_trace_v3,14429,72301518115572535,0,perception.lidar_tracking,in,158607191798560,1,/perception/lidar/detection_filter,0,0,1783062290238507472,0,0,0,1564121,1564296
202607031503,e2e_trace_v3,14430,72301518115572535,0,perception.lidar_tracking,out,158607192111072,1,/perception/inner/PrefusedObjects,0,0,1783062290238507472,0,0,0,1564121,1564296
202607031503,e2e_trace_v3,14446,72301518115572536,0,perception.lidar_tracking,in,158607293218048,1,/perception/lidar/detection_filter,0,0,1783062290339281940,0,0,0,1564121,1564297
202607031503,e2e_trace_v3,14447,72301518115572536,0,perception.lidar_tracking,out,158607293545024,1,/perception/inner/PrefusedObjects,0,0,1783062290339281940,0,0,0,1564121,1564297
202607031503,e2e_trace_v3,14462,72301518115572537,0,perception.lidar_tracking,in,158607386504192,1,/perception/lidar/detection_filter,0,0,1783062290439333002,0,0,0,1564121,1564305
202607031503,e2e_trace_v3,14463,72301518115572537,0,perception.lidar_tracking,out,158607386866304,1,/perception/inner/PrefusedObjects,0,0,1783062290439333002,0,0,0,1564121,1564305
202607031503,e2e_trace_v3,14481,72301518115572538,0,perception.lidar_tracking,in,158607503286784,1,/perception/lidar/detection_filter,0,0,1783062290538861748,0,0,0,1564121,1564296
202607031503,e2e_trace_v3,14482,72301518115572538,0,perception.lidar_tracking,out,158607503589760,1,/perception/inner/PrefusedObjects,0,0,1783062290538861748,0,0,0,1564121,1564296
202607031503,e2e_trace_v3,14499,72301518115572539,0,perception.lidar_tracking,in,158607606250912,1,/perception/lidar/detection_filter,0,0,1783062290639511551,0,0,0,1564121,1564299
202607031503,e2e_trace_v3,14500,72301518115572539,0,perception.lidar_tracking,out,158607606579776,1,/perception/inner/PrefusedObjects,0,0,1783062290639511551,0,0,0,1564121,1564299
202607031503,e2e_trace_v3,14514,72301518115572540,0,perception.lidar_tracking,in,158607693122368,1,/perception/lidar/detection_filter,0,0,1783062290738924107,0,0,0,1564121,1564299
202607031503,e2e_trace_v3,14515,72301518115572540,0,perception.lidar_tracking,out,158607693454208,1,/perception/inner/PrefusedObjects,0,0,1783062290738924107,0,0,0,1564121,1564299
202607031503,e2e_trace_v3,14530,72301518115572541,0,perception.lidar_tracking,in,158607786650336,1,/perception/lidar/detection_filter,0,0,1783062290839457434,0,0,0,1564121,1564299
202607031503,e2e_trace_v3,14531,72301518115572541,0,perception.lidar_tracking,out,158607786995264,1,/perception/inner/PrefusedObjects,0,0,1783062290839457434,0,0,0,1564121,1564299
202607031503,e2e_trace_v3,14547,72301518115572542,0,perception.lidar_tracking,in,158607886774688,1,/perception/lidar/detection_filter,0,0,1783062290939586286,0,0,0,1564121,1564309
202607031503,e2e_trace_v3,14549,72301518115572542,0,perception.lidar_tracking,out,158607887193152,1,/perception/inner/PrefusedObjects,0,0,1783062290939586286,0,0,0,1564121,1564309
202607031503,e2e_trace_v3,14565,72301518115572543,0,perception.lidar_tracking,in,158607990098080,1,/perception/lidar/detection_filter,0,0,1783062291040394751,0,0,0,1564121,1564297
202607031503,e2e_trace_v3,14566,72301518115572543,0,perception.lidar_tracking,out,158607990471872,1,/perception/inner/PrefusedObjects,0,0,1783062291040394751,0,0,0,1564121,1564297
202607031503,e2e_trace_v3,14581,72301518115572544,0,perception.lidar_tracking,in,158608084897088,1,/perception/lidar/detection_filter,0,0,1783062291139261824,0,0,0,1564121,1564299
202607031503,e2e_trace_v3,14582,72301518115572544,0,perception.lidar_tracking,out,158608085535808,1,/perception/inner/PrefusedObjects,0,0,1783062291139261824,0,0,0,1564121,1564299
202607031503,e2e_trace_v3,14599,72301518115572545,0,perception.lidar_tracking,in,158608192640928,1,/perception/lidar/detection_filter,0,0,1783062291239906407,0,0,0,1564121,1564296
202607031503,e2e_trace_v3,14600,72301518115572545,0,perception.lidar_tracking,out,158608193210240,1,/perception/inner/PrefusedObjects,0,0,1783062291239906407,0,0,0,1564121,1564296
202607031503,e2e_trace_v3,14616,72301518115572546,0,perception.lidar_tracking,in,158608294252608,1,/perception/lidar/detection_filter,0,0,1783062291340145514,0,0,0,1564121,1564303
202607031503,e2e_trace_v3,14617,72301518115572546,0,perception.lidar_tracking,out,158608294678112,1,/perception/inner/PrefusedObjects,0,0,1783062291340145514,0,0,0,1564121,1564303
202607031503,e2e_trace_v3,14632,72301518115572547,0,perception.lidar_tracking,in,158608381524160,1,/perception/lidar/detection_filter,0,0,1783062291439187567,0,0,0,1564121,1564303
202607031503,e2e_trace_v3,14633,72301518115572547,0,perception.lidar_tracking,out,158608382181728,1,/perception/inner/PrefusedObjects,0,0,1783062291439187567,0,0,0,1564121,1564303
202607031503,e2e_trace_v3,14649,72301518115572548,0,perception.lidar_tracking,in,158608482231168,1,/perception/lidar/detection_filter,0,0,1783062291538673436,0,0,0,1564121,1564296
202607031503,e2e_trace_v3,14650,72301518115572548,0,perception.lidar_tracking,out,158608482787968,1,/perception/inner/PrefusedObjects,0,0,1783062291538673436,0,0,0,1564121,1564296
202607031503,e2e_trace_v3,14666,72301518115572549,0,perception.lidar_tracking,in,158608584261408,1,/perception/lidar/detection_filter,0,0,1783062291638803095,0,0,0,1564121,1564304
202607031503,e2e_trace_v3,14667,72301518115572549,0,perception.lidar_tracking,out,158608584768800,1,/perception/inner/PrefusedObjects,0,0,1783062291638803095,0,0,0,1564121,1564304
202607031503,e2e_trace_v3,14683,72301518115572550,0,perception.lidar_tracking,in,158608683433568,1,/perception/lidar/detection_filter,0,0,1783062291739451552,0,0,0,1564121,1564307
202607031503,e2e_trace_v3,14684,72301518115572550,0,perception.lidar_tracking,out,158608684517792,1,/perception/inner/PrefusedObjects,0,0,1783062291739451552,0,0,0,1564121,1564307
202607031503,e2e_trace_v3,14701,72301518115572551,0,perception.lidar_tracking,in,158608791794624,1,/perception/lidar/detection_filter,0,0,1783062291840106473,0,0,0,1564121,1564299
202607031503,e2e_trace_v3,14702,72301518115572551,0,perception.lidar_tracking,out,158608792499584,1,/perception/inner/PrefusedObjects,0,0,1783062291840106473,0,0,0,1564121,1564299
202607031503,e2e_trace_v3,14717,72301518115572552,0,perception.lidar_tracking,in,158608888380768,1,/perception/lidar/detection_filter,0,0,1783062291940997457,0,0,0,1564121,1564299
202607031503,e2e_trace_v3,14718,72301518115572552,0,perception.lidar_tracking,out,158608888845856,1,/perception/inner/PrefusedObjects,0,0,1783062291940997457,0,0,0,1564121,1564299
202607031503,e2e_trace_v3,14734,72301518115572553,0,perception.lidar_tracking,in,158608983586080,1,/perception/lidar/detection_filter,0,0,1783062292040998220,0,0,0,1564121,1564305
202607031503,e2e_trace_v3,14735,72301518115572553,0,perception.lidar_tracking,out,158608984204416,1,/perception/inner/PrefusedObjects,0,0,1783062292040998220,0,0,0,1564121,1564305
202607031503,e2e_trace_v3,14751,72301518115572554,0,perception.lidar_tracking,in,158609084698304,1,/perception/lidar/detection_filter,0,0,1783062292139982650,0,0,0,1564121,1564302
202607031503,e2e_trace_v3,14752,72301518115572554,0,perception.lidar_tracking,out,158609085149792,1,/perception/inner/PrefusedObjects,0,0,1783062292139982650,0,0,0,1564121,1564302
202607031503,e2e_trace_v3,14768,72301518115572555,0,perception.lidar_tracking,in,158609185386720,1,/perception/lidar/detection_filter,0,0,1783062292238668134,0,0,0,1564121,1564307
202607031503,e2e_trace_v3,14769,72301518115572555,0,perception.lidar_tracking,out,158609185767616,1,/perception/inner/PrefusedObjects,0,0,1783062292238668134,0,0,0,1564121,1564307
202607031503,e2e_trace_v3,14784,72301518115572556,0,perception.lidar_tracking,in,158609285530816,1,/perception/lidar/detection_filter,0,0,1783062292338724806,0,0,0,1564121,1564307
202607031503,e2e_trace_v3,14786,72301518115572556,0,perception.lidar_tracking,out,158609286156256,1,/perception/inner/PrefusedObjects,0,0,1783062292338724806,0,0,0,1564121,1564307
202607031503,e2e_trace_v3,14802,72301518115572557,0,perception.lidar_tracking,in,158609387131840,1,/perception/lidar/detection_filter,0,0,1783062292439568219,0,0,0,1564121,1564308
202607031503,e2e_trace_v3,14803,72301518115572557,0,perception.lidar_tracking,out,158609387547904,1,/perception/inner/PrefusedObjects,0,0,1783062292439568219,0,0,0,1564121,1564308
202607031503,e2e_trace_v3,14829,72301518115572558,0,perception.lidar_tracking,in,158609518556896,1,/perception/lidar/detection_filter,0,0,1783062292540828118,0,0,0,1564121,1564295
202607031503,e2e_trace_v3,14830,72301518115572558,0,perception.lidar_tracking,out,158609519030080,1,/perception/inner/PrefusedObjects,0,0,1783062292540828118,0,0,0,1564121,1564295
202607031503,e2e_trace_v3,14836,72301518115572559,0,perception.lidar_tracking,in,158609587918336,1,/perception/lidar/detection_filter,0,0,1783062292640006226,0,0,0,1564121,1564303
202607031503,e2e_trace_v3,14838,72301518115572559,0,perception.lidar_tracking,out,158609588765440,1,/perception/inner/PrefusedObjects,0,0,1783062292640006226,0,0,0,1564121,1564303
202607031503,e2e_trace_v3,14853,72301518115572560,0,perception.lidar_tracking,in,158609686940576,1,/perception/lidar/detection_filter,0,0,1783062292739426174,0,0,0,1564121,1564308
202607031503,e2e_trace_v3,14854,72301518115572560,0,perception.lidar_tracking,out,158609687322880,1,/perception/inner/PrefusedObjects,0,0,1783062292739426174,0,0,0,1564121,1564308
202607031503,e2e_trace_v3,14870,72301518115572561,0,perception.lidar_tracking,in,158609790779456,1,/perception/lidar/detection_filter,0,0,1783062292839989900,0,0,0,1564121,1564302
202607031503,e2e_trace_v3,14871,72301518115572561,0,perception.lidar_tracking,out,158609791318880,1,/perception/inner/PrefusedObjects,0,0,1783062292839989900,0,0,0,1564121,1564302
202607031503,e2e_trace_v3,14886,72301518115572562,0,perception.lidar_tracking,in,158609887437152,1,/perception/lidar/detection_filter,0,0,1783062292941176931,0,0,0,1564121,1564302
202607031503,e2e_trace_v3,14888,72301518115572562,0,perception.lidar_tracking,out,158609887854272,1,/perception/inner/PrefusedObjects,0,0,1783062292941176931,0,0,0,1564121,1564302
202607031503,e2e_trace_v3,14905,72301518115572563,0,perception.lidar_tracking,in,158609998582720,1,/perception/lidar/detection_filter,0,0,1783062293040381397,0,0,0,1564121,1564296
202607031503,e2e_trace_v3,14906,72301518115572563,0,perception.lidar_tracking,out,158609998962592,1,/perception/inner/PrefusedObjects,0,0,1783062293040381397,0,0,0,1564121,1564296
202607031503,e2e_trace_v3,14921,72301518115572564,0,perception.lidar_tracking,in,158610087333024,1,/perception/lidar/detection_filter,0,0,1783062293140395790,0,0,0,1564121,1564305
202607031503,e2e_trace_v3,14922,72301518115572564,0,perception.lidar_tracking,out,158610087765440,1,/perception/inner/PrefusedObjects,0,0,1783062293140395790,0,0,0,1564121,1564305
202607031503,e2e_trace_v3,14938,72301518115572565,0,perception.lidar_tracking,in,158610190193152,1,/perception/lidar/detection_filter,0,0,1783062293239621773,0,0,0,1564121,1564306
202607031503,e2e_trace_v3,14939,72301518115572565,0,perception.lidar_tracking,out,158610190745216,1,/perception/inner/PrefusedObjects,0,0,1783062293239621773,0,0,0,1564121,1564306
202607031503,e2e_trace_v3,14955,72301518115572566,0,perception.lidar_tracking,in,158610291164864,1,/perception/lidar/detection_filter,0,0,1783062293340304651,0,0,0,1564121,1564295
202607031503,e2e_trace_v3,14956,72301518115572566,0,perception.lidar_tracking,out,158610291545888,1,/perception/inner/PrefusedObjects,0,0,1783062293340304651,0,0,0,1564121,1564295
202607031503,e2e_trace_v3,14971,72301518115572567,0,perception.lidar_tracking,in,158610388336256,1,/perception/lidar/detection_filter,0,0,1783062293441397916,0,0,0,1564121,1564295
202607031503,e2e_trace_v3,14974,72301518115572567,0,perception.lidar_tracking,out,158610388927872,1,/perception/inner/PrefusedObjects,0,0,1783062293441397916,0,0,0,1564121,1564295
202607031503,e2e_trace_v3,14992,72301518115572568,0,perception.lidar_tracking,in,158610505921600,1,/perception/lidar/detection_filter,0,0,1783062293540345693,0,0,0,1564121,1564307
202607031503,e2e_trace_v3,14993,72301518115572568,0,perception.lidar_tracking,out,158610506305664,1,/perception/inner/PrefusedObjects,0,0,1783062293540345693,0,0,0,1564121,1564307
202607031503,e2e_trace_v3,15007,72301518115572569,0,perception.lidar_tracking,in,158610591859040,1,/perception/lidar/detection_filter,0,0,1783062293640747550,0,0,0,1564121,1564301
202607031503,e2e_trace_v3,15008,72301518115572569,0,perception.lidar_tracking,out,158610592254176,1,/perception/inner/PrefusedObjects,0,0,1783062293640747550,0,0,0,1564121,1564301
202607031503,e2e_trace_v3,15023,72301518115572570,0,perception.lidar_tracking,in,158610680735680,1,/perception/lidar/detection_filter,0,0,1783062293740110949,0,0,0,1564121,1564299
202607031503,e2e_trace_v3,15024,72301518115572570,0,perception.lidar_tracking,out,158610681139040,1,/perception/inner/PrefusedObjects,0,0,1783062293740110949,0,0,0,1564121,1564299
202607031503,e2e_trace_v3,15040,72301518115572571,0,perception.lidar_tracking,in,158610781840064,1,/perception/lidar/detection_filter,0,0,1783062293840201260,0,0,0,1564121,1564294
202607031503,e2e_trace_v3,15041,72301518115572571,0,perception.lidar_tracking,out,158610782307872,1,/perception/inner/PrefusedObjects,0,0,1783062293840201260,0,0,0,1564121,1564294
202607031503,e2e_trace_v3,15057,72301518115572572,0,perception.lidar_tracking,in,158610882390656,1,/perception/lidar/detection_filter,0,0,1783062293940029415,0,0,0,1564121,1564298
202607031503,e2e_trace_v3,15058,72301518115572572,0,perception.lidar_tracking,out,158610882783008,1,/perception/inner/PrefusedObjects,0,0,1783062293940029415,0,0,0,1564121,1564298
202607031503,e2e_trace_v3,15074,72301518115572573,0,perception.lidar_tracking,in,158610988959264,1,/perception/lidar/detection_filter,0,0,1783062294039455994,0,0,0,1564121,1564300
202607031503,e2e_trace_v3,15075,72301518115572573,0,perception.lidar_tracking,out,158610989523360,1,/perception/inner/PrefusedObjects,0,0,1783062294039455994,0,0,0,1564121,1564300
202607031503,e2e_trace_v3,15091,72301518115572574,0,perception.lidar_tracking,in,158611087437472,1,/perception/lidar/detection_filter,0,0,1783062294140918167,0,0,0,1564121,1564300
202607031503,e2e_trace_v3,15092,72301518115572574,0,perception.lidar_tracking,out,158611087800896,1,/perception/inner/PrefusedObjects,0,0,1783062294140918167,0,0,0,1564121,1564300
202607031503,e2e_trace_v3,15109,72301518115572575,0,perception.lidar_tracking,in,158611190562912,1,/perception/lidar/detection_filter,0,0,1783062294240620285,0,0,0,1564121,1564309
202607031503,e2e_trace_v3,15110,72301518115572575,0,perception.lidar_tracking,out,158611190924288,1,/perception/inner/PrefusedObjects,0,0,1783062294240620285,0,0,0,1564121,1564309
202607031503,e2e_trace_v3,15125,72301518115572576,0,perception.lidar_tracking,in,158611287552544,1,/perception/lidar/detection_filter,0,0,1783062294339964355,0,0,0,1564121,1564298
202607031503,e2e_trace_v3,15126,72301518115572576,0,perception.lidar_tracking,out,158611287920704,1,/perception/inner/PrefusedObjects,0,0,1783062294339964355,0,0,0,1564121,1564298
202607031503,e2e_trace_v3,15142,72301518115572577,0,perception.lidar_tracking,in,158611388946624,1,/perception/lidar/detection_filter,0,0,1783062294440270865,0,0,0,1564121,1564305
202607031503,e2e_trace_v3,15145,72301518115572577,0,perception.lidar_tracking,out,158611389357920,1,/perception/inner/PrefusedObjects,0,0,1783062294440270865,0,0,0,1564121,1564305
202607031503,e2e_trace_v3,15159,72301518115572578,0,perception.lidar_tracking,in,158611483623232,1,/perception/lidar/detection_filter,0,0,1783062294538675036,0,0,0,1564121,1564305
202607031503,e2e_trace_v3,15160,72301518115572578,0,perception.lidar_tracking,out,158611484009536,1,/perception/inner/PrefusedObjects,0,0,1783062294538675036,0,0,0,1564121,1564305
202607031503,e2e_trace_v3,15176,72301518115572579,0,perception.lidar_tracking,in,158611583934656,1,/perception/lidar/detection_filter,0,0,1783062294640316433,0,0,0,1564121,1564297
202607031503,e2e_trace_v3,15177,72301518115572579,0,perception.lidar_tracking,out,158611584384992,1,/perception/inner/PrefusedObjects,0,0,1783062294640316433,0,0,0,1564121,1564297
202607031503,e2e_trace_v3,15193,72301518115572580,0,perception.lidar_tracking,in,158611682711328,1,/perception/lidar/detection_filter,0,0,1783062294740048593,0,0,0,1564121,1564304
202607031503,e2e_trace_v3,15194,72301518115572580,0,perception.lidar_tracking,out,158611683120480,1,/perception/inner/PrefusedObjects,0,0,1783062294740048593,0,0,0,1564121,1564304
202607031503,e2e_trace_v3,15210,72301518115572581,0,perception.lidar_tracking,in,158611785461120,1,/perception/lidar/detection_filter,0,0,1783062294840275091,0,0,0,1564121,1564307
202607031503,e2e_trace_v3,15211,72301518115572581,0,perception.lidar_tracking,out,158611785855584,1,/perception/inner/PrefusedObjects,0,0,1783062294840275091,0,0,0,1564121,1564307
202607031503,e2e_trace_v3,15227,72301518115572582,0,perception.lidar_tracking,in,158611887625696,1,/perception/lidar/detection_filter,0,0,1783062294940199165,0,0,0,1564121,1564298
202607031503,e2e_trace_v3,15228,72301518115572582,0,perception.lidar_tracking,out,158611888031936,1,/perception/inner/PrefusedObjects,0,0,1783062294940199165,0,0,0,1564121,1564298
202607031503,e2e_trace_v3,15245,72301518115572583,0,perception.lidar_tracking,in,158611997938496,1,/perception/lidar/detection_filter,0,0,1783062295040790407,0,0,0,1564121,1564301
202607031503,e2e_trace_v3,15246,72301518115572583,0,perception.lidar_tracking,out,158611998312800,1,/perception/inner/PrefusedObjects,0,0,1783062295040790407,0,0,0,1564121,1564301
202607031503,e2e_trace_v3,15261,72301518115572584,0,perception.lidar_tracking,in,158612089062528,1,/perception/lidar/detection_filter,0,0,1783062295140646551,0,0,0,1564121,1564297
202607031503,e2e_trace_v3,15262,72301518115572584,0,perception.lidar_tracking,out,158612089478048,1,/perception/inner/PrefusedObjects,0,0,1783062295140646551,0,0,0,1564121,1564297
202607031503,e2e_trace_v3,15278,72301518115572585,0,perception.lidar_tracking,in,158612186719712,1,/perception/lidar/detection_filter,0,0,1783062295240617684,0,0,0,1564121,1564306
202607031503,e2e_trace_v3,15279,72301518115572585,0,perception.lidar_tracking,out,158612187131616,1,/perception/inner/PrefusedObjects,0,0,1783062295240617684,0,0,0,1564121,1564306
202607031503,e2e_trace_v3,15295,72301518115572586,0,perception.lidar_tracking,in,158612287089664,1,/perception/lidar/detection_filter,0,0,1783062295339847640,0,0,0,1564121,1564295
202607031503,e2e_trace_v3,15296,72301518115572586,0,perception.lidar_tracking,out,158612287519584,1,/perception/inner/PrefusedObjects,0,0,1783062295339847640,0,0,0,1564121,1564295
202607031503,e2e_trace_v3,15312,72301518115572587,0,perception.lidar_tracking,in,158612390121344,1,/perception/lidar/detection_filter,0,0,1783062295439763397,0,0,0,1564121,1564303
202607031503,e2e_trace_v3,15314,72301518115572587,0,perception.lidar_tracking,out,158612390588480,1,/perception/inner/PrefusedObjects,0,0,1783062295439763397,0,0,0,1564121,1564303
202607031503,e2e_trace_v3,15329,72301518115572588,0,perception.lidar_tracking,in,158612488535840,1,/perception/lidar/detection_filter,0,0,1783062295540516988,0,0,0,1564121,1564298
202607031503,e2e_trace_v3,15330,72301518115572588,0,perception.lidar_tracking,out,158612488950688,1,/perception/inner/PrefusedObjects,0,0,1783062295540516988,0,0,0,1564121,1564298
202607031503,e2e_trace_v3,15346,72301518115572589,0,perception.lidar_tracking,in,158612589756384,1,/perception/lidar/detection_filter,0,0,1783062295640591542,0,0,0,1564121,1564299
202607031503,e2e_trace_v3,15347,72301518115572589,0,perception.lidar_tracking,out,158612590186976,1,/perception/inner/PrefusedObjects,0,0,1783062295640591542,0,0,0,1564121,1564299
202607031503,e2e_trace_v3,15363,72301518115572590,0,perception.lidar_tracking,in,158612690754720,1,/perception/lidar/detection_filter,0,0,1783062295740981444,0,0,0,1564121,1564308
202607031503,e2e_trace_v3,15365,72301518115572590,0,perception.lidar_tracking,out,158612691185088,1,/perception/inner/PrefusedObjects,0,0,1783062295740981444,0,0,0,1564121,1564308
202607031503,e2e_trace_v3,15380,72301518115572591,0,perception.lidar_tracking,in,158612788047616,1,/perception/lidar/detection_filter,0,0,1783062295840271350,0,0,0,1564121,1564308
202607031503,e2e_trace_v3,15381,72301518115572591,0,perception.lidar_tracking,out,158612788470336,1,/perception/inner/PrefusedObjects,0,0,1783062295840271350,0,0,0,1564121,1564308
202607031503,e2e_trace_v3,15398,72301518115572592,0,perception.lidar_tracking,in,158612895615936,1,/perception/lidar/detection_filter,0,0,1783062295940836319,0,0,0,1564121,1564295
202607031503,e2e_trace_v3,15399,72301518115572592,0,perception.lidar_tracking,out,158612896070912,1,/perception/inner/PrefusedObjects,0,0,1783062295940836319,0,0,0,1564121,1564295
202607031503,e2e_trace_v3,15414,72301518115572593,0,perception.lidar_tracking,in,158612989552448,1,/perception/lidar/detection_filter,0,0,1783062296039963433,0,0,0,1564121,1564294
202607031503,e2e_trace_v3,15415,72301518115572593,0,perception.lidar_tracking,out,158612989942560,1,/perception/inner/PrefusedObjects,0,0,1783062296039963433,0,0,0,1564121,1564294
202607031503,e2e_trace_v3,15431,72301518115572594,0,perception.lidar_tracking,in,158613087100320,1,/perception/lidar/detection_filter,0,0,1783062296140157875,0,0,0,1564121,1564294
202607031503,e2e_trace_v3,15432,72301518115572594,0,perception.lidar_tracking,out,158613087590336,1,/perception/inner/PrefusedObjects,0,0,1783062296140157875,0,0,0,1564121,1564294
202607031503,e2e_trace_v3,15448,72301518115572595,0,perception.lidar_tracking,in,158613188403744,1,/perception/lidar/detection_filter,0,0,1783062296240714411,0,0,0,1564121,1564299
202607031503,e2e_trace_v3,15449,72301518115572595,0,perception.lidar_tracking,out,158613188804896,1,/perception/inner/PrefusedObjects,0,0,1783062296240714411,0,0,0,1564121,1564299
202607031503,e2e_trace_v3,15466,72301518115572596,0,perception.lidar_tracking,in,158613298130784,1,/perception/lidar/detection_filter,0,0,1783062296344587923,0,0,0,1564121,1564296
202607031503,e2e_trace_v3,15467,72301518115572596,0,perception.lidar_tracking,out,158613298542592,1,/perception/inner/PrefusedObjects,0,0,1783062296344587923,0,0,0,1564121,1564296
202607031503,e2e_trace_v3,15482,72301518115572597,0,perception.lidar_tracking,in,158613388330592,1,/perception/lidar/detection_filter,0,0,1783062296440400638,0,0,0,1564121,1564309
202607031503,e2e_trace_v3,15483,72301518115572597,0,perception.lidar_tracking,out,158613388825184,1,/perception/inner/PrefusedObjects,0,0,1783062296440400638,0,0,0,1564121,1564309
202607031503,e2e_trace_v3,15500,72301518115572598,0,perception.lidar_tracking,in,158613493505696,1,/perception/lidar/detection_filter,0,0,1783062296539993854,0,0,0,1564121,1564297
202607031503,e2e_trace_v3,15501,72301518115572598,0,perception.lidar_tracking,out,158613493906208,1,/perception/inner/PrefusedObjects,0,0,1783062296539993854,0,0,0,1564121,1564297
202607031503,e2e_trace_v3,15516,72301518115572599,0,perception.lidar_tracking,in,158613584411584,1,/perception/lidar/detection_filter,0,0,1783062296640310732,0,0,0,1564121,1564302
202607031503,e2e_trace_v3,15517,72301518115572599,0,perception.lidar_tracking,out,158613584890592,1,/perception/inner/PrefusedObjects,0,0,1783062296640310732,0,0,0,1564121,1564302
202607031503,e2e_trace_v3,15536,72301518115572600,0,perception.lidar_tracking,in,158613703201184,1,/perception/lidar/detection_filter,0,0,1783062296740036048,0,0,0,1564121,1564300
202607031503,e2e_trace_v3,15537,72301518115572600,0,perception.lidar_tracking,out,158613703636704,1,/perception/inner/PrefusedObjects,0,0,1783062296740036048,0,0,0,1564121,1564300
202607031503,e2e_trace_v3,15551,72301518115572601,0,perception.lidar_tracking,in,158613796626400,1,/perception/lidar/detection_filter,0,0,1783062296839695336,0,0,0,1564121,1564294
202607031503,e2e_trace_v3,15552,72301518115572601,0,perception.lidar_tracking,out,158613797024928,1,/perception/inner/PrefusedObjects,0,0,1783062296839695336,0,0,0,1564121,1564294
202607031503,e2e_trace_v3,15567,72301518115572602,0,perception.lidar_tracking,in,158613881683776,1,/perception/lidar/detection_filter,0,0,1783062296938922865,0,0,0,1564121,1564294
202607031503,e2e_trace_v3,15568,72301518115572602,0,perception.lidar_tracking,out,158613882101120,1,/perception/inner/PrefusedObjects,0,0,1783062296938922865,0,0,0,1564121,1564294
202607031503,e2e_trace_v3,15584,72301518115572603,0,perception.lidar_tracking,in,158613984473824,1,/perception/lidar/detection_filter,0,0,1783062297039399323,0,0,0,1564121,1564301
202607031503,e2e_trace_v3,15585,72301518115572603,0,perception.lidar_tracking,out,158613984995392,1,/perception/inner/PrefusedObjects,0,0,1783062297039399323,0,0,0,1564121,1564301
202607031503,e2e_trace_v3,15601,72301518115572604,0,perception.lidar_tracking,in,158614087524896,1,/perception/lidar/detection_filter,0,0,1783062297140623594,0,0,0,1564121,1564308
202607031503,e2e_trace_v3,15602,72301518115572604,0,perception.lidar_tracking,out,158614088052416,1,/perception/inner/PrefusedObjects,0,0,1783062297140623594,0,0,0,1564121,1564308
202607031503,e2e_trace_v3,15617,72301518115572605,0,perception.lidar_tracking,in,158614188380096,1,/perception/lidar/detection_filter,0,0,1783062297239796922,0,0,0,1564121,1564300
202607031503,e2e_trace_v3,15619,72301518115572605,0,perception.lidar_tracking,out,158614188784672,1,/perception/inner/PrefusedObjects,0,0,1783062297239796922,0,0,0,1564121,1564300
202607031503,e2e_trace_v3,15635,72301518115572606,0,perception.lidar_tracking,in,158614285957792,1,/perception/lidar/detection_filter,0,0,1783062297339505804,0,0,0,1564121,1564300
202607031503,e2e_trace_v3,15636,72301518115572606,0,perception.lidar_tracking,out,158614286369504,1,/perception/inner/PrefusedObjects,0,0,1783062297339505804,0,0,0,1564121,1564300
202607031503,e2e_trace_v3,15652,72301518115572607,0,perception.lidar_tracking,in,158614387813696,1,/perception/lidar/detection_filter,0,0,1783062297440331428,0,0,0,1564121,1564301
202607031503,e2e_trace_v3,15653,72301518115572607,0,perception.lidar_tracking,out,158614388273120,1,/perception/inner/PrefusedObjects,0,0,1783062297440331428,0,0,0,1564121,1564301
202607031503,e2e_trace_v3,15669,72301518115572608,0,perception.lidar_tracking,in,158614489809792,1,/perception/lidar/detection_filter,0,0,1783062297540411408,0,0,0,1564121,1564304
202607031503,e2e_trace_v3,15671,72301518115572608,0,perception.lidar_tracking,out,158614490246144,1,/perception/inner/PrefusedObjects,0,0,1783062297540411408,0,0,0,1564121,1564304
202607031503,e2e_trace_v3,15686,72301518115572609,0,perception.lidar_tracking,in,158614586112864,1,/perception/lidar/detection_filter,0,0,1783062297639201890,0,0,0,1564121,1564295
202607031503,e2e_trace_v3,15687,72301518115572609,0,perception.lidar_tracking,out,158614586495712,1,/perception/inner/PrefusedObjects,0,0,1783062297639201890,0,0,0,1564121,1564295
202607031503,e2e_trace_v3,15703,72301518115572610,0,perception.lidar_tracking,in,158614686634400,1,/perception/lidar/detection_filter,0,0,1783062297738965848,0,0,0,1564121,1564308
202607031503,e2e_trace_v3,15704,72301518115572610,0,perception.lidar_tracking,out,158614687159360,1,/perception/inner/PrefusedObjects,0,0,1783062297738965848,0,0,0,1564121,1564308
202607031503,e2e_trace_v3,15720,72301518115572611,0,perception.lidar_tracking,in,158614787010016,1,/perception/lidar/detection_filter,0,0,1783062297840477668,0,0,0,1564121,1564305
202607031503,e2e_trace_v3,15721,72301518115572611,0,perception.lidar_tracking,out,158614787536224,1,/perception/inner/PrefusedObjects,0,0,1783062297840477668,0,0,0,1564121,1564305
202607031503,e2e_trace_v3,15737,72301518115572612,0,perception.lidar_tracking,in,158614887013536,1,/perception/lidar/detection_filter,0,0,1783062297940523631,0,0,0,1564121,1564303
202607031503,e2e_trace_v3,15738,72301518115572612,0,perception.lidar_tracking,out,158614887548704,1,/perception/inner/PrefusedObjects,0,0,1783062297940523631,0,0,0,1564121,1564303
202607031503,e2e_trace_v3,15754,72301518115572613,0,perception.lidar_tracking,in,158614987993856,1,/perception/lidar/detection_filter,0,0,1783062298039615850,0,0,0,1564121,1564299
202607031503,e2e_trace_v3,15755,72301518115572613,0,perception.lidar_tracking,out,158614988631200,1,/perception/inner/PrefusedObjects,0,0,1783062298039615850,0,0,0,1564121,1564299
202607031503,e2e_trace_v3,15771,72301518115572614,0,perception.lidar_tracking,in,158615087158752,1,/perception/lidar/detection_filter,0,0,1783062298139374955,0,0,0,1564121,1564298
202607031503,e2e_trace_v3,15772,72301518115572614,0,perception.lidar_tracking,out,158615087510464,1,/perception/inner/PrefusedObjects,0,0,1783062298139374955,0,0,0,1564121,1564298
202607031503,e2e_trace_v3,15789,72301518115572615,0,perception.lidar_tracking,in,158615199123776,1,/perception/lidar/detection_filter,0,0,1783062298239901068,0,0,0,1564121,1564302
202607031503,e2e_trace_v3,15790,72301518115572615,0,perception.lidar_tracking,out,158615199503488,1,/perception/inner/PrefusedObjects,0,0,1783062298239901068,0,0,0,1564121,1564302
202607031503,e2e_trace_v3,15806,72301518115572616,0,perception.lidar_tracking,in,158615296559040,1,/perception/lidar/detection_filter,0,0,1783062298341863058,0,0,0,1564121,1564307
202607031503,e2e_trace_v3,15807,72301518115572616,0,perception.lidar_tracking,out,158615296904672,1,/perception/inner/PrefusedObjects,0,0,1783062298341863058,0,0,0,1564121,1564307
202607031503,e2e_trace_v3,15822,72301518115572617,0,perception.lidar_tracking,in,158615385939872,1,/perception/lidar/detection_filter,0,0,1783062298440490399,0,0,0,1564121,1564307
202607031503,e2e_trace_v3,15823,72301518115572617,0,perception.lidar_tracking,out,158615386281184,1,/perception/inner/PrefusedObjects,0,0,1783062298440490399,0,0,0,1564121,1564307
202607031503,e2e_trace_v3,15839,72301518115572618,0,perception.lidar_tracking,in,158615489895968,1,/perception/lidar/detection_filter,0,0,1783062298541405297,0,0,0,1564121,1564300
202607031503,e2e_trace_v3,15841,72301518115572618,0,perception.lidar_tracking,out,158615490330080,1,/perception/inner/PrefusedObjects,0,0,1783062298541405297,0,0,0,1564121,1564300
202607031503,e2e_trace_v3,15856,72301518115572619,0,perception.lidar_tracking,in,158615587853824,1,/perception/lidar/detection_filter,0,0,1783062298639470553,0,0,0,1564121,1564302
202607031503,e2e_trace_v3,15857,72301518115572619,0,perception.lidar_tracking,out,158615588169312,1,/perception/inner/PrefusedObjects,0,0,1783062298639470553,0,0,0,1564121,1564302
202607031503,e2e_trace_v3,15873,72301518115572620,0,perception.lidar_tracking,in,158615686808416,1,/perception/lidar/detection_filter,0,0,1783062298740065502,0,0,0,1564121,1564309
202607031503,e2e_trace_v3,15874,72301518115572620,0,perception.lidar_tracking,out,158615687333088,1,/perception/inner/PrefusedObjects,0,0,1783062298740065502,0,0,0,1564121,1564309
202607031503,e2e_trace_v3,15891,72301518115572621,0,perception.lidar_tracking,in,158615795891200,1,/perception/lidar/detection_filter,0,0,1783062298839700353,0,0,0,1564121,1564304
202607031503,e2e_trace_v3,15892,72301518115572621,0,perception.lidar_tracking,out,158615796278144,1,/perception/inner/PrefusedObjects,0,0,1783062298839700353,0,0,0,1564121,1564304
202607031503,e2e_trace_v3,15908,72301518115572622,0,perception.lidar_tracking,in,158615892141536,1,/perception/lidar/detection_filter,0,0,1783062298939757666,0,0,0,1564121,1564302
202607031503,e2e_trace_v3,15909,72301518115572622,0,perception.lidar_tracking,out,158615892545952,1,/perception/inner/PrefusedObjects,0,0,1783062298939757666,0,0,0,1564121,1564302
202607031503,e2e_trace_v3,15925,72301518115572623,0,perception.lidar_tracking,in,158615992674592,1,/perception/lidar/detection_filter,0,0,1783062299039915573,0,0,0,1564121,1564297
202607031503,e2e_trace_v3,15926,72301518115572623,0,perception.lidar_tracking,out,158615993159872,1,/perception/inner/PrefusedObjects,0,0,1783062299039915573,0,0,0,1564121,1564297
202607031503,e2e_trace_v3,15941,72301518115572624,0,perception.lidar_tracking,in,158616082254976,1,/perception/lidar/detection_filter,0,0,1783062299139977273,0,0,0,1564121,1564300
202607031503,e2e_trace_v3,15942,72301518115572624,0,perception.lidar_tracking,out,158616082591456,1,/perception/inner/PrefusedObjects,0,0,1783062299139977273,0,0,0,1564121,1564300
202607031503,e2e_trace_v3,15958,72301518115572625,0,perception.lidar_tracking,in,158616183890336,1,/perception/lidar/detection_filter,0,0,1783062299240365216,0,0,0,1564121,1564295
202607031503,e2e_trace_v3,15959,72301518115572625,0,perception.lidar_tracking,out,158616184224608,1,/perception/inner/PrefusedObjects,0,0,1783062299240365216,0,0,0,1564121,1564295
202607031503,e2e_trace_v3,15975,72301518115572626,0,perception.lidar_tracking,in,158616282281280,1,/perception/lidar/detection_filter,0,0,1783062299339704285,0,0,0,1564121,1564298
202607031503,e2e_trace_v3,15976,72301518115572626,0,perception.lidar_tracking,out,158616282677856,1,/perception/inner/PrefusedObjects,0,0,1783062299339704285,0,0,0,1564121,1564298
202607031503,e2e_trace_v3,15992,72301518115572627,0,perception.lidar_tracking,in,158616386461248,1,/perception/lidar/detection_filter,0,0,1783062299440945983,0,0,0,1564121,1564297
202607031503,e2e_trace_v3,15993,72301518115572627,0,perception.lidar_tracking,out,158616386795360,1,/perception/inner/PrefusedObjects,0,0,1783062299440945983,0,0,0,1564121,1564297
202607031503,e2e_trace_v3,16009,72301518115572628,0,perception.lidar_tracking,in,158616483453856,1,/perception/lidar/detection_filter,0,0,1783062299540063790,0,0,0,1564121,1564300
202607031503,e2e_trace_v3,16010,72301518115572628,0,perception.lidar_tracking,out,158616483915328,1,/perception/inner/PrefusedObjects,0,0,1783062299540063790,0,0,0,1564121,1564300
202607031503,e2e_trace_v3,16026,72301518115572629,0,perception.lidar_tracking,in,158616586530880,1,/perception/lidar/detection_filter,0,0,1783062299640069441,0,0,0,1564121,1564296
202607031503,e2e_trace_v3,16027,72301518115572629,0,perception.lidar_tracking,out,158616586996096,1,/perception/inner/PrefusedObjects,0,0,1783062299640069441,0,0,0,1564121,1564296
202607031503,e2e_trace_v3,16043,72301518115572630,0,perception.lidar_tracking,in,158616681070656,1,/perception/lidar/detection_filter,0,0,1783062299739177577,0,0,0,1564121,1564295
202607031503,e2e_trace_v3,16044,72301518115572630,0,perception.lidar_tracking,out,158616681569376,1,/perception/inner/PrefusedObjects,0,0,1783062299739177577,0,0,0,1564121,1564295
202607031503,e2e_trace_v3,16061,72301518115572631,0,perception.lidar_tracking,in,158616791643296,1,/perception/lidar/detection_filter,0,0,1783062299840111376,0,0,0,1564121,1564307
202607031503,e2e_trace_v3,16063,72301518115572631,0,perception.lidar_tracking,out,158616792731328,1,/perception/inner/PrefusedObjects,0,0,1783062299840111376,0,0,0,1564121,1564307
202607031503,e2e_trace_v3,16078,72301518115572632,0,perception.lidar_tracking,in,158616894924128,1,/perception/lidar/detection_filter,0,0,1783062299939894448,0,0,0,1564121,1564306
202607031503,e2e_trace_v3,16079,72301518115572632,0,perception.lidar_tracking,out,158616895387296,1,/perception/inner/PrefusedObjects,0,0,1783062299939894448,0,0,0,1564121,1564306
202607031503,e2e_trace_v3,16094,72301518115572633,0,perception.lidar_tracking,in,158616983716448,1,/perception/lidar/detection_filter,0,0,1783062300040399266,0,0,0,1564121,1564300
202607031503,e2e_trace_v3,16095,72301518115572633,0,perception.lidar_tracking,out,158616984127040,1,/perception/inner/PrefusedObjects,0,0,1783062300040399266,0,0,0,1564121,1564300
202607031503,e2e_trace_v3,16112,72301518115572634,0,perception.lidar_tracking,in,158617092384160,1,/perception/lidar/detection_filter,0,0,1783062300139732925,0,0,0,1564121,1564307
202607031503,e2e_trace_v3,16113,72301518115572634,0,perception.lidar_tracking,out,158617093085440,1,/perception/inner/PrefusedObjects,0,0,1783062300139732925,0,0,0,1564121,1564307
202607031503,e2e_trace_v3,16128,72301518115572635,0,perception.lidar_tracking,in,158617185955872,1,/perception/lidar/detection_filter,0,0,1783062300241584964,0,0,0,1564121,1564301
202607031503,e2e_trace_v3,16129,72301518115572635,0,perception.lidar_tracking,out,158617186358496,1,/perception/inner/PrefusedObjects,0,0,1783062300241584964,0,0,0,1564121,1564301
202607031503,e2e_trace_v3,16145,72301518115572636,0,perception.lidar_tracking,in,158617289171808,1,/perception/lidar/detection_filter,0,0,1783062300340394375,0,0,0,1564121,1564298
202607031503,e2e_trace_v3,16146,72301518115572636,0,perception.lidar_tracking,out,158617289579776,1,/perception/inner/PrefusedObjects,0,0,1783062300340394375,0,0,0,1564121,1564298
202607031503,e2e_trace_v3,16165,72301518115572637,0,perception.lidar_tracking,in,158617403119104,1,/perception/lidar/detection_filter,0,0,1783062300439015939,0,0,0,1564121,1564308
202607031503,e2e_trace_v3,16166,72301518115572637,0,perception.lidar_tracking,out,158617403512864,1,/perception/inner/PrefusedObjects,0,0,1783062300439015939,0,0,0,1564121,1564308
202607031503,e2e_trace_v3,16179,72301518115572638,0,perception.lidar_tracking,in,158617485230848,1,/perception/lidar/detection_filter,0,0,1783062300538665331,0,0,0,1564121,1564301
202607031503,e2e_trace_v3,16180,72301518115572638,0,perception.lidar_tracking,out,158617485596768,1,/perception/inner/PrefusedObjects,0,0,1783062300538665331,0,0,0,1564121,1564301
202607031503,e2e_trace_v3,16196,72301518115572639,0,perception.lidar_tracking,in,158617586951008,1,/perception/lidar/detection_filter,0,0,1783062300639156193,0,0,0,1564121,1564304
202607031503,e2e_trace_v3,16197,72301518115572639,0,perception.lidar_tracking,out,158617587312288,1,/perception/inner/PrefusedObjects,0,0,1783062300639156193,0,0,0,1564121,1564304
202607031503,e2e_trace_v3,16213,72301518115572640,0,perception.lidar_tracking,in,158617683507296,1,/perception/lidar/detection_filter,0,0,1783062300738624467,0,0,0,1564121,1564307
202607031503,e2e_trace_v3,16214,72301518115572640,0,perception.lidar_tracking,out,158617683864832,1,/perception/inner/PrefusedObjects,0,0,1783062300738624467,0,0,0,1564121,1564307
202607031503,e2e_trace_v3,16231,72301518115572641,0,perception.lidar_tracking,in,158617790001536,1,/perception/lidar/detection_filter,0,0,1783062300839309005,0,0,0,1564121,1564301
202607031503,e2e_trace_v3,16232,72301518115572641,0,perception.lidar_tracking,out,158617790569024,1,/perception/inner/PrefusedObjects,0,0,1783062300839309005,0,0,0,1564121,1564301
202607031503,e2e_trace_v3,16247,72301518115572642,0,perception.lidar_tracking,in,158617884775712,1,/perception/lidar/detection_filter,0,0,1783062300939262032,0,0,0,1564121,1564309
202607031503,e2e_trace_v3,16248,72301518115572642,0,perception.lidar_tracking,out,158617885300064,1,/perception/inner/PrefusedObjects,0,0,1783062300939262032,0,0,0,1564121,1564309
202607031503,e2e_trace_v3,16265,72301518115572643,0,perception.lidar_tracking,in,158617990317568,1,/perception/lidar/detection_filter,0,0,1783062301040012004,0,0,0,1564121,1564304
202607031503,e2e_trace_v3,16266,72301518115572643,0,perception.lidar_tracking,out,158617990815392,1,/perception/inner/PrefusedObjects,0,0,1783062301040012004,0,0,0,1564121,1564304
202607031503,e2e_trace_v3,16281,72301518115572644,0,perception.lidar_tracking,in,158618085686656,1,/perception/lidar/detection_filter,0,0,1783062301139253963,0,0,0,1564121,1564298
202607031503,e2e_trace_v3,16282,72301518115572644,0,perception.lidar_tracking,out,158618086266976,1,/perception/inner/PrefusedObjects,0,0,1783062301139253963,0,0,0,1564121,1564298
202607031503,e2e_trace_v3,16299,72301518115572645,0,perception.lidar_tracking,in,158618192284512,1,/perception/lidar/detection_filter,0,0,1783062301239573081,0,0,0,1564121,1564296
202607031503,e2e_trace_v3,16300,72301518115572645,0,perception.lidar_tracking,out,158618192768160,1,/perception/inner/PrefusedObjects,0,0,1783062301239573081,0,0,0,1564121,1564296
202607031503,e2e_trace_v3,16316,72301518115572646,0,perception.lidar_tracking,in,158618291541696,1,/perception/lidar/detection_filter,0,0,1783062301340158819,0,0,0,1564121,1564307
202607031503,e2e_trace_v3,16317,72301518115572646,0,perception.lidar_tracking,out,158618291967872,1,/perception/inner/PrefusedObjects,0,0,1783062301340158819,0,0,0,1564121,1564307
202607031503,e2e_trace_v3,16333,72301518115572647,0,perception.lidar_tracking,in,158618392918592,1,/perception/lidar/detection_filter,0,0,1783062301440243920,0,0,0,1564121,1564303
202607031503,e2e_trace_v3,16334,72301518115572647,0,perception.lidar_tracking,out,158618393348672,1,/perception/inner/PrefusedObjects,0,0,1783062301440243920,0,0,0,1564121,1564303
202607031503,e2e_trace_v3,16349,72301518115572648,0,perception.lidar_tracking,in,158618488094464,1,/perception/lidar/detection_filter,0,0,1783062301539368113,0,0,0,1564121,1564303
202607031503,e2e_trace_v3,16350,72301518115572648,0,perception.lidar_tracking,out,158618488444480,1,/perception/inner/PrefusedObjects,0,0,1783062301539368113,0,0,0,1564121,1564303
202607031503,e2e_trace_v3,16366,72301518115572649,0,perception.lidar_tracking,in,158618588334592,1,/perception/lidar/detection_filter,0,0,1783062301639467772,0,0,0,1564121,1564300
202607031503,e2e_trace_v3,16367,72301518115572649,0,perception.lidar_tracking,out,158618588747552,1,/perception/inner/PrefusedObjects,0,0,1783062301639467772,0,0,0,1564121,1564300
202607031503,e2e_trace_v3,16383,72301518115572650,0,perception.lidar_tracking,in,158618685896320,1,/perception/lidar/detection_filter,0,0,1783062301740139758,0,0,0,1564121,1564304
202607031503,e2e_trace_v3,16384,72301518115572650,0,perception.lidar_tracking,out,158618686254272,1,/perception/inner/PrefusedObjects,0,0,1783062301740139758,0,0,0,1564121,1564304
202607031503,e2e_trace_v3,16408,72301518115572651,0,perception.lidar_tracking,in,158618815029568,1,/perception/lidar/detection_filter,0,0,1783062301839326702,0,0,0,1564121,1564297
202607031503,e2e_trace_v3,16411,72301518115572651,0,perception.lidar_tracking,out,158618815370112,1,/perception/inner/PrefusedObjects,0,0,1783062301839326702,0,0,0,1564121,1564297
202607031503,e2e_trace_v3,16417,72301518115572652,0,perception.lidar_tracking,in,158618885009984,1,/perception/lidar/detection_filter,0,0,1783062301938910580,0,0,0,1564121,1564299
202607031503,e2e_trace_v3,16418,72301518115572652,0,perception.lidar_tracking,out,158618885386144,1,/perception/inner/PrefusedObjects,0,0,1783062301938910580,0,0,0,1564121,1564299
202607031503,e2e_trace_v3,16434,72301518115572653,0,perception.lidar_tracking,in,158618987087712,1,/perception/lidar/detection_filter,0,0,1783062302040164731,0,0,0,1564121,1564307
202607031503,e2e_trace_v3,16435,72301518115572653,0,perception.lidar_tracking,out,158618987493440,1,/perception/inner/PrefusedObjects,0,0,1783062302040164731,0,0,0,1564121,1564307
202607031503,e2e_trace_v3,16452,72301518115572654,0,perception.lidar_tracking,in,158619096283648,1,/perception/lidar/detection_filter,0,0,1783062302140286081,0,0,0,1564121,1564305
202607031503,e2e_trace_v3,16453,72301518115572654,0,perception.lidar_tracking,out,158619096748928,1,/perception/inner/PrefusedObjects,0,0,1783062302140286081,0,0,0,1564121,1564305
202607031503,e2e_trace_v3,16467,72301518115572655,0,perception.lidar_tracking,in,158619188604640,1,/perception/lidar/detection_filter,0,0,1783062302238276297,0,0,0,1564121,1564305
202607031503,e2e_trace_v3,16469,72301518115572655,0,perception.lidar_tracking,out,158619189038880,1,/perception/inner/PrefusedObjects,0,0,1783062302238276297,0,0,0,1564121,1564305
202607031503,e2e_trace_v3,16485,72301518115572656,0,perception.lidar_tracking,in,158619291016288,1,/perception/lidar/detection_filter,0,0,1783062302340343118,0,0,0,1564121,1564305
202607031503,e2e_trace_v3,16487,72301518115572656,0,perception.lidar_tracking,out,158619291491296,1,/perception/inner/PrefusedObjects,0,0,1783062302340343118,0,0,0,1564121,1564305
202607031503,e2e_trace_v3,16505,72301518115572657,0,perception.lidar_tracking,in,158619406722080,1,/perception/lidar/detection_filter,0,0,1783062302440214014,0,0,0,1564121,1564299
202607031503,e2e_trace_v3,16506,72301518115572657,0,perception.lidar_tracking,out,158619407158656,1,/perception/inner/PrefusedObjects,0,0,1783062302440214014,0,0,0,1564121,1564299
202607031503,e2e_trace_v3,16520,72301518115572658,0,perception.lidar_tracking,in,158619501123904,1,/perception/lidar/detection_filter,0,0,1783062302540420741,0,0,0,1564121,1564299
202607031503,e2e_trace_v3,16521,72301518115572658,0,perception.lidar_tracking,out,158619501549120,1,/perception/inner/PrefusedObjects,0,0,1783062302540420741,0,0,0,1564121,1564299
202607031503,e2e_trace_v3,16537,72301518115572659,0,perception.lidar_tracking,in,158619592503424,1,/perception/lidar/detection_filter,0,0,1783062302640507783,0,0,0,1564121,1564297
202607031503,e2e_trace_v3,16538,72301518115572659,0,perception.lidar_tracking,out,158619592989472,1,/perception/inner/PrefusedObjects,0,0,1783062302640507783,0,0,0,1564121,1564297
