run_id,schema_version,fusion_trace_id,parent_trace_id,sensor,sensor_kind,frame_time_ns,sensor_ts_ns,object_count,is_main_sensor
202607171738,e2e_trace_v3,17294049558124298909,216399771135378072,radar_front,radar,1784281081540638279,1784281081540638279,0,0
202607171738,e2e_trace_v3,17294049558124298909,72284583059522211,velodyne64,lidar,1784281081540638279,1784281081540638279,0,1
202607171738,e2e_trace_v3,17294049558124298910,216399771135378072,radar_front,radar,1784281081650473216,1784281081650473216,0,0
202607171738,e2e_trace_v3,17294049558124298910,72284583059522212,velodyne64,lidar,1784281081650473216,1784281081650473216,0,1
202607171738,e2e_trace_v3,17294049558124298911,216399771135378073,radar_front,radar,1784281081761554331,1784281081761554331,0,0
202607171738,e2e_trace_v3,17294049558124298911,72284583059522213,velodyne64,lidar,1784281081761554331,1784281081761554331,0,1
202607171738,e2e_trace_v3,17294049558124298912,216399771135378074,radar_front,radar,1784281081877222182,1784281081877222182,0,0
202607171738,e2e_trace_v3,17294049558124298912,72284583059522214,velodyne64,lidar,1784281081877222182,1784281081877222182,0,1
202607171738,e2e_trace_v3,17294049558124298913,216399771135378075,radar_front,radar,1784281081988856969,1784281081988856969,0,0
202607171738,e2e_trace_v3,17294049558124298913,72284583059522215,velodyne64,lidar,1784281081988856969,1784281081988856969,0,1
202607171738,e2e_trace_v3,17294049558124298914,216399771135378078,radar_front,radar,1784281082102731953,1784281082102731953,0,0
202607171738,e2e_trace_v3,17294049558124298914,72284583059522216,velodyne64,lidar,1784281082102731953,1784281082102731953,0,1
202607171738,e2e_trace_v3,17294049558124298915,216399771135378078,radar_front,radar,1784281082213453071,1784281082213453071,0,0
202607171738,e2e_trace_v3,17294049558124298915,72284583059522217,velodyne64,lidar,1784281082213453071,1784281082213453071,0,1
202607171738,e2e_trace_v3,17294049558124298916,216399771135378079,radar_front,radar,1784281082321354882,1784281082321354882,0,0
202607171738,e2e_trace_v3,17294049558124298916,72284583059522218,velodyne64,lidar,1784281082321354882,1784281082321354882,0,1
202607171738,e2e_trace_v3,17294049558124298917,216399771135378079,radar_front,radar,1784281082431978409,1784281082431978409,0,0
202607171738,e2e_trace_v3,17294049558124298917,72284583059522219,velodyne64,lidar,1784281082431978409,1784281082431978409,0,1
202607171738,e2e_trace_v3,17294049558124298918,216399771135378080,radar_front,radar,1784281082540522814,1784281082540522814,0,0
202607171738,e2e_trace_v3,17294049558124298918,72284583059522220,velodyne64,lidar,1784281082540522814,1784281082540522814,0,1
202607171738,e2e_trace_v3,17294049558124298919,216399771135378081,radar_front,radar,1784281082651032181,1784281082651032181,0,0
202607171738,e2e_trace_v3,17294049558124298919,72284583059522221,velodyne64,lidar,1784281082651032181,1784281082651032181,0,1
202607171738,e2e_trace_v3,17294049558124298920,216399771135378082,radar_front,radar,1784281082757776349,1784281082757776349,0,0
202607171738,e2e_trace_v3,17294049558124298920,72284583059522222,velodyne64,lidar,1784281082757776349,1784281082757776349,0,1
202607171738,e2e_trace_v3,17294049558124298921,216399771135378083,radar_front,radar,1784281082875155836,1784281082875155836,0,0
202607171738,e2e_trace_v3,17294049558124298921,72284583059522223,velodyne64,lidar,1784281082875155836,1784281082875155836,0,1
202607171738,e2e_trace_v3,17294049558124298922,216399771135378084,radar_front,radar,1784281082986593003,1784281082986593003,0,0
202607171738,e2e_trace_v3,17294049558124298922,72284583059522224,velodyne64,lidar,1784281082986593003,1784281082986593003,0,1
202607171738,e2e_trace_v3,17294049558124298923,216399771135378085,radar_front,radar,1784281083111704163,1784281083111704163,0,0
202607171738,e2e_trace_v3,17294049558124298923,72284583059522225,velodyne64,lidar,1784281083111704163,1784281083111704163,0,1
202607171738,e2e_trace_v3,17294049558124298924,216399771135378086,radar_front,radar,1784281083228702007,1784281083228702007,0,0
202607171738,e2e_trace_v3,17294049558124298924,72284583059522226,velodyne64,lidar,1784281083228702007,1784281083228702007,0,1
202607171738,e2e_trace_v3,17294049558124298925,216399771135378088,radar_front,radar,1784281083351638280,1784281083351638280,0,0
202607171738,e2e_trace_v3,17294049558124298925,72284583059522227,velodyne64,lidar,1784281083351638280,1784281083351638280,0,1
202607171738,e2e_trace_v3,17294049558124298926,216399771135378090,radar_front,radar,1784281083459490185,1784281083459490185,0,0
202607171738,e2e_trace_v3,17294049558124298926,72284583059522228,velodyne64,lidar,1784281083459490185,1784281083459490185,0,1
202607171738,e2e_trace_v3,17294049558124298927,216399771135378091,radar_front,radar,1784281083570435673,1784281083570435673,0,0
202607171738,e2e_trace_v3,17294049558124298927,72284583059522229,velodyne64,lidar,1784281083570435673,1784281083570435673,0,1
202607171738,e2e_trace_v3,17294049558124298928,216399771135378091,radar_front,radar,1784281083679086097,1784281083679086097,0,0
202607171738,e2e_trace_v3,17294049558124298928,72284583059522230,velodyne64,lidar,1784281083679086097,1784281083679086097,0,1
202607171738,e2e_trace_v3,17294049558124298929,216399771135378092,radar_front,radar,1784281083786687831,1784281083786687831,0,0
202607171738,e2e_trace_v3,17294049558124298929,72284583059522231,velodyne64,lidar,1784281083786687831,1784281083786687831,0,1
202607171738,e2e_trace_v3,17294049558124298930,216399771135378094,radar_front,radar,1784281083895660355,1784281083895660355,0,0
202607171738,e2e_trace_v3,17294049558124298930,72284583059522232,velodyne64,lidar,1784281083895660355,1784281083895660355,0,1
202607171738,e2e_trace_v3,17294049558124298931,216399771135378095,radar_front,radar,1784281084004308192,1784281084004308192,0,0
202607171738,e2e_trace_v3,17294049558124298931,72284583059522233,velodyne64,lidar,1784281084004308192,1784281084004308192,0,1
202607171738,e2e_trace_v3,17294049558124298932,216399771135378097,radar_front,radar,1784281084123668111,1784281084123668111,0,0
202607171738,e2e_trace_v3,17294049558124298932,72284583059522234,velodyne64,lidar,1784281084123668111,1784281084123668111,0,1
202607171738,e2e_trace_v3,17294049558124298933,216399771135378099,radar_front,radar,1784281084232772231,1784281084232772231,0,0
202607171738,e2e_trace_v3,17294049558124298933,72284583059522235,velodyne64,lidar,1784281084232772231,1784281084232772231,0,1
202607171738,e2e_trace_v3,17294049558124298934,216399771135378100,radar_front,radar,1784281084343233565,1784281084343233565,0,0
202607171738,e2e_trace_v3,17294049558124298934,72284583059522236,velodyne64,lidar,1784281084343233565,1784281084343233565,0,1
202607171738,e2e_trace_v3,17294049558124298935,216399771135378101,radar_front,radar,1784281084451715416,1784281084451715416,0,0
202607171738,e2e_trace_v3,17294049558124298935,72284583059522237,velodyne64,lidar,1784281084451715416,1784281084451715416,0,1
202607171738,e2e_trace_v3,17294049558124298936,216399771135378102,radar_front,radar,1784281084563051871,1784281084563051871,0,0
202607171738,e2e_trace_v3,17294049558124298936,72284583059522238,velodyne64,lidar,1784281084563051871,1784281084563051871,0,1
202607171738,e2e_trace_v3,17294049558124298937,216399771135378102,radar_front,radar,1784281084670836751,1784281084670836751,0,0
202607171738,e2e_trace_v3,17294049558124298937,72284583059522239,velodyne64,lidar,1784281084670836751,1784281084670836751,0,1
202607171738,e2e_trace_v3,17294049558124298938,216399771135378103,radar_front,radar,1784281084777755141,1784281084777755141,0,0
202607171738,e2e_trace_v3,17294049558124298938,72284583059522240,velodyne64,lidar,1784281084777755141,1784281084777755141,0,1
202607171738,e2e_trace_v3,17294049558124298939,216399771135378104,radar_front,radar,1784281084884412816,1784281084884412816,0,0
202607171738,e2e_trace_v3,17294049558124298939,72284583059522241,velodyne64,lidar,1784281084884412816,1784281084884412816,0,1
202607171738,e2e_trace_v3,17294049558124298940,216399771135378105,radar_front,radar,1784281085006015591,1784281085006015591,0,0
202607171738,e2e_trace_v3,17294049558124298940,72284583059522242,velodyne64,lidar,1784281085006015591,1784281085006015591,0,1
202607171738,e2e_trace_v3,17294049558124298941,216399771135378106,radar_front,radar,1784281085113617745,1784281085113617745,0,0
202607171738,e2e_trace_v3,17294049558124298941,72284583059522243,velodyne64,lidar,1784281085113617745,1784281085113617745,0,1
202607171738,e2e_trace_v3,17294049558124298942,216399771135378107,radar_front,radar,1784281085222390734,1784281085222390734,0,0
202607171738,e2e_trace_v3,17294049558124298942,72284583059522244,velodyne64,lidar,1784281085222390734,1784281085222390734,0,1
202607171738,e2e_trace_v3,17294049558124298943,216399771135378109,radar_front,radar,1784281085329584432,1784281085329584432,0,0
202607171738,e2e_trace_v3,17294049558124298943,72284583059522245,velodyne64,lidar,1784281085329584432,1784281085329584432,0,1
202607171738,e2e_trace_v3,17294049558124298944,216399771135378110,radar_front,radar,1784281085437251891,1784281085437251891,0,0
202607171738,e2e_trace_v3,17294049558124298944,72284583059522246,velodyne64,lidar,1784281085437251891,1784281085437251891,0,1
202607171738,e2e_trace_v3,17294049558124298945,216399771135378111,radar_front,radar,1784281085545553429,1784281085545553429,0,0
202607171738,e2e_trace_v3,17294049558124298945,72284583059522247,velodyne64,lidar,1784281085545553429,1784281085545553429,0,1
202607171738,e2e_trace_v3,17294049558124298946,216399771135378112,radar_front,radar,1784281085657991714,1784281085657991714,0,0
202607171738,e2e_trace_v3,17294049558124298946,72284583059522248,velodyne64,lidar,1784281085657991714,1784281085657991714,0,1
202607171738,e2e_trace_v3,17294049558124298947,216399771135378113,radar_front,radar,1784281085766810379,1784281085766810379,0,0
202607171738,e2e_trace_v3,17294049558124298947,72284583059522249,velodyne64,lidar,1784281085766810379,1784281085766810379,0,1
202607171738,e2e_trace_v3,17294049558124298948,216399771135378113,radar_front,radar,1784281085878637092,1784281085878637092,0,0
202607171738,e2e_trace_v3,17294049558124298948,72284583059522250,velodyne64,lidar,1784281085878637092,1784281085878637092,0,1
202607171738,e2e_trace_v3,17294049558124298949,216399771135378115,radar_front,radar,1784281085988537859,1784281085988537859,0,0
202607171738,e2e_trace_v3,17294049558124298949,72284583059522251,velodyne64,lidar,1784281085988537859,1784281085988537859,0,1
202607171738,e2e_trace_v3,17294049558124298950,216399771135378116,radar_front,radar,1784281086096231739,1784281086096231739,0,0
202607171738,e2e_trace_v3,17294049558124298950,72284583059522252,velodyne64,lidar,1784281086096231739,1784281086096231739,0,1
202607171738,e2e_trace_v3,17294049558124298951,216399771135378117,radar_front,radar,1784281086203692707,1784281086203692707,0,0
202607171738,e2e_trace_v3,17294049558124298951,72284583059522253,velodyne64,lidar,1784281086203692707,1784281086203692707,0,1
202607171738,e2e_trace_v3,17294049558124298952,216399771135378119,radar_front,radar,1784281086312335871,1784281086312335871,0,0
202607171738,e2e_trace_v3,17294049558124298952,72284583059522254,velodyne64,lidar,1784281086312335871,1784281086312335871,0,1
202607171738,e2e_trace_v3,17294049558124298953,216399771135378121,radar_front,radar,1784281086423137242,1784281086423137242,0,0
202607171738,e2e_trace_v3,17294049558124298953,72284583059522255,velodyne64,lidar,1784281086423137242,1784281086423137242,0,1
202607171738,e2e_trace_v3,17294049558124298954,216399771135378122,radar_front,radar,1784281086531541076,1784281086531541076,0,0
202607171738,e2e_trace_v3,17294049558124298954,72284583059522256,velodyne64,lidar,1784281086531541076,1784281086531541076,0,1
202607171738,e2e_trace_v3,17294049558124298955,216399771135378122,radar_front,radar,1784281086646694603,1784281086646694603,0,0
202607171738,e2e_trace_v3,17294049558124298955,72284583059522257,velodyne64,lidar,1784281086646694603,1784281086646694603,0,1
202607171738,e2e_trace_v3,17294049558124298956,216399771135378123,radar_front,radar,1784281086755728724,1784281086755728724,0,0
202607171738,e2e_trace_v3,17294049558124298956,72284583059522258,velodyne64,lidar,1784281086755728724,1784281086755728724,0,1
202607171738,e2e_trace_v3,17294049558124298957,216399771135378124,radar_front,radar,1784281086862930170,1784281086862930170,0,0
202607171738,e2e_trace_v3,17294049558124298957,72284583059522259,velodyne64,lidar,1784281086862930170,1784281086862930170,0,1
202607171738,e2e_trace_v3,17294049558124298958,216399771135378125,radar_front,radar,1784281086974946928,1784281086974946928,0,0
202607171738,e2e_trace_v3,17294049558124298958,72284583059522260,velodyne64,lidar,1784281086974946928,1784281086974946928,0,1
202607171738,e2e_trace_v3,17294049558124298959,216399771135378125,radar_front,radar,1784281087081031423,1784281087081031423,0,0
202607171738,e2e_trace_v3,17294049558124298959,72284583059522261,velodyne64,lidar,1784281087081031423,1784281087081031423,0,1
202607171738,e2e_trace_v3,17294049558124298960,72284583059522262,velodyne64,lidar,1784281087200194164,1784281087200194164,0,1
202607171738,e2e_trace_v3,17294049558124298961,216399771135378126,radar_front,radar,1784281087306986704,1784281087306986704,0,0
202607171738,e2e_trace_v3,17294049558124298961,72284583059522263,velodyne64,lidar,1784281087306986704,1784281087306986704,0,1
202607171738,e2e_trace_v3,17294049558124298962,216399771135378127,radar_front,radar,1784281087417104417,1784281087417104417,0,0
202607171738,e2e_trace_v3,17294049558124298962,72284583059522264,velodyne64,lidar,1784281087417104417,1784281087417104417,0,1
202607171738,e2e_trace_v3,17294049558124298963,216399771135378128,radar_front,radar,1784281087527178143,1784281087527178143,0,0
202607171738,e2e_trace_v3,17294049558124298963,72284583059522265,velodyne64,lidar,1784281087527178143,1784281087527178143,0,1
202607171738,e2e_trace_v3,17294049558124298964,216399771135378129,radar_front,radar,1784281087634561646,1784281087634561646,0,0
202607171738,e2e_trace_v3,17294049558124298964,72284583059522266,velodyne64,lidar,1784281087634561646,1784281087634561646,0,1
202607171738,e2e_trace_v3,17294049558124298965,216399771135378130,radar_front,radar,1784281087743315628,1784281087743315628,0,0
202607171738,e2e_trace_v3,17294049558124298965,72284583059522267,velodyne64,lidar,1784281087743315628,1784281087743315628,0,1
202607171738,e2e_trace_v3,17294049558124298966,216399771135378131,radar_front,radar,1784281087850526609,1784281087850526609,0,0
202607171738,e2e_trace_v3,17294049558124298966,72284583059522268,velodyne64,lidar,1784281087850526609,1784281087850526609,0,1
202607171738,e2e_trace_v3,17294049558124298967,216399771135378131,radar_front,radar,1784281087977502530,1784281087977502530,0,0
202607171738,e2e_trace_v3,17294049558124298967,72284583059522269,velodyne64,lidar,1784281087977502530,1784281087977502530,0,1
202607171738,e2e_trace_v3,17294049558124298968,216399771135378132,radar_front,radar,1784281088091005698,1784281088091005698,0,0
202607171738,e2e_trace_v3,17294049558124298968,72284583059522270,velodyne64,lidar,1784281088091005698,1784281088091005698,0,1
202607171738,e2e_trace_v3,17294049558124298969,216399771135378133,radar_front,radar,1784281088224544685,1784281088224544685,0,0
202607171738,e2e_trace_v3,17294049558124298969,72284583059522271,velodyne64,lidar,1784281088224544685,1784281088224544685,0,1
202607171738,e2e_trace_v3,17294049558124298970,216399771135378134,radar_front,radar,1784281088332658703,1784281088332658703,0,0
202607171738,e2e_trace_v3,17294049558124298970,72284583059522272,velodyne64,lidar,1784281088332658703,1784281088332658703,0,1
202607171738,e2e_trace_v3,17294049558124298971,216399771135378135,radar_front,radar,1784281088463828101,1784281088463828101,0,0
202607171738,e2e_trace_v3,17294049558124298971,72284583059522273,velodyne64,lidar,1784281088463828101,1784281088463828101,0,1
202607171738,e2e_trace_v3,17294049558124298972,216399771135378136,radar_front,radar,1784281088576082412,1784281088576082412,0,0
202607171738,e2e_trace_v3,17294049558124298972,72284583059522274,velodyne64,lidar,1784281088576082412,1784281088576082412,0,1
202607171738,e2e_trace_v3,17294049558124298973,216399771135378137,radar_front,radar,1784281088686987566,1784281088686987566,0,0
202607171738,e2e_trace_v3,17294049558124298973,72284583059522275,velodyne64,lidar,1784281088686987566,1784281088686987566,0,1
202607171738,e2e_trace_v3,17294049558124298974,216399771135378138,radar_front,radar,1784281088796103357,1784281088796103357,0,0
202607171738,e2e_trace_v3,17294049558124298974,72284583059522276,velodyne64,lidar,1784281088796103357,1784281088796103357,0,1
202607171738,e2e_trace_v3,17294049558124298975,216399771135378138,radar_front,radar,1784281088910740664,1784281088910740664,0,0
202607171738,e2e_trace_v3,17294049558124298975,72284583059522277,velodyne64,lidar,1784281088910740664,1784281088910740664,0,1
202607171738,e2e_trace_v3,17294049558124298976,216399771135378139,radar_front,radar,1784281089024102920,1784281089024102920,0,0
202607171738,e2e_trace_v3,17294049558124298976,72284583059522278,velodyne64,lidar,1784281089024102920,1784281089024102920,0,1
202607171738,e2e_trace_v3,17294049558124298977,216399771135378140,radar_front,radar,1784281089135410977,1784281089135410977,0,0
202607171738,e2e_trace_v3,17294049558124298977,72284583059522279,velodyne64,lidar,1784281089135410977,1784281089135410977,0,1
202607171738,e2e_trace_v3,17294049558124298978,216399771135378141,radar_front,radar,1784281089243999474,1784281089243999474,1,0
202607171738,e2e_trace_v3,17294049558124298978,72284583059522280,velodyne64,lidar,1784281089243999474,1784281089243999474,1,1
202607171738,e2e_trace_v3,17294049558124298979,216399771135378142,radar_front,radar,1784281089354977651,1784281089354977651,1,0
202607171738,e2e_trace_v3,17294049558124298979,72284583059522281,velodyne64,lidar,1784281089354977651,1784281089354977651,1,1
202607171738,e2e_trace_v3,17294049558124298980,216399771135378143,radar_front,radar,1784281089461955064,1784281089461955064,1,0
202607171738,e2e_trace_v3,17294049558124298980,72284583059522282,velodyne64,lidar,1784281089461955064,1784281089461955064,1,1
202607171738,e2e_trace_v3,17294049558124298981,216399771135378144,radar_front,radar,1784281089567864538,1784281089567864538,1,0
202607171738,e2e_trace_v3,17294049558124298981,72284583059522283,velodyne64,lidar,1784281089567864538,1784281089567864538,1,1
202607171738,e2e_trace_v3,17294049558124298982,216399771135378144,radar_front,radar,1784281089675683894,1784281089675683894,1,0
202607171738,e2e_trace_v3,17294049558124298982,72284583059522284,velodyne64,lidar,1784281089675683894,1784281089675683894,1,1
202607171738,e2e_trace_v3,17294049558124298983,216399771135378145,radar_front,radar,1784281089781404102,1784281089781404102,1,0
202607171738,e2e_trace_v3,17294049558124298983,72284583059522285,velodyne64,lidar,1784281089781404102,1784281089781404102,1,1
202607171738,e2e_trace_v3,17294049558124298984,216399771135378146,radar_front,radar,1784281089931613240,1784281089931613240,1,0
202607171738,e2e_trace_v3,17294049558124298984,72284583059522286,velodyne64,lidar,1784281089931613240,1784281089931613240,1,1
202607171738,e2e_trace_v3,17294049558124298985,216399771135378146,radar_front,radar,1784281090038828513,1784281090038828513,2,0
202607171738,e2e_trace_v3,17294049558124298985,72284583059522287,velodyne64,lidar,1784281090038828513,1784281090038828513,2,1
202607171738,e2e_trace_v3,17294049558124298986,216399771135378148,radar_front,radar,1784281090155507454,1784281090155507454,2,0
202607171738,e2e_trace_v3,17294049558124298986,72284583059522288,velodyne64,lidar,1784281090155507454,1784281090155507454,2,1
202607171738,e2e_trace_v3,17294049558124298987,216399771135378150,radar_front,radar,1784281090261300523,1784281090261300523,2,0
202607171738,e2e_trace_v3,17294049558124298987,72284583059522289,velodyne64,lidar,1784281090261300523,1784281090261300523,2,1
202607171738,e2e_trace_v3,17294049558124298988,216399771135378152,radar_front,radar,1784281090367621636,1784281090367621636,1,0
202607171738,e2e_trace_v3,17294049558124298988,72284583059522290,velodyne64,lidar,1784281090367621636,1784281090367621636,1,1
202607171738,e2e_trace_v3,17294049558124298989,216399771135378155,radar_front,radar,1784281090474700588,1784281090474700588,1,0
202607171738,e2e_trace_v3,17294049558124298989,72284583059522291,velodyne64,lidar,1784281090474700588,1784281090474700588,1,1
202607171738,e2e_trace_v3,17294049558124298990,216399771135378157,radar_front,radar,1784281090580902537,1784281090580902537,1,0
202607171738,e2e_trace_v3,17294049558124298990,72284583059522292,velodyne64,lidar,1784281090580902537,1784281090580902537,1,1
202607171738,e2e_trace_v3,17294049558124298991,216399771135378159,radar_front,radar,1784281090683252496,1784281090683252496,2,0
202607171738,e2e_trace_v3,17294049558124298991,72284583059522293,velodyne64,lidar,1784281090683252496,1784281090683252496,2,1
202607171738,e2e_trace_v3,17294049558124298992,216399771135378161,radar_front,radar,1784281090790221435,1784281090790221435,2,0
202607171738,e2e_trace_v3,17294049558124298992,72284583059522294,velodyne64,lidar,1784281090790221435,1784281090790221435,2,1
202607171738,e2e_trace_v3,17294049558124298993,216399771135378163,radar_front,radar,1784281090896233909,1784281090896233909,2,0
202607171738,e2e_trace_v3,17294049558124298993,72284583059522295,velodyne64,lidar,1784281090896233909,1784281090896233909,2,1
202607171738,e2e_trace_v3,17294049558124298994,216399771135378165,radar_front,radar,1784281091001079904,1784281091001079904,2,0
202607171738,e2e_trace_v3,17294049558124298994,72284583059522296,velodyne64,lidar,1784281091001079904,1784281091001079904,2,1
202607171738,e2e_trace_v3,17294049558124298995,216399771135378167,radar_front,radar,1784281091104628705,1784281091104628705,2,0
202607171738,e2e_trace_v3,17294049558124298995,72284583059522297,velodyne64,lidar,1784281091104628705,1784281091104628705,2,1
202607171738,e2e_trace_v3,17294049558124298996,216399771135378169,radar_front,radar,1784281091208600902,1784281091208600902,2,0
202607171738,e2e_trace_v3,17294049558124298996,72284583059522298,velodyne64,lidar,1784281091208600902,1784281091208600902,2,1
202607171738,e2e_trace_v3,17294049558124298997,216399771135378171,radar_front,radar,1784281091313555756,1784281091313555756,1,0
202607171738,e2e_trace_v3,17294049558124298997,72284583059522299,velodyne64,lidar,1784281091313555756,1784281091313555756,1,1
202607171738,e2e_trace_v3,17294049558124298998,216399771135378172,radar_front,radar,1784281091417972027,1784281091417972027,1,0
202607171738,e2e_trace_v3,17294049558124298998,72284583059522300,velodyne64,lidar,1784281091417972027,1784281091417972027,1,1
202607171738,e2e_trace_v3,17294049558124298999,216399771135378175,radar_front,radar,1784281091524548794,1784281091524548794,1,0
202607171738,e2e_trace_v3,17294049558124298999,72284583059522301,velodyne64,lidar,1784281091524548794,1784281091524548794,1,1
202607171738,e2e_trace_v3,17294049558124299000,216399771135378175,radar_front,radar,1784281091631305626,1784281091631305626,1,0
202607171738,e2e_trace_v3,17294049558124299000,72284583059522302,velodyne64,lidar,1784281091631305626,1784281091631305626,1,1
202607171738,e2e_trace_v3,17294049558124299001,216399771135378176,radar_front,radar,1784281091740462474,1784281091740462474,0,0
202607171738,e2e_trace_v3,17294049558124299001,72284583059522303,velodyne64,lidar,1784281091740462474,1784281091740462474,0,1
202607171738,e2e_trace_v3,17294049558124299002,216399771135378177,radar_front,radar,1784281091847825057,1784281091847825057,0,0
202607171738,e2e_trace_v3,17294049558124299002,72284583059522304,velodyne64,lidar,1784281091847825057,1784281091847825057,0,1
202607171738,e2e_trace_v3,17294049558124299003,216399771135378178,radar_front,radar,1784281091954683489,1784281091954683489,0,0
202607171738,e2e_trace_v3,17294049558124299003,72284583059522305,velodyne64,lidar,1784281091954683489,1784281091954683489,0,1
202607171738,e2e_trace_v3,17294049558124299004,216399771135378179,radar_front,radar,1784281092060849476,1784281092060849476,0,0
202607171738,e2e_trace_v3,17294049558124299004,72284583059522306,velodyne64,lidar,1784281092060849476,1784281092060849476,0,1
202607171738,e2e_trace_v3,17294049558124299005,216399771135378180,radar_front,radar,1784281092165943139,1784281092165943139,1,0
202607171738,e2e_trace_v3,17294049558124299005,72284583059522307,velodyne64,lidar,1784281092165943139,1784281092165943139,1,1
202607171738,e2e_trace_v3,17294049558124299006,216399771135378181,radar_front,radar,1784281092271547677,1784281092271547677,0,0
202607171738,e2e_trace_v3,17294049558124299006,72284583059522308,velodyne64,lidar,1784281092271547677,1784281092271547677,0,1
202607171738,e2e_trace_v3,17294049558124299007,216399771135378182,radar_front,radar,1784281092378133180,1784281092378133180,1,0
202607171738,e2e_trace_v3,17294049558124299007,72284583059522309,velodyne64,lidar,1784281092378133180,1784281092378133180,1,1
202607171738,e2e_trace_v3,17294049558124299008,216399771135378183,radar_front,radar,1784281092484737891,1784281092484737891,0,0
202607171738,e2e_trace_v3,17294049558124299008,72284583059522310,velodyne64,lidar,1784281092484737891,1784281092484737891,0,1
202607171738,e2e_trace_v3,17294049558124299009,216399771135378184,radar_front,radar,1784281092592351714,1784281092592351714,0,0
202607171738,e2e_trace_v3,17294049558124299009,72284583059522311,velodyne64,lidar,1784281092592351714,1784281092592351714,0,1
202607171738,e2e_trace_v3,17294049558124299010,216399771135378185,radar_front,radar,1784281092699679625,1784281092699679625,1,0
202607171738,e2e_trace_v3,17294049558124299010,72284583059522312,velodyne64,lidar,1784281092699679625,1784281092699679625,1,1
202607171738,e2e_trace_v3,17294049558124299011,216399771135378186,radar_front,radar,1784281092804061015,1784281092804061015,1,0
202607171738,e2e_trace_v3,17294049558124299011,72284583059522313,velodyne64,lidar,1784281092804061015,1784281092804061015,1,1
202607171738,e2e_trace_v3,17294049558124299012,216399771135378187,radar_front,radar,1784281092958271214,1784281092958271214,0,0
202607171738,e2e_trace_v3,17294049558124299012,72284583059522314,velodyne64,lidar,1784281092958271214,1784281092958271214,0,1
202607171738,e2e_trace_v3,17294049558124299013,216399771135378188,radar_front,radar,1784281093066005313,1784281093066005313,1,0
202607171738,e2e_trace_v3,17294049558124299013,72284583059522315,velodyne64,lidar,1784281093066005313,1784281093066005313,1,1
202607171738,e2e_trace_v3,17294049558124299014,216399771135378189,radar_front,radar,1784281093172239031,1784281093172239031,0,0
202607171738,e2e_trace_v3,17294049558124299014,72284583059522316,velodyne64,lidar,1784281093172239031,1784281093172239031,0,1
202607171738,e2e_trace_v3,17294049558124299015,216399771135378190,radar_front,radar,1784281093282299252,1784281093282299252,0,0
202607171738,e2e_trace_v3,17294049558124299015,72284583059522317,velodyne64,lidar,1784281093282299252,1784281093282299252,0,1
202607171738,e2e_trace_v3,17294049558124299016,216399771135378191,radar_front,radar,1784281093389682464,1784281093389682464,1,0
202607171738,e2e_trace_v3,17294049558124299016,72284583059522318,velodyne64,lidar,1784281093389682464,1784281093389682464,1,1
202607171738,e2e_trace_v3,17294049558124299017,216399771135378192,radar_front,radar,1784281093509323877,1784281093509323877,0,0
202607171738,e2e_trace_v3,17294049558124299017,72284583059522319,velodyne64,lidar,1784281093509323877,1784281093509323877,0,1
202607171738,e2e_trace_v3,17294049558124299018,216399771135378192,radar_front,radar,1784281093614537097,1784281093614537097,0,0
202607171738,e2e_trace_v3,17294049558124299018,72284583059522320,velodyne64,lidar,1784281093614537097,1784281093614537097,0,1
202607171738,e2e_trace_v3,17294049558124299019,216399771135378193,radar_front,radar,1784281093718418361,1784281093718418361,0,0
202607171738,e2e_trace_v3,17294049558124299019,72284583059522321,velodyne64,lidar,1784281093718418361,1784281093718418361,0,1
202607171738,e2e_trace_v3,17294049558124299020,216399771135378194,radar_front,radar,1784281093830239885,1784281093830239885,0,0
202607171738,e2e_trace_v3,17294049558124299020,72284583059522322,velodyne64,lidar,1784281093830239885,1784281093830239885,0,1
202607171738,e2e_trace_v3,17294049558124299021,216399771135378195,radar_front,radar,1784281093932974150,1784281093932974150,0,0
202607171738,e2e_trace_v3,17294049558124299021,72284583059522323,velodyne64,lidar,1784281093932974150,1784281093932974150,0,1
202607171738,e2e_trace_v3,17294049558124299022,216399771135378196,radar_front,radar,1784281094041370502,1784281094041370502,0,0
202607171738,e2e_trace_v3,17294049558124299022,72284583059522324,velodyne64,lidar,1784281094041370502,1784281094041370502,0,1
202607171738,e2e_trace_v3,17294049558124299023,216399771135378197,radar_front,radar,1784281094148122216,1784281094148122216,0,0
202607171738,e2e_trace_v3,17294049558124299023,72284583059522325,velodyne64,lidar,1784281094148122216,1784281094148122216,0,1
202607171738,e2e_trace_v3,17294049558124299024,216399771135378198,radar_front,radar,1784281094255879373,1784281094255879373,0,0
202607171738,e2e_trace_v3,17294049558124299024,72284583059522326,velodyne64,lidar,1784281094255879373,1784281094255879373,0,1
202607171738,e2e_trace_v3,17294049558124299025,216399771135378199,radar_front,radar,1784281094363487316,1784281094363487316,0,0
202607171738,e2e_trace_v3,17294049558124299025,72284583059522327,velodyne64,lidar,1784281094363487316,1784281094363487316,0,1
202607171738,e2e_trace_v3,17294049558124299026,216399771135378200,radar_front,radar,1784281094469697508,1784281094469697508,0,0
202607171738,e2e_trace_v3,17294049558124299026,72284583059522328,velodyne64,lidar,1784281094469697508,1784281094469697508,0,1
202607171738,e2e_trace_v3,17294049558124299027,216399771135378201,radar_front,radar,1784281094573624163,1784281094573624163,0,0
202607171738,e2e_trace_v3,17294049558124299027,72284583059522329,velodyne64,lidar,1784281094573624163,1784281094573624163,0,1
202607171738,e2e_trace_v3,17294049558124299028,216399771135378201,radar_front,radar,1784281094676219787,1784281094676219787,0,0
202607171738,e2e_trace_v3,17294049558124299028,72284583059522330,velodyne64,lidar,1784281094676219787,1784281094676219787,0,1
202607171738,e2e_trace_v3,17294049558124299029,216399771135378203,radar_front,radar,1784281094779654187,1784281094779654187,0,0
202607171738,e2e_trace_v3,17294049558124299029,72284583059522331,velodyne64,lidar,1784281094779654187,1784281094779654187,0,1
202607171738,e2e_trace_v3,17294049558124299030,216399771135378203,radar_front,radar,1784281094887965098,1784281094887965098,0,0
202607171738,e2e_trace_v3,17294049558124299030,72284583059522332,velodyne64,lidar,1784281094887965098,1784281094887965098,0,1
202607171738,e2e_trace_v3,17294049558124299031,216399771135378204,radar_front,radar,1784281094991632611,1784281094991632611,0,0
202607171738,e2e_trace_v3,17294049558124299031,72284583059522333,velodyne64,lidar,1784281094991632611,1784281094991632611,0,1
202607171738,e2e_trace_v3,17294049558124299032,216399771135378205,radar_front,radar,1784281095098670292,1784281095098670292,0,0
202607171738,e2e_trace_v3,17294049558124299032,72284583059522334,velodyne64,lidar,1784281095098670292,1784281095098670292,0,1
202607171738,e2e_trace_v3,17294049558124299033,216399771135378206,radar_front,radar,1784281095201586832,1784281095201586832,0,0
202607171738,e2e_trace_v3,17294049558124299033,72284583059522335,velodyne64,lidar,1784281095201586832,1784281095201586832,0,1
202607171738,e2e_trace_v3,17294049558124299034,216399771135378207,radar_front,radar,1784281095323194380,1784281095323194380,0,0
202607171738,e2e_trace_v3,17294049558124299034,72284583059522336,velodyne64,lidar,1784281095323194380,1784281095323194380,0,1
202607171738,e2e_trace_v3,17294049558124299035,216399771135378208,radar_front,radar,1784281095426808736,1784281095426808736,0,0
202607171738,e2e_trace_v3,17294049558124299035,72284583059522337,velodyne64,lidar,1784281095426808736,1784281095426808736,0,1
202607171738,e2e_trace_v3,17294049558124299036,216399771135378209,radar_front,radar,1784281095533531811,1784281095533531811,0,0
202607171738,e2e_trace_v3,17294049558124299036,72284583059522338,velodyne64,lidar,1784281095533531811,1784281095533531811,0,1
202607171738,e2e_trace_v3,17294049558124299037,216399771135378210,radar_front,radar,1784281095639927977,1784281095639927977,0,0
202607171738,e2e_trace_v3,17294049558124299037,72284583059522339,velodyne64,lidar,1784281095639927977,1784281095639927977,0,1
202607171738,e2e_trace_v3,17294049558124299038,216399771135378211,radar_front,radar,1784281095744365100,1784281095744365100,0,0
202607171738,e2e_trace_v3,17294049558124299038,72284583059522340,velodyne64,lidar,1784281095744365100,1784281095744365100,0,1
202607171738,e2e_trace_v3,17294049558124299039,216399771135378212,radar_front,radar,1784281095861015354,1784281095861015354,0,0
202607171738,e2e_trace_v3,17294049558124299039,72284583059522341,velodyne64,lidar,1784281095861015354,1784281095861015354,0,1
202607171738,e2e_trace_v3,17294049558124299040,216399771135378213,radar_front,radar,1784281095964869732,1784281095964869732,0,0
202607171738,e2e_trace_v3,17294049558124299040,72284583059522342,velodyne64,lidar,1784281095964869732,1784281095964869732,0,1
202607171738,e2e_trace_v3,17294049558124299041,216399771135378214,radar_front,radar,1784281096069144229,1784281096069144229,0,0
202607171738,e2e_trace_v3,17294049558124299041,72284583059522343,velodyne64,lidar,1784281096069144229,1784281096069144229,0,1
202607171738,e2e_trace_v3,17294049558124299042,216399771135378215,radar_front,radar,1784281096173458773,1784281096173458773,0,0
202607171738,e2e_trace_v3,17294049558124299042,72284583059522344,velodyne64,lidar,1784281096173458773,1784281096173458773,0,1
202607171738,e2e_trace_v3,17294049558124299043,216399771135378215,radar_front,radar,1784281096277470827,1784281096277470827,0,0
202607171738,e2e_trace_v3,17294049558124299043,72284583059522345,velodyne64,lidar,1784281096277470827,1784281096277470827,0,1
202607171738,e2e_trace_v3,17294049558124299044,216399771135378216,radar_front,radar,1784281096381742242,1784281096381742242,0,0
202607171738,e2e_trace_v3,17294049558124299044,72284583059522346,velodyne64,lidar,1784281096381742242,1784281096381742242,0,1
202607171738,e2e_trace_v3,17294049558124299045,216399771135378217,radar_front,radar,1784281096484908589,1784281096484908589,0,0
202607171738,e2e_trace_v3,17294049558124299045,72284583059522347,velodyne64,lidar,1784281096484908589,1784281096484908589,0,1
202607171738,e2e_trace_v3,17294049558124299046,216399771135378218,radar_front,radar,1784281096591010262,1784281096591010262,0,0
202607171738,e2e_trace_v3,17294049558124299046,72284583059522348,velodyne64,lidar,1784281096591010262,1784281096591010262,0,1
202607171738,e2e_trace_v3,17294049558124299047,216399771135378219,radar_front,radar,1784281096694954960,1784281096694954960,0,0
202607171738,e2e_trace_v3,17294049558124299047,72284583059522349,velodyne64,lidar,1784281096694954960,1784281096694954960,0,1
202607171738,e2e_trace_v3,17294049558124299048,216399771135378220,radar_front,radar,1784281096799820740,1784281096799820740,0,0
202607171738,e2e_trace_v3,17294049558124299048,72284583059522350,velodyne64,lidar,1784281096799820740,1784281096799820740,0,1
202607171738,e2e_trace_v3,17294049558124299049,216399771135378221,radar_front,radar,1784281096905690419,1784281096905690419,0,0
202607171738,e2e_trace_v3,17294049558124299049,72284583059522351,velodyne64,lidar,1784281096905690419,1784281096905690419,0,1
202607171738,e2e_trace_v3,17294049558124299050,216399771135378222,radar_front,radar,1784281097011083941,1784281097011083941,0,0
202607171738,e2e_trace_v3,17294049558124299050,72284583059522352,velodyne64,lidar,1784281097011083941,1784281097011083941,0,1
202607171738,e2e_trace_v3,17294049558124299051,216399771135378223,radar_front,radar,1784281097117351199,1784281097117351199,0,0
202607171738,e2e_trace_v3,17294049558124299051,72284583059522353,velodyne64,lidar,1784281097117351199,1784281097117351199,0,1
202607171738,e2e_trace_v3,17294049558124299052,216399771135378223,radar_front,radar,1784281097226912687,1784281097226912687,0,0
202607171738,e2e_trace_v3,17294049558124299052,72284583059522354,velodyne64,lidar,1784281097226912687,1784281097226912687,0,1
202607171738,e2e_trace_v3,17294049558124299053,216399771135378224,radar_front,radar,1784281097332453671,1784281097332453671,0,0
202607171738,e2e_trace_v3,17294049558124299053,72284583059522355,velodyne64,lidar,1784281097332453671,1784281097332453671,0,1
202607171738,e2e_trace_v3,17294049558124299054,216399771135378225,radar_front,radar,1784281097452470760,1784281097452470760,0,0
202607171738,e2e_trace_v3,17294049558124299054,72284583059522356,velodyne64,lidar,1784281097452470760,1784281097452470760,0,1
202607171738,e2e_trace_v3,17294049558124299055,216399771135378226,radar_front,radar,1784281097556829305,1784281097556829305,0,0
202607171738,e2e_trace_v3,17294049558124299055,72284583059522357,velodyne64,lidar,1784281097556829305,1784281097556829305,0,1
202607171738,e2e_trace_v3,17294049558124299056,216399771135378227,radar_front,radar,1784281097660525743,1784281097660525743,0,0
202607171738,e2e_trace_v3,17294049558124299056,72284583059522358,velodyne64,lidar,1784281097660525743,1784281097660525743,0,1
202607171738,e2e_trace_v3,17294049558124299057,216399771135378228,radar_front,radar,1784281097767583819,1784281097767583819,0,0
202607171738,e2e_trace_v3,17294049558124299057,72284583059522359,velodyne64,lidar,1784281097767583819,1784281097767583819,0,1
202607171738,e2e_trace_v3,17294049558124299058,216399771135378228,radar_front,radar,1784281097884557399,1784281097884557399,0,0
202607171738,e2e_trace_v3,17294049558124299058,72284583059522360,velodyne64,lidar,1784281097884557399,1784281097884557399,0,1
202607171738,e2e_trace_v3,17294049558124299059,216399771135378229,radar_front,radar,1784281097991349061,1784281097991349061,0,0
202607171738,e2e_trace_v3,17294049558124299059,72284583059522361,velodyne64,lidar,1784281097991349061,1784281097991349061,0,1
202607171738,e2e_trace_v3,17294049558124299060,216399771135378230,radar_front,radar,1784281098101410709,1784281098101410709,0,0
202607171738,e2e_trace_v3,17294049558124299060,72284583059522362,velodyne64,lidar,1784281098101410709,1784281098101410709,0,1
202607171738,e2e_trace_v3,17294049558124299061,216399771135378231,radar_front,radar,1784281098207389450,1784281098207389450,0,0
202607171738,e2e_trace_v3,17294049558124299061,72284583059522363,velodyne64,lidar,1784281098207389450,1784281098207389450,0,1
202607171738,e2e_trace_v3,17294049558124299062,216399771135378232,radar_front,radar,1784281098321191194,1784281098321191194,0,0
202607171738,e2e_trace_v3,17294049558124299062,72284583059522364,velodyne64,lidar,1784281098321191194,1784281098321191194,0,1
202607171738,e2e_trace_v3,17294049558124299063,216399771135378233,radar_front,radar,1784281098431872445,1784281098431872445,0,0
202607171738,e2e_trace_v3,17294049558124299063,72284583059522365,velodyne64,lidar,1784281098431872445,1784281098431872445,0,1
202607171738,e2e_trace_v3,17294049558124299064,216399771135378234,radar_front,radar,1784281098539260777,1784281098539260777,0,0
202607171738,e2e_trace_v3,17294049558124299064,72284583059522366,velodyne64,lidar,1784281098539260777,1784281098539260777,0,1
202607171738,e2e_trace_v3,17294049558124299065,216399771135378234,radar_front,radar,1784281098648463290,1784281098648463290,0,0
202607171738,e2e_trace_v3,17294049558124299065,72284583059522367,velodyne64,lidar,1784281098648463290,1784281098648463290,0,1
202607171738,e2e_trace_v3,17294049558124299066,216399771135378235,radar_front,radar,1784281098757396598,1784281098757396598,0,0
202607171738,e2e_trace_v3,17294049558124299066,72284583059522368,velodyne64,lidar,1784281098757396598,1784281098757396598,0,1
202607171738,e2e_trace_v3,17294049558124299067,216399771135378236,radar_front,radar,1784281098863993061,1784281098863993061,0,0
202607171738,e2e_trace_v3,17294049558124299067,72284583059522369,velodyne64,lidar,1784281098863993061,1784281098863993061,0,1
202607171738,e2e_trace_v3,17294049558124299068,216399771135378237,radar_front,radar,1784281098972529271,1784281098972529271,0,0
202607171738,e2e_trace_v3,17294049558124299068,72284583059522370,velodyne64,lidar,1784281098972529271,1784281098972529271,0,1
202607171738,e2e_trace_v3,17294049558124299069,216399771135378237,radar_front,radar,1784281099080559173,1784281099080559173,0,0
202607171738,e2e_trace_v3,17294049558124299069,72284583059522371,velodyne64,lidar,1784281099080559173,1784281099080559173,0,1
202607171738,e2e_trace_v3,17294049558124299070,72284583059522372,velodyne64,lidar,1784281099193415457,1784281099193415457,0,1
202607171738,e2e_trace_v3,17294049558124299071,216399771135378238,radar_front,radar,1784281099330152838,1784281099330152838,0,0
202607171738,e2e_trace_v3,17294049558124299071,72284583059522373,velodyne64,lidar,1784281099330152838,1784281099330152838,0,1
202607171738,e2e_trace_v3,17294049558124299072,216399771135378239,radar_front,radar,1784281099443061809,1784281099443061809,0,0
202607171738,e2e_trace_v3,17294049558124299072,72284583059522374,velodyne64,lidar,1784281099443061809,1784281099443061809,0,1
202607171738,e2e_trace_v3,17294049558124299073,216399771135378240,radar_front,radar,1784281099553943140,1784281099553943140,0,0
202607171738,e2e_trace_v3,17294049558124299073,72284583059522375,velodyne64,lidar,1784281099553943140,1784281099553943140,0,1
202607171738,e2e_trace_v3,17294049558124299074,216399771135378240,radar_front,radar,1784281099663400989,1784281099663400989,0,0
202607171738,e2e_trace_v3,17294049558124299074,72284583059522376,velodyne64,lidar,1784281099663400989,1784281099663400989,0,1
202607171738,e2e_trace_v3,17294049558124299075,216399771135378241,radar_front,radar,1784281099773031159,1784281099773031159,0,0
202607171738,e2e_trace_v3,17294049558124299075,72284583059522377,velodyne64,lidar,1784281099773031159,1784281099773031159,0,1
202607171738,e2e_trace_v3,17294049558124299076,216399771135378242,radar_front,radar,1784281099882822814,1784281099882822814,0,0
202607171738,e2e_trace_v3,17294049558124299076,72284583059522378,velodyne64,lidar,1784281099882822814,1784281099882822814,0,1
202607171738,e2e_trace_v3,17294049558124299077,216399771135378243,radar_front,radar,1784281099993491671,1784281099993491671,0,0
202607171738,e2e_trace_v3,17294049558124299077,72284583059522379,velodyne64,lidar,1784281099993491671,1784281099993491671,0,1
202607171738,e2e_trace_v3,17294049558124299078,216399771135378243,radar_front,radar,1784281100102975354,1784281100102975354,0,0
202607171738,e2e_trace_v3,17294049558124299078,72284583059522380,velodyne64,lidar,1784281100102975354,1784281100102975354,0,1
202607171738,e2e_trace_v3,17294049558124299079,216399771135378244,radar_front,radar,1784281100210780239,1784281100210780239,0,0
202607171738,e2e_trace_v3,17294049558124299079,72284583059522381,velodyne64,lidar,1784281100210780239,1784281100210780239,0,1
202607171738,e2e_trace_v3,17294049558124299080,216399771135378245,radar_front,radar,1784281100321418459,1784281100321418459,0,0
202607171738,e2e_trace_v3,17294049558124299080,72284583059522382,velodyne64,lidar,1784281100321418459,1784281100321418459,0,1
202607171738,e2e_trace_v3,17294049558124299081,216399771135378245,radar_front,radar,1784281100432112033,1784281100432112033,0,0
202607171738,e2e_trace_v3,17294049558124299081,72284583059522383,velodyne64,lidar,1784281100432112033,1784281100432112033,0,1
202607171738,e2e_trace_v3,17294049558124299082,216399771135378246,radar_front,radar,1784281100541769500,1784281100541769500,0,0
202607171738,e2e_trace_v3,17294049558124299082,72284583059522384,velodyne64,lidar,1784281100541769500,1784281100541769500,0,1
202607171738,e2e_trace_v3,17294049558124299083,216399771135378247,radar_front,radar,1784281100666791218,1784281100666791218,0,0
202607171738,e2e_trace_v3,17294049558124299083,72284583059522385,velodyne64,lidar,1784281100666791218,1784281100666791218,0,1
202607171738,e2e_trace_v3,17294049558124299084,216399771135378248,radar_front,radar,1784281100777473549,1784281100777473549,0,0
202607171738,e2e_trace_v3,17294049558124299084,72284583059522386,velodyne64,lidar,1784281100777473549,1784281100777473549,0,1
202607171738,e2e_trace_v3,17294049558124299085,216399771135378248,radar_front,radar,1784281100890190384,1784281100890190384,0,0
202607171738,e2e_trace_v3,17294049558124299085,72284583059522387,velodyne64,lidar,1784281100890190384,1784281100890190384,0,1
202607171738,e2e_trace_v3,17294049558124299086,216399771135378249,radar_front,radar,1784281101002768984,1784281101002768984,0,0
202607171738,e2e_trace_v3,17294049558124299086,72284583059522388,velodyne64,lidar,1784281101002768984,1784281101002768984,0,1
202607171738,e2e_trace_v3,17294049558124299087,216399771135378250,radar_front,radar,1784281101115599303,1784281101115599303,0,0
202607171738,e2e_trace_v3,17294049558124299087,72284583059522389,velodyne64,lidar,1784281101115599303,1784281101115599303,0,1
202607171738,e2e_trace_v3,17294049558124299088,216399771135378251,radar_front,radar,1784281101230008776,1784281101230008776,0,0
202607171738,e2e_trace_v3,17294049558124299088,72284583059522390,velodyne64,lidar,1784281101230008776,1784281101230008776,0,1
202607171738,e2e_trace_v3,17294049558124299089,216399771135378251,radar_front,radar,1784281101338075010,1784281101338075010,0,0
202607171738,e2e_trace_v3,17294049558124299089,72284583059522391,velodyne64,lidar,1784281101338075010,1784281101338075010,0,1
202607171738,e2e_trace_v3,17294049558124299090,216399771135378252,radar_front,radar,1784281101446040876,1784281101446040876,0,0
202607171738,e2e_trace_v3,17294049558124299090,72284583059522392,velodyne64,lidar,1784281101446040876,1784281101446040876,0,1
202607171738,e2e_trace_v3,17294049558124299091,216399771135378253,radar_front,radar,1784281101599631275,1784281101599631275,0,0
202607171738,e2e_trace_v3,17294049558124299091,72284583059522393,velodyne64,lidar,1784281101599631275,1784281101599631275,0,1
202607171738,e2e_trace_v3,17294049558124299092,216399771135378254,radar_front,radar,1784281101719119631,1784281101719119631,0,0
202607171738,e2e_trace_v3,17294049558124299092,72284583059522394,velodyne64,lidar,1784281101719119631,1784281101719119631,0,1
202607171738,e2e_trace_v3,17294049558124299093,216399771135378254,radar_front,radar,1784281101829400827,1784281101829400827,0,0
202607171738,e2e_trace_v3,17294049558124299093,72284583059522395,velodyne64,lidar,1784281101829400827,1784281101829400827,0,1
202607171738,e2e_trace_v3,17294049558124299094,216399771135378255,radar_front,radar,1784281101951318399,1784281101951318399,0,0
202607171738,e2e_trace_v3,17294049558124299094,72284583059522396,velodyne64,lidar,1784281101951318399,1784281101951318399,0,1
202607171738,e2e_trace_v3,17294049558124299095,216399771135378256,radar_front,radar,1784281102063447247,1784281102063447247,0,0
202607171738,e2e_trace_v3,17294049558124299095,72284583059522397,velodyne64,lidar,1784281102063447247,1784281102063447247,0,1
202607171738,e2e_trace_v3,17294049558124299096,216399771135378256,radar_front,radar,1784281102177140833,1784281102177140833,0,0
202607171738,e2e_trace_v3,17294049558124299096,72284583059522398,velodyne64,lidar,1784281102177140833,1784281102177140833,0,1
202607171738,e2e_trace_v3,17294049558124299097,72284583059522399,velodyne64,lidar,1784281102288603553,1784281102288603553,0,1
202607171738,e2e_trace_v3,17294049558124299098,216399771135378257,radar_front,radar,1784281102400811636,1784281102400811636,0,0
202607171738,e2e_trace_v3,17294049558124299098,72284583059522400,velodyne64,lidar,1784281102400811636,1784281102400811636,0,1
202607171738,e2e_trace_v3,17294049558124299099,216399771135378258,radar_front,radar,1784281102509306845,1784281102509306845,0,0
202607171738,e2e_trace_v3,17294049558124299099,72284583059522401,velodyne64,lidar,1784281102509306845,1784281102509306845,0,1
202607171738,e2e_trace_v3,17294049558124299100,216399771135378259,radar_front,radar,1784281102619620745,1784281102619620745,0,0
202607171738,e2e_trace_v3,17294049558124299100,72284583059522402,velodyne64,lidar,1784281102619620745,1784281102619620745,0,1
202607171738,e2e_trace_v3,17294049558124299101,216399771135378259,radar_front,radar,1784281102728835109,1784281102728835109,0,0
202607171738,e2e_trace_v3,17294049558124299101,72284583059522403,velodyne64,lidar,1784281102728835109,1784281102728835109,0,1
202607171738,e2e_trace_v3,17294049558124299102,216399771135378260,radar_front,radar,1784281102838670255,1784281102838670255,0,0
202607171738,e2e_trace_v3,17294049558124299102,72284583059522404,velodyne64,lidar,1784281102838670255,1784281102838670255,0,1
202607171738,e2e_trace_v3,17294049558124299103,216399771135378261,radar_front,radar,1784281102951510161,1784281102951510161,0,0
202607171738,e2e_trace_v3,17294049558124299103,72284583059522405,velodyne64,lidar,1784281102951510161,1784281102951510161,0,1
202607171738,e2e_trace_v3,17294049558124299104,216399771135378262,radar_front,radar,1784281103076472847,1784281103076472847,0,0
202607171738,e2e_trace_v3,17294049558124299104,72284583059522406,velodyne64,lidar,1784281103076472847,1784281103076472847,0,1
202607171738,e2e_trace_v3,17294049558124299105,216399771135378262,radar_front,radar,1784281103190528666,1784281103190528666,0,0
202607171738,e2e_trace_v3,17294049558124299105,72284583059522407,velodyne64,lidar,1784281103190528666,1784281103190528666,0,1
202607171738,e2e_trace_v3,17294049558124299106,216399771135378263,radar_front,radar,1784281103314517304,1784281103314517304,0,0
202607171738,e2e_trace_v3,17294049558124299106,72284583059522408,velodyne64,lidar,1784281103314517304,1784281103314517304,0,1
202607171738,e2e_trace_v3,17294049558124299107,216399771135378264,radar_front,radar,1784281103428099899,1784281103428099899,0,0
202607171738,e2e_trace_v3,17294049558124299107,72284583059522409,velodyne64,lidar,1784281103428099899,1784281103428099899,0,1
202607171738,e2e_trace_v3,17294049558124299108,216399771135378264,radar_front,radar,1784281103538754268,1784281103538754268,0,0
202607171738,e2e_trace_v3,17294049558124299108,72284583059522410,velodyne64,lidar,1784281103538754268,1784281103538754268,0,1
202607171738,e2e_trace_v3,17294049558124299109,216399771135378265,radar_front,radar,1784281103680495414,1784281103680495414,0,0
202607171738,e2e_trace_v3,17294049558124299109,72284583059522411,velodyne64,lidar,1784281103680495414,1784281103680495414,0,1
202607171738,e2e_trace_v3,17294049558124299110,216399771135378266,radar_front,radar,1784281103796267872,1784281103796267872,0,0
202607171738,e2e_trace_v3,17294049558124299110,72284583059522412,velodyne64,lidar,1784281103796267872,1784281103796267872,0,1
202607171738,e2e_trace_v3,17294049558124299111,216399771135378267,radar_front,radar,1784281103906747580,1784281103906747580,0,0
202607171738,e2e_trace_v3,17294049558124299111,72284583059522413,velodyne64,lidar,1784281103906747580,1784281103906747580,0,1
202607171738,e2e_trace_v3,17294049558124299112,216399771135378268,radar_front,radar,1784281104019339337,1784281104019339337,0,0
202607171738,e2e_trace_v3,17294049558124299112,72284583059522414,velodyne64,lidar,1784281104019339337,1784281104019339337,0,1
202607171738,e2e_trace_v3,17294049558124299113,216399771135378268,radar_front,radar,1784281104132070430,1784281104132070430,0,0
202607171738,e2e_trace_v3,17294049558124299113,72284583059522415,velodyne64,lidar,1784281104132070430,1784281104132070430,0,1
202607171738,e2e_trace_v3,17294049558124299114,216399771135378269,radar_front,radar,1784281104244498914,1784281104244498914,0,0
202607171738,e2e_trace_v3,17294049558124299114,72284583059522416,velodyne64,lidar,1784281104244498914,1784281104244498914,0,1
202607171738,e2e_trace_v3,17294049558124299115,216399771135378270,radar_front,radar,1784281104357044485,1784281104357044485,0,0
202607171738,e2e_trace_v3,17294049558124299115,72284583059522417,velodyne64,lidar,1784281104357044485,1784281104357044485,0,1
202607171738,e2e_trace_v3,17294049558124299116,216399771135378271,radar_front,radar,1784281104492311118,1784281104492311118,0,0
202607171738,e2e_trace_v3,17294049558124299116,72284583059522418,velodyne64,lidar,1784281104492311118,1784281104492311118,0,1
202607171738,e2e_trace_v3,17294049558124299117,216399771135378272,radar_front,radar,1784281104606769787,1784281104606769787,0,0
202607171738,e2e_trace_v3,17294049558124299117,72284583059522419,velodyne64,lidar,1784281104606769787,1784281104606769787,0,1
202607171738,e2e_trace_v3,17294049558124299118,216399771135378273,radar_front,radar,1784281104715593873,1784281104715593873,0,0
202607171738,e2e_trace_v3,17294049558124299118,72284583059522420,velodyne64,lidar,1784281104715593873,1784281104715593873,0,1
202607171738,e2e_trace_v3,17294049558124299119,216399771135378274,radar_front,radar,1784281104823697553,1784281104823697553,0,0
202607171738,e2e_trace_v3,17294049558124299119,72284583059522421,velodyne64,lidar,1784281104823697553,1784281104823697553,0,1
202607171738,e2e_trace_v3,17294049558124299120,216399771135378275,radar_front,radar,1784281104935912810,1784281104935912810,1,0
202607171738,e2e_trace_v3,17294049558124299120,72284583059522422,velodyne64,lidar,1784281104935912810,1784281104935912810,1,1
202607171738,e2e_trace_v3,17294049558124299121,216399771135378276,radar_front,radar,1784281105043920070,1784281105043920070,1,0
202607171738,e2e_trace_v3,17294049558124299121,72284583059522423,velodyne64,lidar,1784281105043920070,1784281105043920070,1,1
202607171738,e2e_trace_v3,17294049558124299122,216399771135378277,radar_front,radar,1784281105153392570,1784281105153392570,0,0
202607171738,e2e_trace_v3,17294049558124299122,72284583059522424,velodyne64,lidar,1784281105153392570,1784281105153392570,0,1
202607171738,e2e_trace_v3,17294049558124299123,216399771135378278,radar_front,radar,1784281105261541646,1784281105261541646,0,0
202607171738,e2e_trace_v3,17294049558124299123,72284583059522425,velodyne64,lidar,1784281105261541646,1784281105261541646,0,1
202607171738,e2e_trace_v3,17294049558124299124,216399771135378279,radar_front,radar,1784281105371147168,1784281105371147168,1,0
202607171738,e2e_trace_v3,17294049558124299124,72284583059522426,velodyne64,lidar,1784281105371147168,1784281105371147168,1,1
202607171738,e2e_trace_v3,17294049558124299125,216399771135378280,radar_front,radar,1784281105482448503,1784281105482448503,1,0
202607171738,e2e_trace_v3,17294049558124299125,72284583059522427,velodyne64,lidar,1784281105482448503,1784281105482448503,1,1
202607171738,e2e_trace_v3,17294049558124299126,216399771135378282,radar_front,radar,1784281105595416958,1784281105595416958,1,0
202607171738,e2e_trace_v3,17294049558124299126,72284583059522428,velodyne64,lidar,1784281105595416958,1784281105595416958,1,1
202607171738,e2e_trace_v3,17294049558124299127,216399771135378282,radar_front,radar,1784281105707115368,1784281105707115368,0,0
202607171738,e2e_trace_v3,17294049558124299127,72284583059522429,velodyne64,lidar,1784281105707115368,1784281105707115368,0,1
202607171738,e2e_trace_v3,17294049558124299128,216399771135378283,radar_front,radar,1784281105818695224,1784281105818695224,0,0
202607171738,e2e_trace_v3,17294049558124299128,72284583059522430,velodyne64,lidar,1784281105818695224,1784281105818695224,0,1
202607171738,e2e_trace_v3,17294049558124299129,216399771135378284,radar_front,radar,1784281105929395199,1784281105929395199,1,0
202607171738,e2e_trace_v3,17294049558124299129,72284583059522431,velodyne64,lidar,1784281105929395199,1784281105929395199,1,1
202607171738,e2e_trace_v3,17294049558124299130,216399771135378285,radar_front,radar,1784281106039563308,1784281106039563308,1,0
202607171738,e2e_trace_v3,17294049558124299130,72284583059522432,velodyne64,lidar,1784281106039563308,1784281106039563308,1,1
202607171738,e2e_trace_v3,17294049558124299131,216399771135378286,radar_front,radar,1784281106151547834,1784281106151547834,0,0
202607171738,e2e_trace_v3,17294049558124299131,72284583059522433,velodyne64,lidar,1784281106151547834,1784281106151547834,0,1
202607171738,e2e_trace_v3,17294049558124299132,216399771135378287,radar_front,radar,1784281106261386615,1784281106261386615,1,0
202607171738,e2e_trace_v3,17294049558124299132,72284583059522434,velodyne64,lidar,1784281106261386615,1784281106261386615,1,1
202607171738,e2e_trace_v3,17294049558124299133,216399771135378288,radar_front,radar,1784281106373531204,1784281106373531204,1,0
202607171738,e2e_trace_v3,17294049558124299133,72284583059522435,velodyne64,lidar,1784281106373531204,1784281106373531204,1,1
202607171738,e2e_trace_v3,17294049558124299134,216399771135378289,radar_front,radar,1784281106481450671,1784281106481450671,1,0
202607171738,e2e_trace_v3,17294049558124299134,72284583059522436,velodyne64,lidar,1784281106481450671,1784281106481450671,1,1
202607171738,e2e_trace_v3,17294049558124299135,216399771135378290,radar_front,radar,1784281106597949786,1784281106597949786,0,0
202607171738,e2e_trace_v3,17294049558124299135,72284583059522437,velodyne64,lidar,1784281106597949786,1784281106597949786,0,1
202607171738,e2e_trace_v3,17294049558124299136,216399771135378291,radar_front,radar,1784281106708689621,1784281106708689621,0,0
202607171738,e2e_trace_v3,17294049558124299136,72284583059522438,velodyne64,lidar,1784281106708689621,1784281106708689621,0,1
202607171738,e2e_trace_v3,17294049558124299137,216399771135378292,radar_front,radar,1784281106816616907,1784281106816616907,1,0
202607171738,e2e_trace_v3,17294049558124299137,72284583059522439,velodyne64,lidar,1784281106816616907,1784281106816616907,1,1
202607171738,e2e_trace_v3,17294049558124299138,216399771135378293,radar_front,radar,1784281106927908951,1784281106927908951,0,0
202607171738,e2e_trace_v3,17294049558124299138,72284583059522440,velodyne64,lidar,1784281106927908951,1784281106927908951,0,1
202607171738,e2e_trace_v3,17294049558124299139,216399771135378294,radar_front,radar,1784281107039136907,1784281107039136907,0,0
202607171738,e2e_trace_v3,17294049558124299139,72284583059522441,velodyne64,lidar,1784281107039136907,1784281107039136907,0,1
202607171738,e2e_trace_v3,17294049558124299140,216399771135378295,radar_front,radar,1784281107148035284,1784281107148035284,1,0
202607171738,e2e_trace_v3,17294049558124299140,72284583059522442,velodyne64,lidar,1784281107148035284,1784281107148035284,1,1
202607171738,e2e_trace_v3,17294049558124299141,216399771135378296,radar_front,radar,1784281107256558570,1784281107256558570,0,0
202607171738,e2e_trace_v3,17294049558124299141,72284583059522443,velodyne64,lidar,1784281107256558570,1784281107256558570,0,1
202607171738,e2e_trace_v3,17294049558124299142,216399771135378297,radar_front,radar,1784281107365223375,1784281107365223375,1,0
202607171738,e2e_trace_v3,17294049558124299142,72284583059522444,velodyne64,lidar,1784281107365223375,1784281107365223375,1,1
202607171738,e2e_trace_v3,17294049558124299143,216399771135378298,radar_front,radar,1784281107475901062,1784281107475901062,1,0
202607171738,e2e_trace_v3,17294049558124299143,72284583059522445,velodyne64,lidar,1784281107475901062,1784281107475901062,1,1
202607171738,e2e_trace_v3,17294049558124299144,216399771135378299,radar_front,radar,1784281107588123313,1784281107588123313,1,0
202607171738,e2e_trace_v3,17294049558124299144,72284583059522446,velodyne64,lidar,1784281107588123313,1784281107588123313,1,1
202607171738,e2e_trace_v3,17294049558124299145,216399771135378300,radar_front,radar,1784281107697499924,1784281107697499924,0,0
202607171738,e2e_trace_v3,17294049558124299145,72284583059522447,velodyne64,lidar,1784281107697499924,1784281107697499924,0,1
202607171738,e2e_trace_v3,17294049558124299146,216399771135378301,radar_front,radar,1784281107813773642,1784281107813773642,1,0
202607171738,e2e_trace_v3,17294049558124299146,72284583059522448,velodyne64,lidar,1784281107813773642,1784281107813773642,1,1
202607171738,e2e_trace_v3,17294049558124299147,72284583059522449,velodyne64,lidar,1784281107923440652,1784281107923440652,0,1
202607171738,e2e_trace_v3,17294049558124299148,216399771135378302,radar_front,radar,1784281108036397420,1784281108036397420,0,0
202607171738,e2e_trace_v3,17294049558124299148,72284583059522450,velodyne64,lidar,1784281108036397420,1784281108036397420,0,1
202607171738,e2e_trace_v3,17294049558124299149,216399771135378303,radar_front,radar,1784281108150469429,1784281108150469429,0,0
202607171738,e2e_trace_v3,17294049558124299149,72284583059522451,velodyne64,lidar,1784281108150469429,1784281108150469429,0,1
202607171738,e2e_trace_v3,17294049558124299150,216399771135378304,radar_front,radar,1784281108260565215,1784281108260565215,0,0
202607171738,e2e_trace_v3,17294049558124299150,72284583059522452,velodyne64,lidar,1784281108260565215,1784281108260565215,0,1
202607171738,e2e_trace_v3,17294049558124299151,216399771135378305,radar_front,radar,1784281108371159872,1784281108371159872,0,0
202607171738,e2e_trace_v3,17294049558124299151,72284583059522453,velodyne64,lidar,1784281108371159872,1784281108371159872,0,1
202607171738,e2e_trace_v3,17294049558124299152,216399771135378305,radar_front,radar,1784281108485627485,1784281108485627485,0,0
202607171738,e2e_trace_v3,17294049558124299152,72284583059522454,velodyne64,lidar,1784281108485627485,1784281108485627485,0,1
202607171738,e2e_trace_v3,17294049558124299153,216399771135378307,radar_front,radar,1784281108596233332,1784281108596233332,0,0
202607171738,e2e_trace_v3,17294049558124299153,72284583059522455,velodyne64,lidar,1784281108596233332,1784281108596233332,0,1
202607171738,e2e_trace_v3,17294049558124299154,216399771135378307,radar_front,radar,1784281108708404884,1784281108708404884,0,0
202607171738,e2e_trace_v3,17294049558124299154,72284583059522456,velodyne64,lidar,1784281108708404884,1784281108708404884,0,1
202607171738,e2e_trace_v3,17294049558124299155,216399771135378309,radar_front,radar,1784281108819671429,1784281108819671429,0,0
202607171738,e2e_trace_v3,17294049558124299155,72284583059522457,velodyne64,lidar,1784281108819671429,1784281108819671429,0,1
202607171738,e2e_trace_v3,17294049558124299156,216399771135378310,radar_front,radar,1784281108934283342,1784281108934283342,0,0
202607171738,e2e_trace_v3,17294049558124299156,72284583059522458,velodyne64,lidar,1784281108934283342,1784281108934283342,0,1
202607171738,e2e_trace_v3,17294049558124299157,216399771135378310,radar_front,radar,1784281109044889956,1784281109044889956,0,0
202607171738,e2e_trace_v3,17294049558124299157,72284583059522459,velodyne64,lidar,1784281109044889956,1784281109044889956,0,1
202607171738,e2e_trace_v3,17294049558124299158,216399771135378311,radar_front,radar,1784281109152936330,1784281109152936330,0,0
202607171738,e2e_trace_v3,17294049558124299158,72284583059522460,velodyne64,lidar,1784281109152936330,1784281109152936330,0,1
202607171738,e2e_trace_v3,17294049558124299159,216399771135378312,radar_front,radar,1784281109259708532,1784281109259708532,0,0
202607171738,e2e_trace_v3,17294049558124299159,72284583059522461,velodyne64,lidar,1784281109259708532,1784281109259708532,0,1
202607171738,e2e_trace_v3,17294049558124299160,216399771135378313,radar_front,radar,1784281109369782643,1784281109369782643,1,0
202607171738,e2e_trace_v3,17294049558124299160,72284583059522462,velodyne64,lidar,1784281109369782643,1784281109369782643,1,1
202607171738,e2e_trace_v3,17294049558124299161,216399771135378314,radar_front,radar,1784281109485278113,1784281109485278113,0,0
202607171738,e2e_trace_v3,17294049558124299161,72284583059522463,velodyne64,lidar,1784281109485278113,1784281109485278113,0,1
202607171738,e2e_trace_v3,17294049558124299162,72284583059522464,velodyne64,lidar,1784281109625202471,1784281109625202471,0,1
202607171738,e2e_trace_v3,17294049558124299163,216399771135378315,radar_front,radar,1784281109736091271,1784281109736091271,0,0
202607171738,e2e_trace_v3,17294049558124299163,72284583059522465,velodyne64,lidar,1784281109736091271,1784281109736091271,0,1
202607171738,e2e_trace_v3,17294049558124299164,216399771135378317,radar_front,radar,1784281109844981606,1784281109844981606,0,0
202607171738,e2e_trace_v3,17294049558124299164,72284583059522466,velodyne64,lidar,1784281109844981606,1784281109844981606,0,1
202607171738,e2e_trace_v3,17294049558124299165,216399771135378317,radar_front,radar,1784281109957696529,1784281109957696529,0,0
202607171738,e2e_trace_v3,17294049558124299165,72284583059522467,velodyne64,lidar,1784281109957696529,1784281109957696529,0,1
202607171738,e2e_trace_v3,17294049558124299166,216399771135378318,radar_front,radar,1784281110068563594,1784281110068563594,0,0
202607171738,e2e_trace_v3,17294049558124299166,72284583059522468,velodyne64,lidar,1784281110068563594,1784281110068563594,0,1
202607171738,e2e_trace_v3,17294049558124299167,216399771135378320,radar_front,radar,1784281110176699964,1784281110176699964,1,0
202607171738,e2e_trace_v3,17294049558124299167,72284583059522469,velodyne64,lidar,1784281110176699964,1784281110176699964,1,1
202607171738,e2e_trace_v3,17294049558124299168,216399771135378320,radar_front,radar,1784281110305282453,1784281110305282453,0,0
202607171738,e2e_trace_v3,17294049558124299168,72284583059522470,velodyne64,lidar,1784281110305282453,1784281110305282453,0,1
202607171738,e2e_trace_v3,17294049558124299169,216399771135378321,radar_front,radar,1784281110411917903,1784281110411917903,1,0
202607171738,e2e_trace_v3,17294049558124299169,72284583059522471,velodyne64,lidar,1784281110411917903,1784281110411917903,1,1
202607171738,e2e_trace_v3,17294049558124299170,216399771135378322,radar_front,radar,1784281110520484378,1784281110520484378,1,0
202607171738,e2e_trace_v3,17294049558124299170,72284583059522472,velodyne64,lidar,1784281110520484378,1784281110520484378,1,1
202607171738,e2e_trace_v3,17294049558124299171,216399771135378324,radar_front,radar,1784281110631645027,1784281110631645027,1,0
202607171738,e2e_trace_v3,17294049558124299171,72284583059522473,velodyne64,lidar,1784281110631645027,1784281110631645027,1,1
202607171738,e2e_trace_v3,17294049558124299172,216399771135378325,radar_front,radar,1784281110738847900,1784281110738847900,1,0
202607171738,e2e_trace_v3,17294049558124299172,72284583059522474,velodyne64,lidar,1784281110738847900,1784281110738847900,1,1
202607171738,e2e_trace_v3,17294049558124299173,216399771135378325,radar_front,radar,1784281110847853868,1784281110847853868,1,0
202607171738,e2e_trace_v3,17294049558124299173,72284583059522475,velodyne64,lidar,1784281110847853868,1784281110847853868,1,1
202607171738,e2e_trace_v3,17294049558124299174,216399771135378327,radar_front,radar,1784281110956526146,1784281110956526146,1,0
202607171738,e2e_trace_v3,17294049558124299174,72284583059522476,velodyne64,lidar,1784281110956526146,1784281110956526146,1,1
202607171738,e2e_trace_v3,17294049558124299175,216399771135378328,radar_front,radar,1784281111073855893,1784281111073855893,1,0
202607171738,e2e_trace_v3,17294049558124299175,72284583059522477,velodyne64,lidar,1784281111073855893,1784281111073855893,1,1
202607171738,e2e_trace_v3,17294049558124299176,216399771135378328,radar_front,radar,1784281111187466307,1784281111187466307,0,0
202607171738,e2e_trace_v3,17294049558124299176,72284583059522478,velodyne64,lidar,1784281111187466307,1784281111187466307,0,1
202607171738,e2e_trace_v3,17294049558124299177,216399771135378329,radar_front,radar,1784281111295009884,1784281111295009884,0,0
202607171738,e2e_trace_v3,17294049558124299177,72284583059522479,velodyne64,lidar,1784281111295009884,1784281111295009884,0,1
202607171738,e2e_trace_v3,17294049558124299178,216399771135378330,radar_front,radar,1784281111424028406,1784281111424028406,1,0
202607171738,e2e_trace_v3,17294049558124299178,72284583059522480,velodyne64,lidar,1784281111424028406,1784281111424028406,1,1
202607171738,e2e_trace_v3,17294049558124299179,216399771135378331,radar_front,radar,1784281111534629831,1784281111534629831,0,0
202607171738,e2e_trace_v3,17294049558124299179,72284583059522481,velodyne64,lidar,1784281111534629831,1784281111534629831,0,1
202607171738,e2e_trace_v3,17294049558124299180,216399771135378332,radar_front,radar,1784281111644665992,1784281111644665992,0,0
202607171738,e2e_trace_v3,17294049558124299180,72284583059522482,velodyne64,lidar,1784281111644665992,1784281111644665992,0,1
202607171738,e2e_trace_v3,17294049558124299181,216399771135378333,radar_front,radar,1784281111755936365,1784281111755936365,1,0
202607171738,e2e_trace_v3,17294049558124299181,72284583059522483,velodyne64,lidar,1784281111755936365,1784281111755936365,1,1
202607171738,e2e_trace_v3,17294049558124299182,72284583059522484,velodyne64,lidar,1784281111867451557,1784281111867451557,0,1
202607171738,e2e_trace_v3,17294049558124299183,216399771135378334,radar_front,radar,1784281111979184892,1784281111979184892,0,0
202607171738,e2e_trace_v3,17294049558124299183,72284583059522485,velodyne64,lidar,1784281111979184892,1784281111979184892,0,1
202607171738,e2e_trace_v3,17294049558124299184,216399771135378335,radar_front,radar,1784281112088791661,1784281112088791661,0,0
202607171738,e2e_trace_v3,17294049558124299184,72284583059522486,velodyne64,lidar,1784281112088791661,1784281112088791661,0,1
202607171738,e2e_trace_v3,17294049558124299185,216399771135378336,radar_front,radar,1784281112199302410,1784281112199302410,0,0
202607171738,e2e_trace_v3,17294049558124299185,72284583059522487,velodyne64,lidar,1784281112199302410,1784281112199302410,0,1
202607171738,e2e_trace_v3,17294049558124299186,216399771135378337,radar_front,radar,1784281112342966937,1784281112342966937,0,0
202607171738,e2e_trace_v3,17294049558124299186,72284583059522488,velodyne64,lidar,1784281112342966937,1784281112342966937,0,1
202607171738,e2e_trace_v3,17294049558124299187,216399771135378338,radar_front,radar,1784281112467310978,1784281112467310978,0,0
202607171738,e2e_trace_v3,17294049558124299187,72284583059522489,velodyne64,lidar,1784281112467310978,1784281112467310978,0,1
202607171738,e2e_trace_v3,17294049558124299188,72284583059522490,velodyne64,lidar,1784281112579992511,1784281112579992511,0,1
202607171738,e2e_trace_v3,17294049558124299189,216399771135378339,radar_front,radar,1784281112690682156,1784281112690682156,0,0
202607171738,e2e_trace_v3,17294049558124299189,72284583059522491,velodyne64,lidar,1784281112690682156,1784281112690682156,0,1
202607171738,e2e_trace_v3,17294049558124299190,216399771135378340,radar_front,radar,1784281112799470043,1784281112799470043,0,0
202607171738,e2e_trace_v3,17294049558124299190,72284583059522492,velodyne64,lidar,1784281112799470043,1784281112799470043,0,1
202607171738,e2e_trace_v3,17294049558124299191,216399771135378341,radar_front,radar,1784281112910995659,1784281112910995659,0,0
202607171738,e2e_trace_v3,17294049558124299191,72284583059522493,velodyne64,lidar,1784281112910995659,1784281112910995659,0,1
202607171738,e2e_trace_v3,17294049558124299192,216399771135378342,radar_front,radar,1784281113024533731,1784281113024533731,0,0
202607171738,e2e_trace_v3,17294049558124299192,72284583059522494,velodyne64,lidar,1784281113024533731,1784281113024533731,0,1
202607171738,e2e_trace_v3,17294049558124299193,216399771135378343,radar_front,radar,1784281113138423144,1784281113138423144,0,0
202607171738,e2e_trace_v3,17294049558124299193,72284583059522495,velodyne64,lidar,1784281113138423144,1784281113138423144,0,1
202607171738,e2e_trace_v3,17294049558124299194,216399771135378344,radar_front,radar,1784281113248889319,1784281113248889319,0,0
202607171738,e2e_trace_v3,17294049558124299194,72284583059522496,velodyne64,lidar,1784281113248889319,1784281113248889319,0,1
202607171738,e2e_trace_v3,17294049558124299195,216399771135378345,radar_front,radar,1784281113386875437,1784281113386875437,0,0
202607171738,e2e_trace_v3,17294049558124299195,72284583059522497,velodyne64,lidar,1784281113386875437,1784281113386875437,0,1
202607171738,e2e_trace_v3,17294049558124299196,216399771135378346,radar_front,radar,1784281113501761667,1784281113501761667,0,0
202607171738,e2e_trace_v3,17294049558124299196,72284583059522498,velodyne64,lidar,1784281113501761667,1784281113501761667,0,1
202607171738,e2e_trace_v3,17294049558124299197,216399771135378347,radar_front,radar,1784281113627818919,1784281113627818919,0,0
202607171738,e2e_trace_v3,17294049558124299197,72284583059522499,velodyne64,lidar,1784281113627818919,1784281113627818919,0,1
202607171738,e2e_trace_v3,17294049558124299198,216399771135378348,radar_front,radar,1784281113750643776,1784281113750643776,0,0
202607171738,e2e_trace_v3,17294049558124299198,72284583059522500,velodyne64,lidar,1784281113750643776,1784281113750643776,0,1
202607171738,e2e_trace_v3,17294049558124299199,216399771135378349,radar_front,radar,1784281113870880972,1784281113870880972,0,0
202607171738,e2e_trace_v3,17294049558124299199,72284583059522501,velodyne64,lidar,1784281113870880972,1784281113870880972,0,1
202607171738,e2e_trace_v3,17294049558124299200,216399771135378350,radar_front,radar,1784281113991065195,1784281113991065195,0,0
202607171738,e2e_trace_v3,17294049558124299200,72284583059522502,velodyne64,lidar,1784281113991065195,1784281113991065195,0,1
202607171738,e2e_trace_v3,17294049558124299201,72284583059522503,velodyne64,lidar,1784281114103105441,1784281114103105441,0,1
202607171738,e2e_trace_v3,17294049558124299202,216399771135378351,radar_front,radar,1784281114213888027,1784281114213888027,0,0
202607171738,e2e_trace_v3,17294049558124299202,72284583059522504,velodyne64,lidar,1784281114213888027,1784281114213888027,0,1
202607171738,e2e_trace_v3,17294049558124299203,216399771135378352,radar_front,radar,1784281114326403887,1784281114326403887,0,0
202607171738,e2e_trace_v3,17294049558124299203,72284583059522505,velodyne64,lidar,1784281114326403887,1784281114326403887,0,1
202607171738,e2e_trace_v3,17294049558124299204,216399771135378353,radar_front,radar,1784281114440871865,1784281114440871865,0,0
202607171738,e2e_trace_v3,17294049558124299204,72284583059522506,velodyne64,lidar,1784281114440871865,1784281114440871865,0,1
202607171738,e2e_trace_v3,17294049558124299205,216399771135378354,radar_front,radar,1784281114551969863,1784281114551969863,0,0
202607171738,e2e_trace_v3,17294049558124299205,72284583059522507,velodyne64,lidar,1784281114551969863,1784281114551969863,0,1
202607171738,e2e_trace_v3,17294049558124299206,216399771135378355,radar_front,radar,1784281114665596659,1784281114665596659,0,0
202607171738,e2e_trace_v3,17294049558124299206,72284583059522508,velodyne64,lidar,1784281114665596659,1784281114665596659,0,1
202607171738,e2e_trace_v3,17294049558124299207,216399771135378356,radar_front,radar,1784281114776263451,1784281114776263451,0,0
202607171738,e2e_trace_v3,17294049558124299207,72284583059522509,velodyne64,lidar,1784281114776263451,1784281114776263451,0,1
202607171738,e2e_trace_v3,17294049558124299208,216399771135378357,radar_front,radar,1784281114890982859,1784281114890982859,0,0
202607171738,e2e_trace_v3,17294049558124299208,72284583059522510,velodyne64,lidar,1784281114890982859,1784281114890982859,0,1
202607171738,e2e_trace_v3,17294049558124299209,216399771135378358,radar_front,radar,1784281115002704534,1784281115002704534,0,0
202607171738,e2e_trace_v3,17294049558124299209,72284583059522511,velodyne64,lidar,1784281115002704534,1784281115002704534,0,1
202607171738,e2e_trace_v3,17294049558124299210,216399771135378359,radar_front,radar,1784281115112274334,1784281115112274334,0,0
202607171738,e2e_trace_v3,17294049558124299210,72284583059522512,velodyne64,lidar,1784281115112274334,1784281115112274334,0,1
202607171738,e2e_trace_v3,17294049558124299211,216399771135378360,radar_front,radar,1784281115226564424,1784281115226564424,0,0
202607171738,e2e_trace_v3,17294049558124299211,72284583059522513,velodyne64,lidar,1784281115226564424,1784281115226564424,0,1
202607171738,e2e_trace_v3,17294049558124299212,216399771135378362,radar_front,radar,1784281115335867483,1784281115335867483,0,0
202607171738,e2e_trace_v3,17294049558124299212,72284583059522514,velodyne64,lidar,1784281115335867483,1784281115335867483,0,1
202607171738,e2e_trace_v3,17294049558124299213,216399771135378362,radar_front,radar,1784281115451136151,1784281115451136151,0,0
202607171738,e2e_trace_v3,17294049558124299213,72284583059522515,velodyne64,lidar,1784281115451136151,1784281115451136151,0,1
202607171738,e2e_trace_v3,17294049558124299214,216399771135378363,radar_front,radar,1784281115563685769,1784281115563685769,0,0
202607171738,e2e_trace_v3,17294049558124299214,72284583059522516,velodyne64,lidar,1784281115563685769,1784281115563685769,0,1
202607171738,e2e_trace_v3,17294049558124299215,216399771135378364,radar_front,radar,1784281115676189921,1784281115676189921,0,0
202607171738,e2e_trace_v3,17294049558124299215,72284583059522517,velodyne64,lidar,1784281115676189921,1784281115676189921,0,1
202607171738,e2e_trace_v3,17294049558124299216,216399771135378365,radar_front,radar,1784281115788211758,1784281115788211758,0,0
202607171738,e2e_trace_v3,17294049558124299216,72284583059522518,velodyne64,lidar,1784281115788211758,1784281115788211758,0,1
202607171738,e2e_trace_v3,17294049558124299217,72284583059522519,velodyne64,lidar,1784281115900610287,1784281115900610287,0,1
202607171738,e2e_trace_v3,17294049558124299218,216399771135378367,radar_front,radar,1784281116011297236,1784281116011297236,0,0
202607171738,e2e_trace_v3,17294049558124299218,72284583059522520,velodyne64,lidar,1784281116011297236,1784281116011297236,0,1
202607171738,e2e_trace_v3,17294049558124299219,216399771135378368,radar_front,radar,1784281116124996354,1784281116124996354,0,0
202607171738,e2e_trace_v3,17294049558124299219,72284583059522521,velodyne64,lidar,1784281116124996354,1784281116124996354,0,1
202607171738,e2e_trace_v3,17294049558124299220,216399771135378369,radar_front,radar,1784281116246043273,1784281116246043273,0,0
202607171738,e2e_trace_v3,17294049558124299220,72284583059522522,velodyne64,lidar,1784281116246043273,1784281116246043273,0,1
202607171738,e2e_trace_v3,17294049558124299221,216399771135378370,radar_front,radar,1784281116359692145,1784281116359692145,0,0
202607171738,e2e_trace_v3,17294049558124299221,72284583059522523,velodyne64,lidar,1784281116359692145,1784281116359692145,0,1
202607171738,e2e_trace_v3,17294049558124299222,216399771135378371,radar_front,radar,1784281116469944066,1784281116469944066,0,0
202607171738,e2e_trace_v3,17294049558124299222,72284583059522524,velodyne64,lidar,1784281116469944066,1784281116469944066,0,1
202607171738,e2e_trace_v3,17294049558124299223,216399771135378372,radar_front,radar,1784281116578816060,1784281116578816060,0,0
202607171738,e2e_trace_v3,17294049558124299223,72284583059522525,velodyne64,lidar,1784281116578816060,1784281116578816060,0,1
202607171738,e2e_trace_v3,17294049558124299224,216399771135378373,radar_front,radar,1784281116690973718,1784281116690973718,0,0
202607171738,e2e_trace_v3,17294049558124299224,72284583059522526,velodyne64,lidar,1784281116690973718,1784281116690973718,0,1
202607171738,e2e_trace_v3,17294049558124299225,216399771135378374,radar_front,radar,1784281116808574157,1784281116808574157,0,0
202607171738,e2e_trace_v3,17294049558124299225,72284583059522527,velodyne64,lidar,1784281116808574157,1784281116808574157,0,1
202607171738,e2e_trace_v3,17294049558124299226,216399771135378375,radar_front,radar,1784281116921334312,1784281116921334312,0,0
202607171738,e2e_trace_v3,17294049558124299226,72284583059522528,velodyne64,lidar,1784281116921334312,1784281116921334312,0,1
202607171738,e2e_trace_v3,17294049558124299227,216399771135378376,radar_front,radar,1784281117033814630,1784281117033814630,0,0
202607171738,e2e_trace_v3,17294049558124299227,72284583059522529,velodyne64,lidar,1784281117033814630,1784281117033814630,0,1
202607171738,e2e_trace_v3,17294049558124299228,216399771135378377,radar_front,radar,1784281117147028052,1784281117147028052,0,0
202607171738,e2e_trace_v3,17294049558124299228,72284583059522530,velodyne64,lidar,1784281117147028052,1784281117147028052,0,1
202607171738,e2e_trace_v3,17294049558124299229,216399771135378378,radar_front,radar,1784281117260589420,1784281117260589420,0,0
202607171738,e2e_trace_v3,17294049558124299229,72284583059522531,velodyne64,lidar,1784281117260589420,1784281117260589420,0,1
202607171738,e2e_trace_v3,17294049558124299230,216399771135378379,radar_front,radar,1784281117376973445,1784281117376973445,0,0
202607171738,e2e_trace_v3,17294049558124299230,72284583059522532,velodyne64,lidar,1784281117376973445,1784281117376973445,0,1
202607171738,e2e_trace_v3,17294049558124299231,216399771135378380,radar_front,radar,1784281117489678667,1784281117489678667,0,0
202607171738,e2e_trace_v3,17294049558124299231,72284583059522533,velodyne64,lidar,1784281117489678667,1784281117489678667,0,1
202607171738,e2e_trace_v3,17294049558124299232,216399771135378381,radar_front,radar,1784281117598333051,1784281117598333051,0,0
202607171738,e2e_trace_v3,17294049558124299232,72284583059522534,velodyne64,lidar,1784281117598333051,1784281117598333051,0,1
202607171738,e2e_trace_v3,17294049558124299233,216399771135378382,radar_front,radar,1784281117715692811,1784281117715692811,0,0
202607171738,e2e_trace_v3,17294049558124299233,72284583059522535,velodyne64,lidar,1784281117715692811,1784281117715692811,0,1
202607171738,e2e_trace_v3,17294049558124299234,216399771135378383,radar_front,radar,1784281117828460318,1784281117828460318,0,0
202607171738,e2e_trace_v3,17294049558124299234,72284583059522536,velodyne64,lidar,1784281117828460318,1784281117828460318,0,1
202607171738,e2e_trace_v3,17294049558124299235,72284583059522537,velodyne64,lidar,1784281117941759105,1784281117941759105,0,1
202607171738,e2e_trace_v3,17294049558124299236,216399771135378384,radar_front,radar,1784281118052051665,1784281118052051665,0,0
202607171738,e2e_trace_v3,17294049558124299236,72284583059522538,velodyne64,lidar,1784281118052051665,1784281118052051665,0,1
202607171738,e2e_trace_v3,17294049558124299237,216399771135378385,radar_front,radar,1784281118164588367,1784281118164588367,0,0
202607171738,e2e_trace_v3,17294049558124299237,72284583059522539,velodyne64,lidar,1784281118164588367,1784281118164588367,0,1
202607171738,e2e_trace_v3,17294049558124299238,216399771135378386,radar_front,radar,1784281118289310423,1784281118289310423,0,0
202607171738,e2e_trace_v3,17294049558124299238,72284583059522540,velodyne64,lidar,1784281118289310423,1784281118289310423,0,1
202607171738,e2e_trace_v3,17294049558124299239,216399771135378387,radar_front,radar,1784281118412754539,1784281118412754539,0,0
202607171738,e2e_trace_v3,17294049558124299239,72284583059522541,velodyne64,lidar,1784281118412754539,1784281118412754539,0,1
202607171738,e2e_trace_v3,17294049558124299240,216399771135378388,radar_front,radar,1784281118527616488,1784281118527616488,0,0
202607171738,e2e_trace_v3,17294049558124299240,72284583059522542,velodyne64,lidar,1784281118527616488,1784281118527616488,0,1
202607171738,e2e_trace_v3,17294049558124299241,216399771135378389,radar_front,radar,1784281118641901391,1784281118641901391,0,0
202607171738,e2e_trace_v3,17294049558124299241,72284583059522543,velodyne64,lidar,1784281118641901391,1784281118641901391,0,1
202607171738,e2e_trace_v3,17294049558124299242,216399771135378390,radar_front,radar,1784281118753488193,1784281118753488193,0,0
202607171738,e2e_trace_v3,17294049558124299242,72284583059522544,velodyne64,lidar,1784281118753488193,1784281118753488193,0,1
202607171738,e2e_trace_v3,17294049558124299243,216399771135378391,radar_front,radar,1784281118867408188,1784281118867408188,0,0
202607171738,e2e_trace_v3,17294049558124299243,72284583059522545,velodyne64,lidar,1784281118867408188,1784281118867408188,0,1
202607171738,e2e_trace_v3,17294049558124299244,216399771135378392,radar_front,radar,1784281118988604146,1784281118988604146,0,0
202607171738,e2e_trace_v3,17294049558124299244,72284583059522546,velodyne64,lidar,1784281118988604146,1784281118988604146,0,1
202607171738,e2e_trace_v3,17294049558124299245,216399771135378393,radar_front,radar,1784281119097832181,1784281119097832181,0,0
202607171738,e2e_trace_v3,17294049558124299245,72284583059522547,velodyne64,lidar,1784281119097832181,1784281119097832181,0,1
202607171738,e2e_trace_v3,17294049558124299246,216399771135378394,radar_front,radar,1784281119208012552,1784281119208012552,0,0
202607171738,e2e_trace_v3,17294049558124299246,72284583059522548,velodyne64,lidar,1784281119208012552,1784281119208012552,0,1
202607171738,e2e_trace_v3,17294049558124299247,216399771135378395,radar_front,radar,1784281119323352312,1784281119323352312,0,0
202607171738,e2e_trace_v3,17294049558124299247,72284583059522549,velodyne64,lidar,1784281119323352312,1784281119323352312,0,1
202607171738,e2e_trace_v3,17294049558124299248,216399771135378396,radar_front,radar,1784281119436554198,1784281119436554198,0,0
202607171738,e2e_trace_v3,17294049558124299248,72284583059522550,velodyne64,lidar,1784281119436554198,1784281119436554198,0,1
202607171738,e2e_trace_v3,17294049558124299249,216399771135378397,radar_front,radar,1784281119547008155,1784281119547008155,0,0
202607171738,e2e_trace_v3,17294049558124299249,72284583059522551,velodyne64,lidar,1784281119547008155,1784281119547008155,0,1
202607171738,e2e_trace_v3,17294049558124299250,216399771135378398,radar_front,radar,1784281119657964739,1784281119657964739,0,0
202607171738,e2e_trace_v3,17294049558124299250,72284583059522552,velodyne64,lidar,1784281119657964739,1784281119657964739,0,1
202607171738,e2e_trace_v3,17294049558124299251,216399771135378399,radar_front,radar,1784281119772175952,1784281119772175952,0,0
202607171738,e2e_trace_v3,17294049558124299251,72284583059522553,velodyne64,lidar,1784281119772175952,1784281119772175952,0,1
202607171738,e2e_trace_v3,17294049558124299252,216399771135378400,radar_front,radar,1784281119882017520,1784281119882017520,0,0
202607171738,e2e_trace_v3,17294049558124299252,72284583059522554,velodyne64,lidar,1784281119882017520,1784281119882017520,0,1
202607171738,e2e_trace_v3,17294049558124299253,216399771135378402,radar_front,radar,1784281120000195787,1784281120000195787,0,0
202607171738,e2e_trace_v3,17294049558124299253,72284583059522555,velodyne64,lidar,1784281120000195787,1784281120000195787,0,1
202607171738,e2e_trace_v3,17294049558124299254,216399771135378402,radar_front,radar,1784281120109005014,1784281120109005014,0,0
202607171738,e2e_trace_v3,17294049558124299254,72284583059522556,velodyne64,lidar,1784281120109005014,1784281120109005014,0,1
202607171738,e2e_trace_v3,17294049558124299255,216399771135378403,radar_front,radar,1784281120216873373,1784281120216873373,0,0
202607171738,e2e_trace_v3,17294049558124299255,72284583059522557,velodyne64,lidar,1784281120216873373,1784281120216873373,0,1
202607171738,e2e_trace_v3,17294049558124299256,216399771135378404,radar_front,radar,1784281120329777247,1784281120329777247,0,0
202607171738,e2e_trace_v3,17294049558124299256,72284583059522558,velodyne64,lidar,1784281120329777247,1784281120329777247,0,1
202607171738,e2e_trace_v3,17294049558124299257,216399771135378405,radar_front,radar,1784281120441500137,1784281120441500137,0,0
202607171738,e2e_trace_v3,17294049558124299257,72284583059522559,velodyne64,lidar,1784281120441500137,1784281120441500137,0,1
202607171738,e2e_trace_v3,17294049558124299258,216399771135378406,radar_front,radar,1784281120553090495,1784281120553090495,0,0
202607171738,e2e_trace_v3,17294049558124299258,72284583059522560,velodyne64,lidar,1784281120553090495,1784281120553090495,0,1
202607171738,e2e_trace_v3,17294049558124299259,216399771135378407,radar_front,radar,1784281120663632789,1784281120663632789,0,0
202607171738,e2e_trace_v3,17294049558124299259,72284583059522561,velodyne64,lidar,1784281120663632789,1784281120663632789,0,1
202607171738,e2e_trace_v3,17294049558124299260,216399771135378408,radar_front,radar,1784281120782207554,1784281120782207554,0,0
202607171738,e2e_trace_v3,17294049558124299260,72284583059522562,velodyne64,lidar,1784281120782207554,1784281120782207554,0,1
202607171738,e2e_trace_v3,17294049558124299261,216399771135378409,radar_front,radar,1784281120907781873,1784281120907781873,0,0
202607171738,e2e_trace_v3,17294049558124299261,72284583059522563,velodyne64,lidar,1784281120907781873,1784281120907781873,0,1
202607171738,e2e_trace_v3,17294049558124299262,216399771135378410,radar_front,radar,1784281121031205659,1784281121031205659,0,0
202607171738,e2e_trace_v3,17294049558124299262,72284583059522564,velodyne64,lidar,1784281121031205659,1784281121031205659,0,1
202607171738,e2e_trace_v3,17294049558124299263,216399771135378411,radar_front,radar,1784281121140692822,1784281121140692822,0,0
202607171738,e2e_trace_v3,17294049558124299263,72284583059522565,velodyne64,lidar,1784281121140692822,1784281121140692822,0,1
202607171738,e2e_trace_v3,17294049558124299264,216399771135378412,radar_front,radar,1784281121250846198,1784281121250846198,0,0
202607171738,e2e_trace_v3,17294049558124299264,72284583059522566,velodyne64,lidar,1784281121250846198,1784281121250846198,0,1
202607171738,e2e_trace_v3,17294049558124299265,216399771135378413,radar_front,radar,1784281121363944873,1784281121363944873,0,0
202607171738,e2e_trace_v3,17294049558124299265,72284583059522567,velodyne64,lidar,1784281121363944873,1784281121363944873,0,1
202607171738,e2e_trace_v3,17294049558124299266,216399771135378414,radar_front,radar,1784281121476402296,1784281121476402296,0,0
202607171738,e2e_trace_v3,17294049558124299266,72284583059522568,velodyne64,lidar,1784281121476402296,1784281121476402296,0,1
202607171738,e2e_trace_v3,17294049558124299267,216399771135378415,radar_front,radar,1784281121588879074,1784281121588879074,0,0
202607171738,e2e_trace_v3,17294049558124299267,72284583059522569,velodyne64,lidar,1784281121588879074,1784281121588879074,0,1
202607171738,e2e_trace_v3,17294049558124299268,216399771135378416,radar_front,radar,1784281121698055825,1784281121698055825,0,0
202607171738,e2e_trace_v3,17294049558124299268,72284583059522570,velodyne64,lidar,1784281121698055825,1784281121698055825,0,1
202607171738,e2e_trace_v3,17294049558124299269,216399771135378417,radar_front,radar,1784281121808681862,1784281121808681862,0,0
202607171738,e2e_trace_v3,17294049558124299269,72284583059522571,velodyne64,lidar,1784281121808681862,1784281121808681862,0,1
202607171738,e2e_trace_v3,17294049558124299270,216399771135378418,radar_front,radar,1784281121920711302,1784281121920711302,0,0
202607171738,e2e_trace_v3,17294049558124299270,72284583059522572,velodyne64,lidar,1784281121920711302,1784281121920711302,0,1
202607171738,e2e_trace_v3,17294049558124299271,216399771135378419,radar_front,radar,1784281122031246090,1784281122031246090,0,0
202607171738,e2e_trace_v3,17294049558124299271,72284583059522573,velodyne64,lidar,1784281122031246090,1784281122031246090,0,1
202607171738,e2e_trace_v3,17294049558124299272,216399771135378420,radar_front,radar,1784281122144225670,1784281122144225670,0,0
202607171738,e2e_trace_v3,17294049558124299272,72284583059522574,velodyne64,lidar,1784281122144225670,1784281122144225670,0,1
202607171738,e2e_trace_v3,17294049558124299273,216399771135378421,radar_front,radar,1784281122255884936,1784281122255884936,0,0
202607171738,e2e_trace_v3,17294049558124299273,72284583059522575,velodyne64,lidar,1784281122255884936,1784281122255884936,0,1
202607171738,e2e_trace_v3,17294049558124299274,216399771135378422,radar_front,radar,1784281122365305240,1784281122365305240,0,0
202607171738,e2e_trace_v3,17294049558124299274,72284583059522576,velodyne64,lidar,1784281122365305240,1784281122365305240,0,1
202607171738,e2e_trace_v3,17294049558124299275,216399771135378423,radar_front,radar,1784281122473815545,1784281122473815545,0,0
202607171738,e2e_trace_v3,17294049558124299275,72284583059522577,velodyne64,lidar,1784281122473815545,1784281122473815545,0,1
202607171738,e2e_trace_v3,17294049558124299276,216399771135378424,radar_front,radar,1784281122583046566,1784281122583046566,0,0
202607171738,e2e_trace_v3,17294049558124299276,72284583059522578,velodyne64,lidar,1784281122583046566,1784281122583046566,0,1
202607171738,e2e_trace_v3,17294049558124299277,216399771135378425,radar_front,radar,1784281122698227302,1784281122698227302,0,0
202607171738,e2e_trace_v3,17294049558124299277,72284583059522579,velodyne64,lidar,1784281122698227302,1784281122698227302,0,1
202607171738,e2e_trace_v3,17294049558124299278,216399771135378426,radar_front,radar,1784281122816522228,1784281122816522228,1,0
202607171738,e2e_trace_v3,17294049558124299278,72284583059522580,velodyne64,lidar,1784281122816522228,1784281122816522228,1,1
202607171738,e2e_trace_v3,17294049558124299279,216399771135378427,radar_front,radar,1784281122942952520,1784281122942952520,1,0
202607171738,e2e_trace_v3,17294049558124299279,72284583059522581,velodyne64,lidar,1784281122942952520,1784281122942952520,1,1
202607171738,e2e_trace_v3,17294049558124299280,216399771135378428,radar_front,radar,1784281123072136820,1784281123072136820,1,0
202607171738,e2e_trace_v3,17294049558124299280,72284583059522582,velodyne64,lidar,1784281123072136820,1784281123072136820,1,1
202607171738,e2e_trace_v3,17294049558124299281,216399771135378429,radar_front,radar,1784281123183965272,1784281123183965272,1,0
202607171738,e2e_trace_v3,17294049558124299281,72284583059522583,velodyne64,lidar,1784281123183965272,1784281123183965272,1,1
202607171738,e2e_trace_v3,17294049558124299282,216399771135378430,radar_front,radar,1784281123293432457,1784281123293432457,1,0
202607171738,e2e_trace_v3,17294049558124299282,72284583059522584,velodyne64,lidar,1784281123293432457,1784281123293432457,1,1
202607171738,e2e_trace_v3,17294049558124299283,216399771135378431,radar_front,radar,1784281123403299204,1784281123403299204,1,0
202607171738,e2e_trace_v3,17294049558124299283,72284583059522585,velodyne64,lidar,1784281123403299204,1784281123403299204,1,1
202607171738,e2e_trace_v3,17294049558124299284,216399771135378432,radar_front,radar,1784281123515119243,1784281123515119243,1,0
202607171738,e2e_trace_v3,17294049558124299284,72284583059522586,velodyne64,lidar,1784281123515119243,1784281123515119243,1,1
202607171738,e2e_trace_v3,17294049558124299285,216399771135378433,radar_front,radar,1784281123660422044,1784281123660422044,1,0
202607171738,e2e_trace_v3,17294049558124299285,72284583059522587,velodyne64,lidar,1784281123660422044,1784281123660422044,1,1
202607171738,e2e_trace_v3,17294049558124299286,216399771135378434,radar_front,radar,1784281123770326899,1784281123770326899,1,0
202607171738,e2e_trace_v3,17294049558124299286,72284583059522588,velodyne64,lidar,1784281123770326899,1784281123770326899,1,1
202607171738,e2e_trace_v3,17294049558124299287,216399771135378435,radar_front,radar,1784281123882308356,1784281123882308356,1,0
202607171738,e2e_trace_v3,17294049558124299287,72284583059522589,velodyne64,lidar,1784281123882308356,1784281123882308356,1,1
202607171738,e2e_trace_v3,17294049558124299288,216399771135378436,radar_front,radar,1784281123994823434,1784281123994823434,1,0
202607171738,e2e_trace_v3,17294049558124299288,72284583059522590,velodyne64,lidar,1784281123994823434,1784281123994823434,1,1
202607171738,e2e_trace_v3,17294049558124299289,216399771135378437,radar_front,radar,1784281124107326892,1784281124107326892,1,0
202607171738,e2e_trace_v3,17294049558124299289,72284583059522591,velodyne64,lidar,1784281124107326892,1784281124107326892,1,1
202607171738,e2e_trace_v3,17294049558124299290,216399771135378438,radar_front,radar,1784281124216694240,1784281124216694240,1,0
202607171738,e2e_trace_v3,17294049558124299290,72284583059522592,velodyne64,lidar,1784281124216694240,1784281124216694240,1,1
202607171738,e2e_trace_v3,17294049558124299291,216399771135378439,radar_front,radar,1784281124324394206,1784281124324394206,1,0
202607171738,e2e_trace_v3,17294049558124299291,72284583059522593,velodyne64,lidar,1784281124324394206,1784281124324394206,1,1
202607171738,e2e_trace_v3,17294049558124299292,216399771135378440,radar_front,radar,1784281124438956625,1784281124438956625,1,0
202607171738,e2e_trace_v3,17294049558124299292,72284583059522594,velodyne64,lidar,1784281124438956625,1784281124438956625,1,1
202607171738,e2e_trace_v3,17294049558124299293,216399771135378441,radar_front,radar,1784281124547486159,1784281124547486159,1,0
202607171738,e2e_trace_v3,17294049558124299293,72284583059522595,velodyne64,lidar,1784281124547486159,1784281124547486159,1,1
202607171738,e2e_trace_v3,17294049558124299294,216399771135378442,radar_front,radar,1784281124704645335,1784281124704645335,1,0
202607171738,e2e_trace_v3,17294049558124299294,72284583059522596,velodyne64,lidar,1784281124704645335,1784281124704645335,1,1
202607171738,e2e_trace_v3,17294049558124299295,216399771135378443,radar_front,radar,1784281124817139712,1784281124817139712,1,0
202607171738,e2e_trace_v3,17294049558124299295,72284583059522597,velodyne64,lidar,1784281124817139712,1784281124817139712,1,1
202607171738,e2e_trace_v3,17294049558124299296,72284583059522598,velodyne64,lidar,1784281124929138296,1784281124929138296,1,1
202607171738,e2e_trace_v3,17294049558124299297,216399771135378444,radar_front,radar,1784281125048581379,1784281125048581379,1,0
202607171738,e2e_trace_v3,17294049558124299297,72284583059522599,velodyne64,lidar,1784281125048581379,1784281125048581379,1,1
202607171738,e2e_trace_v3,17294049558124299298,216399771135378445,radar_front,radar,1784281125158784445,1784281125158784445,1,0
202607171738,e2e_trace_v3,17294049558124299298,72284583059522600,velodyne64,lidar,1784281125158784445,1784281125158784445,1,1
202607171738,e2e_trace_v3,17294049558124299299,216399771135378446,radar_front,radar,1784281125269084632,1784281125269084632,1,0
202607171738,e2e_trace_v3,17294049558124299299,72284583059522601,velodyne64,lidar,1784281125269084632,1784281125269084632,1,1
202607171738,e2e_trace_v3,17294049558124299300,216399771135378447,radar_front,radar,1784281125381122550,1784281125381122550,1,0
202607171738,e2e_trace_v3,17294049558124299300,72284583059522602,velodyne64,lidar,1784281125381122550,1784281125381122550,1,1
202607171738,e2e_trace_v3,17294049558124299301,216399771135378447,radar_front,radar,1784281125490609824,1784281125490609824,1,0
202607171738,e2e_trace_v3,17294049558124299301,72284583059522603,velodyne64,lidar,1784281125490609824,1784281125490609824,1,1
202607171738,e2e_trace_v3,17294049558124299302,216399771135378448,radar_front,radar,1784281125601656337,1784281125601656337,1,0
202607171738,e2e_trace_v3,17294049558124299302,72284583059522604,velodyne64,lidar,1784281125601656337,1784281125601656337,1,1
202607171738,e2e_trace_v3,17294049558124299303,216399771135378449,radar_front,radar,1784281125713008631,1784281125713008631,1,0
202607171738,e2e_trace_v3,17294049558124299303,72284583059522605,velodyne64,lidar,1784281125713008631,1784281125713008631,1,1
202607171738,e2e_trace_v3,17294049558124299304,216399771135378450,radar_front,radar,1784281125825437399,1784281125825437399,1,0
202607171738,e2e_trace_v3,17294049558124299304,72284583059522606,velodyne64,lidar,1784281125825437399,1784281125825437399,1,1
202607171738,e2e_trace_v3,17294049558124299305,216399771135378451,radar_front,radar,1784281125936268928,1784281125936268928,1,0
202607171738,e2e_trace_v3,17294049558124299305,72284583059522607,velodyne64,lidar,1784281125936268928,1784281125936268928,1,1
202607171738,e2e_trace_v3,17294049558124299306,216399771135378452,radar_front,radar,1784281126048683383,1784281126048683383,1,0
202607171738,e2e_trace_v3,17294049558124299306,72284583059522608,velodyne64,lidar,1784281126048683383,1784281126048683383,1,1
202607171738,e2e_trace_v3,17294049558124299307,216399771135378453,radar_front,radar,1784281126157968636,1784281126157968636,1,0
202607171738,e2e_trace_v3,17294049558124299307,72284583059522609,velodyne64,lidar,1784281126157968636,1784281126157968636,1,1
202607171738,e2e_trace_v3,17294049558124299308,216399771135378454,radar_front,radar,1784281126269000558,1784281126269000558,1,0
202607171738,e2e_trace_v3,17294049558124299308,72284583059522610,velodyne64,lidar,1784281126269000558,1784281126269000558,1,1
202607171738,e2e_trace_v3,17294049558124299309,216399771135378455,radar_front,radar,1784281126379849961,1784281126379849961,1,0
202607171738,e2e_trace_v3,17294049558124299309,72284583059522611,velodyne64,lidar,1784281126379849961,1784281126379849961,1,1
202607171738,e2e_trace_v3,17294049558124299310,216399771135378456,radar_front,radar,1784281126487309526,1784281126487309526,1,0
202607171738,e2e_trace_v3,17294049558124299310,72284583059522612,velodyne64,lidar,1784281126487309526,1784281126487309526,1,1
202607171738,e2e_trace_v3,17294049558124299311,216399771135378457,radar_front,radar,1784281126599832369,1784281126599832369,1,0
202607171738,e2e_trace_v3,17294049558124299311,72284583059522613,velodyne64,lidar,1784281126599832369,1784281126599832369,1,1
202607171738,e2e_trace_v3,17294049558124299312,216399771135378458,radar_front,radar,1784281126718837541,1784281126718837541,1,0
202607171738,e2e_trace_v3,17294049558124299312,72284583059522614,velodyne64,lidar,1784281126718837541,1784281126718837541,1,1
202607171738,e2e_trace_v3,17294049558124299313,216399771135378459,radar_front,radar,1784281126830677817,1784281126830677817,1,0
202607171738,e2e_trace_v3,17294049558124299313,72284583059522615,velodyne64,lidar,1784281126830677817,1784281126830677817,1,1
202607171738,e2e_trace_v3,17294049558124299314,216399771135378460,radar_front,radar,1784281126947156390,1784281126947156390,1,0
202607171738,e2e_trace_v3,17294049558124299314,72284583059522616,velodyne64,lidar,1784281126947156390,1784281126947156390,1,1
202607171738,e2e_trace_v3,17294049558124299315,216399771135378461,radar_front,radar,1784281127060627426,1784281127060627426,1,0
202607171738,e2e_trace_v3,17294049558124299315,72284583059522617,velodyne64,lidar,1784281127060627426,1784281127060627426,1,1
202607171738,e2e_trace_v3,17294049558124299316,216399771135378462,radar_front,radar,1784281127169759491,1784281127169759491,1,0
202607171738,e2e_trace_v3,17294049558124299316,72284583059522618,velodyne64,lidar,1784281127169759491,1784281127169759491,1,1
202607171738,e2e_trace_v3,17294049558124299317,216399771135378463,radar_front,radar,1784281127277511229,1784281127277511229,1,0
202607171738,e2e_trace_v3,17294049558124299317,72284583059522619,velodyne64,lidar,1784281127277511229,1784281127277511229,1,1
202607171738,e2e_trace_v3,17294049558124299318,216399771135378465,radar_front,radar,1784281127389233950,1784281127389233950,1,0
202607171738,e2e_trace_v3,17294049558124299318,72284583059522620,velodyne64,lidar,1784281127389233950,1784281127389233950,1,1
202607171738,e2e_trace_v3,17294049558124299319,216399771135378465,radar_front,radar,1784281127498405296,1784281127498405296,1,0
202607171738,e2e_trace_v3,17294049558124299319,72284583059522621,velodyne64,lidar,1784281127498405296,1784281127498405296,1,1
202607171738,e2e_trace_v3,17294049558124299320,216399771135378466,radar_front,radar,1784281127608656735,1784281127608656735,1,0
202607171738,e2e_trace_v3,17294049558124299320,72284583059522622,velodyne64,lidar,1784281127608656735,1784281127608656735,1,1
202607171738,e2e_trace_v3,17294049558124299321,216399771135378467,radar_front,radar,1784281127718015846,1784281127718015846,1,0
202607171738,e2e_trace_v3,17294049558124299321,72284583059522623,velodyne64,lidar,1784281127718015846,1784281127718015846,1,1
202607171738,e2e_trace_v3,17294049558124299322,216399771135378468,radar_front,radar,1784281127829056130,1784281127829056130,1,0
202607171738,e2e_trace_v3,17294049558124299322,72284583059522624,velodyne64,lidar,1784281127829056130,1784281127829056130,1,1
