frame_index,notify_index,episode_id,cpu,occupant_tid,occupant_comm,occupant_prio,overlap_start_s,overlap_end_s,overlap_ms,episode_overlap_share,is_idle_thread,is_prediction_process,is_kernel_thread,coverage_ok,coverage_reason
14,13,F0014_N13_E01,3,2106479,mainboard,120,1826887.224457000,1826887.224493000,0.036000041,0.009236359,false,true,false,true,CPU state initialized before interval
14,13,F0014_N13_E01,3,2109485,cyber_recorder,120,1826887.224493000,1826887.224520000,0.026999973,0.006927254,false,false,false,true,CPU state initialized before interval
14,13,F0014_N13_E01,3,2109474,cyber_recorder,120,1826887.224520000,1826887.224565000,0.045000110,0.011545463,false,false,false,true,CPU state initialized before interval
14,13,F0014_N13_E01,3,2106650,mainboard,120,1826887.224565000,1826887.224591000,0.025999965,0.006670687,false,false,false,true,CPU state initialized before interval
14,13,F0014_N13_E01,2,2106503,mainboard,120,1826887.224442000,1826887.224457000,0.014999881,0.003848448,false,false,false,true,CPU state initialized before interval
14,13,F0014_N13_E01,3,2106482,mainboard,120,1826887.224591000,1826887.228044000,3.452999983,0.885919719,false,true,false,true,CPU state initialized before interval
14,13,F0014_N13_E01,3,2106518,mainboard,120,1826887.228044000,1826887.228230000,0.186000019,0.047721137,false,false,false,true,CPU state initialized before interval
14,13,F0014_N13_E01,3,2106499,mainboard,120,1826887.228230000,1826887.228279000,0.048999907,0.012571672,false,false,false,true,CPU state initialized before interval
14,13,F0014_N13_E01,3,2106504,mainboard,120,1826887.228279000,1826887.228313000,0.034000026,0.008723224,false,false,false,true,CPU state initialized before interval
14,13,F0014_N13_E01,3,2106511,mainboard,120,1826887.228313000,1826887.228332000,0.019000145,0.004874776,false,false,false,true,CPU state initialized before interval
14,13,F0014_N13_E01,3,2106498,mainboard,120,1826887.228332000,1826887.228339644,0.007644296,0.001961260,false,false,false,true,CPU state initialized before interval
15,4,F0015_N04_E01,2,2106478,mainboard,120,1826887.608092000,1826887.613440134,5.348133855,1.000000000,false,true,false,true,CPU state initialized before interval
27,7,F0027_N07_E01,3,2106490,mainboard,120,1826888.968405000,1826888.968429000,0.023999950,0.003637644,false,true,false,true,CPU state initialized before interval
27,7,F0027_N07_E01,3,2106509,mainboard,120,1826888.968429000,1826888.968469000,0.040000072,0.006062763,false,false,false,true,CPU state initialized before interval
27,7,F0027_N07_E01,3,2106511,mainboard,120,1826888.968469000,1826888.968498000,0.028999988,0.004395493,false,false,false,true,CPU state initialized before interval
27,7,F0027_N07_E01,3,2109478,cyber_recorder,120,1826888.968498000,1826888.968535000,0.037000049,0.005608053,false,false,false,true,CPU state initialized before interval
27,7,F0027_N07_E01,3,2106539,mainboard,120,1826888.968535000,1826888.974849000,6.314000115,0.957005410,false,false,false,true,CPU state initialized before interval
27,7,F0027_N07_E01,3,2109473,cyber_recorder,120,1826888.974849000,1826888.974957000,0.107999891,0.016369414,false,false,false,true,CPU state initialized before interval
27,7,F0027_N07_E01,3,2109501,cyber_recorder,120,1826888.974957000,1826888.975002664,0.045663910,0.006921224,false,false,false,true,CPU state initialized before interval
45,16,F0045_N16_E01,0,0,swapper/0,120,1826890.708038000,1826890.708054000,0.016000122,0.003995774,true,false,true,true,CPU state initialized before interval
45,16,F0045_N16_E01,0,2109477,cyber_recorder,120,1826890.708054000,1826890.708089000,0.035000034,0.008740696,false,false,false,true,CPU state initialized before interval
45,16,F0045_N16_E01,0,2106554,dds.udp.27422,120,1826890.708089000,1826890.708154000,0.065000029,0.016232714,false,false,false,true,CPU state initialized before interval
45,16,F0045_N16_E01,0,2106454,mainboard,120,1826890.708154000,1826890.708177000,0.022999942,0.005743866,false,false,false,true,CPU state initialized before interval
45,16,F0045_N16_E01,0,2106561,dds.udp.27424,120,1826890.708177000,1826890.708184261,0.007261289,0.001813390,false,false,false,true,CPU state initialized before interval
45,16,F0045_N16_E01,1,2109009,perf,120,1826890.704180000,1826890.708038000,3.858000040,0.963473560,false,false,false,true,CPU state initialized before interval
64,9,F0064_N09_E01,1,2106484,mainboard,120,1826892.652543000,1826892.656041000,3.498000093,0.843745946,false,true,false,true,CPU state initialized before interval
64,9,F0064_N09_E01,1,13,rcu_preempt,120,1826892.656041000,1826892.656056000,0.014999881,0.003618093,false,false,true,true,CPU state initialized before interval
64,9,F0064_N09_E01,1,2106510,mainboard,120,1826892.656056000,1826892.656114000,0.057999976,0.013990064,false,false,false,true,CPU state initialized before interval
64,9,F0064_N09_E01,1,2106508,mainboard,120,1826892.656114000,1826892.656137000,0.023000175,0.005547828,false,false,false,true,CPU state initialized before interval
64,9,F0064_N09_E01,1,2106503,mainboard,120,1826892.656137000,1826892.656158000,0.020999927,0.005065352,false,false,false,true,CPU state initialized before interval
64,9,F0064_N09_E01,1,2106496,mainboard,120,1826892.656158000,1826892.656187000,0.028999988,0.006995032,false,false,false,true,CPU state initialized before interval
64,9,F0064_N09_E01,1,2106506,mainboard,120,1826892.656187000,1826892.656210000,0.022999942,0.005547772,false,false,false,true,CPU state initialized before interval
64,9,F0064_N09_E01,1,2106502,mainboard,120,1826892.656210000,1826892.656229000,0.019000145,0.004582989,false,false,false,true,CPU state initialized before interval
64,9,F0064_N09_E01,1,2106507,mainboard,120,1826892.656229000,1826892.656259000,0.029999996,0.007236242,false,false,false,true,CPU state initialized before interval
64,9,F0064_N09_E01,1,2109470,cyber_recorder,120,1826892.656259000,1826892.656305000,0.045999885,0.011095545,false,false,false,true,CPU state initialized before interval
64,9,F0064_N09_E01,1,2109490,cyber_recorder,120,1826892.656305000,1826892.656351000,0.046000117,0.011095601,false,false,false,true,CPU state initialized before interval
64,9,F0064_N09_E01,1,2106734,mainboard,120,1826892.656351000,1826892.656569000,0.218000030,0.052583372,false,false,false,true,CPU state initialized before interval
64,9,F0064_N09_E01,1,2106533,mainboard,120,1826892.656569000,1826892.656590000,0.020999927,0.005065352,false,false,false,true,CPU state initialized before interval
64,9,F0064_N09_E01,1,2106503,mainboard,120,1826892.656590000,1826892.656657000,0.067000045,0.016160953,false,false,false,true,CPU state initialized before interval
64,9,F0064_N09_E01,1,2106502,mainboard,120,1826892.656657000,1826892.656673000,0.015999889,0.003859303,false,false,false,true,CPU state initialized before interval
64,9,F0064_N09_E01,1,2106506,mainboard,120,1826892.656673000,1826892.656684000,0.011000084,0.002653309,false,false,false,true,CPU state initialized before interval
64,9,F0064_N09_E01,1,2106496,mainboard,120,1826892.656684000,1826892.656688798,0.004797708,0.001157246,false,false,false,true,CPU state initialized before interval
65,2,F0065_N02_E01,2,2106479,mainboard,120,1826892.741175000,1826892.745756000,4.580999957,0.964169931,false,true,false,true,CPU state initialized before interval
65,2,F0065_N02_E01,2,3663356,kworker/2:2H,100,1826892.745756000,1826892.745771000,0.014999881,0.003157048,false,false,true,true,CPU state initialized before interval
65,2,F0065_N02_E01,2,2106401,mainboard,120,1826892.745771000,1826892.745796000,0.024999958,0.005261779,false,false,false,true,CPU state initialized before interval
65,2,F0065_N02_E01,2,2106533,mainboard,120,1826892.745796000,1826892.745845000,0.049000140,0.010313133,false,false,false,true,CPU state initialized before interval
65,2,F0065_N02_E01,2,2106538,mainboard,120,1826892.745845000,1826892.745872000,0.026999973,0.005682725,false,false,false,true,CPU state initialized before interval
65,2,F0065_N02_E01,2,2109482,cyber_recorder,120,1826892.745872000,1826892.745926237,0.054237200,0.011415385,false,false,false,true,CPU state initialized before interval
88,2,F0088_N02_E01,1,2105896,dreamview_plus,120,1826895.005200000,1826895.005213000,0.013000099,0.001851336,false,false,false,true,CPU state initialized before interval
88,2,F0088_N02_E01,5,2106485,mainboard,120,1826895.005213000,1826895.012028000,6.814999972,0.970519810,false,true,false,true,CPU state initialized before interval
88,2,F0088_N02_E01,5,2106500,mainboard,120,1826895.012028000,1826895.012124000,0.095999800,0.013671270,false,false,false,true,CPU state initialized before interval
88,2,F0088_N02_E01,5,2105826,dreamview_plus,120,1826895.012124000,1826895.012222010,0.098010292,0.013957583,false,false,false,true,CPU state initialized before interval
98,2,F0098_N02_E01,5,2106491,mainboard,120,1826896.006296000,1826896.016012852,9.716851637,1.000000000,false,true,false,true,CPU state initialized before interval
105,3,F0105_N03_E01,5,2106476,mainboard,120,1826896.815049000,1826896.824028000,8.978999918,0.998148594,false,true,false,true,CPU state initialized before interval
105,3,F0105_N03_E01,5,2106454,mainboard,120,1826896.824028000,1826896.824044655,0.016654609,0.001851406,false,false,false,true,CPU state initialized before interval
115,2,F0115_N02_E01,7,2106479,mainboard,120,1826897.845503000,1826897.852025000,6.521999836,0.940989743,false,true,false,true,CPU state initialized before interval
115,2,F0115_N02_E01,7,2106509,mainboard,120,1826897.852025000,1826897.852083000,0.057999976,0.008368197,false,false,false,true,CPU state initialized before interval
115,2,F0115_N02_E01,7,2109492,cyber_recorder,120,1826897.852083000,1826897.852135000,0.052000163,0.007502549,false,false,false,true,CPU state initialized before interval
115,2,F0115_N02_E01,7,2106497,mainboard,120,1826897.852135000,1826897.852189000,0.053999946,0.007791076,false,false,false,true,CPU state initialized before interval
115,2,F0115_N02_E01,7,2109491,cyber_recorder,120,1826897.852189000,1826897.852238000,0.048999907,0.007069674,false,false,false,true,CPU state initialized before interval
115,2,F0115_N02_E01,7,2106537,mainboard,120,1826897.852238000,1826897.852294000,0.056000194,0.008079670,false,false,false,true,CPU state initialized before interval
115,2,F0115_N02_E01,7,2106506,mainboard,120,1826897.852294000,1826897.852341000,0.046999892,0.006781113,false,false,false,true,CPU state initialized before interval
115,2,F0115_N02_E01,7,2106505,mainboard,120,1826897.852341000,1826897.852366000,0.024999958,0.003606977,false,false,false,true,CPU state initialized before interval
115,2,F0115_N02_E01,7,2106508,mainboard,120,1826897.852366000,1826897.852390000,0.023999950,0.003462697,false,false,false,true,CPU state initialized before interval
115,2,F0115_N02_E01,7,2106503,mainboard,120,1826897.852390000,1826897.852434000,0.044000102,0.006348305,false,false,false,true,CPU state initialized before interval
135,2,F0135_N02_E01,4,2106476,mainboard,120,1826900.012802000,1826900.017060000,4.258000059,0.956722169,false,true,false,true,CPU state initialized before interval
135,2,F0135_N02_E01,4,2106672,dds.udp.27400,120,1826900.017060000,1826900.017103000,0.043000095,0.009661612,false,false,false,true,CPU state initialized before interval
135,2,F0135_N02_E01,4,2106536,mainboard,120,1826900.017103000,1826900.017129000,0.025999965,0.005841884,false,false,false,true,CPU state initialized before interval
135,2,F0135_N02_E01,4,2105884,dds.udp.27418,120,1826900.017129000,1826900.017178000,0.048999907,0.011009699,false,false,false,true,CPU state initialized before interval
135,2,F0135_N02_E01,4,2106542,mainboard,120,1826900.017178000,1826900.017252613,0.074612908,0.016764637,false,false,false,true,CPU state initialized before interval
150,15,F0150_N15_E01,4,135,kswapd0,120,1826901.614948000,1826901.616848000,1.900000032,0.386280800,false,false,true,true,CPU state initialized before interval
150,15,F0150_N15_E01,4,1969009,kworker/4:1,120,1826901.616848000,1826901.616858000,0.009999843,0.002033025,false,false,true,true,CPU state initialized before interval
150,15,F0150_N15_E01,4,135,kswapd0,120,1826901.616858000,1826901.619619000,2.761000069,0.561326998,false,false,true,true,CPU state initialized before interval
150,15,F0150_N15_E01,4,1969009,kworker/4:1,120,1826901.619619000,1826901.619626000,0.007000053,0.001423151,false,false,true,true,CPU state initialized before interval
150,15,F0150_N15_E01,4,135,kswapd0,120,1826901.619626000,1826901.619640000,0.013999874,0.002846254,false,false,true,true,CPU state initialized before interval
150,15,F0150_N15_E01,4,2106486,mainboard,120,1826901.619640000,1826901.619680000,0.040000072,0.008132242,false,true,false,true,CPU state initialized before interval
150,15,F0150_N15_E01,4,2106476,mainboard,120,1826901.619680000,1826901.619704000,0.023999950,0.004879326,false,true,false,true,CPU state initialized before interval
150,15,F0150_N15_E01,4,2106507,mainboard,120,1826901.619704000,1826901.619791000,0.086999964,0.017687587,false,false,false,true,CPU state initialized before interval
150,15,F0150_N15_E01,4,2105829,dreamview_plus,120,1826901.619791000,1826901.619866702,0.075701857,0.015390618,false,false,false,true,CPU state initialized before interval
182,2,F0182_N02_E01,6,2106490,mainboard,120,1826904.808772000,1826904.813059000,4.287000047,0.953514244,false,true,false,true,CPU state initialized before interval
182,2,F0182_N02_E01,6,2106523,mainboard,120,1826904.813059000,1826904.813148000,0.088999979,0.019795369,false,false,false,true,CPU state initialized before interval
182,2,F0182_N02_E01,6,2106504,mainboard,120,1826904.813148000,1826904.813178000,0.029999996,0.006672597,false,false,false,true,CPU state initialized before interval
182,2,F0182_N02_E01,6,2106848,mainboard,120,1826904.813178000,1826904.813239000,0.060999999,0.013567615,false,false,false,true,CPU state initialized before interval
182,2,F0182_N02_E01,6,2105825,dreamview_plus,120,1826904.813239000,1826904.813268000,0.028999988,0.006450175,false,false,false,true,CPU state initialized before interval
182,16,F0182_N16_E01,6,2106490,mainboard,120,1826904.816066000,1826904.821708723,5.642723525,1.000000000,false,true,false,true,CPU state initialized before interval
213,2,F0213_N02_E01,9,2106486,mainboard,120,1826908.020696000,1826908.026933000,6.236999994,0.912242192,false,true,false,true,CPU state initialized before interval
213,2,F0213_N02_E01,9,2106626,dds.udp.27429,120,1826908.026933000,1826908.027026000,0.093000010,0.013602458,false,false,false,true,CPU state initialized before interval
213,2,F0213_N02_E01,9,2106532,mainboard,120,1826908.027026000,1826908.027074000,0.048000133,0.007020642,false,false,false,true,CPU state initialized before interval
213,2,F0213_N02_E01,9,2106511,mainboard,120,1826908.027074000,1826908.027110000,0.035999808,0.005265439,false,false,false,true,CPU state initialized before interval
213,2,F0213_N02_E01,9,2106496,mainboard,120,1826908.027110000,1826908.027140000,0.029999996,0.004387889,false,false,false,true,CPU state initialized before interval
213,2,F0213_N02_E01,9,2106605,dds.ev.0,120,1826908.027140000,1826908.027169000,0.028999988,0.004241625,false,false,false,true,CPU state initialized before interval
213,2,F0213_N02_E01,9,2106622,dds.ev.0,120,1826908.027169000,1826908.027212000,0.043000095,0.006289322,false,false,false,true,CPU state initialized before interval
213,2,F0213_N02_E01,9,2106874,dds.udp.27445,120,1826908.027212000,1826908.027281000,0.069000060,0.010092154,false,false,false,true,CPU state initialized before interval
213,2,F0213_N02_E01,9,2107056,dds.udp.27449,120,1826908.027281000,1826908.027366000,0.084999949,0.012432346,false,false,false,true,CPU state initialized before interval
213,2,F0213_N02_E01,9,2109516,dds.udp.27457,120,1826908.027366000,1826908.027431000,0.065000029,0.009507098,false,false,false,true,CPU state initialized before interval
213,2,F0213_N02_E01,9,2109512,dds.ev.0,120,1826908.027431000,1826908.027458000,0.026999973,0.003949096,false,false,false,true,CPU state initialized before interval
213,2,F0213_N02_E01,9,2105660,mainboard,120,1826908.027458000,1826908.027533000,0.075000105,0.010969739,false,false,false,true,CPU state initialized before interval
226,3,F0226_N03_E01,0,2106492,mainboard,120,1826909.317885000,1826909.323517000,5.632000044,0.993823887,false,true,false,true,CPU state initialized before interval
226,3,F0226_N03_E01,0,174,irq/134-host_sy,49,1826909.323517000,1826909.323552000,0.035000034,0.006176113,false,false,true,true,CPU state initialized before interval
240,4,F0240_N04_E01,6,2106476,mainboard,120,1826911.720124000,1826911.720149000,0.024999958,0.004907726,false,true,false,true,CPU state initialized before interval
240,4,F0240_N04_E01,6,2105596,mainboard,120,1826911.720149000,1826911.720176000,0.026999973,0.005300348,false,false,false,true,CPU state initialized before interval
240,4,F0240_N04_E01,6,2109485,cyber_recorder,120,1826911.720176000,1826911.720200000,0.024000183,0.004711461,false,false,false,true,CPU state initialized before interval
240,4,F0240_N04_E01,6,2105826,dreamview_plus,120,1826911.720200000,1826911.720330000,0.129999826,0.025520186,false,false,false,true,CPU state initialized before interval
240,4,F0240_N04_E01,6,2106659,mainboard,120,1826911.720330000,1826911.720405000,0.075000105,0.014723225,false,false,false,true,CPU state initialized before interval
240,4,F0240_N04_E01,6,2106650,mainboard,120,1826911.720405000,1826911.720425000,0.019999919,0.003926172,false,false,false,true,CPU state initialized before interval
240,4,F0240_N04_E01,6,2109534,cyber_recorder,120,1826911.720425000,1826911.720446000,0.021000160,0.004122529,false,false,false,true,CPU state initialized before interval
240,4,F0240_N04_E01,6,2106641,mainboard,120,1826911.720446000,1826911.720464000,0.017999904,0.003533550,false,false,false,true,CPU state initialized before interval
240,4,F0240_N04_E01,6,2105829,dreamview_plus,120,1826911.720464000,1826911.720548000,0.083999941,0.016489977,false,false,false,true,CPU state initialized before interval
240,4,F0240_N04_E01,6,2105905,dreamview_plus,120,1826911.720548000,1826911.720644000,0.096000032,0.018845708,false,false,false,true,CPU state initialized before interval
240,4,F0240_N04_E01,6,2105827,dreamview_plus,120,1826911.720644000,1826911.720674000,0.029999996,0.005889281,false,false,false,true,CPU state initialized before interval
240,4,F0240_N04_E01,6,2106650,mainboard,120,1826911.720674000,1826911.720690000,0.016000122,0.003140974,false,false,false,true,CPU state initialized before interval
240,4,F0240_N04_E01,6,2105826,dreamview_plus,120,1826911.720690000,1826911.720707000,0.016999897,0.003337239,false,false,false,true,CPU state initialized before interval
240,4,F0240_N04_E01,6,2109534,cyber_recorder,120,1826911.720707000,1826911.720722000,0.015000114,0.002944663,false,false,false,true,CPU state initialized before interval
240,4,F0240_N04_E01,6,2106641,mainboard,120,1826911.720722000,1826911.720737000,0.014999881,0.002944618,false,false,false,true,CPU state initialized before interval
240,4,F0240_N04_E01,6,2106485,mainboard,120,1826911.720737000,1826911.723746000,3.009000095,0.590694965,false,true,false,true,CPU state initialized before interval
240,4,F0240_N04_E01,6,2106547,mainboard,120,1826911.723746000,1826911.723838000,0.092000002,0.018060464,false,false,false,true,CPU state initialized before interval
240,4,F0240_N04_E01,6,2105905,dreamview_plus,120,1826911.723838000,1826911.723973000,0.134999864,0.026501741,false,false,false,true,CPU state initialized before interval
240,4,F0240_N04_E01,6,2105596,mainboard,120,1826911.723973000,1826911.724000000,0.026999973,0.005300348,false,false,false,true,CPU state initialized before interval
240,4,F0240_N04_E01,6,2109485,cyber_recorder,120,1826911.724000000,1826911.724034000,0.034000026,0.006674524,false,false,false,true,CPU state initialized before interval
240,4,F0240_N04_E01,6,2106650,mainboard,120,1826911.724034000,1826911.724056000,0.021999935,0.004318794,false,false,false,true,CPU state initialized before interval
240,4,F0240_N04_E01,6,2106659,mainboard,120,1826911.724056000,1826911.724082000,0.026000198,0.005104083,false,false,false,true,CPU state initialized before interval
240,4,F0240_N04_E01,6,2105829,dreamview_plus,120,1826911.724082000,1826911.724186000,0.103999861,0.020416149,false,false,false,true,CPU state initialized before interval
240,4,F0240_N04_E01,6,2106650,mainboard,120,1826911.724186000,1826911.724201000,0.015000114,0.002944663,false,false,false,true,CPU state initialized before interval
240,4,F0240_N04_E01,6,2105826,dreamview_plus,120,1826911.724201000,1826911.724243000,0.041999854,0.008244966,false,false,false,true,CPU state initialized before interval
240,4,F0240_N04_E01,6,2105905,dreamview_plus,120,1826911.724243000,1826911.724314000,0.071000075,0.013937981,false,false,false,true,CPU state initialized before interval
240,4,F0240_N04_E01,6,2106650,mainboard,120,1826911.724314000,1826911.724329000,0.015000114,0.002944663,false,false,false,true,CPU state initialized before interval
240,4,F0240_N04_E01,6,2105829,dreamview_plus,120,1826911.724329000,1826911.724347000,0.017999904,0.003533550,false,false,false,true,CPU state initialized before interval
240,4,F0240_N04_E01,6,2106485,mainboard,120,1826911.724347000,1826911.724449000,0.102000078,0.020023573,false,true,false,true,CPU state initialized before interval
240,4,F0240_N04_E01,6,2106659,mainboard,120,1826911.724449000,1826911.724555000,0.105999876,0.020808771,false,false,false,true,CPU state initialized before interval
240,4,F0240_N04_E01,6,2106650,mainboard,120,1826911.724555000,1826911.724571000,0.016000122,0.003140974,false,false,false,true,CPU state initialized before interval
240,4,F0240_N04_E01,6,2109534,cyber_recorder,120,1826911.724571000,1826911.724698000,0.126999803,0.024931253,false,false,false,true,CPU state initialized before interval
240,4,F0240_N04_E01,6,2106650,mainboard,120,1826911.724698000,1826911.724712000,0.014000107,0.002748352,false,false,false,true,CPU state initialized before interval
240,4,F0240_N04_E01,6,2106659,mainboard,120,1826911.724712000,1826911.724863000,0.150999986,0.029642715,false,false,false,true,CPU state initialized before interval
240,4,F0240_N04_E01,6,2106507,mainboard,120,1826911.724863000,1826911.724891000,0.027999980,0.005496659,false,false,false,true,CPU state initialized before interval
240,4,F0240_N04_E01,6,2106504,mainboard,120,1826911.724891000,1826911.724900000,0.009000069,0.001766798,false,false,false,true,CPU state initialized before interval
240,4,F0240_N04_E01,6,2106650,mainboard,120,1826911.724900000,1826911.724911000,0.011000084,0.002159420,false,false,false,true,CPU state initialized before interval
240,4,F0240_N04_E01,6,2109534,cyber_recorder,120,1826911.724911000,1826911.724958000,0.046999892,0.009226520,false,false,false,true,CPU state initialized before interval
240,4,F0240_N04_E01,6,2109475,cyber_recorder,120,1826911.724958000,1826911.725000000,0.042000087,0.008245011,false,false,false,true,CPU state initialized before interval
240,4,F0240_N04_E01,6,2106641,mainboard,120,1826911.725000000,1826911.725150000,0.149999978,0.029446404,false,false,false,true,CPU state initialized before interval
240,4,F0240_N04_E01,6,2105596,mainboard,120,1826911.725150000,1826911.725169000,0.018999912,0.003729861,false,false,false,true,CPU state initialized before interval
240,4,F0240_N04_E01,6,2109485,cyber_recorder,120,1826911.725169000,1826911.725184000,0.015000114,0.002944663,false,false,false,true,CPU state initialized before interval
240,4,F0240_N04_E01,6,2105905,dreamview_plus,120,1826911.725184000,1826911.725199000,0.014999881,0.002944618,false,false,false,true,CPU state initialized before interval
240,4,F0240_N04_E01,6,2106650,mainboard,120,1826911.725199000,1826911.725208000,0.009000069,0.001766798,false,false,false,true,CPU state initialized before interval
240,4,F0240_N04_E01,6,2109534,cyber_recorder,120,1826911.725208000,1826911.725218000,0.009999843,0.001963063,false,false,false,true,CPU state initialized before interval
252,2,F0252_N02_E01,11,135,kswapd0,120,1826913.020883000,1826913.022256000,1.372999977,0.191992184,false,false,true,true,CPU state initialized before interval
252,2,F0252_N02_E01,11,1938929,kworker/11:0,120,1826913.022256000,1826913.022269000,0.013000099,0.001817857,false,false,true,true,CPU state initialized before interval
252,2,F0252_N02_E01,11,2106489,mainboard,120,1826913.022269000,1826913.023056000,0.786999939,0.110049410,false,true,false,true,CPU state initialized before interval
252,2,F0252_N02_E01,11,135,kswapd0,120,1826913.023056000,1826913.024399000,1.342999982,0.187797162,false,false,true,true,CPU state initialized before interval
252,2,F0252_N02_E01,11,1938929,kworker/11:0,120,1826913.024399000,1826913.024409000,0.010000076,0.001398351,false,false,true,true,CPU state initialized before interval
252,2,F0252_N02_E01,11,2106483,mainboard,120,1826913.024409000,1826913.024465000,0.055999961,0.007830703,false,true,false,true,CPU state initialized before interval
252,2,F0252_N02_E01,11,2106475,mainboard,120,1826913.024465000,1826913.024494000,0.028999988,0.004055187,false,true,false,true,CPU state initialized before interval
252,2,F0252_N02_E01,11,2106530,mainboard,120,1826913.024494000,1826913.024561000,0.067000045,0.009368889,false,false,false,true,CPU state initialized before interval
252,2,F0252_N02_E01,11,2106489,mainboard,120,1826913.024561000,1826913.026013000,1.451999880,0.203039062,false,true,false,true,CPU state initialized before interval
252,2,F0252_N02_E01,11,135,kswapd0,120,1826913.026013000,1826913.027451000,1.438000007,0.201081403,false,false,true,true,CPU state initialized before interval
252,2,F0252_N02_E01,11,1938929,kworker/11:0,120,1826913.027451000,1826913.027459000,0.008000061,0.001118681,false,false,true,true,CPU state initialized before interval
252,2,F0252_N02_E01,11,2106489,mainboard,120,1826913.027459000,1826913.027828000,0.369000016,0.051598776,false,true,false,true,CPU state initialized before interval
252,2,F0252_N02_E01,11,135,kswapd0,120,1826913.027828000,1826913.028034333,0.206332654,0.028852336,false,false,true,true,CPU state initialized before interval
253,16,F0253_N16_E01,11,2106476,mainboard,120,1826913.114286422,1826913.114288000,0.001578126,0.059376451,false,true,false,true,CPU state initialized before interval
253,16,F0253_N16_E01,11,2106489,mainboard,120,1826913.114288000,1826913.114313000,0.025000190,0.940623549,false,true,false,true,CPU state initialized before interval
253,16,F0253_N16_E02,11,2106734,mainboard,120,1826913.124864000,1826913.125085000,0.221000053,0.040431768,false,false,false,true,CPU state initialized before interval
253,16,F0253_N16_E02,11,2106523,mainboard,120,1826913.125085000,1826913.125098000,0.013000099,0.002378357,false,false,false,true,CPU state initialized before interval
253,16,F0253_N16_E02,11,2106650,mainboard,120,1826913.125098000,1826913.125108000,0.009999843,0.001829463,false,false,false,true,CPU state initialized before interval
253,16,F0253_N16_E02,11,2106485,mainboard,120,1826913.125108000,1826913.125213000,0.105000101,0.019209678,false,true,false,true,CPU state initialized before interval
253,16,F0253_N16_E02,11,2106650,mainboard,120,1826913.125213000,1826913.125223000,0.010000076,0.001829505,false,false,false,true,CPU state initialized before interval
253,16,F0253_N16_E02,11,2106485,mainboard,120,1826913.125223000,1826913.125333000,0.109999906,0.020124388,false,true,false,true,CPU state initialized before interval
253,16,F0253_N16_E02,11,2106650,mainboard,120,1826913.125333000,1826913.125350000,0.017000129,0.003110159,false,false,false,true,CPU state initialized before interval
253,16,F0253_N16_E02,11,2106485,mainboard,120,1826913.125350000,1826913.125457000,0.106999883,0.019575536,false,true,false,true,CPU state initialized before interval
253,16,F0253_N16_E02,11,2106650,mainboard,120,1826913.125457000,1826913.125474000,0.016999897,0.003110116,false,false,false,true,CPU state initialized before interval
253,16,F0253_N16_E02,11,2106485,mainboard,120,1826913.125474000,1826913.125585000,0.111000147,0.020307381,false,true,false,true,CPU state initialized before interval
253,16,F0253_N16_E02,11,2106650,mainboard,120,1826913.125585000,1826913.125602000,0.016999897,0.003110116,false,false,false,true,CPU state initialized before interval
253,16,F0253_N16_E02,11,2106485,mainboard,120,1826913.125602000,1826913.125705000,0.103000086,0.018843777,false,true,false,true,CPU state initialized before interval
253,16,F0253_N16_E02,11,2106650,mainboard,120,1826913.125705000,1826913.125725000,0.019999919,0.003658968,false,false,false,true,CPU state initialized before interval
253,16,F0253_N16_E02,11,2106485,mainboard,120,1826913.125725000,1826913.125833000,0.108000124,0.019758529,false,true,false,true,CPU state initialized before interval
253,16,F0253_N16_E02,11,2106650,mainboard,120,1826913.125833000,1826913.125847000,0.013999874,0.002561265,false,false,false,true,CPU state initialized before interval
253,16,F0253_N16_E02,11,2106454,mainboard,120,1826913.125847000,1826913.125864000,0.017000129,0.003110159,false,false,false,true,CPU state initialized before interval
253,16,F0253_N16_E02,11,2106485,mainboard,120,1826913.125864000,1826913.130330000,4.466000013,0.817050836,false,true,false,true,CPU state initialized before interval
258,6,F0258_N06_E01,11,0,swapper/11,120,1826913.628035000,1826913.628045000,0.009999843,0.001279898,true,false,true,true,CPU state initialized before interval
258,6,F0258_N06_E01,10,2106477,mainboard,120,1826913.620232000,1826913.628035000,7.803000044,0.998720102,false,true,false,true,CPU state initialized before interval
262,13,F0262_N13_E01,5,2106491,mainboard,120,1826914.008791000,1826914.008802000,0.011000084,0.003344507,false,true,false,true,CPU state initialized before interval
262,13,F0262_N13_E01,5,2105654,mainboard,120,1826914.008802000,1826914.008815000,0.013000099,0.003952599,false,false,false,true,CPU state initialized before interval
262,13,F0262_N13_E01,7,2108120,perf_trace_io,130,1826914.008783000,1826914.008791000,0.007999828,0.002432298,false,false,false,true,CPU state initialized before interval
262,13,F0262_N13_E01,6,0,swapper/6,120,1826914.012036000,1826914.012045000,0.009000069,0.002736415,true,false,true,true,CPU state initialized before interval
262,13,F0262_N13_E01,6,2105654,mainboard,120,1826914.012045000,1826914.012060000,0.015000114,0.004560692,false,false,false,true,CPU state initialized before interval
262,13,F0262_N13_E01,6,2106650,mainboard,120,1826914.012060000,1826914.012072000,0.011999859,0.003648482,false,false,false,true,CPU state initialized before interval
262,13,F0262_N13_E01,5,2106477,mainboard,120,1826914.008815000,1826914.012036000,3.220999846,0.979325006,false,true,false,true,CPU state initialized before interval
269,2,F0269_N02_E01,7,0,swapper/7,120,1826914.712028000,1826914.712036000,0.008000061,0.002592372,true,false,true,true,CPU state initialized before interval
269,2,F0269_N02_E01,7,2106605,dds.ev.0,120,1826914.712036000,1826914.712129000,0.093000010,0.030136102,false,false,false,true,CPU state initialized before interval
269,2,F0269_N02_E01,7,2106434,mainboard,120,1826914.712129000,1826914.712148000,0.018999912,0.006156809,false,false,false,true,CPU state initialized before interval
269,2,F0269_N02_E01,6,2106484,mainboard,120,1826914.709062000,1826914.712028000,2.966000000,0.961114717,false,true,false,true,CPU state initialized before interval
307,3,F0307_N03_E01,5,2106482,mainboard,120,1826918.604082000,1826918.605121000,1.038999995,0.206069020,false,true,false,true,CPU state initialized before interval
307,3,F0307_N03_E01,5,2109468,cyber_recorder,120,1826918.605121000,1826918.605189000,0.068000052,0.013486722,false,false,false,true,CPU state initialized before interval
307,3,F0307_N03_E01,5,2106438,mainboard,120,1826918.605189000,1826918.605294000,0.104999868,0.020825043,false,false,false,true,CPU state initialized before interval
307,3,F0307_N03_E01,5,2106509,mainboard,120,1826918.605294000,1826918.605416000,0.121999998,0.024196747,false,false,false,true,CPU state initialized before interval
307,3,F0307_N03_E01,5,2109469,cyber_recorder,120,1826918.605416000,1826918.605462000,0.046000117,0.009123387,false,false,false,true,CPU state initialized before interval
307,3,F0307_N03_E01,5,2109482,cyber_recorder,120,1826918.605462000,1826918.605487000,0.024999958,0.004958341,false,false,false,true,CPU state initialized before interval
307,3,F0307_N03_E01,5,2106499,mainboard,120,1826918.605487000,1826918.605535000,0.048000133,0.009520058,false,false,false,true,CPU state initialized before interval
307,3,F0307_N03_E01,5,2106508,mainboard,120,1826918.605535000,1826918.605570000,0.034999801,0.006941650,false,false,false,true,CPU state initialized before interval
307,3,F0307_N03_E01,5,2106506,mainboard,120,1826918.605570000,1826918.605618000,0.048000133,0.009520058,false,false,false,true,CPU state initialized before interval
307,3,F0307_N03_E01,5,2105829,dreamview_plus,120,1826918.605618000,1826918.605663000,0.044999877,0.008925005,false,false,false,true,CPU state initialized before interval
307,3,F0307_N03_E01,5,2109479,cyber_recorder,120,1826918.605663000,1826918.605684000,0.021000160,0.004165046,false,false,false,true,CPU state initialized before interval
307,3,F0307_N03_E01,5,2106482,mainboard,120,1826918.605684000,1826918.606081000,0.396999996,0.078738595,false,true,false,true,CPU state initialized before interval
307,3,F0307_N03_E01,5,2106592,mainboard,120,1826918.606081000,1826918.608031000,1.949999947,0.386751281,false,false,false,true,CPU state initialized before interval
307,3,F0307_N03_E01,5,13,rcu_preempt,120,1826918.608031000,1826918.608045000,0.013999874,0.002776651,false,false,true,true,CPU state initialized before interval
307,3,F0307_N03_E01,5,2105826,dreamview_plus,120,1826918.608045000,1826918.608075000,0.030000228,0.005950065,false,false,false,true,CPU state initialized before interval
307,3,F0307_N03_E01,5,2106524,mainboard,120,1826918.608075000,1826918.608092000,0.016999897,0.003371657,false,false,false,true,CPU state initialized before interval
307,3,F0307_N03_E01,5,2106592,mainboard,120,1826918.608092000,1826918.609110000,1.018000068,0.201904021,false,false,false,true,CPU state initialized before interval
307,3,F0307_N03_E01,5,2106588,mainboard,120,1826918.609110000,1826918.609124000,0.013999874,0.002776651,false,false,false,true,CPU state initialized before interval
358,10,F0358_N10_E01,6,2106490,mainboard,120,1826923.808309000,1826923.812038000,3.728999989,0.928304682,false,true,false,true,CPU state initialized before interval
358,10,F0358_N10_E01,6,13,rcu_preempt,120,1826923.812038000,1826923.812052000,0.014000107,0.003485214,false,false,true,true,CPU state initialized before interval
358,10,F0358_N10_E01,6,2109486,cyber_recorder,120,1826923.812052000,1826923.812161000,0.108999899,0.027134652,false,false,false,true,CPU state initialized before interval
358,10,F0358_N10_E01,6,2106505,mainboard,120,1826923.812161000,1826923.812211000,0.049999915,0.012447078,false,false,false,true,CPU state initialized before interval
358,10,F0358_N10_E01,6,2109500,cyber_recorder,120,1826923.812211000,1826923.812250000,0.039000064,0.009708754,false,false,false,true,CPU state initialized before interval
358,10,F0358_N10_E01,6,2109470,cyber_recorder,120,1826923.812250000,1826923.812326000,0.076000113,0.018919619,false,false,false,true,CPU state initialized before interval
362,2,F0362_N02_E01,8,2106482,mainboard,120,1826924.227950000,1826924.233130000,5.180000095,0.978096686,false,true,false,true,CPU state initialized before interval
362,2,F0362_N02_E01,8,2106524,mainboard,120,1826924.233130000,1826924.233191000,0.060999999,0.011518127,false,false,false,true,CPU state initialized before interval
362,2,F0362_N02_E01,8,2105829,dreamview_plus,120,1826924.233191000,1826924.233246000,0.054999953,0.010385187,false,false,false,true,CPU state initialized before interval
367,2,F0367_N02_E01,6,2106477,mainboard,120,1826924.752086000,1826924.752117000,0.031000003,0.007682777,false,true,false,true,CPU state initialized before interval
367,2,F0367_N02_E01,6,2106478,mainboard,120,1826924.752117000,1826924.756043000,3.925999859,0.972986337,false,true,false,true,CPU state initialized before interval
367,2,F0367_N02_E01,6,13,rcu_preempt,120,1826924.756043000,1826924.756059000,0.016000122,0.003965334,false,false,true,true,CPU state initialized before interval
367,2,F0367_N02_E01,6,2106848,mainboard,120,1826924.756059000,1826924.756121000,0.062000006,0.015365553,false,false,false,true,CPU state initialized before interval
397,2,F0397_N02_E01,6,0,swapper/6,120,1826927.830427000,1826927.830430000,0.003000023,0.000539088,true,false,true,true,CPU state initialized before interval
397,2,F0397_N02_E01,6,2106454,mainboard,120,1826927.830430000,1826927.830440000,0.009999843,0.001796917,false,false,false,true,CPU state initialized before interval
397,2,F0397_N02_E01,4,2106476,mainboard,120,1826927.830440000,1826927.835768000,5.328000057,0.957412409,false,true,false,true,CPU state initialized before interval
397,2,F0397_N02_E01,4,1758961,MainThread,120,1826927.835768000,1826927.835930000,0.162000069,0.029110525,false,false,false,true,CPU state initialized before interval
397,2,F0397_N02_E01,4,2109476,cyber_recorder,120,1826927.835930000,1826927.835954000,0.023999950,0.004312659,false,false,false,true,CPU state initialized before interval
397,2,F0397_N02_E01,4,2106414,mainboard,120,1826927.835954000,1826927.835974000,0.019999919,0.003593876,false,false,false,true,CPU state initialized before interval
397,2,F0397_N02_E01,4,2109471,cyber_recorder,120,1826927.835974000,1826927.835992000,0.018000137,0.003234526,false,false,false,true,CPU state initialized before interval
407,2,F0407_N02_E01,6,2109477,cyber_recorder,120,1826928.836351000,1826928.836364000,0.013000099,0.003471321,false,false,false,true,CPU state initialized before interval
407,2,F0407_N02_E01,5,0,swapper/5,120,1826928.840034000,1826928.840047000,0.012999866,0.003471259,true,false,true,true,CPU state initialized before interval
407,2,F0407_N02_E01,4,2106491,mainboard,120,1826928.836364000,1826928.840034000,3.670000006,0.979973270,false,true,false,true,CPU state initialized before interval
407,2,F0407_N02_E01,5,2106513,mainboard,120,1826928.840047000,1826928.840068000,0.020999927,0.005607457,false,false,false,true,CPU state initialized before interval
407,2,F0407_N02_E01,5,2109465,cyber_recorder,120,1826928.840068000,1826928.840096000,0.028000213,0.007476692,false,false,false,true,CPU state initialized before interval
407,3,F0407_N03_E01,5,2077238,kworker/u24:0,120,1826928.840212000,1826928.843475000,3.262999933,0.967101387,false,false,true,true,CPU state initialized before interval
407,3,F0407_N03_E01,5,2106513,mainboard,120,1826928.843475000,1826928.843506000,0.031000003,0.009187909,false,false,false,true,CPU state initialized before interval
407,3,F0407_N03_E01,5,2109465,cyber_recorder,120,1826928.843506000,1826928.843529000,0.022999942,0.006816818,false,false,false,true,CPU state initialized before interval
407,3,F0407_N03_E01,5,2106538,mainboard,120,1826928.843529000,1826928.843586000,0.056999968,0.016893886,false,false,false,true,CPU state initialized before interval
414,2,F0414_N02_E01,4,0,swapper/4,120,1826929.523115000,1826929.523124000,0.009000069,0.001667297,true,false,true,true,CPU state initialized before interval
414,2,F0414_N02_E01,5,2106489,mainboard,120,1826929.523124000,1826929.528027000,4.902999848,0.908299321,false,true,false,true,CPU state initialized before interval
414,2,F0414_N02_E01,5,2106669,dds.ev.1,120,1826929.528027000,1826929.528098000,0.071000075,0.013153033,false,false,false,true,CPU state initialized before interval
414,2,F0414_N02_E01,5,2109478,cyber_recorder,120,1826929.528098000,1826929.528199000,0.101000071,0.018710646,false,false,false,true,CPU state initialized before interval
414,2,F0414_N02_E01,5,2106497,mainboard,120,1826929.528199000,1826929.528276000,0.076999888,0.014264521,false,false,false,true,CPU state initialized before interval
414,2,F0414_N02_E01,5,2105827,dreamview_plus,120,1826929.528276000,1826929.528332000,0.055999961,0.010374205,false,false,false,true,CPU state initialized before interval
414,2,F0414_N02_E01,5,2106576,mainboard,120,1826929.528332000,1826929.528405000,0.073000090,0.013523544,false,false,false,true,CPU state initialized before interval
414,2,F0414_N02_E01,5,2106535,mainboard,120,1826929.528405000,1826929.528466000,0.060999999,0.011300481,false,false,false,true,CPU state initialized before interval
414,2,F0414_N02_E01,5,2106504,mainboard,120,1826929.528466000,1826929.528513000,0.047000125,0.008706951,false,false,false,true,CPU state initialized before interval
418,6,F0418_N06_E01,7,2106482,mainboard,120,1826930.004135000,1826930.004147000,0.011999859,0.002874218,false,true,false,true,CPU state initialized before interval
418,6,F0418_N06_E01,7,2109485,cyber_recorder,120,1826930.004147000,1826930.004168000,0.021000160,0.005029979,false,false,false,true,CPU state initialized before interval
418,6,F0418_N06_E01,7,2106734,mainboard,120,1826930.004168000,1826930.004228000,0.059999991,0.014371256,false,false,false,true,CPU state initialized before interval
418,6,F0418_N06_E01,7,1758960,MainThread,120,1826930.004228000,1826930.004244000,0.015999889,0.003832309,false,false,false,true,CPU state initialized before interval
418,6,F0418_N06_E01,7,2106734,mainboard,120,1826930.004244000,1826930.004336000,0.092000002,0.022035929,false,false,false,true,CPU state initialized before interval
418,6,F0418_N06_E01,7,2106492,mainboard,120,1826930.004336000,1826930.005217000,0.880999956,0.211017959,false,true,false,true,CPU state initialized before interval
418,6,F0418_N06_E01,7,1758960,MainThread,120,1826930.005217000,1826930.005256000,0.039000064,0.009341333,false,false,false,true,CPU state initialized before interval
418,6,F0418_N06_E01,7,2109479,cyber_recorder,120,1826930.005256000,1826930.005281000,0.024999958,0.005988014,false,false,false,true,CPU state initialized before interval
418,6,F0418_N06_E01,7,2109492,cyber_recorder,120,1826930.005281000,1826930.005303000,0.022000168,0.005269501,false,false,false,true,CPU state initialized before interval
418,6,F0418_N06_E01,7,2109485,cyber_recorder,120,1826930.005303000,1826930.005318000,0.014999881,0.003592786,false,false,false,true,CPU state initialized before interval
418,6,F0418_N06_E01,7,2106492,mainboard,120,1826930.005318000,1826930.008204000,2.886000089,0.691257524,false,true,false,true,CPU state initialized before interval
418,6,F0418_N06_E01,7,2106498,mainboard,120,1826930.008204000,1826930.008276000,0.071999850,0.017245473,false,false,false,true,CPU state initialized before interval
418,6,F0418_N06_E01,7,2109485,cyber_recorder,120,1826930.008276000,1826930.008303000,0.026999973,0.006467060,false,false,false,true,CPU state initialized before interval
418,6,F0418_N06_E01,6,2106587,mainboard,120,1826930.004128000,1826930.004135000,0.007000053,0.001676660,false,false,false,true,CPU state initialized before interval
424,1,F0424_N01_E01,6,2106484,mainboard,120,1826930.624812000,1826930.628052000,3.239999991,0.217056340,false,true,false,true,CPU state initialized before interval
424,1,F0424_N01_E01,6,2109100,kworker/u24:2,120,1826930.628052000,1826930.628097000,0.045000110,0.003014679,false,false,true,true,CPU state initialized before interval
424,1,F0424_N01_E01,6,2106684,dds.asyn.1.1,120,1826930.628097000,1826930.628305000,0.207999954,0.013934478,false,false,false,true,CPU state initialized before interval
424,1,F0424_N01_E01,6,2106500,mainboard,120,1826930.628305000,1826930.628361000,0.055999961,0.003751588,false,false,false,true,CPU state initialized before interval
424,1,F0424_N01_E01,6,2106499,mainboard,120,1826930.628361000,1826930.628375000,0.014000107,0.000937905,false,false,false,true,CPU state initialized before interval
424,1,F0424_N01_E01,6,2109100,kworker/u24:2,120,1826930.628375000,1826930.628379000,0.003999798,0.000267957,false,false,true,true,CPU state initialized before interval
424,1,F0424_N01_E01,6,2106669,dds.ev.1,120,1826930.628379000,1826930.628425000,0.046000117,0.003081672,false,false,false,true,CPU state initialized before interval
424,1,F0424_N01_E01,6,2106499,mainboard,120,1826930.628425000,1826930.628465000,0.040000072,0.002679713,false,false,false,true,CPU state initialized before interval
424,1,F0424_N01_E01,6,2105905,dreamview_plus,120,1826930.628465000,1826930.628535000,0.069999835,0.004689478,false,false,false,true,CPU state initialized before interval
424,1,F0424_N01_E01,6,2106484,mainboard,120,1826930.628535000,1826930.633932000,5.397000117,0.361559597,false,true,false,true,CPU state initialized before interval
424,1,F0424_N01_E01,6,2106528,mainboard,120,1826930.633932000,1826930.634003000,0.071000075,0.004756487,false,false,false,true,CPU state initialized before interval
424,1,F0424_N01_E01,6,2105905,dreamview_plus,120,1826930.634003000,1826930.634082000,0.078999903,0.005292417,false,false,false,true,CPU state initialized before interval
424,1,F0424_N01_E01,6,2105829,dreamview_plus,120,1826930.634082000,1826930.634211000,0.129000051,0.008642061,false,false,false,true,CPU state initialized before interval
424,1,F0424_N01_E01,6,2105905,dreamview_plus,120,1826930.634211000,1826930.634348000,0.136999879,0.009177991,false,false,false,true,CPU state initialized before interval
424,1,F0424_N01_E01,6,2105827,dreamview_plus,120,1826930.634348000,1826930.634431000,0.083000166,0.005560405,false,false,false,true,CPU state initialized before interval
424,1,F0424_N01_E01,6,2106509,mainboard,120,1826930.634431000,1826930.634484000,0.052999938,0.003550609,false,false,false,true,CPU state initialized before interval
424,1,F0424_N01_E01,6,2105829,dreamview_plus,120,1826930.634484000,1826930.634519000,0.035000034,0.002344747,false,false,false,true,CPU state initialized before interval
424,1,F0424_N01_E01,6,2106484,mainboard,120,1826930.634519000,1826930.634674000,0.155000016,0.010383869,false,true,false,true,CPU state initialized before interval
424,1,F0424_N01_E01,6,2109492,cyber_recorder,120,1826930.634674000,1826930.634764000,0.089999987,0.006029342,false,false,false,true,CPU state initialized before interval
424,1,F0424_N01_E01,6,2106484,mainboard,120,1826930.634764000,1826930.634797000,0.033000018,0.002210760,false,true,false,true,CPU state initialized before interval
424,1,F0424_N01_E01,6,2106500,mainboard,120,1826930.634797000,1826930.634847000,0.049999915,0.003349629,false,false,false,true,CPU state initialized before interval
424,1,F0424_N01_E01,6,2106499,mainboard,120,1826930.634847000,1826930.634876000,0.028999988,0.001942787,false,false,false,true,CPU state initialized before interval
424,1,F0424_N01_E01,6,2106484,mainboard,120,1826930.634876000,1826930.635295000,0.418999931,0.028069936,false,true,false,true,CPU state initialized before interval
424,1,F0424_N01_E01,6,2106669,dds.ev.1,120,1826930.635295000,1826930.635361000,0.066000037,0.004421521,false,false,false,true,CPU state initialized before interval
424,1,F0424_N01_E01,6,2106484,mainboard,120,1826930.635361000,1826930.636353000,0.992000103,0.066456763,false,true,false,true,CPU state initialized before interval
424,1,F0424_N01_E01,6,2105905,dreamview_plus,120,1826930.636353000,1826930.636387000,0.034000026,0.002277753,false,false,false,true,CPU state initialized before interval
424,1,F0424_N01_E01,6,2105896,dreamview_plus,120,1826930.636387000,1826930.636542000,0.155000016,0.010383869,false,false,false,true,CPU state initialized before interval
424,1,F0424_N01_E01,6,2105827,dreamview_plus,120,1826930.636542000,1826930.636591000,0.048999907,0.003282636,false,false,false,true,CPU state initialized before interval
424,1,F0424_N01_E01,6,2105896,dreamview_plus,120,1826930.636591000,1826930.636688000,0.097000040,0.006498294,false,false,false,true,CPU state initialized before interval
424,1,F0424_N01_E01,6,2106484,mainboard,120,1826930.636688000,1826930.638353000,1.664999872,0.111542833,false,true,false,true,CPU state initialized before interval
424,1,F0424_N01_E01,6,2105905,dreamview_plus,120,1826930.638353000,1826930.638382000,0.028999988,0.001942787,false,false,false,true,CPU state initialized before interval
424,1,F0424_N01_E01,6,2105896,dreamview_plus,120,1826930.638382000,1826930.638398000,0.016000122,0.001071891,false,false,false,true,CPU state initialized before interval
424,1,F0424_N01_E01,6,2106484,mainboard,120,1826930.638398000,1826930.639715000,1.317000017,0.088229384,false,true,false,true,CPU state initialized before interval
424,1,F0424_N01_E01,6,2105896,dreamview_plus,120,1826930.639715000,1826930.639739000,0.023999950,0.001607821,false,false,false,true,CPU state initialized before interval
427,3,F0427_N03_E01,4,2105905,dreamview_plus,120,1826930.932594000,1826930.932604000,0.010000076,0.002835292,false,false,false,true,CPU state initialized before interval
427,3,F0427_N03_E01,6,2106488,mainboard,120,1826930.932604000,1826930.933078000,0.474000117,0.134391864,false,true,false,true,CPU state initialized before interval
427,3,F0427_N03_E01,6,4154205,kworker/6:2H,100,1826930.933078000,1826930.933089000,0.010999851,0.003118756,false,false,true,true,CPU state initialized before interval
427,3,F0427_N03_E01,6,2106483,mainboard,120,1826930.933089000,1826930.933133000,0.044000102,0.012475220,false,true,false,true,CPU state initialized before interval
427,3,F0427_N03_E01,6,2109465,cyber_recorder,120,1826930.933133000,1826930.933158000,0.024999958,0.007088165,false,false,false,true,CPU state initialized before interval
427,3,F0427_N03_E01,6,2106474,mainboard,120,1826930.933158000,1826930.933173000,0.015000114,0.004252938,false,false,false,true,CPU state initialized before interval
427,3,F0427_N03_E01,4,0,swapper/4,120,1826930.936025000,1826930.936039000,0.014000107,0.003969409,true,false,true,true,CPU state initialized before interval
427,3,F0427_N03_E01,4,2106523,mainboard,120,1826930.936039000,1826930.936074000,0.035000034,0.009923457,false,false,false,true,CPU state initialized before interval
427,3,F0427_N03_E01,4,2105660,mainboard,120,1826930.936074000,1826930.936097000,0.022999942,0.006521106,false,false,false,true,CPU state initialized before interval
427,3,F0427_N03_E01,4,2106474,mainboard,120,1826930.936097000,1826930.936121000,0.023999950,0.006804635,false,false,false,true,CPU state initialized before interval
427,3,F0427_N03_E01,6,2106488,mainboard,120,1826930.933173000,1826930.936025000,2.851999830,0.808619157,false,true,false,true,CPU state initialized before interval
429,15,F0429_N15_E01,4,2106482,mainboard,120,1826931.144242000,1826931.144254000,0.011999859,0.001532158,false,true,false,true,CPU state initialized before interval
429,15,F0429_N15_E01,5,2106622,dds.ev.0,120,1826931.144236000,1826931.144242000,0.006000046,0.000766094,false,false,false,true,CPU state initialized before interval
429,15,F0429_N15_E01,4,2106510,mainboard,120,1826931.144254000,1826931.144278000,0.024000183,0.003064375,false,false,false,true,CPU state initialized before interval
429,15,F0429_N15_E01,4,2106504,mainboard,120,1826931.144278000,1826931.144299000,0.020999927,0.002681298,false,false,false,true,CPU state initialized before interval
429,15,F0429_N15_E01,4,2109498,cyber_recorder,120,1826931.144299000,1826931.144363000,0.064000022,0.008171606,false,false,false,true,CPU state initialized before interval
429,15,F0429_N15_E01,4,2109470,cyber_recorder,120,1826931.144363000,1826931.144423000,0.059999991,0.007660877,false,false,false,true,CPU state initialized before interval
429,15,F0429_N15_E01,4,2106650,mainboard,120,1826931.144423000,1826931.144444000,0.020999927,0.002681298,false,false,false,true,CPU state initialized before interval
429,15,F0429_N15_E01,5,0,swapper/5,120,1826931.152028000,1826931.152036000,0.008000061,0.001021458,true,false,true,true,CPU state initialized before interval
429,15,F0429_N15_E01,4,2106485,mainboard,120,1826931.144444000,1826931.152028000,7.584000006,0.968335033,false,true,false,true,CPU state initialized before interval
429,15,F0429_N15_E01,5,13,rcu_preempt,120,1826931.152036000,1826931.152049000,0.012999866,0.001659840,false,false,true,true,CPU state initialized before interval
429,15,F0429_N15_E01,5,2107354,mainboard,120,1826931.152049000,1826931.152068000,0.019000145,0.002425963,false,false,false,true,CPU state initialized before interval
442,13,F0442_N13_E01,7,2106482,mainboard,120,1826932.520420000,1826932.520458000,0.038000057,0.007314737,false,true,false,true,CPU state initialized before interval
442,13,F0442_N13_E01,5,2106577,mainboard,120,1826932.520403000,1826932.520420000,0.016999897,0.003272357,false,false,false,true,CPU state initialized before interval
442,13,F0442_N13_E01,7,2106492,mainboard,120,1826932.520458000,1826932.525535000,5.077000009,0.977285858,false,true,false,true,CPU state initialized before interval
442,13,F0442_N13_E01,7,2106501,mainboard,120,1826932.525535000,1826932.525598000,0.063000014,0.012127048,false,false,false,true,CPU state initialized before interval
442,13,F0442_N13_E02,7,2106496,mainboard,120,1826932.525634000,1826932.525677000,0.042999862,1.000000000,false,false,false,true,CPU state initialized before interval
442,13,F0442_N13_E03,7,2106478,mainboard,120,1826932.525724000,1826932.525760000,0.036000041,1.000000000,false,true,false,true,CPU state initialized before interval
446,6,F0446_N06_E01,7,2106482,mainboard,120,1826933.010257000,1826933.010271000,0.013999874,0.003221324,false,true,false,true,CPU state initialized before interval
446,6,F0446_N06_E01,7,2106477,mainboard,120,1826933.010271000,1826933.014481000,4.209999926,0.968706885,false,true,false,true,CPU state initialized before interval
446,6,F0446_N06_E01,7,2106511,mainboard,120,1826933.014481000,1826933.014554000,0.073000090,0.016797076,false,false,false,true,CPU state initialized before interval
446,6,F0446_N06_E01,7,2106507,mainboard,120,1826933.014554000,1826933.014603000,0.048999907,0.011274715,false,false,false,true,CPU state initialized before interval
452,1,F0452_N01_E01,4,2106479,mainboard,120,1826933.631046000,1826933.635465000,4.419000121,0.919667032,false,true,false,true,CPU state initialized before interval
452,1,F0452_N01_E01,4,2106511,mainboard,120,1826933.635465000,1826933.635524000,0.058999984,0.012278873,false,false,false,true,CPU state initialized before interval
452,1,F0452_N01_E01,4,2106673,dds.udp.27437,120,1826933.635524000,1826933.635604000,0.079999911,0.016649305,false,false,false,true,CPU state initialized before interval
452,1,F0452_N01_E01,4,2106496,mainboard,120,1826933.635604000,1826933.635646000,0.042000087,0.008740913,false,false,false,true,CPU state initialized before interval
452,1,F0452_N01_E01,4,2106508,mainboard,120,1826933.635646000,1826933.635683000,0.037000049,0.007700322,false,false,false,true,CPU state initialized before interval
452,1,F0452_N01_E01,4,2106495,mainboard,120,1826933.635683000,1826933.635763000,0.079999911,0.016649305,false,false,false,true,CPU state initialized before interval
452,1,F0452_N01_E01,4,2109488,cyber_recorder,120,1826933.635763000,1826933.635851000,0.087999972,0.018314250,false,false,false,true,CPU state initialized before interval
457,1,F0457_N01_E01,10,2106487,mainboard,120,1826934.140252000,1826934.145018000,4.765999969,0.929769768,false,true,false,true,CPU state initialized before interval
457,1,F0457_N01_E01,10,2106499,mainboard,120,1826934.145018000,1826934.145267000,0.249000033,0.048575893,false,false,false,true,CPU state initialized before interval
457,1,F0457_N01_E01,10,2106557,dds.udp.27423,120,1826934.145267000,1826934.145348000,0.081000151,0.015801824,false,false,false,true,CPU state initialized before interval
457,1,F0457_N01_E01,10,2106510,mainboard,120,1826934.145348000,1826934.145378000,0.029999996,0.005852516,false,false,false,true,CPU state initialized before interval
482,2,F0482_N02_E01,7,2106483,mainboard,120,1826936.715269000,1826936.716074000,0.805000076,0.159722239,false,true,false,true,CPU state initialized before interval
482,2,F0482_N02_E01,7,49,ksoftirqd/7,120,1826936.716074000,1826936.716316000,0.241999980,0.048015869,false,false,true,true,CPU state initialized before interval
482,2,F0482_N02_E01,7,1758960,MainThread,120,1826936.716316000,1826936.716381000,0.064999796,0.012896785,false,false,false,true,CPU state initialized before interval
482,2,F0482_N02_E01,7,2106508,mainboard,120,1826936.716381000,1826936.716434000,0.053000171,0.010515907,false,false,false,true,CPU state initialized before interval
482,2,F0482_N02_E01,7,2106496,mainboard,120,1826936.716434000,1826936.716459000,0.024999958,0.004960309,false,false,false,true,CPU state initialized before interval
482,2,F0482_N02_E01,7,2109465,cyber_recorder,120,1826936.716459000,1826936.716487000,0.027999980,0.005555552,false,false,false,true,CPU state initialized before interval
482,2,F0482_N02_E01,7,2106650,mainboard,120,1826936.716487000,1826936.716513000,0.025999965,0.005158723,false,false,false,true,CPU state initialized before interval
482,2,F0482_N02_E01,7,2106483,mainboard,120,1826936.716513000,1826936.720033000,3.520000027,0.698412709,false,true,false,true,CPU state initialized before interval
482,2,F0482_N02_E01,7,1758960,MainThread,120,1826936.720033000,1826936.720084000,0.050999923,0.010119032,false,false,false,true,CPU state initialized before interval
482,2,F0482_N02_E01,7,2109535,dds.ev.1,120,1826936.720084000,1826936.720257000,0.173000153,0.034325427,false,false,false,true,CPU state initialized before interval
482,2,F0482_N02_E01,7,2109465,cyber_recorder,120,1826936.720257000,1826936.720286000,0.028999988,0.005753966,false,false,false,true,CPU state initialized before interval
482,2,F0482_N02_E01,7,2106650,mainboard,120,1826936.720286000,1826936.720309000,0.022999942,0.004563481,false,false,false,true,CPU state initialized before interval
508,2,F0508_N02_E01,3,2106495,mainboard,120,1826939.427951000,1826939.427961000,0.010000076,0.002396376,false,false,false,true,CPU state initialized before interval
508,2,F0508_N02_E01,5,0,swapper/5,120,1826939.432023000,1826939.432034000,0.011000084,0.002636013,true,false,true,true,CPU state initialized before interval
508,2,F0508_N02_E01,1,2106479,mainboard,120,1826939.427961000,1826939.432023000,4.061999964,0.973400397,false,true,false,true,CPU state initialized before interval
508,2,F0508_N02_E01,5,2106659,mainboard,120,1826939.432034000,1826939.432124000,0.089999987,0.021567214,false,false,false,true,CPU state initialized before interval
511,1,F0511_N01_E01,2,2106484,mainboard,120,1826940.507749000,1826940.508039000,0.289999880,0.066014087,false,true,false,true,CPU state initialized before interval
511,1,F0511_N01_E01,2,13,rcu_preempt,120,1826940.508039000,1826940.508056000,0.017000129,0.003869822,false,false,true,true,CPU state initialized before interval
511,1,F0511_N01_E01,2,2106522,mainboard,120,1826940.508056000,1826940.508087000,0.031000003,0.007056682,false,false,false,true,CPU state initialized before interval
511,1,F0511_N01_E01,2,2106484,mainboard,120,1826940.508087000,1826940.512039000,3.951999824,0.899612997,false,true,false,true,CPU state initialized before interval
511,1,F0511_N01_E01,3,0,swapper/3,120,1826940.512039000,1826940.512053000,0.014000107,0.003186913,true,false,true,true,CPU state initialized before interval
511,1,F0511_N01_E01,3,29,ksoftirqd/3,120,1826940.512053000,1826940.512061000,0.008000061,0.001821093,false,false,true,true,CPU state initialized before interval
511,1,F0511_N01_E01,3,2107354,mainboard,120,1826940.512061000,1826940.512087000,0.025999965,0.005918499,false,false,false,true,CPU state initialized before interval
511,1,F0511_N01_E01,3,2106675,mainboard,120,1826940.512087000,1826940.512111000,0.023999950,0.005463226,false,false,false,true,CPU state initialized before interval
511,1,F0511_N01_E01,3,2108111,mainboard,120,1826940.512111000,1826940.512142000,0.031000003,0.007056682,false,false,false,true,CPU state initialized before interval
523,13,F0523_N13_E01,0,2106484,mainboard,120,1826942.520106000,1826942.520167000,0.060999999,0.016675778,false,true,false,true,CPU state initialized before interval
523,13,F0523_N13_E01,0,2109485,cyber_recorder,120,1826942.520167000,1826942.520196000,0.029000221,0.007927889,false,false,false,true,CPU state initialized before interval
523,13,F0523_N13_E01,0,2106495,mainboard,120,1826942.520196000,1826942.520268000,0.071999850,0.019682845,false,false,false,true,CPU state initialized before interval
523,13,F0523_N13_E01,0,2106491,mainboard,120,1826942.520268000,1826942.520967000,0.698999967,0.191088010,false,true,false,true,CPU state initialized before interval
523,13,F0523_N13_E01,0,1758960,MainThread,120,1826942.520967000,1826942.520993000,0.025999965,0.007107699,false,false,false,true,CPU state initialized before interval
523,13,F0523_N13_E01,0,2105660,mainboard,120,1826942.520993000,1826942.521013000,0.020000152,0.005467510,false,false,false,true,CPU state initialized before interval
523,13,F0523_N13_E01,0,2106454,mainboard,120,1826942.521013000,1826942.521030000,0.016999897,0.004647320,false,false,false,true,CPU state initialized before interval
523,13,F0523_N13_E01,0,2106522,mainboard,120,1826942.521030000,1826942.521044000,0.014000107,0.003827257,false,false,false,true,CPU state initialized before interval
523,13,F0523_N13_E01,0,2106491,mainboard,120,1826942.521044000,1826942.523515000,2.470999956,0.675505702,false,true,false,true,CPU state initialized before interval
523,13,F0523_N13_E01,0,174,irq/134-host_sy,49,1826942.523515000,1826942.523569000,0.053999946,0.014762150,false,false,true,true,CPU state initialized before interval
523,13,F0523_N13_E01,0,2106525,mainboard,120,1826942.523569000,1826942.523632000,0.063000014,0.017222529,false,false,false,true,CPU state initialized before interval
523,13,F0523_N13_E01,0,2106454,mainboard,120,1826942.523632000,1826942.523658000,0.025999965,0.007107699,false,false,false,true,CPU state initialized before interval
523,13,F0523_N13_E01,0,2105660,mainboard,120,1826942.523658000,1826942.523686000,0.027999980,0.007654450,false,false,false,true,CPU state initialized before interval
523,13,F0523_N13_E01,0,2109485,cyber_recorder,120,1826942.523686000,1826942.523712000,0.026000198,0.007107763,false,false,false,true,CPU state initialized before interval
523,13,F0523_N13_E01,0,2106495,mainboard,120,1826942.523712000,1826942.523764000,0.051999930,0.014215399,false,false,false,true,CPU state initialized before interval
538,3,F0538_N03_E01,5,2106504,mainboard,120,1826944.026712591,1826944.026722000,0.009409152,0.001679783,false,false,false,true,CPU state initialized before interval
538,3,F0538_N03_E01,7,2106490,mainboard,120,1826944.026722000,1826944.028044000,1.322000055,0.236012051,false,true,false,true,CPU state initialized before interval
538,3,F0538_N03_E01,7,13,rcu_preempt,120,1826944.028044000,1826944.028059000,0.014999881,0.002677876,false,false,true,true,CPU state initialized before interval
538,3,F0538_N03_E01,7,2106734,mainboard,120,1826944.028059000,1826944.028091000,0.032000011,0.005712850,false,false,false,true,CPU state initialized before interval
538,3,F0538_N03_E01,7,2106576,mainboard,120,1826944.028091000,1826944.028122000,0.031000003,0.005534322,false,false,false,true,CPU state initialized before interval
538,3,F0538_N03_E01,7,2106434,mainboard,120,1826944.028122000,1826944.028149000,0.026999973,0.004820211,false,false,false,true,CPU state initialized before interval
538,3,F0538_N03_E01,7,2106522,mainboard,120,1826944.028149000,1826944.028174000,0.025000190,0.004463197,false,false,false,true,CPU state initialized before interval
538,3,F0538_N03_E01,7,2106454,mainboard,120,1826944.028174000,1826944.028199000,0.024999958,0.004463155,false,false,false,true,CPU state initialized before interval
538,3,F0538_N03_E01,7,2105825,dreamview_plus,120,1826944.028199000,1826944.028226000,0.026999973,0.004820211,false,false,false,true,CPU state initialized before interval
538,3,F0538_N03_E01,7,2106490,mainboard,120,1826944.028226000,1826944.032044000,3.817999968,0.681614195,false,true,false,true,CPU state initialized before interval
538,3,F0538_N03_E01,7,1758960,MainThread,120,1826944.032044000,1826944.032106000,0.062000006,0.011068645,false,false,false,true,CPU state initialized before interval
538,3,F0538_N03_E01,7,2106454,mainboard,120,1826944.032106000,1826944.032135000,0.028999988,0.005177267,false,false,false,true,CPU state initialized before interval
538,3,F0538_N03_E01,7,2106734,mainboard,120,1826944.032135000,1826944.032203000,0.068000052,0.012139812,false,false,false,true,CPU state initialized before interval
538,3,F0538_N03_E01,7,2106576,mainboard,120,1826944.032203000,1826944.032286000,0.082999934,0.014817688,false,false,false,true,CPU state initialized before interval
538,3,F0538_N03_E01,7,2105825,dreamview_plus,120,1826944.032286000,1826944.032314000,0.027999980,0.004998739,false,false,false,true,CPU state initialized before interval
540,2,F0540_N02_E01,7,2106489,mainboard,120,1826944.232476000,1826944.236041000,3.565000137,0.925253085,false,true,false,true,CPU state initialized before interval
540,2,F0540_N02_E01,7,13,rcu_preempt,120,1826944.236041000,1826944.236062000,0.020999927,0.005450280,false,false,true,true,CPU state initialized before interval
540,2,F0540_N02_E01,7,2106549,mainboard,120,1826944.236062000,1826944.236209000,0.146999955,0.038152078,false,false,false,true,CPU state initialized before interval
540,2,F0540_N02_E01,7,2106497,mainboard,120,1826944.236209000,1826944.236265000,0.055999961,0.014534119,false,false,false,true,CPU state initialized before interval
540,2,F0540_N02_E01,7,2106507,mainboard,120,1826944.236265000,1826944.236292000,0.026999973,0.007007520,false,false,false,true,CPU state initialized before interval
540,2,F0540_N02_E01,7,2106511,mainboard,120,1826944.236292000,1826944.236329000,0.037000049,0.009602920,false,false,false,true,CPU state initialized before interval
540,16,F0540_N16_E01,7,2109009,perf,120,1826944.240163000,1826944.243563000,3.400000045,1.000000000,false,false,false,true,CPU state initialized before interval
572,3,F0572_N03_E01,11,2106485,mainboard,120,1826947.681087236,1826947.690260000,9.172764141,0.985495994,false,true,false,true,CPU state initialized before interval
572,3,F0572_N03_E01,11,2106496,mainboard,120,1826947.690260000,1826947.690395000,0.134999864,0.014504006,false,false,false,true,CPU state initialized before interval
575,1,F0575_N01_E01,11,2106485,mainboard,120,1826948.042757000,1826948.048029000,5.271999864,0.961868278,false,true,false,true,CPU state initialized before interval
575,1,F0575_N01_E01,11,2106496,mainboard,120,1826948.048029000,1826948.048080000,0.051000156,0.009304900,false,false,false,true,CPU state initialized before interval
575,1,F0575_N01_E01,11,2106499,mainboard,120,1826948.048080000,1826948.048132000,0.051999930,0.009487307,false,false,false,true,CPU state initialized before interval
575,1,F0575_N01_E01,11,2106576,mainboard,120,1826948.048132000,1826948.048238000,0.105999876,0.019339515,false,false,false,true,CPU state initialized before interval
604,3,F0604_N03_E01,3,2106478,mainboard,120,1826951.324106000,1826951.328029000,3.923000069,0.921974157,false,true,false,true,CPU state initialized before interval
604,3,F0604_N03_E01,1,0,swapper/1,120,1826951.328042000,1826951.328052000,0.009999843,0.002350139,true,false,true,true,CPU state initialized before interval
604,3,F0604_N03_E01,1,2106513,mainboard,120,1826951.328052000,1826951.328071000,0.019000145,0.004465369,false,false,false,true,CPU state initialized before interval
604,3,F0604_N03_E01,3,2106496,mainboard,120,1826951.328029000,1826951.328042000,0.013000099,0.003055252,false,false,false,true,CPU state initialized before interval
604,3,F0604_N03_E01,1,2106500,mainboard,120,1826951.328071000,1826951.328116000,0.044999877,0.010575764,false,false,false,true,CPU state initialized before interval
604,3,F0604_N03_E01,1,13,rcu_preempt,120,1826951.328116000,1826951.328128000,0.012000091,0.002820233,false,false,true,true,CPU state initialized before interval
604,3,F0604_N03_E01,1,2106500,mainboard,120,1826951.328128000,1826951.328155000,0.026999973,0.006345469,false,false,false,true,CPU state initialized before interval
604,3,F0604_N03_E01,1,2106827,mainboard,120,1826951.328155000,1826951.328321000,0.166000100,0.039012949,false,false,false,true,CPU state initialized before interval
604,3,F0604_N03_E01,1,2106434,mainboard,120,1826951.328321000,1826951.328341000,0.019999919,0.004700334,false,false,false,true,CPU state initialized before interval
604,3,F0604_N03_E01,1,2106522,mainboard,120,1826951.328341000,1826951.328361000,0.019999919,0.004700334,false,false,false,true,CPU state initialized before interval
606,7,F0606_N07_E01,2,2106669,dds.ev.1,120,1826951.534365600,1826951.534368000,0.002400018,0.000407515,false,false,false,true,CPU state initialized before interval
606,7,F0606_N07_E01,1,2106492,mainboard,120,1826951.534369000,1826951.534386000,0.016999897,0.002886524,false,true,false,true,CPU state initialized before interval
606,7,F0606_N07_E01,2,2109485,cyber_recorder,120,1826951.534368000,1826951.534369000,0.001000008,0.000169798,false,false,false,true,CPU state initialized before interval
606,7,F0606_N07_E01,1,2106487,mainboard,120,1826951.534386000,1826951.540207000,5.821000086,0.988385905,false,true,false,true,CPU state initialized before interval
606,7,F0606_N07_E01,1,2106506,mainboard,120,1826951.540207000,1826951.540255000,0.048000133,0.008150258,false,false,false,true,CPU state initialized before interval
617,2,F0617_N02_E01,2,2106483,mainboard,120,1826952.908731943,1826952.909486000,0.754056498,0.038754911,false,true,false,true,CPU state initialized before interval
617,2,F0617_N02_E01,1,0,swapper/1,120,1826952.912035000,1826952.912043000,0.008000061,0.000411165,true,false,true,true,CPU state initialized before interval
617,2,F0617_N02_E01,0,0,swapper/0,120,1826952.912048000,1826952.912055000,0.007000053,0.000359769,true,false,true,true,CPU state initialized before interval
617,2,F0617_N02_E01,1,2106889,mainboard,120,1826952.912043000,1826952.912048000,0.004999805,0.000256966,false,false,false,true,CPU state initialized before interval
617,2,F0617_N02_E01,0,2106483,mainboard,120,1826952.912055000,1826952.912886000,0.831000041,0.042709442,false,true,false,true,CPU state initialized before interval
617,2,F0617_N02_E01,0,174,irq/134-host_sy,49,1826952.912886000,1826952.912929000,0.043000095,0.002210000,false,false,true,true,CPU state initialized before interval
617,2,F0617_N02_E01,0,2106422,mainboard,120,1826952.912929000,1826952.912991000,0.062000006,0.003186505,false,false,false,true,CPU state initialized before interval
617,2,F0617_N02_E01,0,2106522,mainboard,120,1826952.912991000,1826952.913018000,0.026999973,0.001387670,false,false,false,true,CPU state initialized before interval
617,2,F0617_N02_E01,0,2109541,cyber_recorder,120,1826952.913018000,1826952.913116000,0.097999815,0.005036724,false,false,false,true,CPU state initialized before interval
617,2,F0617_N02_E01,0,2106483,mainboard,120,1826952.913116000,1826952.913285000,0.169000123,0.008685801,false,true,false,true,CPU state initialized before interval
617,2,F0617_N02_E01,0,174,irq/134-host_sy,49,1826952.913285000,1826952.913309000,0.023999950,0.001233483,false,false,true,true,CPU state initialized before interval
617,2,F0617_N02_E01,0,2106483,mainboard,120,1826952.913309000,1826952.913516000,0.206999946,0.010638811,false,true,false,true,CPU state initialized before interval
617,2,F0617_N02_E01,0,174,irq/134-host_sy,49,1826952.913516000,1826952.913548000,0.032000011,0.001644648,false,false,true,true,CPU state initialized before interval
617,2,F0617_N02_E01,2,2109009,perf,120,1826952.909486000,1826952.912035000,2.549000084,0.131006458,false,false,false,true,CPU state initialized before interval
617,2,F0617_N02_E01,0,2106483,mainboard,120,1826952.913548000,1826952.928048000,14.500000048,0.745230911,false,true,false,true,CPU state initialized before interval
617,2,F0617_N02_E01,0,2106815,kworker/0:1,120,1826952.928048000,1826952.928189000,0.141000142,0.007246735,false,false,true,true,CPU state initialized before interval
622,2,F0622_N02_E01,2,2106478,mainboard,120,1826953.481876000,1826953.485912000,4.035999998,0.953460932,false,true,false,true,CPU state initialized before interval
622,2,F0622_N02_E01,2,2106503,mainboard,120,1826953.485912000,1826953.485999000,0.086999964,0.020552792,false,false,false,true,CPU state initialized before interval
622,2,F0622_N02_E01,2,2106673,dds.udp.27437,120,1826953.485999000,1826953.486072000,0.073000090,0.017245474,false,false,false,true,CPU state initialized before interval
622,2,F0622_N02_E01,2,2106509,mainboard,120,1826953.486072000,1826953.486109000,0.036999816,0.008740803,false,false,false,true,CPU state initialized before interval
629,2,F0629_N02_E01,7,2109009,perf,120,1826954.209340000,1826954.212412000,3.071999876,0.972151906,false,false,false,true,CPU state initialized before interval
629,2,F0629_N02_E01,7,2106535,mainboard,120,1826954.212412000,1826954.212469000,0.056999968,0.018037966,false,false,false,true,CPU state initialized before interval
629,2,F0629_N02_E01,7,2106538,mainboard,120,1826954.212469000,1826954.212500000,0.031000003,0.009810128,false,false,false,true,CPU state initialized before interval
630,4,F0630_N04_E01,7,2106486,mainboard,120,1826954.310889461,1826954.315510000,4.620538792,0.374358866,false,true,false,true,CPU state initialized before interval
630,4,F0630_N04_E01,7,2106507,mainboard,120,1826954.315510000,1826954.315582000,0.071999850,0.005833472,false,false,false,true,CPU state initialized before interval
630,4,F0630_N04_E01,7,2106479,mainboard,120,1826954.315582000,1826954.315642000,0.059999991,0.004861236,false,true,false,true,CPU state initialized before interval
630,4,F0630_N04_E01,7,2106488,mainboard,120,1826954.315642000,1826954.315670000,0.027999980,0.002268575,false,true,false,true,CPU state initialized before interval
630,4,F0630_N04_E01,7,2106578,mainboard,120,1826954.315670000,1826954.315722000,0.052000163,0.004213085,false,false,false,true,CPU state initialized before interval
630,4,F0630_N04_E01,7,2106530,mainboard,120,1826954.315722000,1826954.315813000,0.090999994,0.007372875,false,false,false,true,CPU state initialized before interval
630,4,F0630_N04_E01,7,2106502,mainboard,120,1826954.315813000,1826954.315855000,0.041999854,0.003402854,false,false,false,true,CPU state initialized before interval
630,4,F0630_N04_E01,7,2106505,mainboard,120,1826954.315855000,1826954.315878000,0.023000175,0.001863488,false,false,false,true,CPU state initialized before interval
630,4,F0630_N04_E01,7,2106506,mainboard,120,1826954.315878000,1826954.315897000,0.018999912,0.001539384,false,false,false,true,CPU state initialized before interval
630,4,F0630_N04_E01,7,2106504,mainboard,120,1826954.315897000,1826954.315916000,0.018999912,0.001539384,false,false,false,true,CPU state initialized before interval
630,4,F0630_N04_E01,7,2106486,mainboard,120,1826954.315916000,1826954.323166000,7.250000024,0.587399417,false,true,false,true,CPU state initialized before interval
630,4,F0630_N04_E01,7,2109488,cyber_recorder,120,1826954.323166000,1826954.323232000,0.066000037,0.005347363,false,false,false,true,CPU state initialized before interval
642,16,F0642_N16_E01,7,0,swapper/7,120,1826955.520049000,1826955.520068000,0.019000145,0.002268795,true,false,true,true,CPU state initialized before interval
642,16,F0642_N16_E01,7,13,rcu_preempt,120,1826955.520068000,1826955.520076000,0.007999828,0.000955254,false,false,true,true,CPU state initialized before interval
642,16,F0642_N16_E01,7,2106576,mainboard,120,1826955.520076000,1826955.520157000,0.081000151,0.009672174,false,false,false,true,CPU state initialized before interval
642,16,F0642_N16_E01,7,1758961,MainThread,120,1826955.520157000,1826955.520281000,0.124000013,0.014806759,false,false,false,true,CPU state initialized before interval
642,16,F0642_N16_E01,7,2106513,mainboard,120,1826955.520281000,1826955.520342000,0.060999999,0.007283969,false,false,false,true,CPU state initialized before interval
642,16,F0642_N16_E01,7,1758961,MainThread,120,1826955.520342000,1826955.520393000,0.050999923,0.006089867,false,false,false,true,CPU state initialized before interval
642,16,F0642_N16_E01,7,2106492,mainboard,120,1826955.520393000,1826955.520475000,0.081999926,0.009791556,false,true,false,true,CPU state initialized before interval
642,16,F0642_N16_E01,7,2106486,mainboard,120,1826955.520475000,1826955.520508000,0.033000018,0.003940510,false,true,false,true,CPU state initialized before interval
642,16,F0642_N16_E01,7,2106576,mainboard,120,1826955.520508000,1826955.520557000,0.049000140,0.005851074,false,false,false,true,CPU state initialized before interval
642,16,F0642_N16_E01,7,1758961,MainThread,120,1826955.520557000,1826955.520604000,0.046999892,0.005612226,false,false,false,true,CPU state initialized before interval
642,16,F0642_N16_E01,7,2106513,mainboard,120,1826955.520604000,1826955.520639000,0.035000034,0.004179331,false,false,false,true,CPU state initialized before interval
642,16,F0642_N16_E01,7,2106576,mainboard,120,1826955.520639000,1826955.520659000,0.019999919,0.002388177,false,false,false,true,CPU state initialized before interval
642,16,F0642_N16_E01,7,2106474,mainboard,120,1826955.520659000,1826955.520687000,0.027999980,0.003343459,false,false,false,true,CPU state initialized before interval
642,16,F0642_N16_E01,7,2109465,cyber_recorder,120,1826955.520687000,1826955.520712000,0.025000190,0.002985256,false,false,false,true,CPU state initialized before interval
642,16,F0642_N16_E01,4,2109009,perf,120,1826955.512337445,1826955.520049000,7.711554645,0.920831593,false,false,false,true,CPU state initialized before interval
644,2,F0644_N02_E01,4,2106482,mainboard,120,1826955.716582161,1826955.724050000,7.467839168,0.997995429,false,true,false,true,CPU state initialized before interval
644,2,F0644_N02_E01,4,13,rcu_preempt,120,1826955.724050000,1826955.724065000,0.014999881,0.002004571,false,false,true,true,CPU state initialized before interval
664,7,F0664_N07_E01,1,2106491,mainboard,120,1826957.818865000,1826957.818886000,0.020999927,0.003864543,false,true,false,true,CPU state initialized before interval
664,7,F0664_N07_E01,1,2106587,mainboard,120,1826957.818886000,1826957.818928000,0.042000087,0.007729129,false,false,false,true,CPU state initialized before interval
664,7,F0664_N07_E01,0,2106581,mainboard,120,1826957.818856000,1826957.818865000,0.009000069,0.001656251,false,false,false,true,CPU state initialized before interval
664,7,F0664_N07_E01,1,2106486,mainboard,120,1826957.818928000,1826957.820068000,1.139999833,0.209790182,false,true,false,true,CPU state initialized before interval
664,7,F0664_N07_E01,1,1995657,kworker/1:1,120,1826957.820068000,1826957.820080000,0.012000091,0.002208335,false,false,true,true,CPU state initialized before interval
664,7,F0664_N07_E01,1,2105840,civetweb-wsock,120,1826957.820080000,1826957.820112000,0.032000011,0.005888850,false,false,false,true,CPU state initialized before interval
664,7,F0664_N07_E01,1,2106486,mainboard,120,1826957.820112000,1826957.824243000,4.131000023,0.760213484,false,true,false,true,CPU state initialized before interval
664,7,F0664_N07_E01,1,2106529,mainboard,120,1826957.824243000,1826957.824290000,0.046999892,0.008649226,false,false,false,true,CPU state initialized before interval
670,2,F0670_N02_E01,3,2106476,mainboard,120,1826958.420003959,1826958.420030000,0.026041176,0.005823107,false,true,false,true,CPU state initialized before interval
670,2,F0670_N02_E01,3,1758955,MainThread,120,1826958.420030000,1826958.420241000,0.210999977,0.047182028,false,false,false,true,CPU state initialized before interval
670,2,F0670_N02_E01,3,13,rcu_preempt,120,1826958.420241000,1826958.420255000,0.014000107,0.003130585,false,false,true,true,CPU state initialized before interval
670,2,F0670_N02_E01,3,2106476,mainboard,120,1826958.420255000,1826958.424025000,3.770000068,0.843015491,false,true,false,true,CPU state initialized before interval
670,2,F0670_N02_E01,3,2107348,dds.ev.1,120,1826958.424025000,1826958.424149000,0.124000013,0.027727833,false,false,false,true,CPU state initialized before interval
670,2,F0670_N02_E01,3,2106538,mainboard,120,1826958.424149000,1826958.424230000,0.080999918,0.018112516,false,false,false,true,CPU state initialized before interval
670,2,F0670_N02_E01,3,2105827,dreamview_plus,120,1826958.424230000,1826958.424366000,0.136000104,0.030411192,false,false,false,true,CPU state initialized before interval
670,2,F0670_N02_E01,3,2105829,dreamview_plus,120,1826958.424366000,1826958.424476000,0.109999906,0.024597248,false,false,false,true,CPU state initialized before interval
696,8,F0696_N08_E01,0,2106483,mainboard,120,1826961.035570000,1826961.035605000,0.035000034,0.004796496,false,true,false,true,CPU state initialized before interval
696,8,F0696_N08_E01,0,2106502,mainboard,120,1826961.035605000,1826961.035758000,0.153000001,0.020967521,false,false,false,true,CPU state initialized before interval
696,8,F0696_N08_E01,0,2106507,mainboard,120,1826961.035758000,1826961.035807000,0.048999907,0.006715076,false,false,false,true,CPU state initialized before interval
696,8,F0696_N08_E01,0,2106848,mainboard,120,1826961.035807000,1826961.035831000,0.023999950,0.003289016,false,false,false,true,CPU state initialized before interval
696,8,F0696_N08_E01,0,2106454,mainboard,120,1826961.035831000,1826961.035845000,0.014000107,0.001918611,false,false,false,true,CPU state initialized before interval
696,8,F0696_N08_E01,0,135,kswapd0,120,1826961.035845000,1826961.039359000,3.513999982,0.481567771,false,false,true,true,CPU state initialized before interval
696,8,F0696_N08_E01,0,174,irq/134-host_sy,49,1826961.039359000,1826961.039388000,0.028999988,0.003974234,false,false,true,true,CPU state initialized before interval
696,8,F0696_N08_E01,0,135,kswapd0,120,1826961.039388000,1826961.040113000,0.724999933,0.099355892,false,false,true,true,CPU state initialized before interval
696,8,F0696_N08_E01,0,174,irq/134-host_sy,49,1826961.040113000,1826961.040134000,0.020999927,0.002877885,false,false,true,true,CPU state initialized before interval
696,8,F0696_N08_E01,0,135,kswapd0,120,1826961.040134000,1826961.040867000,0.732999993,0.100452241,false,false,true,true,CPU state initialized before interval
696,8,F0696_N08_E01,0,174,irq/134-host_sy,49,1826961.040867000,1826961.040884000,0.017000129,0.002329742,false,false,true,true,CPU state initialized before interval
696,8,F0696_N08_E01,0,135,kswapd0,120,1826961.040884000,1826961.042322000,1.438000007,0.197067291,false,false,true,true,CPU state initialized before interval
696,8,F0696_N08_E01,0,174,irq/134-host_sy,49,1826961.042322000,1826961.042340000,0.017999904,0.002466754,false,false,true,true,CPU state initialized before interval
696,8,F0696_N08_E01,0,135,kswapd0,120,1826961.042340000,1826961.042409000,0.069000060,0.009455949,false,false,true,true,CPU state initialized before interval
696,8,F0696_N08_E01,0,2106815,kworker/0:1,120,1826961.042409000,1826961.042418000,0.009000069,0.001233393,false,false,true,true,CPU state initialized before interval
696,8,F0696_N08_E01,0,135,kswapd0,120,1826961.042418000,1826961.042438000,0.019999919,0.002740841,false,false,true,true,CPU state initialized before interval
696,8,F0696_N08_E01,0,2106527,mainboard,120,1826961.042438000,1826961.042564000,0.126000028,0.017267374,false,false,false,true,CPU state initialized before interval
696,8,F0696_N08_E01,0,174,irq/134-host_sy,49,1826961.042564000,1826961.042584000,0.019999919,0.002740841,false,false,true,true,CPU state initialized before interval
696,8,F0696_N08_E01,0,2106527,mainboard,120,1826961.042584000,1826961.042615000,0.031000003,0.004248322,false,false,false,true,CPU state initialized before interval
696,8,F0696_N08_E01,0,2106533,mainboard,120,1826961.042615000,1826961.042640000,0.025000190,0.003426092,false,false,false,true,CPU state initialized before interval
696,8,F0696_N08_E01,0,2106848,mainboard,120,1826961.042640000,1826961.042789000,0.148999970,0.020419347,false,false,false,true,CPU state initialized before interval
696,8,F0696_N08_E01,0,2106538,mainboard,120,1826961.042789000,1826961.042840000,0.050999923,0.006989163,false,false,false,true,CPU state initialized before interval
696,8,F0696_N08_E01,0,2106454,mainboard,120,1826961.042840000,1826961.042867000,0.026999973,0.003700147,false,false,false,true,CPU state initialized before interval
701,7,F0701_N07_E01,1,2106490,mainboard,120,1826961.596424000,1826961.596458000,0.033999793,0.009088424,false,true,false,true,CPU state initialized before interval
701,7,F0701_N07_E01,1,2106817,dds.ev.1,120,1826961.596458000,1826961.596628000,0.170000130,0.045442432,false,false,false,true,CPU state initialized before interval
701,7,F0701_N07_E01,1,2106583,mainboard,120,1826961.596628000,1826961.600040000,3.411999904,0.912055611,false,false,false,true,CPU state initialized before interval
701,7,F0701_N07_E01,1,2105827,dreamview_plus,120,1826961.600040000,1826961.600165000,0.125000020,0.033413533,false,false,false,true,CPU state initialized before interval
703,4,F0703_N04_E01,2,2089399,kworker/u24:1,120,1826961.811382000,1826961.815486000,4.103999818,0.690909080,false,false,true,true,CPU state initialized before interval
703,4,F0703_N04_E01,2,2106478,mainboard,120,1826961.815486000,1826961.815550000,0.064000022,0.010774415,false,true,false,true,CPU state initialized before interval
703,4,F0703_N04_E01,2,2106486,mainboard,120,1826961.815550000,1826961.815582000,0.032000011,0.005387207,false,true,false,true,CPU state initialized before interval
703,4,F0703_N04_E01,2,2106477,mainboard,120,1826961.815582000,1826961.815611000,0.028999988,0.004882153,false,true,false,true,CPU state initialized before interval
703,4,F0703_N04_E01,2,2106489,mainboard,120,1826961.815611000,1826961.815639000,0.027999980,0.004713802,false,true,false,true,CPU state initialized before interval
703,4,F0703_N04_E01,2,2106454,mainboard,120,1826961.815639000,1826961.815671000,0.032000011,0.005387207,false,false,false,true,CPU state initialized before interval
703,4,F0703_N04_E01,2,2106524,mainboard,120,1826961.815671000,1826961.815727000,0.055999961,0.009427603,false,false,false,true,CPU state initialized before interval
703,4,F0703_N04_E01,2,2109470,cyber_recorder,120,1826961.815727000,1826961.815809000,0.082000159,0.013804741,false,false,false,true,CPU state initialized before interval
703,4,F0703_N04_E01,2,2109485,cyber_recorder,120,1826961.815809000,1826961.815840000,0.031000003,0.005218856,false,false,false,true,CPU state initialized before interval
703,4,F0703_N04_E01,2,2106525,mainboard,120,1826961.815840000,1826961.815888000,0.047999900,0.008080791,false,false,false,true,CPU state initialized before interval
703,4,F0703_N04_E01,2,2106513,mainboard,120,1826961.815888000,1826961.815973000,0.084999949,0.014309756,false,false,false,true,CPU state initialized before interval
703,4,F0703_N04_E01,2,2106506,mainboard,120,1826961.815973000,1826961.816051000,0.078000128,0.013131335,false,false,false,true,CPU state initialized before interval
703,4,F0703_N04_E01,2,2105890,dds.ev.1,120,1826961.816051000,1826961.816990000,0.938999932,0.158080801,false,false,false,true,CPU state initialized before interval
703,4,F0703_N04_E01,2,2106821,dds.udp.27442,120,1826961.816990000,1826961.817036000,0.046000117,0.007744128,false,false,false,true,CPU state initialized before interval
703,4,F0703_N04_E01,2,2106556,dds.udp.27400,120,1826961.817036000,1826961.817070000,0.034000026,0.005723910,false,false,false,true,CPU state initialized before interval
703,4,F0703_N04_E01,2,2106454,mainboard,120,1826961.817070000,1826961.817090000,0.019999919,0.003366990,false,false,false,true,CPU state initialized before interval
703,4,F0703_N04_E01,2,2106606,dds.udp.27426,120,1826961.817090000,1826961.817115000,0.024999958,0.004208747,false,false,false,true,CPU state initialized before interval
703,4,F0703_N04_E01,2,2109485,cyber_recorder,120,1826961.817115000,1826961.817133000,0.017999904,0.003030287,false,false,false,true,CPU state initialized before interval
703,4,F0703_N04_E01,2,2106513,mainboard,120,1826961.817133000,1826961.817192000,0.059000216,0.009932697,false,false,false,true,CPU state initialized before interval
703,4,F0703_N04_E01,2,2106827,mainboard,120,1826961.817192000,1826961.817322000,0.129999826,0.021885493,false,false,false,true,CPU state initialized before interval
736,2,F0736_N02_E01,6,0,swapper/6,120,1826965.340032000,1826965.340047000,0.014999881,0.003298852,true,false,true,true,CPU state initialized before interval
736,2,F0736_N02_E01,6,2105825,dreamview_plus,120,1826965.340047000,1826965.340053000,0.006000046,0.001319561,false,false,false,true,CPU state initialized before interval
736,2,F0736_N02_E01,4,0,swapper/4,120,1826965.340053000,1826965.340066000,0.012999866,0.002858999,true,false,true,true,CPU state initialized before interval
736,2,F0736_N02_E01,4,2105827,dreamview_plus,120,1826965.340066000,1826965.340122000,0.056000194,0.012315855,false,false,false,true,CPU state initialized before interval
736,2,F0736_N02_E01,4,2109465,cyber_recorder,120,1826965.340122000,1826965.340147000,0.024999958,0.005498121,false,false,false,true,CPU state initialized before interval
736,2,F0736_N02_E01,4,2106650,mainboard,120,1826965.340147000,1826965.340164000,0.016999897,0.003738706,false,false,false,true,CPU state initialized before interval
736,2,F0736_N02_E01,5,2106478,mainboard,120,1826965.335617000,1826965.340032000,4.415000090,0.970969905,false,true,false,true,CPU state initialized before interval
739,12,F0739_N12_E01,7,2109009,perf,120,1826965.636812000,1826965.639966000,3.154000035,0.909457946,false,false,false,true,CPU state initialized before interval
739,12,F0739_N12_E01,7,1758960,MainThread,120,1826965.639966000,1826965.640039000,0.072999857,0.021049556,false,false,false,true,CPU state initialized before interval
739,12,F0739_N12_E01,7,2106739,dds.udp.27400,120,1826965.640039000,1826965.640107000,0.068000052,0.019607859,false,false,false,true,CPU state initialized before interval
739,12,F0739_N12_E01,7,2106743,dds.udp.27440,120,1826965.640107000,1826965.640158000,0.050999923,0.014705861,false,false,false,true,CPU state initialized before interval
739,12,F0739_N12_E01,7,2106475,mainboard,120,1826965.640158000,1826965.640217000,0.058999984,0.017012683,false,true,false,true,CPU state initialized before interval
739,12,F0739_N12_E01,7,2106491,mainboard,120,1826965.640217000,1826965.640253000,0.036000041,0.010380635,false,true,false,true,CPU state initialized before interval
739,12,F0739_N12_E01,7,2106485,mainboard,120,1826965.640253000,1826965.640280000,0.026999973,0.007785460,false,true,false,true,CPU state initialized before interval
741,2,F0741_N02_E01,5,2106414,mainboard,120,1826965.853241000,1826965.853250000,0.008999836,0.001322338,false,false,false,true,CPU state initialized before interval
741,2,F0741_N02_E01,7,2106484,mainboard,120,1826965.853250000,1826965.854859000,1.609000145,0.236409075,false,true,false,true,CPU state initialized before interval
741,2,F0741_N02_E01,7,1758961,MainThread,120,1826965.854859000,1826965.855024000,0.164999859,0.024243294,false,false,false,true,CPU state initialized before interval
741,2,F0741_N02_E01,7,2106503,mainboard,120,1826965.855024000,1826965.855083000,0.058999984,0.008668819,false,false,false,true,CPU state initialized before interval
741,2,F0741_N02_E01,7,2106510,mainboard,120,1826965.855083000,1826965.855120000,0.037000049,0.005436387,false,false,false,true,CPU state initialized before interval
741,2,F0741_N02_E01,7,2106537,mainboard,120,1826965.855120000,1826965.855166000,0.046000117,0.006758760,false,false,false,true,CPU state initialized before interval
741,2,F0741_N02_E01,7,2106484,mainboard,120,1826965.855166000,1826965.855210000,0.043999869,0.006464865,false,true,false,true,CPU state initialized before interval
741,2,F0741_N02_E01,7,1758961,MainThread,120,1826965.855210000,1826965.855297000,0.086999964,0.012782834,false,false,false,true,CPU state initialized before interval
741,2,F0741_N02_E01,4,0,swapper/4,120,1826965.860026000,1826965.860035000,0.008999836,0.001322338,true,false,true,true,CPU state initialized before interval
741,2,F0741_N02_E01,4,13,rcu_preempt,120,1826965.860035000,1826965.860047000,0.012000091,0.001763164,false,false,true,true,CPU state initialized before interval
741,2,F0741_N02_E01,7,2106484,mainboard,120,1826965.855297000,1826965.860026000,4.729000153,0.694828125,false,true,false,true,CPU state initialized before interval
743,3,F0743_N03_E01,5,2106586,mainboard,120,1826966.096055000,1826966.099349000,3.293999936,0.991272950,false,false,false,true,CPU state initialized before interval
743,3,F0743_N03_E01,5,2109485,cyber_recorder,120,1826966.099349000,1826966.099378000,0.028999988,0.008727050,false,false,false,true,CPU state initialized before interval
762,13,F0762_N13_E01,5,2106475,mainboard,120,1826968.116901000,1826968.120025000,3.124000039,0.964197546,false,true,false,true,CPU state initialized before interval
762,13,F0762_N13_E01,5,2106506,mainboard,120,1826968.120025000,1826968.120087000,0.062000006,0.019135805,false,false,false,true,CPU state initialized before interval
762,13,F0762_N13_E01,5,2105898,user_thread_1,120,1826968.120087000,1826968.120141000,0.053999946,0.016666650,false,false,false,true,CPU state initialized before interval
764,1,F0764_N01_E01,5,2106501,mainboard,120,1826968.331014000,1826968.331021000,0.006999820,0.001871110,false,false,false,true,CPU state initialized before interval
764,1,F0764_N01_E01,6,2106479,mainboard,120,1826968.327280000,1826968.331014000,3.734000027,0.998128890,false,true,false,true,CPU state initialized before interval
765,9,F0765_N09_E01,5,2106484,mainboard,120,1826968.431595000,1826968.431618000,0.022999942,0.005112234,false,true,false,true,CPU state initialized before interval
765,9,F0765_N09_E01,5,2109485,cyber_recorder,120,1826968.431618000,1826968.431642000,0.024000183,0.005334559,false,false,false,true,CPU state initialized before interval
765,9,F0765_N09_E01,5,2109738,bash,120,1826968.431642000,1826968.431877000,0.234999927,0.052233813,false,false,false,true,CPU state initialized before interval
765,9,F0765_N09_E01,5,2098168,kworker/u24:3,120,1826968.431877000,1826968.431896000,0.018999912,0.004223141,false,false,true,true,CPU state initialized before interval
765,9,F0765_N09_E01,5,2106434,mainboard,120,1826968.431896000,1826968.431923000,0.026999973,0.006001328,false,false,false,true,CPU state initialized before interval
765,9,F0765_N09_E01,5,2109738,bash,120,1826968.431923000,1826968.432182000,0.259000110,0.057568372,false,false,false,true,CPU state initialized before interval
765,9,F0765_N09_E01,5,2106566,mainboard,120,1826968.432182000,1826968.432205000,0.022999942,0.005112234,false,false,false,true,CPU state initialized before interval
765,9,F0765_N09_E01,4,135,kswapd0,120,1826968.431587000,1826968.431595000,0.008000061,0.001778186,false,false,true,true,CPU state initialized before interval
765,9,F0765_N09_E01,6,0,swapper/6,120,1826968.436023000,1826968.436036000,0.013000099,0.002889553,true,false,true,true,CPU state initialized before interval
765,9,F0765_N09_E01,5,2106477,mainboard,120,1826968.432205000,1826968.436023000,3.817999968,0.848633017,false,true,false,true,CPU state initialized before interval
765,9,F0765_N09_E01,6,2109485,cyber_recorder,120,1826968.436036000,1826968.436052000,0.015999889,0.003556321,false,false,false,true,CPU state initialized before interval
765,9,F0765_N09_E01,6,2106434,mainboard,120,1826968.436052000,1826968.436071000,0.019000145,0.004223193,false,false,false,true,CPU state initialized before interval
765,9,F0765_N09_E01,6,2106566,mainboard,120,1826968.436071000,1826968.436086000,0.014999881,0.003334048,false,false,false,true,CPU state initialized before interval
769,16,F0769_N16_E01,6,2106490,mainboard,120,1826968.835111000,1826968.835121000,0.009999843,0.001111959,false,true,false,true,CPU state initialized before interval
769,16,F0769_N16_E01,4,2106735,perf_trace_io,130,1826968.835104000,1826968.835111000,0.007000053,0.000778389,false,false,false,true,CPU state initialized before interval
769,16,F0769_N16_E01,6,2106511,mainboard,120,1826968.835121000,1826968.835149000,0.027999980,0.003113531,false,false,false,true,CPU state initialized before interval
769,16,F0769_N16_E01,6,2109485,cyber_recorder,120,1826968.835149000,1826968.835164000,0.015000114,0.001667977,false,false,false,true,CPU state initialized before interval
769,16,F0769_N16_E01,6,2105660,mainboard,120,1826968.835164000,1826968.835181000,0.016999897,0.001890348,false,false,false,true,CPU state initialized before interval
769,16,F0769_N16_E01,6,2106522,mainboard,120,1826968.835181000,1826968.835195000,0.014000107,0.001556778,false,false,false,true,CPU state initialized before interval
769,16,F0769_N16_E01,6,2106485,mainboard,120,1826968.835195000,1826968.844097000,8.902000031,0.989881019,false,true,false,true,CPU state initialized before interval
790,2,F0790_N02_E01,2,2106488,mainboard,120,1826971.867019000,1826971.873857000,6.837999914,0.986439697,false,true,false,true,CPU state initialized before interval
790,2,F0790_N02_E01,2,2109492,cyber_recorder,120,1826971.873857000,1826971.873926000,0.069000060,0.009953846,false,false,false,true,CPU state initialized before interval
790,2,F0790_N02_E01,2,2106522,mainboard,120,1826971.873926000,1826971.873951000,0.024999958,0.003606457,false,false,false,true,CPU state initialized before interval
797,3,F0797_N03_E01,1,2106486,mainboard,120,1826972.644088000,1826972.644137000,0.048999907,0.012420762,false,true,false,true,CPU state initialized before interval
797,3,F0797_N03_E01,1,2106524,mainboard,120,1826972.644137000,1826972.644184000,0.047000125,0.011913847,false,false,false,true,CPU state initialized before interval
797,3,F0797_N03_E01,1,2106537,mainboard,120,1826972.644184000,1826972.644211000,0.026999973,0.006844100,false,false,false,true,CPU state initialized before interval
797,3,F0797_N03_E01,1,2109541,cyber_recorder,120,1826972.644211000,1826972.644322000,0.110999914,0.028136860,false,false,false,true,CPU state initialized before interval
797,3,F0797_N03_E01,2,0,swapper/2,120,1826972.648026000,1826972.648033000,0.007000053,0.001774411,true,false,true,true,CPU state initialized before interval
797,3,F0797_N03_E01,1,2106485,mainboard,120,1826972.644322000,1826972.648026000,3.704000032,0.938910020,false,true,false,true,CPU state initialized before interval
825,9,F0825_N09_E01,10,2112488,ps,120,1826976.444346000,1826976.444553000,0.206999946,0.031145360,false,false,false,true,CPU state initialized before interval
825,9,F0825_N09_E01,10,2112489,grep,120,1826976.444553000,1826976.444601000,0.048000133,0.007222134,false,false,false,true,CPU state initialized before interval
825,9,F0825_N09_E01,10,2112488,ps,120,1826976.444601000,1826976.444630000,0.028999988,0.004363359,false,false,false,true,CPU state initialized before interval
825,9,F0825_N09_E01,10,2112489,grep,120,1826976.444630000,1826976.444654000,0.023999950,0.003611050,false,false,false,true,CPU state initialized before interval
825,9,F0825_N09_E01,10,2112488,ps,120,1826976.444654000,1826976.445397000,0.743000070,0.111792321,false,false,false,true,CPU state initialized before interval
825,9,F0825_N09_E01,10,2112489,grep,120,1826976.445397000,1826976.445438000,0.040999847,0.006168866,false,false,false,true,CPU state initialized before interval
825,9,F0825_N09_E01,10,2112488,ps,120,1826976.445438000,1826976.445466000,0.027999980,0.004212897,false,false,false,true,CPU state initialized before interval
825,9,F0825_N09_E01,10,2112489,grep,120,1826976.445466000,1826976.445494000,0.028000213,0.004212932,false,false,false,true,CPU state initialized before interval
825,9,F0825_N09_E01,10,2112488,ps,120,1826976.445494000,1826976.446226000,0.731999986,0.110137241,false,false,false,true,CPU state initialized before interval
825,9,F0825_N09_E01,10,2112489,grep,120,1826976.446226000,1826976.446267000,0.040999847,0.006168866,false,false,false,true,CPU state initialized before interval
825,9,F0825_N09_E01,10,2112488,ps,120,1826976.446267000,1826976.446293000,0.025999965,0.003911973,false,false,false,true,CPU state initialized before interval
825,9,F0825_N09_E01,10,2112489,grep,120,1826976.446293000,1826976.446316000,0.023000175,0.003460623,false,false,false,true,CPU state initialized before interval
825,9,F0825_N09_E01,10,2112488,ps,120,1826976.446316000,1826976.447048000,0.731999986,0.110137241,false,false,false,true,CPU state initialized before interval
825,9,F0825_N09_E01,10,2112489,grep,120,1826976.447048000,1826976.447091000,0.042999862,0.006469790,false,false,false,true,CPU state initialized before interval
825,9,F0825_N09_E01,10,2112488,ps,120,1826976.447091000,1826976.447116000,0.025000190,0.003761547,false,false,false,true,CPU state initialized before interval
825,9,F0825_N09_E01,10,2112489,grep,120,1826976.447116000,1826976.447153000,0.036999816,0.005567019,false,false,false,true,CPU state initialized before interval
825,9,F0825_N09_E01,10,2112488,ps,120,1826976.447153000,1826976.447903000,0.750000123,0.112845554,false,false,false,true,CPU state initialized before interval
825,9,F0825_N09_E01,10,2112489,grep,120,1826976.447903000,1826976.447945000,0.041999854,0.006319328,false,false,false,true,CPU state initialized before interval
825,9,F0825_N09_E01,10,2112488,ps,120,1826976.447945000,1826976.447970000,0.025000190,0.003761547,false,false,false,true,CPU state initialized before interval
825,9,F0825_N09_E01,10,2112489,grep,120,1826976.447970000,1826976.447995000,0.024999958,0.003761511,false,false,false,true,CPU state initialized before interval
825,9,F0825_N09_E01,10,2112488,ps,120,1826976.447995000,1826976.448779000,0.783999916,0.117961187,false,false,false,true,CPU state initialized before interval
825,9,F0825_N09_E01,10,2112489,grep,120,1826976.448779000,1826976.448837000,0.057999976,0.008726718,false,false,false,true,CPU state initialized before interval
825,9,F0825_N09_E01,10,2112488,ps,120,1826976.448837000,1826976.448867000,0.029999996,0.004513821,false,false,false,true,CPU state initialized before interval
825,9,F0825_N09_E01,10,2112489,grep,120,1826976.448867000,1826976.448899000,0.032000011,0.004814744,false,false,false,true,CPU state initialized before interval
825,9,F0825_N09_E01,10,2112488,ps,120,1826976.448899000,1826976.450387000,1.488000154,0.223885566,false,false,false,true,CPU state initialized before interval
825,9,F0825_N09_E01,10,2112484,bash,120,1826976.450387000,1826976.450453000,0.065999804,0.009930378,false,false,false,true,CPU state initialized before interval
825,9,F0825_N09_E01,10,2112488,ps,120,1826976.450453000,1826976.450748000,0.295000151,0.044385933,false,false,false,true,CPU state initialized before interval
825,9,F0825_N09_E01,10,2112484,bash,120,1826976.450748000,1826976.450992253,0.244253082,0.036750493,false,false,false,true,CPU state initialized before interval
828,1,F0828_N01_E01,11,2106576,mainboard,120,1826976.758251738,1826976.758279000,0.027261907,1.000000000,false,false,false,true,CPU state initialized before interval
828,1,F0828_N01_E02,11,1758961,MainThread,120,1826976.758558000,1826976.758642000,0.083999941,0.013017270,false,false,false,true,CPU state initialized before interval
828,1,F0828_N01_E02,11,2106492,mainboard,120,1826976.758642000,1826976.764029000,5.387000041,0.834810522,false,true,false,true,CPU state initialized before interval
828,1,F0828_N01_E02,11,2106848,mainboard,120,1826976.764029000,1826976.764120000,0.090999994,0.014102052,false,false,false,true,CPU state initialized before interval
828,1,F0828_N01_E02,11,2105660,mainboard,120,1826976.764120000,1826976.764290000,0.170000130,0.026344514,false,false,false,true,CPU state initialized before interval
828,1,F0828_N01_E02,11,2109535,dds.ev.1,120,1826976.764290000,1826976.764420000,0.129999826,0.020145762,false,false,false,true,CPU state initialized before interval
828,1,F0828_N01_E02,11,1758961,MainThread,120,1826976.764420000,1826976.764584000,0.164000085,0.025414701,false,false,false,true,CPU state initialized before interval
828,1,F0828_N01_E02,11,2109535,dds.ev.1,120,1826976.764584000,1826976.764670000,0.085999956,0.013327208,false,false,false,true,CPU state initialized before interval
828,1,F0828_N01_E02,11,2106509,mainboard,120,1826976.764670000,1826976.764761000,0.090999994,0.014102052,false,false,false,true,CPU state initialized before interval
828,1,F0828_N01_E02,11,2106576,mainboard,120,1826976.764761000,1826976.764829000,0.068000052,0.010537806,false,false,false,true,CPU state initialized before interval
828,1,F0828_N01_E02,11,1758961,MainThread,120,1826976.764829000,1826976.764937000,0.108000124,0.016736521,false,false,false,true,CPU state initialized before interval
828,1,F0828_N01_E02,11,2106576,mainboard,120,1826976.764937000,1826976.764971000,0.033999793,0.005268867,false,false,false,true,CPU state initialized before interval
828,1,F0828_N01_E02,11,2106528,mainboard,120,1826976.764971000,1826976.765010961,0.039961422,0.006192726,false,false,false,true,CPU state initialized before interval
835,1,F0835_N01_E01,8,2106486,mainboard,120,1826977.552023000,1826977.555938896,3.915895475,1.000000000,false,true,false,true,CPU state initialized before interval
871,4,F0871_N04_E01,7,2106483,mainboard,120,1826981.316068000,1826981.323761021,7.693021093,1.000000000,false,true,false,true,CPU state initialized before interval
874,2,F0874_N02_E01,4,2106735,perf_trace_io,130,1826981.629959000,1826981.629966000,0.007000053,0.001640760,false,false,false,true,CPU state initialized before interval
874,2,F0874_N02_E01,5,2106477,mainboard,120,1826981.629966000,1826981.634174000,4.207999911,0.986323814,false,true,false,true,CPU state initialized before interval
874,2,F0874_N02_E01,5,2106507,mainboard,120,1826981.634174000,1826981.634192000,0.017999904,0.004219043,false,false,false,true,CPU state initialized before interval
874,2,F0874_N02_E01,5,2106523,mainboard,120,1826981.634192000,1826981.634211000,0.019000145,0.004453492,false,false,false,true,CPU state initialized before interval
874,2,F0874_N02_E01,5,2106497,mainboard,120,1826981.634211000,1826981.634225347,0.014347257,0.003362890,false,false,false,true,CPU state initialized before interval
875,3,F0875_N03_E01,5,2106475,mainboard,120,1826981.727827000,1826981.732041330,4.214329645,1.000000000,false,true,false,true,CPU state initialized before interval
