run_id,schema_version,event_id,trace_id,proc_id,module,phase,mono_ns,pid,tid
202607191734,e2e_trace_v3,2,72312448807339190,0,perception.lidar_detection_filter,proc_enter,83339212146976,2353098,2353253
202607191734,e2e_trace_v3,3,72312448807339190,0,perception.lidar_detection_filter,output_pub,83339212748128,2353098,2353253
202607191734,e2e_trace_v3,27,72312448807339191,0,perception.lidar_detection_filter,proc_enter,83339336406080,2353098,2353252
202607191734,e2e_trace_v3,29,72312448807339191,0,perception.lidar_detection_filter,output_pub,83339336538816,2353098,2353252
202607191734,e2e_trace_v3,36,72312448807339192,0,perception.lidar_detection_filter,proc_enter,83339425377088,2353098,2353251
202607191734,e2e_trace_v3,38,72312448807339192,0,perception.lidar_detection_filter,output_pub,83339425682144,2353098,2353251
202607191734,e2e_trace_v3,52,72312448807339193,0,perception.lidar_detection_filter,proc_enter,83339532475104,2353098,2353244
202607191734,e2e_trace_v3,53,72312448807339193,0,perception.lidar_detection_filter,output_pub,83339532640896,2353098,2353244
202607191734,e2e_trace_v3,72,72312448807339194,0,perception.lidar_detection_filter,proc_enter,83339652087776,2353098,2353257
202607191734,e2e_trace_v3,73,72312448807339194,0,perception.lidar_detection_filter,output_pub,83339652232192,2353098,2353257
202607191734,e2e_trace_v3,87,72312448807339195,0,perception.lidar_detection_filter,proc_enter,83339769385312,2353098,2353255
202607191734,e2e_trace_v3,88,72312448807339195,0,perception.lidar_detection_filter,output_pub,83339769578656,2353098,2353255
202607191734,e2e_trace_v3,104,72312448807339196,0,perception.lidar_detection_filter,proc_enter,83339877533408,2353098,2353250
202607191734,e2e_trace_v3,105,72312448807339196,0,perception.lidar_detection_filter,output_pub,83339877654016,2353098,2353250
202607191734,e2e_trace_v3,117,72312448807339197,0,perception.lidar_detection_filter,proc_enter,83339974186560,2353098,2353244
202607191734,e2e_trace_v3,118,72312448807339197,0,perception.lidar_detection_filter,output_pub,83339974470432,2353098,2353244
202607191734,e2e_trace_v3,134,72312448807339198,0,perception.lidar_detection_filter,proc_enter,83340090069920,2353098,2353242
202607191734,e2e_trace_v3,135,72312448807339198,0,perception.lidar_detection_filter,output_pub,83340090338880,2353098,2353242
202607191734,e2e_trace_v3,153,72312448807339199,0,perception.lidar_detection_filter,proc_enter,83340236523744,2353098,2353246
202607191734,e2e_trace_v3,154,72312448807339199,0,perception.lidar_detection_filter,output_pub,83340236656160,2353098,2353246
202607191734,e2e_trace_v3,169,72312448807339200,0,perception.lidar_detection_filter,proc_enter,83340340638592,2353098,2353252
202607191734,e2e_trace_v3,170,72312448807339200,0,perception.lidar_detection_filter,output_pub,83340340779008,2353098,2353252
202607191734,e2e_trace_v3,185,72312448807339201,0,perception.lidar_detection_filter,proc_enter,83340456725600,2353098,2353248
202607191734,e2e_trace_v3,186,72312448807339201,0,perception.lidar_detection_filter,output_pub,83340456933664,2353098,2353248
202607191734,e2e_trace_v3,202,72312448807339202,0,perception.lidar_detection_filter,proc_enter,83340579831200,2353098,2353257
202607191734,e2e_trace_v3,203,72312448807339202,0,perception.lidar_detection_filter,output_pub,83340580082432,2353098,2353257
202607191734,e2e_trace_v3,219,72312448807339203,0,perception.lidar_detection_filter,proc_enter,83340689898912,2353098,2353251
202607191734,e2e_trace_v3,220,72312448807339203,0,perception.lidar_detection_filter,output_pub,83340690124704,2353098,2353251
202607191734,e2e_trace_v3,236,72312448807339204,0,perception.lidar_detection_filter,proc_enter,83340816732800,2353098,2353250
202607191734,e2e_trace_v3,238,72312448807339204,0,perception.lidar_detection_filter,output_pub,83340816926144,2353098,2353250
202607191734,e2e_trace_v3,259,72312448807339205,0,perception.lidar_detection_filter,proc_enter,83340936862240,2353098,2353244
202607191734,e2e_trace_v3,260,72312448807339205,0,perception.lidar_detection_filter,output_pub,83340939563264,2353098,2353244
202607191734,e2e_trace_v3,269,72312448807339206,0,perception.lidar_detection_filter,proc_enter,83341033329184,2353098,2353252
202607191734,e2e_trace_v3,270,72312448807339206,0,perception.lidar_detection_filter,output_pub,83341033519392,2353098,2353252
202607191734,e2e_trace_v3,286,72312448807339207,0,perception.lidar_detection_filter,proc_enter,83341138739200,2353098,2353252
202607191734,e2e_trace_v3,287,72312448807339207,0,perception.lidar_detection_filter,output_pub,83341138902784,2353098,2353252
202607191734,e2e_trace_v3,305,72312448807339208,0,perception.lidar_detection_filter,proc_enter,83341264274976,2353098,2353251
202607191734,e2e_trace_v3,306,72312448807339208,0,perception.lidar_detection_filter,output_pub,83341264464352,2353098,2353251
202607191734,e2e_trace_v3,321,72312448807339209,0,perception.lidar_detection_filter,proc_enter,83341377865600,2353098,2353246
202607191734,e2e_trace_v3,323,72312448807339209,0,perception.lidar_detection_filter,output_pub,83341378030592,2353098,2353246
202607191734,e2e_trace_v3,339,72312448807339210,0,perception.lidar_detection_filter,proc_enter,83341490794144,2353098,2353247
202607191734,e2e_trace_v3,340,72312448807339210,0,perception.lidar_detection_filter,output_pub,83341490945536,2353098,2353247
202607191734,e2e_trace_v3,354,72312448807339211,0,perception.lidar_detection_filter,proc_enter,83341597378176,2353098,2353251
202607191734,e2e_trace_v3,355,72312448807339211,0,perception.lidar_detection_filter,output_pub,83341597543552,2353098,2353251
202607191734,e2e_trace_v3,371,72312448807339212,0,perception.lidar_detection_filter,proc_enter,83341711774848,2353098,2353252
202607191734,e2e_trace_v3,372,72312448807339212,0,perception.lidar_detection_filter,output_pub,83341711977760,2353098,2353252
202607191734,e2e_trace_v3,396,72312448807339213,0,perception.lidar_detection_filter,proc_enter,83341848467552,2353098,2353242
202607191734,e2e_trace_v3,397,72312448807339213,0,perception.lidar_detection_filter,output_pub,83341848668480,2353098,2353242
202607191734,e2e_trace_v3,409,72312448807339214,0,perception.lidar_detection_filter,proc_enter,83341943950848,2353098,2353242
202607191734,e2e_trace_v3,410,72312448807339214,0,perception.lidar_detection_filter,output_pub,83341944084800,2353098,2353242
202607191734,e2e_trace_v3,422,72312448807339215,0,perception.lidar_detection_filter,proc_enter,83342046401792,2353098,2353246
202607191734,e2e_trace_v3,423,72312448807339215,0,perception.lidar_detection_filter,output_pub,83342046618368,2353098,2353246
202607191734,e2e_trace_v3,442,72312448807339216,0,perception.lidar_detection_filter,proc_enter,83342168657888,2353098,2353254
202607191734,e2e_trace_v3,443,72312448807339216,0,perception.lidar_detection_filter,output_pub,83342168916640,2353098,2353254
202607191734,e2e_trace_v3,461,72312448807339217,0,perception.lidar_detection_filter,proc_enter,83342300253312,2353098,2353243
202607191734,e2e_trace_v3,462,72312448807339217,0,perception.lidar_detection_filter,output_pub,83342300433696,2353098,2353243
202607191734,e2e_trace_v3,479,72312448807339218,0,perception.lidar_detection_filter,proc_enter,83342409075392,2353098,2353244
202607191734,e2e_trace_v3,480,72312448807339218,0,perception.lidar_detection_filter,output_pub,83342409204832,2353098,2353244
202607191734,e2e_trace_v3,491,72312448807339219,0,perception.lidar_detection_filter,proc_enter,83342508913472,2353098,2353243
202607191734,e2e_trace_v3,492,72312448807339219,0,perception.lidar_detection_filter,output_pub,83342509175232,2353098,2353243
202607191734,e2e_trace_v3,512,72312448807339220,0,perception.lidar_detection_filter,proc_enter,83342640618272,2353098,2353249
202607191734,e2e_trace_v3,513,72312448807339220,0,perception.lidar_detection_filter,output_pub,83342640876608,2353098,2353249
202607191734,e2e_trace_v3,527,72312448807339221,0,perception.lidar_detection_filter,proc_enter,83342746720096,2353098,2353247
202607191734,e2e_trace_v3,528,72312448807339221,0,perception.lidar_detection_filter,output_pub,83342746973152,2353098,2353247
202607191734,e2e_trace_v3,544,72312448807339222,0,perception.lidar_detection_filter,proc_enter,83342854276288,2353098,2353254
202607191734,e2e_trace_v3,545,72312448807339222,0,perception.lidar_detection_filter,output_pub,83342854399936,2353098,2353254
202607191734,e2e_trace_v3,563,72312448807339223,0,perception.lidar_detection_filter,proc_enter,83342965118432,2353098,2353246
202607191734,e2e_trace_v3,564,72312448807339223,0,perception.lidar_detection_filter,output_pub,83342965252128,2353098,2353246
202607191734,e2e_trace_v3,578,72312448807339224,0,perception.lidar_detection_filter,proc_enter,83343065851328,2353098,2353245
202607191734,e2e_trace_v3,579,72312448807339224,0,perception.lidar_detection_filter,output_pub,83343066078784,2353098,2353245
202607191734,e2e_trace_v3,589,72312448807339225,0,perception.lidar_detection_filter,proc_enter,83343158581920,2353098,2353246
202607191734,e2e_trace_v3,590,72312448807339225,0,perception.lidar_detection_filter,output_pub,83343158793984,2353098,2353246
202607191734,e2e_trace_v3,608,72312448807339226,0,perception.lidar_detection_filter,proc_enter,83343286452384,2353098,2353242
202607191734,e2e_trace_v3,609,72312448807339226,0,perception.lidar_detection_filter,output_pub,83343286638752,2353098,2353242
202607191734,e2e_trace_v3,623,72312448807339227,0,perception.lidar_detection_filter,proc_enter,83343396647456,2353098,2353242
202607191734,e2e_trace_v3,624,72312448807339227,0,perception.lidar_detection_filter,output_pub,83343396892160,2353098,2353242
202607191734,e2e_trace_v3,642,72312448807339228,0,perception.lidar_detection_filter,proc_enter,83343517582624,2353098,2353251
202607191734,e2e_trace_v3,643,72312448807339228,0,perception.lidar_detection_filter,output_pub,83343517866752,2353098,2353251
202607191734,e2e_trace_v3,665,72312448807339229,0,perception.lidar_detection_filter,proc_enter,83343645892576,2353098,2353248
202607191734,e2e_trace_v3,666,72312448807339229,0,perception.lidar_detection_filter,output_pub,83343646160992,2353098,2353248
202607191734,e2e_trace_v3,677,72312448807339230,0,perception.lidar_detection_filter,proc_enter,83343761251680,2353098,2353249
202607191734,e2e_trace_v3,678,72312448807339230,0,perception.lidar_detection_filter,output_pub,83343761454976,2353098,2353249
202607191734,e2e_trace_v3,689,72312448807339231,0,perception.lidar_detection_filter,proc_enter,83343868040000,2353098,2353253
202607191734,e2e_trace_v3,690,72312448807339231,0,perception.lidar_detection_filter,output_pub,83343868469568,2353098,2353253
202607191734,e2e_trace_v3,713,72312448807339232,0,perception.lidar_detection_filter,proc_enter,83344002618304,2353098,2353247
202607191734,e2e_trace_v3,714,72312448807339232,0,perception.lidar_detection_filter,output_pub,83344002862336,2353098,2353247
202607191734,e2e_trace_v3,730,72312448807339233,0,perception.lidar_detection_filter,proc_enter,83344105045184,2353098,2353255
202607191734,e2e_trace_v3,731,72312448807339233,0,perception.lidar_detection_filter,output_pub,83344105204256,2353098,2353255
202607191734,e2e_trace_v3,739,72312448807339234,0,perception.lidar_detection_filter,proc_enter,83344194558272,2353098,2353245
202607191734,e2e_trace_v3,740,72312448807339234,0,perception.lidar_detection_filter,output_pub,83344194745440,2353098,2353245
202607191734,e2e_trace_v3,756,72312448807339235,0,perception.lidar_detection_filter,proc_enter,83344308563840,2353098,2353250
202607191734,e2e_trace_v3,757,72312448807339235,0,perception.lidar_detection_filter,output_pub,83344308903200,2353098,2353250
202607191734,e2e_trace_v3,773,72312448807339236,0,perception.lidar_detection_filter,proc_enter,83344415543328,2353098,2353250
202607191734,e2e_trace_v3,774,72312448807339236,0,perception.lidar_detection_filter,output_pub,83344415672480,2353098,2353250
202607191734,e2e_trace_v3,796,72312448807339237,0,perception.lidar_detection_filter,proc_enter,83344555334592,2353098,2353248
202607191734,e2e_trace_v3,797,72312448807339237,0,perception.lidar_detection_filter,output_pub,83344555685152,2353098,2353248
202607191734,e2e_trace_v3,807,72312448807339238,0,perception.lidar_detection_filter,proc_enter,83344649820096,2353098,2353247
202607191734,e2e_trace_v3,808,72312448807339238,0,perception.lidar_detection_filter,output_pub,83344650014848,2353098,2353247
202607191734,e2e_trace_v3,824,72312448807339239,0,perception.lidar_detection_filter,proc_enter,83344765615680,2353098,2353246
202607191734,e2e_trace_v3,825,72312448807339239,0,perception.lidar_detection_filter,output_pub,83344765815904,2353098,2353246
202607191734,e2e_trace_v3,843,72312448807339240,0,perception.lidar_detection_filter,proc_enter,83344883475840,2353098,2353257
202607191734,e2e_trace_v3,844,72312448807339240,0,perception.lidar_detection_filter,output_pub,83344883633568,2353098,2353257
202607191734,e2e_trace_v3,864,72312448807339241,0,perception.lidar_detection_filter,proc_enter,83344995269376,2353098,2353256
202607191734,e2e_trace_v3,865,72312448807339241,0,perception.lidar_detection_filter,output_pub,83344995400224,2353098,2353256
202607191734,e2e_trace_v3,875,72312448807339242,0,perception.lidar_detection_filter,proc_enter,83345088247968,2353098,2353251
202607191734,e2e_trace_v3,876,72312448807339242,0,perception.lidar_detection_filter,output_pub,83345088407648,2353098,2353251
202607191734,e2e_trace_v3,891,72312448807339243,0,perception.lidar_detection_filter,proc_enter,83345197794912,2353098,2353246
202607191734,e2e_trace_v3,893,72312448807339243,0,perception.lidar_detection_filter,output_pub,83345197981664,2353098,2353246
202607191734,e2e_trace_v3,909,72312448807339244,0,perception.lidar_detection_filter,proc_enter,83345314829376,2353098,2353252
202607191734,e2e_trace_v3,910,72312448807339244,0,perception.lidar_detection_filter,output_pub,83345314989760,2353098,2353252
202607191734,e2e_trace_v3,926,72312448807339245,0,perception.lidar_detection_filter,proc_enter,83345437119808,2353098,2353257
202607191734,e2e_trace_v3,927,72312448807339245,0,perception.lidar_detection_filter,output_pub,83345437247648,2353098,2353257
202607191734,e2e_trace_v3,945,72312448807339246,0,perception.lidar_detection_filter,proc_enter,83345550487680,2353098,2353255
202607191734,e2e_trace_v3,946,72312448807339246,0,perception.lidar_detection_filter,output_pub,83345550869280,2353098,2353255
202607191734,e2e_trace_v3,960,72312448807339247,0,perception.lidar_detection_filter,proc_enter,83345661487904,2353098,2353253
202607191734,e2e_trace_v3,961,72312448807339247,0,perception.lidar_detection_filter,output_pub,83345661605184,2353098,2353253
202607191734,e2e_trace_v3,977,72312448807339248,0,perception.lidar_detection_filter,proc_enter,83345772710528,2353098,2353244
202607191734,e2e_trace_v3,982,72312448807339248,0,perception.lidar_detection_filter,output_pub,83345774512864,2353098,2353244
202607191734,e2e_trace_v3,997,72312448807339249,0,perception.lidar_detection_filter,proc_enter,83345909082592,2353098,2353250
202607191734,e2e_trace_v3,998,72312448807339249,0,perception.lidar_detection_filter,output_pub,83345909204960,2353098,2353250
202607191734,e2e_trace_v3,1012,72312448807339250,0,perception.lidar_detection_filter,proc_enter,83346017375520,2353098,2353253
202607191734,e2e_trace_v3,1013,72312448807339250,0,perception.lidar_detection_filter,output_pub,83346017514752,2353098,2353253
202607191734,e2e_trace_v3,1025,72312448807339251,0,perception.lidar_detection_filter,proc_enter,83346114652256,2353098,2353251
202607191734,e2e_trace_v3,1026,72312448807339251,0,perception.lidar_detection_filter,output_pub,83346114830688,2353098,2353251
202607191734,e2e_trace_v3,1043,72312448807339252,0,perception.lidar_detection_filter,proc_enter,83346231136192,2353098,2353247
202607191734,e2e_trace_v3,1044,72312448807339252,0,perception.lidar_detection_filter,output_pub,83346231260640,2353098,2353247
202607191734,e2e_trace_v3,1059,72312448807339253,0,perception.lidar_detection_filter,proc_enter,83346341982464,2353098,2353252
202607191734,e2e_trace_v3,1061,72312448807339253,0,perception.lidar_detection_filter,output_pub,83346342187648,2353098,2353252
202607191734,e2e_trace_v3,1075,72312448807339254,0,perception.lidar_detection_filter,proc_enter,83346451715648,2353098,2353246
202607191734,e2e_trace_v3,1077,72312448807339254,0,perception.lidar_detection_filter,output_pub,83346451922432,2353098,2353246
202607191734,e2e_trace_v3,1092,72312448807339255,0,perception.lidar_detection_filter,proc_enter,83346559746048,2353098,2353247
202607191734,e2e_trace_v3,1093,72312448807339255,0,perception.lidar_detection_filter,output_pub,83346560007264,2353098,2353247
202607191734,e2e_trace_v3,1111,72312448807339256,0,perception.lidar_detection_filter,proc_enter,83346680435552,2353098,2353244
202607191734,e2e_trace_v3,1113,72312448807339256,0,perception.lidar_detection_filter,output_pub,83346680597696,2353098,2353244
202607191734,e2e_trace_v3,1130,72312448807339257,0,perception.lidar_detection_filter,proc_enter,83346806391424,2353098,2353252
202607191734,e2e_trace_v3,1131,72312448807339257,0,perception.lidar_detection_filter,output_pub,83346806553888,2353098,2353252
202607191734,e2e_trace_v3,1142,72312448807339258,0,perception.lidar_detection_filter,proc_enter,83346911128800,2353098,2353248
202607191734,e2e_trace_v3,1143,72312448807339258,0,perception.lidar_detection_filter,output_pub,83346911346688,2353098,2353248
202607191734,e2e_trace_v3,1163,72312448807339259,0,perception.lidar_detection_filter,proc_enter,83347035454112,2353098,2353245
202607191734,e2e_trace_v3,1167,72312448807339259,0,perception.lidar_detection_filter,output_pub,83347036007136,2353098,2353245
202607191734,e2e_trace_v3,1180,72312448807339260,0,perception.lidar_detection_filter,proc_enter,83347142847680,2353098,2353255
202607191734,e2e_trace_v3,1182,72312448807339260,0,perception.lidar_detection_filter,output_pub,83347143168256,2353098,2353255
202607191734,e2e_trace_v3,1192,72312448807339261,0,perception.lidar_detection_filter,proc_enter,83347234891104,2353098,2353243
202607191734,e2e_trace_v3,1193,72312448807339261,0,perception.lidar_detection_filter,output_pub,83347235076288,2353098,2353243
202607191734,e2e_trace_v3,1209,72312448807339262,0,perception.lidar_detection_filter,proc_enter,83347344924096,2353098,2353252
202607191734,e2e_trace_v3,1210,72312448807339262,0,perception.lidar_detection_filter,output_pub,83347345093056,2353098,2353252
202607191734,e2e_trace_v3,1226,72312448807339263,0,perception.lidar_detection_filter,proc_enter,83347469166560,2353098,2353255
202607191734,e2e_trace_v3,1228,72312448807339263,0,perception.lidar_detection_filter,output_pub,83347469299680,2353098,2353255
202607191734,e2e_trace_v3,1243,72312448807339264,0,perception.lidar_detection_filter,proc_enter,83347576239488,2353098,2353255
202607191734,e2e_trace_v3,1244,72312448807339264,0,perception.lidar_detection_filter,output_pub,83347576419008,2353098,2353255
202607191734,e2e_trace_v3,1260,72312448807339265,0,perception.lidar_detection_filter,proc_enter,83347693966944,2353098,2353245
202607191734,e2e_trace_v3,1261,72312448807339265,0,perception.lidar_detection_filter,output_pub,83347694188704,2353098,2353245
202607191734,e2e_trace_v3,1285,72312448807339266,0,perception.lidar_detection_filter,proc_enter,83347868200672,2353098,2353246
202607191734,e2e_trace_v3,1286,72312448807339266,0,perception.lidar_detection_filter,output_pub,83347868475616,2353098,2353246
202607191734,e2e_trace_v3,1300,72312448807339267,0,perception.lidar_detection_filter,proc_enter,83347973522016,2353098,2353245
202607191734,e2e_trace_v3,1301,72312448807339267,0,perception.lidar_detection_filter,output_pub,83347973707712,2353098,2353245
202607191734,e2e_trace_v3,1311,72312448807339268,0,perception.lidar_detection_filter,proc_enter,83348073430336,2353098,2353246
202607191734,e2e_trace_v3,1312,72312448807339268,0,perception.lidar_detection_filter,output_pub,83348073592448,2353098,2353246
202607191734,e2e_trace_v3,1328,72312448807339269,0,perception.lidar_detection_filter,proc_enter,83348175346848,2353098,2353244
202607191734,e2e_trace_v3,1329,72312448807339269,0,perception.lidar_detection_filter,output_pub,83348175540704,2353098,2353244
202607191734,e2e_trace_v3,1345,72312448807339270,0,perception.lidar_detection_filter,proc_enter,83348318616512,2353098,2353249
202607191734,e2e_trace_v3,1346,72312448807339270,0,perception.lidar_detection_filter,output_pub,83348318917824,2353098,2353249
202607191734,e2e_trace_v3,1368,72312448807339271,0,perception.lidar_detection_filter,proc_enter,83348448374272,2353098,2353245
202607191734,e2e_trace_v3,1369,72312448807339271,0,perception.lidar_detection_filter,output_pub,83348448511520,2353098,2353245
202607191734,e2e_trace_v3,1387,72312448807339272,0,perception.lidar_detection_filter,proc_enter,83348568628128,2353098,2353246
202607191734,e2e_trace_v3,1388,72312448807339272,0,perception.lidar_detection_filter,output_pub,83348568880640,2353098,2353246
202607191734,e2e_trace_v3,1401,72312448807339273,0,perception.lidar_detection_filter,proc_enter,83348672745152,2353098,2353255
202607191734,e2e_trace_v3,1402,72312448807339273,0,perception.lidar_detection_filter,output_pub,83348672927840,2353098,2353255
202607191734,e2e_trace_v3,1417,72312448807339274,0,perception.lidar_detection_filter,proc_enter,83348780356800,2353098,2353249
202607191734,e2e_trace_v3,1418,72312448807339274,0,perception.lidar_detection_filter,output_pub,83348780670912,2353098,2353249
202607191734,e2e_trace_v3,1431,72312448807339275,0,perception.lidar_detection_filter,proc_enter,83348898966464,2353098,2353249
202607191734,e2e_trace_v3,1432,72312448807339275,0,perception.lidar_detection_filter,output_pub,83348899196960,2353098,2353249
202607191734,e2e_trace_v3,1444,72312448807339276,0,perception.lidar_detection_filter,proc_enter,83349002247872,2353098,2353253
202607191734,e2e_trace_v3,1445,72312448807339276,0,perception.lidar_detection_filter,output_pub,83349002378464,2353098,2353253
202607191734,e2e_trace_v3,1463,72312448807339277,0,perception.lidar_detection_filter,proc_enter,83349123200128,2353098,2353246
202607191734,e2e_trace_v3,1464,72312448807339277,0,perception.lidar_detection_filter,output_pub,83349123322528,2353098,2353246
202607191734,e2e_trace_v3,1478,72312448807339278,0,perception.lidar_detection_filter,proc_enter,83349221960704,2353098,2353248
202607191734,e2e_trace_v3,1479,72312448807339278,0,perception.lidar_detection_filter,output_pub,83349222118464,2353098,2353248
202607191734,e2e_trace_v3,1495,72312448807339279,0,perception.lidar_detection_filter,proc_enter,83349335945728,2353098,2353254
202607191734,e2e_trace_v3,1496,72312448807339279,0,perception.lidar_detection_filter,output_pub,83349336075744,2353098,2353254
202607191734,e2e_trace_v3,1510,72312448807339280,0,perception.lidar_detection_filter,proc_enter,83349455718176,2353098,2353251
202607191734,e2e_trace_v3,1511,72312448807339280,0,perception.lidar_detection_filter,output_pub,83349456255040,2353098,2353251
202607191734,e2e_trace_v3,1535,72312448807339281,0,perception.lidar_detection_filter,proc_enter,83349586304256,2353098,2353256
202607191734,e2e_trace_v3,1538,72312448807339281,0,perception.lidar_detection_filter,output_pub,83349586629568,2353098,2353256
202607191734,e2e_trace_v3,1554,72312448807339282,0,perception.lidar_detection_filter,proc_enter,83349706061856,2353098,2353257
202607191734,e2e_trace_v3,1555,72312448807339282,0,perception.lidar_detection_filter,output_pub,83349706376064,2353098,2353257
202607191734,e2e_trace_v3,1571,72312448807339283,0,perception.lidar_detection_filter,proc_enter,83349805735168,2353098,2353252
202607191734,e2e_trace_v3,1572,72312448807339283,0,perception.lidar_detection_filter,output_pub,83349805901376,2353098,2353252
202607191734,e2e_trace_v3,1589,72312448807339284,0,perception.lidar_detection_filter,proc_enter,83349932315424,2353098,2353257
202607191734,e2e_trace_v3,1591,72312448807339284,0,perception.lidar_detection_filter,output_pub,83349932554848,2353098,2353257
202607191734,e2e_trace_v3,1600,72312448807339285,0,perception.lidar_detection_filter,proc_enter,83350016243040,2353098,2353249
202607191734,e2e_trace_v3,1601,72312448807339285,0,perception.lidar_detection_filter,output_pub,83350016562688,2353098,2353249
202607191734,e2e_trace_v3,1621,72312448807339286,0,perception.lidar_detection_filter,proc_enter,83350142098720,2353098,2353254
202607191734,e2e_trace_v3,1623,72312448807339286,0,perception.lidar_detection_filter,output_pub,83350142327520,2353098,2353254
202607191734,e2e_trace_v3,1631,72312448807339287,0,perception.lidar_detection_filter,proc_enter,83350230939872,2353098,2353242
202607191734,e2e_trace_v3,1632,72312448807339287,0,perception.lidar_detection_filter,output_pub,83350231372608,2353098,2353242
202607191734,e2e_trace_v3,1649,72312448807339288,0,perception.lidar_detection_filter,proc_enter,83350348358624,2353098,2353255
202607191734,e2e_trace_v3,1651,72312448807339288,0,perception.lidar_detection_filter,output_pub,83350348524608,2353098,2353255
202607191734,e2e_trace_v3,1667,72312448807339289,0,perception.lidar_detection_filter,proc_enter,83350463767008,2353098,2353254
202607191734,e2e_trace_v3,1668,72312448807339289,0,perception.lidar_detection_filter,output_pub,83350463919712,2353098,2353254
202607191734,e2e_trace_v3,1686,72312448807339290,0,perception.lidar_detection_filter,proc_enter,83350577868544,2353098,2353253
202607191734,e2e_trace_v3,1687,72312448807339290,0,perception.lidar_detection_filter,output_pub,83350581990592,2353098,2353253
202607191734,e2e_trace_v3,1699,72312448807339291,0,perception.lidar_detection_filter,proc_enter,83350682771072,2353098,2353247
202607191734,e2e_trace_v3,1700,72312448807339291,0,perception.lidar_detection_filter,output_pub,83350683007008,2353098,2353247
202607191734,e2e_trace_v3,1718,72312448807339292,0,perception.lidar_detection_filter,proc_enter,83350798627840,2353098,2353246
202607191734,e2e_trace_v3,1719,72312448807339292,0,perception.lidar_detection_filter,output_pub,83350799016096,2353098,2353246
202607191734,e2e_trace_v3,1738,72312448807339293,0,perception.lidar_detection_filter,proc_enter,83350917910816,2353098,2353253
202607191734,e2e_trace_v3,1739,72312448807339293,0,perception.lidar_detection_filter,output_pub,83350918157824,2353098,2353253
202607191734,e2e_trace_v3,1747,72312448807339294,0,perception.lidar_detection_filter,proc_enter,83351020755712,2353098,2353245
202607191734,e2e_trace_v3,1748,72312448807339294,0,perception.lidar_detection_filter,output_pub,83351021214560,2353098,2353245
202607191734,e2e_trace_v3,1768,72312448807339295,0,perception.lidar_detection_filter,proc_enter,83351152775008,2353098,2353248
202607191734,e2e_trace_v3,1769,72312448807339295,0,perception.lidar_detection_filter,output_pub,83351152921632,2353098,2353248
202607191734,e2e_trace_v3,1778,72312448807339296,0,perception.lidar_detection_filter,proc_enter,83351239627200,2353098,2353244
202607191734,e2e_trace_v3,1779,72312448807339296,0,perception.lidar_detection_filter,output_pub,83351239873792,2353098,2353244
202607191734,e2e_trace_v3,1795,72312448807339297,0,perception.lidar_detection_filter,proc_enter,83351353701248,2353098,2353255
202607191734,e2e_trace_v3,1796,72312448807339297,0,perception.lidar_detection_filter,output_pub,83351354048672,2353098,2353255
202607191734,e2e_trace_v3,1820,72312448807339298,0,perception.lidar_detection_filter,proc_enter,83351499113600,2353098,2353242
202607191734,e2e_trace_v3,1821,72312448807339298,0,perception.lidar_detection_filter,output_pub,83351499374912,2353098,2353242
202607191734,e2e_trace_v3,1833,72312448807339299,0,perception.lidar_detection_filter,proc_enter,83351593866048,2353098,2353242
202607191734,e2e_trace_v3,1834,72312448807339299,0,perception.lidar_detection_filter,output_pub,83351594039680,2353098,2353242
202607191734,e2e_trace_v3,1855,72312448807339300,0,perception.lidar_detection_filter,proc_enter,83351725163040,2353098,2353245
202607191734,e2e_trace_v3,1857,72312448807339300,0,perception.lidar_detection_filter,output_pub,83351725373952,2353098,2353245
202607191734,e2e_trace_v3,1865,72312448807339301,0,perception.lidar_detection_filter,proc_enter,83351809109248,2353098,2353256
202607191734,e2e_trace_v3,1866,72312448807339301,0,perception.lidar_detection_filter,output_pub,83351809450048,2353098,2353256
202607191734,e2e_trace_v3,1880,72312448807339302,0,perception.lidar_detection_filter,proc_enter,83351915353984,2353098,2353256
202607191734,e2e_trace_v3,1881,72312448807339302,0,perception.lidar_detection_filter,output_pub,83351915807936,2353098,2353256
202607191734,e2e_trace_v3,1897,72312448807339303,0,perception.lidar_detection_filter,proc_enter,83352030820320,2353098,2353250
202607191734,e2e_trace_v3,1898,72312448807339303,0,perception.lidar_detection_filter,output_pub,83352031146272,2353098,2353250
202607191734,e2e_trace_v3,1918,72312448807339304,0,perception.lidar_detection_filter,proc_enter,83352153778048,2353098,2353245
202607191734,e2e_trace_v3,1919,72312448807339304,0,perception.lidar_detection_filter,output_pub,83352153978624,2353098,2353245
202607191734,e2e_trace_v3,1933,72312448807339305,0,perception.lidar_detection_filter,proc_enter,83352256713376,2353098,2353247
202607191734,e2e_trace_v3,1934,72312448807339305,0,perception.lidar_detection_filter,output_pub,83352257046016,2353098,2353247
202607191734,e2e_trace_v3,1948,72312448807339306,0,perception.lidar_detection_filter,proc_enter,83352360435776,2353098,2353243
202607191734,e2e_trace_v3,1949,72312448807339306,0,perception.lidar_detection_filter,output_pub,83352360778592,2353098,2353243
202607191734,e2e_trace_v3,1965,72312448807339307,0,perception.lidar_detection_filter,proc_enter,83352483098688,2353098,2353254
202607191734,e2e_trace_v3,1966,72312448807339307,0,perception.lidar_detection_filter,output_pub,83352483377536,2353098,2353254
202607191734,e2e_trace_v3,1981,72312448807339308,0,perception.lidar_detection_filter,proc_enter,83352598276448,2353098,2353249
202607191734,e2e_trace_v3,1982,72312448807339308,0,perception.lidar_detection_filter,output_pub,83352598563008,2353098,2353249
202607191734,e2e_trace_v3,1998,72312448807339309,0,perception.lidar_detection_filter,proc_enter,83352708254816,2353098,2353253
202607191734,e2e_trace_v3,1999,72312448807339309,0,perception.lidar_detection_filter,output_pub,83352708554560,2353098,2353253
202607191734,e2e_trace_v3,2016,72312448807339310,0,perception.lidar_detection_filter,proc_enter,83352832668896,2353098,2353251
202607191734,e2e_trace_v3,2018,72312448807339310,0,perception.lidar_detection_filter,output_pub,83352833063232,2353098,2353251
202607191734,e2e_trace_v3,2038,72312448807339311,0,perception.lidar_detection_filter,proc_enter,83352951602048,2353098,2353248
202607191734,e2e_trace_v3,2039,72312448807339311,0,perception.lidar_detection_filter,output_pub,83352952011744,2353098,2353248
202607191734,e2e_trace_v3,2056,72312448807339312,0,perception.lidar_detection_filter,proc_enter,83353064771808,2353098,2353247
202607191734,e2e_trace_v3,2058,72312448807339312,0,perception.lidar_detection_filter,output_pub,83353065105600,2353098,2353247
202607191734,e2e_trace_v3,2064,72312448807339313,0,perception.lidar_detection_filter,proc_enter,83353152575904,2353098,2353253
202607191734,e2e_trace_v3,2065,72312448807339313,0,perception.lidar_detection_filter,output_pub,83353152866624,2353098,2353253
202607191734,e2e_trace_v3,2081,72312448807339314,0,perception.lidar_detection_filter,proc_enter,83353255593248,2353098,2353250
202607191734,e2e_trace_v3,2082,72312448807339314,0,perception.lidar_detection_filter,output_pub,83353255706336,2353098,2353250
202607191734,e2e_trace_v3,2099,72312448807339315,0,perception.lidar_detection_filter,proc_enter,83353382499488,2353098,2353244
202607191734,e2e_trace_v3,2100,72312448807339315,0,perception.lidar_detection_filter,output_pub,83353382917728,2353098,2353244
202607191734,e2e_trace_v3,2115,72312448807339316,0,perception.lidar_detection_filter,proc_enter,83353494000640,2353098,2353255
202607191734,e2e_trace_v3,2121,72312448807339316,0,perception.lidar_detection_filter,output_pub,83353499446400,2353098,2353255
202607191734,e2e_trace_v3,2132,72312448807339317,0,perception.lidar_detection_filter,proc_enter,83353597196992,2353098,2353253
202607191734,e2e_trace_v3,2133,72312448807339317,0,perception.lidar_detection_filter,output_pub,83353597415328,2353098,2353253
202607191734,e2e_trace_v3,2151,72312448807339318,0,perception.lidar_detection_filter,proc_enter,83353720429568,2353098,2353244
202607191734,e2e_trace_v3,2152,72312448807339318,0,perception.lidar_detection_filter,output_pub,83353720568256,2353098,2353244
202607191734,e2e_trace_v3,2168,72312448807339319,0,perception.lidar_detection_filter,proc_enter,83353831676512,2353098,2353247
202607191734,e2e_trace_v3,2169,72312448807339319,0,perception.lidar_detection_filter,output_pub,83353831907520,2353098,2353247
202607191734,e2e_trace_v3,2183,72312448807339320,0,perception.lidar_detection_filter,proc_enter,83353942147904,2353098,2353245
202607191734,e2e_trace_v3,2184,72312448807339320,0,perception.lidar_detection_filter,output_pub,83353942274464,2353098,2353245
202607191734,e2e_trace_v3,2200,72312448807339321,0,perception.lidar_detection_filter,proc_enter,83354055187328,2353098,2353254
202607191734,e2e_trace_v3,2201,72312448807339321,0,perception.lidar_detection_filter,output_pub,83354055493312,2353098,2353254
202607191734,e2e_trace_v3,2217,72312448807339322,0,perception.lidar_detection_filter,proc_enter,83354180606112,2353098,2353254
202607191734,e2e_trace_v3,2218,72312448807339322,0,perception.lidar_detection_filter,output_pub,83354180912032,2353098,2353254
202607191734,e2e_trace_v3,2232,72312448807339323,0,perception.lidar_detection_filter,proc_enter,83354301236608,2353098,2353243
202607191734,e2e_trace_v3,2233,72312448807339323,0,perception.lidar_detection_filter,output_pub,83354301478656,2353098,2353243
202607191734,e2e_trace_v3,2247,72312448807339324,0,perception.lidar_detection_filter,proc_enter,83354405622240,2353098,2353257
202607191734,e2e_trace_v3,2249,72312448807339324,0,perception.lidar_detection_filter,output_pub,83354405870624,2353098,2353257
202607191734,e2e_trace_v3,2270,72312448807339325,0,perception.lidar_detection_filter,proc_enter,83354535232672,2353098,2353248
202607191734,e2e_trace_v3,2272,72312448807339325,0,perception.lidar_detection_filter,output_pub,83354535382848,2353098,2353248
202607191734,e2e_trace_v3,2282,72312448807339326,0,perception.lidar_detection_filter,proc_enter,83354626328128,2353098,2353253
202607191734,e2e_trace_v3,2283,72312448807339326,0,perception.lidar_detection_filter,output_pub,83354626579456,2353098,2353253
202607191734,e2e_trace_v3,2301,72312448807339327,0,perception.lidar_detection_filter,proc_enter,83354747522912,2353098,2353257
202607191734,e2e_trace_v3,2302,72312448807339327,0,perception.lidar_detection_filter,output_pub,83354748091520,2353098,2353257
202607191734,e2e_trace_v3,2324,72312448807339328,0,perception.lidar_detection_filter,proc_enter,83354874387840,2353098,2353242
202607191734,e2e_trace_v3,2325,72312448807339328,0,perception.lidar_detection_filter,output_pub,83354874762336,2353098,2353242
202607191734,e2e_trace_v3,2341,72312448807339329,0,perception.lidar_detection_filter,proc_enter,83354987242464,2353098,2353253
202607191734,e2e_trace_v3,2342,72312448807339329,0,perception.lidar_detection_filter,output_pub,83354987429792,2353098,2353253
202607191734,e2e_trace_v3,2356,72312448807339330,0,perception.lidar_detection_filter,proc_enter,83355104060128,2353098,2353243
202607191734,e2e_trace_v3,2357,72312448807339330,0,perception.lidar_detection_filter,output_pub,83355104376192,2353098,2353243
202607191734,e2e_trace_v3,2369,72312448807339331,0,perception.lidar_detection_filter,proc_enter,83355205105408,2353098,2353250
202607191734,e2e_trace_v3,2370,72312448807339331,0,perception.lidar_detection_filter,output_pub,83355205568768,2353098,2353250
202607191734,e2e_trace_v3,2384,72312448807339332,0,perception.lidar_detection_filter,proc_enter,83355313762336,2353098,2353256
202607191734,e2e_trace_v3,2385,72312448807339332,0,perception.lidar_detection_filter,output_pub,83355313878880,2353098,2353256
202607191734,e2e_trace_v3,2398,72312448807339333,0,perception.lidar_detection_filter,proc_enter,83355416364608,2353098,2353251
202607191734,e2e_trace_v3,2399,72312448807339333,0,perception.lidar_detection_filter,output_pub,83355416517472,2353098,2353251
202607191734,e2e_trace_v3,2417,72312448807339334,0,perception.lidar_detection_filter,proc_enter,83355541124896,2353098,2353243
202607191734,e2e_trace_v3,2418,72312448807339334,0,perception.lidar_detection_filter,output_pub,83355541524352,2353098,2353243
202607191734,e2e_trace_v3,2441,72312448807339335,0,perception.lidar_detection_filter,proc_enter,83355680905152,2353098,2353246
202607191734,e2e_trace_v3,2443,72312448807339335,0,perception.lidar_detection_filter,output_pub,83355681382016,2353098,2353246
202607191734,e2e_trace_v3,2453,72312448807339336,0,perception.lidar_detection_filter,proc_enter,83355766622752,2353098,2353247
202607191734,e2e_trace_v3,2454,72312448807339336,0,perception.lidar_detection_filter,output_pub,83355767151904,2353098,2353247
202607191734,e2e_trace_v3,2475,72312448807339337,0,perception.lidar_detection_filter,proc_enter,83355886991936,2353098,2353254
202607191734,e2e_trace_v3,2477,72312448807339337,0,perception.lidar_detection_filter,output_pub,83355887217920,2353098,2353254
202607191734,e2e_trace_v3,2485,72312448807339338,0,perception.lidar_detection_filter,proc_enter,83355969685056,2353098,2353256
202607191734,e2e_trace_v3,2486,72312448807339338,0,perception.lidar_detection_filter,output_pub,83355970196352,2353098,2353256
202607191734,e2e_trace_v3,2505,72312448807339339,0,perception.lidar_detection_filter,proc_enter,83356093953216,2353098,2353257
202607191734,e2e_trace_v3,2506,72312448807339339,0,perception.lidar_detection_filter,output_pub,83356094384192,2353098,2353257
202607191734,e2e_trace_v3,2516,72312448807339340,0,perception.lidar_detection_filter,proc_enter,83356195441824,2353098,2353257
202607191734,e2e_trace_v3,2517,72312448807339340,0,perception.lidar_detection_filter,output_pub,83356195682144,2353098,2353257
202607191734,e2e_trace_v3,2535,72312448807339341,0,perception.lidar_detection_filter,proc_enter,83356311166080,2353098,2353253
202607191734,e2e_trace_v3,2536,72312448807339341,0,perception.lidar_detection_filter,output_pub,83356311399872,2353098,2353253
202607191734,e2e_trace_v3,2548,72312448807339342,0,perception.lidar_detection_filter,proc_enter,83356410003968,2353098,2353251
202607191734,e2e_trace_v3,2549,72312448807339342,0,perception.lidar_detection_filter,output_pub,83356410423296,2353098,2353251
202607191734,e2e_trace_v3,2571,72312448807339343,0,perception.lidar_detection_filter,proc_enter,83356542894720,2353098,2353257
202607191734,e2e_trace_v3,2572,72312448807339343,0,perception.lidar_detection_filter,output_pub,83356543114464,2353098,2353257
202607191734,e2e_trace_v3,2590,72312448807339344,0,perception.lidar_detection_filter,proc_enter,83356650742752,2353098,2353247
202607191734,e2e_trace_v3,2591,72312448807339344,0,perception.lidar_detection_filter,output_pub,83356650943264,2353098,2353247
202607191734,e2e_trace_v3,2605,72312448807339345,0,perception.lidar_detection_filter,proc_enter,83356762940704,2353098,2353244
202607191734,e2e_trace_v3,2606,72312448807339345,0,perception.lidar_detection_filter,output_pub,83356763229152,2353098,2353244
202607191734,e2e_trace_v3,2616,72312448807339346,0,perception.lidar_detection_filter,proc_enter,83356855950560,2353098,2353254
202607191734,e2e_trace_v3,2617,72312448807339346,0,perception.lidar_detection_filter,output_pub,83356856463232,2353098,2353254
202607191734,e2e_trace_v3,2633,72312448807339347,0,perception.lidar_detection_filter,proc_enter,83356958217120,2353098,2353253
202607191734,e2e_trace_v3,2634,72312448807339347,0,perception.lidar_detection_filter,output_pub,83356958585376,2353098,2353253
202607191734,e2e_trace_v3,2652,72312448807339348,0,perception.lidar_detection_filter,proc_enter,83357078948480,2353098,2353247
202607191734,e2e_trace_v3,2653,72312448807339348,0,perception.lidar_detection_filter,output_pub,83357079761984,2353098,2353247
202607191734,e2e_trace_v3,2676,72312448807339349,0,perception.lidar_detection_filter,proc_enter,83357220227200,2353098,2353244
202607191734,e2e_trace_v3,2678,72312448807339349,0,perception.lidar_detection_filter,output_pub,83357220522336,2353098,2353244
202607191734,e2e_trace_v3,2690,72312448807339350,0,perception.lidar_detection_filter,proc_enter,83357305740992,2353098,2353244
202607191734,e2e_trace_v3,2691,72312448807339350,0,perception.lidar_detection_filter,output_pub,83357305868320,2353098,2353244
202607191734,e2e_trace_v3,2701,72312448807339351,0,perception.lidar_detection_filter,proc_enter,83357398635456,2353098,2353243
202607191734,e2e_trace_v3,2702,72312448807339351,0,perception.lidar_detection_filter,output_pub,83357398823232,2353098,2353243
202607191734,e2e_trace_v3,2720,72312448807339352,0,perception.lidar_detection_filter,proc_enter,83357512062976,2353098,2353251
202607191734,e2e_trace_v3,2721,72312448807339352,0,perception.lidar_detection_filter,output_pub,83357512435616,2353098,2353251
202607191734,e2e_trace_v3,2737,72312448807339353,0,perception.lidar_detection_filter,proc_enter,83357619979296,2353098,2353244
202607191734,e2e_trace_v3,2738,72312448807339353,0,perception.lidar_detection_filter,output_pub,83357620250528,2353098,2353244
202607191734,e2e_trace_v3,2756,72312448807339354,0,perception.lidar_detection_filter,proc_enter,83357737301408,2353098,2353257
202607191734,e2e_trace_v3,2757,72312448807339354,0,perception.lidar_detection_filter,output_pub,83357737753952,2353098,2353257
202607191734,e2e_trace_v3,2777,72312448807339355,0,perception.lidar_detection_filter,proc_enter,83357854496928,2353098,2353256
202607191734,e2e_trace_v3,2778,72312448807339355,0,perception.lidar_detection_filter,output_pub,83357854736960,2353098,2353256
202607191734,e2e_trace_v3,2792,72312448807339356,0,perception.lidar_detection_filter,proc_enter,83357964840320,2353098,2353247
202607191734,e2e_trace_v3,2793,72312448807339356,0,perception.lidar_detection_filter,output_pub,83357965162208,2353098,2353247
202607191734,e2e_trace_v3,2807,72312448807339357,0,perception.lidar_detection_filter,proc_enter,83358065670496,2353098,2353253
202607191734,e2e_trace_v3,2808,72312448807339357,0,perception.lidar_detection_filter,output_pub,83358065842976,2353098,2353253
202607191734,e2e_trace_v3,2820,72312448807339358,0,perception.lidar_detection_filter,proc_enter,83358168706880,2353098,2353256
202607191734,e2e_trace_v3,2821,72312448807339358,0,perception.lidar_detection_filter,output_pub,83358168964864,2353098,2353256
202607191734,e2e_trace_v3,2842,72312448807339359,0,perception.lidar_detection_filter,proc_enter,83358296038880,2353098,2353249
202607191734,e2e_trace_v3,2843,72312448807339359,0,perception.lidar_detection_filter,output_pub,83358296293696,2353098,2353249
202607191734,e2e_trace_v3,2856,72312448807339360,0,perception.lidar_detection_filter,proc_enter,83358394674528,2353098,2353246
202607191734,e2e_trace_v3,2857,72312448807339360,0,perception.lidar_detection_filter,output_pub,83358394822656,2353098,2353246
202607191734,e2e_trace_v3,2868,72312448807339361,0,perception.lidar_detection_filter,proc_enter,83358487265120,2353098,2353248
202607191734,e2e_trace_v3,2869,72312448807339361,0,perception.lidar_detection_filter,output_pub,83358487433088,2353098,2353248
202607191734,e2e_trace_v3,2885,72312448807339362,0,perception.lidar_detection_filter,proc_enter,83358596125184,2353098,2353249
202607191734,e2e_trace_v3,2886,72312448807339362,0,perception.lidar_detection_filter,output_pub,83358596295808,2353098,2353249
202607191734,e2e_trace_v3,2902,72312448807339363,0,perception.lidar_detection_filter,proc_enter,83358709573568,2353098,2353245
202607191734,e2e_trace_v3,2903,72312448807339363,0,perception.lidar_detection_filter,output_pub,83358709736832,2353098,2353245
202607191734,e2e_trace_v3,2922,72312448807339364,0,perception.lidar_detection_filter,proc_enter,83358826680288,2353098,2353252
202607191734,e2e_trace_v3,2923,72312448807339364,0,perception.lidar_detection_filter,output_pub,83358826931360,2353098,2353252
202607191734,e2e_trace_v3,2940,72312448807339365,0,perception.lidar_detection_filter,proc_enter,83358943139936,2353098,2353245
202607191734,e2e_trace_v3,2941,72312448807339365,0,perception.lidar_detection_filter,output_pub,83358943341120,2353098,2353245
202607191734,e2e_trace_v3,2954,72312448807339366,0,perception.lidar_detection_filter,proc_enter,83359048284160,2353098,2353255
202607191734,e2e_trace_v3,2956,72312448807339366,0,perception.lidar_detection_filter,output_pub,83359048463424,2353098,2353255
202607191734,e2e_trace_v3,2972,72312448807339367,0,perception.lidar_detection_filter,proc_enter,83359153984608,2353098,2353252
202607191734,e2e_trace_v3,2973,72312448807339367,0,perception.lidar_detection_filter,output_pub,83359154140672,2353098,2353252
202607191734,e2e_trace_v3,2987,72312448807339368,0,perception.lidar_detection_filter,proc_enter,83359256999104,2353098,2353247
202607191734,e2e_trace_v3,2988,72312448807339368,0,perception.lidar_detection_filter,output_pub,83359257193760,2353098,2353247
202607191734,e2e_trace_v3,3006,72312448807339369,0,perception.lidar_detection_filter,proc_enter,83359383009952,2353098,2353257
202607191734,e2e_trace_v3,3007,72312448807339369,0,perception.lidar_detection_filter,output_pub,83359383163008,2353098,2353257
202607191734,e2e_trace_v3,3021,72312448807339370,0,perception.lidar_detection_filter,proc_enter,83359480006560,2353098,2353252
202607191734,e2e_trace_v3,3022,72312448807339370,0,perception.lidar_detection_filter,output_pub,83359480148544,2353098,2353252
202607191734,e2e_trace_v3,3038,72312448807339371,0,perception.lidar_detection_filter,proc_enter,83359595795200,2353098,2353247
202607191734,e2e_trace_v3,3039,72312448807339371,0,perception.lidar_detection_filter,output_pub,83359596018176,2353098,2353247
202607191734,e2e_trace_v3,3055,72312448807339372,0,perception.lidar_detection_filter,proc_enter,83359702752448,2353098,2353250
202607191734,e2e_trace_v3,3056,72312448807339372,0,perception.lidar_detection_filter,output_pub,83359702939904,2353098,2353250
202607191734,e2e_trace_v3,3073,72312448807339373,0,perception.lidar_detection_filter,proc_enter,83359820259616,2353098,2353246
202607191734,e2e_trace_v3,3074,72312448807339373,0,perception.lidar_detection_filter,output_pub,83359820364896,2353098,2353246
202607191734,e2e_trace_v3,3090,72312448807339374,0,perception.lidar_detection_filter,proc_enter,83359938199584,2353098,2353248
202607191734,e2e_trace_v3,3091,72312448807339374,0,perception.lidar_detection_filter,output_pub,83359938477152,2353098,2353248
202607191734,e2e_trace_v3,3109,72312448807339375,0,perception.lidar_detection_filter,proc_enter,83360051933152,2353098,2353255
202607191734,e2e_trace_v3,3110,72312448807339375,0,perception.lidar_detection_filter,output_pub,83360052171776,2353098,2353255
202607191734,e2e_trace_v3,3128,72312448807339376,0,perception.lidar_detection_filter,proc_enter,83360169106752,2353098,2353251
202607191734,e2e_trace_v3,3129,72312448807339376,0,perception.lidar_detection_filter,output_pub,83360169245312,2353098,2353251
202607191734,e2e_trace_v3,3143,72312448807339377,0,perception.lidar_detection_filter,proc_enter,83360287157696,2353098,2353244
202607191734,e2e_trace_v3,3145,72312448807339377,0,perception.lidar_detection_filter,output_pub,83360287375744,2353098,2353244
202607191734,e2e_trace_v3,3153,72312448807339378,0,perception.lidar_detection_filter,proc_enter,83360373279168,2353098,2353251
202607191734,e2e_trace_v3,3155,72312448807339378,0,perception.lidar_detection_filter,output_pub,83360373435904,2353098,2353251
202607191734,e2e_trace_v3,3168,72312448807339379,0,perception.lidar_detection_filter,proc_enter,83360468739104,2353098,2353254
202607191734,e2e_trace_v3,3169,72312448807339379,0,perception.lidar_detection_filter,output_pub,83360468905728,2353098,2353254
202607191734,e2e_trace_v3,3185,72312448807339380,0,perception.lidar_detection_filter,proc_enter,83360578864064,2353098,2353254
202607191734,e2e_trace_v3,3186,72312448807339380,0,perception.lidar_detection_filter,output_pub,83360579464288,2353098,2353254
202607191734,e2e_trace_v3,3208,72312448807339381,0,perception.lidar_detection_filter,proc_enter,83360717510880,2353098,2353244
202607191734,e2e_trace_v3,3209,72312448807339381,0,perception.lidar_detection_filter,output_pub,83360717781888,2353098,2353244
202607191734,e2e_trace_v3,3227,72312448807339382,0,perception.lidar_detection_filter,proc_enter,83360839755424,2353098,2353245
202607191734,e2e_trace_v3,3228,72312448807339382,0,perception.lidar_detection_filter,output_pub,83360840000576,2353098,2353245
202607191734,e2e_trace_v3,3242,72312448807339383,0,perception.lidar_detection_filter,proc_enter,83360950946208,2353098,2353255
202607191734,e2e_trace_v3,3244,72312448807339383,0,perception.lidar_detection_filter,output_pub,83360951187136,2353098,2353255
202607191734,e2e_trace_v3,3253,72312448807339384,0,perception.lidar_detection_filter,proc_enter,83361037112832,2353098,2353245
202607191734,e2e_trace_v3,3254,72312448807339384,0,perception.lidar_detection_filter,output_pub,83361037313088,2353098,2353245
202607191734,e2e_trace_v3,3269,72312448807339385,0,perception.lidar_detection_filter,proc_enter,83361140630592,2353098,2353247
202607191734,e2e_trace_v3,3270,72312448807339385,0,perception.lidar_detection_filter,output_pub,83361140790976,2353098,2353247
202607191734,e2e_trace_v3,3286,72312448807339386,0,perception.lidar_detection_filter,proc_enter,83361251625344,2353098,2353257
202607191734,e2e_trace_v3,3287,72312448807339386,0,perception.lidar_detection_filter,output_pub,83361251827552,2353098,2353257
202607191734,e2e_trace_v3,3303,72312448807339387,0,perception.lidar_detection_filter,proc_enter,83361364641088,2353098,2353252
202607191734,e2e_trace_v3,3304,72312448807339387,0,perception.lidar_detection_filter,output_pub,83361364829088,2353098,2353252
202607191734,e2e_trace_v3,3318,72312448807339388,0,perception.lidar_detection_filter,proc_enter,83361468813152,2353098,2353246
202607191734,e2e_trace_v3,3320,72312448807339388,0,perception.lidar_detection_filter,output_pub,83361470489856,2353098,2353246
202607191734,e2e_trace_v3,3332,72312448807339389,0,perception.lidar_detection_filter,proc_enter,83361565716224,2353098,2353252
202607191734,e2e_trace_v3,3333,72312448807339389,0,perception.lidar_detection_filter,output_pub,83361565880768,2353098,2353252
202607191734,e2e_trace_v3,3346,72312448807339390,0,perception.lidar_detection_filter,proc_enter,83361671678560,2353098,2353252
202607191734,e2e_trace_v3,3347,72312448807339390,0,perception.lidar_detection_filter,output_pub,83361671880512,2353098,2353252
202607191734,e2e_trace_v3,3367,72312448807339391,0,perception.lidar_detection_filter,proc_enter,83361800776480,2353098,2353244
202607191734,e2e_trace_v3,3371,72312448807339391,0,perception.lidar_detection_filter,output_pub,83361801229536,2353098,2353244
202607191734,e2e_trace_v3,3382,72312448807339392,0,perception.lidar_detection_filter,proc_enter,83361905476640,2353098,2353244
202607191734,e2e_trace_v3,3383,72312448807339392,0,perception.lidar_detection_filter,output_pub,83361905751392,2353098,2353244
202607191734,e2e_trace_v3,3406,72312448807339393,0,perception.lidar_detection_filter,proc_enter,83362034553696,2353098,2353249
202607191734,e2e_trace_v3,3408,72312448807339393,0,perception.lidar_detection_filter,output_pub,83362034752736,2353098,2353249
202607191734,e2e_trace_v3,3416,72312448807339394,0,perception.lidar_detection_filter,proc_enter,83362126491680,2353098,2353251
202607191734,e2e_trace_v3,3417,72312448807339394,0,perception.lidar_detection_filter,output_pub,83362126638816,2353098,2353251
202607191734,e2e_trace_v3,3433,72312448807339395,0,perception.lidar_detection_filter,proc_enter,83362237512672,2353098,2353242
202607191734,e2e_trace_v3,3434,72312448807339395,0,perception.lidar_detection_filter,output_pub,83362237756704,2353098,2353242
202607191734,e2e_trace_v3,3454,72312448807339396,0,perception.lidar_detection_filter,proc_enter,83362351559616,2353098,2353249
202607191734,e2e_trace_v3,3455,72312448807339396,0,perception.lidar_detection_filter,output_pub,83362351865824,2353098,2353249
202607191734,e2e_trace_v3,3473,72312448807339397,0,perception.lidar_detection_filter,proc_enter,83362466290624,2353098,2353244
202607191734,e2e_trace_v3,3474,72312448807339397,0,perception.lidar_detection_filter,output_pub,83362466433568,2353098,2353244
202607191734,e2e_trace_v3,3484,72312448807339398,0,perception.lidar_detection_filter,proc_enter,83362558592960,2353098,2353242
202607191734,e2e_trace_v3,3485,72312448807339398,0,perception.lidar_detection_filter,output_pub,83362558723808,2353098,2353242
202607191734,e2e_trace_v3,3501,72312448807339399,0,perception.lidar_detection_filter,proc_enter,83362667526688,2353098,2353252
202607191734,e2e_trace_v3,3502,72312448807339399,0,perception.lidar_detection_filter,output_pub,83362667802528,2353098,2353252
202607191734,e2e_trace_v3,3516,72312448807339400,0,perception.lidar_detection_filter,proc_enter,83362771108384,2353098,2353243
202607191734,e2e_trace_v3,3517,72312448807339400,0,perception.lidar_detection_filter,output_pub,83362771365728,2353098,2353243
202607191734,e2e_trace_v3,3541,72312448807339401,0,perception.lidar_detection_filter,proc_enter,83362903563232,2353098,2353243
202607191734,e2e_trace_v3,3542,72312448807339401,0,perception.lidar_detection_filter,output_pub,83362903809664,2353098,2353243
202607191734,e2e_trace_v3,3552,72312448807339402,0,perception.lidar_detection_filter,proc_enter,83363007124448,2353098,2353245
202607191734,e2e_trace_v3,3553,72312448807339402,0,perception.lidar_detection_filter,output_pub,83363007344160,2353098,2353245
202607191734,e2e_trace_v3,3569,72312448807339403,0,perception.lidar_detection_filter,proc_enter,83363115959264,2353098,2353252
202607191734,e2e_trace_v3,3570,72312448807339403,0,perception.lidar_detection_filter,output_pub,83363116124736,2353098,2353252
202607191734,e2e_trace_v3,3588,72312448807339404,0,perception.lidar_detection_filter,proc_enter,83363230142336,2353098,2353253
202607191734,e2e_trace_v3,3589,72312448807339404,0,perception.lidar_detection_filter,output_pub,83363230345888,2353098,2353253
202607191734,e2e_trace_v3,3609,72312448807339405,0,perception.lidar_detection_filter,proc_enter,83363348012672,2353098,2353257
202607191734,e2e_trace_v3,3610,72312448807339405,0,perception.lidar_detection_filter,output_pub,83363348138944,2353098,2353257
202607191734,e2e_trace_v3,3626,72312448807339406,0,perception.lidar_detection_filter,proc_enter,83363461202400,2353098,2353246
202607191734,e2e_trace_v3,3627,72312448807339406,0,perception.lidar_detection_filter,output_pub,83363461323584,2353098,2353246
202607191734,e2e_trace_v3,3639,72312448807339407,0,perception.lidar_detection_filter,proc_enter,83363559027360,2353098,2353245
202607191734,e2e_trace_v3,3640,72312448807339407,0,perception.lidar_detection_filter,output_pub,83363559209920,2353098,2353245
202607191734,e2e_trace_v3,3652,72312448807339408,0,perception.lidar_detection_filter,proc_enter,83363658237088,2353098,2353249
202607191734,e2e_trace_v3,3653,72312448807339408,0,perception.lidar_detection_filter,output_pub,83363658425344,2353098,2353249
202607191734,e2e_trace_v3,3673,72312448807339409,0,perception.lidar_detection_filter,proc_enter,83363776000480,2353098,2353255
202607191734,e2e_trace_v3,3674,72312448807339409,0,perception.lidar_detection_filter,output_pub,83363776111616,2353098,2353255
202607191734,e2e_trace_v3,3687,72312448807339410,0,perception.lidar_detection_filter,proc_enter,83363876154464,2353098,2353255
202607191734,e2e_trace_v3,3688,72312448807339410,0,perception.lidar_detection_filter,output_pub,83363876302272,2353098,2353255
202607191734,e2e_trace_v3,3703,72312448807339411,0,perception.lidar_detection_filter,proc_enter,83363995554080,2353098,2353244
202607191734,e2e_trace_v3,3706,72312448807339411,0,perception.lidar_detection_filter,output_pub,83363995848608,2353098,2353244
202607191734,e2e_trace_v3,3719,72312448807339412,0,perception.lidar_detection_filter,proc_enter,83364098400416,2353098,2353250
202607191734,e2e_trace_v3,3720,72312448807339412,0,perception.lidar_detection_filter,output_pub,83364098589664,2353098,2353250
202607191734,e2e_trace_v3,3742,72312448807339413,0,perception.lidar_detection_filter,proc_enter,83364217929280,2353098,2353244
202607191734,e2e_trace_v3,3743,72312448807339413,0,perception.lidar_detection_filter,output_pub,83364218079456,2353098,2353244
202607191734,e2e_trace_v3,3754,72312448807339414,0,perception.lidar_detection_filter,proc_enter,83364315947712,2353098,2353253
202607191734,e2e_trace_v3,3755,72312448807339414,0,perception.lidar_detection_filter,output_pub,83364316349344,2353098,2353253
202607191734,e2e_trace_v3,3776,72312448807339415,0,perception.lidar_detection_filter,proc_enter,83364434315680,2353098,2353245
202607191734,e2e_trace_v3,3777,72312448807339415,0,perception.lidar_detection_filter,output_pub,83364434507680,2353098,2353245
202607191734,e2e_trace_v3,3785,72312448807339416,0,perception.lidar_detection_filter,proc_enter,83364535068544,2353098,2353251
202607191734,e2e_trace_v3,3786,72312448807339416,0,perception.lidar_detection_filter,output_pub,83364535396864,2353098,2353251
202607191734,e2e_trace_v3,3802,72312448807339417,0,perception.lidar_detection_filter,proc_enter,83364655558176,2353098,2353254
202607191734,e2e_trace_v3,3803,72312448807339417,0,perception.lidar_detection_filter,output_pub,83364655701376,2353098,2353254
202607191734,e2e_trace_v3,3818,72312448807339418,0,perception.lidar_detection_filter,proc_enter,83364759385952,2353098,2353243
202607191734,e2e_trace_v3,3819,72312448807339418,0,perception.lidar_detection_filter,output_pub,83364759521952,2353098,2353243
202607191734,e2e_trace_v3,3836,72312448807339419,0,perception.lidar_detection_filter,proc_enter,83364872114976,2353098,2353257
202607191734,e2e_trace_v3,3837,72312448807339419,0,perception.lidar_detection_filter,output_pub,83364872311328,2353098,2353257
202607191734,e2e_trace_v3,3851,72312448807339420,0,perception.lidar_detection_filter,proc_enter,83364989896512,2353098,2353257
202607191734,e2e_trace_v3,3852,72312448807339420,0,perception.lidar_detection_filter,output_pub,83364990201408,2353098,2353257
202607191734,e2e_trace_v3,3869,72312448807339421,0,perception.lidar_detection_filter,proc_enter,83365099200320,2353098,2353254
202607191734,e2e_trace_v3,3870,72312448807339421,0,perception.lidar_detection_filter,output_pub,83365099403424,2353098,2353254
202607191734,e2e_trace_v3,3888,72312448807339422,0,perception.lidar_detection_filter,proc_enter,83365211673568,2353098,2353248
202607191734,e2e_trace_v3,3889,72312448807339422,0,perception.lidar_detection_filter,output_pub,83365211807552,2353098,2353248
202607191734,e2e_trace_v3,3905,72312448807339423,0,perception.lidar_detection_filter,proc_enter,83365324230496,2353098,2353249
202607191734,e2e_trace_v3,3906,72312448807339423,0,perception.lidar_detection_filter,output_pub,83365324406784,2353098,2353249
202607191734,e2e_trace_v3,3923,72312448807339424,0,perception.lidar_detection_filter,proc_enter,83365436732160,2353098,2353253
202607191734,e2e_trace_v3,3924,72312448807339424,0,perception.lidar_detection_filter,output_pub,83365436914944,2353098,2353253
202607191734,e2e_trace_v3,3935,72312448807339425,0,perception.lidar_detection_filter,proc_enter,83365542750144,2353098,2353255
202607191734,e2e_trace_v3,3936,72312448807339425,0,perception.lidar_detection_filter,output_pub,83365542903840,2353098,2353255
202607191734,e2e_trace_v3,3949,72312448807339426,0,perception.lidar_detection_filter,proc_enter,83365636688096,2353098,2353253
202607191734,e2e_trace_v3,3950,72312448807339426,0,perception.lidar_detection_filter,output_pub,83365636854112,2353098,2353253
202607191734,e2e_trace_v3,3967,72312448807339427,0,perception.lidar_detection_filter,proc_enter,83365750130528,2353098,2353243
202607191734,e2e_trace_v3,3968,72312448807339427,0,perception.lidar_detection_filter,output_pub,83365750368448,2353098,2353243
202607191734,e2e_trace_v3,3980,72312448807339428,0,perception.lidar_detection_filter,proc_enter,83365854403488,2353098,2353251
202607191734,e2e_trace_v3,3981,72312448807339428,0,perception.lidar_detection_filter,output_pub,83365854714624,2353098,2353251
202607191734,e2e_trace_v3,3999,72312448807339429,0,perception.lidar_detection_filter,proc_enter,83365969079040,2353098,2353249
202607191734,e2e_trace_v3,4000,72312448807339429,0,perception.lidar_detection_filter,output_pub,83365969321664,2353098,2353249
202607191734,e2e_trace_v3,4022,72312448807339430,0,perception.lidar_detection_filter,proc_enter,83366094325312,2353098,2353248
202607191734,e2e_trace_v3,4023,72312448807339430,0,perception.lidar_detection_filter,output_pub,83366094473120,2353098,2353248
202607191734,e2e_trace_v3,4034,72312448807339431,0,perception.lidar_detection_filter,proc_enter,83366191361216,2353098,2353250
202607191734,e2e_trace_v3,4035,72312448807339431,0,perception.lidar_detection_filter,output_pub,83366191532896,2353098,2353250
202607191734,e2e_trace_v3,4047,72312448807339432,0,perception.lidar_detection_filter,proc_enter,83366294729760,2353098,2353254
202607191734,e2e_trace_v3,4048,72312448807339432,0,perception.lidar_detection_filter,output_pub,83366294863104,2353098,2353254
202607191734,e2e_trace_v3,4068,72312448807339433,0,perception.lidar_detection_filter,proc_enter,83366416260064,2353098,2353253
202607191734,e2e_trace_v3,4069,72312448807339433,0,perception.lidar_detection_filter,output_pub,83366416479872,2353098,2353253
202607191734,e2e_trace_v3,4083,72312448807339434,0,perception.lidar_detection_filter,proc_enter,83366524992640,2353098,2353252
202607191734,e2e_trace_v3,4084,72312448807339434,0,perception.lidar_detection_filter,output_pub,83366525175840,2353098,2353252
202607191734,e2e_trace_v3,4094,72312448807339435,0,perception.lidar_detection_filter,proc_enter,83366617028416,2353098,2353245
202607191734,e2e_trace_v3,4095,72312448807339435,0,perception.lidar_detection_filter,output_pub,83366617189728,2353098,2353245
202607191734,e2e_trace_v3,4112,72312448807339436,0,perception.lidar_detection_filter,proc_enter,83366722256768,2353098,2353247
202607191734,e2e_trace_v3,4113,72312448807339436,0,perception.lidar_detection_filter,output_pub,83366722393440,2353098,2353247
202607191734,e2e_trace_v3,4127,72312448807339437,0,perception.lidar_detection_filter,proc_enter,83366823137952,2353098,2353242
202607191734,e2e_trace_v3,4129,72312448807339437,0,perception.lidar_detection_filter,output_pub,83366823785792,2353098,2353242
202607191734,e2e_trace_v3,4144,72312448807339438,0,perception.lidar_detection_filter,proc_enter,83366953974432,2353098,2353242
202607191734,e2e_trace_v3,4145,72312448807339438,0,perception.lidar_detection_filter,output_pub,83366954245984,2353098,2353242
202607191734,e2e_trace_v3,4163,72312448807339439,0,perception.lidar_detection_filter,proc_enter,83367075965152,2353098,2353243
202607191734,e2e_trace_v3,4164,72312448807339439,0,perception.lidar_detection_filter,output_pub,83367076109440,2353098,2353243
202607191734,e2e_trace_v3,4178,72312448807339440,0,perception.lidar_detection_filter,proc_enter,83367194821664,2353098,2353243
202607191734,e2e_trace_v3,4179,72312448807339440,0,perception.lidar_detection_filter,output_pub,83367195012512,2353098,2353243
202607191734,e2e_trace_v3,4196,72312448807339441,0,perception.lidar_detection_filter,proc_enter,83367307098336,2353098,2353249
202607191734,e2e_trace_v3,4197,72312448807339441,0,perception.lidar_detection_filter,output_pub,83367307372576,2353098,2353249
202607191734,e2e_trace_v3,4211,72312448807339442,0,perception.lidar_detection_filter,proc_enter,83367421433760,2353098,2353255
202607191734,e2e_trace_v3,4212,72312448807339442,0,perception.lidar_detection_filter,output_pub,83367421689472,2353098,2353255
202607191734,e2e_trace_v3,4233,72312448807339443,0,perception.lidar_detection_filter,proc_enter,83367532566080,2353098,2353257
202607191734,e2e_trace_v3,4234,72312448807339443,0,perception.lidar_detection_filter,output_pub,83367532778624,2353098,2353257
202607191734,e2e_trace_v3,4250,72312448807339444,0,perception.lidar_detection_filter,proc_enter,83367640788736,2353098,2353253
202607191734,e2e_trace_v3,4251,72312448807339444,0,perception.lidar_detection_filter,output_pub,83367641014176,2353098,2353253
202607191734,e2e_trace_v3,4267,72312448807339445,0,perception.lidar_detection_filter,proc_enter,83367750516224,2353098,2353243
202607191734,e2e_trace_v3,4268,72312448807339445,0,perception.lidar_detection_filter,output_pub,83367750669728,2353098,2353243
202607191734,e2e_trace_v3,4280,72312448807339446,0,perception.lidar_detection_filter,proc_enter,83367854846080,2353098,2353256
202607191734,e2e_trace_v3,4281,72312448807339446,0,perception.lidar_detection_filter,output_pub,83367855020640,2353098,2353256
202607191734,e2e_trace_v3,4297,72312448807339447,0,perception.lidar_detection_filter,proc_enter,83367983891296,2353098,2353249
202607191734,e2e_trace_v3,4298,72312448807339447,0,perception.lidar_detection_filter,output_pub,83367983995744,2353098,2353249
202607191734,e2e_trace_v3,4315,72312448807339448,0,perception.lidar_detection_filter,proc_enter,83368097255808,2353098,2353248
202607191734,e2e_trace_v3,4316,72312448807339448,0,perception.lidar_detection_filter,output_pub,83368097423712,2353098,2353248
202607191734,e2e_trace_v3,4336,72312448807339449,0,perception.lidar_detection_filter,proc_enter,83368215842048,2353098,2353255
202607191734,e2e_trace_v3,4337,72312448807339449,0,perception.lidar_detection_filter,output_pub,83368216157024,2353098,2353255
202607191734,e2e_trace_v3,4350,72312448807339450,0,perception.lidar_detection_filter,proc_enter,83368325882656,2353098,2353254
202607191734,e2e_trace_v3,4351,72312448807339450,0,perception.lidar_detection_filter,output_pub,83368325979968,2353098,2353254
202607191734,e2e_trace_v3,4368,72312448807339451,0,perception.lidar_detection_filter,proc_enter,83368433870784,2353098,2353253
202607191734,e2e_trace_v3,4369,72312448807339451,0,perception.lidar_detection_filter,output_pub,83368434210176,2353098,2353253
202607191734,e2e_trace_v3,4385,72312448807339452,0,perception.lidar_detection_filter,proc_enter,83368534511072,2353098,2353255
202607191734,e2e_trace_v3,4386,72312448807339452,0,perception.lidar_detection_filter,output_pub,83368534674912,2353098,2353255
202607191734,e2e_trace_v3,4396,72312448807339453,0,perception.lidar_detection_filter,proc_enter,83368626581216,2353098,2353255
202607191734,e2e_trace_v3,4397,72312448807339453,0,perception.lidar_detection_filter,output_pub,83368626727840,2353098,2353255
202607191734,e2e_trace_v3,4413,72312448807339454,0,perception.lidar_detection_filter,proc_enter,83368732479552,2353098,2353255
202607191734,e2e_trace_v3,4414,72312448807339454,0,perception.lidar_detection_filter,output_pub,83368732657568,2353098,2353255
202607191734,e2e_trace_v3,4430,72312448807339455,0,perception.lidar_detection_filter,proc_enter,83368858114304,2353098,2353249
202607191734,e2e_trace_v3,4431,72312448807339455,0,perception.lidar_detection_filter,output_pub,83368858274816,2353098,2353249
202607191734,e2e_trace_v3,4447,72312448807339456,0,perception.lidar_detection_filter,proc_enter,83368972200672,2353098,2353251
202607191734,e2e_trace_v3,4448,72312448807339456,0,perception.lidar_detection_filter,output_pub,83368972426432,2353098,2353251
202607191734,e2e_trace_v3,4464,72312448807339457,0,perception.lidar_detection_filter,proc_enter,83369082232160,2353098,2353255
202607191734,e2e_trace_v3,4465,72312448807339457,0,perception.lidar_detection_filter,output_pub,83369082481408,2353098,2353255
202607191734,e2e_trace_v3,4488,72312448807339458,0,perception.lidar_detection_filter,proc_enter,83369237165952,2353098,2353244
202607191734,e2e_trace_v3,4489,72312448807339458,0,perception.lidar_detection_filter,output_pub,83369239128224,2353098,2353244
202607191734,e2e_trace_v3,4502,72312448807339459,0,perception.lidar_detection_filter,proc_enter,83369330024832,2353098,2353247
202607191734,e2e_trace_v3,4503,72312448807339459,0,perception.lidar_detection_filter,output_pub,83369330266240,2353098,2353247
202607191734,e2e_trace_v3,4515,72312448807339460,0,perception.lidar_detection_filter,proc_enter,83369438429984,2353098,2353255
202607191734,e2e_trace_v3,4516,72312448807339460,0,perception.lidar_detection_filter,output_pub,83369438679776,2353098,2353255
202607191734,e2e_trace_v3,4538,72312448807339461,0,perception.lidar_detection_filter,proc_enter,83369607720416,2353098,2353256
202607191734,e2e_trace_v3,4540,72312448807339461,0,perception.lidar_detection_filter,output_pub,83369607943648,2353098,2353256
202607191734,e2e_trace_v3,4547,72312448807339462,0,perception.lidar_detection_filter,proc_enter,83369693846176,2353098,2353244
202607191734,e2e_trace_v3,4548,72312448807339462,0,perception.lidar_detection_filter,output_pub,83369694048256,2353098,2353244
202607191734,e2e_trace_v3,4563,72312448807339463,0,perception.lidar_detection_filter,proc_enter,83369793447872,2353098,2353254
202607191734,e2e_trace_v3,4564,72312448807339463,0,perception.lidar_detection_filter,output_pub,83369793595680,2353098,2353254
202607191734,e2e_trace_v3,4581,72312448807339464,0,perception.lidar_detection_filter,proc_enter,83369913022080,2353098,2353249
202607191734,e2e_trace_v3,4582,72312448807339464,0,perception.lidar_detection_filter,output_pub,83369913307328,2353098,2353249
202607191734,e2e_trace_v3,4600,72312448807339465,0,perception.lidar_detection_filter,proc_enter,83370035912320,2353098,2353246
202607191734,e2e_trace_v3,4601,72312448807339465,0,perception.lidar_detection_filter,output_pub,83370036344064,2353098,2353246
202607191734,e2e_trace_v3,4613,72312448807339466,0,perception.lidar_detection_filter,proc_enter,83370140820000,2353098,2353257
202607191734,e2e_trace_v3,4614,72312448807339466,0,perception.lidar_detection_filter,output_pub,83370141154464,2353098,2353257
202607191734,e2e_trace_v3,4632,72312448807339467,0,perception.lidar_detection_filter,proc_enter,83370253491744,2353098,2353249
202607191734,e2e_trace_v3,4633,72312448807339467,0,perception.lidar_detection_filter,output_pub,83370253672896,2353098,2353249
202607191734,e2e_trace_v3,4650,72312448807339468,0,perception.lidar_detection_filter,proc_enter,83370368110272,2353098,2353254
202607191734,e2e_trace_v3,4651,72312448807339468,0,perception.lidar_detection_filter,output_pub,83370368509088,2353098,2353254
202607191734,e2e_trace_v3,4668,72312448807339469,0,perception.lidar_detection_filter,proc_enter,83370485589280,2353098,2353252
202607191734,e2e_trace_v3,4669,72312448807339469,0,perception.lidar_detection_filter,output_pub,83370485916064,2353098,2353252
202607191734,e2e_trace_v3,4687,72312448807339470,0,perception.lidar_detection_filter,proc_enter,83370590233632,2353098,2353249
202607191734,e2e_trace_v3,4688,72312448807339470,0,perception.lidar_detection_filter,output_pub,83370590402528,2353098,2353249
202607191734,e2e_trace_v3,4700,72312448807339471,0,perception.lidar_detection_filter,proc_enter,83370694143776,2353098,2353254
202607191734,e2e_trace_v3,4703,72312448807339471,0,perception.lidar_detection_filter,output_pub,83370694341472,2353098,2353254
202607191734,e2e_trace_v3,4713,72312448807339472,0,perception.lidar_detection_filter,proc_enter,83370794550336,2353098,2353243
202607191734,e2e_trace_v3,4714,72312448807339472,0,perception.lidar_detection_filter,output_pub,83370794838848,2353098,2353243
202607191734,e2e_trace_v3,4734,72312448807339473,0,perception.lidar_detection_filter,proc_enter,83370918224448,2353098,2353257
202607191734,e2e_trace_v3,4735,72312448807339473,0,perception.lidar_detection_filter,output_pub,83370918549824,2353098,2353257
202607191734,e2e_trace_v3,4756,72312448807339474,0,perception.lidar_detection_filter,proc_enter,83371043912320,2353098,2353251
202607191734,e2e_trace_v3,4761,72312448807339474,0,perception.lidar_detection_filter,output_pub,83371044581920,2353098,2353251
202607191734,e2e_trace_v3,4766,72312448807339475,0,perception.lidar_detection_filter,proc_enter,83371129217760,2353098,2353250
202607191734,e2e_trace_v3,4767,72312448807339475,0,perception.lidar_detection_filter,output_pub,83371129786720,2353098,2353250
202607191734,e2e_trace_v3,4785,72312448807339476,0,perception.lidar_detection_filter,proc_enter,83371244343744,2353098,2353257
202607191734,e2e_trace_v3,4786,72312448807339476,0,perception.lidar_detection_filter,output_pub,83371244533696,2353098,2353257
202607191734,e2e_trace_v3,4804,72312448807339477,0,perception.lidar_detection_filter,proc_enter,83371358422528,2353098,2353242
202607191734,e2e_trace_v3,4807,72312448807339477,0,perception.lidar_detection_filter,output_pub,83371358857248,2353098,2353242
202607191734,e2e_trace_v3,4820,72312448807339478,0,perception.lidar_detection_filter,proc_enter,83371466962784,2353098,2353242
202607191734,e2e_trace_v3,4821,72312448807339478,0,perception.lidar_detection_filter,output_pub,83371467229792,2353098,2353242
202607191734,e2e_trace_v3,4836,72312448807339479,0,perception.lidar_detection_filter,proc_enter,83371578829664,2353098,2353256
202607191734,e2e_trace_v3,4838,72312448807339479,0,perception.lidar_detection_filter,output_pub,83371579130560,2353098,2353256
202607191734,e2e_trace_v3,4847,72312448807339480,0,perception.lidar_detection_filter,proc_enter,83371663658816,2353098,2353249
202607191734,e2e_trace_v3,4849,72312448807339480,0,perception.lidar_detection_filter,output_pub,83371663962880,2353098,2353249
202607191734,e2e_trace_v3,4867,72312448807339481,0,perception.lidar_detection_filter,proc_enter,83371778969984,2353098,2353242
202607191734,e2e_trace_v3,4868,72312448807339481,0,perception.lidar_detection_filter,output_pub,83371779476352,2353098,2353242
202607191734,e2e_trace_v3,4880,72312448807339482,0,perception.lidar_detection_filter,proc_enter,83371880187680,2353098,2353251
202607191734,e2e_trace_v3,4882,72312448807339482,0,perception.lidar_detection_filter,output_pub,83371883144256,2353098,2353251
202607191734,e2e_trace_v3,4897,72312448807339483,0,perception.lidar_detection_filter,proc_enter,83371997203040,2353098,2353252
202607191734,e2e_trace_v3,4898,72312448807339483,0,perception.lidar_detection_filter,output_pub,83371997590688,2353098,2353252
202607191734,e2e_trace_v3,4918,72312448807339484,0,perception.lidar_detection_filter,proc_enter,83372120736928,2353098,2353248
202607191734,e2e_trace_v3,4919,72312448807339484,0,perception.lidar_detection_filter,output_pub,83372121373568,2353098,2353248
202607191734,e2e_trace_v3,4933,72312448807339485,0,perception.lidar_detection_filter,proc_enter,83372223461120,2353098,2353255
202607191734,e2e_trace_v3,4934,72312448807339485,0,perception.lidar_detection_filter,output_pub,83372223687680,2353098,2353255
202607191734,e2e_trace_v3,4956,72312448807339486,0,perception.lidar_detection_filter,proc_enter,83372361492672,2353098,2353248
202607191734,e2e_trace_v3,4957,72312448807339486,0,perception.lidar_detection_filter,output_pub,83372361999872,2353098,2353248
202607191734,e2e_trace_v3,4965,72312448807339487,0,perception.lidar_detection_filter,proc_enter,83372468891680,2353098,2353254
202607191734,e2e_trace_v3,4966,72312448807339487,0,perception.lidar_detection_filter,output_pub,83372469272000,2353098,2353254
202607191734,e2e_trace_v3,4984,72312448807339488,0,perception.lidar_detection_filter,proc_enter,83372591983648,2353098,2353251
202607191734,e2e_trace_v3,4985,72312448807339488,0,perception.lidar_detection_filter,output_pub,83372592368256,2353098,2353251
202607191734,e2e_trace_v3,5000,72312448807339489,0,perception.lidar_detection_filter,proc_enter,83372701268672,2353098,2353249
202607191734,e2e_trace_v3,5001,72312448807339489,0,perception.lidar_detection_filter,output_pub,83372701418240,2353098,2353249
202607191734,e2e_trace_v3,5016,72312448807339490,0,perception.lidar_detection_filter,proc_enter,83372806680288,2353098,2353246
202607191734,e2e_trace_v3,5017,72312448807339490,0,perception.lidar_detection_filter,output_pub,83372807119168,2353098,2353246
202607191734,e2e_trace_v3,5033,72312448807339491,0,perception.lidar_detection_filter,proc_enter,83372909445440,2353098,2353246
202607191734,e2e_trace_v3,5034,72312448807339491,0,perception.lidar_detection_filter,output_pub,83372909715648,2353098,2353246
202607191734,e2e_trace_v3,5050,72312448807339492,0,perception.lidar_detection_filter,proc_enter,83373031336576,2353098,2353250
202607191734,e2e_trace_v3,5053,72312448807339492,0,perception.lidar_detection_filter,output_pub,83373031671488,2353098,2353250
202607191734,e2e_trace_v3,5070,72312448807339493,0,perception.lidar_detection_filter,proc_enter,83373149566048,2353098,2353252
202607191734,e2e_trace_v3,5071,72312448807339493,0,perception.lidar_detection_filter,output_pub,83373150077344,2353098,2353252
202607191734,e2e_trace_v3,5080,72312448807339494,0,perception.lidar_detection_filter,proc_enter,83373249866016,2353098,2353254
202607191734,e2e_trace_v3,5081,72312448807339494,0,perception.lidar_detection_filter,output_pub,83373250276128,2353098,2353254
202607191734,e2e_trace_v3,5100,72312448807339495,0,perception.lidar_detection_filter,proc_enter,83373367486720,2353098,2353253
202607191734,e2e_trace_v3,5101,72312448807339495,0,perception.lidar_detection_filter,output_pub,83373367831008,2353098,2353253
202607191734,e2e_trace_v3,5117,72312448807339496,0,perception.lidar_detection_filter,proc_enter,83373478471296,2353098,2353250
202607191734,e2e_trace_v3,5118,72312448807339496,0,perception.lidar_detection_filter,output_pub,83373478812448,2353098,2353250
202607191734,e2e_trace_v3,5133,72312448807339497,0,perception.lidar_detection_filter,proc_enter,83373583430208,2353098,2353247
202607191734,e2e_trace_v3,5135,72312448807339497,0,perception.lidar_detection_filter,output_pub,83373583809312,2353098,2353247
202607191734,e2e_trace_v3,5150,72312448807339498,0,perception.lidar_detection_filter,proc_enter,83373691935904,2353098,2353257
202607191734,e2e_trace_v3,5151,72312448807339498,0,perception.lidar_detection_filter,output_pub,83373692248992,2353098,2353257
202607191734,e2e_trace_v3,5167,72312448807339499,0,perception.lidar_detection_filter,proc_enter,83373802292000,2353098,2353248
202607191734,e2e_trace_v3,5169,72312448807339499,0,perception.lidar_detection_filter,output_pub,83373802671936,2353098,2353248
202607191734,e2e_trace_v3,5183,72312448807339500,0,perception.lidar_detection_filter,proc_enter,83373908737088,2353098,2353252
202607191734,e2e_trace_v3,5184,72312448807339500,0,perception.lidar_detection_filter,output_pub,83373909106432,2353098,2353252
202607191734,e2e_trace_v3,5202,72312448807339501,0,perception.lidar_detection_filter,proc_enter,83374030674016,2353098,2353255
202607191734,e2e_trace_v3,5204,72312448807339501,0,perception.lidar_detection_filter,output_pub,83374031924704,2353098,2353255
202607191734,e2e_trace_v3,5223,72312448807339502,0,perception.lidar_detection_filter,proc_enter,83374149748512,2353098,2353245
202607191734,e2e_trace_v3,5224,72312448807339502,0,perception.lidar_detection_filter,output_pub,83374150070880,2353098,2353245
202607191734,e2e_trace_v3,5242,72312448807339503,0,perception.lidar_detection_filter,proc_enter,83374267158720,2353098,2353244
202607191734,e2e_trace_v3,5243,72312448807339503,0,perception.lidar_detection_filter,output_pub,83374267539840,2353098,2353244
202607191734,e2e_trace_v3,5257,72312448807339504,0,perception.lidar_detection_filter,proc_enter,83374373604128,2353098,2353242
202607191734,e2e_trace_v3,5258,72312448807339504,0,perception.lidar_detection_filter,output_pub,83374374343264,2353098,2353242
202607191734,e2e_trace_v3,5276,72312448807339505,0,perception.lidar_detection_filter,proc_enter,83374486451968,2353098,2353256
202607191734,e2e_trace_v3,5277,72312448807339505,0,perception.lidar_detection_filter,output_pub,83374486640192,2353098,2353256
202607191734,e2e_trace_v3,5294,72312448807339506,0,perception.lidar_detection_filter,proc_enter,83374597050912,2353098,2353249
202607191734,e2e_trace_v3,5296,72312448807339506,0,perception.lidar_detection_filter,output_pub,83374597367200,2353098,2353249
202607191734,e2e_trace_v3,5302,72312448807339507,0,perception.lidar_detection_filter,proc_enter,83374681370496,2353098,2353256
202607191734,e2e_trace_v3,5303,72312448807339507,0,perception.lidar_detection_filter,output_pub,83374681858784,2353098,2353256
202607191734,e2e_trace_v3,5325,72312448807339508,0,perception.lidar_detection_filter,proc_enter,83374799702688,2353098,2353255
202607191734,e2e_trace_v3,5326,72312448807339508,0,perception.lidar_detection_filter,output_pub,83374800025760,2353098,2353255
202607191734,e2e_trace_v3,5336,72312448807339509,0,perception.lidar_detection_filter,proc_enter,83374896423648,2353098,2353251
202607191734,e2e_trace_v3,5337,72312448807339509,0,perception.lidar_detection_filter,output_pub,83374896940416,2353098,2353251
202607191734,e2e_trace_v3,5353,72312448807339510,0,perception.lidar_detection_filter,proc_enter,83375011414976,2353098,2353257
202607191734,e2e_trace_v3,5354,72312448807339510,0,perception.lidar_detection_filter,output_pub,83375011980160,2353098,2353257
202607191734,e2e_trace_v3,5376,72312448807339511,0,perception.lidar_detection_filter,proc_enter,83375132789536,2353098,2353242
202607191734,e2e_trace_v3,5377,72312448807339511,0,perception.lidar_detection_filter,output_pub,83375133173152,2353098,2353242
202607191734,e2e_trace_v3,5389,72312448807339512,0,perception.lidar_detection_filter,proc_enter,83375234639552,2353098,2353257
202607191734,e2e_trace_v3,5390,72312448807339512,0,perception.lidar_detection_filter,output_pub,83375234985856,2353098,2353257
202607191734,e2e_trace_v3,5404,72312448807339513,0,perception.lidar_detection_filter,proc_enter,83375343289024,2353098,2353256
202607191734,e2e_trace_v3,5405,72312448807339513,0,perception.lidar_detection_filter,output_pub,83375344155904,2353098,2353256
202607191734,e2e_trace_v3,5429,72312448807339514,0,perception.lidar_detection_filter,proc_enter,83375480989952,2353098,2353243
202607191734,e2e_trace_v3,5430,72312448807339514,0,perception.lidar_detection_filter,output_pub,83375481880416,2353098,2353243
202607191734,e2e_trace_v3,5446,72312448807339515,0,perception.lidar_detection_filter,proc_enter,83375599050464,2353098,2353254
202607191734,e2e_trace_v3,5447,72312448807339515,0,perception.lidar_detection_filter,output_pub,83375599777440,2353098,2353254
202607191734,e2e_trace_v3,5463,72312448807339516,0,perception.lidar_detection_filter,proc_enter,83375705403200,2353098,2353245
202607191734,e2e_trace_v3,5464,72312448807339516,0,perception.lidar_detection_filter,output_pub,83375705788672,2353098,2353245
202607191734,e2e_trace_v3,5480,72312448807339517,0,perception.lidar_detection_filter,proc_enter,83375805845696,2353098,2353252
202607191734,e2e_trace_v3,5481,72312448807339517,0,perception.lidar_detection_filter,output_pub,83375806173120,2353098,2353252
202607191734,e2e_trace_v3,5489,72312448807339518,0,perception.lidar_detection_filter,proc_enter,83375896319648,2353098,2353249
202607191734,e2e_trace_v3,5490,72312448807339518,0,perception.lidar_detection_filter,output_pub,83375896686848,2353098,2353249
202607191734,e2e_trace_v3,5510,72312448807339519,0,perception.lidar_detection_filter,proc_enter,83376010810368,2353098,2353256
202607191734,e2e_trace_v3,5511,72312448807339519,0,perception.lidar_detection_filter,output_pub,83376011566976,2353098,2353256
202607191734,e2e_trace_v3,5530,72312448807339520,0,perception.lidar_detection_filter,proc_enter,83376133449184,2353098,2353249
202607191734,e2e_trace_v3,5532,72312448807339520,0,perception.lidar_detection_filter,output_pub,83376133770560,2353098,2353249
202607191734,e2e_trace_v3,5544,72312448807339521,0,perception.lidar_detection_filter,proc_enter,83376227723456,2353098,2353251
202607191734,e2e_trace_v3,5545,72312448807339521,0,perception.lidar_detection_filter,output_pub,83376228048992,2353098,2353251
202607191734,e2e_trace_v3,5565,72312448807339522,0,perception.lidar_detection_filter,proc_enter,83376350729088,2353098,2353257
202607191734,e2e_trace_v3,5566,72312448807339522,0,perception.lidar_detection_filter,output_pub,83376351107680,2353098,2353257
202607191734,e2e_trace_v3,5580,72312448807339523,0,perception.lidar_detection_filter,proc_enter,83376450484384,2353098,2353245
202607191734,e2e_trace_v3,5583,72312448807339523,0,perception.lidar_detection_filter,output_pub,83376451314240,2353098,2353245
202607191734,e2e_trace_v3,5600,72312448807339524,0,perception.lidar_detection_filter,proc_enter,83376579553280,2353098,2353246
202607191734,e2e_trace_v3,5602,72312448807339524,0,perception.lidar_detection_filter,output_pub,83376579843808,2353098,2353246
202607191734,e2e_trace_v3,5610,72312448807339525,0,perception.lidar_detection_filter,proc_enter,83376666356704,2353098,2353249
202607191734,e2e_trace_v3,5611,72312448807339525,0,perception.lidar_detection_filter,output_pub,83376666624480,2353098,2353249
202607191734,e2e_trace_v3,5626,72312448807339526,0,perception.lidar_detection_filter,proc_enter,83376772123680,2353098,2353251
202607191734,e2e_trace_v3,5627,72312448807339526,0,perception.lidar_detection_filter,output_pub,83376772369856,2353098,2353251
202607191734,e2e_trace_v3,5639,72312448807339527,0,perception.lidar_detection_filter,proc_enter,83376875893568,2353098,2353249
202607191734,e2e_trace_v3,5641,72312448807339527,0,perception.lidar_detection_filter,output_pub,83376876202272,2353098,2353249
202607191734,e2e_trace_v3,5656,72312448807339528,0,perception.lidar_detection_filter,proc_enter,83376981181952,2353098,2353249
202607191734,e2e_trace_v3,5657,72312448807339528,0,perception.lidar_detection_filter,output_pub,83376981533216,2353098,2353249
202607191734,e2e_trace_v3,5673,72312448807339529,0,perception.lidar_detection_filter,proc_enter,83377097615424,2353098,2353256
202607191734,e2e_trace_v3,5674,72312448807339529,0,perception.lidar_detection_filter,output_pub,83377097964352,2353098,2353256
202607191734,e2e_trace_v3,5692,72312448807339530,0,perception.lidar_detection_filter,proc_enter,83377221502656,2353098,2353244
202607191734,e2e_trace_v3,5693,72312448807339530,0,perception.lidar_detection_filter,output_pub,83377222092864,2353098,2353244
202607191734,e2e_trace_v3,5715,72312448807339531,0,perception.lidar_detection_filter,proc_enter,83377342872160,2353098,2353256
202607191734,e2e_trace_v3,5716,72312448807339531,0,perception.lidar_detection_filter,output_pub,83377343076864,2353098,2353256
202607191734,e2e_trace_v3,5727,72312448807339532,0,perception.lidar_detection_filter,proc_enter,83377448656448,2353098,2353248
202607191734,e2e_trace_v3,5728,72312448807339532,0,perception.lidar_detection_filter,output_pub,83377449111552,2353098,2353248
202607191734,e2e_trace_v3,5745,72312448807339533,0,perception.lidar_detection_filter,proc_enter,83377570985216,2353098,2353246
202607191734,e2e_trace_v3,5747,72312448807339533,0,perception.lidar_detection_filter,output_pub,83377571122208,2353098,2353246
202607191734,e2e_trace_v3,5755,72312448807339534,0,perception.lidar_detection_filter,proc_enter,83377657059264,2353098,2353244
202607191734,e2e_trace_v3,5756,72312448807339534,0,perception.lidar_detection_filter,output_pub,83377657362816,2353098,2353244
202607191734,e2e_trace_v3,5772,72312448807339535,0,perception.lidar_detection_filter,proc_enter,83377763603776,2353098,2353245
202607191734,e2e_trace_v3,5773,72312448807339535,0,perception.lidar_detection_filter,output_pub,83377764107776,2353098,2353245
202607191734,e2e_trace_v3,5789,72312448807339536,0,perception.lidar_detection_filter,proc_enter,83377880637024,2353098,2353243
202607191734,e2e_trace_v3,5790,72312448807339536,0,perception.lidar_detection_filter,output_pub,83377880786368,2353098,2353243
202607191734,e2e_trace_v3,5803,72312448807339537,0,perception.lidar_detection_filter,proc_enter,83377976705984,2353098,2353242
202607191734,e2e_trace_v3,5804,72312448807339537,0,perception.lidar_detection_filter,output_pub,83377977014688,2353098,2353242
202607191734,e2e_trace_v3,5820,72312448807339538,0,perception.lidar_detection_filter,proc_enter,83378089037312,2353098,2353254
202607191734,e2e_trace_v3,5821,72312448807339538,0,perception.lidar_detection_filter,output_pub,83378089291936,2353098,2353254
202607191734,e2e_trace_v3,5836,72312448807339539,0,perception.lidar_detection_filter,proc_enter,83378203184384,2353098,2353252
202607191734,e2e_trace_v3,5838,72312448807339539,0,perception.lidar_detection_filter,output_pub,83378203326016,2353098,2353252
202607191734,e2e_trace_v3,5856,72312448807339540,0,perception.lidar_detection_filter,proc_enter,83378313256736,2353098,2353251
202607191734,e2e_trace_v3,5857,72312448807339540,0,perception.lidar_detection_filter,output_pub,83378317190336,2353098,2353251
202607191734,e2e_trace_v3,5873,72312448807339541,0,perception.lidar_detection_filter,proc_enter,83378432839840,2353098,2353255
202607191734,e2e_trace_v3,5874,72312448807339541,0,perception.lidar_detection_filter,output_pub,83378433041280,2353098,2353255
202607191734,e2e_trace_v3,5892,72312448807339542,0,perception.lidar_detection_filter,proc_enter,83378544130688,2353098,2353247
202607191734,e2e_trace_v3,5893,72312448807339542,0,perception.lidar_detection_filter,output_pub,83378544519008,2353098,2353247
202607191734,e2e_trace_v3,5913,72312448807339543,0,perception.lidar_detection_filter,proc_enter,83378660739616,2353098,2353242
202607191734,e2e_trace_v3,5914,72312448807339543,0,perception.lidar_detection_filter,output_pub,83378660858944,2353098,2353242
202607191734,e2e_trace_v3,5922,72312448807339544,0,perception.lidar_detection_filter,proc_enter,83378753338304,2353098,2353246
202607191734,e2e_trace_v3,5923,72312448807339544,0,perception.lidar_detection_filter,output_pub,83378753618048,2353098,2353246
202607191734,e2e_trace_v3,5945,72312448807339545,0,perception.lidar_detection_filter,proc_enter,83378882717824,2353098,2353244
202607191734,e2e_trace_v3,5947,72312448807339545,0,perception.lidar_detection_filter,output_pub,83378882913568,2353098,2353244
202607191734,e2e_trace_v3,5953,72312448807339546,0,perception.lidar_detection_filter,proc_enter,83378965801536,2353098,2353257
202607191734,e2e_trace_v3,5954,72312448807339546,0,perception.lidar_detection_filter,output_pub,83378965921952,2353098,2353257
202607191734,e2e_trace_v3,5970,72312448807339547,0,perception.lidar_detection_filter,proc_enter,83379079802944,2353098,2353243
202607191734,e2e_trace_v3,5971,72312448807339547,0,perception.lidar_detection_filter,output_pub,83379080019712,2353098,2353243
202607191734,e2e_trace_v3,5988,72312448807339548,0,perception.lidar_detection_filter,proc_enter,83379200939424,2353098,2353246
202607191734,e2e_trace_v3,5989,72312448807339548,0,perception.lidar_detection_filter,output_pub,83379201240448,2353098,2353246
202607191734,e2e_trace_v3,6004,72312448807339549,0,perception.lidar_detection_filter,proc_enter,83379302198144,2353098,2353256
202607191734,e2e_trace_v3,6005,72312448807339549,0,perception.lidar_detection_filter,output_pub,83379302411744,2353098,2353256
202607191734,e2e_trace_v3,6022,72312448807339550,0,perception.lidar_detection_filter,proc_enter,83379430495392,2353098,2353251
202607191734,e2e_trace_v3,6023,72312448807339550,0,perception.lidar_detection_filter,output_pub,83379430660320,2353098,2353251
202607191734,e2e_trace_v3,6038,72312448807339551,0,perception.lidar_detection_filter,proc_enter,83379545517664,2353098,2353249
202607191734,e2e_trace_v3,6039,72312448807339551,0,perception.lidar_detection_filter,output_pub,83379545754752,2353098,2353249
202607191734,e2e_trace_v3,6058,72312448807339552,0,perception.lidar_detection_filter,proc_enter,83379655571776,2353098,2353257
202607191734,e2e_trace_v3,6059,72312448807339552,0,perception.lidar_detection_filter,output_pub,83379655743616,2353098,2353257
202607191734,e2e_trace_v3,6071,72312448807339553,0,perception.lidar_detection_filter,proc_enter,83379755714208,2353098,2353257
202607191734,e2e_trace_v3,6072,72312448807339553,0,perception.lidar_detection_filter,output_pub,83379755839584,2353098,2353257
202607191734,e2e_trace_v3,6090,72312448807339554,0,perception.lidar_detection_filter,proc_enter,83379869767328,2353098,2353248
202607191734,e2e_trace_v3,6091,72312448807339554,0,perception.lidar_detection_filter,output_pub,83379869882240,2353098,2353248
202607191734,e2e_trace_v3,6103,72312448807339555,0,perception.lidar_detection_filter,proc_enter,83379964585184,2353098,2353251
202607191734,e2e_trace_v3,6104,72312448807339555,0,perception.lidar_detection_filter,output_pub,83379964801024,2353098,2353251
202607191734,e2e_trace_v3,6120,72312448807339556,0,perception.lidar_detection_filter,proc_enter,83380078026496,2353098,2353250
202607191734,e2e_trace_v3,6121,72312448807339556,0,perception.lidar_detection_filter,output_pub,83380078190784,2353098,2353250
202607191734,e2e_trace_v3,6135,72312448807339557,0,perception.lidar_detection_filter,proc_enter,83380193420992,2353098,2353253
202607191734,e2e_trace_v3,6136,72312448807339557,0,perception.lidar_detection_filter,output_pub,83380193632768,2353098,2353253
202607191734,e2e_trace_v3,6151,72312448807339558,0,perception.lidar_detection_filter,proc_enter,83380292072192,2353098,2353249
202607191734,e2e_trace_v3,6152,72312448807339558,0,perception.lidar_detection_filter,output_pub,83380292236480,2353098,2353249
202607191734,e2e_trace_v3,6176,72312448807339559,0,perception.lidar_detection_filter,proc_enter,83380423720800,2353098,2353252
202607191734,e2e_trace_v3,6177,72312448807339559,0,perception.lidar_detection_filter,output_pub,83380423963648,2353098,2353252
202607191734,e2e_trace_v3,6188,72312448807339560,0,perception.lidar_detection_filter,proc_enter,83380524085504,2353098,2353252
202607191734,e2e_trace_v3,6190,72312448807339560,0,perception.lidar_detection_filter,output_pub,83380524210496,2353098,2353252
202607191734,e2e_trace_v3,6199,72312448807339561,0,perception.lidar_detection_filter,proc_enter,83380618522208,2353098,2353255
202607191734,e2e_trace_v3,6200,72312448807339561,0,perception.lidar_detection_filter,output_pub,83380618750112,2353098,2353255
202607191734,e2e_trace_v3,6217,72312448807339562,0,perception.lidar_detection_filter,proc_enter,83380738581248,2353098,2353247
202607191734,e2e_trace_v3,6218,72312448807339562,0,perception.lidar_detection_filter,output_pub,83380738695360,2353098,2353247
202607191734,e2e_trace_v3,6234,72312448807339563,0,perception.lidar_detection_filter,proc_enter,83380855674560,2353098,2353247
202607191734,e2e_trace_v3,6236,72312448807339563,0,perception.lidar_detection_filter,output_pub,83380857155488,2353098,2353247
202607191734,e2e_trace_v3,6249,72312448807339564,0,perception.lidar_detection_filter,proc_enter,83380955404288,2353098,2353243
202607191734,e2e_trace_v3,6250,72312448807339564,0,perception.lidar_detection_filter,output_pub,83380955561664,2353098,2353243
202607191734,e2e_trace_v3,6264,72312448807339565,0,perception.lidar_detection_filter,proc_enter,83381061801632,2353098,2353254
202607191734,e2e_trace_v3,6265,72312448807339565,0,perception.lidar_detection_filter,output_pub,83381062018432,2353098,2353254
202607191734,e2e_trace_v3,6281,72312448807339566,0,perception.lidar_detection_filter,proc_enter,83381177976512,2353098,2353256
202607191734,e2e_trace_v3,6282,72312448807339566,0,perception.lidar_detection_filter,output_pub,83381178340384,2353098,2353256
202607191734,e2e_trace_v3,6298,72312448807339567,0,perception.lidar_detection_filter,proc_enter,83381282667712,2353098,2353253
202607191734,e2e_trace_v3,6299,72312448807339567,0,perception.lidar_detection_filter,output_pub,83381282785952,2353098,2353253
202607191734,e2e_trace_v3,6317,72312448807339568,0,perception.lidar_detection_filter,proc_enter,83381405529344,2353098,2353248
202607191734,e2e_trace_v3,6318,72312448807339568,0,perception.lidar_detection_filter,output_pub,83381405841536,2353098,2353248
202607191734,e2e_trace_v3,6334,72312448807339569,0,perception.lidar_detection_filter,proc_enter,83381513374112,2353098,2353243
202607191734,e2e_trace_v3,6335,72312448807339569,0,perception.lidar_detection_filter,output_pub,83381513650048,2353098,2353243
202607191734,e2e_trace_v3,6353,72312448807339570,0,perception.lidar_detection_filter,proc_enter,83381633874112,2353098,2353246
202607191734,e2e_trace_v3,6354,72312448807339570,0,perception.lidar_detection_filter,output_pub,83381634113024,2353098,2353246
202607191734,e2e_trace_v3,6374,72312448807339571,0,perception.lidar_detection_filter,proc_enter,83381745111840,2353098,2353251
202607191734,e2e_trace_v3,6375,72312448807339571,0,perception.lidar_detection_filter,output_pub,83381745383648,2353098,2353251
202607191734,e2e_trace_v3,6389,72312448807339572,0,perception.lidar_detection_filter,proc_enter,83381851501248,2353098,2353245
202607191734,e2e_trace_v3,6390,72312448807339572,0,perception.lidar_detection_filter,output_pub,83381851626784,2353098,2353245
202607191734,e2e_trace_v3,6409,72312448807339573,0,perception.lidar_detection_filter,proc_enter,83381966032800,2353098,2353248
202607191734,e2e_trace_v3,6411,72312448807339573,0,perception.lidar_detection_filter,output_pub,83381966177056,2353098,2353248
202607191734,e2e_trace_v3,6417,72312448807339574,0,perception.lidar_detection_filter,proc_enter,83382048787552,2353098,2353244
202607191734,e2e_trace_v3,6418,72312448807339574,0,perception.lidar_detection_filter,output_pub,83382049010688,2353098,2353244
202607191734,e2e_trace_v3,6434,72312448807339575,0,perception.lidar_detection_filter,proc_enter,83382164899680,2353098,2353256
202607191734,e2e_trace_v3,6436,72312448807339575,0,perception.lidar_detection_filter,output_pub,83382165100832,2353098,2353256
202607191734,e2e_trace_v3,6449,72312448807339576,0,perception.lidar_detection_filter,proc_enter,83382278568352,2353098,2353256
202607191734,e2e_trace_v3,6450,72312448807339576,0,perception.lidar_detection_filter,output_pub,83382278746720,2353098,2353256
202607191734,e2e_trace_v3,6465,72312448807339577,0,perception.lidar_detection_filter,proc_enter,83382379587232,2353098,2353250
202607191734,e2e_trace_v3,6466,72312448807339577,0,perception.lidar_detection_filter,output_pub,83382379812672,2353098,2353250
202607191734,e2e_trace_v3,6482,72312448807339578,0,perception.lidar_detection_filter,proc_enter,83382499886944,2353098,2353250
202607191734,e2e_trace_v3,6483,72312448807339578,0,perception.lidar_detection_filter,output_pub,83382500119776,2353098,2353250
202607191734,e2e_trace_v3,6501,72312448807339579,0,perception.lidar_detection_filter,proc_enter,83382645819040,2353098,2353254
202607191734,e2e_trace_v3,6502,72312448807339579,0,perception.lidar_detection_filter,output_pub,83382646097056,2353098,2353254
202607191734,e2e_trace_v3,6518,72312448807339580,0,perception.lidar_detection_filter,proc_enter,83382772728672,2353098,2353245
202607191734,e2e_trace_v3,6519,72312448807339580,0,perception.lidar_detection_filter,output_pub,83382773016768,2353098,2353245
202607191734,e2e_trace_v3,6536,72312448807339581,0,perception.lidar_detection_filter,proc_enter,83382888879904,2353098,2353254
202607191734,e2e_trace_v3,6537,72312448807339581,0,perception.lidar_detection_filter,output_pub,83382889014048,2353098,2353254
202607191734,e2e_trace_v3,6553,72312448807339582,0,perception.lidar_detection_filter,proc_enter,83383001177760,2353098,2353242
202607191734,e2e_trace_v3,6555,72312448807339582,0,perception.lidar_detection_filter,output_pub,83383001318944,2353098,2353242
202607191734,e2e_trace_v3,6563,72312448807339583,0,perception.lidar_detection_filter,proc_enter,83383087629664,2353098,2353254
202607191734,e2e_trace_v3,6564,72312448807339583,0,perception.lidar_detection_filter,output_pub,83383087759360,2353098,2353254
202607191734,e2e_trace_v3,6582,72312448807339584,0,perception.lidar_detection_filter,proc_enter,83383200105504,2353098,2353248
202607191734,e2e_trace_v3,6583,72312448807339584,0,perception.lidar_detection_filter,output_pub,83383200360416,2353098,2353248
202607191734,e2e_trace_v3,6596,72312448807339585,0,perception.lidar_detection_filter,proc_enter,83383315102496,2353098,2353248
202607191734,e2e_trace_v3,6597,72312448807339585,0,perception.lidar_detection_filter,output_pub,83383315364352,2353098,2353248
202607191734,e2e_trace_v3,6613,72312448807339586,0,perception.lidar_detection_filter,proc_enter,83383416428192,2353098,2353253
202607191734,e2e_trace_v3,6615,72312448807339586,0,perception.lidar_detection_filter,output_pub,83383416636352,2353098,2353253
202607191734,e2e_trace_v3,6628,72312448807339587,0,perception.lidar_detection_filter,proc_enter,83383521745696,2353098,2353244
202607191734,e2e_trace_v3,6629,72312448807339587,0,perception.lidar_detection_filter,output_pub,83383521880160,2353098,2353244
202607191734,e2e_trace_v3,6646,72312448807339588,0,perception.lidar_detection_filter,proc_enter,83383626656928,2353098,2353247
202607191734,e2e_trace_v3,6647,72312448807339588,0,perception.lidar_detection_filter,output_pub,83383626913056,2353098,2353247
202607191734,e2e_trace_v3,6660,72312448807339589,0,perception.lidar_detection_filter,proc_enter,83383737915520,2353098,2353244
202607191734,e2e_trace_v3,6661,72312448807339589,0,perception.lidar_detection_filter,output_pub,83383738172448,2353098,2353244
202607191734,e2e_trace_v3,6682,72312448807339590,0,perception.lidar_detection_filter,proc_enter,83383854915840,2353098,2353249
202607191734,e2e_trace_v3,6683,72312448807339590,0,perception.lidar_detection_filter,output_pub,83383855043296,2353098,2353249
202607191734,e2e_trace_v3,6697,72312448807339591,0,perception.lidar_detection_filter,proc_enter,83383957029088,2353098,2353247
202607191734,e2e_trace_v3,6698,72312448807339591,0,perception.lidar_detection_filter,output_pub,83383957172640,2353098,2353247
202607191734,e2e_trace_v3,6716,72312448807339592,0,perception.lidar_detection_filter,proc_enter,83384078284896,2353098,2353248
202607191734,e2e_trace_v3,6717,72312448807339592,0,perception.lidar_detection_filter,output_pub,83384078490272,2353098,2353248
202607191734,e2e_trace_v3,6735,72312448807339593,0,perception.lidar_detection_filter,proc_enter,83384185968800,2353098,2353251
202607191734,e2e_trace_v3,6736,72312448807339593,0,perception.lidar_detection_filter,output_pub,83384186098336,2353098,2353251
202607191734,e2e_trace_v3,6748,72312448807339594,0,perception.lidar_detection_filter,proc_enter,83384292428192,2353098,2353251
202607191734,e2e_trace_v3,6750,72312448807339594,0,perception.lidar_detection_filter,output_pub,83384293419840,2353098,2353251
202607191734,e2e_trace_v3,6765,72312448807339595,0,perception.lidar_detection_filter,proc_enter,83384398667136,2353098,2353243
202607191734,e2e_trace_v3,6766,72312448807339595,0,perception.lidar_detection_filter,output_pub,83384398845184,2353098,2353243
202607191734,e2e_trace_v3,6787,72312448807339596,0,perception.lidar_detection_filter,proc_enter,83384573984000,2353098,2353245
202607191734,e2e_trace_v3,6788,72312448807339596,0,perception.lidar_detection_filter,output_pub,83384574158304,2353098,2353245
202607191734,e2e_trace_v3,6801,72312448807339597,0,perception.lidar_detection_filter,proc_enter,83384678311552,2353098,2353256
202607191734,e2e_trace_v3,6802,72312448807339597,0,perception.lidar_detection_filter,output_pub,83384678546144,2353098,2353256
202607191734,e2e_trace_v3,6819,72312448807339598,0,perception.lidar_detection_filter,proc_enter,83384790968352,2353098,2353257
202607191734,e2e_trace_v3,6820,72312448807339598,0,perception.lidar_detection_filter,output_pub,83384791103776,2353098,2353257
202607191734,e2e_trace_v3,6835,72312448807339599,0,perception.lidar_detection_filter,proc_enter,83384902880992,2353098,2353250
202607191734,e2e_trace_v3,6836,72312448807339599,0,perception.lidar_detection_filter,output_pub,83384903109280,2353098,2353250
202607191734,e2e_trace_v3,6847,72312448807339600,0,perception.lidar_detection_filter,proc_enter,83384994720992,2353098,2353246
202607191734,e2e_trace_v3,6848,72312448807339600,0,perception.lidar_detection_filter,output_pub,83384995044128,2353098,2353246
202607191734,e2e_trace_v3,6864,72312448807339601,0,perception.lidar_detection_filter,proc_enter,83385107527488,2353098,2353248
202607191734,e2e_trace_v3,6865,72312448807339601,0,perception.lidar_detection_filter,output_pub,83385107707328,2353098,2353248
202607191734,e2e_trace_v3,6881,72312448807339602,0,perception.lidar_detection_filter,proc_enter,83385224420832,2353098,2353256
202607191734,e2e_trace_v3,6882,72312448807339602,0,perception.lidar_detection_filter,output_pub,83385224553248,2353098,2353256
202607191734,e2e_trace_v3,6900,72312448807339603,0,perception.lidar_detection_filter,proc_enter,83385337174272,2353098,2353246
202607191734,e2e_trace_v3,6901,72312448807339603,0,perception.lidar_detection_filter,output_pub,83385337388128,2353098,2353246
202607191734,e2e_trace_v3,6917,72312448807339604,0,perception.lidar_detection_filter,proc_enter,83385455504192,2353098,2353254
202607191734,e2e_trace_v3,6918,72312448807339604,0,perception.lidar_detection_filter,output_pub,83385455685536,2353098,2353254
202607191734,e2e_trace_v3,6940,72312448807339605,0,perception.lidar_detection_filter,proc_enter,83385572330720,2353098,2353243
202607191734,e2e_trace_v3,6941,72312448807339605,0,perception.lidar_detection_filter,output_pub,83385572669984,2353098,2353243
202607191734,e2e_trace_v3,6949,72312448807339606,0,perception.lidar_detection_filter,proc_enter,83385666800576,2353098,2353245
202607191734,e2e_trace_v3,6950,72312448807339606,0,perception.lidar_detection_filter,output_pub,83385667130016,2353098,2353245
202607191734,e2e_trace_v3,6965,72312448807339607,0,perception.lidar_detection_filter,proc_enter,83385780320768,2353098,2353243
202607191734,e2e_trace_v3,6966,72312448807339607,0,perception.lidar_detection_filter,output_pub,83385780567168,2353098,2353243
202607191734,e2e_trace_v3,6987,72312448807339608,0,perception.lidar_detection_filter,proc_enter,83385896305248,2353098,2353251
202607191734,e2e_trace_v3,6988,72312448807339608,0,perception.lidar_detection_filter,output_pub,83385896562048,2353098,2353251
202607191734,e2e_trace_v3,7004,72312448807339609,0,perception.lidar_detection_filter,proc_enter,83386006656256,2353098,2353244
202607191734,e2e_trace_v3,7005,72312448807339609,0,perception.lidar_detection_filter,output_pub,83386006837216,2353098,2353244
202607191734,e2e_trace_v3,7020,72312448807339610,0,perception.lidar_detection_filter,proc_enter,83386108411616,2353098,2353257
202607191734,e2e_trace_v3,7021,72312448807339610,0,perception.lidar_detection_filter,output_pub,83386108620096,2353098,2353257
202607191734,e2e_trace_v3,7034,72312448807339611,0,perception.lidar_detection_filter,proc_enter,83386219735360,2353098,2353247
202607191734,e2e_trace_v3,7035,72312448807339611,0,perception.lidar_detection_filter,output_pub,83386220021664,2353098,2353247
202607191734,e2e_trace_v3,7052,72312448807339612,0,perception.lidar_detection_filter,proc_enter,83386333743872,2353098,2353242
202607191734,e2e_trace_v3,7053,72312448807339612,0,perception.lidar_detection_filter,output_pub,83386333863264,2353098,2353242
202607191734,e2e_trace_v3,7070,72312448807339613,0,perception.lidar_detection_filter,proc_enter,83386443967424,2353098,2353244
202607191734,e2e_trace_v3,7071,72312448807339613,0,perception.lidar_detection_filter,output_pub,83386444064640,2353098,2353244
202607191734,e2e_trace_v3,7079,72312448807339614,0,perception.lidar_detection_filter,proc_enter,83386544633536,2353098,2353255
202607191734,e2e_trace_v3,7081,72312448807339614,0,perception.lidar_detection_filter,output_pub,83386544832704,2353098,2353255
202607191734,e2e_trace_v3,7101,72312448807339615,0,perception.lidar_detection_filter,proc_enter,83386649986912,2353098,2353257
202607191734,e2e_trace_v3,7102,72312448807339615,0,perception.lidar_detection_filter,output_pub,83386650289952,2353098,2353257
202607191734,e2e_trace_v3,7120,72312448807339616,0,perception.lidar_detection_filter,proc_enter,83386767309760,2353098,2353246
202607191734,e2e_trace_v3,7121,72312448807339616,0,perception.lidar_detection_filter,output_pub,83386767670304,2353098,2353246
202607191734,e2e_trace_v3,7136,72312448807339617,0,perception.lidar_detection_filter,proc_enter,83386876998912,2353098,2353245
202607191734,e2e_trace_v3,7137,72312448807339617,0,perception.lidar_detection_filter,output_pub,83386877242496,2353098,2353245
202607191734,e2e_trace_v3,7152,72312448807339618,0,perception.lidar_detection_filter,proc_enter,83386991202560,2353098,2353255
202607191734,e2e_trace_v3,7153,72312448807339618,0,perception.lidar_detection_filter,output_pub,83386991361408,2353098,2353255
202607191734,e2e_trace_v3,7167,72312448807339619,0,perception.lidar_detection_filter,proc_enter,83387095164096,2353098,2353247
202607191734,e2e_trace_v3,7168,72312448807339619,0,perception.lidar_detection_filter,output_pub,83387095358368,2353098,2353247
202607191734,e2e_trace_v3,7181,72312448807339620,0,perception.lidar_detection_filter,proc_enter,83387197176800,2353098,2353245
202607191734,e2e_trace_v3,7182,72312448807339620,0,perception.lidar_detection_filter,output_pub,83387197443296,2353098,2353245
202607191734,e2e_trace_v3,7198,72312448807339621,0,perception.lidar_detection_filter,proc_enter,83387314399712,2353098,2353252
202607191734,e2e_trace_v3,7199,72312448807339621,0,perception.lidar_detection_filter,output_pub,83387314747168,2353098,2353252
202607191734,e2e_trace_v3,7213,72312448807339622,0,perception.lidar_detection_filter,proc_enter,83387417386208,2353098,2353257
202607191734,e2e_trace_v3,7214,72312448807339622,0,perception.lidar_detection_filter,output_pub,83387417684096,2353098,2353257
202607191734,e2e_trace_v3,7239,72312448807339623,0,perception.lidar_detection_filter,proc_enter,83387667071744,2353098,2353255
202607191734,e2e_trace_v3,7240,72312448807339623,0,perception.lidar_detection_filter,output_pub,83387667287744,2353098,2353255
202607191734,e2e_trace_v3,7255,72312448807339624,0,perception.lidar_detection_filter,proc_enter,83387755124640,2353098,2353242
202607191734,e2e_trace_v3,7256,72312448807339624,0,perception.lidar_detection_filter,output_pub,83387755312576,2353098,2353242
202607191734,e2e_trace_v3,7270,72312448807339625,0,perception.lidar_detection_filter,proc_enter,83387853831968,2353098,2353250
202607191734,e2e_trace_v3,7271,72312448807339625,0,perception.lidar_detection_filter,output_pub,83387854098720,2353098,2353250
202607191734,e2e_trace_v3,7288,72312448807339626,0,perception.lidar_detection_filter,proc_enter,83387978366144,2353098,2353256
202607191734,e2e_trace_v3,7289,72312448807339626,0,perception.lidar_detection_filter,output_pub,83387978637760,2353098,2353256
202607191734,e2e_trace_v3,7305,72312448807339627,0,perception.lidar_detection_filter,proc_enter,83388075483584,2353098,2353252
202607191734,e2e_trace_v3,7306,72312448807339627,0,perception.lidar_detection_filter,output_pub,83388075634112,2353098,2353252
202607191734,e2e_trace_v3,7314,72312448807339628,0,perception.lidar_detection_filter,proc_enter,83388164984576,2353098,2353242
202607191734,e2e_trace_v3,7315,72312448807339628,0,perception.lidar_detection_filter,output_pub,83388165136800,2353098,2353242
202607191734,e2e_trace_v3,7333,72312448807339629,0,perception.lidar_detection_filter,proc_enter,83388280833024,2353098,2353257
202607191734,e2e_trace_v3,7334,72312448807339629,0,perception.lidar_detection_filter,output_pub,83388281324416,2353098,2353257
202607191734,e2e_trace_v3,7354,72312448807339630,0,perception.lidar_detection_filter,proc_enter,83388405674880,2353098,2353242
202607191734,e2e_trace_v3,7355,72312448807339630,0,perception.lidar_detection_filter,output_pub,83388405871968,2353098,2353242
202607191734,e2e_trace_v3,7367,72312448807339631,0,perception.lidar_detection_filter,proc_enter,83388516694656,2353098,2353243
202607191734,e2e_trace_v3,7370,72312448807339631,0,perception.lidar_detection_filter,output_pub,83388517053184,2353098,2353243
202607191734,e2e_trace_v3,7383,72312448807339632,0,perception.lidar_detection_filter,proc_enter,83388617351136,2353098,2353251
202607191734,e2e_trace_v3,7385,72312448807339632,0,perception.lidar_detection_filter,output_pub,83388617717856,2353098,2353251
202607191734,e2e_trace_v3,7406,72312448807339633,0,perception.lidar_detection_filter,proc_enter,83388752133792,2353098,2353252
202607191734,e2e_trace_v3,7407,72312448807339633,0,perception.lidar_detection_filter,output_pub,83388752415008,2353098,2353252
202607191734,e2e_trace_v3,7419,72312448807339634,0,perception.lidar_detection_filter,proc_enter,83388845678176,2353098,2353252
202607191734,e2e_trace_v3,7420,72312448807339634,0,perception.lidar_detection_filter,output_pub,83388845900032,2353098,2353252
202607191734,e2e_trace_v3,7436,72312448807339635,0,perception.lidar_detection_filter,proc_enter,83388962102880,2353098,2353243
202607191734,e2e_trace_v3,7437,72312448807339635,0,perception.lidar_detection_filter,output_pub,83388962282944,2353098,2353243
202607191734,e2e_trace_v3,7457,72312448807339636,0,perception.lidar_detection_filter,proc_enter,83389076279872,2353098,2353242
202607191734,e2e_trace_v3,7458,72312448807339636,0,perception.lidar_detection_filter,output_pub,83389076452352,2353098,2353242
202607191734,e2e_trace_v3,7466,72312448807339637,0,perception.lidar_detection_filter,proc_enter,83389166315296,2353098,2353244
202607191734,e2e_trace_v3,7467,72312448807339637,0,perception.lidar_detection_filter,output_pub,83389166493856,2353098,2353244
202607191734,e2e_trace_v3,7483,72312448807339638,0,perception.lidar_detection_filter,proc_enter,83389276229280,2353098,2353245
202607191734,e2e_trace_v3,7484,72312448807339638,0,perception.lidar_detection_filter,output_pub,83389276396096,2353098,2353245
202607191734,e2e_trace_v3,7500,72312448807339639,0,perception.lidar_detection_filter,proc_enter,83389386859712,2353098,2353257
202607191734,e2e_trace_v3,7501,72312448807339639,0,perception.lidar_detection_filter,output_pub,83389387110784,2353098,2353257
202607191734,e2e_trace_v3,7517,72312448807339640,0,perception.lidar_detection_filter,proc_enter,83389506288064,2353098,2353253
202607191734,e2e_trace_v3,7518,72312448807339640,0,perception.lidar_detection_filter,output_pub,83389506501856,2353098,2353253
202607191734,e2e_trace_v3,7534,72312448807339641,0,perception.lidar_detection_filter,proc_enter,83389621018304,2353098,2353251
202607191734,e2e_trace_v3,7535,72312448807339641,0,perception.lidar_detection_filter,output_pub,83389621153664,2353098,2353251
202607191734,e2e_trace_v3,7551,72312448807339642,0,perception.lidar_detection_filter,proc_enter,83389731267616,2353098,2353257
202607191734,e2e_trace_v3,7552,72312448807339642,0,perception.lidar_detection_filter,output_pub,83389731622688,2353098,2353257
202607191734,e2e_trace_v3,7570,72312448807339643,0,perception.lidar_detection_filter,proc_enter,83389854548896,2353098,2353255
202607191734,e2e_trace_v3,7571,72312448807339643,0,perception.lidar_detection_filter,output_pub,83389854676224,2353098,2353255
202607191734,e2e_trace_v3,7593,72312448807339644,0,perception.lidar_detection_filter,proc_enter,83389980562560,2353098,2353245
202607191734,e2e_trace_v3,7594,72312448807339644,0,perception.lidar_detection_filter,output_pub,83389980814848,2353098,2353245
202607191734,e2e_trace_v3,7611,72312448807339645,0,perception.lidar_detection_filter,proc_enter,83390097543424,2353098,2353255
202607191734,e2e_trace_v3,7613,72312448807339645,0,perception.lidar_detection_filter,output_pub,83390097664448,2353098,2353255
202607191734,e2e_trace_v3,7623,72312448807339646,0,perception.lidar_detection_filter,proc_enter,83390182658752,2353098,2353249
202607191734,e2e_trace_v3,7624,72312448807339646,0,perception.lidar_detection_filter,output_pub,83390182940032,2353098,2353249
202607191734,e2e_trace_v3,7639,72312448807339647,0,perception.lidar_detection_filter,proc_enter,83390284879904,2353098,2353255
202607191734,e2e_trace_v3,7640,72312448807339647,0,perception.lidar_detection_filter,output_pub,83390285034752,2353098,2353255
202607191734,e2e_trace_v3,7654,72312448807339648,0,perception.lidar_detection_filter,proc_enter,83390402014496,2353098,2353253
202607191734,e2e_trace_v3,7655,72312448807339648,0,perception.lidar_detection_filter,output_pub,83390402249792,2353098,2353253
202607191734,e2e_trace_v3,7670,72312448807339649,0,perception.lidar_detection_filter,proc_enter,83390513629856,2353098,2353253
202607191734,e2e_trace_v3,7671,72312448807339649,0,perception.lidar_detection_filter,output_pub,83390513803232,2353098,2353253
202607191734,e2e_trace_v3,7696,72312448807339650,0,perception.lidar_detection_filter,proc_enter,83390658168512,2353098,2353247
202607191734,e2e_trace_v3,7698,72312448807339650,0,perception.lidar_detection_filter,output_pub,83390658320000,2353098,2353247
202607191734,e2e_trace_v3,7712,72312448807339651,0,perception.lidar_detection_filter,proc_enter,83390754314656,2353098,2353243
202607191734,e2e_trace_v3,7713,72312448807339651,0,perception.lidar_detection_filter,output_pub,83390754606432,2353098,2353243
202607191734,e2e_trace_v3,7730,72312448807339652,0,perception.lidar_detection_filter,proc_enter,83390879741408,2353098,2353244
202607191734,e2e_trace_v3,7732,72312448807339652,0,perception.lidar_detection_filter,output_pub,83390880048160,2353098,2353244
202607191734,e2e_trace_v3,7747,72312448807339653,0,perception.lidar_detection_filter,proc_enter,83390983698592,2353098,2353247
202607191734,e2e_trace_v3,7749,72312448807339653,0,perception.lidar_detection_filter,output_pub,83390984129536,2353098,2353247
202607191734,e2e_trace_v3,7763,72312448807339654,0,perception.lidar_detection_filter,proc_enter,83391071056512,2353098,2353243
202607191734,e2e_trace_v3,7764,72312448807339654,0,perception.lidar_detection_filter,output_pub,83391071294272,2353098,2353243
202607191734,e2e_trace_v3,7782,72312448807339655,0,perception.lidar_detection_filter,proc_enter,83391192936800,2353098,2353245
202607191734,e2e_trace_v3,7783,72312448807339655,0,perception.lidar_detection_filter,output_pub,83391193510592,2353098,2353245
202607191734,e2e_trace_v3,7793,72312448807339656,0,perception.lidar_detection_filter,proc_enter,83391276998976,2353098,2353253
202607191734,e2e_trace_v3,7794,72312448807339656,0,perception.lidar_detection_filter,output_pub,83391277295648,2353098,2353253
202607191734,e2e_trace_v3,7806,72312448807339657,0,perception.lidar_detection_filter,proc_enter,83391377667808,2353098,2353250
202607191734,e2e_trace_v3,7807,72312448807339657,0,perception.lidar_detection_filter,output_pub,83391378322528,2353098,2353250
202607191734,e2e_trace_v3,7823,72312448807339658,0,perception.lidar_detection_filter,proc_enter,83391499950368,2353098,2353257
202607191734,e2e_trace_v3,7825,72312448807339658,0,perception.lidar_detection_filter,output_pub,83391500382336,2353098,2353257
202607191734,e2e_trace_v3,7846,72312448807339659,0,perception.lidar_detection_filter,proc_enter,83391627854080,2353098,2353255
202607191734,e2e_trace_v3,7847,72312448807339659,0,perception.lidar_detection_filter,output_pub,83391627973472,2353098,2353255
202607191734,e2e_trace_v3,7863,72312448807339660,0,perception.lidar_detection_filter,proc_enter,83391745763712,2353098,2353257
202607191734,e2e_trace_v3,7865,72312448807339660,0,perception.lidar_detection_filter,output_pub,83391746002176,2353098,2353257
202607191734,e2e_trace_v3,7871,72312448807339661,0,perception.lidar_detection_filter,proc_enter,83391830463200,2353098,2353250
202607191734,e2e_trace_v3,7872,72312448807339661,0,perception.lidar_detection_filter,output_pub,83391830742560,2353098,2353250
202607191734,e2e_trace_v3,7896,72312448807339662,0,perception.lidar_detection_filter,proc_enter,83391970570624,2353098,2353254
202607191734,e2e_trace_v3,7897,72312448807339662,0,perception.lidar_detection_filter,output_pub,83391970915456,2353098,2353254
202607191734,e2e_trace_v3,7913,72312448807339663,0,perception.lidar_detection_filter,proc_enter,83392070749792,2353098,2353255
202607191734,e2e_trace_v3,7914,72312448807339663,0,perception.lidar_detection_filter,output_pub,83392071012864,2353098,2353255
202607191734,e2e_trace_v3,7930,72312448807339664,0,perception.lidar_detection_filter,proc_enter,83392175344768,2353098,2353257
202607191734,e2e_trace_v3,7931,72312448807339664,0,perception.lidar_detection_filter,output_pub,83392175501408,2353098,2353257
202607191734,e2e_trace_v3,7941,72312448807339665,0,perception.lidar_detection_filter,proc_enter,83392264404064,2353098,2353256
202607191734,e2e_trace_v3,7942,72312448807339665,0,perception.lidar_detection_filter,output_pub,83392264602176,2353098,2353256
202607191734,e2e_trace_v3,7956,72312448807339666,0,perception.lidar_detection_filter,proc_enter,83392367074272,2353098,2353257
202607191734,e2e_trace_v3,7957,72312448807339666,0,perception.lidar_detection_filter,output_pub,83392367342656,2353098,2353257
202607191734,e2e_trace_v3,7975,72312448807339667,0,perception.lidar_detection_filter,proc_enter,83392482381056,2353098,2353254
202607191734,e2e_trace_v3,7976,72312448807339667,0,perception.lidar_detection_filter,output_pub,83392482549216,2353098,2353254
202607191734,e2e_trace_v3,7991,72312448807339668,0,perception.lidar_detection_filter,proc_enter,83392592853984,2353098,2353245
202607191734,e2e_trace_v3,7993,72312448807339668,0,perception.lidar_detection_filter,output_pub,83392593033440,2353098,2353245
202607191734,e2e_trace_v3,8006,72312448807339669,0,perception.lidar_detection_filter,proc_enter,83392702730624,2353098,2353250
202607191734,e2e_trace_v3,8007,72312448807339669,0,perception.lidar_detection_filter,output_pub,83392702868672,2353098,2353250
202607191734,e2e_trace_v3,8029,72312448807339670,0,perception.lidar_detection_filter,proc_enter,83392821473696,2353098,2353251
202607191734,e2e_trace_v3,8030,72312448807339670,0,perception.lidar_detection_filter,output_pub,83392821677568,2353098,2353251
202607191734,e2e_trace_v3,8044,72312448807339671,0,perception.lidar_detection_filter,proc_enter,83392932197248,2353098,2353251
202607191734,e2e_trace_v3,8045,72312448807339671,0,perception.lidar_detection_filter,output_pub,83392932356128,2353098,2353251
202607191734,e2e_trace_v3,8059,72312448807339672,0,perception.lidar_detection_filter,proc_enter,83393030904736,2353098,2353250
202607191734,e2e_trace_v3,8060,72312448807339672,0,perception.lidar_detection_filter,output_pub,83393031116192,2353098,2353250
202607191734,e2e_trace_v3,8080,72312448807339673,0,perception.lidar_detection_filter,proc_enter,83393148473312,2353098,2353252
202607191734,e2e_trace_v3,8081,72312448807339673,0,perception.lidar_detection_filter,output_pub,83393148742080,2353098,2353252
202607191734,e2e_trace_v3,8098,72312448807339674,0,perception.lidar_detection_filter,proc_enter,83393257195744,2353098,2353242
202607191734,e2e_trace_v3,8100,72312448807339674,0,perception.lidar_detection_filter,output_pub,83393257390496,2353098,2353242
202607191734,e2e_trace_v3,8108,72312448807339675,0,perception.lidar_detection_filter,proc_enter,83393342510208,2353098,2353250
202607191734,e2e_trace_v3,8109,72312448807339675,0,perception.lidar_detection_filter,output_pub,83393342794624,2353098,2353250
202607191734,e2e_trace_v3,8125,72312448807339676,0,perception.lidar_detection_filter,proc_enter,83393455839936,2353098,2353242
202607191734,e2e_trace_v3,8126,72312448807339676,0,perception.lidar_detection_filter,output_pub,83393456028416,2353098,2353242
202607191734,e2e_trace_v3,8148,72312448807339677,0,perception.lidar_detection_filter,proc_enter,83393585305952,2353098,2353245
202607191734,e2e_trace_v3,8149,72312448807339677,0,perception.lidar_detection_filter,output_pub,83393585595520,2353098,2353245
202607191734,e2e_trace_v3,8165,72312448807339678,0,perception.lidar_detection_filter,proc_enter,83393686994912,2353098,2353244
202607191734,e2e_trace_v3,8166,72312448807339678,0,perception.lidar_detection_filter,output_pub,83393687119904,2353098,2353244
202607191734,e2e_trace_v3,8178,72312448807339679,0,perception.lidar_detection_filter,proc_enter,83393784497056,2353098,2353255
202607191734,e2e_trace_v3,8179,72312448807339679,0,perception.lidar_detection_filter,output_pub,83393784690624,2353098,2353255
202607191734,e2e_trace_v3,8195,72312448807339680,0,perception.lidar_detection_filter,proc_enter,83393893108032,2353098,2353256
202607191734,e2e_trace_v3,8196,72312448807339680,0,perception.lidar_detection_filter,output_pub,83393893738400,2353098,2353256
202607191734,e2e_trace_v3,8216,72312448807339681,0,perception.lidar_detection_filter,proc_enter,83394011304128,2353098,2353249
202607191734,e2e_trace_v3,8217,72312448807339681,0,perception.lidar_detection_filter,output_pub,83394011399776,2353098,2353249
202607191734,e2e_trace_v3,8233,72312448807339682,0,perception.lidar_detection_filter,proc_enter,83394114298336,2353098,2353243
202607191734,e2e_trace_v3,8234,72312448807339682,0,perception.lidar_detection_filter,output_pub,83394114462368,2353098,2353243
202607191734,e2e_trace_v3,8251,72312448807339683,0,perception.lidar_detection_filter,proc_enter,83394226912224,2353098,2353245
202607191734,e2e_trace_v3,8253,72312448807339683,0,perception.lidar_detection_filter,output_pub,83394227171552,2353098,2353245
202607191734,e2e_trace_v3,8260,72312448807339684,0,perception.lidar_detection_filter,proc_enter,83394312003072,2353098,2353257
202607191734,e2e_trace_v3,8261,72312448807339684,0,perception.lidar_detection_filter,output_pub,83394312223776,2353098,2353257
202607191734,e2e_trace_v3,8274,72312448807339685,0,perception.lidar_detection_filter,proc_enter,83394419848288,2353098,2353247
202607191734,e2e_trace_v3,8275,72312448807339685,0,perception.lidar_detection_filter,output_pub,83394420280640,2353098,2353247
202607191734,e2e_trace_v3,8294,72312448807339686,0,perception.lidar_detection_filter,proc_enter,83394541988256,2353098,2353251
202607191734,e2e_trace_v3,8295,72312448807339686,0,perception.lidar_detection_filter,output_pub,83394542831904,2353098,2353251
202607191734,e2e_trace_v3,8315,72312448807339687,0,perception.lidar_detection_filter,proc_enter,83394658830176,2353098,2353256
202607191734,e2e_trace_v3,8316,72312448807339687,0,perception.lidar_detection_filter,output_pub,83394659211360,2353098,2353256
202607191734,e2e_trace_v3,8326,72312448807339688,0,perception.lidar_detection_filter,proc_enter,83394760008288,2353098,2353249
202607191734,e2e_trace_v3,8327,72312448807339688,0,perception.lidar_detection_filter,output_pub,83394760454976,2353098,2353249
202607191734,e2e_trace_v3,8343,72312448807339689,0,perception.lidar_detection_filter,proc_enter,83394888153760,2353098,2353243
202607191734,e2e_trace_v3,8344,72312448807339689,0,perception.lidar_detection_filter,output_pub,83394888414560,2353098,2353243
202607191734,e2e_trace_v3,8366,72312448807339690,0,perception.lidar_detection_filter,proc_enter,83395012819808,2353098,2353254
202607191734,e2e_trace_v3,8367,72312448807339690,0,perception.lidar_detection_filter,output_pub,83395013386432,2353098,2353254
202607191734,e2e_trace_v3,8377,72312448807339691,0,perception.lidar_detection_filter,proc_enter,83395119768256,2353098,2353242
202607191734,e2e_trace_v3,8378,72312448807339691,0,perception.lidar_detection_filter,output_pub,83395119891360,2353098,2353242
202607191734,e2e_trace_v3,8400,72312448807339692,0,perception.lidar_detection_filter,proc_enter,83395238803040,2353098,2353253
202607191734,e2e_trace_v3,8401,72312448807339692,0,perception.lidar_detection_filter,output_pub,83395238924384,2353098,2353253
202607191734,e2e_trace_v3,8415,72312448807339693,0,perception.lidar_detection_filter,proc_enter,83395340112448,2353098,2353243
202607191734,e2e_trace_v3,8416,72312448807339693,0,perception.lidar_detection_filter,output_pub,83395340255808,2353098,2353243
202607191734,e2e_trace_v3,8426,72312448807339694,0,perception.lidar_detection_filter,proc_enter,83395433320224,2353098,2353248
202607191734,e2e_trace_v3,8427,72312448807339694,0,perception.lidar_detection_filter,output_pub,83395433522144,2353098,2353248
202607191734,e2e_trace_v3,8445,72312448807339695,0,perception.lidar_detection_filter,proc_enter,83395549222816,2353098,2353247
202607191734,e2e_trace_v3,8446,72312448807339695,0,perception.lidar_detection_filter,output_pub,83395549722400,2353098,2353247
202607191734,e2e_trace_v3,8461,72312448807339696,0,perception.lidar_detection_filter,proc_enter,83395657517088,2353098,2353245
202607191734,e2e_trace_v3,8462,72312448807339696,0,perception.lidar_detection_filter,output_pub,83395657683840,2353098,2353245
202607191734,e2e_trace_v3,8475,72312448807339697,0,perception.lidar_detection_filter,proc_enter,83395766813952,2353098,2353254
202607191734,e2e_trace_v3,8476,72312448807339697,0,perception.lidar_detection_filter,output_pub,83395766971904,2353098,2353254
202607191734,e2e_trace_v3,8494,72312448807339698,0,perception.lidar_detection_filter,proc_enter,83395881161184,2353098,2353250
202607191734,e2e_trace_v3,8495,72312448807339698,0,perception.lidar_detection_filter,output_pub,83395881295840,2353098,2353250
202607191734,e2e_trace_v3,8513,72312448807339699,0,perception.lidar_detection_filter,proc_enter,83395999783488,2353098,2353255
202607191734,e2e_trace_v3,8514,72312448807339699,0,perception.lidar_detection_filter,output_pub,83396000021152,2353098,2353255
202607191734,e2e_trace_v3,8530,72312448807339700,0,perception.lidar_detection_filter,proc_enter,83396111305920,2353098,2353249
202607191734,e2e_trace_v3,8531,72312448807339700,0,perception.lidar_detection_filter,output_pub,83396111563776,2353098,2353249
202607191734,e2e_trace_v3,8545,72312448807339701,0,perception.lidar_detection_filter,proc_enter,83396205280576,2353098,2353250
202607191734,e2e_trace_v3,8546,72312448807339701,0,perception.lidar_detection_filter,output_pub,83396205610144,2353098,2353250
202607191734,e2e_trace_v3,8562,72312448807339702,0,perception.lidar_detection_filter,proc_enter,83396314076448,2353098,2353243
202607191734,e2e_trace_v3,8563,72312448807339702,0,perception.lidar_detection_filter,output_pub,83396314227552,2353098,2353243
202607191734,e2e_trace_v3,8577,72312448807339703,0,perception.lidar_detection_filter,proc_enter,83396415968512,2353098,2353257
202607191734,e2e_trace_v3,8578,72312448807339703,0,perception.lidar_detection_filter,output_pub,83396416085760,2353098,2353257
202607191734,e2e_trace_v3,8594,72312448807339704,0,perception.lidar_detection_filter,proc_enter,83396522140512,2353098,2353243
202607191734,e2e_trace_v3,8595,72312448807339704,0,perception.lidar_detection_filter,output_pub,83396522321408,2353098,2353243
202607191734,e2e_trace_v3,8615,72312448807339705,0,perception.lidar_detection_filter,proc_enter,83396641435360,2353098,2353256
202607191734,e2e_trace_v3,8616,72312448807339705,0,perception.lidar_detection_filter,output_pub,83396642020832,2353098,2353256
202607191734,e2e_trace_v3,8632,72312448807339706,0,perception.lidar_detection_filter,proc_enter,83396758670528,2353098,2353246
202607191734,e2e_trace_v3,8633,72312448807339706,0,perception.lidar_detection_filter,output_pub,83396758826016,2353098,2353246
202607191734,e2e_trace_v3,8649,72312448807339707,0,perception.lidar_detection_filter,proc_enter,83396856917504,2353098,2353243
202607191734,e2e_trace_v3,8650,72312448807339707,0,perception.lidar_detection_filter,output_pub,83396857144576,2353098,2353243
202607191734,e2e_trace_v3,8662,72312448807339708,0,perception.lidar_detection_filter,proc_enter,83396960081888,2353098,2353243
202607191734,e2e_trace_v3,8663,72312448807339708,0,perception.lidar_detection_filter,output_pub,83396960316800,2353098,2353243
202607191734,e2e_trace_v3,8683,72312448807339709,0,perception.lidar_detection_filter,proc_enter,83397083311744,2353098,2353242
202607191734,e2e_trace_v3,8684,72312448807339709,0,perception.lidar_detection_filter,output_pub,83397083772736,2353098,2353242
202607191734,e2e_trace_v3,8700,72312448807339710,0,perception.lidar_detection_filter,proc_enter,83397190648576,2353098,2353256
202607191734,e2e_trace_v3,8701,72312448807339710,0,perception.lidar_detection_filter,output_pub,83397190946176,2353098,2353256
202607191734,e2e_trace_v3,8718,72312448807339711,0,perception.lidar_detection_filter,proc_enter,83397311212256,2353098,2353255
202607191734,e2e_trace_v3,8720,72312448807339711,0,perception.lidar_detection_filter,output_pub,83397311328704,2353098,2353255
202607191734,e2e_trace_v3,8734,72312448807339712,0,perception.lidar_detection_filter,proc_enter,83397402984416,2353098,2353252
202607191734,e2e_trace_v3,8735,72312448807339712,0,perception.lidar_detection_filter,output_pub,83397403481920,2353098,2353252
202607191734,e2e_trace_v3,8752,72312448807339713,0,perception.lidar_detection_filter,proc_enter,83397511858400,2353098,2353249
202607191734,e2e_trace_v3,8754,72312448807339713,0,perception.lidar_detection_filter,output_pub,83397512059520,2353098,2353249
202607191734,e2e_trace_v3,8763,72312448807339714,0,perception.lidar_detection_filter,proc_enter,83397604548704,2353098,2353251
202607191734,e2e_trace_v3,8764,72312448807339714,0,perception.lidar_detection_filter,output_pub,83397605081632,2353098,2353251
202607191734,e2e_trace_v3,8780,72312448807339715,0,perception.lidar_detection_filter,proc_enter,83397716795392,2353098,2353242
202607191734,e2e_trace_v3,8781,72312448807339715,0,perception.lidar_detection_filter,output_pub,83397716955200,2353098,2353242
202607191734,e2e_trace_v3,8799,72312448807339716,0,perception.lidar_detection_filter,proc_enter,83397824620576,2353098,2353244
202607191734,e2e_trace_v3,8800,72312448807339716,0,perception.lidar_detection_filter,output_pub,83397824906176,2353098,2353244
202607191734,e2e_trace_v3,8817,72312448807339717,0,perception.lidar_detection_filter,proc_enter,83397947353600,2353098,2353249
202607191734,e2e_trace_v3,8819,72312448807339717,0,perception.lidar_detection_filter,output_pub,83397947599296,2353098,2353249
202607191734,e2e_trace_v3,8834,72312448807339718,0,perception.lidar_detection_filter,proc_enter,83398041942496,2353098,2353243
202607191734,e2e_trace_v3,8836,72312448807339718,0,perception.lidar_detection_filter,output_pub,83398042666208,2353098,2353243
202607191734,e2e_trace_v3,8850,72312448807339719,0,perception.lidar_detection_filter,proc_enter,83398134896544,2353098,2353254
202607191734,e2e_trace_v3,8851,72312448807339719,0,perception.lidar_detection_filter,output_pub,83398135127168,2353098,2353254
202607191734,e2e_trace_v3,8868,72312448807339720,0,perception.lidar_detection_filter,proc_enter,83398250021440,2353098,2353248
202607191734,e2e_trace_v3,8870,72312448807339720,0,perception.lidar_detection_filter,output_pub,83398250649600,2353098,2353248
202607191734,e2e_trace_v3,8885,72312448807339721,0,perception.lidar_detection_filter,proc_enter,83398343563040,2353098,2353243
202607191734,e2e_trace_v3,8887,72312448807339721,0,perception.lidar_detection_filter,output_pub,83398344043392,2353098,2353243
202607191734,e2e_trace_v3,8897,72312448807339722,0,perception.lidar_detection_filter,proc_enter,83398437834208,2353098,2353255
202607191734,e2e_trace_v3,8898,72312448807339722,0,perception.lidar_detection_filter,output_pub,83398438111776,2353098,2353255
202607191734,e2e_trace_v3,8919,72312448807339723,0,perception.lidar_detection_filter,proc_enter,83398564924864,2353098,2353253
202607191734,e2e_trace_v3,8921,72312448807339723,0,perception.lidar_detection_filter,output_pub,83398565087744,2353098,2353253
202607191734,e2e_trace_v3,8935,72312448807339724,0,perception.lidar_detection_filter,proc_enter,83398658530336,2353098,2353257
202607191734,e2e_trace_v3,8936,72312448807339724,0,perception.lidar_detection_filter,output_pub,83398658866752,2353098,2353257
202607191734,e2e_trace_v3,8950,72312448807339725,0,perception.lidar_detection_filter,proc_enter,83398758673120,2353098,2353244
202607191734,e2e_trace_v3,8951,72312448807339725,0,perception.lidar_detection_filter,output_pub,83398759274880,2353098,2353244
202607191734,e2e_trace_v3,8969,72312448807339726,0,perception.lidar_detection_filter,proc_enter,83398871078400,2353098,2353257
202607191734,e2e_trace_v3,8970,72312448807339726,0,perception.lidar_detection_filter,output_pub,83398871446240,2353098,2353257
202607191734,e2e_trace_v3,8986,72312448807339727,0,perception.lidar_detection_filter,proc_enter,83398991872224,2353098,2353252
202607191734,e2e_trace_v3,8989,72312448807339727,0,perception.lidar_detection_filter,output_pub,83398992326144,2353098,2353252
202607191734,e2e_trace_v3,9004,72312448807339728,0,perception.lidar_detection_filter,proc_enter,83399087151552,2353098,2353242
202607191734,e2e_trace_v3,9006,72312448807339728,0,perception.lidar_detection_filter,output_pub,83399087761280,2353098,2353242
202607191734,e2e_trace_v3,9014,72312448807339729,0,perception.lidar_detection_filter,proc_enter,83399177579680,2353098,2353245
202607191734,e2e_trace_v3,9016,72312448807339729,0,perception.lidar_detection_filter,output_pub,83399178160000,2353098,2353245
202607191734,e2e_trace_v3,9038,72312448807339730,0,perception.lidar_detection_filter,proc_enter,83399318273184,2353098,2353253
202607191734,e2e_trace_v3,9040,72312448807339730,0,perception.lidar_detection_filter,output_pub,83399318945728,2353098,2353253
202607191734,e2e_trace_v3,9055,72312448807339731,0,perception.lidar_detection_filter,proc_enter,83399410666400,2353098,2353254
202607191734,e2e_trace_v3,9057,72312448807339731,0,perception.lidar_detection_filter,output_pub,83399410996640,2353098,2353254
202607191734,e2e_trace_v3,9072,72312448807339732,0,perception.lidar_detection_filter,proc_enter,83399510125696,2353098,2353243
202607191734,e2e_trace_v3,9074,72312448807339732,0,perception.lidar_detection_filter,output_pub,83399510514048,2353098,2353243
202607191734,e2e_trace_v3,9082,72312448807339733,0,perception.lidar_detection_filter,proc_enter,83399600183072,2353098,2353247
202607191734,e2e_trace_v3,9083,72312448807339733,0,perception.lidar_detection_filter,output_pub,83399600548960,2353098,2353247
202607191734,e2e_trace_v3,9103,72312448807339734,0,perception.lidar_detection_filter,proc_enter,83399706484896,2353098,2353250
202607191734,e2e_trace_v3,9104,72312448807339734,0,perception.lidar_detection_filter,output_pub,83399706983872,2353098,2353250
202607191734,e2e_trace_v3,9114,72312448807339735,0,perception.lidar_detection_filter,proc_enter,83399825856256,2353098,2353244
202607191734,e2e_trace_v3,9115,72312448807339735,0,perception.lidar_detection_filter,output_pub,83399826912352,2353098,2353244
202607191734,e2e_trace_v3,9140,72312448807339736,0,perception.lidar_detection_filter,proc_enter,83399977018912,2353098,2353248
202607191734,e2e_trace_v3,9142,72312448807339736,0,perception.lidar_detection_filter,output_pub,83399977378272,2353098,2353248
202607191734,e2e_trace_v3,9156,72312448807339737,0,perception.lidar_detection_filter,proc_enter,83400066858816,2353098,2353255
202607191734,e2e_trace_v3,9157,72312448807339737,0,perception.lidar_detection_filter,output_pub,83400067315744,2353098,2353255
202607191734,e2e_trace_v3,9173,72312448807339738,0,perception.lidar_detection_filter,proc_enter,83400180616640,2353098,2353245
202607191734,e2e_trace_v3,9174,72312448807339738,0,perception.lidar_detection_filter,output_pub,83400181384064,2353098,2353245
202607191734,e2e_trace_v3,9192,72312448807339739,0,perception.lidar_detection_filter,proc_enter,83400289179616,2353098,2353257
202607191734,e2e_trace_v3,9193,72312448807339739,0,perception.lidar_detection_filter,output_pub,83400289850560,2353098,2353257
202607191734,e2e_trace_v3,9203,72312448807339740,0,perception.lidar_detection_filter,proc_enter,83400379179744,2353098,2353249
202607191734,e2e_trace_v3,9204,72312448807339740,0,perception.lidar_detection_filter,output_pub,83400379523072,2353098,2353249
202607191734,e2e_trace_v3,9225,72312448807339741,0,perception.lidar_detection_filter,proc_enter,83400508820064,2353098,2353248
202607191734,e2e_trace_v3,9227,72312448807339741,0,perception.lidar_detection_filter,output_pub,83400509302176,2353098,2353248
202607191734,e2e_trace_v3,9241,72312448807339742,0,perception.lidar_detection_filter,proc_enter,83400600864448,2353098,2353249
202607191734,e2e_trace_v3,9242,72312448807339742,0,perception.lidar_detection_filter,output_pub,83400601264416,2353098,2353249
202607191734,e2e_trace_v3,9258,72312448807339743,0,perception.lidar_detection_filter,proc_enter,83400709389728,2353098,2353244
202607191734,e2e_trace_v3,9261,72312448807339743,0,perception.lidar_detection_filter,output_pub,83400709724960,2353098,2353244
202607191734,e2e_trace_v3,9267,72312448807339744,0,perception.lidar_detection_filter,proc_enter,83400800265344,2353098,2353252
202607191734,e2e_trace_v3,9268,72312448807339744,0,perception.lidar_detection_filter,output_pub,83400800604896,2353098,2353252
202607191734,e2e_trace_v3,9289,72312448807339745,0,perception.lidar_detection_filter,proc_enter,83400933562272,2353098,2353257
202607191734,e2e_trace_v3,9290,72312448807339745,0,perception.lidar_detection_filter,output_pub,83400934324800,2353098,2353257
202607191734,e2e_trace_v3,9304,72312448807339746,0,perception.lidar_detection_filter,proc_enter,83401036491488,2353098,2353252
202607191734,e2e_trace_v3,9305,72312448807339746,0,perception.lidar_detection_filter,output_pub,83401037084032,2353098,2353252
202607191734,e2e_trace_v3,9324,72312448807339747,0,perception.lidar_detection_filter,proc_enter,83401165563424,2353098,2353242
202607191734,e2e_trace_v3,9326,72312448807339747,0,perception.lidar_detection_filter,output_pub,83401166175072,2353098,2353242
202607191734,e2e_trace_v3,9340,72312448807339748,0,perception.lidar_detection_filter,proc_enter,83401273268960,2353098,2353257
202607191734,e2e_trace_v3,9343,72312448807339748,0,perception.lidar_detection_filter,output_pub,83401273700992,2353098,2353257
202607191734,e2e_trace_v3,9357,72312448807339749,0,perception.lidar_detection_filter,proc_enter,83401370864192,2353098,2353244
202607191734,e2e_trace_v3,9358,72312448807339749,0,perception.lidar_detection_filter,output_pub,83401371092032,2353098,2353244
202607191734,e2e_trace_v3,9373,72312448807339750,0,perception.lidar_detection_filter,proc_enter,83401465940576,2353098,2353257
202607191734,e2e_trace_v3,9374,72312448807339750,0,perception.lidar_detection_filter,output_pub,83401466059552,2353098,2353257
202607191734,e2e_trace_v3,9385,72312448807339751,0,perception.lidar_detection_filter,proc_enter,83401561780000,2353098,2353252
202607191734,e2e_trace_v3,9386,72312448807339751,0,perception.lidar_detection_filter,output_pub,83401562206624,2353098,2353252
202607191734,e2e_trace_v3,9402,72312448807339752,0,perception.lidar_detection_filter,proc_enter,83401667506144,2353098,2353248
202607191734,e2e_trace_v3,9403,72312448807339752,0,perception.lidar_detection_filter,output_pub,83401668028224,2353098,2353248
202607191734,e2e_trace_v3,9423,72312448807339753,0,perception.lidar_detection_filter,proc_enter,83401782505792,2353098,2353244
202607191734,e2e_trace_v3,9424,72312448807339753,0,perception.lidar_detection_filter,output_pub,83401782767872,2353098,2353244
202607191734,e2e_trace_v3,9441,72312448807339754,0,perception.lidar_detection_filter,proc_enter,83401891218464,2353098,2353243
202607191734,e2e_trace_v3,9442,72312448807339754,0,perception.lidar_detection_filter,output_pub,83401891911264,2353098,2353243
202607191734,e2e_trace_v3,9458,72312448807339755,0,perception.lidar_detection_filter,proc_enter,83401989174912,2353098,2353251
202607191734,e2e_trace_v3,9459,72312448807339755,0,perception.lidar_detection_filter,output_pub,83401989407648,2353098,2353251
202607191734,e2e_trace_v3,9473,72312448807339756,0,perception.lidar_detection_filter,proc_enter,83402091051840,2353098,2353245
202607191734,e2e_trace_v3,9474,72312448807339756,0,perception.lidar_detection_filter,output_pub,83402091454528,2353098,2353245
202607191734,e2e_trace_v3,9493,72312448807339757,0,perception.lidar_detection_filter,proc_enter,83402206051360,2353098,2353251
202607191734,e2e_trace_v3,9495,72312448807339757,0,perception.lidar_detection_filter,output_pub,83402206291552,2353098,2353251
202607191734,e2e_trace_v3,9506,72312448807339758,0,perception.lidar_detection_filter,proc_enter,83402296020640,2353098,2353253
202607191734,e2e_trace_v3,9507,72312448807339758,0,perception.lidar_detection_filter,output_pub,83402296224128,2353098,2353253
202607191734,e2e_trace_v3,9517,72312448807339759,0,perception.lidar_detection_filter,proc_enter,83402396569056,2353098,2353253
202607191734,e2e_trace_v3,9518,72312448807339759,0,perception.lidar_detection_filter,output_pub,83402396735616,2353098,2353253
202607191734,e2e_trace_v3,9543,72312448807339760,0,perception.lidar_detection_filter,proc_enter,83402508989312,2353098,2353247
202607191734,e2e_trace_v3,9544,72312448807339760,0,perception.lidar_detection_filter,output_pub,83402509158720,2353098,2353247
202607191734,e2e_trace_v3,9561,72312448807339761,0,perception.lidar_detection_filter,proc_enter,83402628280896,2353098,2353257
202607191734,e2e_trace_v3,9563,72312448807339761,0,perception.lidar_detection_filter,output_pub,83402628606976,2353098,2353257
202607191734,e2e_trace_v3,9571,72312448807339762,0,perception.lidar_detection_filter,proc_enter,83402723033568,2353098,2353245
202607191734,e2e_trace_v3,9572,72312448807339762,0,perception.lidar_detection_filter,output_pub,83402723466176,2353098,2353245
202607191734,e2e_trace_v3,9594,72312448807339763,0,perception.lidar_detection_filter,proc_enter,83402845086080,2353098,2353254
202607191734,e2e_trace_v3,9595,72312448807339763,0,perception.lidar_detection_filter,output_pub,83402845291520,2353098,2353254
202607191734,e2e_trace_v3,9611,72312448807339764,0,perception.lidar_detection_filter,proc_enter,83402953953280,2353098,2353257
202607191734,e2e_trace_v3,9612,72312448807339764,0,perception.lidar_detection_filter,output_pub,83402954390912,2353098,2353257
202607191734,e2e_trace_v3,9624,72312448807339765,0,perception.lidar_detection_filter,proc_enter,83403046839456,2353098,2353247
202607191734,e2e_trace_v3,9625,72312448807339765,0,perception.lidar_detection_filter,output_pub,83403047170624,2353098,2353247
202607191734,e2e_trace_v3,9645,72312448807339766,0,perception.lidar_detection_filter,proc_enter,83403156976640,2353098,2353252
202607191734,e2e_trace_v3,9646,72312448807339766,0,perception.lidar_detection_filter,output_pub,83403157157312,2353098,2353252
202607191734,e2e_trace_v3,9662,72312448807339767,0,perception.lidar_detection_filter,proc_enter,83403278563360,2353098,2353254
202607191734,e2e_trace_v3,9663,72312448807339767,0,perception.lidar_detection_filter,output_pub,83403278842656,2353098,2353254
202607191734,e2e_trace_v3,9680,72312448807339768,0,perception.lidar_detection_filter,proc_enter,83403382568800,2353098,2353246
202607191734,e2e_trace_v3,9682,72312448807339768,0,perception.lidar_detection_filter,output_pub,83403382799680,2353098,2353246
202607191734,e2e_trace_v3,9697,72312448807339769,0,perception.lidar_detection_filter,proc_enter,83403471259104,2353098,2353245
202607191734,e2e_trace_v3,9699,72312448807339769,0,perception.lidar_detection_filter,output_pub,83403471547808,2353098,2353245
202607191734,e2e_trace_v3,9707,72312448807339770,0,perception.lidar_detection_filter,proc_enter,83403558465088,2353098,2353247
202607191734,e2e_trace_v3,9710,72312448807339770,0,perception.lidar_detection_filter,output_pub,83403558919008,2353098,2353247
202607191734,e2e_trace_v3,9727,72312448807339771,0,perception.lidar_detection_filter,proc_enter,83403671834048,2353098,2353256
202607191734,e2e_trace_v3,9728,72312448807339771,0,perception.lidar_detection_filter,output_pub,83403672488224,2353098,2353256
202607191734,e2e_trace_v3,9741,72312448807339772,0,perception.lidar_detection_filter,proc_enter,83403781079808,2353098,2353255
202607191734,e2e_trace_v3,9742,72312448807339772,0,perception.lidar_detection_filter,output_pub,83403781581088,2353098,2353255
202607191734,e2e_trace_v3,9761,72312448807339773,0,perception.lidar_detection_filter,proc_enter,83403886615168,2353098,2353255
202607191734,e2e_trace_v3,9762,72312448807339773,0,perception.lidar_detection_filter,output_pub,83403887208736,2353098,2353255
202607191734,e2e_trace_v3,9774,72312448807339774,0,perception.lidar_detection_filter,proc_enter,83403987068864,2353098,2353255
202607191734,e2e_trace_v3,9777,72312448807339774,0,perception.lidar_detection_filter,output_pub,83403988003104,2353098,2353255
202607191734,e2e_trace_v3,9795,72312448807339775,0,perception.lidar_detection_filter,proc_enter,83404103185920,2353098,2353253
202607191734,e2e_trace_v3,9796,72312448807339775,0,perception.lidar_detection_filter,output_pub,83404103322112,2353098,2353253
202607191734,e2e_trace_v3,9814,72312448807339776,0,perception.lidar_detection_filter,proc_enter,83404220941056,2353098,2353251
202607191734,e2e_trace_v3,9815,72312448807339776,0,perception.lidar_detection_filter,output_pub,83404221297248,2353098,2353251
202607191734,e2e_trace_v3,9829,72312448807339777,0,perception.lidar_detection_filter,proc_enter,83404310212736,2353098,2353256
202607191734,e2e_trace_v3,9830,72312448807339777,0,perception.lidar_detection_filter,output_pub,83404310360640,2353098,2353256
202607191734,e2e_trace_v3,9846,72312448807339778,0,perception.lidar_detection_filter,proc_enter,83404408804640,2353098,2353249
202607191734,e2e_trace_v3,9847,72312448807339778,0,perception.lidar_detection_filter,output_pub,83404409005696,2353098,2353249
202607191734,e2e_trace_v3,9861,72312448807339779,0,perception.lidar_detection_filter,proc_enter,83404513794848,2353098,2353243
202607191734,e2e_trace_v3,9862,72312448807339779,0,perception.lidar_detection_filter,output_pub,83404513909088,2353098,2353243
202607191734,e2e_trace_v3,9873,72312448807339780,0,perception.lidar_detection_filter,proc_enter,83404608335648,2353098,2353252
202607191734,e2e_trace_v3,9874,72312448807339780,0,perception.lidar_detection_filter,output_pub,83404608502368,2353098,2353252
202607191734,e2e_trace_v3,9889,72312448807339781,0,perception.lidar_detection_filter,proc_enter,83404713581120,2353098,2353252
202607191734,e2e_trace_v3,9890,72312448807339781,0,perception.lidar_detection_filter,output_pub,83404713740704,2353098,2353252
202607191734,e2e_trace_v3,9908,72312448807339782,0,perception.lidar_detection_filter,proc_enter,83404830490496,2353098,2353255
202607191734,e2e_trace_v3,9910,72312448807339782,0,perception.lidar_detection_filter,output_pub,83404831248832,2353098,2353255
202607191734,e2e_trace_v3,9931,72312448807339783,0,perception.lidar_detection_filter,proc_enter,83404964099392,2353098,2353249
202607191734,e2e_trace_v3,9932,72312448807339783,0,perception.lidar_detection_filter,output_pub,83404964476128,2353098,2353249
202607191734,e2e_trace_v3,9949,72312448807339784,0,perception.lidar_detection_filter,proc_enter,83405074467680,2353098,2353242
202607191734,e2e_trace_v3,9951,72312448807339784,0,perception.lidar_detection_filter,output_pub,83405074658944,2353098,2353242
202607191734,e2e_trace_v3,9963,72312448807339785,0,perception.lidar_detection_filter,proc_enter,83405166435360,2353098,2353251
202607191734,e2e_trace_v3,9965,72312448807339785,0,perception.lidar_detection_filter,output_pub,83405166668832,2353098,2353251
202607191734,e2e_trace_v3,9979,72312448807339786,0,perception.lidar_detection_filter,proc_enter,83405254203104,2353098,2353243
202607191734,e2e_trace_v3,9980,72312448807339786,0,perception.lidar_detection_filter,output_pub,83405254485472,2353098,2353243
202607191734,e2e_trace_v3,9996,72312448807339787,0,perception.lidar_detection_filter,proc_enter,83405376013888,2353098,2353255
202607191734,e2e_trace_v3,10000,72312448807339787,0,perception.lidar_detection_filter,output_pub,83405377118176,2353098,2353255
202607191734,e2e_trace_v3,10015,72312448807339788,0,perception.lidar_detection_filter,proc_enter,83405491295872,2353098,2353250
202607191734,e2e_trace_v3,10016,72312448807339788,0,perception.lidar_detection_filter,output_pub,83405491607616,2353098,2353250
202607191734,e2e_trace_v3,10030,72312448807339789,0,perception.lidar_detection_filter,proc_enter,83405579357504,2353098,2353243
202607191734,e2e_trace_v3,10031,72312448807339789,0,perception.lidar_detection_filter,output_pub,83405579555808,2353098,2353243
202607191734,e2e_trace_v3,10041,72312448807339790,0,perception.lidar_detection_filter,proc_enter,83405670212672,2353098,2353256
202607191734,e2e_trace_v3,10042,72312448807339790,0,perception.lidar_detection_filter,output_pub,83405670405440,2353098,2353256
202607191734,e2e_trace_v3,10060,72312448807339791,0,perception.lidar_detection_filter,proc_enter,83405778105056,2353098,2353254
202607191734,e2e_trace_v3,10061,72312448807339791,0,perception.lidar_detection_filter,output_pub,83405778330816,2353098,2353254
202607191734,e2e_trace_v3,10078,72312448807339792,0,perception.lidar_detection_filter,proc_enter,83405885891712,2353098,2353257
202607191734,e2e_trace_v3,10079,72312448807339792,0,perception.lidar_detection_filter,output_pub,83405886100480,2353098,2353257
202607191734,e2e_trace_v3,10093,72312448807339793,0,perception.lidar_detection_filter,proc_enter,83405989854912,2353098,2353257
202607191734,e2e_trace_v3,10094,72312448807339793,0,perception.lidar_detection_filter,output_pub,83405990041792,2353098,2353257
202607191734,e2e_trace_v3,10110,72312448807339794,0,perception.lidar_detection_filter,proc_enter,83406089029216,2353098,2353252
202607191734,e2e_trace_v3,10111,72312448807339794,0,perception.lidar_detection_filter,output_pub,83406089577184,2353098,2353252
202607191734,e2e_trace_v3,10125,72312448807339795,0,perception.lidar_detection_filter,proc_enter,83406208712448,2353098,2353243
202607191734,e2e_trace_v3,10126,72312448807339795,0,perception.lidar_detection_filter,output_pub,83406209130240,2353098,2353243
202607191734,e2e_trace_v3,10146,72312448807339796,0,perception.lidar_detection_filter,proc_enter,83406322946304,2353098,2353256
202607191734,e2e_trace_v3,10147,72312448807339796,0,perception.lidar_detection_filter,output_pub,83406323116480,2353098,2353256
202607191734,e2e_trace_v3,10164,72312448807339797,0,perception.lidar_detection_filter,proc_enter,83406429166048,2353098,2353252
202607191734,e2e_trace_v3,10166,72312448807339797,0,perception.lidar_detection_filter,output_pub,83406429376320,2353098,2353252
202607191734,e2e_trace_v3,10177,72312448807339798,0,perception.lidar_detection_filter,proc_enter,83406521315520,2353098,2353249
202607191734,e2e_trace_v3,10178,72312448807339798,0,perception.lidar_detection_filter,output_pub,83406521619488,2353098,2353249
202607191734,e2e_trace_v3,10192,72312448807339799,0,perception.lidar_detection_filter,proc_enter,83406626887328,2353098,2353247
202607191734,e2e_trace_v3,10193,72312448807339799,0,perception.lidar_detection_filter,output_pub,83406627051904,2353098,2353247
202607191734,e2e_trace_v3,10207,72312448807339800,0,perception.lidar_detection_filter,proc_enter,83406723715008,2353098,2353255
202607191734,e2e_trace_v3,10208,72312448807339800,0,perception.lidar_detection_filter,output_pub,83406724031584,2353098,2353255
202607191734,e2e_trace_v3,10228,72312448807339801,0,perception.lidar_detection_filter,proc_enter,83406841737216,2353098,2353254
202607191734,e2e_trace_v3,10229,72312448807339801,0,perception.lidar_detection_filter,output_pub,83406841891584,2353098,2353254
202607191734,e2e_trace_v3,10245,72312448807339802,0,perception.lidar_detection_filter,proc_enter,83406959362688,2353098,2353256
202607191734,e2e_trace_v3,10246,72312448807339802,0,perception.lidar_detection_filter,output_pub,83406959599168,2353098,2353256
202607191734,e2e_trace_v3,10258,72312448807339803,0,perception.lidar_detection_filter,proc_enter,83407060250464,2353098,2353256
202607191734,e2e_trace_v3,10259,72312448807339803,0,perception.lidar_detection_filter,output_pub,83407060485728,2353098,2353256
202607191734,e2e_trace_v3,10279,72312448807339804,0,perception.lidar_detection_filter,proc_enter,83407176572320,2353098,2353244
202607191734,e2e_trace_v3,10280,72312448807339804,0,perception.lidar_detection_filter,output_pub,83407176966016,2353098,2353244
202607191734,e2e_trace_v3,10296,72312448807339805,0,perception.lidar_detection_filter,proc_enter,83407270035040,2353098,2353242
202607191734,e2e_trace_v3,10297,72312448807339805,0,perception.lidar_detection_filter,output_pub,83407270244352,2353098,2353242
202607191734,e2e_trace_v3,10310,72312448807339806,0,perception.lidar_detection_filter,proc_enter,83407378899040,2353098,2353247
202607191734,e2e_trace_v3,10311,72312448807339806,0,perception.lidar_detection_filter,output_pub,83407379180864,2353098,2353247
202607191734,e2e_trace_v3,10320,72312448807339807,0,perception.lidar_detection_filter,proc_enter,83407468198752,2353098,2353250
202607191734,e2e_trace_v3,10321,72312448807339807,0,perception.lidar_detection_filter,output_pub,83407468603328,2353098,2353250
202607191734,e2e_trace_v3,10342,72312448807339808,0,perception.lidar_detection_filter,proc_enter,83407606041152,2353098,2353252
202607191734,e2e_trace_v3,10344,72312448807339808,0,perception.lidar_detection_filter,output_pub,83407606169824,2353098,2353252
202607191734,e2e_trace_v3,10359,72312448807339809,0,perception.lidar_detection_filter,proc_enter,83407694723648,2353098,2353245
202607191734,e2e_trace_v3,10361,72312448807339809,0,perception.lidar_detection_filter,output_pub,83407694926176,2353098,2353245
202607191734,e2e_trace_v3,10375,72312448807339810,0,perception.lidar_detection_filter,proc_enter,83407782136864,2353098,2353257
202607191734,e2e_trace_v3,10376,72312448807339810,0,perception.lidar_detection_filter,output_pub,83407782337760,2353098,2353257
202607191734,e2e_trace_v3,10392,72312448807339811,0,perception.lidar_detection_filter,proc_enter,83407888574912,2353098,2353244
202607191734,e2e_trace_v3,10393,72312448807339811,0,perception.lidar_detection_filter,output_pub,83407888879584,2353098,2353244
202607191734,e2e_trace_v3,10407,72312448807339812,0,perception.lidar_detection_filter,proc_enter,83407991331520,2353098,2353250
202607191734,e2e_trace_v3,10408,72312448807339812,0,perception.lidar_detection_filter,output_pub,83407991582528,2353098,2353250
202607191734,e2e_trace_v3,10424,72312448807339813,0,perception.lidar_detection_filter,proc_enter,83408097883872,2353098,2353246
202607191734,e2e_trace_v3,10426,72312448807339813,0,perception.lidar_detection_filter,output_pub,83408102581120,2353098,2353246
202607191734,e2e_trace_v3,10441,72312448807339814,0,perception.lidar_detection_filter,proc_enter,83408207187360,2353098,2353251
202607191734,e2e_trace_v3,10442,72312448807339814,0,perception.lidar_detection_filter,output_pub,83408207586464,2353098,2353251
202607191734,e2e_trace_v3,10459,72312448807339815,0,perception.lidar_detection_filter,proc_enter,83408318388960,2353098,2353252
202607191734,e2e_trace_v3,10461,72312448807339815,0,perception.lidar_detection_filter,output_pub,83408318715424,2353098,2353252
202607191734,e2e_trace_v3,10475,72312448807339816,0,perception.lidar_detection_filter,proc_enter,83408406632192,2353098,2353244
202607191734,e2e_trace_v3,10476,72312448807339816,0,perception.lidar_detection_filter,output_pub,83408406907968,2353098,2353244
202607191734,e2e_trace_v3,10493,72312448807339817,0,perception.lidar_detection_filter,proc_enter,83408530291584,2353098,2353256
202607191734,e2e_trace_v3,10495,72312448807339817,0,perception.lidar_detection_filter,output_pub,83408530603968,2353098,2353256
202607191734,e2e_trace_v3,10511,72312448807339818,0,perception.lidar_detection_filter,proc_enter,83408621893024,2353098,2353246
202607191734,e2e_trace_v3,10512,72312448807339818,0,perception.lidar_detection_filter,output_pub,83408622147936,2353098,2353246
202607191734,e2e_trace_v3,10526,72312448807339819,0,perception.lidar_detection_filter,proc_enter,83408709164768,2353098,2353247
202607191734,e2e_trace_v3,10527,72312448807339819,0,perception.lidar_detection_filter,output_pub,83408709384896,2353098,2353247
202607191734,e2e_trace_v3,10544,72312448807339820,0,perception.lidar_detection_filter,proc_enter,83408829153184,2353098,2353249
202607191734,e2e_trace_v3,10546,72312448807339820,0,perception.lidar_detection_filter,output_pub,83408829472704,2353098,2353249
202607191734,e2e_trace_v3,10560,72312448807339821,0,perception.lidar_detection_filter,proc_enter,83408921771840,2353098,2353250
202607191734,e2e_trace_v3,10561,72312448807339821,0,perception.lidar_detection_filter,output_pub,83408922095296,2353098,2353250
202607191734,e2e_trace_v3,10575,72312448807339822,0,perception.lidar_detection_filter,proc_enter,83409033019232,2353098,2353257
202607191734,e2e_trace_v3,10577,72312448807339822,0,perception.lidar_detection_filter,output_pub,83409033242080,2353098,2353257
202607191734,e2e_trace_v3,10589,72312448807339823,0,perception.lidar_detection_filter,proc_enter,83409120857120,2353098,2353247
202607191734,e2e_trace_v3,10590,72312448807339823,0,perception.lidar_detection_filter,output_pub,83409121009568,2353098,2353247
202607191734,e2e_trace_v3,10601,72312448807339824,0,perception.lidar_detection_filter,proc_enter,83409213522208,2353098,2353257
202607191734,e2e_trace_v3,10602,72312448807339824,0,perception.lidar_detection_filter,output_pub,83409213785184,2353098,2353257
202607191734,e2e_trace_v3,10623,72312448807339825,0,perception.lidar_detection_filter,proc_enter,83409328103232,2353098,2353251
202607191734,e2e_trace_v3,10624,72312448807339825,0,perception.lidar_detection_filter,output_pub,83409328260576,2353098,2353251
202607191734,e2e_trace_v3,10639,72312448807339826,0,perception.lidar_detection_filter,proc_enter,83409427768960,2353098,2353248
202607191734,e2e_trace_v3,10640,72312448807339826,0,perception.lidar_detection_filter,output_pub,83409427991616,2353098,2353248
202607191734,e2e_trace_v3,10657,72312448807339827,0,perception.lidar_detection_filter,proc_enter,83409532130464,2353098,2353246
202607191734,e2e_trace_v3,10658,72312448807339827,0,perception.lidar_detection_filter,output_pub,83409532321824,2353098,2353246
202607191734,e2e_trace_v3,10673,72312448807339828,0,perception.lidar_detection_filter,proc_enter,83409635685504,2353098,2353244
202607191734,e2e_trace_v3,10674,72312448807339828,0,perception.lidar_detection_filter,output_pub,83409635892128,2353098,2353244
202607191734,e2e_trace_v3,10688,72312448807339829,0,perception.lidar_detection_filter,proc_enter,83409748668096,2353098,2353242
202607191734,e2e_trace_v3,10689,72312448807339829,0,perception.lidar_detection_filter,output_pub,83409749133568,2353098,2353242
202607191734,e2e_trace_v3,10708,72312448807339830,0,perception.lidar_detection_filter,proc_enter,83409868641312,2353098,2353248
202607191734,e2e_trace_v3,10710,72312448807339830,0,perception.lidar_detection_filter,output_pub,83409868816384,2353098,2353248
202607191734,e2e_trace_v3,10724,72312448807339831,0,perception.lidar_detection_filter,proc_enter,83409957193248,2353098,2353252
202607191734,e2e_trace_v3,10725,72312448807339831,0,perception.lidar_detection_filter,output_pub,83409957636672,2353098,2353252
202607191734,e2e_trace_v3,10742,72312448807339832,0,perception.lidar_detection_filter,proc_enter,83410083213536,2353098,2353246
202607191734,e2e_trace_v3,10744,72312448807339832,0,perception.lidar_detection_filter,output_pub,83410083496800,2353098,2353246
202607191734,e2e_trace_v3,10759,72312448807339833,0,perception.lidar_detection_filter,proc_enter,83410170342784,2353098,2353256
202607191734,e2e_trace_v3,10761,72312448807339833,0,perception.lidar_detection_filter,output_pub,83410170682144,2353098,2353256
202607191734,e2e_trace_v3,10774,72312448807339834,0,perception.lidar_detection_filter,proc_enter,83410262528352,2353098,2353250
202607191734,e2e_trace_v3,10776,72312448807339834,0,perception.lidar_detection_filter,output_pub,83410262835936,2353098,2353250
202607191734,e2e_trace_v3,10786,72312448807339835,0,perception.lidar_detection_filter,proc_enter,83410354568416,2353098,2353246
202607191734,e2e_trace_v3,10787,72312448807339835,0,perception.lidar_detection_filter,output_pub,83410354892960,2353098,2353246
202607191734,e2e_trace_v3,10808,72312448807339836,0,perception.lidar_detection_filter,proc_enter,83410479307616,2353098,2353251
202607191734,e2e_trace_v3,10809,72312448807339836,0,perception.lidar_detection_filter,output_pub,83410479659712,2353098,2353251
202607191734,e2e_trace_v3,10823,72312448807339837,0,perception.lidar_detection_filter,proc_enter,83410579939424,2353098,2353249
202607191734,e2e_trace_v3,10824,72312448807339837,0,perception.lidar_detection_filter,output_pub,83410580073056,2353098,2353249
202607191734,e2e_trace_v3,10837,72312448807339838,0,perception.lidar_detection_filter,proc_enter,83410675979008,2353098,2353249
202607191734,e2e_trace_v3,10838,72312448807339838,0,perception.lidar_detection_filter,output_pub,83410676170080,2353098,2353249
202607191734,e2e_trace_v3,10849,72312448807339839,0,perception.lidar_detection_filter,proc_enter,83410767373248,2353098,2353244
202607191734,e2e_trace_v3,10852,72312448807339839,0,perception.lidar_detection_filter,output_pub,83410767651904,2353098,2353244
202607191734,e2e_trace_v3,10866,72312448807339840,0,perception.lidar_detection_filter,proc_enter,83410866751904,2353098,2353242
202607191734,e2e_trace_v3,10867,72312448807339840,0,perception.lidar_detection_filter,output_pub,83410866967648,2353098,2353242
202607191734,e2e_trace_v3,10883,72312448807339841,0,perception.lidar_detection_filter,proc_enter,83410976974688,2353098,2353257
202607191734,e2e_trace_v3,10884,72312448807339841,0,perception.lidar_detection_filter,output_pub,83410977189600,2353098,2353257
202607191734,e2e_trace_v3,10902,72312448807339842,0,perception.lidar_detection_filter,proc_enter,83411078543424,2353098,2353245
202607191734,e2e_trace_v3,10903,72312448807339842,0,perception.lidar_detection_filter,output_pub,83411078704000,2353098,2353245
202607191734,e2e_trace_v3,10919,72312448807339843,0,perception.lidar_detection_filter,proc_enter,83411179264160,2353098,2353251
202607191734,e2e_trace_v3,10920,72312448807339843,0,perception.lidar_detection_filter,output_pub,83411179471968,2353098,2353251
202607191734,e2e_trace_v3,10932,72312448807339844,0,perception.lidar_detection_filter,proc_enter,83411269696736,2353098,2353251
202607191734,e2e_trace_v3,10933,72312448807339844,0,perception.lidar_detection_filter,output_pub,83411269896704,2353098,2353251
202607191734,e2e_trace_v3,10947,72312448807339845,0,perception.lidar_detection_filter,proc_enter,83411370749792,2353098,2353243
202607191734,e2e_trace_v3,10948,72312448807339845,0,perception.lidar_detection_filter,output_pub,83411371028160,2353098,2353243
202607191734,e2e_trace_v3,10968,72312448807339846,0,perception.lidar_detection_filter,proc_enter,83411479009376,2353098,2353242
202607191734,e2e_trace_v3,10969,72312448807339846,0,perception.lidar_detection_filter,output_pub,83411479228672,2353098,2353242
202607191734,e2e_trace_v3,10985,72312448807339847,0,perception.lidar_detection_filter,proc_enter,83411577980416,2353098,2353247
202607191734,e2e_trace_v3,10986,72312448807339847,0,perception.lidar_detection_filter,output_pub,83411578248448,2353098,2353247
202607191734,e2e_trace_v3,11000,72312448807339848,0,perception.lidar_detection_filter,proc_enter,83411682363456,2353098,2353254
202607191734,e2e_trace_v3,11001,72312448807339848,0,perception.lidar_detection_filter,output_pub,83411682600416,2353098,2353254
202607191734,e2e_trace_v3,11018,72312448807339849,0,perception.lidar_detection_filter,proc_enter,83411781217056,2353098,2353253
202607191734,e2e_trace_v3,11019,72312448807339849,0,perception.lidar_detection_filter,output_pub,83411782188352,2353098,2353253
202607191734,e2e_trace_v3,11030,72312448807339850,0,perception.lidar_detection_filter,proc_enter,83411880728384,2353098,2353247
202607191734,e2e_trace_v3,11031,72312448807339850,0,perception.lidar_detection_filter,output_pub,83411880956384,2353098,2353247
202607191734,e2e_trace_v3,11051,72312448807339851,0,perception.lidar_detection_filter,proc_enter,83411991344576,2353098,2353244
202607191734,e2e_trace_v3,11052,72312448807339851,0,perception.lidar_detection_filter,output_pub,83411991580192,2353098,2353244
202607191734,e2e_trace_v3,11069,72312448807339852,0,perception.lidar_detection_filter,proc_enter,83412090390496,2353098,2353257
202607191734,e2e_trace_v3,11070,72312448807339852,0,perception.lidar_detection_filter,output_pub,83412094350048,2353098,2353257
202607191734,e2e_trace_v3,11080,72312448807339853,0,perception.lidar_detection_filter,proc_enter,83412191340800,2353098,2353252
202607191734,e2e_trace_v3,11082,72312448807339853,0,perception.lidar_detection_filter,output_pub,83412191532320,2353098,2353252
202607191734,e2e_trace_v3,11099,72312448807339854,0,perception.lidar_detection_filter,proc_enter,83412296234912,2353098,2353248
202607191734,e2e_trace_v3,11100,72312448807339854,0,perception.lidar_detection_filter,output_pub,83412296400128,2353098,2353248
202607191734,e2e_trace_v3,11114,72312448807339855,0,perception.lidar_detection_filter,proc_enter,83412395746560,2353098,2353243
202607191734,e2e_trace_v3,11115,72312448807339855,0,perception.lidar_detection_filter,output_pub,83412395931456,2353098,2353243
202607191734,e2e_trace_v3,11133,72312448807339856,0,perception.lidar_detection_filter,proc_enter,83412501251168,2353098,2353244
202607191734,e2e_trace_v3,11134,72312448807339856,0,perception.lidar_detection_filter,output_pub,83412501397472,2353098,2353244
202607191734,e2e_trace_v3,11148,72312448807339857,0,perception.lidar_detection_filter,proc_enter,83412601114048,2353098,2353248
202607191734,e2e_trace_v3,11149,72312448807339857,0,perception.lidar_detection_filter,output_pub,83412601256416,2353098,2353248
202607191734,e2e_trace_v3,11166,72312448807339858,0,perception.lidar_detection_filter,proc_enter,83412717120608,2353098,2353244
202607191734,e2e_trace_v3,11167,72312448807339858,0,perception.lidar_detection_filter,output_pub,83412717255456,2353098,2353244
202607191734,e2e_trace_v3,11182,72312448807339859,0,perception.lidar_detection_filter,proc_enter,83412815330848,2353098,2353254
202607191734,e2e_trace_v3,11183,72312448807339859,0,perception.lidar_detection_filter,output_pub,83412815652800,2353098,2353254
202607191734,e2e_trace_v3,11201,72312448807339860,0,perception.lidar_detection_filter,proc_enter,83412923663840,2353098,2353246
202607191734,e2e_trace_v3,11202,72312448807339860,0,perception.lidar_detection_filter,output_pub,83412923818208,2353098,2353246
202607191734,e2e_trace_v3,11220,72312448807339861,0,perception.lidar_detection_filter,proc_enter,83413021304896,2353098,2353255
202607191734,e2e_trace_v3,11221,72312448807339861,0,perception.lidar_detection_filter,output_pub,83413021601248,2353098,2353255
202607191734,e2e_trace_v3,11235,72312448807339862,0,perception.lidar_detection_filter,proc_enter,83413121706816,2353098,2353252
202607191734,e2e_trace_v3,11236,72312448807339862,0,perception.lidar_detection_filter,output_pub,83413121971008,2353098,2353252
202607191734,e2e_trace_v3,11250,72312448807339863,0,perception.lidar_detection_filter,proc_enter,83413222052384,2353098,2353245
202607191734,e2e_trace_v3,11251,72312448807339863,0,perception.lidar_detection_filter,output_pub,83413222335264,2353098,2353245
202607191734,e2e_trace_v3,11266,72312448807339864,0,perception.lidar_detection_filter,proc_enter,83413330798496,2353098,2353250
202607191734,e2e_trace_v3,11267,72312448807339864,0,perception.lidar_detection_filter,output_pub,83413330984448,2353098,2353250
202607191734,e2e_trace_v3,11285,72312448807339865,0,perception.lidar_detection_filter,proc_enter,83413448302912,2353098,2353244
202607191734,e2e_trace_v3,11286,72312448807339865,0,perception.lidar_detection_filter,output_pub,83413448479840,2353098,2353244
202607191734,e2e_trace_v3,11297,72312448807339866,0,perception.lidar_detection_filter,proc_enter,83413541312864,2353098,2353247
202607191734,e2e_trace_v3,11298,72312448807339866,0,perception.lidar_detection_filter,output_pub,83413541477152,2353098,2353247
202607191734,e2e_trace_v3,11319,72312448807339867,0,perception.lidar_detection_filter,proc_enter,83413654633024,2353098,2353250
202607191734,e2e_trace_v3,11320,72312448807339867,0,perception.lidar_detection_filter,output_pub,83413654958336,2353098,2353250
202607191734,e2e_trace_v3,11336,72312448807339868,0,perception.lidar_detection_filter,proc_enter,83413753335872,2353098,2353255
202607191734,e2e_trace_v3,11337,72312448807339868,0,perception.lidar_detection_filter,output_pub,83413753536800,2353098,2353255
202607191734,e2e_trace_v3,11349,72312448807339869,0,perception.lidar_detection_filter,proc_enter,83413850159680,2353098,2353249
202607191734,e2e_trace_v3,11350,72312448807339869,0,perception.lidar_detection_filter,output_pub,83413850613056,2353098,2353249
202607191734,e2e_trace_v3,11367,72312448807339870,0,perception.lidar_detection_filter,proc_enter,83413956553632,2353098,2353245
202607191734,e2e_trace_v3,11368,72312448807339870,0,perception.lidar_detection_filter,output_pub,83413957008192,2353098,2353245
202607191734,e2e_trace_v3,11381,72312448807339871,0,perception.lidar_detection_filter,proc_enter,83414066358176,2353098,2353245
202607191734,e2e_trace_v3,11383,72312448807339871,0,perception.lidar_detection_filter,output_pub,83414066634208,2353098,2353245
202607191734,e2e_trace_v3,11403,72312448807339872,0,perception.lidar_detection_filter,proc_enter,83414176621632,2353098,2353242
202607191734,e2e_trace_v3,11404,72312448807339872,0,perception.lidar_detection_filter,output_pub,83414176770656,2353098,2353242
202607191734,e2e_trace_v3,11417,72312448807339873,0,perception.lidar_detection_filter,proc_enter,83414275359616,2353098,2353248
202607191734,e2e_trace_v3,11418,72312448807339873,0,perception.lidar_detection_filter,output_pub,83414275676160,2353098,2353248
202607191734,e2e_trace_v3,11431,72312448807339874,0,perception.lidar_detection_filter,proc_enter,83414368540736,2353098,2353248
202607191734,e2e_trace_v3,11433,72312448807339874,0,perception.lidar_detection_filter,output_pub,83414368795072,2353098,2353248
