run_id,schema_version,event_id,trace_id,proc_id,module,edge,mono_ns,trace_valid,channel,input_seq,output_seq,data_ts_ns,object_count,primary_parent_trace_id,parent_trace_count,pid,tid
202607171735,e2e_trace_v3,6,17293928285427728985,0,planning,out,6865255934176,1,/apollo/planning,0,370,1784280907363356203,149,72163310362952287,2,811042,811164
202607171735,e2e_trace_v3,7,17293928285427728986,0,planning,in,6865346377152,1,/apollo/prediction,379,0,1784280907479354533,0,72163310362952288,2,811042,811164
202607171735,e2e_trace_v3,24,17293928285427728986,0,planning,out,6865372542720,1,/apollo/planning,0,371,1784280907479354533,150,72163310362952288,2,811042,811164
202607171735,e2e_trace_v3,25,17293928285427728987,0,planning,in,6865538130208,1,/apollo/prediction,380,0,1784280907597517388,0,72163310362952289,2,811042,811151
202607171735,e2e_trace_v3,42,17293928285427728987,0,planning,out,6865561302528,1,/apollo/planning,0,372,1784280907597517388,150,72163310362952289,2,811042,811151
202607171735,e2e_trace_v3,43,17293928285427728988,0,planning,in,6865622983296,1,/apollo/prediction,381,0,1784280907709832182,0,72163310362952290,2,811042,811160
202607171735,e2e_trace_v3,60,17293928285427728988,0,planning,out,6865645718176,1,/apollo/planning,0,373,1784280907709832182,148,72163310362952290,2,811042,811160
202607171735,e2e_trace_v3,61,17293928285427728989,0,planning,in,6865734492928,1,/apollo/prediction,382,0,1784280907827169188,0,72163310362952291,2,811042,811161
202607171735,e2e_trace_v3,78,17293928285427728989,0,planning,out,6865771818272,1,/apollo/planning,0,374,1784280907827169188,146,72163310362952291,2,811042,811161
202607171735,e2e_trace_v3,79,17293928285427728990,0,planning,in,6865830188608,1,/apollo/prediction,383,0,1784280907941667687,0,72163310362952292,2,811042,811151
202607171735,e2e_trace_v3,96,17293928285427728990,0,planning,out,6865853723136,1,/apollo/planning,0,375,1784280907941667687,151,72163310362952292,2,811042,811151
202607171735,e2e_trace_v3,97,17293928285427728991,0,planning,in,6865917232000,1,/apollo/prediction,384,0,1784280908054461725,0,72163310362952293,2,811042,811149
202607171735,e2e_trace_v3,114,17293928285427728991,0,planning,out,6865940056096,1,/apollo/planning,0,376,1784280908054461725,151,72163310362952293,2,811042,811149
202607171735,e2e_trace_v3,115,17293928285427728992,0,planning,in,6866010385600,1,/apollo/prediction,385,0,1784280908169115116,0,72163310362952294,2,811042,811163
202607171735,e2e_trace_v3,132,17293928285427728992,0,planning,out,6866039179424,1,/apollo/planning,0,377,1784280908169115116,148,72163310362952294,2,811042,811163
202607171735,e2e_trace_v3,133,17293928285427728993,0,planning,in,6866103800032,1,/apollo/prediction,386,0,1784280908282837690,0,72163310362952295,2,811042,811156
202607171735,e2e_trace_v3,150,17293928285427728993,0,planning,out,6866135008576,1,/apollo/planning,0,378,1784280908282837690,147,72163310362952295,2,811042,811156
202607171735,e2e_trace_v3,151,17293928285427728994,0,planning,in,6866210053536,1,/apollo/prediction,387,0,1784280908402998299,0,72163310362952296,2,811042,811164
202607171735,e2e_trace_v3,168,17293928285427728994,0,planning,out,6866240690304,1,/apollo/planning,0,379,1784280908402998299,145,72163310362952296,2,811042,811164
202607171735,e2e_trace_v3,169,17293928285427728995,0,planning,in,6866460924736,1,/apollo/prediction,388,0,1784280908518286396,0,72163310362952297,2,811042,811154
202607171735,e2e_trace_v3,186,17293928285427728995,0,planning,out,6866498988832,1,/apollo/planning,0,380,1784280908518286396,145,72163310362952297,2,811042,811154
202607171735,e2e_trace_v3,187,17293928285427728996,0,planning,in,6866557884768,1,/apollo/prediction,389,0,1784280908629303372,0,72163310362952298,2,811042,811162
202607171735,e2e_trace_v3,204,17293928285427728996,0,planning,out,6866587405600,1,/apollo/planning,0,381,1784280908629303372,144,72163310362952298,2,811042,811162
202607171735,e2e_trace_v3,205,17293928285427728997,0,planning,in,6866649642464,1,/apollo/prediction,390,0,1784280908741270169,0,72163310362952299,1,811042,811154
202607171735,e2e_trace_v3,222,17293928285427728997,0,planning,out,6866673373632,1,/apollo/planning,0,382,1784280908741270169,142,72163310362952299,1,811042,811154
202607171735,e2e_trace_v3,223,17293928285427728998,0,planning,in,6866741580256,1,/apollo/prediction,391,0,1784280908854728492,0,72163310362952300,2,811042,811150
202607171735,e2e_trace_v3,240,17293928285427728998,0,planning,out,6866772791136,1,/apollo/planning,0,383,1784280908854728492,147,72163310362952300,2,811042,811150
202607171735,e2e_trace_v3,241,17293928285427728999,0,planning,in,6866836196032,1,/apollo/prediction,392,0,1784280908968431282,0,72163310362952301,2,811042,811163
202607171735,e2e_trace_v3,258,17293928285427728999,0,planning,out,6866868179744,1,/apollo/planning,0,384,1784280908968431282,146,72163310362952301,2,811042,811163
202607171735,e2e_trace_v3,259,17293928285427729000,0,planning,in,6866930256224,1,/apollo/prediction,393,0,1784280909079717478,0,72163310362952302,2,811042,811161
202607171735,e2e_trace_v3,276,17293928285427729000,0,planning,out,6866956588288,1,/apollo/planning,0,385,1784280909079717478,144,72163310362952302,2,811042,811161
202607171735,e2e_trace_v3,277,17293928285427729001,0,planning,in,6867146085280,1,/apollo/prediction,394,0,1784280909190671419,0,72163310362952303,2,811042,811152
202607171735,e2e_trace_v3,294,17293928285427729001,0,planning,out,6867177023584,1,/apollo/planning,0,386,1784280909190671419,143,72163310362952303,2,811042,811152
202607171735,e2e_trace_v3,295,17293928285427729002,0,planning,in,6867234962848,1,/apollo/prediction,395,0,1784280909302563372,0,72163310362952304,2,811042,811153
202607171735,e2e_trace_v3,312,17293928285427729002,0,planning,out,6867262879104,1,/apollo/planning,0,387,1784280909302563372,142,72163310362952304,2,811042,811153
202607171735,e2e_trace_v3,313,17293928285427729003,0,planning,in,6867327967648,1,/apollo/prediction,396,0,1784280909416139763,0,72163310362952305,2,811042,811150
202607171735,e2e_trace_v3,330,17293928285427729003,0,planning,out,6867358400704,1,/apollo/planning,0,388,1784280909416139763,146,72163310362952305,2,811042,811150
202607171735,e2e_trace_v3,331,17293928285427729004,0,planning,in,6867426215040,1,/apollo/prediction,397,0,1784280909541697315,0,72163310362952306,2,811042,811158
202607171735,e2e_trace_v3,348,17293928285427729004,0,planning,out,6867465744896,1,/apollo/planning,0,389,1784280909541697315,146,72163310362952306,2,811042,811158
202607171735,e2e_trace_v3,349,17293928285427729005,0,planning,in,6867520222976,1,/apollo/prediction,398,0,1784280909660230563,0,72163310362952307,2,811042,811149
202607171735,e2e_trace_v3,366,17293928285427729005,0,planning,out,6867554149152,1,/apollo/planning,0,390,1784280909660230563,145,72163310362952307,2,811042,811149
202607171735,e2e_trace_v3,367,17293928285427729006,0,planning,in,6867738041504,1,/apollo/prediction,399,0,1784280909774598264,0,72163310362952308,2,811042,811159
202607171735,e2e_trace_v3,384,17293928285427729006,0,planning,out,6867761889856,1,/apollo/planning,0,391,1784280909774598264,145,72163310362952308,2,811042,811159
202607171735,e2e_trace_v3,385,17293928285427729007,0,planning,in,6867830077216,1,/apollo/prediction,400,0,1784280909887333449,0,72163310362952309,2,811042,811154
202607171735,e2e_trace_v3,402,17293928285427729007,0,planning,out,6867858102464,1,/apollo/planning,0,392,1784280909887333449,143,72163310362952309,2,811042,811154
202607171735,e2e_trace_v3,403,17293928285427729008,0,planning,in,6868041492544,1,/apollo/prediction,401,0,1784280910001049698,0,72163310362952310,2,811042,811159
202607171735,e2e_trace_v3,420,17293928285427729008,0,planning,out,6868068353600,1,/apollo/planning,0,393,1784280910001049698,143,72163310362952310,2,811042,811159
202607171735,e2e_trace_v3,421,17293928285427729009,0,planning,in,6868249790336,1,/apollo/prediction,402,0,1784280910112756158,0,72163310362952311,2,811042,811151
202607171735,e2e_trace_v3,438,17293928285427729009,0,planning,out,6868275452832,1,/apollo/planning,0,394,1784280910112756158,147,72163310362952311,2,811042,811151
202607171735,e2e_trace_v3,439,17293928285427729010,0,planning,in,6868344171296,1,/apollo/prediction,403,0,1784280910224088157,0,72163310362952312,2,811042,811160
202607171735,e2e_trace_v3,456,17293928285427729010,0,planning,out,6868370399552,1,/apollo/planning,0,395,1784280910224088157,146,72163310362952312,2,811042,811160
202607171735,e2e_trace_v3,457,17293928285427729011,0,planning,in,6868441585664,1,/apollo/prediction,404,0,1784280910341681862,0,72163310362952313,2,811042,811159
202607171735,e2e_trace_v3,474,17293928285427729011,0,planning,out,6868486356416,1,/apollo/planning,0,396,1784280910341681862,145,72163310362952313,2,811042,811159
202607171735,e2e_trace_v3,475,17293928285427729012,0,planning,in,6868534882368,1,/apollo/prediction,405,0,1784280910458413530,0,72163310362952314,2,811042,811151
202607171735,e2e_trace_v3,492,17293928285427729012,0,planning,out,6868562723584,1,/apollo/planning,0,397,1784280910458413530,145,72163310362952314,2,811042,811151
202607171735,e2e_trace_v3,493,17293928285427729013,0,planning,in,6868627643776,1,/apollo/prediction,406,0,1784280910581386938,0,72163310362952315,2,811042,811160
202607171735,e2e_trace_v3,510,17293928285427729013,0,planning,out,6868653074208,1,/apollo/planning,0,398,1784280910581386938,143,72163310362952315,2,811042,811160
202607171735,e2e_trace_v3,511,17293928285427729014,0,planning,in,6868726038656,1,/apollo/prediction,407,0,1784280910692816902,0,72163310362952316,2,811042,811156
202607171735,e2e_trace_v3,528,17293928285427729014,0,planning,out,6868749105824,1,/apollo/planning,0,399,1784280910692816902,142,72163310362952316,2,811042,811156
202607171735,e2e_trace_v3,529,17293928285427729015,0,planning,in,6868935991296,1,/apollo/prediction,408,0,1784280910805709428,0,72163310362952317,2,811042,811162
202607171735,e2e_trace_v3,546,17293928285427729015,0,planning,out,6868959235488,1,/apollo/planning,0,400,1784280910805709428,141,72163310362952317,2,811042,811162
202607171735,e2e_trace_v3,547,17293928285427729016,0,planning,in,6869144497952,1,/apollo/prediction,409,0,1784280910922619969,0,72163310362952318,2,811042,811157
202607171735,e2e_trace_v3,564,17293928285427729016,0,planning,out,6869170235456,1,/apollo/planning,0,401,1784280910922619969,111,72163310362952318,2,811042,811157
202607171735,e2e_trace_v3,565,17293928285427729017,0,planning,in,6869238552928,1,/apollo/prediction,410,0,1784280911035301718,0,72163310362952319,2,811042,811151
202607171735,e2e_trace_v3,582,17293928285427729017,0,planning,out,6869266986112,1,/apollo/planning,0,402,1784280911035301718,111,72163310362952319,2,811042,811151
202607171735,e2e_trace_v3,583,17293928285427729018,0,planning,in,6869333141184,1,/apollo/prediction,411,0,1784280911148095666,0,72163310362952320,2,811042,811155
202607171735,e2e_trace_v3,600,17293928285427729018,0,planning,out,6869365127936,1,/apollo/planning,0,403,1784280911148095666,111,72163310362952320,2,811042,811155
202607171735,e2e_trace_v3,601,17293928285427729019,0,planning,in,6869428323136,1,/apollo/prediction,412,0,1784280911259403811,0,72163310362952321,2,811042,811157
202607171735,e2e_trace_v3,618,17293928285427729019,0,planning,out,6869457178144,1,/apollo/planning,0,404,1784280911259403811,111,72163310362952321,2,811042,811157
202607171735,e2e_trace_v3,619,17293928285427729020,0,planning,in,6869654657568,1,/apollo/prediction,413,0,1784280911371850092,0,72163310362952322,2,811042,811164
202607171735,e2e_trace_v3,636,17293928285427729020,0,planning,out,6869686899392,1,/apollo/planning,0,405,1784280911371850092,123,72163310362952322,2,811042,811164
202607171735,e2e_trace_v3,637,17293928285427729021,0,planning,in,6869872742208,1,/apollo/prediction,414,0,1784280911482543080,0,72163310362952323,2,811042,811159
202607171735,e2e_trace_v3,654,17293928285427729021,0,planning,out,6869899491616,1,/apollo/planning,0,406,1784280911482543080,134,72163310362952323,2,811042,811159
202607171735,e2e_trace_v3,655,17293928285427729022,0,planning,in,6869970645184,1,/apollo/prediction,415,0,1784280911597537156,0,72163310362952324,2,811042,811152
202607171735,e2e_trace_v3,672,17293928285427729022,0,planning,out,6870000940736,1,/apollo/planning,0,407,1784280911597537156,139,72163310362952324,2,811042,811152
202607171735,e2e_trace_v3,673,17293928285427729023,0,planning,in,6870064292832,1,/apollo/prediction,416,0,1784280911711124243,0,72163310362952325,2,811042,811160
202607171735,e2e_trace_v3,690,17293928285427729023,0,planning,out,6870091545152,1,/apollo/planning,0,408,1784280911711124243,143,72163310362952325,2,811042,811160
202607171735,e2e_trace_v3,691,17293928285427729024,0,planning,in,6870161867360,1,/apollo/prediction,417,0,1784280911826127522,0,72163310362952326,2,811042,811159
202607171735,e2e_trace_v3,708,17293928285427729024,0,planning,out,6870185399488,1,/apollo/planning,0,409,1784280911826127522,143,72163310362952326,2,811042,811159
202607171735,e2e_trace_v3,709,17293928285427729025,0,planning,in,6870260385824,1,/apollo/prediction,418,0,1784280911940656864,0,72163310362952327,2,811042,811152
202607171735,e2e_trace_v3,726,17293928285427729025,0,planning,out,6870283848512,1,/apollo/planning,0,410,1784280911940656864,143,72163310362952327,2,811042,811152
202607171735,e2e_trace_v3,727,17293928285427729026,0,planning,in,6870351609216,1,/apollo/prediction,419,0,1784280912052735260,0,72163310362952328,2,811042,811153
202607171735,e2e_trace_v3,744,17293928285427729026,0,planning,out,6870375812864,1,/apollo/planning,0,411,1784280912052735260,142,72163310362952328,2,811042,811153
202607171735,e2e_trace_v3,745,17293928285427729027,0,planning,in,6870450058304,1,/apollo/prediction,420,0,1784280912168234506,0,72163310362952329,2,811042,811152
202607171735,e2e_trace_v3,762,17293928285427729027,0,planning,out,6870483444832,1,/apollo/planning,0,412,1784280912168234506,111,72163310362952329,2,811042,811152
202607171735,e2e_trace_v3,763,17293928285427729028,0,planning,in,6870542062496,1,/apollo/prediction,421,0,1784280912335369547,0,72163310362952330,2,811042,811154
202607171735,e2e_trace_v3,780,17293928285427729028,0,planning,out,6870583264000,1,/apollo/planning,0,413,1784280912335369547,111,72163310362952330,2,811042,811154
202607171735,e2e_trace_v3,781,17293928285427729029,0,planning,in,6870657700064,1,/apollo/prediction,422,0,1784280912447677155,0,72163310362952331,2,811042,811155
202607171735,e2e_trace_v3,798,17293928285427729029,0,planning,out,6870689732032,1,/apollo/planning,0,414,1784280912447677155,117,72163310362952331,2,811042,811155
202607171735,e2e_trace_v3,799,17293928285427729030,0,planning,in,6870741194880,1,/apollo/prediction,423,0,1784280912559215278,1,72163310362952332,2,811042,811156
202607171735,e2e_trace_v3,816,17293928285427729030,0,planning,out,6870766110048,1,/apollo/planning,0,415,1784280912559215278,121,72163310362952332,2,811042,811156
202607171735,e2e_trace_v3,817,17293928285427729031,0,planning,in,6870832724864,1,/apollo/prediction,424,0,1784280912672481233,0,72163310362952333,2,811042,811153
202607171735,e2e_trace_v3,834,17293928285427729031,0,planning,out,6870856521472,1,/apollo/planning,0,416,1784280912672481233,126,72163310362952333,2,811042,811153
202607171735,e2e_trace_v3,835,17293928285427729032,0,planning,in,6870934137920,1,/apollo/prediction,425,0,1784280912786411151,1,72163310362952334,2,811042,811160
202607171735,e2e_trace_v3,852,17293928285427729032,0,planning,out,6870969485792,1,/apollo/planning,0,417,1784280912786411151,131,72163310362952334,2,811042,811160
202607171735,e2e_trace_v3,853,17293928285427729033,0,planning,in,6871034350016,1,/apollo/prediction,426,0,1784280912897624955,1,72163310362952335,2,811042,811155
202607171735,e2e_trace_v3,870,17293928285427729033,0,planning,out,6871059252960,1,/apollo/planning,0,418,1784280912897624955,136,72163310362952335,2,811042,811155
202607171735,e2e_trace_v3,871,17293928285427729034,0,planning,in,6871121125792,1,/apollo/prediction,427,0,1784280913011621425,0,72163310362952336,2,811042,811161
202607171735,e2e_trace_v3,888,17293928285427729034,0,planning,out,6871147728768,1,/apollo/planning,0,419,1784280913011621425,140,72163310362952336,2,811042,811161
202607171735,e2e_trace_v3,889,17293928285427729035,0,planning,in,6871226157632,1,/apollo/prediction,428,0,1784280913123116326,0,72163310362952337,2,811042,811162
202607171735,e2e_trace_v3,906,17293928285427729035,0,planning,out,6871264255616,1,/apollo/planning,0,420,1784280913123116326,141,72163310362952337,2,811042,811162
202607171735,e2e_trace_v3,907,17293928285427729036,0,planning,in,6871317363424,1,/apollo/prediction,429,0,1784280913232717708,0,72163310362952338,2,811042,811149
202607171735,e2e_trace_v3,924,17293928285427729036,0,planning,out,6871346075712,1,/apollo/planning,0,421,1784280913232717708,139,72163310362952338,2,811042,811149
202607171735,e2e_trace_v3,925,17293928285427729037,0,planning,in,6871411750368,1,/apollo/prediction,430,0,1784280913342278970,0,72163310362952339,2,811042,811152
202607171735,e2e_trace_v3,942,17293928285427729037,0,planning,out,6871449669536,1,/apollo/planning,0,422,1784280913342278970,139,72163310362952339,2,811042,811152
202607171735,e2e_trace_v3,943,17293928285427729038,0,planning,in,6871508782368,1,/apollo/prediction,431,0,1784280913451576285,0,72163310362952340,2,811042,811162
202607171735,e2e_trace_v3,960,17293928285427729038,0,planning,out,6871537987520,1,/apollo/planning,0,423,1784280913451576285,139,72163310362952340,2,811042,811162
202607171735,e2e_trace_v3,961,17293928285427729039,0,planning,in,6871602849184,1,/apollo/prediction,432,0,1784280913563664928,0,72163310362952341,2,811042,811163
202607171735,e2e_trace_v3,978,17293928285427729039,0,planning,out,6871634694912,1,/apollo/planning,0,424,1784280913563664928,139,72163310362952341,2,811042,811163
202607171735,e2e_trace_v3,979,17293928285427729040,0,planning,in,6871700152960,1,/apollo/prediction,433,0,1784280913674772342,0,72163310362952342,2,811042,811152
202607171735,e2e_trace_v3,996,17293928285427729040,0,planning,out,6871732715328,1,/apollo/planning,0,425,1784280913674772342,137,72163310362952342,2,811042,811152
202607171735,e2e_trace_v3,997,17293928285427729041,0,planning,in,6871791815200,1,/apollo/prediction,434,0,1784280913787543861,0,72163310362952343,2,811042,811162
202607171735,e2e_trace_v3,1014,17293928285427729041,0,planning,out,6871815568832,1,/apollo/planning,0,426,1784280913787543861,142,72163310362952343,2,811042,811162
202607171735,e2e_trace_v3,1015,17293928285427729042,0,planning,in,6871886118848,1,/apollo/prediction,435,0,1784280913899090396,0,72163310362952344,2,811042,811159
202607171735,e2e_trace_v3,1032,17293928285427729042,0,planning,out,6871926234368,1,/apollo/planning,0,427,1784280913899090396,143,72163310362952344,2,811042,811159
202607171735,e2e_trace_v3,1033,17293928285427729043,0,planning,in,6871990054880,1,/apollo/prediction,436,0,1784280914012203823,0,72163310362952345,2,811042,811164
202607171735,e2e_trace_v3,1050,17293928285427729043,0,planning,out,6872012712256,1,/apollo/planning,0,428,1784280914012203823,143,72163310362952345,2,811042,811164
202607171735,e2e_trace_v3,1051,17293928285427729044,0,planning,in,6872073374656,1,/apollo/prediction,437,0,1784280914138705718,0,72163310362952346,2,811042,811150
202607171735,e2e_trace_v3,1068,17293928285427729044,0,planning,out,6872100225408,1,/apollo/planning,0,429,1784280914138705718,142,72163310362952346,2,811042,811150
202607171735,e2e_trace_v3,1069,17293928285427729045,0,planning,in,6872169659360,1,/apollo/prediction,438,0,1784280914250059328,0,72163310362952347,2,811042,811164
202607171735,e2e_trace_v3,1086,17293928285427729045,0,planning,out,6872192743168,1,/apollo/planning,0,430,1784280914250059328,141,72163310362952347,2,811042,811164
202607171735,e2e_trace_v3,1087,17293928285427729046,0,planning,in,6872266160064,1,/apollo/prediction,439,0,1784280914361629877,0,72163310362952348,2,811042,811149
202607171735,e2e_trace_v3,1104,17293928285427729046,0,planning,out,6872289090240,1,/apollo/planning,0,431,1784280914361629877,141,72163310362952348,2,811042,811149
202607171735,e2e_trace_v3,1105,17293928285427729047,0,planning,in,6872361939776,1,/apollo/prediction,440,0,1784280914471957522,0,72163310362952349,2,811042,811156
202607171735,e2e_trace_v3,1122,17293928285427729047,0,planning,out,6872393099776,1,/apollo/planning,0,432,1784280914471957522,111,72163310362952349,2,811042,811156
202607171735,e2e_trace_v3,1123,17293928285427729048,0,planning,in,6872460830848,1,/apollo/prediction,441,0,1784280914583494098,0,72163310362952350,2,811042,811150
202607171735,e2e_trace_v3,1140,17293928285427729048,0,planning,out,6872489847200,1,/apollo/planning,0,433,1784280914583494098,111,72163310362952350,2,811042,811150
202607171735,e2e_trace_v3,1141,17293928285427729049,0,planning,in,6872557305312,1,/apollo/prediction,442,0,1784280914692537133,1,72163310362952351,2,811042,811152
202607171735,e2e_trace_v3,1158,17293928285427729049,0,planning,out,6872592684608,1,/apollo/planning,0,434,1784280914692537133,111,72163310362952351,2,811042,811152
202607171735,e2e_trace_v3,1159,17293928285427729050,0,planning,in,6872652303168,1,/apollo/prediction,443,0,1784280914803015138,0,72163310362952352,2,811042,811160
202607171735,e2e_trace_v3,1176,17293928285427729050,0,planning,out,6872684438080,1,/apollo/planning,0,435,1784280914803015138,111,72163310362952352,2,811042,811160
202607171735,e2e_trace_v3,1177,17293928285427729051,0,planning,in,6872746230304,1,/apollo/prediction,444,0,1784280914913247122,0,72163310362952353,2,811042,811153
202607171735,e2e_trace_v3,1194,17293928285427729051,0,planning,out,6872770548224,1,/apollo/planning,0,436,1784280914913247122,111,72163310362952353,2,811042,811153
202607171735,e2e_trace_v3,1195,17293928285427729052,0,planning,in,6872851191648,1,/apollo/prediction,445,0,1784280915026569564,0,72163310362952354,2,811042,811152
202607171735,e2e_trace_v3,1212,17293928285427729052,0,planning,out,6872878546560,1,/apollo/planning,0,437,1784280915026569564,117,72163310362952354,2,811042,811152
202607171735,e2e_trace_v3,1213,17293928285427729053,0,planning,in,6872952403872,1,/apollo/prediction,446,0,1784280915137366906,0,72163310362952355,2,811042,811164
202607171735,e2e_trace_v3,1230,17293928285427729053,0,planning,out,6872983504864,1,/apollo/planning,0,438,1784280915137366906,122,72163310362952355,2,811042,811164
202607171735,e2e_trace_v3,1231,17293928285427729054,0,planning,in,6873060258272,1,/apollo/prediction,447,0,1784280915250624656,0,72163310362952356,2,811042,811157
202607171735,e2e_trace_v3,1248,17293928285427729054,0,planning,out,6873082520864,1,/apollo/planning,0,439,1784280915250624656,127,72163310362952356,2,811042,811157
202607171735,e2e_trace_v3,1249,17293928285427729055,0,planning,in,6873172480320,1,/apollo/prediction,448,0,1784280915360556507,1,72163310362952357,2,811042,811162
202607171735,e2e_trace_v3,1266,17293928285427729055,0,planning,out,6873201823648,1,/apollo/planning,0,440,1784280915360556507,133,72163310362952357,2,811042,811162
202607171735,e2e_trace_v3,1267,17293928285427729056,0,planning,in,6873289625376,1,/apollo/prediction,449,0,1784280915470678606,1,72163310362952358,2,811042,811154
202607171735,e2e_trace_v3,1284,17293928285427729056,0,planning,out,6873321064992,1,/apollo/planning,0,441,1784280915470678606,139,72163310362952358,2,811042,811154
202607171735,e2e_trace_v3,1285,17293928285427729057,0,planning,in,6873526708384,1,/apollo/prediction,450,0,1784280915599016576,2,72163310362952359,2,811042,811158
202607171735,e2e_trace_v3,1302,17293928285427729057,0,planning,out,6873559923520,1,/apollo/planning,0,442,1784280915599016576,141,72163310362952359,2,811042,811158
202607171735,e2e_trace_v3,1303,17293928285427729058,0,planning,in,6873742038592,1,/apollo/prediction,451,0,1784280915709943710,0,72163310362952360,2,811042,811151
202607171735,e2e_trace_v3,1320,17293928285427729058,0,planning,out,6873772802560,1,/apollo/planning,0,443,1784280915709943710,141,72163310362952360,2,811042,811151
202607171735,e2e_trace_v3,1321,17293928285427729059,0,planning,in,6873960376000,1,/apollo/prediction,452,0,1784280915820244092,2,72163310362952361,2,811042,811163
202607171735,e2e_trace_v3,1338,17293928285427729059,0,planning,out,6873983333248,1,/apollo/planning,0,444,1784280915820244092,142,72163310362952361,2,811042,811163
202607171735,e2e_trace_v3,1339,17293928285427729060,0,planning,in,6874177348256,1,/apollo/prediction,453,0,1784280915932255480,2,72163310362952362,1,811042,811163
202607171735,e2e_trace_v3,1356,17293928285427729060,0,planning,out,6874200440288,1,/apollo/planning,0,445,1784280915932255480,143,72163310362952362,1,811042,811163
202607171735,e2e_trace_v3,1357,17293928285427729061,0,planning,in,6874410338816,1,/apollo/prediction,454,0,1784280916040450270,2,72163310362952363,2,811042,811154
202607171735,e2e_trace_v3,1374,17293928285427729061,0,planning,out,6874439399808,1,/apollo/planning,0,446,1784280916040450270,111,72163310362952363,2,811042,811154
202607171735,e2e_trace_v3,1375,17293928285427729062,0,planning,in,6874630525184,1,/apollo/prediction,455,0,1784280916150274794,3,72163310362952364,2,811042,811157
202607171735,e2e_trace_v3,1392,17293928285427729062,0,planning,out,6874664126400,1,/apollo/planning,0,447,1784280916150274794,123,72163310362952364,2,811042,811157
202607171735,e2e_trace_v3,1393,17293928285427729063,0,planning,in,6874857718880,1,/apollo/prediction,456,0,1784280916258850740,1,72163310362952365,2,811042,811161
202607171735,e2e_trace_v3,1410,17293928285427729063,0,planning,out,6874886532160,1,/apollo/planning,0,448,1784280916258850740,134,72163310362952365,2,811042,811161
202607171735,e2e_trace_v3,1411,17293928285427729064,0,planning,in,6875086142208,1,/apollo/prediction,457,0,1784280916366858059,1,72163310362952366,2,811042,811149
202607171735,e2e_trace_v3,1428,17293928285427729064,0,planning,out,6875111363616,1,/apollo/planning,0,449,1784280916366858059,140,72163310362952366,2,811042,811149
202607171735,e2e_trace_v3,1429,17293928285427729065,0,planning,in,6875314327776,1,/apollo/prediction,458,0,1784280916474135583,0,72163310362952367,2,811042,811149
202607171735,e2e_trace_v3,1446,17293928285427729065,0,planning,out,6875339526400,1,/apollo/planning,0,450,1784280916474135583,142,72163310362952367,2,811042,811149
202607171735,e2e_trace_v3,1447,17293928285427729066,0,planning,in,6875414285856,1,/apollo/prediction,459,0,1784280916591037469,1,72163310362952368,2,811042,811153
202607171735,e2e_trace_v3,1464,17293928285427729066,0,planning,out,6875441016672,1,/apollo/planning,0,451,1784280916591037469,141,72163310362952368,2,811042,811153
202607171735,e2e_trace_v3,1465,17293928285427729067,0,planning,in,6875654146336,1,/apollo/prediction,460,0,1784280916700020352,0,72163310362952369,2,811042,811161
202607171735,e2e_trace_v3,1482,17293928285427729067,0,planning,out,6875687080384,1,/apollo/planning,0,452,1784280916700020352,111,72163310362952369,2,811042,811161
202607171735,e2e_trace_v3,1483,17293928285427729068,0,planning,in,6875881364704,1,/apollo/prediction,461,0,1784280916817613748,0,72163310362952370,2,811042,811152
202607171735,e2e_trace_v3,1500,17293928285427729068,0,planning,out,6875917206048,1,/apollo/planning,0,453,1784280916817613748,123,72163310362952370,2,811042,811152
202607171735,e2e_trace_v3,1501,17293928285427729069,0,planning,in,6876105586880,1,/apollo/prediction,462,0,1784280916930626311,0,72163310362952371,2,811042,811154
202607171735,e2e_trace_v3,1518,17293928285427729069,0,planning,out,6876133277376,1,/apollo/planning,0,454,1784280916930626311,134,72163310362952371,2,811042,811154
202607171735,e2e_trace_v3,1519,17293928285427729070,0,planning,in,6876337647808,1,/apollo/prediction,463,0,1784280917041657923,0,72163310362952372,2,811042,811159
202607171735,e2e_trace_v3,1536,17293928285427729070,0,planning,out,6876363850016,1,/apollo/planning,0,455,1784280917041657923,141,72163310362952372,2,811042,811159
202607171735,e2e_trace_v3,1537,17293928285427729071,0,planning,in,6876438421216,1,/apollo/prediction,464,0,1784280917161620082,0,72163310362952373,2,811042,811162
202607171735,e2e_trace_v3,1554,17293928285427729071,0,planning,out,6876473042208,1,/apollo/planning,0,456,1784280917161620082,141,72163310362952373,2,811042,811162
202607171735,e2e_trace_v3,1555,17293928285427729072,0,planning,in,6876546475808,1,/apollo/prediction,465,0,1784280917270753696,1,72163310362952374,2,811042,811149
202607171735,e2e_trace_v3,1572,17293928285427729072,0,planning,out,6876582178720,1,/apollo/planning,0,457,1784280917270753696,141,72163310362952374,2,811042,811149
202607171735,e2e_trace_v3,1573,17293928285427729073,0,planning,in,6876746253888,1,/apollo/prediction,466,0,1784280917508790197,1,72163310362952376,2,811042,811162
202607171735,e2e_trace_v3,1590,17293928285427729073,0,planning,out,6876782820928,1,/apollo/planning,0,458,1784280917508790197,142,72163310362952376,2,811042,811162
202607171735,e2e_trace_v3,1591,17293928285427729074,0,planning,in,6876858508864,1,/apollo/prediction,467,0,1784280917621158532,1,72163310362952377,2,811042,811153
202607171735,e2e_trace_v3,1608,17293928285427729074,0,planning,out,6876894993024,1,/apollo/planning,0,459,1784280917621158532,143,72163310362952377,2,811042,811153
202607171735,e2e_trace_v3,1609,17293928285427729075,0,planning,in,6876957866592,1,/apollo/prediction,468,0,1784280917734665190,1,72163310362952378,2,811042,811161
202607171735,e2e_trace_v3,1626,17293928285427729075,0,planning,out,6876989898688,1,/apollo/planning,0,460,1784280917734665190,143,72163310362952378,2,811042,811161
202607171735,e2e_trace_v3,1627,17293928285427729076,0,planning,in,6877058352896,1,/apollo/prediction,469,0,1784280917848046591,0,72163310362952379,2,811042,811153
202607171735,e2e_trace_v3,1644,17293928285427729076,0,planning,out,6877082853856,1,/apollo/planning,0,461,1784280917848046591,143,72163310362952379,2,811042,811153
202607171735,e2e_trace_v3,1645,17293928285427729077,0,planning,in,6877154123584,1,/apollo/prediction,470,0,1784280917955948340,1,72163310362952380,2,811042,811162
202607171735,e2e_trace_v3,1662,17293928285427729077,0,planning,out,6877182540032,1,/apollo/planning,0,462,1784280917955948340,141,72163310362952380,2,811042,811162
202607171735,e2e_trace_v3,1663,17293928285427729078,0,planning,in,6877255166464,1,/apollo/prediction,471,0,1784280918064421651,1,72163310362952381,2,811042,811161
202607171735,e2e_trace_v3,1680,17293928285427729078,0,planning,out,6877292716736,1,/apollo/planning,0,463,1784280918064421651,111,72163310362952381,2,811042,811161
202607171735,e2e_trace_v3,1681,17293928285427729079,0,planning,in,6877358838432,1,/apollo/prediction,472,0,1784280918172410183,0,72163310362952382,2,811042,811152
202607171735,e2e_trace_v3,1698,17293928285427729079,0,planning,out,6877391839232,1,/apollo/planning,0,464,1784280918172410183,117,72163310362952382,2,811042,811152
202607171735,e2e_trace_v3,1699,17293928285427729080,0,planning,in,6877454074048,1,/apollo/prediction,473,0,1784280918280512127,0,72163310362952383,2,811042,811162
202607171735,e2e_trace_v3,1716,17293928285427729080,0,planning,out,6877487683328,1,/apollo/planning,0,465,1784280918280512127,121,72163310362952383,2,811042,811162
202607171735,e2e_trace_v3,1717,17293928285427729081,0,planning,in,6877562085696,1,/apollo/prediction,474,0,1784280918392380671,1,72163310362952384,2,811042,811161
202607171735,e2e_trace_v3,1734,17293928285427729081,0,planning,out,6877587255104,1,/apollo/planning,0,466,1784280918392380671,127,72163310362952384,2,811042,811161
202607171735,e2e_trace_v3,1735,17293928285427729082,0,planning,in,6877651090432,1,/apollo/prediction,475,0,1784280918501811873,1,72163310362952385,2,811042,811154
202607171735,e2e_trace_v3,1752,17293928285427729082,0,planning,out,6877689726368,1,/apollo/planning,0,467,1784280918501811873,131,72163310362952385,2,811042,811154
202607171735,e2e_trace_v3,1753,17293928285427729083,0,planning,in,6877745956384,1,/apollo/prediction,476,0,1784280918609407783,0,72163310362952386,2,811042,811151
202607171735,e2e_trace_v3,1770,17293928285427729083,0,planning,out,6877787642208,1,/apollo/planning,0,468,1784280918609407783,136,72163310362952386,2,811042,811151
202607171735,e2e_trace_v3,1771,17293928285427729084,0,planning,in,6877842726752,1,/apollo/prediction,477,0,1784280918724653351,0,72163310362952387,2,811042,811158
202607171735,e2e_trace_v3,1788,17293928285427729084,0,planning,out,6877876648768,1,/apollo/planning,0,469,1784280918724653351,137,72163310362952387,2,811042,811158
202607171735,e2e_trace_v3,1789,17293928285427729085,0,planning,in,6877942171168,1,/apollo/prediction,478,0,1784280918832685178,1,72163310362952388,2,811042,811149
202607171735,e2e_trace_v3,1806,17293928285427729085,0,planning,out,6877972550624,1,/apollo/planning,0,470,1784280918832685178,137,72163310362952388,2,811042,811149
202607171735,e2e_trace_v3,1807,17293928285427729086,0,planning,in,6878039927392,1,/apollo/prediction,479,0,1784280918940121007,0,72163310362952389,2,811042,811150
202607171735,e2e_trace_v3,1824,17293928285427729086,0,planning,out,6878067765664,1,/apollo/planning,0,471,1784280918940121007,137,72163310362952389,2,811042,811150
202607171735,e2e_trace_v3,1825,17293928285427729087,0,planning,in,6878147700320,1,/apollo/prediction,480,0,1784280919048825246,1,72163310362952390,2,811042,811160
202607171735,e2e_trace_v3,1842,17293928285427729087,0,planning,out,6878176169280,1,/apollo/planning,0,472,1784280919048825246,142,72163310362952390,2,811042,811160
202607171735,e2e_trace_v3,1843,17293928285427729088,0,planning,in,6878230204352,1,/apollo/prediction,481,0,1784280919159081982,1,72163310362952391,2,811042,811149
202607171735,e2e_trace_v3,1860,17293928285427729088,0,planning,out,6878262223872,1,/apollo/planning,0,473,1784280919159081982,141,72163310362952391,2,811042,811149
202607171735,e2e_trace_v3,1861,17293928285427729089,0,planning,in,6878321863584,1,/apollo/prediction,482,0,1784280919269447867,0,72163310362952392,2,811042,811150
202607171735,e2e_trace_v3,1878,17293928285427729089,0,planning,out,6878350800640,1,/apollo/planning,0,474,1784280919269447867,141,72163310362952392,2,811042,811150
202607171735,e2e_trace_v3,1879,17293928285427729090,0,planning,in,6878416136992,1,/apollo/prediction,483,0,1784280919377905814,0,72163310362952393,2,811042,811155
202607171735,e2e_trace_v3,1896,17293928285427729090,0,planning,out,6878450127008,1,/apollo/planning,0,475,1784280919377905814,141,72163310362952393,2,811042,811155
202607171735,e2e_trace_v3,1897,17293928285427729091,0,planning,in,6878513952064,1,/apollo/prediction,484,0,1784280919484652395,0,72163310362952394,2,811042,811150
202607171735,e2e_trace_v3,1914,17293928285427729091,0,planning,out,6878546984736,1,/apollo/planning,0,476,1784280919484652395,140,72163310362952394,2,811042,811150
202607171735,e2e_trace_v3,1915,17293928285427729092,0,planning,in,6878613522432,1,/apollo/prediction,485,0,1784280919592979758,0,72163310362952395,2,811042,811158
202607171735,e2e_trace_v3,1932,17293928285427729092,0,planning,out,6878656460928,1,/apollo/planning,0,477,1784280919592979758,139,72163310362952395,2,811042,811158
202607171735,e2e_trace_v3,1933,17293928285427729093,0,planning,in,6878706789888,1,/apollo/prediction,486,0,1784280919700798525,0,72163310362952396,2,811042,811163
202607171735,e2e_trace_v3,1950,17293928285427729093,0,planning,out,6878746808000,1,/apollo/planning,0,478,1784280919700798525,111,72163310362952396,2,811042,811163
202607171735,e2e_trace_v3,1951,17293928285427729094,0,planning,in,6878803171072,1,/apollo/prediction,487,0,1784280919811521645,0,72163310362952397,2,811042,811153
202607171735,e2e_trace_v3,1968,17293928285427729094,0,planning,out,6878846338688,1,/apollo/planning,0,479,1784280919811521645,111,72163310362952397,2,811042,811153
202607171735,e2e_trace_v3,1969,17293928285427729095,0,planning,in,6878899877792,1,/apollo/prediction,488,0,1784280919924061609,0,72163310362952398,2,811042,811160
202607171735,e2e_trace_v3,1986,17293928285427729095,0,planning,out,6878935667776,1,/apollo/planning,0,480,1784280919924061609,111,72163310362952398,2,811042,811160
202607171735,e2e_trace_v3,1987,17293928285427729096,0,planning,in,6879001927072,1,/apollo/prediction,489,0,1784280920031396320,0,72163310362952399,2,811042,811156
202607171735,e2e_trace_v3,2004,17293928285427729096,0,planning,out,6879039139680,1,/apollo/planning,0,481,1784280920031396320,117,72163310362952399,2,811042,811156
202607171735,e2e_trace_v3,2005,17293928285427729097,0,planning,in,6879091292832,1,/apollo/prediction,490,0,1784280920140263874,0,72163310362952400,2,811042,811154
202607171735,e2e_trace_v3,2022,17293928285427729097,0,planning,out,6879125237024,1,/apollo/planning,0,482,1784280920140263874,121,72163310362952400,2,811042,811154
202607171735,e2e_trace_v3,2023,17293928285427729098,0,planning,in,6879189826240,1,/apollo/prediction,491,0,1784280920251475257,0,72163310362952401,2,811042,811158
202607171735,e2e_trace_v3,2040,17293928285427729098,0,planning,out,6879219393536,1,/apollo/planning,0,483,1784280920251475257,126,72163310362952401,2,811042,811158
202607171735,e2e_trace_v3,2041,17293928285427729099,0,planning,in,6879285022880,1,/apollo/prediction,492,0,1784280920361046457,0,72163310362952402,2,811042,811157
202607171735,e2e_trace_v3,2058,17293928285427729099,0,planning,out,6879319323584,1,/apollo/planning,0,484,1784280920361046457,131,72163310362952402,2,811042,811157
202607171735,e2e_trace_v3,2059,17293928285427729100,0,planning,in,6879377957312,1,/apollo/prediction,493,0,1784280920471908088,0,72163310362952403,2,811042,811164
202607171735,e2e_trace_v3,2076,17293928285427729100,0,planning,out,6879416104416,1,/apollo/planning,0,485,1784280920471908088,135,72163310362952403,2,811042,811164
202607171735,e2e_trace_v3,2077,17293928285427729101,0,planning,in,6879472806944,1,/apollo/prediction,494,0,1784280920586370916,0,72163310362952404,2,811042,811150
202607171735,e2e_trace_v3,2094,17293928285427729101,0,planning,out,6879513161728,1,/apollo/planning,0,486,1784280920586370916,140,72163310362952404,2,811042,811150
202607171735,e2e_trace_v3,2095,17293928285427729102,0,planning,in,6879570161312,1,/apollo/prediction,495,0,1784280920702957991,0,72163310362952405,2,811042,811158
202607171735,e2e_trace_v3,2112,17293928285427729102,0,planning,out,6879608880640,1,/apollo/planning,0,487,1784280920702957991,141,72163310362952405,2,811042,811158
202607171735,e2e_trace_v3,2113,17293928285427729103,0,planning,in,6879668232704,1,/apollo/prediction,496,0,1784280920810864354,0,72163310362952406,2,811042,811149
202607171735,e2e_trace_v3,2130,17293928285427729103,0,planning,out,6879705878784,1,/apollo/planning,0,488,1784280920810864354,141,72163310362952406,2,811042,811149
202607171735,e2e_trace_v3,2131,17293928285427729104,0,planning,in,6879770045312,1,/apollo/prediction,497,0,1784280920920940374,0,72163310362952407,2,811042,811150
202607171735,e2e_trace_v3,2148,17293928285427729104,0,planning,out,6879809124448,1,/apollo/planning,0,489,1784280920920940374,141,72163310362952407,2,811042,811150
202607171735,e2e_trace_v3,2149,17293928285427729105,0,planning,in,6879859948544,1,/apollo/prediction,498,0,1784280921048984194,0,72163310362952408,2,811042,811155
202607171735,e2e_trace_v3,2166,17293928285427729105,0,planning,out,6879898063584,1,/apollo/planning,0,490,1784280921048984194,141,72163310362952408,2,811042,811155
202607171735,e2e_trace_v3,2167,17293928285427729106,0,planning,in,6879955490304,1,/apollo/prediction,499,0,1784280921164612373,0,72163310362952409,2,811042,811156
202607171735,e2e_trace_v3,2184,17293928285427729106,0,planning,out,6879989541696,1,/apollo/planning,0,491,1784280921164612373,141,72163310362952409,2,811042,811156
202607171735,e2e_trace_v3,2185,17293928285427729107,0,planning,in,6880050807168,1,/apollo/prediction,500,0,1784280921275167913,0,72163310362952410,2,811042,811155
202607171735,e2e_trace_v3,2202,17293928285427729107,0,planning,out,6880083439360,1,/apollo/planning,0,492,1784280921275167913,141,72163310362952410,2,811042,811155
202607171735,e2e_trace_v3,2203,17293928285427729108,0,planning,in,6880145230336,1,/apollo/prediction,501,0,1784280921386626069,0,72163310362952411,2,811042,811149
202607171735,e2e_trace_v3,2220,17293928285427729108,0,planning,out,6880176324288,1,/apollo/planning,0,493,1784280921386626069,111,72163310362952411,2,811042,811149
202607171735,e2e_trace_v3,2221,17293928285427729109,0,planning,in,6880246239040,1,/apollo/prediction,502,0,1784280921497874161,0,72163310362952412,2,811042,811157
202607171735,e2e_trace_v3,2238,17293928285427729109,0,planning,out,6880287005216,1,/apollo/planning,0,494,1784280921497874161,117,72163310362952412,2,811042,811157
202607171735,e2e_trace_v3,2239,17293928285427729110,0,planning,in,6880343213600,1,/apollo/prediction,503,0,1784280921606380664,0,72163310362952413,2,811042,811160
202607171735,e2e_trace_v3,2256,17293928285427729110,0,planning,out,6880371083488,1,/apollo/planning,0,495,1784280921606380664,121,72163310362952413,2,811042,811160
202607171735,e2e_trace_v3,2257,17293928285427729111,0,planning,in,6880438390560,1,/apollo/prediction,504,0,1784280921713760847,0,72163310362952414,2,811042,811151
202607171735,e2e_trace_v3,2274,17293928285427729111,0,planning,out,6880466775968,1,/apollo/planning,0,496,1784280921713760847,126,72163310362952414,2,811042,811151
202607171735,e2e_trace_v3,2275,17293928285427729112,0,planning,in,6880539373088,1,/apollo/prediction,505,0,1784280921823584037,0,72163310362952415,2,811042,811151
202607171735,e2e_trace_v3,2292,17293928285427729112,0,planning,out,6880568220928,1,/apollo/planning,0,497,1784280921823584037,131,72163310362952415,2,811042,811151
202607171735,e2e_trace_v3,2293,17293928285427729113,0,planning,in,6880637494560,1,/apollo/prediction,506,0,1784280921932591694,0,72163310362952416,2,811042,811157
202607171735,e2e_trace_v3,2310,17293928285427729113,0,planning,out,6880667877504,1,/apollo/planning,0,498,1784280921932591694,136,72163310362952416,2,811042,811157
202607171735,e2e_trace_v3,2311,17293928285427729114,0,planning,in,6880729067200,1,/apollo/prediction,507,0,1784280922041829809,0,72163310362952417,2,811042,811158
202607171735,e2e_trace_v3,2328,17293928285427729114,0,planning,out,6880758403168,1,/apollo/planning,0,499,1784280922041829809,137,72163310362952417,2,811042,811158
202607171735,e2e_trace_v3,2329,17293928285427729115,0,planning,in,6880826345408,1,/apollo/prediction,508,0,1784280922150545161,0,72163310362952418,2,811042,811162
202607171735,e2e_trace_v3,2346,17293928285427729115,0,planning,out,6880856199680,1,/apollo/planning,0,500,1784280922150545161,142,72163310362952418,2,811042,811162
202607171735,e2e_trace_v3,2347,17293928285427729116,0,planning,in,6880924285536,1,/apollo/prediction,509,0,1784280922258702876,0,72163310362952419,2,811042,811156
202607171735,e2e_trace_v3,2364,17293928285427729116,0,planning,out,6880951795456,1,/apollo/planning,0,501,1784280922258702876,141,72163310362952419,2,811042,811156
202607171735,e2e_trace_v3,2365,17293928285427729117,0,planning,in,6881021793856,1,/apollo/prediction,510,0,1784280922367627096,0,72163310362952420,2,811042,811158
202607171735,e2e_trace_v3,2382,17293928285427729117,0,planning,out,6881052533248,1,/apollo/planning,0,502,1784280922367627096,142,72163310362952420,2,811042,811158
202607171735,e2e_trace_v3,2383,17293928285427729118,0,planning,in,6881115617856,1,/apollo/prediction,511,0,1784280922478526781,0,72163310362952421,2,811042,811154
202607171735,e2e_trace_v3,2400,17293928285427729118,0,planning,out,6881158458560,1,/apollo/planning,0,503,1784280922478526781,142,72163310362952421,2,811042,811154
202607171735,e2e_trace_v3,2401,17293928285427729119,0,planning,in,6881218807840,1,/apollo/prediction,512,0,1784280922587634222,0,72163310362952422,2,811042,811157
202607171735,e2e_trace_v3,2418,17293928285427729119,0,planning,out,6881248772896,1,/apollo/planning,0,504,1784280922587634222,142,72163310362952422,2,811042,811157
202607171735,e2e_trace_v3,2419,17293928285427729120,0,planning,in,6881321442880,1,/apollo/prediction,513,0,1784280922701309779,0,72163310362952423,2,811042,811154
202607171735,e2e_trace_v3,2436,17293928285427729120,0,planning,out,6881352767168,1,/apollo/planning,0,505,1784280922701309779,142,72163310362952423,2,811042,811154
202607171735,e2e_trace_v3,2437,17293928285427729121,0,planning,in,6881410007776,1,/apollo/prediction,514,0,1784280922810521918,0,72163310362952424,2,811042,811157
202607171735,e2e_trace_v3,2454,17293928285427729121,0,planning,out,6881451398880,1,/apollo/planning,0,506,1784280922810521918,142,72163310362952424,2,811042,811157
202607171735,e2e_trace_v3,2455,17293928285427729122,0,planning,in,6881507781088,1,/apollo/prediction,515,0,1784280922932324406,0,72163310362952425,2,811042,811153
202607171735,e2e_trace_v3,2472,17293928285427729122,0,planning,out,6881541521632,1,/apollo/planning,0,507,1784280922932324406,111,72163310362952425,2,811042,811153
202607171735,e2e_trace_v3,2473,17293928285427729123,0,planning,in,6881602211104,1,/apollo/prediction,516,0,1784280923043288337,0,72163310362952426,2,811042,811152
202607171735,e2e_trace_v3,2490,17293928285427729123,0,planning,out,6881632932000,1,/apollo/planning,0,508,1784280923043288337,111,72163310362952426,2,811042,811152
202607171735,e2e_trace_v3,2491,17293928285427729124,0,planning,in,6881701824832,1,/apollo/prediction,517,0,1784280923153905292,0,72163310362952427,2,811042,811154
202607171735,e2e_trace_v3,2508,17293928285427729124,0,planning,out,6881733108576,1,/apollo/planning,0,509,1784280923153905292,111,72163310362952427,2,811042,811154
202607171735,e2e_trace_v3,2509,17293928285427729125,0,planning,in,6881796683872,1,/apollo/prediction,518,0,1784280923292039826,0,72163310362952428,2,811042,811153
202607171735,e2e_trace_v3,2526,17293928285427729125,0,planning,out,6881851261280,1,/apollo/planning,0,510,1784280923292039826,111,72163310362952428,2,811042,811153
202607171735,e2e_trace_v3,2527,17293928285427729126,0,planning,in,6881893820480,1,/apollo/prediction,519,0,1784280923404243037,0,72163310362952429,2,811042,811155
202607171735,e2e_trace_v3,2544,17293928285427729126,0,planning,out,6881944122496,1,/apollo/planning,0,511,1784280923404243037,111,72163310362952429,2,811042,811155
202607171735,e2e_trace_v3,2545,17293928285427729127,0,planning,in,6881988605408,1,/apollo/prediction,520,0,1784280923516540079,0,72163310362952430,2,811042,811152
202607171735,e2e_trace_v3,2562,17293928285427729127,0,planning,out,6882022892032,1,/apollo/planning,0,512,1784280923516540079,111,72163310362952430,2,811042,811152
202607171735,e2e_trace_v3,2563,17293928285427729128,0,planning,in,6882089839936,1,/apollo/prediction,521,0,1784280923628525006,0,72163310362952431,2,811042,811151
202607171735,e2e_trace_v3,2580,17293928285427729128,0,planning,out,6882125948800,1,/apollo/planning,0,513,1784280923628525006,117,72163310362952431,2,811042,811151
202607171735,e2e_trace_v3,2581,17293928285427729129,0,planning,in,6882197112416,1,/apollo/prediction,522,0,1784280923739416888,0,72163310362952432,2,811042,811161
202607171735,e2e_trace_v3,2598,17293928285427729129,0,planning,out,6882232996608,1,/apollo/planning,0,514,1784280923739416888,122,72163310362952432,2,811042,811161
202607171735,e2e_trace_v3,2599,17293928285427729130,0,planning,in,6882291939680,1,/apollo/prediction,523,0,1784280923848514731,0,72163310362952433,2,811042,811151
202607171735,e2e_trace_v3,2616,17293928285427729130,0,planning,out,6882334323360,1,/apollo/planning,0,515,1784280923848514731,127,72163310362952433,2,811042,811151
202607171735,e2e_trace_v3,2617,17293928285427729131,0,planning,in,6882389313856,1,/apollo/prediction,524,0,1784280923959399668,0,72163310362952434,2,811042,811157
202607171735,e2e_trace_v3,2634,17293928285427729131,0,planning,out,6882421733376,1,/apollo/planning,0,516,1784280923959399668,132,72163310362952434,2,811042,811157
202607171735,e2e_trace_v3,2635,17293928285427729132,0,planning,in,6882480513248,1,/apollo/prediction,525,0,1784280924068987730,0,72163310362952435,2,811042,811159
202607171735,e2e_trace_v3,2652,17293928285427729132,0,planning,out,6882516323936,1,/apollo/planning,0,517,1784280924068987730,136,72163310362952435,2,811042,811159
202607171735,e2e_trace_v3,2653,17293928285427729133,0,planning,in,6882573569696,1,/apollo/prediction,526,0,1784280924178925004,0,72163310362952436,2,811042,811162
202607171735,e2e_trace_v3,2670,17293928285427729133,0,planning,out,6882618182112,1,/apollo/planning,0,518,1784280924178925004,141,72163310362952436,2,811042,811162
202607171735,e2e_trace_v3,2671,17293928285427729134,0,planning,in,6882665778432,1,/apollo/prediction,527,0,1784280924295924190,0,72163310362952437,2,811042,811160
202607171735,e2e_trace_v3,2688,17293928285427729134,0,planning,out,6882698255712,1,/apollo/planning,0,519,1784280924295924190,140,72163310362952437,2,811042,811160
202607171735,e2e_trace_v3,2689,17293928285427729135,0,planning,in,6882766036960,1,/apollo/prediction,528,0,1784280924405587944,0,72163310362952438,2,811042,811155
202607171735,e2e_trace_v3,2706,17293928285427729135,0,planning,out,6882820807168,1,/apollo/planning,0,520,1784280924405587944,139,72163310362952438,2,811042,811155
202607171735,e2e_trace_v3,2707,17293928285427729136,0,planning,in,6882842916448,1,/apollo/prediction,529,0,1784280924519129929,0,72163310362952439,2,811042,811150
202607171735,e2e_trace_v3,2724,17293928285427729136,0,planning,out,6882886516320,1,/apollo/planning,0,521,1784280924519129929,143,72163310362952439,2,811042,811150
202607171735,e2e_trace_v3,2725,17293928285427729137,0,planning,in,6882930426240,1,/apollo/prediction,530,0,1784280924631960829,0,72163310362952440,2,811042,811157
202607171735,e2e_trace_v3,2742,17293928285427729137,0,planning,out,6882975240512,1,/apollo/planning,0,522,1784280924631960829,144,72163310362952440,2,811042,811157
202607171735,e2e_trace_v3,2743,17293928285427729138,0,planning,in,6883012684064,1,/apollo/prediction,531,0,1784280924740875965,0,72163310362952441,2,811042,811161
202607171735,e2e_trace_v3,2760,17293928285427729138,0,planning,out,6883045584192,1,/apollo/planning,0,523,1784280924740875965,143,72163310362952441,2,811042,811161
202607171735,e2e_trace_v3,2761,17293928285427729139,0,planning,in,6883101939328,1,/apollo/prediction,532,0,1784280924853177550,0,72163310362952442,2,811042,811162
202607171735,e2e_trace_v3,2778,17293928285427729139,0,planning,out,6883141501760,1,/apollo/planning,0,524,1784280924853177550,141,72163310362952442,2,811042,811162
202607171735,e2e_trace_v3,2779,17293928285427729140,0,planning,in,6883177934464,1,/apollo/prediction,533,0,1784280924970984817,0,72163310362952443,2,811042,811154
202607171735,e2e_trace_v3,2796,17293928285427729140,0,planning,out,6883216796384,1,/apollo/planning,0,525,1784280924970984817,145,72163310362952443,2,811042,811154
202607171735,e2e_trace_v3,2797,17293928285427729141,0,planning,in,6883265657728,1,/apollo/prediction,534,0,1784280925085371521,0,72163310362952444,2,811042,811157
202607171735,e2e_trace_v3,2814,17293928285427729141,0,planning,out,6883302592544,1,/apollo/planning,0,526,1784280925085371521,144,72163310362952444,2,811042,811157
202607171735,e2e_trace_v3,2815,17293928285427729142,0,planning,in,6883358078752,1,/apollo/prediction,535,0,1784280925199475496,0,72163310362952445,2,811042,811163
202607171735,e2e_trace_v3,2832,17293928285427729142,0,planning,out,6883400866016,1,/apollo/planning,0,527,1784280925199475496,144,72163310362952445,2,811042,811163
202607171735,e2e_trace_v3,2833,17293928285427729143,0,planning,in,6883433874176,1,/apollo/prediction,536,0,1784280925310644825,0,72163310362952446,2,811042,811158
202607171735,e2e_trace_v3,2850,17293928285427729143,0,planning,out,6883470924896,1,/apollo/planning,0,528,1784280925310644825,111,72163310362952446,2,811042,811158
202607171735,e2e_trace_v3,2851,17293928285427729144,0,planning,in,6883515199776,1,/apollo/prediction,537,0,1784280925421926130,0,72163310362952447,2,811042,811150
202607171735,e2e_trace_v3,2868,17293928285427729144,0,planning,out,6883545470304,1,/apollo/planning,0,529,1784280925421926130,111,72163310362952447,2,811042,811150
202607171735,e2e_trace_v3,2869,17293928285427729145,0,planning,in,6883598598432,1,/apollo/prediction,538,0,1784280925535288216,0,72163310362952448,2,811042,811154
202607171735,e2e_trace_v3,2886,17293928285427729145,0,planning,out,6883627708992,1,/apollo/planning,0,530,1784280925535288216,111,72163310362952448,2,811042,811154
202607171735,e2e_trace_v3,2887,17293928285427729146,0,planning,in,6883686009248,1,/apollo/prediction,539,0,1784280925646484577,0,72163310362952449,2,811042,811155
202607171735,e2e_trace_v3,2904,17293928285427729146,0,planning,out,6883720097920,1,/apollo/planning,0,531,1784280925646484577,111,72163310362952449,2,811042,811155
202607171735,e2e_trace_v3,2905,17293928285427729147,0,planning,in,6883773775040,1,/apollo/prediction,540,0,1784280925768468788,0,72163310362952450,2,811042,811151
202607171735,e2e_trace_v3,2922,17293928285427729147,0,planning,out,6883811111200,1,/apollo/planning,0,532,1784280925768468788,111,72163310362952450,2,811042,811151
202607171735,e2e_trace_v3,2923,17293928285427729148,0,planning,in,6883853799040,1,/apollo/prediction,541,0,1784280925887261586,0,72163310362952451,2,811042,811153
202607171735,e2e_trace_v3,2940,17293928285427729148,0,planning,out,6883907939456,1,/apollo/planning,0,533,1784280925887261586,111,72163310362952451,2,811042,811153
202607171735,e2e_trace_v3,2941,17293928285427729149,0,planning,in,6883941882624,1,/apollo/prediction,542,0,1784280926002572351,0,72163310362952452,2,811042,811150
202607171735,e2e_trace_v3,2958,17293928285427729149,0,planning,out,6883973119200,1,/apollo/planning,0,534,1784280926002572351,111,72163310362952452,2,811042,811150
202607171735,e2e_trace_v3,2959,17293928285427729150,0,planning,in,6884038876704,1,/apollo/prediction,543,0,1784280926115363596,0,72163310362952453,2,811042,811159
202607171735,e2e_trace_v3,2976,17293928285427729150,0,planning,out,6884079679584,1,/apollo/planning,0,535,1784280926115363596,111,72163310362952453,2,811042,811159
202607171735,e2e_trace_v3,2977,17293928285427729151,0,planning,in,6884115609536,1,/apollo/prediction,544,0,1784280926233568347,0,72163310362952454,2,811042,811162
202607171735,e2e_trace_v3,2994,17293928285427729151,0,planning,out,6884151156384,1,/apollo/planning,0,536,1784280926233568347,111,72163310362952454,2,811042,811162
202607171735,e2e_trace_v3,2995,17293928285427729152,0,planning,in,6884205900032,1,/apollo/prediction,545,0,1784280926344219094,0,72163310362952455,2,811042,811152
202607171735,e2e_trace_v3,3012,17293928285427729152,0,planning,out,6884249277568,1,/apollo/planning,0,537,1784280926344219094,111,72163310362952455,2,811042,811152
202607171735,e2e_trace_v3,3013,17293928285427729153,0,planning,in,6884281757248,1,/apollo/prediction,546,0,1784280926454798632,0,72163310362952456,2,811042,811150
202607171735,e2e_trace_v3,3030,17293928285427729153,0,planning,out,6884312386656,1,/apollo/planning,0,538,1784280926454798632,111,72163310362952456,2,811042,811150
202607171735,e2e_trace_v3,3031,17293928285427729154,0,planning,in,6884369648384,1,/apollo/prediction,547,0,1784280926576111775,0,72163310362952457,2,811042,811164
202607171735,e2e_trace_v3,3048,17293928285427729154,0,planning,out,6884402146816,1,/apollo/planning,0,539,1784280926576111775,111,72163310362952457,2,811042,811164
202607171735,e2e_trace_v3,3049,17293928285427729155,0,planning,in,6884506719680,1,/apollo/prediction,548,0,1784280926688573424,0,72163310362952458,2,811042,811162
202607171735,e2e_trace_v3,3066,17293928285427729155,0,planning,out,6884540740800,1,/apollo/planning,0,540,1784280926688573424,118,72163310362952458,2,811042,811162
202607171735,e2e_trace_v3,3067,17293928285427729156,0,planning,in,6884626091424,1,/apollo/prediction,549,0,1784280926833357910,0,72163310362952459,2,811042,811162
202607171735,e2e_trace_v3,3084,17293928285427729156,0,planning,out,6884657853984,1,/apollo/planning,0,541,1784280926833357910,124,72163310362952459,2,811042,811162
202607171735,e2e_trace_v3,3085,17293928285427729157,0,planning,in,6884751060256,1,/apollo/prediction,550,0,1784280926948325470,0,72163310362952460,1,811042,811162
202607171735,e2e_trace_v3,3102,17293928285427729157,0,planning,out,6884782478272,1,/apollo/planning,0,542,1784280926948325470,131,72163310362952460,1,811042,811162
202607171735,e2e_trace_v3,3103,17293928285427729158,0,planning,in,6884869325984,1,/apollo/prediction,551,0,1784280927062286101,0,72163310362952461,2,811042,811155
202607171735,e2e_trace_v3,3120,17293928285427729158,0,planning,out,6884914653504,1,/apollo/planning,0,543,1784280927062286101,136,72163310362952461,2,811042,811155
202607171735,e2e_trace_v3,3121,17293928285427729159,0,planning,in,6884985904160,1,/apollo/prediction,552,0,1784280927177455216,0,72163310362952462,2,811042,811157
202607171735,e2e_trace_v3,3138,17293928285427729159,0,planning,out,6885026158208,1,/apollo/planning,0,544,1784280927177455216,137,72163310362952462,2,811042,811157
202607171735,e2e_trace_v3,3139,17293928285427729160,0,planning,in,6885098741344,1,/apollo/prediction,553,0,1784280927293191346,0,72163310362952463,1,811042,811157
202607171735,e2e_trace_v3,3156,17293928285427729160,0,planning,out,6885132073696,1,/apollo/planning,0,545,1784280927293191346,138,72163310362952463,1,811042,811157
202607171735,e2e_trace_v3,3157,17293928285427729161,0,planning,in,6885206273248,1,/apollo/prediction,554,0,1784280927407764527,0,72163310362952464,2,811042,811163
202607171735,e2e_trace_v3,3174,17293928285427729161,0,planning,out,6885249487808,1,/apollo/planning,0,546,1784280927407764527,143,72163310362952464,2,811042,811163
202607171735,e2e_trace_v3,3175,17293928285427729162,0,planning,in,6885341746144,1,/apollo/prediction,555,0,1784280927520890475,0,72163310362952465,2,811042,811151
202607171735,e2e_trace_v3,3192,17293928285427729162,0,planning,out,6885370603840,1,/apollo/planning,0,547,1784280927520890475,139,72163310362952465,2,811042,811151
202607171735,e2e_trace_v3,3193,17293928285427729163,0,planning,in,6885441744384,1,/apollo/prediction,556,0,1784280927657462680,0,72163310362952466,2,811042,811155
202607171735,e2e_trace_v3,3210,17293928285427729163,0,planning,out,6885472093504,1,/apollo/planning,0,548,1784280927657462680,144,72163310362952466,2,811042,811155
202607171735,e2e_trace_v3,3211,17293928285427729164,0,planning,in,6885565850464,1,/apollo/prediction,557,0,1784280927772120005,0,72163310362952467,2,811042,811152
202607171735,e2e_trace_v3,3228,17293928285427729164,0,planning,out,6885601317824,1,/apollo/planning,0,549,1784280927772120005,139,72163310362952467,2,811042,811152
202607171735,e2e_trace_v3,3229,17293928285427729165,0,planning,in,6885688099936,1,/apollo/prediction,558,0,1784280927888918899,0,72163310362952468,2,811042,811152
202607171735,e2e_trace_v3,3246,17293928285427729165,0,planning,out,6885720034912,1,/apollo/planning,0,550,1784280927888918899,141,72163310362952468,2,811042,811152
202607171735,e2e_trace_v3,3247,17293928285427729166,0,planning,in,6885793845408,1,/apollo/prediction,559,0,1784280928000277247,0,72163310362952469,2,811042,811158
202607171735,e2e_trace_v3,3264,17293928285427729166,0,planning,out,6885824524864,1,/apollo/planning,0,551,1784280928000277247,142,72163310362952469,2,811042,811158
202607171735,e2e_trace_v3,3265,17293928285427729167,0,planning,in,6885906689760,1,/apollo/prediction,560,0,1784280928113149480,0,72163310362952470,2,811042,811155
202607171735,e2e_trace_v3,3282,17293928285427729167,0,planning,out,6885935531712,1,/apollo/planning,0,552,1784280928113149480,141,72163310362952470,2,811042,811155
202607171735,e2e_trace_v3,3283,17293928285427729168,0,planning,in,6886013366528,1,/apollo/prediction,561,0,1784280928226321503,0,72163310362952471,2,811042,811156
202607171735,e2e_trace_v3,3300,17293928285427729168,0,planning,out,6886043710336,1,/apollo/planning,0,553,1784280928226321503,111,72163310362952471,2,811042,811156
202607171735,e2e_trace_v3,3301,17293928285427729169,0,planning,in,6886141222368,1,/apollo/prediction,562,0,1784280928341455380,0,72163310362952472,2,811042,811156
202607171735,e2e_trace_v3,3318,17293928285427729169,0,planning,out,6886172309600,1,/apollo/planning,0,554,1784280928341455380,118,72163310362952472,2,811042,811156
202607171735,e2e_trace_v3,3319,17293928285427729170,0,planning,in,6886269892640,1,/apollo/prediction,563,0,1784280928458227834,0,72163310362952473,2,811042,811156
202607171735,e2e_trace_v3,3336,17293928285427729170,0,planning,out,6886299547648,1,/apollo/planning,0,555,1784280928458227834,124,72163310362952473,2,811042,811156
202607171735,e2e_trace_v3,3337,17293928285427729171,0,planning,in,6886374397280,1,/apollo/prediction,564,0,1784280928572898966,0,72163310362952474,2,811042,811160
202607171735,e2e_trace_v3,3354,17293928285427729171,0,planning,out,6886411018752,1,/apollo/planning,0,556,1784280928572898966,130,72163310362952474,2,811042,811160
202607171735,e2e_trace_v3,3355,17293928285427729172,0,planning,in,6886473792256,1,/apollo/prediction,565,0,1784280928685066470,0,72163310362952475,2,811042,811163
202607171735,e2e_trace_v3,3372,17293928285427729172,0,planning,out,6886511614016,1,/apollo/planning,0,557,1784280928685066470,135,72163310362952475,2,811042,811163
202607171735,e2e_trace_v3,3373,17293928285427729173,0,planning,in,6886597678400,1,/apollo/prediction,566,0,1784280928804074080,0,72163310362952476,2,811042,811161
202607171735,e2e_trace_v3,3390,17293928285427729173,0,planning,out,6886630036864,1,/apollo/planning,0,558,1784280928804074080,141,72163310362952476,2,811042,811161
202607171735,e2e_trace_v3,3391,17293928285427729174,0,planning,in,6886738243968,1,/apollo/prediction,567,0,1784280928927908735,0,72163310362952477,2,811042,811149
202607171735,e2e_trace_v3,3408,17293928285427729174,0,planning,out,6886770489952,1,/apollo/planning,0,559,1784280928927908735,138,72163310362952477,2,811042,811149
202607171735,e2e_trace_v3,3409,17293928285427729175,0,planning,in,6886831088800,1,/apollo/prediction,568,0,1784280929041050709,0,72163310362952478,2,811042,811157
202607171735,e2e_trace_v3,3426,17293928285427729175,0,planning,out,6886860634368,1,/apollo/planning,0,560,1784280929041050709,136,72163310362952478,2,811042,811157
202607171735,e2e_trace_v3,3427,17293928285427729176,0,planning,in,6886938312960,1,/apollo/prediction,569,0,1784280929153416570,0,72163310362952479,2,811042,811151
202607171735,e2e_trace_v3,3444,17293928285427729176,0,planning,out,6886974806432,1,/apollo/planning,0,561,1784280929153416570,142,72163310362952479,2,811042,811151
202607171735,e2e_trace_v3,3445,17293928285427729177,0,planning,in,6887071230784,1,/apollo/prediction,570,0,1784280929266660454,0,72163310362952480,2,811042,811156
202607171735,e2e_trace_v3,3462,17293928285427729177,0,planning,out,6887103043040,1,/apollo/planning,0,562,1784280929266660454,138,72163310362952480,2,811042,811156
202607171735,e2e_trace_v3,3463,17293928285427729178,0,planning,in,6887197528896,1,/apollo/prediction,571,0,1784280929396079874,0,72163310362952481,2,811042,811160
202607171735,e2e_trace_v3,3480,17293928285427729178,0,planning,out,6887233387776,1,/apollo/planning,0,563,1784280929396079874,141,72163310362952481,2,811042,811160
202607171735,e2e_trace_v3,3481,17293928285427729179,0,planning,in,6887321604800,1,/apollo/prediction,572,0,1784280929508538945,0,72163310362952482,2,811042,811153
202607171735,e2e_trace_v3,3498,17293928285427729179,0,planning,out,6887358600864,1,/apollo/planning,0,564,1784280929508538945,142,72163310362952482,2,811042,811153
202607171735,e2e_trace_v3,3499,17293928285427729180,0,planning,in,6887413622496,1,/apollo/prediction,573,0,1784280929621584487,0,72163310362952483,1,811042,811150
202607171735,e2e_trace_v3,3516,17293928285427729180,0,planning,out,6887444585760,1,/apollo/planning,0,565,1784280929621584487,141,72163310362952483,1,811042,811150
202607171735,e2e_trace_v3,3517,17293928285427729181,0,planning,in,6887524666368,1,/apollo/prediction,574,0,1784280929734507842,0,72163310362952484,2,811042,811159
202607171735,e2e_trace_v3,3534,17293928285427729181,0,planning,out,6887555289600,1,/apollo/planning,0,566,1784280929734507842,141,72163310362952484,2,811042,811159
202607171735,e2e_trace_v3,3535,17293928285427729182,0,planning,in,6887668022688,1,/apollo/prediction,575,0,1784280929848531079,0,72163310362952485,2,811042,811157
202607171735,e2e_trace_v3,3552,17293928285427729182,0,planning,out,6887721732544,1,/apollo/planning,0,567,1784280929848531079,144,72163310362952485,2,811042,811157
202607171735,e2e_trace_v3,3553,17293928285427729183,0,planning,in,6887773799360,1,/apollo/prediction,576,0,1784280929964051669,0,72163310362952486,2,811042,811161
202607171735,e2e_trace_v3,3570,17293928285427729183,0,planning,out,6887816005280,1,/apollo/planning,0,568,1784280929964051669,144,72163310362952486,2,811042,811161
202607171735,e2e_trace_v3,3571,17293928285427729184,0,planning,in,6887883300896,1,/apollo/prediction,577,0,1784280930076689567,0,72163310362952487,2,811042,811155
202607171735,e2e_trace_v3,3588,17293928285427729184,0,planning,out,6887927466816,1,/apollo/planning,0,569,1784280930076689567,144,72163310362952487,2,811042,811155
202607171735,e2e_trace_v3,3589,17293928285427729185,0,planning,in,6888010321152,1,/apollo/prediction,578,0,1784280930188463976,0,72163310362952488,2,811042,811155
202607171735,e2e_trace_v3,3606,17293928285427729185,0,planning,out,6888043731744,1,/apollo/planning,0,570,1784280930188463976,145,72163310362952488,2,811042,811155
202607171735,e2e_trace_v3,3607,17293928285427729186,0,planning,in,6888104524576,1,/apollo/prediction,579,0,1784280930302160602,0,72163310362952489,2,811042,811152
202607171735,e2e_trace_v3,3624,17293928285427729186,0,planning,out,6888148844160,1,/apollo/planning,0,571,1784280930302160602,145,72163310362952489,2,811042,811152
202607171735,e2e_trace_v3,3625,17293928285427729187,0,planning,in,6888217873408,1,/apollo/prediction,580,0,1784280930416856603,0,72163310362952490,2,811042,811153
202607171735,e2e_trace_v3,3642,17293928285427729187,0,planning,out,6888248912032,1,/apollo/planning,0,572,1784280930416856603,146,72163310362952490,2,811042,811153
202607171735,e2e_trace_v3,3643,17293928285427729188,0,planning,in,6888330852288,1,/apollo/prediction,581,0,1784280930530874712,0,72163310362952491,2,811042,811158
202607171735,e2e_trace_v3,3660,17293928285427729188,0,planning,out,6888362222208,1,/apollo/planning,0,573,1784280930530874712,145,72163310362952491,2,811042,811158
202607171735,e2e_trace_v3,3661,17293928285427729189,0,planning,in,6888441605824,1,/apollo/prediction,582,0,1784280930642808903,0,72163310362952492,2,811042,811151
202607171735,e2e_trace_v3,3678,17293928285427729189,0,planning,out,6888471357728,1,/apollo/planning,0,574,1784280930642808903,111,72163310362952492,2,811042,811151
202607171735,e2e_trace_v3,3679,17293928285427729190,0,planning,in,6888541896672,1,/apollo/prediction,583,0,1784280930757774747,0,72163310362952493,2,811042,811156
202607171735,e2e_trace_v3,3696,17293928285427729190,0,planning,out,6888579882464,1,/apollo/planning,0,575,1784280930757774747,117,72163310362952493,2,811042,811156
202607171735,e2e_trace_v3,3697,17293928285427729191,0,planning,in,6888669335136,1,/apollo/prediction,584,0,1784280930871120330,0,72163310362952494,2,811042,811163
202607171735,e2e_trace_v3,3714,17293928285427729191,0,planning,out,6888706853952,1,/apollo/planning,0,576,1784280930871120330,123,72163310362952494,2,811042,811163
202607171735,e2e_trace_v3,3715,17293928285427729192,0,planning,in,6888789818720,1,/apollo/prediction,585,0,1784280930988230682,1,72163310362952495,2,811042,811162
202607171735,e2e_trace_v3,3732,17293928285427729192,0,planning,out,6888820222048,1,/apollo/planning,0,577,1784280930988230682,129,72163310362952495,2,811042,811162
202607171735,e2e_trace_v3,3733,17293928285427729193,0,planning,in,6888926108224,1,/apollo/prediction,586,0,1784280931110490928,1,72163310362952496,2,811042,811157
202607171735,e2e_trace_v3,3750,17293928285427729193,0,planning,out,6888976346048,1,/apollo/planning,0,578,1784280931110490928,136,72163310362952496,2,811042,811157
202607171735,e2e_trace_v3,3751,17293928285427729194,0,planning,in,6889029117760,1,/apollo/prediction,587,0,1784280931231273709,0,72163310362952497,2,811042,811161
202607171735,e2e_trace_v3,3768,17293928285427729194,0,planning,out,6889071801376,1,/apollo/planning,0,579,1784280931231273709,141,72163310362952497,2,811042,811161
202607171735,e2e_trace_v3,3769,17293928285427729195,0,planning,in,6889150141984,1,/apollo/prediction,588,0,1784280931344594374,0,72163310362952498,2,811042,811158
202607171735,e2e_trace_v3,3786,17293928285427729195,0,planning,out,6889182240448,1,/apollo/planning,0,580,1784280931344594374,142,72163310362952498,2,811042,811158
202607171735,e2e_trace_v3,3787,17293928285427729196,0,planning,in,6889270912544,1,/apollo/prediction,589,0,1784280931459191165,1,72163310362952499,2,811042,811160
202607171735,e2e_trace_v3,3804,17293928285427729196,0,planning,out,6889325522720,1,/apollo/planning,0,581,1784280931459191165,142,72163310362952499,2,811042,811160
202607171735,e2e_trace_v3,3805,17293928285427729197,0,planning,in,6889388265408,1,/apollo/prediction,590,0,1784280931571988203,1,72163310362952500,2,811042,811157
202607171735,e2e_trace_v3,3822,17293928285427729197,0,planning,out,6889431004896,1,/apollo/planning,0,582,1784280931571988203,143,72163310362952500,2,811042,811157
202607171735,e2e_trace_v3,3823,17293928285427729198,0,planning,in,6889497820896,1,/apollo/prediction,591,0,1784280931692489126,1,72163310362952501,2,811042,811162
202607171735,e2e_trace_v3,3840,17293928285427729198,0,planning,out,6889527418272,1,/apollo/planning,0,583,1784280931692489126,143,72163310362952501,2,811042,811162
202607171735,e2e_trace_v3,3841,17293928285427729199,0,planning,in,6889591234080,1,/apollo/prediction,592,0,1784280931806092260,0,72163310362952502,2,811042,811152
202607171735,e2e_trace_v3,3858,17293928285427729199,0,planning,out,6889637773952,1,/apollo/planning,0,584,1784280931806092260,111,72163310362952502,2,811042,811152
202607171735,e2e_trace_v3,3859,17293928285427729200,0,planning,in,6889721406880,1,/apollo/prediction,593,0,1784280931922772348,1,72163310362952503,2,811042,811150
202607171735,e2e_trace_v3,3876,17293928285427729200,0,planning,out,6889757259328,1,/apollo/planning,0,585,1784280931922772348,118,72163310362952503,2,811042,811150
202607171735,e2e_trace_v3,3877,17293928285427729201,0,planning,in,6889834529248,1,/apollo/prediction,594,0,1784280932041725096,0,72163310362952504,2,811042,811160
202607171735,e2e_trace_v3,3894,17293928285427729201,0,planning,out,6889870616800,1,/apollo/planning,0,586,1784280932041725096,124,72163310362952504,2,811042,811160
202607171735,e2e_trace_v3,3895,17293928285427729202,0,planning,in,6889952656320,1,/apollo/prediction,595,0,1784280932154504588,0,72163310362952505,2,811042,811154
202607171735,e2e_trace_v3,3912,17293928285427729202,0,planning,out,6889984264672,1,/apollo/planning,0,587,1784280932154504588,130,72163310362952505,2,811042,811154
202607171735,e2e_trace_v3,3913,17293928285427729203,0,planning,in,6890060247904,1,/apollo/prediction,596,0,1784280932269365638,0,72163310362952506,2,811042,811157
202607171735,e2e_trace_v3,3930,17293928285427729203,0,planning,out,6890106522432,1,/apollo/planning,0,588,1784280932269365638,135,72163310362952506,2,811042,811157
202607171735,e2e_trace_v3,3931,17293928285427729204,0,planning,in,6890189453216,1,/apollo/prediction,597,0,1784280932383092284,0,72163310362952507,2,811042,811152
202607171735,e2e_trace_v3,3948,17293928285427729204,0,planning,out,6890236814368,1,/apollo/planning,0,589,1784280932383092284,136,72163310362952507,2,811042,811152
202607171735,e2e_trace_v3,3949,17293928285427729205,0,planning,in,6890298403712,1,/apollo/prediction,598,0,1784280932495966639,0,72163310362952508,2,811042,811151
202607171735,e2e_trace_v3,3966,17293928285427729205,0,planning,out,6890340278272,1,/apollo/planning,0,590,1784280932495966639,137,72163310362952508,2,811042,811151
202607171735,e2e_trace_v3,3967,17293928285427729206,0,planning,in,6890411843936,1,/apollo/prediction,599,0,1784280932609392167,0,72163310362952509,2,811042,811154
202607171735,e2e_trace_v3,3984,17293928285427729206,0,planning,out,6890443629984,1,/apollo/planning,0,591,1784280932609392167,138,72163310362952509,2,811042,811154
202607171735,e2e_trace_v3,3985,17293928285427729207,0,planning,in,6890529795008,1,/apollo/prediction,600,0,1784280932723806602,0,72163310362952510,2,811042,811161
202607171735,e2e_trace_v3,4002,17293928285427729207,0,planning,out,6890561122208,1,/apollo/planning,0,592,1784280932723806602,138,72163310362952510,2,811042,811161
202607171735,e2e_trace_v3,4003,17293928285427729208,0,planning,in,6890631507648,1,/apollo/prediction,601,0,1784280932838112219,0,72163310362952511,2,811042,811154
202607171735,e2e_trace_v3,4020,17293928285427729208,0,planning,out,6890665305600,1,/apollo/planning,0,593,1784280932838112219,144,72163310362952511,2,811042,811154
202607171735,e2e_trace_v3,4021,17293928285427729209,0,planning,in,6890756414208,1,/apollo/prediction,602,0,1784280932957827363,0,72163310362952512,2,811042,811150
202607171735,e2e_trace_v3,4038,17293928285427729209,0,planning,out,6890793526752,1,/apollo/planning,0,594,1784280932957827363,140,72163310362952512,2,811042,811150
202607171735,e2e_trace_v3,4039,17293928285427729210,0,planning,in,6890872804800,1,/apollo/prediction,603,0,1784280933075462495,0,72163310362952513,2,811042,811158
202607171735,e2e_trace_v3,4056,17293928285427729210,0,planning,out,6890911694464,1,/apollo/planning,0,595,1784280933075462495,141,72163310362952513,2,811042,811158
202607171735,e2e_trace_v3,4057,17293928285427729211,0,planning,in,6890996412128,1,/apollo/prediction,604,0,1784280933187737429,0,72163310362952514,2,811042,811161
202607171735,e2e_trace_v3,4074,17293928285427729211,0,planning,out,6891039141184,1,/apollo/planning,0,596,1784280933187737429,142,72163310362952514,2,811042,811161
202607171735,e2e_trace_v3,4075,17293928285427729212,0,planning,in,6891109734080,1,/apollo/prediction,605,0,1784280933300772391,0,72163310362952515,2,811042,811151
202607171735,e2e_trace_v3,4092,17293928285427729212,0,planning,out,6891144197440,1,/apollo/planning,0,597,1784280933300772391,142,72163310362952515,2,811042,811151
202607171735,e2e_trace_v3,4093,17293928285427729213,0,planning,in,6891215923200,1,/apollo/prediction,606,0,1784280933414390723,0,72163310362952516,2,811042,811153
202607171735,e2e_trace_v3,4110,17293928285427729213,0,planning,out,6891244099072,1,/apollo/planning,0,598,1784280933414390723,143,72163310362952516,2,811042,811153
202607171735,e2e_trace_v3,4111,17293928285427729214,0,planning,in,6891325767040,1,/apollo/prediction,607,0,1784280933527296408,0,72163310362952517,1,811042,811153
202607171735,e2e_trace_v3,4128,17293928285427729214,0,planning,out,6891354350752,1,/apollo/planning,0,599,1784280933527296408,143,72163310362952517,1,811042,811153
202607171735,e2e_trace_v3,4129,17293928285427729215,0,planning,in,6891433311712,1,/apollo/prediction,608,0,1784280933641095091,0,72163310362952518,2,811042,811158
202607171735,e2e_trace_v3,4146,17293928285427729215,0,planning,out,6891465600640,1,/apollo/planning,0,600,1784280933641095091,111,72163310362952518,2,811042,811158
202607171735,e2e_trace_v3,4147,17293928285427729216,0,planning,in,6891553585184,1,/apollo/prediction,609,0,1784280933756312170,0,72163310362952519,2,811042,811158
202607171735,e2e_trace_v3,4164,17293928285427729216,0,planning,out,6891583671680,1,/apollo/planning,0,601,1784280933756312170,118,72163310362952519,2,811042,811158
202607171735,e2e_trace_v3,4165,17293928285427729217,0,planning,in,6891702575232,1,/apollo/prediction,610,0,1784280933871420101,0,72163310362952520,2,811042,811154
202607171735,e2e_trace_v3,4182,17293928285427729217,0,planning,out,6891734799872,1,/apollo/planning,0,602,1784280933871420101,125,72163310362952520,2,811042,811154
202607171735,e2e_trace_v3,4183,17293928285427729218,0,planning,in,6891794496288,1,/apollo/prediction,611,0,1784280933988722275,0,72163310362952521,2,811042,811163
202607171735,e2e_trace_v3,4200,17293928285427729218,0,planning,out,6891827371808,1,/apollo/planning,0,603,1784280933988722275,130,72163310362952521,2,811042,811163
202607171735,e2e_trace_v3,4201,17293928285427729219,0,planning,in,6891903080864,1,/apollo/prediction,612,0,1784280934107773973,0,72163310362952522,1,811042,811154
202607171735,e2e_trace_v3,4218,17293928285427729219,0,planning,out,6891933369376,1,/apollo/planning,0,604,1784280934107773973,135,72163310362952522,1,811042,811154
202607171735,e2e_trace_v3,4219,17293928285427729220,0,planning,in,6892023982176,1,/apollo/prediction,613,0,1784280934221489563,0,72163310362952523,2,811042,811150
202607171735,e2e_trace_v3,4236,17293928285427729220,0,planning,out,6892062801504,1,/apollo/planning,0,605,1784280934221489563,141,72163310362952523,2,811042,811150
202607171735,e2e_trace_v3,4237,17293928285427729221,0,planning,in,6892173713824,1,/apollo/prediction,614,0,1784280934336768487,0,72163310362952524,2,811042,811162
202607171735,e2e_trace_v3,4254,17293928285427729221,0,planning,out,6892214902016,1,/apollo/planning,0,606,1784280934336768487,139,72163310362952524,2,811042,811162
202607171735,e2e_trace_v3,4255,17293928285427729222,0,planning,in,6892289853888,1,/apollo/prediction,615,0,1784280934474882870,0,72163310362952525,2,811042,811162
202607171735,e2e_trace_v3,4272,17293928285427729222,0,planning,out,6892329678560,1,/apollo/planning,0,607,1784280934474882870,139,72163310362952525,2,811042,811162
202607171735,e2e_trace_v3,4273,17293928285427729223,0,planning,in,6892390894016,1,/apollo/prediction,616,0,1784280934594461028,0,72163310362952526,1,811042,811151
202607171735,e2e_trace_v3,4290,17293928285427729223,0,planning,out,6892428790336,1,/apollo/planning,0,608,1784280934594461028,144,72163310362952526,1,811042,811151
202607171735,e2e_trace_v3,4291,17293928285427729224,0,planning,in,6892517555296,1,/apollo/prediction,617,0,1784280934710303487,0,72163310362952527,2,811042,811150
202607171735,e2e_trace_v3,4308,17293928285427729224,0,planning,out,6892551088512,1,/apollo/planning,0,609,1784280934710303487,141,72163310362952527,2,811042,811150
202607171735,e2e_trace_v3,4309,17293928285427729225,0,planning,in,6892624741216,1,/apollo/prediction,618,0,1784280934830561993,0,72163310362952528,2,811042,811159
202607171735,e2e_trace_v3,4326,17293928285427729225,0,planning,out,6892656416320,1,/apollo/planning,0,610,1784280934830561993,141,72163310362952528,2,811042,811159
202607171735,e2e_trace_v3,4327,17293928285427729226,0,planning,in,6892733626528,1,/apollo/prediction,619,0,1784280934941554754,0,72163310362952529,2,811042,811155
202607171735,e2e_trace_v3,4344,17293928285427729226,0,planning,out,6892767364992,1,/apollo/planning,0,611,1784280934941554754,141,72163310362952529,2,811042,811155
202607171735,e2e_trace_v3,4345,17293928285427729227,0,planning,in,6892850479232,1,/apollo/prediction,620,0,1784280935052577464,0,72163310362952530,2,811042,811162
202607171735,e2e_trace_v3,4362,17293928285427729227,0,planning,out,6892881428928,1,/apollo/planning,0,612,1784280935052577464,141,72163310362952530,2,811042,811162
202607171735,e2e_trace_v3,4363,17293928285427729228,0,planning,in,6892973890752,1,/apollo/prediction,621,0,1784280935167591017,1,72163310362952531,2,811042,811160
202607171735,e2e_trace_v3,4380,17293928285427729228,0,planning,out,6893003349952,1,/apollo/planning,0,613,1784280935167591017,144,72163310362952531,2,811042,811160
202607171735,e2e_trace_v3,4381,17293928285427729229,0,planning,in,6893093816416,1,/apollo/prediction,622,0,1784280935284069586,1,72163310362952532,2,811042,811160
202607171735,e2e_trace_v3,4398,17293928285427729229,0,planning,out,6893122363328,1,/apollo/planning,0,614,1784280935284069586,145,72163310362952532,2,811042,811160
202607171735,e2e_trace_v3,4399,17293928285427729230,0,planning,in,6893201202880,1,/apollo/prediction,623,0,1784280935399179274,1,72163310362952533,2,811042,811149
202607171735,e2e_trace_v3,4416,17293928285427729230,0,planning,out,6893240201632,1,/apollo/planning,0,615,1784280935399179274,144,72163310362952533,2,811042,811149
202607171735,e2e_trace_v3,4417,17293928285427729231,0,planning,in,6893337400064,1,/apollo/prediction,624,0,1784280935513303347,1,72163310362952534,2,811042,811149
202607171735,e2e_trace_v3,4434,17293928285427729231,0,planning,out,6893373821216,1,/apollo/planning,0,616,1784280935513303347,111,72163310362952534,2,811042,811149
202607171735,e2e_trace_v3,4435,17293928285427729232,0,planning,in,6893441579936,1,/apollo/prediction,625,0,1784280935635601332,0,72163310362952535,2,811042,811164
202607171735,e2e_trace_v3,4452,17293928285427729232,0,planning,out,6893476308576,1,/apollo/planning,0,617,1784280935635601332,117,72163310362952535,2,811042,811164
202607171735,e2e_trace_v3,4453,17293928285427729233,0,planning,in,6893557662432,1,/apollo/prediction,626,0,1784280935747898622,0,72163310362952536,2,811042,811164
202607171735,e2e_trace_v3,4470,17293928285427729233,0,planning,out,6893591527232,1,/apollo/planning,0,618,1784280935747898622,123,72163310362952536,2,811042,811164
202607171735,e2e_trace_v3,4471,17293928285427729234,0,planning,in,6893654154784,1,/apollo/prediction,627,0,1784280935862524930,1,72163310362952537,2,811042,811155
202607171735,e2e_trace_v3,4488,17293928285427729234,0,planning,out,6893683868896,1,/apollo/planning,0,619,1784280935862524930,127,72163310362952537,2,811042,811155
202607171735,e2e_trace_v3,4489,17293928285427729235,0,planning,in,6893765394560,1,/apollo/prediction,628,0,1784280935971818202,1,72163310362952538,2,811042,811162
202607171735,e2e_trace_v3,4506,17293928285427729235,0,planning,out,6893805999808,1,/apollo/planning,0,620,1784280935971818202,133,72163310362952538,2,811042,811162
202607171735,e2e_trace_v3,4507,17293928285427729236,0,planning,in,6893895284064,1,/apollo/prediction,629,0,1784280936082939038,1,72163310362952539,2,811042,811158
202607171735,e2e_trace_v3,4524,17293928285427729236,0,planning,out,6893934309472,1,/apollo/planning,0,621,1784280936082939038,139,72163310362952539,2,811042,811158
202607171735,e2e_trace_v3,4525,17293928285427729237,0,planning,in,6894009503328,1,/apollo/prediction,630,0,1784280936199157777,0,72163310362952540,2,811042,811152
202607171735,e2e_trace_v3,4542,17293928285427729237,0,planning,out,6894042223424,1,/apollo/planning,0,622,1784280936199157777,140,72163310362952540,2,811042,811152
202607171735,e2e_trace_v3,4543,17293928285427729238,0,planning,in,6894117807328,1,/apollo/prediction,631,0,1784280936312009892,0,72163310362952541,2,811042,811155
202607171735,e2e_trace_v3,4560,17293928285427729238,0,planning,out,6894146681216,1,/apollo/planning,0,623,1784280936312009892,141,72163310362952541,2,811042,811155
202607171735,e2e_trace_v3,4561,17293928285427729239,0,planning,in,6894231322848,1,/apollo/prediction,632,0,1784280936427801936,0,72163310362952542,2,811042,811160
202607171735,e2e_trace_v3,4578,17293928285427729239,0,planning,out,6894275092448,1,/apollo/planning,0,624,1784280936427801936,141,72163310362952542,2,811042,811160
202607171735,e2e_trace_v3,4579,17293928285427729240,0,planning,in,6894340904224,1,/apollo/prediction,633,0,1784280936540002350,0,72163310362952543,2,811042,811162
202607171735,e2e_trace_v3,4596,17293928285427729240,0,planning,out,6894376159200,1,/apollo/planning,0,625,1784280936540002350,141,72163310362952543,2,811042,811162
202607171735,e2e_trace_v3,4597,17293928285427729241,0,planning,in,6894451778240,1,/apollo/prediction,634,0,1784280936656209133,0,72163310362952544,2,811042,811163
202607171735,e2e_trace_v3,4614,17293928285427729241,0,planning,out,6894478081216,1,/apollo/planning,0,626,1784280936656209133,141,72163310362952544,2,811042,811163
202607171735,e2e_trace_v3,4615,17293928285427729242,0,planning,in,6894580191296,1,/apollo/prediction,635,0,1784280936769292869,0,72163310362952545,2,811042,811150
202607171735,e2e_trace_v3,4632,17293928285427729242,0,planning,out,6894609656288,1,/apollo/planning,0,627,1784280936769292869,143,72163310362952545,2,811042,811150
202607171735,e2e_trace_v3,4633,17293928285427729243,0,planning,in,6894673575296,1,/apollo/prediction,636,0,1784280936883590636,0,72163310362952546,2,811042,811164
202607171735,e2e_trace_v3,4650,17293928285427729243,0,planning,out,6894701080992,1,/apollo/planning,0,628,1784280936883590636,141,72163310362952546,2,811042,811164
202607171735,e2e_trace_v3,4651,17293928285427729244,0,planning,in,6894781852960,1,/apollo/prediction,637,0,1784280936996633476,0,72163310362952547,2,811042,811155
202607171735,e2e_trace_v3,4668,17293928285427729244,0,planning,out,6894813301696,1,/apollo/planning,0,629,1784280936996633476,111,72163310362952547,2,811042,811155
202607171735,e2e_trace_v3,4669,17293928285427729245,0,planning,in,6894910284032,1,/apollo/prediction,638,0,1784280937110995937,0,72163310362952548,2,811042,811164
202607171735,e2e_trace_v3,4686,17293928285427729245,0,planning,out,6894947861344,1,/apollo/planning,0,630,1784280937110995937,118,72163310362952548,2,811042,811164
202607171735,e2e_trace_v3,4687,17293928285427729246,0,planning,in,6895025260640,1,/apollo/prediction,639,0,1784280937228010166,0,72163310362952549,2,811042,811154
202607171735,e2e_trace_v3,4704,17293928285427729246,0,planning,out,6895076407776,1,/apollo/planning,0,631,1784280937228010166,124,72163310362952549,2,811042,811154
202607171735,e2e_trace_v3,4705,17293928285427729247,0,planning,in,6895145664928,1,/apollo/prediction,640,0,1784280937340723728,0,72163310362952550,2,811042,811155
202607171735,e2e_trace_v3,4722,17293928285427729247,0,planning,out,6895187288064,1,/apollo/planning,0,632,1784280937340723728,130,72163310362952550,2,811042,811155
202607171735,e2e_trace_v3,4723,17293928285427729248,0,planning,in,6895260866304,1,/apollo/prediction,641,0,1784280937464062000,0,72163310362952551,2,811042,811150
202607171735,e2e_trace_v3,4740,17293928285427729248,0,planning,out,6895299935392,1,/apollo/planning,0,633,1784280937464062000,135,72163310362952551,2,811042,811150
202607171735,e2e_trace_v3,4741,17293928285427729249,0,planning,in,6895374895968,1,/apollo/prediction,642,0,1784280937578578975,0,72163310362952552,1,811042,811149
202607171735,e2e_trace_v3,4758,17293928285427729249,0,planning,out,6895414225792,1,/apollo/planning,0,634,1784280937578578975,136,72163310362952552,1,811042,811149
202607171735,e2e_trace_v3,4759,17293928285427729250,0,planning,in,6895493966400,1,/apollo/prediction,643,0,1784280937694157379,0,72163310362952553,2,811042,811158
202607171735,e2e_trace_v3,4776,17293928285427729250,0,planning,out,6895525269888,1,/apollo/planning,0,635,1784280937694157379,136,72163310362952553,2,811042,811158
202607171735,e2e_trace_v3,4777,17293928285427729251,0,planning,in,6895610805056,1,/apollo/prediction,644,0,1784280937811683161,0,72163310362952554,2,811042,811154
202607171735,e2e_trace_v3,4794,17293928285427729251,0,planning,out,6895643464960,1,/apollo/planning,0,636,1784280937811683161,142,72163310362952554,2,811042,811154
202607171735,e2e_trace_v3,4795,17293928285427729252,0,planning,in,6895729112160,1,/apollo/prediction,645,0,1784280937929585704,0,72163310362952555,2,811042,811151
202607171735,e2e_trace_v3,4812,17293928285427729252,0,planning,out,6895758093952,1,/apollo/planning,0,637,1784280937929585704,144,72163310362952555,2,811042,811151
202607171735,e2e_trace_v3,4813,17293928285427729253,0,planning,in,6895845698752,1,/apollo/prediction,646,0,1784280938051408393,0,72163310362952556,2,811042,811154
202607171735,e2e_trace_v3,4830,17293928285427729253,0,planning,out,6895878120256,1,/apollo/planning,0,638,1784280938051408393,111,72163310362952556,2,811042,811154
202607171735,e2e_trace_v3,4831,17293928285427729254,0,planning,in,6895981622496,1,/apollo/prediction,647,0,1784280938167398119,0,72163310362952557,2,811042,811161
202607171735,e2e_trace_v3,4848,17293928285427729254,0,planning,out,6896013414016,1,/apollo/planning,0,639,1784280938167398119,118,72163310362952557,2,811042,811161
202607171735,e2e_trace_v3,4849,17293928285427729255,0,planning,in,6896097674848,1,/apollo/prediction,648,0,1784280938308756817,0,72163310362952558,1,811042,811153
202607171735,e2e_trace_v3,4866,17293928285427729255,0,planning,out,6896127708960,1,/apollo/planning,0,640,1784280938308756817,124,72163310362952558,1,811042,811153
202607171735,e2e_trace_v3,4867,17293928285427729256,0,planning,in,6896224544032,1,/apollo/prediction,649,0,1784280938423907791,0,72163310362952559,2,811042,811158
202607171735,e2e_trace_v3,4884,17293928285427729256,0,planning,out,6896263494528,1,/apollo/planning,0,641,1784280938423907791,130,72163310362952559,2,811042,811158
202607171735,e2e_trace_v3,4885,17293928285427729257,0,planning,in,6896336784096,1,/apollo/prediction,650,0,1784280938536154563,0,72163310362952560,2,811042,811154
202607171735,e2e_trace_v3,4902,17293928285427729257,0,planning,out,6896382473536,1,/apollo/planning,0,642,1784280938536154563,136,72163310362952560,2,811042,811154
202607171735,e2e_trace_v3,4903,17293928285427729258,0,planning,in,6896447884992,1,/apollo/prediction,651,0,1784280938651231293,0,72163310362952561,2,811042,811149
202607171735,e2e_trace_v3,4920,17293928285427729258,0,planning,out,6896476975328,1,/apollo/planning,0,643,1784280938651231293,137,72163310362952561,2,811042,811149
202607171735,e2e_trace_v3,4921,17293928285427729259,0,planning,in,6896553742880,1,/apollo/prediction,652,0,1784280938765778594,0,72163310362952562,2,811042,811160
202607171735,e2e_trace_v3,4938,17293928285427729259,0,planning,out,6896591316256,1,/apollo/planning,0,644,1784280938765778594,142,72163310362952562,2,811042,811160
202607171735,e2e_trace_v3,4939,17293928285427729260,0,planning,in,6896664526400,1,/apollo/prediction,653,0,1784280938879751028,0,72163310362952563,2,811042,811154
202607171735,e2e_trace_v3,4956,17293928285427729260,0,planning,out,6896694548192,1,/apollo/planning,0,645,1784280938879751028,142,72163310362952563,2,811042,811154
202607171735,e2e_trace_v3,4957,17293928285427729261,0,planning,in,6896781184320,1,/apollo/prediction,654,0,1784280938992157030,0,72163310362952564,2,811042,811157
202607171735,e2e_trace_v3,4974,17293928285427729261,0,planning,out,6896808548288,1,/apollo/planning,0,646,1784280938992157030,144,72163310362952564,2,811042,811157
202607171735,e2e_trace_v3,4975,17293928285427729262,0,planning,in,6896913585920,1,/apollo/prediction,655,0,1784280939115455842,0,72163310362952565,2,811042,811158
202607171735,e2e_trace_v3,4992,17293928285427729262,0,planning,out,6896941283136,1,/apollo/planning,0,647,1784280939115455842,140,72163310362952565,2,811042,811158
202607171735,e2e_trace_v3,4993,17293928285427729263,0,planning,in,6897035035200,1,/apollo/prediction,656,0,1784280939240149740,0,72163310362952566,2,811042,811157
202607171735,e2e_trace_v3,5010,17293928285427729263,0,planning,out,6897067625408,1,/apollo/planning,0,648,1784280939240149740,141,72163310362952566,2,811042,811157
202607171735,e2e_trace_v3,5011,17293928285427729264,0,planning,in,6897147897248,1,/apollo/prediction,657,0,1784280939352151187,0,72163310362952567,2,811042,811162
202607171735,e2e_trace_v3,5028,17293928285427729264,0,planning,out,6897182964576,1,/apollo/planning,0,649,1784280939352151187,142,72163310362952567,2,811042,811162
202607171735,e2e_trace_v3,5029,17293928285427729265,0,planning,in,6897277591136,1,/apollo/prediction,658,0,1784280939470608838,0,72163310362952568,1,811042,811162
202607171735,e2e_trace_v3,5046,17293928285427729265,0,planning,out,6897308411616,1,/apollo/planning,0,650,1784280939470608838,143,72163310362952568,1,811042,811162
202607171735,e2e_trace_v3,5047,17293928285427729266,0,planning,in,6897382996832,1,/apollo/prediction,659,0,1784280939584400596,0,72163310362952569,2,811042,811159
202607171735,e2e_trace_v3,5064,17293928285427729266,0,planning,out,6897425090976,1,/apollo/planning,0,651,1784280939584400596,142,72163310362952569,2,811042,811159
202607171735,e2e_trace_v3,5065,17293928285427729267,0,planning,in,6897503799104,1,/apollo/prediction,660,0,1784280939702030683,0,72163310362952570,2,811042,811159
202607171735,e2e_trace_v3,5082,17293928285427729267,0,planning,out,6897536052608,1,/apollo/planning,0,652,1784280939702030683,144,72163310362952570,2,811042,811159
202607171735,e2e_trace_v3,5083,17293928285427729268,0,planning,in,6897602169600,1,/apollo/prediction,661,0,1784280939817693810,0,72163310362952571,2,811042,811155
202607171735,e2e_trace_v3,5100,17293928285427729268,0,planning,out,6897639524416,1,/apollo/planning,0,653,1784280939817693810,111,72163310362952571,2,811042,811155
202607171735,e2e_trace_v3,5101,17293928285427729269,0,planning,in,6897725302336,1,/apollo/prediction,662,0,1784280939932190999,0,72163310362952572,2,811042,811164
202607171735,e2e_trace_v3,5118,17293928285427729269,0,planning,out,6897759455072,1,/apollo/planning,0,654,1784280939932190999,118,72163310362952572,2,811042,811164
202607171735,e2e_trace_v3,5119,17293928285427729270,0,planning,in,6897853564096,1,/apollo/prediction,663,0,1784280940049771161,0,72163310362952573,2,811042,811164
202607171735,e2e_trace_v3,5136,17293928285427729270,0,planning,out,6897881719872,1,/apollo/planning,0,655,1784280940049771161,124,72163310362952573,2,811042,811164
202607171735,e2e_trace_v3,5137,17293928285427729271,0,planning,in,6897965097152,1,/apollo/prediction,664,0,1784280940164757947,0,72163310362952574,2,811042,811149
202607171735,e2e_trace_v3,5154,17293928285427729271,0,planning,out,6897999440544,1,/apollo/planning,0,656,1784280940164757947,130,72163310362952574,2,811042,811149
202607171735,e2e_trace_v3,5155,17293928285427729272,0,planning,in,6898078080064,1,/apollo/prediction,665,0,1784280940279607028,0,72163310362952575,2,811042,811155
202607171735,e2e_trace_v3,5172,17293928285427729272,0,planning,out,6898111103776,1,/apollo/planning,0,657,1784280940279607028,135,72163310362952575,2,811042,811155
202607171735,e2e_trace_v3,5173,17293928285427729273,0,planning,in,6898193664576,1,/apollo/prediction,666,0,1784280940394595256,0,72163310362952576,2,811042,811164
202607171735,e2e_trace_v3,5190,17293928285427729273,0,planning,out,6898230299392,1,/apollo/planning,0,658,1784280940394595256,136,72163310362952576,2,811042,811164
202607171735,e2e_trace_v3,5191,17293928285427729274,0,planning,in,6898294793792,1,/apollo/prediction,667,0,1784280940509313574,0,72163310362952577,2,811042,811152
202607171735,e2e_trace_v3,5208,17293928285427729274,0,planning,out,6898342019040,1,/apollo/planning,0,659,1784280940509313574,141,72163310362952577,2,811042,811152
202607171735,e2e_trace_v3,5209,17293928285427729275,0,planning,in,6898416196512,1,/apollo/prediction,668,0,1784280940624007841,0,72163310362952578,2,811042,811151
202607171735,e2e_trace_v3,5226,17293928285427729275,0,planning,out,6898446099264,1,/apollo/planning,0,660,1784280940624007841,137,72163310362952578,2,811042,811151
202607171735,e2e_trace_v3,5227,17293928285427729276,0,planning,in,6898544369696,1,/apollo/prediction,669,0,1784280940738143357,0,72163310362952579,2,811042,811155
202607171735,e2e_trace_v3,5244,17293928285427729276,0,planning,out,6898571882688,1,/apollo/planning,0,661,1784280940738143357,139,72163310362952579,2,811042,811155
202607171735,e2e_trace_v3,5245,17293928285427729277,0,planning,in,6898645483520,1,/apollo/prediction,670,0,1784280940852287868,0,72163310362952580,2,811042,811163
202607171735,e2e_trace_v3,5262,17293928285427729277,0,planning,out,6898683355520,1,/apollo/planning,0,662,1784280940852287868,139,72163310362952580,2,811042,811163
202607171735,e2e_trace_v3,5263,17293928285427729278,0,planning,in,6898761539616,1,/apollo/prediction,671,0,1784280940968840352,0,72163310362952581,2,811042,811160
202607171735,e2e_trace_v3,5280,17293928285427729278,0,planning,out,6898789246656,1,/apollo/planning,0,663,1784280940968840352,144,72163310362952581,2,811042,811160
202607171735,e2e_trace_v3,5281,17293928285427729279,0,planning,in,6898895739360,1,/apollo/prediction,672,0,1784280941083067803,0,72163310362952582,2,811042,811155
202607171735,e2e_trace_v3,5298,17293928285427729279,0,planning,out,6898926524864,1,/apollo/planning,0,664,1784280941083067803,141,72163310362952582,2,811042,811155
202607171735,e2e_trace_v3,5299,17293928285427729280,0,planning,in,6898988717408,1,/apollo/prediction,673,0,1784280941204611162,0,72163310362952583,1,811042,811150
202607171735,e2e_trace_v3,5316,17293928285427729280,0,planning,out,6899021237440,1,/apollo/planning,0,665,1784280941204611162,111,72163310362952583,1,811042,811150
202607171735,e2e_trace_v3,5317,17293928285427729281,0,planning,in,6899118745888,1,/apollo/prediction,674,0,1784280941318957633,0,72163310362952584,2,811042,811164
202607171735,e2e_trace_v3,5334,17293928285427729281,0,planning,out,6899158776608,1,/apollo/planning,0,666,1784280941318957633,118,72163310362952584,2,811042,811164
202607171735,e2e_trace_v3,5335,17293928285427729282,0,planning,in,6899222630944,1,/apollo/prediction,675,0,1784280941430457548,0,72163310362952585,2,811042,811159
202607171735,e2e_trace_v3,5352,17293928285427729282,0,planning,out,6899257517152,1,/apollo/planning,0,667,1784280941430457548,123,72163310362952585,2,811042,811159
202607171735,e2e_trace_v3,5353,17293928285427729283,0,planning,in,6899341484928,1,/apollo/prediction,676,0,1784280941544099132,0,72163310362952586,2,811042,811164
202607171735,e2e_trace_v3,5370,17293928285427729283,0,planning,out,6899371770432,1,/apollo/planning,0,668,1784280941544099132,129,72163310362952586,2,811042,811164
202607171735,e2e_trace_v3,5371,17293928285427729284,0,planning,in,6899448873504,1,/apollo/prediction,677,0,1784280941659111365,0,72163310362952587,2,811042,811162
202607171735,e2e_trace_v3,5388,17293928285427729284,0,planning,out,6899483573824,1,/apollo/planning,0,669,1784280941659111365,135,72163310362952587,2,811042,811162
202607171735,e2e_trace_v3,5389,17293928285427729285,0,planning,in,6899572537952,1,/apollo/prediction,678,0,1784280941776185175,0,72163310362952588,2,811042,811163
202607171735,e2e_trace_v3,5406,17293928285427729285,0,planning,out,6899608438112,1,/apollo/planning,0,670,1784280941776185175,141,72163310362952588,2,811042,811163
202607171735,e2e_trace_v3,5407,17293928285427729286,0,planning,in,6899694108480,1,/apollo/prediction,679,0,1784280941889302821,0,72163310362952589,2,811042,811162
202607171735,e2e_trace_v3,5424,17293928285427729286,0,planning,out,6899730154304,1,/apollo/planning,0,671,1784280941889302821,142,72163310362952589,2,811042,811162
202607171735,e2e_trace_v3,5425,17293928285427729287,0,planning,in,6899858627072,1,/apollo/prediction,680,0,1784280942021561727,0,72163310362952590,2,811042,811157
202607171735,e2e_trace_v3,5442,17293928285427729287,0,planning,out,6899887470208,1,/apollo/planning,0,672,1784280942021561727,140,72163310362952590,2,811042,811157
202607171735,e2e_trace_v3,5443,17293928285427729288,0,planning,in,6899958599680,1,/apollo/prediction,681,0,1784280942171520202,0,72163310362952591,2,811042,811161
202607171735,e2e_trace_v3,5460,17293928285427729288,0,planning,out,6899989298400,1,/apollo/planning,0,673,1784280942171520202,111,72163310362952591,2,811042,811161
202607171735,e2e_trace_v3,5461,17293928285427729289,0,planning,in,6900072347360,1,/apollo/prediction,682,0,1784280942288262794,0,72163310362952592,2,811042,811155
202607171735,e2e_trace_v3,5478,17293928285427729289,0,planning,out,6900114919552,1,/apollo/planning,0,674,1784280942288262794,117,72163310362952592,2,811042,811155
202607171735,e2e_trace_v3,5479,17293928285427729290,0,planning,in,6900200964864,1,/apollo/prediction,683,0,1784280942402141328,0,72163310362952593,2,811042,811162
202607171735,e2e_trace_v3,5496,17293928285427729290,0,planning,out,6900243006144,1,/apollo/planning,0,675,1784280942402141328,124,72163310362952593,2,811042,811162
202607171735,e2e_trace_v3,5497,17293928285427729291,0,planning,in,6900321897568,1,/apollo/prediction,684,0,1784280942518163052,0,72163310362952594,2,811042,811157
202607171735,e2e_trace_v3,5514,17293928285427729291,0,planning,out,6900352279168,1,/apollo/planning,0,676,1784280942518163052,130,72163310362952594,2,811042,811157
202607171735,e2e_trace_v3,5515,17293928285427729292,0,planning,in,6900435424320,1,/apollo/prediction,685,0,1784280942630729824,0,72163310362952595,2,811042,811152
202607171735,e2e_trace_v3,5532,17293928285427729292,0,planning,out,6900470851808,1,/apollo/planning,0,677,1784280942630729824,135,72163310362952595,2,811042,811152
202607171735,e2e_trace_v3,5533,17293928285427729293,0,planning,in,6900545861408,1,/apollo/prediction,686,0,1784280942744471447,0,72163310362952596,2,811042,811164
202607171735,e2e_trace_v3,5550,17293928285427729293,0,planning,out,6900576193920,1,/apollo/planning,0,678,1784280942744471447,136,72163310362952596,2,811042,811164
202607171735,e2e_trace_v3,5551,17293928285427729294,0,planning,in,6900661114656,1,/apollo/prediction,687,0,1784280942859111802,0,72163310362952597,2,811042,811162
202607171735,e2e_trace_v3,5568,17293928285427729294,0,planning,out,6900695221440,1,/apollo/planning,0,679,1784280942859111802,137,72163310362952597,2,811042,811162
202607171735,e2e_trace_v3,5569,17293928285427729295,0,planning,in,6900781362016,1,/apollo/prediction,688,0,1784280942973563557,0,72163310362952598,2,811042,811162
202607171735,e2e_trace_v3,5586,17293928285427729295,0,planning,out,6900810753024,1,/apollo/planning,0,680,1784280942973563557,138,72163310362952598,2,811042,811162
202607171735,e2e_trace_v3,5587,17293928285427729296,0,planning,in,6900893585312,1,/apollo/prediction,689,0,1784280943091606510,0,72163310362952599,2,811042,811150
202607171735,e2e_trace_v3,5604,17293928285427729296,0,planning,out,6900927434144,1,/apollo/planning,0,681,1784280943091606510,138,72163310362952599,2,811042,811150
202607171735,e2e_trace_v3,5605,17293928285427729297,0,planning,in,6900993490144,1,/apollo/prediction,690,0,1784280943207120283,0,72163310362952600,2,811042,811151
202607171735,e2e_trace_v3,5622,17293928285427729297,0,planning,out,6901028057952,1,/apollo/planning,0,682,1784280943207120283,143,72163310362952600,2,811042,811151
202607171735,e2e_trace_v3,5623,17293928285427729298,0,planning,in,6901113576160,1,/apollo/prediction,691,0,1784280943321789257,0,72163310362952601,2,811042,811158
202607171735,e2e_trace_v3,5640,17293928285427729298,0,planning,out,6901148805984,1,/apollo/planning,0,683,1784280943321789257,138,72163310362952601,2,811042,811158
202607171735,e2e_trace_v3,5641,17293928285427729299,0,planning,in,6901216922624,1,/apollo/prediction,692,0,1784280943435511155,0,72163310362952602,2,811042,811156
202607171735,e2e_trace_v3,5658,17293928285427729299,0,planning,out,6901248628448,1,/apollo/planning,0,684,1784280943435511155,143,72163310362952602,2,811042,811156
202607171735,e2e_trace_v3,5659,17293928285427729300,0,planning,in,6901347267296,1,/apollo/prediction,693,0,1784280943549869390,0,72163310362952603,2,811042,811156
202607171735,e2e_trace_v3,5676,17293928285427729300,0,planning,out,6901380340352,1,/apollo/planning,0,685,1784280943549869390,140,72163310362952603,2,811042,811156
202607171735,e2e_trace_v3,5677,17293928285427729301,0,planning,in,6901460350720,1,/apollo/prediction,694,0,1784280943664744442,0,72163310362952604,2,811042,811159
202607171735,e2e_trace_v3,5694,17293928285427729301,0,planning,out,6901490830944,1,/apollo/planning,0,686,1784280943664744442,141,72163310362952604,2,811042,811159
202607171735,e2e_trace_v3,5695,17293928285427729302,0,planning,in,6901590136288,1,/apollo/prediction,695,0,1784280943782626588,0,72163310362952605,2,811042,811164
202607171735,e2e_trace_v3,5712,17293928285427729302,0,planning,out,6901619191104,1,/apollo/planning,0,687,1784280943782626588,142,72163310362952605,2,811042,811164
202607171735,e2e_trace_v3,5713,17293928285427729303,0,planning,in,6901676700608,1,/apollo/prediction,696,0,1784280943896965822,0,72163310362952606,2,811042,811150
202607171735,e2e_trace_v3,5730,17293928285427729303,0,planning,out,6901709549056,1,/apollo/planning,0,688,1784280943896965822,111,72163310362952606,2,811042,811150
202607171735,e2e_trace_v3,5731,17293928285427729304,0,planning,in,6901801446048,1,/apollo/prediction,697,0,1784280944011500926,0,72163310362952607,2,811042,811157
202607171735,e2e_trace_v3,5748,17293928285427729304,0,planning,out,6901832838720,1,/apollo/planning,0,689,1784280944011500926,118,72163310362952607,2,811042,811157
202607171735,e2e_trace_v3,5749,17293928285427729305,0,planning,in,6901909500000,1,/apollo/prediction,698,0,1784280944131592739,0,72163310362952608,2,811042,811157
202607171735,e2e_trace_v3,5766,17293928285427729305,0,planning,out,6901938398048,1,/apollo/planning,0,690,1784280944131592739,123,72163310362952608,2,811042,811157
202607171735,e2e_trace_v3,5767,17293928285427729306,0,planning,in,6902032415008,1,/apollo/prediction,699,0,1784280944243748678,0,72163310362952609,2,811042,811164
202607171735,e2e_trace_v3,5784,17293928285427729306,0,planning,out,6902066641024,1,/apollo/planning,0,691,1784280944243748678,129,72163310362952609,2,811042,811164
202607171735,e2e_trace_v3,5785,17293928285427729307,0,planning,in,6902137234784,1,/apollo/prediction,700,0,1784280944358277992,0,72163310362952610,2,811042,811156
202607171735,e2e_trace_v3,5802,17293928285427729307,0,planning,out,6902171689312,1,/apollo/planning,0,692,1784280944358277992,135,72163310362952610,2,811042,811156
202607171735,e2e_trace_v3,5803,17293928285427729308,0,planning,in,6902253420224,1,/apollo/prediction,701,0,1784280944473249419,0,72163310362952611,2,811042,811155
202607171735,e2e_trace_v3,5820,17293928285427729308,0,planning,out,6902295014656,1,/apollo/planning,0,693,1784280944473249419,140,72163310362952611,2,811042,811155
202607171735,e2e_trace_v3,5821,17293928285427729309,0,planning,in,6902381031232,1,/apollo/prediction,702,0,1784280944588160912,0,72163310362952612,1,811042,811153
202607171735,e2e_trace_v3,5838,17293928285427729309,0,planning,out,6902414500736,1,/apollo/planning,0,694,1784280944588160912,136,72163310362952612,1,811042,811153
202607171735,e2e_trace_v3,5839,17293928285427729310,0,planning,in,6902499700896,1,/apollo/prediction,703,0,1784280944703319090,0,72163310362952613,2,811042,811162
202607171735,e2e_trace_v3,5856,17293928285427729310,0,planning,out,6902534325088,1,/apollo/planning,0,695,1784280944703319090,136,72163310362952613,2,811042,811162
202607171735,e2e_trace_v3,5857,17293928285427729311,0,planning,in,6902613089088,1,/apollo/prediction,704,0,1784280944815937778,0,72163310362952614,2,811042,811156
202607171735,e2e_trace_v3,5874,17293928285427729311,0,planning,out,6902645393088,1,/apollo/planning,0,696,1784280944815937778,136,72163310362952614,2,811042,811156
202607171735,e2e_trace_v3,5875,17293928285427729312,0,planning,in,6902713649632,1,/apollo/prediction,705,0,1784280944932930543,0,72163310362952615,2,811042,811149
202607171735,e2e_trace_v3,5892,17293928285427729312,0,planning,out,6902752646880,1,/apollo/planning,0,697,1784280944932930543,141,72163310362952615,2,811042,811149
202607171735,e2e_trace_v3,5893,17293928285427729313,0,planning,in,6902837207776,1,/apollo/prediction,706,0,1784280945047640422,0,72163310362952616,2,811042,811153
202607171735,e2e_trace_v3,5910,17293928285427729313,0,planning,out,6902869385536,1,/apollo/planning,0,698,1784280945047640422,144,72163310362952616,2,811042,811153
202607171735,e2e_trace_v3,5911,17293928285427729314,0,planning,in,6902968196032,1,/apollo/prediction,707,0,1784280945167586845,0,72163310362952617,2,811042,811160
202607171735,e2e_trace_v3,5928,17293928285427729314,0,planning,out,6903006582400,1,/apollo/planning,0,699,1784280945167586845,139,72163310362952617,2,811042,811160
202607171735,e2e_trace_v3,5929,17293928285427729315,0,planning,in,6903077117888,1,/apollo/prediction,708,0,1784280945283392129,0,72163310362952618,2,811042,811159
202607171735,e2e_trace_v3,5946,17293928285427729315,0,planning,out,6903106678304,1,/apollo/planning,0,700,1784280945283392129,139,72163310362952618,2,811042,811159
202607171735,e2e_trace_v3,5947,17293928285427729316,0,planning,in,6903180038400,1,/apollo/prediction,709,0,1784280945398626844,0,72163310362952619,2,811042,811149
202607171735,e2e_trace_v3,5964,17293928285427729316,0,planning,out,6903216921568,1,/apollo/planning,0,701,1784280945398626844,111,72163310362952619,2,811042,811149
202607171735,e2e_trace_v3,5965,17293928285427729317,0,planning,in,6903305473984,1,/apollo/prediction,710,0,1784280945512524256,0,72163310362952620,2,811042,811149
202607171735,e2e_trace_v3,5982,17293928285427729317,0,planning,out,6903337151072,1,/apollo/planning,0,702,1784280945512524256,118,72163310362952620,2,811042,811149
202607171735,e2e_trace_v3,5983,17293928285427729318,0,planning,in,6903421779456,1,/apollo/prediction,711,0,1784280945628207972,0,72163310362952621,1,811042,811163
202607171735,e2e_trace_v3,6000,17293928285427729318,0,planning,out,6903459098432,1,/apollo/planning,0,703,1784280945628207972,124,72163310362952621,1,811042,811163
202607171735,e2e_trace_v3,6001,17293928285427729319,0,planning,in,6903545785088,1,/apollo/prediction,712,0,1784280945740654168,0,72163310362952622,2,811042,811158
202607171735,e2e_trace_v3,6018,17293928285427729319,0,planning,out,6903577158368,1,/apollo/planning,0,704,1784280945740654168,130,72163310362952622,2,811042,811158
202607171735,e2e_trace_v3,6019,17293928285427729320,0,planning,in,6903647427328,1,/apollo/prediction,713,0,1784280945853698274,0,72163310362952623,2,811042,811159
202607171735,e2e_trace_v3,6036,17293928285427729320,0,planning,out,6903688298560,1,/apollo/planning,0,705,1784280945853698274,135,72163310362952623,2,811042,811159
202607171735,e2e_trace_v3,6037,17293928285427729321,0,planning,in,6903773698976,1,/apollo/prediction,714,0,1784280945975737628,0,72163310362952624,2,811042,811150
202607171735,e2e_trace_v3,6054,17293928285427729321,0,planning,out,6903811342784,1,/apollo/planning,0,706,1784280945975737628,136,72163310362952624,2,811042,811150
202607171735,e2e_trace_v3,6055,17293928285427729322,0,planning,in,6903872372960,1,/apollo/prediction,715,0,1784280946091686168,0,72163310362952625,2,811042,811155
202607171735,e2e_trace_v3,6072,17293928285427729322,0,planning,out,6903904189056,1,/apollo/planning,0,707,1784280946091686168,141,72163310362952625,2,811042,811155
202607171735,e2e_trace_v3,6073,17293928285427729323,0,planning,in,6903985119328,1,/apollo/prediction,716,0,1784280946208690873,0,72163310362952626,2,811042,811160
202607171735,e2e_trace_v3,6090,17293928285427729323,0,planning,out,6904024276896,1,/apollo/planning,0,708,1784280946208690873,142,72163310362952626,2,811042,811160
202607171735,e2e_trace_v3,6091,17293928285427729324,0,planning,in,6904126407456,1,/apollo/prediction,717,0,1784280946322322179,0,72163310362952627,2,811042,811157
202607171735,e2e_trace_v3,6108,17293928285427729324,0,planning,out,6904158468800,1,/apollo/planning,0,709,1784280946322322179,143,72163310362952627,2,811042,811157
202607171735,e2e_trace_v3,6109,17293928285427729325,0,planning,in,6904239324768,1,/apollo/prediction,718,0,1784280946455788572,0,72163310362952628,2,811042,811152
202607171735,e2e_trace_v3,6126,17293928285427729325,0,planning,out,6904275029088,1,/apollo/planning,0,710,1784280946455788572,143,72163310362952628,2,811042,811152
202607171735,e2e_trace_v3,6127,17293928285427729326,0,planning,in,6904358144192,1,/apollo/prediction,719,0,1784280946570698310,0,72163310362952629,2,811042,811152
202607171735,e2e_trace_v3,6144,17293928285427729326,0,planning,out,6904388544448,1,/apollo/planning,0,711,1784280946570698310,138,72163310362952629,2,811042,811152
202607171735,e2e_trace_v3,6145,17293928285427729327,0,planning,in,6904475445248,1,/apollo/prediction,720,0,1784280946685304654,0,72163310362952630,2,811042,811163
202607171735,e2e_trace_v3,6162,17293928285427729327,0,planning,out,6904506452544,1,/apollo/planning,0,712,1784280946685304654,139,72163310362952630,2,811042,811163
202607171735,e2e_trace_v3,6163,17293928285427729328,0,planning,in,6904601619552,1,/apollo/prediction,721,0,1784280946797514901,0,72163310362952631,2,811042,811163
202607171735,e2e_trace_v3,6180,17293928285427729328,0,planning,out,6904635098816,1,/apollo/planning,0,713,1784280946797514901,142,72163310362952631,2,811042,811163
202607171735,e2e_trace_v3,6181,17293928285427729329,0,planning,in,6904701618528,1,/apollo/prediction,722,0,1784280946912795065,0,72163310362952632,2,811042,811162
202607171735,e2e_trace_v3,6198,17293928285427729329,0,planning,out,6904747716672,1,/apollo/planning,0,714,1784280946912795065,141,72163310362952632,2,811042,811162
202607171735,e2e_trace_v3,6199,17293928285427729330,0,planning,in,6904817179968,1,/apollo/prediction,723,0,1784280947026767497,0,72163310362952633,2,811042,811163
202607171735,e2e_trace_v3,6216,17293928285427729330,0,planning,out,6904851502656,1,/apollo/planning,0,715,1784280947026767497,111,72163310362952633,2,811042,811163
202607171735,e2e_trace_v3,6217,17293928285427729331,0,planning,in,6904925071520,1,/apollo/prediction,724,0,1784280947142634467,0,72163310362952634,2,811042,811157
202607171735,e2e_trace_v3,6234,17293928285427729331,0,planning,out,6904962390336,1,/apollo/planning,0,716,1784280947142634467,117,72163310362952634,2,811042,811157
202607171735,e2e_trace_v3,6235,17293928285427729332,0,planning,in,6905041465248,1,/apollo/prediction,725,0,1784280947256178607,0,72163310362952635,2,811042,811159
202607171735,e2e_trace_v3,6252,17293928285427729332,0,planning,out,6905077368576,1,/apollo/planning,0,717,1784280947256178607,123,72163310362952635,2,811042,811159
202607171735,e2e_trace_v3,6253,17293928285427729333,0,planning,in,6905153617120,1,/apollo/prediction,726,0,1784280947368160458,0,72163310362952636,2,811042,811164
202607171735,e2e_trace_v3,6270,17293928285427729333,0,planning,out,6905189218144,1,/apollo/planning,0,718,1784280947368160458,128,72163310362952636,2,811042,811164
202607171735,e2e_trace_v3,6271,17293928285427729334,0,planning,in,6905265500384,1,/apollo/prediction,727,0,1784280947482491474,0,72163310362952637,2,811042,811162
202607171735,e2e_trace_v3,6288,17293928285427729334,0,planning,out,6905316396544,1,/apollo/planning,0,719,1784280947482491474,134,72163310362952637,2,811042,811162
202607171735,e2e_trace_v3,6289,17293928285427729335,0,planning,in,6905385146592,1,/apollo/prediction,728,0,1784280947595633687,1,72163310362952638,2,811042,811153
202607171735,e2e_trace_v3,6306,17293928285427729335,0,planning,out,6905400886400,1,/apollo/planning,0,720,1784280947595633687,98,72163310362952638,2,811042,811153
202607171735,e2e_trace_v3,6307,17293928285427729336,0,planning,in,6905496247008,1,/apollo/prediction,729,0,1784280947712113890,1,72163310362952639,2,811042,811150
202607171735,e2e_trace_v3,6324,17293928285427729336,0,planning,out,6905523185888,1,/apollo/planning,0,721,1784280947712113890,98,72163310362952639,2,811042,811150
202607171735,e2e_trace_v3,6325,17293928285427729337,0,planning,in,6905616546208,1,/apollo/prediction,730,0,1784280947829464171,1,72163310362952640,2,811042,811155
202607171735,e2e_trace_v3,6342,17293928285427729337,0,planning,out,6905644558432,1,/apollo/planning,0,722,1784280947829464171,99,72163310362952640,2,811042,811155
202607171735,e2e_trace_v3,6343,17293928285427729338,0,planning,in,6905757694528,1,/apollo/prediction,731,0,1784280947946671413,1,72163310362952641,1,811042,811153
202607171735,e2e_trace_v3,6360,17293928285427729338,0,planning,out,6905773509728,1,/apollo/planning,0,723,1784280947946671413,69,72163310362952641,1,811042,811153
202607171735,e2e_trace_v3,6361,17293928285427729339,0,planning,in,6905872642336,1,/apollo/prediction,732,0,1784280948075497079,1,72163310362952642,2,811042,811153
202607171735,e2e_trace_v3,6378,17293928285427729339,0,planning,out,6905894517056,1,/apollo/planning,0,724,1784280948075497079,75,72163310362952642,2,811042,811153
202607171735,e2e_trace_v3,6379,17293928285427729340,0,planning,in,6905976870016,1,/apollo/prediction,733,0,1784280948188643594,1,72163310362952643,2,811042,811164
202607171735,e2e_trace_v3,6396,17293928285427729340,0,planning,out,6905989483200,1,/apollo/planning,0,725,1784280948188643594,69,72163310362952643,2,811042,811164
202607171735,e2e_trace_v3,6397,17293928285427729341,0,planning,in,6906089606048,1,/apollo/prediction,734,0,1784280948305774325,1,72163310362952644,2,811042,811160
202607171735,e2e_trace_v3,6414,17293928285427729341,0,planning,out,6906104117024,1,/apollo/planning,0,726,1784280948305774325,75,72163310362952644,2,811042,811160
202607171735,e2e_trace_v3,6415,17293928285427729342,0,planning,in,6906213839488,1,/apollo/prediction,735,0,1784280948420016153,1,72163310362952645,2,811042,811164
202607171735,e2e_trace_v3,6432,17293928285427729342,0,planning,out,6906226007360,1,/apollo/planning,0,727,1784280948420016153,81,72163310362952645,2,811042,811164
202607171735,e2e_trace_v3,6433,17293928285427729343,0,planning,in,6906323761088,1,/apollo/prediction,736,0,1784280948538330223,1,72163310362952646,2,811042,811162
202607171735,e2e_trace_v3,6450,17293928285427729343,0,planning,out,6906347364704,1,/apollo/planning,0,728,1784280948538330223,87,72163310362952646,2,811042,811162
202607171735,e2e_trace_v3,6451,17293928285427729344,0,planning,in,6906438089792,1,/apollo/prediction,737,0,1784280948651693238,1,72163310362952647,1,811042,811162
202607171735,e2e_trace_v3,6468,17293928285427729344,0,planning,out,6906450040128,1,/apollo/planning,0,729,1784280948651693238,93,72163310362952647,1,811042,811162
202607171735,e2e_trace_v3,6469,17293928285427729345,0,planning,in,6906573340768,1,/apollo/prediction,738,0,1784280948764030008,1,72163310362952648,2,811042,811156
202607171735,e2e_trace_v3,6486,17293928285427729345,0,planning,out,6906593942240,1,/apollo/planning,0,730,1784280948764030008,69,72163310362952648,2,811042,811156
202607171735,e2e_trace_v3,6487,17293928285427729346,0,planning,in,6906678025504,1,/apollo/prediction,739,0,1784280948878828201,1,72163310362952649,2,811042,811156
202607171735,e2e_trace_v3,6504,17293928285427729346,0,planning,out,6906699830880,1,/apollo/planning,0,731,1784280948878828201,75,72163310362952649,2,811042,811156
202607171735,e2e_trace_v3,6505,17293928285427729347,0,planning,in,6906797900096,1,/apollo/prediction,740,0,1784280948992610048,1,72163310362952650,2,811042,811152
202607171735,e2e_trace_v3,6522,17293928285427729347,0,planning,out,6906819793312,1,/apollo/planning,0,732,1784280948992610048,81,72163310362952650,2,811042,811152
202607171735,e2e_trace_v3,6523,17293928285427729348,0,planning,in,6906894731776,1,/apollo/prediction,741,0,1784280949110820700,1,72163310362952651,2,811042,811158
202607171735,e2e_trace_v3,6540,17293928285427729348,0,planning,out,6906906680640,1,/apollo/planning,0,733,1784280949110820700,86,72163310362952651,2,811042,811158
202607171735,e2e_trace_v3,6541,17293928285427729349,0,planning,in,6907002048032,1,/apollo/prediction,742,0,1784280949220442561,1,72163310362952652,2,811042,811154
202607171735,e2e_trace_v3,6558,17293928285427729349,0,planning,out,6907018211552,1,/apollo/planning,0,734,1784280949220442561,69,72163310362952652,2,811042,811154
202607171735,e2e_trace_v3,6559,17293928285427729350,0,planning,in,6907115831968,1,/apollo/prediction,743,0,1784280949330568961,1,72163310362952653,2,811042,811162
202607171735,e2e_trace_v3,6576,17293928285427729350,0,planning,out,6907139861696,1,/apollo/planning,0,735,1784280949330568961,90,72163310362952653,2,811042,811162
202607171735,e2e_trace_v3,6577,17293928285427729351,0,planning,in,6907245345760,1,/apollo/prediction,744,0,1784280949444616660,1,72163310362952654,2,811042,811161
202607171735,e2e_trace_v3,6594,17293928285427729351,0,planning,out,6907266493152,1,/apollo/planning,0,736,1784280949444616660,96,72163310362952654,2,811042,811161
202607171735,e2e_trace_v3,6595,17293928285427729352,0,planning,in,6907351196672,1,/apollo/prediction,745,0,1784280949570447412,1,72163310362952655,2,811042,811149
202607171735,e2e_trace_v3,6612,17293928285427729352,0,planning,out,6907375408896,1,/apollo/planning,0,737,1784280949570447412,100,72163310362952655,2,811042,811149
202607171735,e2e_trace_v3,6613,17293928285427729353,0,planning,in,6907464468480,1,/apollo/prediction,746,0,1784280949683623125,1,72163310362952656,2,811042,811152
202607171735,e2e_trace_v3,6630,17293928285427729353,0,planning,out,6907486914656,1,/apollo/planning,0,738,1784280949683623125,105,72163310362952656,2,811042,811152
202607171735,e2e_trace_v3,6631,17293928285427729354,0,planning,in,6907597071136,1,/apollo/prediction,747,0,1784280949798171220,1,72163310362952657,2,811042,811152
202607171735,e2e_trace_v3,6648,17293928285427729354,0,planning,out,6907619632064,1,/apollo/planning,0,739,1784280949798171220,109,72163310362952657,2,811042,811152
202607171735,e2e_trace_v3,6649,17293928285427729355,0,planning,in,6907699996896,1,/apollo/prediction,748,0,1784280949912106049,1,72163310362952658,2,811042,811152
202607171735,e2e_trace_v3,6666,17293928285427729355,0,planning,out,6907723955296,1,/apollo/planning,0,740,1784280949912106049,109,72163310362952658,2,811042,811152
202607171735,e2e_trace_v3,6667,17293928285427729356,0,planning,in,6907830113792,1,/apollo/prediction,749,0,1784280950027177542,1,72163310362952659,2,811042,811159
202607171735,e2e_trace_v3,6684,17293928285427729356,0,planning,out,6907848830208,1,/apollo/planning,0,741,1784280950027177542,114,72163310362952659,2,811042,811159
202607171735,e2e_trace_v3,6685,17293928285427729357,0,planning,in,6907932756000,1,/apollo/prediction,750,0,1784280950140106811,1,72163310362952660,2,811042,811151
202607171735,e2e_trace_v3,6702,17293928285427729357,0,planning,out,6907950305408,1,/apollo/planning,0,742,1784280950140106811,117,72163310362952660,2,811042,811151
202607171735,e2e_trace_v3,6703,17293928285427729358,0,planning,in,6908045937056,1,/apollo/prediction,751,0,1784280950254123702,1,72163310362952661,2,811042,811159
202607171735,e2e_trace_v3,6720,17293928285427729358,0,planning,out,6908104305088,1,/apollo/planning,0,743,1784280950254123702,111,72163310362952661,2,811042,811159
202607171735,e2e_trace_v3,6721,17293928285427729359,0,planning,in,6908170236160,1,/apollo/prediction,752,0,1784280950369631707,1,72163310362952662,2,811042,811161
202607171735,e2e_trace_v3,6738,17293928285427729359,0,planning,out,6908221671008,1,/apollo/planning,0,744,1784280950369631707,118,72163310362952662,2,811042,811161
202607171735,e2e_trace_v3,6739,17293928285427729360,0,planning,in,6908281679264,1,/apollo/prediction,753,0,1784280950484530409,1,72163310362952663,2,811042,811149
202607171735,e2e_trace_v3,6756,17293928285427729360,0,planning,out,6908330021088,1,/apollo/planning,0,745,1784280950484530409,123,72163310362952663,2,811042,811149
202607171735,e2e_trace_v3,6757,17293928285427729361,0,planning,in,6908413283872,1,/apollo/prediction,754,0,1784280950602079479,1,72163310362952664,2,811042,811149
202607171735,e2e_trace_v3,6774,17293928285427729361,0,planning,out,6908462753888,1,/apollo/planning,0,746,1784280950602079479,130,72163310362952664,2,811042,811149
202607171735,e2e_trace_v3,6775,17293928285427729362,0,planning,in,6908520712896,1,/apollo/prediction,755,0,1784280950731163306,1,72163310362952665,2,811042,811153
202607171735,e2e_trace_v3,6792,17293928285427729362,0,planning,out,6908580547616,1,/apollo/planning,0,747,1784280950731163306,135,72163310362952665,2,811042,811153
202607171735,e2e_trace_v3,6793,17293928285427729363,0,planning,in,6908649119872,1,/apollo/prediction,756,0,1784280950847715476,1,72163310362952666,2,811042,811149
202607171735,e2e_trace_v3,6810,17293928285427729363,0,planning,out,6908696695072,1,/apollo/planning,0,748,1784280950847715476,142,72163310362952666,2,811042,811149
202607171735,e2e_trace_v3,6811,17293928285427729364,0,planning,in,6908809819200,1,/apollo/prediction,757,0,1784280950966410055,1,72163310362952667,2,811042,811150
202607171735,e2e_trace_v3,6828,17293928285427729364,0,planning,out,6908865443552,1,/apollo/planning,0,749,1784280950966410055,144,72163310362952667,2,811042,811150
202607171735,e2e_trace_v3,6829,17293928285427729365,0,planning,in,6908917310656,1,/apollo/prediction,758,0,1784280951116665752,1,72163310362952668,2,811042,811149
202607171735,e2e_trace_v3,6846,17293928285427729365,0,planning,out,6908968441696,1,/apollo/planning,0,750,1784280951116665752,144,72163310362952668,2,811042,811149
202607171735,e2e_trace_v3,6847,17293928285427729366,0,planning,in,6909017714144,1,/apollo/prediction,759,0,1784280951232121354,1,72163310362952669,2,811042,811158
202607171735,e2e_trace_v3,6864,17293928285427729366,0,planning,out,6909075375424,1,/apollo/planning,0,751,1784280951232121354,149,72163310362952669,2,811042,811158
202607171735,e2e_trace_v3,6865,17293928285427729367,0,planning,in,6909140792128,1,/apollo/prediction,760,0,1784280951347478840,1,72163310362952670,2,811042,811163
202607171735,e2e_trace_v3,6882,17293928285427729367,0,planning,out,6909194907712,1,/apollo/planning,0,752,1784280951347478840,143,72163310362952670,2,811042,811163
202607171735,e2e_trace_v3,6883,17293928285427729368,0,planning,in,6909273730080,1,/apollo/prediction,761,0,1784280951461736428,1,72163310362952671,2,811042,811151
202607171735,e2e_trace_v3,6900,17293928285427729368,0,planning,out,6909331378432,1,/apollo/planning,0,753,1784280951461736428,146,72163310362952671,2,811042,811151
202607171735,e2e_trace_v3,6901,17293928285427729369,0,planning,in,6909364428416,1,/apollo/prediction,762,0,1784280951575809873,1,72163310362952672,2,811042,811150
202607171735,e2e_trace_v3,6918,17293928285427729369,0,planning,out,6909415031936,1,/apollo/planning,0,754,1784280951575809873,150,72163310362952672,2,811042,811150
202607171735,e2e_trace_v3,6919,17293928285427729370,0,planning,in,6909481906944,1,/apollo/prediction,763,0,1784280951692248804,1,72163310362952673,2,811042,811151
202607171735,e2e_trace_v3,6936,17293928285427729370,0,planning,out,6909533454688,1,/apollo/planning,0,755,1784280951692248804,145,72163310362952673,2,811042,811151
202607171735,e2e_trace_v3,6937,17293928285427729371,0,planning,in,6909597745248,1,/apollo/prediction,764,0,1784280951806807005,1,72163310362952674,2,811042,811158
202607171735,e2e_trace_v3,6954,17293928285427729371,0,planning,out,6909646743072,1,/apollo/planning,0,756,1784280951806807005,151,72163310362952674,2,811042,811158
202607171735,e2e_trace_v3,6955,17293928285427729372,0,planning,in,6909720546912,1,/apollo/prediction,765,0,1784280951919473008,1,72163310362952675,2,811042,811158
202607171735,e2e_trace_v3,6972,17293928285427729372,0,planning,out,6909771724896,1,/apollo/planning,0,757,1784280951919473008,146,72163310362952675,2,811042,811158
202607171735,e2e_trace_v3,6973,17293928285427729373,0,planning,in,6909833624864,1,/apollo/prediction,766,0,1784280952038995334,1,72163310362952676,2,811042,811163
202607171735,e2e_trace_v3,6990,17293928285427729373,0,planning,out,6909892358432,1,/apollo/planning,0,758,1784280952038995334,152,72163310362952676,2,811042,811163
202607171735,e2e_trace_v3,6991,17293928285427729374,0,planning,in,6909966761536,1,/apollo/prediction,767,0,1784280952155852263,1,72163310362952677,2,811042,811155
202607171735,e2e_trace_v3,7008,17293928285427729374,0,planning,out,6910018543200,1,/apollo/planning,0,759,1784280952155852263,148,72163310362952677,2,811042,811155
202607171735,e2e_trace_v3,7009,17293928285427729375,0,planning,in,6910081838112,1,/apollo/prediction,768,0,1784280952282766191,1,72163310362952678,2,811042,811164
202607171735,e2e_trace_v3,7026,17293928285427729375,0,planning,out,6910132323872,1,/apollo/planning,0,760,1784280952282766191,149,72163310362952678,2,811042,811164
202607171735,e2e_trace_v3,7027,17293928285427729376,0,planning,in,6910196289344,1,/apollo/prediction,769,0,1784280952401001552,1,72163310362952679,2,811042,811154
202607171735,e2e_trace_v3,7044,17293928285427729376,0,planning,out,6910253143168,1,/apollo/planning,0,761,1784280952401001552,149,72163310362952679,2,811042,811154
202607171735,e2e_trace_v3,7045,17293928285427729377,0,planning,in,6910305954816,1,/apollo/prediction,770,0,1784280952512603959,1,72163310362952680,2,811042,811158
202607171735,e2e_trace_v3,7062,17293928285427729377,0,planning,out,6910362641920,1,/apollo/planning,0,762,1784280952512603959,148,72163310362952680,2,811042,811158
202607171735,e2e_trace_v3,7063,17293928285427729378,0,planning,in,6910525040320,1,/apollo/prediction,771,0,1784280952743768296,1,72163310362952681,2,811042,811152
202607171735,e2e_trace_v3,7080,17293928285427729378,0,planning,out,6910592682624,1,/apollo/planning,0,763,1784280952743768296,155,72163310362952681,2,811042,811152
202607171735,e2e_trace_v3,7081,17293928285427729379,0,planning,in,6910651151744,1,/apollo/prediction,772,0,1784280952854358880,1,72163310362952682,2,811042,811155
202607171735,e2e_trace_v3,7098,17293928285427729379,0,planning,out,6910708795616,1,/apollo/planning,0,764,1784280952854358880,151,72163310362952682,2,811042,811155
202607171735,e2e_trace_v3,7099,17293928285427729380,0,planning,in,6910757787616,1,/apollo/prediction,773,0,1784280952968653809,1,72163310362952683,2,811042,811161
