run_id,schema_version,event_id,trace_id,proc_id,module,edge,mono_ns,trace_valid,channel,input_seq,output_seq,data_ts_ns,object_count,primary_parent_trace_id,parent_trace_count,pid,tid
202607092006,e2e_trace_v3,10,72191326434623978,0,perception.pointcloud_map_based_roi,in,91447297352640,1,/perception/lidar/pointcloud_preprocess,0,0,1783598797888903690,0,0,0,3307937,3308079
202607092006,e2e_trace_v3,11,72191326434623978,0,perception.pointcloud_map_based_roi,out,91447299704512,1,/perception/lidar/pointcloud_map_based_roi,0,0,1783598797888903690,0,0,0,3307937,3308079
202607092006,e2e_trace_v3,27,72191326434623979,0,perception.pointcloud_map_based_roi,in,91447442175936,1,/perception/lidar/pointcloud_preprocess,0,0,1783598798001813933,0,0,0,3307937,3308084
202607092006,e2e_trace_v3,28,72191326434623979,0,perception.pointcloud_map_based_roi,out,91447443962656,1,/perception/lidar/pointcloud_map_based_roi,0,0,1783598798001813933,0,0,0,3307937,3308084
202607092006,e2e_trace_v3,37,72191326434623980,0,perception.pointcloud_map_based_roi,in,91447503473088,1,/perception/lidar/pointcloud_preprocess,0,0,1783598798087915057,0,0,0,3307937,3308079
202607092006,e2e_trace_v3,38,72191326434623980,0,perception.pointcloud_map_based_roi,out,91447505446528,1,/perception/lidar/pointcloud_map_based_roi,0,0,1783598798087915057,0,0,0,3307937,3308079
202607092006,e2e_trace_v3,61,72191326434623981,0,perception.pointcloud_map_based_roi,in,91447605401120,1,/perception/lidar/pointcloud_preprocess,0,0,1783598798187865987,0,0,0,3307937,3308088
202607092006,e2e_trace_v3,62,72191326434623981,0,perception.pointcloud_map_based_roi,out,91447607452736,1,/perception/lidar/pointcloud_map_based_roi,0,0,1783598798187865987,0,0,0,3307937,3308088
202607092006,e2e_trace_v3,77,72191326434623982,0,perception.pointcloud_map_based_roi,in,91447695695712,1,/perception/lidar/pointcloud_preprocess,0,0,1783598798287886277,0,0,0,3307937,3308080
202607092006,e2e_trace_v3,79,72191326434623982,0,perception.pointcloud_map_based_roi,out,91447698294048,1,/perception/lidar/pointcloud_map_based_roi,0,0,1783598798287886277,0,0,0,3307937,3308080
202607092006,e2e_trace_v3,95,72191326434623983,0,perception.pointcloud_map_based_roi,in,91447796086304,1,/perception/lidar/pointcloud_preprocess,0,0,1783598798388110397,0,0,0,3307937,3308088
202607092006,e2e_trace_v3,96,72191326434623983,0,perception.pointcloud_map_based_roi,out,91447798145376,1,/perception/lidar/pointcloud_map_based_roi,0,0,1783598798388110397,0,0,0,3307937,3308088
202607092006,e2e_trace_v3,112,72191326434623984,0,perception.pointcloud_map_based_roi,in,91447895440096,1,/perception/lidar/pointcloud_preprocess,0,0,1783598798487880473,0,0,0,3307937,3308074
202607092006,e2e_trace_v3,113,72191326434623984,0,perception.pointcloud_map_based_roi,out,91447897954016,1,/perception/lidar/pointcloud_map_based_roi,0,0,1783598798487880473,0,0,0,3307937,3308074
202607092006,e2e_trace_v3,129,72191326434623985,0,perception.pointcloud_map_based_roi,in,91447995565248,1,/perception/lidar/pointcloud_preprocess,0,0,1783598798587763084,0,0,0,3307937,3308073
202607092006,e2e_trace_v3,130,72191326434623985,0,perception.pointcloud_map_based_roi,out,91447997460992,1,/perception/lidar/pointcloud_map_based_roi,0,0,1783598798587763084,0,0,0,3307937,3308073
202607092006,e2e_trace_v3,146,72191326434623986,0,perception.pointcloud_map_based_roi,in,91448095757056,1,/perception/lidar/pointcloud_preprocess,0,0,1783598798688237025,0,0,0,3307937,3308081
202607092006,e2e_trace_v3,147,72191326434623986,0,perception.pointcloud_map_based_roi,out,91448097749184,1,/perception/lidar/pointcloud_map_based_roi,0,0,1783598798688237025,0,0,0,3307937,3308081
202607092006,e2e_trace_v3,162,72191326434623987,0,perception.pointcloud_map_based_roi,in,91448195925600,1,/perception/lidar/pointcloud_preprocess,0,0,1783598798787714371,0,0,0,3307937,3308082
202607092006,e2e_trace_v3,164,72191326434623987,0,perception.pointcloud_map_based_roi,out,91448198051616,1,/perception/lidar/pointcloud_map_based_roi,0,0,1783598798787714371,0,0,0,3307937,3308082
202607092006,e2e_trace_v3,180,72191326434623988,0,perception.pointcloud_map_based_roi,in,91448298117088,1,/perception/lidar/pointcloud_preprocess,0,0,1783598798887764681,0,0,0,3307937,3308074
202607092006,e2e_trace_v3,181,72191326434623988,0,perception.pointcloud_map_based_roi,out,91448300677728,1,/perception/lidar/pointcloud_map_based_roi,0,0,1783598798887764681,0,0,0,3307937,3308074
202607092006,e2e_trace_v3,197,72191326434623989,0,perception.pointcloud_map_based_roi,in,91448395499808,1,/perception/lidar/pointcloud_preprocess,0,0,1783598798987984888,0,0,0,3307937,3308084
202607092006,e2e_trace_v3,198,72191326434623989,0,perception.pointcloud_map_based_roi,out,91448397458816,1,/perception/lidar/pointcloud_map_based_roi,0,0,1783598798987984888,0,0,0,3307937,3308084
202607092006,e2e_trace_v3,214,72191326434623990,0,perception.pointcloud_map_based_roi,in,91448496134400,1,/perception/lidar/pointcloud_preprocess,0,0,1783598799087765438,0,0,0,3307937,3308078
202607092006,e2e_trace_v3,216,72191326434623990,0,perception.pointcloud_map_based_roi,out,91448500203552,1,/perception/lidar/pointcloud_map_based_roi,0,0,1783598799087765438,0,0,0,3307937,3308078
202607092006,e2e_trace_v3,231,72191326434623991,0,perception.pointcloud_map_based_roi,in,91448595354400,1,/perception/lidar/pointcloud_preprocess,0,0,1783598799187869361,0,0,0,3307937,3308083
202607092006,e2e_trace_v3,232,72191326434623991,0,perception.pointcloud_map_based_roi,out,91448597237120,1,/perception/lidar/pointcloud_map_based_roi,0,0,1783598799187869361,0,0,0,3307937,3308083
202607092006,e2e_trace_v3,248,72191326434623992,0,perception.pointcloud_map_based_roi,in,91448703816064,1,/perception/lidar/pointcloud_preprocess,0,0,1783598799287896298,0,0,0,3307937,3308075
202607092006,e2e_trace_v3,249,72191326434623992,0,perception.pointcloud_map_based_roi,out,91448706184768,1,/perception/lidar/pointcloud_map_based_roi,0,0,1783598799287896298,0,0,0,3307937,3308075
202607092006,e2e_trace_v3,258,72191326434623993,0,perception.pointcloud_map_based_roi,in,91448795500128,1,/perception/lidar/pointcloud_preprocess,0,0,1783598799387626541,0,0,0,3307937,3308073
202607092006,e2e_trace_v3,259,72191326434623993,0,perception.pointcloud_map_based_roi,out,91448797546144,1,/perception/lidar/pointcloud_map_based_roi,0,0,1783598799387626541,0,0,0,3307937,3308073
202607092006,e2e_trace_v3,275,72191326434623994,0,perception.pointcloud_map_based_roi,in,91448908162432,1,/perception/lidar/pointcloud_preprocess,0,0,1783598799487847670,0,0,0,3307937,3308078
202607092006,e2e_trace_v3,276,72191326434623994,0,perception.pointcloud_map_based_roi,out,91448911725728,1,/perception/lidar/pointcloud_map_based_roi,0,0,1783598799487847670,0,0,0,3307937,3308078
202607092006,e2e_trace_v3,284,72191326434623995,0,perception.pointcloud_map_based_roi,in,91449022727456,1,/perception/lidar/pointcloud_preprocess,0,0,1783598799587780034,0,0,0,3307937,3308077
202607092006,e2e_trace_v3,285,72191326434623995,0,perception.pointcloud_map_based_roi,out,91449025142656,1,/perception/lidar/pointcloud_map_based_roi,0,0,1783598799587780034,0,0,0,3307937,3308077
202607092006,e2e_trace_v3,301,72191326434623996,0,perception.pointcloud_map_based_roi,in,91449096428992,1,/perception/lidar/pointcloud_preprocess,0,0,1783598799687705566,0,0,0,3307937,3308075
202607092006,e2e_trace_v3,302,72191326434623996,0,perception.pointcloud_map_based_roi,out,91449098568128,1,/perception/lidar/pointcloud_map_based_roi,0,0,1783598799687705566,0,0,0,3307937,3308075
202607092006,e2e_trace_v3,310,72191326434623997,0,perception.pointcloud_map_based_roi,in,91449199710112,1,/perception/lidar/pointcloud_preprocess,0,0,1783598799788129642,0,0,0,3307937,3308084
202607092006,e2e_trace_v3,311,72191326434623997,0,perception.pointcloud_map_based_roi,out,91449201712160,1,/perception/lidar/pointcloud_map_based_roi,0,0,1783598799788129642,0,0,0,3307937,3308084
202607092006,e2e_trace_v3,327,72191326434623998,0,perception.pointcloud_map_based_roi,in,91449295942528,1,/perception/lidar/pointcloud_preprocess,0,0,1783598799887789072,0,0,0,3307937,3308079
202607092006,e2e_trace_v3,328,72191326434623998,0,perception.pointcloud_map_based_roi,out,91449298089472,1,/perception/lidar/pointcloud_map_based_roi,0,0,1783598799887789072,0,0,0,3307937,3308079
202607092006,e2e_trace_v3,336,72191326434623999,0,perception.pointcloud_map_based_roi,in,91449395682368,1,/perception/lidar/pointcloud_preprocess,0,0,1783598799987757332,0,0,0,3307937,3308079
202607092006,e2e_trace_v3,338,72191326434623999,0,perception.pointcloud_map_based_roi,out,91449397753728,1,/perception/lidar/pointcloud_map_based_roi,0,0,1783598799987757332,0,0,0,3307937,3308079
202607092006,e2e_trace_v3,353,72191326434624000,0,perception.pointcloud_map_based_roi,in,91449495518336,1,/perception/lidar/pointcloud_preprocess,0,0,1783598800087744679,0,0,0,3307937,3308075
202607092006,e2e_trace_v3,354,72191326434624000,0,perception.pointcloud_map_based_roi,out,91449497613056,1,/perception/lidar/pointcloud_map_based_roi,0,0,1783598800087744679,0,0,0,3307937,3308075
202607092006,e2e_trace_v3,370,72191326434624001,0,perception.pointcloud_map_based_roi,in,91449595642016,1,/perception/lidar/pointcloud_preprocess,0,0,1783598800187742710,0,0,0,3307937,3308083
202607092006,e2e_trace_v3,371,72191326434624001,0,perception.pointcloud_map_based_roi,out,91449597889664,1,/perception/lidar/pointcloud_map_based_roi,0,0,1783598800187742710,0,0,0,3307937,3308083
202607092006,e2e_trace_v3,378,72191326434624002,0,perception.pointcloud_map_based_roi,in,91449695763424,1,/perception/lidar/pointcloud_preprocess,0,0,1783598800287963462,0,0,0,3307937,3308087
202607092006,e2e_trace_v3,379,72191326434624002,0,perception.pointcloud_map_based_roi,out,91449698376640,1,/perception/lidar/pointcloud_map_based_roi,0,0,1783598800287963462,0,0,0,3307937,3308087
202607092006,e2e_trace_v3,396,72191326434624003,0,perception.pointcloud_map_based_roi,in,91449796235104,1,/perception/lidar/pointcloud_preprocess,0,0,1783598800387679902,0,0,0,3307937,3308084
202607092006,e2e_trace_v3,397,72191326434624003,0,perception.pointcloud_map_based_roi,out,91449798841536,1,/perception/lidar/pointcloud_map_based_roi,0,0,1783598800387679902,0,0,0,3307937,3308084
202607092006,e2e_trace_v3,413,72191326434624004,0,perception.pointcloud_map_based_roi,in,91449895598272,1,/perception/lidar/pointcloud_preprocess,0,0,1783598800487758012,0,0,0,3307937,3308074
202607092006,e2e_trace_v3,414,72191326434624004,0,perception.pointcloud_map_based_roi,out,91449897822496,1,/perception/lidar/pointcloud_map_based_roi,0,0,1783598800487758012,0,0,0,3307937,3308074
202607092006,e2e_trace_v3,430,72191326434624005,0,perception.pointcloud_map_based_roi,in,91449996966304,1,/perception/lidar/pointcloud_preprocess,0,0,1783598800587663926,0,0,0,3307937,3308085
202607092006,e2e_trace_v3,438,72191326434624005,0,perception.pointcloud_map_based_roi,out,91449999167168,1,/perception/lidar/pointcloud_map_based_roi,0,0,1783598800587663926,0,0,0,3307937,3308085
202607092006,e2e_trace_v3,455,72191326434624006,0,perception.pointcloud_map_based_roi,in,91450096753984,1,/perception/lidar/pointcloud_preprocess,0,0,1783598800687603029,0,0,0,3307937,3308087
202607092006,e2e_trace_v3,456,72191326434624006,0,perception.pointcloud_map_based_roi,out,91450099091456,1,/perception/lidar/pointcloud_map_based_roi,0,0,1783598800687603029,0,0,0,3307937,3308087
202607092006,e2e_trace_v3,464,72191326434624007,0,perception.pointcloud_map_based_roi,in,91450196543968,1,/perception/lidar/pointcloud_preprocess,0,0,1783598800787750933,0,0,0,3307937,3308082
202607092006,e2e_trace_v3,475,72191326434624007,0,perception.pointcloud_map_based_roi,out,91450207222624,1,/perception/lidar/pointcloud_map_based_roi,0,0,1783598800787750933,0,0,0,3307937,3308082
202607092006,e2e_trace_v3,481,72191326434624008,0,perception.pointcloud_map_based_roi,in,91450296617056,1,/perception/lidar/pointcloud_preprocess,0,0,1783598800887714299,0,0,0,3307937,3308079
202607092006,e2e_trace_v3,482,72191326434624008,0,perception.pointcloud_map_based_roi,out,91450299042240,1,/perception/lidar/pointcloud_map_based_roi,0,0,1783598800887714299,0,0,0,3307937,3308079
202607092006,e2e_trace_v3,498,72191326434624009,0,perception.pointcloud_map_based_roi,in,91450397899744,1,/perception/lidar/pointcloud_preprocess,0,0,1783598800988443406,0,0,0,3307937,3308074
202607092006,e2e_trace_v3,499,72191326434624009,0,perception.pointcloud_map_based_roi,out,91450399859584,1,/perception/lidar/pointcloud_map_based_roi,0,0,1783598800988443406,0,0,0,3307937,3308074
202607092006,e2e_trace_v3,521,72191326434624010,0,perception.pointcloud_map_based_roi,in,91450495465088,1,/perception/lidar/pointcloud_preprocess,0,0,1783598801087812187,0,0,0,3307937,3308088
202607092006,e2e_trace_v3,524,72191326434624010,0,perception.pointcloud_map_based_roi,out,91450497624416,1,/perception/lidar/pointcloud_map_based_roi,0,0,1783598801087812187,0,0,0,3307937,3308088
202607092006,e2e_trace_v3,540,72191326434624011,0,perception.pointcloud_map_based_roi,in,91450596327712,1,/perception/lidar/pointcloud_preprocess,0,0,1783598801187925111,0,0,0,3307937,3308082
202607092006,e2e_trace_v3,542,72191326434624011,0,perception.pointcloud_map_based_roi,out,91450600171424,1,/perception/lidar/pointcloud_map_based_roi,0,0,1783598801187925111,0,0,0,3307937,3308082
202607092006,e2e_trace_v3,557,72191326434624012,0,perception.pointcloud_map_based_roi,in,91450696532320,1,/perception/lidar/pointcloud_preprocess,0,0,1783598801287773675,0,0,0,3307937,3308085
202607092006,e2e_trace_v3,558,72191326434624012,0,perception.pointcloud_map_based_roi,out,91450698516128,1,/perception/lidar/pointcloud_map_based_roi,0,0,1783598801287773675,0,0,0,3307937,3308085
202607092006,e2e_trace_v3,574,72191326434624013,0,perception.pointcloud_map_based_roi,in,91450796482592,1,/perception/lidar/pointcloud_preprocess,0,0,1783598801387816441,0,0,0,3307937,3308075
202607092006,e2e_trace_v3,575,72191326434624013,0,perception.pointcloud_map_based_roi,out,91450798544224,1,/perception/lidar/pointcloud_map_based_roi,0,0,1783598801387816441,0,0,0,3307937,3308075
202607092006,e2e_trace_v3,599,72191326434624014,0,perception.pointcloud_map_based_roi,in,91450902125856,1,/perception/lidar/pointcloud_preprocess,0,0,1783598801487827343,0,0,0,3307937,3308086
202607092006,e2e_trace_v3,600,72191326434624014,0,perception.pointcloud_map_based_roi,out,91450904441760,1,/perception/lidar/pointcloud_map_based_roi,0,0,1783598801487827343,0,0,0,3307937,3308086
202607092006,e2e_trace_v3,616,72191326434624015,0,perception.pointcloud_map_based_roi,in,91451017670880,1,/perception/lidar/pointcloud_preprocess,0,0,1783598801587804386,0,0,0,3307937,3308082
202607092006,e2e_trace_v3,617,72191326434624015,0,perception.pointcloud_map_based_roi,out,91451019709056,1,/perception/lidar/pointcloud_map_based_roi,0,0,1783598801587804386,0,0,0,3307937,3308082
202607092006,e2e_trace_v3,633,72191326434624016,0,perception.pointcloud_map_based_roi,in,91451095103008,1,/perception/lidar/pointcloud_preprocess,0,0,1783598801687806274,0,0,0,3307937,3308087
202607092006,e2e_trace_v3,634,72191326434624016,0,perception.pointcloud_map_based_roi,out,91451097210208,1,/perception/lidar/pointcloud_map_based_roi,0,0,1783598801687806274,0,0,0,3307937,3308087
202607092006,e2e_trace_v3,650,72191326434624017,0,perception.pointcloud_map_based_roi,in,91451195574144,1,/perception/lidar/pointcloud_preprocess,0,0,1783598801787738780,0,0,0,3307937,3308077
202607092006,e2e_trace_v3,651,72191326434624017,0,perception.pointcloud_map_based_roi,out,91451197873824,1,/perception/lidar/pointcloud_map_based_roi,0,0,1783598801787738780,0,0,0,3307937,3308077
202607092006,e2e_trace_v3,675,72191326434624018,0,perception.pointcloud_map_based_roi,in,91451295172832,1,/perception/lidar/pointcloud_preprocess,0,0,1783598801888015637,0,0,0,3307937,3308076
202607092006,e2e_trace_v3,676,72191326434624018,0,perception.pointcloud_map_based_roi,out,91451297071392,1,/perception/lidar/pointcloud_map_based_roi,0,0,1783598801888015637,0,0,0,3307937,3308076
202607092006,e2e_trace_v3,692,72191326434624019,0,perception.pointcloud_map_based_roi,in,91451396871456,1,/perception/lidar/pointcloud_preprocess,0,0,1783598801988132629,0,0,0,3307937,3308080
202607092006,e2e_trace_v3,693,72191326434624019,0,perception.pointcloud_map_based_roi,out,91451398876736,1,/perception/lidar/pointcloud_map_based_roi,0,0,1783598801988132629,0,0,0,3307937,3308080
202607092006,e2e_trace_v3,709,72191326434624020,0,perception.pointcloud_map_based_roi,in,91451496090400,1,/perception/lidar/pointcloud_preprocess,0,0,1783598802087848242,0,0,0,3307937,3308074
202607092006,e2e_trace_v3,710,72191326434624020,0,perception.pointcloud_map_based_roi,out,91451498012320,1,/perception/lidar/pointcloud_map_based_roi,0,0,1783598802087848242,0,0,0,3307937,3308074
202607092006,e2e_trace_v3,726,72191326434624021,0,perception.pointcloud_map_based_roi,in,91451595791520,1,/perception/lidar/pointcloud_preprocess,0,0,1783598802188713796,0,0,0,3307937,3308076
202607092006,e2e_trace_v3,727,72191326434624021,0,perception.pointcloud_map_based_roi,out,91451597779456,1,/perception/lidar/pointcloud_map_based_roi,0,0,1783598802188713796,0,0,0,3307937,3308076
202607092006,e2e_trace_v3,742,72191326434624022,0,perception.pointcloud_map_based_roi,in,91451696223136,1,/perception/lidar/pointcloud_preprocess,0,0,1783598802287840495,0,0,0,3307937,3308086
202607092006,e2e_trace_v3,744,72191326434624022,0,perception.pointcloud_map_based_roi,out,91451699115424,1,/perception/lidar/pointcloud_map_based_roi,0,0,1783598802287840495,0,0,0,3307937,3308086
202607092006,e2e_trace_v3,768,72191326434624023,0,perception.pointcloud_map_based_roi,in,91451795764032,1,/perception/lidar/pointcloud_preprocess,0,0,1783598802387834184,0,0,0,3307937,3308076
202607092006,e2e_trace_v3,769,72191326434624023,0,perception.pointcloud_map_based_roi,out,91451798349376,1,/perception/lidar/pointcloud_map_based_roi,0,0,1783598802387834184,0,0,0,3307937,3308076
202607092006,e2e_trace_v3,785,72191326434624024,0,perception.pointcloud_map_based_roi,in,91451897039648,1,/perception/lidar/pointcloud_preprocess,0,0,1783598802488435477,0,0,0,3307937,3308088
202607092006,e2e_trace_v3,786,72191326434624024,0,perception.pointcloud_map_based_roi,out,91451898938496,1,/perception/lidar/pointcloud_map_based_roi,0,0,1783598802488435477,0,0,0,3307937,3308088
202607092006,e2e_trace_v3,802,72191326434624025,0,perception.pointcloud_map_based_roi,in,91452013917664,1,/perception/lidar/pointcloud_preprocess,0,0,1783598802587809133,0,0,0,3307937,3308078
202607092006,e2e_trace_v3,810,72191326434624025,0,perception.pointcloud_map_based_roi,out,91452016246880,1,/perception/lidar/pointcloud_map_based_roi,0,0,1783598802587809133,0,0,0,3307937,3308078
202607092006,e2e_trace_v3,818,72191326434624026,0,perception.pointcloud_map_based_roi,in,91452095430400,1,/perception/lidar/pointcloud_preprocess,0,0,1783598802687661399,0,0,0,3307937,3308084
202607092006,e2e_trace_v3,820,72191326434624026,0,perception.pointcloud_map_based_roi,out,91452097480928,1,/perception/lidar/pointcloud_map_based_roi,0,0,1783598802687661399,0,0,0,3307937,3308084
202607092006,e2e_trace_v3,843,72191326434624027,0,perception.pointcloud_map_based_roi,in,91452195506144,1,/perception/lidar/pointcloud_preprocess,0,0,1783598802787795175,0,0,0,3307937,3308083
202607092006,e2e_trace_v3,844,72191326434624027,0,perception.pointcloud_map_based_roi,out,91452197318560,1,/perception/lidar/pointcloud_map_based_roi,0,0,1783598802787795175,0,0,0,3307937,3308083
202607092006,e2e_trace_v3,860,72191326434624028,0,perception.pointcloud_map_based_roi,in,91452294652000,1,/perception/lidar/pointcloud_preprocess,0,0,1783598802887685664,0,0,0,3307937,3308078
202607092006,e2e_trace_v3,861,72191326434624028,0,perception.pointcloud_map_based_roi,out,91452296655552,1,/perception/lidar/pointcloud_map_based_roi,0,0,1783598802887685664,0,0,0,3307937,3308078
202607092006,e2e_trace_v3,877,72191326434624029,0,perception.pointcloud_map_based_roi,in,91452395199840,1,/perception/lidar/pointcloud_preprocess,0,0,1783598802987665404,0,0,0,3307937,3308077
202607092006,e2e_trace_v3,879,72191326434624029,0,perception.pointcloud_map_based_roi,out,91452397352736,1,/perception/lidar/pointcloud_map_based_roi,0,0,1783598802987665404,0,0,0,3307937,3308077
202607092006,e2e_trace_v3,894,72191326434624030,0,perception.pointcloud_map_based_roi,in,91452495470496,1,/perception/lidar/pointcloud_preprocess,0,0,1783598803087760802,0,0,0,3307937,3308079
202607092006,e2e_trace_v3,895,72191326434624030,0,perception.pointcloud_map_based_roi,out,91452498360256,1,/perception/lidar/pointcloud_map_based_roi,0,0,1783598803087760802,0,0,0,3307937,3308079
202607092006,e2e_trace_v3,911,72191326434624031,0,perception.pointcloud_map_based_roi,in,91452594847808,1,/perception/lidar/pointcloud_preprocess,0,0,1783598803187636350,0,0,0,3307937,3308082
202607092006,e2e_trace_v3,912,72191326434624031,0,perception.pointcloud_map_based_roi,out,91452597148096,1,/perception/lidar/pointcloud_map_based_roi,0,0,1783598803187636350,0,0,0,3307937,3308082
202607092006,e2e_trace_v3,928,72191326434624032,0,perception.pointcloud_map_based_roi,in,91452696233984,1,/perception/lidar/pointcloud_preprocess,0,0,1783598803287896944,0,0,0,3307937,3308078
202607092006,e2e_trace_v3,929,72191326434624032,0,perception.pointcloud_map_based_roi,out,91452699383040,1,/perception/lidar/pointcloud_map_based_roi,0,0,1783598803287896944,0,0,0,3307937,3308078
202607092006,e2e_trace_v3,945,72191326434624033,0,perception.pointcloud_map_based_roi,in,91452795853280,1,/perception/lidar/pointcloud_preprocess,0,0,1783598803388160280,0,0,0,3307937,3308086
202607092006,e2e_trace_v3,946,72191326434624033,0,perception.pointcloud_map_based_roi,out,91452799464608,1,/perception/lidar/pointcloud_map_based_roi,0,0,1783598803388160280,0,0,0,3307937,3308086
202607092006,e2e_trace_v3,962,72191326434624034,0,perception.pointcloud_map_based_roi,in,91452895994944,1,/perception/lidar/pointcloud_preprocess,0,0,1783598803488255333,0,0,0,3307937,3308085
202607092006,e2e_trace_v3,963,72191326434624034,0,perception.pointcloud_map_based_roi,out,91452899345088,1,/perception/lidar/pointcloud_map_based_roi,0,0,1783598803488255333,0,0,0,3307937,3308085
202607092006,e2e_trace_v3,979,72191326434624035,0,perception.pointcloud_map_based_roi,in,91452995887936,1,/perception/lidar/pointcloud_preprocess,0,0,1783598803587708570,0,0,0,3307937,3308088
202607092006,e2e_trace_v3,980,72191326434624035,0,perception.pointcloud_map_based_roi,out,91452998818240,1,/perception/lidar/pointcloud_map_based_roi,0,0,1783598803587708570,0,0,0,3307937,3308088
202607092006,e2e_trace_v3,996,72191326434624036,0,perception.pointcloud_map_based_roi,in,91453095161696,1,/perception/lidar/pointcloud_preprocess,0,0,1783598803687883663,0,0,0,3307937,3308074
202607092006,e2e_trace_v3,997,72191326434624036,0,perception.pointcloud_map_based_roi,out,91453096880320,1,/perception/lidar/pointcloud_map_based_roi,0,0,1783598803687883663,0,0,0,3307937,3308074
202607092006,e2e_trace_v3,1013,72191326434624037,0,perception.pointcloud_map_based_roi,in,91453195329088,1,/perception/lidar/pointcloud_preprocess,0,0,1783598803787773861,0,0,0,3307937,3308078
202607092006,e2e_trace_v3,1014,72191326434624037,0,perception.pointcloud_map_based_roi,out,91453197063744,1,/perception/lidar/pointcloud_map_based_roi,0,0,1783598803787773861,0,0,0,3307937,3308078
202607092006,e2e_trace_v3,1030,72191326434624038,0,perception.pointcloud_map_based_roi,in,91453294510784,1,/perception/lidar/pointcloud_preprocess,0,0,1783598803887579429,0,0,0,3307937,3308073
202607092006,e2e_trace_v3,1031,72191326434624038,0,perception.pointcloud_map_based_roi,out,91453296327808,1,/perception/lidar/pointcloud_map_based_roi,0,0,1783598803887579429,0,0,0,3307937,3308073
202607092006,e2e_trace_v3,1047,72191326434624039,0,perception.pointcloud_map_based_roi,in,91453395975232,1,/perception/lidar/pointcloud_preprocess,0,0,1783598803987658061,0,0,0,3307937,3308075
202607092006,e2e_trace_v3,1048,72191326434624039,0,perception.pointcloud_map_based_roi,out,91453397798816,1,/perception/lidar/pointcloud_map_based_roi,0,0,1783598803987658061,0,0,0,3307937,3308075
202607092006,e2e_trace_v3,1064,72191326434624040,0,perception.pointcloud_map_based_roi,in,91453494592576,1,/perception/lidar/pointcloud_preprocess,0,0,1783598804087685346,0,0,0,3307937,3308080
202607092006,e2e_trace_v3,1065,72191326434624040,0,perception.pointcloud_map_based_roi,out,91453497631008,1,/perception/lidar/pointcloud_map_based_roi,0,0,1783598804087685346,0,0,0,3307937,3308080
202607092006,e2e_trace_v3,1080,72191326434624041,0,perception.pointcloud_map_based_roi,in,91453594846752,1,/perception/lidar/pointcloud_preprocess,0,0,1783598804187763219,0,0,0,3307937,3308074
202607092006,e2e_trace_v3,1082,72191326434624041,0,perception.pointcloud_map_based_roi,out,91453596893088,1,/perception/lidar/pointcloud_map_based_roi,0,0,1783598804187763219,0,0,0,3307937,3308074
202607092006,e2e_trace_v3,1098,72191326434624042,0,perception.pointcloud_map_based_roi,in,91453695600992,1,/perception/lidar/pointcloud_preprocess,0,0,1783598804287816816,0,0,0,3307937,3308086
202607092006,e2e_trace_v3,1099,72191326434624042,0,perception.pointcloud_map_based_roi,out,91453698383328,1,/perception/lidar/pointcloud_map_based_roi,0,0,1783598804287816816,0,0,0,3307937,3308086
202607092006,e2e_trace_v3,1115,72191326434624043,0,perception.pointcloud_map_based_roi,in,91453809882464,1,/perception/lidar/pointcloud_preprocess,0,0,1783598804387817416,0,0,0,3307937,3308082
202607092006,e2e_trace_v3,1116,72191326434624043,0,perception.pointcloud_map_based_roi,out,91453812950080,1,/perception/lidar/pointcloud_map_based_roi,0,0,1783598804387817416,0,0,0,3307937,3308082
202607092006,e2e_trace_v3,1125,72191326434624044,0,perception.pointcloud_map_based_roi,in,91453897152320,1,/perception/lidar/pointcloud_preprocess,0,0,1783598804487762995,0,0,0,3307937,3308077
202607092006,e2e_trace_v3,1126,72191326434624044,0,perception.pointcloud_map_based_roi,out,91453900316544,1,/perception/lidar/pointcloud_map_based_roi,0,0,1783598804487762995,0,0,0,3307937,3308077
202607092006,e2e_trace_v3,1149,72191326434624045,0,perception.pointcloud_map_based_roi,in,91453995946752,1,/perception/lidar/pointcloud_preprocess,0,0,1783598804587623815,0,0,0,3307937,3308083
202607092006,e2e_trace_v3,1150,72191326434624045,0,perception.pointcloud_map_based_roi,out,91453999385632,1,/perception/lidar/pointcloud_map_based_roi,0,0,1783598804587623815,0,0,0,3307937,3308083
202607092006,e2e_trace_v3,1166,72191326434624046,0,perception.pointcloud_map_based_roi,in,91454096243552,1,/perception/lidar/pointcloud_preprocess,0,0,1783598804687771116,0,0,0,3307937,3308084
202607092006,e2e_trace_v3,1167,72191326434624046,0,perception.pointcloud_map_based_roi,out,91454098215232,1,/perception/lidar/pointcloud_map_based_roi,0,0,1783598804687771116,0,0,0,3307937,3308084
202607092006,e2e_trace_v3,1183,72191326434624047,0,perception.pointcloud_map_based_roi,in,91454195635744,1,/perception/lidar/pointcloud_preprocess,0,0,1783598804787773232,0,0,0,3307937,3308088
202607092006,e2e_trace_v3,1184,72191326434624047,0,perception.pointcloud_map_based_roi,out,91454197483360,1,/perception/lidar/pointcloud_map_based_roi,0,0,1783598804787773232,0,0,0,3307937,3308088
202607092006,e2e_trace_v3,1200,72191326434624048,0,perception.pointcloud_map_based_roi,in,91454295290496,1,/perception/lidar/pointcloud_preprocess,0,0,1783598804888030926,0,0,0,3307937,3308076
202607092006,e2e_trace_v3,1201,72191326434624048,0,perception.pointcloud_map_based_roi,out,91454297113792,1,/perception/lidar/pointcloud_map_based_roi,0,0,1783598804888030926,0,0,0,3307937,3308076
202607092006,e2e_trace_v3,1217,72191326434624049,0,perception.pointcloud_map_based_roi,in,91454394801152,1,/perception/lidar/pointcloud_preprocess,0,0,1783598804988007884,0,0,0,3307937,3308085
202607092006,e2e_trace_v3,1218,72191326434624049,0,perception.pointcloud_map_based_roi,out,91454396899872,1,/perception/lidar/pointcloud_map_based_roi,0,0,1783598804988007884,0,0,0,3307937,3308085
202607092006,e2e_trace_v3,1234,72191326434624050,0,perception.pointcloud_map_based_roi,in,91454495897344,1,/perception/lidar/pointcloud_preprocess,0,0,1783598805087810661,0,0,0,3307937,3308078
202607092006,e2e_trace_v3,1236,72191326434624050,0,perception.pointcloud_map_based_roi,out,91454500261504,1,/perception/lidar/pointcloud_map_based_roi,0,0,1783598805087810661,0,0,0,3307937,3308078
202607092006,e2e_trace_v3,1251,72191326434624051,0,perception.pointcloud_map_based_roi,in,91454607104960,1,/perception/lidar/pointcloud_preprocess,0,0,1783598805188086654,0,0,0,3307937,3308086
202607092006,e2e_trace_v3,1252,72191326434624051,0,perception.pointcloud_map_based_roi,out,91454609119424,1,/perception/lidar/pointcloud_map_based_roi,0,0,1783598805188086654,0,0,0,3307937,3308086
202607092006,e2e_trace_v3,1267,72191326434624052,0,perception.pointcloud_map_based_roi,in,91454695236576,1,/perception/lidar/pointcloud_preprocess,0,0,1783598805287727137,0,0,0,3307937,3308087
202607092006,e2e_trace_v3,1270,72191326434624052,0,perception.pointcloud_map_based_roi,out,91454697724832,1,/perception/lidar/pointcloud_map_based_roi,0,0,1783598805287727137,0,0,0,3307937,3308087
202607092006,e2e_trace_v3,1285,72191326434624053,0,perception.pointcloud_map_based_roi,in,91454796014816,1,/perception/lidar/pointcloud_preprocess,0,0,1783598805388125024,0,0,0,3307937,3308079
202607092006,e2e_trace_v3,1286,72191326434624053,0,perception.pointcloud_map_based_roi,out,91454797891744,1,/perception/lidar/pointcloud_map_based_roi,0,0,1783598805388125024,0,0,0,3307937,3308079
202607092006,e2e_trace_v3,1302,72191326434624054,0,perception.pointcloud_map_based_roi,in,91454896591584,1,/perception/lidar/pointcloud_preprocess,0,0,1783598805487903584,0,0,0,3307937,3308085
202607092006,e2e_trace_v3,1303,72191326434624054,0,perception.pointcloud_map_based_roi,out,91454898759232,1,/perception/lidar/pointcloud_map_based_roi,0,0,1783598805487903584,0,0,0,3307937,3308085
202607092006,e2e_trace_v3,1319,72191326434624055,0,perception.pointcloud_map_based_roi,in,91454995679584,1,/perception/lidar/pointcloud_preprocess,0,0,1783598805587906265,0,0,0,3307937,3308080
202607092006,e2e_trace_v3,1320,72191326434624055,0,perception.pointcloud_map_based_roi,out,91454997550432,1,/perception/lidar/pointcloud_map_based_roi,0,0,1783598805587906265,0,0,0,3307937,3308080
202607092006,e2e_trace_v3,1336,72191326434624056,0,perception.pointcloud_map_based_roi,in,91455096115744,1,/perception/lidar/pointcloud_preprocess,0,0,1783598805687767281,0,0,0,3307937,3308086
202607092006,e2e_trace_v3,1337,72191326434624056,0,perception.pointcloud_map_based_roi,out,91455098581696,1,/perception/lidar/pointcloud_map_based_roi,0,0,1783598805687767281,0,0,0,3307937,3308086
202607092006,e2e_trace_v3,1353,72191326434624057,0,perception.pointcloud_map_based_roi,in,91455195256672,1,/perception/lidar/pointcloud_preprocess,0,0,1783598805787609709,0,0,0,3307937,3308078
202607092006,e2e_trace_v3,1354,72191326434624057,0,perception.pointcloud_map_based_roi,out,91455196997056,1,/perception/lidar/pointcloud_map_based_roi,0,0,1783598805787609709,0,0,0,3307937,3308078
202607092006,e2e_trace_v3,1370,72191326434624058,0,perception.pointcloud_map_based_roi,in,91455295618048,1,/perception/lidar/pointcloud_preprocess,0,0,1783598805888108138,0,0,0,3307937,3308087
202607092006,e2e_trace_v3,1371,72191326434624058,0,perception.pointcloud_map_based_roi,out,91455297362048,1,/perception/lidar/pointcloud_map_based_roi,0,0,1783598805888108138,0,0,0,3307937,3308087
202607092006,e2e_trace_v3,1387,72191326434624059,0,perception.pointcloud_map_based_roi,in,91455395997888,1,/perception/lidar/pointcloud_preprocess,0,0,1783598805987954792,0,0,0,3307937,3308083
202607092006,e2e_trace_v3,1388,72191326434624059,0,perception.pointcloud_map_based_roi,out,91455397829664,1,/perception/lidar/pointcloud_map_based_roi,0,0,1783598805987954792,0,0,0,3307937,3308083
202607092006,e2e_trace_v3,1404,72191326434624060,0,perception.pointcloud_map_based_roi,in,91455495772448,1,/perception/lidar/pointcloud_preprocess,0,0,1783598806087775811,0,0,0,3307937,3308085
202607092006,e2e_trace_v3,1405,72191326434624060,0,perception.pointcloud_map_based_roi,out,91455497650688,1,/perception/lidar/pointcloud_map_based_roi,0,0,1783598806087775811,0,0,0,3307937,3308085
202607092006,e2e_trace_v3,1421,72191326434624061,0,perception.pointcloud_map_based_roi,in,91455597011712,1,/perception/lidar/pointcloud_preprocess,0,0,1783598806187623195,0,0,0,3307937,3308073
202607092006,e2e_trace_v3,1422,72191326434624061,0,perception.pointcloud_map_based_roi,out,91455599968640,1,/perception/lidar/pointcloud_map_based_roi,0,0,1783598806187623195,0,0,0,3307937,3308073
202607092006,e2e_trace_v3,1438,72191326434624062,0,perception.pointcloud_map_based_roi,in,91455723590112,1,/perception/lidar/pointcloud_preprocess,0,0,1783598806287735082,0,0,0,3307937,3308075
202607092006,e2e_trace_v3,1439,72191326434624062,0,perception.pointcloud_map_based_roi,out,91455725702112,1,/perception/lidar/pointcloud_map_based_roi,0,0,1783598806287735082,0,0,0,3307937,3308075
202607092006,e2e_trace_v3,1448,72191326434624063,0,perception.pointcloud_map_based_roi,in,91455796087392,1,/perception/lidar/pointcloud_preprocess,0,0,1783598806387648037,0,0,0,3307937,3308078
202607092006,e2e_trace_v3,1449,72191326434624063,0,perception.pointcloud_map_based_roi,out,91455798336672,1,/perception/lidar/pointcloud_map_based_roi,0,0,1783598806387648037,0,0,0,3307937,3308078
202607092006,e2e_trace_v3,1472,72191326434624064,0,perception.pointcloud_map_based_roi,in,91455918012864,1,/perception/lidar/pointcloud_preprocess,0,0,1783598806487693754,0,0,0,3307937,3308079
202607092006,e2e_trace_v3,1473,72191326434624064,0,perception.pointcloud_map_based_roi,out,91455919704192,1,/perception/lidar/pointcloud_map_based_roi,0,0,1783598806487693754,0,0,0,3307937,3308079
202607092006,e2e_trace_v3,1489,72191326434624065,0,perception.pointcloud_map_based_roi,in,91456002791456,1,/perception/lidar/pointcloud_preprocess,0,0,1783598806587558909,0,0,0,3307937,3308076
202607092006,e2e_trace_v3,1491,72191326434624065,0,perception.pointcloud_map_based_roi,out,91456006920000,1,/perception/lidar/pointcloud_map_based_roi,0,0,1783598806587558909,0,0,0,3307937,3308076
202607092006,e2e_trace_v3,1506,72191326434624066,0,perception.pointcloud_map_based_roi,in,91456099544608,1,/perception/lidar/pointcloud_preprocess,0,0,1783598806687653203,0,0,0,3307937,3308088
202607092006,e2e_trace_v3,1507,72191326434624066,0,perception.pointcloud_map_based_roi,out,91456101500704,1,/perception/lidar/pointcloud_map_based_roi,0,0,1783598806687653203,0,0,0,3307937,3308088
202607092006,e2e_trace_v3,1523,72191326434624067,0,perception.pointcloud_map_based_roi,in,91456195153984,1,/perception/lidar/pointcloud_preprocess,0,0,1783598806787627693,0,0,0,3307937,3308081
202607092006,e2e_trace_v3,1524,72191326434624067,0,perception.pointcloud_map_based_roi,out,91456197261280,1,/perception/lidar/pointcloud_map_based_roi,0,0,1783598806787627693,0,0,0,3307937,3308081
202607092006,e2e_trace_v3,1540,72191326434624068,0,perception.pointcloud_map_based_roi,in,91456295376352,1,/perception/lidar/pointcloud_preprocess,0,0,1783598806887734359,0,0,0,3307937,3308075
202607092006,e2e_trace_v3,1541,72191326434624068,0,perception.pointcloud_map_based_roi,out,91456297550208,1,/perception/lidar/pointcloud_map_based_roi,0,0,1783598806887734359,0,0,0,3307937,3308075
202607092006,e2e_trace_v3,1557,72191326434624069,0,perception.pointcloud_map_based_roi,in,91456396194432,1,/perception/lidar/pointcloud_preprocess,0,0,1783598806987673924,0,0,0,3307937,3308085
202607092006,e2e_trace_v3,1558,72191326434624069,0,perception.pointcloud_map_based_roi,out,91456398205184,1,/perception/lidar/pointcloud_map_based_roi,0,0,1783598806987673924,0,0,0,3307937,3308085
202607092006,e2e_trace_v3,1574,72191326434624070,0,perception.pointcloud_map_based_roi,in,91456495484480,1,/perception/lidar/pointcloud_preprocess,0,0,1783598807087673597,0,0,0,3307937,3308076
202607092006,e2e_trace_v3,1575,72191326434624070,0,perception.pointcloud_map_based_roi,out,91456497441376,1,/perception/lidar/pointcloud_map_based_roi,0,0,1783598807087673597,0,0,0,3307937,3308076
202607092006,e2e_trace_v3,1591,72191326434624071,0,perception.pointcloud_map_based_roi,in,91456595146560,1,/perception/lidar/pointcloud_preprocess,0,0,1783598807187761789,0,0,0,3307937,3308086
202607092006,e2e_trace_v3,1592,72191326434624071,0,perception.pointcloud_map_based_roi,out,91456597430656,1,/perception/lidar/pointcloud_map_based_roi,0,0,1783598807187761789,0,0,0,3307937,3308086
202607092006,e2e_trace_v3,1608,72191326434624072,0,perception.pointcloud_map_based_roi,in,91456696000320,1,/perception/lidar/pointcloud_preprocess,0,0,1783598807287807263,0,0,0,3307937,3308087
202607092006,e2e_trace_v3,1609,72191326434624072,0,perception.pointcloud_map_based_roi,out,91456698269280,1,/perception/lidar/pointcloud_map_based_roi,0,0,1783598807287807263,0,0,0,3307937,3308087
202607092006,e2e_trace_v3,1625,72191326434624073,0,perception.pointcloud_map_based_roi,in,91456795918624,1,/perception/lidar/pointcloud_preprocess,0,0,1783598807387715255,0,0,0,3307937,3308077
202607092006,e2e_trace_v3,1626,72191326434624073,0,perception.pointcloud_map_based_roi,out,91456798036032,1,/perception/lidar/pointcloud_map_based_roi,0,0,1783598807387715255,0,0,0,3307937,3308077
202607092006,e2e_trace_v3,1642,72191326434624074,0,perception.pointcloud_map_based_roi,in,91456897122752,1,/perception/lidar/pointcloud_preprocess,0,0,1783598807487859481,0,0,0,3307937,3308083
202607092006,e2e_trace_v3,1643,72191326434624074,0,perception.pointcloud_map_based_roi,out,91456899255840,1,/perception/lidar/pointcloud_map_based_roi,0,0,1783598807487859481,0,0,0,3307937,3308083
202607092006,e2e_trace_v3,1659,72191326434624075,0,perception.pointcloud_map_based_roi,in,91456996422112,1,/perception/lidar/pointcloud_preprocess,0,0,1783598807587892693,0,0,0,3307937,3308077
202607092006,e2e_trace_v3,1660,72191326434624075,0,perception.pointcloud_map_based_roi,out,91456998700992,1,/perception/lidar/pointcloud_map_based_roi,0,0,1783598807587892693,0,0,0,3307937,3308077
202607092006,e2e_trace_v3,1676,72191326434624076,0,perception.pointcloud_map_based_roi,in,91457097335040,1,/perception/lidar/pointcloud_preprocess,0,0,1783598807687962842,0,0,0,3307937,3308082
202607092006,e2e_trace_v3,1677,72191326434624076,0,perception.pointcloud_map_based_roi,out,91457099931904,1,/perception/lidar/pointcloud_map_based_roi,0,0,1783598807687962842,0,0,0,3307937,3308082
202607092006,e2e_trace_v3,1693,72191326434624077,0,perception.pointcloud_map_based_roi,in,91457196619712,1,/perception/lidar/pointcloud_preprocess,0,0,1783598807787681881,0,0,0,3307937,3308088
202607092006,e2e_trace_v3,1694,72191326434624077,0,perception.pointcloud_map_based_roi,out,91457198533824,1,/perception/lidar/pointcloud_map_based_roi,0,0,1783598807787681881,0,0,0,3307937,3308088
202607092006,e2e_trace_v3,1709,72191326434624078,0,perception.pointcloud_map_based_roi,in,91457295586528,1,/perception/lidar/pointcloud_preprocess,0,0,1783598807887729706,0,0,0,3307937,3308084
202607092006,e2e_trace_v3,1711,72191326434624078,0,perception.pointcloud_map_based_roi,out,91457297726880,1,/perception/lidar/pointcloud_map_based_roi,0,0,1783598807887729706,0,0,0,3307937,3308084
202607092006,e2e_trace_v3,1727,72191326434624079,0,perception.pointcloud_map_based_roi,in,91457395549504,1,/perception/lidar/pointcloud_preprocess,0,0,1783598807987829602,0,0,0,3307937,3308085
202607092006,e2e_trace_v3,1728,72191326434624079,0,perception.pointcloud_map_based_roi,out,91457397648480,1,/perception/lidar/pointcloud_map_based_roi,0,0,1783598807987829602,0,0,0,3307937,3308085
202607092006,e2e_trace_v3,1744,72191326434624080,0,perception.pointcloud_map_based_roi,in,91457495725632,1,/perception/lidar/pointcloud_preprocess,0,0,1783598808087935184,0,0,0,3307937,3308087
202607092006,e2e_trace_v3,1745,72191326434624080,0,perception.pointcloud_map_based_roi,out,91457497528128,1,/perception/lidar/pointcloud_map_based_roi,0,0,1783598808087935184,0,0,0,3307937,3308087
202607092006,e2e_trace_v3,1761,72191326434624081,0,perception.pointcloud_map_based_roi,in,91457596189728,1,/perception/lidar/pointcloud_preprocess,0,0,1783598808188139719,0,0,0,3307937,3308081
202607092006,e2e_trace_v3,1762,72191326434624081,0,perception.pointcloud_map_based_roi,out,91457598103136,1,/perception/lidar/pointcloud_map_based_roi,0,0,1783598808188139719,0,0,0,3307937,3308081
202607092006,e2e_trace_v3,1778,72191326434624082,0,perception.pointcloud_map_based_roi,in,91457695586944,1,/perception/lidar/pointcloud_preprocess,0,0,1783598808288414489,0,0,0,3307937,3308088
202607092006,e2e_trace_v3,1779,72191326434624082,0,perception.pointcloud_map_based_roi,out,91457697574144,1,/perception/lidar/pointcloud_map_based_roi,0,0,1783598808288414489,0,0,0,3307937,3308088
202607092006,e2e_trace_v3,1795,72191326434624083,0,perception.pointcloud_map_based_roi,in,91457796671072,1,/perception/lidar/pointcloud_preprocess,0,0,1783598808388474795,0,0,0,3307937,3308080
202607092006,e2e_trace_v3,1796,72191326434624083,0,perception.pointcloud_map_based_roi,out,91457799223648,1,/perception/lidar/pointcloud_map_based_roi,0,0,1783598808388474795,0,0,0,3307937,3308080
202607092006,e2e_trace_v3,1812,72191326434624084,0,perception.pointcloud_map_based_roi,in,91457895722720,1,/perception/lidar/pointcloud_preprocess,0,0,1783598808487785006,0,0,0,3307937,3308076
202607092006,e2e_trace_v3,1813,72191326434624084,0,perception.pointcloud_map_based_roi,out,91457898126496,1,/perception/lidar/pointcloud_map_based_roi,0,0,1783598808487785006,0,0,0,3307937,3308076
202607092006,e2e_trace_v3,1829,72191326434624085,0,perception.pointcloud_map_based_roi,in,91457995450304,1,/perception/lidar/pointcloud_preprocess,0,0,1783598808587790656,0,0,0,3307937,3308082
202607092006,e2e_trace_v3,1831,72191326434624085,0,perception.pointcloud_map_based_roi,out,91457997859936,1,/perception/lidar/pointcloud_map_based_roi,0,0,1783598808587790656,0,0,0,3307937,3308082
202607092006,e2e_trace_v3,1845,72191326434624086,0,perception.pointcloud_map_based_roi,in,91458094409088,1,/perception/lidar/pointcloud_preprocess,0,0,1783598808687756697,0,0,0,3307937,3308086
202607092006,e2e_trace_v3,1847,72191326434624086,0,perception.pointcloud_map_based_roi,out,91458096452032,1,/perception/lidar/pointcloud_map_based_roi,0,0,1783598808687756697,0,0,0,3307937,3308086
202607092006,e2e_trace_v3,1863,72191326434624087,0,perception.pointcloud_map_based_roi,in,91458196355104,1,/perception/lidar/pointcloud_preprocess,0,0,1783598808788055664,0,0,0,3307937,3308084
202607092006,e2e_trace_v3,1865,72191326434624087,0,perception.pointcloud_map_based_roi,out,91458198967872,1,/perception/lidar/pointcloud_map_based_roi,0,0,1783598808788055664,0,0,0,3307937,3308084
202607092006,e2e_trace_v3,1880,72191326434624088,0,perception.pointcloud_map_based_roi,in,91458294231968,1,/perception/lidar/pointcloud_preprocess,0,0,1783598808887896929,0,0,0,3307937,3308077
202607092006,e2e_trace_v3,1881,72191326434624088,0,perception.pointcloud_map_based_roi,out,91458296318880,1,/perception/lidar/pointcloud_map_based_roi,0,0,1783598808887896929,0,0,0,3307937,3308077
202607092006,e2e_trace_v3,1897,72191326434624089,0,perception.pointcloud_map_based_roi,in,91458395193024,1,/perception/lidar/pointcloud_preprocess,0,0,1783598808987658194,0,0,0,3307937,3308079
202607092006,e2e_trace_v3,1898,72191326434624089,0,perception.pointcloud_map_based_roi,out,91458397278048,1,/perception/lidar/pointcloud_map_based_roi,0,0,1783598808987658194,0,0,0,3307937,3308079
202607092006,e2e_trace_v3,1914,72191326434624090,0,perception.pointcloud_map_based_roi,in,91458496242368,1,/perception/lidar/pointcloud_preprocess,0,0,1783598809088519228,0,0,0,3307937,3308084
202607092006,e2e_trace_v3,1915,72191326434624090,0,perception.pointcloud_map_based_roi,out,91458498315232,1,/perception/lidar/pointcloud_map_based_roi,0,0,1783598809088519228,0,0,0,3307937,3308084
202607092006,e2e_trace_v3,1931,72191326434624091,0,perception.pointcloud_map_based_roi,in,91458594801824,1,/perception/lidar/pointcloud_preprocess,0,0,1783598809187730893,0,0,0,3307937,3308083
202607092006,e2e_trace_v3,1932,72191326434624091,0,perception.pointcloud_map_based_roi,out,91458596911584,1,/perception/lidar/pointcloud_map_based_roi,0,0,1783598809187730893,0,0,0,3307937,3308083
202607092006,e2e_trace_v3,1941,72191326434624092,0,perception.pointcloud_map_based_roi,in,91458696191552,1,/perception/lidar/pointcloud_preprocess,0,0,1783598809288583323,0,0,0,3307937,3308075
202607092006,e2e_trace_v3,1942,72191326434624092,0,perception.pointcloud_map_based_roi,out,91458698310464,1,/perception/lidar/pointcloud_map_based_roi,0,0,1783598809288583323,0,0,0,3307937,3308075
202607092006,e2e_trace_v3,1958,72191326434624093,0,perception.pointcloud_map_based_roi,in,91458797660128,1,/perception/lidar/pointcloud_preprocess,0,0,1783598809388606794,0,0,0,3307937,3308080
202607092006,e2e_trace_v3,1960,72191326434624093,0,perception.pointcloud_map_based_roi,out,91458803207840,1,/perception/lidar/pointcloud_map_based_roi,0,0,1783598809388606794,0,0,0,3307937,3308080
202607092006,e2e_trace_v3,1966,72191326434624094,0,perception.pointcloud_map_based_roi,in,91458896688448,1,/perception/lidar/pointcloud_preprocess,0,0,1783598809488408537,0,0,0,3307937,3308074
202607092006,e2e_trace_v3,1968,72191326434624094,0,perception.pointcloud_map_based_roi,out,91458899376608,1,/perception/lidar/pointcloud_map_based_roi,0,0,1783598809488408537,0,0,0,3307937,3308074
202607092006,e2e_trace_v3,1984,72191326434624095,0,perception.pointcloud_map_based_roi,in,91458995484288,1,/perception/lidar/pointcloud_preprocess,0,0,1783598809587827201,0,0,0,3307937,3308085
202607092006,e2e_trace_v3,1985,72191326434624095,0,perception.pointcloud_map_based_roi,out,91458997576320,1,/perception/lidar/pointcloud_map_based_roi,0,0,1783598809587827201,0,0,0,3307937,3308085
202607092006,e2e_trace_v3,2001,72191326434624096,0,perception.pointcloud_map_based_roi,in,91459094792928,1,/perception/lidar/pointcloud_preprocess,0,0,1783598809687796932,0,0,0,3307937,3308075
202607092006,e2e_trace_v3,2002,72191326434624096,0,perception.pointcloud_map_based_roi,out,91459097048768,1,/perception/lidar/pointcloud_map_based_roi,0,0,1783598809687796932,0,0,0,3307937,3308075
202607092006,e2e_trace_v3,2026,72191326434624097,0,perception.pointcloud_map_based_roi,in,91459195094112,1,/perception/lidar/pointcloud_preprocess,0,0,1783598809787805745,0,0,0,3307937,3308076
202607092006,e2e_trace_v3,2027,72191326434624097,0,perception.pointcloud_map_based_roi,out,91459197149728,1,/perception/lidar/pointcloud_map_based_roi,0,0,1783598809787805745,0,0,0,3307937,3308076
202607092006,e2e_trace_v3,2043,72191326434624098,0,perception.pointcloud_map_based_roi,in,91459295981824,1,/perception/lidar/pointcloud_preprocess,0,0,1783598809887742420,0,0,0,3307937,3308080
202607092006,e2e_trace_v3,2044,72191326434624098,0,perception.pointcloud_map_based_roi,out,91459298002752,1,/perception/lidar/pointcloud_map_based_roi,0,0,1783598809887742420,0,0,0,3307937,3308080
202607092006,e2e_trace_v3,2060,72191326434624099,0,perception.pointcloud_map_based_roi,in,91459395166016,1,/perception/lidar/pointcloud_preprocess,0,0,1783598809987686929,0,0,0,3307937,3308088
202607092006,e2e_trace_v3,2061,72191326434624099,0,perception.pointcloud_map_based_roi,out,91459397130272,1,/perception/lidar/pointcloud_map_based_roi,0,0,1783598809987686929,0,0,0,3307937,3308088
202607092006,e2e_trace_v3,2084,72191326434624100,0,perception.pointcloud_map_based_roi,in,91459521024256,1,/perception/lidar/pointcloud_preprocess,0,0,1783598810087699600,0,0,0,3307937,3308085
202607092006,e2e_trace_v3,2085,72191326434624100,0,perception.pointcloud_map_based_roi,out,91459522703360,1,/perception/lidar/pointcloud_map_based_roi,0,0,1783598810087699600,0,0,0,3307937,3308085
202607092006,e2e_trace_v3,2101,72191326434624101,0,perception.pointcloud_map_based_roi,in,91459631985952,1,/perception/lidar/pointcloud_preprocess,0,0,1783598810187779741,0,0,0,3307937,3308087
202607092006,e2e_trace_v3,2102,72191326434624101,0,perception.pointcloud_map_based_roi,out,91459634269792,1,/perception/lidar/pointcloud_map_based_roi,0,0,1783598810187779741,0,0,0,3307937,3308087
202607092006,e2e_trace_v3,2118,72191326434624102,0,perception.pointcloud_map_based_roi,in,91459729571200,1,/perception/lidar/pointcloud_preprocess,0,0,1783598810287682735,0,0,0,3307937,3308080
202607092006,e2e_trace_v3,2119,72191326434624102,0,perception.pointcloud_map_based_roi,out,91459731698272,1,/perception/lidar/pointcloud_map_based_roi,0,0,1783598810287682735,0,0,0,3307937,3308080
202607092006,e2e_trace_v3,2135,72191326434624103,0,perception.pointcloud_map_based_roi,in,91459819561856,1,/perception/lidar/pointcloud_preprocess,0,0,1783598810387771702,0,0,0,3307937,3308074
202607092006,e2e_trace_v3,2136,72191326434624103,0,perception.pointcloud_map_based_roi,out,91459821800992,1,/perception/lidar/pointcloud_map_based_roi,0,0,1783598810387771702,0,0,0,3307937,3308074
202607092006,e2e_trace_v3,2145,72191326434624104,0,perception.pointcloud_map_based_roi,in,91459896146176,1,/perception/lidar/pointcloud_preprocess,0,0,1783598810488555908,0,0,0,3307937,3308077
202607092006,e2e_trace_v3,2146,72191326434624104,0,perception.pointcloud_map_based_roi,out,91459898713216,1,/perception/lidar/pointcloud_map_based_roi,0,0,1783598810488555908,0,0,0,3307937,3308077
202607092006,e2e_trace_v3,2154,72191326434624105,0,perception.pointcloud_map_based_roi,in,91459996677312,1,/perception/lidar/pointcloud_preprocess,0,0,1783598810588478534,0,0,0,3307937,3308082
202607092006,e2e_trace_v3,2155,72191326434624105,0,perception.pointcloud_map_based_roi,out,91459998700288,1,/perception/lidar/pointcloud_map_based_roi,0,0,1783598810588478534,0,0,0,3307937,3308082
202607092006,e2e_trace_v3,2171,72191326434624106,0,perception.pointcloud_map_based_roi,in,91460130200416,1,/perception/lidar/pointcloud_preprocess,0,0,1783598810688123096,0,0,0,3307937,3308086
202607092006,e2e_trace_v3,2172,72191326434624106,0,perception.pointcloud_map_based_roi,out,91460132734784,1,/perception/lidar/pointcloud_map_based_roi,0,0,1783598810688123096,0,0,0,3307937,3308086
202607092006,e2e_trace_v3,2188,72191326434624107,0,perception.pointcloud_map_based_roi,in,91460195244704,1,/perception/lidar/pointcloud_preprocess,0,0,1783598810787649035,0,0,0,3307937,3308081
202607092006,e2e_trace_v3,2189,72191326434624107,0,perception.pointcloud_map_based_roi,out,91460197303072,1,/perception/lidar/pointcloud_map_based_roi,0,0,1783598810787649035,0,0,0,3307937,3308081
202607092006,e2e_trace_v3,2205,72191326434624108,0,perception.pointcloud_map_based_roi,in,91460295638912,1,/perception/lidar/pointcloud_preprocess,0,0,1783598810887955443,0,0,0,3307937,3308088
202607092006,e2e_trace_v3,2206,72191326434624108,0,perception.pointcloud_map_based_roi,out,91460297857536,1,/perception/lidar/pointcloud_map_based_roi,0,0,1783598810887955443,0,0,0,3307937,3308088
202607092006,e2e_trace_v3,2213,72191326434624109,0,perception.pointcloud_map_based_roi,in,91460395324640,1,/perception/lidar/pointcloud_preprocess,0,0,1783598810987776625,0,0,0,3307937,3308085
202607092006,e2e_trace_v3,2215,72191326434624109,0,perception.pointcloud_map_based_roi,out,91460397624896,1,/perception/lidar/pointcloud_map_based_roi,0,0,1783598810987776625,0,0,0,3307937,3308085
202607092006,e2e_trace_v3,2231,72191326434624110,0,perception.pointcloud_map_based_roi,in,91460495518400,1,/perception/lidar/pointcloud_preprocess,0,0,1783598811088219356,0,0,0,3307937,3308073
202607092006,e2e_trace_v3,2232,72191326434624110,0,perception.pointcloud_map_based_roi,out,91460497665312,1,/perception/lidar/pointcloud_map_based_roi,0,0,1783598811088219356,0,0,0,3307937,3308073
202607092006,e2e_trace_v3,2248,72191326434624111,0,perception.pointcloud_map_based_roi,in,91460595652928,1,/perception/lidar/pointcloud_preprocess,0,0,1783598811188091915,0,0,0,3307937,3308082
202607092006,e2e_trace_v3,2249,72191326434624111,0,perception.pointcloud_map_based_roi,out,91460597646368,1,/perception/lidar/pointcloud_map_based_roi,0,0,1783598811188091915,0,0,0,3307937,3308082
202607092006,e2e_trace_v3,2273,72191326434624112,0,perception.pointcloud_map_based_roi,in,91460697287424,1,/perception/lidar/pointcloud_preprocess,0,0,1783598811287752737,0,0,0,3307937,3308083
202607092006,e2e_trace_v3,2274,72191326434624112,0,perception.pointcloud_map_based_roi,out,91460698920832,1,/perception/lidar/pointcloud_map_based_roi,0,0,1783598811287752737,0,0,0,3307937,3308083
202607092006,e2e_trace_v3,2290,72191326434624113,0,perception.pointcloud_map_based_roi,in,91460796108704,1,/perception/lidar/pointcloud_preprocess,0,0,1783598811387831899,0,0,0,3307937,3308085
202607092006,e2e_trace_v3,2292,72191326434624113,0,perception.pointcloud_map_based_roi,out,91460799001408,1,/perception/lidar/pointcloud_map_based_roi,0,0,1783598811387831899,0,0,0,3307937,3308085
202607092006,e2e_trace_v3,2307,72191326434624114,0,perception.pointcloud_map_based_roi,in,91460895696960,1,/perception/lidar/pointcloud_preprocess,0,0,1783598811487777835,0,0,0,3307937,3308074
202607092006,e2e_trace_v3,2308,72191326434624114,0,perception.pointcloud_map_based_roi,out,91460898700192,1,/perception/lidar/pointcloud_map_based_roi,0,0,1783598811487777835,0,0,0,3307937,3308074
202607092006,e2e_trace_v3,2324,72191326434624115,0,perception.pointcloud_map_based_roi,in,91460995960800,1,/perception/lidar/pointcloud_preprocess,0,0,1783598811587828377,0,0,0,3307937,3308077
202607092006,e2e_trace_v3,2325,72191326434624115,0,perception.pointcloud_map_based_roi,out,91460999097632,1,/perception/lidar/pointcloud_map_based_roi,0,0,1783598811587828377,0,0,0,3307937,3308077
202607092006,e2e_trace_v3,2349,72191326434624116,0,perception.pointcloud_map_based_roi,in,91461106607584,1,/perception/lidar/pointcloud_preprocess,0,0,1783598811687742836,0,0,0,3307937,3308087
202607092006,e2e_trace_v3,2350,72191326434624116,0,perception.pointcloud_map_based_roi,out,91461108879776,1,/perception/lidar/pointcloud_map_based_roi,0,0,1783598811687742836,0,0,0,3307937,3308087
202607092006,e2e_trace_v3,2366,72191326434624117,0,perception.pointcloud_map_based_roi,in,91461195857728,1,/perception/lidar/pointcloud_preprocess,0,0,1783598811787768000,0,0,0,3307937,3308077
202607092006,e2e_trace_v3,2367,72191326434624117,0,perception.pointcloud_map_based_roi,out,91461197424928,1,/perception/lidar/pointcloud_map_based_roi,0,0,1783598811787768000,0,0,0,3307937,3308077
202607092006,e2e_trace_v3,2383,72191326434624118,0,perception.pointcloud_map_based_roi,in,91461295626304,1,/perception/lidar/pointcloud_preprocess,0,0,1783598811887762825,0,0,0,3307937,3308081
202607092006,e2e_trace_v3,2384,72191326434624118,0,perception.pointcloud_map_based_roi,out,91461297504832,1,/perception/lidar/pointcloud_map_based_roi,0,0,1783598811887762825,0,0,0,3307937,3308081
202607092006,e2e_trace_v3,2400,72191326434624119,0,perception.pointcloud_map_based_roi,in,91461394915936,1,/perception/lidar/pointcloud_preprocess,0,0,1783598811987752947,0,0,0,3307937,3308078
202607092006,e2e_trace_v3,2401,72191326434624119,0,perception.pointcloud_map_based_roi,out,91461396658592,1,/perception/lidar/pointcloud_map_based_roi,0,0,1783598811987752947,0,0,0,3307937,3308078
202607092006,e2e_trace_v3,2424,72191326434624120,0,perception.pointcloud_map_based_roi,in,91461494724352,1,/perception/lidar/pointcloud_preprocess,0,0,1783598812087871491,0,0,0,3307937,3308081
202607092006,e2e_trace_v3,2425,72191326434624120,0,perception.pointcloud_map_based_roi,out,91461496289824,1,/perception/lidar/pointcloud_map_based_roi,0,0,1783598812087871491,0,0,0,3307937,3308081
202607092006,e2e_trace_v3,2441,72191326434624121,0,perception.pointcloud_map_based_roi,in,91461595695232,1,/perception/lidar/pointcloud_preprocess,0,0,1783598812187972163,0,0,0,3307937,3308073
202607092006,e2e_trace_v3,2442,72191326434624121,0,perception.pointcloud_map_based_roi,out,91461597848064,1,/perception/lidar/pointcloud_map_based_roi,0,0,1783598812187972163,0,0,0,3307937,3308073
202607092006,e2e_trace_v3,2458,72191326434624122,0,perception.pointcloud_map_based_roi,in,91461697728128,1,/perception/lidar/pointcloud_preprocess,0,0,1783598812288635866,0,0,0,3307937,3308076
202607092006,e2e_trace_v3,2459,72191326434624122,0,perception.pointcloud_map_based_roi,out,91461699180160,1,/perception/lidar/pointcloud_map_based_roi,0,0,1783598812288635866,0,0,0,3307937,3308076
202607092006,e2e_trace_v3,2475,72191326434624123,0,perception.pointcloud_map_based_roi,in,91461796522432,1,/perception/lidar/pointcloud_preprocess,0,0,1783598812387821000,0,0,0,3307937,3308088
202607092006,e2e_trace_v3,2476,72191326434624123,0,perception.pointcloud_map_based_roi,out,91461798082080,1,/perception/lidar/pointcloud_map_based_roi,0,0,1783598812387821000,0,0,0,3307937,3308088
202607092006,e2e_trace_v3,2492,72191326434624124,0,perception.pointcloud_map_based_roi,in,91461930094528,1,/perception/lidar/pointcloud_preprocess,0,0,1783598812487776117,0,0,0,3307937,3308080
202607092006,e2e_trace_v3,2493,72191326434624124,0,perception.pointcloud_map_based_roi,out,91461932454080,1,/perception/lidar/pointcloud_map_based_roi,0,0,1783598812487776117,0,0,0,3307937,3308080
202607092006,e2e_trace_v3,2502,72191326434624125,0,perception.pointcloud_map_based_roi,in,91462014344576,1,/perception/lidar/pointcloud_preprocess,0,0,1783598812587846290,0,0,0,3307937,3308084
202607092006,e2e_trace_v3,2503,72191326434624125,0,perception.pointcloud_map_based_roi,out,91462016350016,1,/perception/lidar/pointcloud_map_based_roi,0,0,1783598812587846290,0,0,0,3307937,3308084
202607092006,e2e_trace_v3,2519,72191326434624126,0,perception.pointcloud_map_based_roi,in,91462095755584,1,/perception/lidar/pointcloud_preprocess,0,0,1783598812687822452,0,0,0,3307937,3308075
202607092006,e2e_trace_v3,2520,72191326434624126,0,perception.pointcloud_map_based_roi,out,91462097329664,1,/perception/lidar/pointcloud_map_based_roi,0,0,1783598812687822452,0,0,0,3307937,3308075
202607092006,e2e_trace_v3,2543,72191326434624127,0,perception.pointcloud_map_based_roi,in,91462196909824,1,/perception/lidar/pointcloud_preprocess,0,0,1783598812787771931,0,0,0,3307937,3308078
202607092006,e2e_trace_v3,2544,72191326434624127,0,perception.pointcloud_map_based_roi,out,91462198730624,1,/perception/lidar/pointcloud_map_based_roi,0,0,1783598812787771931,0,0,0,3307937,3308078
202607092006,e2e_trace_v3,2560,72191326434624128,0,perception.pointcloud_map_based_roi,in,91462295864512,1,/perception/lidar/pointcloud_preprocess,0,0,1783598812887793759,0,0,0,3307937,3308088
202607092006,e2e_trace_v3,2561,72191326434624128,0,perception.pointcloud_map_based_roi,out,91462298072448,1,/perception/lidar/pointcloud_map_based_roi,0,0,1783598812887793759,0,0,0,3307937,3308088
202607092006,e2e_trace_v3,2577,72191326434624129,0,perception.pointcloud_map_based_roi,in,91462412127392,1,/perception/lidar/pointcloud_preprocess,0,0,1783598812987841600,0,0,0,3307937,3308082
202607092006,e2e_trace_v3,2578,72191326434624129,0,perception.pointcloud_map_based_roi,out,91462414040096,1,/perception/lidar/pointcloud_map_based_roi,0,0,1783598812987841600,0,0,0,3307937,3308082
202607092006,e2e_trace_v3,2587,72191326434624130,0,perception.pointcloud_map_based_roi,in,91462497515136,1,/perception/lidar/pointcloud_preprocess,0,0,1783598813087801267,0,0,0,3307937,3308083
202607092006,e2e_trace_v3,2594,72191326434624130,0,perception.pointcloud_map_based_roi,out,91462499654496,1,/perception/lidar/pointcloud_map_based_roi,0,0,1783598813087801267,0,0,0,3307937,3308083
202607092006,e2e_trace_v3,2611,72191326434624131,0,perception.pointcloud_map_based_roi,in,91462597995488,1,/perception/lidar/pointcloud_preprocess,0,0,1783598813188090467,0,0,0,3307937,3308088
202607092006,e2e_trace_v3,2612,72191326434624131,0,perception.pointcloud_map_based_roi,out,91462600499776,1,/perception/lidar/pointcloud_map_based_roi,0,0,1783598813188090467,0,0,0,3307937,3308088
202607092006,e2e_trace_v3,2628,72191326434624132,0,perception.pointcloud_map_based_roi,in,91462725297536,1,/perception/lidar/pointcloud_preprocess,0,0,1783598813288123256,0,0,0,3307937,3308077
202607092006,e2e_trace_v3,2629,72191326434624132,0,perception.pointcloud_map_based_roi,out,91462726958528,1,/perception/lidar/pointcloud_map_based_roi,0,0,1783598813288123256,0,0,0,3307937,3308077
202607092006,e2e_trace_v3,2638,72191326434624133,0,perception.pointcloud_map_based_roi,in,91462799124480,1,/perception/lidar/pointcloud_preprocess,0,0,1783598813387674224,0,0,0,3307937,3308073
202607092006,e2e_trace_v3,2639,72191326434624133,0,perception.pointcloud_map_based_roi,out,91462801971744,1,/perception/lidar/pointcloud_map_based_roi,0,0,1783598813387674224,0,0,0,3307937,3308073
202607092006,e2e_trace_v3,2662,72191326434624134,0,perception.pointcloud_map_based_roi,in,91462896773728,1,/perception/lidar/pointcloud_preprocess,0,0,1783598813487784489,0,0,0,3307937,3308078
202607092006,e2e_trace_v3,2663,72191326434624134,0,perception.pointcloud_map_based_roi,out,91462899452288,1,/perception/lidar/pointcloud_map_based_roi,0,0,1783598813487784489,0,0,0,3307937,3308078
202607092006,e2e_trace_v3,2679,72191326434624135,0,perception.pointcloud_map_based_roi,in,91462995218048,1,/perception/lidar/pointcloud_preprocess,0,0,1783598813587761635,0,0,0,3307937,3308077
202607092006,e2e_trace_v3,2680,72191326434624135,0,perception.pointcloud_map_based_roi,out,91462996836992,1,/perception/lidar/pointcloud_map_based_roi,0,0,1783598813587761635,0,0,0,3307937,3308077
202607092006,e2e_trace_v3,2696,72191326434624136,0,perception.pointcloud_map_based_roi,in,91463094758048,1,/perception/lidar/pointcloud_preprocess,0,0,1783598813687835177,0,0,0,3307937,3308075
202607092006,e2e_trace_v3,2697,72191326434624136,0,perception.pointcloud_map_based_roi,out,91463096228864,1,/perception/lidar/pointcloud_map_based_roi,0,0,1783598813687835177,0,0,0,3307937,3308075
202607092006,e2e_trace_v3,2713,72191326434624137,0,perception.pointcloud_map_based_roi,in,91463194597312,1,/perception/lidar/pointcloud_preprocess,0,0,1783598813787748051,0,0,0,3307937,3308080
202607092006,e2e_trace_v3,2714,72191326434624137,0,perception.pointcloud_map_based_roi,out,91463196754816,1,/perception/lidar/pointcloud_map_based_roi,0,0,1783598813787748051,0,0,0,3307937,3308080
202607092006,e2e_trace_v3,2730,72191326434624138,0,perception.pointcloud_map_based_roi,in,91463296780128,1,/perception/lidar/pointcloud_preprocess,0,0,1783598813888010986,0,0,0,3307937,3308074
202607092006,e2e_trace_v3,2731,72191326434624138,0,perception.pointcloud_map_based_roi,out,91463298764864,1,/perception/lidar/pointcloud_map_based_roi,0,0,1783598813888010986,0,0,0,3307937,3308074
202607092006,e2e_trace_v3,2747,72191326434624139,0,perception.pointcloud_map_based_roi,in,91463394811680,1,/perception/lidar/pointcloud_preprocess,0,0,1783598813987797935,0,0,0,3307937,3308085
202607092006,e2e_trace_v3,2748,72191326434624139,0,perception.pointcloud_map_based_roi,out,91463396409184,1,/perception/lidar/pointcloud_map_based_roi,0,0,1783598813987797935,0,0,0,3307937,3308085
202607092006,e2e_trace_v3,2764,72191326434624140,0,perception.pointcloud_map_based_roi,in,91463496193120,1,/perception/lidar/pointcloud_preprocess,0,0,1783598814087668632,0,0,0,3307937,3308076
202607092006,e2e_trace_v3,2765,72191326434624140,0,perception.pointcloud_map_based_roi,out,91463497625312,1,/perception/lidar/pointcloud_map_based_roi,0,0,1783598814087668632,0,0,0,3307937,3308076
202607092006,e2e_trace_v3,2781,72191326434624141,0,perception.pointcloud_map_based_roi,in,91463595495680,1,/perception/lidar/pointcloud_preprocess,0,0,1783598814187695994,0,0,0,3307937,3308086
202607092006,e2e_trace_v3,2782,72191326434624141,0,perception.pointcloud_map_based_roi,out,91463596977728,1,/perception/lidar/pointcloud_map_based_roi,0,0,1783598814187695994,0,0,0,3307937,3308086
202607092006,e2e_trace_v3,2798,72191326434624142,0,perception.pointcloud_map_based_roi,in,91463696533920,1,/perception/lidar/pointcloud_preprocess,0,0,1783598814287670042,0,0,0,3307937,3308073
202607092006,e2e_trace_v3,2799,72191326434624142,0,perception.pointcloud_map_based_roi,out,91463699309504,1,/perception/lidar/pointcloud_map_based_roi,0,0,1783598814287670042,0,0,0,3307937,3308073
202607092006,e2e_trace_v3,2815,72191326434624143,0,perception.pointcloud_map_based_roi,in,91463795259904,1,/perception/lidar/pointcloud_preprocess,0,0,1783598814387582381,0,0,0,3307937,3308088
202607092006,e2e_trace_v3,2816,72191326434624143,0,perception.pointcloud_map_based_roi,out,91463797056640,1,/perception/lidar/pointcloud_map_based_roi,0,0,1783598814387582381,0,0,0,3307937,3308088
202607092006,e2e_trace_v3,2832,72191326434624144,0,perception.pointcloud_map_based_roi,in,91463895573152,1,/perception/lidar/pointcloud_preprocess,0,0,1783598814487682638,0,0,0,3307937,3308082
202607092006,e2e_trace_v3,2833,72191326434624144,0,perception.pointcloud_map_based_roi,out,91463897663456,1,/perception/lidar/pointcloud_map_based_roi,0,0,1783598814487682638,0,0,0,3307937,3308082
202607092006,e2e_trace_v3,2849,72191326434624145,0,perception.pointcloud_map_based_roi,in,91463994669408,1,/perception/lidar/pointcloud_preprocess,0,0,1783598814587913917,0,0,0,3307937,3308083
202607092006,e2e_trace_v3,2850,72191326434624145,0,perception.pointcloud_map_based_roi,out,91463996113632,1,/perception/lidar/pointcloud_map_based_roi,0,0,1783598814587913917,0,0,0,3307937,3308083
202607092006,e2e_trace_v3,2866,72191326434624146,0,perception.pointcloud_map_based_roi,in,91464094544544,1,/perception/lidar/pointcloud_preprocess,0,0,1783598814687888977,0,0,0,3307937,3308076
202607092006,e2e_trace_v3,2867,72191326434624146,0,perception.pointcloud_map_based_roi,out,91464096109344,1,/perception/lidar/pointcloud_map_based_roi,0,0,1783598814687888977,0,0,0,3307937,3308076
202607092006,e2e_trace_v3,2883,72191326434624147,0,perception.pointcloud_map_based_roi,in,91464195997472,1,/perception/lidar/pointcloud_preprocess,0,0,1783598814787730899,0,0,0,3307937,3308087
202607092006,e2e_trace_v3,2885,72191326434624147,0,perception.pointcloud_map_based_roi,out,91464198079392,1,/perception/lidar/pointcloud_map_based_roi,0,0,1783598814787730899,0,0,0,3307937,3308087
202607092006,e2e_trace_v3,2900,72191326434624148,0,perception.pointcloud_map_based_roi,in,91464296449088,1,/perception/lidar/pointcloud_preprocess,0,0,1783598814887818491,0,0,0,3307937,3308078
202607092006,e2e_trace_v3,2901,72191326434624148,0,perception.pointcloud_map_based_roi,out,91464298241152,1,/perception/lidar/pointcloud_map_based_roi,0,0,1783598814887818491,0,0,0,3307937,3308078
202607092006,e2e_trace_v3,2917,72191326434624149,0,perception.pointcloud_map_based_roi,in,91464395115872,1,/perception/lidar/pointcloud_preprocess,0,0,1783598814987821467,0,0,0,3307937,3308076
202607092006,e2e_trace_v3,2918,72191326434624149,0,perception.pointcloud_map_based_roi,out,91464396507072,1,/perception/lidar/pointcloud_map_based_roi,0,0,1783598814987821467,0,0,0,3307937,3308076
202607092006,e2e_trace_v3,2934,72191326434624150,0,perception.pointcloud_map_based_roi,in,91464496908416,1,/perception/lidar/pointcloud_preprocess,0,0,1783598815088399441,0,0,0,3307937,3308086
202607092006,e2e_trace_v3,2935,72191326434624150,0,perception.pointcloud_map_based_roi,out,91464498332704,1,/perception/lidar/pointcloud_map_based_roi,0,0,1783598815088399441,0,0,0,3307937,3308086
202607092006,e2e_trace_v3,2951,72191326434624151,0,perception.pointcloud_map_based_roi,in,91464594517632,1,/perception/lidar/pointcloud_preprocess,0,0,1783598815187765384,0,0,0,3307937,3308077
202607092006,e2e_trace_v3,2952,72191326434624151,0,perception.pointcloud_map_based_roi,out,91464596292512,1,/perception/lidar/pointcloud_map_based_roi,0,0,1783598815187765384,0,0,0,3307937,3308077
202607092006,e2e_trace_v3,2968,72191326434624152,0,perception.pointcloud_map_based_roi,in,91464695909408,1,/perception/lidar/pointcloud_preprocess,0,0,1783598815287724600,0,0,0,3307937,3308087
202607092006,e2e_trace_v3,2969,72191326434624152,0,perception.pointcloud_map_based_roi,out,91464697790912,1,/perception/lidar/pointcloud_map_based_roi,0,0,1783598815287724600,0,0,0,3307937,3308087
202607092006,e2e_trace_v3,2985,72191326434624153,0,perception.pointcloud_map_based_roi,in,91464798219680,1,/perception/lidar/pointcloud_preprocess,0,0,1783598815387807657,0,0,0,3307937,3308084
202607092006,e2e_trace_v3,2986,72191326434624153,0,perception.pointcloud_map_based_roi,out,91464800193248,1,/perception/lidar/pointcloud_map_based_roi,0,0,1783598815387807657,0,0,0,3307937,3308084
202607092006,e2e_trace_v3,3002,72191326434624154,0,perception.pointcloud_map_based_roi,in,91464896402368,1,/perception/lidar/pointcloud_preprocess,0,0,1783598815487779012,0,0,0,3307937,3308073
202607092006,e2e_trace_v3,3003,72191326434624154,0,perception.pointcloud_map_based_roi,out,91464898692192,1,/perception/lidar/pointcloud_map_based_roi,0,0,1783598815487779012,0,0,0,3307937,3308073
202607092006,e2e_trace_v3,3019,72191326434624155,0,perception.pointcloud_map_based_roi,in,91464995099968,1,/perception/lidar/pointcloud_preprocess,0,0,1783598815587661351,0,0,0,3307937,3308075
202607092006,e2e_trace_v3,3020,72191326434624155,0,perception.pointcloud_map_based_roi,out,91464996769600,1,/perception/lidar/pointcloud_map_based_roi,0,0,1783598815587661351,0,0,0,3307937,3308075
202607092006,e2e_trace_v3,3036,72191326434624156,0,perception.pointcloud_map_based_roi,in,91465096353888,1,/perception/lidar/pointcloud_preprocess,0,0,1783598815688531632,0,0,0,3307937,3308081
202607092006,e2e_trace_v3,3037,72191326434624156,0,perception.pointcloud_map_based_roi,out,91465097906048,1,/perception/lidar/pointcloud_map_based_roi,0,0,1783598815688531632,0,0,0,3307937,3308081
202607092006,e2e_trace_v3,3053,72191326434624157,0,perception.pointcloud_map_based_roi,in,91465195539328,1,/perception/lidar/pointcloud_preprocess,0,0,1783598815787969304,0,0,0,3307937,3308078
202607092006,e2e_trace_v3,3054,72191326434624157,0,perception.pointcloud_map_based_roi,out,91465197536128,1,/perception/lidar/pointcloud_map_based_roi,0,0,1783598815787969304,0,0,0,3307937,3308078
202607092006,e2e_trace_v3,3070,72191326434624158,0,perception.pointcloud_map_based_roi,in,91465296544416,1,/perception/lidar/pointcloud_preprocess,0,0,1783598815888608152,0,0,0,3307937,3308087
202607092006,e2e_trace_v3,3071,72191326434624158,0,perception.pointcloud_map_based_roi,out,91465299274592,1,/perception/lidar/pointcloud_map_based_roi,0,0,1783598815888608152,0,0,0,3307937,3308087
202607092006,e2e_trace_v3,3087,72191326434624159,0,perception.pointcloud_map_based_roi,in,91465396872448,1,/perception/lidar/pointcloud_preprocess,0,0,1783598815987977917,0,0,0,3307937,3308082
202607092006,e2e_trace_v3,3088,72191326434624159,0,perception.pointcloud_map_based_roi,out,91465398843840,1,/perception/lidar/pointcloud_map_based_roi,0,0,1783598815987977917,0,0,0,3307937,3308082
202607092006,e2e_trace_v3,3104,72191326434624160,0,perception.pointcloud_map_based_roi,in,91465496187968,1,/perception/lidar/pointcloud_preprocess,0,0,1783598816087751467,0,0,0,3307937,3308076
202607092006,e2e_trace_v3,3105,72191326434624160,0,perception.pointcloud_map_based_roi,out,91465498088416,1,/perception/lidar/pointcloud_map_based_roi,0,0,1783598816087751467,0,0,0,3307937,3308076
202607092006,e2e_trace_v3,3121,72191326434624161,0,perception.pointcloud_map_based_roi,in,91465594976352,1,/perception/lidar/pointcloud_preprocess,0,0,1783598816187655236,0,0,0,3307937,3308084
202607092006,e2e_trace_v3,3122,72191326434624161,0,perception.pointcloud_map_based_roi,out,91465597127264,1,/perception/lidar/pointcloud_map_based_roi,0,0,1783598816187655236,0,0,0,3307937,3308084
202607092006,e2e_trace_v3,3138,72191326434624162,0,perception.pointcloud_map_based_roi,in,91465696148672,1,/perception/lidar/pointcloud_preprocess,0,0,1783598816287675690,0,0,0,3307937,3308088
202607092006,e2e_trace_v3,3139,72191326434624162,0,perception.pointcloud_map_based_roi,out,91465698260704,1,/perception/lidar/pointcloud_map_based_roi,0,0,1783598816287675690,0,0,0,3307937,3308088
202607092006,e2e_trace_v3,3155,72191326434624163,0,perception.pointcloud_map_based_roi,in,91465795707808,1,/perception/lidar/pointcloud_preprocess,0,0,1783598816387653665,0,0,0,3307937,3308079
202607092006,e2e_trace_v3,3156,72191326434624163,0,perception.pointcloud_map_based_roi,out,91465797452224,1,/perception/lidar/pointcloud_map_based_roi,0,0,1783598816387653665,0,0,0,3307937,3308079
202607092006,e2e_trace_v3,3172,72191326434624164,0,perception.pointcloud_map_based_roi,in,91465895697536,1,/perception/lidar/pointcloud_preprocess,0,0,1783598816487708187,0,0,0,3307937,3308078
202607092006,e2e_trace_v3,3173,72191326434624164,0,perception.pointcloud_map_based_roi,out,91465897131872,1,/perception/lidar/pointcloud_map_based_roi,0,0,1783598816487708187,0,0,0,3307937,3308078
202607092006,e2e_trace_v3,3189,72191326434624165,0,perception.pointcloud_map_based_roi,in,91465995816992,1,/perception/lidar/pointcloud_preprocess,0,0,1783598816587669182,0,0,0,3307937,3308086
202607092006,e2e_trace_v3,3190,72191326434624165,0,perception.pointcloud_map_based_roi,out,91465997758464,1,/perception/lidar/pointcloud_map_based_roi,0,0,1783598816587669182,0,0,0,3307937,3308086
202607092006,e2e_trace_v3,3206,72191326434624166,0,perception.pointcloud_map_based_roi,in,91466094962240,1,/perception/lidar/pointcloud_preprocess,0,0,1783598816687748071,0,0,0,3307937,3308082
202607092006,e2e_trace_v3,3207,72191326434624166,0,perception.pointcloud_map_based_roi,out,91466096498560,1,/perception/lidar/pointcloud_map_based_roi,0,0,1783598816687748071,0,0,0,3307937,3308082
202607092006,e2e_trace_v3,3223,72191326434624167,0,perception.pointcloud_map_based_roi,in,91466195405888,1,/perception/lidar/pointcloud_preprocess,0,0,1783598816787710362,0,0,0,3307937,3308088
202607092006,e2e_trace_v3,3224,72191326434624167,0,perception.pointcloud_map_based_roi,out,91466197817440,1,/perception/lidar/pointcloud_map_based_roi,0,0,1783598816787710362,0,0,0,3307937,3308088
202607092006,e2e_trace_v3,3240,72191326434624168,0,perception.pointcloud_map_based_roi,in,91466295835328,1,/perception/lidar/pointcloud_preprocess,0,0,1783598816887736675,0,0,0,3307937,3308085
202607092006,e2e_trace_v3,3241,72191326434624168,0,perception.pointcloud_map_based_roi,out,91466297638304,1,/perception/lidar/pointcloud_map_based_roi,0,0,1783598816887736675,0,0,0,3307937,3308085
202607092006,e2e_trace_v3,3257,72191326434624169,0,perception.pointcloud_map_based_roi,in,91466395590912,1,/perception/lidar/pointcloud_preprocess,0,0,1783598816987822883,0,0,0,3307937,3308083
202607092006,e2e_trace_v3,3258,72191326434624169,0,perception.pointcloud_map_based_roi,out,91466397691968,1,/perception/lidar/pointcloud_map_based_roi,0,0,1783598816987822883,0,0,0,3307937,3308083
202607092006,e2e_trace_v3,3274,72191326434624170,0,perception.pointcloud_map_based_roi,in,91466495632160,1,/perception/lidar/pointcloud_preprocess,0,0,1783598817087807810,0,0,0,3307937,3308075
202607092006,e2e_trace_v3,3275,72191326434624170,0,perception.pointcloud_map_based_roi,out,91466497421440,1,/perception/lidar/pointcloud_map_based_roi,0,0,1783598817087807810,0,0,0,3307937,3308075
202607092006,e2e_trace_v3,3291,72191326434624171,0,perception.pointcloud_map_based_roi,in,91466594916224,1,/perception/lidar/pointcloud_preprocess,0,0,1783598817187898192,0,0,0,3307937,3308081
202607092006,e2e_trace_v3,3292,72191326434624171,0,perception.pointcloud_map_based_roi,out,91466597980704,1,/perception/lidar/pointcloud_map_based_roi,0,0,1783598817187898192,0,0,0,3307937,3308081
202607092006,e2e_trace_v3,3308,72191326434624172,0,perception.pointcloud_map_based_roi,in,91466695797952,1,/perception/lidar/pointcloud_preprocess,0,0,1783598817287995524,0,0,0,3307937,3308078
202607092006,e2e_trace_v3,3309,72191326434624172,0,perception.pointcloud_map_based_roi,out,91466697660640,1,/perception/lidar/pointcloud_map_based_roi,0,0,1783598817287995524,0,0,0,3307937,3308078
202607092006,e2e_trace_v3,3318,72191326434624173,0,perception.pointcloud_map_based_roi,in,91466795073024,1,/perception/lidar/pointcloud_preprocess,0,0,1783598817387838423,0,0,0,3307937,3308081
202607092006,e2e_trace_v3,3319,72191326434624173,0,perception.pointcloud_map_based_roi,out,91466797729024,1,/perception/lidar/pointcloud_map_based_roi,0,0,1783598817387838423,0,0,0,3307937,3308081
202607092006,e2e_trace_v3,3327,72191326434624174,0,perception.pointcloud_map_based_roi,in,91466896779296,1,/perception/lidar/pointcloud_preprocess,0,0,1783598817487802269,0,0,0,3307937,3308075
202607092006,e2e_trace_v3,3328,72191326434624174,0,perception.pointcloud_map_based_roi,out,91466899738144,1,/perception/lidar/pointcloud_map_based_roi,0,0,1783598817487802269,0,0,0,3307937,3308075
202607092006,e2e_trace_v3,3336,72191326434624175,0,perception.pointcloud_map_based_roi,in,91466997006144,1,/perception/lidar/pointcloud_preprocess,0,0,1783598817587831310,0,0,0,3307937,3308075
202607092006,e2e_trace_v3,3337,72191326434624175,0,perception.pointcloud_map_based_roi,out,91466999945120,1,/perception/lidar/pointcloud_map_based_roi,0,0,1783598817587831310,0,0,0,3307937,3308075
202607092006,e2e_trace_v3,3353,72191326434624176,0,perception.pointcloud_map_based_roi,in,91467094573664,1,/perception/lidar/pointcloud_preprocess,0,0,1783598817687699092,0,0,0,3307937,3308081
202607092006,e2e_trace_v3,3354,72191326434624176,0,perception.pointcloud_map_based_roi,out,91467097597440,1,/perception/lidar/pointcloud_map_based_roi,0,0,1783598817687699092,0,0,0,3307937,3308081
202607092006,e2e_trace_v3,3362,72191326434624177,0,perception.pointcloud_map_based_roi,in,91467207220096,1,/perception/lidar/pointcloud_preprocess,0,0,1783598817787848189,0,0,0,3307937,3308075
202607092006,e2e_trace_v3,3363,72191326434624177,0,perception.pointcloud_map_based_roi,out,91467210433056,1,/perception/lidar/pointcloud_map_based_roi,0,0,1783598817787848189,0,0,0,3307937,3308075
202607092006,e2e_trace_v3,3371,72191326434624178,0,perception.pointcloud_map_based_roi,in,91467296148384,1,/perception/lidar/pointcloud_preprocess,0,0,1783598817887692530,0,0,0,3307937,3308081
202607092006,e2e_trace_v3,3372,72191326434624178,0,perception.pointcloud_map_based_roi,out,91467298949856,1,/perception/lidar/pointcloud_map_based_roi,0,0,1783598817887692530,0,0,0,3307937,3308081
202607092006,e2e_trace_v3,3380,72191326434624179,0,perception.pointcloud_map_based_roi,in,91467396616864,1,/perception/lidar/pointcloud_preprocess,0,0,1783598817987860361,0,0,0,3307937,3308076
202607092006,e2e_trace_v3,3381,72191326434624179,0,perception.pointcloud_map_based_roi,out,91467399727008,1,/perception/lidar/pointcloud_map_based_roi,0,0,1783598817987860361,0,0,0,3307937,3308076
202607092006,e2e_trace_v3,3397,72191326434624180,0,perception.pointcloud_map_based_roi,in,91467516906784,1,/perception/lidar/pointcloud_preprocess,0,0,1783598818087593904,0,0,0,3307937,3308075
202607092006,e2e_trace_v3,3398,72191326434624180,0,perception.pointcloud_map_based_roi,out,91467518516896,1,/perception/lidar/pointcloud_map_based_roi,0,0,1783598818087593904,0,0,0,3307937,3308075
202607092006,e2e_trace_v3,3406,72191326434624181,0,perception.pointcloud_map_based_roi,in,91467595528192,1,/perception/lidar/pointcloud_preprocess,0,0,1783598818187797775,0,0,0,3307937,3308085
202607092006,e2e_trace_v3,3407,72191326434624181,0,perception.pointcloud_map_based_roi,out,91467597284352,1,/perception/lidar/pointcloud_map_based_roi,0,0,1783598818187797775,0,0,0,3307937,3308085
202607092006,e2e_trace_v3,3415,72191326434624182,0,perception.pointcloud_map_based_roi,in,91467694692576,1,/perception/lidar/pointcloud_preprocess,0,0,1783598818287666481,0,0,0,3307937,3308075
202607092006,e2e_trace_v3,3416,72191326434624182,0,perception.pointcloud_map_based_roi,out,91467696557120,1,/perception/lidar/pointcloud_map_based_roi,0,0,1783598818287666481,0,0,0,3307937,3308075
202607092006,e2e_trace_v3,3424,72191326434624183,0,perception.pointcloud_map_based_roi,in,91467796336576,1,/perception/lidar/pointcloud_preprocess,0,0,1783598818387944890,0,0,0,3307937,3308085
202607092006,e2e_trace_v3,3425,72191326434624183,0,perception.pointcloud_map_based_roi,out,91467798284800,1,/perception/lidar/pointcloud_map_based_roi,0,0,1783598818387944890,0,0,0,3307937,3308085
202607092006,e2e_trace_v3,3441,72191326434624184,0,perception.pointcloud_map_based_roi,in,91467895134080,1,/perception/lidar/pointcloud_preprocess,0,0,1783598818487643235,0,0,0,3307937,3308080
202607092006,e2e_trace_v3,3442,72191326434624184,0,perception.pointcloud_map_based_roi,out,91467898453216,1,/perception/lidar/pointcloud_map_based_roi,0,0,1783598818487643235,0,0,0,3307937,3308080
202607092006,e2e_trace_v3,3450,72191326434624185,0,perception.pointcloud_map_based_roi,in,91467995939904,1,/perception/lidar/pointcloud_preprocess,0,0,1783598818587664676,0,0,0,3307937,3308076
202607092006,e2e_trace_v3,3451,72191326434624185,0,perception.pointcloud_map_based_roi,out,91467997641952,1,/perception/lidar/pointcloud_map_based_roi,0,0,1783598818587664676,0,0,0,3307937,3308076
202607092006,e2e_trace_v3,3459,72191326434624186,0,perception.pointcloud_map_based_roi,in,91468096249280,1,/perception/lidar/pointcloud_preprocess,0,0,1783598818687860208,0,0,0,3307937,3308073
202607092006,e2e_trace_v3,3460,72191326434624186,0,perception.pointcloud_map_based_roi,out,91468099376512,1,/perception/lidar/pointcloud_map_based_roi,0,0,1783598818687860208,0,0,0,3307937,3308073
202607092006,e2e_trace_v3,3468,72191326434624187,0,perception.pointcloud_map_based_roi,in,91468194528256,1,/perception/lidar/pointcloud_preprocess,0,0,1783598818787877551,0,0,0,3307937,3308076
202607092006,e2e_trace_v3,3469,72191326434624187,0,perception.pointcloud_map_based_roi,out,91468198138592,1,/perception/lidar/pointcloud_map_based_roi,0,0,1783598818787877551,0,0,0,3307937,3308076
202607092006,e2e_trace_v3,3485,72191326434624188,0,perception.pointcloud_map_based_roi,in,91468299251680,1,/perception/lidar/pointcloud_preprocess,0,0,1783598818887786941,0,0,0,3307937,3308085
202607092006,e2e_trace_v3,3486,72191326434624188,0,perception.pointcloud_map_based_roi,out,91468301923360,1,/perception/lidar/pointcloud_map_based_roi,0,0,1783598818887786941,0,0,0,3307937,3308085
202607092006,e2e_trace_v3,3494,72191326434624189,0,perception.pointcloud_map_based_roi,in,91468396133440,1,/perception/lidar/pointcloud_preprocess,0,0,1783598818987829232,0,0,0,3307937,3308084
202607092006,e2e_trace_v3,3495,72191326434624189,0,perception.pointcloud_map_based_roi,out,91468399572416,1,/perception/lidar/pointcloud_map_based_roi,0,0,1783598818987829232,0,0,0,3307937,3308084
202607092006,e2e_trace_v3,3503,72191326434624190,0,perception.pointcloud_map_based_roi,in,91468495368864,1,/perception/lidar/pointcloud_preprocess,0,0,1783598819088442392,0,0,0,3307937,3308083
202607092006,e2e_trace_v3,3504,72191326434624190,0,perception.pointcloud_map_based_roi,out,91468497177632,1,/perception/lidar/pointcloud_map_based_roi,0,0,1783598819088442392,0,0,0,3307937,3308083
202607092006,e2e_trace_v3,3512,72191326434624191,0,perception.pointcloud_map_based_roi,in,91468593965696,1,/perception/lidar/pointcloud_preprocess,0,0,1783598819187639413,0,0,0,3307937,3308081
202607092006,e2e_trace_v3,3513,72191326434624191,0,perception.pointcloud_map_based_roi,out,91468596127648,1,/perception/lidar/pointcloud_map_based_roi,0,0,1783598819187639413,0,0,0,3307937,3308081
202607092006,e2e_trace_v3,3529,72191326434624192,0,perception.pointcloud_map_based_roi,in,91468694722016,1,/perception/lidar/pointcloud_preprocess,0,0,1783598819287697307,0,0,0,3307937,3308087
202607092006,e2e_trace_v3,3530,72191326434624192,0,perception.pointcloud_map_based_roi,out,91468696598912,1,/perception/lidar/pointcloud_map_based_roi,0,0,1783598819287697307,0,0,0,3307937,3308087
202607092006,e2e_trace_v3,3538,72191326434624193,0,perception.pointcloud_map_based_roi,in,91468795022592,1,/perception/lidar/pointcloud_preprocess,0,0,1783598819387743715,0,0,0,3307937,3308087
202607092006,e2e_trace_v3,3539,72191326434624193,0,perception.pointcloud_map_based_roi,out,91468797633920,1,/perception/lidar/pointcloud_map_based_roi,0,0,1783598819387743715,0,0,0,3307937,3308087
202607092006,e2e_trace_v3,3546,72191326434624194,0,perception.pointcloud_map_based_roi,in,91468895675776,1,/perception/lidar/pointcloud_preprocess,0,0,1783598819487816773,0,0,0,3307937,3308083
202607092006,e2e_trace_v3,3548,72191326434624194,0,perception.pointcloud_map_based_roi,out,91468898960000,1,/perception/lidar/pointcloud_map_based_roi,0,0,1783598819487816773,0,0,0,3307937,3308083
202607092006,e2e_trace_v3,3564,72191326434624195,0,perception.pointcloud_map_based_roi,in,91468995482976,1,/perception/lidar/pointcloud_preprocess,0,0,1783598819587704579,0,0,0,3307937,3308077
202607092006,e2e_trace_v3,3565,72191326434624195,0,perception.pointcloud_map_based_roi,out,91468999000320,1,/perception/lidar/pointcloud_map_based_roi,0,0,1783598819587704579,0,0,0,3307937,3308077
202607092006,e2e_trace_v3,3573,72191326434624196,0,perception.pointcloud_map_based_roi,in,91469095126048,1,/perception/lidar/pointcloud_preprocess,0,0,1783598819687919728,0,0,0,3307937,3308073
202607092006,e2e_trace_v3,3574,72191326434624196,0,perception.pointcloud_map_based_roi,out,91469098614976,1,/perception/lidar/pointcloud_map_based_roi,0,0,1783598819687919728,0,0,0,3307937,3308073
202607092006,e2e_trace_v3,3582,72191326434624197,0,perception.pointcloud_map_based_roi,in,91469222292736,1,/perception/lidar/pointcloud_preprocess,0,0,1783598819787838023,0,0,0,3307937,3308083
202607092006,e2e_trace_v3,3583,72191326434624197,0,perception.pointcloud_map_based_roi,out,91469225775072,1,/perception/lidar/pointcloud_map_based_roi,0,0,1783598819787838023,0,0,0,3307937,3308083
202607092006,e2e_trace_v3,3591,72191326434624198,0,perception.pointcloud_map_based_roi,in,91469296709888,1,/perception/lidar/pointcloud_preprocess,0,0,1783598819887779674,0,0,0,3307937,3308076
202607092006,e2e_trace_v3,3592,72191326434624198,0,perception.pointcloud_map_based_roi,out,91469298897504,1,/perception/lidar/pointcloud_map_based_roi,0,0,1783598819887779674,0,0,0,3307937,3308076
202607092006,e2e_trace_v3,3608,72191326434624199,0,perception.pointcloud_map_based_roi,in,91469421403392,1,/perception/lidar/pointcloud_preprocess,0,0,1783598819987745059,0,0,0,3307937,3308084
202607092006,e2e_trace_v3,3609,72191326434624199,0,perception.pointcloud_map_based_roi,out,91469423426688,1,/perception/lidar/pointcloud_map_based_roi,0,0,1783598819987745059,0,0,0,3307937,3308084
202607092006,e2e_trace_v3,3617,72191326434624200,0,perception.pointcloud_map_based_roi,in,91469494241952,1,/perception/lidar/pointcloud_preprocess,0,0,1783598820087751814,0,0,0,3307937,3308073
202607092006,e2e_trace_v3,3618,72191326434624200,0,perception.pointcloud_map_based_roi,out,91469496145472,1,/perception/lidar/pointcloud_map_based_roi,0,0,1783598820087751814,0,0,0,3307937,3308073
202607092006,e2e_trace_v3,3626,72191326434624201,0,perception.pointcloud_map_based_roi,in,91469594352288,1,/perception/lidar/pointcloud_preprocess,0,0,1783598820188701864,0,0,0,3307937,3308073
202607092006,e2e_trace_v3,3627,72191326434624201,0,perception.pointcloud_map_based_roi,out,91469596342080,1,/perception/lidar/pointcloud_map_based_roi,0,0,1783598820188701864,0,0,0,3307937,3308073
202607092006,e2e_trace_v3,3635,72191326434624202,0,perception.pointcloud_map_based_roi,in,91469694043680,1,/perception/lidar/pointcloud_preprocess,0,0,1783598820287638492,0,0,0,3307937,3308075
202607092006,e2e_trace_v3,3636,72191326434624202,0,perception.pointcloud_map_based_roi,out,91469697303520,1,/perception/lidar/pointcloud_map_based_roi,0,0,1783598820287638492,0,0,0,3307937,3308075
202607092006,e2e_trace_v3,3652,72191326434624203,0,perception.pointcloud_map_based_roi,in,91469794632736,1,/perception/lidar/pointcloud_preprocess,0,0,1783598820387636306,0,0,0,3307937,3308087
202607092006,e2e_trace_v3,3653,72191326434624203,0,perception.pointcloud_map_based_roi,out,91469797312448,1,/perception/lidar/pointcloud_map_based_roi,0,0,1783598820387636306,0,0,0,3307937,3308087
202607092006,e2e_trace_v3,3661,72191326434624204,0,perception.pointcloud_map_based_roi,in,91469894950784,1,/perception/lidar/pointcloud_preprocess,0,0,1783598820487595169,0,0,0,3307937,3308088
202607092006,e2e_trace_v3,3662,72191326434624204,0,perception.pointcloud_map_based_roi,out,91469898445056,1,/perception/lidar/pointcloud_map_based_roi,0,0,1783598820487595169,0,0,0,3307937,3308088
202607092006,e2e_trace_v3,3670,72191326434624205,0,perception.pointcloud_map_based_roi,in,91470015128480,1,/perception/lidar/pointcloud_preprocess,0,0,1783598820587613282,0,0,0,3307937,3308084
202607092006,e2e_trace_v3,3671,72191326434624205,0,perception.pointcloud_map_based_roi,out,91470018649248,1,/perception/lidar/pointcloud_map_based_roi,0,0,1783598820587613282,0,0,0,3307937,3308084
202607092006,e2e_trace_v3,3687,72191326434624206,0,perception.pointcloud_map_based_roi,in,91470130357344,1,/perception/lidar/pointcloud_preprocess,0,0,1783598820687715925,0,0,0,3307937,3308085
202607092006,e2e_trace_v3,3688,72191326434624206,0,perception.pointcloud_map_based_roi,out,91470133936320,1,/perception/lidar/pointcloud_map_based_roi,0,0,1783598820687715925,0,0,0,3307937,3308085
202607092006,e2e_trace_v3,3696,72191326434624207,0,perception.pointcloud_map_based_roi,in,91470215137632,1,/perception/lidar/pointcloud_preprocess,0,0,1783598820787728055,0,0,0,3307937,3308087
202607092006,e2e_trace_v3,3697,72191326434624207,0,perception.pointcloud_map_based_roi,out,91470218492416,1,/perception/lidar/pointcloud_map_based_roi,0,0,1783598820787728055,0,0,0,3307937,3308087
202607092006,e2e_trace_v3,3705,72191326434624208,0,perception.pointcloud_map_based_roi,in,91470295057728,1,/perception/lidar/pointcloud_preprocess,0,0,1783598820887767264,0,0,0,3307937,3308087
202607092006,e2e_trace_v3,3706,72191326434624208,0,perception.pointcloud_map_based_roi,out,91470297787360,1,/perception/lidar/pointcloud_map_based_roi,0,0,1783598820887767264,0,0,0,3307937,3308087
202607092006,e2e_trace_v3,3714,72191326434624209,0,perception.pointcloud_map_based_roi,in,91470423744512,1,/perception/lidar/pointcloud_preprocess,0,0,1783598820988450632,0,0,0,3307937,3308075
202607092006,e2e_trace_v3,3715,72191326434624209,0,perception.pointcloud_map_based_roi,out,91470427186304,1,/perception/lidar/pointcloud_map_based_roi,0,0,1783598820988450632,0,0,0,3307937,3308075
202607092006,e2e_trace_v3,3731,72191326434624210,0,perception.pointcloud_map_based_roi,in,91470496076384,1,/perception/lidar/pointcloud_preprocess,0,0,1783598821087824386,0,0,0,3307937,3308084
202607092006,e2e_trace_v3,3732,72191326434624210,0,perception.pointcloud_map_based_roi,out,91470499337984,1,/perception/lidar/pointcloud_map_based_roi,0,0,1783598821087824386,0,0,0,3307937,3308084
202607092006,e2e_trace_v3,3740,72191326434624211,0,perception.pointcloud_map_based_roi,in,91470595322208,1,/perception/lidar/pointcloud_preprocess,0,0,1783598821188616187,0,0,0,3307937,3308084
202607092006,e2e_trace_v3,3741,72191326434624211,0,perception.pointcloud_map_based_roi,out,91470597108288,1,/perception/lidar/pointcloud_map_based_roi,0,0,1783598821188616187,0,0,0,3307937,3308084
202607092006,e2e_trace_v3,3747,72191326434624212,0,perception.pointcloud_map_based_roi,in,91470695535136,1,/perception/lidar/pointcloud_preprocess,0,0,1783598821288100297,0,0,0,3307937,3308077
202607092006,e2e_trace_v3,3750,72191326434624212,0,perception.pointcloud_map_based_roi,out,91470698735680,1,/perception/lidar/pointcloud_map_based_roi,0,0,1783598821288100297,0,0,0,3307937,3308077
202607092006,e2e_trace_v3,3758,72191326434624213,0,perception.pointcloud_map_based_roi,in,91470794329280,1,/perception/lidar/pointcloud_preprocess,0,0,1783598821387694262,0,0,0,3307937,3308085
202607092006,e2e_trace_v3,3759,72191326434624213,0,perception.pointcloud_map_based_roi,out,91470797695680,1,/perception/lidar/pointcloud_map_based_roi,0,0,1783598821387694262,0,0,0,3307937,3308085
202607092006,e2e_trace_v3,3775,72191326434624214,0,perception.pointcloud_map_based_roi,in,91470894114496,1,/perception/lidar/pointcloud_preprocess,0,0,1783598821487678054,0,0,0,3307937,3308083
202607092006,e2e_trace_v3,3776,72191326434624214,0,perception.pointcloud_map_based_roi,out,91470897528832,1,/perception/lidar/pointcloud_map_based_roi,0,0,1783598821487678054,0,0,0,3307937,3308083
202607092006,e2e_trace_v3,3784,72191326434624215,0,perception.pointcloud_map_based_roi,in,91470995441344,1,/perception/lidar/pointcloud_preprocess,0,0,1783598821587700644,0,0,0,3307937,3308088
202607092006,e2e_trace_v3,3785,72191326434624215,0,perception.pointcloud_map_based_roi,out,91470998975808,1,/perception/lidar/pointcloud_map_based_roi,0,0,1783598821587700644,0,0,0,3307937,3308088
202607092006,e2e_trace_v3,3793,72191326434624216,0,perception.pointcloud_map_based_roi,in,91471096024800,1,/perception/lidar/pointcloud_preprocess,0,0,1783598821687720392,0,0,0,3307937,3308084
202607092006,e2e_trace_v3,3795,72191326434624216,0,perception.pointcloud_map_based_roi,out,91471099665056,1,/perception/lidar/pointcloud_map_based_roi,0,0,1783598821687720392,0,0,0,3307937,3308084
202607092006,e2e_trace_v3,3801,72191326434624217,0,perception.pointcloud_map_based_roi,in,91471195236416,1,/perception/lidar/pointcloud_preprocess,0,0,1783598821787586576,0,0,0,3307937,3308088
202607092006,e2e_trace_v3,3804,72191326434624217,0,perception.pointcloud_map_based_roi,out,91471198988640,1,/perception/lidar/pointcloud_map_based_roi,0,0,1783598821787586576,0,0,0,3307937,3308088
202607092006,e2e_trace_v3,3819,72191326434624218,0,perception.pointcloud_map_based_roi,in,91471294983648,1,/perception/lidar/pointcloud_preprocess,0,0,1783598821887850815,0,0,0,3307937,3308085
202607092006,e2e_trace_v3,3820,72191326434624218,0,perception.pointcloud_map_based_roi,out,91471297667840,1,/perception/lidar/pointcloud_map_based_roi,0,0,1783598821887850815,0,0,0,3307937,3308085
202607092006,e2e_trace_v3,3828,72191326434624219,0,perception.pointcloud_map_based_roi,in,91471394808128,1,/perception/lidar/pointcloud_preprocess,0,0,1783598821987948732,0,0,0,3307937,3308080
202607092006,e2e_trace_v3,3829,72191326434624219,0,perception.pointcloud_map_based_roi,out,91471397765664,1,/perception/lidar/pointcloud_map_based_roi,0,0,1783598821987948732,0,0,0,3307937,3308080
202607092006,e2e_trace_v3,3837,72191326434624220,0,perception.pointcloud_map_based_roi,in,91471495563776,1,/perception/lidar/pointcloud_preprocess,0,0,1783598822088033340,0,0,0,3307937,3308074
202607092006,e2e_trace_v3,3838,72191326434624220,0,perception.pointcloud_map_based_roi,out,91471499163488,1,/perception/lidar/pointcloud_map_based_roi,0,0,1783598822088033340,0,0,0,3307937,3308074
202607092006,e2e_trace_v3,3846,72191326434624221,0,perception.pointcloud_map_based_roi,in,91471594655104,1,/perception/lidar/pointcloud_preprocess,0,0,1783598822187678667,0,0,0,3307937,3308086
202607092006,e2e_trace_v3,3847,72191326434624221,0,perception.pointcloud_map_based_roi,out,91471597087136,1,/perception/lidar/pointcloud_map_based_roi,0,0,1783598822187678667,0,0,0,3307937,3308086
202607092006,e2e_trace_v3,3863,72191326434624222,0,perception.pointcloud_map_based_roi,in,91471695320448,1,/perception/lidar/pointcloud_preprocess,0,0,1783598822287631544,0,0,0,3307937,3308075
202607092006,e2e_trace_v3,3864,72191326434624222,0,perception.pointcloud_map_based_roi,out,91471697401632,1,/perception/lidar/pointcloud_map_based_roi,0,0,1783598822287631544,0,0,0,3307937,3308075
202607092006,e2e_trace_v3,3872,72191326434624223,0,perception.pointcloud_map_based_roi,in,91471794888736,1,/perception/lidar/pointcloud_preprocess,0,0,1783598822387802403,0,0,0,3307937,3308086
202607092006,e2e_trace_v3,3873,72191326434624223,0,perception.pointcloud_map_based_roi,out,91471797904480,1,/perception/lidar/pointcloud_map_based_roi,0,0,1783598822387802403,0,0,0,3307937,3308086
202607092006,e2e_trace_v3,3881,72191326434624224,0,perception.pointcloud_map_based_roi,in,91471895892864,1,/perception/lidar/pointcloud_preprocess,0,0,1783598822488491447,0,0,0,3307937,3308086
202607092006,e2e_trace_v3,3882,72191326434624224,0,perception.pointcloud_map_based_roi,out,91471899245984,1,/perception/lidar/pointcloud_map_based_roi,0,0,1783598822488491447,0,0,0,3307937,3308086
202607092006,e2e_trace_v3,3890,72191326434624225,0,perception.pointcloud_map_based_roi,in,91471995795936,1,/perception/lidar/pointcloud_preprocess,0,0,1783598822587659905,0,0,0,3307937,3308074
202607092006,e2e_trace_v3,3891,72191326434624225,0,perception.pointcloud_map_based_roi,out,91471999380960,1,/perception/lidar/pointcloud_map_based_roi,0,0,1783598822587659905,0,0,0,3307937,3308074
202607092006,e2e_trace_v3,3915,72191326434624226,0,perception.pointcloud_map_based_roi,in,91472097434816,1,/perception/lidar/pointcloud_preprocess,0,0,1783598822688633674,0,0,0,3307937,3308076
202607092006,e2e_trace_v3,3916,72191326434624226,0,perception.pointcloud_map_based_roi,out,91472101007232,1,/perception/lidar/pointcloud_map_based_roi,0,0,1783598822688633674,0,0,0,3307937,3308076
202607092006,e2e_trace_v3,3932,72191326434624227,0,perception.pointcloud_map_based_roi,in,91472195581440,1,/perception/lidar/pointcloud_preprocess,0,0,1783598822788038357,0,0,0,3307937,3308080
202607092006,e2e_trace_v3,3933,72191326434624227,0,perception.pointcloud_map_based_roi,out,91472197576704,1,/perception/lidar/pointcloud_map_based_roi,0,0,1783598822788038357,0,0,0,3307937,3308080
202607092006,e2e_trace_v3,3949,72191326434624228,0,perception.pointcloud_map_based_roi,in,91472302476800,1,/perception/lidar/pointcloud_preprocess,0,0,1783598822887730766,0,0,0,3307937,3308084
202607092006,e2e_trace_v3,3950,72191326434624228,0,perception.pointcloud_map_based_roi,out,91472304488448,1,/perception/lidar/pointcloud_map_based_roi,0,0,1783598822887730766,0,0,0,3307937,3308084
202607092006,e2e_trace_v3,3974,72191326434624229,0,perception.pointcloud_map_based_roi,in,91472406395648,1,/perception/lidar/pointcloud_preprocess,0,0,1783598822987579152,0,0,0,3307937,3308080
202607092006,e2e_trace_v3,3975,72191326434624229,0,perception.pointcloud_map_based_roi,out,91472408593888,1,/perception/lidar/pointcloud_map_based_roi,0,0,1783598822987579152,0,0,0,3307937,3308080
202607092006,e2e_trace_v3,3991,72191326434624230,0,perception.pointcloud_map_based_roi,in,91472495310304,1,/perception/lidar/pointcloud_preprocess,0,0,1783598823087469918,0,0,0,3307937,3308074
202607092006,e2e_trace_v3,3992,72191326434624230,0,perception.pointcloud_map_based_roi,out,91472497066496,1,/perception/lidar/pointcloud_map_based_roi,0,0,1783598823087469918,0,0,0,3307937,3308074
202607092006,e2e_trace_v3,4008,72191326434624231,0,perception.pointcloud_map_based_roi,in,91472595396480,1,/perception/lidar/pointcloud_preprocess,0,0,1783598823187671134,0,0,0,3307937,3308082
202607092006,e2e_trace_v3,4009,72191326434624231,0,perception.pointcloud_map_based_roi,out,91472597335264,1,/perception/lidar/pointcloud_map_based_roi,0,0,1783598823187671134,0,0,0,3307937,3308082
202607092006,e2e_trace_v3,4025,72191326434624232,0,perception.pointcloud_map_based_roi,in,91472694592736,1,/perception/lidar/pointcloud_preprocess,0,0,1783598823287879942,0,0,0,3307937,3308085
202607092006,e2e_trace_v3,4026,72191326434624232,0,perception.pointcloud_map_based_roi,out,91472696678688,1,/perception/lidar/pointcloud_map_based_roi,0,0,1783598823287879942,0,0,0,3307937,3308085
202607092006,e2e_trace_v3,4042,72191326434624233,0,perception.pointcloud_map_based_roi,in,91472795292320,1,/perception/lidar/pointcloud_preprocess,0,0,1783598823387829983,0,0,0,3307937,3308076
202607092006,e2e_trace_v3,4048,72191326434624233,0,perception.pointcloud_map_based_roi,out,91472797778432,1,/perception/lidar/pointcloud_map_based_roi,0,0,1783598823387829983,0,0,0,3307937,3308076
202607092006,e2e_trace_v3,4067,72191326434624234,0,perception.pointcloud_map_based_roi,in,91472896039360,1,/perception/lidar/pointcloud_preprocess,0,0,1783598823487656797,0,0,0,3307937,3308083
202607092006,e2e_trace_v3,4068,72191326434624234,0,perception.pointcloud_map_based_roi,out,91472899117184,1,/perception/lidar/pointcloud_map_based_roi,0,0,1783598823487656797,0,0,0,3307937,3308083
202607092006,e2e_trace_v3,4084,72191326434624235,0,perception.pointcloud_map_based_roi,in,91472996119744,1,/perception/lidar/pointcloud_preprocess,0,0,1783598823587776907,0,0,0,3307937,3308087
202607092006,e2e_trace_v3,4085,72191326434624235,0,perception.pointcloud_map_based_roi,out,91472998162528,1,/perception/lidar/pointcloud_map_based_roi,0,0,1783598823587776907,0,0,0,3307937,3308087
202607092006,e2e_trace_v3,4100,72191326434624236,0,perception.pointcloud_map_based_roi,in,91473095268864,1,/perception/lidar/pointcloud_preprocess,0,0,1783598823687600130,0,0,0,3307937,3308086
202607092006,e2e_trace_v3,4102,72191326434624236,0,perception.pointcloud_map_based_roi,out,91473097493792,1,/perception/lidar/pointcloud_map_based_roi,0,0,1783598823687600130,0,0,0,3307937,3308086
202607092006,e2e_trace_v3,4125,72191326434624237,0,perception.pointcloud_map_based_roi,in,91473195706432,1,/perception/lidar/pointcloud_preprocess,0,0,1783598823787646815,0,0,0,3307937,3308077
202607092006,e2e_trace_v3,4127,72191326434624237,0,perception.pointcloud_map_based_roi,out,91473197849984,1,/perception/lidar/pointcloud_map_based_roi,0,0,1783598823787646815,0,0,0,3307937,3308077
202607092006,e2e_trace_v3,4143,72191326434624238,0,perception.pointcloud_map_based_roi,in,91473297201952,1,/perception/lidar/pointcloud_preprocess,0,0,1783598823887594738,0,0,0,3307937,3308087
202607092006,e2e_trace_v3,4144,72191326434624238,0,perception.pointcloud_map_based_roi,out,91473299097920,1,/perception/lidar/pointcloud_map_based_roi,0,0,1783598823887594738,0,0,0,3307937,3308087
202607092006,e2e_trace_v3,4160,72191326434624239,0,perception.pointcloud_map_based_roi,in,91473394758880,1,/perception/lidar/pointcloud_preprocess,0,0,1783598823987609169,0,0,0,3307937,3308073
202607092006,e2e_trace_v3,4161,72191326434624239,0,perception.pointcloud_map_based_roi,out,91473396654976,1,/perception/lidar/pointcloud_map_based_roi,0,0,1783598823987609169,0,0,0,3307937,3308073
202607092006,e2e_trace_v3,4177,72191326434624240,0,perception.pointcloud_map_based_roi,in,91473496309088,1,/perception/lidar/pointcloud_preprocess,0,0,1783598824087656182,0,0,0,3307937,3308081
202607092006,e2e_trace_v3,4178,72191326434624240,0,perception.pointcloud_map_based_roi,out,91473499015488,1,/perception/lidar/pointcloud_map_based_roi,0,0,1783598824087656182,0,0,0,3307937,3308081
202607092006,e2e_trace_v3,4194,72191326434624241,0,perception.pointcloud_map_based_roi,in,91473596385888,1,/perception/lidar/pointcloud_preprocess,0,0,1783598824187647099,0,0,0,3307937,3308079
202607092006,e2e_trace_v3,4195,72191326434624241,0,perception.pointcloud_map_based_roi,out,91473598731264,1,/perception/lidar/pointcloud_map_based_roi,0,0,1783598824187647099,0,0,0,3307937,3308079
202607092006,e2e_trace_v3,4219,72191326434624242,0,perception.pointcloud_map_based_roi,in,91473696078144,1,/perception/lidar/pointcloud_preprocess,0,0,1783598824287648122,0,0,0,3307937,3308084
202607092006,e2e_trace_v3,4220,72191326434624242,0,perception.pointcloud_map_based_roi,out,91473698036800,1,/perception/lidar/pointcloud_map_based_roi,0,0,1783598824287648122,0,0,0,3307937,3308084
202607092006,e2e_trace_v3,4236,72191326434624243,0,perception.pointcloud_map_based_roi,in,91473795193024,1,/perception/lidar/pointcloud_preprocess,0,0,1783598824387600691,0,0,0,3307937,3308087
202607092006,e2e_trace_v3,4237,72191326434624243,0,perception.pointcloud_map_based_roi,out,91473797054208,1,/perception/lidar/pointcloud_map_based_roi,0,0,1783598824387600691,0,0,0,3307937,3308087
202607092006,e2e_trace_v3,4253,72191326434624244,0,perception.pointcloud_map_based_roi,in,91473894366496,1,/perception/lidar/pointcloud_preprocess,0,0,1783598824487547355,0,0,0,3307937,3308076
202607092006,e2e_trace_v3,4254,72191326434624244,0,perception.pointcloud_map_based_roi,out,91473896388192,1,/perception/lidar/pointcloud_map_based_roi,0,0,1783598824487547355,0,0,0,3307937,3308076
202607092006,e2e_trace_v3,4270,72191326434624245,0,perception.pointcloud_map_based_roi,in,91473994709376,1,/perception/lidar/pointcloud_preprocess,0,0,1783598824587575161,0,0,0,3307937,3308088
202607092006,e2e_trace_v3,4276,72191326434624245,0,perception.pointcloud_map_based_roi,out,91473996579904,1,/perception/lidar/pointcloud_map_based_roi,0,0,1783598824587575161,0,0,0,3307937,3308088
202607092006,e2e_trace_v3,4295,72191326434624246,0,perception.pointcloud_map_based_roi,in,91474096091616,1,/perception/lidar/pointcloud_preprocess,0,0,1783598824687623675,0,0,0,3307937,3308085
202607092006,e2e_trace_v3,4296,72191326434624246,0,perception.pointcloud_map_based_roi,out,91474098253152,1,/perception/lidar/pointcloud_map_based_roi,0,0,1783598824687623675,0,0,0,3307937,3308085
202607092006,e2e_trace_v3,4312,72191326434624247,0,perception.pointcloud_map_based_roi,in,91474195625824,1,/perception/lidar/pointcloud_preprocess,0,0,1783598824787658619,0,0,0,3307937,3308078
202607092006,e2e_trace_v3,4313,72191326434624247,0,perception.pointcloud_map_based_roi,out,91474198745120,1,/perception/lidar/pointcloud_map_based_roi,0,0,1783598824787658619,0,0,0,3307937,3308078
202607092006,e2e_trace_v3,4329,72191326434624248,0,perception.pointcloud_map_based_roi,in,91474295337632,1,/perception/lidar/pointcloud_preprocess,0,0,1783598824887792897,0,0,0,3307937,3308077
202607092006,e2e_trace_v3,4330,72191326434624248,0,perception.pointcloud_map_based_roi,out,91474297703360,1,/perception/lidar/pointcloud_map_based_roi,0,0,1783598824887792897,0,0,0,3307937,3308077
202607092006,e2e_trace_v3,4354,72191326434624249,0,perception.pointcloud_map_based_roi,in,91474394999872,1,/perception/lidar/pointcloud_preprocess,0,0,1783598824987635161,0,0,0,3307937,3308075
202607092006,e2e_trace_v3,4355,72191326434624249,0,perception.pointcloud_map_based_roi,out,91474397226752,1,/perception/lidar/pointcloud_map_based_roi,0,0,1783598824987635161,0,0,0,3307937,3308075
202607092006,e2e_trace_v3,4371,72191326434624250,0,perception.pointcloud_map_based_roi,in,91474495420864,1,/perception/lidar/pointcloud_preprocess,0,0,1783598825087893052,0,0,0,3307937,3308073
202607092006,e2e_trace_v3,4372,72191326434624250,0,perception.pointcloud_map_based_roi,out,91474497352992,1,/perception/lidar/pointcloud_map_based_roi,0,0,1783598825087893052,0,0,0,3307937,3308073
202607092006,e2e_trace_v3,4388,72191326434624251,0,perception.pointcloud_map_based_roi,in,91474600082912,1,/perception/lidar/pointcloud_preprocess,0,0,1783598825188409743,0,0,0,3307937,3308083
202607092006,e2e_trace_v3,4389,72191326434624251,0,perception.pointcloud_map_based_roi,out,91474602562976,1,/perception/lidar/pointcloud_map_based_roi,0,0,1783598825188409743,0,0,0,3307937,3308083
202607092006,e2e_trace_v3,4405,72191326434624252,0,perception.pointcloud_map_based_roi,in,91474695568128,1,/perception/lidar/pointcloud_preprocess,0,0,1783598825287572208,0,0,0,3307937,3308085
202607092006,e2e_trace_v3,4407,72191326434624252,0,perception.pointcloud_map_based_roi,out,91474697609184,1,/perception/lidar/pointcloud_map_based_roi,0,0,1783598825287572208,0,0,0,3307937,3308085
202607092006,e2e_trace_v3,4430,72191326434624253,0,perception.pointcloud_map_based_roi,in,91474795054368,1,/perception/lidar/pointcloud_preprocess,0,0,1783598825387594986,0,0,0,3307937,3308080
202607092006,e2e_trace_v3,4431,72191326434624253,0,perception.pointcloud_map_based_roi,out,91474797143264,1,/perception/lidar/pointcloud_map_based_roi,0,0,1783598825387594986,0,0,0,3307937,3308080
202607092006,e2e_trace_v3,4447,72191326434624254,0,perception.pointcloud_map_based_roi,in,91474894816992,1,/perception/lidar/pointcloud_preprocess,0,0,1783598825487638545,0,0,0,3307937,3308083
202607092006,e2e_trace_v3,4448,72191326434624254,0,perception.pointcloud_map_based_roi,out,91474897018272,1,/perception/lidar/pointcloud_map_based_roi,0,0,1783598825487638545,0,0,0,3307937,3308083
202607092006,e2e_trace_v3,4464,72191326434624255,0,perception.pointcloud_map_based_roi,in,91474996294176,1,/perception/lidar/pointcloud_preprocess,0,0,1783598825587657692,0,0,0,3307937,3308087
202607092006,e2e_trace_v3,4465,72191326434624255,0,perception.pointcloud_map_based_roi,out,91474998136000,1,/perception/lidar/pointcloud_map_based_roi,0,0,1783598825587657692,0,0,0,3307937,3308087
202607092006,e2e_trace_v3,4481,72191326434624256,0,perception.pointcloud_map_based_roi,in,91475094941536,1,/perception/lidar/pointcloud_preprocess,0,0,1783598825687491799,0,0,0,3307937,3308076
202607092006,e2e_trace_v3,4482,72191326434624256,0,perception.pointcloud_map_based_roi,out,91475097048384,1,/perception/lidar/pointcloud_map_based_roi,0,0,1783598825687491799,0,0,0,3307937,3308076
202607092006,e2e_trace_v3,4505,72191326434624257,0,perception.pointcloud_map_based_roi,in,91475210978560,1,/perception/lidar/pointcloud_preprocess,0,0,1783598825787820005,0,0,0,3307937,3308083
202607092006,e2e_trace_v3,4507,72191326434624257,0,perception.pointcloud_map_based_roi,out,91475213096896,1,/perception/lidar/pointcloud_map_based_roi,0,0,1783598825787820005,0,0,0,3307937,3308083
202607092006,e2e_trace_v3,4523,72191326434624258,0,perception.pointcloud_map_based_roi,in,91475294950816,1,/perception/lidar/pointcloud_preprocess,0,0,1783598825887836691,0,0,0,3307937,3308080
202607092006,e2e_trace_v3,4524,72191326434624258,0,perception.pointcloud_map_based_roi,out,91475296751456,1,/perception/lidar/pointcloud_map_based_roi,0,0,1783598825887836691,0,0,0,3307937,3308080
202607092006,e2e_trace_v3,4540,72191326434624259,0,perception.pointcloud_map_based_roi,in,91475394832576,1,/perception/lidar/pointcloud_preprocess,0,0,1783598825987686661,0,0,0,3307937,3308077
202607092006,e2e_trace_v3,4541,72191326434624259,0,perception.pointcloud_map_based_roi,out,91475396713376,1,/perception/lidar/pointcloud_map_based_roi,0,0,1783598825987686661,0,0,0,3307937,3308077
202607092006,e2e_trace_v3,4557,72191326434624260,0,perception.pointcloud_map_based_roi,in,91475494595520,1,/perception/lidar/pointcloud_preprocess,0,0,1783598826087639129,0,0,0,3307937,3308085
202607092006,e2e_trace_v3,4559,72191326434624260,0,perception.pointcloud_map_based_roi,out,91475496505344,1,/perception/lidar/pointcloud_map_based_roi,0,0,1783598826087639129,0,0,0,3307937,3308085
202607092006,e2e_trace_v3,4582,72191326434624261,0,perception.pointcloud_map_based_roi,in,91475596307840,1,/perception/lidar/pointcloud_preprocess,0,0,1783598826188021287,0,0,0,3307937,3308078
202607092006,e2e_trace_v3,4583,72191326434624261,0,perception.pointcloud_map_based_roi,out,91475598098592,1,/perception/lidar/pointcloud_map_based_roi,0,0,1783598826188021287,0,0,0,3307937,3308078
202607092006,e2e_trace_v3,4599,72191326434624262,0,perception.pointcloud_map_based_roi,in,91475695466720,1,/perception/lidar/pointcloud_preprocess,0,0,1783598826287631318,0,0,0,3307937,3308073
202607092006,e2e_trace_v3,4600,72191326434624262,0,perception.pointcloud_map_based_roi,out,91475697319904,1,/perception/lidar/pointcloud_map_based_roi,0,0,1783598826287631318,0,0,0,3307937,3308073
202607092006,e2e_trace_v3,4616,72191326434624263,0,perception.pointcloud_map_based_roi,in,91475795635392,1,/perception/lidar/pointcloud_preprocess,0,0,1783598826387779954,0,0,0,3307937,3308076
202607092006,e2e_trace_v3,4617,72191326434624263,0,perception.pointcloud_map_based_roi,out,91475797860192,1,/perception/lidar/pointcloud_map_based_roi,0,0,1783598826387779954,0,0,0,3307937,3308076
202607092006,e2e_trace_v3,4641,72191326434624264,0,perception.pointcloud_map_based_roi,in,91475895738208,1,/perception/lidar/pointcloud_preprocess,0,0,1783598826487805026,0,0,0,3307937,3308083
202607092006,e2e_trace_v3,4642,72191326434624264,0,perception.pointcloud_map_based_roi,out,91475897691872,1,/perception/lidar/pointcloud_map_based_roi,0,0,1783598826487805026,0,0,0,3307937,3308083
202607092006,e2e_trace_v3,4658,72191326434624265,0,perception.pointcloud_map_based_roi,in,91476000916480,1,/perception/lidar/pointcloud_preprocess,0,0,1783598826588518187,0,0,0,3307937,3308082
202607092006,e2e_trace_v3,4659,72191326434624265,0,perception.pointcloud_map_based_roi,out,91476003449664,1,/perception/lidar/pointcloud_map_based_roi,0,0,1783598826588518187,0,0,0,3307937,3308082
202607092006,e2e_trace_v3,4675,72191326434624266,0,perception.pointcloud_map_based_roi,in,91476096736928,1,/perception/lidar/pointcloud_preprocess,0,0,1783598826688431256,0,0,0,3307937,3308074
202607092006,e2e_trace_v3,4676,72191326434624266,0,perception.pointcloud_map_based_roi,out,91476099204832,1,/perception/lidar/pointcloud_map_based_roi,0,0,1783598826688431256,0,0,0,3307937,3308074
202607092006,e2e_trace_v3,4700,72191326434624267,0,perception.pointcloud_map_based_roi,in,91476195057056,1,/perception/lidar/pointcloud_preprocess,0,0,1783598826787533361,0,0,0,3307937,3308080
202607092006,e2e_trace_v3,4701,72191326434624267,0,perception.pointcloud_map_based_roi,out,91476197447264,1,/perception/lidar/pointcloud_map_based_roi,0,0,1783598826787533361,0,0,0,3307937,3308080
202607092006,e2e_trace_v3,4717,72191326434624268,0,perception.pointcloud_map_based_roi,in,91476295510688,1,/perception/lidar/pointcloud_preprocess,0,0,1783598826887549275,0,0,0,3307937,3308087
202607092006,e2e_trace_v3,4718,72191326434624268,0,perception.pointcloud_map_based_roi,out,91476297437696,1,/perception/lidar/pointcloud_map_based_roi,0,0,1783598826887549275,0,0,0,3307937,3308087
202607092006,e2e_trace_v3,4742,72191326434624269,0,perception.pointcloud_map_based_roi,in,91476395515904,1,/perception/lidar/pointcloud_preprocess,0,0,1783598826987534555,0,0,0,3307937,3308082
202607092006,e2e_trace_v3,4743,72191326434624269,0,perception.pointcloud_map_based_roi,out,91476397337824,1,/perception/lidar/pointcloud_map_based_roi,0,0,1783598826987534555,0,0,0,3307937,3308082
202607092006,e2e_trace_v3,4759,72191326434624270,0,perception.pointcloud_map_based_roi,in,91476500032320,1,/perception/lidar/pointcloud_preprocess,0,0,1783598827087600714,0,0,0,3307937,3308083
202607092006,e2e_trace_v3,4760,72191326434624270,0,perception.pointcloud_map_based_roi,out,91476502121824,1,/perception/lidar/pointcloud_map_based_roi,0,0,1783598827087600714,0,0,0,3307937,3308083
202607092006,e2e_trace_v3,4784,72191326434624271,0,perception.pointcloud_map_based_roi,in,91476625843648,1,/perception/lidar/pointcloud_preprocess,0,0,1783598827187747498,0,0,0,3307937,3308080
202607092006,e2e_trace_v3,4786,72191326434624271,0,perception.pointcloud_map_based_roi,out,91476628220672,1,/perception/lidar/pointcloud_map_based_roi,0,0,1783598827187747498,0,0,0,3307937,3308080
202607092006,e2e_trace_v3,4801,72191326434624272,0,perception.pointcloud_map_based_roi,in,91476695298848,1,/perception/lidar/pointcloud_preprocess,0,0,1783598827287700116,0,0,0,3307937,3308088
202607092006,e2e_trace_v3,4802,72191326434624272,0,perception.pointcloud_map_based_roi,out,91476697211808,1,/perception/lidar/pointcloud_map_based_roi,0,0,1783598827287700116,0,0,0,3307937,3308088
202607092006,e2e_trace_v3,4825,72191326434624273,0,perception.pointcloud_map_based_roi,in,91476794969344,1,/perception/lidar/pointcloud_preprocess,0,0,1783598827387685068,0,0,0,3307937,3308075
202607092006,e2e_trace_v3,4827,72191326434624273,0,perception.pointcloud_map_based_roi,out,91476797005152,1,/perception/lidar/pointcloud_map_based_roi,0,0,1783598827387685068,0,0,0,3307937,3308075
202607092006,e2e_trace_v3,4843,72191326434624274,0,perception.pointcloud_map_based_roi,in,91476896776064,1,/perception/lidar/pointcloud_preprocess,0,0,1783598827487745680,0,0,0,3307937,3308083
202607092006,e2e_trace_v3,4844,72191326434624274,0,perception.pointcloud_map_based_roi,out,91476898777920,1,/perception/lidar/pointcloud_map_based_roi,0,0,1783598827487745680,0,0,0,3307937,3308083
202607092006,e2e_trace_v3,4868,72191326434624275,0,perception.pointcloud_map_based_roi,in,91477000623136,1,/perception/lidar/pointcloud_preprocess,0,0,1783598827587732537,0,0,0,3307937,3308079
202607092006,e2e_trace_v3,4869,72191326434624275,0,perception.pointcloud_map_based_roi,out,91477002637024,1,/perception/lidar/pointcloud_map_based_roi,0,0,1783598827587732537,0,0,0,3307937,3308079
202607092006,e2e_trace_v3,4885,72191326434624276,0,perception.pointcloud_map_based_roi,in,91477095304608,1,/perception/lidar/pointcloud_preprocess,0,0,1783598827687741514,0,0,0,3307937,3308078
202607092006,e2e_trace_v3,4886,72191326434624276,0,perception.pointcloud_map_based_roi,out,91477097285920,1,/perception/lidar/pointcloud_map_based_roi,0,0,1783598827687741514,0,0,0,3307937,3308078
202607092006,e2e_trace_v3,4910,72191326434624277,0,perception.pointcloud_map_based_roi,in,91477204979808,1,/perception/lidar/pointcloud_preprocess,0,0,1783598827787781908,0,0,0,3307937,3308073
202607092006,e2e_trace_v3,4911,72191326434624277,0,perception.pointcloud_map_based_roi,out,91477206904864,1,/perception/lidar/pointcloud_map_based_roi,0,0,1783598827787781908,0,0,0,3307937,3308073
202607092006,e2e_trace_v3,4927,72191326434624278,0,perception.pointcloud_map_based_roi,in,91477294922400,1,/perception/lidar/pointcloud_preprocess,0,0,1783598827887629765,0,0,0,3307937,3308087
202607092006,e2e_trace_v3,4928,72191326434624278,0,perception.pointcloud_map_based_roi,out,91477297263392,1,/perception/lidar/pointcloud_map_based_roi,0,0,1783598827887629765,0,0,0,3307937,3308087
202607092006,e2e_trace_v3,4952,72191326434624279,0,perception.pointcloud_map_based_roi,in,91477395690848,1,/perception/lidar/pointcloud_preprocess,0,0,1783598827987645195,0,0,0,3307937,3308078
202607092006,e2e_trace_v3,4953,72191326434624279,0,perception.pointcloud_map_based_roi,out,91477397819040,1,/perception/lidar/pointcloud_map_based_roi,0,0,1783598827987645195,0,0,0,3307937,3308078
202607092006,e2e_trace_v3,4977,72191326434624280,0,perception.pointcloud_map_based_roi,in,91477509929472,1,/perception/lidar/pointcloud_preprocess,0,0,1783598828087637399,0,0,0,3307937,3308080
202607092006,e2e_trace_v3,4978,72191326434624280,0,perception.pointcloud_map_based_roi,out,91477512899008,1,/perception/lidar/pointcloud_map_based_roi,0,0,1783598828087637399,0,0,0,3307937,3308080
202607092006,e2e_trace_v3,4994,72191326434624281,0,perception.pointcloud_map_based_roi,in,91477596353408,1,/perception/lidar/pointcloud_preprocess,0,0,1783598828187753803,0,0,0,3307937,3308079
202607092006,e2e_trace_v3,4995,72191326434624281,0,perception.pointcloud_map_based_roi,out,91477599461728,1,/perception/lidar/pointcloud_map_based_roi,0,0,1783598828187753803,0,0,0,3307937,3308079
202607092006,e2e_trace_v3,5011,72191326434624282,0,perception.pointcloud_map_based_roi,in,91477696669216,1,/perception/lidar/pointcloud_preprocess,0,0,1783598828287745845,0,0,0,3307937,3308075
202607092006,e2e_trace_v3,5012,72191326434624282,0,perception.pointcloud_map_based_roi,out,91477698783360,1,/perception/lidar/pointcloud_map_based_roi,0,0,1783598828287745845,0,0,0,3307937,3308075
202607092006,e2e_trace_v3,5036,72191326434624283,0,perception.pointcloud_map_based_roi,in,91477811826816,1,/perception/lidar/pointcloud_preprocess,0,0,1783598828387705131,0,0,0,3307937,3308073
202607092006,e2e_trace_v3,5037,72191326434624283,0,perception.pointcloud_map_based_roi,out,91477813878656,1,/perception/lidar/pointcloud_map_based_roi,0,0,1783598828387705131,0,0,0,3307937,3308073
202607092006,e2e_trace_v3,5053,72191326434624284,0,perception.pointcloud_map_based_roi,in,91477894805184,1,/perception/lidar/pointcloud_preprocess,0,0,1783598828487757297,0,0,0,3307937,3308080
202607092006,e2e_trace_v3,5054,72191326434624284,0,perception.pointcloud_map_based_roi,out,91477897113568,1,/perception/lidar/pointcloud_map_based_roi,0,0,1783598828487757297,0,0,0,3307937,3308080
202607092006,e2e_trace_v3,5078,72191326434624285,0,perception.pointcloud_map_based_roi,in,91477995402880,1,/perception/lidar/pointcloud_preprocess,0,0,1783598828587661234,0,0,0,3307937,3308085
202607092006,e2e_trace_v3,5079,72191326434624285,0,perception.pointcloud_map_based_roi,out,91477997948224,1,/perception/lidar/pointcloud_map_based_roi,0,0,1783598828587661234,0,0,0,3307937,3308085
202607092006,e2e_trace_v3,5095,72191326434624286,0,perception.pointcloud_map_based_roi,in,91478095233376,1,/perception/lidar/pointcloud_preprocess,0,0,1783598828687838359,0,0,0,3307937,3308081
202607092006,e2e_trace_v3,5096,72191326434624286,0,perception.pointcloud_map_based_roi,out,91478097413376,1,/perception/lidar/pointcloud_map_based_roi,0,0,1783598828687838359,0,0,0,3307937,3308081
202607092006,e2e_trace_v3,5112,72191326434624287,0,perception.pointcloud_map_based_roi,in,91478195530048,1,/perception/lidar/pointcloud_preprocess,0,0,1783598828787709233,0,0,0,3307937,3308088
202607092006,e2e_trace_v3,5113,72191326434624287,0,perception.pointcloud_map_based_roi,out,91478197734112,1,/perception/lidar/pointcloud_map_based_roi,0,0,1783598828787709233,0,0,0,3307937,3308088
202607092006,e2e_trace_v3,5137,72191326434624288,0,perception.pointcloud_map_based_roi,in,91478295384224,1,/perception/lidar/pointcloud_preprocess,0,0,1783598828887662864,0,0,0,3307937,3308078
202607092006,e2e_trace_v3,5138,72191326434624288,0,perception.pointcloud_map_based_roi,out,91478297444416,1,/perception/lidar/pointcloud_map_based_roi,0,0,1783598828887662864,0,0,0,3307937,3308078
202607092006,e2e_trace_v3,5154,72191326434624289,0,perception.pointcloud_map_based_roi,in,91478395102784,1,/perception/lidar/pointcloud_preprocess,0,0,1783598828987731716,0,0,0,3307937,3308083
202607092006,e2e_trace_v3,5155,72191326434624289,0,perception.pointcloud_map_based_roi,out,91478397280704,1,/perception/lidar/pointcloud_map_based_roi,0,0,1783598828987731716,0,0,0,3307937,3308083
202607092006,e2e_trace_v3,5171,72191326434624290,0,perception.pointcloud_map_based_roi,in,91478494446848,1,/perception/lidar/pointcloud_preprocess,0,0,1783598829087627669,0,0,0,3307937,3308075
202607092006,e2e_trace_v3,5172,72191326434624290,0,perception.pointcloud_map_based_roi,out,91478496715168,1,/perception/lidar/pointcloud_map_based_roi,0,0,1783598829087627669,0,0,0,3307937,3308075
202607092006,e2e_trace_v3,5196,72191326434624291,0,perception.pointcloud_map_based_roi,in,91478594792864,1,/perception/lidar/pointcloud_preprocess,0,0,1783598829187770877,0,0,0,3307937,3308082
202607092006,e2e_trace_v3,5197,72191326434624291,0,perception.pointcloud_map_based_roi,out,91478596752736,1,/perception/lidar/pointcloud_map_based_roi,0,0,1783598829187770877,0,0,0,3307937,3308082
202607092006,e2e_trace_v3,5213,72191326434624292,0,perception.pointcloud_map_based_roi,in,91478695778016,1,/perception/lidar/pointcloud_preprocess,0,0,1783598829287777213,0,0,0,3307937,3308075
202607092006,e2e_trace_v3,5214,72191326434624292,0,perception.pointcloud_map_based_roi,out,91478697805824,1,/perception/lidar/pointcloud_map_based_roi,0,0,1783598829287777213,0,0,0,3307937,3308075
202607092006,e2e_trace_v3,5230,72191326434624293,0,perception.pointcloud_map_based_roi,in,91478796178240,1,/perception/lidar/pointcloud_preprocess,0,0,1783598829387954805,0,0,0,3307937,3308088
202607092006,e2e_trace_v3,5231,72191326434624293,0,perception.pointcloud_map_based_roi,out,91478798194624,1,/perception/lidar/pointcloud_map_based_roi,0,0,1783598829387954805,0,0,0,3307937,3308088
202607092006,e2e_trace_v3,5255,72191326434624294,0,perception.pointcloud_map_based_roi,in,91478917363136,1,/perception/lidar/pointcloud_preprocess,0,0,1783598829488285851,0,0,0,3307937,3308077
202607092006,e2e_trace_v3,5256,72191326434624294,0,perception.pointcloud_map_based_roi,out,91478920119968,1,/perception/lidar/pointcloud_map_based_roi,0,0,1783598829488285851,0,0,0,3307937,3308077
202607092006,e2e_trace_v3,5272,72191326434624295,0,perception.pointcloud_map_based_roi,in,91478996930976,1,/perception/lidar/pointcloud_preprocess,0,0,1783598829587918418,0,0,0,3307937,3308086
202607092006,e2e_trace_v3,5273,72191326434624295,0,perception.pointcloud_map_based_roi,out,91478999396096,1,/perception/lidar/pointcloud_map_based_roi,0,0,1783598829587918418,0,0,0,3307937,3308086
202607092006,e2e_trace_v3,5289,72191326434624296,0,perception.pointcloud_map_based_roi,in,91479103550144,1,/perception/lidar/pointcloud_preprocess,0,0,1783598829688195435,0,0,0,3307937,3308085
202607092006,e2e_trace_v3,5290,72191326434624296,0,perception.pointcloud_map_based_roi,out,91479105773984,1,/perception/lidar/pointcloud_map_based_roi,0,0,1783598829688195435,0,0,0,3307937,3308085
202607092006,e2e_trace_v3,5314,72191326434624297,0,perception.pointcloud_map_based_roi,in,91479197313728,1,/perception/lidar/pointcloud_preprocess,0,0,1783598829788000146,0,0,0,3307937,3308079
202607092006,e2e_trace_v3,5315,72191326434624297,0,perception.pointcloud_map_based_roi,out,91479199311040,1,/perception/lidar/pointcloud_map_based_roi,0,0,1783598829788000146,0,0,0,3307937,3308079
202607092006,e2e_trace_v3,5330,72191326434624298,0,perception.pointcloud_map_based_roi,in,91479296729600,1,/perception/lidar/pointcloud_preprocess,0,0,1783598829887934421,0,0,0,3307937,3308086
202607092006,e2e_trace_v3,5332,72191326434624298,0,perception.pointcloud_map_based_roi,out,91479298866848,1,/perception/lidar/pointcloud_map_based_roi,0,0,1783598829887934421,0,0,0,3307937,3308086
202607092006,e2e_trace_v3,5348,72191326434624299,0,perception.pointcloud_map_based_roi,in,91479395879072,1,/perception/lidar/pointcloud_preprocess,0,0,1783598829987975592,0,0,0,3307937,3308075
202607092006,e2e_trace_v3,5349,72191326434624299,0,perception.pointcloud_map_based_roi,out,91479397661088,1,/perception/lidar/pointcloud_map_based_roi,0,0,1783598829987975592,0,0,0,3307937,3308075
202607092006,e2e_trace_v3,5364,72191326434624300,0,perception.pointcloud_map_based_roi,in,91479496416640,1,/perception/lidar/pointcloud_preprocess,0,0,1783598830088036394,0,0,0,3307937,3308079
202607092006,e2e_trace_v3,5366,72191326434624300,0,perception.pointcloud_map_based_roi,out,91479498290208,1,/perception/lidar/pointcloud_map_based_roi,0,0,1783598830088036394,0,0,0,3307937,3308079
202607092006,e2e_trace_v3,5390,72191326434624301,0,perception.pointcloud_map_based_roi,in,91479625631584,1,/perception/lidar/pointcloud_preprocess,0,0,1783598830188538703,0,0,0,3307937,3308075
202607092006,e2e_trace_v3,5391,72191326434624301,0,perception.pointcloud_map_based_roi,out,91479627559008,1,/perception/lidar/pointcloud_map_based_roi,0,0,1783598830188538703,0,0,0,3307937,3308075
202607092006,e2e_trace_v3,5407,72191326434624302,0,perception.pointcloud_map_based_roi,in,91479698468160,1,/perception/lidar/pointcloud_preprocess,0,0,1783598830287834634,0,0,0,3307937,3308081
202607092006,e2e_trace_v3,5408,72191326434624302,0,perception.pointcloud_map_based_roi,out,91479700526080,1,/perception/lidar/pointcloud_map_based_roi,0,0,1783598830287834634,0,0,0,3307937,3308081
202607092006,e2e_trace_v3,5424,72191326434624303,0,perception.pointcloud_map_based_roi,in,91479795023904,1,/perception/lidar/pointcloud_preprocess,0,0,1783598830387910094,0,0,0,3307937,3308079
202607092006,e2e_trace_v3,5425,72191326434624303,0,perception.pointcloud_map_based_roi,out,91479797161824,1,/perception/lidar/pointcloud_map_based_roi,0,0,1783598830387910094,0,0,0,3307937,3308079
202607092006,e2e_trace_v3,5449,72191326434624304,0,perception.pointcloud_map_based_roi,in,91479895946304,1,/perception/lidar/pointcloud_preprocess,0,0,1783598830487902482,0,0,0,3307937,3308086
202607092006,e2e_trace_v3,5450,72191326434624304,0,perception.pointcloud_map_based_roi,out,91479898035840,1,/perception/lidar/pointcloud_map_based_roi,0,0,1783598830487902482,0,0,0,3307937,3308086
202607092006,e2e_trace_v3,5466,72191326434624305,0,perception.pointcloud_map_based_roi,in,91479995166336,1,/perception/lidar/pointcloud_preprocess,0,0,1783598830587770973,0,0,0,3307937,3308087
202607092006,e2e_trace_v3,5467,72191326434624305,0,perception.pointcloud_map_based_roi,out,91479997725248,1,/perception/lidar/pointcloud_map_based_roi,0,0,1783598830587770973,0,0,0,3307937,3308087
202607092006,e2e_trace_v3,5483,72191326434624306,0,perception.pointcloud_map_based_roi,in,91480096534144,1,/perception/lidar/pointcloud_preprocess,0,0,1783598830687676432,0,0,0,3307937,3308083
202607092006,e2e_trace_v3,5484,72191326434624306,0,perception.pointcloud_map_based_roi,out,91480099493536,1,/perception/lidar/pointcloud_map_based_roi,0,0,1783598830687676432,0,0,0,3307937,3308083
202607092006,e2e_trace_v3,5508,72191326434624307,0,perception.pointcloud_map_based_roi,in,91480195992288,1,/perception/lidar/pointcloud_preprocess,0,0,1783598830787982572,0,0,0,3307937,3308074
202607092006,e2e_trace_v3,5509,72191326434624307,0,perception.pointcloud_map_based_roi,out,91480197943072,1,/perception/lidar/pointcloud_map_based_roi,0,0,1783598830787982572,0,0,0,3307937,3308074
202607092006,e2e_trace_v3,5525,72191326434624308,0,perception.pointcloud_map_based_roi,in,91480308312864,1,/perception/lidar/pointcloud_preprocess,0,0,1783598830887634600,0,0,0,3307937,3308073
202607092006,e2e_trace_v3,5526,72191326434624308,0,perception.pointcloud_map_based_roi,out,91480310248160,1,/perception/lidar/pointcloud_map_based_roi,0,0,1783598830887634600,0,0,0,3307937,3308073
202607092006,e2e_trace_v3,5542,72191326434624309,0,perception.pointcloud_map_based_roi,in,91480395802944,1,/perception/lidar/pointcloud_preprocess,0,0,1783598830987905191,0,0,0,3307937,3308076
202607092006,e2e_trace_v3,5543,72191326434624309,0,perception.pointcloud_map_based_roi,out,91480397842368,1,/perception/lidar/pointcloud_map_based_roi,0,0,1783598830987905191,0,0,0,3307937,3308076
202607092006,e2e_trace_v3,5567,72191326434624310,0,perception.pointcloud_map_based_roi,in,91480496325248,1,/perception/lidar/pointcloud_preprocess,0,0,1783598831088554704,0,0,0,3307937,3308073
202607092006,e2e_trace_v3,5568,72191326434624310,0,perception.pointcloud_map_based_roi,out,91480498427008,1,/perception/lidar/pointcloud_map_based_roi,0,0,1783598831088554704,0,0,0,3307937,3308073
202607092006,e2e_trace_v3,5584,72191326434624311,0,perception.pointcloud_map_based_roi,in,91480596826368,1,/perception/lidar/pointcloud_preprocess,0,0,1783598831188390096,0,0,0,3307937,3308087
202607092006,e2e_trace_v3,5585,72191326434624311,0,perception.pointcloud_map_based_roi,out,91480599429376,1,/perception/lidar/pointcloud_map_based_roi,0,0,1783598831188390096,0,0,0,3307937,3308087
202607092006,e2e_trace_v3,5609,72191326434624312,0,perception.pointcloud_map_based_roi,in,91480696557472,1,/perception/lidar/pointcloud_preprocess,0,0,1783598831287626380,0,0,0,3307937,3308077
202607092006,e2e_trace_v3,5610,72191326434624312,0,perception.pointcloud_map_based_roi,out,91480698736992,1,/perception/lidar/pointcloud_map_based_roi,0,0,1783598831287626380,0,0,0,3307937,3308077
202607092006,e2e_trace_v3,5626,72191326434624313,0,perception.pointcloud_map_based_roi,in,91480803235456,1,/perception/lidar/pointcloud_preprocess,0,0,1783598831388008528,0,0,0,3307937,3308078
202607092006,e2e_trace_v3,5627,72191326434624313,0,perception.pointcloud_map_based_roi,out,91480805437696,1,/perception/lidar/pointcloud_map_based_roi,0,0,1783598831388008528,0,0,0,3307937,3308078
202607092006,e2e_trace_v3,5651,72191326434624314,0,perception.pointcloud_map_based_roi,in,91480917620736,1,/perception/lidar/pointcloud_preprocess,0,0,1783598831487734025,0,0,0,3307937,3308079
202607092006,e2e_trace_v3,5652,72191326434624314,0,perception.pointcloud_map_based_roi,out,91480919473696,1,/perception/lidar/pointcloud_map_based_roi,0,0,1783598831487734025,0,0,0,3307937,3308079
202607092006,e2e_trace_v3,5668,72191326434624315,0,perception.pointcloud_map_based_roi,in,91480996061952,1,/perception/lidar/pointcloud_preprocess,0,0,1783598831587785479,0,0,0,3307937,3308085
202607092006,e2e_trace_v3,5669,72191326434624315,0,perception.pointcloud_map_based_roi,out,91480997841408,1,/perception/lidar/pointcloud_map_based_roi,0,0,1783598831587785479,0,0,0,3307937,3308085
202607092006,e2e_trace_v3,5693,72191326434624316,0,perception.pointcloud_map_based_roi,in,91481095284512,1,/perception/lidar/pointcloud_preprocess,0,0,1783598831687848069,0,0,0,3307937,3308083
202607092006,e2e_trace_v3,5694,72191326434624316,0,perception.pointcloud_map_based_roi,out,91481097182112,1,/perception/lidar/pointcloud_map_based_roi,0,0,1783598831687848069,0,0,0,3307937,3308083
202607092006,e2e_trace_v3,5710,72191326434624317,0,perception.pointcloud_map_based_roi,in,91481195479200,1,/perception/lidar/pointcloud_preprocess,0,0,1783598831788248328,0,0,0,3307937,3308078
202607092006,e2e_trace_v3,5711,72191326434624317,0,perception.pointcloud_map_based_roi,out,91481197422816,1,/perception/lidar/pointcloud_map_based_roi,0,0,1783598831788248328,0,0,0,3307937,3308078
202607092006,e2e_trace_v3,5735,72191326434624318,0,perception.pointcloud_map_based_roi,in,91481297388640,1,/perception/lidar/pointcloud_preprocess,0,0,1783598831887852895,0,0,0,3307937,3308085
202607092006,e2e_trace_v3,5736,72191326434624318,0,perception.pointcloud_map_based_roi,out,91481299548768,1,/perception/lidar/pointcloud_map_based_roi,0,0,1783598831887852895,0,0,0,3307937,3308085
202607092006,e2e_trace_v3,5752,72191326434624319,0,perception.pointcloud_map_based_roi,in,91481395535744,1,/perception/lidar/pointcloud_preprocess,0,0,1783598831987880809,0,0,0,3307937,3308086
202607092006,e2e_trace_v3,5753,72191326434624319,0,perception.pointcloud_map_based_roi,out,91481397471872,1,/perception/lidar/pointcloud_map_based_roi,0,0,1783598831987880809,0,0,0,3307937,3308086
202607092006,e2e_trace_v3,5777,72191326434624320,0,perception.pointcloud_map_based_roi,in,91481494679552,1,/perception/lidar/pointcloud_preprocess,0,0,1783598832087891957,0,0,0,3307937,3308083
202607092006,e2e_trace_v3,5779,72191326434624320,0,perception.pointcloud_map_based_roi,out,91481499108256,1,/perception/lidar/pointcloud_map_based_roi,0,0,1783598832087891957,0,0,0,3307937,3308083
202607092006,e2e_trace_v3,5794,72191326434624321,0,perception.pointcloud_map_based_roi,in,91481594905728,1,/perception/lidar/pointcloud_preprocess,0,0,1783598832187694428,0,0,0,3307937,3308085
202607092006,e2e_trace_v3,5795,72191326434624321,0,perception.pointcloud_map_based_roi,out,91481597194048,1,/perception/lidar/pointcloud_map_based_roi,0,0,1783598832187694428,0,0,0,3307937,3308085
202607092006,e2e_trace_v3,5819,72191326434624322,0,perception.pointcloud_map_based_roi,in,91481695771200,1,/perception/lidar/pointcloud_preprocess,0,0,1783598832287811193,0,0,0,3307937,3308073
202607092006,e2e_trace_v3,5820,72191326434624322,0,perception.pointcloud_map_based_roi,out,91481698302112,1,/perception/lidar/pointcloud_map_based_roi,0,0,1783598832287811193,0,0,0,3307937,3308073
202607092006,e2e_trace_v3,5835,72191326434624323,0,perception.pointcloud_map_based_roi,in,91481796397216,1,/perception/lidar/pointcloud_preprocess,0,0,1783598832387717250,0,0,0,3307937,3308080
202607092006,e2e_trace_v3,5837,72191326434624323,0,perception.pointcloud_map_based_roi,out,91481798421536,1,/perception/lidar/pointcloud_map_based_roi,0,0,1783598832387717250,0,0,0,3307937,3308080
