run_id,schema_version,event_id,trace_id,proc_id,module,edge,mono_ns,trace_valid,channel,input_seq,output_seq,data_ts_ns,object_count,primary_parent_trace_id,parent_trace_count,pid,tid
202607271206,e2e_trace_v3,0,17293833482614604474,0,prediction,in,6006719073920,1,/apollo/perception/obstacles,736,0,1785125187119054616,0,72068507549827808,2,657892,657977
202607271206,e2e_trace_v3,11,17293833482614604474,0,prediction,out,6006727150048,1,/apollo/prediction,0,464,1785125187119054616,0,72068507549827808,2,657892,657977
202607271206,e2e_trace_v3,12,17293833482614604475,0,prediction,in,6006811222176,1,/apollo/perception/obstacles,737,0,1785125187219287231,0,72068507549827809,2,657892,657967
202607271206,e2e_trace_v3,23,17293833482614604475,0,prediction,out,6006813902432,1,/apollo/prediction,0,465,1785125187219287231,0,72068507549827809,2,657892,657967
202607271206,e2e_trace_v3,24,17293833482614604476,0,prediction,in,6006919518432,1,/apollo/perception/obstacles,738,0,1785125187319497251,0,72068507549827810,2,657892,657974
202607271206,e2e_trace_v3,35,17293833482614604476,0,prediction,out,6006931152288,1,/apollo/prediction,0,466,1785125187319497251,0,72068507549827810,2,657892,657974
202607271206,e2e_trace_v3,36,17293833482614604477,0,prediction,in,6007013184544,1,/apollo/perception/obstacles,739,0,1785125187419669972,0,72068507549827811,2,657892,657976
202607271206,e2e_trace_v3,47,17293833482614604477,0,prediction,out,6007023179232,1,/apollo/prediction,0,467,1785125187419669972,0,72068507549827811,2,657892,657976
202607271206,e2e_trace_v3,48,17293833482614604478,0,prediction,in,6007125977472,1,/apollo/perception/obstacles,740,0,1785125187518464909,0,72068507549827812,2,657892,657967
202607271206,e2e_trace_v3,59,17293833482614604478,0,prediction,out,6007128640544,1,/apollo/prediction,0,468,1785125187518464909,0,72068507549827812,2,657892,657967
202607271206,e2e_trace_v3,60,17293833482614604479,0,prediction,in,6007219357536,1,/apollo/perception/obstacles,741,0,1785125187618475219,0,72068507549827813,1,657892,657972
202607271206,e2e_trace_v3,71,17293833482614604479,0,prediction,out,6007222310048,1,/apollo/prediction,0,469,1785125187618475219,0,72068507549827813,1,657892,657972
202607271206,e2e_trace_v3,72,17293833482614604480,0,prediction,in,6007313338048,1,/apollo/perception/obstacles,742,0,1785125187718453594,0,72068507549827814,2,657892,657971
202607271206,e2e_trace_v3,83,17293833482614604480,0,prediction,out,6007319300448,1,/apollo/prediction,0,470,1785125187718453594,0,72068507549827814,2,657892,657971
202607271206,e2e_trace_v3,84,17293833482614604481,0,prediction,in,6007412011456,1,/apollo/perception/obstacles,743,0,1785125187818534560,0,72068507549827815,2,657892,657963
202607271206,e2e_trace_v3,95,17293833482614604481,0,prediction,out,6007419111520,1,/apollo/prediction,0,471,1785125187818534560,0,72068507549827815,2,657892,657963
202607271206,e2e_trace_v3,96,17293833482614604482,0,prediction,in,6007512607616,1,/apollo/perception/obstacles,744,0,1785125187919243463,0,72068507549827816,2,657892,657967
202607271206,e2e_trace_v3,107,17293833482614604482,0,prediction,out,6007519166752,1,/apollo/prediction,0,472,1785125187919243463,0,72068507549827816,2,657892,657967
202607271206,e2e_trace_v3,108,17293833482614604483,0,prediction,in,6007608012576,1,/apollo/perception/obstacles,745,0,1785125188018623874,0,72068507549827817,2,657892,657975
202607271206,e2e_trace_v3,119,17293833482614604483,0,prediction,out,6007610580768,1,/apollo/prediction,0,473,1785125188018623874,0,72068507549827817,2,657892,657975
202607271206,e2e_trace_v3,120,17293833482614604484,0,prediction,in,6007722326208,1,/apollo/perception/obstacles,746,0,1785125188118648979,0,72068507549827818,2,657892,657967
202607271206,e2e_trace_v3,131,17293833482614604484,0,prediction,out,6007727359328,1,/apollo/prediction,0,474,1785125188118648979,0,72068507549827818,2,657892,657967
202607271206,e2e_trace_v3,132,17293833482614604485,0,prediction,in,6007825295744,1,/apollo/perception/obstacles,747,0,1785125188219844568,0,72068507549827819,2,657892,657969
202607271206,e2e_trace_v3,143,17293833482614604485,0,prediction,out,6007831154240,1,/apollo/prediction,0,475,1785125188219844568,0,72068507549827819,2,657892,657969
202607271206,e2e_trace_v3,144,17293833482614604486,0,prediction,in,6007922687872,1,/apollo/perception/obstacles,748,0,1785125188319058274,0,72068507549827820,2,657892,657968
202607271206,e2e_trace_v3,155,17293833482614604486,0,prediction,out,6007931099584,1,/apollo/prediction,0,476,1785125188319058274,0,72068507549827820,2,657892,657968
202607271206,e2e_trace_v3,156,17293833482614604487,0,prediction,in,6008017538720,1,/apollo/perception/obstacles,749,0,1785125188418782871,0,72068507549827821,2,657892,657976
202607271206,e2e_trace_v3,167,17293833482614604487,0,prediction,out,6008020433536,1,/apollo/prediction,0,477,1785125188418782871,0,72068507549827821,2,657892,657976
202607271206,e2e_trace_v3,168,17293833482614604488,0,prediction,in,6008124342496,1,/apollo/perception/obstacles,750,0,1785125188519419168,0,72068507549827822,1,657892,657977
202607271206,e2e_trace_v3,179,17293833482614604488,0,prediction,out,6008127305088,1,/apollo/prediction,0,478,1785125188519419168,0,72068507549827822,1,657892,657977
202607271206,e2e_trace_v3,180,17293833482614604489,0,prediction,in,6008215112448,1,/apollo/perception/obstacles,751,0,1785125188618455772,0,72068507549827823,2,657892,657974
202607271206,e2e_trace_v3,191,17293833482614604489,0,prediction,out,6008219117120,1,/apollo/prediction,0,479,1785125188618455772,0,72068507549827823,2,657892,657974
202607271206,e2e_trace_v3,192,17293833482614604490,0,prediction,in,6008322194368,1,/apollo/perception/obstacles,752,0,1785125188718679840,0,72068507549827824,2,657892,657972
202607271206,e2e_trace_v3,203,17293833482614604490,0,prediction,out,6008325097472,1,/apollo/prediction,0,480,1785125188718679840,0,72068507549827824,2,657892,657972
202607271206,e2e_trace_v3,204,17293833482614604491,0,prediction,in,6008421725568,1,/apollo/perception/obstacles,753,0,1785125188818453880,0,72068507549827825,2,657892,657967
202607271206,e2e_trace_v3,215,17293833482614604491,0,prediction,out,6008424623744,1,/apollo/prediction,0,481,1785125188818453880,0,72068507549827825,2,657892,657967
202607271206,e2e_trace_v3,216,17293833482614604492,0,prediction,in,6008519938208,1,/apollo/perception/obstacles,754,0,1785125188919478336,0,72068507549827826,2,657892,657971
202607271206,e2e_trace_v3,227,17293833482614604492,0,prediction,out,6008522356352,1,/apollo/prediction,0,482,1785125188919478336,0,72068507549827826,2,657892,657971
202607271206,e2e_trace_v3,228,17293833482614604493,0,prediction,in,6008622950944,1,/apollo/perception/obstacles,755,0,1785125189019142168,0,72068507549827827,2,657892,657976
202607271206,e2e_trace_v3,239,17293833482614604493,0,prediction,out,6008625516960,1,/apollo/prediction,0,483,1785125189019142168,0,72068507549827827,2,657892,657976
202607271206,e2e_trace_v3,240,17293833482614604494,0,prediction,in,6008711753408,1,/apollo/perception/obstacles,756,0,1785125189118593716,0,72068507549827828,2,657892,657970
202607271206,e2e_trace_v3,251,17293833482614604494,0,prediction,out,6008723462816,1,/apollo/prediction,0,484,1785125189118593716,0,72068507549827828,2,657892,657970
202607271206,e2e_trace_v3,252,17293833482614604495,0,prediction,in,6008821864160,1,/apollo/perception/obstacles,757,0,1785125189219183464,0,72068507549827829,2,657892,657976
202607271206,e2e_trace_v3,263,17293833482614604495,0,prediction,out,6008827198880,1,/apollo/prediction,0,485,1785125189219183464,0,72068507549827829,2,657892,657976
202607271206,e2e_trace_v3,264,17293833482614604496,0,prediction,in,6008920134240,1,/apollo/perception/obstacles,758,0,1785125189318503229,0,72068507549827830,2,657892,657978
202607271206,e2e_trace_v3,275,17293833482614604496,0,prediction,out,6008927827392,1,/apollo/prediction,0,486,1785125189318503229,0,72068507549827830,2,657892,657978
202607271206,e2e_trace_v3,276,17293833482614604497,0,prediction,in,6009015572992,1,/apollo/perception/obstacles,759,0,1785125189418717354,0,72068507549827831,2,657892,657964
202607271206,e2e_trace_v3,287,17293833482614604497,0,prediction,out,6009018077152,1,/apollo/prediction,0,487,1785125189418717354,0,72068507549827831,2,657892,657964
202607271206,e2e_trace_v3,288,17293833482614604498,0,prediction,in,6009111223904,1,/apollo/perception/obstacles,760,0,1785125189519153328,0,72068507549827832,2,657892,657977
202607271206,e2e_trace_v3,299,17293833482614604498,0,prediction,out,6009114069216,1,/apollo/prediction,0,488,1785125189519153328,0,72068507549827832,2,657892,657977
202607271206,e2e_trace_v3,300,17293833482614604499,0,prediction,in,6009221111904,1,/apollo/perception/obstacles,761,0,1785125189619268128,0,72068507549827833,2,657892,657968
202607271206,e2e_trace_v3,311,17293833482614604499,0,prediction,out,6009227242272,1,/apollo/prediction,0,489,1785125189619268128,0,72068507549827833,2,657892,657968
202607271206,e2e_trace_v3,312,17293833482614604500,0,prediction,in,6009329580992,1,/apollo/perception/obstacles,762,0,1785125189719498564,0,72068507549827834,2,657892,657974
202607271206,e2e_trace_v3,323,17293833482614604500,0,prediction,out,6009332502944,1,/apollo/prediction,0,490,1785125189719498564,0,72068507549827834,2,657892,657974
202607271206,e2e_trace_v3,324,17293833482614604501,0,prediction,in,6009428964512,1,/apollo/perception/obstacles,763,0,1785125189819053003,0,72068507549827835,2,657892,657965
202607271206,e2e_trace_v3,335,17293833482614604501,0,prediction,out,6009443204128,1,/apollo/prediction,0,491,1785125189819053003,0,72068507549827835,2,657892,657965
202607271206,e2e_trace_v3,336,17293833482614604502,0,prediction,in,6009516436704,1,/apollo/perception/obstacles,764,0,1785125189919006987,0,72068507549827836,2,657892,657977
202607271206,e2e_trace_v3,347,17293833482614604502,0,prediction,out,6009519068256,1,/apollo/prediction,0,492,1785125189919006987,0,72068507549827836,2,657892,657977
202607271206,e2e_trace_v3,348,17293833482614604503,0,prediction,in,6009644926560,1,/apollo/perception/obstacles,765,0,1785125190018713984,0,72068507549827837,2,657892,657963
202607271206,e2e_trace_v3,359,17293833482614604503,0,prediction,out,6009648266784,1,/apollo/prediction,0,493,1785125190018713984,0,72068507549827837,2,657892,657963
202607271206,e2e_trace_v3,360,17293833482614604504,0,prediction,in,6009747969152,1,/apollo/perception/obstacles,766,0,1785125190130871503,0,72068507549827838,2,657892,657966
202607271206,e2e_trace_v3,371,17293833482614604504,0,prediction,out,6009751330656,1,/apollo/prediction,0,494,1785125190130871503,0,72068507549827838,2,657892,657966
202607271206,e2e_trace_v3,372,17293833482614604505,0,prediction,in,6009850697600,1,/apollo/perception/obstacles,767,0,1785125190236040259,0,72068507549827839,2,657892,657978
202607271206,e2e_trace_v3,383,17293833482614604505,0,prediction,out,6009853788000,1,/apollo/prediction,0,495,1785125190236040259,0,72068507549827839,2,657892,657978
202607271206,e2e_trace_v3,384,17293833482614604506,0,prediction,in,6009934519584,1,/apollo/perception/obstacles,768,0,1785125190323446284,0,72068507549827840,2,657892,657976
202607271206,e2e_trace_v3,395,17293833482614604506,0,prediction,out,6009937267200,1,/apollo/prediction,0,496,1785125190323446284,0,72068507549827840,2,657892,657976
202607271206,e2e_trace_v3,396,17293833482614604507,0,prediction,in,6010027201056,1,/apollo/perception/obstacles,769,0,1785125190418993675,0,72068507549827841,2,657892,657965
202607271206,e2e_trace_v3,407,17293833482614604507,0,prediction,out,6010031422752,1,/apollo/prediction,0,497,1785125190418993675,0,72068507549827841,2,657892,657965
202607271206,e2e_trace_v3,408,17293833482614604508,0,prediction,in,6010120901728,1,/apollo/perception/obstacles,770,0,1785125190518696858,0,72068507549827842,2,657892,657974
202607271206,e2e_trace_v3,419,17293833482614604508,0,prediction,out,6010123476352,1,/apollo/prediction,0,498,1785125190518696858,0,72068507549827842,2,657892,657974
202607271206,e2e_trace_v3,420,17293833482614604509,0,prediction,in,6010216474944,1,/apollo/perception/obstacles,771,0,1785125190619418431,0,72068507549827843,2,657892,657967
202607271206,e2e_trace_v3,431,17293833482614604509,0,prediction,out,6010219209920,1,/apollo/prediction,0,499,1785125190619418431,0,72068507549827843,2,657892,657967
202607271206,e2e_trace_v3,432,17293833482614604510,0,prediction,in,6010312438208,1,/apollo/perception/obstacles,772,0,1785125190718501876,0,72068507549827844,2,657892,657963
202607271206,e2e_trace_v3,443,17293833482614604510,0,prediction,out,6010316721376,1,/apollo/prediction,0,500,1785125190718501876,0,72068507549827844,2,657892,657963
202607271206,e2e_trace_v3,444,17293833482614604511,0,prediction,in,6010429921408,1,/apollo/perception/obstacles,773,0,1785125190818400261,0,72068507549827845,2,657892,657972
202607271206,e2e_trace_v3,455,17293833482614604511,0,prediction,out,6010433391936,1,/apollo/prediction,0,501,1785125190818400261,0,72068507549827845,2,657892,657972
202607271206,e2e_trace_v3,456,17293833482614604512,0,prediction,in,6010521150272,1,/apollo/perception/obstacles,774,0,1785125190918542037,0,72068507549827846,2,657892,657974
202607271206,e2e_trace_v3,467,17293833482614604512,0,prediction,out,6010526897184,1,/apollo/prediction,0,502,1785125190918542037,0,72068507549827846,2,657892,657974
202607271206,e2e_trace_v3,468,17293833482614604513,0,prediction,in,6010615393664,1,/apollo/perception/obstacles,775,0,1785125191018582173,0,72068507549827847,2,657892,657972
202607271206,e2e_trace_v3,479,17293833482614604513,0,prediction,out,6010619075232,1,/apollo/prediction,0,503,1785125191018582173,0,72068507549827847,2,657892,657972
202607271206,e2e_trace_v3,480,17293833482614604514,0,prediction,in,6010710467168,1,/apollo/perception/obstacles,776,0,1785125191118784162,0,72068507549827848,2,657892,657973
202607271206,e2e_trace_v3,491,17293833482614604514,0,prediction,out,6010715087392,1,/apollo/prediction,0,504,1785125191118784162,0,72068507549827848,2,657892,657973
202607271206,e2e_trace_v3,492,17293833482614604515,0,prediction,in,6010822204320,1,/apollo/perception/obstacles,777,0,1785125191218500861,0,72068507549827849,2,657892,657967
202607271206,e2e_trace_v3,503,17293833482614604515,0,prediction,out,6010825098944,1,/apollo/prediction,0,505,1785125191218500861,0,72068507549827849,2,657892,657967
202607271206,e2e_trace_v3,504,17293833482614604516,0,prediction,in,6010927080480,1,/apollo/perception/obstacles,778,0,1785125191318729709,0,72068507549827850,2,657892,657968
202607271206,e2e_trace_v3,515,17293833482614604516,0,prediction,out,6010929922016,1,/apollo/prediction,0,506,1785125191318729709,0,72068507549827850,2,657892,657968
202607271206,e2e_trace_v3,516,17293833482614604517,0,prediction,in,6011021414080,1,/apollo/perception/obstacles,779,0,1785125191419153321,0,72068507549827851,2,657892,657970
202607271206,e2e_trace_v3,527,17293833482614604517,0,prediction,out,6011024071712,1,/apollo/prediction,0,507,1785125191419153321,0,72068507549827851,2,657892,657970
202607271206,e2e_trace_v3,528,17293833482614604518,0,prediction,in,6011114780608,1,/apollo/perception/obstacles,780,0,1785125191518478841,0,72068507549827852,2,657892,657968
202607271206,e2e_trace_v3,539,17293833482614604518,0,prediction,out,6011117381088,1,/apollo/prediction,0,508,1785125191518478841,0,72068507549827852,2,657892,657968
202607271206,e2e_trace_v3,540,17293833482614604519,0,prediction,in,6011211017440,1,/apollo/perception/obstacles,781,0,1785125191618521474,0,72068507549827853,2,657892,657969
202607271206,e2e_trace_v3,551,17293833482614604519,0,prediction,out,6011213920160,1,/apollo/prediction,0,509,1785125191618521474,0,72068507549827853,2,657892,657969
202607271206,e2e_trace_v3,552,17293833482614604520,0,prediction,in,6011315994240,1,/apollo/perception/obstacles,782,0,1785125191718545816,0,72068507549827854,2,657892,657968
202607271206,e2e_trace_v3,563,17293833482614604520,0,prediction,out,6011323085568,1,/apollo/prediction,0,510,1785125191718545816,0,72068507549827854,2,657892,657968
202607271206,e2e_trace_v3,564,17293833482614604521,0,prediction,in,6011413805280,1,/apollo/perception/obstacles,783,0,1785125191818855695,0,72068507549827855,2,657892,657966
202607271206,e2e_trace_v3,575,17293833482614604521,0,prediction,out,6011416845536,1,/apollo/prediction,0,511,1785125191818855695,0,72068507549827855,2,657892,657966
202607271206,e2e_trace_v3,576,17293833482614604522,0,prediction,in,6011522238016,1,/apollo/perception/obstacles,784,0,1785125191918872865,0,72068507549827856,2,657892,657975
202607271206,e2e_trace_v3,587,17293833482614604522,0,prediction,out,6011525701600,1,/apollo/prediction,0,512,1785125191918872865,0,72068507549827856,2,657892,657975
202607271206,e2e_trace_v3,588,17293833482614604523,0,prediction,in,6011623412704,1,/apollo/perception/obstacles,785,0,1785125192018729096,0,72068507549827857,2,657892,657966
202607271206,e2e_trace_v3,599,17293833482614604523,0,prediction,out,6011626096480,1,/apollo/prediction,0,513,1785125192018729096,0,72068507549827857,2,657892,657966
202607271206,e2e_trace_v3,600,17293833482614604524,0,prediction,in,6011722284128,1,/apollo/perception/obstacles,786,0,1785125192119158342,0,72068507549827858,2,657892,657972
202607271206,e2e_trace_v3,611,17293833482614604524,0,prediction,out,6011725062176,1,/apollo/prediction,0,514,1785125192119158342,0,72068507549827858,2,657892,657972
202607271206,e2e_trace_v3,612,17293833482614604525,0,prediction,in,6011822502912,1,/apollo/perception/obstacles,787,0,1785125192218776198,0,72068507549827859,2,657892,657974
202607271206,e2e_trace_v3,623,17293833482614604525,0,prediction,out,6011826224896,1,/apollo/prediction,0,515,1785125192218776198,0,72068507549827859,2,657892,657974
202607271206,e2e_trace_v3,624,17293833482614604526,0,prediction,in,6011944153344,1,/apollo/perception/obstacles,788,0,1785125192319277883,0,72068507549827860,2,657892,657972
202607271206,e2e_trace_v3,635,17293833482614604526,0,prediction,out,6011947224672,1,/apollo/prediction,0,516,1785125192319277883,0,72068507549827860,2,657892,657972
202607271206,e2e_trace_v3,636,17293833482614604527,0,prediction,in,6012129218144,1,/apollo/perception/obstacles,789,0,1785125192418707325,0,72068507549827861,1,657892,657975
202607271206,e2e_trace_v3,647,17293833482614604527,0,prediction,out,6012132625120,1,/apollo/prediction,0,517,1785125192418707325,0,72068507549827861,1,657892,657975
202607271206,e2e_trace_v3,648,17293833482614604528,0,prediction,in,6012321079840,1,/apollo/perception/obstacles,791,0,1785125192618610838,0,72068507549827863,2,657892,657965
202607271206,e2e_trace_v3,659,17293833482614604528,0,prediction,out,6012324582624,1,/apollo/prediction,0,518,1785125192618610838,0,72068507549827863,2,657892,657965
202607271206,e2e_trace_v3,660,17293833482614604529,0,prediction,in,6012514853024,1,/apollo/perception/obstacles,792,0,1785125192718771801,0,72068507549827864,2,657892,657966
202607271206,e2e_trace_v3,671,17293833482614604529,0,prediction,out,6012518653856,1,/apollo/prediction,0,519,1785125192718771801,0,72068507549827864,2,657892,657966
202607271206,e2e_trace_v3,672,17293833482614604530,0,prediction,in,6012719005664,1,/apollo/perception/obstacles,794,0,1785125192918651734,0,72068507549827866,2,657892,657965
202607271206,e2e_trace_v3,683,17293833482614604530,0,prediction,out,6012721692256,1,/apollo/prediction,0,520,1785125192918651734,0,72068507549827866,2,657892,657965
202607271206,e2e_trace_v3,684,17293833482614604531,0,prediction,in,6012920647232,1,/apollo/perception/obstacles,796,0,1785125193119093361,0,72068507549827868,2,657892,657971
202607271206,e2e_trace_v3,695,17293833482614604531,0,prediction,out,6012928764576,1,/apollo/prediction,0,521,1785125193119093361,0,72068507549827868,2,657892,657971
202607271206,e2e_trace_v3,696,17293833482614604532,0,prediction,in,6013128821920,1,/apollo/perception/obstacles,798,0,1785125193318693550,0,72068507549827870,2,657892,657968
202607271206,e2e_trace_v3,707,17293833482614604532,0,prediction,out,6013135179776,1,/apollo/prediction,0,522,1785125193318693550,0,72068507549827870,2,657892,657968
202607271206,e2e_trace_v3,708,17293833482614604533,0,prediction,in,6013222413696,1,/apollo/perception/obstacles,800,0,1785125193519061661,0,72068507549827872,2,657892,657973
202607271206,e2e_trace_v3,719,17293833482614604533,0,prediction,out,6013225003168,1,/apollo/prediction,0,523,1785125193519061661,0,72068507549827872,2,657892,657973
202607271206,e2e_trace_v3,720,17293833482614604534,0,prediction,in,6013314122944,1,/apollo/perception/obstacles,801,0,1785125193619112727,0,72068507549827873,2,657892,657972
202607271206,e2e_trace_v3,731,17293833482614604534,0,prediction,out,6013316861120,1,/apollo/prediction,0,524,1785125193619112727,0,72068507549827873,2,657892,657972
202607271206,e2e_trace_v3,732,17293833482614604535,0,prediction,in,6013406050240,1,/apollo/perception/obstacles,802,0,1785125193723772028,0,72068507549827874,2,657892,657963
202607271206,e2e_trace_v3,743,17293833482614604535,0,prediction,out,6013409075072,1,/apollo/prediction,0,525,1785125193723772028,0,72068507549827874,2,657892,657963
202607271206,e2e_trace_v3,744,17293833482614604536,0,prediction,in,6013498809344,1,/apollo/perception/obstacles,803,0,1785125193818425349,0,72068507549827875,2,657892,657974
202607271206,e2e_trace_v3,755,17293833482614604536,0,prediction,out,6013501409376,1,/apollo/prediction,0,526,1785125193818425349,0,72068507549827875,2,657892,657974
202607271206,e2e_trace_v3,756,17293833482614604537,0,prediction,in,6013592519360,1,/apollo/perception/obstacles,804,0,1785125193919141395,0,72068507549827876,2,657892,657968
202607271206,e2e_trace_v3,767,17293833482614604537,0,prediction,out,6013607739488,1,/apollo/prediction,0,527,1785125193919141395,0,72068507549827876,2,657892,657968
202607271206,e2e_trace_v3,768,17293833482614604538,0,prediction,in,6013687929728,1,/apollo/perception/obstacles,805,0,1785125194020059837,0,72068507549827877,2,657892,657974
202607271206,e2e_trace_v3,779,17293833482614604538,0,prediction,out,6013691059712,1,/apollo/prediction,0,528,1785125194020059837,0,72068507549827877,2,657892,657974
202607271206,e2e_trace_v3,780,17293833482614604539,0,prediction,in,6013779713536,1,/apollo/perception/obstacles,806,0,1785125194118616902,0,72068507549827878,2,657892,657966
202607271206,e2e_trace_v3,791,17293833482614604539,0,prediction,out,6013783279520,1,/apollo/prediction,0,529,1785125194118616902,0,72068507549827878,2,657892,657966
202607271206,e2e_trace_v3,792,17293833482614604540,0,prediction,in,6013868312000,1,/apollo/perception/obstacles,807,0,1785125194219461550,0,72068507549827879,2,657892,657978
202607271206,e2e_trace_v3,803,17293833482614604540,0,prediction,out,6013875473088,1,/apollo/prediction,0,530,1785125194219461550,0,72068507549827879,2,657892,657978
202607271206,e2e_trace_v3,804,17293833482614604541,0,prediction,in,6013958743488,1,/apollo/perception/obstacles,808,0,1785125194319155073,0,72068507549827880,2,657892,657977
202607271206,e2e_trace_v3,815,17293833482614604541,0,prediction,out,6013961622496,1,/apollo/prediction,0,531,1785125194319155073,0,72068507549827880,2,657892,657977
202607271206,e2e_trace_v3,816,17293833482614604542,0,prediction,in,6014048148608,1,/apollo/perception/obstacles,809,0,1785125194418979529,0,72068507549827881,2,657892,657966
202607271206,e2e_trace_v3,827,17293833482614604542,0,prediction,out,6014050876864,1,/apollo/prediction,0,532,1785125194418979529,0,72068507549827881,2,657892,657966
202607271206,e2e_trace_v3,828,17293833482614604543,0,prediction,in,6014136287232,1,/apollo/perception/obstacles,810,0,1785125194519656459,0,72068507549827882,2,657892,657975
202607271206,e2e_trace_v3,839,17293833482614604543,0,prediction,out,6014139103840,1,/apollo/prediction,0,533,1785125194519656459,0,72068507549827882,2,657892,657975
202607271206,e2e_trace_v3,840,17293833482614604544,0,prediction,in,6014224815072,1,/apollo/perception/obstacles,811,0,1785125194618942133,0,72068507549827883,2,657892,657977
202607271206,e2e_trace_v3,851,17293833482614604544,0,prediction,out,6014235010112,1,/apollo/prediction,0,534,1785125194618942133,0,72068507549827883,2,657892,657977
202607271206,e2e_trace_v3,852,17293833482614604545,0,prediction,in,6014319425952,1,/apollo/perception/obstacles,812,0,1785125194718639690,0,72068507549827884,2,657892,657968
202607271206,e2e_trace_v3,863,17293833482614604545,0,prediction,out,6014323330144,1,/apollo/prediction,0,535,1785125194718639690,0,72068507549827884,2,657892,657968
202607271206,e2e_trace_v3,864,17293833482614604546,0,prediction,in,6014432637248,1,/apollo/perception/obstacles,813,0,1785125194819532905,0,72068507549827885,2,657892,657967
202607271206,e2e_trace_v3,875,17293833482614604546,0,prediction,out,6014436084736,1,/apollo/prediction,0,536,1785125194819532905,0,72068507549827885,2,657892,657967
202607271206,e2e_trace_v3,876,17293833482614604547,0,prediction,in,6014553406464,1,/apollo/perception/obstacles,814,0,1785125194918653325,0,72068507549827886,2,657892,657968
202607271206,e2e_trace_v3,887,17293833482614604547,0,prediction,out,6014556531136,1,/apollo/prediction,0,537,1785125194918653325,0,72068507549827886,2,657892,657968
202607271206,e2e_trace_v3,888,17293833482614604548,0,prediction,in,6014641044704,1,/apollo/perception/obstacles,815,0,1785125195028510404,0,72068507549827887,2,657892,657977
202607271206,e2e_trace_v3,899,17293833482614604548,0,prediction,out,6014643763456,1,/apollo/prediction,0,538,1785125195028510404,0,72068507549827887,2,657892,657977
202607271206,e2e_trace_v3,900,17293833482614604549,0,prediction,in,6014728354528,1,/apollo/perception/obstacles,816,0,1785125195119017767,0,72068507549827888,2,657892,657974
202607271206,e2e_trace_v3,911,17293833482614604549,0,prediction,out,6014730800352,1,/apollo/prediction,0,539,1785125195119017767,0,72068507549827888,2,657892,657974
202607271206,e2e_trace_v3,912,17293833482614604550,0,prediction,in,6014815164448,1,/apollo/perception/obstacles,817,0,1785125195218620742,0,72068507549827889,2,657892,657963
202607271206,e2e_trace_v3,923,17293833482614604550,0,prediction,out,6014817862496,1,/apollo/prediction,0,540,1785125195218620742,0,72068507549827889,2,657892,657963
202607271206,e2e_trace_v3,924,17293833482614604551,0,prediction,in,6014921935296,1,/apollo/perception/obstacles,818,0,1785125195319723800,0,72068507549827890,2,657892,657977
202607271206,e2e_trace_v3,935,17293833482614604551,0,prediction,out,6014924641824,1,/apollo/prediction,0,541,1785125195319723800,0,72068507549827890,2,657892,657977
202607271206,e2e_trace_v3,936,17293833482614604552,0,prediction,in,6015028972576,1,/apollo/perception/obstacles,819,0,1785125195419158494,0,72068507549827891,2,657892,657966
202607271206,e2e_trace_v3,947,17293833482614604552,0,prediction,out,6015032520000,1,/apollo/prediction,0,542,1785125195419158494,0,72068507549827891,2,657892,657966
202607271206,e2e_trace_v3,948,17293833482614604553,0,prediction,in,6015117644576,1,/apollo/perception/obstacles,820,0,1785125195519539801,0,72068507549827892,2,657892,657968
202607271206,e2e_trace_v3,959,17293833482614604553,0,prediction,out,6015121033504,1,/apollo/prediction,0,543,1785125195519539801,0,72068507549827892,2,657892,657968
202607271206,e2e_trace_v3,960,17293833482614604554,0,prediction,in,6015221045856,1,/apollo/perception/obstacles,821,0,1785125195618392265,0,72068507549827893,2,657892,657965
202607271206,e2e_trace_v3,971,17293833482614604554,0,prediction,out,6015227096480,1,/apollo/prediction,0,544,1785125195618392265,0,72068507549827893,2,657892,657965
202607271206,e2e_trace_v3,972,17293833482614604555,0,prediction,in,6015313098464,1,/apollo/perception/obstacles,822,0,1785125195718481631,0,72068507549827894,2,657892,657964
202607271206,e2e_trace_v3,983,17293833482614604555,0,prediction,out,6015315974112,1,/apollo/prediction,0,545,1785125195718481631,0,72068507549827894,2,657892,657964
202607271206,e2e_trace_v3,984,17293833482614604556,0,prediction,in,6015415520416,1,/apollo/perception/obstacles,823,0,1785125195818772862,0,72068507549827895,2,657892,657975
202607271206,e2e_trace_v3,995,17293833482614604556,0,prediction,out,6015423189312,1,/apollo/prediction,0,546,1785125195818772862,0,72068507549827895,2,657892,657975
202607271206,e2e_trace_v3,996,17293833482614604557,0,prediction,in,6015520072672,1,/apollo/perception/obstacles,824,0,1785125195918385633,0,72068507549827896,2,657892,657967
202607271206,e2e_trace_v3,1007,17293833482614604557,0,prediction,out,6015527500192,1,/apollo/prediction,0,547,1785125195918385633,1,72068507549827896,2,657892,657967
202607271206,e2e_trace_v3,1008,17293833482614604558,0,prediction,in,6015638818464,1,/apollo/perception/obstacles,825,0,1785125196018500704,0,72068507549827897,2,657892,657970
202607271206,e2e_trace_v3,1019,17293833482614604558,0,prediction,out,6015653035232,1,/apollo/prediction,0,548,1785125196018500704,1,72068507549827897,2,657892,657970
202607271206,e2e_trace_v3,1020,17293833482614604559,0,prediction,in,6015723973568,1,/apollo/perception/obstacles,826,0,1785125196119591682,0,72068507549827898,2,657892,657966
202607271206,e2e_trace_v3,1031,17293833482614604559,0,prediction,out,6015739044544,1,/apollo/prediction,0,549,1785125196119591682,0,72068507549827898,2,657892,657966
202607271206,e2e_trace_v3,1032,17293833482614604560,0,prediction,in,6015815087008,1,/apollo/perception/obstacles,827,0,1785125196218511719,0,72068507549827899,2,657892,657973
202607271206,e2e_trace_v3,1043,17293833482614604560,0,prediction,out,6015822951872,1,/apollo/prediction,0,550,1785125196218511719,0,72068507549827899,2,657892,657973
202607271206,e2e_trace_v3,1044,17293833482614604561,0,prediction,in,6015928721152,1,/apollo/perception/obstacles,828,0,1785125196318423975,0,72068507549827900,2,657892,657977
202607271206,e2e_trace_v3,1055,17293833482614604561,0,prediction,out,6015931548576,1,/apollo/prediction,0,551,1785125196318423975,0,72068507549827900,2,657892,657977
202607271206,e2e_trace_v3,1056,17293833482614604562,0,prediction,in,6016032189792,1,/apollo/perception/obstacles,829,0,1785125196418487407,0,72068507549827901,2,657892,657964
202607271206,e2e_trace_v3,1067,17293833482614604562,0,prediction,out,6016035028384,1,/apollo/prediction,0,552,1785125196418487407,0,72068507549827901,2,657892,657964
202607271206,e2e_trace_v3,1068,17293833482614604563,0,prediction,in,6016132608512,1,/apollo/perception/obstacles,830,0,1785125196519783612,0,72068507549827902,2,657892,657970
202607271206,e2e_trace_v3,1079,17293833482614604563,0,prediction,out,6016135146400,1,/apollo/prediction,0,553,1785125196519783612,0,72068507549827902,2,657892,657970
202607271206,e2e_trace_v3,1080,17293833482614604564,0,prediction,in,6016222922944,1,/apollo/perception/obstacles,831,0,1785125196618649890,0,72068507549827903,2,657892,657978
202607271206,e2e_trace_v3,1091,17293833482614604564,0,prediction,out,6016225395232,1,/apollo/prediction,0,554,1785125196618649890,0,72068507549827903,2,657892,657978
202607271206,e2e_trace_v3,1092,17293833482614604565,0,prediction,in,6016318160864,1,/apollo/perception/obstacles,832,0,1785125196719192427,0,72068507549827904,2,657892,657965
202607271206,e2e_trace_v3,1103,17293833482614604565,0,prediction,out,6016320707520,1,/apollo/prediction,0,555,1785125196719192427,0,72068507549827904,2,657892,657965
202607271206,e2e_trace_v3,1104,17293833482614604566,0,prediction,in,6016416919392,1,/apollo/perception/obstacles,833,0,1785125196818694004,0,72068507549827905,2,657892,657976
202607271206,e2e_trace_v3,1115,17293833482614604566,0,prediction,out,6016419488224,1,/apollo/prediction,0,556,1785125196818694004,0,72068507549827905,2,657892,657976
202607271206,e2e_trace_v3,1116,17293833482614604567,0,prediction,in,6016514004768,1,/apollo/perception/obstacles,834,0,1785125196919331188,0,72068507549827906,2,657892,657967
202607271206,e2e_trace_v3,1127,17293833482614604567,0,prediction,out,6016516477600,1,/apollo/prediction,0,557,1785125196919331188,0,72068507549827906,2,657892,657967
202607271206,e2e_trace_v3,1128,17293833482614604568,0,prediction,in,6016609181664,1,/apollo/perception/obstacles,835,0,1785125197018538856,0,72068507549827907,2,657892,657969
202607271206,e2e_trace_v3,1139,17293833482614604568,0,prediction,out,6016615167584,1,/apollo/prediction,0,558,1785125197018538856,0,72068507549827907,2,657892,657969
202607271206,e2e_trace_v3,1140,17293833482614604569,0,prediction,in,6016717741312,1,/apollo/perception/obstacles,836,0,1785125197118907930,0,72068507549827908,2,657892,657964
202607271206,e2e_trace_v3,1151,17293833482614604569,0,prediction,out,6016720344576,1,/apollo/prediction,0,559,1785125197118907930,0,72068507549827908,2,657892,657964
202607271206,e2e_trace_v3,1152,17293833482614604570,0,prediction,in,6016811912704,1,/apollo/perception/obstacles,837,0,1785125197219494853,0,72068507549827909,2,657892,657969
202607271206,e2e_trace_v3,1163,17293833482614604570,0,prediction,out,6016815125408,1,/apollo/prediction,0,560,1785125197219494853,0,72068507549827909,2,657892,657969
202607271206,e2e_trace_v3,1164,17293833482614604571,0,prediction,in,6016920668160,1,/apollo/perception/obstacles,838,0,1785125197319588854,0,72068507549827910,2,657892,657975
202607271206,e2e_trace_v3,1175,17293833482614604571,0,prediction,out,6016924031840,1,/apollo/prediction,0,561,1785125197319588854,0,72068507549827910,2,657892,657975
202607271206,e2e_trace_v3,1176,17293833482614604572,0,prediction,in,6017016274560,1,/apollo/perception/obstacles,839,0,1785125197419381054,0,72068507549827911,2,657892,657969
202607271206,e2e_trace_v3,1187,17293833482614604572,0,prediction,out,6017023011904,1,/apollo/prediction,0,562,1785125197419381054,0,72068507549827911,2,657892,657969
202607271206,e2e_trace_v3,1188,17293833482614604573,0,prediction,in,6017122534688,1,/apollo/perception/obstacles,840,0,1785125197519482462,0,72068507549827912,2,657892,657976
202607271206,e2e_trace_v3,1199,17293833482614604573,0,prediction,out,6017125836864,1,/apollo/prediction,0,563,1785125197519482462,0,72068507549827912,2,657892,657976
202607271206,e2e_trace_v3,1200,17293833482614604574,0,prediction,in,6017216402112,1,/apollo/perception/obstacles,841,0,1785125197618609122,0,72068507549827913,2,657892,657975
202607271206,e2e_trace_v3,1211,17293833482614604574,0,prediction,out,6017219304928,1,/apollo/prediction,0,564,1785125197618609122,0,72068507549827913,2,657892,657975
202607271206,e2e_trace_v3,1212,17293833482614604575,0,prediction,in,6017319552544,1,/apollo/perception/obstacles,842,0,1785125197719499258,0,72068507549827914,2,657892,657971
202607271206,e2e_trace_v3,1223,17293833482614604575,0,prediction,out,6017323037472,1,/apollo/prediction,0,565,1785125197719499258,0,72068507549827914,2,657892,657971
202607271206,e2e_trace_v3,1224,17293833482614604576,0,prediction,in,6017430184032,1,/apollo/perception/obstacles,843,0,1785125197819167668,0,72068507549827915,1,657892,657964
202607271206,e2e_trace_v3,1235,17293833482614604576,0,prediction,out,6017433414528,1,/apollo/prediction,0,566,1785125197819167668,0,72068507549827915,1,657892,657964
202607271206,e2e_trace_v3,1236,17293833482614604577,0,prediction,in,6017519314624,1,/apollo/perception/obstacles,844,0,1785125197918918334,0,72068507549827916,2,657892,657969
202607271206,e2e_trace_v3,1247,17293833482614604577,0,prediction,out,6017522498080,1,/apollo/prediction,0,567,1785125197918918334,0,72068507549827916,2,657892,657969
202607271206,e2e_trace_v3,1248,17293833482614604578,0,prediction,in,6017621648032,1,/apollo/perception/obstacles,845,0,1785125198018885656,0,72068507549827917,2,657892,657969
202607271206,e2e_trace_v3,1259,17293833482614604578,0,prediction,out,6017627140448,1,/apollo/prediction,0,568,1785125198018885656,0,72068507549827917,2,657892,657969
202607271206,e2e_trace_v3,1260,17293833482614604579,0,prediction,in,6017722072576,1,/apollo/perception/obstacles,846,0,1785125198118541108,0,72068507549827918,2,657892,657978
202607271206,e2e_trace_v3,1271,17293833482614604579,0,prediction,out,6017724625984,1,/apollo/prediction,0,569,1785125198118541108,0,72068507549827918,2,657892,657978
202607271206,e2e_trace_v3,1272,17293833482614604580,0,prediction,in,6017806829472,1,/apollo/perception/obstacles,847,0,1785125198218668036,0,72068507549827919,2,657892,657966
202607271206,e2e_trace_v3,1283,17293833482614604580,0,prediction,out,6017809266848,1,/apollo/prediction,0,570,1785125198218668036,0,72068507549827919,2,657892,657966
202607271206,e2e_trace_v3,1284,17293833482614604581,0,prediction,in,6017909248576,1,/apollo/perception/obstacles,848,0,1785125198318693297,0,72068507549827920,2,657892,657974
202607271206,e2e_trace_v3,1295,17293833482614604581,0,prediction,out,6017911851520,1,/apollo/prediction,0,571,1785125198318693297,0,72068507549827920,2,657892,657974
202607271206,e2e_trace_v3,1296,17293833482614604582,0,prediction,in,6018016158560,1,/apollo/perception/obstacles,849,0,1785125198419357135,0,72068507549827921,2,657892,657975
202607271206,e2e_trace_v3,1307,17293833482614604582,0,prediction,out,6018018660448,1,/apollo/prediction,0,572,1785125198419357135,0,72068507549827921,2,657892,657975
202607271206,e2e_trace_v3,1308,17293833482614604583,0,prediction,in,6018126085440,1,/apollo/perception/obstacles,850,0,1785125198518785376,0,72068507549827922,2,657892,657966
202607271206,e2e_trace_v3,1319,17293833482614604583,0,prediction,out,6018134981120,1,/apollo/prediction,0,573,1785125198518785376,0,72068507549827922,2,657892,657966
202607271206,e2e_trace_v3,1320,17293833482614604584,0,prediction,in,6018245293952,1,/apollo/perception/obstacles,851,0,1785125198619500145,0,72068507549827923,2,657892,657973
202607271206,e2e_trace_v3,1331,17293833482614604584,0,prediction,out,6018249451744,1,/apollo/prediction,0,574,1785125198619500145,0,72068507549827923,2,657892,657973
202607271206,e2e_trace_v3,1332,17293833482614604585,0,prediction,in,6018331767360,1,/apollo/perception/obstacles,852,0,1785125198718676896,0,72068507549827924,2,657892,657971
202607271206,e2e_trace_v3,1343,17293833482614604585,0,prediction,out,6018334732000,1,/apollo/prediction,0,575,1785125198718676896,0,72068507549827924,2,657892,657971
202607271206,e2e_trace_v3,1344,17293833482614604586,0,prediction,in,6018434067520,1,/apollo/perception/obstacles,853,0,1785125198819291446,0,72068507549827925,2,657892,657965
202607271206,e2e_trace_v3,1355,17293833482614604586,0,prediction,out,6018443122848,1,/apollo/prediction,0,576,1785125198819291446,0,72068507549827925,2,657892,657965
202607271206,e2e_trace_v3,1356,17293833482614604587,0,prediction,in,6018522468960,1,/apollo/perception/obstacles,854,0,1785125198918804776,0,72068507549827926,2,657892,657977
202607271206,e2e_trace_v3,1367,17293833482614604587,0,prediction,out,6018535186400,1,/apollo/prediction,0,577,1785125198918804776,0,72068507549827926,2,657892,657977
202607271206,e2e_trace_v3,1368,17293833482614604588,0,prediction,in,6018631194688,1,/apollo/perception/obstacles,855,0,1785125199018580899,0,72068507549827927,2,657892,657971
202607271206,e2e_trace_v3,1379,17293833482614604588,0,prediction,out,6018633878720,1,/apollo/prediction,0,578,1785125199018580899,0,72068507549827927,2,657892,657971
202607271206,e2e_trace_v3,1380,17293833482614604589,0,prediction,in,6018721290784,1,/apollo/perception/obstacles,856,0,1785125199118917574,0,72068507549827928,2,657892,657977
202607271206,e2e_trace_v3,1391,17293833482614604589,0,prediction,out,6018724724128,1,/apollo/prediction,0,579,1785125199118917574,0,72068507549827928,2,657892,657977
202607271206,e2e_trace_v3,1392,17293833482614604590,0,prediction,in,6018822903520,1,/apollo/perception/obstacles,857,0,1785125199219139254,0,72068507549827929,2,657892,657966
202607271206,e2e_trace_v3,1403,17293833482614604590,0,prediction,out,6018825379904,1,/apollo/prediction,0,580,1785125199219139254,0,72068507549827929,2,657892,657966
202607271206,e2e_trace_v3,1404,17293833482614604591,0,prediction,in,6018911487264,1,/apollo/perception/obstacles,858,0,1785125199319212938,0,72068507549827930,2,657892,657966
202607271206,e2e_trace_v3,1415,17293833482614604591,0,prediction,out,6018915043744,1,/apollo/prediction,0,581,1785125199319212938,0,72068507549827930,2,657892,657966
202607271206,e2e_trace_v3,1416,17293833482614604592,0,prediction,in,6019018721152,1,/apollo/perception/obstacles,859,0,1785125199419242123,0,72068507549827931,2,657892,657972
202607271206,e2e_trace_v3,1427,17293833482614604592,0,prediction,out,6019022587424,1,/apollo/prediction,0,582,1785125199419242123,0,72068507549827931,2,657892,657972
202607271206,e2e_trace_v3,1428,17293833482614604593,0,prediction,in,6019116031808,1,/apollo/perception/obstacles,860,0,1785125199518423367,0,72068507549827932,2,657892,657974
202607271206,e2e_trace_v3,1439,17293833482614604593,0,prediction,out,6019118596832,1,/apollo/prediction,0,583,1785125199518423367,0,72068507549827932,2,657892,657974
202607271206,e2e_trace_v3,1440,17293833482614604594,0,prediction,in,6019216402368,1,/apollo/perception/obstacles,861,0,1785125199618554746,0,72068507549827933,2,657892,657969
202607271206,e2e_trace_v3,1451,17293833482614604594,0,prediction,out,6019218919264,1,/apollo/prediction,0,584,1785125199618554746,0,72068507549827933,2,657892,657969
202607271206,e2e_trace_v3,1452,17293833482614604595,0,prediction,in,6019312407456,1,/apollo/perception/obstacles,862,0,1785125199718525154,0,72068507549827934,2,657892,657975
202607271206,e2e_trace_v3,1463,17293833482614604595,0,prediction,out,6019315989216,1,/apollo/prediction,0,585,1785125199718525154,0,72068507549827934,2,657892,657975
202607271206,e2e_trace_v3,1464,17293833482614604596,0,prediction,in,6019421335040,1,/apollo/perception/obstacles,863,0,1785125199818463622,0,72068507549827935,2,657892,657966
202607271206,e2e_trace_v3,1475,17293833482614604596,0,prediction,out,6019423777472,1,/apollo/prediction,0,586,1785125199818463622,0,72068507549827935,2,657892,657966
202607271206,e2e_trace_v3,1476,17293833482614604597,0,prediction,in,6019520976000,1,/apollo/perception/obstacles,864,0,1785125199919089632,0,72068507549827936,2,657892,657969
202607271206,e2e_trace_v3,1487,17293833482614604597,0,prediction,out,6019526939968,1,/apollo/prediction,0,587,1785125199919089632,0,72068507549827936,2,657892,657969
202607271206,e2e_trace_v3,1488,17293833482614604598,0,prediction,in,6019623482464,1,/apollo/perception/obstacles,865,0,1785125200019227018,0,72068507549827937,2,657892,657971
202607271206,e2e_trace_v3,1499,17293833482614604598,0,prediction,out,6019626943648,1,/apollo/prediction,0,588,1785125200019227018,0,72068507549827937,2,657892,657971
202607271206,e2e_trace_v3,1500,17293833482614604599,0,prediction,in,6019725182688,1,/apollo/perception/obstacles,866,0,1785125200119463905,0,72068507549827938,2,657892,657967
202607271206,e2e_trace_v3,1511,17293833482614604599,0,prediction,out,6019731053216,1,/apollo/prediction,0,589,1785125200119463905,0,72068507549827938,2,657892,657967
202607271206,e2e_trace_v3,1512,17293833482614604600,0,prediction,in,6019814234240,1,/apollo/perception/obstacles,867,0,1785125200218627806,0,72068507549827939,2,657892,657965
202607271206,e2e_trace_v3,1523,17293833482614604600,0,prediction,out,6019816829696,1,/apollo/prediction,0,590,1785125200218627806,0,72068507549827939,2,657892,657965
202607271206,e2e_trace_v3,1524,17293833482614604601,0,prediction,in,6019920015936,1,/apollo/perception/obstacles,868,0,1785125200318563312,0,72068507549827940,2,657892,657967
202607271206,e2e_trace_v3,1535,17293833482614604601,0,prediction,out,6019927158016,1,/apollo/prediction,0,591,1785125200318563312,0,72068507549827940,2,657892,657967
202607271206,e2e_trace_v3,1536,17293833482614604602,0,prediction,in,6020013398144,1,/apollo/perception/obstacles,869,0,1785125200419121055,0,72068507549827941,2,657892,657974
202607271206,e2e_trace_v3,1547,17293833482614604602,0,prediction,out,6020018977760,1,/apollo/prediction,0,592,1785125200419121055,0,72068507549827941,2,657892,657974
202607271206,e2e_trace_v3,1548,17293833482614604603,0,prediction,in,6020114826112,1,/apollo/perception/obstacles,870,0,1785125200519162470,0,72068507549827942,2,657892,657975
202607271206,e2e_trace_v3,1559,17293833482614604603,0,prediction,out,6020117174176,1,/apollo/prediction,0,593,1785125200519162470,0,72068507549827942,2,657892,657975
202607271206,e2e_trace_v3,1560,17293833482614604604,0,prediction,in,6020210129760,1,/apollo/perception/obstacles,871,0,1785125200619178715,0,72068507549827943,2,657892,657965
202607271206,e2e_trace_v3,1571,17293833482614604604,0,prediction,out,6020215179136,1,/apollo/prediction,0,594,1785125200619178715,0,72068507549827943,2,657892,657965
202607271206,e2e_trace_v3,1572,17293833482614604605,0,prediction,in,6020312925856,1,/apollo/perception/obstacles,872,0,1785125200719565078,0,72068507549827944,2,657892,657973
202607271206,e2e_trace_v3,1583,17293833482614604605,0,prediction,out,6020315660384,1,/apollo/prediction,0,595,1785125200719565078,0,72068507549827944,2,657892,657973
202607271206,e2e_trace_v3,1584,17293833482614604606,0,prediction,in,6020422847584,1,/apollo/perception/obstacles,873,0,1785125200818545321,0,72068507549827945,2,657892,657964
202607271206,e2e_trace_v3,1595,17293833482614604606,0,prediction,out,6020425740864,1,/apollo/prediction,0,596,1785125200818545321,0,72068507549827945,2,657892,657964
202607271206,e2e_trace_v3,1596,17293833482614604607,0,prediction,in,6020528973120,1,/apollo/perception/obstacles,874,0,1785125200918634244,0,72068507549827946,2,657892,657966
202607271206,e2e_trace_v3,1607,17293833482614604607,0,prediction,out,6020532858560,1,/apollo/prediction,0,597,1785125200918634244,0,72068507549827946,2,657892,657966
202607271206,e2e_trace_v3,1608,17293833482614604608,0,prediction,in,6020617853088,1,/apollo/perception/obstacles,875,0,1785125201019011069,0,72068507549827947,2,657892,657976
202607271206,e2e_trace_v3,1619,17293833482614604608,0,prediction,out,6020620657184,1,/apollo/prediction,0,598,1785125201019011069,0,72068507549827947,2,657892,657976
202607271206,e2e_trace_v3,1620,17293833482614604609,0,prediction,in,6020712403840,1,/apollo/perception/obstacles,876,0,1785125201118567385,0,72068507549827948,2,657892,657964
202607271206,e2e_trace_v3,1631,17293833482614604609,0,prediction,out,6020715054752,1,/apollo/prediction,0,599,1785125201118567385,0,72068507549827948,2,657892,657964
202607271206,e2e_trace_v3,1632,17293833482614604610,0,prediction,in,6020817373344,1,/apollo/perception/obstacles,877,0,1785125201219306011,0,72068507549827949,2,657892,657965
202607271206,e2e_trace_v3,1643,17293833482614604610,0,prediction,out,6020826916608,1,/apollo/prediction,0,600,1785125201219306011,0,72068507549827949,2,657892,657965
202607271206,e2e_trace_v3,1644,17293833482614604611,0,prediction,in,6020907125600,1,/apollo/perception/obstacles,878,0,1785125201318951548,0,72068507549827950,2,657892,657968
202607271206,e2e_trace_v3,1655,17293833482614604611,0,prediction,out,6020909543648,1,/apollo/prediction,0,601,1785125201318951548,0,72068507549827950,2,657892,657968
202607271206,e2e_trace_v3,1656,17293833482614604612,0,prediction,in,6021008349632,1,/apollo/perception/obstacles,879,0,1785125201420454617,0,72068507549827951,2,657892,657963
202607271206,e2e_trace_v3,1667,17293833482614604612,0,prediction,out,6021011384064,1,/apollo/prediction,0,602,1785125201420454617,0,72068507549827951,2,657892,657963
202607271206,e2e_trace_v3,1668,17293833482614604613,0,prediction,in,6021108711712,1,/apollo/perception/obstacles,880,0,1785125201518373566,0,72068507549827952,2,657892,657969
202607271206,e2e_trace_v3,1679,17293833482614604613,0,prediction,out,6021111942272,1,/apollo/prediction,0,603,1785125201518373566,0,72068507549827952,2,657892,657969
202607271206,e2e_trace_v3,1680,17293833482614604614,0,prediction,in,6021215577184,1,/apollo/perception/obstacles,881,0,1785125201619098587,0,72068507549827953,2,657892,657975
202607271206,e2e_trace_v3,1691,17293833482614604614,0,prediction,out,6021226916736,1,/apollo/prediction,0,604,1785125201619098587,0,72068507549827953,2,657892,657975
202607271206,e2e_trace_v3,1692,17293833482614604615,0,prediction,in,6021316835296,1,/apollo/perception/obstacles,882,0,1785125201718768679,0,72068507549827954,2,657892,657978
202607271206,e2e_trace_v3,1703,17293833482614604615,0,prediction,out,6021319647168,1,/apollo/prediction,0,605,1785125201718768679,0,72068507549827954,2,657892,657978
202607271206,e2e_trace_v3,1704,17293833482614604616,0,prediction,in,6021426896640,1,/apollo/perception/obstacles,883,0,1785125201819382585,0,72068507549827955,2,657892,657976
202607271206,e2e_trace_v3,1715,17293833482614604616,0,prediction,out,6021431831936,1,/apollo/prediction,0,606,1785125201819382585,0,72068507549827955,2,657892,657976
202607271206,e2e_trace_v3,1716,17293833482614604617,0,prediction,in,6021513858208,1,/apollo/perception/obstacles,884,0,1785125201918955949,0,72068507549827956,2,657892,657975
202607271206,e2e_trace_v3,1727,17293833482614604617,0,prediction,out,6021516291008,1,/apollo/prediction,0,607,1785125201918955949,0,72068507549827956,2,657892,657975
202607271206,e2e_trace_v3,1728,17293833482614604618,0,prediction,in,6021605220992,1,/apollo/perception/obstacles,885,0,1785125202019006997,0,72068507549827957,2,657892,657964
202607271206,e2e_trace_v3,1739,17293833482614604618,0,prediction,out,6021608041280,1,/apollo/prediction,0,608,1785125202019006997,0,72068507549827957,2,657892,657964
202607271206,e2e_trace_v3,1740,17293833482614604619,0,prediction,in,6021706092448,1,/apollo/perception/obstacles,886,0,1785125202118685350,0,72068507549827958,2,657892,657972
202607271206,e2e_trace_v3,1751,17293833482614604619,0,prediction,out,6021725546144,1,/apollo/prediction,0,609,1785125202118685350,0,72068507549827958,2,657892,657972
202607271206,e2e_trace_v3,1752,17293833482614604620,0,prediction,in,6021814740576,1,/apollo/perception/obstacles,887,0,1785125202218535243,0,72068507549827959,2,657892,657966
202607271206,e2e_trace_v3,1763,17293833482614604620,0,prediction,out,6021817186816,1,/apollo/prediction,0,610,1785125202218535243,0,72068507549827959,2,657892,657966
202607271206,e2e_trace_v3,1764,17293833482614604621,0,prediction,in,6021910026688,1,/apollo/perception/obstacles,888,0,1785125202318934678,0,72068507549827960,2,657892,657973
202607271206,e2e_trace_v3,1775,17293833482614604621,0,prediction,out,6021912786400,1,/apollo/prediction,0,611,1785125202318934678,0,72068507549827960,2,657892,657973
202607271206,e2e_trace_v3,1776,17293833482614604622,0,prediction,in,6022005420672,1,/apollo/perception/obstacles,889,0,1785125202419046822,0,72068507549827961,2,657892,657968
202607271206,e2e_trace_v3,1787,17293833482614604622,0,prediction,out,6022010909504,1,/apollo/prediction,0,612,1785125202419046822,0,72068507549827961,2,657892,657968
202607271206,e2e_trace_v3,1788,17293833482614604623,0,prediction,in,6022108745696,1,/apollo/perception/obstacles,890,0,1785125202519418853,0,72068507549827962,2,657892,657975
202607271206,e2e_trace_v3,1799,17293833482614604623,0,prediction,out,6022114947296,1,/apollo/prediction,0,613,1785125202519418853,0,72068507549827962,2,657892,657975
202607271206,e2e_trace_v3,1800,17293833482614604624,0,prediction,in,6022206534272,1,/apollo/perception/obstacles,891,0,1785125202619303432,0,72068507549827963,2,657892,657974
202607271206,e2e_trace_v3,1811,17293833482614604624,0,prediction,out,6022210891520,1,/apollo/prediction,0,614,1785125202619303432,0,72068507549827963,2,657892,657974
202607271206,e2e_trace_v3,1812,17293833482614604625,0,prediction,in,6022314330432,1,/apollo/perception/obstacles,892,0,1785125202719411604,0,72068507549827964,2,657892,657973
202607271206,e2e_trace_v3,1823,17293833482614604625,0,prediction,out,6022322104640,1,/apollo/prediction,0,615,1785125202719411604,0,72068507549827964,2,657892,657973
202607271206,e2e_trace_v3,1824,17293833482614604626,0,prediction,in,6022421542368,1,/apollo/perception/obstacles,893,0,1785125202818536951,0,72068507549827965,2,657892,657966
202607271206,e2e_trace_v3,1835,17293833482614604626,0,prediction,out,6022431153760,1,/apollo/prediction,0,616,1785125202818536951,0,72068507549827965,2,657892,657966
202607271206,e2e_trace_v3,1836,17293833482614604627,0,prediction,in,6022520922624,1,/apollo/perception/obstacles,894,0,1785125202919157043,0,72068507549827966,2,657892,657969
202607271206,e2e_trace_v3,1847,17293833482614604627,0,prediction,out,6022526978880,1,/apollo/prediction,0,617,1785125202919157043,0,72068507549827966,2,657892,657969
202607271206,e2e_trace_v3,1848,17293833482614604628,0,prediction,in,6022618297120,1,/apollo/perception/obstacles,895,0,1785125203018665970,0,72068507549827967,2,657892,657973
202607271206,e2e_trace_v3,1859,17293833482614604628,0,prediction,out,6022620983648,1,/apollo/prediction,0,618,1785125203018665970,0,72068507549827967,2,657892,657973
202607271206,e2e_trace_v3,1860,17293833482614604629,0,prediction,in,6022709500544,1,/apollo/perception/obstacles,896,0,1785125203118508928,0,72068507549827968,2,657892,657978
202607271206,e2e_trace_v3,1871,17293833482614604629,0,prediction,out,6022718827072,1,/apollo/prediction,0,619,1785125203118508928,0,72068507549827968,2,657892,657978
202607271206,e2e_trace_v3,1872,17293833482614604630,0,prediction,in,6022833724320,1,/apollo/perception/obstacles,897,0,1785125203219149030,0,72068507549827969,2,657892,657974
202607271206,e2e_trace_v3,1883,17293833482614604630,0,prediction,out,6022836093344,1,/apollo/prediction,0,620,1785125203219149030,0,72068507549827969,2,657892,657974
202607271206,e2e_trace_v3,1884,17293833482614604631,0,prediction,in,6022919437824,1,/apollo/perception/obstacles,898,0,1785125203318593086,0,72068507549827970,2,657892,657977
202607271206,e2e_trace_v3,1895,17293833482614604631,0,prediction,out,6022922201632,1,/apollo/prediction,0,621,1785125203318593086,0,72068507549827970,2,657892,657977
202607271206,e2e_trace_v3,1896,17293833482614604632,0,prediction,in,6023012210432,1,/apollo/perception/obstacles,899,0,1785125203418603546,0,72068507549827971,2,657892,657969
202607271206,e2e_trace_v3,1907,17293833482614604632,0,prediction,out,6023018946976,1,/apollo/prediction,0,622,1785125203418603546,0,72068507549827971,2,657892,657969
202607271206,e2e_trace_v3,1908,17293833482614604633,0,prediction,in,6023120309952,1,/apollo/perception/obstacles,900,0,1785125203519115620,0,72068507549827972,2,657892,657967
202607271206,e2e_trace_v3,1919,17293833482614604633,0,prediction,out,6023122773856,1,/apollo/prediction,0,623,1785125203519115620,0,72068507549827972,2,657892,657967
202607271206,e2e_trace_v3,1920,17293833482614604634,0,prediction,in,6023216429632,1,/apollo/perception/obstacles,901,0,1785125203619035108,0,72068507549827973,2,657892,657970
202607271206,e2e_trace_v3,1931,17293833482614604634,0,prediction,out,6023230394304,1,/apollo/prediction,0,624,1785125203619035108,0,72068507549827973,2,657892,657970
202607271206,e2e_trace_v3,1932,17293833482614604635,0,prediction,in,6023318738784,1,/apollo/perception/obstacles,902,0,1785125203719394285,0,72068507549827974,2,657892,657974
202607271206,e2e_trace_v3,1943,17293833482614604635,0,prediction,out,6023327256544,1,/apollo/prediction,0,625,1785125203719394285,0,72068507549827974,2,657892,657974
202607271206,e2e_trace_v3,1944,17293833482614604636,0,prediction,in,6023437561248,1,/apollo/perception/obstacles,903,0,1785125203818678849,0,72068507549827975,2,657892,657975
202607271206,e2e_trace_v3,1955,17293833482614604636,0,prediction,out,6023440453536,1,/apollo/prediction,0,626,1785125203818678849,0,72068507549827975,2,657892,657975
202607271206,e2e_trace_v3,1956,17293833482614604637,0,prediction,in,6023532320672,1,/apollo/perception/obstacles,904,0,1785125203918703325,0,72068507549827976,2,657892,657971
202607271206,e2e_trace_v3,1967,17293833482614604637,0,prediction,out,6023535201856,1,/apollo/prediction,0,627,1785125203918703325,0,72068507549827976,2,657892,657971
202607271206,e2e_trace_v3,1968,17293833482614604638,0,prediction,in,6023623879008,1,/apollo/perception/obstacles,905,0,1785125204018558787,0,72068507549827977,2,657892,657978
202607271206,e2e_trace_v3,1979,17293833482614604638,0,prediction,out,6023631306848,1,/apollo/prediction,0,628,1785125204018558787,0,72068507549827977,2,657892,657978
202607271206,e2e_trace_v3,1980,17293833482614604639,0,prediction,in,6023722643360,1,/apollo/perception/obstacles,906,0,1785125204119157837,0,72068507549827978,2,657892,657964
202607271206,e2e_trace_v3,1991,17293833482614604639,0,prediction,out,6023727130368,1,/apollo/prediction,0,629,1785125204119157837,0,72068507549827978,2,657892,657964
202607271206,e2e_trace_v3,1992,17293833482614604640,0,prediction,in,6023828791680,1,/apollo/perception/obstacles,907,0,1785125204218754807,0,72068507549827979,2,657892,657978
202607271206,e2e_trace_v3,2003,17293833482614604640,0,prediction,out,6023831558368,1,/apollo/prediction,0,630,1785125204218754807,0,72068507549827979,2,657892,657978
202607271206,e2e_trace_v3,2004,17293833482614604641,0,prediction,in,6023919458720,1,/apollo/perception/obstacles,908,0,1785125204318824923,0,72068507549827980,2,657892,657968
202607271206,e2e_trace_v3,2015,17293833482614604641,0,prediction,out,6023921780032,1,/apollo/prediction,0,631,1785125204318824923,0,72068507549827980,2,657892,657968
202607271206,e2e_trace_v3,2016,17293833482614604642,0,prediction,in,6024009486784,1,/apollo/perception/obstacles,909,0,1785125204418803235,0,72068507549827981,2,657892,657969
202607271206,e2e_trace_v3,2027,17293833482614604642,0,prediction,out,6024012072992,1,/apollo/prediction,0,632,1785125204418803235,0,72068507549827981,2,657892,657969
202607271206,e2e_trace_v3,2028,17293833482614604643,0,prediction,in,6024110701888,1,/apollo/perception/obstacles,910,0,1785125204519051631,0,72068507549827982,2,657892,657967
202607271206,e2e_trace_v3,2039,17293833482614604643,0,prediction,out,6024114945664,1,/apollo/prediction,0,633,1785125204519051631,0,72068507549827982,2,657892,657967
202607271206,e2e_trace_v3,2040,17293833482614604644,0,prediction,in,6024218291712,1,/apollo/perception/obstacles,911,0,1785125204618682173,0,72068507549827983,2,657892,657971
202607271206,e2e_trace_v3,2051,17293833482614604644,0,prediction,out,6024221755648,1,/apollo/prediction,0,634,1785125204618682173,0,72068507549827983,2,657892,657971
202607271206,e2e_trace_v3,2052,17293833482614604645,0,prediction,in,6024326651360,1,/apollo/perception/obstacles,912,0,1785125204718738168,0,72068507549827984,2,657892,657973
202607271206,e2e_trace_v3,2063,17293833482614604645,0,prediction,out,6024329852128,1,/apollo/prediction,0,635,1785125204718738168,0,72068507549827984,2,657892,657973
202607271206,e2e_trace_v3,2064,17293833482614604646,0,prediction,in,6024428843200,1,/apollo/perception/obstacles,913,0,1785125204818674205,0,72068507549827985,2,657892,657972
202607271206,e2e_trace_v3,2075,17293833482614604646,0,prediction,out,6024432566272,1,/apollo/prediction,0,636,1785125204818674205,0,72068507549827985,2,657892,657972
202607271206,e2e_trace_v3,2076,17293833482614604647,0,prediction,in,6024549884768,1,/apollo/perception/obstacles,914,0,1785125204918648227,0,72068507549827986,2,657892,657969
202607271206,e2e_trace_v3,2087,17293833482614604647,0,prediction,out,6024553473824,1,/apollo/prediction,0,637,1785125204918648227,0,72068507549827986,2,657892,657969
202607271206,e2e_trace_v3,2088,17293833482614604648,0,prediction,in,6024637631008,1,/apollo/perception/obstacles,915,0,1785125205019856115,0,72068507549827987,2,657892,657977
202607271206,e2e_trace_v3,2099,17293833482614604648,0,prediction,out,6024643123488,1,/apollo/prediction,0,638,1785125205019856115,0,72068507549827987,2,657892,657977
202607271206,e2e_trace_v3,2100,17293833482614604649,0,prediction,in,6024727955072,1,/apollo/perception/obstacles,916,0,1785125205118992940,0,72068507549827988,2,657892,657976
202607271206,e2e_trace_v3,2111,17293833482614604649,0,prediction,out,6024730340128,1,/apollo/prediction,0,639,1785125205118992940,0,72068507549827988,2,657892,657976
202607271206,e2e_trace_v3,2112,17293833482614604650,0,prediction,in,6024825075584,1,/apollo/perception/obstacles,917,0,1785125205218710489,0,72068507549827989,2,657892,657974
202607271206,e2e_trace_v3,2123,17293833482614604650,0,prediction,out,6024830863264,1,/apollo/prediction,0,640,1785125205218710489,0,72068507549827989,2,657892,657974
202607271206,e2e_trace_v3,2124,17293833482614604651,0,prediction,in,6024924907200,1,/apollo/perception/obstacles,918,0,1785125205318921588,0,72068507549827990,2,657892,657963
202607271206,e2e_trace_v3,2135,17293833482614604651,0,prediction,out,6024927280288,1,/apollo/prediction,0,641,1785125205318921588,0,72068507549827990,2,657892,657963
202607271206,e2e_trace_v3,2136,17293833482614604652,0,prediction,in,6025016496320,1,/apollo/perception/obstacles,919,0,1785125205418886508,0,72068507549827991,2,657892,657968
202607271206,e2e_trace_v3,2147,17293833482614604652,0,prediction,out,6025019076832,1,/apollo/prediction,0,642,1785125205418886508,0,72068507549827991,2,657892,657968
202607271206,e2e_trace_v3,2148,17293833482614604653,0,prediction,in,6025118080448,1,/apollo/perception/obstacles,920,0,1785125205518737827,0,72068507549827992,2,657892,657974
202607271206,e2e_trace_v3,2159,17293833482614604653,0,prediction,out,6025120478016,1,/apollo/prediction,0,643,1785125205518737827,0,72068507549827992,2,657892,657974
202607271206,e2e_trace_v3,2160,17293833482614604654,0,prediction,in,6025214730496,1,/apollo/perception/obstacles,921,0,1785125205619638638,0,72068507549827993,2,657892,657971
202607271206,e2e_trace_v3,2171,17293833482614604654,0,prediction,out,6025217142944,1,/apollo/prediction,0,644,1785125205619638638,0,72068507549827993,2,657892,657971
202607271206,e2e_trace_v3,2172,17293833482614604655,0,prediction,in,6025320363744,1,/apollo/perception/obstacles,922,0,1785125205718533374,0,72068507549827994,2,657892,657967
202607271206,e2e_trace_v3,2183,17293833482614604655,0,prediction,out,6025323315584,1,/apollo/prediction,0,645,1785125205718533374,0,72068507549827994,2,657892,657967
202607271206,e2e_trace_v3,2184,17293833482614604656,0,prediction,in,6025424081088,1,/apollo/perception/obstacles,923,0,1785125205819122573,0,72068507549827995,2,657892,657969
202607271206,e2e_trace_v3,2195,17293833482614604656,0,prediction,out,6025427072928,1,/apollo/prediction,0,646,1785125205819122573,0,72068507549827995,2,657892,657969
202607271206,e2e_trace_v3,2196,17293833482614604657,0,prediction,in,6025534070048,1,/apollo/perception/obstacles,924,0,1785125205918927851,0,72068507549827996,2,657892,657970
202607271206,e2e_trace_v3,2207,17293833482614604657,0,prediction,out,6025536663424,1,/apollo/prediction,0,647,1785125205918927851,0,72068507549827996,2,657892,657970
202607271206,e2e_trace_v3,2208,17293833482614604658,0,prediction,in,6025628480800,1,/apollo/perception/obstacles,925,0,1785125206018636320,0,72068507549827997,2,657892,657977
202607271206,e2e_trace_v3,2219,17293833482614604658,0,prediction,out,6025631219168,1,/apollo/prediction,0,648,1785125206018636320,0,72068507549827997,2,657892,657977
202607271206,e2e_trace_v3,2220,17293833482614604659,0,prediction,in,6025721638400,1,/apollo/perception/obstacles,926,0,1785125206119398661,0,72068507549827998,2,657892,657967
202607271206,e2e_trace_v3,2231,17293833482614604659,0,prediction,out,6025724196576,1,/apollo/prediction,0,649,1785125206119398661,0,72068507549827998,2,657892,657967
202607271206,e2e_trace_v3,2232,17293833482614604660,0,prediction,in,6025816436928,1,/apollo/perception/obstacles,927,0,1785125206219581153,0,72068507549827999,2,657892,657965
202607271206,e2e_trace_v3,2243,17293833482614604660,0,prediction,out,6025818869504,1,/apollo/prediction,0,650,1785125206219581153,0,72068507549827999,2,657892,657965
202607271206,e2e_trace_v3,2244,17293833482614604661,0,prediction,in,6025922152064,1,/apollo/perception/obstacles,928,0,1785125206318686160,0,72068507549828000,2,657892,657969
202607271206,e2e_trace_v3,2255,17293833482614604661,0,prediction,out,6025924806432,1,/apollo/prediction,0,651,1785125206318686160,0,72068507549828000,2,657892,657969
202607271206,e2e_trace_v3,2256,17293833482614604662,0,prediction,in,6026019905696,1,/apollo/perception/obstacles,929,0,1785125206419151363,0,72068507549828001,2,657892,657976
202607271206,e2e_trace_v3,2267,17293833482614604662,0,prediction,out,6026022352128,1,/apollo/prediction,0,652,1785125206419151363,0,72068507549828001,2,657892,657976
202607271206,e2e_trace_v3,2268,17293833482614604663,0,prediction,in,6026115265056,1,/apollo/perception/obstacles,930,0,1785125206519432728,0,72068507549828002,2,657892,657975
202607271206,e2e_trace_v3,2279,17293833482614604663,0,prediction,out,6026117613440,1,/apollo/prediction,0,653,1785125206519432728,0,72068507549828002,2,657892,657975
202607271206,e2e_trace_v3,2280,17293833482614604664,0,prediction,in,6026215582208,1,/apollo/perception/obstacles,931,0,1785125206619195441,0,72068507549828003,2,657892,657969
202607271206,e2e_trace_v3,2291,17293833482614604664,0,prediction,out,6026218982176,1,/apollo/prediction,0,654,1785125206619195441,0,72068507549828003,2,657892,657969
202607271206,e2e_trace_v3,2292,17293833482614604665,0,prediction,in,6026317024512,1,/apollo/perception/obstacles,932,0,1785125206719166267,0,72068507549828004,2,657892,657963
202607271206,e2e_trace_v3,2303,17293833482614604665,0,prediction,out,6026320748096,1,/apollo/prediction,0,655,1785125206719166267,0,72068507549828004,2,657892,657963
202607271206,e2e_trace_v3,2304,17293833482614604666,0,prediction,in,6026418818592,1,/apollo/perception/obstacles,933,0,1785125206819040248,0,72068507549828005,2,657892,657965
202607271206,e2e_trace_v3,2315,17293833482614604666,0,prediction,out,6026426931104,1,/apollo/prediction,0,656,1785125206819040248,0,72068507549828005,2,657892,657965
202607271206,e2e_trace_v3,2316,17293833482614604667,0,prediction,in,6026519459488,1,/apollo/perception/obstacles,934,0,1785125206918709390,0,72068507549828006,2,657892,657974
202607271206,e2e_trace_v3,2327,17293833482614604667,0,prediction,out,6026523295904,1,/apollo/prediction,0,657,1785125206918709390,0,72068507549828006,2,657892,657974
202607271206,e2e_trace_v3,2328,17293833482614604668,0,prediction,in,6026625004960,1,/apollo/perception/obstacles,935,0,1785125207019191309,0,72068507549828007,2,657892,657971
202607271206,e2e_trace_v3,2339,17293833482614604668,0,prediction,out,6026628392768,1,/apollo/prediction,0,658,1785125207019191309,0,72068507549828007,2,657892,657971
202607271206,e2e_trace_v3,2340,17293833482614604669,0,prediction,in,6026728619296,1,/apollo/perception/obstacles,936,0,1785125207119042859,0,72068507549828008,2,657892,657966
202607271206,e2e_trace_v3,2351,17293833482614604669,0,prediction,out,6026735013120,1,/apollo/prediction,0,659,1785125207119042859,0,72068507549828008,2,657892,657966
202607271206,e2e_trace_v3,2352,17293833482614604670,0,prediction,in,6026821891008,1,/apollo/perception/obstacles,937,0,1785125207218708136,0,72068507549828009,2,657892,657970
202607271206,e2e_trace_v3,2363,17293833482614604670,0,prediction,out,6026824473376,1,/apollo/prediction,0,660,1785125207218708136,0,72068507549828009,2,657892,657970
202607271206,e2e_trace_v3,2364,17293833482614604671,0,prediction,in,6026925237824,1,/apollo/perception/obstacles,938,0,1785125207318536257,0,72068507549828010,2,657892,657971
202607271206,e2e_trace_v3,2375,17293833482614604671,0,prediction,out,6026927660288,1,/apollo/prediction,0,661,1785125207318536257,0,72068507549828010,2,657892,657971
202607271206,e2e_trace_v3,2376,17293833482614604672,0,prediction,in,6027015750944,1,/apollo/perception/obstacles,939,0,1785125207418517656,0,72068507549828011,2,657892,657971
202607271206,e2e_trace_v3,2387,17293833482614604672,0,prediction,out,6027018221376,1,/apollo/prediction,0,662,1785125207418517656,0,72068507549828011,2,657892,657971
202607271206,e2e_trace_v3,2388,17293833482614604673,0,prediction,in,6027119028448,1,/apollo/perception/obstacles,940,0,1785125207518588080,0,72068507549828012,2,657892,657972
202607271206,e2e_trace_v3,2399,17293833482614604673,0,prediction,out,6027121536160,1,/apollo/prediction,0,663,1785125207518588080,0,72068507549828012,2,657892,657972
202607271206,e2e_trace_v3,2400,17293833482614604674,0,prediction,in,6027230712160,1,/apollo/perception/obstacles,941,0,1785125207618505163,0,72068507549828013,2,657892,657973
202607271206,e2e_trace_v3,2411,17293833482614604674,0,prediction,out,6027234886560,1,/apollo/prediction,0,664,1785125207618505163,0,72068507549828013,2,657892,657973
202607271206,e2e_trace_v3,2412,17293833482614604675,0,prediction,in,6027321588640,1,/apollo/perception/obstacles,942,0,1785125207718397830,0,72068507549828014,2,657892,657976
202607271206,e2e_trace_v3,2423,17293833482614604675,0,prediction,out,6027326878080,1,/apollo/prediction,0,665,1785125207718397830,0,72068507549828014,2,657892,657976
202607271206,e2e_trace_v3,2424,17293833482614604676,0,prediction,in,6027419225280,1,/apollo/perception/obstacles,943,0,1785125207818896427,0,72068507549828015,2,657892,657963
202607271206,e2e_trace_v3,2435,17293833482614604676,0,prediction,out,6027422883456,1,/apollo/prediction,0,666,1785125207818896427,0,72068507549828015,2,657892,657963
202607271206,e2e_trace_v3,2436,17293833482614604677,0,prediction,in,6027523728960,1,/apollo/perception/obstacles,944,0,1785125207919464015,0,72068507549828016,2,657892,657970
202607271206,e2e_trace_v3,2447,17293833482614604677,0,prediction,out,6027530907936,1,/apollo/prediction,0,667,1785125207919464015,0,72068507549828016,2,657892,657970
202607271206,e2e_trace_v3,2448,17293833482614604678,0,prediction,in,6027634579072,1,/apollo/perception/obstacles,945,0,1785125208020041177,0,72068507549828017,2,657892,657964
202607271206,e2e_trace_v3,2459,17293833482614604678,0,prediction,out,6027638901440,1,/apollo/prediction,0,668,1785125208020041177,0,72068507549828017,2,657892,657964
202607271206,e2e_trace_v3,2460,17293833482614604679,0,prediction,in,6027730647520,1,/apollo/perception/obstacles,946,0,1785125208119734093,0,72068507549828018,2,657892,657969
202607271206,e2e_trace_v3,2471,17293833482614604679,0,prediction,out,6027738984512,1,/apollo/prediction,0,669,1785125208119734093,0,72068507549828018,2,657892,657969
202607271206,e2e_trace_v3,2472,17293833482614604680,0,prediction,in,6027835919168,1,/apollo/perception/obstacles,947,0,1785125208219130397,0,72068507549828019,2,657892,657966
202607271206,e2e_trace_v3,2483,17293833482614604680,0,prediction,out,6027842883008,1,/apollo/prediction,0,670,1785125208219130397,0,72068507549828019,2,657892,657966
202607271206,e2e_trace_v3,2484,17293833482614604681,0,prediction,in,6027925390848,1,/apollo/perception/obstacles,948,0,1785125208318840751,0,72068507549828020,2,657892,657971
202607271206,e2e_trace_v3,2495,17293833482614604681,0,prediction,out,6027928942336,1,/apollo/prediction,0,671,1785125208318840751,0,72068507549828020,2,657892,657971
202607271206,e2e_trace_v3,2496,17293833482614604682,0,prediction,in,6028030323648,1,/apollo/perception/obstacles,949,0,1785125208419097272,0,72068507549828021,2,657892,657976
202607271206,e2e_trace_v3,2507,17293833482614604682,0,prediction,out,6028034950304,1,/apollo/prediction,0,672,1785125208419097272,0,72068507549828021,2,657892,657976
202607271206,e2e_trace_v3,2508,17293833482614604683,0,prediction,in,6028123935968,1,/apollo/perception/obstacles,950,0,1785125208519282380,0,72068507549828022,2,657892,657963
202607271206,e2e_trace_v3,2519,17293833482614604683,0,prediction,out,6028126366848,1,/apollo/prediction,0,673,1785125208519282380,0,72068507549828022,2,657892,657963
202607271206,e2e_trace_v3,2520,17293833482614604684,0,prediction,in,6028223095104,1,/apollo/perception/obstacles,951,0,1785125208619256540,0,72068507549828023,2,657892,657965
202607271206,e2e_trace_v3,2531,17293833482614604684,0,prediction,out,6028225586976,1,/apollo/prediction,0,674,1785125208619256540,0,72068507549828023,2,657892,657965
202607271206,e2e_trace_v3,2532,17293833482614604685,0,prediction,in,6028326439136,1,/apollo/perception/obstacles,952,0,1785125208718545836,0,72068507549828024,2,657892,657973
202607271206,e2e_trace_v3,2543,17293833482614604685,0,prediction,out,6028329558784,1,/apollo/prediction,0,675,1785125208718545836,0,72068507549828024,2,657892,657973
202607271206,e2e_trace_v3,2544,17293833482614604686,0,prediction,in,6028435564480,1,/apollo/perception/obstacles,953,0,1785125208819054200,0,72068507549828025,2,657892,657966
202607271206,e2e_trace_v3,2555,17293833482614604686,0,prediction,out,6028438271872,1,/apollo/prediction,0,676,1785125208819054200,0,72068507549828025,2,657892,657966
202607271206,e2e_trace_v3,2556,17293833482614604687,0,prediction,in,6028530757024,1,/apollo/perception/obstacles,954,0,1785125208918661061,0,72068507549828026,2,657892,657971
202607271206,e2e_trace_v3,2567,17293833482614604687,0,prediction,out,6028533143328,1,/apollo/prediction,0,677,1785125208918661061,0,72068507549828026,2,657892,657971
202607271206,e2e_trace_v3,2568,17293833482614604688,0,prediction,in,6028623122976,1,/apollo/perception/obstacles,955,0,1785125209018647622,0,72068507549828027,2,657892,657965
202607271206,e2e_trace_v3,2579,17293833482614604688,0,prediction,out,6028626722848,1,/apollo/prediction,0,678,1785125209018647622,0,72068507549828027,2,657892,657965
202607271206,e2e_trace_v3,2580,17293833482614604689,0,prediction,in,6028727224608,1,/apollo/perception/obstacles,956,0,1785125209119151845,0,72068507549828028,2,657892,657974
202607271206,e2e_trace_v3,2591,17293833482614604689,0,prediction,out,6028734832288,1,/apollo/prediction,0,679,1785125209119151845,0,72068507549828028,2,657892,657974
202607271206,e2e_trace_v3,2592,17293833482614604690,0,prediction,in,6028826942048,1,/apollo/perception/obstacles,957,0,1785125209219319092,0,72068507549828029,2,657892,657973
202607271206,e2e_trace_v3,2603,17293833482614604690,0,prediction,out,6028830682688,1,/apollo/prediction,0,680,1785125209219319092,0,72068507549828029,2,657892,657973
202607271206,e2e_trace_v3,2604,17293833482614604691,0,prediction,in,6028920731200,1,/apollo/perception/obstacles,958,0,1785125209319065731,0,72068507549828030,2,657892,657974
202607271206,e2e_trace_v3,2615,17293833482614604691,0,prediction,out,6028923419968,1,/apollo/prediction,0,681,1785125209319065731,0,72068507549828030,2,657892,657974
202607271206,e2e_trace_v3,2616,17293833482614604692,0,prediction,in,6029026612000,1,/apollo/perception/obstacles,959,0,1785125209418833576,0,72068507549828031,2,657892,657968
202607271206,e2e_trace_v3,2627,17293833482614604692,0,prediction,out,6029030799616,1,/apollo/prediction,0,682,1785125209418833576,0,72068507549828031,2,657892,657968
202607271206,e2e_trace_v3,2628,17293833482614604693,0,prediction,in,6029116007648,1,/apollo/perception/obstacles,960,0,1785125209519093624,0,72068507549828032,2,657892,657977
202607271206,e2e_trace_v3,2639,17293833482614604693,0,prediction,out,6029118644448,1,/apollo/prediction,0,683,1785125209519093624,0,72068507549828032,2,657892,657977
202607271206,e2e_trace_v3,2640,17293833482614604694,0,prediction,in,6029225468128,1,/apollo/perception/obstacles,961,0,1785125209619112169,0,72068507549828033,2,657892,657969
202607271206,e2e_trace_v3,2651,17293833482614604694,0,prediction,out,6029228091584,1,/apollo/prediction,0,684,1785125209619112169,0,72068507549828033,2,657892,657969
202607271206,e2e_trace_v3,2652,17293833482614604695,0,prediction,in,6029328285376,1,/apollo/perception/obstacles,962,0,1785125209719965183,0,72068507549828034,2,657892,657978
202607271206,e2e_trace_v3,2663,17293833482614604695,0,prediction,out,6029332273856,1,/apollo/prediction,0,685,1785125209719965183,0,72068507549828034,2,657892,657978
202607271206,e2e_trace_v3,2664,17293833482614604696,0,prediction,in,6029451965216,1,/apollo/perception/obstacles,963,0,1785125209819409650,0,72068507549828035,2,657892,657969
202607271206,e2e_trace_v3,2675,17293833482614604696,0,prediction,out,6029454362496,1,/apollo/prediction,0,686,1785125209819409650,0,72068507549828035,2,657892,657969
202607271206,e2e_trace_v3,2676,17293833482614604697,0,prediction,in,6029568597888,1,/apollo/perception/obstacles,964,0,1785125209927225660,0,72068507549828036,2,657892,657976
202607271206,e2e_trace_v3,2687,17293833482614604697,0,prediction,out,6029571181792,1,/apollo/prediction,0,687,1785125209927225660,0,72068507549828036,2,657892,657976
202607271206,e2e_trace_v3,2688,17293833482614604698,0,prediction,in,6029662367808,1,/apollo/perception/obstacles,965,0,1785125210028841830,0,72068507549828037,2,657892,657978
202607271206,e2e_trace_v3,2699,17293833482614604698,0,prediction,out,6029665127776,1,/apollo/prediction,0,688,1785125210028841830,0,72068507549828037,2,657892,657978
202607271206,e2e_trace_v3,2700,17293833482614604699,0,prediction,in,6029754176352,1,/apollo/perception/obstacles,966,0,1785125210118619567,0,72068507549828038,2,657892,657977
202607271206,e2e_trace_v3,2711,17293833482614604699,0,prediction,out,6029756653568,1,/apollo/prediction,0,689,1785125210118619567,0,72068507549828038,2,657892,657977
202607271206,e2e_trace_v3,2712,17293833482614604700,0,prediction,in,6029844740480,1,/apollo/perception/obstacles,967,0,1785125210218538146,0,72068507549828039,2,657892,657973
202607271206,e2e_trace_v3,2723,17293833482614604700,0,prediction,out,6029847215136,1,/apollo/prediction,0,690,1785125210218538146,0,72068507549828039,2,657892,657973
202607271206,e2e_trace_v3,2724,17293833482614604701,0,prediction,in,6029937315680,1,/apollo/perception/obstacles,968,0,1785125210319806171,0,72068507549828040,2,657892,657970
202607271206,e2e_trace_v3,2735,17293833482614604701,0,prediction,out,6029940346880,1,/apollo/prediction,0,691,1785125210319806171,0,72068507549828040,2,657892,657970
202607271206,e2e_trace_v3,2736,17293833482614604702,0,prediction,in,6030029633120,1,/apollo/perception/obstacles,969,0,1785125210419234972,0,72068507549828041,2,657892,657971
202607271206,e2e_trace_v3,2747,17293833482614604702,0,prediction,out,6030032155360,1,/apollo/prediction,0,692,1785125210419234972,0,72068507549828041,2,657892,657971
202607271206,e2e_trace_v3,2748,17293833482614604703,0,prediction,in,6030121832832,1,/apollo/perception/obstacles,970,0,1785125210518508175,0,72068507549828042,2,657892,657967
202607271206,e2e_trace_v3,2759,17293833482614604703,0,prediction,out,6030130668864,1,/apollo/prediction,0,693,1785125210518508175,0,72068507549828042,2,657892,657967
202607271206,e2e_trace_v3,2760,17293833482614604704,0,prediction,in,6030215046496,1,/apollo/perception/obstacles,971,0,1785125210618592157,0,72068507549828043,2,657892,657973
202607271206,e2e_trace_v3,2771,17293833482614604704,0,prediction,out,6030217607104,1,/apollo/prediction,0,694,1785125210618592157,0,72068507549828043,2,657892,657973
202607271206,e2e_trace_v3,2772,17293833482614604705,0,prediction,in,6030316411168,1,/apollo/perception/obstacles,972,0,1785125210718515730,0,72068507549828044,2,657892,657969
202607271206,e2e_trace_v3,2783,17293833482614604705,0,prediction,out,6030318989856,1,/apollo/prediction,0,695,1785125210718515730,0,72068507549828044,2,657892,657969
202607271206,e2e_trace_v3,2784,17293833482614604706,0,prediction,in,6030423646688,1,/apollo/perception/obstacles,973,0,1785125210818533305,0,72068507549828045,2,657892,657963
202607271206,e2e_trace_v3,2795,17293833482614604706,0,prediction,out,6030426766464,1,/apollo/prediction,0,696,1785125210818533305,0,72068507549828045,2,657892,657963
202607271206,e2e_trace_v3,2796,17293833482614604707,0,prediction,in,6030523382208,1,/apollo/perception/obstacles,974,0,1785125210918559787,0,72068507549828046,2,657892,657965
202607271206,e2e_trace_v3,2807,17293833482614604707,0,prediction,out,6030526120640,1,/apollo/prediction,0,697,1785125210918559787,0,72068507549828046,2,657892,657965
202607271206,e2e_trace_v3,2808,17293833482614604708,0,prediction,in,6030634605312,1,/apollo/perception/obstacles,975,0,1785125211019223182,0,72068507549828047,2,657892,657975
202607271206,e2e_trace_v3,2819,17293833482614604708,0,prediction,out,6030642807936,1,/apollo/prediction,0,698,1785125211019223182,0,72068507549828047,2,657892,657975
202607271206,e2e_trace_v3,2820,17293833482614604709,0,prediction,in,6030735840384,1,/apollo/perception/obstacles,976,0,1785125211119058986,0,72068507549828048,2,657892,657963
202607271206,e2e_trace_v3,2831,17293833482614604709,0,prediction,out,6030738785536,1,/apollo/prediction,0,699,1785125211119058986,0,72068507549828048,2,657892,657963
202607271206,e2e_trace_v3,2832,17293833482614604710,0,prediction,in,6030829942336,1,/apollo/perception/obstacles,977,0,1785125211218857512,0,72068507549828049,2,657892,657971
202607271206,e2e_trace_v3,2843,17293833482614604710,0,prediction,out,6030838625760,1,/apollo/prediction,0,700,1785125211218857512,0,72068507549828049,2,657892,657971
202607271206,e2e_trace_v3,2844,17293833482614604711,0,prediction,in,6030921306176,1,/apollo/perception/obstacles,978,0,1785125211318606211,0,72068507549828050,2,657892,657968
202607271206,e2e_trace_v3,2855,17293833482614604711,0,prediction,out,6030923972704,1,/apollo/prediction,0,701,1785125211318606211,0,72068507549828050,2,657892,657968
202607271206,e2e_trace_v3,2856,17293833482614604712,0,prediction,in,6031020167104,1,/apollo/perception/obstacles,979,0,1785125211419549632,0,72068507549828051,2,657892,657977
202607271206,e2e_trace_v3,2867,17293833482614604712,0,prediction,out,6031022830400,1,/apollo/prediction,0,702,1785125211419549632,0,72068507549828051,2,657892,657977
202607271206,e2e_trace_v3,2868,17293833482614604713,0,prediction,in,6031124218208,1,/apollo/perception/obstacles,980,0,1785125211519078601,0,72068507549828052,2,657892,657971
202607271206,e2e_trace_v3,2879,17293833482614604713,0,prediction,out,6031126675296,1,/apollo/prediction,0,703,1785125211519078601,0,72068507549828052,2,657892,657971
202607271206,e2e_trace_v3,2880,17293833482614604714,0,prediction,in,6031244070656,1,/apollo/perception/obstacles,981,0,1785125211619435424,0,72068507549828053,2,657892,657977
202607271206,e2e_trace_v3,2891,17293833482614604714,0,prediction,out,6031246565120,1,/apollo/prediction,0,704,1785125211619435424,0,72068507549828053,2,657892,657977
202607271206,e2e_trace_v3,2892,17293833482614604715,0,prediction,in,6031343710752,1,/apollo/perception/obstacles,982,0,1785125211734298798,0,72068507549828054,2,657892,657970
202607271206,e2e_trace_v3,2903,17293833482614604715,0,prediction,out,6031346251712,1,/apollo/prediction,0,705,1785125211734298798,0,72068507549828054,2,657892,657970
202607271206,e2e_trace_v3,2904,17293833482614604716,0,prediction,in,6031434093728,1,/apollo/perception/obstacles,983,0,1785125211821550042,0,72068507549828055,2,657892,657968
202607271206,e2e_trace_v3,2915,17293833482614604716,0,prediction,out,6031437658720,1,/apollo/prediction,0,706,1785125211821550042,0,72068507549828055,2,657892,657968
202607271206,e2e_trace_v3,2916,17293833482614604717,0,prediction,in,6031525753344,1,/apollo/perception/obstacles,984,0,1785125211918839048,0,72068507549828056,2,657892,657976
202607271206,e2e_trace_v3,2927,17293833482614604717,0,prediction,out,6031528572992,1,/apollo/prediction,0,707,1785125211918839048,0,72068507549828056,2,657892,657976
202607271206,e2e_trace_v3,2928,17293833482614604718,0,prediction,in,6031616167616,1,/apollo/perception/obstacles,985,0,1785125212018635456,0,72068507549828057,2,657892,657977
202607271206,e2e_trace_v3,2939,17293833482614604718,0,prediction,out,6031619251776,1,/apollo/prediction,0,708,1785125212018635456,0,72068507549828057,2,657892,657977
202607271206,e2e_trace_v3,2940,17293833482614604719,0,prediction,in,6031730216320,1,/apollo/perception/obstacles,986,0,1785125212119139168,0,72068507549828058,2,657892,657970
202607271206,e2e_trace_v3,2951,17293833482614604719,0,prediction,out,6031732946368,1,/apollo/prediction,0,709,1785125212119139168,0,72068507549828058,2,657892,657970
202607271206,e2e_trace_v3,2952,17293833482614604720,0,prediction,in,6031823960896,1,/apollo/perception/obstacles,987,0,1785125212218486664,0,72068507549828059,2,657892,657967
202607271206,e2e_trace_v3,2963,17293833482614604720,0,prediction,out,6031826655360,1,/apollo/prediction,0,710,1785125212218486664,0,72068507549828059,2,657892,657967
202607271206,e2e_trace_v3,2964,17293833482614604721,0,prediction,in,6031919159680,1,/apollo/perception/obstacles,988,0,1785125212319688658,0,72068507549828060,2,657892,657965
202607271206,e2e_trace_v3,2975,17293833482614604721,0,prediction,out,6031922773568,1,/apollo/prediction,0,711,1785125212319688658,0,72068507549828060,2,657892,657965
202607271206,e2e_trace_v3,2976,17293833482614604722,0,prediction,in,6032028474048,1,/apollo/perception/obstacles,989,0,1785125212418559779,0,72068507549828061,2,657892,657972
202607271206,e2e_trace_v3,2987,17293833482614604722,0,prediction,out,6032032041568,1,/apollo/prediction,0,712,1785125212418559779,0,72068507549828061,2,657892,657972
202607271206,e2e_trace_v3,2988,17293833482614604723,0,prediction,in,6032123000224,1,/apollo/perception/obstacles,990,0,1785125212519208720,0,72068507549828062,2,657892,657970
202607271206,e2e_trace_v3,2999,17293833482614604723,0,prediction,out,6032126139744,1,/apollo/prediction,0,713,1785125212519208720,0,72068507549828062,2,657892,657970
202607271206,e2e_trace_v3,3000,17293833482614604724,0,prediction,in,6032215353504,1,/apollo/perception/obstacles,991,0,1785125212619087522,0,72068507549828063,2,657892,657978
202607271206,e2e_trace_v3,3011,17293833482614604724,0,prediction,out,6032217815072,1,/apollo/prediction,0,714,1785125212619087522,0,72068507549828063,2,657892,657978
202607271206,e2e_trace_v3,3012,17293833482614604725,0,prediction,in,6032318690816,1,/apollo/perception/obstacles,992,0,1785125212719282658,0,72068507549828064,2,657892,657975
202607271206,e2e_trace_v3,3023,17293833482614604725,0,prediction,out,6032321321952,1,/apollo/prediction,0,715,1785125212719282658,0,72068507549828064,2,657892,657975
202607271206,e2e_trace_v3,3024,17293833482614604726,0,prediction,in,6032422046560,1,/apollo/perception/obstacles,993,0,1785125212818889406,0,72068507549828065,2,657892,657963
202607271206,e2e_trace_v3,3035,17293833482614604726,0,prediction,out,6032430730048,1,/apollo/prediction,0,716,1785125212818889406,0,72068507549828065,2,657892,657963
202607271206,e2e_trace_v3,3036,17293833482614604727,0,prediction,in,6032521136224,1,/apollo/perception/obstacles,994,0,1785125212920121723,0,72068507549828066,2,657892,657975
202607271206,e2e_trace_v3,3047,17293833482614604727,0,prediction,out,6032526773824,1,/apollo/prediction,0,717,1785125212920121723,0,72068507549828066,2,657892,657975
202607271206,e2e_trace_v3,3048,17293833482614604728,0,prediction,in,6032639585184,1,/apollo/perception/obstacles,995,0,1785125213018571899,0,72068507549828067,2,657892,657972
202607271206,e2e_trace_v3,3059,17293833482614604728,0,prediction,out,6032643120256,1,/apollo/prediction,0,718,1785125213018571899,0,72068507549828067,2,657892,657972
202607271206,e2e_trace_v3,3060,17293833482614604729,0,prediction,in,6032732711648,1,/apollo/perception/obstacles,996,0,1785125213119398015,0,72068507549828068,2,657892,657969
202607271206,e2e_trace_v3,3071,17293833482614604729,0,prediction,out,6032735242144,1,/apollo/prediction,0,719,1785125213119398015,0,72068507549828068,2,657892,657969
202607271206,e2e_trace_v3,3072,17293833482614604730,0,prediction,in,6032822336768,1,/apollo/perception/obstacles,997,0,1785125213219493572,0,72068507549828069,2,657892,657976
202607271206,e2e_trace_v3,3083,17293833482614604730,0,prediction,out,6032827626112,1,/apollo/prediction,0,720,1785125213219493572,0,72068507549828069,2,657892,657976
202607271206,e2e_trace_v3,3084,17293833482614604731,0,prediction,in,6032922168416,1,/apollo/perception/obstacles,998,0,1785125213318791903,0,72068507549828070,2,657892,657973
202607271206,e2e_trace_v3,3095,17293833482614604731,0,prediction,out,6032924820992,1,/apollo/prediction,0,721,1785125213318791903,0,72068507549828070,2,657892,657973
202607271206,e2e_trace_v3,3096,17293833482614604732,0,prediction,in,6033025005152,1,/apollo/perception/obstacles,999,0,1785125213418561013,0,72068507549828071,2,657892,657978
202607271206,e2e_trace_v3,3107,17293833482614604732,0,prediction,out,6033030801280,1,/apollo/prediction,0,722,1785125213418561013,0,72068507549828071,2,657892,657978
202607271206,e2e_trace_v3,3108,17293833482614604733,0,prediction,in,6033121098400,1,/apollo/perception/obstacles,1000,0,1785125213518793201,0,72068507549828072,2,657892,657966
202607271206,e2e_trace_v3,3119,17293833482614604733,0,prediction,out,6033123677440,1,/apollo/prediction,0,723,1785125213518793201,0,72068507549828072,2,657892,657966
202607271206,e2e_trace_v3,3120,17293833482614604734,0,prediction,in,6033214488000,1,/apollo/perception/obstacles,1001,0,1785125213618566022,0,72068507549828073,2,657892,657963
202607271206,e2e_trace_v3,3131,17293833482614604734,0,prediction,out,6033221843744,1,/apollo/prediction,0,724,1785125213618566022,0,72068507549828073,2,657892,657963
202607271206,e2e_trace_v3,3132,17293833482614604735,0,prediction,in,6033331027104,1,/apollo/perception/obstacles,1002,0,1785125213719222273,0,72068507549828074,2,657892,657965
202607271206,e2e_trace_v3,3143,17293833482614604735,0,prediction,out,6033333925152,1,/apollo/prediction,0,725,1785125213719222273,0,72068507549828074,2,657892,657965
202607271206,e2e_trace_v3,3144,17293833482614604736,0,prediction,in,6033433001856,1,/apollo/perception/obstacles,1003,0,1785125213818598314,0,72068507549828075,2,657892,657973
202607271206,e2e_trace_v3,3155,17293833482614604736,0,prediction,out,6033435768288,1,/apollo/prediction,0,726,1785125213818598314,0,72068507549828075,2,657892,657973
202607271206,e2e_trace_v3,3156,17293833482614604737,0,prediction,in,6033524519328,1,/apollo/perception/obstacles,1004,0,1785125213918958049,0,72068507549828076,2,657892,657964
202607271206,e2e_trace_v3,3167,17293833482614604737,0,prediction,out,6033527507712,1,/apollo/prediction,0,727,1785125213918958049,0,72068507549828076,2,657892,657964
202607271206,e2e_trace_v3,3168,17293833482614604738,0,prediction,in,6033628603808,1,/apollo/perception/obstacles,1005,0,1785125214018642438,0,72068507549828077,2,657892,657966
202607271206,e2e_trace_v3,3179,17293833482614604738,0,prediction,out,6033632063328,1,/apollo/prediction,0,728,1785125214018642438,0,72068507549828077,2,657892,657966
202607271206,e2e_trace_v3,3180,17293833482614604739,0,prediction,in,6033722849184,1,/apollo/perception/obstacles,1006,0,1785125214119488595,0,72068507549828078,2,657892,657976
202607271206,e2e_trace_v3,3191,17293833482614604739,0,prediction,out,6033725513312,1,/apollo/prediction,0,729,1785125214119488595,0,72068507549828078,2,657892,657976
202607271206,e2e_trace_v3,3192,17293833482614604740,0,prediction,in,6033821045952,1,/apollo/perception/obstacles,1007,0,1785125214219238973,0,72068507549828079,2,657892,657963
202607271206,e2e_trace_v3,3203,17293833482614604740,0,prediction,out,6033823712032,1,/apollo/prediction,0,730,1785125214219238973,0,72068507549828079,2,657892,657963
202607271206,e2e_trace_v3,3204,17293833482614604741,0,prediction,in,6033943026880,1,/apollo/perception/obstacles,1008,0,1785125214319229151,0,72068507549828080,2,657892,657964
202607271206,e2e_trace_v3,3215,17293833482614604741,0,prediction,out,6033946183328,1,/apollo/prediction,0,731,1785125214319229151,0,72068507549828080,2,657892,657964
202607271206,e2e_trace_v3,3216,17293833482614604742,0,prediction,in,6034032595680,1,/apollo/perception/obstacles,1009,0,1785125214419002227,0,72068507549828081,2,657892,657976
202607271206,e2e_trace_v3,3227,17293833482614604742,0,prediction,out,6034035248416,1,/apollo/prediction,0,732,1785125214419002227,0,72068507549828081,2,657892,657976
202607271206,e2e_trace_v3,3228,17293833482614604743,0,prediction,in,6034122523616,1,/apollo/perception/obstacles,1010,0,1785125214518737208,0,72068507549828082,2,657892,657977
202607271206,e2e_trace_v3,3239,17293833482614604743,0,prediction,out,6034125271584,1,/apollo/prediction,0,733,1785125214518737208,0,72068507549828082,2,657892,657977
202607271206,e2e_trace_v3,3240,17293833482614604744,0,prediction,in,6034215767296,1,/apollo/perception/obstacles,1011,0,1785125214619100546,0,72068507549828083,2,657892,657971
202607271206,e2e_trace_v3,3251,17293833482614604744,0,prediction,out,6034218179072,1,/apollo/prediction,0,734,1785125214619100546,0,72068507549828083,2,657892,657971
202607271206,e2e_trace_v3,3252,17293833482614604745,0,prediction,in,6034318942816,1,/apollo/perception/obstacles,1012,0,1785125214719456505,0,72068507549828084,2,657892,657976
202607271206,e2e_trace_v3,3263,17293833482614604745,0,prediction,out,6034326695648,1,/apollo/prediction,0,735,1785125214719456505,0,72068507549828084,2,657892,657976
202607271206,e2e_trace_v3,3264,17293833482614604746,0,prediction,in,6034429876064,1,/apollo/perception/obstacles,1013,0,1785125214818621509,0,72068507549828085,1,657892,657964
202607271206,e2e_trace_v3,3275,17293833482614604746,0,prediction,out,6034434862912,1,/apollo/prediction,0,736,1785125214818621509,0,72068507549828085,1,657892,657964
202607271206,e2e_trace_v3,3276,17293833482614604747,0,prediction,in,6034527998464,1,/apollo/perception/obstacles,1014,0,1785125214919006514,0,72068507549828086,2,657892,657971
202607271206,e2e_trace_v3,3287,17293833482614604747,0,prediction,out,6034534742848,1,/apollo/prediction,0,737,1785125214919006514,0,72068507549828086,2,657892,657971
202607271206,e2e_trace_v3,3288,17293833482614604748,0,prediction,in,6034629324128,1,/apollo/perception/obstacles,1015,0,1785125215019064848,0,72068507549828087,2,657892,657968
202607271206,e2e_trace_v3,3299,17293833482614604748,0,prediction,out,6034638873472,1,/apollo/prediction,0,738,1785125215019064848,0,72068507549828087,2,657892,657968
202607271206,e2e_trace_v3,3300,17293833482614604749,0,prediction,in,6034728373376,1,/apollo/perception/obstacles,1016,0,1785125215119436258,0,72068507549828088,2,657892,657963
202607271206,e2e_trace_v3,3311,17293833482614604749,0,prediction,out,6034730944544,1,/apollo/prediction,0,739,1785125215119436258,0,72068507549828088,2,657892,657963
202607271206,e2e_trace_v3,3312,17293833482614604750,0,prediction,in,6034823604320,1,/apollo/perception/obstacles,1017,0,1785125215219093410,0,72068507549828089,2,657892,657969
202607271206,e2e_trace_v3,3323,17293833482614604750,0,prediction,out,6034830750080,1,/apollo/prediction,0,740,1785125215219093410,0,72068507549828089,2,657892,657969
202607271206,e2e_trace_v3,3324,17293833482614604751,0,prediction,in,6034939789856,1,/apollo/perception/obstacles,1018,0,1785125215319433249,0,72068507549828090,2,657892,657973
202607271206,e2e_trace_v3,3335,17293833482614604751,0,prediction,out,6034943183008,1,/apollo/prediction,0,741,1785125215319433249,0,72068507549828090,2,657892,657973
202607271206,e2e_trace_v3,3336,17293833482614604752,0,prediction,in,6035037083264,1,/apollo/perception/obstacles,1019,0,1785125215421651054,0,72068507549828091,2,657892,657963
202607271206,e2e_trace_v3,3347,17293833482614604752,0,prediction,out,6035042026912,1,/apollo/prediction,0,742,1785125215421651054,0,72068507549828091,2,657892,657963
202607271206,e2e_trace_v3,3348,17293833482614604753,0,prediction,in,6035128884384,1,/apollo/perception/obstacles,1020,0,1785125215518992417,0,72068507549828092,2,657892,657968
202607271206,e2e_trace_v3,3359,17293833482614604753,0,prediction,out,6035131354336,1,/apollo/prediction,0,743,1785125215518992417,0,72068507549828092,2,657892,657968
202607271206,e2e_trace_v3,3360,17293833482614604754,0,prediction,in,6035227610400,1,/apollo/perception/obstacles,1021,0,1785125215619592140,0,72068507549828093,2,657892,657974
202607271206,e2e_trace_v3,3371,17293833482614604754,0,prediction,out,6035231838496,1,/apollo/prediction,0,744,1785125215619592140,0,72068507549828093,2,657892,657974
202607271206,e2e_trace_v3,3372,17293833482614604755,0,prediction,in,6035322115232,1,/apollo/perception/obstacles,1022,0,1785125215718710694,0,72068507549828094,2,657892,657965
202607271206,e2e_trace_v3,3383,17293833482614604755,0,prediction,out,6035324682016,1,/apollo/prediction,0,745,1785125215718710694,0,72068507549828094,2,657892,657965
202607271206,e2e_trace_v3,3384,17293833482614604756,0,prediction,in,6035421240064,1,/apollo/perception/obstacles,1023,0,1785125215818664122,0,72068507549828095,2,657892,657978
202607271206,e2e_trace_v3,3395,17293833482614604756,0,prediction,out,6035426673760,1,/apollo/prediction,0,746,1785125215818664122,0,72068507549828095,2,657892,657978
202607271206,e2e_trace_v3,3396,17293833482614604757,0,prediction,in,6035528760800,1,/apollo/perception/obstacles,1024,0,1785125215918744360,0,72068507549828096,2,657892,657965
202607271206,e2e_trace_v3,3407,17293833482614604757,0,prediction,out,6035531700960,1,/apollo/prediction,0,747,1785125215918744360,0,72068507549828096,2,657892,657965
202607271206,e2e_trace_v3,3408,17293833482614604758,0,prediction,in,6035630425824,1,/apollo/perception/obstacles,1025,0,1785125216019329209,0,72068507549828097,2,657892,657967
202607271206,e2e_trace_v3,3419,17293833482614604758,0,prediction,out,6035642786880,1,/apollo/prediction,0,748,1785125216019329209,0,72068507549828097,2,657892,657967
202607271206,e2e_trace_v3,3420,17293833482614604759,0,prediction,in,6035738099104,1,/apollo/perception/obstacles,1026,0,1785125216119223202,0,72068507549828098,2,657892,657964
202607271206,e2e_trace_v3,3431,17293833482614604759,0,prediction,out,6035740582688,1,/apollo/prediction,0,749,1785125216119223202,0,72068507549828098,2,657892,657964
202607271206,e2e_trace_v3,3432,17293833482614604760,0,prediction,in,6035828532736,1,/apollo/perception/obstacles,1027,0,1785125216219467857,0,72068507549828099,2,657892,657971
202607271206,e2e_trace_v3,3443,17293833482614604760,0,prediction,out,6035831288832,1,/apollo/prediction,0,750,1785125216219467857,0,72068507549828099,2,657892,657971
202607271206,e2e_trace_v3,3444,17293833482614604761,0,prediction,in,6035919657408,1,/apollo/perception/obstacles,1028,0,1785125216318826465,0,72068507549828100,2,657892,657966
202607271206,e2e_trace_v3,3455,17293833482614604761,0,prediction,out,6035926859424,1,/apollo/prediction,0,751,1785125216318826465,0,72068507549828100,2,657892,657966
202607271206,e2e_trace_v3,3456,17293833482614604762,0,prediction,in,6036014808224,1,/apollo/perception/obstacles,1029,0,1785125216418425449,0,72068507549828101,2,657892,657972
202607271206,e2e_trace_v3,3467,17293833482614604762,0,prediction,out,6036018256992,1,/apollo/prediction,0,752,1785125216418425449,0,72068507549828101,2,657892,657972
202607271206,e2e_trace_v3,3468,17293833482614604763,0,prediction,in,6036132219840,1,/apollo/perception/obstacles,1030,0,1785125216518605812,0,72068507549828102,2,657892,657970
202607271206,e2e_trace_v3,3479,17293833482614604763,0,prediction,out,6036138637536,1,/apollo/prediction,0,753,1785125216518605812,0,72068507549828102,2,657892,657970
202607271206,e2e_trace_v3,3480,17293833482614604764,0,prediction,in,6036220492416,1,/apollo/perception/obstacles,1031,0,1785125216619148601,0,72068507549828103,2,657892,657968
202607271206,e2e_trace_v3,3491,17293833482614604764,0,prediction,out,6036223222784,1,/apollo/prediction,0,754,1785125216619148601,0,72068507549828103,2,657892,657968
202607271206,e2e_trace_v3,3492,17293833482614604765,0,prediction,in,6036313134912,1,/apollo/perception/obstacles,1032,0,1785125216718540454,0,72068507549828104,2,657892,657967
202607271206,e2e_trace_v3,3503,17293833482614604765,0,prediction,out,6036315582656,1,/apollo/prediction,0,755,1785125216718540454,0,72068507549828104,2,657892,657967
202607271206,e2e_trace_v3,3504,17293833482614604766,0,prediction,in,6036411284384,1,/apollo/perception/obstacles,1033,0,1785125216818531228,0,72068507549828105,2,657892,657976
202607271206,e2e_trace_v3,3515,17293833482614604766,0,prediction,out,6036418645024,1,/apollo/prediction,0,756,1785125216818531228,0,72068507549828105,2,657892,657976
202607271206,e2e_trace_v3,3516,17293833482614604767,0,prediction,in,6036517953024,1,/apollo/perception/obstacles,1034,0,1785125216918636276,0,72068507549828106,2,657892,657970
202607271206,e2e_trace_v3,3527,17293833482614604767,0,prediction,out,6036522869184,1,/apollo/prediction,0,757,1785125216918636276,0,72068507549828106,2,657892,657970
202607271206,e2e_trace_v3,3528,17293833482614604768,0,prediction,in,6036626994144,1,/apollo/perception/obstacles,1035,0,1785125217019366422,0,72068507549828107,2,657892,657965
202607271206,e2e_trace_v3,3539,17293833482614604768,0,prediction,out,6036630205696,1,/apollo/prediction,0,758,1785125217019366422,0,72068507549828107,2,657892,657965
202607271206,e2e_trace_v3,3540,17293833482614604769,0,prediction,in,6036718476640,1,/apollo/perception/obstacles,1036,0,1785125217119376549,0,72068507549828108,2,657892,657967
202607271206,e2e_trace_v3,3551,17293833482614604769,0,prediction,out,6036730618816,1,/apollo/prediction,0,759,1785125217119376549,0,72068507549828108,2,657892,657967
202607271206,e2e_trace_v3,3552,17293833482614604770,0,prediction,in,6036818704736,1,/apollo/perception/obstacles,1037,0,1785125217218859297,0,72068507549828109,2,657892,657966
202607271206,e2e_trace_v3,3563,17293833482614604770,0,prediction,out,6036825609088,1,/apollo/prediction,0,760,1785125217218859297,0,72068507549828109,2,657892,657966
202607271206,e2e_trace_v3,3564,17293833482614604771,0,prediction,in,6036937668480,1,/apollo/perception/obstacles,1038,0,1785125217319354100,0,72068507549828110,2,657892,657971
202607271206,e2e_trace_v3,3575,17293833482614604771,0,prediction,out,6036940227904,1,/apollo/prediction,0,761,1785125217319354100,0,72068507549828110,2,657892,657971
202607271206,e2e_trace_v3,3576,17293833482614604772,0,prediction,in,6037029216160,1,/apollo/perception/obstacles,1039,0,1785125217418863304,0,72068507549828111,2,657892,657963
202607271206,e2e_trace_v3,3587,17293833482614604772,0,prediction,out,6037032319296,1,/apollo/prediction,0,762,1785125217418863304,0,72068507549828111,2,657892,657963
202607271206,e2e_trace_v3,3588,17293833482614604773,0,prediction,in,6037128502112,1,/apollo/perception/obstacles,1040,0,1785125217519050101,0,72068507549828112,2,657892,657972
202607271206,e2e_trace_v3,3599,17293833482614604773,0,prediction,out,6037138718880,1,/apollo/prediction,0,763,1785125217519050101,0,72068507549828112,2,657892,657972
202607271206,e2e_trace_v3,3600,17293833482614604774,0,prediction,in,6037232395072,1,/apollo/perception/obstacles,1041,0,1785125217618908046,0,72068507549828113,2,657892,657973
202607271206,e2e_trace_v3,3611,17293833482614604774,0,prediction,out,6037238582080,1,/apollo/prediction,0,764,1785125217618908046,0,72068507549828113,2,657892,657973
202607271206,e2e_trace_v3,3612,17293833482614604775,0,prediction,in,6037321776960,1,/apollo/perception/obstacles,1042,0,1785125217718668482,0,72068507549828114,2,657892,657977
202607271206,e2e_trace_v3,3623,17293833482614604775,0,prediction,out,6037324541088,1,/apollo/prediction,0,765,1785125217718668482,0,72068507549828114,2,657892,657977
202607271206,e2e_trace_v3,3624,17293833482614604776,0,prediction,in,6037426394368,1,/apollo/perception/obstacles,1043,0,1785125217819101516,0,72068507549828115,2,657892,657964
202607271206,e2e_trace_v3,3635,17293833482614604776,0,prediction,out,6037429060672,1,/apollo/prediction,0,766,1785125217819101516,0,72068507549828115,2,657892,657964
202607271206,e2e_trace_v3,3636,17293833482614604777,0,prediction,in,6037521855200,1,/apollo/perception/obstacles,1044,0,1785125217919702465,0,72068507549828116,2,657892,657968
202607271206,e2e_trace_v3,3647,17293833482614604777,0,prediction,out,6037524861888,1,/apollo/prediction,0,767,1785125217919702465,0,72068507549828116,2,657892,657968
202607271206,e2e_trace_v3,3648,17293833482614604778,0,prediction,in,6037619890496,1,/apollo/perception/obstacles,1045,0,1785125218018826685,0,72068507549828117,2,657892,657971
202607271206,e2e_trace_v3,3659,17293833482614604778,0,prediction,out,6037623008416,1,/apollo/prediction,0,768,1785125218018826685,0,72068507549828117,2,657892,657971
202607271206,e2e_trace_v3,3660,17293833482614604779,0,prediction,in,6037729023616,1,/apollo/perception/obstacles,1046,0,1785125218118812825,0,72068507549828118,2,657892,657976
202607271206,e2e_trace_v3,3671,17293833482614604779,0,prediction,out,6037738664576,1,/apollo/prediction,0,769,1785125218118812825,0,72068507549828118,2,657892,657976
202607271206,e2e_trace_v3,3672,17293833482614604780,0,prediction,in,6037820791456,1,/apollo/perception/obstacles,1047,0,1785125218218563355,0,72068507549828119,2,657892,657972
202607271206,e2e_trace_v3,3683,17293833482614604780,0,prediction,out,6037826698432,1,/apollo/prediction,0,770,1785125218218563355,0,72068507549828119,2,657892,657972
202607271206,e2e_trace_v3,3684,17293833482614604781,0,prediction,in,6037927846400,1,/apollo/perception/obstacles,1048,0,1785125218319376148,0,72068507549828120,2,657892,657971
202607271206,e2e_trace_v3,3695,17293833482614604781,0,prediction,out,6037941433280,1,/apollo/prediction,0,771,1785125218319376148,0,72068507549828120,2,657892,657971
202607271206,e2e_trace_v3,3696,17293833482614604782,0,prediction,in,6038025170976,1,/apollo/perception/obstacles,1049,0,1785125218419249585,0,72068507549828121,2,657892,657963
202607271206,e2e_trace_v3,3707,17293833482614604782,0,prediction,out,6038027963456,1,/apollo/prediction,0,772,1785125218419249585,0,72068507549828121,2,657892,657963
202607271206,e2e_trace_v3,3708,17293833482614604783,0,prediction,in,6038120562912,1,/apollo/perception/obstacles,1050,0,1785125218518631514,0,72068507549828122,2,657892,657972
202607271206,e2e_trace_v3,3719,17293833482614604783,0,prediction,out,6038123429952,1,/apollo/prediction,0,773,1785125218518631514,0,72068507549828122,2,657892,657972
202607271206,e2e_trace_v3,3720,17293833482614604784,0,prediction,in,6038226630784,1,/apollo/perception/obstacles,1051,0,1785125218619131360,0,72068507549828123,2,657892,657978
202607271206,e2e_trace_v3,3731,17293833482614604784,0,prediction,out,6038229120544,1,/apollo/prediction,0,774,1785125218619131360,0,72068507549828123,2,657892,657978
202607271206,e2e_trace_v3,3732,17293833482614604785,0,prediction,in,6038313055648,1,/apollo/perception/obstacles,1052,0,1785125218719656040,0,72068507549828124,2,657892,657972
202607271206,e2e_trace_v3,3743,17293833482614604785,0,prediction,out,6038315736224,1,/apollo/prediction,0,775,1785125218719656040,0,72068507549828124,2,657892,657972
202607271206,e2e_trace_v3,3744,17293833482614604786,0,prediction,in,6038414303200,1,/apollo/perception/obstacles,1053,0,1785125218819229435,0,72068507549828125,2,657892,657976
202607271206,e2e_trace_v3,3755,17293833482614604786,0,prediction,out,6038417201504,1,/apollo/prediction,0,776,1785125218819229435,0,72068507549828125,2,657892,657976
202607271206,e2e_trace_v3,3756,17293833482614604787,0,prediction,in,6038516025312,1,/apollo/perception/obstacles,1054,0,1785125218919246621,0,72068507549828126,2,657892,657976
202607271206,e2e_trace_v3,3767,17293833482614604787,0,prediction,out,6038522819264,1,/apollo/prediction,0,777,1785125218919246621,0,72068507549828126,2,657892,657976
202607271206,e2e_trace_v3,3768,17293833482614604788,0,prediction,in,6038613984896,1,/apollo/perception/obstacles,1055,0,1785125219018810987,0,72068507549828127,2,657892,657964
202607271206,e2e_trace_v3,3779,17293833482614604788,0,prediction,out,6038616982016,1,/apollo/prediction,0,778,1785125219018810987,0,72068507549828127,2,657892,657964
202607271206,e2e_trace_v3,3780,17293833482614604789,0,prediction,in,6038723659456,1,/apollo/perception/obstacles,1056,0,1785125219118994763,0,72068507549828128,2,657892,657975
202607271206,e2e_trace_v3,3791,17293833482614604789,0,prediction,out,6038729865280,1,/apollo/prediction,0,779,1785125219118994763,0,72068507549828128,2,657892,657975
202607271206,e2e_trace_v3,3792,17293833482614604790,0,prediction,in,6038814239808,1,/apollo/perception/obstacles,1057,0,1785125219218647339,0,72068507549828129,2,657892,657975
202607271206,e2e_trace_v3,3803,17293833482614604790,0,prediction,out,6038817252448,1,/apollo/prediction,0,780,1785125219218647339,0,72068507549828129,2,657892,657975
202607271206,e2e_trace_v3,3804,17293833482614604791,0,prediction,in,6038917394656,1,/apollo/perception/obstacles,1058,0,1785125219318985734,0,72068507549828130,2,657892,657968
202607271206,e2e_trace_v3,3815,17293833482614604791,0,prediction,out,6038920128672,1,/apollo/prediction,0,781,1785125219318985734,0,72068507549828130,2,657892,657968
202607271206,e2e_trace_v3,3816,17293833482614604792,0,prediction,in,6039025098208,1,/apollo/perception/obstacles,1059,0,1785125219418937841,0,72068507549828131,2,657892,657967
202607271206,e2e_trace_v3,3827,17293833482614604792,0,prediction,out,6039030818208,1,/apollo/prediction,0,782,1785125219418937841,0,72068507549828131,2,657892,657967
202607271206,e2e_trace_v3,3828,17293833482614604793,0,prediction,in,6039144795712,1,/apollo/perception/obstacles,1060,0,1785125219519126656,0,72068507549828132,2,657892,657974
202607271206,e2e_trace_v3,3839,17293833482614604793,0,prediction,out,6039150821376,1,/apollo/prediction,0,783,1785125219519126656,0,72068507549828132,2,657892,657974
202607271206,e2e_trace_v3,3840,17293833482614604794,0,prediction,in,6039239846208,1,/apollo/perception/obstacles,1061,0,1785125219619410561,0,72068507549828133,2,657892,657966
202607271206,e2e_trace_v3,3851,17293833482614604794,0,prediction,out,6039242601632,1,/apollo/prediction,0,784,1785125219619410561,0,72068507549828133,2,657892,657966
202607271206,e2e_trace_v3,3852,17293833482614604795,0,prediction,in,6039327762848,1,/apollo/perception/obstacles,1062,0,1785125219719800100,0,72068507549828134,2,657892,657974
202607271206,e2e_trace_v3,3863,17293833482614604795,0,prediction,out,6039334604224,1,/apollo/prediction,0,785,1785125219719800100,0,72068507549828134,2,657892,657974
202607271206,e2e_trace_v3,3864,17293833482614604796,0,prediction,in,6039419347808,1,/apollo/perception/obstacles,1063,0,1785125219819267940,0,72068507549828135,2,657892,657975
202607271206,e2e_trace_v3,3875,17293833482614604796,0,prediction,out,6039422075712,1,/apollo/prediction,0,786,1785125219819267940,0,72068507549828135,2,657892,657975
202607271206,e2e_trace_v3,3876,17293833482614604797,0,prediction,in,6039516933952,1,/apollo/perception/obstacles,1064,0,1785125219919301780,0,72068507549828136,2,657892,657975
202607271206,e2e_trace_v3,3887,17293833482614604797,0,prediction,out,6039522584864,1,/apollo/prediction,0,787,1785125219919301780,0,72068507549828136,2,657892,657975
202607271206,e2e_trace_v3,3888,17293833482614604798,0,prediction,in,6039728984576,1,/apollo/perception/obstacles,1066,0,1785125220118708301,0,72068507549828138,2,657892,657963
202607271206,e2e_trace_v3,3899,17293833482614604798,0,prediction,out,6039732335616,1,/apollo/prediction,0,788,1785125220118708301,0,72068507549828138,2,657892,657963
202607271206,e2e_trace_v3,3900,17293833482614604799,0,prediction,in,6039822915168,1,/apollo/perception/obstacles,1067,0,1785125220219239393,0,72068507549828139,2,657892,657965
202607271206,e2e_trace_v3,3911,17293833482614604799,0,prediction,out,6039825677696,1,/apollo/prediction,0,789,1785125220219239393,0,72068507549828139,2,657892,657965
202607271206,e2e_trace_v3,3912,17293833482614604800,0,prediction,in,6039947276352,1,/apollo/perception/obstacles,1068,0,1785125220320198582,0,72068507549828140,2,657892,657963
202607271206,e2e_trace_v3,3923,17293833482614604800,0,prediction,out,6039949938368,1,/apollo/prediction,0,790,1785125220320198582,0,72068507549828140,2,657892,657963
202607271206,e2e_trace_v3,3924,17293833482614604801,0,prediction,in,6040035615584,1,/apollo/perception/obstacles,1069,0,1785125220418672117,0,72068507549828141,2,657892,657978
202607271206,e2e_trace_v3,3935,17293833482614604801,0,prediction,out,6040039547680,1,/apollo/prediction,0,791,1785125220418672117,0,72068507549828141,2,657892,657978
202607271206,e2e_trace_v3,3936,17293833482614604802,0,prediction,in,6040125083840,1,/apollo/perception/obstacles,1070,0,1785125220518590820,0,72068507549828142,2,657892,657969
202607271206,e2e_trace_v3,3947,17293833482614604802,0,prediction,out,6040130357504,1,/apollo/prediction,0,792,1785125220518590820,0,72068507549828142,2,657892,657969
202607271206,e2e_trace_v3,3948,17293833482614604803,0,prediction,in,6040218858176,1,/apollo/perception/obstacles,1071,0,1785125220619829495,0,72068507549828143,2,657892,657973
202607271206,e2e_trace_v3,3959,17293833482614604803,0,prediction,out,6040221344896,1,/apollo/prediction,0,793,1785125220619829495,0,72068507549828143,2,657892,657973
202607271206,e2e_trace_v3,3960,17293833482614604804,0,prediction,in,6040320359840,1,/apollo/perception/obstacles,1072,0,1785125220719620806,0,72068507549828144,2,657892,657964
202607271206,e2e_trace_v3,3971,17293833482614604804,0,prediction,out,6040322888224,1,/apollo/prediction,0,794,1785125220719620806,0,72068507549828144,2,657892,657964
202607271206,e2e_trace_v3,3972,17293833482614604805,0,prediction,in,6040410628096,1,/apollo/perception/obstacles,1073,0,1785125220818804208,0,72068507549828145,2,657892,657972
202607271206,e2e_trace_v3,3983,17293833482614604805,0,prediction,out,6040418740992,1,/apollo/prediction,0,795,1785125220818804208,0,72068507549828145,2,657892,657972
202607271206,e2e_trace_v3,3984,17293833482614604806,0,prediction,in,6040510297568,1,/apollo/perception/obstacles,1074,0,1785125220918963355,0,72068507549828146,2,657892,657974
202607271206,e2e_trace_v3,3995,17293833482614604806,0,prediction,out,6040532914688,1,/apollo/prediction,0,796,1785125220918963355,0,72068507549828146,2,657892,657974
202607271206,e2e_trace_v3,3996,17293833482614604807,0,prediction,in,6040613236000,1,/apollo/perception/obstacles,1075,0,1785125221018914248,0,72068507549828147,2,657892,657964
202607271206,e2e_trace_v3,4007,17293833482614604807,0,prediction,out,6040616675008,1,/apollo/prediction,0,797,1785125221018914248,0,72068507549828147,2,657892,657964
202607271206,e2e_trace_v3,4008,17293833482614604808,0,prediction,in,6040712224864,1,/apollo/perception/obstacles,1076,0,1785125221119009397,0,72068507549828148,2,657892,657975
202607271206,e2e_trace_v3,4019,17293833482614604808,0,prediction,out,6040718567680,1,/apollo/prediction,0,798,1785125221119009397,0,72068507549828148,2,657892,657975
202607271206,e2e_trace_v3,4020,17293833482614604809,0,prediction,in,6040823868000,1,/apollo/perception/obstacles,1077,0,1785125221219079443,0,72068507549828149,2,657892,657967
202607271206,e2e_trace_v3,4031,17293833482614604809,0,prediction,out,6040826277408,1,/apollo/prediction,0,799,1785125221219079443,0,72068507549828149,2,657892,657967
202607271206,e2e_trace_v3,4032,17293833482614604810,0,prediction,in,6040914492864,1,/apollo/perception/obstacles,1078,0,1785125221319299011,0,72068507549828150,2,657892,657975
202607271206,e2e_trace_v3,4043,17293833482614604810,0,prediction,out,6040922555904,1,/apollo/prediction,0,800,1785125221319299011,0,72068507549828150,2,657892,657975
202607271206,e2e_trace_v3,4044,17293833482614604811,0,prediction,in,6041021045760,1,/apollo/perception/obstacles,1079,0,1785125221418856467,0,72068507549828151,2,657892,657965
202607271206,e2e_trace_v3,4055,17293833482614604811,0,prediction,out,6041023957056,1,/apollo/prediction,0,801,1785125221418856467,0,72068507549828151,2,657892,657965
202607271206,e2e_trace_v3,4056,17293833482614604812,0,prediction,in,6041124155104,1,/apollo/perception/obstacles,1080,0,1785125221518773202,0,72068507549828152,2,657892,657970
202607271206,e2e_trace_v3,4067,17293833482614604812,0,prediction,out,6041132940000,1,/apollo/prediction,0,802,1785125221518773202,0,72068507549828152,2,657892,657970
202607271206,e2e_trace_v3,4068,17293833482614604813,0,prediction,in,6041227081024,1,/apollo/perception/obstacles,1081,0,1785125221619193556,0,72068507549828153,2,657892,657972
202607271206,e2e_trace_v3,4079,17293833482614604813,0,prediction,out,6041234711584,1,/apollo/prediction,0,803,1785125221619193556,0,72068507549828153,2,657892,657972
202607271206,e2e_trace_v3,4080,17293833482614604814,0,prediction,in,6041322023776,1,/apollo/perception/obstacles,1082,0,1785125221718863613,0,72068507549828154,2,657892,657976
202607271206,e2e_trace_v3,4091,17293833482614604814,0,prediction,out,6041330537344,1,/apollo/prediction,0,804,1785125221718863613,0,72068507549828154,2,657892,657976
202607271206,e2e_trace_v3,4092,17293833482614604815,0,prediction,in,6041427865664,1,/apollo/perception/obstacles,1083,0,1785125221819148304,0,72068507549828155,2,657892,657971
202607271206,e2e_trace_v3,4103,17293833482614604815,0,prediction,out,6041430604128,1,/apollo/prediction,0,805,1785125221819148304,0,72068507549828155,2,657892,657971
202607271206,e2e_trace_v3,4104,17293833482614604816,0,prediction,in,6041522449952,1,/apollo/perception/obstacles,1084,0,1785125221919016458,0,72068507549828156,2,657892,657974
202607271206,e2e_trace_v3,4115,17293833482614604816,0,prediction,out,6041534531488,1,/apollo/prediction,0,806,1785125221919016458,0,72068507549828156,2,657892,657974
202607271206,e2e_trace_v3,4116,17293833482614604817,0,prediction,in,6041622304224,1,/apollo/perception/obstacles,1085,0,1785125222019004872,0,72068507549828157,2,657892,657965
202607271206,e2e_trace_v3,4127,17293833482614604817,0,prediction,out,6041625582048,1,/apollo/prediction,0,807,1785125222019004872,0,72068507549828157,2,657892,657965
202607271206,e2e_trace_v3,4128,17293833482614604818,0,prediction,in,6041712794624,1,/apollo/perception/obstacles,1086,0,1785125222119619711,0,72068507549828158,2,657892,657970
202607271206,e2e_trace_v3,4139,17293833482614604818,0,prediction,out,6041716554304,1,/apollo/prediction,0,808,1785125222119619711,0,72068507549828158,2,657892,657970
202607271206,e2e_trace_v3,4140,17293833482614604819,0,prediction,in,6041820653888,1,/apollo/perception/obstacles,1087,0,1785125222218652511,0,72068507549828159,2,657892,657969
202607271206,e2e_trace_v3,4151,17293833482614604819,0,prediction,out,6041823699776,1,/apollo/prediction,0,809,1785125222218652511,0,72068507549828159,2,657892,657969
202607271206,e2e_trace_v3,4152,17293833482614604820,0,prediction,in,6041915600224,1,/apollo/perception/obstacles,1088,0,1785125222319317707,0,72068507549828160,2,657892,657968
202607271206,e2e_trace_v3,4163,17293833482614604820,0,prediction,out,6041922716352,1,/apollo/prediction,0,810,1785125222319317707,0,72068507549828160,2,657892,657968
202607271206,e2e_trace_v3,4164,17293833482614604821,0,prediction,in,6042033848480,1,/apollo/perception/obstacles,1089,0,1785125222418661193,0,72068507549828161,2,657892,657975
202607271206,e2e_trace_v3,4175,17293833482614604821,0,prediction,out,6042037172576,1,/apollo/prediction,0,811,1785125222418661193,0,72068507549828161,2,657892,657975
202607271206,e2e_trace_v3,4176,17293833482614604822,0,prediction,in,6042120877472,1,/apollo/perception/obstacles,1090,0,1785125222518426541,0,72068507549828162,2,657892,657973
202607271206,e2e_trace_v3,4187,17293833482614604822,0,prediction,out,6042124100096,1,/apollo/prediction,0,812,1785125222518426541,0,72068507549828162,2,657892,657973
202607271206,e2e_trace_v3,4188,17293833482614604823,0,prediction,in,6042234850592,1,/apollo/perception/obstacles,1091,0,1785125222618543855,0,72068507549828163,2,657892,657970
202607271206,e2e_trace_v3,4199,17293833482614604823,0,prediction,out,6042238578304,1,/apollo/prediction,0,813,1785125222618543855,0,72068507549828163,2,657892,657970
202607271206,e2e_trace_v3,4200,17293833482614604824,0,prediction,in,6042327411456,1,/apollo/perception/obstacles,1092,0,1785125222718482106,0,72068507549828164,2,657892,657973
202607271206,e2e_trace_v3,4211,17293833482614604824,0,prediction,out,6042330045120,1,/apollo/prediction,0,814,1785125222718482106,0,72068507549828164,2,657892,657973
202607271206,e2e_trace_v3,4212,17293833482614604825,0,prediction,in,6042421604352,1,/apollo/perception/obstacles,1093,0,1785125222818929586,0,72068507549828165,2,657892,657969
202607271206,e2e_trace_v3,4223,17293833482614604825,0,prediction,out,6042424039776,1,/apollo/prediction,0,815,1785125222818929586,0,72068507549828165,2,657892,657969
202607271206,e2e_trace_v3,4224,17293833482614604826,0,prediction,in,6042513696768,1,/apollo/perception/obstacles,1094,0,1785125222919051262,0,72068507549828166,2,657892,657970
202607271206,e2e_trace_v3,4235,17293833482614604826,0,prediction,out,6042522549376,1,/apollo/prediction,0,816,1785125222919051262,0,72068507549828166,2,657892,657970
202607271206,e2e_trace_v3,4236,17293833482614604827,0,prediction,in,6042614031712,1,/apollo/perception/obstacles,1095,0,1785125223018883844,0,72068507549828167,2,657892,657973
202607271206,e2e_trace_v3,4247,17293833482614604827,0,prediction,out,6042617036736,1,/apollo/prediction,0,817,1785125223018883844,0,72068507549828167,2,657892,657973
202607271206,e2e_trace_v3,4248,17293833482614604828,0,prediction,in,6042716877824,1,/apollo/perception/obstacles,1096,0,1785125223118842667,0,72068507549828168,2,657892,657968
202607271206,e2e_trace_v3,4259,17293833482614604828,0,prediction,out,6042725567104,1,/apollo/prediction,0,818,1785125223118842667,0,72068507549828168,2,657892,657968
202607271206,e2e_trace_v3,4260,17293833482614604829,0,prediction,in,6042820837120,1,/apollo/perception/obstacles,1097,0,1785125223218801534,0,72068507549828169,2,657892,657970
202607271206,e2e_trace_v3,4271,17293833482614604829,0,prediction,out,6042823971264,1,/apollo/prediction,0,819,1785125223218801534,0,72068507549828169,2,657892,657970
202607271206,e2e_trace_v3,4272,17293833482614604830,0,prediction,in,6042926867232,1,/apollo/perception/obstacles,1098,0,1785125223318634724,0,72068507549828170,2,657892,657972
202607271206,e2e_trace_v3,4283,17293833482614604830,0,prediction,out,6042929642272,1,/apollo/prediction,0,820,1785125223318634724,0,72068507549828170,2,657892,657972
202607271206,e2e_trace_v3,4284,17293833482614604831,0,prediction,in,6043039752000,1,/apollo/perception/obstacles,1099,0,1785125223419121198,0,72068507549828171,2,657892,657967
202607271206,e2e_trace_v3,4295,17293833482614604831,0,prediction,out,6043051095648,1,/apollo/prediction,0,821,1785125223419121198,0,72068507549828171,2,657892,657967
202607271206,e2e_trace_v3,4296,17293833482614604832,0,prediction,in,6043146362560,1,/apollo/perception/obstacles,1100,0,1785125223518597530,0,72068507549828172,2,657892,657978
202607271206,e2e_trace_v3,4307,17293833482614604832,0,prediction,out,6043150924480,1,/apollo/prediction,0,822,1785125223518597530,0,72068507549828172,2,657892,657978
202607271206,e2e_trace_v3,4308,17293833482614604833,0,prediction,in,6043251352288,1,/apollo/perception/obstacles,1101,0,1785125223618521047,0,72068507549828173,2,657892,657976
202607271206,e2e_trace_v3,4319,17293833482614604833,0,prediction,out,6043254602144,1,/apollo/prediction,0,823,1785125223618521047,0,72068507549828173,2,657892,657976
202607271206,e2e_trace_v3,4320,17293833482614604834,0,prediction,in,6043351021568,1,/apollo/perception/obstacles,1102,0,1785125223721314179,0,72068507549828174,2,657892,657968
202607271206,e2e_trace_v3,4331,17293833482614604834,0,prediction,out,6043362892928,1,/apollo/prediction,0,824,1785125223721314179,0,72068507549828174,2,657892,657968
202607271206,e2e_trace_v3,4332,17293833482614604835,0,prediction,in,6043438108928,1,/apollo/perception/obstacles,1103,0,1785125223823337282,0,72068507549828175,2,657892,657967
202607271206,e2e_trace_v3,4343,17293833482614604835,0,prediction,out,6043440651008,1,/apollo/prediction,0,825,1785125223823337282,0,72068507549828175,2,657892,657967
202607271206,e2e_trace_v3,4344,17293833482614604836,0,prediction,in,6043525997184,1,/apollo/perception/obstacles,1104,0,1785125223918607670,0,72068507549828176,2,657892,657966
202607271206,e2e_trace_v3,4355,17293833482614604836,0,prediction,out,6043534496608,1,/apollo/prediction,0,826,1785125223918607670,0,72068507549828176,2,657892,657966
202607271206,e2e_trace_v3,4356,17293833482614604837,0,prediction,in,6043616307040,1,/apollo/perception/obstacles,1105,0,1785125224018864040,0,72068507549828177,2,657892,657963
202607271206,e2e_trace_v3,4367,17293833482614604837,0,prediction,out,6043619024640,1,/apollo/prediction,0,827,1785125224018864040,0,72068507549828177,2,657892,657963
202607271206,e2e_trace_v3,4368,17293833482614604838,0,prediction,in,6043718600384,1,/apollo/perception/obstacles,1106,0,1785125224118616036,0,72068507549828178,2,657892,657970
202607271206,e2e_trace_v3,4379,17293833482614604838,0,prediction,out,6043722556160,1,/apollo/prediction,0,828,1785125224118616036,0,72068507549828178,2,657892,657970
202607271206,e2e_trace_v3,4380,17293833482614604839,0,prediction,in,6043819438784,1,/apollo/perception/obstacles,1107,0,1785125224218878669,0,72068507549828179,2,657892,657977
202607271206,e2e_trace_v3,4391,17293833482614604839,0,prediction,out,6043822027936,1,/apollo/prediction,0,829,1785125224218878669,0,72068507549828179,2,657892,657977
202607271206,e2e_trace_v3,4392,17293833482614604840,0,prediction,in,6043920741792,1,/apollo/perception/obstacles,1108,0,1785125224318565426,0,72068507549828180,2,657892,657964
202607271206,e2e_trace_v3,4403,17293833482614604840,0,prediction,out,6043923355040,1,/apollo/prediction,0,830,1785125224318565426,0,72068507549828180,2,657892,657964
202607271206,e2e_trace_v3,4404,17293833482614604841,0,prediction,in,6044019138976,1,/apollo/perception/obstacles,1109,0,1785125224419099472,0,72068507549828181,2,657892,657969
202607271206,e2e_trace_v3,4415,17293833482614604841,0,prediction,out,6044022710720,1,/apollo/prediction,0,831,1785125224419099472,0,72068507549828181,2,657892,657969
202607271206,e2e_trace_v3,4416,17293833482614604842,0,prediction,in,6044131945984,1,/apollo/perception/obstacles,1110,0,1785125224519325634,0,72068507549828182,2,657892,657975
202607271206,e2e_trace_v3,4427,17293833482614604842,0,prediction,out,6044134999200,1,/apollo/prediction,0,832,1785125224519325634,0,72068507549828182,2,657892,657975
202607271206,e2e_trace_v3,4428,17293833482614604843,0,prediction,in,6044235496768,1,/apollo/perception/obstacles,1111,0,1785125224619015074,0,72068507549828183,2,657892,657976
202607271206,e2e_trace_v3,4439,17293833482614604843,0,prediction,out,6044238566336,1,/apollo/prediction,0,833,1785125224619015074,0,72068507549828183,2,657892,657976
202607271206,e2e_trace_v3,4440,17293833482614604844,0,prediction,in,6044330138656,1,/apollo/perception/obstacles,1112,0,1785125224719401443,0,72068507549828184,2,657892,657968
202607271206,e2e_trace_v3,4451,17293833482614604844,0,prediction,out,6044342814304,1,/apollo/prediction,0,834,1785125224719401443,1,72068507549828184,2,657892,657968
202607271206,e2e_trace_v3,4452,17293833482614604845,0,prediction,in,6044431923712,1,/apollo/perception/obstacles,1113,0,1785125224819470764,0,72068507549828185,2,657892,657967
202607271206,e2e_trace_v3,4463,17293833482614604845,0,prediction,out,6044438596896,1,/apollo/prediction,0,835,1785125224819470764,0,72068507549828185,2,657892,657967
202607271206,e2e_trace_v3,4464,17293833482614604846,0,prediction,in,6044522177216,1,/apollo/perception/obstacles,1114,0,1785125224918600987,0,72068507549828186,2,657892,657973
202607271206,e2e_trace_v3,4475,17293833482614604846,0,prediction,out,6044530529056,1,/apollo/prediction,0,836,1785125224918600987,0,72068507549828186,2,657892,657973
202607271206,e2e_trace_v3,4476,17293833482614604847,0,prediction,in,6044621397152,1,/apollo/perception/obstacles,1115,0,1785125225019009475,0,72068507549828187,2,657892,657977
202607271206,e2e_trace_v3,4487,17293833482614604847,0,prediction,out,6044630480480,1,/apollo/prediction,0,837,1785125225019009475,1,72068507549828187,2,657892,657977
202607271206,e2e_trace_v3,4488,17293833482614604848,0,prediction,in,6044716392512,1,/apollo/perception/obstacles,1116,0,1785125225118630842,0,72068507549828188,2,657892,657976
202607271206,e2e_trace_v3,4499,17293833482614604848,0,prediction,out,6044731095776,1,/apollo/prediction,0,838,1785125225118630842,0,72068507549828188,2,657892,657976
202607271206,e2e_trace_v3,4500,17293833482614604849,0,prediction,in,6044819005728,1,/apollo/perception/obstacles,1117,0,1785125225219214642,0,72068507549828189,2,657892,657973
202607271206,e2e_trace_v3,4511,17293833482614604849,0,prediction,out,6044823159840,1,/apollo/prediction,0,839,1785125225219214642,1,72068507549828189,2,657892,657973
202607271206,e2e_trace_v3,4512,17293833482614604850,0,prediction,in,6044914200992,1,/apollo/perception/obstacles,1118,0,1785125225318841794,0,72068507549828190,2,657892,657975
202607271206,e2e_trace_v3,4523,17293833482614604850,0,prediction,out,6044923094240,1,/apollo/prediction,0,840,1785125225318841794,1,72068507549828190,2,657892,657975
202607271206,e2e_trace_v3,4524,17293833482614604851,0,prediction,in,6045075757664,1,/apollo/perception/obstacles,1119,0,1785125225418441701,0,72068507549828191,2,657892,657978
202607271206,e2e_trace_v3,4535,17293833482614604851,0,prediction,out,6045082778016,1,/apollo/prediction,0,841,1785125225418441701,2,72068507549828191,2,657892,657978
202607271206,e2e_trace_v3,4536,17293833482614604852,0,prediction,in,6045168597888,1,/apollo/perception/obstacles,1120,0,1785125225545793666,0,72068507549828192,2,657892,657976
202607271206,e2e_trace_v3,4547,17293833482614604852,0,prediction,out,6045172595264,1,/apollo/prediction,0,842,1785125225545793666,1,72068507549828192,2,657892,657976
202607271206,e2e_trace_v3,4548,17293833482614604853,0,prediction,in,6045256454688,1,/apollo/perception/obstacles,1121,0,1785125225628519822,0,72068507549828193,2,657892,657974
202607271206,e2e_trace_v3,4559,17293833482614604853,0,prediction,out,6045260481312,1,/apollo/prediction,0,843,1785125225628519822,2,72068507549828193,2,657892,657974
202607271206,e2e_trace_v3,4560,17293833482614604854,0,prediction,in,6045348385024,1,/apollo/perception/obstacles,1122,0,1785125225719513359,0,72068507549828194,2,657892,657975
202607271206,e2e_trace_v3,4571,17293833482614604854,0,prediction,out,6045351852736,1,/apollo/prediction,0,844,1785125225719513359,2,72068507549828194,2,657892,657975
202607271206,e2e_trace_v3,4572,17293833482614604855,0,prediction,in,6045451486912,1,/apollo/perception/obstacles,1123,0,1785125225820693960,0,72068507549828195,2,657892,657963
202607271206,e2e_trace_v3,4583,17293833482614604855,0,prediction,out,6045454455840,1,/apollo/prediction,0,845,1785125225820693960,1,72068507549828195,2,657892,657963
202607271206,e2e_trace_v3,4584,17293833482614604856,0,prediction,in,6045546149472,1,/apollo/perception/obstacles,1124,0,1785125225918644398,0,72068507549828196,2,657892,657968
202607271206,e2e_trace_v3,4595,17293833482614604856,0,prediction,out,6045549355616,1,/apollo/prediction,0,846,1785125225918644398,0,72068507549828196,2,657892,657968
202607271206,e2e_trace_v3,4596,17293833482614604857,0,prediction,in,6045638154816,1,/apollo/perception/obstacles,1125,0,1785125226018786354,0,72068507549828197,2,657892,657977
202607271206,e2e_trace_v3,4607,17293833482614604857,0,prediction,out,6045646786272,1,/apollo/prediction,0,847,1785125226018786354,1,72068507549828197,2,657892,657977
202607271206,e2e_trace_v3,4608,17293833482614604858,0,prediction,in,6045856879744,1,/apollo/perception/obstacles,1126,0,1785125226119655071,0,72068507549828198,2,657892,657970
202607271206,e2e_trace_v3,4619,17293833482614604858,0,prediction,out,6045864818176,1,/apollo/prediction,0,848,1785125226119655071,1,72068507549828198,2,657892,657970
202607271206,e2e_trace_v3,4620,17293833482614604859,0,prediction,in,6046071257056,1,/apollo/perception/obstacles,1128,0,1785125226319460394,0,72068507549828200,2,657892,657978
202607271206,e2e_trace_v3,4631,17293833482614604859,0,prediction,out,6046075129184,1,/apollo/prediction,0,849,1785125226319460394,2,72068507549828200,2,657892,657978
202607271206,e2e_trace_v3,4632,17293833482614604860,0,prediction,in,6046303111712,1,/apollo/perception/obstacles,1130,0,1785125226520108691,0,72068507549828202,2,657892,657977
202607271206,e2e_trace_v3,4643,17293833482614604860,0,prediction,out,6046313480384,1,/apollo/prediction,0,850,1785125226520108691,1,72068507549828202,2,657892,657977
202607271206,e2e_trace_v3,4644,17293833482614604861,0,prediction,in,6046524779168,1,/apollo/perception/obstacles,1132,0,1785125226719458486,0,72068507549828204,1,657892,657976
202607271206,e2e_trace_v3,4655,17293833482614604861,0,prediction,out,6046527917152,1,/apollo/prediction,0,851,1785125226719458486,1,72068507549828204,1,657892,657976
202607271206,e2e_trace_v3,4656,17293833482614604862,0,prediction,in,6046761958304,1,/apollo/perception/obstacles,1134,0,1785125226920115229,0,72068507549828206,2,657892,657969
202607271206,e2e_trace_v3,4667,17293833482614604862,0,prediction,out,6046765082912,1,/apollo/prediction,0,852,1785125226920115229,0,72068507549828206,2,657892,657969
202607271206,e2e_trace_v3,4668,17293833482614604863,0,prediction,in,6046994840320,1,/apollo/perception/obstacles,1137,0,1785125227219095571,0,72068507549828209,2,657892,657966
202607271206,e2e_trace_v3,4679,17293833482614604863,0,prediction,out,6047003360224,1,/apollo/prediction,0,853,1785125227219095571,1,72068507549828209,2,657892,657966
202607271206,e2e_trace_v3,4680,17293833482614604864,0,prediction,in,6047096359264,1,/apollo/perception/obstacles,1139,0,1785125227419722458,0,72068507549828211,2,657892,657967
202607271206,e2e_trace_v3,4691,17293833482614604864,0,prediction,out,6047100970016,1,/apollo/prediction,0,854,1785125227419722458,1,72068507549828211,2,657892,657967
202607271206,e2e_trace_v3,4692,17293833482614604865,0,prediction,in,6047198855008,1,/apollo/perception/obstacles,1140,0,1785125227518818730,0,72068507549828212,2,657892,657971
202607271206,e2e_trace_v3,4703,17293833482614604865,0,prediction,out,6047203235680,1,/apollo/prediction,0,855,1785125227518818730,1,72068507549828212,2,657892,657971
202607271206,e2e_trace_v3,4704,17293833482614604866,0,prediction,in,6047300277856,1,/apollo/perception/obstacles,1141,0,1785125227618967233,0,72068507549828213,2,657892,657978
202607271206,e2e_trace_v3,4715,17293833482614604866,0,prediction,out,6047307035840,1,/apollo/prediction,0,856,1785125227618967233,1,72068507549828213,2,657892,657978
202607271206,e2e_trace_v3,4716,17293833482614604867,0,prediction,in,6047414021312,1,/apollo/perception/obstacles,1142,0,1785125227718961951,0,72068507549828214,2,657892,657968
202607271206,e2e_trace_v3,4727,17293833482614604867,0,prediction,out,6047423799424,1,/apollo/prediction,0,857,1785125227718961951,2,72068507549828214,2,657892,657968
202607271206,e2e_trace_v3,4728,17293833482614604868,0,prediction,in,6047516985472,1,/apollo/perception/obstacles,1143,0,1785125227819088034,0,72068507549828215,2,657892,657964
202607271206,e2e_trace_v3,4739,17293833482614604868,0,prediction,out,6047522706752,1,/apollo/prediction,0,858,1785125227819088034,1,72068507549828215,2,657892,657964
202607271206,e2e_trace_v3,4740,17293833482614604869,0,prediction,in,6047615507680,1,/apollo/perception/obstacles,1144,0,1785125227918871294,0,72068507549828216,2,657892,657972
202607271206,e2e_trace_v3,4751,17293833482614604869,0,prediction,out,6047618474208,1,/apollo/prediction,0,859,1785125227918871294,1,72068507549828216,2,657892,657972
202607271206,e2e_trace_v3,4752,17293833482614604870,0,prediction,in,6047720542528,1,/apollo/perception/obstacles,1145,0,1785125228019357691,0,72068507549828217,2,657892,657971
202607271206,e2e_trace_v3,4763,17293833482614604870,0,prediction,out,6047724032960,1,/apollo/prediction,0,860,1785125228019357691,1,72068507549828217,2,657892,657971
202607271206,e2e_trace_v3,4764,17293833482614604871,0,prediction,in,6047819577056,1,/apollo/perception/obstacles,1146,0,1785125228119133974,0,72068507549828218,2,657892,657967
202607271206,e2e_trace_v3,4775,17293833482614604871,0,prediction,out,6047822458720,1,/apollo/prediction,0,861,1785125228119133974,1,72068507549828218,2,657892,657967
202607271206,e2e_trace_v3,4776,17293833482614604872,0,prediction,in,6047928619552,1,/apollo/perception/obstacles,1147,0,1785125228219705581,0,72068507549828219,2,657892,657965
202607271206,e2e_trace_v3,4787,17293833482614604872,0,prediction,out,6047932492384,1,/apollo/prediction,0,862,1785125228219705581,1,72068507549828219,2,657892,657965
202607271206,e2e_trace_v3,4788,17293833482614604873,0,prediction,in,6048026949440,1,/apollo/perception/obstacles,1148,0,1785125228319038416,0,72068507549828220,2,657892,657972
202607271206,e2e_trace_v3,4799,17293833482614604873,0,prediction,out,6048030753312,1,/apollo/prediction,0,863,1785125228319038416,1,72068507549828220,2,657892,657972
202607271206,e2e_trace_v3,4800,17293833482614604874,0,prediction,in,6048125087840,1,/apollo/perception/obstacles,1149,0,1785125228419653270,0,72068507549828221,2,657892,657966
202607271206,e2e_trace_v3,4811,17293833482614604874,0,prediction,out,6048135544288,1,/apollo/prediction,0,864,1785125228419653270,1,72068507549828221,2,657892,657966
202607271206,e2e_trace_v3,4812,17293833482614604875,0,prediction,in,6048224461952,1,/apollo/perception/obstacles,1150,0,1785125228519715322,0,72068507549828222,2,657892,657967
202607271206,e2e_trace_v3,4823,17293833482614604875,0,prediction,out,6048228508992,1,/apollo/prediction,0,865,1785125228519715322,1,72068507549828222,2,657892,657967
202607271206,e2e_trace_v3,4824,17293833482614604876,0,prediction,in,6048322241216,1,/apollo/perception/obstacles,1151,0,1785125228619305411,0,72068507549828223,2,657892,657973
202607271206,e2e_trace_v3,4835,17293833482614604876,0,prediction,out,6048325582048,1,/apollo/prediction,0,866,1785125228619305411,1,72068507549828223,2,657892,657973
202607271206,e2e_trace_v3,4836,17293833482614604877,0,prediction,in,6048422344448,1,/apollo/perception/obstacles,1152,0,1785125228719453307,0,72068507549828224,2,657892,657971
202607271206,e2e_trace_v3,4847,17293833482614604877,0,prediction,out,6048426702848,1,/apollo/prediction,0,867,1785125228719453307,1,72068507549828224,2,657892,657971
202607271206,e2e_trace_v3,4848,17293833482614604878,0,prediction,in,6048516858528,1,/apollo/perception/obstacles,1153,0,1785125228819051878,0,72068507549828225,2,657892,657963
202607271206,e2e_trace_v3,4859,17293833482614604878,0,prediction,out,6048526685824,1,/apollo/prediction,0,868,1785125228819051878,1,72068507549828225,2,657892,657963
202607271206,e2e_trace_v3,4860,17293833482614604879,0,prediction,in,6048614239456,1,/apollo/perception/obstacles,1154,0,1785125228920901779,0,72068507549828226,2,657892,657978
202607271206,e2e_trace_v3,4871,17293833482614604879,0,prediction,out,6048617084896,1,/apollo/prediction,0,869,1785125228920901779,1,72068507549828226,2,657892,657978
202607271206,e2e_trace_v3,4872,17293833482614604880,0,prediction,in,6048712623168,1,/apollo/perception/obstacles,1155,0,1785125229018767949,0,72068507549828227,2,657892,657970
202607271206,e2e_trace_v3,4883,17293833482614604880,0,prediction,out,6048715576800,1,/apollo/prediction,0,870,1785125229018767949,1,72068507549828227,2,657892,657970
202607271206,e2e_trace_v3,4884,17293833482614604881,0,prediction,in,6048812521376,1,/apollo/perception/obstacles,1156,0,1785125229119939637,0,72068507549828228,2,657892,657976
202607271206,e2e_trace_v3,4895,17293833482614604881,0,prediction,out,6048819071936,1,/apollo/prediction,0,871,1785125229119939637,1,72068507549828228,2,657892,657976
202607271206,e2e_trace_v3,4896,17293833482614604882,0,prediction,in,6048925340288,1,/apollo/perception/obstacles,1157,0,1785125229219528372,0,72068507549828229,2,657892,657971
202607271206,e2e_trace_v3,4907,17293833482614604882,0,prediction,out,6048928698592,1,/apollo/prediction,0,872,1785125229219528372,2,72068507549828229,2,657892,657971
202607271206,e2e_trace_v3,4908,17293833482614604883,0,prediction,in,6049030389152,1,/apollo/perception/obstacles,1158,0,1785125229318911707,0,72068507549828230,2,657892,657970
202607271206,e2e_trace_v3,4919,17293833482614604883,0,prediction,out,6049033572448,1,/apollo/prediction,0,873,1785125229318911707,1,72068507549828230,2,657892,657970
202607271206,e2e_trace_v3,4920,17293833482614604884,0,prediction,in,6049123287744,1,/apollo/perception/obstacles,1159,0,1785125229419397715,0,72068507549828231,2,657892,657976
202607271206,e2e_trace_v3,4931,17293833482614604884,0,prediction,out,6049130950912,1,/apollo/prediction,0,874,1785125229419397715,1,72068507549828231,2,657892,657976
202607271206,e2e_trace_v3,4932,17293833482614604885,0,prediction,in,6049219502496,1,/apollo/perception/obstacles,1160,0,1785125229519553143,0,72068507549828232,2,657892,657974
202607271206,e2e_trace_v3,4943,17293833482614604885,0,prediction,out,6049222868000,1,/apollo/prediction,0,875,1785125229519553143,1,72068507549828232,2,657892,657974
202607271206,e2e_trace_v3,4944,17293833482614604886,0,prediction,in,6049318131168,1,/apollo/perception/obstacles,1161,0,1785125229622244290,0,72068507549828233,2,657892,657972
202607271206,e2e_trace_v3,4955,17293833482614604886,0,prediction,out,6049321582624,1,/apollo/prediction,0,876,1785125229622244290,1,72068507549828233,2,657892,657972
202607271206,e2e_trace_v3,4956,17293833482614604887,0,prediction,in,6049412801472,1,/apollo/perception/obstacles,1162,0,1785125229718972154,0,72068507549828234,2,657892,657968
202607271206,e2e_trace_v3,4967,17293833482614604887,0,prediction,out,6049416471328,1,/apollo/prediction,0,877,1785125229718972154,1,72068507549828234,2,657892,657968
202607271206,e2e_trace_v3,4968,17293833482614604888,0,prediction,in,6049510864320,1,/apollo/perception/obstacles,1163,0,1785125229819376317,0,72068507549828235,2,657892,657963
202607271206,e2e_trace_v3,4979,17293833482614604888,0,prediction,out,6049513927040,1,/apollo/prediction,0,878,1785125229819376317,1,72068507549828235,2,657892,657963
202607271206,e2e_trace_v3,4980,17293833482614604889,0,prediction,in,6049610316640,1,/apollo/perception/obstacles,1164,0,1785125229919529282,0,72068507549828236,2,657892,657964
202607271206,e2e_trace_v3,4991,17293833482614604889,0,prediction,out,6049613309248,1,/apollo/prediction,0,879,1785125229919529282,1,72068507549828236,2,657892,657964
202607271206,e2e_trace_v3,4992,17293833482614604890,0,prediction,in,6049703758080,1,/apollo/perception/obstacles,1165,0,1785125230019030524,0,72068507549828237,2,657892,657971
202607271206,e2e_trace_v3,5003,17293833482614604890,0,prediction,out,6049706577696,1,/apollo/prediction,0,880,1785125230019030524,0,72068507549828237,2,657892,657971
202607271206,e2e_trace_v3,5004,17293833482614604891,0,prediction,in,6049797833824,1,/apollo/perception/obstacles,1166,0,1785125230119731891,0,72068507549828238,2,657892,657964
202607271206,e2e_trace_v3,5015,17293833482614604891,0,prediction,out,6049800768992,1,/apollo/prediction,0,881,1785125230119731891,1,72068507549828238,2,657892,657964
202607271206,e2e_trace_v3,5016,17293833482614604892,0,prediction,in,6049892137184,1,/apollo/perception/obstacles,1167,0,1785125230219244657,0,72068507549828239,2,657892,657966
202607271206,e2e_trace_v3,5027,17293833482614604892,0,prediction,out,6049898434336,1,/apollo/prediction,0,882,1785125230219244657,1,72068507549828239,2,657892,657966
202607271206,e2e_trace_v3,5028,17293833482614604893,0,prediction,in,6049989767936,1,/apollo/perception/obstacles,1168,0,1785125230318924754,0,72068507549828240,2,657892,657975
202607271206,e2e_trace_v3,5039,17293833482614604893,0,prediction,out,6049993207904,1,/apollo/prediction,0,883,1785125230318924754,1,72068507549828240,2,657892,657975
202607271206,e2e_trace_v3,5040,17293833482614604894,0,prediction,in,6050081097056,1,/apollo/perception/obstacles,1169,0,1785125230419427250,0,72068507549828241,2,657892,657963
202607271206,e2e_trace_v3,5051,17293833482614604894,0,prediction,out,6050084059488,1,/apollo/prediction,0,884,1785125230419427250,0,72068507549828241,2,657892,657963
202607271206,e2e_trace_v3,5052,17293833482614604895,0,prediction,in,6050175987296,1,/apollo/perception/obstacles,1170,0,1785125230518754664,0,72068507549828242,2,657892,657966
202607271206,e2e_trace_v3,5063,17293833482614604895,0,prediction,out,6050179453408,1,/apollo/prediction,0,885,1785125230518754664,1,72068507549828242,2,657892,657966
202607271206,e2e_trace_v3,5064,17293833482614604896,0,prediction,in,6050268966816,1,/apollo/perception/obstacles,1171,0,1785125230619141697,0,72068507549828243,2,657892,657968
202607271206,e2e_trace_v3,5075,17293833482614604896,0,prediction,out,6050274600384,1,/apollo/prediction,0,886,1785125230619141697,0,72068507549828243,2,657892,657968
202607271206,e2e_trace_v3,5076,17293833482614604897,0,prediction,in,6050365144672,1,/apollo/perception/obstacles,1172,0,1785125230719241076,0,72068507549828244,2,657892,657963
202607271206,e2e_trace_v3,5087,17293833482614604897,0,prediction,out,6050368723488,1,/apollo/prediction,0,887,1785125230719241076,1,72068507549828244,2,657892,657963
202607271206,e2e_trace_v3,5088,17293833482614604898,0,prediction,in,6050457556736,1,/apollo/perception/obstacles,1173,0,1785125230818856326,0,72068507549828245,2,657892,657976
202607271206,e2e_trace_v3,5099,17293833482614604898,0,prediction,out,6050461103616,1,/apollo/prediction,0,888,1785125230818856326,0,72068507549828245,2,657892,657976
202607271206,e2e_trace_v3,5100,17293833482614604899,0,prediction,in,6050552740864,1,/apollo/perception/obstacles,1174,0,1785125230919705203,0,72068507549828246,2,657892,657974
202607271206,e2e_trace_v3,5111,17293833482614604899,0,prediction,out,6050562470464,1,/apollo/prediction,0,889,1785125230919705203,0,72068507549828246,2,657892,657974
202607271206,e2e_trace_v3,5112,17293833482614604900,0,prediction,in,6050650351520,1,/apollo/perception/obstacles,1175,0,1785125231020312402,0,72068507549828247,2,657892,657965
202607271206,e2e_trace_v3,5123,17293833482614604900,0,prediction,out,6050653408736,1,/apollo/prediction,0,890,1785125231020312402,1,72068507549828247,2,657892,657965
202607271206,e2e_trace_v3,5124,17293833482614604901,0,prediction,in,6050741871488,1,/apollo/perception/obstacles,1176,0,1785125231119255234,0,72068507549828248,2,657892,657978
202607271206,e2e_trace_v3,5135,17293833482614604901,0,prediction,out,6050744736320,1,/apollo/prediction,0,891,1785125231119255234,1,72068507549828248,2,657892,657978
202607271206,e2e_trace_v3,5136,17293833482614604902,0,prediction,in,6050836393824,1,/apollo/perception/obstacles,1177,0,1785125231219136220,0,72068507549828249,2,657892,657964
202607271206,e2e_trace_v3,5147,17293833482614604902,0,prediction,out,6050839272864,1,/apollo/prediction,0,892,1785125231219136220,1,72068507549828249,2,657892,657964
202607271206,e2e_trace_v3,5148,17293833482614604903,0,prediction,in,6050933793664,1,/apollo/perception/obstacles,1178,0,1785125231319687280,0,72068507549828250,2,657892,657969
202607271206,e2e_trace_v3,5159,17293833482614604903,0,prediction,out,6050938694752,1,/apollo/prediction,0,893,1785125231319687280,1,72068507549828250,2,657892,657969
202607271206,e2e_trace_v3,5160,17293833482614604904,0,prediction,in,6051029184352,1,/apollo/perception/obstacles,1179,0,1785125231419481696,0,72068507549828251,2,657892,657974
202607271206,e2e_trace_v3,5171,17293833482614604904,0,prediction,out,6051032912992,1,/apollo/prediction,0,894,1785125231419481696,1,72068507549828251,2,657892,657974
202607271206,e2e_trace_v3,5172,17293833482614604905,0,prediction,in,6051132639296,1,/apollo/perception/obstacles,1180,0,1785125231518639035,0,72068507549828252,1,657892,657969
202607271206,e2e_trace_v3,5183,17293833482614604905,0,prediction,out,6051143789568,1,/apollo/prediction,0,895,1785125231518639035,1,72068507549828252,1,657892,657969
202607271206,e2e_trace_v3,5184,17293833482614604906,0,prediction,in,6051245612064,1,/apollo/perception/obstacles,1181,0,1785125231618785821,0,72068507549828253,2,657892,657972
202607271206,e2e_trace_v3,5195,17293833482614604906,0,prediction,out,6051250411968,1,/apollo/prediction,0,896,1785125231618785821,1,72068507549828253,2,657892,657972
202607271206,e2e_trace_v3,5196,17293833482614604907,0,prediction,in,6051345227296,1,/apollo/perception/obstacles,1182,0,1785125231718781431,0,72068507549828254,2,657892,657974
202607271206,e2e_trace_v3,5207,17293833482614604907,0,prediction,out,6051349312992,1,/apollo/prediction,0,897,1785125231718781431,1,72068507549828254,2,657892,657974
202607271206,e2e_trace_v3,5208,17293833482614604908,0,prediction,in,6051444874048,1,/apollo/perception/obstacles,1183,0,1785125231819760065,0,72068507549828255,2,657892,657970
202607271206,e2e_trace_v3,5219,17293833482614604908,0,prediction,out,6051448679936,1,/apollo/prediction,0,898,1785125231819760065,1,72068507549828255,2,657892,657970
202607271206,e2e_trace_v3,5220,17293833482614604909,0,prediction,in,6051540652928,1,/apollo/perception/obstacles,1184,0,1785125231918845863,0,72068507549828256,2,657892,657971
202607271206,e2e_trace_v3,5231,17293833482614604909,0,prediction,out,6051546552896,1,/apollo/prediction,0,899,1785125231918845863,0,72068507549828256,2,657892,657971
202607271206,e2e_trace_v3,5232,17293833482614604910,0,prediction,in,6051634056704,1,/apollo/perception/obstacles,1185,0,1785125232018866517,0,72068507549828257,2,657892,657964
202607271206,e2e_trace_v3,5243,17293833482614604910,0,prediction,out,6051642175936,1,/apollo/prediction,0,900,1785125232018866517,0,72068507549828257,2,657892,657964
202607271206,e2e_trace_v3,5244,17293833482614604911,0,prediction,in,6051727738240,1,/apollo/perception/obstacles,1186,0,1785125232119625157,0,72068507549828258,2,657892,657970
202607271206,e2e_trace_v3,5255,17293833482614604911,0,prediction,out,6051730644768,1,/apollo/prediction,0,901,1785125232119625157,0,72068507549828258,2,657892,657970
202607271206,e2e_trace_v3,5256,17293833482614604912,0,prediction,in,6051831515008,1,/apollo/perception/obstacles,1187,0,1785125232218798933,0,72068507549828259,2,657892,657963
202607271206,e2e_trace_v3,5267,17293833482614604912,0,prediction,out,6051834430112,1,/apollo/prediction,0,902,1785125232218798933,0,72068507549828259,2,657892,657963
202607271206,e2e_trace_v3,5268,17293833482614604913,0,prediction,in,6051928058912,1,/apollo/perception/obstacles,1188,0,1785125232318875894,0,72068507549828260,2,657892,657976
202607271206,e2e_trace_v3,5279,17293833482614604913,0,prediction,out,6051934554976,1,/apollo/prediction,0,903,1785125232318875894,0,72068507549828260,2,657892,657976
202607271206,e2e_trace_v3,5280,17293833482614604914,0,prediction,in,6052032291872,1,/apollo/perception/obstacles,1189,0,1785125232418873746,0,72068507549828261,2,657892,657970
202607271206,e2e_trace_v3,5291,17293833482614604914,0,prediction,out,6052035073760,1,/apollo/prediction,0,904,1785125232418873746,0,72068507549828261,2,657892,657970
202607271206,e2e_trace_v3,5292,17293833482614604915,0,prediction,in,6052132281984,1,/apollo/perception/obstacles,1190,0,1785125232519018896,0,72068507549828262,2,657892,657965
202607271206,e2e_trace_v3,5303,17293833482614604915,0,prediction,out,6052146623776,1,/apollo/prediction,0,905,1785125232519018896,0,72068507549828262,2,657892,657965
202607271206,e2e_trace_v3,5304,17293833482614604916,0,prediction,in,6052244083328,1,/apollo/perception/obstacles,1191,0,1785125232618834438,0,72068507549828263,2,657892,657963
202607271206,e2e_trace_v3,5315,17293833482614604916,0,prediction,out,6052247639936,1,/apollo/prediction,0,906,1785125232618834438,0,72068507549828263,2,657892,657963
